{"type": "FeatureCollection", "features": [{"id": "(209, 284, 0)", "type": "Feature", "properties": {"_status": "changed", "osmid": 0, "highway": "residential", "maxspeed": "30", "name": "Zsilip utca", "oneway": true, "reversed": false, "length": 139.0458003967118, "from": "209", "to": "284", "_key": "0", "lanes": null, "width": null, "bridge": null, "tunnel": null, "ref": null, "access": null}, "geometry": {"type": "LineString", "coordinates": [[19.0639924, 47.531066100000025], [19.065658200000005, 47.53072719999999], [19.065765999999993, 47.530706100000025], [19.065921913077652, 47.53066973266851], [19.066077899999996, 47.530633300000034], [19.066240400000005, 47.530600300000025], [19.0663693, 47.53057370000007], [19.066729399999993, 47.530499400000025], [19.066859599999994, 47.53047250000005], [19.067524499999994, 47.53033540000006], [19.067593899999995, 47.530321000000015], [19.067707499999994, 47.53029760000001]]}}, {"id": "(209, 205, 0)", "type": "Feature", "properties": {"_status": "original", "osmid": 1, "highway": "residential", "maxspeed": "30", "name": "Visegr\u00e1di utca", "oneway": false, "reversed": true, "length": 133.03253181795026, "from": "209", "to": "205", "_key": "0", "lanes": null, "width": null, "bridge": null, "tunnel": null, "ref": null, "access": null}, "geometry": {"type": "LineString", "coordinates": [[19.0639924, 47.531066100000025], [19.063462799999993, 47.52992440000001]]}}, {"id": "(209, 214, 0)", "type": "Feature", "properties": {"_status": "original", "osmid": 2, "highway": "residential", "maxspeed": "30", "name": "Visegr\u00e1di utca", "oneway": false, "reversed": true, "length": 94.5662561116825, "from": "214", "to": "209", "_key": "0", "lanes": null, "width": null, "bridge": null, "tunnel": null, "ref": null, "access": null}, "geometry": {"type": "LineString", "coordinates": [[19.064350299999994, 47.53188150000002], [19.0639924, 47.531066100000025]]}}, {"id": "(284, 283, 0)", "type": "Feature", "properties": {"_status": "original", "osmid": 3, "highway": "residential", "maxspeed": "30", "name": "Angyalf\u00f6ldi \u00fat", "oneway": true, "reversed": false, "length": 5.839077434027788, "from": "284", "to": "283", "_key": "0", "lanes": null, "width": null, "bridge": null, "tunnel": null, "ref": null, "access": null}, "geometry": {"type": "LineString", "coordinates": [[19.067707499999994, 47.53029760000001], [19.06768419999999, 47.53024750000003]]}}, {"id": "(284, 287, 0)", "type": "Feature", "properties": {"_status": "original", "osmid": 4, "highway": "residential", "maxspeed": "30", "name": "Angyalf\u00f6ldi \u00fat", "oneway": true, "reversed": false, "length": 90.05018295726995, "from": "287", "to": "284", "_key": "0", "lanes": null, "width": null, "bridge": null, "tunnel": null, "ref": null, "access": null}, "geometry": {"type": "LineString", "coordinates": [[19.06804959999999, 47.531073800000044], [19.067740499999992, 47.530372400000026], [19.067707499999994, 47.53029760000001]]}}, {"id": "(205, 244, 0)", "type": "Feature", "properties": {"_status": "original", "osmid": 754, "highway": "residential", "maxspeed": "30", "name": "S\u00fcll\u0151 utca", "oneway": false, "reversed": true, "length": 152.80170504002078, "from": "205", "to": "244", "_key": "0", "lanes": "2", "width": null, "bridge": null, "tunnel": null, "ref": null, "access": null}, "geometry": {"type": "LineString", "coordinates": [[19.063462799999993, 47.52992440000001], [19.0650844, 47.52959690000006], [19.06514919999999, 47.52958380000007], [19.065412499999994, 47.529530300000026]]}}, {"id": "(205, 176, 0)", "type": "Feature", "properties": {"_status": "original", "osmid": 68, "highway": "residential", "maxspeed": "30", "name": "S\u00fcll\u0151 utca", "oneway": false, "reversed": true, "length": 101.99645293042656, "from": "176", "to": "205", "_key": "0", "lanes": null, "width": null, "bridge": null, "tunnel": null, "ref": null, "access": null}, "geometry": {"type": "LineString", "coordinates": [[19.062161099999997, 47.530186900000025], [19.062445699999994, 47.530129700000046], [19.062570200000003, 47.5301046], [19.063462799999993, 47.52992440000001]]}}, {"id": "(205, 200, 0)", "type": "Feature", "properties": {"_status": "original", "osmid": 559, "highway": "residential", "maxspeed": "30", "name": "Visegr\u00e1di utca", "oneway": true, "reversed": false, "length": 125.80292779171458, "from": "200", "to": "205", "_key": "0", "lanes": null, "width": null, "bridge": null, "tunnel": null, "ref": null, "access": null}, "geometry": {"type": "LineString", "coordinates": [[19.062982899999998, 47.52884139999998], [19.063013899999998, 47.52890220000004], [19.063252, 47.52936850000004], [19.063462799999993, 47.52992440000001]]}}, {"id": "(283, 282, 0)", "type": "Feature", "properties": {"_status": "original", "osmid": 923, "highway": "residential", "maxspeed": "30", "name": "Angyalf\u00f6ldi \u00fat", "oneway": true, "reversed": false, "length": 84.55887985023067, "from": "283", "to": "282", "_key": "0", "lanes": null, "width": null, "bridge": null, "tunnel": null, "ref": null, "access": null}, "geometry": {"type": "LineString", "coordinates": [[19.06768419999999, 47.53024750000003], [19.067354299999998, 47.52952039999998]]}}, {"id": "(283, 293, 0)", "type": "Feature", "properties": {"_status": "original", "osmid": 924, "highway": "living_street", "maxspeed": null, "name": null, "oneway": false, "reversed": true, "length": 38.241778096121486, "from": "293", "to": "283", "_key": "0", "lanes": null, "width": null, "bridge": null, "tunnel": null, "ref": null, "access": null}, "geometry": {"type": "LineString", "coordinates": [[19.0681689, 47.530141800000045], [19.06768419999999, 47.53024750000003]]}}, {"id": "(287, 319, 0)", "type": "Feature", "properties": {"_status": "original", "osmid": 888, "highway": "living_street", "maxspeed": null, "name": "D\u00e9ryn\u00e9 k\u00f6z", "oneway": false, "reversed": true, "length": 113.10645954958363, "from": "287", "to": "319", "_key": "0", "lanes": null, "width": null, "bridge": null, "tunnel": null, "ref": null, "access": null}, "geometry": {"type": "LineString", "coordinates": [[19.06804959999999, 47.531073800000044], [19.068158, 47.53100140000004], [19.068621400000005, 47.530697600000025], [19.069130699999988, 47.53036540000003]]}}, {"id": "(287, 290, 0)", "type": "Feature", "properties": {"_status": "original", "osmid": 891, "highway": "residential", "maxspeed": "30", "name": "Angyalf\u00f6ldi \u00fat", "oneway": false, "reversed": true, "length": 12.987120406602399, "from": "290", "to": "287", "_key": "0", "lanes": null, "width": null, "bridge": null, "tunnel": null, "ref": null, "access": null}, "geometry": {"type": "LineString", "coordinates": [[19.068113999999998, 47.53118220000001], [19.06804959999999, 47.531073800000044]]}}, {"id": "(330, 358, 0)", "type": "Feature", "properties": {"_status": "changed", "osmid": 5, "highway": "residential", "maxspeed": null, "name": "Kass\u00e1k Lajos utca", "oneway": true, "reversed": false, "length": 173.76018949409195, "from": "330", "to": "358", "_key": "0", "lanes": null, "width": null, "bridge": null, "tunnel": null, "ref": null, "access": null}, "geometry": {"type": "LineString", "coordinates": [[19.06930729999999, 47.52873110000003], [19.0698597, 47.529395300000054], [19.0699665, 47.52951180000001], [19.070481900000004, 47.52993130000004], [19.070499399999996, 47.529986400000055], [19.070490700000004, 47.530048600000015], [19.070614289430495, 47.530137968196016]]}}, {"id": "(330, 336, 0)", "type": "Feature", "properties": {"_status": "original", "osmid": 6, "highway": "residential", "maxspeed": "50", "name": "Kass\u00e1k Lajos utca", "oneway": false, "reversed": true, "length": 129.8885554078165, "from": "330", "to": "336", "_key": "0", "lanes": "2", "width": null, "bridge": null, "tunnel": null, "ref": null, "access": null}, "geometry": {"type": "LineString", "coordinates": [[19.06930729999999, 47.52873110000003], [19.069217000000002, 47.528568600000035], [19.069190299999995, 47.52849700000001], [19.06917769999999, 47.52840470000001], [19.069284300000003, 47.52774109999999], [19.069309899999993, 47.52758149999999]]}}, {"id": "(330, 326, 0)", "type": "Feature", "properties": {"_status": "original", "osmid": 7, "highway": "living_street", "maxspeed": null, "name": "Dunyov Istv\u00e1n utca", "oneway": false, "reversed": true, "length": 5.8510589489809295, "from": "326", "to": "330", "_key": "0", "lanes": null, "width": null, "bridge": null, "tunnel": null, "ref": null, "access": null}, "geometry": {"type": "LineString", "coordinates": [[19.069233599999997, 47.52874820000002], [19.06930729999999, 47.52873110000003]]}}, {"id": "(358, 381, 0)", "type": "Feature", "properties": {"_status": "new", "osmid": 8, "highway": null, "maxspeed": null, "name": null, "oneway": null, "reversed": null, "length": null, "from": "358", "to": "381", "_key": "0", "lanes": null, "width": null, "bridge": null, "tunnel": null, "ref": null, "access": null}, "geometry": {"type": "LineString", "coordinates": [[19.070614289430495, 47.530137968196016], [19.071826085565046, 47.529382407491276], [19.071882968642484, 47.529271806730875]]}}, {"id": "(358, 335, 0)", "type": "Feature", "properties": {"_status": "new", "osmid": 9, "highway": null, "maxspeed": null, "name": null, "oneway": null, "reversed": null, "length": null, "from": "358", "to": "335", "_key": "0", "lanes": null, "width": null, "bridge": null, "tunnel": null, "ref": null, "access": null}, "geometry": {"type": "LineString", "coordinates": [[19.070614289430495, 47.530137968196016], [19.069834233584483, 47.53062718388567]]}}, {"id": "(336, 346, 0)", "type": "Feature", "properties": {"_status": "original", "osmid": 847, "highway": "residential", "maxspeed": "50", "name": "Kass\u00e1k Lajos utca", "oneway": false, "reversed": true, "length": 134.44630613388046, "from": "336", "to": "346", "_key": "0", "lanes": "2", "width": null, "bridge": null, "tunnel": null, "ref": null, "access": null}, "geometry": {"type": "LineString", "coordinates": [[19.069309899999993, 47.52758149999999], [19.069453200000005, 47.5264879], [19.069463799999998, 47.52637690000004]]}}, {"id": "(336, 321, 0)", "type": "Feature", "properties": {"_status": "original", "osmid": 850, "highway": "residential", "maxspeed": "30", "name": "Ap\u00e1ly utca", "oneway": false, "reversed": false, "length": 44.20578267990476, "from": "321", "to": "336", "_key": "0", "lanes": null, "width": null, "bridge": null, "tunnel": null, "ref": null, "access": null}, "geometry": {"type": "LineString", "coordinates": [[19.06874639999999, 47.52769670000007], [19.06891029999999, 47.52766320000001], [19.06894829999999, 47.527655399999986], [19.069190299999995, 47.52760590000005], [19.069223899999997, 47.52759900000003], [19.069309899999993, 47.52758149999999]]}}, {"id": "(336, 343, 0)", "type": "Feature", "properties": {"_status": "original", "osmid": 851, "highway": "residential", "maxspeed": null, "name": "Gid\u00f3falvy Lajos utca", "oneway": false, "reversed": true, "length": 33.71332579056226, "from": "343", "to": "336", "_key": "0", "lanes": "2", "width": null, "bridge": null, "tunnel": null, "ref": null, "access": null}, "geometry": {"type": "LineString", "coordinates": [[19.0696502, 47.52777930000003], [19.0694188, 47.5276448], [19.069309899999993, 47.52758149999999]]}}, {"id": "(326, 320, 0)", "type": "Feature", "properties": {"_status": "original", "osmid": 855, "highway": "living_street", "maxspeed": null, "name": "Dunyov Istv\u00e1n utca", "oneway": false, "reversed": false, "length": 25.063986529976212, "from": "326", "to": "320", "_key": "0", "lanes": null, "width": null, "bridge": null, "tunnel": null, "ref": null, "access": null}, "geometry": {"type": "LineString", "coordinates": [[19.069233599999997, 47.52874820000002], [19.06891579999999, 47.528817200000056]]}}, {"id": "(326, 331, 0)", "type": "Feature", "properties": {"_status": "original", "osmid": 856, "highway": "pedestrian", "maxspeed": null, "name": null, "oneway": false, "reversed": false, "length": 191.39801127661127, "from": "331", "to": "326", "_key": "0", "lanes": null, "width": null, "bridge": null, "tunnel": null, "ref": null, "access": null}, "geometry": {"type": "LineString", "coordinates": [[19.069689199999996, 47.53035000000002], [19.06956299999999, 47.530250399999986], [19.069398699999994, 47.53013279999999], [19.069306100000006, 47.53006660000003], [19.069223299999997, 47.52996650000004], [19.069197099999993, 47.52991300000002], [19.069189800000004, 47.52989800000004], [19.0691887, 47.52989090000002], [19.0691812, 47.529838700000035], [19.06918509999999, 47.52975600000001], [19.069189599999998, 47.52966060000006], [19.06919269999999, 47.529594499999995], [19.069201199999988, 47.52941480000001], [19.069204800000005, 47.52933810000003], [19.0692076, 47.52927870000002], [19.0692107, 47.52921260000006], [19.069211399999997, 47.52919859999999], [19.069211299999996, 47.5291559], [19.069221300000002, 47.52897340000004], [19.069233599999997, 47.52874820000002]]}}, {"id": "(381, 407, 0)", "type": "Feature", "properties": {"_status": "changed", "osmid": 13, "highway": null, "maxspeed": null, "name": null, "oneway": null, "reversed": null, "length": null, "from": "381", "to": "407", "_key": "0", "lanes": null, "width": null, "bridge": null, "tunnel": null, "ref": null, "access": null}, "geometry": {"type": "LineString", "coordinates": [[19.071882968642484, 47.529271806730875], [19.07200400894173, 47.529278798333515], [19.072942567734433, 47.52871685435388]]}}, {"id": "(381, 370, 0)", "type": "Feature", "properties": {"_status": "changed", "osmid": 10, "highway": "residential", "maxspeed": null, "name": "Gid\u00f3falvy Lajos utca", "oneway": true, "reversed": false, "length": 91.50236271809841, "from": "370", "to": "381", "_key": "0", "lanes": "2", "width": null, "bridge": null, "tunnel": null, "ref": null, "access": null}, "geometry": {"type": "LineString", "coordinates": [[19.0709192, 47.52867140000005], [19.071701300000004, 47.5292212], [19.071763399999995, 47.52926490000003], [19.071882968642484, 47.529271806730875]]}}, {"id": "(335, 338, 0)", "type": "Feature", "properties": {"_status": "new", "osmid": 921, "highway": null, "maxspeed": null, "name": null, "oneway": null, "reversed": null, "length": null, "from": "335", "to": "338", "_key": "0", "lanes": null, "width": null, "bridge": null, "tunnel": null, "ref": null, "access": null}, "geometry": {"type": "LineString", "coordinates": [[19.069834233584483, 47.53062718388567], [19.069898399999992, 47.53074970000002]]}}, {"id": "(335, 294, 0)", "type": "Feature", "properties": {"_status": "new", "osmid": 472, "highway": null, "maxspeed": null, "name": null, "oneway": null, "reversed": null, "length": null, "from": "294", "to": "335", "_key": "0", "lanes": null, "width": null, "bridge": null, "tunnel": null, "ref": null, "access": null}, "geometry": {"type": "LineString", "coordinates": [[19.068410399999998, 47.531374500000055], [19.068590627443733, 47.53133420887597], [19.069606972335137, 47.530693586282], [19.069834233584483, 47.53062718388567]]}}, {"id": "(370, 359, 0)", "type": "Feature", "properties": {"_status": "original", "osmid": 11, "highway": "residential", "maxspeed": null, "name": "Gid\u00f3falvy Lajos utca", "oneway": false, "reversed": true, "length": 69.57739339978178, "from": "370", "to": "359", "_key": "0", "lanes": "2", "width": null, "bridge": null, "tunnel": null, "ref": null, "access": null}, "geometry": {"type": "LineString", "coordinates": [[19.0709192, 47.52867140000005], [19.070277300000004, 47.528220100000006]]}}, {"id": "(370, 397, 0)", "type": "Feature", "properties": {"_status": "original", "osmid": 12, "highway": "living_street", "maxspeed": null, "name": "Gid\u00f3falvy Lajos utca", "oneway": false, "reversed": true, "length": 150.71773632846953, "from": "397", "to": "370", "_key": "0", "lanes": null, "width": null, "bridge": null, "tunnel": null, "ref": null, "access": null}, "geometry": {"type": "LineString", "coordinates": [[19.072378200000003, 47.527740900000026], [19.071120900000004, 47.52852870000003], [19.0709192, 47.52867140000005]]}}, {"id": "(359, 343, 0)", "type": "Feature", "properties": {"_status": "original", "osmid": 853, "highway": "residential", "maxspeed": null, "name": "Gid\u00f3falvy Lajos utca", "oneway": false, "reversed": true, "length": 67.9658713727071, "from": "359", "to": "343", "_key": "0", "lanes": "2", "width": null, "bridge": null, "tunnel": null, "ref": null, "access": null}, "geometry": {"type": "LineString", "coordinates": [[19.070277300000004, 47.528220100000006], [19.0696502, 47.52777930000003]]}}, {"id": "(359, 380, 0)", "type": "Feature", "properties": {"_status": "original", "osmid": 859, "highway": "living_street", "maxspeed": null, "name": "Gid\u00f3falvy Lajos utca", "oneway": true, "reversed": false, "length": 129.8957137390248, "from": "359", "to": "380", "_key": "0", "lanes": null, "width": null, "bridge": null, "tunnel": null, "ref": null, "access": null}, "geometry": {"type": "LineString", "coordinates": [[19.070277300000004, 47.528220100000006], [19.070513099999996, 47.52806930000004], [19.071479000000007, 47.527452100000026], [19.071533799999997, 47.52741710000007]]}}, {"id": "(397, 409, 0)", "type": "Feature", "properties": {"_status": "original", "osmid": 931, "highway": "living_street", "maxspeed": null, "name": "Gid\u00f3falvy Lajos utca", "oneway": false, "reversed": false, "length": 38.25567509983014, "from": "397", "to": "409", "_key": "0", "lanes": null, "width": null, "bridge": null, "tunnel": null, "ref": null, "access": null}, "geometry": {"type": "LineString", "coordinates": [[19.072378200000003, 47.527740900000026], [19.072748799999996, 47.52750480000006]]}}, {"id": "(397, 380, 0)", "type": "Feature", "properties": {"_status": "original", "osmid": 932, "highway": "living_street", "maxspeed": null, "name": "Gid\u00f3falvy Lajos utca", "oneway": true, "reversed": false, "length": 72.91029665895479, "from": "397", "to": "380", "_key": "0", "lanes": null, "width": null, "bridge": null, "tunnel": null, "ref": null, "access": null}, "geometry": {"type": "LineString", "coordinates": [[19.072378200000003, 47.527740900000026], [19.071533799999997, 47.52741710000007]]}}, {"id": "(407, 442, 0)", "type": "Feature", "properties": {"_status": "new", "osmid": 14, "highway": null, "maxspeed": null, "name": null, "oneway": null, "reversed": null, "length": null, "from": "407", "to": "442", "_key": "0", "lanes": null, "width": null, "bridge": null, "tunnel": null, "ref": null, "access": null}, "geometry": {"type": "LineString", "coordinates": [[19.072942567734433, 47.52871685435388], [19.074245295055746, 47.527896970801955]]}}, {"id": "(407, 438, 0)", "type": "Feature", "properties": {"_status": "changed", "osmid": 15, "highway": "residential", "maxspeed": "30", "name": "Hajd\u00fa utca", "oneway": false, "reversed": true, "length": 146.94157554643218, "from": "438", "to": "407", "_key": "0", "lanes": null, "width": "9", "bridge": null, "tunnel": null, "ref": null, "access": null}, "geometry": {"type": "LineString", "coordinates": [[19.0743655, 47.5297376], [19.073076799999992, 47.528812600000045], [19.0730237, 47.52877560000005], [19.072942567734433, 47.52871685435388]]}}, {"id": "(442, 466, 0)", "type": "Feature", "properties": {"_status": "changed", "osmid": 177, "highway": "residential", "maxspeed": "30", "name": "\u00dcteg utca", "oneway": false, "reversed": false, "length": 148.1173070122894, "from": "466", "to": "442", "_key": "0", "lanes": null, "width": "5.5", "bridge": null, "tunnel": null, "ref": null, "access": null}, "geometry": {"type": "LineString", "coordinates": [[19.075676999999995, 47.5289284], [19.0749908, 47.5284252], [19.074927299999995, 47.52837889999999], [19.074327, 47.5279572], [19.074245295055746, 47.527896970801955]]}}, {"id": "(442, 452, 0)", "type": "Feature", "properties": {"_status": "new", "osmid": 180, "highway": null, "maxspeed": null, "name": null, "oneway": null, "reversed": null, "length": null, "from": "452", "to": "442", "_key": "0", "lanes": null, "width": null, "bridge": null, "tunnel": null, "ref": null, "access": null}, "geometry": {"type": "LineString", "coordinates": [[19.07465401479854, 47.52763782413967], [19.074245295055746, 47.527896970801955]]}}, {"id": "(438, 466, 0)", "type": "Feature", "properties": {"_status": "original", "osmid": 159, "highway": "residential", "maxspeed": null, "name": "Kart\u00e1cs utca", "oneway": true, "reversed": false, "length": 133.3872155265778, "from": "438", "to": "466", "_key": "0", "lanes": null, "width": null, "bridge": null, "tunnel": null, "ref": null, "access": null}, "geometry": {"type": "LineString", "coordinates": [[19.0743655, 47.5297376], [19.075676999999995, 47.5289284]]}}, {"id": "(438, 457, 0)", "type": "Feature", "properties": {"_status": "original", "osmid": 160, "highway": "residential", "maxspeed": "30", "name": "Hajd\u00fa utca", "oneway": false, "reversed": true, "length": 115.51468634926886, "from": "457", "to": "438", "_key": "0", "lanes": null, "width": "9", "bridge": null, "tunnel": null, "ref": null, "access": null}, "geometry": {"type": "LineString", "coordinates": [[19.075430099999995, 47.53048759999998], [19.0743655, 47.5297376]]}}, {"id": "(0, 3, 0)", "type": "Feature", "properties": {"_status": "changed", "osmid": 16, "highway": "tertiary", "maxspeed": "30", "name": "J\u00e1szai Mari t\u00e9r", "oneway": true, "reversed": false, "length": 90.07082267596638, "from": "0", "to": "3", "_key": "0", "lanes": "2", "width": null, "bridge": null, "tunnel": null, "ref": null, "access": null}, "geometry": {"type": "LineString", "coordinates": [[19.047768790011922, 47.51513677514142], [19.047356174284353, 47.51439536460555], [19.047340646268594, 47.514281554974325], [19.047400300000003, 47.514268100000024], [19.0483531, 47.51394199999999], [19.0484696, 47.513901300000036]]}}, {"id": "(0, 1, 0)", "type": "Feature", "properties": {"_status": "new", "osmid": 17, "highway": null, "maxspeed": null, "name": null, "oneway": null, "reversed": null, "length": null, "from": "0", "to": "1", "_key": "0", "lanes": null, "width": null, "bridge": null, "tunnel": null, "ref": null, "access": null}, "geometry": {"type": "LineString", "coordinates": [[19.047768790011922, 47.51513677514142], [19.048662130433982, 47.51656415441112]]}}, {"id": "(0, 5, 0)", "type": "Feature", "properties": {"_status": "changed", "osmid": 18, "highway": "residential", "maxspeed": "30", "name": "Katona J\u00f3zsef utca", "oneway": true, "reversed": false, "length": 99.581629271516, "from": "5", "to": "0", "_key": "0", "lanes": null, "width": null, "bridge": null, "tunnel": null, "ref": null, "access": null}, "geometry": {"type": "LineString", "coordinates": [[19.049034300000002, 47.51472069999998], [19.048905199999997, 47.51476270000001], [19.048431199999996, 47.51492040000002], [19.0479005, 47.515097300000036], [19.0478445, 47.51511600000003], [19.047768790011922, 47.51513677514142]]}}, {"id": "(3, 6, 0)", "type": "Feature", "properties": {"_status": "original", "osmid": 19, "highway": "tertiary", "maxspeed": "30", "name": "J\u00e1szai Mari t\u00e9r", "oneway": true, "reversed": false, "length": 92.04140471986871, "from": "3", "to": "6", "_key": "0", "lanes": "2", "width": null, "bridge": "yes", "tunnel": null, "ref": null, "access": null}, "geometry": {"type": "LineString", "coordinates": [[19.0484696, 47.513901300000036], [19.048135099999996, 47.51339779999999], [19.048076099999996, 47.5133488], [19.0480231, 47.513316700000004], [19.047970999999997, 47.51329840000001], [19.047942200000005, 47.513293600000004], [19.047869600000002, 47.51328590000002], [19.047788299999993, 47.51329250000002], [19.047916499999996, 47.513254000000046], [19.048085499999992, 47.51320870000002], [19.048109800000002, 47.513202200000016], [19.048195800000002, 47.51317870000001], [19.048959199999995, 47.51291900000004]]}}, {"id": "(3, 4, 0)", "type": "Feature", "properties": {"_status": "original", "osmid": 20, "highway": "pedestrian", "maxspeed": null, "name": "Pozsonyi \u00fat", "oneway": false, "reversed": true, "length": 35.5264649297142, "from": "4", "to": "3", "_key": "0", "lanes": null, "width": null, "bridge": null, "tunnel": null, "ref": null, "access": null}, "geometry": {"type": "LineString", "coordinates": [[19.048667799999997, 47.514191400000016], [19.0484696, 47.513901300000036]]}}, {"id": "(1, 9, 0)", "type": "Feature", "properties": {"_status": "changed", "osmid": 24, "highway": "residential", "maxspeed": "30", "name": "Radn\u00f3ti Mikl\u00f3s utca", "oneway": false, "reversed": true, "length": 106.0656015652673, "from": "1", "to": "9", "_key": "0", "lanes": ["3", "2"], "width": null, "bridge": null, "tunnel": null, "ref": null, "access": null}, "geometry": {"type": "LineString", "coordinates": [[19.048662130433982, 47.51656415441112], [19.048734799999988, 47.51654160000001], [19.048813899999992, 47.51651740000001], [19.048829399999992, 47.516512600000055], [19.049337600000005, 47.5163572], [19.0496107, 47.51627360000001], [19.049918799999993, 47.51617940000007], [19.050021300000004, 47.51614800000001]]}}, {"id": "(1, 2, 0)", "type": "Feature", "properties": {"_status": "new", "osmid": 25, "highway": null, "maxspeed": null, "name": null, "oneway": null, "reversed": null, "length": null, "from": "2", "to": "1", "_key": "0", "lanes": null, "width": null, "bridge": null, "tunnel": null, "ref": null, "access": null}, "geometry": {"type": "LineString", "coordinates": [[19.048955599999992, 47.51707140000007], [19.04891377576084, 47.516931679868385], [19.048662130433982, 47.51656415441112]]}}, {"id": "(5, 4, 0)", "type": "Feature", "properties": {"_status": "original", "osmid": 21, "highway": "residential", "maxspeed": "30", "name": "Pozsonyi \u00fat", "oneway": true, "reversed": false, "length": 64.97375055543414, "from": "5", "to": "4", "_key": "0", "lanes": null, "width": null, "bridge": null, "tunnel": null, "ref": null, "access": null}, "geometry": {"type": "LineString", "coordinates": [[19.049034300000002, 47.51472069999998], [19.048667799999997, 47.514191400000016]]}}, {"id": "(5, 12, 0)", "type": "Feature", "properties": {"_status": "original", "osmid": 22, "highway": "residential", "maxspeed": "30", "name": "Katona J\u00f3zsef utca", "oneway": true, "reversed": false, "length": 94.36562023947295, "from": "12", "to": "5", "_key": "0", "lanes": null, "width": null, "bridge": null, "tunnel": null, "ref": null, "access": null}, "geometry": {"type": "LineString", "coordinates": [[19.050161699999997, 47.514346000000025], [19.049034300000002, 47.51472069999998]]}}, {"id": "(5, 7, 0)", "type": "Feature", "properties": {"_status": "original", "osmid": 23, "highway": "residential", "maxspeed": "30", "name": "Pozsonyi \u00fat", "oneway": true, "reversed": false, "length": 86.49602578850876, "from": "7", "to": "5", "_key": "0", "lanes": null, "width": null, "bridge": null, "tunnel": null, "ref": null, "access": null}, "geometry": {"type": "LineString", "coordinates": [[19.049518799999998, 47.51542640000002], [19.049034300000002, 47.51472069999998]]}}, {"id": "(6, 10, 0)", "type": "Feature", "properties": {"_status": "changed", "osmid": 473, "highway": "pedestrian", "maxspeed": "10", "name": "Holl\u00e1n Ern\u0151 utca", "oneway": false, "reversed": false, "length": 14.027457036459616, "from": "6", "to": "10", "_key": "0", "lanes": null, "width": null, "bridge": null, "tunnel": null, "ref": null, "access": null}, "geometry": {"type": "LineString", "coordinates": [[19.048959199999995, 47.51291900000004], [19.0490048, 47.512967600000046], [19.0490255, 47.512988900000025], [19.049088199999996, 47.512997100000035], [19.049133199999996, 47.51298190000001], [19.049188899999997, 47.512963100000064], [19.049678499999995, 47.51362890000005], [19.049737599999997, 47.51370760000001], [19.049788699999997, 47.513780100000005], [19.0497715, 47.51382280000005]]}}, {"id": "(6, 13, 0)", "type": "Feature", "properties": {"_status": "original", "osmid": 474, "highway": "secondary", "maxspeed": "50", "name": "Szent Istv\u00e1n k\u00f6r\u00fat", "oneway": true, "reversed": false, "length": 76.97620252214053, "from": "13", "to": "6", "_key": "0", "lanes": "2", "width": null, "bridge": null, "tunnel": null, "ref": null, "access": null}, "geometry": {"type": "LineString", "coordinates": [[19.049860499999994, 47.512589400000024], [19.049255699999996, 47.51281100000007], [19.04905739999999, 47.51288310000001], [19.048959199999995, 47.51291900000004]]}}, {"id": "(4, 10, 0)", "type": "Feature", "properties": {"_status": "changed", "osmid": 476, "highway": "residential", "maxspeed": "30", "name": "Budai Nagy Antal utca", "oneway": true, "reversed": false, "length": 87.39473537189352, "from": "4", "to": "10", "_key": "0", "lanes": null, "width": null, "bridge": null, "tunnel": null, "ref": null, "access": null}, "geometry": {"type": "LineString", "coordinates": [[19.048667799999997, 47.514191400000016], [19.049240299999994, 47.51400020000001], [19.049411300000003, 47.51394310000003], [19.049710900000008, 47.51384300000003], [19.0497715, 47.51382280000005]]}}, {"id": "(12, 18, 0)", "type": "Feature", "properties": {"_status": "original", "osmid": 1036, "highway": "residential", "maxspeed": "30", "name": "Holl\u00e1n Ern\u0151 utca", "oneway": true, "reversed": false, "length": 88.60760286959201, "from": "12", "to": "18", "_key": "0", "lanes": "1", "width": null, "bridge": null, "tunnel": null, "ref": null, "access": null}, "geometry": {"type": "LineString", "coordinates": [[19.050161699999997, 47.514346000000025], [19.050692700000003, 47.51505759999999]]}}, {"id": "(12, 10, 0)", "type": "Feature", "properties": {"_status": "original", "osmid": 475, "highway": "residential", "maxspeed": "30", "name": "Holl\u00e1n Ern\u0151 utca", "oneway": true, "reversed": false, "length": 65.14114947860209, "from": "10", "to": "12", "_key": "0", "lanes": "1", "width": null, "bridge": null, "tunnel": null, "ref": null, "access": null}, "geometry": {"type": "LineString", "coordinates": [[19.0497715, 47.51382280000005], [19.050161699999997, 47.514346000000025]]}}, {"id": "(12, 24, 0)", "type": "Feature", "properties": {"_status": "original", "osmid": 1032, "highway": "residential", "maxspeed": "30", "name": "Katona J\u00f3zsef utca", "oneway": true, "reversed": false, "length": 64.61615314537472, "from": "24", "to": "12", "_key": "0", "lanes": null, "width": null, "bridge": null, "tunnel": null, "ref": null, "access": null}, "geometry": {"type": "LineString", "coordinates": [[19.05093370000001, 47.514089500000026], [19.050247999999993, 47.514318500000044], [19.050213199999998, 47.514330100000045], [19.050161699999997, 47.514346000000025]]}}, {"id": "(7, 18, 0)", "type": "Feature", "properties": {"_status": "original", "osmid": 1047, "highway": "residential", "maxspeed": "30", "name": "Raoul Wallenberg utca", "oneway": true, "reversed": false, "length": 97.23161322522837, "from": "7", "to": "18", "_key": "0", "lanes": "1", "width": null, "bridge": null, "tunnel": null, "ref": null, "access": null}, "geometry": {"type": "LineString", "coordinates": [[19.049518799999998, 47.51542640000002], [19.050692700000003, 47.51505759999999]]}}, {"id": "(7, 9, 0)", "type": "Feature", "properties": {"_status": "original", "osmid": 26, "highway": "residential", "maxspeed": "30", "name": "Pozsonyi \u00fat", "oneway": true, "reversed": false, "length": 88.67076949269793, "from": "9", "to": "7", "_key": "0", "lanes": null, "width": null, "bridge": null, "tunnel": null, "ref": null, "access": null}, "geometry": {"type": "LineString", "coordinates": [[19.050021300000004, 47.51614800000001], [19.049977500000004, 47.516082799999985], [19.0498848, 47.5159486], [19.049518799999998, 47.51542640000002]]}}, {"id": "(9, 22, 0)", "type": "Feature", "properties": {"_status": "original", "osmid": 27, "highway": "residential", "maxspeed": "30", "name": "Radn\u00f3ti Mikl\u00f3s utca", "oneway": true, "reversed": false, "length": 95.72477356502024, "from": "9", "to": "22", "_key": "0", "lanes": null, "width": null, "bridge": null, "tunnel": null, "ref": null, "access": null}, "geometry": {"type": "LineString", "coordinates": [[19.050021300000004, 47.51614800000001], [19.050146100000003, 47.516108599999995], [19.051062899999994, 47.51581870000004], [19.0511757, 47.51578300000004]]}}, {"id": "(9, 11, 0)", "type": "Feature", "properties": {"_status": "original", "osmid": 28, "highway": "residential", "maxspeed": "30", "name": "Pozsonyi \u00fat", "oneway": false, "reversed": true, "length": 63.145984187352624, "from": "11", "to": "9", "_key": "0", "lanes": "3", "width": null, "bridge": null, "tunnel": null, "ref": null, "access": null}, "geometry": {"type": "LineString", "coordinates": [[19.050383800000006, 47.51666040000002], [19.0500908, 47.516246300000034], [19.0500674, 47.51621320000002], [19.050021300000004, 47.51614800000001]]}}, {"id": "(2, 15, 0)", "type": "Feature", "properties": {"_status": "changed", "osmid": 29, "highway": "residential", "maxspeed": "30", "name": "\u00dajpesti rakpart", "oneway": false, "reversed": true, "length": 288.97486732804737, "from": "2", "to": "15", "_key": "0", "lanes": "2", "width": null, "bridge": null, "tunnel": null, "ref": null, "access": null}, "geometry": {"type": "LineString", "coordinates": [[19.048955599999992, 47.51707140000007], [19.0490318, 47.51718790000002], [19.050099599999996, 47.518581500000046], [19.05033149999999, 47.51887690000005], [19.05072180000001, 47.51938000000005], [19.0507125943919, 47.51951223343506], [19.051319546312374, 47.52034425348691], [19.051379841710023, 47.52047839714287]]}}, {"id": "(2, 8, 0)", "type": "Feature", "properties": {"_status": "original", "osmid": 30, "highway": "residential", "maxspeed": "30", "name": "Szent Istv\u00e1n park", "oneway": true, "reversed": false, "length": 131.71471292575282, "from": "8", "to": "2", "_key": "0", "lanes": null, "width": "5", "bridge": null, "tunnel": null, "ref": null, "access": null}, "geometry": {"type": "LineString", "coordinates": [[19.050104799999993, 47.51739480000004], [19.050058300000003, 47.51732750000002], [19.049757, 47.51689100000003], [19.0497188, 47.5168357], [19.0492213, 47.51700340000005], [19.049179799999997, 47.51701769999998], [19.048955599999992, 47.51707140000007]]}}, {"id": "(22, 34, 0)", "type": "Feature", "properties": {"_status": "original", "osmid": 1045, "highway": "residential", "maxspeed": "30", "name": "Radn\u00f3ti Mikl\u00f3s utca", "oneway": true, "reversed": false, "length": 66.32810690166086, "from": "22", "to": "34", "_key": "0", "lanes": null, "width": null, "bridge": null, "tunnel": null, "ref": null, "access": null}, "geometry": {"type": "LineString", "coordinates": [[19.0511757, 47.51578300000004], [19.051259799999997, 47.51575549999999], [19.051970799999996, 47.51552330000001]]}}, {"id": "(22, 28, 0)", "type": "Feature", "properties": {"_status": "original", "osmid": 1048, "highway": "residential", "maxspeed": "30", "name": "Holl\u00e1n Ern\u0151 utca", "oneway": true, "reversed": false, "length": 64.76900405600124, "from": "22", "to": "28", "_key": "0", "lanes": null, "width": null, "bridge": null, "tunnel": null, "ref": null, "access": null}, "geometry": {"type": "LineString", "coordinates": [[19.0511757, 47.51578300000004], [19.051221400000003, 47.515847300000054], [19.051534099999998, 47.516290900000044], [19.051546799999993, 47.51630880000001]]}}, {"id": "(22, 18, 0)", "type": "Feature", "properties": {"_status": "original", "osmid": 1046, "highway": "residential", "maxspeed": "30", "name": "Holl\u00e1n Ern\u0151 utca", "oneway": true, "reversed": false, "length": 88.45150743207135, "from": "18", "to": "22", "_key": "0", "lanes": "1", "width": null, "bridge": null, "tunnel": null, "ref": null, "access": null}, "geometry": {"type": "LineString", "coordinates": [[19.050692700000003, 47.51505759999999], [19.0510199, 47.51556230000002], [19.051147799999992, 47.5157434], [19.0511757, 47.51578300000004]]}}, {"id": "(11, 28, 0)", "type": "Feature", "properties": {"_status": "original", "osmid": 1050, "highway": "residential", "maxspeed": "30", "name": "Gergely Gy\u0151z\u0151 utca", "oneway": true, "reversed": false, "length": 95.69093411236435, "from": "11", "to": "28", "_key": "0", "lanes": null, "width": null, "bridge": null, "tunnel": null, "ref": null, "access": null}, "geometry": {"type": "LineString", "coordinates": [[19.050383800000006, 47.51666040000002], [19.050934699999992, 47.51649379999999], [19.051546799999993, 47.51630880000001]]}}, {"id": "(11, 14, 0)", "type": "Feature", "properties": {"_status": "original", "osmid": 1053, "highway": "residential", "maxspeed": "30", "name": "Pozsonyi \u00fat", "oneway": false, "reversed": true, "length": 64.72148772562582, "from": "14", "to": "11", "_key": "0", "lanes": null, "width": null, "bridge": null, "tunnel": null, "ref": null, "access": null}, "geometry": {"type": "LineString", "coordinates": [[19.050755300000006, 47.51718560000002], [19.050383800000006, 47.51666040000002]]}}, {"id": "(15, 25, 0)", "type": "Feature", "properties": {"_status": "changed", "osmid": 31, "highway": "residential", "maxspeed": "30", "name": "Szent Istv\u00e1n park", "oneway": true, "reversed": false, "length": 235.95463486414212, "from": "15", "to": "25", "_key": "0", "lanes": null, "width": null, "bridge": null, "tunnel": null, "ref": null, "access": null}, "geometry": {"type": "LineString", "coordinates": [[19.051379841710023, 47.52047839714287], [19.051497299999998, 47.52044], [19.051618599999994, 47.520400300000055], [19.051719899999995, 47.52036860000004], [19.051964699999996, 47.52029100000004], [19.0513831, 47.51927650000004], [19.051250499999995, 47.51904519999997], [19.051841499999995, 47.51886720000007]]}}, {"id": "(15, 16, 0)", "type": "Feature", "properties": {"_status": "new", "osmid": 32, "highway": null, "maxspeed": null, "name": null, "oneway": null, "reversed": null, "length": null, "from": "16", "to": "15", "_key": "0", "lanes": null, "width": null, "bridge": null, "tunnel": null, "ref": null, "access": null}, "geometry": {"type": "LineString", "coordinates": [[19.051643930286733, 47.520920251087865], [19.051379841710023, 47.52047839714287]]}}, {"id": "(8, 14, 0)", "type": "Feature", "properties": {"_status": "original", "osmid": 1051, "highway": "residential", "maxspeed": "30", "name": "Balzac utca", "oneway": false, "reversed": true, "length": 54.106729387649736, "from": "8", "to": "14", "_key": "0", "lanes": null, "width": null, "bridge": null, "tunnel": null, "ref": null, "access": null}, "geometry": {"type": "LineString", "coordinates": [[19.050104799999993, 47.51739480000004], [19.05061349999999, 47.51723120000002], [19.050755300000006, 47.51718560000002]]}}, {"id": "(8, 19, 0)", "type": "Feature", "properties": {"_status": "original", "osmid": 1052, "highway": "residential", "maxspeed": "30", "name": "Szent Istv\u00e1n park", "oneway": true, "reversed": false, "length": 130.97381078889987, "from": "19", "to": "8", "_key": "0", "lanes": null, "width": null, "bridge": null, "tunnel": null, "ref": null, "access": null}, "geometry": {"type": "LineString", "coordinates": [[19.051189900000004, 47.517790100000035], [19.050988499999995, 47.51785980000004], [19.0505306, 47.518011599999994], [19.0504014, 47.517824400000016], [19.050104799999993, 47.51739480000004]]}}, {"id": "(25, 26, 0)", "type": "Feature", "properties": {"_status": "original", "osmid": 33, "highway": "residential", "maxspeed": "30", "name": "Pozsonyi \u00fat", "oneway": false, "reversed": false, "length": 30.400239765711355, "from": "25", "to": "26", "_key": "0", "lanes": "2", "width": null, "bridge": null, "tunnel": null, "ref": null, "access": null}, "geometry": {"type": "LineString", "coordinates": [[19.051841499999995, 47.51886720000007], [19.0519199, 47.51901170000005], [19.051980799999992, 47.51912390000006]]}}, {"id": "(25, 23, 0)", "type": "Feature", "properties": {"_status": "original", "osmid": 34, "highway": "residential", "maxspeed": "30", "name": "Pozsonyi \u00fat", "oneway": false, "reversed": false, "length": 27.969545368672172, "from": "23", "to": "25", "_key": "0", "lanes": "2", "width": null, "bridge": null, "tunnel": null, "ref": null, "access": null}, "geometry": {"type": "LineString", "coordinates": [[19.051718399999995, 47.51862980000005], [19.051841499999995, 47.51886720000007]]}}, {"id": "(16, 32, 0)", "type": "Feature", "properties": {"_status": "changed", "osmid": 35, "highway": "residential", "maxspeed": "30", "name": "Ipoly utca", "oneway": false, "reversed": false, "length": 76.48658203826852, "from": "16", "to": "32", "_key": "0", "lanes": null, "width": null, "bridge": null, "tunnel": null, "ref": null, "access": null}, "geometry": {"type": "LineString", "coordinates": [[19.051643930286733, 47.520920251087865], [19.051799400000004, 47.52087110000004], [19.0518561, 47.520856800000054], [19.051934999999993, 47.52084000000005], [19.052761000000004, 47.52064440000003]]}}, {"id": "(16, 21, 0)", "type": "Feature", "properties": {"_status": "new", "osmid": 36, "highway": null, "maxspeed": null, "name": null, "oneway": null, "reversed": null, "length": null, "from": "21", "to": "16", "_key": "0", "lanes": null, "width": null, "bridge": null, "tunnel": null, "ref": null, "access": null}, "geometry": {"type": "LineString", "coordinates": [[19.052181259125334, 47.52171189211833], [19.051643930286733, 47.520920251087865]]}}, {"id": "(26, 32, 0)", "type": "Feature", "properties": {"_status": "original", "osmid": 38, "highway": "residential", "maxspeed": "30", "name": "Pozsonyi \u00fat", "oneway": false, "reversed": true, "length": 178.94435381539688, "from": "32", "to": "26", "_key": "0", "lanes": null, "width": null, "bridge": null, "tunnel": null, "ref": null, "access": null}, "geometry": {"type": "LineString", "coordinates": [[19.052761000000004, 47.52064440000003], [19.052119299999998, 47.51941280000001], [19.052032699999998, 47.519232100000046], [19.052001300000004, 47.51916659999999], [19.051980799999992, 47.51912390000006]]}}, {"id": "(26, 46, 0)", "type": "Feature", "properties": {"_status": "original", "osmid": 1024, "highway": "residential", "maxspeed": "30", "name": "Victor Hugo utca", "oneway": true, "reversed": false, "length": 102.44375765485333, "from": "46", "to": "26", "_key": "0", "lanes": ["1", "2"], "width": null, "bridge": null, "tunnel": null, "ref": null, "access": null}, "geometry": {"type": "LineString", "coordinates": [[19.05326489999999, 47.518813200000054], [19.053129000000006, 47.51884500000001], [19.052379900000002, 47.51902040000006], [19.052136399999988, 47.5190836], [19.051980799999992, 47.51912390000006]]}}, {"id": "(23, 20, 0)", "type": "Feature", "properties": {"_status": "original", "osmid": 1023, "highway": "residential", "maxspeed": "30", "name": "Pozsonyi \u00fat", "oneway": false, "reversed": true, "length": 76.96171836520907, "from": "23", "to": "20", "_key": "0", "lanes": "2", "width": null, "bridge": null, "tunnel": null, "ref": null, "access": null}, "geometry": {"type": "LineString", "coordinates": [[19.051718399999995, 47.51862980000005], [19.051575, 47.51836500000005], [19.05154569999999, 47.51831960000001], [19.051384300000002, 47.51806170000001], [19.0513378, 47.51798740000006]]}}, {"id": "(23, 41, 0)", "type": "Feature", "properties": {"_status": "original", "osmid": 1018, "highway": "residential", "maxspeed": "30", "name": "Szent Istv\u00e1n park", "oneway": true, "reversed": false, "length": 98.35917838630394, "from": "41", "to": "23", "_key": "0", "lanes": null, "width": null, "bridge": null, "tunnel": null, "ref": null, "access": null}, "geometry": {"type": "LineString", "coordinates": [[19.052910399999988, 47.51826320000005], [19.051718399999995, 47.51862980000005]]}}, {"id": "(32, 37, 0)", "type": "Feature", "properties": {"_status": "original", "osmid": 37, "highway": "residential", "maxspeed": "30", "name": "Pozsonyi \u00fat", "oneway": false, "reversed": false, "length": 95.72640237986712, "from": "32", "to": "37", "_key": "0", "lanes": null, "width": null, "bridge": null, "tunnel": null, "ref": null, "access": null}, "geometry": {"type": "LineString", "coordinates": [[19.052761000000004, 47.52064440000003], [19.053187399999995, 47.52145570000002]]}}, {"id": "(32, 53, 0)", "type": "Feature", "properties": {"_status": "original", "osmid": 39, "highway": "residential", "maxspeed": "30", "name": "Ipoly utca", "oneway": true, "reversed": false, "length": 101.4860069704744, "from": "32", "to": "53", "_key": "0", "lanes": null, "width": null, "bridge": null, "tunnel": null, "ref": null, "access": null}, "geometry": {"type": "LineString", "coordinates": [[19.052761000000004, 47.52064440000003], [19.052914500000004, 47.520608600000024], [19.053040999999993, 47.52057920000003], [19.05403829999999, 47.520346200000034]]}}, {"id": "(21, 37, 0)", "type": "Feature", "properties": {"_status": "changed", "osmid": 40, "highway": "residential", "maxspeed": "30", "name": "Gogol utca", "oneway": true, "reversed": false, "length": 67.99009641944903, "from": "21", "to": "37", "_key": "0", "lanes": null, "width": null, "bridge": null, "tunnel": null, "ref": null, "access": null}, "geometry": {"type": "LineString", "coordinates": [[19.052181259125334, 47.52171189211833], [19.0523344, 47.52166060000002], [19.052456499999998, 47.52162839999999], [19.053079799999995, 47.52148140000002], [19.053099099999997, 47.52147660000002], [19.053187399999995, 47.52145570000002]]}}, {"id": "(21, 43, 0)", "type": "Feature", "properties": {"_status": "new", "osmid": 41, "highway": null, "maxspeed": null, "name": null, "oneway": null, "reversed": null, "length": null, "from": "43", "to": "21", "_key": "0", "lanes": null, "width": null, "bridge": null, "tunnel": null, "ref": null, "access": null}, "geometry": {"type": "LineString", "coordinates": [[19.05386587555806, 47.523468733937364], [19.053213397479993, 47.523064822480926], [19.052950198094415, 47.522857362684356], [19.052181259125334, 47.52171189211833]]}}, {"id": "(37, 40, 0)", "type": "Feature", "properties": {"_status": "original", "osmid": 42, "highway": "residential", "maxspeed": "30", "name": "Pozsonyi \u00fat", "oneway": false, "reversed": false, "length": 89.90955075833175, "from": "37", "to": "40", "_key": "0", "lanes": null, "width": null, "bridge": null, "tunnel": null, "ref": null, "access": null}, "geometry": {"type": "LineString", "coordinates": [[19.053187399999995, 47.52145570000002], [19.053587900000004, 47.522217700000034]]}}, {"id": "(37, 56, 0)", "type": "Feature", "properties": {"_status": "original", "osmid": 43, "highway": "residential", "maxspeed": "30", "name": "Gogol utca", "oneway": true, "reversed": false, "length": 102.27367151107143, "from": "56", "to": "37", "_key": "0", "lanes": null, "width": null, "bridge": null, "tunnel": null, "ref": null, "access": null}, "geometry": {"type": "LineString", "coordinates": [[19.0544732, 47.52115240000003], [19.054317099999995, 47.52118910000004], [19.054164800000002, 47.52122510000003], [19.053759999999997, 47.521320599999996], [19.053460299999998, 47.52139130000004], [19.0533407, 47.52141950000005], [19.0532862, 47.52143239999997], [19.053187399999995, 47.52145570000002]]}}, {"id": "(53, 83, 0)", "type": "Feature", "properties": {"_status": "original", "osmid": 986, "highway": "residential", "maxspeed": "30", "name": "Ipoly utca", "oneway": true, "reversed": false, "length": 155.8161187673914, "from": "53", "to": "83", "_key": "0", "lanes": null, "width": null, "bridge": null, "tunnel": null, "ref": null, "access": null}, "geometry": {"type": "LineString", "coordinates": [[19.05403829999999, 47.520346200000034], [19.055857999999994, 47.51989869999999], [19.055988, 47.51986670000004]]}}, {"id": "(53, 48, 0)", "type": "Feature", "properties": {"_status": "original", "osmid": 1029, "highway": "residential", "maxspeed": "50", "name": "K\u00e1rp\u00e1t utca", "oneway": false, "reversed": true, "length": 88.19778244546409, "from": "53", "to": "48", "_key": "0", "lanes": "2", "width": null, "bridge": null, "tunnel": null, "ref": null, "access": null}, "geometry": {"type": "LineString", "coordinates": [[19.05403829999999, 47.520346200000034], [19.054002599999993, 47.52027250000003], [19.053803200000004, 47.51988560000005], [19.053710800000005, 47.519706200000044], [19.053654400000003, 47.51959660000003]]}}, {"id": "(53, 56, 0)", "type": "Feature", "properties": {"_status": "original", "osmid": 996, "highway": "residential", "maxspeed": "50", "name": "K\u00e1rp\u00e1t utca", "oneway": false, "reversed": true, "length": 95.4088839528854, "from": "56", "to": "53", "_key": "0", "lanes": "2", "width": null, "bridge": null, "tunnel": null, "ref": null, "access": null}, "geometry": {"type": "LineString", "coordinates": [[19.0544732, 47.52115240000003], [19.054146400000004, 47.52054790000001], [19.05403829999999, 47.520346200000034]]}}, {"id": "(43, 51, 0)", "type": "Feature", "properties": {"_status": "new", "osmid": 46, "highway": null, "maxspeed": null, "name": null, "oneway": null, "reversed": null, "length": null, "from": "43", "to": "51", "_key": "0", "lanes": null, "width": null, "bridge": null, "tunnel": null, "ref": null, "access": null}, "geometry": {"type": "LineString", "coordinates": [[19.05386587555806, 47.523468733937364], [19.0542432612037, 47.523656008353576], [19.05457360732763, 47.523776787220875]]}}, {"id": "(43, 40, 0)", "type": "Feature", "properties": {"_status": "changed", "osmid": 44, "highway": "residential", "maxspeed": "30", "name": "Pozsonyi \u00fat", "oneway": true, "reversed": false, "length": 93.66118154004148, "from": "40", "to": "43", "_key": "0", "lanes": null, "width": null, "bridge": null, "tunnel": null, "ref": null, "access": null}, "geometry": {"type": "LineString", "coordinates": [[19.053587900000004, 47.522217700000034], [19.053599499999994, 47.52223970000003], [19.054005099999994, 47.52301150000003], [19.05386587555806, 47.523468733937364]]}}, {"id": "(40, 62, 0)", "type": "Feature", "properties": {"_status": "original", "osmid": 45, "highway": "residential", "maxspeed": "30", "name": "Garam utca", "oneway": false, "reversed": true, "length": 100.91907975492506, "from": "62", "to": "40", "_key": "0", "lanes": null, "width": null, "bridge": null, "tunnel": null, "ref": null, "access": null}, "geometry": {"type": "LineString", "coordinates": [[19.054861000000002, 47.52192690000002], [19.054736399999996, 47.521955200000015], [19.054573499999996, 47.521992300000065], [19.054536499999998, 47.522000300000016], [19.054153100000004, 47.52208850000003], [19.053587900000004, 47.522217700000034]]}}, {"id": "(56, 86, 0)", "type": "Feature", "properties": {"_status": "original", "osmid": 990, "highway": "residential", "maxspeed": "30", "name": "Gogol utca", "oneway": false, "reversed": true, "length": 153.48936124072947, "from": "56", "to": "86", "_key": "0", "lanes": null, "width": null, "bridge": null, "tunnel": null, "ref": null, "access": null}, "geometry": {"type": "LineString", "coordinates": [[19.0544732, 47.52115240000003], [19.054601999999992, 47.5211217], [19.056292400000007, 47.52071720000001], [19.056327399999997, 47.52070880000001], [19.056399899999995, 47.520691500000034]]}}, {"id": "(56, 62, 0)", "type": "Feature", "properties": {"_status": "original", "osmid": 995, "highway": "residential", "maxspeed": "50", "name": "K\u00e1rp\u00e1t utca", "oneway": false, "reversed": false, "length": 90.91071800788542, "from": "56", "to": "62", "_key": "0", "lanes": "2", "width": null, "bridge": null, "tunnel": null, "ref": null, "access": null}, "geometry": {"type": "LineString", "coordinates": [[19.0544732, 47.52115240000003], [19.0548197, 47.52184440000005], [19.054861000000002, 47.52192690000002]]}}, {"id": "(62, 91, 0)", "type": "Feature", "properties": {"_status": "original", "osmid": 994, "highway": "residential", "maxspeed": null, "name": "Garam utca", "oneway": false, "reversed": false, "length": 154.1678247347261, "from": "62", "to": "91", "_key": "0", "lanes": null, "width": null, "bridge": null, "tunnel": null, "ref": null, "access": null}, "geometry": {"type": "LineString", "coordinates": [[19.054861000000002, 47.52192690000002], [19.05497189999999, 47.52190150000006], [19.0560174, 47.52166220000005], [19.056805399999995, 47.521481800000004]]}}, {"id": "(62, 64, 0)", "type": "Feature", "properties": {"_status": "original", "osmid": 1001, "highway": "residential", "maxspeed": "50", "name": "K\u00e1rp\u00e1t utca", "oneway": false, "reversed": true, "length": 96.40264493035318, "from": "64", "to": "62", "_key": "0", "lanes": "3", "width": null, "bridge": null, "tunnel": null, "ref": null, "access": null}, "geometry": {"type": "LineString", "coordinates": [[19.055289299999995, 47.5227442], [19.0550757, 47.522336599999996], [19.05498289999999, 47.52215950000001], [19.054861000000002, 47.52192690000002]]}}, {"id": "(51, 55, 0)", "type": "Feature", "properties": {"_status": "new", "osmid": 55, "highway": null, "maxspeed": null, "name": null, "oneway": null, "reversed": null, "length": null, "from": "51", "to": "55", "_key": "0", "lanes": null, "width": null, "bridge": null, "tunnel": null, "ref": null, "access": null}, "geometry": {"type": "LineString", "coordinates": [[19.05457360732763, 47.523776787220875], [19.055075275684892, 47.52466957276102]]}}, {"id": "(51, 64, 0)", "type": "Feature", "properties": {"_status": "new", "osmid": 1014, "highway": null, "maxspeed": null, "name": null, "oneway": null, "reversed": null, "length": null, "from": "64", "to": "51", "_key": "0", "lanes": null, "width": null, "bridge": null, "tunnel": null, "ref": null, "access": null}, "geometry": {"type": "LineString", "coordinates": [[19.055289299999995, 47.5227442], [19.05457360732763, 47.523776787220875]]}}, {"id": "(59, 61, 0)", "type": "Feature", "properties": {"_status": "changed", "osmid": 47, "highway": "tertiary", "maxspeed": "50", "name": "N\u00e9pf\u00fcrd\u0151 utca", "oneway": false, "reversed": false, "length": 58.26408274576749, "from": "59", "to": "61", "_key": "0", "lanes": "2", "width": null, "bridge": null, "tunnel": null, "ref": null, "access": null}, "geometry": {"type": "LineString", "coordinates": [[19.055454116052022, 47.52577443264145], [19.055748600000005, 47.52644750000005], [19.0558148, 47.526632800000016], [19.055831499999996, 47.526716900000025], [19.055819900000003, 47.52676780000001], [19.055800599999994, 47.52680380000006], [19.0557609, 47.52685770000001], [19.055674099999994, 47.526936900000024]]}}, {"id": "(59, 63, 0)", "type": "Feature", "properties": {"_status": "new", "osmid": 49, "highway": null, "maxspeed": null, "name": null, "oneway": null, "reversed": null, "length": null, "from": "59", "to": "63", "_key": "0", "lanes": null, "width": null, "bridge": null, "tunnel": null, "ref": null, "access": null}, "geometry": {"type": "LineString", "coordinates": [[19.055454116052022, 47.52577443264145], [19.055588296131994, 47.52555939956729]]}}, {"id": "(61, 66, 0)", "type": "Feature", "properties": {"_status": "original", "osmid": 48, "highway": "tertiary", "maxspeed": "50", "name": "N\u00e9pf\u00fcrd\u0151 utca", "oneway": false, "reversed": false, "length": 135.30465994080492, "from": "66", "to": "61", "_key": "0", "lanes": "2", "width": null, "bridge": null, "tunnel": null, "ref": null, "access": null}, "geometry": {"type": "LineString", "coordinates": [[19.0563083, 47.52805630000006], [19.0562766, 47.527991300000004], [19.056137900000003, 47.52763990000005], [19.055970100000003, 47.52721490000002], [19.055871099999994, 47.52708700000004], [19.055674099999994, 47.526936900000024]]}}, {"id": "(66, 90, 0)", "type": "Feature", "properties": {"_status": "original", "osmid": 785, "highway": "residential", "maxspeed": "50", "name": "R\u00e9v\u00e9sz utca", "oneway": true, "reversed": false, "length": 123.67112477983463, "from": "66", "to": "90", "_key": "0", "lanes": "1", "width": "2", "bridge": null, "tunnel": null, "ref": null, "access": null}, "geometry": {"type": "LineString", "coordinates": [[19.0563083, 47.52805630000006], [19.0564003, 47.528027200000004], [19.056588799999997, 47.527972000000005], [19.0577727, 47.52769330000004], [19.057851200000005, 47.52766910000004]]}}, {"id": "(66, 71, 0)", "type": "Feature", "properties": {"_status": "original", "osmid": 786, "highway": "tertiary", "maxspeed": "50", "name": "N\u00e9pf\u00fcrd\u0151 utca", "oneway": false, "reversed": true, "length": 90.23955668831037, "from": "71", "to": "66", "_key": "0", "lanes": "2", "width": null, "bridge": null, "tunnel": null, "ref": null, "access": null}, "geometry": {"type": "LineString", "coordinates": [[19.056880299999996, 47.5287438], [19.0567859, 47.52854550000002], [19.056637500000004, 47.528273700000014], [19.056498300000005, 47.528156300000035], [19.0563601, 47.528091100000054], [19.0563083, 47.52805630000006]]}}, {"id": "(63, 82, 0)", "type": "Feature", "properties": {"_status": "new", "osmid": 868, "highway": null, "maxspeed": null, "name": null, "oneway": null, "reversed": null, "length": null, "from": "63", "to": "82", "_key": "0", "lanes": null, "width": null, "bridge": null, "tunnel": null, "ref": null, "access": null}, "geometry": {"type": "LineString", "coordinates": [[19.055588296131994, 47.52555939956729], [19.056998299999997, 47.52602320000007]]}}, {"id": "(63, 55, 0)", "type": "Feature", "properties": {"_status": "new", "osmid": 54, "highway": null, "maxspeed": null, "name": null, "oneway": null, "reversed": null, "length": null, "from": "55", "to": "63", "_key": "0", "lanes": null, "width": null, "bridge": null, "tunnel": null, "ref": null, "access": null}, "geometry": {"type": "LineString", "coordinates": [[19.055075275684892, 47.52466957276102], [19.055588296131994, 47.52555939956729]]}}, {"id": "(107, 55, 0)", "type": "Feature", "properties": {"_status": "changed", "osmid": 50, "highway": "residential", "maxspeed": "30", "name": "V\u00e1g utca", "oneway": false, "reversed": false, "length": 152.67943924051056, "from": "107", "to": "55", "_key": "0", "lanes": null, "width": null, "bridge": null, "tunnel": null, "ref": null, "access": null}, "geometry": {"type": "LineString", "coordinates": [[19.058065900000006, 47.523938900000054], [19.057131600000005, 47.5241651], [19.056283199999996, 47.52438020000002], [19.056155899999997, 47.52440970000001], [19.055075275684892, 47.52466957276102]]}}, {"id": "(107, 136, 0)", "type": "Feature", "properties": {"_status": "original", "osmid": 51, "highway": "residential", "maxspeed": "30", "name": "V\u00e1g utca", "oneway": false, "reversed": true, "length": 92.5284844355139, "from": "107", "to": "136", "_key": "0", "lanes": null, "width": null, "bridge": null, "tunnel": null, "ref": null, "access": null}, "geometry": {"type": "LineString", "coordinates": [[19.058065900000006, 47.523938900000054], [19.059134700000005, 47.52369810000003], [19.059154100000004, 47.52369370000004], [19.059171999999997, 47.52368970000003], [19.0592348, 47.52367550000004]]}}, {"id": "(107, 100, 0)", "type": "Feature", "properties": {"_status": "original", "osmid": 52, "highway": "residential", "maxspeed": "30", "name": "Pann\u00f3nia utca", "oneway": true, "reversed": false, "length": 102.06161769510521, "from": "107", "to": "100", "_key": "0", "lanes": null, "width": null, "bridge": null, "tunnel": null, "ref": null, "access": null}, "geometry": {"type": "LineString", "coordinates": [[19.058065900000006, 47.523938900000054], [19.057665499999995, 47.52316490000005], [19.057617600000004, 47.52307240000002]]}}, {"id": "(107, 115, 0)", "type": "Feature", "properties": {"_status": "original", "osmid": 53, "highway": "residential", "maxspeed": "30", "name": "Pann\u00f3nia utca", "oneway": true, "reversed": false, "length": 99.26619673555872, "from": "115", "to": "107", "_key": "0", "lanes": null, "width": null, "bridge": null, "tunnel": null, "ref": null, "access": null}, "geometry": {"type": "LineString", "coordinates": [[19.0585205, 47.52477699999998], [19.058218199999992, 47.524196300000014], [19.058065900000006, 47.523938900000054]]}}, {"id": "(136, 144, 0)", "type": "Feature", "properties": {"_status": "original", "osmid": 875, "highway": "residential", "maxspeed": "30", "name": "Heged\u0171s Gyula utca", "oneway": true, "reversed": false, "length": 97.5267296741889, "from": "136", "to": "144", "_key": "0", "lanes": null, "width": null, "bridge": null, "tunnel": null, "ref": null, "access": null}, "geometry": {"type": "LineString", "coordinates": [[19.0592348, 47.52367550000004], [19.0592548, 47.52371620000001], [19.05938, 47.52397050000007], [19.059644500000005, 47.5245078]]}}, {"id": "(136, 169, 0)", "type": "Feature", "properties": {"_status": "original", "osmid": 1038, "highway": "residential", "maxspeed": "30", "name": "V\u00e1g utca", "oneway": false, "reversed": false, "length": 98.34489113507826, "from": "169", "to": "136", "_key": "0", "lanes": null, "width": null, "bridge": null, "tunnel": null, "ref": null, "access": null}, "geometry": {"type": "LineString", "coordinates": [[19.060477199999998, 47.523395600000015], [19.0601117, 47.52347790000003], [19.0593221, 47.52365580000006], [19.059292899999996, 47.52366240000001], [19.0592348, 47.52367550000004]]}}, {"id": "(136, 129, 0)", "type": "Feature", "properties": {"_status": "original", "osmid": 997, "highway": "residential", "maxspeed": "30", "name": "Heged\u0171s Gyula utca", "oneway": true, "reversed": false, "length": 103.57576569745403, "from": "129", "to": "136", "_key": "0", "lanes": null, "width": null, "bridge": null, "tunnel": null, "ref": null, "access": null}, "geometry": {"type": "LineString", "coordinates": [[19.058799600000008, 47.52279160000002], [19.0588222, 47.522836400000045], [19.0592348, 47.52367550000004]]}}, {"id": "(100, 95, 0)", "type": "Feature", "properties": {"_status": "original", "osmid": 1000, "highway": "residential", "maxspeed": "30", "name": "Pann\u00f3nia utca", "oneway": true, "reversed": false, "length": 92.70904514075295, "from": "100", "to": "95", "_key": "0", "lanes": null, "width": null, "bridge": null, "tunnel": null, "ref": null, "access": null}, "geometry": {"type": "LineString", "coordinates": [[19.057617600000004, 47.52307240000002], [19.057584800000004, 47.523008999999995], [19.057210399999995, 47.52228530000001]]}}, {"id": "(100, 129, 0)", "type": "Feature", "properties": {"_status": "original", "osmid": 998, "highway": "residential", "maxspeed": "30", "name": "Tutaj utca", "oneway": true, "reversed": false, "length": 94.08863384401295, "from": "129", "to": "100", "_key": "0", "lanes": null, "width": null, "bridge": null, "tunnel": null, "ref": null, "access": null}, "geometry": {"type": "LineString", "coordinates": [[19.058799600000008, 47.52279160000002], [19.058747999999998, 47.52280339999998], [19.057732499999993, 47.523044100000014], [19.057617600000004, 47.52307240000002]]}}, {"id": "(115, 144, 0)", "type": "Feature", "properties": {"_status": "original", "osmid": 874, "highway": "residential", "maxspeed": "30", "name": "Tisza utca", "oneway": false, "reversed": true, "length": 89.54899329916532, "from": "144", "to": "115", "_key": "0", "lanes": null, "width": null, "bridge": null, "tunnel": null, "ref": null, "access": null}, "geometry": {"type": "LineString", "coordinates": [[19.059644500000005, 47.5245078], [19.059582699999996, 47.52452260000005], [19.0585205, 47.52477699999998]]}}, {"id": "(115, 118, 0)", "type": "Feature", "properties": {"_status": "original", "osmid": 872, "highway": "residential", "maxspeed": "30", "name": "Pann\u00f3nia utca", "oneway": true, "reversed": false, "length": 95.43675024847761, "from": "118", "to": "115", "_key": "0", "lanes": null, "width": null, "bridge": null, "tunnel": null, "ref": null, "access": null}, "geometry": {"type": "LineString", "coordinates": [[19.058939700000003, 47.525586300000036], [19.0589076, 47.52548680000007], [19.058662900000005, 47.52502650000005], [19.0585205, 47.52477699999998]]}}, {"id": "(173, 193, 0)", "type": "Feature", "properties": {"_status": "changed", "osmid": 56, "highway": "residential", "maxspeed": "30", "name": "Dunavir\u00e1g utca", "oneway": false, "reversed": true, "length": 34.88462078443882, "from": "173", "to": "193", "_key": "0", "lanes": null, "width": null, "bridge": null, "tunnel": null, "ref": null, "access": null}, "geometry": {"type": "LineString", "coordinates": [[19.062674400000002, 47.53445420000008], [19.062814000000003, 47.53441690000002], [19.062976499999998, 47.53437339999999], [19.063110299999995, 47.5343462], [19.063644678560628, 47.53432441589816]]}}, {"id": "(173, 171, 0)", "type": "Feature", "properties": {"_status": "original", "osmid": 57, "highway": "living_street", "maxspeed": "20", "name": "P\u00e1rk\u00e1ny utca", "oneway": false, "reversed": false, "length": 91.37332631100212, "from": "173", "to": "171", "_key": "0", "lanes": null, "width": null, "bridge": null, "tunnel": null, "ref": null, "access": null}, "geometry": {"type": "LineString", "coordinates": [[19.062674400000002, 47.53445420000008], [19.062653399999995, 47.534404200000004], [19.062627899999995, 47.53434340000001], [19.062341999999997, 47.53366370000004]]}}, {"id": "(173, 163, 0)", "type": "Feature", "properties": {"_status": "original", "osmid": 58, "highway": "residential", "maxspeed": "30", "name": "Dunavir\u00e1g utca", "oneway": false, "reversed": false, "length": 41.302162065827794, "from": "163", "to": "173", "_key": "0", "lanes": null, "width": null, "bridge": null, "tunnel": null, "ref": null, "access": null}, "geometry": {"type": "LineString", "coordinates": [[19.062151600000004, 47.53456960000003], [19.062283199999992, 47.534544200000035], [19.062674400000002, 47.53445420000008]]}}, {"id": "(193, 219, 0)", "type": "Feature", "properties": {"_status": "changed", "osmid": 59, "highway": "residential", "maxspeed": "30", "name": "Esztergomi \u00fat", "oneway": false, "reversed": [false, true], "length": 342.7912646144672, "from": "193", "to": "219", "_key": "0", "lanes": "2", "width": null, "bridge": null, "tunnel": "yes", "ref": null, "access": null}, "geometry": {"type": "LineString", "coordinates": [[19.063644678560628, 47.53432441589816], [19.06376739999999, 47.53437589999999], [19.0637917, 47.53441200000005], [19.063994700000002, 47.53466859999999], [19.064066099999998, 47.534778899999985], [19.064133899999998, 47.534891500000064], [19.0641435, 47.53490760000004], [19.0642491, 47.53504470000001], [19.064776299999995, 47.53584710000002], [19.064929300000003, 47.5361546], [19.0651116, 47.5365517], [19.065164800000005, 47.53668920000005], [19.065259899999997, 47.5368278], [19.065440999999996, 47.537009200000014], [19.065550599999995, 47.53720240000007]]}}, {"id": "(193, 196, 0)", "type": "Feature", "properties": {"_status": "new", "osmid": 60, "highway": null, "maxspeed": null, "name": null, "oneway": null, "reversed": null, "length": null, "from": "196", "to": "193", "_key": "0", "lanes": null, "width": null, "bridge": null, "tunnel": null, "ref": null, "access": null}, "geometry": {"type": "LineString", "coordinates": [[19.06358388521191, 47.533404636820656], [19.06368711598494, 47.5337425665541], [19.063802616247482, 47.53391579177522], [19.063831325709465, 47.53403431430911], [19.063769163025526, 47.534183895714094], [19.063644678560628, 47.53432441589816]]}}, {"id": "(171, 196, 0)", "type": "Feature", "properties": {"_status": "changed", "osmid": 71, "highway": "living_street", "maxspeed": "20", "name": "Esztergomi \u00fat", "oneway": false, "reversed": true, "length": 94.01175905583682, "from": "171", "to": "196", "_key": "0", "lanes": null, "width": null, "bridge": null, "tunnel": null, "ref": null, "access": null}, "geometry": {"type": "LineString", "coordinates": [[19.062341999999997, 47.53366370000004], [19.0634334, 47.53343460000002], [19.063537699999998, 47.533412500000054], [19.06358388521191, 47.533404636820656]]}}, {"id": "(171, 168, 0)", "type": "Feature", "properties": {"_status": "original", "osmid": 72, "highway": "living_street", "maxspeed": "20", "name": "P\u00e1rk\u00e1ny utca", "oneway": false, "reversed": true, "length": 37.70996898046646, "from": "168", "to": "171", "_key": "0", "lanes": null, "width": null, "bridge": null, "tunnel": null, "ref": null, "access": null}, "geometry": {"type": "LineString", "coordinates": [[19.062198999999993, 47.53333860000004], [19.062321999999998, 47.53361819999999], [19.062341999999997, 47.53366370000004]]}}, {"id": "(163, 157, 0)", "type": "Feature", "properties": {"_status": "original", "osmid": 895, "highway": "residential", "maxspeed": "30", "name": "Dunavir\u00e1g utca", "oneway": false, "reversed": true, "length": 16.788336542251947, "from": "163", "to": "157", "_key": "0", "lanes": null, "width": null, "bridge": null, "tunnel": null, "ref": null, "access": null}, "geometry": {"type": "LineString", "coordinates": [[19.062151600000004, 47.53456960000003], [19.06193749999999, 47.53461320000002]]}}, {"id": "(163, 156, 0)", "type": "Feature", "properties": {"_status": "original", "osmid": 1061, "highway": "living_street", "maxspeed": "20", "name": "P\u00e1rk\u00e1ny utca", "oneway": true, "reversed": false, "length": 129.9629516580761, "from": "163", "to": "156", "_key": "0", "lanes": null, "width": null, "bridge": null, "tunnel": null, "ref": null, "access": null}, "geometry": {"type": "LineString", "coordinates": [[19.062151600000004, 47.53456960000003], [19.062002100000004, 47.53424830000001], [19.061671700000005, 47.53349680000005], [19.0616352, 47.53345550000003]]}}, {"id": "(219, 242, 0)", "type": "Feature", "properties": {"_status": "original", "osmid": 73, "highway": "residential", "maxspeed": "40", "name": "Dag\u00e1ly utca", "oneway": false, "reversed": false, "length": 81.8000900132279, "from": "242", "to": "219", "_key": "0", "lanes": "2", "width": null, "bridge": null, "tunnel": null, "ref": null, "access": null}, "geometry": {"type": "LineString", "coordinates": [[19.0665939, 47.53699010000002], [19.066522900000002, 47.53700450000004], [19.065550599999995, 47.53720240000007]]}}, {"id": "(219, 216, 0)", "type": "Feature", "properties": {"_status": "original", "osmid": 74, "highway": "residential", "maxspeed": "40", "name": "Dag\u00e1ly utca", "oneway": false, "reversed": true, "length": 13.41454729596652, "from": "216", "to": "219", "_key": "0", "lanes": "2", "width": null, "bridge": null, "tunnel": null, "ref": null, "access": null}, "geometry": {"type": "LineString", "coordinates": [[19.06537949999999, 47.537237200000064], [19.065550599999995, 47.53720240000007]]}}, {"id": "(196, 191, 0)", "type": "Feature", "properties": {"_status": "new", "osmid": 65, "highway": null, "maxspeed": null, "name": null, "oneway": null, "reversed": null, "length": null, "from": "191", "to": "196", "_key": "0", "lanes": null, "width": null, "bridge": null, "tunnel": null, "ref": null, "access": null}, "geometry": {"type": "LineString", "coordinates": [[19.063188749300238, 47.53250155641318], [19.06358388521191, 47.533404636820656]]}}, {"id": "(165, 191, 0)", "type": "Feature", "properties": {"_status": "changed", "osmid": 61, "highway": "living_street", "maxspeed": "20", "name": "P\u00e1rk\u00e1ny utca", "oneway": false, "reversed": true, "length": 92.92662082962894, "from": "165", "to": "191", "_key": "0", "lanes": null, "width": null, "bridge": null, "tunnel": null, "ref": null, "access": null}, "geometry": {"type": "LineString", "coordinates": [[19.061933399999997, 47.53274990000005], [19.062027299999997, 47.532730900000004], [19.063039799999995, 47.53252650000006], [19.063119300000004, 47.53251050000001], [19.063188749300238, 47.53250155641318]]}}, {"id": "(165, 168, 0)", "type": "Feature", "properties": {"_status": "original", "osmid": 62, "highway": "living_street", "maxspeed": "20", "name": "P\u00e1rk\u00e1ny utca", "oneway": false, "reversed": true, "length": 68.43013687431474, "from": "165", "to": "168", "_key": "0", "lanes": null, "width": null, "bridge": null, "tunnel": null, "ref": null, "access": null}, "geometry": {"type": "LineString", "coordinates": [[19.061933399999997, 47.53274990000005], [19.062198999999993, 47.53333860000004]]}}, {"id": "(165, 161, 0)", "type": "Feature", "properties": {"_status": "original", "osmid": 63, "highway": "living_street", "maxspeed": "20", "name": "P\u00e1rk\u00e1ny utca", "oneway": false, "reversed": true, "length": 66.30756014026642, "from": "161", "to": "165", "_key": "0", "lanes": null, "width": null, "bridge": null, "tunnel": null, "ref": null, "access": null}, "geometry": {"type": "LineString", "coordinates": [[19.06168729999999, 47.53217720000004], [19.0618934, 47.532656800000005], [19.061933399999997, 47.53274990000005]]}}, {"id": "(191, 189, 0)", "type": "Feature", "properties": {"_status": "new", "osmid": 64, "highway": null, "maxspeed": null, "name": null, "oneway": null, "reversed": null, "length": null, "from": "191", "to": "189", "_key": "0", "lanes": null, "width": null, "bridge": null, "tunnel": null, "ref": null, "access": null}, "geometry": {"type": "LineString", "coordinates": [[19.063188749300238, 47.53250155641318], [19.06312129821972, 47.53223988900849]]}}, {"id": "(168, 156, 0)", "type": "Feature", "properties": {"_status": "original", "osmid": 1064, "highway": "living_street", "maxspeed": "20", "name": null, "oneway": false, "reversed": false, "length": 44.27800860530684, "from": "156", "to": "168", "_key": "0", "lanes": null, "width": null, "bridge": null, "tunnel": null, "ref": null, "access": null}, "geometry": {"type": "LineString", "coordinates": [[19.0616352, 47.53345550000003], [19.062198999999993, 47.53333860000004]]}}, {"id": "(161, 155, 0)", "type": "Feature", "properties": {"_status": "original", "osmid": 469, "highway": "living_street", "maxspeed": "20", "name": "P\u00e1rk\u00e1ny utca", "oneway": false, "reversed": true, "length": 133.4204454355915, "from": "155", "to": "161", "_key": "0", "lanes": null, "width": null, "bridge": null, "tunnel": null, "ref": null, "access": null}, "geometry": {"type": "LineString", "coordinates": [[19.061175300000002, 47.53102820000002], [19.061311, 47.531332700000014], [19.06168729999999, 47.53217720000004]]}}, {"id": "(161, 149, 0)", "type": "Feature", "properties": {"_status": "original", "osmid": 1067, "highway": "living_street", "maxspeed": "20", "name": "Vizafog\u00f3 s\u00e9t\u00e1ny", "oneway": false, "reversed": false, "length": 44.23939107529818, "from": "149", "to": "161", "_key": "0", "lanes": null, "width": null, "bridge": null, "tunnel": null, "ref": null, "access": null}, "geometry": {"type": "LineString", "coordinates": [[19.061124599999996, 47.53229530000002], [19.06168729999999, 47.53217720000004]]}}, {"id": "(189, 252, 0)", "type": "Feature", "properties": {"_status": "changed", "osmid": 70, "highway": "residential", "maxspeed": "30", "name": "\u00c1rb\u00f3c utca", "oneway": false, "reversed": false, "length": 201.76531395152546, "from": "189", "to": "252", "_key": "0", "lanes": ["3", "4"], "width": null, "bridge": null, "tunnel": "yes", "ref": null, "access": null}, "geometry": {"type": "LineString", "coordinates": [[19.06312129821972, 47.53223988900849], [19.063404384681387, 47.53213591925484], [19.063564499999988, 47.53210800000006], [19.064070999999988, 47.53200420000002], [19.064378699999995, 47.531946500000025], [19.064798299999993, 47.53186770000006], [19.065812, 47.531673000000055], [19.0658517, 47.53166490000004], [19.065960199999996, 47.53164280000004], [19.066055600000002, 47.5316234], [19.066146899999993, 47.53160590000006]]}}, {"id": "(189, 176, 0)", "type": "Feature", "properties": {"_status": "changed", "osmid": 66, "highway": "residential", "maxspeed": "30", "name": "Esztergomi \u00fat", "oneway": false, "reversed": true, "length": 233.1271295931045, "from": "176", "to": "189", "_key": "0", "lanes": null, "width": null, "bridge": null, "tunnel": null, "ref": null, "access": null}, "geometry": {"type": "LineString", "coordinates": [[19.062161099999997, 47.530186900000025], [19.0623012, 47.530567700000056], [19.0626286, 47.53126949999999], [19.062929200000003, 47.531978599999995], [19.062977299999993, 47.532063600000036], [19.063079799999997, 47.532185100000035], [19.06312129821972, 47.53223988900849]]}}, {"id": "(176, 172, 0)", "type": "Feature", "properties": {"_status": "original", "osmid": 67, "highway": "residential", "maxspeed": "30", "name": "Esztergomi \u00fat", "oneway": false, "reversed": true, "length": 125.58200164952325, "from": "176", "to": "172", "_key": "0", "lanes": null, "width": null, "bridge": null, "tunnel": null, "ref": null, "access": null}, "geometry": {"type": "LineString", "coordinates": [[19.062161099999997, 47.530186900000025], [19.0620627, 47.5299195], [19.061707099999992, 47.52910010000002]]}}, {"id": "(176, 148, 0)", "type": "Feature", "properties": {"_status": "changed", "osmid": 69, "highway": "living_street", "maxspeed": "20", "name": null, "oneway": false, "reversed": false, "length": 17.223297178536633, "from": "148", "to": "176", "_key": "0", "lanes": null, "width": null, "bridge": null, "tunnel": null, "ref": null, "access": null}, "geometry": {"type": "LineString", "coordinates": [[19.06061568651785, 47.529483135686334], [19.061110825325866, 47.53057080878303], [19.0612385, 47.53054530000005], [19.06135269999999, 47.530526900000034], [19.0613888, 47.5305215], [19.06141730000001, 47.530517100000026], [19.061678540923573, 47.53036784378809], [19.06193639999999, 47.53021810000002], [19.062161099999997, 47.530186900000025]]}}, {"id": "(172, 200, 0)", "type": "Feature", "properties": {"_status": "original", "osmid": 468, "highway": "residential", "maxspeed": "30", "name": "V\u00e9s\u0151 utca", "oneway": false, "reversed": false, "length": 100.01430475892236, "from": "172", "to": "200", "_key": "0", "lanes": null, "width": null, "bridge": null, "tunnel": null, "ref": null, "access": null}, "geometry": {"type": "LineString", "coordinates": [[19.061707099999992, 47.52910010000002], [19.062982899999998, 47.52884139999998]]}}, {"id": "(172, 148, 0)", "type": "Feature", "properties": {"_status": "changed", "osmid": 467, "highway": "living_street", "maxspeed": "20", "name": "V\u00e9s\u0151 utca", "oneway": false, "reversed": false, "length": 14.46332352031587, "from": "148", "to": "172", "_key": "0", "lanes": null, "width": null, "bridge": null, "tunnel": null, "ref": null, "access": null}, "geometry": {"type": "LineString", "coordinates": [[19.06061568651785, 47.529483135686334], [19.060734699999998, 47.529458200000064], [19.0609573, 47.52941240000005], [19.061231654362963, 47.52926501508366], [19.061516800000003, 47.5291203], [19.061707099999992, 47.52910010000002]]}}, {"id": "(172, 167, 0)", "type": "Feature", "properties": {"_status": "original", "osmid": 466, "highway": "residential", "maxspeed": "30", "name": "Esztergomi \u00fat", "oneway": false, "reversed": false, "length": 126.70088616713744, "from": "167", "to": "172", "_key": "0", "lanes": null, "width": null, "bridge": null, "tunnel": null, "ref": null, "access": null}, "geometry": {"type": "LineString", "coordinates": [[19.061227699999986, 47.52800760000003], [19.061585000000004, 47.52882200000002], [19.061707099999992, 47.52910010000002]]}}, {"id": "(148, 146, 0)", "type": "Feature", "properties": {"_status": "new", "osmid": 464, "highway": null, "maxspeed": null, "name": null, "oneway": null, "reversed": null, "length": null, "from": "146", "to": "148", "_key": "0", "lanes": null, "width": null, "bridge": null, "tunnel": null, "ref": null, "access": null}, "geometry": {"type": "LineString", "coordinates": [[19.06052450744873, 47.52927521367486], [19.06061568651785, 47.529483135686334]]}}, {"id": "(252, 294, 0)", "type": "Feature", "properties": {"_status": "changed", "osmid": 75, "highway": "secondary", "maxspeed": "50", "name": "V\u00e1ci \u00fat", "oneway": true, "reversed": false, "length": 141.3043340161467, "from": "252", "to": "294", "_key": "0", "lanes": ["1", "2"], "width": null, "bridge": null, "tunnel": null, "ref": null, "access": null}, "geometry": {"type": "LineString", "coordinates": [[19.066146899999993, 47.53160590000006], [19.066171300000008, 47.531660100000046], [19.066219999999994, 47.53176800000005], [19.066286700000003, 47.53191590000003], [19.06634169999999, 47.53203620000003], [19.066389700000006, 47.53214439999999], [19.0664148, 47.53230070000004], [19.066414100000003, 47.53236980000005], [19.0663972, 47.53242450000001], [19.0663444, 47.53250370000005], [19.066124599999995, 47.53280830000003], [19.0663185, 47.5326824], [19.066512400000004, 47.53255650000001], [19.066669299999994, 47.532454699999995], [19.067175999999996, 47.53213080000004], [19.067414699999997, 47.53197540000006], [19.06776629999999, 47.53176780000006], [19.068258299999993, 47.531469500000014], [19.0682983, 47.5314455], [19.068410399999998, 47.531374500000055]]}}, {"id": "(252, 253, 0)", "type": "Feature", "properties": {"_status": "new", "osmid": 76, "highway": null, "maxspeed": null, "name": null, "oneway": null, "reversed": null, "length": null, "from": "252", "to": "253", "_key": "0", "lanes": null, "width": null, "bridge": null, "tunnel": null, "ref": null, "access": null}, "geometry": {"type": "LineString", "coordinates": [[19.066146899999993, 47.53160590000006], [19.06625567322629, 47.53164526683347], [19.06626069359443, 47.53145634633946]]}}, {"id": "(242, 278, 0)", "type": "Feature", "properties": {"_status": "changed", "osmid": 100, "highway": "residential", "maxspeed": "40", "name": "Dag\u00e1ly utca", "oneway": false, "reversed": true, "length": 132.00633909631273, "from": "242", "to": "278", "_key": "0", "lanes": "2", "width": null, "bridge": null, "tunnel": null, "ref": null, "access": null}, "geometry": {"type": "LineString", "coordinates": [[19.0665939, 47.53699010000002], [19.066670299999984, 47.5369742], [19.0669078, 47.53691980000007], [19.066931699999998, 47.53691429999999], [19.067317699999997, 47.536835400000044], [19.067499899999994, 47.53679820000001], [19.0678263, 47.53673120000002], [19.068273200000004, 47.536638200000034], [19.068471457273084, 47.53659856596527]]}}, {"id": "(242, 247, 0)", "type": "Feature", "properties": {"_status": "original", "osmid": 101, "highway": "residential", "maxspeed": "30", "name": "Karik\u00e1s Frigyes utca", "oneway": false, "reversed": true, "length": 172.7379039704565, "from": "247", "to": "242", "_key": "0", "lanes": null, "width": null, "bridge": null, "tunnel": null, "ref": null, "access": null}, "geometry": {"type": "LineString", "coordinates": [[19.067246900000004, 47.53847960000006], [19.067068400000007, 47.538056700000006], [19.066995699999996, 47.53788640000005], [19.066854199999995, 47.53755490000004], [19.06678279999999, 47.53740380000002], [19.066613099999998, 47.53703220000001], [19.0665939, 47.53699010000002]]}}, {"id": "(242, 226, 0)", "type": "Feature", "properties": {"_status": "original", "osmid": 102, "highway": "residential", "maxspeed": "30", "name": "Karik\u00e1s Frigyes utca", "oneway": true, "reversed": false, "length": 152.11373882728455, "from": "226", "to": "242", "_key": "0", "lanes": null, "width": "6", "bridge": null, "tunnel": null, "ref": null, "access": null}, "geometry": {"type": "LineString", "coordinates": [[19.0655668, 47.53514910000001], [19.065585299999995, 47.53521320000001], [19.06560139999999, 47.535263299999976], [19.065625900000008, 47.53532900000001], [19.0656386, 47.53539390000003], [19.065753199999993, 47.53544000000003], [19.0658528, 47.535481100000034], [19.065940400000002, 47.53557730000001], [19.066004999999997, 47.53568130000008], [19.066060600000004, 47.53581120000002], [19.066142299999992, 47.53600190000004], [19.0662119, 47.536156000000005], [19.066263799999998, 47.53627090000004], [19.066308100000008, 47.536367600000034], [19.066361000000004, 47.53648670000002], [19.066369299999998, 47.536504400000034], [19.066439199999998, 47.53666070000004], [19.066460900000006, 47.536708900000015], [19.066551200000006, 47.53690950000003], [19.066568699999998, 47.53694250000005], [19.0665939, 47.53699010000002]]}}, {"id": "(216, 188, 0)", "type": "Feature", "properties": {"_status": "original", "osmid": 712, "highway": "residential", "maxspeed": "40", "name": "Dag\u00e1ly utca", "oneway": false, "reversed": false, "length": 104.64209672402208, "from": "216", "to": "188", "_key": "0", "lanes": "2", "width": null, "bridge": null, "tunnel": null, "ref": null, "access": null}, "geometry": {"type": "LineString", "coordinates": [[19.06537949999999, 47.537237200000064], [19.06524189999999, 47.53726520000005], [19.0651063, 47.537292800000046], [19.064044599999995, 47.53750820000002]]}}, {"id": "(216, 220, 0)", "type": "Feature", "properties": {"_status": "original", "osmid": 716, "highway": "residential", "maxspeed": null, "name": "Esztergomi \u00fat", "oneway": false, "reversed": false, "length": 105.34285380490603, "from": "220", "to": "216", "_key": "0", "lanes": null, "width": null, "bridge": null, "tunnel": null, "ref": null, "access": null}, "geometry": {"type": "LineString", "coordinates": [[19.06578329999999, 47.538144500000065], [19.065405200000004, 47.53729400000006], [19.065394799999996, 47.53727099999999], [19.06537949999999, 47.537237200000064]]}}, {"id": "(294, 290, 0)", "type": "Feature", "properties": {"_status": "original", "osmid": 471, "highway": "residential", "maxspeed": "30", "name": "Angyalf\u00f6ldi \u00fat", "oneway": false, "reversed": true, "length": 30.861763404120154, "from": "294", "to": "290", "_key": "0", "lanes": null, "width": null, "bridge": null, "tunnel": null, "ref": null, "access": null}, "geometry": {"type": "LineString", "coordinates": [[19.068410399999998, 47.531374500000055], [19.0683236, 47.531318099999986], [19.068263600000005, 47.531278400000026], [19.068113999999998, 47.53118220000001]]}}, {"id": "(121, 237, 0)", "type": "Feature", "properties": {"_status": "changed", "osmid": 77, "highway": "tertiary", "maxspeed": "50", "name": ["N\u00e9pf\u00fcrd\u0151 utca", "Vizafog\u00f3 utca"], "oneway": false, "reversed": true, "length": 714.7497973742892, "from": "121", "to": "237", "_key": "0", "lanes": ["3", "2"], "width": null, "bridge": null, "tunnel": null, "ref": null, "access": null}, "geometry": {"type": "LineString", "coordinates": [[19.061277400000005, 47.53806970000004], [19.0613235, 47.538191800000014], [19.061697399999993, 47.53893970000005], [19.061807699999992, 47.53915780000003], [19.061956599999995, 47.53941940000004], [19.06198819999999, 47.53947600000004], [19.0620271, 47.53954579999999], [19.062127599999997, 47.539711600000004], [19.062386799999995, 47.54010590000002], [19.062651499999994, 47.54048180000006], [19.062686699999993, 47.54053230000004], [19.06329119999999, 47.541370200000046], [19.0634799, 47.541601500000034], [19.063525699999996, 47.541650000000025], [19.0635726, 47.54169390000003], [19.063612399999997, 47.54172200000006], [19.063705300000002, 47.54177110000003], [19.063794600000005, 47.54180510000001], [19.063898499999997, 47.54182970000003], [19.064014499999992, 47.54184870000004], [19.06413, 47.54185810000005], [19.0643605, 47.54187060000004], [19.065811799999995, 47.54196079999999], [19.0666181, 47.5420063], [19.066884899999998, 47.54202110000003], [19.0669554, 47.54202420000002], [19.067163799999996, 47.542030500000024], [19.06728725446958, 47.54204326262713]]}}, {"id": "(121, 188, 0)", "type": "Feature", "properties": {"_status": "original", "osmid": 78, "highway": "residential", "maxspeed": "40", "name": "Dag\u00e1ly utca", "oneway": false, "reversed": false, "length": 216.90922412270638, "from": "188", "to": "121", "_key": "0", "lanes": "2", "width": null, "bridge": null, "tunnel": null, "ref": null, "access": null}, "geometry": {"type": "LineString", "coordinates": [[19.064044599999995, 47.53750820000002], [19.063978599999995, 47.53752170000005], [19.06295, 47.53773070000004], [19.062236299999995, 47.53787570000003], [19.06138169999999, 47.538048099999976], [19.061277400000005, 47.53806970000004]]}}, {"id": "(121, 113, 0)", "type": "Feature", "properties": {"_status": "original", "osmid": 79, "highway": "tertiary", "maxspeed": "50", "name": "N\u00e9pf\u00fcrd\u0151 utca", "oneway": false, "reversed": false, "length": 174.40024665030185, "from": "113", "to": "121", "_key": "0", "lanes": ["4", "5"], "width": null, "bridge": null, "tunnel": null, "ref": null, "access": null}, "geometry": {"type": "LineString", "coordinates": [[19.060552899999994, 47.53657950000001], [19.060622100000003, 47.536721899999996], [19.060862799999995, 47.53721700000006], [19.06103779999999, 47.53757690000001], [19.061093299999992, 47.537690999999995], [19.061277400000005, 47.53806970000004]]}}, {"id": "(237, 231, 0)", "type": "Feature", "properties": {"_status": "changed", "osmid": 80, "highway": "residential", "maxspeed": "50", "name": "Esztergomi \u00fat", "oneway": false, "reversed": true, "length": 163.19399343787538, "from": "231", "to": "237", "_key": "0", "lanes": "2", "width": null, "bridge": null, "tunnel": null, "ref": null, "access": null}, "geometry": {"type": "LineString", "coordinates": [[19.0667288, 47.54037740000002], [19.067212699999995, 47.541556200000024], [19.067232700000005, 47.541606800000025], [19.067252000000007, 47.541658100000014], [19.067265799999998, 47.54171050000005], [19.067274299999994, 47.541796200000014], [19.06728725446958, 47.54204326262713]]}}, {"id": "(237, 245, 0)", "type": "Feature", "properties": {"_status": "new", "osmid": 81, "highway": null, "maxspeed": null, "name": null, "oneway": null, "reversed": null, "length": null, "from": "245", "to": "237", "_key": "0", "lanes": null, "width": null, "bridge": null, "tunnel": null, "ref": null, "access": null}, "geometry": {"type": "LineString", "coordinates": [[19.06769861004608, 47.54230447956041], [19.067402746954798, 47.54215954861323], [19.06728725446958, 47.54204326262713]]}}, {"id": "(188, 147, 0)", "type": "Feature", "properties": {"_status": "original", "osmid": 711, "highway": "residential", "maxspeed": "30", "name": "Jakab J\u00f3zsef utca", "oneway": false, "reversed": true, "length": 300.5562605574271, "from": "147", "to": "188", "_key": "0", "lanes": null, "width": null, "bridge": null, "tunnel": null, "ref": null, "access": null}, "geometry": {"type": "LineString", "coordinates": [[19.0620087, 47.537391799999995], [19.0618585, 47.53710320000003], [19.061841900000005, 47.537018800000006], [19.061876999999996, 47.536952300000046], [19.061932800000005, 47.53691640000006], [19.062040599999996, 47.53687410000002], [19.062771900000005, 47.536577400000034], [19.0629794, 47.53649130000004], [19.063073500000005, 47.53646580000002], [19.06313699999999, 47.536464600000045], [19.063196199999993, 47.53647220000002], [19.063251399999995, 47.53649759999999], [19.063568999999994, 47.53673090000006], [19.06363929999999, 47.53679300000003], [19.0637145, 47.53685600000006], [19.063773999999995, 47.536922400000016], [19.06382139999999, 47.53699990000003], [19.064044599999995, 47.53750820000002]]}}, {"id": "(188, 194, 0)", "type": "Feature", "properties": {"_status": "original", "osmid": 713, "highway": "living_street", "maxspeed": "20", "name": "Jakab J\u00f3zsef utca", "oneway": false, "reversed": false, "length": 103.05557074343325, "from": "194", "to": "188", "_key": "0", "lanes": null, "width": null, "bridge": null, "tunnel": null, "ref": null, "access": null}, "geometry": {"type": "LineString", "coordinates": [[19.064408399999998, 47.53840050000001], [19.0643933, 47.538365300000024], [19.064235, 47.53799610000006], [19.064230600000002, 47.53794180000002], [19.064044599999995, 47.53750820000002]]}}, {"id": "(113, 68, 0)", "type": "Feature", "properties": {"_status": "original", "osmid": 714, "highway": "residential", "maxspeed": null, "name": null, "oneway": false, "reversed": [false, true], "length": 196.1620869952138, "from": "68", "to": "113", "_key": "0", "lanes": null, "width": null, "bridge": null, "tunnel": null, "ref": null, "access": null}, "geometry": {"type": "LineString", "coordinates": [[19.058001200000003, 47.53691750000003], [19.05806359999999, 47.53690370000004], [19.05846589999999, 47.5368292], [19.058553699999997, 47.53681360000003], [19.058821700000003, 47.536781699999985], [19.059006399999998, 47.53675190000001], [19.0596444, 47.53672680000002], [19.060336399999997, 47.536589300000045], [19.060552899999994, 47.53657950000001]]}}, {"id": "(113, 103, 0)", "type": "Feature", "properties": {"_status": "original", "osmid": 715, "highway": "tertiary", "maxspeed": "50", "name": "N\u00e9pf\u00fcrd\u0151 utca", "oneway": false, "reversed": false, "length": 179.75095012425186, "from": "103", "to": "113", "_key": "0", "lanes": "5", "width": null, "bridge": null, "tunnel": null, "ref": null, "access": null}, "geometry": {"type": "LineString", "coordinates": [[19.059875499999997, 47.53502950000002], [19.059912999999998, 47.53512180000002], [19.0599333, 47.53517200000005], [19.060106099999995, 47.5355977], [19.0601308, 47.53565860000006], [19.060260100000004, 47.53597720000003], [19.060552899999994, 47.53657950000001]]}}, {"id": "(231, 198, 0)", "type": "Feature", "properties": {"_status": "original", "osmid": 82, "highway": "living_street", "maxspeed": "20", "name": "Jakab J\u00f3zsef utca", "oneway": false, "reversed": false, "length": 284.8597603392794, "from": "231", "to": "198", "_key": "0", "lanes": null, "width": null, "bridge": null, "tunnel": null, "ref": null, "access": null}, "geometry": {"type": "LineString", "coordinates": [[19.0667288, 47.54037740000002], [19.0655261, 47.54062270000005], [19.0654287, 47.540609800000006], [19.065373300000008, 47.540569500000004], [19.0652302, 47.54021780000004], [19.065025899999995, 47.53978000000004], [19.064701300000003, 47.53904400000005]]}}, {"id": "(231, 224, 0)", "type": "Feature", "properties": {"_status": "original", "osmid": 83, "highway": "residential", "maxspeed": "50", "name": "Esztergomi \u00fat", "oneway": false, "reversed": true, "length": 182.8359596334995, "from": "224", "to": "231", "_key": "0", "lanes": "2", "width": null, "bridge": null, "tunnel": null, "ref": null, "access": null}, "geometry": {"type": "LineString", "coordinates": [[19.06605699999999, 47.53879690000002], [19.0660788, 47.538848200000004], [19.066360500000002, 47.53951100000005], [19.0667288, 47.54037740000002]]}}, {"id": "(245, 297, 0)", "type": "Feature", "properties": {"_status": "new", "osmid": 135, "highway": null, "maxspeed": null, "name": null, "oneway": null, "reversed": null, "length": null, "from": "297", "to": "245", "_key": "0", "lanes": null, "width": null, "bridge": null, "tunnel": null, "ref": null, "access": null}, "geometry": {"type": "LineString", "coordinates": [[19.070425496537933, 47.54243843378622], [19.06769861004608, 47.54230447956041]]}}, {"id": "(245, 236, 0)", "type": "Feature", "properties": {"_status": "new", "osmid": 562, "highway": null, "maxspeed": null, "name": null, "oneway": null, "reversed": null, "length": null, "from": "236", "to": "245", "_key": "0", "lanes": null, "width": null, "bridge": null, "tunnel": null, "ref": null, "access": null}, "geometry": {"type": "LineString", "coordinates": [[19.067371299999994, 47.54256640000001], [19.06769861004608, 47.54230447956041]]}}, {"id": "(198, 247, 0)", "type": "Feature", "properties": {"_status": "changed", "osmid": 117, "highway": "residential", "maxspeed": null, "name": "Turbina utca", "oneway": false, "reversed": false, "length": 5.818628798583577, "from": "198", "to": "247", "_key": "0", "lanes": null, "width": null, "bridge": null, "tunnel": null, "ref": null, "access": null}, "geometry": {"type": "LineString", "coordinates": [[19.064701300000003, 47.53904400000005], [19.0647389, 47.53901750000006], [19.065878699999992, 47.538791000000025], [19.065979599999995, 47.538770800000016], [19.0660395, 47.53875880000002], [19.066094700000004, 47.53874780000004], [19.0671074, 47.53854530000003], [19.0671731, 47.53849560000005], [19.067246900000004, 47.53847960000006]]}}, {"id": "(198, 197, 0)", "type": "Feature", "properties": {"_status": "original", "osmid": 484, "highway": "living_street", "maxspeed": "20", "name": "Jakab J\u00f3zsef utca", "oneway": false, "reversed": false, "length": 8.026363751462107, "from": "198", "to": "197", "_key": "0", "lanes": null, "width": null, "bridge": null, "tunnel": null, "ref": null, "access": null}, "geometry": {"type": "LineString", "coordinates": [[19.064701300000003, 47.53904400000005], [19.06466989999999, 47.53897500000002]]}}, {"id": "(198, 138, 0)", "type": "Feature", "properties": {"_status": "original", "osmid": 485, "highway": "pedestrian", "maxspeed": null, "name": "Dag\u00e1lys\u00e9t\u00e1ny utca", "oneway": false, "reversed": true, "length": 204.78090742748557, "from": "138", "to": "198", "_key": "0", "lanes": null, "width": null, "bridge": null, "tunnel": null, "ref": null, "access": null}, "geometry": {"type": "LineString", "coordinates": [[19.062086699999995, 47.53953099999996], [19.062178900000003, 47.53954719999999], [19.063550999999993, 47.53928530000004], [19.0646066, 47.53907879999999], [19.064701300000003, 47.53904400000005]]}}, {"id": "(210, 249, 0)", "type": "Feature", "properties": {"_status": "changed", "osmid": 84, "highway": "secondary", "maxspeed": "50", "name": "Lehel utca", "oneway": false, "reversed": false, "length": 123.01499840792808, "from": "210", "to": "249", "_key": "0", "lanes": "4", "width": null, "bridge": null, "tunnel": null, "ref": null, "access": null}, "geometry": {"type": "LineString", "coordinates": [[19.061489352301983, 47.51674167112461], [19.061536099999994, 47.51676260000003], [19.061906400000005, 47.516928099999994], [19.062050999999993, 47.517002699999985], [19.063328099999993, 47.51769550000003], [19.063661778330758, 47.51792682980823]]}}, {"id": "(210, 181, 0)", "type": "Feature", "properties": {"_status": "changed", "osmid": 85, "highway": "secondary", "maxspeed": "50", "name": "V\u00e1ci \u00fat", "oneway": true, "reversed": false, "length": 33.2631653038343, "from": "210", "to": "181", "_key": "0", "lanes": "4", "width": null, "bridge": null, "tunnel": null, "ref": null, "access": null}, "geometry": {"type": "LineString", "coordinates": [[19.061489352301983, 47.51674167112461], [19.06129129999999, 47.51694370000003], [19.061246800000003, 47.516975899999984], [19.061094099999995, 47.51705690000002], [19.060972200000002, 47.51711090000002], [19.0608202, 47.51716820000004], [19.060707999999998, 47.5172039], [19.060580899999998, 47.51723870000001], [19.060410200000003, 47.51727750000003], [19.060343099999994, 47.51728749999998], [19.060251000000004, 47.517298000000004], [19.0601503, 47.51729880000004]]}}, {"id": "(210, 175, 0)", "type": "Feature", "properties": {"_status": "changed", "osmid": 86, "highway": "secondary", "maxspeed": "50", "name": "Lehel utca", "oneway": true, "reversed": false, "length": 37.95570240060067, "from": "175", "to": "210", "_key": "0", "lanes": "1", "width": null, "bridge": null, "tunnel": null, "ref": null, "access": null}, "geometry": {"type": "LineString", "coordinates": [[19.059592499999997, 47.5157544], [19.059693699999997, 47.51580520000002], [19.059991699999998, 47.51596370000002], [19.0601426, 47.51605160000003], [19.0607269, 47.51636860000005], [19.061233099999992, 47.516627200000016], [19.061464399999988, 47.51673050000006], [19.061489352301983, 47.51674167112461]]}}, {"id": "(249, 317, 0)", "type": "Feature", "properties": {"_status": "changed", "osmid": 87, "highway": "residential", "maxspeed": "30", "name": ["Szabolcs utca", "Bulcs\u00fa utca"], "oneway": true, "reversed": false, "length": 321.7802107855524, "from": "249", "to": "317", "_key": "0", "lanes": "1", "width": null, "bridge": null, "tunnel": null, "ref": null, "access": null}, "geometry": {"type": "LineString", "coordinates": [[19.063661778330758, 47.51792682980823], [19.06371319999999, 47.51788690000004], [19.063783700000002, 47.51784060000002], [19.0638499, 47.517798400000046], [19.0647446, 47.51711170000006], [19.064869499999997, 47.51701590000005], [19.0654588, 47.51656360000002], [19.06548969999999, 47.51655139999999], [19.065523199999994, 47.51654450000003], [19.065562199999995, 47.51654240000004], [19.065602999999996, 47.516546200000015], [19.065637099999996, 47.51655979999999], [19.065665999999997, 47.51657710000002], [19.0664432, 47.516986800000026], [19.066793799999996, 47.51717160000003]]}}, {"id": "(249, 280, 0)", "type": "Feature", "properties": {"_status": "new", "osmid": 88, "highway": null, "maxspeed": null, "name": null, "oneway": null, "reversed": null, "length": null, "from": "249", "to": "280", "_key": "0", "lanes": null, "width": null, "bridge": null, "tunnel": null, "ref": null, "access": null}, "geometry": {"type": "LineString", "coordinates": [[19.063661778330758, 47.51792682980823], [19.06539552032731, 47.518876726657545]]}}, {"id": "(249, 238, 0)", "type": "Feature", "properties": {"_status": "changed", "osmid": 89, "highway": "residential", "maxspeed": "50", "name": "Bulcs\u00fa utca", "oneway": false, "reversed": true, "length": 47.42835716773065, "from": "238", "to": "249", "_key": "0", "lanes": "3", "width": null, "bridge": null, "tunnel": null, "ref": null, "access": null}, "geometry": {"type": "LineString", "coordinates": [[19.063167100000005, 47.51827160000001], [19.0635023, 47.51803490000002], [19.0635342, 47.51801250000001], [19.063603699999994, 47.51796340000005], [19.063661778330758, 47.51792682980823]]}}, {"id": "(181, 183, 0)", "type": "Feature", "properties": {"_status": "changed", "osmid": 477, "highway": "secondary", "maxspeed": "50", "name": "V\u00e1ci \u00fat", "oneway": false, "reversed": true, "length": 41.83111663943936, "from": "181", "to": "183", "_key": "0", "lanes": "5", "width": null, "bridge": null, "tunnel": null, "ref": null, "access": null}, "geometry": {"type": "LineString", "coordinates": [[19.0601503, 47.51729880000004], [19.060192599999997, 47.517400500000036], [19.060210200000004, 47.51744530000001], [19.060295399999998, 47.51766200000002], [19.060317799999996, 47.51771910000003]]}}, {"id": "(181, 175, 0)", "type": "Feature", "properties": {"_status": "original", "osmid": 478, "highway": "secondary", "maxspeed": "50", "name": "V\u00e1ci \u00fat", "oneway": false, "reversed": true, "length": 176.81162800155238, "from": "181", "to": "175", "_key": "0", "lanes": ["6", "5"], "width": null, "bridge": null, "tunnel": null, "ref": null, "access": null}, "geometry": {"type": "LineString", "coordinates": [[19.0601503, 47.51729880000004], [19.060071599999993, 47.51710930000005], [19.059918899999996, 47.516718400000016], [19.059641100000004, 47.51592540000004], [19.059592499999997, 47.5157544]]}}, {"id": "(181, 160, 0)", "type": "Feature", "properties": {"_status": "original", "osmid": 479, "highway": "residential", "maxspeed": "30", "name": "Victor Hugo utca", "oneway": true, "reversed": false, "length": 92.62323431523319, "from": "181", "to": "160", "_key": "0", "lanes": "1", "width": "4.5", "bridge": null, "tunnel": null, "ref": null, "access": null}, "geometry": {"type": "LineString", "coordinates": [[19.0601503, 47.51729880000004], [19.06000949999999, 47.51728920000003], [19.0598815, 47.5172818], [19.0598168, 47.51728090000003], [19.059729699999995, 47.517288900000004], [19.058960899999988, 47.51746280000006]]}}, {"id": "(175, 166, 0)", "type": "Feature", "properties": {"_status": "original", "osmid": 482, "highway": "secondary", "maxspeed": "50", "name": "V\u00e1ci \u00fat", "oneway": false, "reversed": true, "length": 73.40058371956417, "from": "175", "to": "166", "_key": "0", "lanes": ["6", "7"], "width": null, "bridge": null, "tunnel": null, "ref": null, "access": null}, "geometry": {"type": "LineString", "coordinates": [[19.059592499999997, 47.5157544], [19.05956399999999, 47.51566640000007], [19.059537200000005, 47.515589400000025], [19.05952179999999, 47.515555800000044], [19.059503000000003, 47.51552030000003], [19.059265899999993, 47.51521030000002], [19.059193799999996, 47.51511600000003], [19.059011099999996, 47.514877100000014], [19.058877, 47.51470179999998], [19.0588174, 47.51462380000002]]}}, {"id": "(175, 140, 0)", "type": "Feature", "properties": {"_status": "original", "osmid": 483, "highway": "residential", "maxspeed": ["50", "30"], "name": "Csan\u00e1dy utca", "oneway": true, "reversed": false, "length": 128.62513485368234, "from": "140", "to": "175", "_key": "0", "lanes": ["3", "2"], "width": null, "bridge": null, "tunnel": null, "ref": null, "access": null}, "geometry": {"type": "LineString", "coordinates": [[19.058033, 47.51623020000001], [19.058710799999993, 47.516019599999986], [19.058917099999995, 47.51595549999997], [19.0593198, 47.51581900000004], [19.059592499999997, 47.5157544]]}}, {"id": "(317, 327, 0)", "type": "Feature", "properties": {"_status": "original", "osmid": 92, "highway": "residential", "maxspeed": "30", "name": "Szabolcs utca", "oneway": true, "reversed": false, "length": 42.413129137272044, "from": "317", "to": "327", "_key": "0", "lanes": "1", "width": null, "bridge": null, "tunnel": null, "ref": null, "access": null}, "geometry": {"type": "LineString", "coordinates": [[19.066793799999996, 47.51717160000003], [19.067238999999997, 47.51740630000003]]}}, {"id": "(317, 341, 0)", "type": "Feature", "properties": {"_status": "original", "osmid": 93, "highway": "residential", "maxspeed": null, "name": "Szabolcs k\u00f6z", "oneway": false, "reversed": true, "length": 90.07650777513784, "from": "341", "to": "317", "_key": "0", "lanes": null, "width": null, "bridge": null, "tunnel": null, "ref": null, "access": null}, "geometry": {"type": "LineString", "coordinates": [[19.067522, 47.516527900000014], [19.066793799999996, 47.51717160000003]]}}, {"id": "(280, 327, 0)", "type": "Feature", "properties": {"_status": "changed", "osmid": 110, "highway": "residential", "maxspeed": null, "name": "D\u00e9vai utca", "oneway": false, "reversed": false, "length": 207.9108347617642, "from": "280", "to": "327", "_key": "0", "lanes": null, "width": null, "bridge": null, "tunnel": null, "ref": null, "access": null}, "geometry": {"type": "LineString", "coordinates": [[19.06539552032731, 47.518876726657545], [19.065452599999997, 47.51883470000004], [19.065546900000005, 47.51875410000004], [19.067018299999994, 47.517583699999996], [19.067238999999997, 47.51740630000003]]}}, {"id": "(280, 302, 0)", "type": "Feature", "properties": {"_status": "new", "osmid": 111, "highway": null, "maxspeed": null, "name": null, "oneway": null, "reversed": null, "length": null, "from": "280", "to": "302", "_key": "0", "lanes": null, "width": null, "bridge": null, "tunnel": null, "ref": null, "access": null}, "geometry": {"type": "LineString", "coordinates": [[19.06539552032731, 47.518876726657545], [19.066638490139507, 47.519533543021936]]}}, {"id": "(280, 258, 0)", "type": "Feature", "properties": {"_status": "changed", "osmid": 107, "highway": "residential", "maxspeed": "30", "name": "D\u00e9vai utca", "oneway": true, "reversed": false, "length": 90.63121660161481, "from": "258", "to": "280", "_key": "0", "lanes": "1", "width": null, "bridge": null, "tunnel": null, "ref": null, "access": null}, "geometry": {"type": "LineString", "coordinates": [[19.064307599999996, 47.519338100000056], [19.065233100000004, 47.518972500000025], [19.0653476, 47.51892460000003], [19.06539552032731, 47.518876726657545]]}}, {"id": "(238, 258, 0)", "type": "Feature", "properties": {"_status": "original", "osmid": 90, "highway": "residential", "maxspeed": "50", "name": "T\u00fcz\u00e9r utca", "oneway": true, "reversed": false, "length": 146.28319191221894, "from": "258", "to": "238", "_key": "0", "lanes": "1", "width": null, "bridge": null, "tunnel": null, "ref": null, "access": null}, "geometry": {"type": "LineString", "coordinates": [[19.064307599999996, 47.519338100000056], [19.0636654, 47.51873759999999], [19.063436500000005, 47.51852359999999], [19.063270700000004, 47.518368500000044], [19.063167100000005, 47.51827160000001]]}}, {"id": "(238, 233, 0)", "type": "Feature", "properties": {"_status": "original", "osmid": 91, "highway": "residential", "maxspeed": "50", "name": "Bulcs\u00fa utca", "oneway": false, "reversed": true, "length": 13.152574218398353, "from": "233", "to": "238", "_key": "0", "lanes": "2", "width": null, "bridge": null, "tunnel": null, "ref": null, "access": null}, "geometry": {"type": "LineString", "coordinates": [[19.063047799999993, 47.518358200000016], [19.063167100000005, 47.51827160000001]]}}, {"id": "(258, 277, 0)", "type": "Feature", "properties": {"_status": "original", "osmid": 108, "highway": "residential", "maxspeed": "50", "name": "T\u00fcz\u00e9r utca", "oneway": true, "reversed": false, "length": 150.49219620713413, "from": "277", "to": "258", "_key": "0", "lanes": "1", "width": null, "bridge": null, "tunnel": null, "ref": null, "access": null}, "geometry": {"type": "LineString", "coordinates": [[19.0655087, 47.52042150000002], [19.064307599999996, 47.519338100000056]]}}, {"id": "(258, 235, 0)", "type": "Feature", "properties": {"_status": "original", "osmid": 109, "highway": "residential", "maxspeed": null, "name": "D\u00e9vai utca", "oneway": true, "reversed": false, "length": 87.0524282802519, "from": "235", "to": "258", "_key": "0", "lanes": null, "width": null, "bridge": null, "tunnel": null, "ref": null, "access": null}, "geometry": {"type": "LineString", "coordinates": [[19.06331580000001, 47.519743400000074], [19.064307599999996, 47.519338100000056]]}}, {"id": "(233, 221, 0)", "type": "Feature", "properties": {"_status": "original", "osmid": 820, "highway": "residential", "maxspeed": "50", "name": "Bulcs\u00fa utca", "oneway": false, "reversed": false, "length": 66.80622308125443, "from": "233", "to": "221", "_key": "0", "lanes": "2", "width": null, "bridge": null, "tunnel": null, "ref": null, "access": null}, "geometry": {"type": "LineString", "coordinates": [[19.063047799999993, 47.518358200000016], [19.062813599999995, 47.518528399999994], [19.06244219999999, 47.51879829999998]]}}, {"id": "(233, 241, 0)", "type": "Feature", "properties": {"_status": "original", "osmid": 832, "highway": "living_street", "maxspeed": "20", "name": "Bulcs\u00fa park", "oneway": false, "reversed": [false, true], "length": 84.82069319520939, "from": "241", "to": "233", "_key": "0", "lanes": null, "width": null, "bridge": null, "tunnel": null, "ref": null, "access": null}, "geometry": {"type": "LineString", "coordinates": [[19.063162199999997, 47.51779660000002], [19.062724499999995, 47.51815460000002], [19.063047799999993, 47.518358200000016]]}}, {"id": "(327, 357, 0)", "type": "Feature", "properties": {"_status": "original", "osmid": 115, "highway": "residential", "maxspeed": "30", "name": "Szabolcs utca", "oneway": false, "reversed": false, "length": 110.58331306029878, "from": "357", "to": "327", "_key": "0", "lanes": null, "width": null, "bridge": null, "tunnel": null, "ref": null, "access": null}, "geometry": {"type": "LineString", "coordinates": [[19.068420899999996, 47.51799950000005], [19.0676535, 47.5176143], [19.067238999999997, 47.51740630000003]]}}, {"id": "(261, 274, 0)", "type": "Feature", "properties": {"_status": "changed", "osmid": 94, "highway": "primary", "maxspeed": "50", "name": "V\u00e1ci \u00fat", "oneway": true, "reversed": false, "length": 176.59633921891944, "from": "261", "to": "274", "_key": "0", "lanes": ["3", "2"], "width": null, "bridge": null, "tunnel": null, "ref": "2", "access": null}, "geometry": {"type": "LineString", "coordinates": [[19.066905999999996, 47.53353260000001], [19.0669999, 47.53375260000004], [19.0670508, 47.533877599999975], [19.067091199999997, 47.53397810000005], [19.067298999999984, 47.534368100000066], [19.067643299999997, 47.53504000000003], [19.067994544377772, 47.53576338673927], [19.06814899246933, 47.53586575955183]]}}, {"id": "(274, 246, 0)", "type": "Feature", "properties": {"_status": "changed", "osmid": 95, "highway": "secondary", "maxspeed": "70", "name": "V\u00e1ci \u00fat", "oneway": false, "reversed": true, "length": 705.2840668216735, "from": "246", "to": "274", "_key": "0", "lanes": "4", "width": null, "bridge": "yes", "tunnel": null, "ref": null, "access": null}, "geometry": {"type": "LineString", "coordinates": [[19.065467900000005, 47.52965080000004], [19.065670500000003, 47.530090100000045], [19.06590399999999, 47.53061670000008], [19.066786399999994, 47.53266899999999], [19.06758170000001, 47.53453270000004], [19.06792190000001, 47.53533730000001], [19.068091300000003, 47.535741100000045], [19.06814899246933, 47.53586575955183]]}}, {"id": "(274, 278, 0)", "type": "Feature", "properties": {"_status": "new", "osmid": 96, "highway": null, "maxspeed": null, "name": null, "oneway": null, "reversed": null, "length": null, "from": "278", "to": "274", "_key": "0", "lanes": null, "width": null, "bridge": null, "tunnel": null, "ref": null, "access": null}, "geometry": {"type": "LineString", "coordinates": [[19.068471457273084, 47.53659856596527], [19.06814899246933, 47.53586575955183]]}}, {"id": "(274, 276, 0)", "type": "Feature", "properties": {"_status": "new", "osmid": 97, "highway": null, "maxspeed": null, "name": null, "oneway": null, "reversed": null, "length": null, "from": "276", "to": "274", "_key": "0", "lanes": null, "width": null, "bridge": null, "tunnel": null, "ref": null, "access": null}, "geometry": {"type": "LineString", "coordinates": [[19.068108991483157, 47.53529664087007], [19.068095033351785, 47.53536782029296], [19.06820169950805, 47.53574892191609], [19.06814899246933, 47.53586575955183]]}}, {"id": "(246, 250, 0)", "type": "Feature", "properties": {"_status": "new", "osmid": 98, "highway": null, "maxspeed": null, "name": null, "oneway": null, "reversed": null, "length": null, "from": "246", "to": "250", "_key": "0", "lanes": null, "width": null, "bridge": null, "tunnel": null, "ref": null, "access": null}, "geometry": {"type": "LineString", "coordinates": [[19.065467900000005, 47.52965080000004], [19.065920161818642, 47.53066579932573]]}}, {"id": "(246, 244, 0)", "type": "Feature", "properties": {"_status": "original", "osmid": 99, "highway": "secondary", "maxspeed": "50", "name": "V\u00e1ci \u00fat", "oneway": false, "reversed": false, "length": 14.029763404150946, "from": "244", "to": "246", "_key": "0", "lanes": "7", "width": null, "bridge": null, "tunnel": null, "ref": null, "access": null}, "geometry": {"type": "LineString", "coordinates": [[19.065412499999994, 47.529530300000026], [19.065461000000003, 47.529635800000044], [19.065467900000005, 47.52965080000004]]}}, {"id": "(278, 285, 0)", "type": "Feature", "properties": {"_status": "new", "osmid": 103, "highway": null, "maxspeed": null, "name": null, "oneway": null, "reversed": null, "length": null, "from": "285", "to": "278", "_key": "0", "lanes": null, "width": null, "bridge": null, "tunnel": null, "ref": null, "access": null}, "geometry": {"type": "LineString", "coordinates": [[19.069123866540192, 47.53810619737341], [19.068471457273084, 47.53659856596527]]}}, {"id": "(278, 323, 0)", "type": "Feature", "properties": {"_status": "changed", "osmid": 104, "highway": "residential", "maxspeed": null, "name": "Frangep\u00e1n utca", "oneway": false, "reversed": false, "length": 132.27909878189814, "from": "323", "to": "278", "_key": "0", "lanes": null, "width": null, "bridge": null, "tunnel": null, "ref": null, "access": null}, "geometry": {"type": "LineString", "coordinates": [[19.070354799999993, 47.53621110000003], [19.068669899999996, 47.53655930000002], [19.068471457273084, 47.53659856596527]]}}, {"id": "(276, 314, 0)", "type": "Feature", "properties": {"_status": "changed", "osmid": 106, "highway": "residential", "maxspeed": null, "name": "Petneh\u00e1zy utca", "oneway": false, "reversed": false, "length": 121.26354888345739, "from": "276", "to": "314", "_key": "0", "lanes": null, "width": null, "bridge": null, "tunnel": null, "ref": null, "access": null}, "geometry": {"type": "LineString", "coordinates": [[19.068108991483157, 47.53529664087007], [19.068244799999995, 47.535269300000024], [19.068333699999993, 47.53525200000005], [19.068481599999995, 47.535223300000006], [19.068866200000006, 47.53513240000004], [19.069103099999992, 47.53508190000003], [19.069778299999996, 47.53492730000006]]}}, {"id": "(276, 268, 0)", "type": "Feature", "properties": {"_status": "changed", "osmid": 105, "highway": "primary", "maxspeed": "50", "name": "V\u00e1ci \u00fat", "oneway": true, "reversed": false, "length": 221.4653367821603, "from": "268", "to": "276", "_key": "0", "lanes": "2", "width": null, "bridge": null, "tunnel": null, "ref": "2", "access": null}, "geometry": {"type": "LineString", "coordinates": [[19.067195999999992, 47.53324890000001], [19.0672637, 47.533409200000065], [19.067308200000003, 47.53351470000002], [19.0673411, 47.53359850000004], [19.067377100000005, 47.53369040000004], [19.067411500000002, 47.53375580000005], [19.067449999999997, 47.533841000000045], [19.067473200000002, 47.53390820000003], [19.067496400000003, 47.53395890000001], [19.0676532, 47.53430790000004], [19.067952099999996, 47.53500340000003], [19.0679688, 47.535042199999985], [19.068019899999996, 47.535161], [19.068108991483157, 47.53529664087007]]}}, {"id": "(244, 240, 0)", "type": "Feature", "properties": {"_status": "original", "osmid": 558, "highway": "secondary", "maxspeed": "50", "name": "V\u00e1ci \u00fat", "oneway": false, "reversed": true, "length": 108.4031441467627, "from": "244", "to": "240", "_key": "0", "lanes": "7", "width": null, "bridge": null, "tunnel": null, "ref": null, "access": null}, "geometry": {"type": "LineString", "coordinates": [[19.065412499999994, 47.529530300000026], [19.065383000000004, 47.52946140000004], [19.065364499999998, 47.529417800000004], [19.065354199999998, 47.529393900000024], [19.065010799999992, 47.52859390000003]]}}, {"id": "(244, 279, 0)", "type": "Feature", "properties": {"_status": "original", "osmid": 755, "highway": "residential", "maxspeed": "30", "name": "Dunyov Istv\u00e1n utca", "oneway": false, "reversed": false, "length": 139.7218727601973, "from": "279", "to": "244", "_key": "0", "lanes": "2", "width": null, "bridge": null, "tunnel": null, "ref": null, "access": null}, "geometry": {"type": "LineString", "coordinates": [[19.0671951, 47.52916949999998], [19.065746800000003, 47.52946250000002], [19.065680700000005, 47.52947590000002], [19.065622199999996, 47.52948780000001], [19.065412499999994, 47.529530300000026]]}}, {"id": "(247, 285, 0)", "type": "Feature", "properties": {"_status": "changed", "osmid": 116, "highway": "residential", "maxspeed": null, "name": "Turbina utca", "oneway": false, "reversed": false, "length": 131.29263091344728, "from": "247", "to": "285", "_key": "0", "lanes": "2", "width": null, "bridge": null, "tunnel": null, "ref": null, "access": null}, "geometry": {"type": "LineString", "coordinates": [[19.067246900000004, 47.53847960000006], [19.068126099999994, 47.53830579999999], [19.068614799999995, 47.53820920000001], [19.0688378, 47.53816500000001], [19.0689252, 47.538147300000034], [19.069123866540192, 47.53810619737341]]}}, {"id": "(285, 332, 0)", "type": "Feature", "properties": {"_status": "changed", "osmid": 118, "highway": "residential", "maxspeed": null, "name": "F\u00e1y utca", "oneway": false, "reversed": true, "length": 131.4841813806866, "from": "285", "to": "332", "_key": "0", "lanes": "2", "width": null, "bridge": null, "tunnel": null, "ref": null, "access": null}, "geometry": {"type": "LineString", "coordinates": [[19.069123866540192, 47.53810619737341], [19.0693231, 47.53806589999999], [19.069611199999994, 47.53800580000005], [19.0697939, 47.53796690000006], [19.069920599999993, 47.53793990000002], [19.069995700000003, 47.53792390000008], [19.070999799999996, 47.537724100000005]]}}, {"id": "(285, 292, 0)", "type": "Feature", "properties": {"_status": "changed", "osmid": 119, "highway": "primary", "maxspeed": "70", "name": "V\u00e1ci \u00fat", "oneway": false, "reversed": false, "length": 38.104531004237856, "from": "285", "to": "292", "_key": "0", "lanes": "6", "width": null, "bridge": null, "tunnel": null, "ref": "2", "access": null}, "geometry": {"type": "LineString", "coordinates": [[19.069123866540192, 47.53810619737341], [19.069549556898625, 47.5392155236235], [19.06969299999999, 47.53945510000005], [19.069818399999996, 47.53973640000001], [19.069839499999997, 47.53978320000004]]}}, {"id": "(323, 374, 0)", "type": "Feature", "properties": {"_status": "original", "osmid": 120, "highway": "residential", "maxspeed": null, "name": "Frangep\u00e1n utca", "oneway": false, "reversed": true, "length": 174.16902379210225, "from": "323", "to": "374", "_key": "0", "lanes": null, "width": null, "bridge": null, "tunnel": null, "ref": null, "access": null}, "geometry": {"type": "LineString", "coordinates": [[19.070354799999993, 47.53621110000003], [19.0725872, 47.535784600000056]]}}, {"id": "(323, 332, 0)", "type": "Feature", "properties": {"_status": "original", "osmid": 121, "highway": "residential", "maxspeed": null, "name": "Lomb utca", "oneway": false, "reversed": false, "length": 175.0672801174375, "from": "323", "to": "332", "_key": "0", "lanes": null, "width": null, "bridge": null, "tunnel": null, "ref": null, "access": null}, "geometry": {"type": "LineString", "coordinates": [[19.070354799999993, 47.53621110000003], [19.070981100000004, 47.53768030000001], [19.070999799999996, 47.537724100000005]]}}, {"id": "(323, 314, 0)", "type": "Feature", "properties": {"_status": "original", "osmid": 112, "highway": "residential", "maxspeed": null, "name": "Lomb utca", "oneway": false, "reversed": false, "length": 149.1739365176155, "from": "314", "to": "323", "_key": "0", "lanes": null, "width": null, "bridge": null, "tunnel": null, "ref": null, "access": null}, "geometry": {"type": "LineString", "coordinates": [[19.069778299999996, 47.53492730000006], [19.069913600000003, 47.5352122], [19.070354799999993, 47.53621110000003]]}}, {"id": "(314, 372, 0)", "type": "Feature", "properties": {"_status": "original", "osmid": 113, "highway": "residential", "maxspeed": null, "name": "Petneh\u00e1zy utca", "oneway": true, "reversed": false, "length": 174.1716260556773, "from": "314", "to": "372", "_key": "0", "lanes": null, "width": null, "bridge": null, "tunnel": null, "ref": null, "access": null}, "geometry": {"type": "LineString", "coordinates": [[19.069778299999996, 47.53492730000006], [19.0720111, 47.53450180000001]]}}, {"id": "(314, 311, 0)", "type": "Feature", "properties": {"_status": "original", "osmid": 114, "highway": "residential", "maxspeed": null, "name": "Lomb utca", "oneway": false, "reversed": true, "length": 22.160087399899222, "from": "311", "to": "314", "_key": "0", "lanes": null, "width": null, "bridge": null, "tunnel": null, "ref": null, "access": null}, "geometry": {"type": "LineString", "coordinates": [[19.069691600000002, 47.534736800000026], [19.069778299999996, 47.53492730000006]]}}, {"id": "(277, 302, 0)", "type": "Feature", "properties": {"_status": "changed", "osmid": 126, "highway": "residential", "maxspeed": "50", "name": "L\u0151port\u00e1r utca", "oneway": true, "reversed": false, "length": 124.26198618584546, "from": "277", "to": "302", "_key": "0", "lanes": null, "width": null, "bridge": null, "tunnel": null, "ref": null, "access": null}, "geometry": {"type": "LineString", "coordinates": [[19.0655087, 47.52042150000002], [19.066589699999998, 47.5195754], [19.066638490139507, 47.519533543021936]]}}, {"id": "(277, 255, 0)", "type": "Feature", "properties": {"_status": "original", "osmid": 127, "highway": "residential", "maxspeed": null, "name": "L\u0151port\u00e1r utca", "oneway": true, "reversed": false, "length": 99.63531476385718, "from": "277", "to": "255", "_key": "0", "lanes": "1", "width": null, "bridge": null, "tunnel": null, "ref": null, "access": null}, "geometry": {"type": "LineString", "coordinates": [[19.0655087, 47.52042150000002], [19.0652955, 47.52053050000001], [19.0652422, 47.52055780000003], [19.0645343, 47.520919700000036], [19.064502099999995, 47.520937400000044], [19.0644531, 47.520964300000045]]}}, {"id": "(277, 288, 0)", "type": "Feature", "properties": {"_status": "original", "osmid": 128, "highway": "residential", "maxspeed": "50", "name": "T\u00fcz\u00e9r utca", "oneway": true, "reversed": false, "length": 103.75933640530013, "from": "288", "to": "277", "_key": "0", "lanes": "1", "width": null, "bridge": null, "tunnel": null, "ref": null, "access": null}, "geometry": {"type": "LineString", "coordinates": [[19.0663324, 47.52117069999999], [19.065849400000005, 47.52073140000003], [19.0655087, 47.52042150000002]]}}, {"id": "(235, 221, 0)", "type": "Feature", "properties": {"_status": "original", "osmid": 819, "highway": "residential", "maxspeed": "50", "name": "Kass\u00e1k Lajos utca", "oneway": false, "reversed": true, "length": 123.88906109489243, "from": "235", "to": "221", "_key": "0", "lanes": "2", "width": null, "bridge": null, "tunnel": null, "ref": null, "access": null}, "geometry": {"type": "LineString", "coordinates": [[19.06331580000001, 47.519743400000074], [19.062566499999992, 47.5189282], [19.0625464, 47.518908100000004], [19.06244219999999, 47.51879829999998]]}}, {"id": "(235, 255, 0)", "type": "Feature", "properties": {"_status": "original", "osmid": 823, "highway": "residential", "maxspeed": "50", "name": "Kass\u00e1k Lajos utca", "oneway": false, "reversed": true, "length": 160.39513996251924, "from": "255", "to": "235", "_key": "0", "lanes": "2", "width": null, "bridge": null, "tunnel": null, "ref": null, "access": null}, "geometry": {"type": "LineString", "coordinates": [[19.0644531, 47.520964300000045], [19.064376300000003, 47.52087780000005], [19.063932099999988, 47.52040120000002], [19.06336629999999, 47.51980180000006], [19.06331580000001, 47.519743400000074]]}}, {"id": "(235, 201, 0)", "type": "Feature", "properties": {"_status": "original", "osmid": 809, "highway": "residential", "maxspeed": null, "name": "D\u00e9vai utca", "oneway": true, "reversed": false, "length": 154.94476737552571, "from": "201", "to": "235", "_key": "0", "lanes": null, "width": null, "bridge": null, "tunnel": null, "ref": null, "access": null}, "geometry": {"type": "LineString", "coordinates": [[19.061545399999996, 47.52045910000003], [19.0625473, 47.52005410000004], [19.063226699999998, 47.51977940000001], [19.06331580000001, 47.519743400000074]]}}, {"id": "(302, 329, 0)", "type": "Feature", "properties": {"_status": "new", "osmid": 129, "highway": null, "maxspeed": null, "name": null, "oneway": null, "reversed": null, "length": null, "from": "302", "to": "329", "_key": "0", "lanes": null, "width": null, "bridge": null, "tunnel": null, "ref": null, "access": null}, "geometry": {"type": "LineString", "coordinates": [[19.066638490139507, 47.519533543021936], [19.067784502704846, 47.5201407632586]]}}, {"id": "(302, 333, 0)", "type": "Feature", "properties": {"_status": "changed", "osmid": 130, "highway": "residential", "maxspeed": null, "name": "L\u0151port\u00e1r utca", "oneway": false, "reversed": false, "length": 116.08521563150903, "from": "333", "to": "302", "_key": "0", "lanes": null, "width": null, "bridge": null, "tunnel": null, "ref": null, "access": null}, "geometry": {"type": "LineString", "coordinates": [[19.0676416, 47.51867030000005], [19.067394900000004, 47.51888260000006], [19.067354499999993, 47.518917399999985], [19.066767099999993, 47.51942290000004], [19.066687299999998, 47.519491600000016], [19.066638490139507, 47.519533543021936]]}}, {"id": "(372, 392, 0)", "type": "Feature", "properties": {"_status": "original", "osmid": 523, "highway": "residential", "maxspeed": null, "name": "Petneh\u00e1zy utca", "oneway": true, "reversed": false, "length": 100.30812360091602, "from": "372", "to": "392", "_key": "0", "lanes": null, "width": null, "bridge": null, "tunnel": null, "ref": null, "access": null}, "geometry": {"type": "LineString", "coordinates": [[19.0720111, 47.53450180000001], [19.072841299999997, 47.53433530000002], [19.0732957, 47.53425400000005]]}}, {"id": "(372, 374, 0)", "type": "Feature", "properties": {"_status": "original", "osmid": 696, "highway": "residential", "maxspeed": null, "name": "Teve utca", "oneway": false, "reversed": false, "length": 149.05349716637966, "from": "372", "to": "374", "_key": "0", "lanes": null, "width": null, "bridge": null, "tunnel": null, "ref": null, "access": null}, "geometry": {"type": "LineString", "coordinates": [[19.0720111, 47.53450180000001], [19.072081500000003, 47.53465849999999], [19.0724776, 47.535540500000025], [19.072549499999994, 47.53570069999997], [19.0725872, 47.535784600000056]]}}, {"id": "(372, 364, 0)", "type": "Feature", "properties": {"_status": "original", "osmid": 706, "highway": "residential", "maxspeed": null, "name": "Teve utca", "oneway": false, "reversed": false, "length": 123.64557912250895, "from": "364", "to": "372", "_key": "0", "lanes": null, "width": null, "bridge": null, "tunnel": null, "ref": null, "access": null}, "geometry": {"type": "LineString", "coordinates": [[19.071401699999992, 47.53347910000001], [19.071520400000004, 47.533565599999996], [19.071554500000005, 47.53360370000001], [19.0719601, 47.53440150000003], [19.0720111, 47.53450180000001]]}}, {"id": "(311, 345, 0)", "type": "Feature", "properties": {"_status": "original", "osmid": 913, "highway": "residential", "maxspeed": null, "name": "Lomb utca", "oneway": false, "reversed": true, "length": 120.75285035918095, "from": "345", "to": "311", "_key": "0", "lanes": null, "width": null, "bridge": null, "tunnel": null, "ref": null, "access": null}, "geometry": {"type": "LineString", "coordinates": [[19.070792400000002, 47.533944999999996], [19.069691600000002, 47.534736800000026]]}}, {"id": "(311, 305, 0)", "type": "Feature", "properties": {"_status": "original", "osmid": 914, "highway": "pedestrian", "maxspeed": null, "name": "Lomb utca", "oneway": false, "reversed": true, "length": 143.5857862759749, "from": "305", "to": "311", "_key": "0", "lanes": null, "width": null, "bridge": null, "tunnel": null, "ref": null, "access": null}, "geometry": {"type": "LineString", "coordinates": [[19.069264899999993, 47.53349060000003], [19.069228500000005, 47.533558899999996], [19.069237199999996, 47.53357970000003], [19.0692734, 47.53366550000005], [19.069691600000002, 47.534736800000026]]}}, {"id": "(357, 403, 0)", "type": "Feature", "properties": {"_status": "original", "osmid": 155, "highway": "residential", "maxspeed": "30", "name": "Szabolcs utca", "oneway": false, "reversed": true, "length": 269.71919352300694, "from": "357", "to": "403", "_key": "0", "lanes": null, "width": null, "bridge": null, "tunnel": null, "ref": null, "access": null}, "geometry": {"type": "LineString", "coordinates": [[19.068420899999996, 47.51799950000005], [19.07010599999999, 47.51888670000003], [19.0705708, 47.519130400000066], [19.070626699999988, 47.51916080000004], [19.071118299999995, 47.51943350000005], [19.071240400000008, 47.51950190000002]]}}, {"id": "(357, 333, 0)", "type": "Feature", "properties": {"_status": "original", "osmid": 131, "highway": "residential", "maxspeed": null, "name": "L\u0151port\u00e1r utca", "oneway": false, "reversed": true, "length": 94.80762262155423, "from": "333", "to": "357", "_key": "0", "lanes": null, "width": null, "bridge": null, "tunnel": null, "ref": null, "access": null}, "geometry": {"type": "LineString", "coordinates": [[19.0676416, 47.51867030000005], [19.068420899999996, 47.51799950000005]]}}, {"id": "(332, 344, 0)", "type": "Feature", "properties": {"_status": "original", "osmid": 122, "highway": "residential", "maxspeed": null, "name": "Lomb utca", "oneway": false, "reversed": false, "length": 191.99132704596016, "from": "332", "to": "344", "_key": "0", "lanes": null, "width": null, "bridge": null, "tunnel": null, "ref": null, "access": null}, "geometry": {"type": "LineString", "coordinates": [[19.070999799999996, 47.537724100000005], [19.071716699999985, 47.53938149999998]]}}, {"id": "(332, 382, 0)", "type": "Feature", "properties": {"_status": "original", "osmid": 123, "highway": "residential", "maxspeed": null, "name": "F\u00e1y utca", "oneway": false, "reversed": false, "length": 181.23086819518127, "from": "382", "to": "332", "_key": "0", "lanes": "2", "width": null, "bridge": null, "tunnel": null, "ref": null, "access": null}, "geometry": {"type": "LineString", "coordinates": [[19.073309199999994, 47.53724910000005], [19.070999799999996, 47.537724100000005]]}}, {"id": "(292, 295, 0)", "type": "Feature", "properties": {"_status": "original", "osmid": 124, "highway": "primary", "maxspeed": "70", "name": "V\u00e1ci \u00fat", "oneway": false, "reversed": false, "length": 32.52614820432991, "from": "292", "to": "295", "_key": "0", "lanes": "6", "width": null, "bridge": null, "tunnel": null, "ref": "2", "access": null}, "geometry": {"type": "LineString", "coordinates": [[19.069839499999997, 47.53978320000004], [19.069963900000005, 47.540063399999994]]}}, {"id": "(292, 344, 0)", "type": "Feature", "properties": {"_status": "original", "osmid": 125, "highway": "residential", "maxspeed": "50", "name": "Forg\u00e1ch utca", "oneway": false, "reversed": false, "length": 147.8253846169933, "from": "292", "to": "344", "_key": "0", "lanes": null, "width": null, "bridge": null, "tunnel": null, "ref": null, "access": null}, "geometry": {"type": "LineString", "coordinates": [[19.069839499999997, 47.53978320000004], [19.070024199999995, 47.53974140000005], [19.071716699999985, 47.53938149999998]]}}, {"id": "(374, 429, 0)", "type": "Feature", "properties": {"_status": "original", "osmid": 692, "highway": "residential", "maxspeed": null, "name": "Frangep\u00e1n utca", "oneway": false, "reversed": true, "length": 190.60708867902164, "from": "374", "to": "429", "_key": "0", "lanes": null, "width": null, "bridge": null, "tunnel": null, "ref": null, "access": null}, "geometry": {"type": "LineString", "coordinates": [[19.0725872, 47.535784600000056], [19.073944299999994, 47.53550450000001], [19.074513700000004, 47.535387000000014], [19.0749291, 47.53530130000004], [19.075015300000004, 47.53528350000001]]}}, {"id": "(374, 382, 0)", "type": "Feature", "properties": {"_status": "original", "osmid": 695, "highway": "residential", "maxspeed": null, "name": "Teve utca", "oneway": false, "reversed": true, "length": 171.62826556654974, "from": "382", "to": "374", "_key": "0", "lanes": null, "width": null, "bridge": null, "tunnel": null, "ref": null, "access": null}, "geometry": {"type": "LineString", "coordinates": [[19.073309199999994, 47.53724910000005], [19.072622800000005, 47.53585670000005], [19.0725872, 47.535784600000056]]}}, {"id": "(344, 355, 0)", "type": "Feature", "properties": {"_status": "original", "osmid": 763, "highway": "residential", "maxspeed": null, "name": "Lomb utca", "oneway": false, "reversed": false, "length": 162.57035469491535, "from": "344", "to": "355", "_key": "0", "lanes": null, "width": null, "bridge": null, "tunnel": null, "ref": null, "access": null}, "geometry": {"type": "LineString", "coordinates": [[19.071716699999985, 47.53938149999998], [19.072294800000005, 47.540705500000016], [19.0723019, 47.540721800000036], [19.072328900000002, 47.54078390000001]]}}, {"id": "(344, 390, 0)", "type": "Feature", "properties": {"_status": "original", "osmid": 912, "highway": "residential", "maxspeed": null, "name": "Forg\u00e1ch utca", "oneway": false, "reversed": false, "length": 183.06766545745822, "from": "390", "to": "344", "_key": "0", "lanes": null, "width": null, "bridge": null, "tunnel": null, "ref": null, "access": null}, "geometry": {"type": "LineString", "coordinates": [[19.074048500000007, 47.538899300000004], [19.071716699999985, 47.53938149999998]]}}, {"id": "(382, 440, 0)", "type": "Feature", "properties": {"_status": "original", "osmid": 700, "highway": "residential", "maxspeed": null, "name": "F\u00e1y utca", "oneway": false, "reversed": true, "length": 185.62249659244733, "from": "382", "to": "440", "_key": "0", "lanes": "2", "width": null, "bridge": null, "tunnel": null, "ref": null, "access": null}, "geometry": {"type": "LineString", "coordinates": [[19.073309199999994, 47.53724910000005], [19.07367859999999, 47.53717450000004], [19.074571499999994, 47.53699430000004], [19.075568199999992, 47.53679320000005], [19.075678299999993, 47.536771000000044]]}}, {"id": "(382, 390, 0)", "type": "Feature", "properties": {"_status": "original", "osmid": 705, "highway": "residential", "maxspeed": null, "name": "Teve utca", "oneway": false, "reversed": false, "length": 191.70310991587021, "from": "382", "to": "390", "_key": "0", "lanes": null, "width": null, "bridge": null, "tunnel": null, "ref": null, "access": null}, "geometry": {"type": "LineString", "coordinates": [[19.073309199999994, 47.53724910000005], [19.074016899999993, 47.538828700000046], [19.074048500000007, 47.538899300000004]]}}, {"id": "(295, 297, 0)", "type": "Feature", "properties": {"_status": "changed", "osmid": 133, "highway": "primary", "maxspeed": "70", "name": "V\u00e1ci \u00fat", "oneway": false, "reversed": false, "length": 241.9410707280511, "from": "295", "to": "297", "_key": "0", "lanes": "6", "width": null, "bridge": null, "tunnel": null, "ref": "2", "access": null}, "geometry": {"type": "LineString", "coordinates": [[19.069963900000005, 47.540063399999994], [19.070056399999995, 47.54027500000002], [19.07007339999999, 47.54031500000003], [19.070392099999996, 47.54112310000002], [19.070702899999997, 47.54206720000001], [19.0707449, 47.54217370000005], [19.070425496537933, 47.54243843378622]]}}, {"id": "(295, 306, 0)", "type": "Feature", "properties": {"_status": "original", "osmid": 134, "highway": "residential", "maxspeed": null, "name": "V\u00e1ci \u00fat", "oneway": true, "reversed": false, "length": 131.7129594058968, "from": "295", "to": "306", "_key": "0", "lanes": "1", "width": null, "bridge": null, "tunnel": null, "ref": null, "access": null}, "geometry": {"type": "LineString", "coordinates": [[19.069963900000005, 47.540063399999994], [19.070067799999997, 47.54013790000001], [19.070204299999997, 47.540211], [19.0702907, 47.540308200000005], [19.0705264, 47.54086220000004], [19.0706385, 47.54112640000004]]}}, {"id": "(255, 228, 0)", "type": "Feature", "properties": {"_status": "original", "osmid": 777, "highway": "residential", "maxspeed": null, "name": "L\u0151port\u00e1r utca", "oneway": true, "reversed": false, "length": 102.3976169762938, "from": "255", "to": "228", "_key": "0", "lanes": null, "width": null, "bridge": null, "tunnel": null, "ref": null, "access": null}, "geometry": {"type": "LineString", "coordinates": [[19.0644531, 47.520964300000045], [19.064378300000005, 47.52100020000006], [19.0639476, 47.5212067], [19.063449099999996, 47.52144790000005], [19.063343099999994, 47.52149920000006]]}}, {"id": "(255, 269, 0)", "type": "Feature", "properties": {"_status": "original", "osmid": 775, "highway": "residential", "maxspeed": "50", "name": "Kass\u00e1k Lajos utca", "oneway": false, "reversed": true, "length": 99.7702564339209, "from": "269", "to": "255", "_key": "0", "lanes": "2", "width": null, "bridge": null, "tunnel": null, "ref": null, "access": null}, "geometry": {"type": "LineString", "coordinates": [[19.065166599999998, 47.52172120000004], [19.0644531, 47.520964300000045]]}}, {"id": "(288, 329, 0)", "type": "Feature", "properties": {"_status": "changed", "osmid": 144, "highway": "residential", "maxspeed": null, "name": "Taksony utca", "oneway": true, "reversed": false, "length": 152.59504564360043, "from": "288", "to": "329", "_key": "0", "lanes": null, "width": null, "bridge": null, "tunnel": null, "ref": null, "access": null}, "geometry": {"type": "LineString", "coordinates": [[19.0663324, 47.52117069999999], [19.067000899999993, 47.520699499999985], [19.067153799999996, 47.52059170000006], [19.067467800000003, 47.52037020000002], [19.06762399999999, 47.52026010000003], [19.067738100000007, 47.52017970000001], [19.067784502704846, 47.5201407632586]]}}, {"id": "(288, 307, 0)", "type": "Feature", "properties": {"_status": "original", "osmid": 145, "highway": "residential", "maxspeed": "50", "name": "T\u00fcz\u00e9r utca", "oneway": true, "reversed": false, "length": 118.19185225559777, "from": "307", "to": "288", "_key": "0", "lanes": "1", "width": null, "bridge": null, "tunnel": null, "ref": null, "access": null}, "geometry": {"type": "LineString", "coordinates": [[19.067271299999998, 47.52202380000006], [19.066805300000002, 47.52159830000005], [19.0663324, 47.52117069999999]]}}, {"id": "(288, 269, 0)", "type": "Feature", "properties": {"_status": "original", "osmid": 146, "highway": "residential", "maxspeed": "30", "name": "Taksony utca", "oneway": true, "reversed": false, "length": 106.82059512026123, "from": "269", "to": "288", "_key": "0", "lanes": null, "width": null, "bridge": null, "tunnel": null, "ref": null, "access": null}, "geometry": {"type": "LineString", "coordinates": [[19.065166599999998, 47.52172120000004], [19.065263499999997, 47.52167600000001], [19.065765699999996, 47.521438200000034], [19.066063900000003, 47.521297000000004], [19.0663324, 47.52117069999999]]}}, {"id": "(329, 363, 0)", "type": "Feature", "properties": {"_status": "new", "osmid": 147, "highway": null, "maxspeed": null, "name": null, "oneway": null, "reversed": null, "length": null, "from": "329", "to": "363", "_key": "0", "lanes": null, "width": null, "bridge": null, "tunnel": null, "ref": null, "access": null}, "geometry": {"type": "LineString", "coordinates": [[19.067784502704846, 47.5201407632586], [19.06915223938844, 47.520900141516556]]}}, {"id": "(333, 349, 0)", "type": "Feature", "properties": {"_status": "original", "osmid": 132, "highway": "residential", "maxspeed": "30", "name": "L\u0151port\u00e1r k\u00f6z", "oneway": false, "reversed": true, "length": 56.388742504327965, "from": "349", "to": "333", "_key": "0", "lanes": null, "width": null, "bridge": null, "tunnel": null, "ref": null, "access": null}, "geometry": {"type": "LineString", "coordinates": [[19.068220599999997, 47.518993200000054], [19.0676416, 47.51867030000005]]}}, {"id": "(297, 310, 0)", "type": "Feature", "properties": {"_status": "new", "osmid": 136, "highway": null, "maxspeed": null, "name": null, "oneway": null, "reversed": null, "length": null, "from": "310", "to": "297", "_key": "0", "lanes": null, "width": null, "bridge": null, "tunnel": null, "ref": null, "access": null}, "geometry": {"type": "LineString", "coordinates": [[19.07133348276979, 47.544110644837055], [19.070801685174278, 47.5427493596529], [19.07068391476378, 47.54262200913447], [19.070425496537933, 47.54243843378622]]}}, {"id": "(306, 355, 0)", "type": "Feature", "properties": {"_status": "original", "osmid": 761, "highway": "residential", "maxspeed": null, "name": "Rozsnyay utca", "oneway": false, "reversed": false, "length": 132.4797861684469, "from": "306", "to": "355", "_key": "0", "lanes": null, "width": null, "bridge": null, "tunnel": null, "ref": null, "access": null}, "geometry": {"type": "LineString", "coordinates": [[19.0706385, 47.54112640000004], [19.072328900000002, 47.54078390000001]]}}, {"id": "(306, 313, 0)", "type": "Feature", "properties": {"_status": "original", "osmid": 797, "highway": "residential", "maxspeed": null, "name": "V\u00e1ci \u00fat", "oneway": false, "reversed": false, "length": 147.223417663671, "from": "313", "to": "306", "_key": "0", "lanes": null, "width": null, "bridge": null, "tunnel": null, "ref": null, "access": null}, "geometry": {"type": "LineString", "coordinates": [[19.071088799999995, 47.542408399999985], [19.071057300000003, 47.54239140000004], [19.070841000000005, 47.54166829999999], [19.070839799999998, 47.54165570000006], [19.070664299999994, 47.54119430000001], [19.0706385, 47.54112640000004]]}}, {"id": "(310, 342, 0)", "type": "Feature", "properties": {"_status": "changed", "osmid": 137, "highway": "residential", "maxspeed": null, "name": "F\u00f6veny utca", "oneway": false, "reversed": false, "length": 49.11197841732263, "from": "310", "to": "342", "_key": "0", "lanes": "2", "width": null, "bridge": null, "tunnel": null, "ref": null, "access": null}, "geometry": {"type": "LineString", "coordinates": [[19.07133348276979, 47.544110644837055], [19.071449799999996, 47.544088300000055], [19.0716877, 47.54404990000003], [19.0718399, 47.54402220000006], [19.072061299999994, 47.54398180000002], [19.072471599999997, 47.543907100000006]]}}, {"id": "(310, 324, 0)", "type": "Feature", "properties": {"_status": "changed", "osmid": 138, "highway": "primary", "maxspeed": "70", "name": "V\u00e1ci \u00fat", "oneway": false, "reversed": false, "length": 18.810841547269764, "from": "310", "to": "324", "_key": "0", "lanes": "6", "width": null, "bridge": null, "tunnel": null, "ref": "2", "access": null}, "geometry": {"type": "LineString", "coordinates": [[19.07133348276979, 47.544110644837055], [19.071778966189292, 47.54520612296941], [19.072023100000003, 47.54549680000003], [19.0720828, 47.5456611]]}}, {"id": "(342, 352, 0)", "type": "Feature", "properties": {"_status": "original", "osmid": 139, "highway": "residential", "maxspeed": null, "name": "Bence utca", "oneway": false, "reversed": true, "length": 177.3898445886265, "from": "342", "to": "352", "_key": "0", "lanes": null, "width": null, "bridge": null, "tunnel": null, "ref": null, "access": "no"}, "geometry": {"type": "LineString", "coordinates": [[19.072471599999997, 47.543907100000006], [19.072536899999996, 47.5440638], [19.072721099999995, 47.5445055], [19.072781700000004, 47.5446507], [19.072855699999998, 47.544828200000026], [19.0728691, 47.54486030000004], [19.073112100000003, 47.54544270000003]]}}, {"id": "(342, 373, 0)", "type": "Feature", "properties": {"_status": "original", "osmid": 140, "highway": "residential", "maxspeed": "30", "name": "F\u00f6veny utca", "oneway": false, "reversed": false, "length": 91.00826656308276, "from": "342", "to": "373", "_key": "0", "lanes": null, "width": null, "bridge": null, "tunnel": null, "ref": null, "access": null}, "geometry": {"type": "LineString", "coordinates": [[19.072471599999997, 47.543907100000006], [19.073638999999996, 47.54368599999998]]}}, {"id": "(324, 352, 0)", "type": "Feature", "properties": {"_status": "original", "osmid": 143, "highway": "residential", "maxspeed": "50", "name": "Fiasty\u00fak utca", "oneway": false, "reversed": true, "length": 80.98330026080608, "from": "352", "to": "324", "_key": "0", "lanes": ["5", "4"], "width": null, "bridge": null, "tunnel": null, "ref": null, "access": null}, "geometry": {"type": "LineString", "coordinates": [[19.073112100000003, 47.54544270000003], [19.072828499999996, 47.54550290000003], [19.0725016, 47.54557229999999], [19.072315299999996, 47.54561180000007], [19.07224799999999, 47.54562610000002], [19.0720828, 47.5456611]]}}, {"id": "(324, 270, 0)", "type": "Feature", "properties": {"_status": "original", "osmid": 141, "highway": "residential", "maxspeed": "50", "name": "Csavargy\u00e1r utca", "oneway": false, "reversed": false, "length": 195.26407377576152, "from": "270", "to": "324", "_key": "0", "lanes": null, "width": null, "bridge": null, "tunnel": null, "ref": null, "access": null}, "geometry": {"type": "LineString", "coordinates": [[19.069596499999992, 47.546178000000026], [19.0702484, 47.546042200000024], [19.0720828, 47.5456611]]}}, {"id": "(324, 328, 0)", "type": "Feature", "properties": {"_status": "changed", "osmid": 142, "highway": "primary", "maxspeed": "70", "name": "V\u00e1ci \u00fat", "oneway": false, "reversed": true, "length": 55.62899626693402, "from": "328", "to": "324", "_key": "0", "lanes": "9", "width": null, "bridge": null, "tunnel": null, "ref": "2", "access": null}, "geometry": {"type": "LineString", "coordinates": [[19.07238539999999, 47.5465169], [19.072360100000004, 47.546443000000025], [19.072259099999997, 47.54614700000004], [19.072125599999996, 47.54577070000003], [19.0720828, 47.5456611]]}}, {"id": "(352, 375, 0)", "type": "Feature", "properties": {"_status": "changed", "osmid": 506, "highway": "residential", "maxspeed": "50", "name": "Fiasty\u00fak utca", "oneway": false, "reversed": true, "length": 74.56079151448078, "from": "352", "to": "375", "_key": "0", "lanes": ["3", "2"], "width": null, "bridge": null, "tunnel": null, "ref": null, "access": null}, "geometry": {"type": "LineString", "coordinates": [[19.073112100000003, 47.54544270000003], [19.073677499999995, 47.5453193], [19.074057299999996, 47.545236400000014], [19.0742901, 47.54519330000004]]}}, {"id": "(373, 375, 0)", "type": "Feature", "properties": {"_status": "changed", "osmid": 508, "highway": "residential", "maxspeed": null, "name": "Madar\u00e1sz Viktor utca", "oneway": false, "reversed": false, "length": 12.335207202262936, "from": "373", "to": "375", "_key": "0", "lanes": null, "width": "7.2", "bridge": null, "tunnel": null, "ref": null, "access": null}, "geometry": {"type": "LineString", "coordinates": [[19.073638999999996, 47.54368599999998], [19.073730499999996, 47.54389060000004], [19.073987799999998, 47.544508699999994], [19.074142099999992, 47.54484990000002], [19.074217899999994, 47.54503560000002], [19.074233, 47.5450724], [19.074238399999995, 47.545088000000035], [19.074266500000004, 47.54514590000003], [19.0742901, 47.54519330000004]]}}, {"id": "(373, 367, 0)", "type": "Feature", "properties": {"_status": "original", "osmid": 510, "highway": "residential", "maxspeed": null, "name": "Madar\u00e1sz Viktor utca", "oneway": false, "reversed": true, "length": 62.55609638420989, "from": "373", "to": "367", "_key": "0", "lanes": null, "width": null, "bridge": null, "tunnel": null, "ref": null, "access": null}, "geometry": {"type": "LineString", "coordinates": [[19.073638999999996, 47.54368599999998], [19.073412999999995, 47.54314450000001]]}}, {"id": "(270, 272, 0)", "type": "Feature", "properties": {"_status": "changed", "osmid": 486, "highway": "residential", "maxspeed": "50", "name": "Cserhalom utca", "oneway": false, "reversed": true, "length": 109.34163323977758, "from": "272", "to": "270", "_key": "0", "lanes": "2", "width": null, "bridge": null, "tunnel": null, "ref": null, "access": null}, "geometry": {"type": "LineString", "coordinates": [[19.070037400000007, 47.54731779999999], [19.069965300000003, 47.547129300000016], [19.0696198, 47.546238200000005], [19.069596499999992, 47.546178000000026]]}}, {"id": "(270, 257, 0)", "type": "Feature", "properties": {"_status": "original", "osmid": 490, "highway": "residential", "maxspeed": "50", "name": "Csavargy\u00e1r utca", "oneway": false, "reversed": false, "length": 43.658706587071904, "from": "257", "to": "270", "_key": "0", "lanes": null, "width": null, "bridge": null, "tunnel": null, "ref": null, "access": null}, "geometry": {"type": "LineString", "coordinates": [[19.06904269999999, 47.54629810000004], [19.069596499999992, 47.546178000000026]]}}, {"id": "(328, 272, 0)", "type": "Feature", "properties": {"_status": "changed", "osmid": 487, "highway": "residential", "maxspeed": null, "name": "Mura utca", "oneway": false, "reversed": true, "length": 19.345785735360785, "from": "328", "to": "272", "_key": "0", "lanes": null, "width": null, "bridge": null, "tunnel": null, "ref": null, "access": null}, "geometry": {"type": "LineString", "coordinates": [[19.07238539999999, 47.5465169], [19.07226766846679, 47.54653552065004], [19.0723822253667, 47.54685703820333], [19.072263399999994, 47.54687670000001], [19.072192899999994, 47.546890600000054], [19.0716338, 47.547006500000045], [19.071420599999996, 47.547048100000026], [19.070285000000005, 47.547269499999985], [19.0701186, 47.5473031], [19.070037400000007, 47.54731779999999]]}}, {"id": "(328, 379, 0)", "type": "Feature", "properties": {"_status": "original", "osmid": 491, "highway": "residential", "maxspeed": null, "name": "Agyag utca", "oneway": false, "reversed": false, "length": 179.85716151730043, "from": "328", "to": "379", "_key": "0", "lanes": "3", "width": null, "bridge": null, "tunnel": null, "ref": null, "access": null}, "geometry": {"type": "LineString", "coordinates": [[19.07238539999999, 47.5465169], [19.0726332, 47.54646850000001], [19.072902700000007, 47.546414500000026], [19.073218700000005, 47.5463511], [19.073336399999995, 47.5463275], [19.073379299999996, 47.546318900000024], [19.073742900000003, 47.54624600000003], [19.074592100000004, 47.54607640000004], [19.074687, 47.54608080000002]]}}, {"id": "(328, 340, 0)", "type": "Feature", "properties": {"_status": "original", "osmid": 492, "highway": "primary", "maxspeed": "70", "name": "V\u00e1ci \u00fat", "oneway": false, "reversed": false, "length": 219.06317815303714, "from": "328", "to": "340", "_key": "0", "lanes": ["8", "6", "7"], "width": null, "bridge": null, "tunnel": null, "ref": "2", "access": null}, "geometry": {"type": "LineString", "coordinates": [[19.07238539999999, 47.5465169], [19.072410199999993, 47.546589800000056], [19.07244139999999, 47.546681100000015], [19.072851599999993, 47.54774060000003], [19.073153399999995, 47.54841710000004]]}}, {"id": "(307, 363, 0)", "type": "Feature", "properties": {"_status": "changed", "osmid": 148, "highway": "secondary", "maxspeed": "50", "name": "D\u00f3zsa Gy\u00f6rgy \u00fat", "oneway": false, "reversed": true, "length": 181.64898551360685, "from": "307", "to": "363", "_key": "0", "lanes": "4", "width": null, "bridge": null, "tunnel": null, "ref": null, "access": null}, "geometry": {"type": "LineString", "coordinates": [[19.067271299999998, 47.52202380000006], [19.067804399999996, 47.5216993], [19.0682463, 47.52143260000001], [19.068974599999994, 47.52100590000007], [19.069009899999998, 47.52098520000004], [19.0690807, 47.52093970000004], [19.06915223938844, 47.520900141516556]]}}, {"id": "(307, 281, 0)", "type": "Feature", "properties": {"_status": "original", "osmid": 149, "highway": "secondary", "maxspeed": "50", "name": "D\u00f3zsa Gy\u00f6rgy \u00fat", "oneway": false, "reversed": false, "length": 117.61533160494828, "from": "307", "to": "281", "_key": "0", "lanes": "4", "width": null, "bridge": null, "tunnel": null, "ref": null, "access": null}, "geometry": {"type": "LineString", "coordinates": [[19.067271299999998, 47.52202380000006], [19.066735600000005, 47.52234440000004], [19.066267600000007, 47.52262460000002], [19.066098099999998, 47.52272460000003]]}}, {"id": "(307, 334, 0)", "type": "Feature", "properties": {"_status": "original", "osmid": 150, "highway": "residential", "maxspeed": "30", "name": "T\u00fcz\u00e9r utca", "oneway": false, "reversed": true, "length": 129.14211615888172, "from": "334", "to": "307", "_key": "0", "lanes": null, "width": null, "bridge": null, "tunnel": null, "ref": null, "access": null}, "geometry": {"type": "LineString", "coordinates": [[19.068399299999996, 47.52290050000005], [19.068196400000005, 47.52274290000002], [19.067357399999995, 47.52209140000005], [19.067271299999998, 47.52202380000006]]}}, {"id": "(269, 281, 0)", "type": "Feature", "properties": {"_status": "original", "osmid": 771, "highway": "residential", "maxspeed": "50", "name": "Kass\u00e1k Lajos utca", "oneway": false, "reversed": false, "length": 131.68795474852658, "from": "269", "to": "281", "_key": "0", "lanes": "2", "width": null, "bridge": null, "tunnel": null, "ref": null, "access": null}, "geometry": {"type": "LineString", "coordinates": [[19.065166599999998, 47.52172120000004], [19.065269699999998, 47.52182930000001], [19.065329899999988, 47.52189620000003], [19.0656209, 47.52220800000003], [19.066014999999997, 47.52263520000003], [19.066098099999998, 47.52272460000003]]}}, {"id": "(269, 239, 0)", "type": "Feature", "properties": {"_status": "original", "osmid": 768, "highway": "residential", "maxspeed": null, "name": "Taksony utca", "oneway": true, "reversed": false, "length": 117.37968617681744, "from": "239", "to": "269", "_key": "0", "lanes": null, "width": null, "bridge": null, "tunnel": null, "ref": null, "access": null}, "geometry": {"type": "LineString", "coordinates": [[19.0638973, 47.52233730000003], [19.063943400000003, 47.52231590000005], [19.065166599999998, 47.52172120000004]]}}, {"id": "(363, 398, 0)", "type": "Feature", "properties": {"_status": "new", "osmid": 151, "highway": null, "maxspeed": null, "name": null, "oneway": null, "reversed": null, "length": null, "from": "363", "to": "398", "_key": "0", "lanes": null, "width": null, "bridge": null, "tunnel": null, "ref": null, "access": null}, "geometry": {"type": "LineString", "coordinates": [[19.06915223938844, 47.520900141516556], [19.07141926542511, 47.52213403266654]]}}, {"id": "(363, 403, 0)", "type": "Feature", "properties": {"_status": "changed", "osmid": 152, "highway": "secondary", "maxspeed": "50", "name": "D\u00f3zsa Gy\u00f6rgy \u00fat", "oneway": false, "reversed": false, "length": 213.8915865697543, "from": "403", "to": "363", "_key": "0", "lanes": ["6", "5"], "width": null, "bridge": null, "tunnel": null, "ref": null, "access": null}, "geometry": {"type": "LineString", "coordinates": [[19.071240400000008, 47.51950190000002], [19.071159699999992, 47.51955330000001], [19.0705803, 47.51995700000003], [19.069814599999997, 47.52048490000001], [19.06948529999999, 47.520700900000016], [19.069299899999994, 47.5208156], [19.06922429999999, 47.52085999999999], [19.06915223938844, 47.520900141516556]]}}, {"id": "(281, 251, 0)", "type": "Feature", "properties": {"_status": "original", "osmid": 745, "highway": "secondary", "maxspeed": "50", "name": "D\u00f3zsa Gy\u00f6rgy \u00fat", "oneway": false, "reversed": false, "length": 140.39945262943365, "from": "281", "to": "251", "_key": "0", "lanes": "4", "width": null, "bridge": null, "tunnel": null, "ref": null, "access": null}, "geometry": {"type": "LineString", "coordinates": [[19.066098099999998, 47.52272460000003], [19.065991699999994, 47.52278749999999], [19.065550899999995, 47.523051800000026], [19.0646995, 47.52356260000003]]}}, {"id": "(281, 298, 0)", "type": "Feature", "properties": {"_status": "original", "osmid": 772, "highway": "residential", "maxspeed": "50", "name": "Kass\u00e1k Lajos utca", "oneway": false, "reversed": true, "length": 141.95735048893704, "from": "298", "to": "281", "_key": "0", "lanes": "2", "width": null, "bridge": null, "tunnel": null, "ref": null, "access": null}, "geometry": {"type": "LineString", "coordinates": [[19.067142800000003, 47.52378860000002], [19.066535700000003, 47.52316770000005], [19.0661997, 47.522824500000034], [19.066098099999998, 47.52272460000003]]}}, {"id": "(334, 298, 0)", "type": "Feature", "properties": {"_status": "original", "osmid": 779, "highway": "residential", "maxspeed": "30", "name": "Botond utca", "oneway": true, "reversed": false, "length": 136.57891429029598, "from": "334", "to": "298", "_key": "0", "lanes": null, "width": null, "bridge": null, "tunnel": null, "ref": null, "access": null}, "geometry": {"type": "LineString", "coordinates": [[19.068399299999996, 47.52290050000005], [19.068110800000003, 47.52310440000006], [19.067242600000004, 47.52371810000003], [19.067142800000003, 47.52378860000002]]}}, {"id": "(334, 354, 0)", "type": "Feature", "properties": {"_status": "original", "osmid": 805, "highway": "residential", "maxspeed": "30", "name": "T\u00fcz\u00e9r utca", "oneway": false, "reversed": false, "length": 102.68991124326362, "from": "334", "to": "354", "_key": "0", "lanes": null, "width": null, "bridge": null, "tunnel": null, "ref": null, "access": null}, "geometry": {"type": "LineString", "coordinates": [[19.068399299999996, 47.52290050000005], [19.069290999999993, 47.52360070000001]]}}, {"id": "(398, 454, 0)", "type": "Feature", "properties": {"_status": "changed", "osmid": 156, "highway": "residential", "maxspeed": null, "name": "Aba utca", "oneway": false, "reversed": false, "length": 220.27327458672184, "from": "454", "to": "398", "_key": "0", "lanes": null, "width": null, "bridge": null, "tunnel": null, "ref": null, "access": null}, "geometry": {"type": "LineString", "coordinates": [[19.07350299999999, 47.5206679], [19.071855399999997, 47.5218216], [19.07154009999999, 47.52204240000002], [19.07146669999999, 47.52209380000003], [19.07141926542511, 47.52213403266654]]}}, {"id": "(398, 417, 0)", "type": "Feature", "properties": {"_status": "new", "osmid": 158, "highway": null, "maxspeed": null, "name": null, "oneway": null, "reversed": null, "length": null, "from": "417", "to": "398", "_key": "0", "lanes": null, "width": null, "bridge": null, "tunnel": null, "ref": null, "access": null}, "geometry": {"type": "LineString", "coordinates": [[19.072370734028144, 47.522633070168], [19.07141926542511, 47.52213403266654]]}}, {"id": "(403, 567, 0)", "type": "Feature", "properties": {"_status": "changed", "osmid": 153, "highway": "secondary", "maxspeed": "50", "name": "D\u00f3zsa Gy\u00f6rgy \u00fat", "oneway": false, "reversed": false, "length": 134.32157748962692, "from": "403", "to": "567", "_key": "0", "lanes": ["6", "5"], "width": null, "bridge": null, "tunnel": null, "ref": null, "access": null}, "geometry": {"type": "LineString", "coordinates": [[19.071240400000008, 47.51950190000002], [19.071312499999998, 47.51944060000002], [19.071628599999997, 47.51918920000001], [19.071969999999993, 47.518901700000015], [19.072244199999997, 47.51865150000002], [19.072351600000005, 47.51855580000002], [19.0724925, 47.51860980000005], [19.072874000000002, 47.518759800000026], [19.073421299999996, 47.518981299999986], [19.074093899999998, 47.51926060000003], [19.074298500000005, 47.519346299999995], [19.07595079999999, 47.52003820000003], [19.078101, 47.52093860000006], [19.07888559999999, 47.52126720000004], [19.079181599999995, 47.521398100000035], [19.079209400000003, 47.52141120000006], [19.079697799999998, 47.521609200000064], [19.079976799999997, 47.52170100000003], [19.0801357, 47.521748800000005], [19.080583340006115, 47.52207371776537]]}}, {"id": "(403, 454, 0)", "type": "Feature", "properties": {"_status": "original", "osmid": 154, "highway": "residential", "maxspeed": null, "name": "Szabolcs utca", "oneway": true, "reversed": false, "length": 213.72699583429946, "from": "403", "to": "454", "_key": "0", "lanes": null, "width": null, "bridge": null, "tunnel": null, "ref": null, "access": null}, "geometry": {"type": "LineString", "coordinates": [[19.071240400000008, 47.51950190000002], [19.0713758, 47.51957180000003], [19.07164179999999, 47.519709200000065], [19.072199000000005, 47.5199949], [19.072848699999998, 47.520331200000044], [19.0729231, 47.52037120000001], [19.07350299999999, 47.5206679]]}}, {"id": "(567, 587, 0)", "type": "Feature", "properties": {"_status": "new", "osmid": 303, "highway": null, "maxspeed": null, "name": null, "oneway": null, "reversed": null, "length": null, "from": "567", "to": "587", "_key": "0", "lanes": null, "width": null, "bridge": null, "tunnel": null, "ref": null, "access": null}, "geometry": {"type": "LineString", "coordinates": [[19.080583340006115, 47.52207371776537], [19.08091062354573, 47.52225252860971], [19.081838729744234, 47.522859176542504], [19.08216054008341, 47.523107694798604]]}}, {"id": "(567, 530, 0)", "type": "Feature", "properties": {"_status": "changed", "osmid": 233, "highway": "residential", "maxspeed": null, "name": "Moh\u00e1cs utca", "oneway": false, "reversed": true, "length": 205.5622951343682, "from": "530", "to": "567", "_key": "0", "lanes": null, "width": null, "bridge": null, "tunnel": null, "ref": null, "access": null}, "geometry": {"type": "LineString", "coordinates": [[19.07837719999999, 47.523433300000036], [19.0786602, 47.52323309999999], [19.0791868, 47.522846000000015], [19.080008599999996, 47.522268800000006], [19.0800931, 47.52222050000004], [19.08020979999999, 47.52217000000002], [19.080316799999995, 47.522142899999984], [19.080583340006115, 47.52207371776537]]}}, {"id": "(454, 513, 0)", "type": "Feature", "properties": {"_status": "original", "osmid": 157, "highway": "residential", "maxspeed": null, "name": "Szabolcs utca", "oneway": false, "reversed": false, "length": 353.19532569569475, "from": "513", "to": "454", "_key": "0", "lanes": null, "width": null, "bridge": null, "tunnel": null, "ref": null, "access": null}, "geometry": {"type": "LineString", "coordinates": [[19.077214099999996, 47.52261930000001], [19.077151300000004, 47.522582600000035], [19.0764123, 47.52219530000001], [19.074937000000002, 47.52142220000002], [19.074617000000007, 47.52125460000003], [19.074456599999998, 47.52117050000004], [19.07350299999999, 47.5206679]]}}, {"id": "(513, 530, 0)", "type": "Feature", "properties": {"_status": "original", "osmid": 201, "highway": "residential", "maxspeed": null, "name": "Szabolcs utca", "oneway": false, "reversed": true, "length": 125.8222868727975, "from": "513", "to": "530", "_key": "0", "lanes": null, "width": null, "bridge": null, "tunnel": null, "ref": null, "access": null}, "geometry": {"type": "LineString", "coordinates": [[19.077214099999996, 47.52261930000001], [19.077388299999992, 47.522727700000054], [19.077754499999998, 47.52298430000005], [19.078311299999996, 47.52338780000001], [19.0783303, 47.52339960000006], [19.07837719999999, 47.523433300000036]]}}, {"id": "(513, 472, 0)", "type": "Feature", "properties": {"_status": "changed", "osmid": 187, "highway": "residential", "maxspeed": null, "name": "Hun utca", "oneway": false, "reversed": true, "length": 130.38497401741978, "from": "472", "to": "513", "_key": "0", "lanes": null, "width": null, "bridge": null, "tunnel": null, "ref": null, "access": null}, "geometry": {"type": "LineString", "coordinates": [[19.0750932344767, 47.52410463255668], [19.075150599999997, 47.52406290000005], [19.075242099999997, 47.52399870000002], [19.075843499999998, 47.52357720000001], [19.075999699999997, 47.52345740000003], [19.076052700000005, 47.5234203], [19.077214099999996, 47.52261930000001]]}}, {"id": "(417, 472, 0)", "type": "Feature", "properties": {"_status": "new", "osmid": 169, "highway": null, "maxspeed": null, "name": null, "oneway": null, "reversed": null, "length": null, "from": "417", "to": "472", "_key": "0", "lanes": null, "width": null, "bridge": null, "tunnel": null, "ref": null, "access": null}, "geometry": {"type": "LineString", "coordinates": [[19.072370734028144, 47.522633070168], [19.0750932344767, 47.52410463255668]]}}, {"id": "(417, 411, 0)", "type": "Feature", "properties": {"_status": "changed", "osmid": 166, "highway": "residential", "maxspeed": "50", "name": "Cs\u00e1ng\u00f3 utca", "oneway": false, "reversed": true, "length": 36.817993626226006, "from": "411", "to": "417", "_key": "0", "lanes": null, "width": null, "bridge": null, "tunnel": null, "ref": null, "access": null}, "geometry": {"type": "LineString", "coordinates": [[19.071993500000005, 47.52291040000004], [19.072226299999997, 47.52274300000004], [19.07224809999999, 47.522727300000014], [19.072329099999997, 47.52266900000005], [19.072370734028144, 47.522633070168]]}}, {"id": "(466, 492, 0)", "type": "Feature", "properties": {"_status": "original", "osmid": 178, "highway": "residential", "maxspeed": "30", "name": "Kart\u00e1cs utca", "oneway": true, "reversed": false, "length": 128.0331177394735, "from": "466", "to": "492", "_key": "0", "lanes": "1", "width": null, "bridge": null, "tunnel": null, "ref": null, "access": null}, "geometry": {"type": "LineString", "coordinates": [[19.075676999999995, 47.5289284], [19.076915900000003, 47.52813720000001]]}}, {"id": "(466, 488, 0)", "type": "Feature", "properties": {"_status": "original", "osmid": 179, "highway": "residential", "maxspeed": "30", "name": "\u00dcteg utca", "oneway": true, "reversed": false, "length": 114.07240115772434, "from": "488", "to": "466", "_key": "0", "lanes": null, "width": "8", "bridge": null, "tunnel": null, "ref": null, "access": null}, "geometry": {"type": "LineString", "coordinates": [[19.076695399999995, 47.529689700000006], [19.075676999999995, 47.5289284]]}}, {"id": "(457, 465, 0)", "type": "Feature", "properties": {"_status": "original", "osmid": 1002, "highway": "residential", "maxspeed": "30", "name": "Hajd\u00fa utca", "oneway": false, "reversed": false, "length": 64.02884702738966, "from": "457", "to": "465", "_key": "0", "lanes": null, "width": null, "bridge": null, "tunnel": null, "ref": null, "access": null}, "geometry": {"type": "LineString", "coordinates": [[19.075430099999995, 47.53048759999998], [19.075954799999995, 47.53087940000003], [19.076002099999993, 47.530914700000004]]}}, {"id": "(457, 434, 0)", "type": "Feature", "properties": {"_status": "original", "osmid": 1003, "highway": "residential", "maxspeed": "30", "name": "G\u00f6mb utca", "oneway": true, "reversed": false, "length": 112.86020419302473, "from": "457", "to": "434", "_key": "0", "lanes": null, "width": "8", "bridge": null, "tunnel": null, "ref": null, "access": null}, "geometry": {"type": "LineString", "coordinates": [[19.075430099999995, 47.53048759999998], [19.0747972, 47.53094900000003], [19.074491299999988, 47.53117210000004], [19.07448039999999, 47.53119630000004], [19.074455899999993, 47.531250599999986]]}}, {"id": "(457, 488, 0)", "type": "Feature", "properties": {"_status": "original", "osmid": 1004, "highway": "residential", "maxspeed": "30", "name": "G\u00f6mb utca", "oneway": true, "reversed": false, "length": 129.9856507684952, "from": "488", "to": "457", "_key": "0", "lanes": null, "width": null, "bridge": null, "tunnel": null, "ref": null, "access": null}, "geometry": {"type": "LineString", "coordinates": [[19.076695399999995, 47.529689700000006], [19.076253100000002, 47.52996860000002], [19.076207599999996, 47.52999730000003], [19.075972300000007, 47.53014570000003], [19.0758364, 47.53023140000003], [19.075725399999996, 47.53030140000001], [19.0756552, 47.53034560000002], [19.075616199999995, 47.53037020000004], [19.075430099999995, 47.53048759999998]]}}, {"id": "(418, 421, 0)", "type": "Feature", "properties": {"_status": "changed", "osmid": 161, "highway": "living_street", "maxspeed": "20", "name": null, "oneway": false, "reversed": [false, true], "length": 158.92899158472798, "from": "418", "to": "421", "_key": "0", "lanes": null, "width": null, "bridge": null, "tunnel": null, "ref": null, "access": null}, "geometry": {"type": "LineString", "coordinates": [[19.072709900000003, 47.52444830000005], [19.072790599999994, 47.52449060000005], [19.073041000000003, 47.524621900000014], [19.072877499999997, 47.52473280000003], [19.072195699999998, 47.52519720000003], [19.072438599999998, 47.5253688], [19.072510299999998, 47.525388900000024], [19.07257599999999, 47.525376799999975], [19.072913707334447, 47.525372690467734]]}}, {"id": "(418, 404, 0)", "type": "Feature", "properties": {"_status": "original", "osmid": 162, "highway": "living_street", "maxspeed": "20", "name": null, "oneway": false, "reversed": true, "length": 61.55440052438811, "from": "418", "to": "404", "_key": "0", "lanes": null, "width": null, "bridge": null, "tunnel": null, "ref": null, "access": null}, "geometry": {"type": "LineString", "coordinates": [[19.072709900000003, 47.52444830000005], [19.072592499999995, 47.52438670000005], [19.072187400000004, 47.5241743], [19.0720624, 47.52410880000004]]}}, {"id": "(418, 443, 0)", "type": "Feature", "properties": {"_status": "original", "osmid": 163, "highway": "living_street", "maxspeed": "20", "name": null, "oneway": true, "reversed": false, "length": 102.2220751847635, "from": "443", "to": "418", "_key": "0", "lanes": null, "width": null, "bridge": null, "tunnel": null, "ref": null, "access": null}, "geometry": {"type": "LineString", "coordinates": [[19.0736494, 47.52378300000005], [19.072709900000003, 47.52444830000005]]}}, {"id": "(421, 402, 0)", "type": "Feature", "properties": {"_status": "changed", "osmid": 164, "highway": "residential", "maxspeed": "30", "name": "Hun utca", "oneway": false, "reversed": false, "length": 59.718953477622286, "from": "402", "to": "421", "_key": "0", "lanes": null, "width": null, "bridge": null, "tunnel": null, "ref": null, "access": null}, "geometry": {"type": "LineString", "coordinates": [[19.072354099999995, 47.52599130000004], [19.07291029999999, 47.52560740000003], [19.072913707334447, 47.525372690467734]]}}, {"id": "(421, 427, 0)", "type": "Feature", "properties": {"_status": "new", "osmid": 165, "highway": null, "maxspeed": null, "name": null, "oneway": null, "reversed": null, "length": null, "from": "427", "to": "421", "_key": "0", "lanes": null, "width": null, "bridge": null, "tunnel": null, "ref": null, "access": null}, "geometry": {"type": "LineString", "coordinates": [[19.07313757769833, 47.525219276572365], [19.072913707334447, 47.525372690467734]]}}, {"id": "(404, 431, 0)", "type": "Feature", "properties": {"_status": "original", "osmid": 1083, "highway": "living_street", "maxspeed": "20", "name": null, "oneway": true, "reversed": false, "length": 101.75837063702906, "from": "404", "to": "431", "_key": "0", "lanes": null, "width": null, "bridge": null, "tunnel": null, "ref": null, "access": null}, "geometry": {"type": "LineString", "coordinates": [[19.0720624, 47.52410880000004], [19.072999000000003, 47.52344740000004]]}}, {"id": "(404, 400, 0)", "type": "Feature", "properties": {"_status": "original", "osmid": 519, "highway": "living_street", "maxspeed": "20", "name": null, "oneway": false, "reversed": false, "length": 23.05678126172501, "from": "400", "to": "404", "_key": "0", "lanes": null, "width": null, "bridge": null, "tunnel": null, "ref": null, "access": null}, "geometry": {"type": "LineString", "coordinates": [[19.071819899999998, 47.523981599999985], [19.072036500000003, 47.52409510000003], [19.0720624, 47.52410880000004]]}}, {"id": "(443, 459, 0)", "type": "Feature", "properties": {"_status": "changed", "osmid": 184, "highway": "living_street", "maxspeed": "20", "name": null, "oneway": false, "reversed": true, "length": 66.40924221320556, "from": "443", "to": "459", "_key": "0", "lanes": null, "width": null, "bridge": null, "tunnel": null, "ref": null, "access": null}, "geometry": {"type": "LineString", "coordinates": [[19.0736494, 47.52378300000005], [19.073755499999994, 47.52383880000003], [19.0740078, 47.523971400000015], [19.074351999999994, 47.52414570000005], [19.07436904315721, 47.52437120322159]]}}, {"id": "(443, 431, 0)", "type": "Feature", "properties": {"_status": "original", "osmid": 185, "highway": "living_street", "maxspeed": "20", "name": null, "oneway": false, "reversed": true, "length": 61.468993182714684, "from": "443", "to": "431", "_key": "0", "lanes": null, "width": null, "bridge": null, "tunnel": null, "ref": null, "access": null}, "geometry": {"type": "LineString", "coordinates": [[19.0736494, 47.52378300000005], [19.0736051, 47.52375760000004], [19.072999000000003, 47.52344740000004]]}}, {"id": "(402, 384, 0)", "type": "Feature", "properties": {"_status": "original", "osmid": 170, "highway": "residential", "maxspeed": null, "name": "T\u00fcz\u00e9r utca", "oneway": false, "reversed": false, "length": 128.18197576793028, "from": "402", "to": "384", "_key": "0", "lanes": null, "width": null, "bridge": null, "tunnel": null, "ref": null, "access": null}, "geometry": {"type": "LineString", "coordinates": [[19.072354099999995, 47.52599130000004], [19.07170659999999, 47.52547880000004], [19.071237099999994, 47.52511960000003]]}}, {"id": "(402, 433, 0)", "type": "Feature", "properties": {"_status": "original", "osmid": 171, "highway": "residential", "maxspeed": null, "name": "T\u00fcz\u00e9r utca", "oneway": true, "reversed": false, "length": 143.79452207177775, "from": "433", "to": "402", "_key": "0", "lanes": null, "width": null, "bridge": null, "tunnel": null, "ref": null, "access": null}, "geometry": {"type": "LineString", "coordinates": [[19.073657599999994, 47.526938700000045], [19.072941700000005, 47.526418399999976], [19.072354099999995, 47.52599130000004]]}}, {"id": "(402, 376, 0)", "type": "Feature", "properties": {"_status": "original", "osmid": 172, "highway": "living_street", "maxspeed": null, "name": "Hun utca", "oneway": false, "reversed": true, "length": 137.03705748421004, "from": "376", "to": "402", "_key": "0", "lanes": null, "width": null, "bridge": null, "tunnel": null, "ref": null, "access": null}, "geometry": {"type": "LineString", "coordinates": [[19.071081099999997, 47.52687440000001], [19.07204129999999, 47.52620400000005], [19.072354099999995, 47.52599130000004]]}}, {"id": "(427, 451, 0)", "type": "Feature", "properties": {"_status": "changed", "osmid": 173, "highway": "residential", "maxspeed": null, "name": "Csata utca", "oneway": true, "reversed": false, "length": 123.79177227598791, "from": "427", "to": "451", "_key": "0", "lanes": null, "width": null, "bridge": null, "tunnel": null, "ref": null, "access": null}, "geometry": {"type": "LineString", "coordinates": [[19.07313757769833, 47.525219276572365], [19.073307200000002, 47.52533340000002], [19.0743813, 47.52617800000005]]}}, {"id": "(427, 459, 0)", "type": "Feature", "properties": {"_status": "new", "osmid": 174, "highway": null, "maxspeed": null, "name": null, "oneway": null, "reversed": null, "length": null, "from": "459", "to": "427", "_key": "0", "lanes": null, "width": null, "bridge": null, "tunnel": null, "ref": null, "access": null}, "geometry": {"type": "LineString", "coordinates": [[19.07436904315721, 47.52437120322159], [19.07313757769833, 47.525219276572365]]}}, {"id": "(411, 385, 0)", "type": "Feature", "properties": {"_status": "original", "osmid": 167, "highway": "residential", "maxspeed": "30", "name": "Cs\u00e1ng\u00f3 utca", "oneway": false, "reversed": false, "length": 102.51702202318059, "from": "411", "to": "385", "_key": "0", "lanes": null, "width": null, "bridge": null, "tunnel": null, "ref": null, "access": null}, "geometry": {"type": "LineString", "coordinates": [[19.071993500000005, 47.52291040000004], [19.071059099999996, 47.52358259999998]]}}, {"id": "(411, 416, 0)", "type": "Feature", "properties": {"_status": "original", "osmid": 168, "highway": "living_street", "maxspeed": "20", "name": null, "oneway": false, "reversed": true, "length": 34.65018832155696, "from": "416", "to": "411", "_key": "0", "lanes": null, "width": null, "bridge": null, "tunnel": null, "ref": null, "access": null}, "geometry": {"type": "LineString", "coordinates": [[19.072352000000002, 47.52310660000004], [19.072292300000008, 47.52307380000002], [19.072057900000008, 47.52294510000004], [19.071993500000005, 47.52291040000004]]}}, {"id": "(385, 368, 0)", "type": "Feature", "properties": {"_status": "original", "osmid": 846, "highway": "residential", "maxspeed": "30", "name": "Cs\u00e1ng\u00f3 utca", "oneway": false, "reversed": false, "length": 101.92707595414733, "from": "385", "to": "368", "_key": "0", "lanes": null, "width": null, "bridge": null, "tunnel": null, "ref": null, "access": null}, "geometry": {"type": "LineString", "coordinates": [[19.071059099999996, 47.52358259999998], [19.070091799999997, 47.524225700000024]]}}, {"id": "(385, 388, 0)", "type": "Feature", "properties": {"_status": "original", "osmid": 514, "highway": "living_street", "maxspeed": "20", "name": null, "oneway": false, "reversed": true, "length": 13.93891804760829, "from": "388", "to": "385", "_key": "0", "lanes": null, "width": null, "bridge": null, "tunnel": null, "ref": null, "access": null}, "geometry": {"type": "LineString", "coordinates": [[19.071205699999993, 47.52365950000002], [19.071120499999996, 47.523614800000054], [19.071059099999996, 47.52358259999998]]}}, {"id": "(416, 391, 0)", "type": "Feature", "properties": {"_status": "original", "osmid": 1081, "highway": "living_street", "maxspeed": "20", "name": null, "oneway": true, "reversed": false, "length": 101.98070393337137, "from": "416", "to": "391", "_key": "0", "lanes": null, "width": null, "bridge": null, "tunnel": null, "ref": null, "access": null}, "geometry": {"type": "LineString", "coordinates": [[19.072352000000002, 47.52310660000004], [19.072311400000004, 47.52313490000006], [19.071948500000005, 47.52338800000003], [19.07140469999999, 47.523763800000026]]}}, {"id": "(416, 431, 0)", "type": "Feature", "properties": {"_status": "original", "osmid": 1082, "highway": "living_street", "maxspeed": "20", "name": null, "oneway": false, "reversed": true, "length": 61.61428312294754, "from": "431", "to": "416", "_key": "0", "lanes": null, "width": null, "bridge": null, "tunnel": null, "ref": null, "access": null}, "geometry": {"type": "LineString", "coordinates": [[19.072999000000003, 47.52344740000004], [19.072949400000002, 47.52342130000001], [19.072352000000002, 47.52310660000004]]}}, {"id": "(472, 459, 0)", "type": "Feature", "properties": {"_status": "changed", "osmid": 186, "highway": "residential", "maxspeed": "50", "name": "Hun utca", "oneway": false, "reversed": true, "length": 33.372304030616434, "from": "459", "to": "472", "_key": "0", "lanes": null, "width": null, "bridge": null, "tunnel": null, "ref": null, "access": null}, "geometry": {"type": "LineString", "coordinates": [[19.07436904315721, 47.52437120322159], [19.0747269, 47.52436210000004], [19.074961699999992, 47.524199000000024], [19.0750345, 47.524145500000074], [19.0750932344767, 47.52410463255668]]}}, {"id": "(472, 493, 0)", "type": "Feature", "properties": {"_status": "new", "osmid": 188, "highway": null, "maxspeed": null, "name": null, "oneway": null, "reversed": null, "length": null, "from": "493", "to": "472", "_key": "0", "lanes": null, "width": null, "bridge": null, "tunnel": null, "ref": null, "access": null}, "geometry": {"type": "LineString", "coordinates": [[19.076371734818164, 47.524805493619425], [19.0750932344767, 47.52410463255668]]}}, {"id": "(384, 377, 0)", "type": "Feature", "properties": {"_status": "original", "osmid": 518, "highway": "residential", "maxspeed": null, "name": "T\u00fcz\u00e9r utca", "oneway": false, "reversed": false, "length": 54.73627353053705, "from": "384", "to": "377", "_key": "0", "lanes": null, "width": null, "bridge": null, "tunnel": null, "ref": null, "access": null}, "geometry": {"type": "LineString", "coordinates": [[19.071237099999994, 47.52511960000003], [19.071040299999996, 47.52496600000004], [19.07089480000001, 47.5248524], [19.070760200000002, 47.524747300000016]]}}, {"id": "(384, 346, 0)", "type": "Feature", "properties": {"_status": "original", "osmid": 848, "highway": "residential", "maxspeed": "30", "name": "Klapka utca", "oneway": false, "reversed": true, "length": 193.06545142316088, "from": "384", "to": "346", "_key": "0", "lanes": null, "width": null, "bridge": null, "tunnel": null, "ref": null, "access": null}, "geometry": {"type": "LineString", "coordinates": [[19.071237099999994, 47.52511960000003], [19.071101700000003, 47.52521560000002], [19.069726799999998, 47.52619040000001], [19.069463799999998, 47.52637690000004]]}}, {"id": "(433, 452, 0)", "type": "Feature", "properties": {"_status": "changed", "osmid": 181, "highway": "residential", "maxspeed": null, "name": "T\u00fcz\u00e9r utca", "oneway": true, "reversed": false, "length": 99.01586312086282, "from": "433", "to": "452", "_key": "0", "lanes": null, "width": null, "bridge": null, "tunnel": null, "ref": null, "access": null}, "geometry": {"type": "LineString", "coordinates": [[19.073657599999994, 47.526938700000045], [19.0739547, 47.527133500000055], [19.074245199999996, 47.52732400000004], [19.074541499999995, 47.52751830000002], [19.0745656, 47.52757450000003], [19.07465401479854, 47.52763782413967]]}}, {"id": "(433, 409, 0)", "type": "Feature", "properties": {"_status": "original", "osmid": 182, "highway": "living_street", "maxspeed": null, "name": "Gid\u00f3falvy Lajos utca", "oneway": false, "reversed": false, "length": 92.83592998629697, "from": "409", "to": "433", "_key": "0", "lanes": null, "width": null, "bridge": null, "tunnel": null, "ref": null, "access": null}, "geometry": {"type": "LineString", "coordinates": [[19.072748799999996, 47.52750480000006], [19.073657599999994, 47.526938700000045]]}}, {"id": "(376, 409, 0)", "type": "Feature", "properties": {"_status": "original", "osmid": 930, "highway": "living_street", "maxspeed": null, "name": "Gid\u00f3falvy Lajos utca", "oneway": true, "reversed": false, "length": 143.5022737749476, "from": "376", "to": "409", "_key": "0", "lanes": null, "width": null, "bridge": null, "tunnel": null, "ref": null, "access": null}, "geometry": {"type": "LineString", "coordinates": [[19.071081099999997, 47.52687440000001], [19.071792299999995, 47.527144300000046], [19.071974100000002, 47.52721330000003], [19.072748799999996, 47.52750480000006]]}}, {"id": "(376, 371, 0)", "type": "Feature", "properties": {"_status": "original", "osmid": 860, "highway": "living_street", "maxspeed": null, "name": "Gid\u00f3falvy Lajos utca", "oneway": true, "reversed": false, "length": 189.53630080492846, "from": "371", "to": "376", "_key": "0", "lanes": null, "width": null, "bridge": null, "tunnel": null, "ref": null, "access": null}, "geometry": {"type": "LineString", "coordinates": [[19.070694399999997, 47.52709860000003], [19.070633199999993, 47.527074500000005], [19.07008679999999, 47.52686800000001], [19.06999539999999, 47.526835300000066], [19.0699255, 47.52678450000002], [19.069877200000004, 47.526730000000036], [19.069877199999997, 47.52668290000004], [19.069903999999998, 47.526617500000015], [19.069968499999998, 47.52656310000001], [19.0700492, 47.52653400000004], [19.070135199999996, 47.52653040000003], [19.070231999999997, 47.526552200000026], [19.070987400000003, 47.526838800000036], [19.071081099999997, 47.52687440000001]]}}, {"id": "(451, 469, 0)", "type": "Feature", "properties": {"_status": "changed", "osmid": 175, "highway": "residential", "maxspeed": null, "name": "Csata utca", "oneway": false, "reversed": false, "length": 122.76381457696758, "from": "451", "to": "469", "_key": "0", "lanes": null, "width": null, "bridge": null, "tunnel": null, "ref": null, "access": null}, "geometry": {"type": "LineString", "coordinates": [[19.0743813, 47.52617800000005], [19.075148799999994, 47.526781300000025], [19.075396, 47.52697580000007], [19.07545079999999, 47.52701290000001], [19.07554961580616, 47.527078000722135]]}}, {"id": "(451, 480, 0)", "type": "Feature", "properties": {"_status": "original", "osmid": 176, "highway": "residential", "maxspeed": null, "name": "Moh\u00e1cs utca", "oneway": true, "reversed": false, "length": 146.54972510665337, "from": "451", "to": "480", "_key": "0", "lanes": null, "width": null, "bridge": null, "tunnel": null, "ref": null, "access": null}, "geometry": {"type": "LineString", "coordinates": [[19.0743813, 47.52617800000005], [19.0757398, 47.525231700000006]]}}, {"id": "(469, 492, 0)", "type": "Feature", "properties": {"_status": "changed", "osmid": 189, "highway": "residential", "maxspeed": ["50", "30"], "name": "Csata utca", "oneway": false, "reversed": true, "length": 79.27399918662259, "from": "469", "to": "492", "_key": "0", "lanes": "2", "width": "8", "bridge": null, "tunnel": null, "ref": null, "access": null}, "geometry": {"type": "LineString", "coordinates": [[19.07554961580616, 47.527078000722135], [19.0756452, 47.52714530000006], [19.0760216, 47.52743140000004], [19.0763396, 47.5276823], [19.076915900000003, 47.52813720000001]]}}, {"id": "(469, 452, 0)", "type": "Feature", "properties": {"_status": "new", "osmid": 183, "highway": null, "maxspeed": null, "name": null, "oneway": null, "reversed": null, "length": null, "from": "452", "to": "469", "_key": "0", "lanes": null, "width": null, "bridge": null, "tunnel": null, "ref": null, "access": null}, "geometry": {"type": "LineString", "coordinates": [[19.07465401479854, 47.52763782413967], [19.07554961580616, 47.527078000722135]]}}, {"id": "(469, 497, 0)", "type": "Feature", "properties": {"_status": "new", "osmid": 190, "highway": null, "maxspeed": null, "name": null, "oneway": null, "reversed": null, "length": null, "from": "497", "to": "469", "_key": "0", "lanes": null, "width": null, "bridge": null, "tunnel": null, "ref": null, "access": null}, "geometry": {"type": "LineString", "coordinates": [[19.076896659617567, 47.52622052262618], [19.07554961580616, 47.527078000722135]]}}, {"id": "(480, 493, 0)", "type": "Feature", "properties": {"_status": "changed", "osmid": 225, "highway": "residential", "maxspeed": null, "name": "Moh\u00e1cs utca", "oneway": true, "reversed": false, "length": 61.409893279381464, "from": "480", "to": "493", "_key": "0", "lanes": null, "width": null, "bridge": null, "tunnel": null, "ref": null, "access": null}, "geometry": {"type": "LineString", "coordinates": [[19.0757398, 47.525231700000006], [19.076204299999997, 47.524916299999994], [19.076316500000004, 47.524840100000034], [19.076371734818164, 47.524805493619425]]}}, {"id": "(480, 497, 0)", "type": "Feature", "properties": {"_status": "changed", "osmid": 226, "highway": "residential", "maxspeed": null, "name": "Tar utca", "oneway": true, "reversed": false, "length": 132.90696770908414, "from": "480", "to": "497", "_key": "0", "lanes": null, "width": null, "bridge": null, "tunnel": null, "ref": null, "access": null}, "geometry": {"type": "LineString", "coordinates": [[19.0757398, 47.525231700000006], [19.076741999999992, 47.52594410000001], [19.076799199999996, 47.52603720000005], [19.076796199999993, 47.5260823], [19.076793700000003, 47.52614900000002], [19.076896659617567, 47.52622052262618]]}}, {"id": "(492, 529, 0)", "type": "Feature", "properties": {"_status": "changed", "osmid": 199, "highway": "residential", "maxspeed": "30", "name": "Kart\u00e1cs utca", "oneway": true, "reversed": false, "length": 193.79001950805002, "from": "492", "to": "529", "_key": "0", "lanes": "1", "width": null, "bridge": null, "tunnel": null, "ref": null, "access": null}, "geometry": {"type": "LineString", "coordinates": [[19.076915900000003, 47.52813720000001], [19.077249200000004, 47.52792440000001], [19.077963099999998, 47.52746850000001], [19.078698399999997, 47.526998900000024], [19.0787619, 47.52696060000003], [19.078795200000002, 47.52694280000007], [19.078879592371933, 47.526920532211854]]}}, {"id": "(492, 505, 0)", "type": "Feature", "properties": {"_status": "original", "osmid": 200, "highway": "residential", "maxspeed": "30", "name": "Csata utca", "oneway": true, "reversed": false, "length": 112.14984212640906, "from": "492", "to": "505", "_key": "0", "lanes": "1", "width": "8", "bridge": null, "tunnel": null, "ref": null, "access": null}, "geometry": {"type": "LineString", "coordinates": [[19.076915900000003, 47.52813720000001], [19.077901100000002, 47.52889530000004]]}}, {"id": "(488, 505, 0)", "type": "Feature", "properties": {"_status": "original", "osmid": 268, "highway": "residential", "maxspeed": "30", "name": "G\u00f6mb utca", "oneway": true, "reversed": false, "length": 126.4810502881356, "from": "505", "to": "488", "_key": "0", "lanes": null, "width": null, "bridge": null, "tunnel": null, "ref": null, "access": null}, "geometry": {"type": "LineString", "coordinates": [[19.077901100000002, 47.52889530000004], [19.076695399999995, 47.529689700000006]]}}, {"id": "(488, 501, 0)", "type": "Feature", "properties": {"_status": "original", "osmid": 807, "highway": "residential", "maxspeed": "30", "name": "\u00dcteg utca", "oneway": true, "reversed": false, "length": 130.59958101037353, "from": "501", "to": "488", "_key": "0", "lanes": null, "width": "8", "bridge": null, "tunnel": null, "ref": null, "access": null}, "geometry": {"type": "LineString", "coordinates": [[19.077881700000006, 47.53054870000002], [19.076695399999995, 47.529689700000006]]}}, {"id": "(493, 530, 0)", "type": "Feature", "properties": {"_status": "changed", "osmid": 227, "highway": "residential", "maxspeed": null, "name": "Moh\u00e1cs utca", "oneway": false, "reversed": true, "length": 208.73407013982919, "from": "530", "to": "493", "_key": "0", "lanes": null, "width": null, "bridge": null, "tunnel": null, "ref": null, "access": null}, "geometry": {"type": "LineString", "coordinates": [[19.07837719999999, 47.523433300000036], [19.078238599999995, 47.52352840000003], [19.077146699999997, 47.524276700000044], [19.077059899999995, 47.524336200000015], [19.076911299999995, 47.524438100000026], [19.0765327, 47.52469750000002], [19.076426199999993, 47.524770500000045], [19.076371734818164, 47.524805493619425]]}}, {"id": "(493, 517, 0)", "type": "Feature", "properties": {"_status": "new", "osmid": 228, "highway": null, "maxspeed": null, "name": null, "oneway": null, "reversed": null, "length": null, "from": "517", "to": "493", "_key": "0", "lanes": null, "width": null, "bridge": null, "tunnel": null, "ref": null, "access": null}, "geometry": {"type": "LineString", "coordinates": [[19.07789511438577, 47.5255944668598], [19.076371734818164, 47.524805493619425]]}}, {"id": "(497, 517, 0)", "type": "Feature", "properties": {"_status": "new", "osmid": 234, "highway": null, "maxspeed": null, "name": null, "oneway": null, "reversed": null, "length": null, "from": "497", "to": "517", "_key": "0", "lanes": null, "width": null, "bridge": null, "tunnel": null, "ref": null, "access": null}, "geometry": {"type": "LineString", "coordinates": [[19.076896659617567, 47.52622052262618], [19.07789511438577, 47.5255944668598]]}}, {"id": "(405, 473, 0)", "type": "Feature", "properties": {"_status": "changed", "osmid": 191, "highway": "living_street", "maxspeed": null, "name": "Tahi utca", "oneway": false, "reversed": false, "length": 175.85604143920006, "from": "405", "to": "473", "_key": "0", "lanes": null, "width": null, "bridge": null, "tunnel": null, "ref": null, "access": null}, "geometry": {"type": "LineString", "coordinates": [[19.07543415047429, 47.542881641608155], [19.07599310000001, 47.542847600000044], [19.076194200000007, 47.542808500000014], [19.0771812, 47.54261650000003], [19.0781555, 47.542427000000025], [19.0782246, 47.54241380000002], [19.078242699999997, 47.54240710000005], [19.07832863871071, 47.54239135242222]]}}, {"id": "(405, 428, 0)", "type": "Feature", "properties": {"_status": "changed", "osmid": 192, "highway": "living_street", "maxspeed": null, "name": "Tomori k\u00f6z", "oneway": true, "reversed": false, "length": 239.69833359330147, "from": "405", "to": "428", "_key": "0", "lanes": null, "width": null, "bridge": null, "tunnel": null, "ref": null, "access": null}, "geometry": {"type": "LineString", "coordinates": [[19.07543415047429, 47.542881641608155], [19.075203899999998, 47.543028300000024], [19.0752643, 47.54317800000003], [19.0752968, 47.54325850000006], [19.075339299999996, 47.54335410000002], [19.075430000000004, 47.5435884], [19.0755112, 47.54375920000006], [19.0755399, 47.54377880000003], [19.075576499999993, 47.54379630000003], [19.0756347, 47.543811000000005], [19.075922799999997, 47.54383600000001], [19.076126999999993, 47.543851700000026], [19.0762051, 47.54387670000006], [19.0762544, 47.543930100000004], [19.076268400000004, 47.54396220000006], [19.076532899999997, 47.54456710000005], [19.076560699999998, 47.54463060000007], [19.0765947, 47.54467370000005], [19.076628099999997, 47.54473000000002]]}}, {"id": "(405, 367, 0)", "type": "Feature", "properties": {"_status": "changed", "osmid": 193, "highway": "living_street", "maxspeed": null, "name": "Tahi utca", "oneway": false, "reversed": false, "length": 132.16543579055735, "from": "367", "to": "405", "_key": "0", "lanes": null, "width": null, "bridge": null, "tunnel": null, "ref": null, "access": null}, "geometry": {"type": "LineString", "coordinates": [[19.073412999999995, 47.54314450000001], [19.0745589, 47.54291790000003], [19.0751027, 47.542810200000034], [19.07543415047429, 47.542881641608155]]}}, {"id": "(473, 475, 0)", "type": "Feature", "properties": {"_status": "new", "osmid": 194, "highway": null, "maxspeed": null, "name": null, "oneway": null, "reversed": null, "length": null, "from": "473", "to": "475", "_key": "0", "lanes": null, "width": null, "bridge": null, "tunnel": null, "ref": null, "access": null}, "geometry": {"type": "LineString", "coordinates": [[19.07832863871071, 47.54239135242222], [19.078545256268093, 47.542871077053974]]}}, {"id": "(473, 467, 0)", "type": "Feature", "properties": {"_status": "changed", "osmid": 195, "highway": "tertiary", "maxspeed": null, "name": "R\u00f6ppenty\u0171 utca", "oneway": false, "reversed": [false, true], "length": 55.7257711209584, "from": "467", "to": "473", "_key": "0", "lanes": "2", "width": null, "bridge": "yes", "tunnel": null, "ref": null, "access": null}, "geometry": {"type": "LineString", "coordinates": [[19.077956000000004, 47.541303300000074], [19.077998999999995, 47.54138410000002], [19.0780903, 47.54157910000006], [19.0781434, 47.54175000000003], [19.078154400000003, 47.54178540000006], [19.07832863871071, 47.54239135242222]]}}, {"id": "(473, 521, 0)", "type": "Feature", "properties": {"_status": "changed", "osmid": 196, "highway": "living_street", "maxspeed": null, "name": "Tahi utca", "oneway": false, "reversed": true, "length": 227.34448844940272, "from": "521", "to": "473", "_key": "0", "lanes": null, "width": null, "bridge": null, "tunnel": null, "ref": null, "access": null}, "geometry": {"type": "LineString", "coordinates": [[19.080917300000003, 47.54124580000001], [19.0806998, 47.5413713], [19.080359599999994, 47.54156759999998], [19.079902199999996, 47.5418039], [19.0797651, 47.54187470000002], [19.079703799999994, 47.54190640000003], [19.0794827, 47.54200569999999], [19.078966799999993, 47.542214300000005], [19.078411, 47.54237100000004], [19.07832863871071, 47.54239135242222]]}}, {"id": "(428, 435, 0)", "type": "Feature", "properties": {"_status": "original", "osmid": 217, "highway": "living_street", "maxspeed": "20", "name": "Tomori utca", "oneway": false, "reversed": true, "length": 101.91672712336074, "from": "428", "to": "435", "_key": "0", "lanes": null, "width": null, "bridge": null, "tunnel": null, "ref": null, "access": null}, "geometry": {"type": "LineString", "coordinates": [[19.076628099999997, 47.54473000000002], [19.0766738, 47.544792500000035], [19.076854600000004, 47.54519730000002], [19.077035999999996, 47.54560330000004]]}}, {"id": "(428, 375, 0)", "type": "Feature", "properties": {"_status": "original", "osmid": 509, "highway": "residential", "maxspeed": "50", "name": "Fiasty\u00fak utca", "oneway": false, "reversed": true, "length": 182.89271769592696, "from": "428", "to": "375", "_key": "0", "lanes": "2", "width": null, "bridge": null, "tunnel": null, "ref": null, "access": null}, "geometry": {"type": "LineString", "coordinates": [[19.076628099999997, 47.54473000000002], [19.0765476, 47.54474730000004], [19.0758287, 47.544889500000004], [19.0742901, 47.54519330000004]]}}, {"id": "(428, 456, 0)", "type": "Feature", "properties": {"_status": "original", "osmid": 208, "highway": "residential", "maxspeed": "50", "name": "Fiasty\u00fak utca", "oneway": false, "reversed": true, "length": 89.64071687779338, "from": "456", "to": "428", "_key": "0", "lanes": "2", "width": null, "bridge": null, "tunnel": null, "ref": null, "access": null}, "geometry": {"type": "LineString", "coordinates": [[19.0777736, 47.54450200000005], [19.076728099999997, 47.54471140000002], [19.076628099999997, 47.54473000000002]]}}, {"id": "(367, 355, 0)", "type": "Feature", "properties": {"_status": "original", "osmid": 524, "highway": "residential", "maxspeed": null, "name": ["Lomb utca", "Madar\u00e1sz Viktor utca"], "oneway": false, "reversed": false, "length": 274.8239412832882, "from": "355", "to": "367", "_key": "0", "lanes": null, "width": null, "bridge": "yes", "tunnel": null, "ref": null, "access": null}, "geometry": {"type": "LineString", "coordinates": [[19.072328900000002, 47.54078390000001], [19.072362299999995, 47.540858400000026], [19.072471900000004, 47.54110300000002], [19.07285519999999, 47.54195780000002], [19.0729138, 47.542081899999985], [19.07305909999999, 47.542389700000015], [19.073121200000003, 47.542527600000035], [19.073219, 47.542737200000026], [19.073381999999988, 47.54308630000001], [19.073412999999995, 47.54314450000001]]}}, {"id": "(475, 528, 0)", "type": "Feature", "properties": {"_status": "changed", "osmid": 204, "highway": "living_street", "maxspeed": null, "name": "Tahi utca", "oneway": true, "reversed": false, "length": 253.44462015242496, "from": "475", "to": "528", "_key": "0", "lanes": null, "width": null, "bridge": null, "tunnel": null, "ref": null, "access": null}, "geometry": {"type": "LineString", "coordinates": [[19.078545256268093, 47.542871077053974], [19.078631199999997, 47.54285290000001], [19.079005, 47.54275160000004], [19.079362399999994, 47.542649100000055], [19.0796108, 47.54256990000001], [19.079894300000003, 47.5424663], [19.080055700000003, 47.542393900000036], [19.08039669999999, 47.542228], [19.0805004, 47.542177500000044], [19.0809393, 47.54192660000004], [19.081404, 47.54159970000002]]}}, {"id": "(475, 483, 0)", "type": "Feature", "properties": {"_status": "new", "osmid": 205, "highway": null, "maxspeed": null, "name": null, "oneway": null, "reversed": null, "length": null, "from": "475", "to": "483", "_key": "0", "lanes": null, "width": null, "bridge": null, "tunnel": null, "ref": null, "access": null}, "geometry": {"type": "LineString", "coordinates": [[19.078545256268093, 47.542871077053974], [19.079152648166072, 47.54421891753535]]}}, {"id": "(467, 458, 0)", "type": "Feature", "properties": {"_status": "changed", "osmid": 197, "highway": "tertiary", "maxspeed": null, "name": "R\u00f6ppenty\u0171 utca", "oneway": false, "reversed": false, "length": 10.905086788812568, "from": "458", "to": "467", "_key": "0", "lanes": "2", "width": null, "bridge": null, "tunnel": null, "ref": null, "access": null}, "geometry": {"type": "LineString", "coordinates": [[19.077092200000003, 47.539805799999975], [19.077439068807998, 47.54045097161262], [19.07790410000001, 47.541211700000055], [19.077956000000004, 47.541303300000074]]}}, {"id": "(467, 425, 0)", "type": "Feature", "properties": {"_status": "original", "osmid": 198, "highway": "residential", "maxspeed": null, "name": "Tahi utca", "oneway": false, "reversed": true, "length": 161.52989188399343, "from": "425", "to": "467", "_key": "0", "lanes": null, "width": null, "bridge": null, "tunnel": null, "ref": null, "access": null}, "geometry": {"type": "LineString", "coordinates": [[19.076061999999997, 47.5419886], [19.076597399999997, 47.5418305], [19.077165900000008, 47.54161780000003], [19.077731199999988, 47.541384000000036], [19.077774399999996, 47.541368300000045], [19.077956000000004, 47.541303300000074]]}}, {"id": "(521, 590, 0)", "type": "Feature", "properties": {"_status": "changed", "osmid": 202, "highway": "living_street", "maxspeed": null, "name": "Tahi utca", "oneway": false, "reversed": false, "length": 391.63675704126615, "from": "521", "to": "590", "_key": "0", "lanes": null, "width": null, "bridge": null, "tunnel": null, "ref": null, "access": null}, "geometry": {"type": "LineString", "coordinates": [[19.080917300000003, 47.54124580000001], [19.081634599999997, 47.540737800000024], [19.0822838, 47.540253100000044], [19.083032199999995, 47.5397041], [19.0832423, 47.53963730000002], [19.083855800000002, 47.539471299999974], [19.0840148, 47.53942840000002], [19.08417089999999, 47.539386100000044], [19.084710399999988, 47.53926640000004], [19.084906899999993, 47.53921269999998], [19.084993, 47.53919080000002], [19.085088099701597, 47.53916579913829]]}}, {"id": "(521, 528, 0)", "type": "Feature", "properties": {"_status": "original", "osmid": 203, "highway": "living_street", "maxspeed": null, "name": "Hajd\u00fa k\u00f6z", "oneway": false, "reversed": true, "length": 53.72436250856345, "from": "528", "to": "521", "_key": "0", "lanes": null, "width": null, "bridge": null, "tunnel": null, "ref": null, "access": null}, "geometry": {"type": "LineString", "coordinates": [[19.081404, 47.54159970000002], [19.081190400000004, 47.54145580000003], [19.080917300000003, 47.54124580000001]]}}, {"id": "(458, 399, 0)", "type": "Feature", "properties": {"_status": "original", "osmid": 535, "highway": "residential", "maxspeed": null, "name": "Rozsnyay utca", "oneway": false, "reversed": true, "length": 189.27936439035446, "from": "458", "to": "399", "_key": "0", "lanes": null, "width": null, "bridge": null, "tunnel": null, "ref": null, "access": null}, "geometry": {"type": "LineString", "coordinates": [[19.077092200000003, 47.539805799999975], [19.076913699999988, 47.539842], [19.076865600000005, 47.539851799999994], [19.074793499999988, 47.54027200000003], [19.074677299999998, 47.54029560000005]]}}, {"id": "(458, 447, 0)", "type": "Feature", "properties": {"_status": "original", "osmid": 536, "highway": "tertiary", "maxspeed": null, "name": "R\u00f6ppenty\u0171 utca", "oneway": false, "reversed": true, "length": 161.76798216850176, "from": "458", "to": "447", "_key": "0", "lanes": ["3", "2"], "width": null, "bridge": null, "tunnel": null, "ref": null, "access": null}, "geometry": {"type": "LineString", "coordinates": [[19.077092200000003, 47.539805799999975], [19.077057899999996, 47.539735500000035], [19.076903900000005, 47.53941970000001], [19.07678960000001, 47.53918530000003], [19.0767275, 47.53906040000001], [19.076557599999997, 47.53869079999999], [19.0764334, 47.53842070000003]]}}, {"id": "(458, 511, 0)", "type": "Feature", "properties": {"_status": "original", "osmid": 537, "highway": "residential", "maxspeed": null, "name": "Rozsnyay utca", "oneway": false, "reversed": true, "length": 229.10390177284702, "from": "511", "to": "458", "_key": "0", "lanes": null, "width": null, "bridge": null, "tunnel": null, "ref": null, "access": null}, "geometry": {"type": "LineString", "coordinates": [[19.0800162, 47.53921560000003], [19.079838, 47.53924960000001], [19.0797073, 47.53927590000002], [19.0773194, 47.5397556], [19.0772494, 47.539769699999994], [19.077092200000003, 47.539805799999975]]}}, {"id": "(529, 517, 0)", "type": "Feature", "properties": {"_status": "new", "osmid": 257, "highway": null, "maxspeed": null, "name": null, "oneway": null, "reversed": null, "length": null, "from": "517", "to": "529", "_key": "0", "lanes": null, "width": null, "bridge": null, "tunnel": null, "ref": null, "access": null}, "geometry": {"type": "LineString", "coordinates": [[19.07789511438577, 47.5255944668598], [19.07826508593786, 47.5258926814508], [19.078879592371933, 47.526920532211854]]}}, {"id": "(529, 540, 0)", "type": "Feature", "properties": {"_status": "new", "osmid": 256, "highway": null, "maxspeed": null, "name": null, "oneway": null, "reversed": null, "length": null, "from": "540", "to": "529", "_key": "0", "lanes": null, "width": null, "bridge": null, "tunnel": null, "ref": null, "access": null}, "geometry": {"type": "LineString", "coordinates": [[19.07946638353133, 47.527951372487614], [19.078879592371933, 47.526920532211854]]}}, {"id": "(505, 540, 0)", "type": "Feature", "properties": {"_status": "changed", "osmid": 266, "highway": "residential", "maxspeed": "30", "name": "G\u00f6mb utca", "oneway": true, "reversed": false, "length": 151.57531135295676, "from": "505", "to": "540", "_key": "0", "lanes": null, "width": null, "bridge": null, "tunnel": null, "ref": null, "access": null}, "geometry": {"type": "LineString", "coordinates": [[19.077901100000002, 47.52889530000004], [19.07843559999999, 47.528560299999995], [19.07847469999999, 47.52853590000005], [19.0789758, 47.528221900000055], [19.079317499999995, 47.52800950000003], [19.079385799999994, 47.52797180000004], [19.07946638353133, 47.527951372487614]]}}, {"id": "(505, 531, 0)", "type": "Feature", "properties": {"_status": "original", "osmid": 267, "highway": "residential", "maxspeed": "30", "name": "Csata utca", "oneway": true, "reversed": false, "length": 192.27398991624344, "from": "505", "to": "531", "_key": "0", "lanes": "1", "width": "8", "bridge": null, "tunnel": null, "ref": null, "access": null}, "geometry": {"type": "LineString", "coordinates": [[19.077901100000002, 47.52889530000004], [19.0794213, 47.53005950000004], [19.0794757, 47.53010240000004], [19.079591700000005, 47.53019410000003]]}}, {"id": "(590, 599, 0)", "type": "Feature", "properties": {"_status": "new", "osmid": 324, "highway": null, "maxspeed": null, "name": null, "oneway": null, "reversed": null, "length": null, "from": "590", "to": "599", "_key": "0", "lanes": null, "width": null, "bridge": null, "tunnel": null, "ref": null, "access": null}, "geometry": {"type": "LineString", "coordinates": [[19.085088099701597, 47.53916579913829], [19.08536702113711, 47.53965583804062], [19.085633404659198, 47.53977999474471]]}}, {"id": "(590, 584, 0)", "type": "Feature", "properties": {"_status": "new", "osmid": 316, "highway": null, "maxspeed": null, "name": null, "oneway": null, "reversed": null, "length": null, "from": "584", "to": "590", "_key": "0", "lanes": null, "width": null, "bridge": null, "tunnel": null, "ref": null, "access": null}, "geometry": {"type": "LineString", "coordinates": [[19.084687493640526, 47.53845795560072], [19.085088099701597, 47.53916579913829]]}}, {"id": "(528, 547, 0)", "type": "Feature", "properties": {"_status": "original", "osmid": 206, "highway": "living_street", "maxspeed": null, "name": "Hajd\u00fa k\u00f6z", "oneway": false, "reversed": false, "length": 117.59794499578345, "from": "528", "to": "547", "_key": "0", "lanes": null, "width": null, "bridge": null, "tunnel": null, "ref": null, "access": null}, "geometry": {"type": "LineString", "coordinates": [[19.081404, 47.54159970000002], [19.081891700000003, 47.54190060000003], [19.082412899999998, 47.54217050000004], [19.0825098, 47.542220400000005], [19.082564299999994, 47.54224850000005], [19.082610899999995, 47.54227250000007]]}}, {"id": "(483, 500, 0)", "type": "Feature", "properties": {"_status": "changed", "osmid": 210, "highway": "residential", "maxspeed": "50", "name": "Fiasty\u00fak utca", "oneway": false, "reversed": false, "length": 80.70536133943438, "from": "483", "to": "500", "_key": "0", "lanes": null, "width": null, "bridge": null, "tunnel": null, "ref": null, "access": null}, "geometry": {"type": "LineString", "coordinates": [[19.079152648166072, 47.54421891753535], [19.079242800000003, 47.5442015], [19.079379599999992, 47.54416870000006], [19.079861299999994, 47.54403830000002], [19.080231500000004, 47.54391770000003]]}}, {"id": "(483, 489, 0)", "type": "Feature", "properties": {"_status": "new", "osmid": 211, "highway": null, "maxspeed": null, "name": null, "oneway": null, "reversed": null, "length": null, "from": "483", "to": "489", "_key": "0", "lanes": null, "width": null, "bridge": null, "tunnel": null, "ref": null, "access": null}, "geometry": {"type": "LineString", "coordinates": [[19.079152648166072, 47.54421891753535], [19.079550880411063, 47.54505667347975]]}}, {"id": "(483, 456, 0)", "type": "Feature", "properties": {"_status": "changed", "osmid": 207, "highway": "residential", "maxspeed": "50", "name": "Fiasty\u00fak utca", "oneway": false, "reversed": false, "length": 101.16654965409886, "from": "456", "to": "483", "_key": "0", "lanes": "3", "width": null, "bridge": null, "tunnel": null, "ref": null, "access": null}, "geometry": {"type": "LineString", "coordinates": [[19.0777736, 47.54450200000005], [19.078732999999993, 47.54431070000001], [19.0789559, 47.54426010000002], [19.079062599999997, 47.54423649999998], [19.079152648166072, 47.54421891753535]]}}, {"id": "(547, 554, 0)", "type": "Feature", "properties": {"_status": "original", "osmid": 644, "highway": "residential", "maxspeed": "50", "name": "Fiasty\u00fak utca", "oneway": false, "reversed": false, "length": 39.62141761442971, "from": "547", "to": "554", "_key": "0", "lanes": "2", "width": null, "bridge": null, "tunnel": null, "ref": null, "access": null}, "geometry": {"type": "LineString", "coordinates": [[19.082610899999995, 47.54227250000007], [19.082908700000004, 47.54197830000001]]}}, {"id": "(547, 544, 0)", "type": "Feature", "properties": {"_status": "original", "osmid": 1007, "highway": "residential", "maxspeed": "50", "name": "Fiasty\u00fak utca", "oneway": false, "reversed": true, "length": 21.94294493990901, "from": "547", "to": "544", "_key": "0", "lanes": "2", "width": null, "bridge": null, "tunnel": null, "ref": null, "access": null}, "geometry": {"type": "LineString", "coordinates": [[19.082610899999995, 47.54227250000007], [19.082440199999997, 47.54243270000002]]}}, {"id": "(456, 448, 0)", "type": "Feature", "properties": {"_status": "original", "osmid": 209, "highway": "living_street", "maxspeed": null, "name": "M\u00e1glya k\u00f6z", "oneway": false, "reversed": true, "length": 119.20380635055827, "from": "448", "to": "456", "_key": "0", "lanes": null, "width": null, "bridge": null, "tunnel": null, "ref": null, "access": null}, "geometry": {"type": "LineString", "coordinates": [[19.077333300000003, 47.54347200000004], [19.077587, 47.54406550000006], [19.077702499999997, 47.54433560000004], [19.0777736, 47.54450200000005]]}}, {"id": "(448, 436, 0)", "type": "Feature", "properties": {"_status": "original", "osmid": 928, "highway": "living_street", "maxspeed": null, "name": "M\u00e1glya k\u00f6z", "oneway": false, "reversed": true, "length": 45.715135974317135, "from": "436", "to": "448", "_key": "0", "lanes": null, "width": null, "bridge": null, "tunnel": null, "ref": null, "access": null}, "geometry": {"type": "LineString", "coordinates": [[19.076750999999994, 47.54359250000003], [19.076835, 47.54357510000002], [19.076940199999985, 47.54355330000004], [19.077333300000003, 47.54347200000004]]}}, {"id": "(448, 462, 0)", "type": "Feature", "properties": {"_status": "original", "osmid": 929, "highway": "living_street", "maxspeed": null, "name": "M\u00e1glya k\u00f6z", "oneway": false, "reversed": false, "length": 42.48571164953243, "from": "462", "to": "448", "_key": "0", "lanes": null, "width": null, "bridge": null, "tunnel": null, "ref": null, "access": null}, "geometry": {"type": "LineString", "coordinates": [[19.077875000000002, 47.543361200000014], [19.077701499999993, 47.54339670000004], [19.077333300000003, 47.54347200000004]]}}, {"id": "(500, 510, 0)", "type": "Feature", "properties": {"_status": "original", "osmid": 212, "highway": "living_street", "maxspeed": null, "name": "Szomsz\u00e9d utca", "oneway": false, "reversed": false, "length": 187.5902093985964, "from": "500", "to": "510", "_key": "0", "lanes": null, "width": null, "bridge": null, "tunnel": null, "ref": null, "access": null}, "geometry": {"type": "LineString", "coordinates": [[19.080231500000004, 47.54391770000003], [19.080280799999997, 47.54396370000004], [19.0802982, 47.54399980000001], [19.08102789999999, 47.54551400000002]]}}, {"id": "(500, 506, 0)", "type": "Feature", "properties": {"_status": "original", "osmid": 213, "highway": "residential", "maxspeed": "50", "name": "Fiasty\u00fak utca", "oneway": false, "reversed": true, "length": 37.09930465716224, "from": "506", "to": "500", "_key": "0", "lanes": null, "width": null, "bridge": null, "tunnel": null, "ref": null, "access": null}, "geometry": {"type": "LineString", "coordinates": [[19.080658099999994, 47.54374920000002], [19.080310499999996, 47.54388650000004], [19.080231500000004, 47.54391770000003]]}}, {"id": "(489, 491, 0)", "type": "Feature", "properties": {"_status": "new", "osmid": 218, "highway": null, "maxspeed": null, "name": null, "oneway": null, "reversed": null, "length": null, "from": "489", "to": "491", "_key": "0", "lanes": null, "width": null, "bridge": null, "tunnel": null, "ref": null, "access": null}, "geometry": {"type": "LineString", "coordinates": [[19.079550880411063, 47.54505667347975], [19.079887469040376, 47.54576100020178]]}}, {"id": "(489, 435, 0)", "type": "Feature", "properties": {"_status": "changed", "osmid": 214, "highway": "living_street", "maxspeed": null, "name": "Agyag utca", "oneway": true, "reversed": false, "length": 191.0944952202052, "from": "435", "to": "489", "_key": "0", "lanes": null, "width": null, "bridge": null, "tunnel": null, "ref": null, "access": null}, "geometry": {"type": "LineString", "coordinates": [[19.077035999999996, 47.54560330000004], [19.077234100000005, 47.54556020000003], [19.078114400000008, 47.54536840000005], [19.07825400000001, 47.54533800000004], [19.078698799999998, 47.54524110000005], [19.0791957, 47.54513280000007], [19.079459499999995, 47.54507670000007], [19.079550880411063, 47.54505667347975]]}}, {"id": "(510, 491, 0)", "type": "Feature", "properties": {"_status": "changed", "osmid": 222, "highway": "living_street", "maxspeed": "20", "name": "Mosoly utca", "oneway": false, "reversed": false, "length": 82.43790723072831, "from": "491", "to": "510", "_key": "0", "lanes": null, "width": null, "bridge": null, "tunnel": null, "ref": null, "access": null}, "geometry": {"type": "LineString", "coordinates": [[19.079887469040376, 47.54576100020178], [19.0799826, 47.545741600000014], [19.08102789999999, 47.54551400000002]]}}, {"id": "(510, 514, 0)", "type": "Feature", "properties": {"_status": "original", "osmid": 224, "highway": "living_street", "maxspeed": "20", "name": "Mosoly utca", "oneway": false, "reversed": true, "length": 22.460111199142485, "from": "514", "to": "510", "_key": "0", "lanes": null, "width": null, "bridge": null, "tunnel": null, "ref": null, "access": null}, "geometry": {"type": "LineString", "coordinates": [[19.081315999999998, 47.545459400000006], [19.08102789999999, 47.54551400000002]]}}, {"id": "(506, 516, 0)", "type": "Feature", "properties": {"_status": "original", "osmid": 632, "highway": "residential", "maxspeed": "50", "name": "Fiasty\u00fak utca", "oneway": false, "reversed": true, "length": 38.5009575070876, "from": "516", "to": "506", "_key": "0", "lanes": null, "width": null, "bridge": null, "tunnel": null, "ref": null, "access": null}, "geometry": {"type": "LineString", "coordinates": [[19.08106749999999, 47.54354060000006], [19.080658099999994, 47.54374920000002]]}}, {"id": "(506, 508, 0)", "type": "Feature", "properties": {"_status": "original", "osmid": 633, "highway": "living_street", "maxspeed": null, "name": "Fiasty\u00fak utca", "oneway": false, "reversed": false, "length": 137.92024626055417, "from": "508", "to": "506", "_key": "0", "lanes": null, "width": null, "bridge": null, "tunnel": null, "ref": null, "access": null}, "geometry": {"type": "LineString", "coordinates": [[19.080508199999997, 47.54280310000006], [19.080121699999996, 47.54302680000004], [19.0800217, 47.54309599999997], [19.080013900000004, 47.54317770000002], [19.080578599999996, 47.54367870000002], [19.080658099999994, 47.54374920000002]]}}, {"id": "(435, 439, 0)", "type": "Feature", "properties": {"_status": "original", "osmid": 215, "highway": "living_street", "maxspeed": "20", "name": "Tomori utca", "oneway": false, "reversed": true, "length": 77.98704275027896, "from": "435", "to": "439", "_key": "0", "lanes": null, "width": null, "bridge": null, "tunnel": null, "ref": null, "access": null}, "geometry": {"type": "LineString", "coordinates": [[19.077035999999996, 47.54560330000004], [19.077273699999992, 47.5461565], [19.077325400000003, 47.546276900000024]]}}, {"id": "(435, 420, 0)", "type": "Feature", "properties": {"_status": "original", "osmid": 216, "highway": "residential", "maxspeed": null, "name": "Agyag utca", "oneway": true, "reversed": false, "length": 42.2815904625723, "from": "435", "to": "420", "_key": "0", "lanes": null, "width": null, "bridge": null, "tunnel": null, "ref": null, "access": null}, "geometry": {"type": "LineString", "coordinates": [[19.077035999999996, 47.54560330000004], [19.0768294, 47.54564600000004], [19.0764973, 47.54571450000001]]}}, {"id": "(439, 491, 0)", "type": "Feature", "properties": {"_status": "changed", "osmid": 219, "highway": "living_street", "maxspeed": null, "name": "Mosoly utca", "oneway": false, "reversed": true, "length": 193.22179131950594, "from": "439", "to": "491", "_key": "0", "lanes": null, "width": null, "bridge": null, "tunnel": null, "ref": null, "access": null}, "geometry": {"type": "LineString", "coordinates": [[19.077325400000003, 47.546276900000024], [19.078043199999996, 47.54613260000002], [19.078999600000003, 47.54594020000003], [19.079522599999997, 47.545834600000035], [19.0797923, 47.54578010000005], [19.079887469040376, 47.54576100020178]]}}, {"id": "(439, 445, 0)", "type": "Feature", "properties": {"_status": "original", "osmid": 220, "highway": "living_street", "maxspeed": "20", "name": "Tomori utca", "oneway": false, "reversed": true, "length": 144.72496224404372, "from": "439", "to": "445", "_key": "0", "lanes": null, "width": null, "bridge": null, "tunnel": null, "ref": null, "access": null}, "geometry": {"type": "LineString", "coordinates": [[19.077325400000003, 47.546276900000024], [19.0773945, 47.54642930000004], [19.077446900000005, 47.5465511], [19.0778358, 47.547453700000005], [19.0778714, 47.547525099999994]]}}, {"id": "(439, 424, 0)", "type": "Feature", "properties": {"_status": "original", "osmid": 221, "highway": "living_street", "maxspeed": null, "name": "Mosoly utca", "oneway": false, "reversed": false, "length": 41.364672204043565, "from": "424", "to": "439", "_key": "0", "lanes": null, "width": null, "bridge": null, "tunnel": null, "ref": null, "access": null}, "geometry": {"type": "LineString", "coordinates": [[19.076795999999995, 47.546380299999996], [19.077325400000003, 47.546276900000024]]}}, {"id": "(420, 424, 0)", "type": "Feature", "properties": {"_status": "original", "osmid": 675, "highway": "residential", "maxspeed": null, "name": "Mosoly utca", "oneway": false, "reversed": true, "length": 77.35382252494418, "from": "420", "to": "424", "_key": "0", "lanes": null, "width": null, "bridge": null, "tunnel": null, "ref": null, "access": null}, "geometry": {"type": "LineString", "coordinates": [[19.0764973, 47.54571450000001], [19.076795999999995, 47.546380299999996]]}}, {"id": "(420, 379, 0)", "type": "Feature", "properties": {"_status": "original", "osmid": 676, "highway": "residential", "maxspeed": null, "name": "Agyag utca", "oneway": true, "reversed": false, "length": 141.84877065713286, "from": "420", "to": "379", "_key": "0", "lanes": null, "width": null, "bridge": null, "tunnel": null, "ref": null, "access": null}, "geometry": {"type": "LineString", "coordinates": [[19.0764973, 47.54571450000001], [19.075592000000004, 47.545898900000005], [19.074687, 47.54608080000002]]}}, {"id": "(491, 495, 0)", "type": "Feature", "properties": {"_status": "new", "osmid": 223, "highway": null, "maxspeed": null, "name": null, "oneway": null, "reversed": null, "length": null, "from": "491", "to": "495", "_key": "0", "lanes": null, "width": null, "bridge": null, "tunnel": null, "ref": null, "access": null}, "geometry": {"type": "LineString", "coordinates": [[19.079887469040376, 47.54576100020178], [19.080463905833234, 47.54702059707782]]}}, {"id": "(445, 450, 0)", "type": "Feature", "properties": {"_status": "original", "osmid": 661, "highway": "living_street", "maxspeed": "20", "name": "Tomori utca", "oneway": false, "reversed": true, "length": 81.18537942797425, "from": "445", "to": "450", "_key": "0", "lanes": null, "width": null, "bridge": null, "tunnel": null, "ref": null, "access": null}, "geometry": {"type": "LineString", "coordinates": [[19.0778714, 47.547525099999994], [19.0781431, 47.54807770000001], [19.078211899999996, 47.548218100000035]]}}, {"id": "(445, 412, 0)", "type": "Feature", "properties": {"_status": "original", "osmid": 668, "highway": "residential", "maxspeed": "30", "name": "Bab\u00e9r utca", "oneway": true, "reversed": false, "length": 111.1816160627352, "from": "445", "to": "412", "_key": "0", "lanes": null, "width": null, "bridge": null, "tunnel": null, "ref": null, "access": null}, "geometry": {"type": "LineString", "coordinates": [[19.0778714, 47.547525099999994], [19.076719300000008, 47.54777380000001], [19.076601399999998, 47.54779930000006], [19.076460600000008, 47.54783000000002]]}}, {"id": "(445, 464, 0)", "type": "Feature", "properties": {"_status": "original", "osmid": 669, "highway": "living_street", "maxspeed": "30", "name": "Bab\u00e9r utca", "oneway": false, "reversed": false, "length": 66.56197607084323, "from": "464", "to": "445", "_key": "0", "lanes": null, "width": null, "bridge": null, "tunnel": null, "ref": null, "access": null}, "geometry": {"type": "LineString", "coordinates": [[19.078720699999998, 47.547352800000034], [19.078266499999998, 47.54744300000006], [19.0778714, 47.547525099999994]]}}, {"id": "(424, 412, 0)", "type": "Feature", "properties": {"_status": "original", "osmid": 672, "highway": ["living_street", "residential"], "maxspeed": null, "name": ["Csuka utca", "Mosoly utca"], "oneway": false, "reversed": [false, true], "length": 219.0844183873696, "from": "424", "to": "412", "_key": "0", "lanes": null, "width": null, "bridge": null, "tunnel": null, "ref": null, "access": null}, "geometry": {"type": "LineString", "coordinates": [[19.076795999999995, 47.546380299999996], [19.076006599999992, 47.546538300000044], [19.075880399999996, 47.5465635], [19.075993899999997, 47.546811199999986], [19.076117699999998, 47.547081600000006], [19.076382999999996, 47.54766060000003], [19.0764427, 47.547790900000024], [19.076460600000008, 47.54783000000002]]}}, {"id": "(495, 499, 0)", "type": "Feature", "properties": {"_status": "new", "osmid": 232, "highway": null, "maxspeed": null, "name": null, "oneway": null, "reversed": null, "length": null, "from": "495", "to": "499", "_key": "0", "lanes": null, "width": null, "bridge": null, "tunnel": null, "ref": null, "access": null}, "geometry": {"type": "LineString", "coordinates": [[19.080463905833234, 47.54702059707782], [19.080945242290074, 47.54805517389685]]}}, {"id": "(495, 486, 0)", "type": "Feature", "properties": {"_status": "changed", "osmid": 229, "highway": "living_street", "maxspeed": "30", "name": "Bab\u00e9r utca", "oneway": false, "reversed": true, "length": 49.654443749146914, "from": "486", "to": "495", "_key": "0", "lanes": null, "width": null, "bridge": null, "tunnel": null, "ref": null, "access": null}, "geometry": {"type": "LineString", "coordinates": [[19.079724, 47.547165700000015], [19.080359600000005, 47.547041799999995], [19.080463905833234, 47.54702059707782]]}}, {"id": "(514, 520, 0)", "type": "Feature", "properties": {"_status": "original", "osmid": 628, "highway": "living_street", "maxspeed": null, "name": "V\u0151leg\u00e9ny utca", "oneway": false, "reversed": false, "length": 103.61250577022409, "from": "520", "to": "514", "_key": "0", "lanes": null, "width": null, "bridge": null, "tunnel": null, "ref": null, "access": null}, "geometry": {"type": "LineString", "coordinates": [[19.0817343, 47.54634740000003], [19.081435999999997, 47.545714099999984], [19.081315999999998, 47.545459400000006]]}}, {"id": "(514, 527, 0)", "type": "Feature", "properties": {"_status": "original", "osmid": 627, "highway": "living_street", "maxspeed": "20", "name": "Mosoly utca", "oneway": false, "reversed": true, "length": 50.7404773665933, "from": "527", "to": "514", "_key": "0", "lanes": null, "width": null, "bridge": null, "tunnel": null, "ref": null, "access": null}, "geometry": {"type": "LineString", "coordinates": [[19.0819624, 47.54532580000002], [19.081315999999998, 47.545459400000006]]}}, {"id": "(517, 552, 0)", "type": "Feature", "properties": {"_status": "new", "osmid": 284, "highway": null, "maxspeed": null, "name": null, "oneway": null, "reversed": null, "length": null, "from": "517", "to": "552", "_key": "0", "lanes": null, "width": null, "bridge": null, "tunnel": null, "ref": null, "access": null}, "geometry": {"type": "LineString", "coordinates": [[19.07789511438577, 47.5255944668598], [19.079740585122458, 47.52444005337212]]}}, {"id": "(486, 471, 0)", "type": "Feature", "properties": {"_status": "original", "osmid": 230, "highway": "living_street", "maxspeed": "30", "name": "Bab\u00e9r utca", "oneway": false, "reversed": true, "length": 43.84678411021573, "from": "471", "to": "486", "_key": "0", "lanes": null, "width": null, "bridge": null, "tunnel": null, "ref": null, "access": null}, "geometry": {"type": "LineString", "coordinates": [[19.0791636, 47.54727710000003], [19.079724, 47.547165700000015]]}}, {"id": "(486, 478, 0)", "type": "Feature", "properties": {"_status": "original", "osmid": 231, "highway": "living_street", "maxspeed": null, "name": null, "oneway": false, "reversed": true, "length": 128.2985439785105, "from": "478", "to": "486", "_key": "0", "lanes": null, "width": "4", "bridge": null, "tunnel": null, "ref": null, "access": null}, "geometry": {"type": "LineString", "coordinates": [[19.079260899999998, 47.54605510000003], [19.0795077, 47.54666910000003], [19.079724, 47.547165700000015]]}}, {"id": "(471, 477, 0)", "type": "Feature", "properties": {"_status": "original", "osmid": 238, "highway": "living_street", "maxspeed": null, "name": "K\u00e1r\u00e1sz utca", "oneway": false, "reversed": true, "length": 121.62773291830825, "from": "471", "to": "477", "_key": "0", "lanes": null, "width": null, "bridge": null, "tunnel": null, "ref": null, "access": null}, "geometry": {"type": "LineString", "coordinates": [[19.0791636, 47.54727710000003], [19.079182399999997, 47.54732110000002], [19.079397200000006, 47.54782400000003], [19.079612600000004, 47.548328100000056]]}}, {"id": "(471, 464, 0)", "type": "Feature", "properties": {"_status": "original", "osmid": 655, "highway": "living_street", "maxspeed": "30", "name": "Bab\u00e9r utca", "oneway": false, "reversed": false, "length": 34.29085482821207, "from": "471", "to": "464", "_key": "0", "lanes": null, "width": null, "bridge": null, "tunnel": null, "ref": null, "access": null}, "geometry": {"type": "LineString", "coordinates": [[19.0791636, 47.54727710000003], [19.078720699999998, 47.547352800000034]]}}, {"id": "(499, 477, 0)", "type": "Feature", "properties": {"_status": "changed", "osmid": 235, "highway": "residential", "maxspeed": "50", "name": "Gy\u00f6ngy\u00f6si utca", "oneway": false, "reversed": false, "length": 94.96079258693865, "from": "477", "to": "499", "_key": "0", "lanes": null, "width": null, "bridge": null, "tunnel": null, "ref": null, "access": null}, "geometry": {"type": "LineString", "coordinates": [[19.079612600000004, 47.548328100000056], [19.080216299999996, 47.54820580000001], [19.0802908, 47.54818860000003], [19.080721899999997, 47.54809870000001], [19.080822800000004, 47.548079100000024], [19.080945242290074, 47.54805517389685]]}}, {"id": "(499, 504, 0)", "type": "Feature", "properties": {"_status": "new", "osmid": 239, "highway": null, "maxspeed": null, "name": null, "oneway": null, "reversed": null, "length": null, "from": "504", "to": "499", "_key": "0", "lanes": null, "width": null, "bridge": null, "tunnel": null, "ref": null, "access": null}, "geometry": {"type": "LineString", "coordinates": [[19.081364995011622, 47.548978018879936], [19.080945242290074, 47.54805517389685]]}}, {"id": "(499, 526, 0)", "type": "Feature", "properties": {"_status": "changed", "osmid": 240, "highway": "residential", "maxspeed": "40", "name": "Gy\u00f6ngy\u00f6si utca", "oneway": false, "reversed": true, "length": 103.48685425296847, "from": "526", "to": "499", "_key": "0", "lanes": "2", "width": null, "bridge": null, "tunnel": null, "ref": null, "access": null}, "geometry": {"type": "LineString", "coordinates": [[19.082389100000004, 47.547763800000055], [19.0811573, 47.5480108], [19.08106769999999, 47.54802960000003], [19.080945242290074, 47.54805517389685]]}}, {"id": "(477, 485, 0)", "type": "Feature", "properties": {"_status": "original", "osmid": 236, "highway": "residential", "maxspeed": null, "name": "K\u00e1r\u00e1sz utca", "oneway": true, "reversed": false, "length": 121.74794532925947, "from": "485", "to": "477", "_key": "0", "lanes": null, "width": null, "bridge": null, "tunnel": null, "ref": null, "access": null}, "geometry": {"type": "LineString", "coordinates": [[19.080073399999996, 47.54937790000003], [19.079612600000004, 47.548328100000056]]}}, {"id": "(477, 453, 0)", "type": "Feature", "properties": {"_status": "original", "osmid": 237, "highway": "residential", "maxspeed": "50", "name": "Gy\u00f6ngy\u00f6si utca", "oneway": false, "reversed": false, "length": 96.77446365706044, "from": "453", "to": "477", "_key": "0", "lanes": null, "width": null, "bridge": null, "tunnel": null, "ref": null, "access": null}, "geometry": {"type": "LineString", "coordinates": [[19.078375799999996, 47.54857390000002], [19.0785457, 47.54853769999999], [19.078699100000005, 47.5485108], [19.079612600000004, 47.548328100000056]]}}, {"id": "(485, 504, 0)", "type": "Feature", "properties": {"_status": "changed", "osmid": 241, "highway": "residential", "maxspeed": "50", "name": "Faludi utca", "oneway": false, "reversed": true, "length": 96.4562636160106, "from": "485", "to": "504", "_key": "0", "lanes": null, "width": null, "bridge": null, "tunnel": null, "ref": null, "access": null}, "geometry": {"type": "LineString", "coordinates": [[19.080073399999996, 47.54937790000003], [19.080151099999988, 47.5493341], [19.080468999999994, 47.54923209999999], [19.080644099999997, 47.549175900000044], [19.0808613, 47.549113399999996], [19.081231000000002, 47.54900690000005], [19.081364995011622, 47.548978018879936]]}}, {"id": "(485, 461, 0)", "type": "Feature", "properties": {"_status": "original", "osmid": 242, "highway": "residential", "maxspeed": "50", "name": "Faludi utca", "oneway": false, "reversed": false, "length": 111.56626299580861, "from": "485", "to": "461", "_key": "0", "lanes": null, "width": null, "bridge": null, "tunnel": null, "ref": null, "access": null}, "geometry": {"type": "LineString", "coordinates": [[19.080073399999996, 47.54937790000003], [19.080029499999995, 47.54940270000003], [19.079850599999993, 47.549503800000025], [19.079676600000006, 47.54962280000002], [19.079655700000007, 47.54963710000002], [19.07945259999999, 47.54977610000005], [19.0793594, 47.5498398], [19.0792204, 47.54994360000007], [19.0790263, 47.55008840000005]]}}, {"id": "(453, 461, 0)", "type": "Feature", "properties": {"_status": "original", "osmid": 653, "highway": "residential", "maxspeed": "30", "name": "Tomori utca", "oneway": false, "reversed": false, "length": 175.35154519662495, "from": "461", "to": "453", "_key": "0", "lanes": null, "width": null, "bridge": null, "tunnel": null, "ref": null, "access": null}, "geometry": {"type": "LineString", "coordinates": [[19.0790263, 47.55008840000005], [19.078894700000003, 47.54978109999999], [19.078822200000005, 47.54962580000004], [19.078699299999997, 47.54933940000005], [19.078433399999994, 47.54871980000004], [19.078402500000003, 47.54864780000001], [19.078375799999996, 47.54857390000002]]}}, {"id": "(453, 395, 0)", "type": "Feature", "properties": {"_status": "original", "osmid": 652, "highway": "residential", "maxspeed": "50", "name": "Gy\u00f6ngy\u00f6si utca", "oneway": false, "reversed": false, "length": 186.65165918334486, "from": "395", "to": "453", "_key": "0", "lanes": null, "width": null, "bridge": null, "tunnel": null, "ref": null, "access": null}, "geometry": {"type": "LineString", "coordinates": [[19.075997, 47.54906310000002], [19.0761124, 47.549040900000016], [19.076536600000004, 47.548959100000026], [19.076571099999992, 47.54895160000002], [19.077184799999998, 47.54881890000006], [19.0773241, 47.548792000000034], [19.078280000000003, 47.54859440000002], [19.078375799999996, 47.54857390000002]]}}, {"id": "(453, 450, 0)", "type": "Feature", "properties": {"_status": "original", "osmid": 654, "highway": "living_street", "maxspeed": "20", "name": "Tomori utca", "oneway": false, "reversed": true, "length": 41.447635734503606, "from": "450", "to": "453", "_key": "0", "lanes": null, "width": null, "bridge": null, "tunnel": null, "ref": null, "access": null}, "geometry": {"type": "LineString", "coordinates": [[19.078211899999996, 47.548218100000035], [19.0782424, 47.54828020000002], [19.078307999999993, 47.548415400000025], [19.0783548, 47.54851570000001], [19.078375799999996, 47.54857390000002]]}}, {"id": "(504, 509, 0)", "type": "Feature", "properties": {"_status": "new", "osmid": 243, "highway": null, "maxspeed": null, "name": null, "oneway": null, "reversed": null, "length": null, "from": "509", "to": "504", "_key": "0", "lanes": null, "width": null, "bridge": null, "tunnel": null, "ref": null, "access": null}, "geometry": {"type": "LineString", "coordinates": [[19.081736279249554, 47.5497366424058], [19.081364995011622, 47.548978018879936]]}}, {"id": "(526, 542, 0)", "type": "Feature", "properties": {"_status": "original", "osmid": 244, "highway": "residential", "maxspeed": "40", "name": "Gy\u00f6ngy\u00f6si utca", "oneway": false, "reversed": true, "length": 66.04091074406574, "from": "542", "to": "526", "_key": "0", "lanes": "2", "width": null, "bridge": null, "tunnel": null, "ref": null, "access": null}, "geometry": {"type": "LineString", "coordinates": [[19.083230899999993, 47.5475909], [19.082389100000004, 47.547763800000055]]}}, {"id": "(526, 524, 0)", "type": "Feature", "properties": {"_status": "original", "osmid": 245, "highway": "living_street", "maxspeed": null, "name": "V\u0151leg\u00e9ny utca", "oneway": false, "reversed": true, "length": 97.90281282897527, "from": "524", "to": "526", "_key": "0", "lanes": null, "width": null, "bridge": null, "tunnel": null, "ref": null, "access": null}, "geometry": {"type": "LineString", "coordinates": [[19.081994000000005, 47.54692470000001], [19.082389100000004, 47.547763800000055]]}}, {"id": "(526, 537, 0)", "type": "Feature", "properties": {"_status": "original", "osmid": 246, "highway": "living_street", "maxspeed": "20", "name": "V\u0151leg\u00e9ny utca", "oneway": false, "reversed": false, "length": 146.03480663023723, "from": "537", "to": "526", "_key": "0", "lanes": null, "width": null, "bridge": null, "tunnel": null, "ref": null, "access": null}, "geometry": {"type": "LineString", "coordinates": [[19.0830619, 47.548994000000036], [19.08267939999999, 47.54838310000006], [19.08245889999999, 47.54793450000006], [19.0824077, 47.54783050000005], [19.082389100000004, 47.547763800000055]]}}, {"id": "(461, 463, 0)", "type": "Feature", "properties": {"_status": "original", "osmid": 659, "highway": "residential", "maxspeed": "30", "name": "Tomori utca", "oneway": false, "reversed": false, "length": 38.270055441308685, "from": "463", "to": "461", "_key": "0", "lanes": null, "width": null, "bridge": null, "tunnel": null, "ref": null, "access": null}, "geometry": {"type": "LineString", "coordinates": [[19.0791849, 47.550415500000035], [19.0790263, 47.55008840000005]]}}, {"id": "(509, 476, 0)", "type": "Feature", "properties": {"_status": "changed", "osmid": 247, "highway": "residential", "maxspeed": null, "name": "Arasz utca", "oneway": true, "reversed": false, "length": 163.025506318438, "from": "476", "to": "509", "_key": "0", "lanes": null, "width": null, "bridge": null, "tunnel": null, "ref": null, "access": null}, "geometry": {"type": "LineString", "coordinates": [[19.0799303, 47.55064950000003], [19.080361899999993, 47.550261900000045], [19.080471400000004, 47.550205899999995], [19.080707100000005, 47.55008540000004], [19.080738500000002, 47.55006930000002], [19.080982799999994, 47.549944300000035], [19.0810432, 47.54991670000002], [19.0812708, 47.54985750000005], [19.081605599999993, 47.54977210000004], [19.081736279249554, 47.5497366424058]]}}, {"id": "(509, 519, 0)", "type": "Feature", "properties": {"_status": "new", "osmid": 250, "highway": null, "maxspeed": null, "name": null, "oneway": null, "reversed": null, "length": null, "from": "519", "to": "509", "_key": "0", "lanes": null, "width": null, "bridge": null, "tunnel": null, "ref": null, "access": null}, "geometry": {"type": "LineString", "coordinates": [[19.08249717315377, 47.55082590389069], [19.081736279249554, 47.5497366424058]]}}, {"id": "(542, 557, 0)", "type": "Feature", "properties": {"_status": "original", "osmid": 598, "highway": "residential", "maxspeed": "40", "name": "Gy\u00f6ngy\u00f6si utca", "oneway": false, "reversed": false, "length": 69.23660439158469, "from": "542", "to": "557", "_key": "0", "lanes": "2", "width": null, "bridge": null, "tunnel": null, "ref": null, "access": null}, "geometry": {"type": "LineString", "coordinates": [[19.083230899999993, 47.5475909], [19.0841131, 47.547408900000015]]}}, {"id": "(542, 559, 0)", "type": "Feature", "properties": {"_status": "original", "osmid": 599, "highway": "living_street", "maxspeed": null, "name": "Cimbora utca", "oneway": false, "reversed": false, "length": 271.7969487482748, "from": "559", "to": "542", "_key": "0", "lanes": null, "width": null, "bridge": null, "tunnel": null, "ref": null, "access": null}, "geometry": {"type": "LineString", "coordinates": [[19.084704000000002, 47.54981470000003], [19.084200899999995, 47.549240800000014], [19.083837700000004, 47.548695200000004], [19.083469100000002, 47.54811080000004], [19.083230899999993, 47.5475909]]}}, {"id": "(524, 520, 0)", "type": "Feature", "properties": {"_status": "original", "osmid": 600, "highway": "living_street", "maxspeed": null, "name": "V\u0151leg\u00e9ny utca", "oneway": false, "reversed": true, "length": 67.09103598405527, "from": "520", "to": "524", "_key": "0", "lanes": null, "width": null, "bridge": null, "tunnel": null, "ref": null, "access": null}, "geometry": {"type": "LineString", "coordinates": [[19.0817343, 47.54634740000003], [19.081807599999998, 47.546519399999994], [19.081865699999998, 47.54664180000002], [19.081918900000005, 47.546760500000026], [19.081994000000005, 47.54692470000001]]}}, {"id": "(524, 553, 0)", "type": "Feature", "properties": {"_status": "original", "osmid": 601, "highway": "living_street", "maxspeed": "20", "name": "J\u00f3zsef Attila t\u00e9r", "oneway": true, "reversed": false, "length": 133.90812962076097, "from": "553", "to": "524", "_key": "0", "lanes": null, "width": null, "bridge": null, "tunnel": null, "ref": null, "access": null}, "geometry": {"type": "LineString", "coordinates": [[19.083701100000006, 47.54657500000001], [19.08361439999999, 47.546595199999985], [19.083540199999995, 47.546609900000014], [19.0829832, 47.546720400000005], [19.0823813, 47.54684410000002], [19.0821455, 47.5468911], [19.081994000000005, 47.54692470000001]]}}, {"id": "(537, 535, 0)", "type": "Feature", "properties": {"_status": "original", "osmid": 254, "highway": "living_street", "maxspeed": null, "name": "Pajt\u00e1s utca", "oneway": false, "reversed": false, "length": 202.94655048789176, "from": "535", "to": "537", "_key": "0", "lanes": null, "width": null, "bridge": null, "tunnel": null, "ref": null, "access": null}, "geometry": {"type": "LineString", "coordinates": [[19.0832923, 47.550449600000015], [19.083127799999996, 47.55024550000001], [19.082869700000003, 47.549925200000004], [19.082518600000004, 47.54940060000003], [19.082468499999997, 47.54929330000002], [19.082475599999995, 47.549222600000036], [19.082516499999997, 47.54916750000004], [19.082640200000004, 47.549117800000055], [19.0830619, 47.548994000000036]]}}, {"id": "(537, 546, 0)", "type": "Feature", "properties": {"_status": "original", "osmid": 602, "highway": "living_street", "maxspeed": "20", "name": "V\u0151leg\u00e9ny utca", "oneway": false, "reversed": false, "length": 145.11388966464253, "from": "546", "to": "537", "_key": "0", "lanes": null, "width": null, "bridge": null, "tunnel": null, "ref": null, "access": null}, "geometry": {"type": "LineString", "coordinates": [[19.083983099999998, 47.550139600000016], [19.0837813, 47.54992010000002], [19.083556599999998, 47.5496757], [19.0830619, 47.548994000000036]]}}, {"id": "(476, 463, 0)", "type": "Feature", "properties": {"_status": "original", "osmid": 248, "highway": "residential", "maxspeed": null, "name": "\u00dajpalotai \u00fat", "oneway": false, "reversed": false, "length": 66.33930295727143, "from": "476", "to": "463", "_key": "0", "lanes": null, "width": null, "bridge": null, "tunnel": null, "ref": null, "access": null}, "geometry": {"type": "LineString", "coordinates": [[19.0799303, 47.55064950000003], [19.079380300000008, 47.55037850000001], [19.0792555, 47.550401100000045], [19.0791849, 47.550415500000035]]}}, {"id": "(476, 496, 0)", "type": "Feature", "properties": {"_status": "original", "osmid": 249, "highway": "residential", "maxspeed": null, "name": "\u00dajpalotai \u00fat", "oneway": false, "reversed": false, "length": 124.25039817138077, "from": "496", "to": "476", "_key": "0", "lanes": null, "width": null, "bridge": null, "tunnel": null, "ref": null, "access": null}, "geometry": {"type": "LineString", "coordinates": [[19.081261500000004, 47.55131380000003], [19.0808475, 47.55110440000003], [19.080641899999996, 47.55100070000005], [19.080401499999994, 47.55088380000004], [19.0799303, 47.55064950000003]]}}, {"id": "(463, 468, 0)", "type": "Feature", "properties": {"_status": "original", "osmid": 667, "highway": "residential", "maxspeed": "30", "name": "Tomori utca", "oneway": false, "reversed": true, "length": 180.9106131475231, "from": "463", "to": "468", "_key": "0", "lanes": null, "width": null, "bridge": null, "tunnel": null, "ref": null, "access": null}, "geometry": {"type": "LineString", "coordinates": [[19.0791849, 47.550415500000035], [19.079230999999996, 47.550519400000056], [19.079259199999996, 47.55058739999999], [19.079618999999997, 47.551424700000034], [19.07985669999999, 47.55197800000002]]}}, {"id": "(496, 468, 0)", "type": "Feature", "properties": {"_status": "original", "osmid": 789, "highway": "residential", "maxspeed": "30", "name": "Beretty\u00f3 utca", "oneway": false, "reversed": false, "length": 129.1775250136902, "from": "496", "to": "468", "_key": "0", "lanes": null, "width": null, "bridge": null, "tunnel": null, "ref": null, "access": null}, "geometry": {"type": "LineString", "coordinates": [[19.081261500000004, 47.55131380000003], [19.0811885, 47.55137830000002], [19.07985669999999, 47.55197800000002]]}}, {"id": "(496, 523, 0)", "type": "Feature", "properties": {"_status": "original", "osmid": 260, "highway": "residential", "maxspeed": "30", "name": "\u00dajpalotai \u00fat", "oneway": true, "reversed": false, "length": 160.1845728144171, "from": "523", "to": "496", "_key": "0", "lanes": null, "width": null, "bridge": null, "tunnel": null, "ref": null, "access": null}, "geometry": {"type": "LineString", "coordinates": [[19.082908699999994, 47.55221200000001], [19.082887200000002, 47.5521788], [19.082867299999997, 47.55215230000001], [19.082834999999996, 47.55211770000004], [19.082804199999998, 47.55209050000001], [19.082775099999992, 47.55207030000002], [19.082745099999997, 47.55205180000007], [19.0814709, 47.55141680000004], [19.081432500000002, 47.551397900000055], [19.081261500000004, 47.55131380000003]]}}, {"id": "(519, 535, 0)", "type": "Feature", "properties": {"_status": "changed", "osmid": 251, "highway": "living_street", "maxspeed": null, "name": "R\u00e1kospalotai \u00fat", "oneway": false, "reversed": true, "length": 64.75237905996515, "from": "519", "to": "535", "_key": "0", "lanes": null, "width": null, "bridge": null, "tunnel": null, "ref": null, "access": null}, "geometry": {"type": "LineString", "coordinates": [[19.08249717315377, 47.55082590389069], [19.082593499999998, 47.55079069999999], [19.082658399999996, 47.55076139999999], [19.082886200000004, 47.55065850000001], [19.0832923, 47.550449600000015]]}}, {"id": "(519, 533, 0)", "type": "Feature", "properties": {"_status": "new", "osmid": 252, "highway": null, "maxspeed": null, "name": null, "oneway": null, "reversed": null, "length": null, "from": "533", "to": "519", "_key": "0", "lanes": null, "width": null, "bridge": null, "tunnel": null, "ref": null, "access": null}, "geometry": {"type": "LineString", "coordinates": [[19.083447840430598, 47.551787037908156], [19.082899266541354, 47.55130330390077], [19.08249717315377, 47.55082590389069]]}}, {"id": "(535, 564, 0)", "type": "Feature", "properties": {"_status": "original", "osmid": 253, "highway": "living_street", "maxspeed": null, "name": "Pajt\u00e1s utca", "oneway": false, "reversed": true, "length": 272.3914717575406, "from": "535", "to": "564", "_key": "0", "lanes": null, "width": null, "bridge": null, "tunnel": null, "ref": null, "access": null}, "geometry": {"type": "LineString", "coordinates": [[19.0832923, 47.550449600000015], [19.083466899999998, 47.550645800000005], [19.0837103, 47.55090340000005], [19.084285300000005, 47.55143960000002], [19.0847922, 47.55183470000006], [19.085393599999996, 47.55223650000004], [19.085462900000003, 47.55227910000003], [19.085564, 47.552347099999984]]}}, {"id": "(535, 546, 0)", "type": "Feature", "properties": {"_status": "original", "osmid": 255, "highway": "living_street", "maxspeed": null, "name": "R\u00e1kospalotai \u00fat", "oneway": false, "reversed": false, "length": 62.258274397341175, "from": "546", "to": "535", "_key": "0", "lanes": null, "width": null, "bridge": null, "tunnel": null, "ref": null, "access": null}, "geometry": {"type": "LineString", "coordinates": [[19.083983099999998, 47.550139600000016], [19.0832923, 47.550449600000015]]}}, {"id": "(533, 532, 0)", "type": "Feature", "properties": {"_status": "new", "osmid": 262, "highway": null, "maxspeed": null, "name": null, "oneway": null, "reversed": null, "length": null, "from": "533", "to": "532", "_key": "0", "lanes": null, "width": null, "bridge": null, "tunnel": null, "ref": null, "access": null}, "geometry": {"type": "LineString", "coordinates": [[19.083447840430598, 47.551787037908156], [19.083513567408374, 47.551915434137314], [19.08350152003089, 47.55216674119223]]}}, {"id": "(533, 555, 0)", "type": "Feature", "properties": {"_status": "changed", "osmid": 263, "highway": "residential", "maxspeed": "40", "name": "G\u00f6nc\u00f6l utca", "oneway": true, "reversed": false, "length": 156.64956149689226, "from": "533", "to": "555", "_key": "0", "lanes": null, "width": null, "bridge": null, "tunnel": null, "ref": null, "access": null}, "geometry": {"type": "LineString", "coordinates": [[19.083447840430598, 47.551787037908156], [19.083519099999997, 47.55175730000006], [19.083623999999993, 47.55185570000002], [19.08370969999999, 47.551943200000025], [19.0837294, 47.55196330000002], [19.083820199999995, 47.55204810000002], [19.083919699999996, 47.552129500000014], [19.084018299999997, 47.55220670000001], [19.084119299999998, 47.552284900000004], [19.08421829999999, 47.552358400000024], [19.084317399999996, 47.55242120000001], [19.084417699999996, 47.5524816], [19.0847278, 47.55267190000005], [19.084821599999994, 47.55273080000005], [19.084911899999994, 47.552799200000024]]}}, {"id": "(564, 555, 0)", "type": "Feature", "properties": {"_status": "original", "osmid": 265, "highway": "tertiary", "maxspeed": "50", "name": "K\u00e1mfor utca", "oneway": false, "reversed": true, "length": 70.1580299890468, "from": "564", "to": "555", "_key": "0", "lanes": "2", "width": null, "bridge": null, "tunnel": null, "ref": null, "access": null}, "geometry": {"type": "LineString", "coordinates": [[19.085564, 47.552347099999984], [19.084911899999994, 47.552799200000024]]}}, {"id": "(564, 573, 0)", "type": "Feature", "properties": {"_status": "original", "osmid": 623, "highway": "tertiary", "maxspeed": "50", "name": "K\u00e1mfor utca", "oneway": false, "reversed": true, "length": 64.78133072218733, "from": "573", "to": "564", "_key": "0", "lanes": "2", "width": null, "bridge": null, "tunnel": null, "ref": null, "access": null}, "geometry": {"type": "LineString", "coordinates": [[19.086139199999998, 47.55191270000002], [19.085564, 47.552347099999984]]}}, {"id": "(546, 559, 0)", "type": "Feature", "properties": {"_status": "original", "osmid": 1111, "highway": "living_street", "maxspeed": null, "name": "R\u00e1kospalotai \u00fat", "oneway": false, "reversed": true, "length": 65.06031987055992, "from": "546", "to": "559", "_key": "0", "lanes": null, "width": null, "bridge": null, "tunnel": null, "ref": null, "access": null}, "geometry": {"type": "LineString", "coordinates": [[19.083983099999998, 47.550139600000016], [19.084331600000002, 47.549986000000025], [19.084704000000002, 47.54981470000003]]}}, {"id": "(546, 573, 0)", "type": "Feature", "properties": {"_status": "original", "osmid": 624, "highway": "living_street", "maxspeed": "20", "name": "V\u0151leg\u00e9ny utca", "oneway": false, "reversed": false, "length": 255.96798438461767, "from": "573", "to": "546", "_key": "0", "lanes": null, "width": null, "bridge": null, "tunnel": null, "ref": null, "access": null}, "geometry": {"type": "LineString", "coordinates": [[19.086139199999998, 47.55191270000002], [19.086079400000003, 47.55185300000001], [19.086010999999996, 47.55181330000005], [19.085396100000004, 47.551398900000024], [19.0848499, 47.55096500000004], [19.0843743, 47.55055930000006], [19.083983099999998, 47.550139600000016]]}}, {"id": "(540, 549, 0)", "type": "Feature", "properties": {"_status": "new", "osmid": 269, "highway": null, "maxspeed": null, "name": null, "oneway": null, "reversed": null, "length": null, "from": "540", "to": "549", "_key": "0", "lanes": null, "width": null, "bridge": null, "tunnel": null, "ref": null, "access": null}, "geometry": {"type": "LineString", "coordinates": [[19.07946638353133, 47.527951372487614], [19.080534499311906, 47.529962064312826]]}}, {"id": "(523, 532, 0)", "type": "Feature", "properties": {"_status": "changed", "osmid": 258, "highway": "residential", "maxspeed": "30", "name": "Szeksz\u00e1rdi utca", "oneway": false, "reversed": false, "length": 40.81538922951075, "from": "523", "to": "532", "_key": "0", "lanes": null, "width": null, "bridge": null, "tunnel": null, "ref": null, "access": null}, "geometry": {"type": "LineString", "coordinates": [[19.082908699999994, 47.55221200000001], [19.083019300000007, 47.55219240000005], [19.083112499999988, 47.552180100000044], [19.0831949, 47.55217439999999], [19.0832647, 47.552172400000046], [19.083329099999993, 47.55217060000002], [19.083356199999997, 47.55216980000001], [19.0834464, 47.55216740000004], [19.08350152003089, 47.55216674119223]]}}, {"id": "(523, 474, 0)", "type": "Feature", "properties": {"_status": "original", "osmid": 259, "highway": "residential", "maxspeed": "30", "name": "Szeksz\u00e1rdi utca", "oneway": false, "reversed": true, "length": 210.8319554710931, "from": "523", "to": "474", "_key": "0", "lanes": null, "width": null, "bridge": null, "tunnel": null, "ref": null, "access": null}, "geometry": {"type": "LineString", "coordinates": [[19.082908699999994, 47.55221200000001], [19.080210200000003, 47.55273930000001]]}}, {"id": "(532, 551, 0)", "type": "Feature", "properties": {"_status": "changed", "osmid": 261, "highway": "tertiary", "maxspeed": ["50", "40"], "name": "\u00dajpalotai \u00fat", "oneway": false, "reversed": true, "length": 89.0817654033278, "from": "532", "to": "551", "_key": "0", "lanes": "2", "width": null, "bridge": null, "tunnel": null, "ref": null, "access": null}, "geometry": {"type": "LineString", "coordinates": [[19.08350152003089, 47.55216674119223], [19.083568887906235, 47.55232425339965], [19.083775499999998, 47.55247520000001], [19.084178899999998, 47.55270930000002], [19.0845329, 47.55292660000001], [19.0845539, 47.552938100000034], [19.0846652, 47.55300540000005]]}}, {"id": "(474, 422, 0)", "type": "Feature", "properties": {"_status": "original", "osmid": 503, "highway": "residential", "maxspeed": "30", "name": "Szeksz\u00e1rdi utca", "oneway": false, "reversed": false, "length": 185.17361255641856, "from": "422", "to": "474", "_key": "0", "lanes": null, "width": null, "bridge": null, "tunnel": null, "ref": null, "access": null}, "geometry": {"type": "LineString", "coordinates": [[19.0778379, 47.55319730000003], [19.07892349999999, 47.55298770000001], [19.080210200000003, 47.55273930000001]]}}, {"id": "(474, 468, 0)", "type": "Feature", "properties": {"_status": "original", "osmid": 787, "highway": "residential", "maxspeed": "30", "name": "Tomori utca", "oneway": false, "reversed": true, "length": 88.71245771524852, "from": "468", "to": "474", "_key": "0", "lanes": null, "width": null, "bridge": null, "tunnel": null, "ref": null, "access": null}, "geometry": {"type": "LineString", "coordinates": [[19.07985669999999, 47.55197800000002], [19.080210200000003, 47.55273930000001]]}}, {"id": "(474, 479, 0)", "type": "Feature", "properties": {"_status": "original", "osmid": 788, "highway": "residential", "maxspeed": "30", "name": "Tomori utca", "oneway": false, "reversed": false, "length": 165.02011218866159, "from": "479", "to": "474", "_key": "0", "lanes": null, "width": null, "bridge": null, "tunnel": null, "ref": null, "access": null}, "geometry": {"type": "LineString", "coordinates": [[19.080842899999997, 47.55416050000004], [19.080807099999998, 47.55407600000004], [19.080676699999994, 47.55379450000004], [19.08055209999999, 47.55352540000004], [19.080520499999995, 47.55345850000004], [19.0804514, 47.55329100000004], [19.080210200000003, 47.55273930000001]]}}, {"id": "(551, 555, 0)", "type": "Feature", "properties": {"_status": "original", "osmid": 264, "highway": "tertiary", "maxspeed": "50", "name": "K\u00e1mfor utca", "oneway": false, "reversed": false, "length": 29.469995367257507, "from": "551", "to": "555", "_key": "0", "lanes": "2", "width": null, "bridge": null, "tunnel": null, "ref": null, "access": null}, "geometry": {"type": "LineString", "coordinates": [[19.0846652, 47.55300540000005], [19.084911899999994, 47.552799200000024]]}}, {"id": "(551, 646, 0)", "type": "Feature", "properties": {"_status": "original", "osmid": 270, "highway": "tertiary", "maxspeed": null, "name": "\u00dajpalotai \u00fat", "oneway": false, "reversed": false, "length": 183.52508004373632, "from": "646", "to": "551", "_key": "0", "lanes": "2", "width": null, "bridge": null, "tunnel": null, "ref": null, "access": null}, "geometry": {"type": "LineString", "coordinates": [[19.090431899999995, 47.55117580000001], [19.090070800000007, 47.55143790000002], [19.0892989, 47.55201000000003], [19.088708, 47.55243000000004], [19.08834299999999, 47.55268380000004], [19.086816699999996, 47.553809900000026], [19.0868051, 47.553819000000026], [19.086097999999996, 47.55429559999999], [19.08600509999999, 47.554090800000075], [19.0859101, 47.5539121], [19.08582429999999, 47.55380150000001], [19.085741199999998, 47.55370380000002], [19.08548639999999, 47.55351300000003], [19.0851846, 47.553313600000045], [19.085160199999997, 47.55329750000002], [19.085113500000002, 47.553266699999995], [19.085090099999995, 47.5532512], [19.085066799999996, 47.553236300000066], [19.085014499999996, 47.553202900000066], [19.084932800000004, 47.55315470000002], [19.0846652, 47.55300540000005]]}}, {"id": "(551, 536, 0)", "type": "Feature", "properties": {"_status": "original", "osmid": 271, "highway": "residential", "maxspeed": "50", "name": "Balzsam utca", "oneway": false, "reversed": true, "length": 97.50152584522516, "from": "536", "to": "551", "_key": "0", "lanes": "3", "width": null, "bridge": null, "tunnel": null, "ref": null, "access": null}, "geometry": {"type": "LineString", "coordinates": [[19.08387579999999, 47.55369510000004], [19.083996600000003, 47.55363570000007], [19.084099299999995, 47.55355740000003], [19.084238, 47.553429100000066], [19.084349100000008, 47.55332490000002], [19.0846071, 47.55306050000002], [19.0846652, 47.55300540000005]]}}, {"id": "(531, 549, 0)", "type": "Feature", "properties": {"_status": "changed", "osmid": 272, "highway": "tertiary", "maxspeed": "50", "name": "Szegedi \u00fat", "oneway": false, "reversed": false, "length": 65.93227302084406, "from": "531", "to": "549", "_key": "0", "lanes": "3", "width": null, "bridge": null, "tunnel": null, "ref": null, "access": null}, "geometry": {"type": "LineString", "coordinates": [[19.079591700000005, 47.53019410000003], [19.079665599999995, 47.53017790000002], [19.080136799999995, 47.53007460000005], [19.0802398, 47.53005200000004], [19.080293099999995, 47.53003900000002], [19.080336599999995, 47.530027200000035], [19.080422699999996, 47.530003099999995], [19.080534499311906, 47.529962064312826]]}}, {"id": "(531, 501, 0)", "type": "Feature", "properties": {"_status": "original", "osmid": 273, "highway": "tertiary", "maxspeed": "50", "name": "Szegedi \u00fat", "oneway": false, "reversed": false, "length": 134.30479399041553, "from": "501", "to": "531", "_key": "0", "lanes": "2", "width": null, "bridge": null, "tunnel": null, "ref": null, "access": null}, "geometry": {"type": "LineString", "coordinates": [[19.077881700000006, 47.53054870000002], [19.078940500000005, 47.53032990000005], [19.079395199999993, 47.53023590000007], [19.079437999999996, 47.53022750000003], [19.079591700000005, 47.53019410000003]]}}, {"id": "(549, 548, 0)", "type": "Feature", "properties": {"_status": "new", "osmid": 274, "highway": null, "maxspeed": null, "name": null, "oneway": null, "reversed": null, "length": null, "from": "548", "to": "549", "_key": "0", "lanes": null, "width": null, "bridge": null, "tunnel": null, "ref": null, "access": null}, "geometry": {"type": "LineString", "coordinates": [[19.080775823874284, 47.5313463701762], [19.08065988772308, 47.531040188956865], [19.080644684566685, 47.53034374914168], [19.080534499311906, 47.529962064312826]]}}, {"id": "(549, 574, 0)", "type": "Feature", "properties": {"_status": "changed", "osmid": 275, "highway": "tertiary", "maxspeed": "50", "name": "Szegedi \u00fat", "oneway": false, "reversed": true, "length": 165.04366318567872, "from": "574", "to": "549", "_key": "0", "lanes": ["3", "2", "4"], "width": null, "bridge": null, "tunnel": null, "ref": null, "access": null}, "geometry": {"type": "LineString", "coordinates": [[19.082349900000004, 47.52898080000001], [19.082272600000003, 47.52902490000004], [19.081658199999996, 47.52937680000002], [19.081314000000003, 47.52957390000005], [19.081014299999996, 47.52974260000005], [19.0807703, 47.52985930000004], [19.080722400000003, 47.52988180000003], [19.080646600000005, 47.529917600000026], [19.080534499311906, 47.529962064312826]]}}, {"id": "(536, 487, 0)", "type": "Feature", "properties": {"_status": "original", "osmid": 540, "highway": "residential", "maxspeed": ["50", "40"], "name": "Balzsam utca", "oneway": false, "reversed": true, "length": 357.17992155062734, "from": "487", "to": "536", "_key": "0", "lanes": null, "width": null, "bridge": null, "tunnel": null, "ref": null, "access": null}, "geometry": {"type": "LineString", "coordinates": [[19.081405, 47.55638410000003], [19.08149879999999, 47.556272100000015], [19.082207100000005, 47.55539100000003], [19.0824046, 47.55519070000003], [19.082651899999995, 47.55496340000002], [19.083089499999996, 47.55456560000003], [19.083483700000002, 47.55423480000001], [19.083533300000003, 47.55419440000004], [19.083639599999998, 47.55411400000003], [19.083765099999997, 47.55401900000002], [19.083812299999998, 47.553978600000015], [19.0838605, 47.55391860000002], [19.0838866, 47.55387660000003], [19.0839064, 47.55383100000005], [19.083907900000003, 47.55379650000005], [19.0839024, 47.55377000000002], [19.0838905, 47.55374139999999], [19.08387579999999, 47.55369510000004]]}}, {"id": "(536, 481, 0)", "type": "Feature", "properties": {"_status": "original", "osmid": 626, "highway": "residential", "maxspeed": null, "name": "Juta utca", "oneway": false, "reversed": false, "length": 234.19878365311564, "from": "481", "to": "536", "_key": "0", "lanes": "2", "width": null, "bridge": null, "tunnel": null, "ref": null, "access": null}, "geometry": {"type": "LineString", "coordinates": [[19.080898099999995, 47.55430510000003], [19.0831403, 47.55391170000003], [19.08343659999999, 47.5538396], [19.0836804, 47.553767400000055], [19.08387579999999, 47.55369510000004]]}}, {"id": "(501, 465, 0)", "type": "Feature", "properties": {"_status": "original", "osmid": 806, "highway": "tertiary", "maxspeed": "50", "name": "Szegedi \u00fat", "oneway": false, "reversed": true, "length": 146.8684749807328, "from": "501", "to": "465", "_key": "0", "lanes": "2", "width": null, "bridge": null, "tunnel": null, "ref": null, "access": null}, "geometry": {"type": "LineString", "coordinates": [[19.077881700000006, 47.53054870000002], [19.077612600000002, 47.530601100000055], [19.0767364, 47.5307717], [19.076489499999994, 47.53081980000006], [19.076002099999993, 47.530914700000004]]}}, {"id": "(548, 556, 0)", "type": "Feature", "properties": {"_status": "new", "osmid": 280, "highway": null, "maxspeed": null, "name": null, "oneway": null, "reversed": null, "length": null, "from": "548", "to": "556", "_key": "0", "lanes": null, "width": null, "bridge": null, "tunnel": null, "ref": null, "access": null}, "geometry": {"type": "LineString", "coordinates": [[19.080775823874284, 47.5313463701762], [19.08146578523139, 47.532588051458035]]}}, {"id": "(548, 585, 0)", "type": "Feature", "properties": {"_status": "changed", "osmid": 276, "highway": "residential", "maxspeed": "30", "name": "Orsz\u00e1gb\u00edr\u00f3 utca", "oneway": false, "reversed": false, "length": 45.56238151200643, "from": "585", "to": "548", "_key": "0", "lanes": "2", "width": null, "bridge": null, "tunnel": null, "ref": null, "access": null}, "geometry": {"type": "LineString", "coordinates": [[19.0833641, 47.53076470000004], [19.083278899999993, 47.53078480000004], [19.081575200000003, 47.53118640000004], [19.081446999999997, 47.53121660000003], [19.081313199999993, 47.5312417], [19.081007599999996, 47.5312992], [19.080961399999996, 47.53130810000002], [19.080862699999997, 47.53132730000003], [19.080775823874284, 47.5313463701762]]}}, {"id": "(574, 603, 0)", "type": "Feature", "properties": {"_status": "changed", "osmid": 281, "highway": "tertiary", "maxspeed": "50", "name": "Szegedi \u00fat", "oneway": false, "reversed": false, "length": 149.89038826641246, "from": "574", "to": "603", "_key": "0", "lanes": ["3", "2"], "width": null, "bridge": null, "tunnel": null, "ref": null, "access": null}, "geometry": {"type": "LineString", "coordinates": [[19.082349900000004, 47.52898080000001], [19.082871500000003, 47.52868320000002], [19.083192799999992, 47.5284973], [19.083744900000003, 47.52817779999999], [19.083804400000002, 47.528144499999996], [19.083871, 47.52810780000002], [19.08391921256128, 47.528079829183675]]}}, {"id": "(574, 568, 0)", "type": "Feature", "properties": {"_status": "original", "osmid": 282, "highway": "residential", "maxspeed": null, "name": "J\u00e1sz utca", "oneway": true, "reversed": false, "length": 163.9327322578145, "from": "574", "to": "568", "_key": "0", "lanes": null, "width": null, "bridge": null, "tunnel": null, "ref": null, "access": null}, "geometry": {"type": "LineString", "coordinates": [[19.082349900000004, 47.52898080000001], [19.0822982, 47.52889510000005], [19.08226120000001, 47.5288331], [19.081568899999994, 47.527604100000026]]}}, {"id": "(574, 585, 0)", "type": "Feature", "properties": {"_status": "original", "osmid": 278, "highway": "residential", "maxspeed": "30", "name": "J\u00e1sz utca", "oneway": true, "reversed": false, "length": 212.4788909012915, "from": "585", "to": "574", "_key": "0", "lanes": null, "width": null, "bridge": null, "tunnel": null, "ref": null, "access": null}, "geometry": {"type": "LineString", "coordinates": [[19.0833641, 47.53076470000004], [19.08288679999999, 47.52991980000003], [19.082508099999988, 47.529249500000006], [19.0824552, 47.52915780000002], [19.0823921, 47.52904850000005], [19.082349900000004, 47.52898080000001]]}}, {"id": "(585, 618, 0)", "type": "Feature", "properties": {"_status": "changed", "osmid": 277, "highway": "residential", "maxspeed": "30", "name": "Orsz\u00e1gb\u00edr\u00f3 utca", "oneway": true, "reversed": false, "length": 142.99424714998645, "from": "585", "to": "618", "_key": "0", "lanes": null, "width": null, "bridge": null, "tunnel": null, "ref": null, "access": null}, "geometry": {"type": "LineString", "coordinates": [[19.0833641, 47.53076470000004], [19.08507399999999, 47.530355100000065], [19.085158299999993, 47.53033329999999], [19.085210671761892, 47.530320369143666]]}}, {"id": "(585, 596, 0)", "type": "Feature", "properties": {"_status": "original", "osmid": 279, "highway": "residential", "maxspeed": "30", "name": "J\u00e1sz utca", "oneway": true, "reversed": false, "length": 150.27491096682365, "from": "596", "to": "585", "_key": "0", "lanes": null, "width": null, "bridge": null, "tunnel": null, "ref": null, "access": null}, "geometry": {"type": "LineString", "coordinates": [[19.084077500000003, 47.53202740000005], [19.0833641, 47.53076470000004]]}}, {"id": "(618, 629, 0)", "type": "Feature", "properties": {"_status": "new", "osmid": 369, "highway": null, "maxspeed": null, "name": null, "oneway": null, "reversed": null, "length": null, "from": "618", "to": "629", "_key": "0", "lanes": null, "width": null, "bridge": null, "tunnel": null, "ref": null, "access": null}, "geometry": {"type": "LineString", "coordinates": [[19.085210671761892, 47.530320369143666], [19.085926208605148, 47.53156367049082]]}}, {"id": "(618, 608, 0)", "type": "Feature", "properties": {"_status": "new", "osmid": 357, "highway": null, "maxspeed": null, "name": null, "oneway": null, "reversed": null, "length": null, "from": "608", "to": "618", "_key": "0", "lanes": null, "width": null, "bridge": null, "tunnel": null, "ref": null, "access": null}, "geometry": {"type": "LineString", "coordinates": [[19.08439884223712, 47.528928507081204], [19.085210671761892, 47.530320369143666]]}}, {"id": "(618, 660, 0)", "type": "Feature", "properties": {"_status": "changed", "osmid": 370, "highway": "residential", "maxspeed": null, "name": "Orsz\u00e1gb\u00edr\u00f3 utca", "oneway": true, "reversed": false, "length": 166.36193168503493, "from": "660", "to": "618", "_key": "0", "lanes": null, "width": null, "bridge": null, "tunnel": null, "ref": null, "access": null}, "geometry": {"type": "LineString", "coordinates": [[19.087314899999992, 47.52974260000005], [19.0853609, 47.53028], [19.0853037, 47.53029570000002], [19.0852628, 47.53030700000002], [19.085210671761892, 47.530320369143666]]}}, {"id": "(596, 629, 0)", "type": "Feature", "properties": {"_status": "changed", "osmid": 294, "highway": "residential", "maxspeed": null, "name": "Petneh\u00e1zy utca", "oneway": true, "reversed": false, "length": 143.52542025947577, "from": "596", "to": "629", "_key": "0", "lanes": null, "width": null, "bridge": null, "tunnel": null, "ref": null, "access": null}, "geometry": {"type": "LineString", "coordinates": [[19.084077500000003, 47.53202740000005], [19.085789599999995, 47.531598500000015], [19.085869599999995, 47.53157800000005], [19.085926208605148, 47.53156367049082]]}}, {"id": "(596, 556, 0)", "type": "Feature", "properties": {"_status": "changed", "osmid": 292, "highway": "residential", "maxspeed": null, "name": "Petneh\u00e1zy utca", "oneway": true, "reversed": false, "length": 199.27123555757294, "from": "556", "to": "596", "_key": "0", "lanes": null, "width": null, "bridge": null, "tunnel": null, "ref": null, "access": null}, "geometry": {"type": "LineString", "coordinates": [[19.08146578523139, 47.532588051458035], [19.0815486, 47.532571500000046], [19.0816403, 47.53255330000002], [19.0825974, 47.53235150000002], [19.084077500000003, 47.53202740000005]]}}, {"id": "(596, 602, 0)", "type": "Feature", "properties": {"_status": "original", "osmid": 295, "highway": "residential", "maxspeed": "30", "name": "J\u00e1sz utca", "oneway": true, "reversed": false, "length": 149.40733520812552, "from": "602", "to": "596", "_key": "0", "lanes": null, "width": null, "bridge": null, "tunnel": null, "ref": null, "access": null}, "geometry": {"type": "LineString", "coordinates": [[19.084772699999995, 47.5332864], [19.084077500000003, 47.53202740000005]]}}, {"id": "(556, 563, 0)", "type": "Feature", "properties": {"_status": "new", "osmid": 293, "highway": null, "maxspeed": null, "name": null, "oneway": null, "reversed": null, "length": null, "from": "556", "to": "563", "_key": "0", "lanes": null, "width": null, "bridge": null, "tunnel": null, "ref": null, "access": null}, "geometry": {"type": "LineString", "coordinates": [[19.08146578523139, 47.532588051458035], [19.082146928001308, 47.5338140849093]]}}, {"id": "(556, 515, 0)", "type": "Feature", "properties": {"_status": "changed", "osmid": 288, "highway": "residential", "maxspeed": "50", "name": "Petneh\u00e1zy utca", "oneway": true, "reversed": false, "length": 173.89354341551964, "from": "515", "to": "556", "_key": "0", "lanes": "2", "width": null, "bridge": null, "tunnel": null, "ref": null, "access": null}, "geometry": {"type": "LineString", "coordinates": [[19.079172900000003, 47.53307260000001], [19.080784000000005, 47.5327264], [19.0812422, 47.53263280000004], [19.0813094, 47.53261910000003], [19.081382899999994, 47.532604500000005], [19.08146578523139, 47.532588051458035]]}}, {"id": "(603, 639, 0)", "type": "Feature", "properties": {"_status": "changed", "osmid": 341, "highway": "residential", "maxspeed": null, "name": "Szegedi \u00fat", "oneway": false, "reversed": false, "length": 171.537993736974, "from": "603", "to": "639", "_key": "0", "lanes": null, "width": null, "bridge": null, "tunnel": null, "ref": null, "access": null}, "geometry": {"type": "LineString", "coordinates": [[19.08391921256128, 47.528079829183675], [19.08396769999999, 47.528052600000024], [19.084027800000005, 47.52801670000005], [19.084082300000006, 47.527983900000024], [19.084900100000002, 47.52752060000002], [19.085714300000003, 47.52705820000005]]}}, {"id": "(603, 593, 0)", "type": "Feature", "properties": {"_status": "new", "osmid": 330, "highway": null, "maxspeed": null, "name": null, "oneway": null, "reversed": null, "length": null, "from": "593", "to": "603", "_key": "0", "lanes": null, "width": null, "bridge": null, "tunnel": null, "ref": null, "access": null}, "geometry": {"type": "LineString", "coordinates": [[19.083069038641792, 47.52664384407639], [19.08391921256128, 47.528079829183675]]}}, {"id": "(603, 608, 0)", "type": "Feature", "properties": {"_status": "new", "osmid": 342, "highway": null, "maxspeed": null, "name": null, "oneway": null, "reversed": null, "length": null, "from": "608", "to": "603", "_key": "0", "lanes": null, "width": null, "bridge": null, "tunnel": null, "ref": null, "access": null}, "geometry": {"type": "LineString", "coordinates": [[19.08439884223712, 47.528928507081204], [19.08391921256128, 47.528079829183675]]}}, {"id": "(568, 565, 0)", "type": "Feature", "properties": {"_status": "original", "osmid": 321, "highway": "residential", "maxspeed": null, "name": "J\u00e1sz utca", "oneway": true, "reversed": false, "length": 89.6710934988702, "from": "568", "to": "565", "_key": "0", "lanes": null, "width": null, "bridge": null, "tunnel": null, "ref": null, "access": null}, "geometry": {"type": "LineString", "coordinates": [[19.081568899999994, 47.527604100000026], [19.081518899999992, 47.5275136], [19.08115159999999, 47.526848499999986]]}}, {"id": "(568, 593, 0)", "type": "Feature", "properties": {"_status": "changed", "osmid": 328, "highway": "residential", "maxspeed": null, "name": "Kerekes utca", "oneway": true, "reversed": false, "length": 150.14701836561332, "from": "568", "to": "593", "_key": "0", "lanes": null, "width": null, "bridge": null, "tunnel": null, "ref": null, "access": null}, "geometry": {"type": "LineString", "coordinates": [[19.081568899999994, 47.527604100000026], [19.083019999999998, 47.526675000000026], [19.083069038641792, 47.52664384407639]]}}, {"id": "(552, 560, 0)", "type": "Feature", "properties": {"_status": "changed", "osmid": 283, "highway": "residential", "maxspeed": null, "name": "J\u00e1sz utca", "oneway": true, "reversed": false, "length": 157.9609609682381, "from": "552", "to": "560", "_key": "0", "lanes": null, "width": null, "bridge": null, "tunnel": null, "ref": null, "access": null}, "geometry": {"type": "LineString", "coordinates": [[19.079740585122458, 47.52444005337212], [19.0798536, 47.524523000000016], [19.080589599999996, 47.52585380000002]]}}, {"id": "(552, 589, 0)", "type": "Feature", "properties": {"_status": "new", "osmid": 285, "highway": null, "maxspeed": null, "name": null, "oneway": null, "reversed": null, "length": null, "from": "589", "to": "552", "_key": "0", "lanes": null, "width": null, "bridge": null, "tunnel": null, "ref": null, "access": null}, "geometry": {"type": "LineString", "coordinates": [[19.082204389154814, 47.52325166116098], [19.081655644115603, 47.52340047667016], [19.08104238526584, 47.52363007644603], [19.0808158353629, 47.523741426328904], [19.079740585122458, 47.52444005337212]]}}, {"id": "(560, 582, 0)", "type": "Feature", "properties": {"_status": "changed", "osmid": 286, "highway": "residential", "maxspeed": null, "name": "M\u00f3r utca", "oneway": true, "reversed": false, "length": 148.80956850768231, "from": "560", "to": "582", "_key": "0", "lanes": null, "width": null, "bridge": null, "tunnel": null, "ref": null, "access": null}, "geometry": {"type": "LineString", "coordinates": [[19.080589599999996, 47.52585380000002], [19.081216200000004, 47.525445900000044], [19.081564499999992, 47.52521069999998], [19.081874200000005, 47.525001399999994], [19.081926200000005, 47.52496630000003], [19.082006099999994, 47.52491800000004], [19.08205649509618, 47.52490436482417]]}}, {"id": "(560, 565, 0)", "type": "Feature", "properties": {"_status": "original", "osmid": 287, "highway": "residential", "maxspeed": null, "name": "J\u00e1sz utca", "oneway": true, "reversed": false, "length": 118.38185914301744, "from": "565", "to": "560", "_key": "0", "lanes": null, "width": null, "bridge": null, "tunnel": null, "ref": null, "access": null}, "geometry": {"type": "LineString", "coordinates": [[19.08115159999999, 47.526848499999986], [19.080589599999996, 47.52585380000002]]}}, {"id": "(589, 587, 0)", "type": "Feature", "properties": {"_status": "new", "osmid": 361, "highway": null, "maxspeed": null, "name": null, "oneway": null, "reversed": null, "length": null, "from": "589", "to": "587", "_key": "0", "lanes": null, "width": null, "bridge": null, "tunnel": null, "ref": null, "access": null}, "geometry": {"type": "LineString", "coordinates": [[19.082204389154814, 47.52325166116098], [19.08216054008341, 47.523107694798604]]}}, {"id": "(589, 592, 0)", "type": "Feature", "properties": {"_status": "new", "osmid": 1113, "highway": null, "maxspeed": null, "name": null, "oneway": null, "reversed": null, "length": null, "from": "592", "to": "589", "_key": "0", "lanes": null, "width": null, "bridge": null, "tunnel": null, "ref": null, "access": null}, "geometry": {"type": "LineString", "coordinates": [[19.082450914780708, 47.5235889887197], [19.082204389154814, 47.52325166116098]]}}, {"id": "(582, 586, 0)", "type": "Feature", "properties": {"_status": "new", "osmid": 313, "highway": null, "maxspeed": null, "name": null, "oneway": null, "reversed": null, "length": null, "from": "582", "to": "586", "_key": "0", "lanes": null, "width": null, "bridge": null, "tunnel": null, "ref": null, "access": null}, "geometry": {"type": "LineString", "coordinates": [[19.08205649509618, 47.52490436482417], [19.082642262732517, 47.525900883194375]]}}, {"id": "(582, 592, 0)", "type": "Feature", "properties": {"_status": "new", "osmid": 314, "highway": null, "maxspeed": null, "name": null, "oneway": null, "reversed": null, "length": null, "from": "592", "to": "582", "_key": "0", "lanes": null, "width": null, "bridge": null, "tunnel": null, "ref": null, "access": null}, "geometry": {"type": "LineString", "coordinates": [[19.082450914780708, 47.5235889887197], [19.08203970849496, 47.52481892650478], [19.08205649509618, 47.52490436482417]]}}, {"id": "(565, 586, 0)", "type": "Feature", "properties": {"_status": "changed", "osmid": 320, "highway": "residential", "maxspeed": null, "name": "Kisg\u00f6mb utca", "oneway": true, "reversed": false, "length": 149.04725433450557, "from": "565", "to": "586", "_key": "0", "lanes": null, "width": null, "bridge": null, "tunnel": null, "ref": null, "access": null}, "geometry": {"type": "LineString", "coordinates": [[19.08115159999999, 47.526848499999986], [19.082498000000008, 47.52599080000003], [19.082596100000004, 47.525929100000006], [19.082642262732517, 47.525900883194375]]}}, {"id": "(515, 525, 0)", "type": "Feature", "properties": {"_status": "original", "osmid": 289, "highway": "residential", "maxspeed": null, "name": "\u00dcteg utca", "oneway": false, "reversed": false, "length": 144.92890420594503, "from": "515", "to": "525", "_key": "0", "lanes": null, "width": null, "bridge": null, "tunnel": null, "ref": null, "access": null}, "geometry": {"type": "LineString", "coordinates": [[19.079172900000003, 47.53307260000001], [19.0791897, 47.53310350000003], [19.079836699999994, 47.534296500000025]]}}, {"id": "(515, 482, 0)", "type": "Feature", "properties": {"_status": "original", "osmid": 290, "highway": "residential", "maxspeed": "50", "name": "Petneh\u00e1zy utca", "oneway": true, "reversed": false, "length": 153.17762139080554, "from": "482", "to": "515", "_key": "0", "lanes": "2", "width": null, "bridge": null, "tunnel": null, "ref": null, "access": null}, "geometry": {"type": "LineString", "coordinates": [[19.077214300000005, 47.53345860000004], [19.079172900000003, 47.53307260000001]]}}, {"id": "(515, 507, 0)", "type": "Feature", "properties": {"_status": "original", "osmid": 291, "highway": "residential", "maxspeed": null, "name": "\u00dcteg utca", "oneway": false, "reversed": false, "length": 144.81581937209918, "from": "507", "to": "515", "_key": "0", "lanes": null, "width": null, "bridge": null, "tunnel": null, "ref": null, "access": null}, "geometry": {"type": "LineString", "coordinates": [[19.078568799999992, 47.53183609999999], [19.078690500000008, 47.53212100000004], [19.07876829999999, 47.53226690000001], [19.0788203, 47.53237290000001], [19.078964899999992, 47.532667600000046], [19.0790905, 47.53291040000003], [19.079154499999998, 47.53303470000003], [19.079172900000003, 47.53307260000001]]}}, {"id": "(525, 490, 0)", "type": "Feature", "properties": {"_status": "original", "osmid": 698, "highway": "residential", "maxspeed": null, "name": "Frangep\u00e1n utca", "oneway": false, "reversed": false, "length": 158.07670193403118, "from": "525", "to": "490", "_key": "0", "lanes": null, "width": null, "bridge": null, "tunnel": null, "ref": null, "access": null}, "geometry": {"type": "LineString", "coordinates": [[19.079836699999994, 47.534296500000025], [19.079410699999993, 47.53438350000001], [19.079100099999998, 47.5344469], [19.077821200000002, 47.53470800000004]]}}, {"id": "(525, 538, 0)", "type": "Feature", "properties": {"_status": "original", "osmid": 297, "highway": "residential", "maxspeed": null, "name": "Frangep\u00e1n utca", "oneway": false, "reversed": false, "length": 54.72291500628079, "from": "538", "to": "525", "_key": "0", "lanes": null, "width": null, "bridge": null, "tunnel": null, "ref": null, "access": null}, "geometry": {"type": "LineString", "coordinates": [[19.080534400000005, 47.534153999999994], [19.079836699999994, 47.534296500000025]]}}, {"id": "(482, 490, 0)", "type": "Feature", "properties": {"_status": "original", "osmid": 697, "highway": "residential", "maxspeed": null, "name": "Hajd\u00fa utca", "oneway": false, "reversed": false, "length": 146.20758098868495, "from": "482", "to": "490", "_key": "0", "lanes": null, "width": null, "bridge": null, "tunnel": null, "ref": null, "access": null}, "geometry": {"type": "LineString", "coordinates": [[19.077214300000005, 47.53345860000004], [19.077821200000002, 47.53470800000004]]}}, {"id": "(482, 419, 0)", "type": "Feature", "properties": {"_status": "original", "osmid": 690, "highway": "residential", "maxspeed": "50", "name": "Petneh\u00e1zy utca", "oneway": true, "reversed": false, "length": 219.77040136550295, "from": "419", "to": "482", "_key": "0", "lanes": "2", "width": null, "bridge": null, "tunnel": null, "ref": null, "access": null}, "geometry": {"type": "LineString", "coordinates": [[19.074413799999995, 47.534033600000015], [19.074486799999992, 47.534022800000045], [19.075393899999998, 47.53383720000003], [19.077214300000005, 47.53345860000004]]}}, {"id": "(507, 414, 0)", "type": "Feature", "properties": {"_status": "original", "osmid": 577, "highway": "pedestrian", "maxspeed": null, "name": "Orsz\u00e1gb\u00edr\u00f3 utca", "oneway": false, "reversed": true, "length": 367.33529039962866, "from": "414", "to": "507", "_key": "0", "lanes": null, "width": null, "bridge": null, "tunnel": null, "ref": null, "access": null}, "geometry": {"type": "LineString", "coordinates": [[19.073869399999996, 47.532755700000024], [19.074433100000004, 47.53264550000004], [19.074587899999994, 47.53261520000001], [19.074644400000004, 47.53260410000005], [19.0748774, 47.53255850000003], [19.07506040000001, 47.53252120000005], [19.075746399999993, 47.532388600000026], [19.0765986, 47.53222200000004], [19.076983999999996, 47.532144700000075], [19.07729949999999, 47.53208500000002], [19.077423599999992, 47.53206070000001], [19.077699600000006, 47.5320067], [19.078085900000005, 47.5319312], [19.0785067, 47.531848900000014], [19.078568799999992, 47.53183609999999]]}}, {"id": "(507, 539, 0)", "type": "Feature", "properties": {"_status": "original", "osmid": 1060, "highway": "pedestrian", "maxspeed": null, "name": "Orsz\u00e1gb\u00edr\u00f3 utca", "oneway": false, "reversed": false, "length": 118.11694165813898, "from": "539", "to": "507", "_key": "0", "lanes": null, "width": null, "bridge": null, "tunnel": null, "ref": null, "access": null}, "geometry": {"type": "LineString", "coordinates": [[19.0800819, 47.53154520000005], [19.079790699999997, 47.53159890000002], [19.079693400000004, 47.53161680000004], [19.0792673, 47.531700100000016], [19.07912019999999, 47.53172890000001], [19.078895499999994, 47.531772800000056], [19.078568799999992, 47.53183609999999]]}}, {"id": "(563, 569, 0)", "type": "Feature", "properties": {"_status": "new", "osmid": 299, "highway": null, "maxspeed": null, "name": null, "oneway": null, "reversed": null, "length": null, "from": "563", "to": "569", "_key": "0", "lanes": null, "width": null, "bridge": null, "tunnel": null, "ref": null, "access": null}, "geometry": {"type": "LineString", "coordinates": [[19.082146928001308, 47.5338140849093], [19.082952888397713, 47.5352950375222]]}}, {"id": "(563, 538, 0)", "type": "Feature", "properties": {"_status": "changed", "osmid": 296, "highway": "residential", "maxspeed": null, "name": "Frangep\u00e1n utca", "oneway": false, "reversed": true, "length": 118.95422238849298, "from": "538", "to": "563", "_key": "0", "lanes": "3", "width": null, "bridge": null, "tunnel": null, "ref": null, "access": null}, "geometry": {"type": "LineString", "coordinates": [[19.080534400000005, 47.534153999999994], [19.0810132, 47.534056300000024], [19.08132669999999, 47.53399230000006], [19.0819575, 47.5338536], [19.0820464, 47.53383430000004], [19.082146928001308, 47.5338140849093]]}}, {"id": "(563, 580, 0)", "type": "Feature", "properties": {"_status": "changed", "osmid": 300, "highway": "residential", "maxspeed": "30", "name": "Frangep\u00e1n utca", "oneway": false, "reversed": false, "length": 98.47443459494697, "from": "580", "to": "563", "_key": "0", "lanes": null, "width": null, "bridge": null, "tunnel": null, "ref": null, "access": null}, "geometry": {"type": "LineString", "coordinates": [[19.083506799999995, 47.53354670000003], [19.082445100000005, 47.53375410000004], [19.082317200000006, 47.533779100000004], [19.0822466, 47.53379240000002], [19.082146928001308, 47.5338140849093]]}}, {"id": "(629, 638, 0)", "type": "Feature", "properties": {"_status": "new", "osmid": 388, "highway": null, "maxspeed": null, "name": null, "oneway": null, "reversed": null, "length": null, "from": "629", "to": "638", "_key": "0", "lanes": null, "width": null, "bridge": null, "tunnel": null, "ref": null, "access": null}, "geometry": {"type": "LineString", "coordinates": [[19.085926208605148, 47.53156367049082], [19.086649093997956, 47.5327942402322]]}}, {"id": "(629, 666, 0)", "type": "Feature", "properties": {"_status": "changed", "osmid": 389, "highway": "residential", "maxspeed": null, "name": "Petneh\u00e1zy utca", "oneway": true, "reversed": false, "length": 165.88655174886603, "from": "666", "to": "629", "_key": "0", "lanes": null, "width": null, "bridge": null, "tunnel": null, "ref": null, "access": null}, "geometry": {"type": "LineString", "coordinates": [[19.0880321, 47.53099270000001], [19.087206900000005, 47.53120320000005], [19.086049099999997, 47.531532300000045], [19.085982400000002, 47.53154910000003], [19.085926208605148, 47.53156367049082]]}}, {"id": "(602, 580, 0)", "type": "Feature", "properties": {"_status": "original", "osmid": 301, "highway": "residential", "maxspeed": null, "name": "Frangep\u00e1n utca", "oneway": false, "reversed": false, "length": 99.34661964494353, "from": "602", "to": "580", "_key": "0", "lanes": null, "width": null, "bridge": null, "tunnel": null, "ref": null, "access": null}, "geometry": {"type": "LineString", "coordinates": [[19.084772699999995, 47.5332864], [19.083506799999995, 47.53354670000003]]}}, {"id": "(602, 638, 0)", "type": "Feature", "properties": {"_status": "changed", "osmid": 400, "highway": "residential", "maxspeed": "30", "name": "Frangep\u00e1n utca", "oneway": true, "reversed": false, "length": 146.72108971732857, "from": "602", "to": "638", "_key": "0", "lanes": null, "width": null, "bridge": null, "tunnel": null, "ref": null, "access": null}, "geometry": {"type": "LineString", "coordinates": [[19.084772699999995, 47.5332864], [19.0851524, 47.533187000000034], [19.0864935, 47.532835900000045], [19.086509700000004, 47.53283160000001], [19.086594799999997, 47.53280930000001], [19.086649093997956, 47.5327942402322]]}}, {"id": "(602, 612, 0)", "type": "Feature", "properties": {"_status": "original", "osmid": 401, "highway": "residential", "maxspeed": "30", "name": "J\u00e1sz utca", "oneway": true, "reversed": false, "length": 173.59825012753552, "from": "612", "to": "602", "_key": "0", "lanes": null, "width": null, "bridge": null, "tunnel": null, "ref": null, "access": null}, "geometry": {"type": "LineString", "coordinates": [[19.0856068, 47.53474250000001], [19.085361799999994, 47.534314699999996], [19.084772699999995, 47.5332864]]}}, {"id": "(538, 543, 0)", "type": "Feature", "properties": {"_status": "original", "osmid": 298, "highway": "residential", "maxspeed": null, "name": "Csizma utca", "oneway": true, "reversed": false, "length": 173.83472082167617, "from": "543", "to": "538", "_key": "0", "lanes": null, "width": null, "bridge": null, "tunnel": null, "ref": null, "access": null}, "geometry": {"type": "LineString", "coordinates": [[19.081196799999994, 47.53565200000001], [19.081106999999996, 47.535448900000006], [19.080984799999996, 47.53517249999999], [19.080534400000005, 47.534153999999994]]}}, {"id": "(543, 569, 0)", "type": "Feature", "properties": {"_status": "changed", "osmid": 304, "highway": "residential", "maxspeed": null, "name": "F\u00e1y utca", "oneway": false, "reversed": true, "length": 130.04538928642853, "from": "543", "to": "569", "_key": "0", "lanes": "2", "width": null, "bridge": null, "tunnel": null, "ref": null, "access": null}, "geometry": {"type": "LineString", "coordinates": [[19.081196799999994, 47.53565200000001], [19.0827871, 47.53533100000001], [19.0828565, 47.535317000000056], [19.082952888397713, 47.5352950375222]]}}, {"id": "(543, 541, 0)", "type": "Feature", "properties": {"_status": "original", "osmid": 305, "highway": "residential", "maxspeed": null, "name": "F\u00e1y utca", "oneway": false, "reversed": true, "length": 22.533990735811223, "from": "541", "to": "543", "_key": "0", "lanes": null, "width": null, "bridge": null, "tunnel": null, "ref": null, "access": null}, "geometry": {"type": "LineString", "coordinates": [[19.080909099999996, 47.53570980000001], [19.081196799999994, 47.53565200000001]]}}, {"id": "(569, 591, 0)", "type": "Feature", "properties": {"_status": "changed", "osmid": 306, "highway": "residential", "maxspeed": null, "name": "F\u00e1y utca", "oneway": true, "reversed": false, "length": 102.24985909121507, "from": "569", "to": "591", "_key": "0", "lanes": null, "width": null, "bridge": null, "tunnel": null, "ref": null, "access": null}, "geometry": {"type": "LineString", "coordinates": [[19.082952888397713, 47.5352950375222], [19.083049300000003, 47.53527330000001], [19.084352600000003, 47.53500620000004]]}}, {"id": "(569, 576, 0)", "type": "Feature", "properties": {"_status": "new", "osmid": 307, "highway": null, "maxspeed": null, "name": null, "oneway": null, "reversed": null, "length": null, "from": "569", "to": "576", "_key": "0", "lanes": null, "width": null, "bridge": null, "tunnel": null, "ref": null, "access": null}, "geometry": {"type": "LineString", "coordinates": [[19.082952888397713, 47.5352950375222], [19.083763101752695, 47.536757741075185]]}}, {"id": "(580, 597, 0)", "type": "Feature", "properties": {"_status": "original", "osmid": 302, "highway": "living_street", "maxspeed": null, "name": "P\u00e1rta k\u00f6z", "oneway": false, "reversed": false, "length": 205.91028879520894, "from": "597", "to": "580", "_key": "0", "lanes": null, "width": null, "bridge": null, "tunnel": null, "ref": null, "access": null}, "geometry": {"type": "LineString", "coordinates": [[19.0846657, 47.5349391], [19.084286699999996, 47.53409150000006], [19.084278400000006, 47.534079500000054], [19.084264699999995, 47.53407200000003], [19.084249000000003, 47.53406670000002], [19.084229200000003, 47.53406769999999], [19.08384139999999, 47.53413560000006], [19.0838233, 47.53413520000003], [19.083805300000005, 47.53413119999999], [19.083791899999994, 47.53412290000005], [19.083780299999997, 47.53411270000006], [19.083506799999995, 47.53354670000003]]}}, {"id": "(597, 612, 0)", "type": "Feature", "properties": {"_status": "original", "osmid": 409, "highway": "residential", "maxspeed": null, "name": "F\u00e1y utca", "oneway": true, "reversed": false, "length": 73.9555233794893, "from": "597", "to": "612", "_key": "0", "lanes": null, "width": null, "bridge": null, "tunnel": null, "ref": null, "access": null}, "geometry": {"type": "LineString", "coordinates": [[19.0846657, 47.5349391], [19.0856068, 47.53474250000001]]}}, {"id": "(597, 591, 0)", "type": "Feature", "properties": {"_status": "original", "osmid": 308, "highway": "residential", "maxspeed": null, "name": "F\u00e1y utca", "oneway": true, "reversed": false, "length": 24.660903651651665, "from": "591", "to": "597", "_key": "0", "lanes": null, "width": null, "bridge": null, "tunnel": null, "ref": null, "access": null}, "geometry": {"type": "LineString", "coordinates": [[19.084352600000003, 47.53500620000004], [19.0846657, 47.5349391]]}}, {"id": "(587, 633, 0)", "type": "Feature", "properties": {"_status": "changed", "osmid": 360, "highway": "residential", "maxspeed": null, "name": "D\u00e9v\u00e9nyi utca", "oneway": false, "reversed": false, "length": 105.82238364395464, "from": "587", "to": "633", "_key": "0", "lanes": null, "width": "6", "bridge": null, "tunnel": null, "ref": null, "access": null}, "geometry": {"type": "LineString", "coordinates": [[19.08216054008341, 47.523107694798604], [19.082516028052844, 47.52289391681486], [19.082919956067542, 47.52271650008934], [19.083143672148683, 47.52268405751665], [19.083469699999995, 47.52272430000005], [19.083568699999994, 47.52277750000004], [19.083958299999992, 47.52294810000005], [19.0846447, 47.52324910000004]]}}, {"id": "(541, 494, 0)", "type": "Feature", "properties": {"_status": "original", "osmid": 707, "highway": "residential", "maxspeed": null, "name": "F\u00e1y utca", "oneway": false, "reversed": false, "length": 186.2183742530455, "from": "541", "to": "494", "_key": "0", "lanes": null, "width": null, "bridge": null, "tunnel": null, "ref": null, "access": null}, "geometry": {"type": "LineString", "coordinates": [[19.080909099999996, 47.53570980000001], [19.078531499999997, 47.53618730000001]]}}, {"id": "(541, 502, 0)", "type": "Feature", "properties": {"_status": "original", "osmid": 916, "highway": "pedestrian", "maxspeed": null, "name": null, "oneway": false, "reversed": true, "length": 348.3100913073318, "from": "541", "to": "502", "_key": "0", "lanes": null, "width": null, "bridge": null, "tunnel": null, "ref": null, "access": null}, "geometry": {"type": "LineString", "coordinates": [[19.080909099999996, 47.53570980000001], [19.080955400000004, 47.535790800000036], [19.080983299999996, 47.53584700000003], [19.0815278, 47.53695840000002], [19.081597900000002, 47.53710280000005], [19.079907800000004, 47.53747770000003], [19.0798693, 47.537486199999975], [19.079383099999998, 47.53759400000001], [19.079256499999996, 47.53762190000001]]}}, {"id": "(591, 598, 0)", "type": "Feature", "properties": {"_status": "original", "osmid": 309, "highway": "residential", "maxspeed": null, "name": "Forg\u00e1ch k\u00f6z", "oneway": false, "reversed": [false, true], "length": 173.73843661102072, "from": "598", "to": "591", "_key": "0", "lanes": "1", "width": null, "bridge": null, "tunnel": null, "ref": null, "access": null}, "geometry": {"type": "LineString", "coordinates": [[19.084989599999997, 47.536508299999994], [19.0847247, 47.53589010000004], [19.084547900000004, 47.53547780000006], [19.084352600000003, 47.53500620000004]]}}, {"id": "(576, 584, 0)", "type": "Feature", "properties": {"_status": "new", "osmid": 312, "highway": null, "maxspeed": null, "name": null, "oneway": null, "reversed": null, "length": null, "from": "576", "to": "584", "_key": "0", "lanes": null, "width": null, "bridge": null, "tunnel": null, "ref": null, "access": null}, "geometry": {"type": "LineString", "coordinates": [[19.083763101752695, 47.536757741075185], [19.084687493640526, 47.53845795560072]]}}, {"id": "(576, 598, 0)", "type": "Feature", "properties": {"_status": "changed", "osmid": 310, "highway": "residential", "maxspeed": "30", "name": "Zsin\u00f3r utca", "oneway": false, "reversed": true, "length": 88.06720147031682, "from": "598", "to": "576", "_key": "0", "lanes": null, "width": null, "bridge": null, "tunnel": null, "ref": null, "access": null}, "geometry": {"type": "LineString", "coordinates": [[19.084989599999997, 47.536508299999994], [19.083949699999998, 47.536714700000005], [19.083864099999992, 47.53673170000003], [19.083763101752695, 47.536757741075185]]}}, {"id": "(598, 624, 0)", "type": "Feature", "properties": {"_status": "original", "osmid": 311, "highway": "residential", "maxspeed": "30", "name": "Zsin\u00f3r utca", "oneway": false, "reversed": true, "length": 113.90095561264687, "from": "624", "to": "598", "_key": "0", "lanes": null, "width": null, "bridge": null, "tunnel": null, "ref": null, "access": null}, "geometry": {"type": "LineString", "coordinates": [[19.08643959999999, 47.53620670000003], [19.084989599999997, 47.536508299999994]]}}, {"id": "(624, 612, 0)", "type": "Feature", "properties": {"_status": "original", "osmid": 408, "highway": "residential", "maxspeed": "30", "name": "J\u00e1sz utca", "oneway": true, "reversed": false, "length": 174.40296182646915, "from": "624", "to": "612", "_key": "0", "lanes": null, "width": null, "bridge": null, "tunnel": null, "ref": null, "access": null}, "geometry": {"type": "LineString", "coordinates": [[19.08643959999999, 47.53620670000003], [19.0856068, 47.53474250000001]]}}, {"id": "(624, 658, 0)", "type": "Feature", "properties": {"_status": "changed", "osmid": 414, "highway": "residential", "maxspeed": "30", "name": "Zsin\u00f3r utca", "oneway": false, "reversed": false, "length": 150.33519794283745, "from": "624", "to": "658", "_key": "0", "lanes": null, "width": null, "bridge": null, "tunnel": null, "ref": null, "access": null}, "geometry": {"type": "LineString", "coordinates": [[19.08643959999999, 47.53620670000003], [19.088187, 47.53572380000006], [19.088235800000003, 47.53571150000002], [19.088294400000002, 47.5356971], [19.0883489826334, 47.53568270050385]]}}, {"id": "(624, 634, 0)", "type": "Feature", "properties": {"_status": "original", "osmid": 318, "highway": "residential", "maxspeed": "30", "name": "J\u00e1sz utca", "oneway": true, "reversed": false, "length": 154.6603999352095, "from": "634", "to": "624", "_key": "0", "lanes": null, "width": null, "bridge": null, "tunnel": null, "ref": null, "access": null}, "geometry": {"type": "LineString", "coordinates": [[19.08717329999999, 47.537506400000034], [19.087150400000002, 47.537466000000045], [19.0869188, 47.53705850000005], [19.086845499999995, 47.536929500000035], [19.08680929999999, 47.53686520000005], [19.08643959999999, 47.53620670000003]]}}, {"id": "(584, 634, 0)", "type": "Feature", "properties": {"_status": "changed", "osmid": 315, "highway": "residential", "maxspeed": "50", "name": "Tahi utca", "oneway": false, "reversed": false, "length": 206.59647007484898, "from": "584", "to": "634", "_key": "0", "lanes": null, "width": null, "bridge": null, "tunnel": null, "ref": null, "access": null}, "geometry": {"type": "LineString", "coordinates": [[19.084687493640526, 47.53845795560072], [19.084787600000002, 47.53843270000002], [19.08717329999999, 47.537506400000034]]}}, {"id": "(586, 622, 0)", "type": "Feature", "properties": {"_status": "changed", "osmid": 322, "highway": "tertiary", "maxspeed": null, "name": "Kisg\u00f6mb utca", "oneway": true, "reversed": false, "length": 172.37781271859458, "from": "586", "to": "622", "_key": "0", "lanes": null, "width": null, "bridge": null, "tunnel": null, "ref": null, "access": null}, "geometry": {"type": "LineString", "coordinates": [[19.082642262732517, 47.525900883194375], [19.082688199999993, 47.525872200000016], [19.0827579, 47.52582710000004], [19.084365600000005, 47.52481379999999]]}}, {"id": "(586, 593, 0)", "type": "Feature", "properties": {"_status": "new", "osmid": 323, "highway": null, "maxspeed": null, "name": null, "oneway": null, "reversed": null, "length": null, "from": "586", "to": "593", "_key": "0", "lanes": null, "width": null, "bridge": null, "tunnel": null, "ref": null, "access": null}, "geometry": {"type": "LineString", "coordinates": [[19.082642262732517, 47.525900883194375], [19.083069038641792, 47.52664384407639]]}}, {"id": "(592, 613, 0)", "type": "Feature", "properties": {"_status": "new", "osmid": 368, "highway": null, "maxspeed": null, "name": null, "oneway": null, "reversed": null, "length": null, "from": "613", "to": "592", "_key": "0", "lanes": null, "width": null, "bridge": null, "tunnel": null, "ref": null, "access": null}, "geometry": {"type": "LineString", "coordinates": [[19.0837360881395, 47.52379807326693], [19.08342126912859, 47.5237044311249], [19.082450914780708, 47.5235889887197]]}}, {"id": "(634, 664, 0)", "type": "Feature", "properties": {"_status": "changed", "osmid": 317, "highway": "residential", "maxspeed": "50", "name": "Tahi utca", "oneway": false, "reversed": true, "length": 155.9140436029254, "from": "634", "to": "664", "_key": "0", "lanes": null, "width": null, "bridge": null, "tunnel": null, "ref": null, "access": null}, "geometry": {"type": "LineString", "coordinates": [[19.08717329999999, 47.537506400000034], [19.087218199999995, 47.537488100000026], [19.087611499999998, 47.53732740000005], [19.087892000000007, 47.53720840000001], [19.08882519999999, 47.53681890000002], [19.08887099999999, 47.536801400000016], [19.0889438, 47.536773500000045], [19.08898122320707, 47.53675917842315]]}}, {"id": "(634, 643, 0)", "type": "Feature", "properties": {"_status": "original", "osmid": 319, "highway": "residential", "maxspeed": ["50", "30"], "name": "J\u00e1sz utca", "oneway": true, "reversed": false, "length": 185.6226001882081, "from": "643", "to": "634", "_key": "0", "lanes": null, "width": null, "bridge": "yes", "tunnel": null, "ref": null, "access": null}, "geometry": {"type": "LineString", "coordinates": [[19.088047000000003, 47.53906800000001], [19.0875694, 47.538220800000005], [19.0874304, 47.53797500000003], [19.087387399999997, 47.537899100000025], [19.087356699999997, 47.53784150000001], [19.08730989999999, 47.53775910000006], [19.087192600000005, 47.53754640000006], [19.08717329999999, 47.537506400000034]]}}, {"id": "(664, 658, 0)", "type": "Feature", "properties": {"_status": "new", "osmid": 416, "highway": null, "maxspeed": null, "name": null, "oneway": null, "reversed": null, "length": null, "from": "664", "to": "658", "_key": "0", "lanes": null, "width": null, "bridge": null, "tunnel": null, "ref": null, "access": null}, "geometry": {"type": "LineString", "coordinates": [[19.08898122320707, 47.53675917842315], [19.0883489826334, 47.53568270050385]]}}, {"id": "(664, 687, 0)", "type": "Feature", "properties": {"_status": "changed", "osmid": 418, "highway": "residential", "maxspeed": "50", "name": "Tahi utca", "oneway": false, "reversed": false, "length": 165.29472746142162, "from": "664", "to": "687", "_key": "0", "lanes": null, "width": null, "bridge": null, "tunnel": null, "ref": null, "access": null}, "geometry": {"type": "LineString", "coordinates": [[19.08898122320707, 47.53675917842315], [19.089018599999992, 47.53674480000006], [19.08908139999999, 47.536720800000026], [19.089107599999995, 47.53671070000006], [19.0909055, 47.535978700000015]]}}, {"id": "(664, 672, 0)", "type": "Feature", "properties": {"_status": "new", "osmid": 419, "highway": null, "maxspeed": null, "name": null, "oneway": null, "reversed": null, "length": null, "from": "672", "to": "664", "_key": "0", "lanes": null, "width": null, "bridge": null, "tunnel": null, "ref": null, "access": null}, "geometry": {"type": "LineString", "coordinates": [[19.0900326756548, 47.53855283679627], [19.08898122320707, 47.53675917842315]]}}, {"id": "(643, 672, 0)", "type": "Feature", "properties": {"_status": "changed", "osmid": 423, "highway": ["residential", "pedestrian"], "maxspeed": "50", "name": "Fut\u00e1r utca", "oneway": false, "reversed": true, "length": 155.3404190101176, "from": "643", "to": "672", "_key": "0", "lanes": null, "width": null, "bridge": null, "tunnel": null, "ref": null, "access": null}, "geometry": {"type": "LineString", "coordinates": [[19.088047000000003, 47.53906800000001], [19.088102700000007, 47.53905700000005], [19.088174100000003, 47.53904340000006], [19.088987000000003, 47.53883710000008], [19.089136299999996, 47.5387965], [19.089877800000007, 47.53859500000002], [19.08997839999999, 47.538567699999994], [19.0900326756548, 47.53855283679627]]}}, {"id": "(643, 621, 0)", "type": "Feature", "properties": {"_status": "original", "osmid": 339, "highway": "residential", "maxspeed": "30", "name": "Fut\u00e1r utca", "oneway": false, "reversed": true, "length": 90.69498197452768, "from": "621", "to": "643", "_key": "0", "lanes": null, "width": null, "bridge": null, "tunnel": null, "ref": null, "access": null}, "geometry": {"type": "LineString", "coordinates": [[19.0868933, 47.53931020000002], [19.087473799999998, 47.53918930000002], [19.088047000000003, 47.53906800000001]]}}, {"id": "(643, 647, 0)", "type": "Feature", "properties": {"_status": "original", "osmid": 424, "highway": "residential", "maxspeed": "50", "name": "J\u00e1sz utca", "oneway": true, "reversed": false, "length": 85.41810064054107, "from": "647", "to": "643", "_key": "0", "lanes": null, "width": null, "bridge": null, "tunnel": null, "ref": null, "access": null}, "geometry": {"type": "LineString", "coordinates": [[19.088452699999998, 47.53978569999998], [19.088047000000003, 47.53906800000001]]}}, {"id": "(622, 628, 0)", "type": "Feature", "properties": {"_status": "original", "osmid": 325, "highway": "residential", "maxspeed": null, "name": "Szent L\u00e1szl\u00f3 \u00fat", "oneway": true, "reversed": false, "length": 90.29937356266373, "from": "622", "to": "628", "_key": "0", "lanes": null, "width": null, "bridge": null, "tunnel": null, "ref": null, "access": null}, "geometry": {"type": "LineString", "coordinates": [[19.084365600000005, 47.52481379999999], [19.084812599999996, 47.52556770000004]]}}, {"id": "(622, 613, 0)", "type": "Feature", "properties": {"_status": "changed", "osmid": 326, "highway": "tertiary", "maxspeed": null, "name": "Szent L\u00e1szl\u00f3 \u00fat", "oneway": true, "reversed": false, "length": 110.38389199883127, "from": "613", "to": "622", "_key": "0", "lanes": "1", "width": null, "bridge": null, "tunnel": null, "ref": null, "access": null}, "geometry": {"type": "LineString", "coordinates": [[19.0837360881395, 47.52379807326693], [19.0838578, 47.52388220000004], [19.084365600000005, 47.52481379999999]]}}, {"id": "(622, 636, 0)", "type": "Feature", "properties": {"_status": "original", "osmid": 327, "highway": "residential", "maxspeed": null, "name": "Kisg\u00f6mb utca", "oneway": false, "reversed": false, "length": 62.00744671488132, "from": "636", "to": "622", "_key": "0", "lanes": null, "width": null, "bridge": null, "tunnel": null, "ref": null, "access": null}, "geometry": {"type": "LineString", "coordinates": [[19.084976800000003, 47.52443880000005], [19.084445500000005, 47.524764800000035], [19.084365600000005, 47.52481379999999]]}}, {"id": "(593, 628, 0)", "type": "Feature", "properties": {"_status": "changed", "osmid": 329, "highway": "residential", "maxspeed": null, "name": "Kerekes utca", "oneway": true, "reversed": false, "length": 172.3371157264274, "from": "593", "to": "628", "_key": "0", "lanes": null, "width": null, "bridge": null, "tunnel": null, "ref": null, "access": null}, "geometry": {"type": "LineString", "coordinates": [[19.083069038641792, 47.52664384407639], [19.083117599999998, 47.526612700000015], [19.083174099999994, 47.52657940000005], [19.084812599999996, 47.52556770000004]]}}, {"id": "(599, 621, 0)", "type": "Feature", "properties": {"_status": "changed", "osmid": 338, "highway": "residential", "maxspeed": "30", "name": "Fut\u00e1r utca", "oneway": false, "reversed": true, "length": 84.22266839961395, "from": "599", "to": "621", "_key": "0", "lanes": null, "width": null, "bridge": null, "tunnel": null, "ref": null, "access": null}, "geometry": {"type": "LineString", "coordinates": [[19.085633404659198, 47.53977999474471], [19.085820500000004, 47.539532000000044], [19.0868933, 47.53931020000002]]}}, {"id": "(599, 600, 0)", "type": "Feature", "properties": {"_status": "new", "osmid": 334, "highway": null, "maxspeed": null, "name": null, "oneway": null, "reversed": null, "length": null, "from": "600", "to": "599", "_key": "0", "lanes": null, "width": null, "bridge": null, "tunnel": null, "ref": null, "access": null}, "geometry": {"type": "LineString", "coordinates": [[19.08567973636126, 47.54001181518526], [19.085633404659198, 47.53977999474471]]}}, {"id": "(628, 639, 0)", "type": "Feature", "properties": {"_status": "original", "osmid": 336, "highway": "residential", "maxspeed": null, "name": "Szent L\u00e1szl\u00f3 \u00fat", "oneway": true, "reversed": false, "length": 179.03315410853486, "from": "628", "to": "639", "_key": "0", "lanes": null, "width": null, "bridge": null, "tunnel": null, "ref": null, "access": null}, "geometry": {"type": "LineString", "coordinates": [[19.084812599999996, 47.52556770000004], [19.085635299999996, 47.526923200000034], [19.085659, 47.52696250000001], [19.085714300000003, 47.52705820000005]]}}, {"id": "(628, 645, 0)", "type": "Feature", "properties": {"_status": "original", "osmid": 337, "highway": "residential", "maxspeed": null, "name": "Kerekes utca", "oneway": false, "reversed": true, "length": 93.06708586790025, "from": "645", "to": "628", "_key": "0", "lanes": null, "width": null, "bridge": null, "tunnel": null, "ref": null, "access": null}, "geometry": {"type": "LineString", "coordinates": [[19.085747400000002, 47.52501810000001], [19.084812599999996, 47.52556770000004]]}}, {"id": "(613, 633, 0)", "type": "Feature", "properties": {"_status": "changed", "osmid": 362, "highway": "residential", "maxspeed": null, "name": "M\u00f3r utca", "oneway": false, "reversed": true, "length": 86.42236846014883, "from": "633", "to": "613", "_key": "0", "lanes": null, "width": null, "bridge": null, "tunnel": null, "ref": null, "access": null}, "geometry": {"type": "LineString", "coordinates": [[19.0846447, 47.52324910000004], [19.0838701, 47.52374040000004], [19.083803899999992, 47.52377980000003], [19.0837360881395, 47.52379807326693]]}}, {"id": "(636, 645, 0)", "type": "Feature", "properties": {"_status": "original", "osmid": 684, "highway": "residential", "maxspeed": null, "name": "Pal\u00f3c utca", "oneway": false, "reversed": true, "length": 86.58718851821153, "from": "645", "to": "636", "_key": "0", "lanes": null, "width": null, "bridge": null, "tunnel": null, "ref": null, "access": null}, "geometry": {"type": "LineString", "coordinates": [[19.085747400000002, 47.52501810000001], [19.084976800000003, 47.52443880000005]]}}, {"id": "(636, 652, 0)", "type": "Feature", "properties": {"_status": "original", "osmid": 685, "highway": "residential", "maxspeed": null, "name": "Kisg\u00f6mb utca", "oneway": false, "reversed": false, "length": 97.75200534689257, "from": "652", "to": "636", "_key": "0", "lanes": null, "width": null, "bridge": null, "tunnel": null, "ref": null, "access": null}, "geometry": {"type": "LineString", "coordinates": [[19.085914799999998, 47.5238292], [19.084976800000003, 47.52443880000005]]}}, {"id": "(579, 600, 0)", "type": "Feature", "properties": {"_status": "changed", "osmid": 331, "highway": "residential", "maxspeed": "50", "name": "Fiasty\u00fak utca", "oneway": false, "reversed": true, "length": 66.81173983561158, "from": "579", "to": "600", "_key": "0", "lanes": ["3", "2"], "width": null, "bridge": null, "tunnel": null, "ref": null, "access": null}, "geometry": {"type": "LineString", "coordinates": [[19.084636699999997, 47.54025720000002], [19.0847435, 47.54022799999999], [19.0849203, 47.54018310000002], [19.085181699999993, 47.54012320000004], [19.085381399999992, 47.540077100000005], [19.085474700000002, 47.54005510000004], [19.08567973636126, 47.54001181518526]]}}, {"id": "(579, 595, 0)", "type": "Feature", "properties": {"_status": "original", "osmid": 332, "highway": "living_street", "maxspeed": null, "name": "Fiv\u00e9r utca", "oneway": true, "reversed": false, "length": 286.2565973380253, "from": "579", "to": "595", "_key": "0", "lanes": null, "width": null, "bridge": null, "tunnel": null, "ref": null, "access": null}, "geometry": {"type": "LineString", "coordinates": [[19.084636699999997, 47.54025720000002], [19.084717100000002, 47.54040050000003], [19.084745800000004, 47.54045160000004], [19.0847979, 47.54054460000002], [19.0848725, 47.54067750000004], [19.084940399999997, 47.54079850000004], [19.085039800000004, 47.540975900000056], [19.085069800000007, 47.541029300000055], [19.085106699999997, 47.54109770000006], [19.085159, 47.54119460000001], [19.085279100000005, 47.54140659999999], [19.085345300000004, 47.54153090000001], [19.085462599999993, 47.5417611], [19.085554899999998, 47.54194170000004], [19.0856362, 47.5420889], [19.085687399999994, 47.542189199999974], [19.085766999999997, 47.54234830000005], [19.085885700000002, 47.54256910000003], [19.085942899999992, 47.54267560000005]]}}, {"id": "(579, 561, 0)", "type": "Feature", "properties": {"_status": "original", "osmid": 333, "highway": "residential", "maxspeed": "50", "name": "Fiasty\u00fak utca", "oneway": false, "reversed": false, "length": 156.99389168661563, "from": "561", "to": "579", "_key": "0", "lanes": "2", "width": null, "bridge": null, "tunnel": null, "ref": null, "access": null}, "geometry": {"type": "LineString", "coordinates": [[19.083451299999997, 47.54139070000003], [19.08361259999999, 47.5412069], [19.083720800000002, 47.54108360000003], [19.0838248, 47.54096520000004], [19.084025199999992, 47.54071960000005], [19.084143099999988, 47.54057360000004], [19.084331499999998, 47.54038800000004], [19.084417300000005, 47.54033660000005], [19.084587000000003, 47.540272200000025], [19.084636699999997, 47.54025720000002]]}}, {"id": "(600, 604, 0)", "type": "Feature", "properties": {"_status": "new", "osmid": 335, "highway": null, "maxspeed": null, "name": null, "oneway": null, "reversed": null, "length": null, "from": "604", "to": "600", "_key": "0", "lanes": null, "width": null, "bridge": null, "tunnel": null, "ref": null, "access": null}, "geometry": {"type": "LineString", "coordinates": [[19.08622341688199, 47.54093775614107], [19.086085014942512, 47.540769817044385], [19.08567973636126, 47.54001181518526]]}}, {"id": "(595, 610, 0)", "type": "Feature", "properties": {"_status": "changed", "osmid": 345, "highway": "living_street", "maxspeed": null, "name": "\u00d6vezet utca", "oneway": false, "reversed": false, "length": 67.34566409793916, "from": "595", "to": "610", "_key": "0", "lanes": null, "width": null, "bridge": null, "tunnel": null, "ref": null, "access": null}, "geometry": {"type": "LineString", "coordinates": [[19.085942899999992, 47.54267560000005], [19.086316599999993, 47.54258320000005], [19.086707699999987, 47.542480999999995], [19.0867813, 47.542460099999985], [19.08688468081198, 47.54243400885938]]}}, {"id": "(595, 571, 0)", "type": "Feature", "properties": {"_status": "original", "osmid": 346, "highway": "living_street", "maxspeed": null, "name": "\u00d6vezet utca", "oneway": false, "reversed": false, "length": 124.28263056545411, "from": "595", "to": "571", "_key": "0", "lanes": null, "width": null, "bridge": null, "tunnel": null, "ref": null, "access": null}, "geometry": {"type": "LineString", "coordinates": [[19.085942899999992, 47.54267560000005], [19.0857842, 47.54271660000004], [19.085579399999997, 47.54276800000001], [19.085304500000003, 47.54283700000004], [19.0850782, 47.54289370000003], [19.084843299999992, 47.54295260000006], [19.0843845, 47.54305250000005]]}}, {"id": "(561, 571, 0)", "type": "Feature", "properties": {"_status": "original", "osmid": 640, "highway": "living_street", "maxspeed": null, "name": "N\u0151v\u00e9r utca", "oneway": false, "reversed": true, "length": 198.5806929285005, "from": "561", "to": "571", "_key": "0", "lanes": null, "width": null, "bridge": null, "tunnel": null, "ref": null, "access": null}, "geometry": {"type": "LineString", "coordinates": [[19.083451299999997, 47.54139070000003], [19.083525499999993, 47.54143290000005], [19.083607200000007, 47.54157330000002], [19.0839088, 47.54214270000001], [19.084118599999993, 47.54253720000001], [19.084219200000003, 47.54272640000007], [19.0843845, 47.54305250000005]]}}, {"id": "(561, 554, 0)", "type": "Feature", "properties": {"_status": "original", "osmid": 643, "highway": "residential", "maxspeed": "50", "name": "Fiasty\u00fak utca", "oneway": false, "reversed": false, "length": 77.0646288651136, "from": "554", "to": "561", "_key": "0", "lanes": "2", "width": null, "bridge": null, "tunnel": null, "ref": null, "access": null}, "geometry": {"type": "LineString", "coordinates": [[19.082908700000004, 47.54197830000001], [19.0832657, 47.54161879999998], [19.083375400000005, 47.54148160000002], [19.083451299999997, 47.54139070000003]]}}, {"id": "(604, 607, 0)", "type": "Feature", "properties": {"_status": "new", "osmid": 352, "highway": null, "maxspeed": null, "name": null, "oneway": null, "reversed": null, "length": null, "from": "604", "to": "607", "_key": "0", "lanes": null, "width": null, "bridge": null, "tunnel": null, "ref": null, "access": null}, "geometry": {"type": "LineString", "coordinates": [[19.08622341688199, 47.54093775614107], [19.086164862579057, 47.54112334814944], [19.086585474438333, 47.54188587011966]]}}, {"id": "(604, 630, 0)", "type": "Feature", "properties": {"_status": "changed", "osmid": 353, "highway": "residential", "maxspeed": "50", "name": "Keszken\u0151 utca", "oneway": true, "reversed": false, "length": 89.56852526222174, "from": "604", "to": "630", "_key": "0", "lanes": null, "width": null, "bridge": null, "tunnel": null, "ref": null, "access": null}, "geometry": {"type": "LineString", "coordinates": [[19.08622341688199, 47.54093775614107], [19.086557800000005, 47.541046400000035], [19.087697299999995, 47.5408074]]}}, {"id": "(639, 648, 0)", "type": "Feature", "properties": {"_status": "original", "osmid": 343, "highway": "residential", "maxspeed": null, "name": "Szent L\u00e1szl\u00f3 \u00fat", "oneway": true, "reversed": false, "length": 155.42893967420878, "from": "639", "to": "648", "_key": "0", "lanes": null, "width": null, "bridge": null, "tunnel": null, "ref": null, "access": null}, "geometry": {"type": "LineString", "coordinates": [[19.085714300000003, 47.52705820000005], [19.0864502, 47.52836469999999]]}}, {"id": "(639, 654, 0)", "type": "Feature", "properties": {"_status": "original", "osmid": 344, "highway": "residential", "maxspeed": null, "name": "Szegedi \u00fat", "oneway": false, "reversed": true, "length": 72.79285013033731, "from": "654", "to": "639", "_key": "0", "lanes": null, "width": null, "bridge": null, "tunnel": null, "ref": null, "access": null}, "geometry": {"type": "LineString", "coordinates": [[19.086466000000005, 47.5266449], [19.0862546, 47.52675540000007], [19.085714300000003, 47.52705820000005]]}}, {"id": "(645, 665, 0)", "type": "Feature", "properties": {"_status": "original", "osmid": 686, "highway": "residential", "maxspeed": null, "name": "Kerekes utca", "oneway": false, "reversed": false, "length": 111.95881609831596, "from": "645", "to": "665", "_key": "0", "lanes": null, "width": null, "bridge": null, "tunnel": null, "ref": null, "access": null}, "geometry": {"type": "LineString", "coordinates": [[19.085747400000002, 47.52501810000001], [19.08682230000001, 47.524320300000014]]}}, {"id": "(645, 656, 0)", "type": "Feature", "properties": {"_status": "original", "osmid": 687, "highway": "residential", "maxspeed": null, "name": "Pal\u00f3c utca", "oneway": false, "reversed": true, "length": 80.37550621606555, "from": "656", "to": "645", "_key": "0", "lanes": null, "width": null, "bridge": null, "tunnel": null, "ref": null, "access": null}, "geometry": {"type": "LineString", "coordinates": [[19.086479099999995, 47.52554570000003], [19.085747400000002, 47.52501810000001]]}}, {"id": "(621, 625, 0)", "type": "Feature", "properties": {"_status": "original", "osmid": 340, "highway": "living_street", "maxspeed": null, "name": "J\u00e9ggy\u00e1r utca", "oneway": false, "reversed": false, "length": 92.96983775500459, "from": "625", "to": "621", "_key": "0", "lanes": null, "width": null, "bridge": null, "tunnel": null, "ref": null, "access": null}, "geometry": {"type": "LineString", "coordinates": [[19.087195900000005, 47.54010930000004], [19.086994400000002, 47.53973860000004], [19.086921699999998, 47.5395858], [19.086945399999998, 47.5394573], [19.0868933, 47.53931020000002]]}}, {"id": "(625, 630, 0)", "type": "Feature", "properties": {"_status": "original", "osmid": 355, "highway": "living_street", "maxspeed": null, "name": "J\u00e9ggy\u00e1r utca", "oneway": false, "reversed": false, "length": 87.75147168107966, "from": "630", "to": "625", "_key": "0", "lanes": null, "width": null, "bridge": null, "tunnel": null, "ref": null, "access": null}, "geometry": {"type": "LineString", "coordinates": [[19.087697299999995, 47.5408074], [19.087637800000003, 47.54069730000002], [19.087444899999998, 47.54056770000001], [19.087195900000005, 47.54010930000004]]}}, {"id": "(625, 647, 0)", "type": "Feature", "properties": {"_status": "original", "osmid": 1080, "highway": "living_street", "maxspeed": null, "name": "J\u00e9ggy\u00e1r utca", "oneway": false, "reversed": true, "length": 100.97100121584516, "from": "647", "to": "625", "_key": "0", "lanes": null, "width": null, "bridge": null, "tunnel": null, "ref": null, "access": null}, "geometry": {"type": "LineString", "coordinates": [[19.088452699999998, 47.53978569999998], [19.087195900000005, 47.54010930000004]]}}, {"id": "(608, 648, 0)", "type": "Feature", "properties": {"_status": "changed", "osmid": 356, "highway": "residential", "maxspeed": "30", "name": "Ambrus utca", "oneway": true, "reversed": false, "length": 162.06940138280697, "from": "608", "to": "648", "_key": "0", "lanes": null, "width": null, "bridge": null, "tunnel": null, "ref": null, "access": null}, "geometry": {"type": "LineString", "coordinates": [[19.08439884223712, 47.528928507081204], [19.084451199999997, 47.52891470000005], [19.0864502, 47.52836469999999]]}}, {"id": "(648, 660, 0)", "type": "Feature", "properties": {"_status": "original", "osmid": 358, "highway": "residential", "maxspeed": null, "name": "Szent L\u00e1szl\u00f3 \u00fat", "oneway": true, "reversed": false, "length": 166.402999814383, "from": "648", "to": "660", "_key": "0", "lanes": null, "width": null, "bridge": null, "tunnel": null, "ref": null, "access": null}, "geometry": {"type": "LineString", "coordinates": [[19.0864502, 47.52836469999999], [19.087314899999992, 47.52974260000005]]}}, {"id": "(648, 663, 0)", "type": "Feature", "properties": {"_status": "original", "osmid": 359, "highway": "residential", "maxspeed": null, "name": "Ambrus utca", "oneway": true, "reversed": false, "length": 69.4234161041676, "from": "648", "to": "663", "_key": "0", "lanes": null, "width": null, "bridge": null, "tunnel": null, "ref": null, "access": null}, "geometry": {"type": "LineString", "coordinates": [[19.0864502, 47.52836469999999], [19.087302799999996, 47.52812310000004]]}}, {"id": "(654, 663, 0)", "type": "Feature", "properties": {"_status": "original", "osmid": 682, "highway": "residential", "maxspeed": null, "name": "Tatai utca", "oneway": false, "reversed": true, "length": 175.9680954706393, "from": "663", "to": "654", "_key": "0", "lanes": null, "width": null, "bridge": null, "tunnel": null, "ref": null, "access": null}, "geometry": {"type": "LineString", "coordinates": [[19.087302799999996, 47.52812310000004], [19.087230400000003, 47.52799510000006], [19.08656209999999, 47.52681120000003], [19.086466000000005, 47.5266449]]}}, {"id": "(654, 667, 0)", "type": "Feature", "properties": {"_status": "original", "osmid": 583, "highway": "residential", "maxspeed": null, "name": "Szegedi \u00fat", "oneway": false, "reversed": true, "length": 84.79313407804611, "from": "667", "to": "654", "_key": "0", "lanes": null, "width": null, "bridge": null, "tunnel": null, "ref": null, "access": null}, "geometry": {"type": "LineString", "coordinates": [[19.08732859999999, 47.52615280000002], [19.087171299999998, 47.52624360000003], [19.086523099999994, 47.52661490000002], [19.086466000000005, 47.5266449]]}}, {"id": "(610, 607, 0)", "type": "Feature", "properties": {"_status": "new", "osmid": 347, "highway": null, "maxspeed": null, "name": null, "oneway": null, "reversed": null, "length": null, "from": "607", "to": "610", "_key": "0", "lanes": null, "width": null, "bridge": null, "tunnel": null, "ref": null, "access": null}, "geometry": {"type": "LineString", "coordinates": [[19.086585474438333, 47.54188587011966], [19.08688468081198, 47.54243400885938]]}}, {"id": "(610, 611, 0)", "type": "Feature", "properties": {"_status": "new", "osmid": 348, "highway": null, "maxspeed": null, "name": null, "oneway": null, "reversed": null, "length": null, "from": "611", "to": "610", "_key": "0", "lanes": null, "width": null, "bridge": null, "tunnel": null, "ref": null, "access": null}, "geometry": {"type": "LineString", "coordinates": [[19.086995314321594, 47.542634997973394], [19.08688468081198, 47.54243400885938]]}}, {"id": "(571, 575, 0)", "type": "Feature", "properties": {"_status": "original", "osmid": 373, "highway": "living_street", "maxspeed": null, "name": "N\u0151v\u00e9r utca", "oneway": false, "reversed": true, "length": 154.8907160977249, "from": "571", "to": "575", "_key": "0", "lanes": null, "width": null, "bridge": null, "tunnel": null, "ref": null, "access": null}, "geometry": {"type": "LineString", "coordinates": [[19.0843845, 47.54305250000005], [19.084736, 47.54375650000007], [19.085036099999996, 47.544297700000016], [19.085073600000005, 47.54436530000002]]}}, {"id": "(607, 657, 0)", "type": "Feature", "properties": {"_status": "changed", "osmid": 349, "highway": "living_street", "maxspeed": null, "name": "Paszom\u00e1ny utca", "oneway": true, "reversed": false, "length": 206.12876555942563, "from": "657", "to": "607", "_key": "0", "lanes": null, "width": null, "bridge": null, "tunnel": null, "ref": null, "access": null}, "geometry": {"type": "LineString", "coordinates": [[19.089255599999994, 47.54121250000005], [19.0884109, 47.541425500000024], [19.0866832, 47.54186130000003], [19.086585474438333, 47.54188587011966]]}}, {"id": "(611, 662, 0)", "type": "Feature", "properties": {"_status": "changed", "osmid": 364, "highway": "residential", "maxspeed": "50", "name": "Rokolya utca", "oneway": true, "reversed": false, "length": 206.5330609270011, "from": "611", "to": "662", "_key": "0", "lanes": null, "width": null, "bridge": null, "tunnel": null, "ref": null, "access": null}, "geometry": {"type": "LineString", "coordinates": [[19.086995314321594, 47.542634997973394], [19.087100599999996, 47.54260980000001], [19.0871846, 47.542597100000044], [19.08735199999999, 47.54256110000005], [19.088827399999992, 47.54226670000002], [19.089731800000003, 47.54206770000004]]}}, {"id": "(611, 619, 0)", "type": "Feature", "properties": {"_status": "new", "osmid": 365, "highway": null, "maxspeed": null, "name": null, "oneway": null, "reversed": null, "length": null, "from": "619", "to": "611", "_key": "0", "lanes": null, "width": null, "bridge": null, "tunnel": null, "ref": null, "access": null}, "geometry": {"type": "LineString", "coordinates": [[19.087651624929915, 47.543823166098285], [19.086995314321594, 47.542634997973394]]}}, {"id": "(657, 653, 0)", "type": "Feature", "properties": {"_status": "original", "osmid": 350, "highway": "residential", "maxspeed": null, "name": "J\u00e1sz utca", "oneway": true, "reversed": false, "length": 76.84520092158365, "from": "657", "to": "653", "_key": "0", "lanes": null, "width": null, "bridge": null, "tunnel": null, "ref": null, "access": null}, "geometry": {"type": "LineString", "coordinates": [[19.089255599999994, 47.54121250000005], [19.088897400000004, 47.54056510000005]]}}, {"id": "(657, 662, 0)", "type": "Feature", "properties": {"_status": "original", "osmid": 351, "highway": "residential", "maxspeed": null, "name": "J\u00e1sz utca", "oneway": true, "reversed": false, "length": 101.59021004001366, "from": "662", "to": "657", "_key": "0", "lanes": null, "width": null, "bridge": null, "tunnel": null, "ref": null, "access": null}, "geometry": {"type": "LineString", "coordinates": [[19.089731800000003, 47.54206770000004], [19.0895188, 47.541685200000025], [19.089255599999994, 47.54121250000005]]}}, {"id": "(653, 680, 0)", "type": "Feature", "properties": {"_status": "changed", "osmid": 432, "highway": "residential", "maxspeed": "50", "name": "Keszken\u0151 utca", "oneway": false, "reversed": false, "length": 157.2139453655931, "from": "653", "to": "680", "_key": "0", "lanes": null, "width": null, "bridge": null, "tunnel": null, "ref": null, "access": null}, "geometry": {"type": "LineString", "coordinates": [[19.088897400000004, 47.54056510000005], [19.0890213, 47.54054960000002], [19.089703999999998, 47.54036990000006], [19.090321300000003, 47.54020740000006], [19.090724400000003, 47.54010000000003], [19.090800299999998, 47.54007960000005], [19.090854100000005, 47.54006500000002], [19.090910239709615, 47.54005031757588]]}}, {"id": "(653, 647, 0)", "type": "Feature", "properties": {"_status": "original", "osmid": 433, "highway": "residential", "maxspeed": "50", "name": "J\u00e1sz utca", "oneway": true, "reversed": false, "length": 92.87313574793592, "from": "653", "to": "647", "_key": "0", "lanes": null, "width": null, "bridge": null, "tunnel": null, "ref": null, "access": null}, "geometry": {"type": "LineString", "coordinates": [[19.088897400000004, 47.54056510000005], [19.0888519, 47.54048729999999], [19.088777400000005, 47.540359800000026], [19.088724, 47.54026530000002], [19.088595799999993, 47.54003879999999], [19.088452699999998, 47.53978569999998]]}}, {"id": "(653, 630, 0)", "type": "Feature", "properties": {"_status": "original", "osmid": 354, "highway": "residential", "maxspeed": "50", "name": "Keszken\u0151 utca", "oneway": true, "reversed": false, "length": 94.04071436694785, "from": "630", "to": "653", "_key": "0", "lanes": null, "width": null, "bridge": null, "tunnel": null, "ref": null, "access": null}, "geometry": {"type": "LineString", "coordinates": [[19.087697299999995, 47.5408074], [19.088046999999996, 47.54074360000002], [19.088897400000004, 47.54056510000005]]}}, {"id": "(662, 685, 0)", "type": "Feature", "properties": {"_status": "changed", "osmid": 366, "highway": "residential", "maxspeed": "50", "name": "Rokolya utca", "oneway": true, "reversed": false, "length": 159.9613935664127, "from": "662", "to": "685", "_key": "0", "lanes": null, "width": null, "bridge": null, "tunnel": null, "ref": null, "access": null}, "geometry": {"type": "LineString", "coordinates": [[19.089731800000003, 47.54206770000004], [19.091660799999996, 47.54156900000003], [19.0917216, 47.541552700000004], [19.091773020396246, 47.54153825946226]]}}, {"id": "(662, 669, 0)", "type": "Feature", "properties": {"_status": "original", "osmid": 367, "highway": "residential", "maxspeed": null, "name": "J\u00e1sz utca", "oneway": true, "reversed": false, "length": 181.23106040178857, "from": "669", "to": "662", "_key": "0", "lanes": null, "width": null, "bridge": null, "tunnel": null, "ref": null, "access": null}, "geometry": {"type": "LineString", "coordinates": [[19.090576299999988, 47.54359460000004], [19.089731800000003, 47.54206770000004]]}}, {"id": "(660, 666, 0)", "type": "Feature", "properties": {"_status": "original", "osmid": 375, "highway": "residential", "maxspeed": null, "name": "Szent L\u00e1szl\u00f3 \u00fat", "oneway": true, "reversed": false, "length": 149.06989547339808, "from": "660", "to": "666", "_key": "0", "lanes": null, "width": null, "bridge": null, "tunnel": null, "ref": null, "access": null}, "geometry": {"type": "LineString", "coordinates": [[19.087314899999992, 47.52974260000005], [19.0880321, 47.53099270000001]]}}, {"id": "(660, 670, 0)", "type": "Feature", "properties": {"_status": "original", "osmid": 376, "highway": "residential", "maxspeed": null, "name": "Orsz\u00e1gb\u00edr\u00f3 utca", "oneway": true, "reversed": false, "length": 64.60533738412902, "from": "670", "to": "660", "_key": "0", "lanes": null, "width": null, "bridge": null, "tunnel": null, "ref": null, "access": null}, "geometry": {"type": "LineString", "coordinates": [[19.0881183, 47.52953450000001], [19.087314899999992, 47.52974260000005]]}}, {"id": "(663, 670, 0)", "type": "Feature", "properties": {"_status": "original", "osmid": 683, "highway": "residential", "maxspeed": null, "name": "Tatai utca", "oneway": false, "reversed": true, "length": 168.46167901441692, "from": "670", "to": "663", "_key": "0", "lanes": null, "width": null, "bridge": null, "tunnel": null, "ref": null, "access": null}, "geometry": {"type": "LineString", "coordinates": [[19.0881183, 47.52953450000001], [19.087676699999996, 47.52877019999999], [19.087302799999996, 47.52812310000004]]}}, {"id": "(633, 652, 0)", "type": "Feature", "properties": {"_status": "original", "osmid": 363, "highway": "residential", "maxspeed": null, "name": "D\u00e9v\u00e9nyi utca", "oneway": false, "reversed": false, "length": 115.1506371099778, "from": "633", "to": "652", "_key": "0", "lanes": null, "width": "6", "bridge": null, "tunnel": null, "ref": null, "access": null}, "geometry": {"type": "LineString", "coordinates": [[19.0846447, 47.52324910000004], [19.085236300000002, 47.52350930000004], [19.085914799999998, 47.5238292]]}}, {"id": "(652, 665, 0)", "type": "Feature", "properties": {"_status": "original", "osmid": 688, "highway": "residential", "maxspeed": null, "name": "D\u00e9v\u00e9nyi utca", "oneway": false, "reversed": true, "length": 87.32346041808198, "from": "665", "to": "652", "_key": "0", "lanes": null, "width": "6", "bridge": null, "tunnel": null, "ref": null, "access": null}, "geometry": {"type": "LineString", "coordinates": [[19.08682230000001, 47.524320300000014], [19.085914799999998, 47.5238292]]}}, {"id": "(619, 623, 0)", "type": "Feature", "properties": {"_status": "new", "osmid": 374, "highway": null, "maxspeed": null, "name": null, "oneway": null, "reversed": null, "length": null, "from": "619", "to": "623", "_key": "0", "lanes": null, "width": null, "bridge": null, "tunnel": null, "ref": null, "access": null}, "geometry": {"type": "LineString", "coordinates": [[19.087651624929915, 47.543823166098285], [19.087841379365962, 47.54416580976428]]}}, {"id": "(619, 575, 0)", "type": "Feature", "properties": {"_status": "changed", "osmid": 371, "highway": "living_street", "maxspeed": null, "name": "Gyermek t\u00e9r", "oneway": true, "reversed": false, "length": 198.11826488107613, "from": "575", "to": "619", "_key": "0", "lanes": null, "width": null, "bridge": null, "tunnel": null, "ref": null, "access": null}, "geometry": {"type": "LineString", "coordinates": [[19.085073600000005, 47.54436530000002], [19.085533900000005, 47.5442541], [19.0858931, 47.544162700000044], [19.0865805, 47.54398959999998], [19.086670500000004, 47.544013400000004], [19.086747700000007, 47.544037], [19.0872047, 47.54393809999996], [19.087472999999992, 47.54386920000003], [19.087552100000003, 47.543848800000006], [19.087651624929915, 47.543823166098285]]}}, {"id": "(685, 699, 0)", "type": "Feature", "properties": {"_status": "changed", "osmid": 438, "highway": "residential", "maxspeed": "50", "name": "Rokolya utca", "oneway": true, "reversed": false, "length": 162.65275482174872, "from": "685", "to": "699", "_key": "0", "lanes": null, "width": null, "bridge": null, "tunnel": null, "ref": null, "access": null}, "geometry": {"type": "LineString", "coordinates": [[19.091773020396246, 47.54153825946226], [19.091824899999995, 47.54152480000003], [19.091909300000005, 47.54150210000004], [19.091943299999997, 47.54149290000003], [19.0938357, 47.54097970000006]]}}, {"id": "(685, 689, 0)", "type": "Feature", "properties": {"_status": "new", "osmid": 439, "highway": null, "maxspeed": null, "name": null, "oneway": null, "reversed": null, "length": null, "from": "685", "to": "689", "_key": "0", "lanes": null, "width": null, "bridge": null, "tunnel": null, "ref": null, "access": null}, "geometry": {"type": "LineString", "coordinates": [[19.091773020396246, 47.54153825946226], [19.092638557942532, 47.54303633885699]]}}, {"id": "(685, 680, 0)", "type": "Feature", "properties": {"_status": "new", "osmid": 435, "highway": null, "maxspeed": null, "name": null, "oneway": null, "reversed": null, "length": null, "from": "680", "to": "685", "_key": "0", "lanes": null, "width": null, "bridge": null, "tunnel": null, "ref": null, "access": null}, "geometry": {"type": "LineString", "coordinates": [[19.090910239709615, 47.54005031757588], [19.091773020396246, 47.54153825946226]]}}, {"id": "(669, 689, 0)", "type": "Feature", "properties": {"_status": "changed", "osmid": 386, "highway": "residential", "maxspeed": null, "name": "Dolm\u00e1ny utca", "oneway": true, "reversed": false, "length": 162.50001712099146, "from": "669", "to": "689", "_key": "0", "lanes": null, "width": null, "bridge": null, "tunnel": null, "ref": null, "access": null}, "geometry": {"type": "LineString", "coordinates": [[19.090576299999988, 47.54359460000004], [19.0924762, 47.54308010000004], [19.092537399999998, 47.5430637], [19.092585699999997, 47.543050700000016], [19.092638557942532, 47.54303633885699]]}}, {"id": "(669, 623, 0)", "type": "Feature", "properties": {"_status": "changed", "osmid": 380, "highway": "residential", "maxspeed": null, "name": "Dolm\u00e1ny utca", "oneway": true, "reversed": false, "length": 206.90827095765144, "from": "623", "to": "669", "_key": "0", "lanes": null, "width": null, "bridge": null, "tunnel": null, "ref": null, "access": null}, "geometry": {"type": "LineString", "coordinates": [[19.087841379365962, 47.54416580976428], [19.087942099999992, 47.54414290000001], [19.090576299999988, 47.54359460000004]]}}, {"id": "(669, 675, 0)", "type": "Feature", "properties": {"_status": "original", "osmid": 387, "highway": "residential", "maxspeed": null, "name": "J\u00e1sz utca", "oneway": true, "reversed": false, "length": 143.85929047429588, "from": "675", "to": "669", "_key": "0", "lanes": null, "width": null, "bridge": null, "tunnel": null, "ref": null, "access": null}, "geometry": {"type": "LineString", "coordinates": [[19.0912732, 47.54479979999999], [19.090576299999988, 47.54359460000004]]}}, {"id": "(575, 577, 0)", "type": "Feature", "properties": {"_status": "original", "osmid": 372, "highway": "living_street", "maxspeed": null, "name": "N\u0151v\u00e9r utca", "oneway": false, "reversed": true, "length": 38.261059555528675, "from": "575", "to": "577", "_key": "0", "lanes": null, "width": null, "bridge": null, "tunnel": null, "ref": null, "access": null}, "geometry": {"type": "LineString", "coordinates": [[19.085073600000005, 47.54436530000002], [19.085240600000002, 47.54469040000003]]}}, {"id": "(577, 623, 0)", "type": "Feature", "properties": {"_status": "changed", "osmid": 377, "highway": "pedestrian", "maxspeed": null, "name": "Pesti sr\u00e1cok s\u00e9t\u00e1ny", "oneway": false, "reversed": true, "length": 120.33836844504978, "from": "577", "to": "623", "_key": "0", "lanes": null, "width": null, "bridge": null, "tunnel": null, "ref": null, "access": null}, "geometry": {"type": "LineString", "coordinates": [[19.085240600000002, 47.54469040000003], [19.0860815, 47.54452560000002], [19.086780299999997, 47.5443887], [19.0868558627571, 47.54436761557831], [19.086935299999993, 47.544354000000034], [19.0873435, 47.54426910000001], [19.087664200000003, 47.54420659999999], [19.087740700000005, 47.54418890000001], [19.087841379365962, 47.54416580976428]]}}, {"id": "(577, 578, 0)", "type": "Feature", "properties": {"_status": "original", "osmid": 378, "highway": "living_street", "maxspeed": null, "name": "N\u0151v\u00e9r utca", "oneway": false, "reversed": true, "length": 55.28588153470009, "from": "578", "to": "577", "_key": "0", "lanes": null, "width": null, "bridge": null, "tunnel": null, "ref": null, "access": null}, "geometry": {"type": "LineString", "coordinates": [[19.085494599999997, 47.54515710000005], [19.085240600000002, 47.54469040000003]]}}, {"id": "(577, 566, 0)", "type": "Feature", "properties": {"_status": "original", "osmid": 379, "highway": "living_street", "maxspeed": "20", "name": "Mosoly utca", "oneway": false, "reversed": false, "length": 60.71923734894081, "from": "566", "to": "577", "_key": "0", "lanes": null, "width": null, "bridge": null, "tunnel": null, "ref": null, "access": null}, "geometry": {"type": "LineString", "coordinates": [[19.084464999999998, 47.5448456], [19.085240600000002, 47.54469040000003]]}}, {"id": "(623, 626, 0)", "type": "Feature", "properties": {"_status": "new", "osmid": 381, "highway": null, "maxspeed": null, "name": null, "oneway": null, "reversed": null, "length": null, "from": "626", "to": "623", "_key": "0", "lanes": null, "width": null, "bridge": null, "tunnel": null, "ref": null, "access": null}, "geometry": {"type": "LineString", "coordinates": [[19.088013175575224, 47.54447427858599], [19.087841379365962, 47.54416580976428]]}}, {"id": "(666, 671, 0)", "type": "Feature", "properties": {"_status": "original", "osmid": 390, "highway": "residential", "maxspeed": null, "name": "Szent L\u00e1szl\u00f3 \u00fat", "oneway": true, "reversed": false, "length": 146.44268970202745, "from": "666", "to": "671", "_key": "0", "lanes": null, "width": null, "bridge": null, "tunnel": null, "ref": null, "access": null}, "geometry": {"type": "LineString", "coordinates": [[19.0880321, 47.53099270000001], [19.088753899999993, 47.532216200000015]]}}, {"id": "(666, 676, 0)", "type": "Feature", "properties": {"_status": "original", "osmid": 391, "highway": "residential", "maxspeed": null, "name": "Petneh\u00e1zy utca", "oneway": true, "reversed": false, "length": 64.41512045313209, "from": "676", "to": "666", "_key": "0", "lanes": null, "width": null, "bridge": null, "tunnel": null, "ref": null, "access": null}, "geometry": {"type": "LineString", "coordinates": [[19.088833600000005, 47.53078600000005], [19.0880321, 47.53099270000001]]}}, {"id": "(670, 676, 0)", "type": "Feature", "properties": {"_status": "original", "osmid": 1087, "highway": "residential", "maxspeed": null, "name": "Tatai utca", "oneway": false, "reversed": true, "length": 149.16550635148974, "from": "676", "to": "670", "_key": "0", "lanes": null, "width": null, "bridge": null, "tunnel": null, "ref": null, "access": null}, "geometry": {"type": "LineString", "coordinates": [[19.088833600000005, 47.53078600000005], [19.088623399999992, 47.530409900000045], [19.0881183, 47.52953450000001]]}}, {"id": "(578, 606, 0)", "type": "Feature", "properties": {"_status": "original", "osmid": 383, "highway": "living_street", "maxspeed": null, "name": "Gyermek t\u00e9r", "oneway": true, "reversed": false, "length": 127.57331442199997, "from": "578", "to": "606", "_key": "0", "lanes": null, "width": null, "bridge": null, "tunnel": null, "ref": null, "access": null}, "geometry": {"type": "LineString", "coordinates": [[19.085494599999997, 47.54515710000005], [19.0855823, 47.54513580000005], [19.086307099999996, 47.544960100000026], [19.087063399999998, 47.544773000000056], [19.0870928, 47.54476670000002]]}}, {"id": "(578, 588, 0)", "type": "Feature", "properties": {"_status": "original", "osmid": 634, "highway": "living_street", "maxspeed": null, "name": "N\u0151v\u00e9r utca", "oneway": false, "reversed": true, "length": 209.80592588484888, "from": "588", "to": "578", "_key": "0", "lanes": null, "width": null, "bridge": null, "tunnel": null, "ref": null, "access": null}, "geometry": {"type": "LineString", "coordinates": [[19.086378999999994, 47.54694700000002], [19.086326000000003, 47.54684050000002], [19.0862864, 47.5467608], [19.086201499999994, 47.54659019999999], [19.086153100000004, 47.54649289999999], [19.085494599999997, 47.54515710000005]]}}, {"id": "(566, 562, 0)", "type": "Feature", "properties": {"_status": "original", "osmid": 635, "highway": "living_street", "maxspeed": "20", "name": "Mosoly utca", "oneway": false, "reversed": false, "length": 28.719645573374958, "from": "562", "to": "566", "_key": "0", "lanes": null, "width": null, "bridge": null, "tunnel": null, "ref": null, "access": null}, "geometry": {"type": "LineString", "coordinates": [[19.084098099999995, 47.54491890000004], [19.084464999999998, 47.5448456]]}}, {"id": "(566, 554, 0)", "type": "Feature", "properties": {"_status": "original", "osmid": 636, "highway": "living_street", "maxspeed": null, "name": "Rokon utca", "oneway": false, "reversed": true, "length": 341.09468574840844, "from": "554", "to": "566", "_key": "0", "lanes": null, "width": null, "bridge": null, "tunnel": null, "ref": null, "access": null}, "geometry": {"type": "LineString", "coordinates": [[19.082908700000004, 47.54197830000001], [19.0829855, 47.54200900000006], [19.083742999999995, 47.543453500000055], [19.084464999999998, 47.5448456]]}}, {"id": "(626, 631, 0)", "type": "Feature", "properties": {"_status": "new", "osmid": 385, "highway": null, "maxspeed": null, "name": null, "oneway": null, "reversed": null, "length": null, "from": "626", "to": "631", "_key": "0", "lanes": null, "width": null, "bridge": null, "tunnel": null, "ref": null, "access": null}, "geometry": {"type": "LineString", "coordinates": [[19.088013175575224, 47.54447427858599], [19.08852231838936, 47.54539948877331]]}}, {"id": "(626, 606, 0)", "type": "Feature", "properties": {"_status": "changed", "osmid": 382, "highway": "living_street", "maxspeed": null, "name": "Gyermek t\u00e9r", "oneway": true, "reversed": false, "length": 69.87174051928558, "from": "606", "to": "626", "_key": "0", "lanes": null, "width": null, "bridge": null, "tunnel": null, "ref": null, "access": null}, "geometry": {"type": "LineString", "coordinates": [[19.0870928, 47.54476670000002], [19.087159799999984, 47.54471670000004], [19.087219800000007, 47.54467040000004], [19.0873167, 47.544649900000024], [19.087357199999992, 47.54464140000002], [19.087493699999996, 47.54460460000001], [19.087526899999993, 47.54459540000004], [19.0878068, 47.54452610000006], [19.087914699999995, 47.544499400000014], [19.088013175575224, 47.54447427858599]]}}, {"id": "(606, 614, 0)", "type": "Feature", "properties": {"_status": "original", "osmid": 384, "highway": "living_street", "maxspeed": null, "name": "Kedves utca", "oneway": false, "reversed": true, "length": 139.27881188818688, "from": "614", "to": "606", "_key": "0", "lanes": null, "width": null, "bridge": null, "tunnel": null, "ref": null, "access": null}, "geometry": {"type": "LineString", "coordinates": [[19.087702800000002, 47.54594960000003], [19.087433899999997, 47.54541160000001], [19.0870928, 47.54476670000002]]}}, {"id": "(614, 617, 0)", "type": "Feature", "properties": {"_status": "original", "osmid": 610, "highway": "living_street", "maxspeed": null, "name": "Kedves utca", "oneway": false, "reversed": true, "length": 78.12236010647591, "from": "617", "to": "614", "_key": "0", "lanes": null, "width": null, "bridge": null, "tunnel": null, "ref": null, "access": null}, "geometry": {"type": "LineString", "coordinates": [[19.0880592, 47.546609700000026], [19.087702800000002, 47.54594960000003]]}}, {"id": "(614, 616, 0)", "type": "Feature", "properties": {"_status": "original", "osmid": 648, "highway": "living_street", "maxspeed": null, "name": null, "oneway": false, "reversed": true, "length": 13.58496899837934, "from": "616", "to": "614", "_key": "0", "lanes": null, "width": null, "bridge": null, "tunnel": null, "ref": null, "access": null}, "geometry": {"type": "LineString", "coordinates": [[19.087873300000002, 47.54590860000002], [19.087702800000002, 47.54594960000003]]}}, {"id": "(631, 637, 0)", "type": "Feature", "properties": {"_status": "new", "osmid": 395, "highway": null, "maxspeed": null, "name": null, "oneway": null, "reversed": null, "length": null, "from": "631", "to": "637", "_key": "0", "lanes": null, "width": null, "bridge": null, "tunnel": null, "ref": null, "access": null}, "geometry": {"type": "LineString", "coordinates": [[19.08852231838936, 47.54539948877331], [19.089028428723665, 47.546333181233614]]}}, {"id": "(631, 675, 0)", "type": "Feature", "properties": {"_status": "changed", "osmid": 392, "highway": "residential", "maxspeed": null, "name": "Kucsma utca", "oneway": true, "reversed": false, "length": 208.686591906603, "from": "675", "to": "631", "_key": "0", "lanes": null, "width": null, "bridge": null, "tunnel": null, "ref": null, "access": null}, "geometry": {"type": "LineString", "coordinates": [[19.0912732, 47.54479979999999], [19.088778700000002, 47.54534010000002], [19.088625799999992, 47.54537320000005], [19.08852231838936, 47.54539948877331]]}}, {"id": "(689, 702, 0)", "type": "Feature", "properties": {"_status": "changed", "osmid": 443, "highway": "residential", "maxspeed": null, "name": "Dolm\u00e1ny utca", "oneway": true, "reversed": false, "length": 163.10684126084405, "from": "689", "to": "702", "_key": "0", "lanes": null, "width": null, "bridge": null, "tunnel": null, "ref": null, "access": null}, "geometry": {"type": "LineString", "coordinates": [[19.092638557942532, 47.54303633885699], [19.092690699999988, 47.54302090000003], [19.092777899999998, 47.542999000000044], [19.0939251, 47.54269260000004], [19.09471200000001, 47.54248249999999]]}}, {"id": "(689, 692, 0)", "type": "Feature", "properties": {"_status": "new", "osmid": 444, "highway": null, "maxspeed": null, "name": null, "oneway": null, "reversed": null, "length": null, "from": "692", "to": "689", "_key": "0", "lanes": null, "width": null, "bridge": null, "tunnel": null, "ref": null, "access": null}, "geometry": {"type": "LineString", "coordinates": [[19.093354390586903, 47.54425106418984], [19.092638557942532, 47.54303633885699]]}}, {"id": "(675, 692, 0)", "type": "Feature", "properties": {"_status": "changed", "osmid": 393, "highway": "residential", "maxspeed": null, "name": "Kucsma utca", "oneway": true, "reversed": false, "length": 163.4372655341323, "from": "675", "to": "692", "_key": "0", "lanes": null, "width": null, "bridge": null, "tunnel": null, "ref": null, "access": null}, "geometry": {"type": "LineString", "coordinates": [[19.0912732, 47.54479979999999], [19.0921895, 47.544556799999995], [19.093243200000003, 47.54427710000002], [19.093301, 47.544264500000025], [19.093354390586903, 47.54425106418984]]}}, {"id": "(675, 679, 0)", "type": "Feature", "properties": {"_status": "original", "osmid": 394, "highway": "residential", "maxspeed": null, "name": "J\u00e1sz utca", "oneway": true, "reversed": false, "length": 124.13049529370306, "from": "679", "to": "675", "_key": "0", "lanes": null, "width": null, "bridge": null, "tunnel": null, "ref": null, "access": null}, "geometry": {"type": "LineString", "coordinates": [[19.091854099999995, 47.54584500000004], [19.0912732, 47.54479979999999]]}}, {"id": "(638, 661, 0)", "type": "Feature", "properties": {"_status": "changed", "osmid": 402, "highway": "residential", "maxspeed": "30", "name": "Frangep\u00e1n utca", "oneway": true, "reversed": false, "length": 92.24963374510847, "from": "638", "to": "661", "_key": "0", "lanes": null, "width": null, "bridge": null, "tunnel": null, "ref": null, "access": null}, "geometry": {"type": "LineString", "coordinates": [[19.086649093997956, 47.5327942402322], [19.08670309999999, 47.53277939999999], [19.086782199999995, 47.53275820000005], [19.0868143, 47.53274859999998], [19.087839999999996, 47.53246470000003]]}}, {"id": "(638, 649, 0)", "type": "Feature", "properties": {"_status": "new", "osmid": 403, "highway": null, "maxspeed": null, "name": null, "oneway": null, "reversed": null, "length": null, "from": "638", "to": "649", "_key": "0", "lanes": null, "width": null, "bridge": null, "tunnel": null, "ref": null, "access": null}, "geometry": {"type": "LineString", "coordinates": [[19.086649093997956, 47.5327942402322], [19.08749547591183, 47.534244670243716]]}}, {"id": "(671, 681, 0)", "type": "Feature", "properties": {"_status": "original", "osmid": 1089, "highway": "residential", "maxspeed": "30", "name": "Frangep\u00e1n utca", "oneway": true, "reversed": false, "length": 62.70201287916102, "from": "671", "to": "681", "_key": "0", "lanes": null, "width": null, "bridge": null, "tunnel": null, "ref": null, "access": null}, "geometry": {"type": "LineString", "coordinates": [[19.088753899999993, 47.532216200000015], [19.089526900000003, 47.53200270000007]]}}, {"id": "(671, 678, 0)", "type": "Feature", "properties": {"_status": "original", "osmid": 1091, "highway": "residential", "maxspeed": null, "name": "Szent L\u00e1szl\u00f3 \u00fat", "oneway": true, "reversed": false, "length": 175.44176206302095, "from": "671", "to": "678", "_key": "0", "lanes": null, "width": null, "bridge": null, "tunnel": null, "ref": null, "access": null}, "geometry": {"type": "LineString", "coordinates": [[19.088753899999993, 47.532216200000015], [19.089600899999997, 47.5336867]]}}, {"id": "(671, 661, 0)", "type": "Feature", "properties": {"_status": "original", "osmid": 404, "highway": "residential", "maxspeed": "30", "name": "Frangep\u00e1n utca", "oneway": true, "reversed": false, "length": 73.96708541220494, "from": "661", "to": "671", "_key": "0", "lanes": null, "width": null, "bridge": null, "tunnel": null, "ref": null, "access": null}, "geometry": {"type": "LineString", "coordinates": [[19.087839999999996, 47.53246470000003], [19.088753899999993, 47.532216200000015]]}}, {"id": "(676, 681, 0)", "type": "Feature", "properties": {"_status": "original", "osmid": 1088, "highway": "residential", "maxspeed": null, "name": "Tatai utca", "oneway": false, "reversed": true, "length": 144.95864058668568, "from": "681", "to": "676", "_key": "0", "lanes": null, "width": null, "bridge": null, "tunnel": null, "ref": null, "access": null}, "geometry": {"type": "LineString", "coordinates": [[19.089526900000003, 47.53200270000007], [19.089320399999995, 47.531640899999985], [19.0890204, 47.531115199999974], [19.088833600000005, 47.53078600000005]]}}, {"id": "(692, 704, 0)", "type": "Feature", "properties": {"_status": "changed", "osmid": 447, "highway": "residential", "maxspeed": null, "name": "Kucsma utca", "oneway": false, "reversed": true, "length": 161.22091847113816, "from": "692", "to": "704", "_key": "0", "lanes": null, "width": null, "bridge": null, "tunnel": null, "ref": null, "access": null}, "geometry": {"type": "LineString", "coordinates": [[19.093354390586903, 47.54425106418984], [19.0934079, 47.54423769999999], [19.093493699999996, 47.54421640000002], [19.0954045, 47.54370320000002]]}}, {"id": "(692, 694, 0)", "type": "Feature", "properties": {"_status": "new", "osmid": 448, "highway": null, "maxspeed": null, "name": null, "oneway": null, "reversed": null, "length": null, "from": "692", "to": "694", "_key": "0", "lanes": null, "width": null, "bridge": null, "tunnel": null, "ref": null, "access": null}, "geometry": {"type": "LineString", "coordinates": [[19.093354390586903, 47.54425106418984], [19.093953137174612, 47.545287247575594]]}}, {"id": "(679, 694, 0)", "type": "Feature", "properties": {"_status": "changed", "osmid": 451, "highway": "residential", "maxspeed": "50", "name": "Gy\u00f6ngy\u00f6si utca", "oneway": false, "reversed": true, "length": 165.30081318316707, "from": "679", "to": "694", "_key": "0", "lanes": null, "width": null, "bridge": null, "tunnel": null, "ref": null, "access": null}, "geometry": {"type": "LineString", "coordinates": [[19.091854099999995, 47.54584500000004], [19.0920763, 47.54578610000002], [19.093795200000002, 47.545330000000014], [19.09385499999999, 47.545313900000004], [19.093903499999996, 47.54530070000001], [19.093953137174612, 47.545287247575594]]}}, {"id": "(679, 644, 0)", "type": "Feature", "properties": {"_status": "original", "osmid": 452, "highway": "residential", "maxspeed": "50", "name": "Gy\u00f6ngy\u00f6si utca", "oneway": false, "reversed": false, "length": 196.2594725891462, "from": "679", "to": "644", "_key": "0", "lanes": null, "width": null, "bridge": null, "tunnel": null, "ref": null, "access": null}, "geometry": {"type": "LineString", "coordinates": [[19.091854099999995, 47.54584500000004], [19.089874099999996, 47.5462382], [19.089345600000005, 47.546343200000024]]}}, {"id": "(679, 682, 0)", "type": "Feature", "properties": {"_status": "original", "osmid": 453, "highway": "residential", "maxspeed": null, "name": "J\u00e1sz utca", "oneway": true, "reversed": false, "length": 71.1998090145832, "from": "682", "to": "679", "_key": "0", "lanes": null, "width": null, "bridge": null, "tunnel": null, "ref": null, "access": null}, "geometry": {"type": "LineString", "coordinates": [[19.09218919999999, 47.546444], [19.092161100000002, 47.54639350000005], [19.092028799999994, 47.54615590000006], [19.091892399999992, 47.54590810000003], [19.091885199999997, 47.54589620000007], [19.091854099999995, 47.54584500000004]]}}, {"id": "(637, 635, 0)", "type": "Feature", "properties": {"_status": "changed", "osmid": 396, "highway": "residential", "maxspeed": "40", "name": "Gy\u00f6ngy\u00f6si utca", "oneway": false, "reversed": true, "length": 12.662284708245785, "from": "635", "to": "637", "_key": "0", "lanes": "2", "width": null, "bridge": null, "tunnel": null, "ref": null, "access": null}, "geometry": {"type": "LineString", "coordinates": [[19.088799899999998, 47.54646430000003], [19.0888847, 47.54644540000003], [19.088960100000005, 47.546428600000006], [19.089028428723665, 47.546333181233614]]}}, {"id": "(637, 640, 0)", "type": "Feature", "properties": {"_status": "new", "osmid": 399, "highway": null, "maxspeed": null, "name": null, "oneway": null, "reversed": null, "length": null, "from": "640", "to": "637", "_key": "0", "lanes": null, "width": null, "bridge": null, "tunnel": null, "ref": null, "access": null}, "geometry": {"type": "LineString", "coordinates": [[19.0891741, 47.54638090000003], [19.089028428723665, 47.546333181233614]]}}, {"id": "(635, 642, 0)", "type": "Feature", "properties": {"_status": "original", "osmid": 397, "highway": "residential", "maxspeed": "30", "name": "B\u00e9ke utca", "oneway": false, "reversed": true, "length": 142.47595361980706, "from": "642", "to": "635", "_key": "0", "lanes": null, "width": null, "bridge": null, "tunnel": null, "ref": null, "access": null}, "geometry": {"type": "LineString", "coordinates": [[19.089462600000004, 47.54766500000003], [19.08884039999999, 47.54653750000002], [19.088799899999998, 47.54646430000003]]}}, {"id": "(635, 620, 0)", "type": "Feature", "properties": {"_status": "original", "osmid": 398, "highway": "residential", "maxspeed": "40", "name": "Gy\u00f6ngy\u00f6si utca", "oneway": false, "reversed": false, "length": 51.112386763981156, "from": "620", "to": "635", "_key": "0", "lanes": "2", "width": null, "bridge": null, "tunnel": null, "ref": null, "access": null}, "geometry": {"type": "LineString", "coordinates": [[19.088145799999992, 47.546592200000035], [19.0883371, 47.546554799999996], [19.088588000000005, 47.5465057], [19.088799899999998, 47.54646430000003]]}}, {"id": "(642, 632, 0)", "type": "Feature", "properties": {"_status": "original", "osmid": 603, "highway": "living_street", "maxspeed": null, "name": "R\u00e1kospalotai \u00fat", "oneway": false, "reversed": true, "length": 41.84877543313336, "from": "632", "to": "642", "_key": "0", "lanes": null, "width": null, "bridge": null, "tunnel": null, "ref": null, "access": null}, "geometry": {"type": "LineString", "coordinates": [[19.088998599999996, 47.54787370000004], [19.089462600000004, 47.54766500000003]]}}, {"id": "(642, 650, 0)", "type": "Feature", "properties": {"_status": "original", "osmid": 604, "highway": "residential", "maxspeed": "30", "name": "B\u00e9ke utca", "oneway": false, "reversed": true, "length": 161.40171023735797, "from": "650", "to": "642", "_key": "0", "lanes": null, "width": null, "bridge": null, "tunnel": null, "ref": null, "access": null}, "geometry": {"type": "LineString", "coordinates": [[19.0902156, 47.54902450000002], [19.090179800000005, 47.548954300000005], [19.09005829999999, 47.548718400000006], [19.089462600000004, 47.54766500000003]]}}, {"id": "(620, 632, 0)", "type": "Feature", "properties": {"_status": "original", "osmid": 605, "highway": "living_street", "maxspeed": null, "name": "Kedves utca", "oneway": false, "reversed": false, "length": 156.3488500095969, "from": "632", "to": "620", "_key": "0", "lanes": null, "width": null, "bridge": null, "tunnel": null, "ref": null, "access": null}, "geometry": {"type": "LineString", "coordinates": [[19.088998599999996, 47.54787370000004], [19.088734100000003, 47.547537], [19.088371900000002, 47.54697490000001], [19.088145799999992, 47.546592200000035]]}}, {"id": "(620, 617, 0)", "type": "Feature", "properties": {"_status": "original", "osmid": 606, "highway": "residential", "maxspeed": "40", "name": "Gy\u00f6ngy\u00f6si utca", "oneway": false, "reversed": false, "length": 6.7848494714509355, "from": "617", "to": "620", "_key": "0", "lanes": "2", "width": null, "bridge": null, "tunnel": null, "ref": null, "access": null}, "geometry": {"type": "LineString", "coordinates": [[19.0880592, 47.546609700000026], [19.088145799999992, 47.546592200000035]]}}, {"id": "(640, 706, 0)", "type": "Feature", "properties": {"_status": "original", "osmid": 579, "highway": "secondary", "maxspeed": "50", "name": "B\u00e9ke utca", "oneway": true, "reversed": false, "length": 478.2453848841372, "from": "640", "to": "706", "_key": "0", "lanes": "2", "width": null, "bridge": null, "tunnel": "yes", "ref": null, "access": null}, "geometry": {"type": "LineString", "coordinates": [[19.0891741, 47.54638090000003], [19.090475499999993, 47.54871100000002], [19.090978400000004, 47.54962740000001], [19.091092199999995, 47.54983270000002], [19.091254999999997, 47.5501321], [19.091388199999997, 47.550413500000055], [19.0914563, 47.5503992], [19.0914763, 47.55038870000002], [19.0917961, 47.55020830000001], [19.092094999999997, 47.550042800000035], [19.092134099999992, 47.55002110000002], [19.092171699999998, 47.550000300000036], [19.092367199999998, 47.549891900000056], [19.092571699999993, 47.54973880000004], [19.0926957, 47.54964720000001], [19.093130799999994, 47.5493257], [19.09371489999999, 47.54889410000005], [19.095421199999997, 47.54763320000005], [19.095816799999998, 47.54736380000005], [19.097214600000004, 47.546308400000036], [19.0973526, 47.54620419999999], [19.096496499999997, 47.545348000000004], [19.096456300000003, 47.545308699999985], [19.0964028, 47.54525639999999], [19.0963658, 47.545220200000074], [19.0963293, 47.545184400000004], [19.096248199999994, 47.545105100000036], [19.09620479999999, 47.5450663], [19.096162699999994, 47.545034100000024], [19.096114399999998, 47.54500700000001], [19.09606, 47.544994500000016]]}}, {"id": "(640, 644, 0)", "type": "Feature", "properties": {"_status": "original", "osmid": 580, "highway": "residential", "maxspeed": "50", "name": "Gy\u00f6ngy\u00f6si utca", "oneway": false, "reversed": false, "length": 13.537602748278145, "from": "644", "to": "640", "_key": "0", "lanes": null, "width": null, "bridge": null, "tunnel": null, "ref": null, "access": null}, "geometry": {"type": "LineString", "coordinates": [[19.089345600000005, 47.546343200000024], [19.089263999999996, 47.546360900000025], [19.0891741, 47.54638090000003]]}}, {"id": "(612, 649, 0)", "type": "Feature", "properties": {"_status": "changed", "osmid": 407, "highway": "residential", "maxspeed": null, "name": "F\u00e1y utca", "oneway": true, "reversed": false, "length": 147.4317802539287, "from": "612", "to": "649", "_key": "0", "lanes": null, "width": null, "bridge": null, "tunnel": null, "ref": null, "access": null}, "geometry": {"type": "LineString", "coordinates": [[19.0856068, 47.53474250000001], [19.0873245, 47.53428990000002], [19.0873632, 47.53427980000005], [19.087436399999998, 47.53426070000002], [19.08749547591183, 47.534244670243716]]}}, {"id": "(661, 668, 0)", "type": "Feature", "properties": {"_status": "original", "osmid": 405, "highway": "living_street", "maxspeed": "20", "name": "Frangep\u00e1n k\u00f6z", "oneway": false, "reversed": false, "length": 174.86105364404818, "from": "668", "to": "661", "_key": "0", "lanes": null, "width": null, "bridge": null, "tunnel": null, "ref": null, "access": null}, "geometry": {"type": "LineString", "coordinates": [[19.088735100000005, 47.53391650000001], [19.087839999999996, 47.53246470000003]]}}, {"id": "(661, 655, 0)", "type": "Feature", "properties": {"_status": "original", "osmid": 406, "highway": "living_street", "maxspeed": "20", "name": "Frangep\u00e1n k\u00f6z", "oneway": false, "reversed": true, "length": 55.88428627227363, "from": "655", "to": "661", "_key": "0", "lanes": null, "width": null, "bridge": null, "tunnel": null, "ref": null, "access": null}, "geometry": {"type": "LineString", "coordinates": [[19.087581499999995, 47.53199340000004], [19.087839999999996, 47.53246470000003]]}}, {"id": "(649, 658, 0)", "type": "Feature", "properties": {"_status": "new", "osmid": 410, "highway": null, "maxspeed": null, "name": null, "oneway": null, "reversed": null, "length": null, "from": "649", "to": "658", "_key": "0", "lanes": null, "width": null, "bridge": null, "tunnel": null, "ref": null, "access": null}, "geometry": {"type": "LineString", "coordinates": [[19.08749547591183, 47.534244670243716], [19.0883489826334, 47.53568270050385]]}}, {"id": "(649, 668, 0)", "type": "Feature", "properties": {"_status": "changed", "osmid": 411, "highway": "residential", "maxspeed": null, "name": "F\u00e1y utca", "oneway": true, "reversed": false, "length": 95.20138508499184, "from": "668", "to": "649", "_key": "0", "lanes": null, "width": null, "bridge": null, "tunnel": null, "ref": null, "access": null}, "geometry": {"type": "LineString", "coordinates": [[19.088735100000005, 47.53391650000001], [19.0876717, 47.53419870000001], [19.087639800000005, 47.534207000000045], [19.0875546, 47.53422920000003], [19.08749547591183, 47.534244670243716]]}}, {"id": "(668, 674, 0)", "type": "Feature", "properties": {"_status": "original", "osmid": 412, "highway": "residential", "maxspeed": null, "name": "F\u00e1y k\u00f6z", "oneway": false, "reversed": false, "length": 171.91589050965194, "from": "674", "to": "668", "_key": "0", "lanes": null, "width": null, "bridge": null, "tunnel": null, "ref": null, "access": null}, "geometry": {"type": "LineString", "coordinates": [[19.0895863, 47.5353518], [19.088735100000005, 47.53391650000001]]}}, {"id": "(668, 678, 0)", "type": "Feature", "properties": {"_status": "original", "osmid": 413, "highway": "residential", "maxspeed": null, "name": "F\u00e1y utca", "oneway": true, "reversed": false, "length": 69.84130736785369, "from": "678", "to": "668", "_key": "0", "lanes": null, "width": null, "bridge": null, "tunnel": null, "ref": null, "access": null}, "geometry": {"type": "LineString", "coordinates": [[19.089600899999997, 47.5336867], [19.088735100000005, 47.53391650000001]]}}, {"id": "(658, 674, 0)", "type": "Feature", "properties": {"_status": "changed", "osmid": 415, "highway": "residential", "maxspeed": "30", "name": "Zsin\u00f3r utca", "oneway": true, "reversed": false, "length": 95.51138233770894, "from": "658", "to": "674", "_key": "0", "lanes": null, "width": null, "bridge": null, "tunnel": null, "ref": null, "access": null}, "geometry": {"type": "LineString", "coordinates": [[19.0883489826334, 47.53568270050385], [19.0884038, 47.53566870000001], [19.088455799999995, 47.53565489999999], [19.088532299999997, 47.535633200000035], [19.0895863, 47.5353518]]}}, {"id": "(674, 683, 0)", "type": "Feature", "properties": {"_status": "original", "osmid": 417, "highway": "residential", "maxspeed": "30", "name": "Zsin\u00f3r utca", "oneway": true, "reversed": false, "length": 69.21274038450574, "from": "674", "to": "683", "_key": "0", "lanes": null, "width": null, "bridge": null, "tunnel": null, "ref": null, "access": null}, "geometry": {"type": "LineString", "coordinates": [[19.0895863, 47.5353518], [19.090441699999996, 47.535119600000016]]}}, {"id": "(678, 683, 0)", "type": "Feature", "properties": {"_status": "original", "osmid": 681, "highway": "residential", "maxspeed": null, "name": "Szent L\u00e1szl\u00f3 \u00fat", "oneway": true, "reversed": false, "length": 171.3791767273614, "from": "678", "to": "683", "_key": "0", "lanes": null, "width": null, "bridge": null, "tunnel": null, "ref": null, "access": null}, "geometry": {"type": "LineString", "coordinates": [[19.089600899999997, 47.5336867], [19.090441699999996, 47.535119600000016]]}}, {"id": "(678, 686, 0)", "type": "Feature", "properties": {"_status": "original", "osmid": 1092, "highway": "residential", "maxspeed": null, "name": "F\u00e1y utca", "oneway": true, "reversed": false, "length": 62.13257474644217, "from": "686", "to": "678", "_key": "0", "lanes": null, "width": null, "bridge": null, "tunnel": null, "ref": null, "access": null}, "geometry": {"type": "LineString", "coordinates": [[19.090368799999997, 47.53347830000001], [19.089600899999997, 47.5336867]]}}, {"id": "(683, 687, 0)", "type": "Feature", "properties": {"_status": "original", "osmid": 422, "highway": "residential", "maxspeed": null, "name": "Szent L\u00e1szl\u00f3 \u00fat", "oneway": true, "reversed": false, "length": 101.68261466774297, "from": "683", "to": "687", "_key": "0", "lanes": null, "width": null, "bridge": null, "tunnel": null, "ref": null, "access": null}, "geometry": {"type": "LineString", "coordinates": [[19.090441699999996, 47.535119600000016], [19.090859999999996, 47.53590360000001], [19.0909055, 47.535978700000015]]}}, {"id": "(683, 688, 0)", "type": "Feature", "properties": {"_status": "original", "osmid": 543, "highway": "residential", "maxspeed": "30", "name": "Zsin\u00f3r utca", "oneway": true, "reversed": false, "length": 60.53970663332654, "from": "683", "to": "688", "_key": "0", "lanes": null, "width": null, "bridge": null, "tunnel": null, "ref": null, "access": null}, "geometry": {"type": "LineString", "coordinates": [[19.090441699999996, 47.535119600000016], [19.091197199999996, 47.53492920000001]]}}, {"id": "(687, 691, 0)", "type": "Feature", "properties": {"_status": "changed", "osmid": 420, "highway": "residential", "maxspeed": "50", "name": "Szent L\u00e1szl\u00f3 \u00fat", "oneway": true, "reversed": false, "length": 31.153304926895107, "from": "687", "to": "691", "_key": "0", "lanes": null, "width": null, "bridge": "yes", "tunnel": null, "ref": null, "access": null}, "geometry": {"type": "LineString", "coordinates": [[19.0909055, 47.535978700000015], [19.090935099999996, 47.53602880000006], [19.0910441, 47.53621190000004], [19.0910601, 47.536238700000034], [19.0913324, 47.536701900000025], [19.09209269999999, 47.537995599999995]]}}, {"id": "(687, 690, 0)", "type": "Feature", "properties": {"_status": "new", "osmid": 421, "highway": null, "maxspeed": null, "name": null, "oneway": null, "reversed": null, "length": null, "from": "687", "to": "690", "_key": "0", "lanes": null, "width": null, "bridge": null, "tunnel": null, "ref": null, "access": null}, "geometry": {"type": "LineString", "coordinates": [[19.0909055, 47.535978700000015], [19.09115307876097, 47.53603740408352], [19.091535509866997, 47.53587547120546], [19.09170949989156, 47.535831876134495]]}}, {"id": "(672, 691, 0)", "type": "Feature", "properties": {"_status": "changed", "osmid": 425, "highway": "residential", "maxspeed": "30", "name": "Fut\u00e1r utca", "oneway": true, "reversed": false, "length": 162.20142543882372, "from": "672", "to": "691", "_key": "0", "lanes": null, "width": null, "bridge": null, "tunnel": null, "ref": null, "access": null}, "geometry": {"type": "LineString", "coordinates": [[19.0900326756548, 47.53855283679627], [19.090087499999992, 47.53853890000006], [19.0901566, 47.53852250000001], [19.09209269999999, 47.537995599999995]]}}, {"id": "(672, 677, 0)", "type": "Feature", "properties": {"_status": "new", "osmid": 426, "highway": null, "maxspeed": null, "name": null, "oneway": null, "reversed": null, "length": null, "from": "672", "to": "677", "_key": "0", "lanes": null, "width": null, "bridge": null, "tunnel": null, "ref": null, "access": null}, "geometry": {"type": "LineString", "coordinates": [[19.0900326756548, 47.53855283679627], [19.090464862813896, 47.539298840196686]]}}, {"id": "(691, 696, 0)", "type": "Feature", "properties": {"_status": "original", "osmid": 427, "highway": "residential", "maxspeed": "50", "name": "Fut\u00e1r utca", "oneway": false, "reversed": false, "length": 58.95680581999077, "from": "691", "to": "696", "_key": "0", "lanes": null, "width": null, "bridge": null, "tunnel": null, "ref": null, "access": null}, "geometry": {"type": "LineString", "coordinates": [[19.09209269999999, 47.537995599999995], [19.092816999999997, 47.537790600000065]]}}, {"id": "(691, 693, 0)", "type": "Feature", "properties": {"_status": "original", "osmid": 428, "highway": "residential", "maxspeed": "50", "name": "Szent L\u00e1szl\u00f3 \u00fat", "oneway": true, "reversed": false, "length": 90.77425961288415, "from": "691", "to": "693", "_key": "0", "lanes": null, "width": null, "bridge": null, "tunnel": null, "ref": null, "access": null}, "geometry": {"type": "LineString", "coordinates": [[19.09209269999999, 47.537995599999995], [19.092516, 47.53876030000001]]}}, {"id": "(690, 696, 0)", "type": "Feature", "properties": {"_status": "changed", "osmid": 544, "highway": "residential", "maxspeed": "50", "name": "Tatai utca", "oneway": false, "reversed": true, "length": 222.10464926334146, "from": "696", "to": "690", "_key": "0", "lanes": null, "width": null, "bridge": "yes", "tunnel": null, "ref": null, "access": null}, "geometry": {"type": "LineString", "coordinates": [[19.092816999999997, 47.537790600000065], [19.092728599999994, 47.53763840000003], [19.0923744, 47.537005200000046], [19.091759999999997, 47.53592500000001], [19.09170949989156, 47.535831876134495]]}}, {"id": "(690, 688, 0)", "type": "Feature", "properties": {"_status": "changed", "osmid": 541, "highway": "residential", "maxspeed": null, "name": "Tatai utca", "oneway": false, "reversed": false, "length": 90.61524011075738, "from": "688", "to": "690", "_key": "0", "lanes": null, "width": null, "bridge": "yes", "tunnel": null, "ref": null, "access": null}, "geometry": {"type": "LineString", "coordinates": [[19.091197199999996, 47.53492920000001], [19.09140169999999, 47.53528910000002], [19.0916309, 47.53568970000003], [19.0916479, 47.53571880000003], [19.0916619, 47.5357441], [19.09170949989156, 47.535831876134495]]}}, {"id": "(677, 680, 0)", "type": "Feature", "properties": {"_status": "new", "osmid": 431, "highway": null, "maxspeed": null, "name": null, "oneway": null, "reversed": null, "length": null, "from": "677", "to": "680", "_key": "0", "lanes": null, "width": null, "bridge": null, "tunnel": null, "ref": null, "access": null}, "geometry": {"type": "LineString", "coordinates": [[19.090464862813896, 47.539298840196686], [19.090910239709615, 47.54005031757588]]}}, {"id": "(677, 693, 0)", "type": "Feature", "properties": {"_status": "changed", "osmid": 429, "highway": "living_street", "maxspeed": null, "name": "\u00d6rd\u00f6gmalom utca", "oneway": true, "reversed": false, "length": 164.70959405189672, "from": "693", "to": "677", "_key": "0", "lanes": null, "width": null, "bridge": null, "tunnel": null, "ref": null, "access": null}, "geometry": {"type": "LineString", "coordinates": [[19.092516, 47.53876030000001], [19.092145000000002, 47.53886380000005], [19.0920787, 47.538869500000025], [19.0918673, 47.53886340000002], [19.091132999999996, 47.53905560000003], [19.091079, 47.539087600000016], [19.09103089999999, 47.53913940000002], [19.090968599999993, 47.53916870000003], [19.090759399999992, 47.53922939999999], [19.090647799999992, 47.53925300000006], [19.090613399999995, 47.53925880000001], [19.09051279999999, 47.53928590000002], [19.090464862813896, 47.539298840196686]]}}, {"id": "(696, 700, 0)", "type": "Feature", "properties": {"_status": "original", "osmid": 545, "highway": "residential", "maxspeed": "50", "name": "Tatai utca", "oneway": false, "reversed": false, "length": 90.39500622653807, "from": "696", "to": "700", "_key": "0", "lanes": null, "width": null, "bridge": null, "tunnel": null, "ref": null, "access": null}, "geometry": {"type": "LineString", "coordinates": [[19.092816999999997, 47.537790600000065], [19.09327109999999, 47.538555500000044], [19.0937005, 47.53931500000001]]}}, {"id": "(693, 695, 0)", "type": "Feature", "properties": {"_status": "original", "osmid": 430, "highway": "residential", "maxspeed": "50", "name": "Szent L\u00e1szl\u00f3 \u00fat", "oneway": true, "reversed": false, "length": 89.91737310397468, "from": "693", "to": "695", "_key": "0", "lanes": null, "width": null, "bridge": null, "tunnel": null, "ref": null, "access": null}, "geometry": {"type": "LineString", "coordinates": [[19.092516, 47.53876030000001], [19.092983899999997, 47.539504700000045]]}}, {"id": "(695, 700, 0)", "type": "Feature", "properties": {"_status": "original", "osmid": 436, "highway": "residential", "maxspeed": "50", "name": "Keszken\u0151 utca", "oneway": true, "reversed": false, "length": 57.78016987961614, "from": "695", "to": "700", "_key": "0", "lanes": null, "width": null, "bridge": null, "tunnel": null, "ref": null, "access": null}, "geometry": {"type": "LineString", "coordinates": [[19.092983899999997, 47.539504700000045], [19.0937005, 47.53931500000001]]}}, {"id": "(695, 697, 0)", "type": "Feature", "properties": {"_status": "original", "osmid": 437, "highway": "residential", "maxspeed": "50", "name": "Szent L\u00e1szl\u00f3 \u00fat", "oneway": true, "reversed": false, "length": 88.63994805938935, "from": "695", "to": "697", "_key": "0", "lanes": null, "width": null, "bridge": null, "tunnel": null, "ref": null, "access": null}, "geometry": {"type": "LineString", "coordinates": [[19.092983899999997, 47.539504700000045], [19.0934075, 47.54024880000005]]}}, {"id": "(695, 680, 0)", "type": "Feature", "properties": {"_status": "changed", "osmid": 434, "highway": "residential", "maxspeed": "50", "name": "Keszken\u0151 utca", "oneway": true, "reversed": false, "length": 162.54695581944173, "from": "680", "to": "695", "_key": "0", "lanes": null, "width": null, "bridge": null, "tunnel": null, "ref": null, "access": null}, "geometry": {"type": "LineString", "coordinates": [[19.090910239709615, 47.54005031757588], [19.090966099999996, 47.54003480000004], [19.09104049999999, 47.54001920000001], [19.092983899999997, 47.539504700000045]]}}, {"id": "(700, 701, 0)", "type": "Feature", "properties": {"_status": "original", "osmid": 587, "highway": "residential", "maxspeed": "50", "name": "Tatai utca", "oneway": false, "reversed": true, "length": 88.38553582892993, "from": "701", "to": "700", "_key": "0", "lanes": null, "width": null, "bridge": null, "tunnel": null, "ref": null, "access": null}, "geometry": {"type": "LineString", "coordinates": [[19.094123900000007, 47.540056699999994], [19.0937005, 47.53931500000001]]}}, {"id": "(697, 699, 0)", "type": "Feature", "properties": {"_status": "original", "osmid": 441, "highway": "residential", "maxspeed": "50", "name": "Szent L\u00e1szl\u00f3 \u00fat", "oneway": true, "reversed": false, "length": 87.3976897778012, "from": "697", "to": "699", "_key": "0", "lanes": null, "width": null, "bridge": null, "tunnel": null, "ref": null, "access": null}, "geometry": {"type": "LineString", "coordinates": [[19.0934075, 47.54024880000005], [19.0938357, 47.54097970000006]]}}, {"id": "(697, 701, 0)", "type": "Feature", "properties": {"_status": "original", "osmid": 679, "highway": "residential", "maxspeed": "50", "name": "F\u00e1klya utca", "oneway": false, "reversed": true, "length": 57.86346700606374, "from": "701", "to": "697", "_key": "0", "lanes": null, "width": null, "bridge": null, "tunnel": null, "ref": null, "access": null}, "geometry": {"type": "LineString", "coordinates": [[19.094123900000007, 47.540056699999994], [19.0934075, 47.54024880000005]]}}, {"id": "(699, 702, 0)", "type": "Feature", "properties": {"_status": "original", "osmid": 440, "highway": "residential", "maxspeed": "50", "name": "Szent L\u00e1szl\u00f3 \u00fat", "oneway": true, "reversed": false, "length": 179.5839513255197, "from": "699", "to": "702", "_key": "0", "lanes": null, "width": null, "bridge": null, "tunnel": null, "ref": null, "access": null}, "geometry": {"type": "LineString", "coordinates": [[19.0938357, 47.54097970000006], [19.09471200000001, 47.54248249999999]]}}, {"id": "(699, 703, 0)", "type": "Feature", "properties": {"_status": "original", "osmid": 442, "highway": "residential", "maxspeed": "50", "name": "Rokolya utca", "oneway": true, "reversed": false, "length": 57.443031558516786, "from": "703", "to": "699", "_key": "0", "lanes": null, "width": null, "bridge": null, "tunnel": null, "ref": null, "access": null}, "geometry": {"type": "LineString", "coordinates": [[19.094550600000005, 47.5407954], [19.0938357, 47.54097970000006]]}}, {"id": "(702, 704, 0)", "type": "Feature", "properties": {"_status": "original", "osmid": 445, "highway": "residential", "maxspeed": "50", "name": "Szent L\u00e1szl\u00f3 \u00fat", "oneway": true, "reversed": false, "length": 145.34815043776365, "from": "702", "to": "704", "_key": "0", "lanes": null, "width": null, "bridge": null, "tunnel": null, "ref": null, "access": null}, "geometry": {"type": "LineString", "coordinates": [[19.09471200000001, 47.54248249999999], [19.0954045, 47.54370320000002]]}}, {"id": "(702, 705, 0)", "type": "Feature", "properties": {"_status": "original", "osmid": 446, "highway": "residential", "maxspeed": null, "name": "Dolm\u00e1ny utca", "oneway": true, "reversed": false, "length": 55.27158081381843, "from": "702", "to": "705", "_key": "0", "lanes": null, "width": null, "bridge": null, "tunnel": null, "ref": null, "access": null}, "geometry": {"type": "LineString", "coordinates": [[19.09471200000001, 47.54248249999999], [19.095404, 47.542312600000024]]}}, {"id": "(703, 705, 0)", "type": "Feature", "properties": {"_status": "original", "osmid": 678, "highway": "residential", "maxspeed": "50", "name": "Tatai utca", "oneway": false, "reversed": false, "length": 180.45759905025875, "from": "703", "to": "705", "_key": "0", "lanes": null, "width": null, "bridge": null, "tunnel": null, "ref": null, "access": null}, "geometry": {"type": "LineString", "coordinates": [[19.094550600000005, 47.5407954], [19.095404, 47.542312600000024]]}}, {"id": "(703, 701, 0)", "type": "Feature", "properties": {"_status": "original", "osmid": 680, "highway": "residential", "maxspeed": "50", "name": "Tatai utca", "oneway": false, "reversed": false, "length": 88.16387580550261, "from": "701", "to": "703", "_key": "0", "lanes": null, "width": null, "bridge": null, "tunnel": null, "ref": null, "access": null}, "geometry": {"type": "LineString", "coordinates": [[19.094123900000007, 47.540056699999994], [19.094550600000005, 47.5407954]]}}, {"id": "(704, 706, 0)", "type": "Feature", "properties": {"_status": "original", "osmid": 449, "highway": "residential", "maxspeed": "50", "name": "Szent L\u00e1szl\u00f3 \u00fat", "oneway": true, "reversed": false, "length": 152.33769388478913, "from": "704", "to": "706", "_key": "0", "lanes": null, "width": null, "bridge": null, "tunnel": null, "ref": null, "access": null}, "geometry": {"type": "LineString", "coordinates": [[19.0954045, 47.54370320000002], [19.095883600000004, 47.544566199999984], [19.095892199999994, 47.54458160000005], [19.0959229, 47.544636900000036], [19.0960447, 47.54485630000002], [19.09606, 47.544994500000016]]}}, {"id": "(704, 707, 0)", "type": "Feature", "properties": {"_status": "original", "osmid": 450, "highway": "residential", "maxspeed": null, "name": "Kucsma utca", "oneway": false, "reversed": false, "length": 55.27116361774337, "from": "704", "to": "707", "_key": "0", "lanes": null, "width": null, "bridge": null, "tunnel": null, "ref": null, "access": null}, "geometry": {"type": "LineString", "coordinates": [[19.0954045, 47.54370320000002], [19.096091400000006, 47.54352410000005]]}}, {"id": "(705, 707, 0)", "type": "Feature", "properties": {"_status": "original", "osmid": 677, "highway": "residential", "maxspeed": "50", "name": "Tatai utca", "oneway": false, "reversed": false, "length": 144.26220105732304, "from": "705", "to": "707", "_key": "0", "lanes": null, "width": null, "bridge": null, "tunnel": null, "ref": null, "access": null}, "geometry": {"type": "LineString", "coordinates": [[19.095404, 47.542312600000024], [19.095729399999993, 47.54286930000007], [19.096091400000006, 47.54352410000005]]}}, {"id": "(694, 698, 0)", "type": "Feature", "properties": {"_status": "changed", "osmid": 454, "highway": "tertiary", "maxspeed": null, "name": "Reitter Ferenc utca", "oneway": false, "reversed": true, "length": 8.351862070328743, "from": "698", "to": "694", "_key": "0", "lanes": "4", "width": null, "bridge": null, "tunnel": null, "ref": null, "access": null}, "geometry": {"type": "LineString", "coordinates": [[19.094437399999986, 47.546015], [19.0943621, 47.54595969999998], [19.093953137174612, 47.545287247575594]]}}, {"id": "(706, 707, 0)", "type": "Feature", "properties": {"_status": "original", "osmid": 581, "highway": "residential", "maxspeed": "50", "name": ["K\u00e1mfor utca", "Tatai utca"], "oneway": false, "reversed": false, "length": 183.3345152606909, "from": "707", "to": "706", "_key": "0", "lanes": null, "width": null, "bridge": null, "tunnel": null, "ref": null, "access": null}, "geometry": {"type": "LineString", "coordinates": [[19.096091400000006, 47.54352410000005], [19.096566100000004, 47.54433510000007], [19.096583100000004, 47.54438990000004], [19.096587900000003, 47.54445300000001], [19.096547700000002, 47.544556300000025], [19.096178, 47.54484680000005], [19.09606, 47.544994500000016]]}}, {"id": "(706, 698, 0)", "type": "Feature", "properties": {"_status": "original", "osmid": 455, "highway": "tertiary", "maxspeed": "50", "name": "K\u00e1mfor utca", "oneway": false, "reversed": false, "length": 167.65230640122925, "from": "698", "to": "706", "_key": "0", "lanes": "2", "width": null, "bridge": null, "tunnel": null, "ref": null, "access": null}, "geometry": {"type": "LineString", "coordinates": [[19.094437399999986, 47.546015], [19.095229499999995, 47.54548500000003], [19.095578399999997, 47.545251500000056], [19.095898499999997, 47.545037300000004], [19.095978099999996, 47.54500489999998], [19.09606, 47.544994500000016]]}}, {"id": "(644, 651, 0)", "type": "Feature", "properties": {"_status": "original", "osmid": 617, "highway": "residential", "maxspeed": null, "name": "B\u00e9ke utca", "oneway": true, "reversed": false, "length": 130.86025460530863, "from": "644", "to": "651", "_key": "0", "lanes": null, "width": null, "bridge": null, "tunnel": null, "ref": null, "access": null}, "geometry": {"type": "LineString", "coordinates": [[19.089345600000005, 47.546343200000024], [19.089372799999996, 47.54640010000005], [19.089939699999995, 47.54738540000001], [19.089971899999995, 47.54744140000005]]}}, {"id": "(682, 651, 0)", "type": "Feature", "properties": {"_status": "original", "osmid": 618, "highway": "residential", "maxspeed": null, "name": "Topolya utca", "oneway": false, "reversed": false, "length": 199.98913856960584, "from": "682", "to": "651", "_key": "0", "lanes": null, "width": null, "bridge": null, "tunnel": null, "ref": null, "access": null}, "geometry": {"type": "LineString", "coordinates": [[19.09218919999999, 47.546444], [19.0904109, 47.54724390000003], [19.089971899999995, 47.54744140000005]]}}, {"id": "(682, 684, 0)", "type": "Feature", "properties": {"_status": "original", "osmid": 616, "highway": "residential", "maxspeed": null, "name": "J\u00e1sz utca", "oneway": true, "reversed": false, "length": 97.3135164089977, "from": "684", "to": "682", "_key": "0", "lanes": null, "width": null, "bridge": null, "tunnel": null, "ref": null, "access": null}, "geometry": {"type": "LineString", "coordinates": [[19.0926798, 47.54725400000001], [19.092627699999998, 47.547177400000066], [19.092219299999993, 47.54649430000003], [19.09218919999999, 47.546444]]}}, {"id": "(698, 684, 0)", "type": "Feature", "properties": {"_status": "original", "osmid": 456, "highway": "tertiary", "maxspeed": "50", "name": "K\u00e1mfor utca", "oneway": false, "reversed": false, "length": 190.7989472399241, "from": "684", "to": "698", "_key": "0", "lanes": null, "width": null, "bridge": null, "tunnel": null, "ref": null, "access": null}, "geometry": {"type": "LineString", "coordinates": [[19.0926798, 47.54725400000001], [19.0929372, 47.547056200000036], [19.093086299999992, 47.54694179999998], [19.093452400000004, 47.54669060000003], [19.094437399999986, 47.546015]]}}, {"id": "(684, 659, 0)", "type": "Feature", "properties": {"_status": "original", "osmid": 612, "highway": "tertiary", "maxspeed": "50", "name": "K\u00e1mfor utca", "oneway": false, "reversed": true, "length": 221.10500240702072, "from": "684", "to": "659", "_key": "0", "lanes": null, "width": null, "bridge": null, "tunnel": null, "ref": null, "access": null}, "geometry": {"type": "LineString", "coordinates": [[19.0926798, 47.54725400000001], [19.090655899999994, 47.54869890000001]]}}, {"id": "(143, 126, 0)", "type": "Feature", "properties": {"_status": "changed", "osmid": 457, "highway": "residential", "maxspeed": "30", "name": "P\u00e1rk\u00e1ny utca", "oneway": false, "reversed": false, "length": 21.958845515780155, "from": "143", "to": "126", "_key": "0", "lanes": null, "width": null, "bridge": null, "tunnel": null, "ref": null, "access": null}, "geometry": {"type": "LineString", "coordinates": [[19.060403499999996, 47.52929980000005], [19.0601981, 47.528836], [19.059724, 47.5277653], [19.059612299999998, 47.527513000000006], [19.059596299999992, 47.527476800000045], [19.0595125, 47.52728760000007]]}}, {"id": "(143, 146, 0)", "type": "Feature", "properties": {"_status": "new", "osmid": 458, "highway": null, "maxspeed": null, "name": null, "oneway": null, "reversed": null, "length": null, "from": "143", "to": "146", "_key": "0", "lanes": null, "width": null, "bridge": null, "tunnel": null, "ref": null, "access": null}, "geometry": {"type": "LineString", "coordinates": [[19.060403499999996, 47.52929980000005], [19.06052450744873, 47.52927521367486]]}}, {"id": "(143, 155, 0)", "type": "Feature", "properties": {"_status": "changed", "osmid": 459, "highway": "living_street", "maxspeed": "20", "name": "P\u00e1rk\u00e1ny utca", "oneway": false, "reversed": false, "length": 184.15436617958935, "from": "155", "to": "143", "_key": "0", "lanes": null, "width": null, "bridge": null, "tunnel": null, "ref": null, "access": null}, "geometry": {"type": "LineString", "coordinates": [[19.061175300000002, 47.53102820000002], [19.061137899999995, 47.53094420000004], [19.061111699999994, 47.53088540000001], [19.060870400000002, 47.53034390000005], [19.06042539999999, 47.52935060000003], [19.060403499999996, 47.52929980000005]]}}, {"id": "(143, 124, 0)", "type": "Feature", "properties": {"_status": "original", "osmid": 460, "highway": "residential", "maxspeed": null, "name": "Viza utca", "oneway": false, "reversed": false, "length": 42.903334858225676, "from": "124", "to": "143", "_key": "0", "lanes": null, "width": null, "bridge": null, "tunnel": null, "ref": null, "access": null}, "geometry": {"type": "LineString", "coordinates": [[19.059853300000007, 47.529404000000014], [19.060403499999996, 47.52929980000005]]}}, {"id": "(126, 93, 0)", "type": "Feature", "properties": {"_status": "original", "osmid": 461, "highway": "residential", "maxspeed": null, "name": "R\u00e9v\u00e9sz utca", "oneway": false, "reversed": false, "length": 110.5195294274949, "from": "126", "to": "93", "_key": "0", "lanes": null, "width": null, "bridge": null, "tunnel": null, "ref": null, "access": null}, "geometry": {"type": "LineString", "coordinates": [[19.0595125, 47.52728760000007], [19.059372900000003, 47.52732180000004], [19.059187500000004, 47.527367400000024], [19.05897589999999, 47.52741660000004], [19.058349399999997, 47.527568400000035], [19.058122499999996, 47.52761400000006]]}}, {"id": "(126, 134, 0)", "type": "Feature", "properties": {"_status": "original", "osmid": 462, "highway": "residential", "maxspeed": null, "name": "R\u00e9v\u00e9sz utca", "oneway": false, "reversed": true, "length": 22.64854879290545, "from": "126", "to": "134", "_key": "0", "lanes": null, "width": null, "bridge": null, "tunnel": null, "ref": null, "access": null}, "geometry": {"type": "LineString", "coordinates": [[19.0595125, 47.52728760000007], [19.0597971, 47.52722010000004]]}}, {"id": "(146, 167, 0)", "type": "Feature", "properties": {"_status": "changed", "osmid": 463, "highway": "living_street", "maxspeed": "20", "name": null, "oneway": false, "reversed": false, "length": 12.379333781928581, "from": "146", "to": "167", "_key": "0", "lanes": null, "width": null, "bridge": null, "tunnel": null, "ref": null, "access": null}, "geometry": {"type": "LineString", "coordinates": [[19.06052450744873, 47.52927521367486], [19.06014039147118, 47.52840377262255], [19.060262500000004, 47.52837889999999], [19.060503999999998, 47.52830850000002], [19.060786021842237, 47.5281742480873], [19.0610707, 47.528041600000016], [19.061227699999986, 47.52800760000003]]}}, {"id": "(155, 139, 0)", "type": "Feature", "properties": {"_status": "original", "osmid": 470, "highway": "living_street", "maxspeed": "20", "name": "Vizafog\u00f3 s\u00e9t\u00e1ny", "oneway": false, "reversed": true, "length": 43.4751124495101, "from": "155", "to": "139", "_key": "0", "lanes": null, "width": null, "bridge": null, "tunnel": null, "ref": null, "access": null}, "geometry": {"type": "LineString", "coordinates": [[19.061175300000002, 47.53102820000002], [19.060903799999988, 47.53108300000004], [19.060620500000002, 47.531140199999996]]}}, {"id": "(124, 139, 0)", "type": "Feature", "properties": {"_status": "original", "osmid": 1072, "highway": "living_street", "maxspeed": "20", "name": "P\u00e1rk\u00e1ny utca", "oneway": false, "reversed": true, "length": 201.4666153809907, "from": "139", "to": "124", "_key": "0", "lanes": null, "width": null, "bridge": null, "tunnel": null, "ref": null, "access": null}, "geometry": {"type": "LineString", "coordinates": [[19.060620500000002, 47.531140199999996], [19.060125799999994, 47.53002060000001], [19.059853300000007, 47.529404000000014]]}}, {"id": "(124, 110, 0)", "type": "Feature", "properties": {"_status": "original", "osmid": 1071, "highway": "residential", "maxspeed": null, "name": "Viza utca", "oneway": false, "reversed": false, "length": 48.62877816612569, "from": "110", "to": "124", "_key": "0", "lanes": null, "width": null, "bridge": null, "tunnel": null, "ref": null, "access": null}, "geometry": {"type": "LineString", "coordinates": [[19.0592293, 47.529521200000055], [19.059853300000007, 47.529404000000014]]}}, {"id": "(93, 90, 0)", "type": "Feature", "properties": {"_status": "original", "osmid": 862, "highway": "residential", "maxspeed": null, "name": "R\u00e9v\u00e9sz utca", "oneway": false, "reversed": false, "length": 21.27333687885329, "from": "93", "to": "90", "_key": "0", "lanes": null, "width": null, "bridge": null, "tunnel": null, "ref": null, "access": null}, "geometry": {"type": "LineString", "coordinates": [[19.058122499999996, 47.52761400000006], [19.0580161, 47.527634300000024], [19.057851200000005, 47.52766910000004]]}}, {"id": "(93, 98, 0)", "type": "Feature", "properties": {"_status": "original", "osmid": 866, "highway": "pedestrian", "maxspeed": null, "name": "Tom Lantos s\u00e9t\u00e1ny", "oneway": false, "reversed": false, "length": 89.7785002741833, "from": "98", "to": "93", "_key": "0", "lanes": null, "width": null, "bridge": null, "tunnel": null, "ref": null, "access": null}, "geometry": {"type": "LineString", "coordinates": [[19.058474399999998, 47.52838560000006], [19.058456100000004, 47.52835060000006], [19.058332900000003, 47.52807339999999], [19.058122499999996, 47.52761400000006]]}}, {"id": "(134, 118, 0)", "type": "Feature", "properties": {"_status": "original", "osmid": 873, "highway": "residential", "maxspeed": "30", "name": "Pann\u00f3nia utca", "oneway": false, "reversed": true, "length": 192.76879661511092, "from": "134", "to": "118", "_key": "0", "lanes": "2", "width": null, "bridge": null, "tunnel": null, "ref": null, "access": null}, "geometry": {"type": "LineString", "coordinates": [[19.0597971, 47.52722010000004], [19.059320499999988, 47.52627580000006], [19.059129699999993, 47.52592880000003], [19.058980499999993, 47.525669600000015], [19.058939700000003, 47.525586300000036]]}}, {"id": "(134, 162, 0)", "type": "Feature", "properties": {"_status": "original", "osmid": 849, "highway": "residential", "maxspeed": null, "name": "R\u00e9v\u00e9sz utca", "oneway": false, "reversed": false, "length": 79.32036957282509, "from": "162", "to": "134", "_key": "0", "lanes": null, "width": null, "bridge": null, "tunnel": null, "ref": null, "access": null}, "geometry": {"type": "LineString", "coordinates": [[19.060795100000004, 47.52698620000003], [19.060713199999995, 47.527005000000024], [19.0601735, 47.527133900000024], [19.060115100000004, 47.527147500000055], [19.0597971, 47.52722010000004]]}}, {"id": "(167, 162, 0)", "type": "Feature", "properties": {"_status": "original", "osmid": 465, "highway": "residential", "maxspeed": "30", "name": "Esztergomi \u00fat", "oneway": false, "reversed": true, "length": 118.20960472835185, "from": "167", "to": "162", "_key": "0", "lanes": null, "width": null, "bridge": null, "tunnel": null, "ref": null, "access": null}, "geometry": {"type": "LineString", "coordinates": [[19.061227699999986, 47.52800760000003], [19.061118099999995, 47.527757800000046], [19.060807800000003, 47.52705050000001], [19.060795100000004, 47.52698620000003]]}}, {"id": "(162, 185, 0)", "type": "Feature", "properties": {"_status": "original", "osmid": 751, "highway": "residential", "maxspeed": null, "name": "R\u00e9v\u00e9sz utca", "oneway": false, "reversed": true, "length": 101.76310603063611, "from": "162", "to": "185", "_key": "0", "lanes": null, "width": null, "bridge": null, "tunnel": null, "ref": null, "access": null}, "geometry": {"type": "LineString", "coordinates": [[19.060795100000004, 47.52698620000003], [19.0609166, 47.52695820000002], [19.061049299999997, 47.52692700000004], [19.061955499999996, 47.52670780000003], [19.062071599999992, 47.526678700000026]]}}, {"id": "(162, 150, 0)", "type": "Feature", "properties": {"_status": "original", "osmid": 783, "highway": "residential", "maxspeed": "30", "name": "Heged\u0171s Gyula utca", "oneway": true, "reversed": false, "length": 192.21075362530559, "from": "150", "to": "162", "_key": "0", "lanes": null, "width": null, "bridge": null, "tunnel": null, "ref": null, "access": null}, "geometry": {"type": "LineString", "coordinates": [[19.060052, 47.525335400000046], [19.060116899999997, 47.52541080000001], [19.060180100000004, 47.525554300000046], [19.060239299999996, 47.525688900000034], [19.060272299999998, 47.52576369999999], [19.060318099999996, 47.52586770000001], [19.0603313, 47.525897900000025], [19.060645599999997, 47.52661160000004], [19.0606776, 47.52668420000003], [19.0607828, 47.52692300000004], [19.060795100000004, 47.52698620000003]]}}, {"id": "(200, 240, 0)", "type": "Feature", "properties": {"_status": "original", "osmid": 556, "highway": "residential", "maxspeed": "30", "name": "V\u00e9s\u0151 utca", "oneway": true, "reversed": false, "length": 23.236096440729014, "from": "240", "to": "200", "_key": "0", "lanes": null, "width": null, "bridge": null, "tunnel": null, "ref": null, "access": null}, "geometry": {"type": "LineString", "coordinates": [[19.065010799999992, 47.52859390000003], [19.064864099999998, 47.528528500000036], [19.064792999999998, 47.52850130000001], [19.0647483, 47.528483400000034], [19.06469639999999, 47.52848680000001], [19.0644131, 47.52854590000003], [19.063110899999998, 47.52881500000003], [19.062982899999998, 47.52884139999998]]}}, {"id": "(200, 185, 0)", "type": "Feature", "properties": {"_status": "original", "osmid": 560, "highway": "residential", "maxspeed": "30", "name": "Visegr\u00e1di utca", "oneway": true, "reversed": false, "length": 250.08259716699914, "from": "185", "to": "200", "_key": "0", "lanes": null, "width": null, "bridge": null, "tunnel": null, "ref": null, "access": null}, "geometry": {"type": "LineString", "coordinates": [[19.062071599999992, 47.526678700000026], [19.062111299999994, 47.52676490000003], [19.062553999999995, 47.52777540000005], [19.062648999999993, 47.5279922], [19.062811000000004, 47.52836179999999], [19.062982899999998, 47.52884139999998]]}}, {"id": "(139, 116, 0)", "type": "Feature", "properties": {"_status": "original", "osmid": 1075, "highway": "living_street", "maxspeed": "20", "name": "Vizafog\u00f3 s\u00e9t\u00e1ny", "oneway": false, "reversed": true, "length": 69.36047597481544, "from": "139", "to": "116", "_key": "0", "lanes": null, "width": null, "bridge": null, "tunnel": null, "ref": null, "access": null}, "geometry": {"type": "LineString", "coordinates": [[19.060620500000002, 47.531140199999996], [19.060222599999996, 47.53121670000001], [19.059731999999997, 47.531311099999996]]}}, {"id": "(139, 149, 0)", "type": "Feature", "properties": {"_status": "original", "osmid": 1069, "highway": "living_street", "maxspeed": "20", "name": "P\u00e1rk\u00e1ny utca", "oneway": false, "reversed": true, "length": 134.0910009846136, "from": "149", "to": "139", "_key": "0", "lanes": null, "width": null, "bridge": null, "tunnel": null, "ref": null, "access": null}, "geometry": {"type": "LineString", "coordinates": [[19.061124599999996, 47.53229530000002], [19.06092260000001, 47.531857100000046], [19.0608937, 47.531796800000016], [19.060874699999996, 47.53174890000004], [19.060871899999995, 47.53169760000004], [19.060620500000002, 47.531140199999996]]}}, {"id": "(290, 259, 0)", "type": "Feature", "properties": {"_status": "original", "osmid": 893, "highway": "residential", "maxspeed": "30", "name": "D\u00e9ryn\u00e9 k\u00f6z", "oneway": true, "reversed": false, "length": 128.79578328946153, "from": "290", "to": "259", "_key": "0", "lanes": null, "width": null, "bridge": null, "tunnel": null, "ref": null, "access": null}, "geometry": {"type": "LineString", "coordinates": [[19.068113999999998, 47.53118220000001], [19.067982399999995, 47.5312086], [19.066629600000002, 47.53148760000004], [19.066563799999997, 47.53150110000003], [19.066473399999992, 47.53152070000006]]}}, {"id": "(13, 24, 0)", "type": "Feature", "properties": {"_status": "original", "osmid": 939, "highway": "residential", "maxspeed": "30", "name": "T\u00e1tra utca", "oneway": true, "reversed": false, "length": 185.25655848741388, "from": "13", "to": "24", "_key": "0", "lanes": null, "width": null, "bridge": null, "tunnel": null, "ref": null, "access": null}, "geometry": {"type": "LineString", "coordinates": [[19.049860499999994, 47.512589400000024], [19.049905600000002, 47.51265240000003], [19.0503853, 47.51332160000006], [19.05093370000001, 47.514089500000026]]}}, {"id": "(13, 27, 0)", "type": "Feature", "properties": {"_status": "original", "osmid": 935, "highway": "secondary", "maxspeed": "50", "name": "Szent Istv\u00e1n k\u00f6r\u00fat", "oneway": true, "reversed": false, "length": 78.4536025256676, "from": "27", "to": "13", "_key": "0", "lanes": "3", "width": null, "bridge": null, "tunnel": null, "ref": null, "access": null}, "geometry": {"type": "LineString", "coordinates": [[19.0507879, 47.512264700000024], [19.050606899999995, 47.51232820000001], [19.050114999999995, 47.5125003], [19.049860499999994, 47.512589400000024]]}}, {"id": "(183, 184, 0)", "type": "Feature", "properties": {"_status": "original", "osmid": 480, "highway": "secondary", "maxspeed": "50", "name": "V\u00e1ci \u00fat", "oneway": false, "reversed": true, "length": 60.88543395473496, "from": "184", "to": "183", "_key": "0", "lanes": ["4", "5"], "width": null, "bridge": null, "tunnel": null, "ref": null, "access": null}, "geometry": {"type": "LineString", "coordinates": [[19.060528700000003, 47.518247800000026], [19.060441499999996, 47.51803370000006], [19.060317799999996, 47.51771910000003]]}}, {"id": "(183, 128, 0)", "type": "Feature", "properties": {"_status": "original", "osmid": 481, "highway": "residential", "maxspeed": "30", "name": "Alig utca", "oneway": true, "reversed": false, "length": 184.98020720036283, "from": "128", "to": "183", "_key": "0", "lanes": null, "width": null, "bridge": null, "tunnel": null, "ref": null, "access": null}, "geometry": {"type": "LineString", "coordinates": [[19.057999100000004, 47.51828010000005], [19.0600685, 47.51777200000005], [19.060317799999996, 47.51771910000003]]}}, {"id": "(160, 123, 0)", "type": "Feature", "properties": {"_status": "original", "osmid": 804, "highway": "residential", "maxspeed": "30", "name": "Victor Hugo utca", "oneway": true, "reversed": false, "length": 97.04744163357488, "from": "160", "to": "123", "_key": "0", "lanes": "1", "width": null, "bridge": null, "tunnel": null, "ref": null, "access": null}, "geometry": {"type": "LineString", "coordinates": [[19.058960899999988, 47.51746280000006], [19.057819699999992, 47.51774679999998], [19.057747799999998, 47.51776360000005]]}}, {"id": "(160, 140, 0)", "type": "Feature", "properties": {"_status": "original", "osmid": 596, "highway": "residential", "maxspeed": "30", "name": "Kresz G\u00e9za utca", "oneway": true, "reversed": false, "length": 153.80379144322055, "from": "140", "to": "160", "_key": "0", "lanes": null, "width": null, "bridge": null, "tunnel": null, "ref": null, "access": null}, "geometry": {"type": "LineString", "coordinates": [[19.058033, 47.51623020000001], [19.058174, 47.516428699999985], [19.058290999999997, 47.516593499999985], [19.058494999999994, 47.516881800000036], [19.058960899999988, 47.51746280000006]]}}, {"id": "(184, 190, 0)", "type": "Feature", "properties": {"_status": "original", "osmid": 818, "highway": "secondary", "maxspeed": "50", "name": "V\u00e1ci \u00fat", "oneway": false, "reversed": false, "length": 60.54161304984866, "from": "184", "to": "190", "_key": "0", "lanes": "4", "width": null, "bridge": null, "tunnel": null, "ref": null, "access": null}, "geometry": {"type": "LineString", "coordinates": [[19.060528700000003, 47.518247800000026], [19.060751800000006, 47.51877100000003]]}}, {"id": "(184, 132, 0)", "type": "Feature", "properties": {"_status": "original", "osmid": 831, "highway": "residential", "maxspeed": "30", "name": "R\u00f6ntgen utca", "oneway": true, "reversed": false, "length": 181.74685377139215, "from": "184", "to": "132", "_key": "0", "lanes": null, "width": "8", "bridge": null, "tunnel": null, "ref": null, "access": null}, "geometry": {"type": "LineString", "coordinates": [[19.060528700000003, 47.518247800000026], [19.0603124, 47.51829590000001], [19.0582349, 47.518769100000014]]}}, {"id": "(128, 123, 0)", "type": "Feature", "properties": {"_status": "original", "osmid": 974, "highway": "residential", "maxspeed": "30", "name": "Visegr\u00e1di utca", "oneway": true, "reversed": false, "length": 60.45337263491429, "from": "128", "to": "123", "_key": "0", "lanes": null, "width": null, "bridge": null, "tunnel": null, "ref": null, "access": null}, "geometry": {"type": "LineString", "coordinates": [[19.057999100000004, 47.51828010000005], [19.057776399999998, 47.51782230000004], [19.0577709, 47.51781120000002], [19.057747799999998, 47.51776360000005]]}}, {"id": "(128, 130, 0)", "type": "Feature", "properties": {"_status": "original", "osmid": 983, "highway": "residential", "maxspeed": "30", "name": "Visegr\u00e1di utca", "oneway": true, "reversed": false, "length": 28.847490526839223, "from": "130", "to": "128", "_key": "0", "lanes": null, "width": null, "bridge": null, "tunnel": null, "ref": null, "access": null}, "geometry": {"type": "LineString", "coordinates": [[19.058121099999994, 47.5185261], [19.057999100000004, 47.51828010000005]]}}, {"id": "(166, 153, 0)", "type": "Feature", "properties": {"_status": "original", "osmid": 553, "highway": "secondary", "maxspeed": "50", "name": "V\u00e1ci \u00fat", "oneway": false, "reversed": true, "length": 134.7004592668785, "from": "166", "to": "153", "_key": "0", "lanes": ["6", "5"], "width": null, "bridge": null, "tunnel": null, "ref": null, "access": null}, "geometry": {"type": "LineString", "coordinates": [[19.0588174, 47.51462380000002], [19.0587185, 47.51448530000001], [19.058465, 47.514130400000035], [19.05801389999999, 47.513540900000024]]}}, {"id": "(166, 122, 0)", "type": "Feature", "properties": {"_status": "original", "osmid": 555, "highway": "residential", "maxspeed": "30", "name": "Balzac utca", "oneway": true, "reversed": false, "length": 129.19297944334875, "from": "166", "to": "122", "_key": "0", "lanes": null, "width": null, "bridge": null, "tunnel": null, "ref": null, "access": null}, "geometry": {"type": "LineString", "coordinates": [[19.0588174, 47.51462380000002], [19.058735099999996, 47.514646600000056], [19.05860859999999, 47.51468160000007], [19.0585914, 47.51468640000001], [19.058427099999996, 47.51473880000002], [19.0581174, 47.51483760000002], [19.0579447, 47.5148933], [19.0572569, 47.515112300000055]]}}, {"id": "(140, 122, 0)", "type": "Feature", "properties": {"_status": "original", "osmid": 592, "highway": "residential", "maxspeed": "30", "name": "Kresz G\u00e9za utca", "oneway": true, "reversed": false, "length": 137.29120152500522, "from": "122", "to": "140", "_key": "0", "lanes": null, "width": "5", "bridge": null, "tunnel": null, "ref": null, "access": null}, "geometry": {"type": "LineString", "coordinates": [[19.0572569, 47.515112300000055], [19.057623700000004, 47.51564030000003], [19.057667600000002, 47.515703500000015], [19.0579611, 47.51612649999997], [19.058033, 47.51623020000001]]}}, {"id": "(140, 109, 0)", "type": "Feature", "properties": {"_status": "original", "osmid": 597, "highway": "residential", "maxspeed": "30", "name": "Csan\u00e1dy utca", "oneway": true, "reversed": false, "length": 91.82254988008282, "from": "109", "to": "140", "_key": "0", "lanes": "1", "width": null, "bridge": null, "tunnel": null, "ref": null, "access": null}, "geometry": {"type": "LineString", "coordinates": [[19.056922199999985, 47.51657530000004], [19.0574819, 47.516401400000056], [19.057948299999996, 47.516256500000026], [19.058033, 47.51623020000001]]}}, {"id": "(197, 194, 0)", "type": "Feature", "properties": {"_status": "original", "osmid": 719, "highway": "living_street", "maxspeed": "20", "name": "Jakab J\u00f3zsef utca", "oneway": false, "reversed": false, "length": 66.82957998086131, "from": "197", "to": "194", "_key": "0", "lanes": null, "width": null, "bridge": null, "tunnel": null, "ref": null, "access": null}, "geometry": {"type": "LineString", "coordinates": [[19.06466989999999, 47.53897500000002], [19.064445299999996, 47.538481600000026], [19.064408399999998, 47.53840050000001]]}}, {"id": "(197, 141, 0)", "type": "Feature", "properties": {"_status": "original", "osmid": 1097, "highway": "pedestrian", "maxspeed": null, "name": "Dag\u00e1lys\u00e9t\u00e1ny utca", "oneway": false, "reversed": false, "length": 198.36574721493832, "from": "141", "to": "197", "_key": "0", "lanes": null, "width": null, "bridge": null, "tunnel": null, "ref": null, "access": null}, "geometry": {"type": "LineString", "coordinates": [[19.062134499999996, 47.539477400000045], [19.063521999999992, 47.539213300000014], [19.06466989999999, 47.53897500000002]]}}, {"id": "(272, 303, 0)", "type": "Feature", "properties": {"_status": "original", "osmid": 488, "highway": "residential", "maxspeed": "50", "name": ["Meder utca", "Cserhalom utca"], "oneway": false, "reversed": true, "length": 234.94270105130545, "from": "303", "to": "272", "_key": "0", "lanes": "2", "width": null, "bridge": null, "tunnel": null, "ref": null, "access": null}, "geometry": {"type": "LineString", "coordinates": [[19.071867200000003, 47.54872230000006], [19.071560299999994, 47.54879730000001], [19.0714025, 47.548835900000064], [19.0711777, 47.548657900000045], [19.070543500000007, 47.547912600000025], [19.070037400000007, 47.54731779999999]]}}, {"id": "(272, 267, 0)", "type": "Feature", "properties": {"_status": "original", "osmid": 489, "highway": "residential", "maxspeed": null, "name": "Tur\u00f3c utca", "oneway": false, "reversed": false, "length": 32.574533856042265, "from": "267", "to": "272", "_key": "0", "lanes": null, "width": null, "bridge": null, "tunnel": null, "ref": null, "access": null}, "geometry": {"type": "LineString", "coordinates": [[19.069614399999992, 47.54734609999998], [19.069680399999992, 47.54735730000002], [19.069746399999996, 47.54736210000001], [19.0698181, 47.54735930000002], [19.070037400000007, 47.54731779999999]]}}, {"id": "(303, 340, 0)", "type": "Feature", "properties": {"_status": "changed", "osmid": 493, "highway": "residential", "maxspeed": "50", "name": "Meder utca", "oneway": false, "reversed": false, "length": 15.243006635925404, "from": "303", "to": "340", "_key": "0", "lanes": null, "width": null, "bridge": null, "tunnel": null, "ref": null, "access": null}, "geometry": {"type": "LineString", "coordinates": [[19.071867200000003, 47.54872230000006], [19.072055899999988, 47.5486762], [19.072852600000008, 47.548481500000044], [19.072959600000004, 47.5484581], [19.073153399999995, 47.54841710000004]]}}, {"id": "(303, 312, 0)", "type": "Feature", "properties": {"_status": "original", "osmid": 494, "highway": "residential", "maxspeed": "30", "name": null, "oneway": false, "reversed": false, "length": 262.9579788176005, "from": "312", "to": "303", "_key": "0", "lanes": "2", "width": null, "bridge": null, "tunnel": null, "ref": null, "access": null}, "geometry": {"type": "LineString", "coordinates": [[19.0726987, 47.55160839999999], [19.072677499999998, 47.55157990000002], [19.0726573, 47.55155070000007], [19.072640400000004, 47.551517499999996], [19.072483700000003, 47.551086100000035], [19.072452599999995, 47.55099840000001], [19.072433899999993, 47.550950600000014], [19.072425099999997, 47.55092810000003], [19.071715400000002, 47.549210899999984], [19.0716999, 47.54913670000004], [19.071701499999996, 47.54907020000002], [19.0717942, 47.548931800000005], [19.071855699999993, 47.5487941], [19.071867200000003, 47.54872230000006]]}}, {"id": "(267, 225, 0)", "type": "Feature", "properties": {"_status": "original", "osmid": 902, "highway": "residential", "maxspeed": null, "name": "Tur\u00f3c utca", "oneway": false, "reversed": false, "length": 152.67154046932242, "from": "225", "to": "267", "_key": "0", "lanes": null, "width": null, "bridge": null, "tunnel": null, "ref": null, "access": null}, "geometry": {"type": "LineString", "coordinates": [[19.067665699999992, 47.54764310000002], [19.06772919999999, 47.547629600000036], [19.0692629, 47.54730980000002], [19.069330899999997, 47.54730140000005], [19.069397300000006, 47.547302000000016], [19.069459599999995, 47.54731250000002], [19.069614399999992, 47.54734609999998]]}}, {"id": "(267, 229, 0)", "type": "Feature", "properties": {"_status": "original", "osmid": 908, "highway": "residential", "maxspeed": null, "name": "Haj\u00f3kov\u00e1cs utca", "oneway": false, "reversed": false, "length": 207.1674671596163, "from": "229", "to": "267", "_key": "0", "lanes": null, "width": null, "bridge": null, "tunnel": null, "ref": null, "access": null}, "geometry": {"type": "LineString", "coordinates": [[19.068193499999996, 47.54877960000005], [19.0686137, 47.548647000000024], [19.068870099999998, 47.54854620000003], [19.069019699999995, 47.54847030000001], [19.069151200000007, 47.548389900000004], [19.0692325, 47.54831410000002], [19.0693012, 47.54823390000005], [19.069388299999996, 47.548097699999985], [19.069413800000003, 47.548046400000054], [19.0695479, 47.54770850000006], [19.069614399999992, 47.54734609999998]]}}, {"id": "(257, 248, 0)", "type": "Feature", "properties": {"_status": "original", "osmid": 564, "highway": "residential", "maxspeed": "50", "name": "Cserhalom utca", "oneway": false, "reversed": false, "length": 183.9043305244553, "from": "248", "to": "257", "_key": "0", "lanes": null, "width": null, "bridge": null, "tunnel": null, "ref": null, "access": null}, "geometry": {"type": "LineString", "coordinates": [[19.0683626, 47.54470920000004], [19.0688025, 47.54573700000008], [19.06904269999999, 47.54629810000004]]}}, {"id": "(257, 217, 0)", "type": "Feature", "properties": {"_status": "original", "osmid": 764, "highway": "residential", "maxspeed": null, "name": "\u00dasz\u00f3daru utca", "oneway": false, "reversed": false, "length": 145.4342616937527, "from": "217", "to": "257", "_key": "0", "lanes": null, "width": null, "bridge": null, "tunnel": null, "ref": null, "access": null}, "geometry": {"type": "LineString", "coordinates": [[19.0671823, 47.546663599999995], [19.067418899999996, 47.54662020000002], [19.067476, 47.54660980000005], [19.068927800000004, 47.546322500000045], [19.06904269999999, 47.54629810000004]]}}, {"id": "(257, 263, 0)", "type": "Feature", "properties": {"_status": "original", "osmid": 765, "highway": "residential", "maxspeed": "50", "name": "Cserhalom utca", "oneway": false, "reversed": true, "length": 100.32926563487162, "from": "263", "to": "257", "_key": "0", "lanes": null, "width": null, "bridge": null, "tunnel": null, "ref": null, "access": null}, "geometry": {"type": "LineString", "coordinates": [[19.06939759999999, 47.54716800000002], [19.069064199999993, 47.54635070000002], [19.06904269999999, 47.54629810000004]]}}, {"id": "(379, 389, 0)", "type": "Feature", "properties": {"_status": "original", "osmid": 674, "highway": "residential", "maxspeed": null, "name": "Madar\u00e1sz Viktor utca", "oneway": false, "reversed": false, "length": 224.16948638611166, "from": "379", "to": "389", "_key": "0", "lanes": null, "width": null, "bridge": null, "tunnel": null, "ref": null, "access": null}, "geometry": {"type": "LineString", "coordinates": [[19.074687, 47.54608080000002], [19.074907200000006, 47.54657810000002], [19.0749509, 47.546676800000014], [19.075104700000004, 47.547018399999985], [19.075141299999988, 47.547099700000054], [19.075468100000002, 47.54782540000006], [19.075522899999992, 47.547947699999995], [19.075551500000007, 47.54801050000006]]}}, {"id": "(379, 375, 0)", "type": "Feature", "properties": {"_status": "original", "osmid": 507, "highway": "residential", "maxspeed": null, "name": "Madar\u00e1sz Viktor utca", "oneway": false, "reversed": false, "length": 103.08397562226813, "from": "375", "to": "379", "_key": "0", "lanes": null, "width": null, "bridge": null, "tunnel": null, "ref": null, "access": null}, "geometry": {"type": "LineString", "coordinates": [[19.0742901, 47.54519330000004], [19.074687, 47.54608080000002]]}}, {"id": "(340, 360, 0)", "type": "Feature", "properties": {"_status": "original", "osmid": 495, "highway": "residential", "maxspeed": "50", "name": "Bab\u00e9r utca", "oneway": false, "reversed": true, "length": 63.86269861209358, "from": "340", "to": "360", "_key": "0", "lanes": "3", "width": null, "bridge": null, "tunnel": null, "ref": null, "access": null}, "geometry": {"type": "LineString", "coordinates": [[19.073153399999995, 47.54841710000004], [19.073434199999998, 47.548362200000035], [19.0739707, 47.54825730000004]]}}, {"id": "(340, 350, 0)", "type": "Feature", "properties": {"_status": "original", "osmid": 496, "highway": "primary", "maxspeed": "70", "name": "V\u00e1ci \u00fat", "oneway": false, "reversed": true, "length": 271.19492522888487, "from": "350", "to": "340", "_key": "0", "lanes": ["8", "7"], "width": null, "bridge": null, "tunnel": null, "ref": "2", "access": null}, "geometry": {"type": "LineString", "coordinates": [[19.073956399999993, 47.550794500000045], [19.073932699999997, 47.550733], [19.0738222, 47.550464400000024], [19.073680499999995, 47.5500525], [19.073557999999988, 47.549641700000045], [19.073360999999995, 47.549029800000035], [19.073279900000003, 47.54878719999998], [19.07320159999999, 47.54855320000003], [19.073153399999995, 47.54841710000004]]}}, {"id": "(312, 353, 0)", "type": "Feature", "properties": {"_status": "original", "osmid": 569, "highway": "residential", "maxspeed": "50", "name": "Meder utca", "oneway": true, "reversed": false, "length": 116.05514176922802, "from": "353", "to": "312", "_key": "0", "lanes": null, "width": null, "bridge": null, "tunnel": null, "ref": null, "access": null}, "geometry": {"type": "LineString", "coordinates": [[19.074179400000006, 47.55131370000004], [19.073962, 47.55135260000004], [19.0738052, 47.55138070000003], [19.073773199999998, 47.55138950000004], [19.0737412, 47.551399399999994], [19.07371, 47.55141110000005], [19.073679499999997, 47.55142140000002], [19.0736488, 47.55143050000001], [19.0736139, 47.55143960000003], [19.073455000000006, 47.55146890000001], [19.073418299999993, 47.55147570000004], [19.073156200000007, 47.55152400000004], [19.0730334, 47.55154670000003], [19.0726987, 47.55160839999999]]}}, {"id": "(312, 322, 0)", "type": "Feature", "properties": {"_status": "original", "osmid": 502, "highway": "residential", "maxspeed": "50", "name": null, "oneway": false, "reversed": false, "length": 175.68511592281956, "from": "322", "to": "312", "_key": "0", "lanes": "2", "width": null, "bridge": null, "tunnel": null, "ref": null, "access": null}, "geometry": {"type": "LineString", "coordinates": [[19.0733256, 47.55312740000002], [19.072947999999993, 47.5522673], [19.072881899999995, 47.55211559999999], [19.072701599999995, 47.55169930000007], [19.072697299999998, 47.55166760000006], [19.072696799999996, 47.551634200000045], [19.0726987, 47.55160839999999]]}}, {"id": "(360, 366, 0)", "type": "Feature", "properties": {"_status": "original", "osmid": 666, "highway": "residential", "maxspeed": "50", "name": "Flesch \u00c1rmin k\u00f6z", "oneway": false, "reversed": false, "length": 130.97918874962212, "from": "360", "to": "366", "_key": "0", "lanes": null, "width": null, "bridge": null, "tunnel": null, "ref": null, "access": null}, "geometry": {"type": "LineString", "coordinates": [[19.0739707, 47.54825730000004], [19.073998900000003, 47.54832420000002], [19.07408450000001, 47.54852690000003], [19.074192200000002, 47.548781800000015], [19.0742196, 47.54884660000003], [19.074449099999995, 47.54939010000003]]}}, {"id": "(360, 389, 0)", "type": "Feature", "properties": {"_status": "original", "osmid": 673, "highway": "residential", "maxspeed": "50", "name": "Bab\u00e9r utca", "oneway": false, "reversed": true, "length": 122.50821831805612, "from": "360", "to": "389", "_key": "0", "lanes": "2", "width": null, "bridge": null, "tunnel": null, "ref": null, "access": null}, "geometry": {"type": "LineString", "coordinates": [[19.0739707, 47.54825730000004], [19.0743241, 47.54825280000001], [19.074469899999997, 47.54822400000002], [19.075349099999997, 47.548050500000045], [19.075551500000007, 47.54801050000006]]}}, {"id": "(350, 353, 0)", "type": "Feature", "properties": {"_status": "original", "osmid": 794, "highway": "primary", "maxspeed": "70", "name": "V\u00e1ci \u00fat", "oneway": false, "reversed": true, "length": 60.11355754151, "from": "353", "to": "350", "_key": "0", "lanes": "7", "width": null, "bridge": null, "tunnel": null, "ref": "2", "access": null}, "geometry": {"type": "LineString", "coordinates": [[19.074179400000006, 47.55131370000004], [19.0739877, 47.55087570000003], [19.073956399999993, 47.550794500000045]]}}, {"id": "(350, 348, 0)", "type": "Feature", "properties": {"_status": "original", "osmid": 795, "highway": "residential", "maxspeed": "50", "name": null, "oneway": true, "reversed": false, "length": 13.14473769959696, "from": "348", "to": "350", "_key": "0", "lanes": "2", "width": null, "bridge": null, "tunnel": null, "ref": null, "access": null}, "geometry": {"type": "LineString", "coordinates": [[19.073787699999997, 47.55076799999999], [19.073807199999994, 47.550768100000056], [19.0738404, 47.55076950000006], [19.073872599999994, 47.55077330000004], [19.073901799999998, 47.55077899999999], [19.073930000000008, 47.55078600000002], [19.073956399999993, 47.550794500000045]]}}, {"id": "(362, 365, 0)", "type": "Feature", "properties": {"_status": "changed", "osmid": 497, "highway": "primary", "maxspeed": "70", "name": "V\u00e1ci \u00fat", "oneway": false, "reversed": true, "length": 21.45210681749091, "from": "362", "to": "365", "_key": "0", "lanes": "7", "width": null, "bridge": null, "tunnel": null, "ref": "2", "access": null}, "geometry": {"type": "LineString", "coordinates": [[19.0748048, 47.55289970000002], [19.074872100000004, 47.55308720000002], [19.07506803484378, 47.55354807445141]]}}, {"id": "(362, 353, 0)", "type": "Feature", "properties": {"_status": "original", "osmid": 498, "highway": "primary", "maxspeed": "70", "name": "V\u00e1ci \u00fat", "oneway": false, "reversed": true, "length": 182.50823466938417, "from": "362", "to": "353", "_key": "0", "lanes": ["6", "7"], "width": null, "bridge": null, "tunnel": null, "ref": "2", "access": null}, "geometry": {"type": "LineString", "coordinates": [[19.0748048, 47.55289970000002], [19.0744854, 47.55205020000004], [19.074291200000008, 47.55158410000004], [19.0742349, 47.55144800000003], [19.0742238, 47.551421200000014], [19.074179400000006, 47.55131370000004]]}}, {"id": "(362, 322, 0)", "type": "Feature", "properties": {"_status": "original", "osmid": 499, "highway": "residential", "maxspeed": "50", "name": "Paduc utca", "oneway": false, "reversed": true, "length": 113.88090763272737, "from": "322", "to": "362", "_key": "0", "lanes": ["3", "2"], "width": null, "bridge": null, "tunnel": null, "ref": null, "access": null}, "geometry": {"type": "LineString", "coordinates": [[19.0733256, 47.55312740000002], [19.073481899999997, 47.5531027], [19.073906499999993, 47.553034800000056], [19.0740619, 47.55301090000005], [19.0744727, 47.552944200000056], [19.0745619, 47.5529297], [19.0748048, 47.55289970000002]]}}, {"id": "(365, 422, 0)", "type": "Feature", "properties": {"_status": "changed", "osmid": 500, "highway": "residential", "maxspeed": "30", "name": "Szeksz\u00e1rdi utca", "oneway": false, "reversed": false, "length": 202.7754397949504, "from": "365", "to": "422", "_key": "0", "lanes": null, "width": null, "bridge": null, "tunnel": null, "ref": null, "access": null}, "geometry": {"type": "LineString", "coordinates": [[19.07506803484378, 47.55354807445141], [19.075249799999998, 47.553721100000026], [19.075373900000002, 47.553693300000035], [19.075391500000006, 47.55368980000002], [19.0778379, 47.55319730000003]]}}, {"id": "(365, 322, 0)", "type": "Feature", "properties": {"_status": "changed", "osmid": 501, "highway": "residential", "maxspeed": "50", "name": null, "oneway": false, "reversed": false, "length": 205.68807251529807, "from": "322", "to": "365", "_key": "0", "lanes": null, "width": null, "bridge": null, "tunnel": null, "ref": null, "access": null}, "geometry": {"type": "LineString", "coordinates": [[19.0733256, 47.55312740000002], [19.073404900000003, 47.5533158], [19.073439900000007, 47.55339980000001], [19.073474400000002, 47.55347510000006], [19.073511899999993, 47.55354720000001], [19.073553400000005, 47.55361880000003], [19.073595800000003, 47.553683100000036], [19.073639599999996, 47.553743300000036], [19.073851799999996, 47.55399300000004], [19.073879699999996, 47.55402090000004], [19.073906700000002, 47.55403870000001], [19.0739487, 47.55404930000005], [19.073993000000005, 47.55405180000007], [19.0740298, 47.554046800000044], [19.0740654, 47.55403820000007], [19.07480459999999, 47.553761600000044], [19.074863599999997, 47.55373950000001], [19.075023099999996, 47.553679900000034], [19.07506803484378, 47.55354807445141]]}}, {"id": "(422, 415, 0)", "type": "Feature", "properties": {"_status": "original", "osmid": 504, "highway": "residential", "maxspeed": "30", "name": "Madar\u00e1sz Viktor utca", "oneway": false, "reversed": false, "length": 91.95969813261793, "from": "415", "to": "422", "_key": "0", "lanes": null, "width": null, "bridge": null, "tunnel": null, "ref": null, "access": null}, "geometry": {"type": "LineString", "coordinates": [[19.0774906, 47.55240420000001], [19.0778379, 47.55319730000003]]}}, {"id": "(422, 430, 0)", "type": "Feature", "properties": {"_status": "original", "osmid": 505, "highway": "residential", "maxspeed": "30", "name": "Madar\u00e1sz Viktor utca", "oneway": false, "reversed": true, "length": 180.9047922067447, "from": "430", "to": "422", "_key": "0", "lanes": null, "width": null, "bridge": null, "tunnel": null, "ref": null, "access": null}, "geometry": {"type": "LineString", "coordinates": [[19.0784983, 47.55476180000005], [19.0782751, 47.55422770000001], [19.078177699999998, 47.553970600000014], [19.078150199999996, 47.55390260000002], [19.07804119999999, 47.55365630000006], [19.0778379, 47.55319730000003]]}}, {"id": "(415, 468, 0)", "type": "Feature", "properties": {"_status": "original", "osmid": 790, "highway": "residential", "maxspeed": "30", "name": "Beretty\u00f3 utca", "oneway": false, "reversed": true, "length": 183.79475728790524, "from": "415", "to": "468", "_key": "0", "lanes": null, "width": null, "bridge": null, "tunnel": null, "ref": null, "access": null}, "geometry": {"type": "LineString", "coordinates": [[19.0774906, 47.55240420000001], [19.07780749999999, 47.55234530000002], [19.0782792, 47.552256100000065], [19.07836639999999, 47.5522396], [19.078546099999997, 47.5522058], [19.078607099999996, 47.552194699999994], [19.078639799999994, 47.552188800000025], [19.07985669999999, 47.55197800000002]]}}, {"id": "(415, 408, 0)", "type": "Feature", "properties": {"_status": "original", "osmid": 792, "highway": "residential", "maxspeed": "30", "name": "Madar\u00e1sz Viktor utca", "oneway": false, "reversed": false, "length": 139.21086061900127, "from": "408", "to": "415", "_key": "0", "lanes": null, "width": null, "bridge": null, "tunnel": null, "ref": null, "access": null}, "geometry": {"type": "LineString", "coordinates": [[19.076932299999996, 47.55121030000004], [19.0770337, 47.55142700000004], [19.077102099999998, 47.55157320000004], [19.0774906, 47.55240420000001]]}}, {"id": "(430, 481, 0)", "type": "Feature", "properties": {"_status": "original", "osmid": 767, "highway": "residential", "maxspeed": null, "name": "Juta utca", "oneway": false, "reversed": true, "length": 187.11721486251375, "from": "481", "to": "430", "_key": "0", "lanes": null, "width": null, "bridge": null, "tunnel": null, "ref": null, "access": null}, "geometry": {"type": "LineString", "coordinates": [[19.080898099999995, 47.55430510000003], [19.0786513, 47.55473510000006], [19.0784983, 47.55476180000005]]}}, {"id": "(430, 378, 0)", "type": "Feature", "properties": {"_status": "original", "osmid": 793, "highway": "residential", "maxspeed": null, "name": "Juta utca", "oneway": false, "reversed": false, "length": 178.58045948037363, "from": "378", "to": "430", "_key": "0", "lanes": "4", "width": null, "bridge": null, "tunnel": null, "ref": null, "access": null}, "geometry": {"type": "LineString", "coordinates": [[19.0762017, 47.55518200000005], [19.07688909999999, 47.55504700000002], [19.077514799999996, 47.55493410000001], [19.077553, 47.554927300000045], [19.077693499999988, 47.554902500000004], [19.077810600000003, 47.55488190000002], [19.0784983, 47.55476180000005]]}}, {"id": "(387, 388, 0)", "type": "Feature", "properties": {"_status": "changed", "osmid": 511, "highway": "living_street", "maxspeed": "20", "name": null, "oneway": true, "reversed": false, "length": 51.68579655815405, "from": "387", "to": "388", "_key": "0", "lanes": null, "width": null, "bridge": null, "tunnel": null, "ref": null, "access": null}, "geometry": {"type": "LineString", "coordinates": [[19.07130094537616, 47.524357467004776], [19.070712, 47.52398340000003], [19.071205699999993, 47.52365950000002]]}}, {"id": "(387, 400, 0)", "type": "Feature", "properties": {"_status": "changed", "osmid": 512, "highway": "living_street", "maxspeed": "20", "name": null, "oneway": false, "reversed": false, "length": 54.03892028240037, "from": "387", "to": "400", "_key": "0", "lanes": null, "width": null, "bridge": null, "tunnel": null, "ref": null, "access": null}, "geometry": {"type": "LineString", "coordinates": [[19.07130094537616, 47.524357467004776], [19.0713292, 47.524337100000004], [19.0716116, 47.52413230000002], [19.071819899999998, 47.523981599999985]]}}, {"id": "(387, 377, 0)", "type": "Feature", "properties": {"_status": "changed", "osmid": 513, "highway": "living_street", "maxspeed": "20", "name": null, "oneway": false, "reversed": true, "length": 38.30134752999816, "from": "377", "to": "387", "_key": "0", "lanes": null, "width": null, "bridge": null, "tunnel": null, "ref": null, "access": null}, "geometry": {"type": "LineString", "coordinates": [[19.070760200000002, 47.524747300000016], [19.071108900000002, 47.52449589999999], [19.07130094537616, 47.524357467004776]]}}, {"id": "(388, 391, 0)", "type": "Feature", "properties": {"_status": "original", "osmid": 515, "highway": "living_street", "maxspeed": "20", "name": null, "oneway": false, "reversed": true, "length": 18.915240394446464, "from": "391", "to": "388", "_key": "0", "lanes": null, "width": null, "bridge": null, "tunnel": null, "ref": null, "access": null}, "geometry": {"type": "LineString", "coordinates": [[19.07140469999999, 47.523763800000026], [19.071205699999993, 47.52365950000002]]}}, {"id": "(400, 391, 0)", "type": "Feature", "properties": {"_status": "original", "osmid": 520, "highway": "living_street", "maxspeed": "20", "name": null, "oneway": false, "reversed": false, "length": 39.477917543072394, "from": "391", "to": "400", "_key": "0", "lanes": null, "width": null, "bridge": null, "tunnel": null, "ref": null, "access": null}, "geometry": {"type": "LineString", "coordinates": [[19.07140469999999, 47.523763800000026], [19.071485599999995, 47.52380630000001], [19.071819899999998, 47.523981599999985]]}}, {"id": "(377, 368, 0)", "type": "Feature", "properties": {"_status": "original", "osmid": 516, "highway": "residential", "maxspeed": null, "name": "T\u00fcz\u00e9r utca", "oneway": false, "reversed": false, "length": 76.69937163279091, "from": "377", "to": "368", "_key": "0", "lanes": null, "width": null, "bridge": null, "tunnel": null, "ref": null, "access": null}, "geometry": {"type": "LineString", "coordinates": [[19.070760200000002, 47.524747300000016], [19.070091799999997, 47.524225700000024]]}}, {"id": "(377, 339, 0)", "type": "Feature", "properties": {"_status": "original", "osmid": 517, "highway": "residential", "maxspeed": "30", "name": "Pattanty\u00fas utca", "oneway": false, "reversed": [false, true], "length": 141.7380012416109, "from": "339", "to": "377", "_key": "0", "lanes": null, "width": null, "bridge": null, "tunnel": null, "ref": null, "access": null}, "geometry": {"type": "LineString", "coordinates": [[19.069032, 47.525805900000044], [19.0695209, 47.525505800000005], [19.069535899999998, 47.52542700000005], [19.069562, 47.525360300000024], [19.070145999999994, 47.52499770000005], [19.070257700000006, 47.524975600000005], [19.070343999999995, 47.52500610000002], [19.070760200000002, 47.524747300000016]]}}, {"id": "(368, 325, 0)", "type": "Feature", "properties": {"_status": "original", "osmid": 844, "highway": "residential", "maxspeed": "30", "name": "Cs\u00e1ng\u00f3 utca", "oneway": true, "reversed": false, "length": 166.10579775442102, "from": "368", "to": "325", "_key": "0", "lanes": null, "width": null, "bridge": null, "tunnel": null, "ref": null, "access": null}, "geometry": {"type": "LineString", "coordinates": [[19.070091799999997, 47.524225700000024], [19.068528599999997, 47.5252827]]}}, {"id": "(368, 354, 0)", "type": "Feature", "properties": {"_status": "original", "osmid": 845, "highway": "residential", "maxspeed": "30", "name": "T\u00fcz\u00e9r utca", "oneway": false, "reversed": true, "length": 91.89942738945304, "from": "368", "to": "354", "_key": "0", "lanes": null, "width": null, "bridge": null, "tunnel": null, "ref": null, "access": null}, "geometry": {"type": "LineString", "coordinates": [[19.070091799999997, 47.524225700000024], [19.069290999999993, 47.52360070000001]]}}, {"id": "(339, 325, 0)", "type": "Feature", "properties": {"_status": "original", "osmid": 570, "highway": "residential", "maxspeed": "50", "name": "Kass\u00e1k Lajos utca", "oneway": false, "reversed": true, "length": 69.37792132416644, "from": "339", "to": "325", "_key": "0", "lanes": "2", "width": null, "bridge": null, "tunnel": null, "ref": null, "access": null}, "geometry": {"type": "LineString", "coordinates": [[19.069032, 47.525805900000044], [19.068528599999997, 47.5252827]]}}, {"id": "(339, 346, 0)", "type": "Feature", "properties": {"_status": "original", "osmid": 571, "highway": "residential", "maxspeed": "50", "name": "Kass\u00e1k Lajos utca", "oneway": false, "reversed": true, "length": 72.08664835131971, "from": "346", "to": "339", "_key": "0", "lanes": "2", "width": null, "bridge": null, "tunnel": null, "ref": null, "access": null}, "geometry": {"type": "LineString", "coordinates": [[19.069463799999998, 47.52637690000004], [19.0694093, 47.52622010000001], [19.06937159999999, 47.52615890000004], [19.069032, 47.525805900000044]]}}, {"id": "(413, 392, 0)", "type": "Feature", "properties": {"_status": "changed", "osmid": 521, "highway": "residential", "maxspeed": null, "name": "Petneh\u00e1zy k\u00f6z", "oneway": false, "reversed": false, "length": 37.950865153900075, "from": "413", "to": "392", "_key": "0", "lanes": null, "width": null, "bridge": null, "tunnel": null, "ref": null, "access": null}, "geometry": {"type": "LineString", "coordinates": [[19.07415329999999, 47.534664300000074], [19.073557499999993, 47.534801700000024], [19.073463972702637, 47.53473130300676], [19.073439, 47.534581300000035], [19.0733123, 47.53429200000003], [19.0732957, 47.53425400000005]]}}, {"id": "(392, 419, 0)", "type": "Feature", "properties": {"_status": "original", "osmid": 522, "highway": "residential", "maxspeed": null, "name": "Petneh\u00e1zy utca", "oneway": true, "reversed": false, "length": 87.444109420703, "from": "392", "to": "419", "_key": "0", "lanes": "2", "width": null, "bridge": null, "tunnel": null, "ref": null, "access": null}, "geometry": {"type": "LineString", "coordinates": [[19.0732957, 47.53425400000005], [19.074218999999992, 47.534071899999994], [19.074413799999995, 47.534033600000015]]}}, {"id": "(419, 429, 0)", "type": "Feature", "properties": {"_status": "original", "osmid": 689, "highway": "tertiary", "maxspeed": null, "name": "R\u00f6ppenty\u0171 utca", "oneway": false, "reversed": false, "length": 146.13757263469088, "from": "419", "to": "429", "_key": "0", "lanes": ["3", "2"], "width": null, "bridge": null, "tunnel": null, "ref": null, "access": null}, "geometry": {"type": "LineString", "coordinates": [[19.074413799999995, 47.534033600000015], [19.074663500000003, 47.5345645], [19.074888499999993, 47.53501960000003], [19.075015300000004, 47.53528350000001]]}}, {"id": "(419, 383, 0)", "type": "Feature", "properties": {"_status": "original", "osmid": 691, "highway": "tertiary", "maxspeed": null, "name": "Pap K\u00e1roly utca", "oneway": false, "reversed": true, "length": 208.82063092010924, "from": "383", "to": "419", "_key": "0", "lanes": ["3", "2"], "width": null, "bridge": null, "tunnel": null, "ref": null, "access": null}, "geometry": {"type": "LineString", "coordinates": [[19.072553499999998, 47.53263950000004], [19.072604999999992, 47.532690999999964], [19.072651599999997, 47.53273600000002], [19.072985199999998, 47.53298030000003], [19.073046999999995, 47.53302310000001], [19.073561399999996, 47.533379800000056], [19.074413799999995, 47.534033600000015]]}}, {"id": "(355, 399, 0)", "type": "Feature", "properties": {"_status": "original", "osmid": 762, "highway": "residential", "maxspeed": null, "name": "Rozsnyay utca", "oneway": false, "reversed": true, "length": 184.4535045584994, "from": "399", "to": "355", "_key": "0", "lanes": null, "width": null, "bridge": null, "tunnel": null, "ref": null, "access": null}, "geometry": {"type": "LineString", "coordinates": [[19.074677299999998, 47.54029560000005], [19.072328900000002, 47.54078390000001]]}}, {"id": "(446, 410, 0)", "type": "Feature", "properties": {"_status": "changed", "osmid": 525, "highway": "living_street", "maxspeed": "20", "name": "Toborz\u00f3 udvar", "oneway": false, "reversed": true, "length": 38.177249117094824, "from": "446", "to": "410", "_key": "0", "lanes": null, "width": null, "bridge": null, "tunnel": null, "ref": null, "access": null}, "geometry": {"type": "LineString", "coordinates": [[19.079662100000007, 47.55714710000001], [19.07955709999999, 47.557167299999996], [19.07950419999999, 47.55717740000003], [19.078144299999998, 47.5574382], [19.078127899999988, 47.557441900000036], [19.078110500000005, 47.55744840000001], [19.078100199999998, 47.5574538], [19.0780891, 47.557462500000014], [19.0780831, 47.55747330000003], [19.078081299999994, 47.55748470000006], [19.0780817, 47.55749550000003], [19.078084700000005, 47.557506199999985], [19.078129999999998, 47.55762360000003], [19.078130800000004, 47.5576378], [19.078127899999995, 47.55765310000005], [19.0781187, 47.557667899999984], [19.078108099999994, 47.55767960000003], [19.078090900000003, 47.557691700000014], [19.0780738, 47.55769910000004], [19.0780097, 47.55771370000001], [19.0781235, 47.55798200000007], [19.078132000000004, 47.55800220000002], [19.0781496, 47.558043800000014]]}}, {"id": "(446, 449, 0)", "type": "Feature", "properties": {"_status": "original", "osmid": 526, "highway": "living_street", "maxspeed": "20", "name": "Toborz\u00f3 k\u00f6z", "oneway": false, "reversed": true, "length": 65.21070572126595, "from": "446", "to": "449", "_key": "0", "lanes": null, "width": null, "bridge": null, "tunnel": null, "ref": null, "access": null}, "geometry": {"type": "LineString", "coordinates": [[19.079662100000007, 47.55714710000001], [19.079839099999997, 47.55758810000002], [19.079861299999994, 47.55764440000004], [19.079864200000003, 47.55765160000003], [19.079888499999996, 47.55771330000005]]}}, {"id": "(446, 444, 0)", "type": "Feature", "properties": {"_status": "changed", "osmid": 527, "highway": "living_street", "maxspeed": "20", "name": "Toborz\u00f3 k\u00f6z", "oneway": false, "reversed": true, "length": 37.15377356770785, "from": "444", "to": "446", "_key": "0", "lanes": null, "width": null, "bridge": null, "tunnel": null, "ref": null, "access": null}, "geometry": {"type": "LineString", "coordinates": [[19.079478600000005, 47.55671050000006], [19.079607, 47.55703320000005], [19.079662100000007, 47.55714710000001]]}}, {"id": "(446, 470, 0)", "type": "Feature", "properties": {"_status": "changed", "osmid": 528, "highway": "living_street", "maxspeed": "20", "name": "Toborz\u00f3 utca", "oneway": true, "reversed": false, "length": 7.168533850840608, "from": "470", "to": "446", "_key": "0", "lanes": null, "width": null, "bridge": null, "tunnel": null, "ref": null, "access": null}, "geometry": {"type": "LineString", "coordinates": [[19.08085837460548, 47.556995811647674], [19.080652899999997, 47.5569569], [19.0805723, 47.556972600000044], [19.079906099999995, 47.55710030000005], [19.079753999999998, 47.55712949999999], [19.079662100000007, 47.55714710000001]]}}, {"id": "(410, 426, 0)", "type": "Feature", "properties": {"_status": "original", "osmid": 529, "highway": "residential", "maxspeed": null, "name": "\u00c1rva utca", "oneway": false, "reversed": true, "length": 56.801265201195626, "from": "410", "to": "426", "_key": "0", "lanes": null, "width": null, "bridge": null, "tunnel": null, "ref": null, "access": null}, "geometry": {"type": "LineString", "coordinates": [[19.0781496, 47.558043800000014], [19.078291200000002, 47.55801690000004], [19.078878199999995, 47.5579053]]}}, {"id": "(410, 396, 0)", "type": "Feature", "properties": {"_status": "original", "osmid": 530, "highway": "residential", "maxspeed": null, "name": "\u00c1rva utca", "oneway": false, "reversed": true, "length": 48.09148067248805, "from": "396", "to": "410", "_key": "0", "lanes": null, "width": null, "bridge": null, "tunnel": null, "ref": null, "access": null}, "geometry": {"type": "LineString", "coordinates": [[19.077711899999997, 47.558341500000054], [19.077750100000003, 47.55830050000005], [19.0778111, 47.558235000000025], [19.0778988, 47.55814500000005], [19.0779477, 47.55811470000001], [19.0780116, 47.55808640000002], [19.07808349999999, 47.55806070000004], [19.0781496, 47.558043800000014]]}}, {"id": "(449, 426, 0)", "type": "Feature", "properties": {"_status": "original", "osmid": 803, "highway": "residential", "maxspeed": null, "name": "\u00c1rva utca", "oneway": false, "reversed": false, "length": 78.76121936014067, "from": "449", "to": "426", "_key": "0", "lanes": null, "width": null, "bridge": null, "tunnel": null, "ref": null, "access": null}, "geometry": {"type": "LineString", "coordinates": [[19.079888499999996, 47.55771330000005], [19.079836699999994, 47.557723100000025], [19.079509199999997, 47.55778540000003], [19.0792436, 47.55783580000005], [19.078878199999995, 47.5579053]]}}, {"id": "(449, 455, 0)", "type": "Feature", "properties": {"_status": "original", "osmid": 539, "highway": "residential", "maxspeed": null, "name": "\u00c1rva utca", "oneway": false, "reversed": false, "length": 14.876010621142159, "from": "455", "to": "449", "_key": "0", "lanes": null, "width": null, "bridge": null, "tunnel": null, "ref": null, "access": null}, "geometry": {"type": "LineString", "coordinates": [[19.080078400000005, 47.557674899999995], [19.079888499999996, 47.55771330000005]]}}, {"id": "(444, 487, 0)", "type": "Feature", "properties": {"_status": "original", "osmid": 531, "highway": "living_street", "maxspeed": "20", "name": "G\u00e1cs utca", "oneway": false, "reversed": false, "length": 149.67637838757008, "from": "487", "to": "444", "_key": "0", "lanes": null, "width": null, "bridge": null, "tunnel": null, "ref": null, "access": null}, "geometry": {"type": "LineString", "coordinates": [[19.081405, 47.55638410000003], [19.081331599999995, 47.5563765], [19.081154299999998, 47.556389200000005], [19.081142100000005, 47.556391500000025], [19.0795695, 47.556693900000035], [19.079478600000005, 47.55671050000006]]}}, {"id": "(444, 441, 0)", "type": "Feature", "properties": {"_status": "original", "osmid": 532, "highway": "living_street", "maxspeed": "20", "name": "G\u00e1cs utca", "oneway": false, "reversed": true, "length": 16.38338262710077, "from": "441", "to": "444", "_key": "0", "lanes": null, "width": null, "bridge": null, "tunnel": null, "ref": null, "access": null}, "geometry": {"type": "LineString", "coordinates": [[19.079267899999998, 47.55674910000001], [19.079309799999997, 47.55674140000005], [19.07940419999999, 47.55672410000001], [19.079478600000005, 47.55671050000006]]}}, {"id": "(470, 455, 0)", "type": "Feature", "properties": {"_status": "changed", "osmid": 533, "highway": "residential", "maxspeed": "40", "name": "Balzsam utca", "oneway": false, "reversed": false, "length": 85.44914259785767, "from": "470", "to": "455", "_key": "0", "lanes": null, "width": null, "bridge": null, "tunnel": null, "ref": null, "access": null}, "geometry": {"type": "LineString", "coordinates": [[19.08085837460548, 47.556995811647674], [19.0807769, 47.55708540000005], [19.080375700000005, 47.55751310000006], [19.080348399999995, 47.55754020000005], [19.08031049999999, 47.55757070000004], [19.080270800000005, 47.55759750000001], [19.0802262, 47.55762140000004], [19.080178599999993, 47.557641500000045], [19.080127500000003, 47.55766010000005], [19.080103500000003, 47.55766730000004], [19.080078400000005, 47.557674899999995]]}}, {"id": "(470, 487, 0)", "type": "Feature", "properties": {"_status": "changed", "osmid": 534, "highway": "residential", "maxspeed": "40", "name": "Balzsam utca", "oneway": false, "reversed": false, "length": 70.23242666000777, "from": "487", "to": "470", "_key": "0", "lanes": null, "width": null, "bridge": null, "tunnel": null, "ref": null, "access": null}, "geometry": {"type": "LineString", "coordinates": [[19.081405, 47.55638410000003], [19.0810385, 47.55679790000001], [19.0809225, 47.55692530000004], [19.08085837460548, 47.556995811647674]]}}, {"id": "(426, 437, 0)", "type": "Feature", "properties": {"_status": "original", "osmid": 801, "highway": "living_street", "maxspeed": "20", "name": "Tilink\u00f3 k\u00f6z", "oneway": false, "reversed": true, "length": 84.41835497203479, "from": "437", "to": "426", "_key": "0", "lanes": null, "width": null, "bridge": null, "tunnel": null, "ref": null, "access": null}, "geometry": {"type": "LineString", "coordinates": [[19.07944699999999, 47.55854180000005], [19.079436699999995, 47.55853519999999], [19.0793684, 47.558490500000026], [19.079357699999996, 47.55848460000003], [19.0793161, 47.5584579], [19.0792167, 47.55839430000004], [19.079018699999992, 47.558193200000005], [19.078959, 47.55809230000003], [19.078917099999995, 47.55800010000001], [19.078907499999993, 47.55797670000002], [19.078902699999993, 47.55796500000003], [19.078878199999995, 47.5579053]]}}, {"id": "(396, 386, 0)", "type": "Feature", "properties": {"_status": "original", "osmid": 572, "highway": "residential", "maxspeed": "50", "name": "\u00c1rva utca", "oneway": false, "reversed": false, "length": 75.47132744497867, "from": "386", "to": "396", "_key": "0", "lanes": "2", "width": null, "bridge": null, "tunnel": null, "ref": null, "access": null}, "geometry": {"type": "LineString", "coordinates": [[19.0775137, 47.55998800000003], [19.0775486, 47.55996750000001], [19.07758679999999, 47.559934000000055], [19.0776173, 47.55990060000003], [19.07764059999999, 47.55986720000005], [19.0776548, 47.559833800000014], [19.077663599999994, 47.55979200000006], [19.077665099999997, 47.55975410000003], [19.077660599999994, 47.55970570000002], [19.077656, 47.55965680000006], [19.07764729999999, 47.55961470000003], [19.0776371, 47.55957210000003], [19.0776182, 47.55951589999999], [19.0775492, 47.5593539], [19.07752629999999, 47.55930119999999], [19.0775101, 47.559256200000036], [19.077500399999998, 47.55920340000005], [19.0774959, 47.559144000000025], [19.077499000000007, 47.559092100000036], [19.077506999999997, 47.55904060000002], [19.077518, 47.55897690000001], [19.077526799999998, 47.558928399999985], [19.077533400000004, 47.55888430000001], [19.077537999999997, 47.55883650000001], [19.077540499999998, 47.55878880000004], [19.077540000000003, 47.55874210000001], [19.077536900000005, 47.5586995], [19.0775303, 47.558652400000014], [19.077520100000005, 47.558586900000016], [19.077518600000005, 47.55856949999998], [19.077518100000006, 47.55854789999999], [19.077522400000007, 47.55852660000003], [19.077530000000003, 47.55850709999997], [19.0775425, 47.55848920000002], [19.07755909999999, 47.558471400000045], [19.077595299999995, 47.558439100000015], [19.077629499999986, 47.55841140000001], [19.077633399999996, 47.558407800000026], [19.077711899999997, 47.558341500000054]]}}, {"id": "(396, 394, 0)", "type": "Feature", "properties": {"_status": "original", "osmid": 573, "highway": "residential", "maxspeed": null, "name": "\u00c1rva utca", "oneway": false, "reversed": true, "length": 9.936442747078246, "from": "394", "to": "396", "_key": "0", "lanes": "2", "width": null, "bridge": null, "tunnel": null, "ref": null, "access": null}, "geometry": {"type": "LineString", "coordinates": [[19.077604, 47.5582897], [19.077711899999997, 47.558341500000054]]}}, {"id": "(455, 437, 0)", "type": "Feature", "properties": {"_status": "original", "osmid": 538, "highway": "living_street", "maxspeed": "20", "name": "Balzsam utca", "oneway": false, "reversed": false, "length": 109.83820219513254, "from": "455", "to": "437", "_key": "0", "lanes": null, "width": null, "bridge": null, "tunnel": null, "ref": null, "access": null}, "geometry": {"type": "LineString", "coordinates": [[19.080078400000005, 47.557674899999995], [19.0800834, 47.55768770000003], [19.080090899999995, 47.557707600000064], [19.08009489999999, 47.557725600000055], [19.080097000000006, 47.55774370000003], [19.080098600000003, 47.55776470000002], [19.0800961, 47.557785700000046], [19.080090500000004, 47.5578048], [19.0800846, 47.55781790000002], [19.080077999999997, 47.55782780000002], [19.0800668, 47.557845000000036], [19.079909600000004, 47.55802760000004], [19.079787200000002, 47.55816979999999], [19.07944699999999, 47.55854180000005]]}}, {"id": "(399, 390, 0)", "type": "Feature", "properties": {"_status": "original", "osmid": 911, "highway": "residential", "maxspeed": null, "name": "Teve utca", "oneway": false, "reversed": false, "length": 162.27808133233327, "from": "390", "to": "399", "_key": "0", "lanes": null, "width": null, "bridge": null, "tunnel": null, "ref": null, "access": null}, "geometry": {"type": "LineString", "coordinates": [[19.074048500000007, 47.538899300000004], [19.07408969999999, 47.538991300000035], [19.074269899999997, 47.539393100000034], [19.0746565, 47.54024960000001], [19.074677299999998, 47.54029560000005]]}}, {"id": "(447, 440, 0)", "type": "Feature", "properties": {"_status": "original", "osmid": 702, "highway": "tertiary", "maxspeed": null, "name": "R\u00f6ppenty\u0171 utca", "oneway": false, "reversed": true, "length": 191.9994516755704, "from": "447", "to": "440", "_key": "0", "lanes": ["3", "2", "4"], "width": null, "bridge": null, "tunnel": null, "ref": null, "access": null}, "geometry": {"type": "LineString", "coordinates": [[19.0764334, 47.53842070000003], [19.076195800000004, 47.53791050000002], [19.076121099999998, 47.53774860000002], [19.0759071, 47.53728460000001], [19.075678299999993, 47.536771000000044]]}}, {"id": "(447, 390, 0)", "type": "Feature", "properties": {"_status": "original", "osmid": 709, "highway": "residential", "maxspeed": null, "name": "Forg\u00e1ch utca", "oneway": false, "reversed": false, "length": 186.76965144244767, "from": "447", "to": "390", "_key": "0", "lanes": null, "width": null, "bridge": null, "tunnel": null, "ref": null, "access": null}, "geometry": {"type": "LineString", "coordinates": [[19.0764334, 47.53842070000003], [19.0762788, 47.538451699999996], [19.076128599999993, 47.538481900000015], [19.075373799999994, 47.53863330000004], [19.0751995, 47.53866830000003], [19.0746706, 47.538774500000024], [19.074048500000007, 47.538899300000004]]}}, {"id": "(447, 498, 0)", "type": "Feature", "properties": {"_status": "original", "osmid": 710, "highway": "residential", "maxspeed": null, "name": "Forg\u00e1ch utca", "oneway": true, "reversed": false, "length": 207.58412210130905, "from": "498", "to": "447", "_key": "0", "lanes": null, "width": null, "bridge": null, "tunnel": null, "ref": null, "access": null}, "geometry": {"type": "LineString", "coordinates": [[19.079081399999993, 47.53788290000001], [19.079034400000005, 47.537892500000055], [19.0766116, 47.538387000000014], [19.076546999999998, 47.538400200000034], [19.0764334, 47.53842070000003]]}}, {"id": "(511, 503, 0)", "type": "Feature", "properties": {"_status": "original", "osmid": 925, "highway": "residential", "maxspeed": null, "name": "Hajd\u00fa utca", "oneway": false, "reversed": true, "length": 162.36034322255284, "from": "511", "to": "503", "_key": "0", "lanes": null, "width": null, "bridge": null, "tunnel": null, "ref": null, "access": null}, "geometry": {"type": "LineString", "coordinates": [[19.0800162, 47.53921560000003], [19.079641699999993, 47.53839540000006], [19.079359899999993, 47.53782440000003]]}}, {"id": "(511, 518, 0)", "type": "Feature", "properties": {"_status": "original", "osmid": 926, "highway": "pedestrian", "maxspeed": null, "name": "Hajd\u00fa utca", "oneway": false, "reversed": true, "length": 110.32098981606548, "from": "518", "to": "511", "_key": "0", "lanes": null, "width": null, "bridge": null, "tunnel": null, "ref": null, "access": null}, "geometry": {"type": "LineString", "coordinates": [[19.080505599999988, 47.54015080000005], [19.080435699999995, 47.53999540000005], [19.08042419999999, 47.539967000000026], [19.0800487, 47.53927540000006], [19.0800162, 47.53921560000003]]}}, {"id": "(437, 432, 0)", "type": "Feature", "properties": {"_status": "original", "osmid": 802, "highway": "living_street", "maxspeed": "20", "name": "Balzsam utca", "oneway": false, "reversed": true, "length": 28.548944396591068, "from": "432", "to": "437", "_key": "0", "lanes": null, "width": null, "bridge": null, "tunnel": null, "ref": null, "access": null}, "geometry": {"type": "LineString", "coordinates": [[19.079244600000003, 47.558759200000026], [19.079317899999996, 47.5586805], [19.079390599999996, 47.5586026], [19.07944699999999, 47.55854180000005]]}}, {"id": "(688, 686, 0)", "type": "Feature", "properties": {"_status": "original", "osmid": 542, "highway": "residential", "maxspeed": null, "name": "Tatai utca", "oneway": false, "reversed": true, "length": 172.90463096129784, "from": "688", "to": "686", "_key": "0", "lanes": null, "width": null, "bridge": null, "tunnel": null, "ref": null, "access": null}, "geometry": {"type": "LineString", "coordinates": [[19.091197199999996, 47.53492920000001], [19.090368799999997, 47.53347830000001]]}}, {"id": "(686, 681, 0)", "type": "Feature", "properties": {"_status": "original", "osmid": 1090, "highway": "residential", "maxspeed": null, "name": "Tatai utca", "oneway": false, "reversed": true, "length": 175.83251401411823, "from": "686", "to": "681", "_key": "0", "lanes": null, "width": null, "bridge": null, "tunnel": null, "ref": null, "access": null}, "geometry": {"type": "LineString", "coordinates": [[19.090368799999997, 47.53347830000001], [19.089545899999994, 47.53203590000003], [19.089526900000003, 47.53200270000007]]}}, {"id": "(114, 65, 0)", "type": "Feature", "properties": {"_status": "original", "osmid": 546, "highway": "secondary", "maxspeed": "50", "name": ["Szent Istv\u00e1n k\u00f6r\u00fat", "Nyugati t\u00e9r"], "oneway": true, "reversed": false, "length": 196.05703420014578, "from": "114", "to": "65", "_key": "0", "lanes": ["3", "2"], "width": null, "bridge": null, "tunnel": null, "ref": null, "access": null}, "geometry": {"type": "LineString", "coordinates": [[19.056140299999996, 47.51127710000001], [19.055989299999997, 47.51108630000007], [19.055831399999995, 47.51088680000005], [19.055774699999994, 47.51080370000004], [19.055706899999997, 47.51070430000003], [19.055697799999997, 47.51069100000001], [19.055662199999997, 47.51063880000003], [19.055629599999996, 47.51059100000003], [19.055515100000004, 47.51062630000001], [19.055459199999998, 47.5106435], [19.055258799999994, 47.51070230000002], [19.055129000000004, 47.510746299999994], [19.055077499999992, 47.5107638], [19.0542948, 47.51102940000003], [19.054073099999993, 47.51110740000002], [19.0535036, 47.51129940000001], [19.05343360000001, 47.511324400000014], [19.053291899999994, 47.51137480000003]]}}, {"id": "(114, 88, 0)", "type": "Feature", "properties": {"_status": "original", "osmid": 547, "highway": "residential", "maxspeed": "30", "name": "K\u00e1d\u00e1r utca", "oneway": true, "reversed": false, "length": 105.44464044727088, "from": "114", "to": "88", "_key": "0", "lanes": null, "width": null, "bridge": null, "tunnel": null, "ref": null, "access": null}, "geometry": {"type": "LineString", "coordinates": [[19.056140299999996, 47.51127710000001], [19.056078100000004, 47.51129780000003], [19.055962899999997, 47.511336200000024], [19.054881199999997, 47.511696600000015]]}}, {"id": "(114, 127, 0)", "type": "Feature", "properties": {"_status": "original", "osmid": 548, "highway": "secondary", "maxspeed": "50", "name": "V\u00e1ci \u00fat", "oneway": true, "reversed": false, "length": 120.2737858949385, "from": "127", "to": "114", "_key": "0", "lanes": "1", "width": null, "bridge": null, "tunnel": null, "ref": null, "access": null}, "geometry": {"type": "LineString", "coordinates": [[19.05689109999999, 47.51223250000004], [19.056140299999996, 47.51127710000001]]}}, {"id": "(65, 47, 0)", "type": "Feature", "properties": {"_status": "original", "osmid": 549, "highway": "secondary", "maxspeed": "50", "name": "Szent Istv\u00e1n k\u00f6r\u00fat", "oneway": true, "reversed": false, "length": 106.75232079500756, "from": "65", "to": "47", "_key": "0", "lanes": "3", "width": null, "bridge": null, "tunnel": null, "ref": null, "access": null}, "geometry": {"type": "LineString", "coordinates": [[19.053291899999994, 47.51137480000003], [19.0531535, 47.51142410000007], [19.052461299999997, 47.51167080000004], [19.052232800000002, 47.51175090000003], [19.052180999999997, 47.51176950000002], [19.0520348, 47.511822800000054]]}}, {"id": "(65, 70, 0)", "type": "Feature", "properties": {"_status": "original", "osmid": 550, "highway": "residential", "maxspeed": "30", "name": "Visegr\u00e1di utca", "oneway": true, "reversed": false, "length": 84.92900702372869, "from": "70", "to": "65", "_key": "0", "lanes": "1", "width": null, "bridge": null, "tunnel": null, "ref": null, "access": null}, "geometry": {"type": "LineString", "coordinates": [[19.053766599999996, 47.51206800000004], [19.0533738, 47.51149940000004], [19.053340700000003, 47.51145020000001], [19.053291899999994, 47.51137480000003]]}}, {"id": "(88, 94, 0)", "type": "Feature", "properties": {"_status": "original", "osmid": 1041, "highway": "residential", "maxspeed": "30", "name": "Kresz G\u00e9za utca", "oneway": true, "reversed": false, "length": 107.87583114903384, "from": "88", "to": "94", "_key": "0", "lanes": null, "width": null, "bridge": null, "tunnel": null, "ref": null, "access": null}, "geometry": {"type": "LineString", "coordinates": [[19.054881199999997, 47.511696600000015], [19.0549554, 47.51180280000003], [19.055248500000005, 47.51222190000002], [19.055494699999993, 47.51257379999999]]}}, {"id": "(88, 77, 0)", "type": "Feature", "properties": {"_status": "original", "osmid": 1039, "highway": "residential", "maxspeed": "30", "name": "K\u00e1d\u00e1r utca", "oneway": true, "reversed": false, "length": 57.605444144087386, "from": "77", "to": "88", "_key": "0", "lanes": null, "width": null, "bridge": null, "tunnel": null, "ref": null, "access": null}, "geometry": {"type": "LineString", "coordinates": [[19.054193499999997, 47.511926000000045], [19.054881199999997, 47.511696600000015]]}}, {"id": "(127, 153, 0)", "type": "Feature", "properties": {"_status": "original", "osmid": 551, "highway": "secondary", "maxspeed": "50", "name": "V\u00e1ci \u00fat", "oneway": false, "reversed": false, "length": 140.0321699553911, "from": "127", "to": "153", "_key": "0", "lanes": ["5", "4"], "width": null, "bridge": null, "tunnel": null, "ref": null, "access": null}, "geometry": {"type": "LineString", "coordinates": [[19.05689109999999, 47.51223250000004], [19.056969699999993, 47.512283200000006], [19.0571672, 47.512418900000036], [19.0572899, 47.51258150000006], [19.057846399999995, 47.51331890000004], [19.05801389999999, 47.513540900000024]]}}, {"id": "(127, 94, 0)", "type": "Feature", "properties": {"_status": "original", "osmid": 552, "highway": "residential", "maxspeed": "30", "name": "Katona J\u00f3zsef utca", "oneway": true, "reversed": false, "length": 116.11684514424857, "from": "127", "to": "94", "_key": "0", "lanes": "1", "width": null, "bridge": null, "tunnel": null, "ref": null, "access": null}, "geometry": {"type": "LineString", "coordinates": [[19.05689109999999, 47.51223250000004], [19.05685030000001, 47.51221440000003], [19.056760699999995, 47.51218789999999], [19.056705899999997, 47.51218710000001], [19.056660199999992, 47.512186500000006], [19.056594399999994, 47.51220840000002], [19.056300299999997, 47.51230610000001], [19.055494699999993, 47.51257379999999]]}}, {"id": "(47, 27, 0)", "type": "Feature", "properties": {"_status": "original", "osmid": 933, "highway": "secondary", "maxspeed": "50", "name": "Szent Istv\u00e1n k\u00f6r\u00fat", "oneway": true, "reversed": false, "length": 105.75708173560031, "from": "47", "to": "27", "_key": "0", "lanes": "3", "width": null, "bridge": null, "tunnel": null, "ref": null, "access": null}, "geometry": {"type": "LineString", "coordinates": [[19.0520348, 47.511822800000054], [19.051417300000004, 47.51204040000002], [19.050894799999995, 47.51222660000003], [19.0507879, 47.512264700000024]]}}, {"id": "(47, 50, 0)", "type": "Feature", "properties": {"_status": "original", "osmid": 934, "highway": "residential", "maxspeed": "30", "name": "Heged\u0171s Gyula utca", "oneway": true, "reversed": false, "length": 92.58651282326555, "from": "47", "to": "50", "_key": "0", "lanes": ["1", "2"], "width": null, "bridge": null, "tunnel": null, "ref": null, "access": null}, "geometry": {"type": "LineString", "coordinates": [[19.0520348, 47.511822800000054], [19.052088599999998, 47.51188840000002], [19.052277400000012, 47.51213830000003], [19.052592499999996, 47.5125653]]}}, {"id": "(70, 77, 0)", "type": "Feature", "properties": {"_status": "original", "osmid": 1037, "highway": "residential", "maxspeed": "30", "name": "K\u00e1d\u00e1r utca", "oneway": true, "reversed": false, "length": 35.73949117628391, "from": "70", "to": "77", "_key": "0", "lanes": null, "width": null, "bridge": null, "tunnel": null, "ref": null, "access": null}, "geometry": {"type": "LineString", "coordinates": [[19.053766599999996, 47.51206800000004], [19.054193499999997, 47.511926000000045]]}}, {"id": "(70, 78, 0)", "type": "Feature", "properties": {"_status": "original", "osmid": 951, "highway": "residential", "maxspeed": "30", "name": "Visegr\u00e1di utca", "oneway": true, "reversed": false, "length": 107.78008854700644, "from": "78", "to": "70", "_key": "0", "lanes": null, "width": null, "bridge": null, "tunnel": null, "ref": null, "access": null}, "geometry": {"type": "LineString", "coordinates": [[19.054378999999997, 47.51294460000005], [19.053766599999996, 47.51206800000004]]}}, {"id": "(153, 112, 0)", "type": "Feature", "properties": {"_status": "original", "osmid": 554, "highway": "residential", "maxspeed": "30", "name": "Radn\u00f3ti Mikl\u00f3s utca", "oneway": true, "reversed": false, "length": 125.15793992471369, "from": "112", "to": "153", "_key": "0", "lanes": null, "width": null, "bridge": null, "tunnel": null, "ref": null, "access": null}, "geometry": {"type": "LineString", "coordinates": [[19.056514900000003, 47.51403270000004], [19.057129199999995, 47.51383120000003], [19.057638100000002, 47.51366420000002], [19.0578394, 47.51359820000001], [19.05801389999999, 47.513540900000024]]}}, {"id": "(94, 112, 0)", "type": "Feature", "properties": {"_status": "original", "osmid": 589, "highway": "residential", "maxspeed": "30", "name": "Kresz G\u00e9za utca", "oneway": true, "reversed": false, "length": 179.40686209318028, "from": "94", "to": "112", "_key": "0", "lanes": null, "width": null, "bridge": null, "tunnel": null, "ref": null, "access": null}, "geometry": {"type": "LineString", "coordinates": [[19.055494699999993, 47.51257379999999], [19.05575069999999, 47.51294000000002], [19.055846700000007, 47.513077200000005], [19.055873499999997, 47.51311559999999], [19.056514900000003, 47.51403270000004]]}}, {"id": "(94, 85, 0)", "type": "Feature", "properties": {"_status": "original", "osmid": 1042, "highway": "residential", "maxspeed": "30", "name": "Katona J\u00f3zsef utca", "oneway": true, "reversed": false, "length": 57.213575798200054, "from": "94", "to": "85", "_key": "0", "lanes": null, "width": null, "bridge": null, "tunnel": null, "ref": null, "access": null}, "geometry": {"type": "LineString", "coordinates": [[19.055494699999993, 47.51257379999999], [19.054811200000003, 47.51280100000003]]}}, {"id": "(112, 122, 0)", "type": "Feature", "properties": {"_status": "original", "osmid": 588, "highway": "residential", "maxspeed": "30", "name": "Kresz G\u00e9za utca", "oneway": true, "reversed": false, "length": 132.34953719947956, "from": "112", "to": "122", "_key": "0", "lanes": null, "width": null, "bridge": null, "tunnel": null, "ref": null, "access": null}, "geometry": {"type": "LineString", "coordinates": [[19.056514900000003, 47.51403270000004], [19.0572569, 47.515112300000055]]}}, {"id": "(112, 89, 0)", "type": "Feature", "properties": {"_status": "original", "osmid": 590, "highway": "residential", "maxspeed": "30", "name": "Radn\u00f3ti Mikl\u00f3s utca", "oneway": true, "reversed": false, "length": 93.25227972723053, "from": "89", "to": "112", "_key": "0", "lanes": null, "width": null, "bridge": null, "tunnel": null, "ref": null, "access": null}, "geometry": {"type": "LineString", "coordinates": [[19.055397999999997, 47.51439909999999], [19.056514900000003, 47.51403270000004]]}}, {"id": "(122, 97, 0)", "type": "Feature", "properties": {"_status": "original", "osmid": 591, "highway": "residential", "maxspeed": "30", "name": "Balzac utca", "oneway": true, "reversed": false, "length": 92.26584856134896, "from": "122", "to": "97", "_key": "0", "lanes": null, "width": null, "bridge": null, "tunnel": null, "ref": null, "access": null}, "geometry": {"type": "LineString", "coordinates": [[19.0572569, 47.515112300000055], [19.056146100000003, 47.515466800000034]]}}, {"id": "(240, 232, 0)", "type": "Feature", "properties": {"_status": "original", "osmid": 557, "highway": "secondary", "maxspeed": "50", "name": "V\u00e1ci \u00fat", "oneway": false, "reversed": true, "length": 140.908755033214, "from": "240", "to": "232", "_key": "0", "lanes": ["6", "7"], "width": null, "bridge": null, "tunnel": null, "ref": null, "access": null}, "geometry": {"type": "LineString", "coordinates": [[19.065010799999992, 47.52859390000003], [19.064942300000002, 47.52843450000006], [19.064491799999995, 47.527376100000005]]}}, {"id": "(232, 227, 0)", "type": "Feature", "properties": {"_status": "original", "osmid": 733, "highway": "secondary", "maxspeed": "50", "name": "V\u00e1ci \u00fat", "oneway": false, "reversed": true, "length": 131.22037097685205, "from": "232", "to": "227", "_key": "0", "lanes": "6", "width": null, "bridge": null, "tunnel": null, "ref": null, "access": null}, "geometry": {"type": "LineString", "coordinates": [[19.064491799999995, 47.527376100000005], [19.0640985, 47.526439400000044], [19.0640772, 47.526388600000026], [19.064061999999996, 47.526352400000015], [19.06401539999999, 47.52624070000004]]}}, {"id": "(232, 271, 0)", "type": "Feature", "properties": {"_status": "original", "osmid": 750, "highway": "residential", "maxspeed": "30", "name": "Klapka utca", "oneway": false, "reversed": false, "length": 139.05085516633412, "from": "271", "to": "232", "_key": "0", "lanes": null, "width": null, "bridge": null, "tunnel": null, "ref": null, "access": null}, "geometry": {"type": "LineString", "coordinates": [[19.066265699999995, 47.52701690000002], [19.065676199999988, 47.527136600000006], [19.065643600000005, 47.52714319999999], [19.0647007, 47.52733470000004], [19.0646349, 47.52734810000006], [19.064561199999996, 47.527362500000024], [19.064491799999995, 47.527376100000005]]}}, {"id": "(185, 227, 0)", "type": "Feature", "properties": {"_status": "original", "osmid": 734, "highway": "residential", "maxspeed": "30", "name": "R\u00e9v\u00e9sz utca", "oneway": false, "reversed": true, "length": 153.8768546091005, "from": "185", "to": "227", "_key": "0", "lanes": "2", "width": null, "bridge": null, "tunnel": null, "ref": null, "access": null}, "geometry": {"type": "LineString", "coordinates": [[19.062071599999992, 47.526678700000026], [19.062145499999996, 47.526661700000005], [19.063153899999996, 47.52643210000003], [19.063559400000003, 47.526338800000026], [19.063696399999994, 47.526307600000045], [19.0637726, 47.52629020000002], [19.063835400000002, 47.526275300000044], [19.06401539999999, 47.52624070000004]]}}, {"id": "(185, 182, 0)", "type": "Feature", "properties": {"_status": "original", "osmid": 736, "highway": "residential", "maxspeed": "30", "name": "Visegr\u00e1di utca", "oneway": false, "reversed": false, "length": 97.7018223377942, "from": "182", "to": "185", "_key": "0", "lanes": "3", "width": null, "bridge": null, "tunnel": null, "ref": null, "access": null}, "geometry": {"type": "LineString", "coordinates": [[19.061704199999998, 47.52583580000003], [19.062054399999994, 47.526640300000025], [19.062071599999992, 47.526678700000026]]}}, {"id": "(236, 248, 0)", "type": "Feature", "properties": {"_status": "original", "osmid": 561, "highway": "residential", "maxspeed": "50", "name": "Cserhalom utca", "oneway": false, "reversed": false, "length": 120.71776251899433, "from": "236", "to": "248", "_key": "0", "lanes": null, "width": null, "bridge": null, "tunnel": null, "ref": null, "access": null}, "geometry": {"type": "LineString", "coordinates": [[19.067371299999994, 47.54256640000001], [19.067654599999994, 47.54320510000002], [19.0678505, 47.543680200000026], [19.068290099999995, 47.5445444], [19.0683626, 47.54470920000004]]}}, {"id": "(236, 108, 0)", "type": "Feature", "properties": {"_status": "original", "osmid": 563, "highway": "living_street", "maxspeed": null, "name": "Haj\u00f3\u00e9p\u00edt\u0151 s\u00e9t\u00e1ny", "oneway": false, "reversed": false, "length": 467.45373516120696, "from": "108", "to": "236", "_key": "0", "lanes": null, "width": null, "bridge": null, "tunnel": null, "ref": null, "access": null}, "geometry": {"type": "LineString", "coordinates": [[19.061479700000003, 47.54254320000001], [19.0614243, 47.542416500000016], [19.0614473, 47.542354700000054], [19.062026999999997, 47.54238000000005], [19.063197199999998, 47.542412300000024], [19.064042, 47.54244150000002], [19.0647636, 47.54247510000004], [19.067185399999996, 47.542588000000045], [19.067290800000002, 47.542575300000046], [19.067371299999994, 47.54256640000001]]}}, {"id": "(248, 230, 0)", "type": "Feature", "properties": {"_status": "original", "osmid": 565, "highway": "residential", "maxspeed": null, "name": "Csele utca", "oneway": false, "reversed": false, "length": 66.7465709193338, "from": "230", "to": "248", "_key": "0", "lanes": null, "width": null, "bridge": null, "tunnel": null, "ref": null, "access": null}, "geometry": {"type": "LineString", "coordinates": [[19.06751329999999, 47.5448853], [19.068217599999993, 47.54474940000004], [19.0683626, 47.54470920000004]]}}, {"id": "(230, 212, 0)", "type": "Feature", "properties": {"_status": "original", "osmid": 900, "highway": "pedestrian", "maxspeed": null, "name": "Dokk utca", "oneway": false, "reversed": true, "length": 136.43087587577628, "from": "212", "to": "230", "_key": "0", "lanes": null, "width": null, "bridge": null, "tunnel": null, "ref": null, "access": null}, "geometry": {"type": "LineString", "coordinates": [[19.066778400000004, 47.54597769999999], [19.0669682, 47.545854300000016], [19.067043800000004, 47.5457797], [19.06715, 47.54565690000002], [19.067302899999998, 47.54546680000001], [19.067383299999985, 47.54531550000003], [19.067472899999988, 47.54506450000004], [19.06751329999999, 47.5448853]]}}, {"id": "(230, 213, 0)", "type": "Feature", "properties": {"_status": "original", "osmid": 907, "highway": "residential", "maxspeed": null, "name": "Csele utca", "oneway": false, "reversed": false, "length": 67.58401993839655, "from": "213", "to": "230", "_key": "0", "lanes": null, "width": null, "bridge": null, "tunnel": null, "ref": null, "access": null}, "geometry": {"type": "LineString", "coordinates": [[19.066614799999993, 47.544845599999995], [19.06751329999999, 47.5448853]]}}, {"id": "(299, 266, 0)", "type": "Feature", "properties": {"_status": "original", "osmid": 566, "highway": "primary", "maxspeed": "50", "name": "R\u00f3bert K\u00e1roly k\u00f6r\u00fat", "oneway": true, "reversed": false, "length": 68.39069446515711, "from": "299", "to": "266", "_key": "0", "lanes": "1", "width": null, "bridge": null, "tunnel": null, "ref": "2", "access": null}, "geometry": {"type": "LineString", "coordinates": [[19.068622500000004, 47.5315571], [19.068528899999997, 47.5316195], [19.068277499999997, 47.53178160000001], [19.0680618, 47.53192940000006], [19.067929, 47.53201720000001], [19.067769399999996, 47.532119500000064], [19.067537400000003, 47.53226710000002], [19.0674073, 47.53235400000003], [19.06721019999999, 47.532567700000044], [19.067156499999992, 47.53265370000005], [19.067117399999994, 47.53273550000003], [19.067087700000005, 47.53280930000001], [19.067056799999985, 47.53291480000005]]}}, {"id": "(299, 338, 0)", "type": "Feature", "properties": {"_status": "original", "osmid": 567, "highway": "primary", "maxspeed": ["50", "70"], "name": "R\u00f3bert K\u00e1roly k\u00f6r\u00fat", "oneway": true, "reversed": false, "length": 131.2889252005842, "from": "338", "to": "299", "_key": "0", "lanes": "4", "width": null, "bridge": null, "tunnel": null, "ref": null, "access": null}, "geometry": {"type": "LineString", "coordinates": [[19.069898399999992, 47.53074970000002], [19.0692739, 47.53114060000004], [19.06881269999999, 47.53143550000002], [19.068622500000004, 47.5315571]]}}, {"id": "(299, 337, 0)", "type": "Feature", "properties": {"_status": "original", "osmid": 568, "highway": "residential", "maxspeed": null, "name": "Teve utca", "oneway": false, "reversed": true, "length": 173.31222419759771, "from": "337", "to": "299", "_key": "0", "lanes": "3", "width": null, "bridge": null, "tunnel": null, "ref": null, "access": null}, "geometry": {"type": "LineString", "coordinates": [[19.070235499999992, 47.53267170000001], [19.0695791, 47.53222800000007], [19.069131299999995, 47.53192310000003], [19.068775299999995, 47.531675100000044], [19.068738400000004, 47.53164740000003], [19.068720199999994, 47.53163250000002], [19.068622500000004, 47.5315571]]}}, {"id": "(338, 369, 0)", "type": "Feature", "properties": {"_status": "original", "osmid": 920, "highway": "tertiary", "maxspeed": "50", "name": "Pap K\u00e1roly utca", "oneway": false, "reversed": false, "length": 173.18295436252558, "from": "369", "to": "338", "_key": "0", "lanes": ["2", "4"], "width": null, "bridge": null, "tunnel": null, "ref": null, "access": null}, "geometry": {"type": "LineString", "coordinates": [[19.071467899999995, 47.53189100000003], [19.0708305, 47.53142470000004], [19.0705949, 47.53125270000002], [19.0700919, 47.530893199999994], [19.070050499999994, 47.530864300000054], [19.069898399999992, 47.53074970000002]]}}, {"id": "(337, 364, 0)", "type": "Feature", "properties": {"_status": "original", "osmid": 915, "highway": "residential", "maxspeed": null, "name": "Teve utca", "oneway": false, "reversed": false, "length": 125.4127094558896, "from": "337", "to": "364", "_key": "0", "lanes": null, "width": null, "bridge": null, "tunnel": null, "ref": null, "access": null}, "geometry": {"type": "LineString", "coordinates": [[19.070235499999992, 47.53267170000001], [19.070955599999994, 47.53316000000002], [19.071050400000004, 47.53322780000005], [19.07127689999999, 47.53338990000001], [19.071401699999992, 47.53347910000001]]}}, {"id": "(337, 369, 0)", "type": "Feature", "properties": {"_status": "original", "osmid": 922, "highway": "residential", "maxspeed": null, "name": "Csongor utca", "oneway": true, "reversed": false, "length": 126.87249200798294, "from": "337", "to": "369", "_key": "0", "lanes": null, "width": null, "bridge": null, "tunnel": null, "ref": null, "access": null}, "geometry": {"type": "LineString", "coordinates": [[19.070235499999992, 47.53267170000001], [19.071399900000003, 47.531934100000015], [19.071467899999995, 47.53189100000003]]}}, {"id": "(325, 304, 0)", "type": "Feature", "properties": {"_status": "original", "osmid": 841, "highway": "residential", "maxspeed": "30", "name": "Cs\u00e1ng\u00f3 utca", "oneway": true, "reversed": false, "length": 59.69477714976787, "from": "325", "to": "304", "_key": "0", "lanes": null, "width": null, "bridge": null, "tunnel": null, "ref": null, "access": null}, "geometry": {"type": "LineString", "coordinates": [[19.068528599999997, 47.5252827], [19.068395199999994, 47.525345400000056], [19.067794699999993, 47.52547950000002]]}}, {"id": "(325, 309, 0)", "type": "Feature", "properties": {"_status": "original", "osmid": 843, "highway": "residential", "maxspeed": "50", "name": "Kass\u00e1k Lajos utca", "oneway": false, "reversed": true, "length": 96.02008829394214, "from": "325", "to": "309", "_key": "0", "lanes": "2", "width": null, "bridge": null, "tunnel": null, "ref": null, "access": null}, "geometry": {"type": "LineString", "coordinates": [[19.068528599999997, 47.5252827], [19.068479199999995, 47.5252274], [19.067931999999995, 47.52461600000003], [19.0678673, 47.52454360000002]]}}, {"id": "(346, 315, 0)", "type": "Feature", "properties": {"_status": "original", "osmid": 760, "highway": "residential", "maxspeed": "30", "name": "Klapka utca", "oneway": false, "reversed": false, "length": 89.35664976867166, "from": "346", "to": "315", "_key": "0", "lanes": null, "width": null, "bridge": null, "tunnel": null, "ref": null, "access": null}, "geometry": {"type": "LineString", "coordinates": [[19.069463799999998, 47.52637690000004], [19.069343100000008, 47.52640050000007], [19.0683208, 47.526600700000046]]}}, {"id": "(406, 414, 0)", "type": "Feature", "properties": {"_status": "original", "osmid": 574, "highway": "residential", "maxspeed": null, "name": "R\u00f6ppenty\u0171 utca", "oneway": false, "reversed": true, "length": 40.43452932155273, "from": "406", "to": "414", "_key": "0", "lanes": null, "width": null, "bridge": null, "tunnel": null, "ref": null, "access": null}, "geometry": {"type": "LineString", "coordinates": [[19.073511999999997, 47.531941500000045], [19.073524199999994, 47.53198690000004], [19.073534499999994, 47.53202510000005], [19.073541400000007, 47.5320509], [19.073553599999993, 47.53207540000003], [19.0736605, 47.53229020000004], [19.0737406, 47.53246880000003], [19.073768299999998, 47.53253040000003], [19.073868500000003, 47.532753700000065], [19.073869399999996, 47.532755700000024]]}}, {"id": "(406, 383, 0)", "type": "Feature", "properties": {"_status": "original", "osmid": 575, "highway": "tertiary", "maxspeed": null, "name": "G\u00f6mb utca", "oneway": false, "reversed": true, "length": 105.84074950375651, "from": "406", "to": "383", "_key": "0", "lanes": "2", "width": null, "bridge": null, "tunnel": null, "ref": null, "access": null}, "geometry": {"type": "LineString", "coordinates": [[19.073511999999997, 47.531941500000045], [19.0726719, 47.53255330000002], [19.0726511, 47.53256840000001], [19.072553499999998, 47.53263950000004]]}}, {"id": "(406, 434, 0)", "type": "Feature", "properties": {"_status": "original", "osmid": 576, "highway": "tertiary", "maxspeed": "50", "name": ["G\u00f6mb utca", "Szegedi \u00fat"], "oneway": false, "reversed": false, "length": 104.52118957704111, "from": "406", "to": "434", "_key": "0", "lanes": "2", "width": null, "bridge": null, "tunnel": null, "ref": null, "access": null}, "geometry": {"type": "LineString", "coordinates": [[19.073511999999997, 47.531941500000045], [19.074372200000003, 47.53131520000003], [19.074455899999993, 47.531250599999986]]}}, {"id": "(414, 423, 0)", "type": "Feature", "properties": {"_status": "original", "osmid": 578, "highway": "residential", "maxspeed": null, "name": "R\u00f6ppenty\u0171 utca", "oneway": true, "reversed": false, "length": 132.44096956209313, "from": "414", "to": "423", "_key": "0", "lanes": null, "width": null, "bridge": null, "tunnel": null, "ref": null, "access": null}, "geometry": {"type": "LineString", "coordinates": [[19.073869399999996, 47.532755700000024], [19.0739783, 47.53300430000002], [19.074023899999993, 47.533108600000034], [19.074067000000003, 47.53320690000003], [19.074247599999996, 47.53361940000007], [19.074395999999993, 47.53383870000003], [19.074454299999992, 47.533868400000046]]}}, {"id": "(383, 369, 0)", "type": "Feature", "properties": {"_status": "original", "osmid": 703, "highway": "tertiary", "maxspeed": "50", "name": "Pap K\u00e1roly utca", "oneway": false, "reversed": false, "length": 116.48963351906669, "from": "383", "to": "369", "_key": "0", "lanes": "2", "width": null, "bridge": null, "tunnel": null, "ref": null, "access": null}, "geometry": {"type": "LineString", "coordinates": [[19.072553499999998, 47.53263950000004], [19.072119399999995, 47.532340200000014], [19.072031900000002, 47.532279900000034], [19.071526199999997, 47.53193120000002], [19.071467899999995, 47.53189100000003]]}}, {"id": "(383, 364, 0)", "type": "Feature", "properties": {"_status": "original", "osmid": 704, "highway": "residential", "maxspeed": null, "name": "G\u00f6mb utca", "oneway": true, "reversed": false, "length": 127.25546966519404, "from": "383", "to": "364", "_key": "0", "lanes": null, "width": null, "bridge": null, "tunnel": null, "ref": null, "access": null}, "geometry": {"type": "LineString", "coordinates": [[19.072553499999998, 47.53263950000004], [19.072446599999985, 47.53271640000005], [19.071990699999994, 47.533044400000016], [19.071942299999996, 47.53308040000003], [19.071431299999997, 47.533457500000004], [19.071401699999992, 47.53347910000001]]}}, {"id": "(434, 465, 0)", "type": "Feature", "properties": {"_status": "original", "osmid": 1005, "highway": "tertiary", "maxspeed": "50", "name": "Szegedi \u00fat", "oneway": false, "reversed": false, "length": 121.94806897712698, "from": "434", "to": "465", "_key": "0", "lanes": "2", "width": null, "bridge": null, "tunnel": null, "ref": null, "access": null}, "geometry": {"type": "LineString", "coordinates": [[19.074455899999993, 47.531250599999986], [19.0746068, 47.53121650000003], [19.075843399999993, 47.5309476], [19.076002099999993, 47.530914700000004]]}}, {"id": "(667, 673, 0)", "type": "Feature", "properties": {"_status": "original", "osmid": 582, "highway": "residential", "maxspeed": null, "name": "D\u00e9v\u00e9nyi utca", "oneway": false, "reversed": false, "length": 93.75273463201593, "from": "667", "to": "673", "_key": "0", "lanes": "3", "width": "6", "bridge": null, "tunnel": null, "ref": null, "access": null}, "geometry": {"type": "LineString", "coordinates": [[19.08732859999999, 47.52615280000002], [19.0875252, 47.52603440000002], [19.087824599999994, 47.525853299999994], [19.08863, 47.52536620000004], [19.088543999999995, 47.5253151], [19.0885251, 47.525303900000054], [19.08848559999999, 47.52528040000003], [19.08813629999999, 47.525073000000035], [19.0876924, 47.52480940000003]]}}, {"id": "(667, 656, 0)", "type": "Feature", "properties": {"_status": "original", "osmid": 584, "highway": "residential", "maxspeed": null, "name": "Pal\u00f3c utca", "oneway": false, "reversed": false, "length": 92.87539418691837, "from": "656", "to": "667", "_key": "0", "lanes": null, "width": null, "bridge": null, "tunnel": null, "ref": null, "access": null}, "geometry": {"type": "LineString", "coordinates": [[19.086479099999995, 47.52554570000003], [19.087173199999995, 47.526043100000024], [19.087234399999996, 47.526085400000056], [19.08732859999999, 47.52615280000002]]}}, {"id": "(673, 656, 0)", "type": "Feature", "properties": {"_status": "original", "osmid": 586, "highway": "residential", "maxspeed": null, "name": "Di\u00f3s utca", "oneway": false, "reversed": false, "length": 122.48585990796144, "from": "656", "to": "673", "_key": "0", "lanes": null, "width": null, "bridge": null, "tunnel": null, "ref": null, "access": null}, "geometry": {"type": "LineString", "coordinates": [[19.086479099999995, 47.52554570000003], [19.0876208, 47.5248528], [19.0876924, 47.52480940000003]]}}, {"id": "(673, 665, 0)", "type": "Feature", "properties": {"_status": "original", "osmid": 585, "highway": "residential", "maxspeed": null, "name": "D\u00e9v\u00e9nyi utca", "oneway": false, "reversed": false, "length": 85.00722719066218, "from": "665", "to": "673", "_key": "0", "lanes": null, "width": "6", "bridge": null, "tunnel": null, "ref": null, "access": null}, "geometry": {"type": "LineString", "coordinates": [[19.08682230000001, 47.524320300000014], [19.0876924, 47.52480940000003]]}}, {"id": "(89, 78, 0)", "type": "Feature", "properties": {"_status": "original", "osmid": 953, "highway": "residential", "maxspeed": "30", "name": "Visegr\u00e1di utca", "oneway": true, "reversed": false, "length": 178.92579055558178, "from": "89", "to": "78", "_key": "0", "lanes": null, "width": null, "bridge": null, "tunnel": null, "ref": null, "access": null}, "geometry": {"type": "LineString", "coordinates": [[19.055397999999997, 47.51439909999999], [19.054657300000002, 47.51334180000001], [19.054378999999997, 47.51294460000005]]}}, {"id": "(89, 92, 0)", "type": "Feature", "properties": {"_status": "original", "osmid": 962, "highway": "residential", "maxspeed": "30", "name": "Visegr\u00e1di utca", "oneway": true, "reversed": false, "length": 81.61038005142025, "from": "92", "to": "89", "_key": "0", "lanes": null, "width": null, "bridge": null, "tunnel": null, "ref": null, "access": null}, "geometry": {"type": "LineString", "coordinates": [[19.055861899999993, 47.515062800000024], [19.055397999999997, 47.51439909999999]]}}, {"id": "(89, 69, 0)", "type": "Feature", "properties": {"_status": "original", "osmid": 947, "highway": "residential", "maxspeed": "30", "name": "Radn\u00f3ti Mikl\u00f3s utca", "oneway": true, "reversed": false, "length": 99.60230195601291, "from": "69", "to": "89", "_key": "0", "lanes": null, "width": null, "bridge": null, "tunnel": null, "ref": null, "access": null}, "geometry": {"type": "LineString", "coordinates": [[19.054205000000003, 47.514790400000074], [19.055397999999997, 47.51439909999999]]}}, {"id": "(97, 80, 0)", "type": "Feature", "properties": {"_status": "original", "osmid": 593, "highway": "residential", "maxspeed": "30", "name": "Balzac utca", "oneway": true, "reversed": false, "length": 97.88835174055353, "from": "97", "to": "80", "_key": "0", "lanes": null, "width": null, "bridge": null, "tunnel": null, "ref": null, "access": null}, "geometry": {"type": "LineString", "coordinates": [[19.056146100000003, 47.515466800000034], [19.0549676, 47.51584290000004]]}}, {"id": "(97, 92, 0)", "type": "Feature", "properties": {"_status": "original", "osmid": 594, "highway": "residential", "maxspeed": "30", "name": "Visegr\u00e1di utca", "oneway": true, "reversed": false, "length": 49.73536393128408, "from": "97", "to": "92", "_key": "0", "lanes": null, "width": null, "bridge": null, "tunnel": null, "ref": null, "access": null}, "geometry": {"type": "LineString", "coordinates": [[19.056146100000003, 47.515466800000034], [19.055861899999993, 47.515062800000024]]}}, {"id": "(97, 109, 0)", "type": "Feature", "properties": {"_status": "original", "osmid": 595, "highway": "residential", "maxspeed": "30", "name": "Visegr\u00e1di utca", "oneway": true, "reversed": false, "length": 136.34538625026656, "from": "109", "to": "97", "_key": "0", "lanes": null, "width": null, "bridge": null, "tunnel": null, "ref": null, "access": null}, "geometry": {"type": "LineString", "coordinates": [[19.056922199999985, 47.51657530000004], [19.0565885, 47.51609860000003], [19.0562549, 47.51562219999999], [19.056146100000003, 47.515466800000034]]}}, {"id": "(80, 87, 0)", "type": "Feature", "properties": {"_status": "original", "osmid": 960, "highway": "residential", "maxspeed": "30", "name": "Heged\u0171s Gyula utca", "oneway": true, "reversed": false, "length": 135.44411949885765, "from": "80", "to": "87", "_key": "0", "lanes": "1", "width": null, "bridge": null, "tunnel": null, "ref": null, "access": null}, "geometry": {"type": "LineString", "coordinates": [[19.0549676, 47.51584290000004], [19.055714699999996, 47.516864800000015], [19.055768400000005, 47.51693430000006]]}}, {"id": "(80, 58, 0)", "type": "Feature", "properties": {"_status": "original", "osmid": 961, "highway": "residential", "maxspeed": "30", "name": "Balzac utca", "oneway": true, "reversed": false, "length": 107.20740752520295, "from": "80", "to": "58", "_key": "0", "lanes": null, "width": null, "bridge": null, "tunnel": null, "ref": null, "access": null}, "geometry": {"type": "LineString", "coordinates": [[19.0549676, 47.51584290000004], [19.05474389999999, 47.51591550000004], [19.0538039, 47.5162142], [19.053676900000003, 47.51625480000005]]}}, {"id": "(80, 75, 0)", "type": "Feature", "properties": {"_status": "original", "osmid": 956, "highway": "residential", "maxspeed": "30", "name": "Heged\u0171s Gyula utca", "oneway": true, "reversed": false, "length": 49.131575852541964, "from": "75", "to": "80", "_key": "0", "lanes": "1", "width": null, "bridge": null, "tunnel": null, "ref": null, "access": null}, "geometry": {"type": "LineString", "coordinates": [[19.054679199999992, 47.51544630000005], [19.0549676, 47.51584290000004]]}}, {"id": "(92, 75, 0)", "type": "Feature", "properties": {"_status": "original", "osmid": 957, "highway": "residential", "maxspeed": "30", "name": "Gy\u00f6ngyh\u00e1z utca", "oneway": true, "reversed": false, "length": 98.52757146154255, "from": "92", "to": "75", "_key": "0", "lanes": null, "width": null, "bridge": null, "tunnel": null, "ref": null, "access": null}, "geometry": {"type": "LineString", "coordinates": [[19.055861899999993, 47.515062800000024], [19.0555658, 47.515158800000044], [19.054679199999992, 47.51544630000005]]}}, {"id": "(109, 123, 0)", "type": "Feature", "properties": {"_status": "original", "osmid": 973, "highway": "residential", "maxspeed": "30", "name": "Visegr\u00e1di utca", "oneway": true, "reversed": false, "length": 145.95631933746265, "from": "123", "to": "109", "_key": "0", "lanes": null, "width": null, "bridge": null, "tunnel": null, "ref": null, "access": null}, "geometry": {"type": "LineString", "coordinates": [[19.057747799999998, 47.51776360000005], [19.057719199999994, 47.517722500000055], [19.056922199999985, 47.51657530000004]]}}, {"id": "(109, 87, 0)", "type": "Feature", "properties": {"_status": "original", "osmid": 975, "highway": "residential", "maxspeed": "30", "name": "Csan\u00e1dy utca", "oneway": true, "reversed": false, "length": 95.40189733248322, "from": "87", "to": "109", "_key": "0", "lanes": "1", "width": null, "bridge": null, "tunnel": null, "ref": null, "access": null}, "geometry": {"type": "LineString", "coordinates": [[19.055768400000005, 47.51693430000006], [19.055860900000003, 47.51690500000003], [19.056275700000004, 47.51677610000005], [19.056866300000003, 47.516592700000025], [19.056922199999985, 47.51657530000004]]}}, {"id": "(557, 553, 0)", "type": "Feature", "properties": {"_status": "original", "osmid": 1068, "highway": "residential", "maxspeed": "30", "name": "N\u00e1sznagy utca", "oneway": false, "reversed": false, "length": 97.7458639102663, "from": "557", "to": "553", "_key": "0", "lanes": null, "width": null, "bridge": null, "tunnel": null, "ref": null, "access": null}, "geometry": {"type": "LineString", "coordinates": [[19.0841131, 47.547408900000015], [19.084088999999995, 47.54735950000004], [19.083701100000006, 47.54657500000001]]}}, {"id": "(557, 572, 0)", "type": "Feature", "properties": {"_status": "original", "osmid": 645, "highway": "residential", "maxspeed": "40", "name": "Gy\u00f6ngy\u00f6si utca", "oneway": false, "reversed": true, "length": 88.91824870868668, "from": "572", "to": "557", "_key": "0", "lanes": "2", "width": null, "bridge": null, "tunnel": null, "ref": null, "access": null}, "geometry": {"type": "LineString", "coordinates": [[19.0852506, 47.54718540000003], [19.084214699999997, 47.54738880000005], [19.0841131, 47.547408900000015]]}}, {"id": "(557, 570, 0)", "type": "Feature", "properties": {"_status": "original", "osmid": 1076, "highway": "living_street", "maxspeed": null, "name": "N\u00e1sznagy utca", "oneway": false, "reversed": false, "length": 250.3412563596188, "from": "570", "to": "557", "_key": "0", "lanes": null, "width": null, "bridge": null, "tunnel": null, "ref": null, "access": null}, "geometry": {"type": "LineString", "coordinates": [[19.085488100000003, 47.54945440000004], [19.0850308, 47.54891380000003], [19.084676199999997, 47.54841400000004], [19.084437300000005, 47.54801210000001], [19.0841131, 47.547408900000015]]}}, {"id": "(559, 570, 0)", "type": "Feature", "properties": {"_status": "original", "osmid": 1078, "highway": "living_street", "maxspeed": null, "name": "R\u00e1kospalotai \u00fat", "oneway": false, "reversed": true, "length": 71.19853977355243, "from": "559", "to": "570", "_key": "0", "lanes": null, "width": null, "bridge": null, "tunnel": null, "ref": null, "access": null}, "geometry": {"type": "LineString", "coordinates": [[19.084704000000002, 47.54981470000003], [19.085089799999995, 47.54964309999999], [19.085488100000003, 47.54945440000004]]}}, {"id": "(559, 581, 0)", "type": "Feature", "properties": {"_status": "original", "osmid": 1110, "highway": "living_street", "maxspeed": null, "name": "Cimbora utca", "oneway": false, "reversed": false, "length": 241.10101568013232, "from": "581", "to": "559", "_key": "0", "lanes": null, "width": null, "bridge": null, "tunnel": null, "ref": null, "access": null}, "geometry": {"type": "LineString", "coordinates": [[19.086753200000004, 47.55147830000005], [19.086712499999997, 47.551452200000035], [19.086054499999992, 47.55099580000001], [19.085573400000005, 47.55062550000002], [19.08518499999999, 47.55028020000001], [19.084704000000002, 47.54981470000003]]}}, {"id": "(520, 550, 0)", "type": "Feature", "properties": {"_status": "original", "osmid": 631, "highway": "living_street", "maxspeed": null, "name": "J\u00f3zsef Attila t\u00e9r", "oneway": true, "reversed": false, "length": 132.1390377249626, "from": "520", "to": "550", "_key": "0", "lanes": null, "width": null, "bridge": null, "tunnel": null, "ref": null, "access": null}, "geometry": {"type": "LineString", "coordinates": [[19.0817343, 47.54634740000003], [19.081914000000005, 47.546311899999985], [19.082670799999992, 47.54616210000004], [19.0833392, 47.5460189], [19.0834193, 47.546003300000045]]}}, {"id": "(553, 550, 0)", "type": "Feature", "properties": {"_status": "original", "osmid": 1013, "highway": "residential", "maxspeed": "30", "name": "N\u00e1sznagy utca", "oneway": false, "reversed": false, "length": 66.996593014192, "from": "553", "to": "550", "_key": "0", "lanes": null, "width": null, "bridge": null, "tunnel": null, "ref": null, "access": null}, "geometry": {"type": "LineString", "coordinates": [[19.083701100000006, 47.54657500000001], [19.083559799999993, 47.54628670000003], [19.0834193, 47.546003300000045]]}}, {"id": "(632, 615, 0)", "type": "Feature", "properties": {"_status": "original", "osmid": 607, "highway": "living_street", "maxspeed": null, "name": "R\u00e1kospalotai \u00fat", "oneway": false, "reversed": true, "length": 66.5955197151336, "from": "615", "to": "632", "_key": "0", "lanes": null, "width": null, "bridge": null, "tunnel": null, "ref": null, "access": null}, "geometry": {"type": "LineString", "coordinates": [[19.088258299999996, 47.548203800000024], [19.088632199999996, 47.5480332], [19.088998599999996, 47.54787370000004]]}}, {"id": "(650, 659, 0)", "type": "Feature", "properties": {"_status": "original", "osmid": 608, "highway": "tertiary", "maxspeed": "50", "name": "K\u00e1mfor utca", "oneway": false, "reversed": true, "length": 49.01856341575045, "from": "659", "to": "650", "_key": "0", "lanes": "2", "width": null, "bridge": null, "tunnel": null, "ref": null, "access": null}, "geometry": {"type": "LineString", "coordinates": [[19.090655899999994, 47.54869890000001], [19.0902156, 47.54902450000002]]}}, {"id": "(650, 641, 0)", "type": "Feature", "properties": {"_status": "original", "osmid": 609, "highway": "tertiary", "maxspeed": "50", "name": "K\u00e1mfor utca", "oneway": false, "reversed": false, "length": 55.29241604380644, "from": "641", "to": "650", "_key": "0", "lanes": "2", "width": null, "bridge": null, "tunnel": null, "ref": null, "access": null}, "geometry": {"type": "LineString", "coordinates": [[19.0897088, 47.54938540000004], [19.090013299999992, 47.54916999999998], [19.0902156, 47.54902450000002]]}}, {"id": "(617, 605, 0)", "type": "Feature", "properties": {"_status": "original", "osmid": 611, "highway": "residential", "maxspeed": "40", "name": "Gy\u00f6ngy\u00f6si utca", "oneway": false, "reversed": false, "length": 58.74872390174292, "from": "605", "to": "617", "_key": "0", "lanes": "2", "width": null, "bridge": null, "tunnel": null, "ref": null, "access": null}, "geometry": {"type": "LineString", "coordinates": [[19.0873092, 47.54676090000001], [19.0880592, 47.546609700000026]]}}, {"id": "(615, 641, 0)", "type": "Feature", "properties": {"_status": "original", "osmid": 615, "highway": "living_street", "maxspeed": null, "name": "Unoka utca", "oneway": false, "reversed": true, "length": 170.91472646231855, "from": "615", "to": "641", "_key": "0", "lanes": null, "width": null, "bridge": null, "tunnel": null, "ref": null, "access": null}, "geometry": {"type": "LineString", "coordinates": [[19.088258299999996, 47.548203800000024], [19.088441399999997, 47.54838060000001], [19.088660799999992, 47.54858900000003], [19.089081799999988, 47.54893180000001], [19.089388900000003, 47.54915940000005], [19.0895549, 47.54927970000002], [19.0895839, 47.54929940000005], [19.0896398, 47.54933720000004], [19.0897088, 47.54938540000004]]}}, {"id": "(615, 605, 0)", "type": "Feature", "properties": {"_status": "original", "osmid": 621, "highway": "living_street", "maxspeed": null, "name": "Unoka utca", "oneway": false, "reversed": false, "length": 175.8282662732962, "from": "615", "to": "605", "_key": "0", "lanes": null, "width": null, "bridge": null, "tunnel": null, "ref": null, "access": null}, "geometry": {"type": "LineString", "coordinates": [[19.088258299999996, 47.548203800000024], [19.0880855, 47.54798590000001], [19.0878058, 47.54760270000002], [19.087482199999997, 47.547105999999985], [19.087351999999996, 47.54684620000004], [19.0873092, 47.54676090000001]]}}, {"id": "(615, 601, 0)", "type": "Feature", "properties": {"_status": "original", "osmid": 622, "highway": "living_street", "maxspeed": null, "name": "R\u00e1kospalotai \u00fat", "oneway": false, "reversed": true, "length": 71.97273843921134, "from": "601", "to": "615", "_key": "0", "lanes": null, "width": null, "bridge": null, "tunnel": null, "ref": null, "access": null}, "geometry": {"type": "LineString", "coordinates": [[19.087466900000003, 47.54856890000003], [19.0878316, 47.5484114], [19.088258299999996, 47.548203800000024]]}}, {"id": "(659, 651, 0)", "type": "Feature", "properties": {"_status": "original", "osmid": 613, "highway": "residential", "maxspeed": null, "name": "B\u00e9ke utca", "oneway": true, "reversed": false, "length": 148.95890634251788, "from": "651", "to": "659", "_key": "0", "lanes": null, "width": null, "bridge": null, "tunnel": null, "ref": null, "access": null}, "geometry": {"type": "LineString", "coordinates": [[19.089971899999995, 47.54744140000005], [19.089998200000004, 47.54748999999999], [19.090580899999996, 47.54856790000002], [19.090617600000005, 47.54863550000002], [19.090655899999994, 47.54869890000001]]}}, {"id": "(641, 627, 0)", "type": "Feature", "properties": {"_status": "original", "osmid": 614, "highway": "tertiary", "maxspeed": "50", "name": "K\u00e1mfor utca", "oneway": false, "reversed": false, "length": 71.71460576642924, "from": "627", "to": "641", "_key": "0", "lanes": "2", "width": null, "bridge": null, "tunnel": null, "ref": null, "access": null}, "geometry": {"type": "LineString", "coordinates": [[19.089050300000004, 47.5498527], [19.089165299999998, 47.54977159999998], [19.0896639, 47.549419700000065], [19.0897088, 47.54938540000004]]}}, {"id": "(605, 588, 0)", "type": "Feature", "properties": {"_status": "original", "osmid": 638, "highway": "residential", "maxspeed": "40", "name": "Gy\u00f6ngy\u00f6si utca", "oneway": false, "reversed": true, "length": 72.81859688749678, "from": "605", "to": "588", "_key": "0", "lanes": "2", "width": null, "bridge": null, "tunnel": null, "ref": null, "access": null}, "geometry": {"type": "LineString", "coordinates": [[19.0873092, 47.54676090000001], [19.086487799999986, 47.546925400000035], [19.086378999999994, 47.54694700000002]]}}, {"id": "(627, 601, 0)", "type": "Feature", "properties": {"_status": "original", "osmid": 619, "highway": "living_street", "maxspeed": null, "name": "N\u0151v\u00e9r utca", "oneway": false, "reversed": false, "length": 186.22277506799276, "from": "627", "to": "601", "_key": "0", "lanes": null, "width": null, "bridge": null, "tunnel": null, "ref": null, "access": null}, "geometry": {"type": "LineString", "coordinates": [[19.089050300000004, 47.5498527], [19.088975, 47.54979769999999], [19.0889247, 47.549762500000064], [19.088291600000012, 47.54931980000002], [19.087784599999992, 47.548892900000006], [19.087466900000003, 47.54856890000003]]}}, {"id": "(627, 609, 0)", "type": "Feature", "properties": {"_status": "original", "osmid": 620, "highway": "tertiary", "maxspeed": "50", "name": "K\u00e1mfor utca", "oneway": false, "reversed": false, "length": 91.14309479355508, "from": "609", "to": "627", "_key": "0", "lanes": "2", "width": null, "bridge": null, "tunnel": null, "ref": null, "access": null}, "geometry": {"type": "LineString", "coordinates": [[19.088206200000002, 47.55044200000005], [19.089050300000004, 47.5498527]]}}, {"id": "(601, 588, 0)", "type": "Feature", "properties": {"_status": "original", "osmid": 639, "highway": "living_street", "maxspeed": null, "name": "N\u0151v\u00e9r utca", "oneway": false, "reversed": false, "length": 198.21375729939513, "from": "601", "to": "588", "_key": "0", "lanes": null, "width": null, "bridge": null, "tunnel": null, "ref": null, "access": null}, "geometry": {"type": "LineString", "coordinates": [[19.087466900000003, 47.54856890000003], [19.086996199999994, 47.54796750000002], [19.086692199999998, 47.547481800000014], [19.086506399999994, 47.54717759999999], [19.086378999999994, 47.54694700000002]]}}, {"id": "(601, 583, 0)", "type": "Feature", "properties": {"_status": "original", "osmid": 647, "highway": "living_street", "maxspeed": null, "name": "R\u00e1kospalotai \u00fat", "oneway": false, "reversed": true, "length": 91.38071228768689, "from": "583", "to": "601", "_key": "0", "lanes": null, "width": null, "bridge": null, "tunnel": null, "ref": null, "access": null}, "geometry": {"type": "LineString", "coordinates": [[19.086445799999993, 47.54901650000001], [19.086936299999998, 47.548803900000046], [19.087466900000003, 47.54856890000003]]}}, {"id": "(609, 583, 0)", "type": "Feature", "properties": {"_status": "original", "osmid": 1108, "highway": "living_street", "maxspeed": null, "name": "Menyasszony utca", "oneway": false, "reversed": false, "length": 206.86500214339688, "from": "609", "to": "583", "_key": "0", "lanes": null, "width": null, "bridge": null, "tunnel": null, "ref": null, "access": null}, "geometry": {"type": "LineString", "coordinates": [[19.088206200000002, 47.55044200000005], [19.0881335, 47.55039010000006], [19.088080399999996, 47.55035460000001], [19.087518199999995, 47.54996360000007], [19.08709319999999, 47.549634300000044], [19.086671899999995, 47.549247600000015], [19.086445799999993, 47.54901650000001]]}}, {"id": "(609, 594, 0)", "type": "Feature", "properties": {"_status": "original", "osmid": 1109, "highway": "tertiary", "maxspeed": "50", "name": "K\u00e1mfor utca", "oneway": false, "reversed": false, "length": 86.64902115326342, "from": "594", "to": "609", "_key": "0", "lanes": "2", "width": null, "bridge": null, "tunnel": null, "ref": null, "access": null}, "geometry": {"type": "LineString", "coordinates": [[19.0874153, 47.55100970000002], [19.088206200000002, 47.55044200000005]]}}, {"id": "(573, 581, 0)", "type": "Feature", "properties": {"_status": "original", "osmid": 625, "highway": "tertiary", "maxspeed": "50", "name": "K\u00e1mfor utca", "oneway": false, "reversed": false, "length": 66.75723987221456, "from": "573", "to": "581", "_key": "0", "lanes": "2", "width": null, "bridge": null, "tunnel": null, "ref": null, "access": null}, "geometry": {"type": "LineString", "coordinates": [[19.086139199999998, 47.55191270000002], [19.086753200000004, 47.55147830000005]]}}, {"id": "(581, 594, 0)", "type": "Feature", "properties": {"_status": "original", "osmid": 1112, "highway": "tertiary", "maxspeed": "50", "name": "K\u00e1mfor utca", "oneway": false, "reversed": false, "length": 72.00086484740366, "from": "581", "to": "594", "_key": "0", "lanes": "2", "width": null, "bridge": null, "tunnel": null, "ref": null, "access": null}, "geometry": {"type": "LineString", "coordinates": [[19.086753200000004, 47.55147830000005], [19.0874153, 47.55100970000002]]}}, {"id": "(481, 479, 0)", "type": "Feature", "properties": {"_status": "original", "osmid": 766, "highway": "residential", "maxspeed": "30", "name": "Tomori utca", "oneway": false, "reversed": false, "length": 16.60473813654891, "from": "481", "to": "479", "_key": "0", "lanes": null, "width": null, "bridge": null, "tunnel": null, "ref": null, "access": null}, "geometry": {"type": "LineString", "coordinates": [[19.080898099999995, 47.55430510000003], [19.080863700000002, 47.554218000000034], [19.080842899999997, 47.55416050000004]]}}, {"id": "(527, 545, 0)", "type": "Feature", "properties": {"_status": "original", "osmid": 629, "highway": "living_street", "maxspeed": "20", "name": "Mosoly utca", "oneway": false, "reversed": false, "length": 79.75777746642454, "from": "527", "to": "545", "_key": "0", "lanes": null, "width": null, "bridge": null, "tunnel": null, "ref": null, "access": null}, "geometry": {"type": "LineString", "coordinates": [[19.0819624, 47.54532580000002], [19.082889100000003, 47.54514229999999], [19.082983100000003, 47.54512650000006]]}}, {"id": "(527, 516, 0)", "type": "Feature", "properties": {"_status": "original", "osmid": 630, "highway": "living_street", "maxspeed": null, "name": "Koma utca", "oneway": false, "reversed": true, "length": 209.56200413038565, "from": "516", "to": "527", "_key": "0", "lanes": null, "width": null, "bridge": null, "tunnel": null, "ref": null, "access": null}, "geometry": {"type": "LineString", "coordinates": [[19.08106749999999, 47.54354060000006], [19.081108800000003, 47.54362310000002], [19.0819624, 47.54532580000002]]}}, {"id": "(545, 534, 0)", "type": "Feature", "properties": {"_status": "original", "osmid": 1010, "highway": "residential", "maxspeed": "30", "name": "N\u00e1sznagy utca", "oneway": false, "reversed": false, "length": 257.41830249778485, "from": "545", "to": "534", "_key": "0", "lanes": null, "width": null, "bridge": null, "tunnel": null, "ref": null, "access": null}, "geometry": {"type": "LineString", "coordinates": [[19.082983100000003, 47.54512650000006], [19.0819459, 47.5430333], [19.0819338, 47.54300880000005], [19.081909899999992, 47.54292840000001]]}}, {"id": "(545, 550, 0)", "type": "Feature", "properties": {"_status": "original", "osmid": 1012, "highway": "residential", "maxspeed": "30", "name": "N\u00e1sznagy utca", "oneway": false, "reversed": false, "length": 102.84620490037199, "from": "550", "to": "545", "_key": "0", "lanes": null, "width": null, "bridge": null, "tunnel": null, "ref": null, "access": null}, "geometry": {"type": "LineString", "coordinates": [[19.0834193, 47.546003300000045], [19.082983100000003, 47.54512650000006]]}}, {"id": "(545, 558, 0)", "type": "Feature", "properties": {"_status": "original", "osmid": 1011, "highway": "living_street", "maxspeed": "20", "name": "Mosoly utca", "oneway": false, "reversed": true, "length": 59.50546471091174, "from": "558", "to": "545", "_key": "0", "lanes": null, "width": null, "bridge": null, "tunnel": null, "ref": null, "access": null}, "geometry": {"type": "LineString", "coordinates": [[19.0837492, 47.544988800000006], [19.08307569999999, 47.54510990000006], [19.082983100000003, 47.54512650000006]]}}, {"id": "(516, 522, 0)", "type": "Feature", "properties": {"_status": "original", "osmid": 649, "highway": "residential", "maxspeed": "50", "name": "Fiasty\u00fak utca", "oneway": false, "reversed": false, "length": 28.328032390516913, "from": "516", "to": "522", "_key": "0", "lanes": null, "width": null, "bridge": null, "tunnel": null, "ref": null, "access": null}, "geometry": {"type": "LineString", "coordinates": [[19.08106749999999, 47.54354060000006], [19.081320399999996, 47.54335149999999]]}}, {"id": "(508, 534, 0)", "type": "Feature", "properties": {"_status": "original", "osmid": 650, "highway": "living_street", "maxspeed": null, "name": "Fiasty\u00fak utca", "oneway": false, "reversed": true, "length": 141.08212434442686, "from": "508", "to": "534", "_key": "0", "lanes": null, "width": null, "bridge": null, "tunnel": null, "ref": null, "access": null}, "geometry": {"type": "LineString", "coordinates": [[19.080508199999997, 47.54280310000006], [19.0805332, 47.54278420000004], [19.080644, 47.542700400000044], [19.0809076, 47.5425154], [19.080963700000005, 47.54247600000002], [19.081159699999997, 47.542475800000055], [19.081830399999998, 47.54283370000005], [19.081867599999992, 47.54286069999999], [19.081909899999992, 47.54292840000001]]}}, {"id": "(508, 522, 0)", "type": "Feature", "properties": {"_status": "original", "osmid": 651, "highway": "living_street", "maxspeed": null, "name": "Fiasty\u00fak utca", "oneway": false, "reversed": true, "length": 86.2271789262581, "from": "522", "to": "508", "_key": "0", "lanes": null, "width": null, "bridge": null, "tunnel": null, "ref": null, "access": null}, "geometry": {"type": "LineString", "coordinates": [[19.081320399999996, 47.54335149999999], [19.080508199999997, 47.54280310000006]]}}, {"id": "(588, 572, 0)", "type": "Feature", "properties": {"_status": "original", "osmid": 637, "highway": "residential", "maxspeed": "40", "name": "Gy\u00f6ngy\u00f6si utca", "oneway": false, "reversed": false, "length": 88.74376624472004, "from": "572", "to": "588", "_key": "0", "lanes": "2", "width": null, "bridge": null, "tunnel": null, "ref": null, "access": null}, "geometry": {"type": "LineString", "coordinates": [[19.0852506, 47.54718540000003], [19.086378999999994, 47.54694700000002]]}}, {"id": "(562, 558, 0)", "type": "Feature", "properties": {"_status": "original", "osmid": 641, "highway": "living_street", "maxspeed": "20", "name": "Mosoly utca", "oneway": false, "reversed": true, "length": 27.31682994428752, "from": "562", "to": "558", "_key": "0", "lanes": null, "width": null, "bridge": null, "tunnel": null, "ref": null, "access": null}, "geometry": {"type": "LineString", "coordinates": [[19.084098099999995, 47.54491890000004], [19.0837492, 47.544988800000006]]}}, {"id": "(562, 572, 0)", "type": "Feature", "properties": {"_status": "original", "osmid": 642, "highway": "living_street", "maxspeed": null, "name": "Menyasszony utca", "oneway": false, "reversed": false, "length": 266.4556339266816, "from": "572", "to": "562", "_key": "0", "lanes": null, "width": null, "bridge": null, "tunnel": null, "ref": null, "access": null}, "geometry": {"type": "LineString", "coordinates": [[19.0852506, 47.54718540000003], [19.084098099999995, 47.54491890000004]]}}, {"id": "(572, 583, 0)", "type": "Feature", "properties": {"_status": "original", "osmid": 646, "highway": "living_street", "maxspeed": null, "name": "Menyasszony utca", "oneway": false, "reversed": false, "length": 223.32163059741734, "from": "583", "to": "572", "_key": "0", "lanes": null, "width": null, "bridge": null, "tunnel": null, "ref": null, "access": null}, "geometry": {"type": "LineString", "coordinates": [[19.086445799999993, 47.54901650000001], [19.085969700000003, 47.54844940000002], [19.085681400000006, 47.54804780000004], [19.085441199999998, 47.54759630000002], [19.0852506, 47.54718540000003]]}}, {"id": "(558, 544, 0)", "type": "Feature", "properties": {"_status": "original", "osmid": 1008, "highway": "living_street", "maxspeed": null, "name": "S\u00f3gor utca", "oneway": false, "reversed": false, "length": 301.61338758638954, "from": "558", "to": "544", "_key": "0", "lanes": null, "width": null, "bridge": null, "tunnel": null, "ref": null, "access": null}, "geometry": {"type": "LineString", "coordinates": [[19.0837492, 47.544988800000006], [19.083083799999994, 47.5436455], [19.0830659, 47.54360930000003], [19.082503299999996, 47.542468800000016], [19.082440199999997, 47.54243270000002]]}}, {"id": "(583, 570, 0)", "type": "Feature", "properties": {"_status": "original", "osmid": 1077, "highway": "living_street", "maxspeed": null, "name": "R\u00e1kospalotai \u00fat", "oneway": false, "reversed": true, "length": 86.82278030941157, "from": "570", "to": "583", "_key": "0", "lanes": null, "width": null, "bridge": null, "tunnel": null, "ref": null, "access": null}, "geometry": {"type": "LineString", "coordinates": [[19.085488100000003, 47.54945440000004], [19.0859562, 47.54924560000004], [19.086445799999993, 47.54901650000001]]}}, {"id": "(522, 534, 0)", "type": "Feature", "properties": {"_status": "original", "osmid": 1009, "highway": "residential", "maxspeed": "50", "name": "Fiasty\u00fak utca", "oneway": false, "reversed": false, "length": 64.58553654747097, "from": "522", "to": "534", "_key": "0", "lanes": null, "width": null, "bridge": null, "tunnel": null, "ref": null, "access": null}, "geometry": {"type": "LineString", "coordinates": [[19.081320399999996, 47.54335149999999], [19.081852399999995, 47.54296950000004], [19.081909899999992, 47.54292840000001]]}}, {"id": "(534, 544, 0)", "type": "Feature", "properties": {"_status": "original", "osmid": 1006, "highway": "residential", "maxspeed": "50", "name": "Fiasty\u00fak utca", "oneway": false, "reversed": true, "length": 67.98958596204635, "from": "544", "to": "534", "_key": "0", "lanes": "2", "width": null, "bridge": null, "tunnel": null, "ref": null, "access": null}, "geometry": {"type": "LineString", "coordinates": [[19.082440199999997, 47.54243270000002], [19.081909899999992, 47.54292840000001]]}}, {"id": "(395, 393, 0)", "type": "Feature", "properties": {"_status": "original", "osmid": 656, "highway": "residential", "maxspeed": null, "name": "Madar\u00e1sz Viktor utca", "oneway": false, "reversed": false, "length": 41.47433758674345, "from": "393", "to": "395", "_key": "0", "lanes": null, "width": null, "bridge": null, "tunnel": null, "ref": null, "access": null}, "geometry": {"type": "LineString", "coordinates": [[19.0758571, 47.54870230000002], [19.075877699999996, 47.548749000000036], [19.0759717, 47.5489938], [19.075997, 47.54906310000002]]}}, {"id": "(395, 401, 0)", "type": "Feature", "properties": {"_status": "original", "osmid": 657, "highway": "residential", "maxspeed": "30", "name": "Madar\u00e1sz Viktor utca", "oneway": false, "reversed": true, "length": 122.90872077292292, "from": "401", "to": "395", "_key": "0", "lanes": null, "width": null, "bridge": null, "tunnel": null, "ref": null, "access": null}, "geometry": {"type": "LineString", "coordinates": [[19.0764771, 47.55011980000004], [19.0762377, 47.54957240000001], [19.076202099999996, 47.54949680000005], [19.076021899999994, 47.549112799999996], [19.075997, 47.54906310000002]]}}, {"id": "(395, 366, 0)", "type": "Feature", "properties": {"_status": "original", "osmid": 658, "highway": "residential", "maxspeed": "50", "name": "Gy\u00f6ngy\u00f6si utca", "oneway": true, "reversed": false, "length": 121.73009356499715, "from": "366", "to": "395", "_key": "0", "lanes": "1", "width": null, "bridge": null, "tunnel": null, "ref": null, "access": null}, "geometry": {"type": "LineString", "coordinates": [[19.074449099999995, 47.54939010000003], [19.075997, 47.54906310000002]]}}, {"id": "(450, 393, 0)", "type": "Feature", "properties": {"_status": "original", "osmid": 660, "highway": "living_street", "maxspeed": null, "name": null, "oneway": false, "reversed": false, "length": 184.75392058474162, "from": "393", "to": "450", "_key": "0", "lanes": null, "width": null, "bridge": null, "tunnel": null, "ref": null, "access": null}, "geometry": {"type": "LineString", "coordinates": [[19.0758571, 47.54870230000002], [19.07655670000001, 47.54855779999998], [19.077026, 47.548460900000045], [19.078211899999996, 47.548218100000035]]}}, {"id": "(464, 460, 0)", "type": "Feature", "properties": {"_status": "original", "osmid": 670, "highway": "living_street", "maxspeed": null, "name": null, "oneway": false, "reversed": true, "length": 126.56062603878308, "from": "460", "to": "464", "_key": "0", "lanes": null, "width": "4", "bridge": null, "tunnel": null, "ref": null, "access": null}, "geometry": {"type": "LineString", "coordinates": [[19.0782757, 47.54625500000004], [19.078537999999998, 47.54688540000002], [19.078720699999998, 47.547352800000034]]}}, {"id": "(393, 389, 0)", "type": "Feature", "properties": {"_status": "original", "osmid": 662, "highway": "residential", "maxspeed": null, "name": "Madar\u00e1sz Viktor utca", "oneway": false, "reversed": true, "length": 80.27134585044388, "from": "393", "to": "389", "_key": "0", "lanes": null, "width": null, "bridge": null, "tunnel": null, "ref": null, "access": null}, "geometry": {"type": "LineString", "coordinates": [[19.0758571, 47.54870230000002], [19.075572999999995, 47.54805920000005], [19.075551500000007, 47.54801050000006]]}}, {"id": "(401, 356, 0)", "type": "Feature", "properties": {"_status": "original", "osmid": 663, "highway": "residential", "maxspeed": "30", "name": "Faludi utca", "oneway": true, "reversed": false, "length": 181.41041002133798, "from": "401", "to": "356", "_key": "0", "lanes": null, "width": null, "bridge": null, "tunnel": null, "ref": null, "access": null}, "geometry": {"type": "LineString", "coordinates": [[19.0764771, 47.55011980000004], [19.075782199999992, 47.55025500000001], [19.07519259999999, 47.5503697], [19.074849799999996, 47.550435400000026], [19.074642099999995, 47.55047680000002], [19.074154500000006, 47.55057170000004]]}}, {"id": "(401, 408, 0)", "type": "Feature", "properties": {"_status": "original", "osmid": 664, "highway": "residential", "maxspeed": "30", "name": "Madar\u00e1sz Viktor utca", "oneway": false, "reversed": true, "length": 126.21147764446086, "from": "408", "to": "401", "_key": "0", "lanes": null, "width": null, "bridge": null, "tunnel": null, "ref": null, "access": null}, "geometry": {"type": "LineString", "coordinates": [[19.076932299999996, 47.55121030000004], [19.076927999999995, 47.55113850000005], [19.0764771, 47.55011980000004]]}}, {"id": "(366, 351, 0)", "type": "Feature", "properties": {"_status": "original", "osmid": 665, "highway": "residential", "maxspeed": "50", "name": "Gy\u00f6ngy\u00f6si utca", "oneway": true, "reversed": false, "length": 56.62421159503267, "from": "351", "to": "366", "_key": "0", "lanes": "1", "width": null, "bridge": null, "tunnel": null, "ref": null, "access": null}, "geometry": {"type": "LineString", "coordinates": [[19.073734400000006, 47.54944810000001], [19.07381849999999, 47.54948770000006], [19.073945099999992, 47.54948960000004], [19.074028300000002, 47.54947410000005], [19.0743206, 47.54941970000005], [19.074449099999995, 47.54939010000003]]}}, {"id": "(389, 412, 0)", "type": "Feature", "properties": {"_status": "original", "osmid": 671, "highway": "residential", "maxspeed": "30", "name": "Bab\u00e9r utca", "oneway": true, "reversed": false, "length": 71.12206939840571, "from": "412", "to": "389", "_key": "0", "lanes": null, "width": null, "bridge": null, "tunnel": null, "ref": null, "access": null}, "geometry": {"type": "LineString", "coordinates": [[19.076460600000008, 47.54783000000002], [19.076257499999997, 47.547870300000014], [19.0756454, 47.54799190000002], [19.075551500000007, 47.54801050000006]]}}, {"id": "(408, 361, 0)", "type": "Feature", "properties": {"_status": "original", "osmid": 796, "highway": "residential", "maxspeed": "30", "name": "Szobor utca", "oneway": true, "reversed": false, "length": 184.52761754027708, "from": "361", "to": "408", "_key": "0", "lanes": null, "width": null, "bridge": null, "tunnel": null, "ref": null, "access": null}, "geometry": {"type": "LineString", "coordinates": [[19.074596399999997, 47.55172829999999], [19.074651599999996, 47.55171610000004], [19.075224599999988, 47.55158900000001], [19.075267300000004, 47.55157970000003], [19.075448400000003, 47.55154059999998], [19.0755984, 47.551508200000065], [19.075648399999995, 47.55149740000005], [19.076022899999998, 47.551413100000055], [19.076385600000002, 47.551331500000046], [19.076932299999996, 47.55121030000004]]}}, {"id": "(429, 490, 0)", "type": "Feature", "properties": {"_status": "original", "osmid": 693, "highway": "residential", "maxspeed": null, "name": "Frangep\u00e1n utca", "oneway": false, "reversed": false, "length": 220.15877918142064, "from": "490", "to": "429", "_key": "0", "lanes": null, "width": null, "bridge": null, "tunnel": null, "ref": null, "access": null}, "geometry": {"type": "LineString", "coordinates": [[19.077821200000002, 47.53470800000004], [19.076751399999996, 47.53492630000002], [19.0760327, 47.53507310000001], [19.075082200000004, 47.53526710000004], [19.075015300000004, 47.53528350000001]]}}, {"id": "(429, 440, 0)", "type": "Feature", "properties": {"_status": "original", "osmid": 694, "highway": "tertiary", "maxspeed": null, "name": "R\u00f6ppenty\u0171 utca", "oneway": false, "reversed": true, "length": 172.73234249883703, "from": "440", "to": "429", "_key": "0", "lanes": ["3", "2", "4"], "width": null, "bridge": null, "tunnel": null, "ref": null, "access": null}, "geometry": {"type": "LineString", "coordinates": [[19.075678299999993, 47.536771000000044], [19.07549609999999, 47.53635510000004], [19.075148700000007, 47.53559220000004], [19.07502869999999, 47.53531460000004], [19.075015300000004, 47.53528350000001]]}}, {"id": "(490, 494, 0)", "type": "Feature", "properties": {"_status": "original", "osmid": 699, "highway": "residential", "maxspeed": null, "name": "Hajd\u00fa utca", "oneway": false, "reversed": true, "length": 172.9188121807506, "from": "494", "to": "490", "_key": "0", "lanes": null, "width": null, "bridge": null, "tunnel": null, "ref": null, "access": null}, "geometry": {"type": "LineString", "coordinates": [[19.078531499999997, 47.53618730000001], [19.0782429, 47.53557860000002], [19.077821200000002, 47.53470800000004]]}}, {"id": "(440, 494, 0)", "type": "Feature", "properties": {"_status": "original", "osmid": 701, "highway": "residential", "maxspeed": null, "name": "F\u00e1y utca", "oneway": false, "reversed": false, "length": 223.80951719858518, "from": "494", "to": "440", "_key": "0", "lanes": null, "width": null, "bridge": null, "tunnel": null, "ref": null, "access": null}, "geometry": {"type": "LineString", "coordinates": [[19.078531499999997, 47.53618730000001], [19.076846199999988, 47.53653299999999], [19.0757845, 47.536750800000036], [19.075678299999993, 47.536771000000044]]}}, {"id": "(494, 502, 0)", "type": "Feature", "properties": {"_status": "original", "osmid": 708, "highway": "residential", "maxspeed": null, "name": "Hajd\u00fa utca", "oneway": false, "reversed": true, "length": 168.5495518962818, "from": "502", "to": "494", "_key": "0", "lanes": null, "width": null, "bridge": null, "tunnel": null, "ref": null, "access": null}, "geometry": {"type": "LineString", "coordinates": [[19.079256499999996, 47.53762190000001], [19.079203, 47.537514400000006], [19.0789247, 47.536964400000016], [19.07869820000001, 47.53651680000002], [19.078531499999997, 47.53618730000001]]}}, {"id": "(502, 503, 0)", "type": "Feature", "properties": {"_status": "original", "osmid": 917, "highway": "residential", "maxspeed": null, "name": "Hajd\u00fa utca", "oneway": false, "reversed": false, "length": 23.81732829832627, "from": "502", "to": "503", "_key": "0", "lanes": null, "width": null, "bridge": null, "tunnel": null, "ref": null, "access": null}, "geometry": {"type": "LineString", "coordinates": [[19.079256499999996, 47.53762190000001], [19.079359899999993, 47.53782440000003]]}}, {"id": "(498, 503, 0)", "type": "Feature", "properties": {"_status": "original", "osmid": 918, "highway": "residential", "maxspeed": null, "name": "Forg\u00e1ch utca", "oneway": false, "reversed": true, "length": 21.897813084610465, "from": "498", "to": "503", "_key": "0", "lanes": null, "width": null, "bridge": null, "tunnel": null, "ref": null, "access": null}, "geometry": {"type": "LineString", "coordinates": [[19.079081399999993, 47.53788290000001], [19.07915829999999, 47.53786820000003], [19.079359899999993, 47.53782440000003]]}}, {"id": "(498, 484, 0)", "type": "Feature", "properties": {"_status": "original", "osmid": 919, "highway": "residential", "maxspeed": null, "name": "Gyutacs utca", "oneway": false, "reversed": true, "length": 87.9952163352899, "from": "484", "to": "498", "_key": "0", "lanes": null, "width": null, "bridge": null, "tunnel": null, "ref": null, "access": null}, "geometry": {"type": "LineString", "coordinates": [[19.077994200000006, 47.53763540000006], [19.078146199999996, 47.53761350000002], [19.079081399999993, 47.53788290000001]]}}, {"id": "(194, 220, 0)", "type": "Feature", "properties": {"_status": "original", "osmid": 717, "highway": "living_street", "maxspeed": "20", "name": "Bodor utca", "oneway": false, "reversed": true, "length": 107.06393308344165, "from": "220", "to": "194", "_key": "0", "lanes": null, "width": null, "bridge": null, "tunnel": null, "ref": null, "access": null}, "geometry": {"type": "LineString", "coordinates": [[19.06578329999999, 47.538144500000065], [19.0656442, 47.53817040000003], [19.064408399999998, 47.53840050000001]]}}, {"id": "(194, 142, 0)", "type": "Feature", "properties": {"_status": "original", "osmid": 718, "highway": "living_street", "maxspeed": "20", "name": "Bodor utca", "oneway": false, "reversed": false, "length": 183.75777932443924, "from": "142", "to": "194", "_key": "0", "lanes": null, "width": null, "bridge": null, "tunnel": null, "ref": null, "access": null}, "geometry": {"type": "LineString", "coordinates": [[19.062048600000004, 47.538839900000056], [19.0626933, 47.538719900000046], [19.063185099999995, 47.5386283], [19.064408399999998, 47.53840050000001]]}}, {"id": "(103, 79, 0)", "type": "Feature", "properties": {"_status": "original", "osmid": 720, "highway": "tertiary", "maxspeed": "50", "name": "N\u00e9pf\u00fcrd\u0151 utca", "oneway": false, "reversed": true, "length": 598.9127834556268, "from": "103", "to": "79", "_key": "0", "lanes": ["5", "3", "4", "2", "6"], "width": null, "bridge": null, "tunnel": null, "ref": null, "access": null}, "geometry": {"type": "LineString", "coordinates": [[19.059875499999997, 47.53502950000002], [19.05985869999999, 47.53499550000001], [19.059813600000002, 47.53490430000006], [19.059615799999996, 47.53450450000003], [19.059511699999998, 47.53429410000005], [19.059431, 47.53413100000006], [19.0593404, 47.53394790000004], [19.059210600000004, 47.53366820000004], [19.0591574, 47.53355360000004], [19.058969699999995, 47.53314890000002], [19.058464999999998, 47.53208120000006], [19.0582279, 47.53157960000001], [19.058025399999995, 47.531163100000065], [19.057990299999993, 47.531089900000055], [19.057954900000006, 47.53101569999998], [19.0576373, 47.53034630000006], [19.057493, 47.53003129999999], [19.057431899999997, 47.52990240000006]]}}, {"id": "(103, 125, 0)", "type": "Feature", "properties": {"_status": "original", "osmid": 721, "highway": "residential", "maxspeed": "30", "name": "Dunavir\u00e1g utca", "oneway": false, "reversed": true, "length": 74.47192750553158, "from": "125", "to": "103", "_key": "0", "lanes": null, "width": null, "bridge": null, "tunnel": null, "ref": null, "access": null}, "geometry": {"type": "LineString", "coordinates": [[19.0608255, 47.53483670000005], [19.060156800000005, 47.53497110000007], [19.0600606, 47.5349908], [19.059875499999997, 47.53502950000002]]}}, {"id": "(220, 222, 0)", "type": "Feature", "properties": {"_status": "original", "osmid": 927, "highway": "residential", "maxspeed": null, "name": "Esztergomi \u00fat", "oneway": false, "reversed": false, "length": 58.160234130571475, "from": "222", "to": "220", "_key": "0", "lanes": null, "width": null, "bridge": null, "tunnel": null, "ref": null, "access": null}, "geometry": {"type": "LineString", "coordinates": [[19.0659926, 47.53864810000005], [19.06578329999999, 47.538144500000065]]}}, {"id": "(79, 74, 0)", "type": "Feature", "properties": {"_status": "original", "osmid": 869, "highway": "tertiary", "maxspeed": "50", "name": "N\u00e9pf\u00fcrd\u0151 utca", "oneway": false, "reversed": false, "length": 100.89235353500774, "from": "74", "to": "79", "_key": "0", "lanes": "2", "width": null, "bridge": null, "tunnel": null, "ref": null, "access": null}, "geometry": {"type": "LineString", "coordinates": [[19.057020599999994, 47.52903860000002], [19.057379899999997, 47.52979330000004], [19.057382999999998, 47.529799900000015], [19.057431899999997, 47.52990240000006]]}}, {"id": "(79, 84, 0)", "type": "Feature", "properties": {"_status": "original", "osmid": 876, "highway": "residential", "maxspeed": "50", "name": "Viza utca", "oneway": false, "reversed": true, "length": 27.82406161215565, "from": "84", "to": "79", "_key": "0", "lanes": null, "width": "5", "bridge": null, "tunnel": null, "ref": null, "access": null}, "geometry": {"type": "LineString", "coordinates": [[19.05778709999999, 47.52983110000004], [19.057522300000002, 47.52988570000006], [19.057431899999997, 47.52990240000006]]}}, {"id": "(125, 84, 0)", "type": "Feature", "properties": {"_status": "original", "osmid": 878, "highway": "living_street", "maxspeed": "20", "name": "N\u00e9pf\u00fcrd\u0151 utca", "oneway": false, "reversed": false, "length": 643.1137512074523, "from": "125", "to": "84", "_key": "0", "lanes": null, "width": null, "bridge": null, "tunnel": null, "ref": null, "access": null}, "geometry": {"type": "LineString", "coordinates": [[19.0608255, 47.53483670000005], [19.060744200000002, 47.53467130000001], [19.060722699999992, 47.534650100000064], [19.0606827, 47.534634900000015], [19.060634499999995, 47.53463300000004], [19.060277299999996, 47.53470710000004], [19.060156299999996, 47.534732300000044], [19.060123299999994, 47.534731999999984], [19.0600959, 47.53472739999999], [19.060073, 47.53471120000006], [19.059994499999995, 47.53453800000005], [19.059857500000003, 47.53424420000003], [19.059793399999997, 47.53410740000002], [19.059621599999993, 47.53373650000001], [19.059557199999997, 47.53359590000003], [19.059534099999997, 47.53354520000006], [19.059466299999997, 47.533402900000034], [19.059429499999993, 47.53332160000004], [19.059392099999993, 47.53324140000002], [19.0590071, 47.5324158], [19.058993600000004, 47.53238560000002], [19.0589302, 47.53224560000006], [19.058892999999998, 47.53216340000001], [19.0588038, 47.53197620000002], [19.0587887, 47.5319446], [19.058461100000002, 47.53125660000004], [19.058450199999996, 47.53123460000003], [19.05839009999999, 47.5310975], [19.05835, 47.531009900000036], [19.058346099999994, 47.5310021], [19.0582879, 47.530879], [19.0579304, 47.53012250000002], [19.0579151, 47.53009310000006], [19.057841299999996, 47.529955300000005], [19.057802899999995, 47.52986870000007], [19.05778709999999, 47.52983110000004]]}}, {"id": "(125, 157, 0)", "type": "Feature", "properties": {"_status": "original", "osmid": 881, "highway": "residential", "maxspeed": "30", "name": "Dunavir\u00e1g utca", "oneway": false, "reversed": true, "length": 87.10144215083491, "from": "157", "to": "125", "_key": "0", "lanes": null, "width": null, "bridge": null, "tunnel": null, "ref": null, "access": null}, "geometry": {"type": "LineString", "coordinates": [[19.06193749999999, 47.53461320000002], [19.0608255, 47.53483670000005]]}}, {"id": "(223, 260, 0)", "type": "Feature", "properties": {"_status": "original", "osmid": 722, "highway": "residential", "maxspeed": "30", "name": "Huba utca", "oneway": true, "reversed": false, "length": 136.2364237248301, "from": "223", "to": "260", "_key": "0", "lanes": null, "width": null, "bridge": null, "tunnel": null, "ref": null, "access": null}, "geometry": {"type": "LineString", "coordinates": [[19.063663899999998, 47.525405600000006], [19.063911399999988, 47.52535350000001], [19.065282999999997, 47.52506480000003], [19.065396099999994, 47.52504100000004]]}}, {"id": "(223, 218, 0)", "type": "Feature", "properties": {"_status": "original", "osmid": 723, "highway": "secondary", "maxspeed": "50", "name": "V\u00e1ci \u00fat", "oneway": false, "reversed": false, "length": 97.96061524283557, "from": "218", "to": "223", "_key": "0", "lanes": ["10", "8"], "width": null, "bridge": null, "tunnel": null, "ref": null, "access": null}, "geometry": {"type": "LineString", "coordinates": [[19.063288399999994, 47.52456190000004], [19.06349739999999, 47.52503340000001], [19.063663899999998, 47.525405600000006]]}}, {"id": "(223, 227, 0)", "type": "Feature", "properties": {"_status": "original", "osmid": 724, "highway": "secondary", "maxspeed": "50", "name": "V\u00e1ci \u00fat", "oneway": false, "reversed": true, "length": 96.53683633963647, "from": "227", "to": "223", "_key": "0", "lanes": "6", "width": null, "bridge": null, "tunnel": null, "ref": null, "access": null}, "geometry": {"type": "LineString", "coordinates": [[19.06401539999999, 47.52624070000004], [19.0639887, 47.526177200000035], [19.063857999999993, 47.52586670000004], [19.063796599999996, 47.525720800000045], [19.063663899999998, 47.525405600000006]]}}, {"id": "(223, 182, 0)", "type": "Feature", "properties": {"_status": "original", "osmid": 725, "highway": "residential", "maxspeed": "30", "name": "Pulszky utca", "oneway": true, "reversed": false, "length": 154.72832332933112, "from": "182", "to": "223", "_key": "0", "lanes": null, "width": null, "bridge": null, "tunnel": null, "ref": null, "access": null}, "geometry": {"type": "LineString", "coordinates": [[19.061704199999998, 47.52583580000003], [19.0627838, 47.525599200000066], [19.063190899999995, 47.52551000000001], [19.063419399999997, 47.52545750000004], [19.063663899999998, 47.525405600000006]]}}, {"id": "(260, 300, 0)", "type": "Feature", "properties": {"_status": "original", "osmid": 726, "highway": "residential", "maxspeed": "30", "name": "Huba utca", "oneway": true, "reversed": false, "length": 160.32533297782285, "from": "260", "to": "300", "_key": "0", "lanes": null, "width": null, "bridge": null, "tunnel": null, "ref": null, "access": null}, "geometry": {"type": "LineString", "coordinates": [[19.065396099999994, 47.52504100000004], [19.067441299999995, 47.524626800000014]]}}, {"id": "(260, 256, 0)", "type": "Feature", "properties": {"_status": "original", "osmid": 727, "highway": "residential", "maxspeed": "30", "name": "Angyalf\u00f6ldi \u00fat", "oneway": true, "reversed": false, "length": 92.06892553822624, "from": "260", "to": "256", "_key": "0", "lanes": null, "width": null, "bridge": null, "tunnel": null, "ref": null, "access": null}, "geometry": {"type": "LineString", "coordinates": [[19.065396099999994, 47.52504100000004], [19.0652397, 47.5246977], [19.0651865, 47.52458089999998], [19.06503560000001, 47.52424960000005]]}}, {"id": "(260, 264, 0)", "type": "Feature", "properties": {"_status": "original", "osmid": 728, "highway": "residential", "maxspeed": "30", "name": "Angyalf\u00f6ldi \u00fat", "oneway": true, "reversed": false, "length": 97.30082684199695, "from": "264", "to": "260", "_key": "0", "lanes": null, "width": null, "bridge": null, "tunnel": null, "ref": null, "access": null}, "geometry": {"type": "LineString", "coordinates": [[19.0657652, 47.52587980000002], [19.065396099999994, 47.52504100000004]]}}, {"id": "(218, 251, 0)", "type": "Feature", "properties": {"_status": "original", "osmid": 729, "highway": "secondary", "maxspeed": "50", "name": "D\u00f3zsa Gy\u00f6rgy \u00fat", "oneway": false, "reversed": false, "length": 154.029900722279, "from": "251", "to": "218", "_key": "0", "lanes": "4", "width": null, "bridge": null, "tunnel": null, "ref": null, "access": null}, "geometry": {"type": "LineString", "coordinates": [[19.0646995, 47.52356260000003], [19.064581799999996, 47.52362689999999], [19.06429410000001, 47.523787700000014], [19.064015900000005, 47.523972799999996], [19.063846700000006, 47.52410860000001], [19.063653199999997, 47.524264600000016], [19.063288399999994, 47.52456190000004]]}}, {"id": "(218, 215, 0)", "type": "Feature", "properties": {"_status": "original", "osmid": 730, "highway": "secondary", "maxspeed": "50", "name": "V\u00e1ci \u00fat", "oneway": false, "reversed": false, "length": 97.31653761543268, "from": "215", "to": "218", "_key": "0", "lanes": "7", "width": null, "bridge": null, "tunnel": null, "ref": null, "access": null}, "geometry": {"type": "LineString", "coordinates": [[19.062929700000005, 47.523720900000015], [19.063132899999996, 47.524198000000005], [19.063185500000003, 47.524321100000016], [19.063288399999994, 47.52456190000004]]}}, {"id": "(218, 177, 0)", "type": "Feature", "properties": {"_status": "original", "osmid": 731, "highway": "secondary", "maxspeed": "50", "name": "Dr\u00e1va utca", "oneway": false, "reversed": false, "length": 160.08487646538504, "from": "177", "to": "218", "_key": "0", "lanes": ["5", "4"], "width": null, "bridge": null, "tunnel": null, "ref": null, "access": null}, "geometry": {"type": "LineString", "coordinates": [[19.0612786, 47.52504230000004], [19.0614505, 47.52500119999999], [19.062266799999996, 47.5248062], [19.062610700000004, 47.52472400000004], [19.062685199999997, 47.52470620000005], [19.063051199999997, 47.52461860000003], [19.063288399999994, 47.52456190000004]]}}, {"id": "(227, 264, 0)", "type": "Feature", "properties": {"_status": "original", "osmid": 732, "highway": "residential", "maxspeed": ["50", "30"], "name": "Cs\u00e1ng\u00f3 utca", "oneway": true, "reversed": false, "length": 137.37966181827898, "from": "264", "to": "227", "_key": "0", "lanes": null, "width": null, "bridge": null, "tunnel": null, "ref": null, "access": null}, "geometry": {"type": "LineString", "coordinates": [[19.0657652, 47.52587980000002], [19.0648164, 47.526071000000016], [19.0643469, 47.5261712], [19.064303900000002, 47.526180300000036], [19.064275799999997, 47.52618630000004], [19.0641657, 47.52620970000006], [19.06401539999999, 47.52624070000004]]}}, {"id": "(182, 177, 0)", "type": "Feature", "properties": {"_status": "original", "osmid": 735, "highway": "residential", "maxspeed": "30", "name": "Visegr\u00e1di utca", "oneway": false, "reversed": true, "length": 93.84227179703831, "from": "182", "to": "177", "_key": "0", "lanes": "3", "width": null, "bridge": null, "tunnel": null, "ref": null, "access": null}, "geometry": {"type": "LineString", "coordinates": [[19.061704199999998, 47.52583580000003], [19.0615864, 47.52561620000004], [19.061348499999994, 47.525173], [19.0613252, 47.525128500000044], [19.0612786, 47.52504230000004]]}}, {"id": "(300, 309, 0)", "type": "Feature", "properties": {"_status": "original", "osmid": 737, "highway": "residential", "maxspeed": "30", "name": "Huba utca", "oneway": true, "reversed": false, "length": 33.298117138101695, "from": "300", "to": "309", "_key": "0", "lanes": null, "width": null, "bridge": null, "tunnel": null, "ref": null, "access": null}, "geometry": {"type": "LineString", "coordinates": [[19.067441299999995, 47.524626800000014], [19.067748199999993, 47.52456690000007], [19.0678673, 47.52454360000002]]}}, {"id": "(300, 304, 0)", "type": "Feature", "properties": {"_status": "original", "osmid": 738, "highway": "residential", "maxspeed": "30", "name": "R\u00f3zsafa utca", "oneway": false, "reversed": true, "length": 98.45922265462465, "from": "304", "to": "300", "_key": "0", "lanes": null, "width": null, "bridge": null, "tunnel": null, "ref": null, "access": null}, "geometry": {"type": "LineString", "coordinates": [[19.067794699999993, 47.52547950000002], [19.067441299999995, 47.524626800000014]]}}, {"id": "(300, 296, 0)", "type": "Feature", "properties": {"_status": "original", "osmid": 739, "highway": "pedestrian", "maxspeed": null, "name": "Papp L\u00e1szl\u00f3 t\u00e9r", "oneway": false, "reversed": false, "length": 82.62218980727815, "from": "296", "to": "300", "_key": "0", "lanes": null, "width": null, "bridge": null, "tunnel": null, "ref": null, "access": null}, "geometry": {"type": "LineString", "coordinates": [[19.067126099999992, 47.52391490000003], [19.067441299999995, 47.524626800000014]]}}, {"id": "(256, 251, 0)", "type": "Feature", "properties": {"_status": "original", "osmid": 740, "highway": "residential", "maxspeed": "30", "name": "Angyalf\u00f6ldi \u00fat", "oneway": true, "reversed": false, "length": 80.47274983526698, "from": "256", "to": "251", "_key": "0", "lanes": null, "width": null, "bridge": null, "tunnel": null, "ref": null, "access": null}, "geometry": {"type": "LineString", "coordinates": [[19.06503560000001, 47.52424960000005], [19.064903499999996, 47.52397140000003], [19.064751699999995, 47.52365150000001], [19.0646995, 47.52356260000003]]}}, {"id": "(256, 298, 0)", "type": "Feature", "properties": {"_status": "original", "osmid": 741, "highway": "residential", "maxspeed": "30", "name": "Botond utca", "oneway": true, "reversed": false, "length": 167.3137992806469, "from": "298", "to": "256", "_key": "0", "lanes": null, "width": null, "bridge": null, "tunnel": null, "ref": null, "access": null}, "geometry": {"type": "LineString", "coordinates": [[19.067142800000003, 47.52378860000002], [19.0670423, 47.52385100000003], [19.0651136, 47.52423410000003], [19.06503560000001, 47.52424960000005]]}}, {"id": "(264, 304, 0)", "type": "Feature", "properties": {"_status": "original", "osmid": 743, "highway": "residential", "maxspeed": "30", "name": "Cs\u00e1ng\u00f3 utca", "oneway": true, "reversed": false, "length": 158.7538974269092, "from": "304", "to": "264", "_key": "0", "lanes": null, "width": null, "bridge": null, "tunnel": null, "ref": null, "access": null}, "geometry": {"type": "LineString", "coordinates": [[19.067794699999993, 47.52547950000002], [19.0657652, 47.52587980000002]]}}, {"id": "(264, 271, 0)", "type": "Feature", "properties": {"_status": "original", "osmid": 742, "highway": "residential", "maxspeed": "30", "name": "Angyalf\u00f6ldi \u00fat", "oneway": true, "reversed": false, "length": 131.90638738294402, "from": "271", "to": "264", "_key": "0", "lanes": null, "width": null, "bridge": null, "tunnel": null, "ref": null, "access": null}, "geometry": {"type": "LineString", "coordinates": [[19.066265699999995, 47.52701690000002], [19.0657652, 47.52587980000002]]}}, {"id": "(251, 239, 0)", "type": "Feature", "properties": {"_status": "original", "osmid": 744, "highway": "residential", "maxspeed": null, "name": "Angyalf\u00f6ldi \u00fat", "oneway": true, "reversed": false, "length": 148.97812414622936, "from": "251", "to": "239", "_key": "0", "lanes": null, "width": null, "bridge": null, "tunnel": null, "ref": null, "access": null}, "geometry": {"type": "LineString", "coordinates": [[19.0646995, 47.52356260000003], [19.064619599999993, 47.52342930000004], [19.063926999999996, 47.52238220000003], [19.0638973, 47.52233730000003]]}}, {"id": "(215, 211, 0)", "type": "Feature", "properties": {"_status": "original", "osmid": 746, "highway": "secondary", "maxspeed": "50", "name": "V\u00e1ci \u00fat", "oneway": false, "reversed": false, "length": 92.68610278164861, "from": "211", "to": "215", "_key": "0", "lanes": "6", "width": null, "bridge": null, "tunnel": null, "ref": null, "access": null}, "geometry": {"type": "LineString", "coordinates": [[19.062589699999997, 47.52291960000002], [19.062929700000005, 47.523720900000015]]}}, {"id": "(215, 174, 0)", "type": "Feature", "properties": {"_status": "original", "osmid": 747, "highway": "residential", "maxspeed": "30", "name": "Tisza utca", "oneway": false, "reversed": false, "length": 163.56804595817363, "from": "174", "to": "215", "_key": "0", "lanes": null, "width": null, "bridge": null, "tunnel": null, "ref": null, "access": null}, "geometry": {"type": "LineString", "coordinates": [[19.060876700000005, 47.52421270000001], [19.062710199999998, 47.523773500000026], [19.062929700000005, 47.523720900000015]]}}, {"id": "(177, 174, 0)", "type": "Feature", "properties": {"_status": "original", "osmid": 748, "highway": "residential", "maxspeed": "30", "name": "Visegr\u00e1di utca", "oneway": false, "reversed": true, "length": 97.05808503366536, "from": "174", "to": "177", "_key": "0", "lanes": null, "width": null, "bridge": null, "tunnel": null, "ref": null, "access": null}, "geometry": {"type": "LineString", "coordinates": [[19.060876700000005, 47.52421270000001], [19.0611011, 47.524675900000055], [19.061128900000003, 47.52473320000004], [19.061247399999996, 47.52497800000006], [19.0612786, 47.52504230000004]]}}, {"id": "(177, 150, 0)", "type": "Feature", "properties": {"_status": "original", "osmid": 749, "highway": "secondary", "maxspeed": "50", "name": "Dr\u00e1va utca", "oneway": false, "reversed": true, "length": 97.6972781599005, "from": "150", "to": "177", "_key": "0", "lanes": ["5", "4"], "width": null, "bridge": null, "tunnel": null, "ref": null, "access": null}, "geometry": {"type": "LineString", "coordinates": [[19.060052, 47.525335400000046], [19.0601657, 47.52530810000001], [19.0603188, 47.52527130000001], [19.0612786, 47.52504230000004]]}}, {"id": "(309, 354, 0)", "type": "Feature", "properties": {"_status": "original", "osmid": 842, "highway": "residential", "maxspeed": "30", "name": "Huba utca", "oneway": true, "reversed": false, "length": 149.74593543646273, "from": "309", "to": "354", "_key": "0", "lanes": null, "width": null, "bridge": null, "tunnel": null, "ref": null, "access": null}, "geometry": {"type": "LineString", "coordinates": [[19.0678673, 47.52454360000002], [19.068086899999997, 47.52440600000004], [19.069290999999993, 47.52360070000001]]}}, {"id": "(309, 298, 0)", "type": "Feature", "properties": {"_status": "original", "osmid": 778, "highway": "residential", "maxspeed": "50", "name": "Kass\u00e1k Lajos utca", "oneway": false, "reversed": false, "length": 100.03730150582493, "from": "298", "to": "309", "_key": "0", "lanes": "2", "width": null, "bridge": null, "tunnel": null, "ref": null, "access": null}, "geometry": {"type": "LineString", "coordinates": [[19.067142800000003, 47.52378860000002], [19.067197899999993, 47.523846000000034], [19.0678673, 47.52454360000002]]}}, {"id": "(304, 315, 0)", "type": "Feature", "properties": {"_status": "original", "osmid": 759, "highway": "residential", "maxspeed": "30", "name": "R\u00f3zsafa utca", "oneway": false, "reversed": true, "length": 130.7804137912245, "from": "315", "to": "304", "_key": "0", "lanes": null, "width": null, "bridge": null, "tunnel": null, "ref": null, "access": null}, "geometry": {"type": "LineString", "coordinates": [[19.0683208, 47.526600700000046], [19.067794699999993, 47.52547950000002]]}}, {"id": "(271, 273, 0)", "type": "Feature", "properties": {"_status": "original", "osmid": 752, "highway": "residential", "maxspeed": "30", "name": "Angyalf\u00f6ldi \u00fat", "oneway": false, "reversed": false, "length": 124.34488086783034, "from": "273", "to": "271", "_key": "0", "lanes": null, "width": null, "bridge": null, "tunnel": null, "ref": null, "access": null}, "geometry": {"type": "LineString", "coordinates": [[19.066737100000005, 47.52808890000005], [19.066265699999995, 47.52701690000002]]}}, {"id": "(271, 315, 0)", "type": "Feature", "properties": {"_status": "original", "osmid": 753, "highway": "residential", "maxspeed": "30", "name": "Klapka utca", "oneway": false, "reversed": false, "length": 161.0956874993019, "from": "315", "to": "271", "_key": "0", "lanes": null, "width": null, "bridge": null, "tunnel": null, "ref": null, "access": null}, "geometry": {"type": "LineString", "coordinates": [[19.0683208, 47.526600700000046], [19.06828120000001, 47.52660870000001], [19.068148299999997, 47.52663560000001], [19.068127000000004, 47.526639900000035], [19.067391399999998, 47.52678890000003], [19.067356999999998, 47.52679590000004], [19.067311600000007, 47.52680510000004], [19.06699559999999, 47.5268691], [19.066947500000005, 47.526878800000034], [19.0663744, 47.526994900000034], [19.066336800000002, 47.527002499999995], [19.066265699999995, 47.52701690000002]]}}, {"id": "(239, 211, 0)", "type": "Feature", "properties": {"_status": "original", "osmid": 769, "highway": "residential", "maxspeed": null, "name": "Taksony utca", "oneway": false, "reversed": false, "length": 117.74956504066375, "from": "211", "to": "239", "_key": "0", "lanes": null, "width": null, "bridge": null, "tunnel": null, "ref": null, "access": null}, "geometry": {"type": "LineString", "coordinates": [[19.062589699999997, 47.52291960000002], [19.06272529999999, 47.522875800000044], [19.062926899999994, 47.52279060000001], [19.062951599999998, 47.522780200000064], [19.062956100000005, 47.5227781], [19.063168100000002, 47.522678800000044], [19.0638277, 47.52236990000002], [19.0638973, 47.52233730000003]]}}, {"id": "(239, 228, 0)", "type": "Feature", "properties": {"_status": "original", "osmid": 770, "highway": "residential", "maxspeed": null, "name": "Angyalf\u00f6ldi \u00fat", "oneway": true, "reversed": false, "length": 102.06224733231178, "from": "228", "to": "239", "_key": "0", "lanes": "1", "width": null, "bridge": null, "tunnel": null, "ref": null, "access": null}, "geometry": {"type": "LineString", "coordinates": [[19.063343099999994, 47.52149920000006], [19.063385000000004, 47.52156260000002], [19.063857200000008, 47.522276600000005], [19.0638973, 47.52233730000003]]}}, {"id": "(211, 207, 0)", "type": "Feature", "properties": {"_status": "original", "osmid": 773, "highway": "secondary", "maxspeed": "50", "name": "V\u00e1ci \u00fat", "oneway": false, "reversed": true, "length": 104.36772257793277, "from": "211", "to": "207", "_key": "0", "lanes": "6", "width": null, "bridge": null, "tunnel": null, "ref": null, "access": null}, "geometry": {"type": "LineString", "coordinates": [[19.062589699999997, 47.52291960000002], [19.0622408, 47.52209720000001], [19.0622069, 47.52201730000006]]}}, {"id": "(211, 186, 0)", "type": "Feature", "properties": {"_status": "original", "osmid": 774, "highway": "residential", "maxspeed": "30", "name": "V\u00e1g utca", "oneway": false, "reversed": true, "length": 88.29308449017051, "from": "186", "to": "211", "_key": "0", "lanes": null, "width": null, "bridge": null, "tunnel": null, "ref": null, "access": null}, "geometry": {"type": "LineString", "coordinates": [[19.061474299999997, 47.52317090000003], [19.061638099999996, 47.52313399999996], [19.062084199999997, 47.52303350000003], [19.062589699999997, 47.52291960000002]]}}, {"id": "(174, 144, 0)", "type": "Feature", "properties": {"_status": "original", "osmid": 780, "highway": "residential", "maxspeed": "30", "name": "Tisza utca", "oneway": false, "reversed": false, "length": 98.1692241773204, "from": "144", "to": "174", "_key": "0", "lanes": null, "width": null, "bridge": null, "tunnel": null, "ref": null, "access": null}, "geometry": {"type": "LineString", "coordinates": [[19.059644500000005, 47.5245078], [19.060876700000005, 47.52421270000001]]}}, {"id": "(174, 169, 0)", "type": "Feature", "properties": {"_status": "original", "osmid": 781, "highway": "residential", "maxspeed": "30", "name": "Visegr\u00e1di utca", "oneway": false, "reversed": true, "length": 95.6815082788757, "from": "169", "to": "174", "_key": "0", "lanes": null, "width": null, "bridge": null, "tunnel": null, "ref": null, "access": null}, "geometry": {"type": "LineString", "coordinates": [[19.060477199999998, 47.523395600000015], [19.060876700000005, 47.52421270000001]]}}, {"id": "(150, 118, 0)", "type": "Feature", "properties": {"_status": "original", "osmid": 782, "highway": "secondary", "maxspeed": "50", "name": "Dr\u00e1va utca", "oneway": false, "reversed": true, "length": 88.05965099458592, "from": "150", "to": "118", "_key": "0", "lanes": ["5", "4"], "width": null, "bridge": null, "tunnel": null, "ref": null, "access": null}, "geometry": {"type": "LineString", "coordinates": [[19.060052, 47.525335400000046], [19.059754899999994, 47.525406400000016], [19.058939700000003, 47.525586300000036]]}}, {"id": "(150, 144, 0)", "type": "Feature", "properties": {"_status": "original", "osmid": 784, "highway": "residential", "maxspeed": "30", "name": "Heged\u0171s Gyula utca", "oneway": true, "reversed": false, "length": 96.97853313129998, "from": "144", "to": "150", "_key": "0", "lanes": "2", "width": null, "bridge": null, "tunnel": null, "ref": null, "access": null}, "geometry": {"type": "LineString", "coordinates": [[19.059644500000005, 47.5245078], [19.059836999999995, 47.52489870000001], [19.060052, 47.525335400000046]]}}, {"id": "(273, 321, 0)", "type": "Feature", "properties": {"_status": "original", "osmid": 756, "highway": "residential", "maxspeed": "30", "name": "Ap\u00e1ly utca", "oneway": false, "reversed": false, "length": 157.03999252187725, "from": "273", "to": "321", "_key": "0", "lanes": null, "width": null, "bridge": null, "tunnel": null, "ref": null, "access": null}, "geometry": {"type": "LineString", "coordinates": [[19.066737100000005, 47.52808890000005], [19.066809400000004, 47.52807480000002], [19.066850600000002, 47.52806669999998], [19.067448400000007, 47.52795010000002], [19.0674878, 47.527942400000015], [19.067501500000002, 47.52793970000004], [19.067522699999994, 47.527935600000035], [19.0679549, 47.527851200000036], [19.0680176, 47.52783900000001], [19.068480800000003, 47.52774850000005], [19.06874639999999, 47.52769670000007]]}}, {"id": "(273, 243, 0)", "type": "Feature", "properties": {"_status": "original", "osmid": 757, "highway": "residential", "maxspeed": "30", "name": "Ap\u00e1ly utca", "oneway": true, "reversed": false, "length": 123.09527559894191, "from": "273", "to": "243", "_key": "0", "lanes": null, "width": null, "bridge": null, "tunnel": null, "ref": null, "access": null}, "geometry": {"type": "LineString", "coordinates": [[19.066737100000005, 47.52808890000005], [19.065161199999995, 47.52839420000005]]}}, {"id": "(273, 275, 0)", "type": "Feature", "properties": {"_status": "original", "osmid": 758, "highway": "residential", "maxspeed": null, "name": "Angyalf\u00f6ldi \u00fat", "oneway": true, "reversed": false, "length": 42.53360163886482, "from": "275", "to": "273", "_key": "0", "lanes": null, "width": null, "bridge": null, "tunnel": null, "ref": null, "access": null}, "geometry": {"type": "LineString", "coordinates": [[19.066898300000002, 47.528455600000036], [19.066737100000005, 47.52808890000005]]}}, {"id": "(279, 275, 0)", "type": "Feature", "properties": {"_status": "original", "osmid": 798, "highway": "residential", "maxspeed": null, "name": "Angyalf\u00f6ldi \u00fat", "oneway": true, "reversed": false, "length": 82.45064224944166, "from": "279", "to": "275", "_key": "0", "lanes": null, "width": null, "bridge": null, "tunnel": null, "ref": null, "access": null}, "geometry": {"type": "LineString", "coordinates": [[19.0671951, 47.52916949999998], [19.066898300000002, 47.528455600000036]]}}, {"id": "(279, 289, 0)", "type": "Feature", "properties": {"_status": "original", "osmid": 799, "highway": "living_street", "maxspeed": null, "name": "Dunyov Istv\u00e1n utca", "oneway": false, "reversed": true, "length": 42.60866708217828, "from": "279", "to": "289", "_key": "0", "lanes": null, "width": null, "bridge": null, "tunnel": null, "ref": null, "access": null}, "geometry": {"type": "LineString", "coordinates": [[19.0671951, 47.52916949999998], [19.067316199999997, 47.52914400000005], [19.067737999999995, 47.529057900000005]]}}, {"id": "(279, 282, 0)", "type": "Feature", "properties": {"_status": "original", "osmid": 800, "highway": "residential", "maxspeed": "30", "name": "Angyalf\u00f6ldi \u00fat", "oneway": true, "reversed": false, "length": 40.80810092907388, "from": "282", "to": "279", "_key": "0", "lanes": null, "width": null, "bridge": null, "tunnel": null, "ref": null, "access": null}, "geometry": {"type": "LineString", "coordinates": [[19.067354299999998, 47.52952039999998], [19.0671951, 47.52916949999998]]}}, {"id": "(321, 318, 0)", "type": "Feature", "properties": {"_status": "original", "osmid": 852, "highway": "living_street", "maxspeed": null, "name": null, "oneway": false, "reversed": false, "length": 43.544004706772114, "from": "318", "to": "321", "_key": "0", "lanes": null, "width": null, "bridge": null, "tunnel": null, "ref": null, "access": null}, "geometry": {"type": "LineString", "coordinates": [[19.068723700000003, 47.528088000000004], [19.06874639999999, 47.52769670000007]]}}, {"id": "(275, 318, 0)", "type": "Feature", "properties": {"_status": "original", "osmid": 858, "highway": "living_street", "maxspeed": null, "name": null, "oneway": false, "reversed": false, "length": 143.01993271580534, "from": "275", "to": "318", "_key": "0", "lanes": null, "width": null, "bridge": null, "tunnel": null, "ref": null, "access": null}, "geometry": {"type": "LineString", "coordinates": [[19.066898300000002, 47.528455600000036], [19.068723700000003, 47.528088000000004]]}}, {"id": "(217, 212, 0)", "type": "Feature", "properties": {"_status": "original", "osmid": 897, "highway": "pedestrian", "maxspeed": null, "name": "S\u00f3lyat\u00e9r utca", "oneway": false, "reversed": true, "length": 82.07266530986402, "from": "212", "to": "217", "_key": "0", "lanes": null, "width": null, "bridge": null, "tunnel": null, "ref": null, "access": null}, "geometry": {"type": "LineString", "coordinates": [[19.066778400000004, 47.54597769999999], [19.0671823, 47.546663599999995]]}}, {"id": "(217, 225, 0)", "type": "Feature", "properties": {"_status": "original", "osmid": 898, "highway": "pedestrian", "maxspeed": null, "name": "S\u00f3lyat\u00e9r utca", "oneway": false, "reversed": false, "length": 114.8009605656443, "from": "225", "to": "217", "_key": "0", "lanes": null, "width": null, "bridge": null, "tunnel": null, "ref": null, "access": null}, "geometry": {"type": "LineString", "coordinates": [[19.067665699999992, 47.54764310000002], [19.0676324, 47.547574500000024], [19.067501400000005, 47.547302700000024], [19.0671823, 47.546663599999995]]}}, {"id": "(217, 187, 0)", "type": "Feature", "properties": {"_status": "original", "osmid": 899, "highway": "residential", "maxspeed": null, "name": "\u00dasz\u00f3daru utca", "oneway": false, "reversed": [false, true], "length": 116.10988543220716, "from": "187", "to": "217", "_key": "0", "lanes": null, "width": null, "bridge": null, "tunnel": null, "ref": null, "access": null}, "geometry": {"type": "LineString", "coordinates": [[19.065694399999998, 47.54694930000005], [19.066653199999998, 47.546760700000014], [19.0671823, 47.546663599999995]]}}, {"id": "(479, 512, 0)", "type": "Feature", "properties": {"_status": "original", "osmid": 791, "highway": "residential", "maxspeed": null, "name": "Juta utca", "oneway": false, "reversed": false, "length": 145.2787850287439, "from": "512", "to": "479", "_key": "0", "lanes": "2", "width": null, "bridge": null, "tunnel": null, "ref": null, "access": null}, "geometry": {"type": "LineString", "coordinates": [[19.0827134, 47.55382380000004], [19.080842899999997, 47.55416050000004]]}}, {"id": "(228, 207, 0)", "type": "Feature", "properties": {"_status": "original", "osmid": 776, "highway": "residential", "maxspeed": null, "name": "L\u0151port\u00e1r utca", "oneway": false, "reversed": false, "length": 103.08249464394204, "from": "228", "to": "207", "_key": "0", "lanes": null, "width": null, "bridge": null, "tunnel": null, "ref": null, "access": null}, "geometry": {"type": "LineString", "coordinates": [[19.063343099999994, 47.52149920000006], [19.063267000000003, 47.521536000000026], [19.062995, 47.52166760000003], [19.062836299999997, 47.52174440000004], [19.06254300000001, 47.52188630000002], [19.0623543, 47.52196710000003], [19.0622069, 47.52201730000006]]}}, {"id": "(207, 204, 0)", "type": "Feature", "properties": {"_status": "original", "osmid": 822, "highway": "secondary", "maxspeed": "50", "name": "V\u00e1ci \u00fat", "oneway": false, "reversed": true, "length": 88.90376040140201, "from": "207", "to": "204", "_key": "0", "lanes": ["6", "7"], "width": null, "bridge": null, "tunnel": null, "ref": null, "access": null}, "geometry": {"type": "LineString", "coordinates": [[19.0622069, 47.52201730000006], [19.062160799999997, 47.52190840000002], [19.062152200000003, 47.52188810000002], [19.061990100000003, 47.52150540000003], [19.061881299999996, 47.52124860000006]]}}, {"id": "(207, 180, 0)", "type": "Feature", "properties": {"_status": "original", "osmid": 835, "highway": "residential", "maxspeed": "30", "name": "Tutaj utca", "oneway": false, "reversed": true, "length": 93.5877860397766, "from": "180", "to": "207", "_key": "0", "lanes": null, "width": null, "bridge": null, "tunnel": null, "ref": null, "access": null}, "geometry": {"type": "LineString", "coordinates": [[19.0610277, 47.52228980000005], [19.061325600000004, 47.522220900000015], [19.06166169999999, 47.52214330000003], [19.061947599999996, 47.52207720000003], [19.0622069, 47.52201730000006]]}}, {"id": "(186, 169, 0)", "type": "Feature", "properties": {"_status": "original", "osmid": 838, "highway": "residential", "maxspeed": "30", "name": "V\u00e1g utca", "oneway": false, "reversed": false, "length": 78.93021138328115, "from": "186", "to": "169", "_key": "0", "lanes": null, "width": null, "bridge": null, "tunnel": null, "ref": null, "access": null}, "geometry": {"type": "LineString", "coordinates": [[19.061474299999997, 47.52317090000003], [19.061127100000004, 47.52324910000003], [19.0609657, 47.52328550000001], [19.060477199999998, 47.523395600000015]]}}, {"id": "(186, 180, 0)", "type": "Feature", "properties": {"_status": "original", "osmid": 836, "highway": "residential", "maxspeed": "30", "name": "Ronyva utca", "oneway": true, "reversed": false, "length": 103.55435783515826, "from": "180", "to": "186", "_key": "0", "lanes": null, "width": null, "bridge": null, "tunnel": null, "ref": null, "access": null}, "geometry": {"type": "LineString", "coordinates": [[19.0610277, 47.52228980000005], [19.061474299999997, 47.52317090000003]]}}, {"id": "(169, 164, 0)", "type": "Feature", "properties": {"_status": "original", "osmid": 840, "highway": "residential", "maxspeed": "30", "name": "Visegr\u00e1di utca", "oneway": false, "reversed": false, "length": 102.96499558399415, "from": "169", "to": "164", "_key": "0", "lanes": null, "width": null, "bridge": null, "tunnel": null, "ref": null, "access": null}, "geometry": {"type": "LineString", "coordinates": [[19.060477199999998, 47.523395600000015], [19.060261999999998, 47.52294380000003], [19.060173399999996, 47.522761000000045], [19.0600541, 47.52251480000002]]}}, {"id": "(118, 82, 0)", "type": "Feature", "properties": {"_status": "original", "osmid": 867, "highway": "secondary", "maxspeed": "50", "name": "Dr\u00e1va utca", "oneway": false, "reversed": true, "length": 153.66213396498856, "from": "118", "to": "82", "_key": "0", "lanes": "5", "width": null, "bridge": null, "tunnel": null, "ref": null, "access": null}, "geometry": {"type": "LineString", "coordinates": [[19.058939700000003, 47.525586300000036], [19.0588369, 47.52560970000001], [19.057991299999994, 47.525802200000044], [19.057821399999998, 47.525840900000006], [19.057175399999995, 47.525987900000054], [19.056998299999997, 47.52602320000007]]}}, {"id": "(90, 82, 0)", "type": "Feature", "properties": {"_status": "original", "osmid": 863, "highway": "residential", "maxspeed": "30", "name": "K\u00e1rp\u00e1t utca", "oneway": false, "reversed": false, "length": 193.89903858866913, "from": "82", "to": "90", "_key": "0", "lanes": "2", "width": null, "bridge": null, "tunnel": null, "ref": null, "access": null}, "geometry": {"type": "LineString", "coordinates": [[19.056998299999997, 47.52602320000007], [19.057041299999995, 47.52611200000002], [19.0571926, 47.526399900000044], [19.057851200000005, 47.52766910000004]]}}, {"id": "(71, 74, 0)", "type": "Feature", "properties": {"_status": "original", "osmid": 864, "highway": "tertiary", "maxspeed": "50", "name": "N\u00e9pf\u00fcrd\u0151 utca", "oneway": false, "reversed": true, "length": 34.43124962618266, "from": "74", "to": "71", "_key": "0", "lanes": "2", "width": null, "bridge": null, "tunnel": null, "ref": null, "access": null}, "geometry": {"type": "LineString", "coordinates": [[19.057020599999994, 47.52903860000002], [19.056880299999996, 47.5287438]]}}, {"id": "(71, 98, 0)", "type": "Feature", "properties": {"_status": "original", "osmid": 865, "highway": "pedestrian", "maxspeed": null, "name": null, "oneway": false, "reversed": true, "length": 126.15881819857995, "from": "98", "to": "71", "_key": "0", "lanes": null, "width": null, "bridge": null, "tunnel": null, "ref": null, "access": null}, "geometry": {"type": "LineString", "coordinates": [[19.058474399999998, 47.52838560000006], [19.058048399999997, 47.52847750000002], [19.057867599999998, 47.52851480000005], [19.057786, 47.52853160000002], [19.057476599999998, 47.528605899999974], [19.0574534, 47.528611500000025], [19.057151599999997, 47.52868280000006], [19.0569708, 47.5287243], [19.056880299999996, 47.5287438]]}}, {"id": "(289, 308, 0)", "type": "Feature", "properties": {"_status": "original", "osmid": 884, "highway": "living_street", "maxspeed": null, "name": "Dunyov Istv\u00e1n utca", "oneway": false, "reversed": true, "length": 68.03736346161877, "from": "289", "to": "308", "_key": "0", "lanes": null, "width": null, "bridge": null, "tunnel": null, "ref": null, "access": null}, "geometry": {"type": "LineString", "coordinates": [[19.067737999999995, 47.529057900000005], [19.068605399999996, 47.528880800000024]]}}, {"id": "(289, 316, 0)", "type": "Feature", "properties": {"_status": "original", "osmid": 889, "highway": "living_street", "maxspeed": null, "name": null, "oneway": false, "reversed": true, "length": 122.01741039552911, "from": "289", "to": "316", "_key": "0", "lanes": null, "width": null, "bridge": null, "tunnel": null, "ref": null, "access": null}, "geometry": {"type": "LineString", "coordinates": [[19.067737999999995, 47.529057900000005], [19.0675968, 47.528724100000034], [19.068659999999994, 47.528506400000005]]}}, {"id": "(282, 286, 0)", "type": "Feature", "properties": {"_status": "original", "osmid": 1084, "highway": "living_street", "maxspeed": null, "name": "Angyalf\u00f6ldi \u00fat", "oneway": false, "reversed": false, "length": 30.43818651125311, "from": "282", "to": "286", "_key": "0", "lanes": null, "width": null, "bridge": null, "tunnel": null, "ref": null, "access": null}, "geometry": {"type": "LineString", "coordinates": [[19.067354299999998, 47.52952039999998], [19.067741599999994, 47.52943950000007]]}}, {"id": "(123, 96, 0)", "type": "Feature", "properties": {"_status": "original", "osmid": 965, "highway": "residential", "maxspeed": "30", "name": "Victor Hugo utca", "oneway": true, "reversed": false, "length": 100.79415632353887, "from": "123", "to": "96", "_key": "0", "lanes": "1", "width": null, "bridge": null, "tunnel": null, "ref": null, "access": null}, "geometry": {"type": "LineString", "coordinates": [[19.057747799999998, 47.51776360000005], [19.056548699999997, 47.51802369999999], [19.0564705, 47.518042000000044]]}}, {"id": "(201, 195, 0)", "type": "Feature", "properties": {"_status": "original", "osmid": 808, "highway": "secondary", "maxspeed": "50", "name": "V\u00e1ci \u00fat", "oneway": false, "reversed": true, "length": 103.63354066164467, "from": "201", "to": "195", "_key": "0", "lanes": "6", "width": null, "bridge": null, "tunnel": null, "ref": null, "access": null}, "geometry": {"type": "LineString", "coordinates": [[19.061545399999996, 47.52045910000003], [19.0611047, 47.51957589999999]]}}, {"id": "(201, 204, 0)", "type": "Feature", "properties": {"_status": "original", "osmid": 810, "highway": "secondary", "maxspeed": "50", "name": "V\u00e1ci \u00fat", "oneway": false, "reversed": true, "length": 91.34100711579059, "from": "204", "to": "201", "_key": "0", "lanes": "6", "width": null, "bridge": null, "tunnel": null, "ref": null, "access": null}, "geometry": {"type": "LineString", "coordinates": [[19.061881299999996, 47.52124860000006], [19.0616706, 47.52075110000001], [19.061641799999993, 47.52068660000003], [19.061545399999996, 47.52045910000003]]}}, {"id": "(195, 145, 0)", "type": "Feature", "properties": {"_status": "original", "osmid": 811, "highway": "residential", "maxspeed": "30", "name": "Gogol utca", "oneway": false, "reversed": true, "length": 176.69344045797655, "from": "145", "to": "195", "_key": "0", "lanes": "2", "width": null, "bridge": null, "tunnel": null, "ref": null, "access": null}, "geometry": {"type": "LineString", "coordinates": [[19.058888699999997, 47.52010900000003], [19.059185799999995, 47.52003880000004], [19.05955329999999, 47.5199511], [19.0609606, 47.51961980000005], [19.0611047, 47.51957589999999]]}}, {"id": "(195, 190, 0)", "type": "Feature", "properties": {"_status": "original", "osmid": 812, "highway": "secondary", "maxspeed": "50", "name": "V\u00e1ci \u00fat", "oneway": false, "reversed": false, "length": 93.42955350913482, "from": "190", "to": "195", "_key": "0", "lanes": ["5", "4"], "width": null, "bridge": null, "tunnel": null, "ref": null, "access": null}, "geometry": {"type": "LineString", "coordinates": [[19.060751800000006, 47.51877100000003], [19.060811200000003, 47.518864700000016], [19.061063099999995, 47.51947520000004], [19.0611047, 47.51957589999999]]}}, {"id": "(195, 221, 0)", "type": "Feature", "properties": {"_status": "original", "osmid": 813, "highway": "residential", "maxspeed": "50", "name": "Bulcs\u00fa utca", "oneway": false, "reversed": false, "length": 134.0097022735073, "from": "221", "to": "195", "_key": "0", "lanes": ["3", "2"], "width": null, "bridge": null, "tunnel": null, "ref": null, "access": null}, "geometry": {"type": "LineString", "coordinates": [[19.06244219999999, 47.51879829999998], [19.0623635, 47.51885260000005], [19.062307399999998, 47.518891300000035], [19.062245399999988, 47.51893410000003], [19.061750300000003, 47.51927590000004], [19.061575699999988, 47.51939640000002], [19.0614778, 47.51944790000003], [19.061351300000002, 47.51950950000003], [19.0611047, 47.51957589999999]]}}, {"id": "(204, 159, 0)", "type": "Feature", "properties": {"_status": "original", "osmid": 821, "highway": "residential", "maxspeed": "30", "name": "Bessenyei utca", "oneway": false, "reversed": false, "length": 173.9592027920092, "from": "159", "to": "204", "_key": "0", "lanes": null, "width": null, "bridge": null, "tunnel": null, "ref": null, "access": null}, "geometry": {"type": "LineString", "coordinates": [[19.059683000000003, 47.5217422], [19.059749899999996, 47.52172720000004], [19.060298100000004, 47.521604100000005], [19.061004799999992, 47.521445400000026], [19.061202099999996, 47.521401100000034], [19.061341900000002, 47.521369700000015], [19.061881299999996, 47.52124860000006]]}}, {"id": "(145, 137, 0)", "type": "Feature", "properties": {"_status": "original", "osmid": 814, "highway": "residential", "maxspeed": "30", "name": "Visegr\u00e1di utca", "oneway": true, "reversed": false, "length": 96.03077312802193, "from": "145", "to": "137", "_key": "0", "lanes": null, "width": null, "bridge": null, "tunnel": null, "ref": null, "access": null}, "geometry": {"type": "LineString", "coordinates": [[19.058888699999997, 47.52010900000003], [19.0588585, 47.520046900000025], [19.058845399999996, 47.52002010000002], [19.058488299999997, 47.51928880000005]]}}, {"id": "(145, 151, 0)", "type": "Feature", "properties": {"_status": "original", "osmid": 815, "highway": "residential", "maxspeed": "30", "name": "Visegr\u00e1di utca", "oneway": false, "reversed": false, "length": 94.39006609965448, "from": "151", "to": "145", "_key": "0", "lanes": null, "width": null, "bridge": null, "tunnel": null, "ref": null, "access": null}, "geometry": {"type": "LineString", "coordinates": [[19.059279500000002, 47.52091579999998], [19.058915499999998, 47.52016430000001], [19.058888699999997, 47.52010900000003]]}}, {"id": "(145, 111, 0)", "type": "Feature", "properties": {"_status": "original", "osmid": 816, "highway": "residential", "maxspeed": "30", "name": "Gogol utca", "oneway": false, "reversed": true, "length": 100.4723790701529, "from": "111", "to": "145", "_key": "0", "lanes": "2", "width": null, "bridge": null, "tunnel": null, "ref": null, "access": null}, "geometry": {"type": "LineString", "coordinates": [[19.057625800000004, 47.52040740000004], [19.057725100000003, 47.5203839], [19.057769000000004, 47.52037360000001], [19.058888699999997, 47.52010900000003]]}}, {"id": "(190, 137, 0)", "type": "Feature", "properties": {"_status": "original", "osmid": 817, "highway": "residential", "maxspeed": "30", "name": "Ipoly utca", "oneway": true, "reversed": false, "length": 179.46924099734767, "from": "137", "to": "190", "_key": "0", "lanes": null, "width": null, "bridge": null, "tunnel": null, "ref": null, "access": null}, "geometry": {"type": "LineString", "coordinates": [[19.058488299999997, 47.51928880000005], [19.0605439, 47.51881500000003], [19.060751800000006, 47.51877100000003]]}}, {"id": "(137, 132, 0)", "type": "Feature", "properties": {"_status": "original", "osmid": 826, "highway": "residential", "maxspeed": "30", "name": "Visegr\u00e1di utca", "oneway": true, "reversed": false, "length": 60.840522232634264, "from": "137", "to": "132", "_key": "0", "lanes": null, "width": null, "bridge": null, "tunnel": null, "ref": null, "access": null}, "geometry": {"type": "LineString", "coordinates": [[19.058488299999997, 47.51928880000005], [19.058260800000003, 47.51882219999999], [19.0582349, 47.518769100000014]]}}, {"id": "(137, 105, 0)", "type": "Feature", "properties": {"_status": "original", "osmid": 827, "highway": "residential", "maxspeed": "30", "name": "Ipoly utca", "oneway": true, "reversed": false, "length": 100.78271886233959, "from": "105", "to": "137", "_key": "0", "lanes": null, "width": null, "bridge": null, "tunnel": null, "ref": null, "access": null}, "geometry": {"type": "LineString", "coordinates": [[19.05721939999999, 47.51958400000005], [19.0577949, 47.51945010000005], [19.0583953, 47.5193104], [19.058488299999997, 47.51928880000005]]}}, {"id": "(151, 117, 0)", "type": "Feature", "properties": {"_status": "original", "osmid": 824, "highway": "residential", "maxspeed": "30", "name": "Garam utca", "oneway": false, "reversed": true, "length": 100.00260955410552, "from": "151", "to": "117", "_key": "0", "lanes": null, "width": null, "bridge": null, "tunnel": null, "ref": null, "access": null}, "geometry": {"type": "LineString", "coordinates": [[19.059279500000002, 47.52091579999998], [19.058102300000005, 47.521185100000075], [19.058018199999992, 47.52120440000004]]}}, {"id": "(151, 159, 0)", "type": "Feature", "properties": {"_status": "original", "osmid": 825, "highway": "residential", "maxspeed": "30", "name": "Visegr\u00e1di utca", "oneway": false, "reversed": false, "length": 96.75832962510934, "from": "159", "to": "151", "_key": "0", "lanes": null, "width": null, "bridge": null, "tunnel": null, "ref": null, "access": null}, "geometry": {"type": "LineString", "coordinates": [[19.059683000000003, 47.5217422], [19.059663700000005, 47.5217024], [19.0594519, 47.52127160000005], [19.059279500000002, 47.52091579999998]]}}, {"id": "(111, 117, 0)", "type": "Feature", "properties": {"_status": "original", "osmid": 828, "highway": "residential", "maxspeed": "30", "name": "Heged\u0171s Gyula utca", "oneway": true, "reversed": false, "length": 93.3927613829025, "from": "111", "to": "117", "_key": "0", "lanes": null, "width": null, "bridge": null, "tunnel": null, "ref": null, "access": null}, "geometry": {"type": "LineString", "coordinates": [[19.057625800000004, 47.52040740000004], [19.057657799999994, 47.52047230000002], [19.058018199999992, 47.52120440000004]]}}, {"id": "(111, 105, 0)", "type": "Feature", "properties": {"_status": "original", "osmid": 829, "highway": "residential", "maxspeed": "30", "name": "Heged\u0171s Gyula utca", "oneway": true, "reversed": false, "length": 96.51071533044345, "from": "105", "to": "111", "_key": "0", "lanes": "1", "width": null, "bridge": null, "tunnel": null, "ref": null, "access": null}, "geometry": {"type": "LineString", "coordinates": [[19.05721939999999, 47.51958400000005], [19.057526799999998, 47.520203100000025], [19.057576499999996, 47.52030560000004], [19.057625800000004, 47.52040740000004]]}}, {"id": "(111, 86, 0)", "type": "Feature", "properties": {"_status": "original", "osmid": 830, "highway": "residential", "maxspeed": "30", "name": "Gogol utca", "oneway": false, "reversed": true, "length": 97.32615611864051, "from": "86", "to": "111", "_key": "0", "lanes": null, "width": null, "bridge": null, "tunnel": null, "ref": null, "access": null}, "geometry": {"type": "LineString", "coordinates": [[19.056399899999995, 47.520691500000034], [19.056494200000003, 47.52066970000002], [19.0565372, 47.52065970000001], [19.057499700000005, 47.52043720000001], [19.057538700000006, 47.52042799999999], [19.057625800000004, 47.52040740000004]]}}, {"id": "(159, 119, 0)", "type": "Feature", "properties": {"_status": "original", "osmid": 833, "highway": "residential", "maxspeed": "30", "name": "Bessenyei utca", "oneway": false, "reversed": true, "length": 99.76564432861521, "from": "159", "to": "119", "_key": "0", "lanes": null, "width": null, "bridge": null, "tunnel": null, "ref": null, "access": null}, "geometry": {"type": "LineString", "coordinates": [[19.059683000000003, 47.5217422], [19.0596318, 47.521753399999994], [19.058784700000004, 47.521939500000066], [19.05862979999999, 47.52197350000002], [19.0585077, 47.522000300000016], [19.058460400000005, 47.52201070000004], [19.058419499999996, 47.522019600000014]]}}, {"id": "(159, 164, 0)", "type": "Feature", "properties": {"_status": "original", "osmid": 834, "highway": "residential", "maxspeed": "30", "name": "Visegr\u00e1di utca", "oneway": false, "reversed": false, "length": 90.31574811225063, "from": "164", "to": "159", "_key": "0", "lanes": null, "width": null, "bridge": null, "tunnel": null, "ref": null, "access": null}, "geometry": {"type": "LineString", "coordinates": [[19.0600541, 47.52251480000002], [19.059697600000003, 47.52177240000003], [19.059683000000003, 47.5217422]]}}, {"id": "(117, 119, 0)", "type": "Feature", "properties": {"_status": "original", "osmid": 987, "highway": "residential", "maxspeed": "30", "name": "Heged\u0171s Gyula utca", "oneway": true, "reversed": false, "length": 95.52385998318215, "from": "117", "to": "119", "_key": "0", "lanes": null, "width": null, "bridge": null, "tunnel": null, "ref": null, "access": null}, "geometry": {"type": "LineString", "coordinates": [[19.058018199999992, 47.52120440000004], [19.058387299999993, 47.521954100000045], [19.058419499999996, 47.522019600000014]]}}, {"id": "(117, 91, 0)", "type": "Feature", "properties": {"_status": "original", "osmid": 988, "highway": "residential", "maxspeed": "30", "name": "Garam utca", "oneway": false, "reversed": false, "length": 96.15314164275054, "from": "91", "to": "117", "_key": "0", "lanes": null, "width": null, "bridge": null, "tunnel": null, "ref": null, "access": null}, "geometry": {"type": "LineString", "coordinates": [[19.056805399999995, 47.521481800000004], [19.056926300000004, 47.5214541], [19.057935999999998, 47.52122320000001], [19.058018199999992, 47.52120440000004]]}}, {"id": "(132, 130, 0)", "type": "Feature", "properties": {"_status": "original", "osmid": 984, "highway": "residential", "maxspeed": "30", "name": "Visegr\u00e1di utca", "oneway": true, "reversed": false, "length": 28.339626759186263, "from": "132", "to": "130", "_key": "0", "lanes": null, "width": null, "bridge": null, "tunnel": null, "ref": null, "access": null}, "geometry": {"type": "LineString", "coordinates": [[19.0582349, 47.518769100000014], [19.058196399999993, 47.518686799999976], [19.058121099999994, 47.5185261]]}}, {"id": "(105, 99, 0)", "type": "Feature", "properties": {"_status": "original", "osmid": 971, "highway": "residential", "maxspeed": "30", "name": "Heged\u0171s Gyula utca", "oneway": true, "reversed": false, "length": 89.39390746930012, "from": "99", "to": "105", "_key": "0", "lanes": "1", "width": null, "bridge": null, "tunnel": null, "ref": null, "access": null}, "geometry": {"type": "LineString", "coordinates": [[19.0568525, 47.51881920000001], [19.05692019999999, 47.51896030000003], [19.057038600000002, 47.51920720000005], [19.05721939999999, 47.51958400000005]]}}, {"id": "(105, 83, 0)", "type": "Feature", "properties": {"_status": "original", "osmid": 982, "highway": "residential", "maxspeed": "30", "name": "Ipoly utca", "oneway": true, "reversed": false, "length": 97.66862702104586, "from": "83", "to": "105", "_key": "0", "lanes": null, "width": null, "bridge": null, "tunnel": null, "ref": null, "access": null}, "geometry": {"type": "LineString", "coordinates": [[19.055988, 47.51986670000004], [19.05648969999999, 47.5197519], [19.057129099999997, 47.5196057], [19.05721939999999, 47.51958400000005]]}}, {"id": "(86, 83, 0)", "type": "Feature", "properties": {"_status": "original", "osmid": 985, "highway": "residential", "maxspeed": "30", "name": "Pann\u00f3nia utca", "oneway": true, "reversed": false, "length": 96.79991967535317, "from": "86", "to": "83", "_key": "0", "lanes": null, "width": null, "bridge": null, "tunnel": null, "ref": null, "access": null}, "geometry": {"type": "LineString", "coordinates": [[19.056399899999995, 47.520691500000034], [19.056150799999998, 47.52021280000001], [19.05602319999999, 47.51994160000001], [19.055988, 47.51986670000004]]}}, {"id": "(86, 91, 0)", "type": "Feature", "properties": {"_status": "original", "osmid": 989, "highway": "residential", "maxspeed": "30", "name": "Pann\u00f3nia utca", "oneway": true, "reversed": false, "length": 93.00346508897863, "from": "91", "to": "86", "_key": "0", "lanes": null, "width": null, "bridge": null, "tunnel": null, "ref": null, "access": null}, "geometry": {"type": "LineString", "coordinates": [[19.056805399999995, 47.521481800000004], [19.056399899999995, 47.520691500000034]]}}, {"id": "(119, 129, 0)", "type": "Feature", "properties": {"_status": "original", "osmid": 991, "highway": "residential", "maxspeed": "30", "name": "Heged\u0171s Gyula utca", "oneway": true, "reversed": false, "length": 90.46320870248678, "from": "119", "to": "129", "_key": "0", "lanes": null, "width": null, "bridge": null, "tunnel": null, "ref": null, "access": null}, "geometry": {"type": "LineString", "coordinates": [[19.058419499999996, 47.522019600000014], [19.058778499999995, 47.52274920000002], [19.058799600000008, 47.52279160000002]]}}, {"id": "(119, 95, 0)", "type": "Feature", "properties": {"_status": "original", "osmid": 992, "highway": "residential", "maxspeed": "30", "name": "Bessenyei utca", "oneway": false, "reversed": false, "length": 95.47815524856061, "from": "95", "to": "119", "_key": "0", "lanes": null, "width": null, "bridge": null, "tunnel": null, "ref": null, "access": null}, "geometry": {"type": "LineString", "coordinates": [[19.057210399999995, 47.52228530000001], [19.057474699999993, 47.522227200000025], [19.058131999999997, 47.52208290000002], [19.058220499999997, 47.52206340000001], [19.0582706, 47.52205240000001], [19.058380799999995, 47.522028100000014], [19.058419499999996, 47.522019600000014]]}}, {"id": "(164, 180, 0)", "type": "Feature", "properties": {"_status": "original", "osmid": 837, "highway": "residential", "maxspeed": "30", "name": "Tutaj utca", "oneway": false, "reversed": true, "length": 77.27033891450203, "from": "164", "to": "180", "_key": "0", "lanes": null, "width": null, "bridge": null, "tunnel": null, "ref": null, "access": null}, "geometry": {"type": "LineString", "coordinates": [[19.0600541, 47.52251480000002], [19.0606655, 47.522373500000015], [19.0610277, 47.52228980000005]]}}, {"id": "(164, 129, 0)", "type": "Feature", "properties": {"_status": "original", "osmid": 839, "highway": "residential", "maxspeed": "30", "name": "Tutaj utca", "oneway": false, "reversed": false, "length": 99.10122706600193, "from": "164", "to": "129", "_key": "0", "lanes": null, "width": null, "bridge": null, "tunnel": null, "ref": null, "access": null}, "geometry": {"type": "LineString", "coordinates": [[19.0600541, 47.52251480000002], [19.059025100000003, 47.52274160000004], [19.058850299999992, 47.5227801], [19.058799600000008, 47.52279160000002]]}}, {"id": "(343, 371, 0)", "type": "Feature", "properties": {"_status": "original", "osmid": 854, "highway": "living_street", "maxspeed": null, "name": "Gid\u00f3falvy Lajos utca", "oneway": true, "reversed": false, "length": 108.98989611737767, "from": "371", "to": "343", "_key": "0", "lanes": null, "width": null, "bridge": null, "tunnel": null, "ref": null, "access": null}, "geometry": {"type": "LineString", "coordinates": [[19.070694399999997, 47.52709860000003], [19.07052399999999, 47.52720190000001], [19.0696502, 47.52777930000003]]}}, {"id": "(318, 316, 0)", "type": "Feature", "properties": {"_status": "original", "osmid": 857, "highway": "living_street", "maxspeed": null, "name": null, "oneway": false, "reversed": false, "length": 46.769210461780595, "from": "316", "to": "318", "_key": "0", "lanes": null, "width": null, "bridge": null, "tunnel": null, "ref": null, "access": null}, "geometry": {"type": "LineString", "coordinates": [[19.068659999999994, 47.528506400000005], [19.068723700000003, 47.528088000000004]]}}, {"id": "(371, 380, 0)", "type": "Feature", "properties": {"_status": "original", "osmid": 861, "highway": "living_street", "maxspeed": null, "name": "Gid\u00f3falvy Lajos utca", "oneway": true, "reversed": false, "length": 72.29389924426987, "from": "380", "to": "371", "_key": "0", "lanes": null, "width": null, "bridge": null, "tunnel": null, "ref": null, "access": null}, "geometry": {"type": "LineString", "coordinates": [[19.071533799999997, 47.52741710000007], [19.070694399999997, 47.52709860000003]]}}, {"id": "(320, 308, 0)", "type": "Feature", "properties": {"_status": "original", "osmid": 883, "highway": "living_street", "maxspeed": null, "name": "Dunyov Istv\u00e1n utca", "oneway": false, "reversed": true, "length": 24.35453269036007, "from": "308", "to": "320", "_key": "0", "lanes": null, "width": null, "bridge": null, "tunnel": null, "ref": null, "access": null}, "geometry": {"type": "LineString", "coordinates": [[19.068605399999996, 47.528880800000024], [19.06891579999999, 47.528817200000056]]}}, {"id": "(320, 319, 0)", "type": "Feature", "properties": {"_status": "original", "osmid": 886, "highway": "living_street", "maxspeed": null, "name": "Kass\u00e1k Lajos utca", "oneway": false, "reversed": true, "length": 178.12237417692472, "from": "319", "to": "320", "_key": "0", "lanes": null, "width": null, "bridge": null, "tunnel": null, "ref": null, "access": null}, "geometry": {"type": "LineString", "coordinates": [[19.069130699999988, 47.53036540000003], [19.069023300000005, 47.530257900000045], [19.06892669999999, 47.530141800000045], [19.0688753, 47.53005230000003], [19.068829000000004, 47.529934300000036], [19.068804599999996, 47.52980350000002], [19.068822499999996, 47.5296451], [19.06891579999999, 47.528817200000056]]}}, {"id": "(331, 319, 0)", "type": "Feature", "properties": {"_status": "original", "osmid": 887, "highway": "living_street", "maxspeed": null, "name": "Kass\u00e1k Lajos utca", "oneway": false, "reversed": true, "length": 55.816218709978685, "from": "331", "to": "319", "_key": "0", "lanes": null, "width": null, "bridge": null, "tunnel": null, "ref": null, "access": null}, "geometry": {"type": "LineString", "coordinates": [[19.069689199999996, 47.53035000000002], [19.069651, 47.530375199999995], [19.069443899999996, 47.53051339999999], [19.0693589, 47.53051080000002], [19.069130699999988, 47.53036540000003]]}}, {"id": "(331, 347, 0)", "type": "Feature", "properties": {"_status": "original", "osmid": 890, "highway": "living_street", "maxspeed": null, "name": "Kass\u00e1k Lajos utca", "oneway": false, "reversed": true, "length": 46.19914816354618, "from": "347", "to": "331", "_key": "0", "lanes": null, "width": null, "bridge": null, "tunnel": null, "ref": null, "access": null}, "geometry": {"type": "LineString", "coordinates": [[19.07012839999999, 47.53005900000002], [19.069784400000007, 47.5302872], [19.069708699999996, 47.53033710000005], [19.069689199999996, 47.53035000000002]]}}, {"id": "(316, 308, 0)", "type": "Feature", "properties": {"_status": "original", "osmid": 885, "highway": "living_street", "maxspeed": null, "name": null, "oneway": false, "reversed": true, "length": 41.832787583035945, "from": "316", "to": "308", "_key": "0", "lanes": null, "width": null, "bridge": null, "tunnel": null, "ref": null, "access": null}, "geometry": {"type": "LineString", "coordinates": [[19.068659999999994, 47.528506400000005], [19.068605399999996, 47.528880800000024]]}}, {"id": "(74, 101, 0)", "type": "Feature", "properties": {"_status": "original", "osmid": 870, "highway": "pedestrian", "maxspeed": null, "name": null, "oneway": false, "reversed": true, "length": 125.9860251205612, "from": "101", "to": "74", "_key": "0", "lanes": null, "width": null, "bridge": null, "tunnel": null, "ref": null, "access": null}, "geometry": {"type": "LineString", "coordinates": [[19.058610900000005, 47.52867710000002], [19.0579389, 47.52882980000003], [19.057613999999997, 47.52890370000002], [19.057288299999993, 47.52897770000003], [19.057136099999994, 47.529012300000005], [19.057110600000005, 47.529018099999995], [19.057020599999994, 47.52903860000002]]}}, {"id": "(98, 101, 0)", "type": "Feature", "properties": {"_status": "original", "osmid": 871, "highway": "pedestrian", "maxspeed": null, "name": "Tom Lantos s\u00e9t\u00e1ny", "oneway": false, "reversed": true, "length": 34.00490837431091, "from": "98", "to": "101", "_key": "0", "lanes": null, "width": null, "bridge": null, "tunnel": null, "ref": null, "access": null}, "geometry": {"type": "LineString", "coordinates": [[19.058474399999998, 47.52838560000006], [19.058534599999994, 47.52850230000003], [19.058582200000004, 47.52860979999999], [19.058610900000005, 47.52867710000002]]}}, {"id": "(101, 106, 0)", "type": "Feature", "properties": {"_status": "original", "osmid": 882, "highway": "pedestrian", "maxspeed": null, "name": "Tom Lantos s\u00e9t\u00e1ny", "oneway": false, "reversed": true, "length": 104.91231995566119, "from": "101", "to": "106", "_key": "0", "lanes": null, "width": null, "bridge": null, "tunnel": null, "ref": null, "access": null}, "geometry": {"type": "LineString", "coordinates": [[19.058610900000005, 47.52867710000002], [19.058669999999996, 47.52880980000004], [19.0587195, 47.5289211], [19.058798000000003, 47.52909740000001], [19.058823099999998, 47.52915380000003], [19.058922200000005, 47.529376400000004], [19.058936799999998, 47.529409200000046], [19.0589737, 47.529492200000014], [19.0589936, 47.52958360000004]]}}, {"id": "(84, 104, 0)", "type": "Feature", "properties": {"_status": "original", "osmid": 877, "highway": "residential", "maxspeed": null, "name": "Viza utca", "oneway": false, "reversed": true, "length": 90.04633314762513, "from": "104", "to": "84", "_key": "0", "lanes": null, "width": null, "bridge": null, "tunnel": null, "ref": null, "access": null}, "geometry": {"type": "LineString", "coordinates": [[19.058936, 47.52959890000003], [19.058705699999997, 47.52964160000001], [19.05778709999999, 47.52983110000004]]}}, {"id": "(104, 116, 0)", "type": "Feature", "properties": {"_status": "original", "osmid": 879, "highway": "living_street", "maxspeed": "20", "name": "Vizafog\u00f3 s\u00e9t\u00e1ny", "oneway": true, "reversed": false, "length": 200.48933698220563, "from": "104", "to": "116", "_key": "0", "lanes": null, "width": null, "bridge": null, "tunnel": null, "ref": null, "access": null}, "geometry": {"type": "LineString", "coordinates": [[19.058936, 47.52959890000003], [19.0590471, 47.529834800000046], [19.0591825, 47.53012250000002], [19.059198800000008, 47.53025710000002], [19.059225399999995, 47.530323100000025], [19.059301199999997, 47.53049470000002], [19.059403500000002, 47.5306799], [19.0594609, 47.53074460000001], [19.059522299999998, 47.53081110000003], [19.0596207, 47.5310457], [19.059731999999997, 47.531311099999996]]}}, {"id": "(104, 106, 0)", "type": "Feature", "properties": {"_status": "original", "osmid": 880, "highway": "residential", "maxspeed": null, "name": "Viza utca", "oneway": false, "reversed": true, "length": 4.647212483855826, "from": "106", "to": "104", "_key": "0", "lanes": null, "width": null, "bridge": null, "tunnel": null, "ref": null, "access": null}, "geometry": {"type": "LineString", "coordinates": [[19.0589936, 47.52958360000004], [19.058936, 47.52959890000003]]}}, {"id": "(116, 120, 0)", "type": "Feature", "properties": {"_status": "original", "osmid": 1093, "highway": "living_street", "maxspeed": "20", "name": "Vizafog\u00f3 s\u00e9t\u00e1ny", "oneway": true, "reversed": false, "length": 135.04991410410838, "from": "116", "to": "120", "_key": "0", "lanes": null, "width": null, "bridge": null, "tunnel": null, "ref": null, "access": null}, "geometry": {"type": "LineString", "coordinates": [[19.059731999999997, 47.531311099999996], [19.059754500000007, 47.531438800000025], [19.0597678, 47.53147220000002], [19.059841899999995, 47.53165770000003], [19.059905999999994, 47.531791], [19.0600275, 47.531923700000036], [19.060160699999997, 47.532229000000044], [19.060263199999998, 47.532463800000045]]}}, {"id": "(106, 110, 0)", "type": "Feature", "properties": {"_status": "original", "osmid": 1073, "highway": "residential", "maxspeed": null, "name": "Viza utca", "oneway": false, "reversed": true, "length": 19.00802295222797, "from": "110", "to": "106", "_key": "0", "lanes": null, "width": null, "bridge": null, "tunnel": null, "ref": null, "access": null}, "geometry": {"type": "LineString", "coordinates": [[19.0592293, 47.529521200000055], [19.0589936, 47.52958360000004]]}}, {"id": "(157, 154, 0)", "type": "Feature", "properties": {"_status": "original", "osmid": 896, "highway": "living_street", "maxspeed": "20", "name": null, "oneway": false, "reversed": true, "length": 85.5570823121515, "from": "154", "to": "157", "_key": "0", "lanes": null, "width": null, "bridge": null, "tunnel": null, "ref": null, "access": null}, "geometry": {"type": "LineString", "coordinates": [[19.06161459999999, 47.53387530000003], [19.061745799999997, 47.53417210000001], [19.06193749999999, 47.53461320000002]]}}, {"id": "(259, 262, 0)", "type": "Feature", "properties": {"_status": "original", "osmid": 892, "highway": "secondary", "maxspeed": "50", "name": "V\u00e1ci \u00fat", "oneway": true, "reversed": false, "length": 37.14118368123741, "from": "259", "to": "262", "_key": "0", "lanes": "3", "width": null, "bridge": null, "tunnel": null, "ref": null, "access": null}, "geometry": {"type": "LineString", "coordinates": [[19.066473399999992, 47.53152070000006], [19.0666243, 47.53183879999998]]}}, {"id": "(259, 254, 0)", "type": "Feature", "properties": {"_status": "new", "osmid": 894, "highway": null, "maxspeed": null, "name": null, "oneway": null, "reversed": null, "length": null, "from": "254", "to": "259", "_key": "0", "lanes": null, "width": null, "bridge": null, "tunnel": null, "ref": null, "access": null}, "geometry": {"type": "LineString", "coordinates": [[19.06626158147768, 47.53145245136333], [19.066473399999992, 47.53152070000006]]}}, {"id": "(154, 133, 0)", "type": "Feature", "properties": {"_status": "original", "osmid": 1062, "highway": "living_street", "maxspeed": "20", "name": null, "oneway": true, "reversed": false, "length": 52.95659984958709, "from": "133", "to": "154", "_key": "0", "lanes": null, "width": null, "bridge": null, "tunnel": null, "ref": null, "access": null}, "geometry": {"type": "LineString", "coordinates": [[19.060939200000004, 47.53396550000007], [19.06105459999999, 47.53398909999999], [19.06161459999999, 47.53387530000003]]}}, {"id": "(154, 152, 0)", "type": "Feature", "properties": {"_status": "original", "osmid": 1063, "highway": "living_street", "maxspeed": "20", "name": null, "oneway": false, "reversed": true, "length": 19.576483228319624, "from": "152", "to": "154", "_key": "0", "lanes": null, "width": null, "bridge": null, "tunnel": null, "ref": null, "access": null}, "geometry": {"type": "LineString", "coordinates": [[19.061537100000006, 47.53370720000003], [19.06161459999999, 47.53387530000003]]}}, {"id": "(212, 179, 0)", "type": "Feature", "properties": {"_status": "original", "osmid": 901, "highway": "pedestrian", "maxspeed": null, "name": ["Kel\u00e9n utca", "S\u00f3lyat\u00e9r utca"], "oneway": false, "reversed": false, "length": 152.94294610632699, "from": "212", "to": "179", "_key": "0", "lanes": null, "width": null, "bridge": null, "tunnel": null, "ref": null, "access": null}, "geometry": {"type": "LineString", "coordinates": [[19.066778400000004, 47.54597769999999], [19.066209800000003, 47.54560070000005], [19.066167599999993, 47.54565129999999], [19.0659651, 47.54578350000004], [19.0657597, 47.54589100000005], [19.065464499999994, 47.546007800000055], [19.065208499999997, 47.54606750000001]]}}, {"id": "(225, 192, 0)", "type": "Feature", "properties": {"_status": "original", "osmid": 903, "highway": "residential", "maxspeed": null, "name": "Tur\u00f3c utca", "oneway": false, "reversed": true, "length": 127.18698995236484, "from": "225", "to": "192", "_key": "0", "lanes": null, "width": null, "bridge": null, "tunnel": null, "ref": null, "access": null}, "geometry": {"type": "LineString", "coordinates": [[19.067665699999992, 47.54764310000002], [19.0665038, 47.54788550000007], [19.0662332, 47.54794390000002], [19.066049199999995, 47.5479862]]}}, {"id": "(187, 170, 0)", "type": "Feature", "properties": {"_status": "original", "osmid": 904, "highway": "residential", "maxspeed": null, "name": "\u00dasz\u00f3daru utca", "oneway": false, "reversed": true, "length": 76.96073659564848, "from": "187", "to": "170", "_key": "0", "lanes": null, "width": null, "bridge": null, "tunnel": null, "ref": null, "access": null}, "geometry": {"type": "LineString", "coordinates": [[19.065694399999998, 47.54694930000005], [19.064705499999995, 47.54713230000003]]}}, {"id": "(187, 179, 0)", "type": "Feature", "properties": {"_status": "original", "osmid": 905, "highway": "residential", "maxspeed": null, "name": "Danubius utca", "oneway": false, "reversed": true, "length": 104.61448685185599, "from": "179", "to": "187", "_key": "0", "lanes": null, "width": null, "bridge": null, "tunnel": null, "ref": null, "access": null}, "geometry": {"type": "LineString", "coordinates": [[19.065208499999997, 47.54606750000001], [19.065694399999998, 47.54694930000005]]}}, {"id": "(187, 192, 0)", "type": "Feature", "properties": {"_status": "original", "osmid": 906, "highway": "residential", "maxspeed": null, "name": "Danubius utca", "oneway": false, "reversed": false, "length": 118.33338436969802, "from": "192", "to": "187", "_key": "0", "lanes": null, "width": null, "bridge": null, "tunnel": null, "ref": null, "access": null}, "geometry": {"type": "LineString", "coordinates": [[19.066049199999995, 47.5479862], [19.065694399999998, 47.54694930000005]]}}, {"id": "(179, 158, 0)", "type": "Feature", "properties": {"_status": "original", "osmid": 1098, "highway": "residential", "maxspeed": null, "name": ["Kel\u00e9n utca", "Danubius utca"], "oneway": false, "reversed": true, "length": 101.36226068768036, "from": "158", "to": "179", "_key": "0", "lanes": null, "width": null, "bridge": null, "tunnel": null, "ref": null, "access": null}, "geometry": {"type": "LineString", "coordinates": [[19.0639832, 47.54615840000003], [19.064256799999995, 47.54604850000005], [19.064512700000005, 47.54605240000004], [19.0647206, 47.5460388], [19.064952599999998, 47.546020699999985], [19.065172599999997, 47.54599670000006], [19.065208499999997, 47.54606750000001]]}}, {"id": "(192, 178, 0)", "type": "Feature", "properties": {"_status": "original", "osmid": 1099, "highway": "residential", "maxspeed": null, "name": "Tur\u00f3c utca", "oneway": false, "reversed": true, "length": 53.62783375487715, "from": "192", "to": "178", "_key": "0", "lanes": null, "width": null, "bridge": null, "tunnel": null, "ref": null, "access": null}, "geometry": {"type": "LineString", "coordinates": [[19.066049199999995, 47.5479862], [19.0653658, 47.548126999999994]]}}, {"id": "(192, 203, 0)", "type": "Feature", "properties": {"_status": "original", "osmid": 1100, "highway": "residential", "maxspeed": null, "name": "Danubius utca", "oneway": false, "reversed": false, "length": 140.26895220623638, "from": "203", "to": "192", "_key": "0", "lanes": null, "width": null, "bridge": null, "tunnel": null, "ref": null, "access": null}, "geometry": {"type": "LineString", "coordinates": [[19.066789099999994, 47.54914300000002], [19.066438699999996, 47.54864650000001], [19.066082799999993, 47.548073500000044], [19.066049199999995, 47.5479862]]}}, {"id": "(229, 206, 0)", "type": "Feature", "properties": {"_status": "original", "osmid": 909, "highway": "residential", "maxspeed": null, "name": "Haj\u00f3kov\u00e1cs utca", "oneway": false, "reversed": false, "length": 105.27356261356448, "from": "206", "to": "229", "_key": "0", "lanes": null, "width": null, "bridge": null, "tunnel": null, "ref": null, "access": null}, "geometry": {"type": "LineString", "coordinates": [[19.066914099999998, 47.54916770000003], [19.068193499999996, 47.54877960000005]]}}, {"id": "(229, 234, 0)", "type": "Feature", "properties": {"_status": "original", "osmid": 910, "highway": "pedestrian", "maxspeed": null, "name": "S\u00f3lyat\u00e9r utca", "oneway": false, "reversed": false, "length": 74.52905134406227, "from": "234", "to": "229", "_key": "0", "lanes": null, "width": null, "bridge": null, "tunnel": null, "ref": null, "access": null}, "geometry": {"type": "LineString", "coordinates": [[19.068535300000004, 47.54940890000007], [19.06850789999999, 47.549358500000075], [19.0684618, 47.54927350000002], [19.0682215, 47.548830700000025], [19.068193499999996, 47.54877960000005]]}}, {"id": "(206, 203, 0)", "type": "Feature", "properties": {"_status": "original", "osmid": 1101, "highway": "residential", "maxspeed": null, "name": "Haj\u00f3kov\u00e1cs utca", "oneway": false, "reversed": true, "length": 9.775263931975793, "from": "206", "to": "203", "_key": "0", "lanes": null, "width": null, "bridge": null, "tunnel": null, "ref": null, "access": null}, "geometry": {"type": "LineString", "coordinates": [[19.066914099999998, 47.54916770000003], [19.066789099999994, 47.54914300000002]]}}, {"id": "(206, 208, 0)", "type": "Feature", "properties": {"_status": "original", "osmid": 1103, "highway": "residential", "maxspeed": null, "name": "Danubius utca", "oneway": false, "reversed": true, "length": 65.32926724953022, "from": "208", "to": "206", "_key": "0", "lanes": null, "width": null, "bridge": null, "tunnel": null, "ref": null, "access": null}, "geometry": {"type": "LineString", "coordinates": [[19.067263199999996, 47.54970590000001], [19.066914099999998, 47.54916770000003]]}}, {"id": "(234, 208, 0)", "type": "Feature", "properties": {"_status": "original", "osmid": 1104, "highway": "living_street", "maxspeed": "20", "name": "Meder utca", "oneway": false, "reversed": false, "length": 101.0233235920577, "from": "208", "to": "234", "_key": "0", "lanes": "2", "width": null, "bridge": null, "tunnel": null, "ref": null, "access": null}, "geometry": {"type": "LineString", "coordinates": [[19.067263199999996, 47.54970590000001], [19.068535300000004, 47.54940890000007]]}}, {"id": "(234, 265, 0)", "type": "Feature", "properties": {"_status": "original", "osmid": 1105, "highway": "pedestrian", "maxspeed": null, "name": "Meder utca", "oneway": false, "reversed": [false, true], "length": 239.15611939267183, "from": "265", "to": "234", "_key": "0", "lanes": null, "width": null, "bridge": null, "tunnel": null, "ref": null, "access": null}, "geometry": {"type": "LineString", "coordinates": [[19.0697311, 47.54807920000002], [19.070042900000004, 47.548970100000005], [19.0700536, 47.5490008], [19.070068999999997, 47.54904480000003], [19.070091099999992, 47.549107900000074], [19.070063399999995, 47.549114300000056], [19.06935259999999, 47.54927940000005], [19.068535300000004, 47.54940890000007]]}}, {"id": "(293, 301, 0)", "type": "Feature", "properties": {"_status": "original", "osmid": 1085, "highway": "living_street", "maxspeed": null, "name": null, "oneway": false, "reversed": false, "length": 19.58791424428594, "from": "293", "to": "301", "_key": "0", "lanes": null, "width": null, "bridge": null, "tunnel": null, "ref": null, "access": null}, "geometry": {"type": "LineString", "coordinates": [[19.0681689, 47.530141800000045], [19.0684169, 47.530087100000024]]}}, {"id": "(293, 286, 0)", "type": "Feature", "properties": {"_status": "original", "osmid": 1086, "highway": "living_street", "maxspeed": null, "name": "Angyalf\u00f6ldi \u00fat", "oneway": false, "reversed": false, "length": 158.71460557952554, "from": "286", "to": "293", "_key": "0", "lanes": null, "width": null, "bridge": null, "tunnel": null, "ref": null, "access": null}, "geometry": {"type": "LineString", "coordinates": [[19.067741599999994, 47.52943950000007], [19.0682872, 47.52931510000001], [19.0684185, 47.529586600000016], [19.0683674, 47.52971840000003], [19.06801449999999, 47.52978860000001], [19.0681689, 47.530141800000045]]}}, {"id": "(27, 31, 0)", "type": "Feature", "properties": {"_status": "original", "osmid": 936, "highway": "residential", "maxspeed": "30", "name": "Pann\u00f3nia utca", "oneway": true, "reversed": false, "length": 90.47182123324289, "from": "31", "to": "27", "_key": "0", "lanes": "3", "width": null, "bridge": null, "tunnel": null, "ref": null, "access": null}, "geometry": {"type": "LineString", "coordinates": [[19.051320399999994, 47.512994400000046], [19.0511436, 47.5127451], [19.050900200000005, 47.51242460000001], [19.050874499999995, 47.512390800000055], [19.0508491, 47.51235380000005], [19.050831600000002, 47.51232830000004], [19.0507879, 47.512264700000024]]}}, {"id": "(50, 42, 0)", "type": "Feature", "properties": {"_status": "original", "osmid": 937, "highway": "residential", "maxspeed": "30", "name": "V\u00edgsz\u00ednh\u00e1z utca", "oneway": true, "reversed": false, "length": 52.50398398332523, "from": "50", "to": "42", "_key": "0", "lanes": null, "width": null, "bridge": null, "tunnel": null, "ref": null, "access": null}, "geometry": {"type": "LineString", "coordinates": [[19.052592499999996, 47.5125653], [19.0519671, 47.51277630000002]]}}, {"id": "(50, 57, 0)", "type": "Feature", "properties": {"_status": "original", "osmid": 938, "highway": "residential", "maxspeed": "30", "name": "Heged\u0171s Gyula utca", "oneway": true, "reversed": false, "length": 97.0796559979681, "from": "50", "to": "57", "_key": "0", "lanes": "1", "width": null, "bridge": null, "tunnel": null, "ref": null, "access": null}, "geometry": {"type": "LineString", "coordinates": [[19.052592499999996, 47.5125653], [19.0529534, 47.51305730000001], [19.053160899999998, 47.51334940000003]]}}, {"id": "(31, 42, 0)", "type": "Feature", "properties": {"_status": "original", "osmid": 940, "highway": "residential", "maxspeed": "30", "name": "V\u00edgsz\u00ednh\u00e1z utca", "oneway": true, "reversed": false, "length": 54.28771279419477, "from": "42", "to": "31", "_key": "0", "lanes": null, "width": null, "bridge": null, "tunnel": null, "ref": null, "access": null}, "geometry": {"type": "LineString", "coordinates": [[19.0519671, 47.51277630000002], [19.0513724, 47.51297690000004], [19.051320399999994, 47.512994400000046]]}}, {"id": "(31, 38, 0)", "type": "Feature", "properties": {"_status": "original", "osmid": 941, "highway": "residential", "maxspeed": "30", "name": "Pann\u00f3nia utca", "oneway": true, "reversed": false, "length": 96.43655085083455, "from": "38", "to": "31", "_key": "0", "lanes": null, "width": null, "bridge": null, "tunnel": null, "ref": null, "access": null}, "geometry": {"type": "LineString", "coordinates": [[19.051883900000004, 47.51377370000003], [19.051844699999997, 47.51371950000005], [19.051527500000002, 47.513280800000025], [19.051320399999994, 47.512994400000046]]}}, {"id": "(42, 35, 0)", "type": "Feature", "properties": {"_status": "original", "osmid": 942, "highway": "pedestrian", "maxspeed": null, "name": "Ditr\u00f3i M\u00f3r utca", "oneway": false, "reversed": false, "length": 74.13478050041634, "from": "35", "to": "42", "_key": "0", "lanes": null, "width": null, "bridge": null, "tunnel": null, "ref": null, "access": null}, "geometry": {"type": "LineString", "coordinates": [[19.051512800000005, 47.51218440000005], [19.0519671, 47.51277630000002]]}}, {"id": "(57, 69, 0)", "type": "Feature", "properties": {"_status": "original", "osmid": 943, "highway": "residential", "maxspeed": "30", "name": "Heged\u0171s Gyula utca", "oneway": true, "reversed": false, "length": 178.3903450977179, "from": "57", "to": "69", "_key": "0", "lanes": "1", "width": null, "bridge": null, "tunnel": null, "ref": null, "access": null}, "geometry": {"type": "LineString", "coordinates": [[19.053160899999998, 47.51334940000003], [19.053192899999992, 47.51339350000002], [19.054091199999995, 47.51463340000004], [19.05416079999999, 47.514729399999986], [19.054205000000003, 47.514790400000074]]}}, {"id": "(57, 38, 0)", "type": "Feature", "properties": {"_status": "original", "osmid": 944, "highway": "residential", "maxspeed": "30", "name": "Katona J\u00f3zsef utca", "oneway": true, "reversed": false, "length": 106.88310798810379, "from": "57", "to": "38", "_key": "0", "lanes": null, "width": null, "bridge": null, "tunnel": null, "ref": null, "access": null}, "geometry": {"type": "LineString", "coordinates": [[19.053160899999998, 47.51334940000003], [19.052787899999995, 47.51347330000005], [19.052717599999998, 47.51349670000005], [19.052556299999996, 47.51355030000003], [19.051984500000003, 47.513740299999995], [19.051883900000004, 47.51377370000003]]}}, {"id": "(57, 78, 0)", "type": "Feature", "properties": {"_status": "original", "osmid": 945, "highway": "residential", "maxspeed": "30", "name": "Katona J\u00f3zsef utca", "oneway": true, "reversed": false, "length": 101.95736149777318, "from": "78", "to": "57", "_key": "0", "lanes": null, "width": null, "bridge": null, "tunnel": null, "ref": null, "access": null}, "geometry": {"type": "LineString", "coordinates": [[19.054378999999997, 47.51294460000005], [19.0536253, 47.51319510000006], [19.053544699999996, 47.513221900000005], [19.05322999999999, 47.51332650000004], [19.053160899999998, 47.51334940000003]]}}, {"id": "(24, 29, 0)", "type": "Feature", "properties": {"_status": "original", "osmid": 1031, "highway": "residential", "maxspeed": "30", "name": "T\u00e1tra utca", "oneway": true, "reversed": false, "length": 90.43003383335464, "from": "24", "to": "29", "_key": "0", "lanes": null, "width": null, "bridge": null, "tunnel": null, "ref": null, "access": null}, "geometry": {"type": "LineString", "coordinates": [[19.05093370000001, 47.514089500000026], [19.051462300000004, 47.5148202]]}}, {"id": "(24, 38, 0)", "type": "Feature", "properties": {"_status": "original", "osmid": 949, "highway": "residential", "maxspeed": "30", "name": "Katona J\u00f3zsef utca", "oneway": true, "reversed": false, "length": 79.53405669330972, "from": "38", "to": "24", "_key": "0", "lanes": null, "width": null, "bridge": null, "tunnel": null, "ref": null, "access": null}, "geometry": {"type": "LineString", "coordinates": [[19.051883900000004, 47.51377370000003], [19.051810199999995, 47.51379820000001], [19.05093370000001, 47.514089500000026]]}}, {"id": "(38, 45, 0)", "type": "Feature", "properties": {"_status": "original", "osmid": 950, "highway": "residential", "maxspeed": "30", "name": "Pann\u00f3nia utca", "oneway": true, "reversed": false, "length": 91.21472068075256, "from": "45", "to": "38", "_key": "0", "lanes": null, "width": null, "bridge": null, "tunnel": null, "ref": null, "access": null}, "geometry": {"type": "LineString", "coordinates": [[19.052416599999994, 47.51451090000005], [19.052208499999992, 47.514222900000036], [19.051922399999995, 47.51382700000005], [19.051883900000004, 47.51377370000003]]}}, {"id": "(69, 73, 0)", "type": "Feature", "properties": {"_status": "original", "osmid": 946, "highway": "residential", "maxspeed": "30", "name": "Heged\u0171s Gyula utca", "oneway": true, "reversed": false, "length": 67.16004284800384, "from": "69", "to": "73", "_key": "0", "lanes": "1", "width": null, "bridge": null, "tunnel": null, "ref": null, "access": null}, "geometry": {"type": "LineString", "coordinates": [[19.054205000000003, 47.514790400000074], [19.0542559, 47.51486080000004], [19.0545978, 47.51533300000005]]}}, {"id": "(69, 49, 0)", "type": "Feature", "properties": {"_status": "original", "osmid": 948, "highway": "residential", "maxspeed": "30", "name": "Radn\u00f3ti Mikl\u00f3s utca", "oneway": true, "reversed": false, "length": 107.06929032170171, "from": "49", "to": "69", "_key": "0", "lanes": null, "width": null, "bridge": null, "tunnel": null, "ref": null, "access": null}, "geometry": {"type": "LineString", "coordinates": [[19.052922599999995, 47.515211099999995], [19.053017999999994, 47.5151798], [19.053039600000005, 47.51517270000008], [19.054120399999988, 47.51481820000004], [19.054205000000003, 47.514790400000074]]}}, {"id": "(78, 85, 0)", "type": "Feature", "properties": {"_status": "original", "osmid": 952, "highway": "residential", "maxspeed": "30", "name": "Katona J\u00f3zsef utca", "oneway": true, "reversed": false, "length": 36.17471424287618, "from": "85", "to": "78", "_key": "0", "lanes": null, "width": null, "bridge": null, "tunnel": null, "ref": null, "access": null}, "geometry": {"type": "LineString", "coordinates": [[19.054811200000003, 47.51280100000003], [19.054439599999995, 47.51292450000001], [19.054378999999997, 47.51294460000005]]}}, {"id": "(73, 75, 0)", "type": "Feature", "properties": {"_status": "original", "osmid": 954, "highway": "residential", "maxspeed": "30", "name": "Heged\u0171s Gyula utca", "oneway": true, "reversed": false, "length": 14.003232620719956, "from": "73", "to": "75", "_key": "0", "lanes": "1", "width": null, "bridge": null, "tunnel": null, "ref": null, "access": null}, "geometry": {"type": "LineString", "coordinates": [[19.0545978, 47.51533300000005], [19.054679199999992, 47.51544630000005]]}}, {"id": "(73, 54, 0)", "type": "Feature", "properties": {"_status": "original", "osmid": 955, "highway": "residential", "maxspeed": "30", "name": "Felka utca", "oneway": true, "reversed": false, "length": 107.12859828597192, "from": "54", "to": "73", "_key": "0", "lanes": null, "width": null, "bridge": null, "tunnel": null, "ref": null, "access": null}, "geometry": {"type": "LineString", "coordinates": [[19.053312399999996, 47.51575050000002], [19.053413299999995, 47.515718300000024], [19.0544152, 47.51538710000003], [19.0545282, 47.515354400000014], [19.0545978, 47.51533300000005]]}}, {"id": "(49, 45, 0)", "type": "Feature", "properties": {"_status": "original", "osmid": 1043, "highway": "residential", "maxspeed": "30", "name": "Pann\u00f3nia utca", "oneway": true, "reversed": false, "length": 86.63762540530111, "from": "49", "to": "45", "_key": "0", "lanes": null, "width": null, "bridge": null, "tunnel": null, "ref": null, "access": null}, "geometry": {"type": "LineString", "coordinates": [[19.052922599999995, 47.515211099999995], [19.052875800000002, 47.515146300000055], [19.052627400000002, 47.51480260000004], [19.052416599999994, 47.51451090000005]]}}, {"id": "(49, 54, 0)", "type": "Feature", "properties": {"_status": "original", "osmid": 958, "highway": "residential", "maxspeed": "30", "name": "Pann\u00f3nia utca", "oneway": true, "reversed": false, "length": 66.74133136454059, "from": "54", "to": "49", "_key": "0", "lanes": null, "width": null, "bridge": null, "tunnel": null, "ref": null, "access": null}, "geometry": {"type": "LineString", "coordinates": [[19.053312399999996, 47.51575050000002], [19.0529625, 47.51526630000001], [19.052922599999995, 47.515211099999995]]}}, {"id": "(49, 34, 0)", "type": "Feature", "properties": {"_status": "original", "osmid": 1044, "highway": "residential", "maxspeed": "30", "name": "Radn\u00f3ti Mikl\u00f3s utca", "oneway": true, "reversed": false, "length": 79.46444596102258, "from": "34", "to": "49", "_key": "0", "lanes": null, "width": null, "bridge": null, "tunnel": null, "ref": null, "access": null}, "geometry": {"type": "LineString", "coordinates": [[19.051970799999996, 47.51552330000001], [19.052704000000002, 47.51528280000002], [19.052794199999994, 47.51525320000003], [19.052828099999992, 47.51524210000003], [19.052922599999995, 47.515211099999995]]}}, {"id": "(45, 29, 0)", "type": "Feature", "properties": {"_status": "original", "osmid": 1034, "highway": "residential", "maxspeed": "30", "name": "Raoul Wallenberg utca", "oneway": true, "reversed": false, "length": 79.49419460259392, "from": "29", "to": "45", "_key": "0", "lanes": "1", "width": null, "bridge": null, "tunnel": null, "ref": null, "access": null}, "geometry": {"type": "LineString", "coordinates": [[19.051462300000004, 47.5148202], [19.052379499999997, 47.51452290000001], [19.052416599999994, 47.51451090000005]]}}, {"id": "(85, 77, 0)", "type": "Feature", "properties": {"_status": "original", "osmid": 1040, "highway": "residential", "maxspeed": "30", "name": "Borb\u00e9ly utca", "oneway": true, "reversed": false, "length": 107.78999020576023, "from": "77", "to": "85", "_key": "0", "lanes": null, "width": null, "bridge": null, "tunnel": null, "ref": null, "access": null}, "geometry": {"type": "LineString", "coordinates": [[19.054193499999997, 47.511926000000045], [19.0542645, 47.512026600000056], [19.054700600000004, 47.51264440000001], [19.054811200000003, 47.51280100000003]]}}, {"id": "(54, 58, 0)", "type": "Feature", "properties": {"_status": "original", "osmid": 959, "highway": "residential", "maxspeed": "30", "name": "Pann\u00f3nia utca", "oneway": true, "reversed": false, "length": 62.40048077019667, "from": "58", "to": "54", "_key": "0", "lanes": null, "width": null, "bridge": null, "tunnel": null, "ref": null, "access": null}, "geometry": {"type": "LineString", "coordinates": [[19.053676900000003, 47.51625480000005], [19.0534062, 47.5158813], [19.053345999999994, 47.515797100000015], [19.0533354, 47.51578229999999], [19.053312399999996, 47.51575050000002]]}}, {"id": "(58, 44, 0)", "type": "Feature", "properties": {"_status": "original", "osmid": 1027, "highway": "residential", "maxspeed": "30", "name": "Balzac utca", "oneway": true, "reversed": false, "length": 79.431639749849, "from": "58", "to": "44", "_key": "0", "lanes": null, "width": null, "bridge": null, "tunnel": null, "ref": null, "access": null}, "geometry": {"type": "LineString", "coordinates": [[19.053676900000003, 47.51625480000005], [19.0527206, 47.51656000000003]]}}, {"id": "(58, 67, 0)", "type": "Feature", "properties": {"_status": "original", "osmid": 979, "highway": "residential", "maxspeed": "30", "name": "Pann\u00f3nia utca", "oneway": true, "reversed": false, "length": 136.8955250175983, "from": "67", "to": "58", "_key": "0", "lanes": null, "width": null, "bridge": null, "tunnel": null, "ref": null, "access": null}, "geometry": {"type": "LineString", "coordinates": [[19.054476400000002, 47.51736119999999], [19.054441199999996, 47.51731239999999], [19.053676900000003, 47.51625480000005]]}}, {"id": "(87, 96, 0)", "type": "Feature", "properties": {"_status": "original", "osmid": 966, "highway": "residential", "maxspeed": "30", "name": "Heged\u0171s Gyula utca", "oneway": true, "reversed": false, "length": 134.0232713776824, "from": "87", "to": "96", "_key": "0", "lanes": "1", "width": null, "bridge": null, "tunnel": null, "ref": null, "access": null}, "geometry": {"type": "LineString", "coordinates": [[19.055768400000005, 47.51693430000006], [19.055803599999994, 47.516979800000044], [19.0561708, 47.517554699999984], [19.056416, 47.51793840000002], [19.056444899999995, 47.51799340000004], [19.0564705, 47.518042000000044]]}}, {"id": "(87, 67, 0)", "type": "Feature", "properties": {"_status": "original", "osmid": 976, "highway": "residential", "maxspeed": "30", "name": "Csan\u00e1dy utca", "oneway": true, "reversed": false, "length": 108.01615002785563, "from": "67", "to": "87", "_key": "0", "lanes": null, "width": "2.5", "bridge": null, "tunnel": null, "ref": null, "access": null}, "geometry": {"type": "LineString", "coordinates": [[19.054476400000002, 47.51736119999999], [19.054571500000005, 47.51732970000001], [19.055657699999998, 47.51697020000002], [19.055768400000005, 47.51693430000006]]}}, {"id": "(96, 76, 0)", "type": "Feature", "properties": {"_status": "original", "osmid": 963, "highway": "residential", "maxspeed": "30", "name": "Victor Hugo utca", "oneway": true, "reversed": false, "length": 101.93750648188077, "from": "96", "to": "76", "_key": "0", "lanes": "1", "width": null, "bridge": null, "tunnel": null, "ref": null, "access": null}, "geometry": {"type": "LineString", "coordinates": [[19.0564705, 47.518042000000044], [19.056391, 47.51806050000001], [19.055803199999996, 47.51821810000005], [19.0552834, 47.51833910000006], [19.055197299999996, 47.51835920000001]]}}, {"id": "(96, 99, 0)", "type": "Feature", "properties": {"_status": "original", "osmid": 964, "highway": "residential", "maxspeed": "30", "name": "Heged\u0171s Gyula utca", "oneway": true, "reversed": false, "length": 91.06140678576179, "from": "96", "to": "99", "_key": "0", "lanes": "1", "width": null, "bridge": null, "tunnel": null, "ref": null, "access": null}, "geometry": {"type": "LineString", "coordinates": [[19.0564705, 47.518042000000044], [19.056493, 47.518088399999996], [19.056702999999995, 47.51850480000003], [19.056718099999994, 47.518534800000026], [19.0568525, 47.51881920000001]]}}, {"id": "(76, 60, 0)", "type": "Feature", "properties": {"_status": "original", "osmid": 967, "highway": "residential", "maxspeed": "30", "name": "Victor Hugo utca", "oneway": true, "reversed": false, "length": 79.85980062078258, "from": "76", "to": "60", "_key": "0", "lanes": "1", "width": null, "bridge": null, "tunnel": null, "ref": null, "access": null}, "geometry": {"type": "LineString", "coordinates": [[19.055197299999996, 47.51835920000001], [19.055096999999993, 47.518384300000044], [19.054425200000004, 47.51854160000006], [19.054193299999994, 47.518595900000065]]}}, {"id": "(76, 67, 0)", "type": "Feature", "properties": {"_status": "original", "osmid": 968, "highway": "residential", "maxspeed": "30", "name": "Pann\u00f3nia utca", "oneway": true, "reversed": false, "length": 123.47489523754935, "from": "76", "to": "67", "_key": "0", "lanes": null, "width": null, "bridge": null, "tunnel": null, "ref": null, "access": null}, "geometry": {"type": "LineString", "coordinates": [[19.055197299999996, 47.51835920000001], [19.055133699999992, 47.51826809999999], [19.055115899999993, 47.51824350000006], [19.0548668, 47.517899800000045], [19.054521500000003, 47.51742350000002], [19.054476400000002, 47.51736119999999]]}}, {"id": "(76, 81, 0)", "type": "Feature", "properties": {"_status": "original", "osmid": 969, "highway": "residential", "maxspeed": "30", "name": "Pann\u00f3nia utca", "oneway": true, "reversed": false, "length": 89.11527570543818, "from": "81", "to": "76", "_key": "0", "lanes": null, "width": null, "bridge": null, "tunnel": null, "ref": null, "access": null}, "geometry": {"type": "LineString", "coordinates": [[19.05559289999999, 47.51911469999999], [19.0552219, 47.518398400000066], [19.055197299999996, 47.51835920000001]]}}, {"id": "(99, 81, 0)", "type": "Feature", "properties": {"_status": "original", "osmid": 970, "highway": "residential", "maxspeed": "30", "name": "Thurz\u00f3 utca", "oneway": true, "reversed": false, "length": 100.13441830656203, "from": "99", "to": "81", "_key": "0", "lanes": null, "width": null, "bridge": null, "tunnel": null, "ref": null, "access": null}, "geometry": {"type": "LineString", "coordinates": [[19.0568525, 47.51881920000001], [19.05559289999999, 47.51911469999999]]}}, {"id": "(99, 130, 0)", "type": "Feature", "properties": {"_status": "original", "osmid": 972, "highway": "residential", "maxspeed": "30", "name": "Thurz\u00f3 utca", "oneway": true, "reversed": false, "length": 100.6869024972106, "from": "130", "to": "99", "_key": "0", "lanes": null, "width": null, "bridge": null, "tunnel": null, "ref": null, "access": null}, "geometry": {"type": "LineString", "coordinates": [[19.058121099999994, 47.5185261], [19.0575278, 47.51866320000003], [19.0573897, 47.518695099999995], [19.0568525, 47.51881920000001]]}}, {"id": "(60, 46, 0)", "type": "Feature", "properties": {"_status": "original", "osmid": 977, "highway": "residential", "maxspeed": "30", "name": "Victor Hugo utca", "oneway": true, "reversed": false, "length": 73.78708210104979, "from": "60", "to": "46", "_key": "0", "lanes": "1", "width": null, "bridge": null, "tunnel": null, "ref": null, "access": null}, "geometry": {"type": "LineString", "coordinates": [[19.054193299999994, 47.518595900000065], [19.0533454, 47.51879430000002], [19.05326489999999, 47.518813200000054]]}}, {"id": "(60, 52, 0)", "type": "Feature", "properties": {"_status": "original", "osmid": 978, "highway": "residential", "maxspeed": "30", "name": "T\u00e1tra utca", "oneway": true, "reversed": false, "length": 113.92762668358584, "from": "52", "to": "60", "_key": "0", "lanes": null, "width": null, "bridge": null, "tunnel": null, "ref": null, "access": null}, "geometry": {"type": "LineString", "coordinates": [[19.053527400000004, 47.517675300000036], [19.054193299999994, 47.518595900000065]]}}, {"id": "(67, 52, 0)", "type": "Feature", "properties": {"_status": "original", "osmid": 980, "highway": "residential", "maxspeed": "30", "name": "Csan\u00e1dy utca", "oneway": true, "reversed": false, "length": 79.36546559038737, "from": "52", "to": "67", "_key": "0", "lanes": "1", "width": null, "bridge": null, "tunnel": null, "ref": null, "access": null}, "geometry": {"type": "LineString", "coordinates": [[19.053527400000004, 47.517675300000036], [19.0543659, 47.51739780000001], [19.054476400000002, 47.51736119999999]]}}, {"id": "(81, 83, 0)", "type": "Feature", "properties": {"_status": "original", "osmid": 981, "highway": "residential", "maxspeed": "30", "name": "Pann\u00f3nia utca", "oneway": true, "reversed": false, "length": 88.72646034802011, "from": "83", "to": "81", "_key": "0", "lanes": null, "width": null, "bridge": null, "tunnel": null, "ref": null, "access": null}, "geometry": {"type": "LineString", "coordinates": [[19.055988, 47.51986670000004], [19.05559289999999, 47.51911469999999]]}}, {"id": "(46, 41, 0)", "type": "Feature", "properties": {"_status": "original", "osmid": 1019, "highway": "residential", "maxspeed": "30", "name": "Holl\u00e1n Ern\u0151 utca", "oneway": true, "reversed": false, "length": 66.70020022255508, "from": "41", "to": "46", "_key": "0", "lanes": null, "width": null, "bridge": null, "tunnel": null, "ref": null, "access": null}, "geometry": {"type": "LineString", "coordinates": [[19.052910399999988, 47.51826320000005], [19.0532302, 47.51875940000005], [19.05326489999999, 47.518813200000054]]}}, {"id": "(46, 48, 0)", "type": "Feature", "properties": {"_status": "original", "osmid": 1025, "highway": "residential", "maxspeed": "50", "name": "K\u00e1rp\u00e1t utca", "oneway": false, "reversed": true, "length": 91.90714075782867, "from": "48", "to": "46", "_key": "0", "lanes": "2", "width": null, "bridge": null, "tunnel": null, "ref": null, "access": null}, "geometry": {"type": "LineString", "coordinates": [[19.053654400000003, 47.51959660000003], [19.053377499999996, 47.51905920000005], [19.053292999999993, 47.51886759999999], [19.05326489999999, 47.518813200000054]]}}, {"id": "(52, 39, 0)", "type": "Feature", "properties": {"_status": "original", "osmid": 1016, "highway": "residential", "maxspeed": "30", "name": "Csan\u00e1dy utca", "oneway": true, "reversed": false, "length": 68.90323913860205, "from": "39", "to": "52", "_key": "0", "lanes": "1", "width": null, "bridge": null, "tunnel": null, "ref": null, "access": null}, "geometry": {"type": "LineString", "coordinates": [[19.0527035, 47.51794800000005], [19.052755900000008, 47.51793070000002], [19.053527400000004, 47.517675300000036]]}}, {"id": "(52, 44, 0)", "type": "Feature", "properties": {"_status": "original", "osmid": 1020, "highway": "residential", "maxspeed": "30", "name": "T\u00e1tra utca", "oneway": true, "reversed": false, "length": 138.02519501186987, "from": "44", "to": "52", "_key": "0", "lanes": null, "width": null, "bridge": null, "tunnel": null, "ref": null, "access": null}, "geometry": {"type": "LineString", "coordinates": [[19.0527206, 47.51656000000003], [19.053527400000004, 47.517675300000036]]}}, {"id": "(91, 95, 0)", "type": "Feature", "properties": {"_status": "original", "osmid": 993, "highway": "residential", "maxspeed": "30", "name": "Pann\u00f3nia utca", "oneway": true, "reversed": false, "length": 94.37931147487042, "from": "95", "to": "91", "_key": "0", "lanes": null, "width": null, "bridge": null, "tunnel": null, "ref": null, "access": null}, "geometry": {"type": "LineString", "coordinates": [[19.057210399999995, 47.52228530000001], [19.0568529, 47.52157610000005], [19.056805399999995, 47.521481800000004]]}}, {"id": "(95, 64, 0)", "type": "Feature", "properties": {"_status": "original", "osmid": 999, "highway": "residential", "maxspeed": "30", "name": "Bessenyei utca", "oneway": true, "reversed": false, "length": 153.01463001862112, "from": "64", "to": "95", "_key": "0", "lanes": null, "width": null, "bridge": null, "tunnel": null, "ref": null, "access": null}, "geometry": {"type": "LineString", "coordinates": [[19.055289299999995, 47.5227442], [19.055411899999996, 47.522714800000045], [19.055508699999994, 47.52269170000003], [19.0557887, 47.52262470000005], [19.056026399999997, 47.52256780000004], [19.0564064, 47.522476999999995], [19.056498400000002, 47.522455100000016], [19.056534099999997, 47.52244660000006], [19.0570165, 47.52233150000003], [19.0571127, 47.52230860000003], [19.057166899999995, 47.52229569999999], [19.057210399999995, 47.52228530000001]]}}, {"id": "(39, 41, 0)", "type": "Feature", "properties": {"_status": "original", "osmid": 1015, "highway": "residential", "maxspeed": "30", "name": "Holl\u00e1n Ern\u0151 utca", "oneway": true, "reversed": false, "length": 38.33826936065104, "from": "39", "to": "41", "_key": "0", "lanes": null, "width": null, "bridge": null, "tunnel": null, "ref": null, "access": null}, "geometry": {"type": "LineString", "coordinates": [[19.0527035, 47.51794800000005], [19.0527694, 47.51804840000004], [19.052910399999988, 47.51826320000005]]}}, {"id": "(39, 36, 0)", "type": "Feature", "properties": {"_status": "original", "osmid": 1017, "highway": "residential", "maxspeed": "30", "name": "Holl\u00e1n Ern\u0151 utca", "oneway": true, "reversed": false, "length": 38.921090594591504, "from": "36", "to": "39", "_key": "0", "lanes": null, "width": null, "bridge": null, "tunnel": null, "ref": null, "access": null}, "geometry": {"type": "LineString", "coordinates": [[19.052480599999996, 47.517632000000035], [19.052578399999998, 47.51777060000006], [19.0527035, 47.51794800000005]]}}, {"id": "(36, 33, 0)", "type": "Feature", "properties": {"_status": "original", "osmid": 1021, "highway": "residential", "maxspeed": "30", "name": "Holl\u00e1n Ern\u0151 utca", "oneway": true, "reversed": false, "length": 46.76231765973299, "from": "33", "to": "36", "_key": "0", "lanes": null, "width": null, "bridge": null, "tunnel": null, "ref": null, "access": null}, "geometry": {"type": "LineString", "coordinates": [[19.052212600000008, 47.517252400000025], [19.052480599999996, 47.517632000000035]]}}, {"id": "(36, 20, 0)", "type": "Feature", "properties": {"_status": "original", "osmid": 1022, "highway": "residential", "maxspeed": "30", "name": "Szent Istv\u00e1n park", "oneway": true, "reversed": false, "length": 94.48234810746182, "from": "20", "to": "36", "_key": "0", "lanes": null, "width": "5.9", "bridge": null, "tunnel": null, "ref": null, "access": null}, "geometry": {"type": "LineString", "coordinates": [[19.0513378, 47.51798740000006], [19.052480599999996, 47.517632000000035]]}}, {"id": "(44, 30, 0)", "type": "Feature", "properties": {"_status": "original", "osmid": 1026, "highway": "residential", "maxspeed": "30", "name": "Balzac utca", "oneway": true, "reversed": false, "length": 67.56215324291895, "from": "44", "to": "30", "_key": "0", "lanes": null, "width": null, "bridge": null, "tunnel": null, "ref": null, "access": null}, "geometry": {"type": "LineString", "coordinates": [[19.0527206, 47.51656000000003], [19.051999599999995, 47.51679010000002], [19.051907199999995, 47.51681960000005]]}}, {"id": "(44, 34, 0)", "type": "Feature", "properties": {"_status": "original", "osmid": 1028, "highway": "residential", "maxspeed": "30", "name": "T\u00e1tra utca", "oneway": true, "reversed": false, "length": 128.29480218690867, "from": "34", "to": "44", "_key": "0", "lanes": null, "width": null, "bridge": null, "tunnel": null, "ref": null, "access": null}, "geometry": {"type": "LineString", "coordinates": [[19.051970799999996, 47.51552330000001], [19.0523342, 47.516025700000064], [19.052355499999997, 47.51605520000004], [19.052380999999997, 47.51609050000002], [19.052402099999995, 47.51611900000004], [19.052458599999998, 47.5161949], [19.0527206, 47.51656000000003]]}}, {"id": "(33, 30, 0)", "type": "Feature", "properties": {"_status": "original", "osmid": 1055, "highway": "residential", "maxspeed": "30", "name": "Holl\u00e1n Ern\u0151 utca", "oneway": true, "reversed": false, "length": 53.310861896947316, "from": "30", "to": "33", "_key": "0", "lanes": null, "width": null, "bridge": null, "tunnel": null, "ref": null, "access": null}, "geometry": {"type": "LineString", "coordinates": [[19.051907199999995, 47.51681960000005], [19.051949799999996, 47.51688000000002], [19.052212600000008, 47.517252400000025]]}}, {"id": "(33, 17, 0)", "type": "Feature", "properties": {"_status": "original", "osmid": 1057, "highway": "residential", "maxspeed": "30", "name": "Herzen utca", "oneway": true, "reversed": false, "length": 95.29842228830377, "from": "17", "to": "33", "_key": "0", "lanes": null, "width": null, "bridge": null, "tunnel": null, "ref": null, "access": null}, "geometry": {"type": "LineString", "coordinates": [[19.0510664, 47.51762020000005], [19.052212600000008, 47.517252400000025]]}}, {"id": "(20, 19, 0)", "type": "Feature", "properties": {"_status": "original", "osmid": 1059, "highway": "residential", "maxspeed": "30", "name": "Pozsonyi \u00fat", "oneway": false, "reversed": true, "length": 24.59007094856394, "from": "20", "to": "19", "_key": "0", "lanes": null, "width": null, "bridge": null, "tunnel": null, "ref": null, "access": null}, "geometry": {"type": "LineString", "coordinates": [[19.0513378, 47.51798740000006], [19.051189900000004, 47.517790100000035]]}}, {"id": "(48, 72, 0)", "type": "Feature", "properties": {"_status": "original", "osmid": 1030, "highway": "residential", "maxspeed": "30", "name": "Thurz\u00f3 utca", "oneway": false, "reversed": false, "length": 124.74559869487501, "from": "72", "to": "48", "_key": "0", "lanes": null, "width": null, "bridge": null, "tunnel": null, "ref": null, "access": null}, "geometry": {"type": "LineString", "coordinates": [[19.055221700000004, 47.51922480000002], [19.055059599999996, 47.51926300000004], [19.053654400000003, 47.51959660000003]]}}, {"id": "(30, 14, 0)", "type": "Feature", "properties": {"_status": "original", "osmid": 1054, "highway": "residential", "maxspeed": "30", "name": "Balzac utca", "oneway": true, "reversed": false, "length": 95.60050228136994, "from": "30", "to": "14", "_key": "0", "lanes": null, "width": null, "bridge": null, "tunnel": null, "ref": null, "access": null}, "geometry": {"type": "LineString", "coordinates": [[19.051907199999995, 47.51681960000005], [19.051829199999993, 47.51684440000003], [19.0509277, 47.5171308], [19.050892799999993, 47.51714190000001], [19.050755300000006, 47.51718560000002]]}}, {"id": "(30, 28, 0)", "type": "Feature", "properties": {"_status": "original", "osmid": 1049, "highway": "residential", "maxspeed": "30", "name": "Holl\u00e1n Ern\u0151 utca", "oneway": true, "reversed": false, "length": 62.917465922333356, "from": "28", "to": "30", "_key": "0", "lanes": null, "width": null, "bridge": null, "tunnel": null, "ref": null, "access": null}, "geometry": {"type": "LineString", "coordinates": [[19.051546799999993, 47.51630880000001], [19.051579199999995, 47.51635459999999], [19.051871499999994, 47.51676900000002], [19.051907199999995, 47.51681960000005]]}}, {"id": "(34, 29, 0)", "type": "Feature", "properties": {"_status": "original", "osmid": 1033, "highway": "residential", "maxspeed": "30", "name": "T\u00e1tra utca", "oneway": true, "reversed": false, "length": 87.00967339648803, "from": "29", "to": "34", "_key": "0", "lanes": null, "width": null, "bridge": null, "tunnel": null, "ref": null, "access": null}, "geometry": {"type": "LineString", "coordinates": [[19.051462300000004, 47.5148202], [19.051970799999996, 47.51552330000001]]}}, {"id": "(29, 18, 0)", "type": "Feature", "properties": {"_status": "original", "osmid": 1035, "highway": "residential", "maxspeed": "30", "name": "Raoul Wallenberg utca", "oneway": true, "reversed": false, "length": 63.540622657645216, "from": "18", "to": "29", "_key": "0", "lanes": "1", "width": null, "bridge": null, "tunnel": null, "ref": null, "access": null}, "geometry": {"type": "LineString", "coordinates": [[19.050692700000003, 47.51505759999999], [19.051462300000004, 47.5148202]]}}, {"id": "(14, 17, 0)", "type": "Feature", "properties": {"_status": "original", "osmid": 1056, "highway": "residential", "maxspeed": "30", "name": "Pozsonyi \u00fat", "oneway": false, "reversed": true, "length": 53.67646942146602, "from": "17", "to": "14", "_key": "0", "lanes": null, "width": null, "bridge": null, "tunnel": null, "ref": null, "access": null}, "geometry": {"type": "LineString", "coordinates": [[19.0510664, 47.51762020000005], [19.05079539999999, 47.51724170000002], [19.050755300000006, 47.51718560000002]]}}, {"id": "(19, 17, 0)", "type": "Feature", "properties": {"_status": "original", "osmid": 1058, "highway": "residential", "maxspeed": "30", "name": "Pozsonyi \u00fat", "oneway": false, "reversed": true, "length": 21.045789635330717, "from": "19", "to": "17", "_key": "0", "lanes": null, "width": null, "bridge": null, "tunnel": null, "ref": null, "access": null}, "geometry": {"type": "LineString", "coordinates": [[19.051189900000004, 47.517790100000035], [19.0510664, 47.51762020000005]]}}, {"id": "(156, 149, 0)", "type": "Feature", "properties": {"_status": "original", "osmid": 1065, "highway": "living_street", "maxspeed": "20", "name": "P\u00e1rk\u00e1ny utca", "oneway": true, "reversed": false, "length": 134.65016140644627, "from": "156", "to": "149", "_key": "0", "lanes": null, "width": null, "bridge": null, "tunnel": null, "ref": null, "access": null}, "geometry": {"type": "LineString", "coordinates": [[19.0616352, 47.53345550000003], [19.0616051, 47.53341210000004], [19.061463000000007, 47.53309889999998], [19.061124599999996, 47.53229530000002]]}}, {"id": "(156, 131, 0)", "type": "Feature", "properties": {"_status": "original", "osmid": 1066, "highway": "living_street", "maxspeed": "20", "name": null, "oneway": true, "reversed": false, "length": 63.89810546873464, "from": "131", "to": "156", "_key": "0", "lanes": null, "width": null, "bridge": null, "tunnel": null, "ref": null, "access": null}, "geometry": {"type": "LineString", "coordinates": [[19.060806099999997, 47.533585400000014], [19.0616352, 47.53345550000003]]}}, {"id": "(133, 131, 0)", "type": "Feature", "properties": {"_status": "original", "osmid": 1095, "highway": "living_street", "maxspeed": "20", "name": "Vizafog\u00f3 s\u00e9t\u00e1ny", "oneway": true, "reversed": false, "length": 43.690048926371574, "from": "131", "to": "133", "_key": "0", "lanes": null, "width": null, "bridge": null, "tunnel": null, "ref": null, "access": null}, "geometry": {"type": "LineString", "coordinates": [[19.060806099999997, 47.533585400000014], [19.060819000000002, 47.53360910000006], [19.0608255, 47.53370720000003], [19.060939200000004, 47.53396550000007]]}}, {"id": "(133, 135, 0)", "type": "Feature", "properties": {"_status": "original", "osmid": 1096, "highway": "living_street", "maxspeed": "20", "name": "Vizafog\u00f3 s\u00e9t\u00e1ny", "oneway": false, "reversed": false, "length": 40.507608586841144, "from": "135", "to": "133", "_key": "0", "lanes": null, "width": null, "bridge": null, "tunnel": null, "ref": null, "access": null}, "geometry": {"type": "LineString", "coordinates": [[19.061096399999997, 47.534313900000036], [19.061085000000002, 47.53428910000004], [19.061039299999994, 47.53419929999999], [19.061033799999993, 47.5341857], [19.0609616, 47.53401760000003], [19.060939200000004, 47.53396550000007]]}}, {"id": "(149, 120, 0)", "type": "Feature", "properties": {"_status": "original", "osmid": 1070, "highway": "pedestrian", "maxspeed": null, "name": "Vizafog\u00f3 s\u00e9t\u00e1ny", "oneway": false, "reversed": true, "length": 67.32991576147434, "from": "149", "to": "120", "_key": "0", "lanes": null, "width": null, "bridge": null, "tunnel": null, "ref": null, "access": null}, "geometry": {"type": "LineString", "coordinates": [[19.061124599999996, 47.53229530000002], [19.060940400000003, 47.53233140000005], [19.060512700000004, 47.53241500000001], [19.060263199999998, 47.532463800000045]]}}, {"id": "(131, 120, 0)", "type": "Feature", "properties": {"_status": "original", "osmid": 1094, "highway": "living_street", "maxspeed": "20", "name": "Vizafog\u00f3 s\u00e9t\u00e1ny", "oneway": true, "reversed": false, "length": 132.02730286651476, "from": "120", "to": "131", "_key": "0", "lanes": null, "width": null, "bridge": null, "tunnel": null, "ref": null, "access": null}, "geometry": {"type": "LineString", "coordinates": [[19.060263199999998, 47.532463800000045], [19.0602815, 47.53258240000003], [19.06037949999999, 47.5327792], [19.0604545, 47.53294920000003], [19.06058349999999, 47.533091500000026], [19.060640499999998, 47.53321740000001], [19.0607599, 47.533481300000034], [19.060806099999997, 47.533585400000014]]}}, {"id": "(110, 102, 0)", "type": "Feature", "properties": {"_status": "original", "osmid": 1074, "highway": "pedestrian", "maxspeed": null, "name": "Vizafog\u00f3 s\u00e9t\u00e1ny", "oneway": false, "reversed": true, "length": 166.38694585117312, "from": "102", "to": "110", "_key": "0", "lanes": null, "width": null, "bridge": null, "tunnel": null, "ref": null, "access": null}, "geometry": {"type": "LineString", "coordinates": [[19.058586100000003, 47.52808930000003], [19.058681499999995, 47.528303400000006], [19.058749599999995, 47.52845330000003], [19.0588849, 47.52875940000005], [19.058973499999997, 47.528962900000046], [19.059076299999997, 47.52919459999997], [19.059195099999993, 47.52944810000006], [19.0592293, 47.529521200000055]]}}, {"id": "(570, 594, 0)", "type": "Feature", "properties": {"_status": "original", "osmid": 1079, "highway": "living_street", "maxspeed": null, "name": "N\u00e1sznagy utca", "oneway": false, "reversed": false, "length": 226.08869876265825, "from": "594", "to": "570", "_key": "0", "lanes": null, "width": null, "bridge": null, "tunnel": null, "ref": null, "access": null}, "geometry": {"type": "LineString", "coordinates": [[19.0874153, 47.55100970000002], [19.08737119999999, 47.5509797], [19.086619699999993, 47.55046780000002], [19.086208299999996, 47.55014060000003], [19.0859052, 47.549870900000066], [19.085658099999996, 47.549624200000025], [19.085488100000003, 47.54945440000004]]}}, {"id": "(286, 291, 0)", "type": "Feature", "properties": {"_status": "original", "osmid": 1107, "highway": "living_street", "maxspeed": null, "name": "Angyalf\u00f6ldi \u00fat", "oneway": false, "reversed": true, "length": 28.33151111492946, "from": "291", "to": "286", "_key": "0", "lanes": null, "width": null, "bridge": null, "tunnel": null, "ref": null, "access": null}, "geometry": {"type": "LineString", "coordinates": [[19.067855999999992, 47.529682300000026], [19.067741599999994, 47.52943950000007]]}}, {"id": "(203, 202, 0)", "type": "Feature", "properties": {"_status": "original", "osmid": 1102, "highway": "residential", "maxspeed": null, "name": "Haj\u00f3kov\u00e1cs utca", "oneway": false, "reversed": false, "length": 13.735672544079653, "from": "202", "to": "203", "_key": "0", "lanes": null, "width": null, "bridge": null, "tunnel": null, "ref": null, "access": null}, "geometry": {"type": "LineString", "coordinates": [[19.066658299999993, 47.54922939999999], [19.066789099999994, 47.54914300000002]]}}, {"id": "(208, 199, 0)", "type": "Feature", "properties": {"_status": "original", "osmid": 1106, "highway": "residential", "maxspeed": null, "name": "Meder utca", "oneway": false, "reversed": true, "length": 48.96138638903055, "from": "199", "to": "208", "_key": "0", "lanes": null, "width": null, "bridge": null, "tunnel": null, "ref": null, "access": null}, "geometry": {"type": "LineString", "coordinates": [[19.0666367, 47.549827500000056], [19.067125000000004, 47.549740100000015], [19.067263199999996, 47.54970590000001]]}}]}