{"type": "FeatureCollection", "features": [{"id": "209", "type": "Feature", "properties": {"x": 5002017.088161776, "y": 2754827.9401987395, "bearings": {"209_284_0": -9.721201632708238, "209_205_0": -100.60132192242962, "209_214_0": 80.28206230049003}, "angles": {"209_205_0": 179.11661577708037, "209_284_0": 90.88012028972138, "209_214_0": 90.00326393319827}, "adj_sorted": [[209, 205, 0], [209, 284, 0], [209, 214, 0]], "type": "T", "n_corners": 2}, "geometry": {"type": "Point", "coordinates": [19.0639924, 47.531066100000025]}}, {"id": "284", "type": "Feature", "properties": {"x": 5002304.750589362, "y": 2754777.2923666583, "bearings": {"284_209_0": 170.08368143771065, "284_283_0": -100.64064736523909, "284_287_0": 80.20434019698398}, "angles": {"284_283_0": 89.27567119705026, "284_287_0": 180.84498756222308, "284_209_0": 89.87934124072667}, "adj_sorted": [[284, 283, 0], [284, 287, 0], [284, 209, 0]], "type": "T", "n_corners": 2}, "geometry": {"type": "Point", "coordinates": [19.067707499999994, 47.53029760000001]}}, {"id": "205", "type": "Feature", "properties": {"x": 5001992.574476423, "y": 2754696.9691916346, "bearings": {"205_209_0": 79.3986780775704, "205_244_0": -9.605695696075946, "205_176_0": 170.39941140870386, "205_200_0": -97.57296852762435}, "angles": {"205_200_0": 92.0276200636718, "205_244_0": 87.96727283154841, "205_209_0": 89.00437377364634, "205_176_0": 91.00073333113346}, "adj_sorted": [[205, 200, 0], [205, 244, 0], [205, 209, 0], [205, 176, 0]], "type": "X", "n_corners": 4}, "geometry": {"type": "Point", "coordinates": [19.063462799999993, 47.52992440000001]}}, {"id": "283", "type": "Feature", "properties": {"x": 5002303.670681886, "y": 2754771.5444873204, "bearings": {"283_284_0": 79.35935263476092, "283_282_0": -100.24054142162727, "283_293_0": -10.850018360037343}, "angles": {"283_282_0": 180.4001059436118, "283_293_0": 89.39052306158993, "283_284_0": 90.20937099479826}, "adj_sorted": [[283, 282, 0], [283, 293, 0], [283, 284, 0]], "type": "T", "n_corners": 2}, "geometry": {"type": "Point", "coordinates": [19.06768419999999, 47.53024750000003]}}, {"id": "287", "type": "Feature", "properties": {"x": 5002320.070200975, "y": 2754866.170330687, "bearings": {"287_284_0": -99.77810084312013, "287_319_0": -37.701938972194796, "287_290_0": 74.93897690098635}, "angles": {"287_284_0": 185.28292225589354, "287_319_0": 62.07616187092533, "287_290_0": 112.64091587318114}, "adj_sorted": [[287, 284, 0], [287, 319, 0], [287, 290, 0]], "type": "T", "n_corners": 2}, "geometry": {"type": "Point", "coordinates": [19.06804959999999, 47.531073800000044]}}, {"id": "330", "type": "Feature", "properties": {"x": 5002444.922544786, "y": 2754619.0280455677, "bearings": {"330_358_0": 67.492246730329, "330_336_0": -103.77137418085594, "330_326_0": 168.0856399132359}, "angles": {"330_336_0": 88.14298590590818, "330_358_0": 171.26362091118494, "330_326_0": 100.5933931829069}, "adj_sorted": [[330, 336, 0], [330, 358, 0], [330, 326, 0]], "type": "T", "n_corners": 2}, "geometry": {"type": "Point", "coordinates": [19.06930729999999, 47.52873110000003]}}, {"id": "358", "type": "Feature", "properties": {"x": 5002524.003186206, "y": 2754786.4526525266, "bearings": {"358_330_0": -126.18679829843903, "358_381_0": -35.72355451377398, "358_335_0": 144.10803189540906}, "angles": {"358_330_0": 89.7051698061519, "358_381_0": 90.46324378466505, "358_335_0": 179.83158640918305}, "adj_sorted": [[358, 330, 0], [358, 381, 0], [358, 335, 0]], "type": "T", "n_corners": 2}, "geometry": {"type": "Point", "coordinates": [19.070614289430495, 47.530137968196016]}}, {"id": "336", "type": "Feature", "properties": {"x": 5002460.279268723, "y": 2754492.0876654177, "bearings": {"336_330_0": 103.00803705341824, "336_346_0": -78.120401167813, "336_321_0": 170.2798459777018, "336_343_0": 47.59790932035721}, "angles": {"336_346_0": 111.59975285448519, "336_343_0": 125.7183104881702, "336_330_0": 55.410127733061024, "336_321_0": 67.27180892428356}, "adj_sorted": [[336, 346, 0], [336, 343, 0], [336, 330, 0], [336, 321, 0]], "type": "other", "n_corners": 4}, "geometry": {"type": "Point", "coordinates": [19.069309899999993, 47.52758149999999]}}, {"id": "326", "type": "Feature", "properties": {"x": 5002439.191206625, "y": 2754620.2373282732, "bearings": {"326_330_0": -11.914360086764104, "326_320_0": 169.22476449178583, "326_331_0": 98.92729008989122}, "angles": {"326_330_0": 178.86087542145006, "326_331_0": 110.84165017665532, "326_320_0": 70.29747440189462}, "adj_sorted": [[326, 330, 0], [326, 331, 0], [326, 320, 0]], "type": "T", "n_corners": 2}, "geometry": {"type": "Point", "coordinates": [19.069233599999997, 47.52874820000002]}}, {"id": "381", "type": "Feature", "properties": {"x": 5002630.205189771, "y": 2754702.487618328, "bearings": {"381_358_0": 116.02668257177304, "381_407_0": 11.912436428316225, "381_370_0": -168.08756356981806}, "angles": {"381_370_0": 75.88575385840892, "381_407_0": 179.99999999813429, "381_358_0": 104.11424614345681}, "adj_sorted": [[381, 370, 0], [381, 407, 0], [381, 358, 0]], "type": "T", "n_corners": 2}, "geometry": {"type": "Point", "coordinates": [19.071882968642484, 47.529271806730875]}}, {"id": "335", "type": "Feature", "properties": {"x": 5002459.277391315, "y": 2754833.292487555, "bearings": {"335_358_0": -35.89196810459094, "335_338_0": 77.32034555700615, "335_294_0": 163.64558294652315}, "angles": {"335_358_0": 160.4624489488859, "335_338_0": 113.21231366159708, "335_294_0": 86.325237389517}, "adj_sorted": [[335, 358, 0], [335, 338, 0], [335, 294, 0]], "type": "Y", "n_corners": 3}, "geometry": {"type": "Point", "coordinates": [19.069834233584483, 47.53062718388567]}}, {"id": "370", "type": "Feature", "properties": {"x": 5002566.127807705, "y": 2754627.2926220982, "bearings": {"370_381_0": 53.0086749018368, "370_359_0": -126.98854265545125, "370_397_0": -39.354164897122146}, "angles": {"370_359_0": 180.00278244271195, "370_397_0": 87.63437775832911, "370_381_0": 92.36283979895894}, "adj_sorted": [[370, 359, 0], [370, 397, 0], [370, 381, 0]], "type": "T", "n_corners": 2}, "geometry": {"type": "Point", "coordinates": [19.0709192, 47.52867140000005]}}, {"id": "359", "type": "Feature", "properties": {"x": 5002524.127379631, "y": 2754571.532975988, "bearings": {"359_370_0": 53.01145734454874, "359_343_0": -126.9954287989718, "359_380_0": -36.451171052131365}, "angles": {"359_343_0": 179.99311385647945, "359_380_0": 90.54425774684043, "359_370_0": 89.4626283966801}, "adj_sorted": [[359, 343, 0], [359, 380, 0], [359, 370, 0]], "type": "T", "n_corners": 2}, "geometry": {"type": "Point", "coordinates": [19.070277300000004, 47.528220100000006]}}, {"id": "397", "type": "Feature", "properties": {"x": 5002687.39971114, "y": 2754537.9774418436, "bearings": {"397_370_0": 144.1366079208817, "397_409_0": -36.33906793352651, "397_380_0": -143.48196281534993}, "angles": {"397_380_0": 72.38142926376838, "397_409_0": 107.14289488182342, "397_370_0": 180.4756758544082}, "adj_sorted": [[397, 380, 0], [397, 409, 0], [397, 370, 0]], "type": "T", "n_corners": 2}, "geometry": {"type": "Point", "coordinates": [19.072378200000003, 47.527740900000026]}}, {"id": "407", "type": "Feature", "properties": {"x": 5002716.684296262, "y": 2754650.9671573085, "bearings": {"407_381_0": 145.4376703197863, "407_442_0": -35.98898944915743, "407_438_0": 53.852313513586324}, "angles": {"407_442_0": 178.57334023105628, "407_438_0": 89.84130296274375, "407_381_0": 91.58535680619997}, "adj_sorted": [[407, 442, 0], [407, 438, 0], [407, 381, 0]], "type": "T", "n_corners": 2}, "geometry": {"type": "Point", "coordinates": [19.072942567734433, 47.52871685435388]}}, {"id": "442", "type": "Feature", "properties": {"x": 5002824.824130119, "y": 2754572.4307155656, "bearings": {"442_407_0": 144.01101055084257, "442_466_0": 54.362312894669806, "442_452_0": -36.20087984535509}, "angles": {"442_452_0": 179.78810960380235, "442_466_0": 90.5631927400249, "442_407_0": 89.64869765617277}, "adj_sorted": [[442, 452, 0], [442, 466, 0], [442, 407, 0]], "type": "T", "n_corners": 2}, "geometry": {"type": "Point", "coordinates": [19.074245295055746, 47.527896970801955]}}, {"id": "438", "type": "Feature", "properties": {"x": 5002809.513773149, "y": 2754776.821059401, "bearings": {"438_407_0": -126.3954657674206, "438_466_0": -35.4201635487251, "438_457_0": 53.07339960504226}, "angles": {"438_407_0": 180.53113462753714, "438_466_0": 90.9753022186955, "438_457_0": 88.49356315376735}, "adj_sorted": [[438, 407, 0], [438, 466, 0], [438, 457, 0]], "type": "T", "n_corners": 2}, "geometry": {"type": "Point", "coordinates": [19.0743655, 47.5297376]}}, {"id": "0", "type": "Feature", "properties": {"x": 5001014.706257574, "y": 2752919.319278308, "bearings": {"0_3_0": -103.82237314286509, "0_1_0": 73.86715563014376, "0_5_0": -15.080989029073693}, "angles": {"0_3_0": 182.31047122699115, "0_5_0": 88.7413841137914, "0_1_0": 88.94814465921745}, "adj_sorted": [[0, 3, 0], [0, 5, 0], [0, 1, 0]], "type": "T", "n_corners": 2}, "geometry": {"type": "Point", "coordinates": [19.047768790011922, 47.51513677514142]}}, {"id": "3", "type": "Feature", "properties": {"x": 5001083.331899536, "y": 2752789.3132233303, "bearings": {"3_0_0": 159.67273040972302, "3_6_0": -107.38396374568563, "3_4_0": 72.01258495823359}, "angles": {"3_6_0": 92.94330584459135, "3_4_0": 179.39654870391922, "3_0_0": 87.66014545148943}, "adj_sorted": [[3, 6, 0], [3, 4, 0], [3, 0, 0]], "type": "T", "n_corners": 2}, "geometry": {"type": "Point", "coordinates": [19.0484696, 47.513901300000036]}}, {"id": "1", "type": "Feature", "properties": {"x": 5001062.683161793, "y": 2753085.1822483977, "bearings": {"1_0_0": -106.13284436985626, "1_9_0": -17.65344338644694, "1_2_0": 71.9666782575429}, "angles": {"1_0_0": 181.90047737260085, "1_9_0": 88.47940098340932, "1_2_0": 89.62012164398983}, "adj_sorted": [[1, 0, 0], [1, 9, 0], [1, 2, 0]], "type": "T", "n_corners": 2}, "geometry": {"type": "Point", "coordinates": [19.048662130433982, 47.51656415441112]}}, {"id": "5", "type": "Feature", "properties": {"x": 5001114.750332743, "y": 2752885.0057484303, "bearings": {"5_0_0": 161.30692120790283, "5_4_0": -108.27973296269805, "5_12_0": -19.17529193620976, "5_7_0": 71.90733985995634}, "angles": {"5_4_0": 90.41334582939913, "5_12_0": 89.10444102648829, "5_7_0": 91.0826317961661, "5_0_0": 89.3995813479465}, "adj_sorted": [[5, 4, 0], [5, 12, 0], [5, 7, 0], [5, 0, 0]], "type": "X", "n_corners": 4}, "geometry": {"type": "Point", "coordinates": [19.049034300000002, 47.51472069999998]}}, {"id": "6", "type": "Feature", "properties": {"x": 5001132.844492212, "y": 2752685.3269386254, "bearings": {"6_3_0": 160.29128442855753, "6_10_0": 64.43548875467496, "6_13_0": -21.403591577638217}, "angles": {"6_13_0": 178.30512399380424, "6_10_0": 85.83908033231319, "6_3_0": 95.85579567388257}, "adj_sorted": [[6, 13, 0], [6, 10, 0], [6, 3, 0]], "type": "T", "n_corners": 2}, "geometry": {"type": "Point", "coordinates": [19.048959199999995, 47.51291900000004]}}, {"id": "4", "type": "Feature", "properties": {"x": 5001094.32644427, "y": 2752823.1762593486, "bearings": {"4_3_0": -107.98741504176643, "4_5_0": 71.72026703730195, "4_10_0": -19.28605737726449}, "angles": {"4_3_0": 180.29231792093162, "4_10_0": 88.70135766450193, "4_5_0": 91.00632441456645}, "adj_sorted": [[4, 3, 0], [4, 10, 0], [4, 5, 0]], "type": "T", "n_corners": 2}, "geometry": {"type": "Point", "coordinates": [19.048667799999997, 47.514191400000016]}}, {"id": "12", "type": "Feature", "properties": {"x": 5001203.930352925, "y": 2752853.993094637, "bearings": {"12_5_0": 160.82470806379024, "12_18_0": 70.04063353955661, "12_10_0": -109.94739026048639, "12_24_0": -17.536873544102626}, "angles": {"12_10_0": 89.22790167572339, "12_24_0": 92.41051671638377, "12_18_0": 87.57750708365924, "12_5_0": 90.78407452423363}, "adj_sorted": [[12, 10, 0], [12, 24, 0], [12, 18, 0], [12, 5, 0]], "type": "X", "n_corners": 4}, "geometry": {"type": "Point", "coordinates": [19.050161699999997, 47.514346000000025]}}, {"id": "7", "type": "Feature", "properties": {"x": 5001141.670288177, "y": 2752967.403198817, "bearings": {"7_5_0": -108.09266014004366, "7_18_0": -17.917624116060388, "7_9_0": 71.45401325056345}, "angles": {"7_5_0": 180.4533266093929, "7_18_0": 90.17503602398327, "7_9_0": 89.37163736662384}, "adj_sorted": [[7, 5, 0], [7, 18, 0], [7, 9, 0]], "type": "T", "n_corners": 2}, "geometry": {"type": "Point", "coordinates": [19.049518799999998, 47.51542640000002]}}, {"id": "9", "type": "Feature", "properties": {"x": 5001169.724985736, "y": 2753051.7224599905, "bearings": {"9_1_0": 162.63085929038166, "9_7_0": -107.61998738042341, "9_22_0": -18.02537952244742, "9_11_0": 71.25996131150366}, "angles": {"9_7_0": 89.74915332919494, "9_22_0": 89.59460785797599, "9_11_0": 89.28534083395108, "9_1_0": 91.370897978878}, "adj_sorted": [[9, 7, 0], [9, 22, 0], [9, 11, 0], [9, 1, 0]], "type": "X", "n_corners": 4}, "geometry": {"type": "Point", "coordinates": [19.050021300000004, 47.51614800000001]}}, {"id": "2", "type": "Feature", "properties": {"x": 5001077.93858133, "y": 2753143.9041343858, "bearings": {"2_1_0": -94.65163246475474, "2_15_0": 72.94954923045613, "2_8_0": -12.493365157969983}, "angles": {"2_1_0": 192.39881830478913, "2_8_0": 82.15826730678475, "2_15_0": 85.44291438842612}, "adj_sorted": [[2, 1, 0], [2, 8, 0], [2, 15, 0]], "type": "T", "n_corners": 2}, "geometry": {"type": "Point", "coordinates": [19.048955599999992, 47.51707140000007]}}, {"id": "22", "type": "Feature", "properties": {"x": 5001260.793093233, "y": 2753022.0304509685, "bearings": {"22_9_0": 161.92088449181227, "22_34_0": -18.806337621993446, "22_28_0": 71.14513389230738, "22_18_0": -108.66038347311324}, "angles": {"22_18_0": 89.41873203507447, "22_34_0": 89.85404585111979, "22_28_0": 89.95147151430083, "22_9_0": 90.77575059950489}, "adj_sorted": [[22, 18, 0], [22, 34, 0], [22, 28, 0], [22, 9, 0]], "type": "X", "n_corners": 4}, "geometry": {"type": "Point", "coordinates": [19.0511757, 47.51578300000004]}}, {"id": "11", "type": "Feature", "properties": {"x": 5001190.0700769285, "y": 2753111.6489745006, "bearings": {"11_9_0": -108.75558601385197, "11_28_0": -17.091466850230123, "11_14_0": 71.25147937957104}, "angles": {"11_9_0": 179.992934606577, "11_28_0": 91.66411916362185, "11_14_0": 88.34294622980116}, "adj_sorted": [[11, 9, 0], [11, 28, 0], [11, 14, 0]], "type": "T", "n_corners": 2}, "geometry": {"type": "Point", "coordinates": [19.050383800000006, 47.51666040000002]}}, {"id": "15", "type": "Feature", "properties": {"x": 5001214.247710526, "y": 2753542.489019303, "bearings": {"15_2_0": -100.10658381492111, "15_25_0": -18.80181376708315, "15_16_0": 74.80220721489911}, "angles": {"15_2_0": 185.09120897017976, "15_25_0": 81.30477004783796, "15_16_0": 93.60402098198226}, "adj_sorted": [[15, 2, 0], [15, 25, 0], [15, 16, 0]], "type": "T", "n_corners": 2}, "geometry": {"type": "Point", "coordinates": [19.051379841710023, 47.52047839714287]}}, {"id": "8", "type": "Feature", "properties": {"x": 5001159.556974261, "y": 2753190.1928467643, "bearings": {"8_2_0": -108.23014893082673, "8_14_0": -18.43560838276383, "8_19_0": 71.78681107001111}, "angles": {"8_2_0": 179.98303999916214, "8_14_0": 89.7945405480629, "8_19_0": 90.22241945277494}, "adj_sorted": [[8, 2, 0], [8, 14, 0], [8, 19, 0]], "type": "T", "n_corners": 2}, "geometry": {"type": "Point", "coordinates": [19.050104799999993, 47.51739480000004]}}, {"id": "25", "type": "Feature", "properties": {"x": 5001269.950675924, "y": 2753368.788627155, "bearings": {"25_15_0": 162.99536369137238, "25_26_0": 76.65740046104192, "25_23_0": -102.51945263873675}, "angles": {"25_23_0": 94.48518366989089, "25_26_0": 179.17685309977867, "25_15_0": 86.33796323033046}, "adj_sorted": [[25, 23, 0], [25, 26, 0], [25, 15, 0]], "type": "T", "n_corners": 2}, "geometry": {"type": "Point", "coordinates": [19.051841499999995, 47.51886720000007]}}, {"id": "16", "type": "Feature", "properties": {"x": 5001228.164460827, "y": 2753593.7189698373, "bearings": {"16_15_0": -105.19779278510089, "16_32_0": -18.056774010030026, "16_21_0": 72.16097594190752}, "angles": {"16_15_0": 182.6412312729916, "16_32_0": 87.14101877507086, "16_21_0": 90.21774995193755}, "adj_sorted": [[16, 15, 0], [16, 32, 0], [16, 21, 0]], "type": "T", "n_corners": 2}, "geometry": {"type": "Point", "coordinates": [19.051643930286733, 47.520920251087865]}}, {"id": "26", "type": "Feature", "properties": {"x": 5001276.980587517, "y": 2753398.4213472567, "bearings": {"26_25_0": -103.34999605253154, "26_32_0": 78.81564534276136, "26_46_0": -13.94732841479096}, "angles": {"26_25_0": 177.83435860470712, "26_46_0": 89.40266763774058, "26_32_0": 92.76297375755232}, "adj_sorted": [[26, 25, 0], [26, 46, 0], [26, 32, 0]], "type": "T", "n_corners": 2}, "geometry": {"type": "Point", "coordinates": [19.051980799999992, 47.51912390000006]}}, {"id": "23", "type": "Feature", "properties": {"x": 5001263.877121481, "y": 2753341.4365436696, "bearings": {"23_25_0": 77.48054736126325, "23_20_0": -103.30820113853639, "23_41_0": -17.45337714145503}, "angles": {"23_20_0": 179.21125150020038, "23_41_0": 85.85482399708135, "23_25_0": 94.93392450271827}, "adj_sorted": [[23, 20, 0], [23, 41, 0], [23, 25, 0]], "type": "T", "n_corners": 2}, "geometry": {"type": "Point", "coordinates": [19.051718399999995, 47.51862980000005]}}, {"id": "32", "type": "Feature", "properties": {"x": 5001315.262541975, "y": 2753573.530572151, "bearings": {"32_16_0": 167.71289299017954, "32_26_0": -102.60431556826475, "32_37_0": 77.24024033189984, "32_53_0": -12.015666231745069}, "angles": {"32_26_0": 89.68279144155571, "32_53_0": 90.58864933651968, "32_37_0": 89.25590656364491, "32_16_0": 90.4726526582797}, "adj_sorted": [[32, 26, 0], [32, 53, 0], [32, 37, 0], [32, 16, 0]], "type": "X", "n_corners": 4}, "geometry": {"type": "Point", "coordinates": [19.052761000000004, 47.52064440000003]}}, {"id": "21", "type": "Feature", "properties": {"x": 5001257.892555507, "y": 2753686.0949317594, "bearings": {"21_16_0": -107.83902405809248, "21_37_0": -19.352267488613705, "21_43_0": 72.40080140377022}, "angles": {"21_16_0": 179.7601745381373, "21_37_0": 88.48675656947877, "21_43_0": 91.75306889238392}, "adj_sorted": [[21, 16, 0], [21, 37, 0], [21, 43, 0]], "type": "T", "n_corners": 2}, "geometry": {"type": "Point", "coordinates": [19.052181259125334, 47.52171189211833]}}, {"id": "37", "type": "Feature", "properties": {"x": 5001336.44227689, "y": 2753667.057518603, "bearings": {"37_32_0": -102.75975966810017, "37_21_0": 167.72164283814317, "37_40_0": 77.24039924459564, "37_56_0": -12.212991059159261}, "angles": {"37_32_0": 89.51859749375666, "37_56_0": 90.54676860894091, "37_40_0": 89.4533903037549, "37_21_0": 90.48124359354753}, "adj_sorted": [[37, 32, 0], [37, 56, 0], [37, 40, 0], [37, 21, 0]], "type": "X", "n_corners": 4}, "geometry": {"type": "Point", "coordinates": [19.053187399999995, 47.52145570000002]}}, {"id": "53", "type": "Feature", "properties": {"x": 5001414.627962308, "y": 2753552.3497497253, "bearings": {"53_32_0": 167.95413308737784, "53_83_0": -12.971183990504771, "53_48_0": -101.33278593537287, "53_56_0": 76.88558949115884}, "angles": {"53_48_0": 90.71308097724932, "53_83_0": 88.3616019448681, "53_56_0": 89.85677348166361, "53_32_0": 91.068543596219}, "adj_sorted": [[53, 48, 0], [53, 83, 0], [53, 56, 0], [53, 32, 0]], "type": "X", "n_corners": 4}, "geometry": {"type": "Point", "coordinates": [19.05403829999999, 47.520346200000034]}}, {"id": "43", "type": "Feature", "properties": {"x": 5001360.633001082, "y": 2753895.6287704683, "bearings": {"43_21_0": -130.63356716595374, "43_51_0": 43.19220076337005, "43_40_0": -71.5478148685848}, "angles": {"43_21_0": 186.17423207067623, "43_40_0": 59.08575229736894, "43_51_0": 114.74001563195485}, "adj_sorted": [[43, 21, 0], [43, 40, 0], [43, 51, 0]], "type": "Y", "n_corners": 2}, "geometry": {"type": "Point", "coordinates": [19.05386587555806, 47.523468733937364]}}, {"id": "40", "type": "Feature", "properties": {"x": 5001356.334779053, "y": 2753754.9013441917, "bearings": {"40_37_0": -102.75960075540438, "40_43_0": 77.18298044396396, "40_62_0": -11.663216276863047}, "angles": {"40_37_0": 180.05741880063167, "40_62_0": 91.09638447854132, "40_43_0": 88.84619672082701}, "adj_sorted": [[40, 37, 0], [40, 62, 0], [40, 43, 0]], "type": "T", "n_corners": 2}, "geometry": {"type": "Point", "coordinates": [19.053587900000004, 47.522217700000034]}}, {"id": "56", "type": "Feature", "properties": {"x": 5001436.508596771, "y": 2753645.39206539, "bearings": {"56_37_0": 167.84280850517843, "56_53_0": -103.27347163102057, "56_86_0": -12.402668736995967, "56_62_0": 78.09969880925183}, "angles": {"56_53_0": 88.88371986380099, "56_86_0": 90.8708028940246, "56_62_0": 90.5023675462478, "56_37_0": 89.74310969592659}, "adj_sorted": [[56, 53, 0], [56, 86, 0], [56, 62, 0], [56, 37, 0]], "type": "X", "n_corners": 4}, "geometry": {"type": "Point", "coordinates": [19.0544732, 47.52115240000003]}}, {"id": "62", "type": "Feature", "properties": {"x": 5001455.286309393, "y": 2753734.499947647, "bearings": {"62_40_0": 168.4492041919565, "62_56_0": -101.89595110161132, "62_91_0": -11.696111349178127, "62_64_0": 77.29369314462139}, "angles": {"62_56_0": 89.65484470643219, "62_91_0": 90.19983975243319, "62_64_0": 88.98980449379951, "62_40_0": 91.15551104733512}, "adj_sorted": [[62, 56, 0], [62, 91, 0], [62, 64, 0], [62, 40, 0]], "type": "X", "n_corners": 4}, "geometry": {"type": "Point", "coordinates": [19.054861000000002, 47.52192690000002]}}, {"id": "51", "type": "Feature", "properties": {"x": 5001409.455188986, "y": 2753936.1642456665, "bearings": {"51_43_0": -144.6510336580604, "51_55_0": 76.00513891081492, "51_64_0": -58.02917651762067}, "angles": {"51_43_0": 139.34382743112468, "51_64_0": 86.62185714043974, "51_55_0": 134.0343154284356}, "adj_sorted": [[51, 43, 0], [51, 64, 0], [51, 55, 0]], "type": "Y", "n_corners": 3}, "geometry": {"type": "Point", "coordinates": [19.05457360732763, 47.523776787220875]}}, {"id": "59", "type": "Feature", "properties": {"x": 5001448.935674581, "y": 2754164.895770995, "bearings": {"59_61_0": 80.32332088885184, "59_63_0": -60.271707794273304}, "angles": {"59_63_0": 219.40497131687485, "59_61_0": 140.59502868312515}, "adj_sorted": [[59, 63, 0], [59, 61, 0]], "type": "other", "n_corners": 2}, "geometry": {"type": "Point", "coordinates": [19.055454116052022, 47.52577443264145]}}, {"id": "61", "type": "Feature", "properties": {"x": 5001450.0621638205, "y": 2754295.308041828, "bearings": {"61_59_0": -46.556239199182954, "61_66_0": 55.28574683002971}, "angles": {"61_59_0": 258.15801397078735, "61_66_0": 101.84198602921266}, "adj_sorted": [[61, 59, 0], [61, 66, 0]], "type": "other", "n_corners": 2}, "geometry": {"type": "Point", "coordinates": [19.055674099999994, 47.526936900000024]}}, {"id": "66", "type": "Feature", "properties": {"x": 5001482.700327699, "y": 2754424.7760716714, "bearings": {"66_61_0": -101.44299662487758, "66_90_0": -18.067185224013457, "66_71_0": 51.702765178050875}, "angles": {"66_61_0": 206.85423819707154, "66_90_0": 83.37581140086412, "66_71_0": 69.76995040206432}, "adj_sorted": [[66, 61, 0], [66, 90, 0], [66, 71, 0]], "type": "other", "n_corners": 3}, "geometry": {"type": "Point", "coordinates": [19.0563083, 47.52805630000006]}}, {"id": "63", "type": "Feature", "properties": {"x": 5001461.792304291, "y": 2754142.3815389434, "bearings": {"63_59_0": 119.7282922057267, "63_82_0": 32.901425045152074, "63_55_0": -104.48665017852744}, "angles": {"63_55_0": 135.78505761574587, "63_82_0": 137.38807522367952, "63_59_0": 86.82686716057464}, "adj_sorted": [[63, 55, 0], [63, 82, 0], [63, 59, 0]], "type": "Y", "n_corners": 3}, "geometry": {"type": "Point", "coordinates": [19.055588296131994, 47.52555939956729]}}, {"id": "107", "type": "Feature", "properties": {"x": 5001668.245027704, "y": 2753986.213107802, "bearings": {"107_55_0": 167.31591654201287, "107_136_0": -11.408988941109182, "107_100_0": -102.47070405572511, "107_115_0": 75.00841314103916}, "angles": {"107_100_0": 90.21337940226204, "107_136_0": 91.06171511461592, "107_115_0": 86.41740208214834, "107_55_0": 92.30750340097372}, "adj_sorted": [[107, 100, 0], [107, 136, 0], [107, 115, 0], [107, 55, 0]], "type": "X", "n_corners": 4}, "geometry": {"type": "Point", "coordinates": [19.058065900000006, 47.523938900000054]}}, {"id": "55", "type": "Feature", "properties": {"x": 5001435.180921688, "y": 2754039.383962544, "bearings": {"55_51_0": -103.99486108918508, "55_63_0": 75.51334982147256, "55_107_0": -12.56360266617694}, "angles": {"55_51_0": 180.49178908934238, "55_107_0": 91.43125842300813, "55_63_0": 88.07695248764949}, "adj_sorted": [[55, 51, 0], [55, 107, 0], [55, 63, 0]], "type": "T", "n_corners": 2}, "geometry": {"type": "Point", "coordinates": [19.055075275684892, 47.52466957276102]}}, {"id": "136", "type": "Feature", "properties": {"x": 5001759.048322871, "y": 2753967.884072534, "bearings": {"136_107_0": 168.52926363339301, "136_144_0": 78.42821988939271, "136_169_0": -11.421717245957442, "136_129_0": -101.58316039565577}, "angles": {"136_129_0": 89.88757597095122, "136_169_0": 90.16144314969833, "136_144_0": 89.84993713535015, "136_107_0": 90.10104374400031}, "adj_sorted": [[136, 129, 0], [136, 169, 0], [136, 144, 0], [136, 107, 0]], "type": "X", "n_corners": 4}, "geometry": {"type": "Point", "coordinates": [19.0592348, 47.52367550000004]}}, {"id": "100", "type": "Feature", "properties": {"x": 5001646.163970261, "y": 2753886.386605674, "bearings": {"100_107_0": 77.51084655992867, "100_95_0": -102.47241351961209, "100_129_0": -12.998673915340156}, "angles": {"100_95_0": 180.01673992045926, "100_129_0": 89.47373960427194, "100_107_0": 90.50952047526883}, "adj_sorted": [[100, 95, 0], [100, 129, 0], [100, 107, 0]], "type": "T", "n_corners": 2}, "geometry": {"type": "Point", "coordinates": [19.057617600000004, 47.52307240000002]}}, {"id": "115", "type": "Feature", "properties": {"x": 5001691.169628995, "y": 2754082.9611319494, "bearings": {"115_107_0": -102.58239052795408, "115_144_0": -12.487051594955268, "115_118_0": 75.71061782066799}, "angles": {"115_107_0": 181.70699165137793, "115_144_0": 90.0953389329988, "115_118_0": 88.19766941562327}, "adj_sorted": [[115, 107, 0], [115, 144, 0], [115, 118, 0]], "type": "T", "n_corners": 2}, "geometry": {"type": "Point", "coordinates": [19.0585205, 47.52477699999998]}}, {"id": "173", "type": "Feature", "properties": {"x": 5001873.972973188, "y": 2755189.9939246736, "bearings": {"173_193_0": -14.548837322094691, "173_171_0": -99.04276727369808, "173_163_0": 168.227594289721}, "angles": {"173_171_0": 92.7296384365809, "173_193_0": 84.49392995160338, "173_163_0": 182.7764316118157}, "adj_sorted": [[173, 171, 0], [173, 193, 0], [173, 163, 0]], "type": "T", "n_corners": 2}, "geometry": {"type": "Point", "coordinates": [19.062674400000002, 47.53445420000008]}}, {"id": "193", "type": "Feature", "properties": {"x": 5001948.161805174, "y": 2755184.596203499, "bearings": {"193_173_0": -176.41946000824527, "193_219_0": 38.7652607626682, "193_196_0": -52.19419572206598}, "angles": {"193_173_0": 144.81527922908654, "193_196_0": 124.22526428617928, "193_219_0": 90.95945648473418}, "adj_sorted": [[193, 173, 0], [193, 196, 0], [193, 219, 0]], "type": "Y", "n_corners": 3}, "geometry": {"type": "Point", "coordinates": [19.063644678560628, 47.53432441589816]}}, {"id": "171", "type": "Feature", "properties": {"x": 5001859.562174502, "y": 2755099.6272628005, "bearings": {"171_173_0": 80.93450515270226, "171_196_0": -10.22546820357163, "171_168_0": -99.74107802248433}, "angles": {"171_168_0": 179.3244168248134, "171_196_0": 89.51560981891271, "171_173_0": 91.1599733562739}, "adj_sorted": [[171, 168, 0], [171, 196, 0], [171, 173, 0]], "type": "T", "n_corners": 2}, "geometry": {"type": "Point", "coordinates": [19.062341999999997, 47.53366370000004]}}, {"id": "163", "type": "Feature", "properties": {"x": 5001833.3997639, "y": 2755197.9246223685, "bearings": {"163_173_0": -8.908693793297546, "163_157_0": 170.26024525907474, "163_156_0": -100.65129444499992}, "angles": {"163_156_0": 89.08846029592536, "163_173_0": 91.74260065170238, "163_157_0": 179.16893905237228}, "adj_sorted": [[163, 156, 0], [163, 173, 0], [163, 157, 0]], "type": "T", "n_corners": 2}, "geometry": {"type": "Point", "coordinates": [19.062151600000004, 47.53456960000003]}}, {"id": "219", "type": "Feature", "properties": {"x": 5002052.58423743, "y": 2755520.0054892693, "bearings": {"219_193_0": -104.16233295031573, "219_242_0": -9.729222501441654, "219_216_0": 170.28183578796745}, "angles": {"219_193_0": 85.55583126171683, "219_242_0": 94.43311044887407, "219_216_0": 180.0110582894091}, "adj_sorted": [[219, 193, 0], [219, 242, 0], [219, 216, 0]], "type": "T", "n_corners": 2}, "geometry": {"type": "Point", "coordinates": [19.065550599999995, 47.53720240000007]}}, {"id": "196", "type": "Feature", "properties": {"x": 5001955.745088141, "y": 2755082.4528798605, "bearings": {"196_193_0": 85.13631854660056, "196_171_0": 172.89332451170336, "196_191_0": -99.66877905895407}, "angles": {"196_191_0": 87.43789642934257, "196_193_0": 184.80509760555464, "196_171_0": 87.75700596510279}, "adj_sorted": [[196, 191, 0], [196, 193, 0], [196, 171, 0]], "type": "T", "n_corners": 2}, "geometry": {"type": "Point", "coordinates": [19.06358388521191, 47.533404636820656]}}, {"id": "165", "type": "Feature", "properties": {"x": 5001841.083333865, "y": 2754994.941270752, "bearings": {"165_191_0": -9.638055096588092, "165_168_0": 79.84696989189523, "165_161_0": -99.38868454595232}, "angles": {"165_161_0": 180.76434556215247, "165_191_0": 89.75062944936423, "165_168_0": 89.48502498848332}, "adj_sorted": [[165, 161, 0], [165, 191, 0], [165, 168, 0]], "type": "T", "n_corners": 2}, "geometry": {"type": "Point", "coordinates": [19.061933399999997, 47.53274990000005]}}, {"id": "191", "type": "Feature", "properties": {"x": 5001938.132261159, "y": 2754979.0744463205, "bearings": {"191_196_0": 80.33122094104593, "191_165_0": 176.246079194946, "191_189_0": -93.08227280026571}, "angles": {"191_189_0": 90.67164800478827, "191_196_0": 173.41349374131164, "191_165_0": 95.91485825390006}, "adj_sorted": [[191, 189, 0], [191, 196, 0], [191, 165, 0]], "type": "T", "n_corners": 2}, "geometry": {"type": "Point", "coordinates": [19.063188749300238, 47.53250155641318]}}, {"id": "168", "type": "Feature", "properties": {"x": 5001853.164924875, "y": 2755062.4052100945, "bearings": {"168_171_0": 80.24623399618089, "168_165_0": -100.15303010810477, "168_156_0": 169.97304722171185}, "angles": {"168_165_0": 89.87392267018339, "168_171_0": 180.39926410428566, "168_156_0": 89.72681322553096}, "adj_sorted": [[168, 165, 0], [168, 171, 0], [168, 156, 0]], "type": "T", "n_corners": 2}, "geometry": {"type": "Point", "coordinates": [19.062198999999993, 47.53333860000004]}}, {"id": "161", "type": "Feature", "properties": {"x": 5001830.247048336, "y": 2754929.4240347445, "bearings": {"161_165_0": 80.60799082122264, "161_155_0": -99.95647333373795, "161_149_0": 169.77632929076617}, "angles": {"161_155_0": 90.26719737549587, "161_165_0": 180.5644641549606, "161_149_0": 89.16833846954353}, "adj_sorted": [[161, 155, 0], [161, 165, 0], [161, 149, 0]], "type": "T", "n_corners": 2}, "geometry": {"type": "Point", "coordinates": [19.06168729999999, 47.53217720000004]}}, {"id": "189", "type": "Feature", "properties": {"x": 5001936.542641113, "y": 2754949.5538138053, "bearings": {"189_191_0": 86.9177271997343, "189_252_0": -21.5123892566376, "189_176_0": -110.28481417454813}, "angles": {"189_176_0": 162.79745862571758, "189_252_0": 88.77242491791053, "189_191_0": 108.4301164563719}, "adj_sorted": [[189, 176, 0], [189, 252, 0], [189, 191, 0]], "type": "Y", "n_corners": 3}, "geometry": {"type": "Point", "coordinates": [19.06312129821972, 47.53223988900849]}}, {"id": "176", "type": "Feature", "properties": {"x": 5001891.871726734, "y": 2754713.971776112, "bearings": {"176_205_0": -9.531163397633978, "176_189_0": 82.83731146684507, "176_172_0": -97.16574419499058, "176_148_0": 175.4236848388712}, "angles": {"176_172_0": 87.41057096613821, "176_205_0": 87.6345807973566, "176_189_0": 92.36847486447904, "176_148_0": 92.58637337202613}, "adj_sorted": [[176, 172, 0], [176, 205, 0], [176, 189, 0], [176, 148, 0]], "type": "X", "n_corners": 4}, "geometry": {"type": "Point", "coordinates": [19.062161099999997, 47.530186900000025]}}, {"id": "172", "type": "Feature", "properties": {"x": 5001872.278338221, "y": 2754589.76096304, "bearings": {"172_176_0": 80.45572186609098, "172_200_0": -9.6703258314743, "172_148_0": 178.10774755680305, "172_167_0": -99.72525599880595}, "angles": {"172_167_0": 82.16699644439097, "172_200_0": 90.05493016733165, "172_176_0": 90.12604769756528, "172_148_0": 97.65202569071207}, "adj_sorted": [[172, 167, 0], [172, 200, 0], [172, 176, 0], [172, 148, 0]], "type": "X", "n_corners": 4}, "geometry": {"type": "Point", "coordinates": [19.061707099999992, 47.52910010000002]}}, {"id": "148", "type": "Feature", "properties": {"x": 5001785.695759577, "y": 2754622.0144360582, "bearings": {"148_176_0": 79.70117420076292, "148_172_0": -10.195464321662929, "148_146_0": -99.70723499015295}, "angles": {"148_146_0": 180.59159080908412, "148_172_0": 89.51177066849003, "148_176_0": 89.89663852242585}, "adj_sorted": [[148, 146, 0], [148, 172, 0], [148, 176, 0]], "type": "T", "n_corners": 2}, "geometry": {"type": "Point", "coordinates": [19.06061568651785, 47.529483135686334]}}, {"id": "252", "type": "Feature", "properties": {"x": 5002170.917915127, "y": 2754907.4049390457, "bearings": {"252_189_0": 171.19976307657947, "252_294_0": 79.88419263388118, "252_253_0": 35.120213669439806}, "angles": {"252_253_0": 223.92045059286033, "252_294_0": 44.76397896444138, "252_189_0": 91.31557044269829}, "adj_sorted": [[252, 253, 0], [252, 294, 0], [252, 189, 0]], "type": "other", "n_corners": 3}, "geometry": {"type": "Point", "coordinates": [19.066146899999993, 47.53160590000006]}}, {"id": "242", "type": "Feature", "properties": {"x": 5002133.311767728, "y": 2755506.16968104, "bearings": {"242_219_0": 170.32733971851437, "242_278_0": -10.084254966991374, "242_247_0": 79.67895614801834, "242_226_0": -102.87417038810938}, "angles": {"242_226_0": 86.79848989337626, "242_278_0": 92.789915421118, "242_247_0": 89.76321111500971, "242_219_0": 90.64838357049602}, "adj_sorted": [[242, 226, 0], [242, 278, 0], [242, 247, 0], [242, 219, 0]], "type": "X", "n_corners": 4}, "geometry": {"type": "Point", "coordinates": [19.0665939, 47.53699010000002]}}, {"id": "216", "type": "Feature", "properties": {"x": 5002039.345284706, "y": 2755522.272784849, "bearings": {"216_219_0": -9.718164212032537, "216_188_0": 170.27403921565056, "216_220_0": 79.79808899933553}, "angles": {"216_219_0": 180.0077965723169, "216_220_0": 89.51625321136807, "216_188_0": 90.47595021631503}, "adj_sorted": [[216, 219, 0], [216, 220, 0], [216, 188, 0]], "type": "T", "n_corners": 2}, "geometry": {"type": "Point", "coordinates": [19.06537949999999, 47.537237200000064]}}, {"id": "294", "type": "Feature", "properties": {"x": 5002343.057013236, "y": 2754902.705297967, "bearings": {"294_335_0": -11.270536069136488, "294_252_0": 143.82350845445916, "294_290_0": -129.23765556505273}, "angles": {"294_290_0": 86.93883598048808, "294_335_0": 117.96711949591625, "294_252_0": 155.09404452359564}, "adj_sorted": [[294, 290, 0], [294, 335, 0], [294, 252, 0]], "type": "Y", "n_corners": 3}, "geometry": {"type": "Point", "coordinates": [19.068410399999998, 47.531374500000055]}}, {"id": "121", "type": "Feature", "properties": {"x": 5001721.971055818, "y": 2755576.4387059044, "bearings": {"121_237_0": 82.4881447053849, "121_188_0": -10.009511477121649, "121_113_0": -101.38099020339627}, "angles": {"121_113_0": 176.13086509121882, "121_188_0": 91.37147872627462, "121_237_0": 92.49765618250655}, "adj_sorted": [[121, 113, 0], [121, 188, 0], [121, 237, 0]], "type": "T", "n_corners": 2}, "geometry": {"type": "Point", "coordinates": [19.061277400000005, 47.53806970000004]}}, {"id": "237", "type": "Feature", "properties": {"x": 5002118.4594569625, "y": 2756070.6438962524, "bearings": {"237_121_0": -164.2854434661283, "237_231_0": -85.2217408679667, "237_245_0": 62.98002729607876}, "angles": {"237_121_0": 132.73452923779294, "237_231_0": 79.0637025981616, "237_245_0": 148.20176816404546}, "adj_sorted": [[237, 121, 0], [237, 231, 0], [237, 245, 0]], "type": "Y", "n_corners": 3}, "geometry": {"type": "Point", "coordinates": [19.06728725446958, 47.54204326262713]}}, {"id": "188", "type": "Feature", "properties": {"x": 5001936.063795028, "y": 2755539.907227252, "bearings": {"188_216_0": -9.679381904055052, "188_121_0": 170.19073639164256, "188_147_0": -99.72250474148686, "188_194_0": 80.63910022179132}, "angles": {"188_147_0": 90.08675886687058, "188_216_0": 90.04312283743181, "188_194_0": 90.31848212584637, "188_121_0": 89.55163616985124}, "adj_sorted": [[188, 147, 0], [188, 216, 0], [188, 194, 0], [188, 121, 0]], "type": "X", "n_corners": 4}, "geometry": {"type": "Point", "coordinates": [19.064044599999995, 47.53750820000002]}}, {"id": "113", "type": "Feature", "properties": {"x": 5001687.493706123, "y": 2755405.1848284965, "bearings": {"113_121_0": 78.62439863886156, "113_68_0": -176.80155667609816, "113_103_0": -101.38222253730233}, "angles": {"113_68_0": 104.57404468504029, "113_103_0": 75.41933413879583, "113_121_0": 180.0066211761639}, "adj_sorted": [[113, 68, 0], [113, 103, 0], [113, 121, 0]], "type": "T", "n_corners": 2}, "geometry": {"type": "Point", "coordinates": [19.060552899999994, 47.53657950000001]}}, {"id": "231", "type": "Feature", "properties": {"x": 5002098.719050022, "y": 2755881.5160658057, "bearings": {"231_237_0": 81.30346956052722, "231_198_0": 170.23721354394166, "231_224_0": -99.21990390333498}, "angles": {"231_224_0": 90.54288255272337, "231_237_0": 180.52337346386219, "231_198_0": 88.93374398341444}, "adj_sorted": [[231, 224, 0], [231, 237, 0], [231, 198, 0]], "type": "T", "n_corners": 2}, "geometry": {"type": "Point", "coordinates": [19.0667288, 47.54037740000002]}}, {"id": "245", "type": "Feature", "properties": {"x": 5002145.736957225, "y": 2756103.2833223073, "bearings": {"245_237_0": -137.138142238748, "245_297_0": 11.185150373100262, "245_236_0": 137.11590520975375}, "angles": {"245_237_0": 85.74595255149825, "245_297_0": 148.32329261184827, "245_236_0": 125.93075483665349}, "adj_sorted": [[245, 237, 0], [245, 297, 0], [245, 236, 0]], "type": "Y", "n_corners": 3}, "geometry": {"type": "Point", "coordinates": [19.06769861004608, 47.54230447956041]}}, {"id": "198", "type": "Feature", "properties": {"x": 5001964.866782289, "y": 2755715.5745906048, "bearings": {"198_231_0": 80.2107318826143, "198_247_0": -39.25449764521513, "198_197_0": -100.2869454637239, "198_138_0": 158.47222523529368}, "angles": {"198_197_0": 101.24082930098245, "198_247_0": 61.032447818508764, "198_231_0": 119.46522952782942, "198_138_0": 78.26149335267938}, "adj_sorted": [[198, 197, 0], [198, 247, 0], [198, 231, 0], [198, 138, 0]], "type": "other", "n_corners": 4}, "geometry": {"type": "Point", "coordinates": [19.064701300000003, 47.53904400000005]}}, {"id": "210", "type": "Feature", "properties": {"x": 5002018.861319295, "y": 2753222.852217495, "bearings": {"210_249_0": 40.43915641868827, "210_181_0": 130.4391564188932, "210_175_0": -139.56084357816636}, "angles": {"210_175_0": 90.00000000294045, "210_249_0": 179.99999999685463, "210_181_0": 90.00000000020492}, "adj_sorted": [[210, 175, 0], [210, 249, 0], [210, 181, 0]], "type": "T", "n_corners": 2}, "geometry": {"type": "Point", "coordinates": [19.061489352301983, 47.51674167112461]}}, {"id": "249", "type": "Feature", "properties": {"x": 5002165.573601327, "y": 2753373.7561314823, "bearings": {"249_210_0": -127.40087221990287, "249_317_0": -42.019666661175954, "249_280_0": 45.9285855866139, "249_238_0": 143.9947726150445}, "angles": {"249_210_0": 88.60435516505265, "249_317_0": 85.38120555872692, "249_280_0": 87.94825224778985, "249_238_0": 98.06618702843059}, "adj_sorted": [[249, 210, 0], [249, 317, 0], [249, 280, 0], [249, 238, 0]], "type": "X", "n_corners": 4}, "geometry": {"type": "Point", "coordinates": [19.063661778330758, 47.51792682980823]}}, {"id": "181", "type": "Feature", "properties": {"x": 5001911.461906937, "y": 2753272.050563131, "bearings": {"181_210_0": 6.353551961081373, "181_183_0": 81.09492556174733, "181_175_0": -98.88272978903682, "181_160_0": -167.22456735327245}, "angles": {"181_160_0": 111.6805070849802, "181_175_0": 68.34183756423563, "181_210_0": 105.2362817501182, "181_183_0": 74.74137360066595}, "adj_sorted": [[181, 160, 0], [181, 175, 0], [181, 210, 0], [181, 183, 0]], "type": "X", "n_corners": 4}, "geometry": {"type": "Point", "coordinates": [19.0601503, 47.51729880000004]}}, {"id": "175", "type": "Feature", "properties": {"x": 5001890.126376466, "y": 2753096.3454094958, "bearings": {"175_210_0": 43.5053202429507, "175_181_0": 85.92013730189827, "175_166_0": -95.55301504097777, "175_140_0": 167.7134232200699}, "angles": {"175_166_0": 96.73356173895235, "175_210_0": 139.05833528392847, "175_181_0": 42.41481705894756, "175_140_0": 81.79328591817163}, "adj_sorted": [[175, 166, 0], [175, 210, 0], [175, 181, 0], [175, 140, 0]], "type": "other", "n_corners": 4}, "geometry": {"type": "Point", "coordinates": [19.059592499999997, 47.5157544]}}, {"id": "317", "type": "Feature", "properties": {"x": 5002409.560987577, "y": 2753319.206336989, "bearings": {"317_249_0": -135.1458667350962, "317_327_0": 44.858893102110116, "317_341_0": -45.66614853949064}, "angles": {"317_249_0": 179.99524016279366, "317_341_0": 89.47971819560556, "317_327_0": 90.52504164160075}, "adj_sorted": [[317, 249, 0], [317, 341, 0], [317, 327, 0]], "type": "T", "n_corners": 2}, "geometry": {"type": "Point", "coordinates": [19.066793799999996, 47.51717160000003]}}, {"id": "280", "type": "Feature", "properties": {"x": 5002282.600347692, "y": 2753494.6389868567, "bearings": {"280_249_0": -134.0714144133861, "280_327_0": -40.498161058873805, "280_302_0": 44.924603126784575, "280_258_0": 130.99600733206046}, "angles": {"280_249_0": 94.93257825455345, "280_327_0": 93.57325335451229, "280_302_0": 85.42276418565838, "280_258_0": 86.07140420527588}, "adj_sorted": [[280, 249, 0], [280, 327, 0], [280, 302, 0], [280, 258, 0]], "type": "X", "n_corners": 4}, "geometry": {"type": "Point", "coordinates": [19.06539552032731, 47.518876726657545]}}, {"id": "238", "type": "Feature", "properties": {"x": 5002124.066498447, "y": 2753407.276270152, "bearings": {"238_249_0": -39.29998535558488, "238_258_0": 60.989036780758, "238_233_0": 139.90748645262977}, "angles": {"238_249_0": 180.79252819178535, "238_258_0": 100.28902213634288, "238_233_0": 78.91844967187177}, "adj_sorted": [[238, 249, 0], [238, 258, 0], [238, 233, 0]], "type": "T", "n_corners": 2}, "geometry": {"type": "Point", "coordinates": [19.063167100000005, 47.51827160000001]}}, {"id": "258", "type": "Feature", "properties": {"x": 5002195.229155826, "y": 2753535.570378173, "bearings": {"258_280_0": -23.29536465943994, "258_238_0": -119.01751608595268, "258_277_0": 60.002400166332436, "258_235_0": 155.8482695896575}, "angles": {"258_238_0": 85.13421432438986, "258_280_0": 95.72215142651274, "258_277_0": 83.29776482577238, "258_235_0": 95.84586942332506}, "adj_sorted": [[258, 238, 0], [258, 280, 0], [258, 277, 0], [258, 235, 0]], "type": "X", "n_corners": 4}, "geometry": {"type": "Point", "coordinates": [19.064307599999996, 47.519338100000056]}}, {"id": "233", "type": "Feature", "properties": {"x": 5002114.010923796, "y": 2753415.741604943, "bearings": {"233_238_0": -40.09251354737022, "233_221_0": 139.87457461140514, "233_241_0": -130.1412992100016}, "angles": {"233_241_0": 89.98412617859327, "233_238_0": 90.04878566263137, "233_221_0": 179.96708815877537}, "adj_sorted": [[233, 241, 0], [233, 238, 0], [233, 221, 0]], "type": "T", "n_corners": 2}, "geometry": {"type": "Point", "coordinates": [19.063047799999993, 47.518358200000016]}}, {"id": "327", "type": "Feature", "properties": {"x": 5002439.733051185, "y": 2753349.2301510954, "bearings": {"327_317_0": -135.1411068978899, "327_280_0": 137.00161727448716, "327_357_0": 43.50334948322154}, "angles": {"327_317_0": 87.85727582762297, "327_357_0": 178.64445638111144, "327_280_0": 93.49826779126562}, "adj_sorted": [[327, 317, 0], [327, 357, 0], [327, 280, 0]], "type": "T", "n_corners": 2}, "geometry": {"type": "Point", "coordinates": [19.067238999999997, 47.51740630000003]}}, {"id": "274", "type": "Feature", "properties": {"x": 5002264.296456048, "y": 2755396.3226201506, "bearings": {"274_261_0": -128.66751547266125, "274_246_0": -100.5582239969297, "274_278_0": 80.24737586467221, "274_276_0": -66.19667797467028}, "angles": {"274_261_0": 151.08510866266653, "274_246_0": 28.109291475731553, "274_276_0": 34.36154602225942, "274_278_0": 146.44405383934247}, "adj_sorted": [[274, 261, 0], [274, 246, 0], [274, 276, 0], [274, 278, 0]], "type": "other", "n_corners": 4}, "geometry": {"type": "Point", "coordinates": [19.06814899246933, 47.53586575955183]}}, {"id": "278", "type": "Feature", "properties": {"x": 5002278.717846367, "y": 2755480.2271437855, "bearings": {"278_242_0": 170.5552783549491, "278_274_0": -99.7526241353278, "278_285_0": 80.50803827759474, "278_323_0": -9.285094235605525}, "angles": {"278_274_0": 89.69209750972311, "278_323_0": 90.46752989972228, "278_285_0": 89.79313251320026, "278_242_0": 90.04724007735437}, "adj_sorted": [[278, 274, 0], [278, 323, 0], [278, 285, 0], [278, 242, 0]], "type": "X", "n_corners": 4}, "geometry": {"type": "Point", "coordinates": [19.068471457273084, 47.53659856596527]}}, {"id": "276", "type": "Feature", "properties": {"x": 5002268.81451433, "y": 2755333.099041122, "bearings": {"276_274_0": 104.37205484546375, "276_314_0": -9.554248773433905, "276_268_0": -107.11563650966417}, "angles": {"276_268_0": 148.51230864487206, "276_314_0": 97.56138773623027, "276_274_0": 113.92630361889766}, "adj_sorted": [[276, 268, 0], [276, 314, 0], [276, 274, 0]], "type": "Y", "n_corners": 3}, "geometry": {"type": "Point", "coordinates": [19.068108991483157, 47.53529664087007]}}, {"id": "244", "type": "Feature", "properties": {"x": 5002143.421691096, "y": 2754671.403814726, "bearings": {"244_205_0": 170.29941659680668, "244_246_0": 79.54603088010873, "244_240_0": -99.33410645333466, "244_279_0": -9.659923654029667}, "angles": {"244_240_0": 90.36647694985868, "244_279_0": 89.67418279930499, "244_246_0": 89.2059545341384, "244_205_0": 90.75338571669795}, "adj_sorted": [[244, 240, 0], [244, 279, 0], [244, 246, 0], [244, 205, 0]], "type": "X", "n_corners": 4}, "geometry": {"type": "Point", "coordinates": [19.065412499999994, 47.529530300000026]}}, {"id": "247", "type": "Feature", "properties": {"x": 5002162.443691053, "y": 2755676.690588387, "bearings": {"247_242_0": -99.11256818044576, "247_198_0": 169.24467294217365, "247_285_0": -9.271363585133614}, "angles": {"247_242_0": 91.64275887738057, "247_285_0": 89.84120459531215, "247_198_0": 178.51603652730728}, "adj_sorted": [[247, 242, 0], [247, 285, 0], [247, 198, 0]], "type": "T", "n_corners": 2}, "geometry": {"type": "Point", "coordinates": [19.067246900000004, 47.53847960000006]}}, {"id": "285", "type": "Feature", "properties": {"x": 5002307.562710175, "y": 2755652.7459337506, "bearings": {"285_278_0": -99.49196172240526, "285_247_0": 170.0120878226295, "285_332_0": -9.627711219629816, "285_292_0": 82.27023096891966}, "angles": {"285_278_0": 90.49595045496523, "285_332_0": 89.86425050277545, "285_292_0": 91.89794218854948, "285_247_0": 87.74185685370983}, "adj_sorted": [[285, 278, 0], [285, 332, 0], [285, 292, 0], [285, 247, 0]], "type": "X", "n_corners": 4}, "geometry": {"type": "Point", "coordinates": [19.069123866540192, 47.53810619737341]}}, {"id": "323", "type": "Feature", "properties": {"x": 5002424.504006157, "y": 2755454.7910095328, "bearings": {"323_278_0": 170.03108350535555, "323_374_0": -8.748127682249253, "323_332_0": 80.73945838391292, "323_314_0": -99.80987182669962}, "angles": {"323_314_0": 90.15904466794484, "323_374_0": 91.06174414445037, "323_332_0": 89.48758606616217, "323_278_0": 89.29162512144264}, "adj_sorted": [[323, 314, 0], [323, 374, 0], [323, 332, 0], [323, 278, 0]], "type": "X", "n_corners": 4}, "geometry": {"type": "Point", "coordinates": [19.070354799999993, 47.53621110000003]}}, {"id": "314", "type": "Feature", "properties": {"x": 5002398.377347838, "y": 2755307.691699661, "bearings": {"314_276_0": 168.31590856849078, "314_323_0": 79.01743077303392, "314_372_0": -8.710333328724106, "314_311_0": -100.28634127387558}, "angles": {"314_311_0": 91.39775015763365, "314_372_0": 91.57600794515147, "314_323_0": 87.72776410175803, "314_276_0": 89.29847779545686}, "adj_sorted": [[314, 311, 0], [314, 372, 0], [314, 323, 0], [314, 276, 0]], "type": "X", "n_corners": 4}, "geometry": {"type": "Point", "coordinates": [19.069778299999996, 47.53492730000006]}}, {"id": "277", "type": "Feature", "properties": {"x": 5002270.693066444, "y": 2753666.2903513946, "bearings": {"277_258_0": -119.99759983366759, "277_302_0": -42.24483484397874, "277_255_0": 149.88370289513006, "277_288_0": 60.232807185835206}, "angles": {"277_258_0": 90.11869727120234, "277_302_0": 77.75276498968886, "277_288_0": 102.47764202981395, "277_255_0": 89.65089570929484}, "adj_sorted": [[277, 258, 0], [277, 302, 0], [277, 288, 0], [277, 255, 0]], "type": "X", "n_corners": 4}, "geometry": {"type": "Point", "coordinates": [19.0655087, 47.52042150000002]}}, {"id": "235", "type": "Feature", "properties": {"x": 5002115.780284097, "y": 2753571.195695715, "bearings": {"235_258_0": -24.151730410342513, "235_221_0": -115.02073021470646, "235_255_0": 66.52165854262523, "235_201_0": 156.13562754727326}, "angles": {"235_221_0": 88.84364223802027, "235_258_0": 90.86899980436395, "235_255_0": 90.67338895296774, "235_201_0": 89.61396900464803}, "adj_sorted": [[235, 221, 0], [235, 258, 0], [235, 255, 0], [235, 201, 0]], "type": "X", "n_corners": 4}, "geometry": {"type": "Point", "coordinates": [19.06331580000001, 47.519743400000074]}}, {"id": "302", "type": "Feature", "properties": {"x": 5002366.81587842, "y": 2753578.6331663155, "bearings": {"302_280_0": -135.07539687321545, "302_277_0": 135.16604501761586, "302_329_0": 45.0007458485648, "302_333_0": -44.88001925218709}, "angles": {"302_280_0": 89.75855810916869, "302_333_0": 90.19537762102837, "302_329_0": 89.88076510075189, "302_277_0": 90.16529916905105}, "adj_sorted": [[302, 280, 0], [302, 333, 0], [302, 329, 0], [302, 277, 0]], "type": "X", "n_corners": 4}, "geometry": {"type": "Point", "coordinates": [19.066638490139507, 47.519533543021936]}}, {"id": "372", "type": "Feature", "properties": {"x": 5002570.773520771, "y": 2755281.2795575056, "bearings": {"372_314_0": 171.2896666712759, "372_392_0": -9.491069819950075, "372_374_0": 79.92232466549655, "372_364_0": -102.15026257814961}, "angles": {"372_364_0": 86.56007075057448, "372_392_0": 92.65919275819954, "372_374_0": 89.41339448544662, "372_314_0": 91.36734200577936}, "adj_sorted": [[372, 364, 0], [372, 392, 0], [372, 374, 0], [372, 314, 0]], "type": "X", "n_corners": 4}, "geometry": {"type": "Point", "coordinates": [19.0720111, 47.53450180000001]}}, {"id": "311", "type": "Feature", "properties": {"x": 5002394.414026879, "y": 2755285.853361328, "bearings": {"311_314_0": 79.71365872612444, "311_345_0": -39.833133390442384, "311_305_0": -97.97125868682686}, "angles": {"311_305_0": 182.31508258704872, "311_345_0": 58.13812529638447, "311_314_0": 119.54679211656682}, "adj_sorted": [[311, 305, 0], [311, 345, 0], [311, 314, 0]], "type": "Y", "n_corners": 2}, "geometry": {"type": "Point", "coordinates": [19.069691600000002, 47.534736800000026]}}, {"id": "357", "type": "Feature", "properties": {"x": 5002520.224966906, "y": 2753425.6378764967, "bearings": {"357_327_0": -136.48811189494657, "357_403_0": 44.82552545018375, "357_333_0": 135.07421011139454}, "angles": {"357_327_0": 88.4376779936589, "357_403_0": 181.3136373451303, "357_333_0": 90.24868466121079}, "adj_sorted": [[357, 327, 0], [357, 403, 0], [357, 333, 0]], "type": "T", "n_corners": 2}, "geometry": {"type": "Point", "coordinates": [19.068420899999996, 47.51799950000005]}}, {"id": "332", "type": "Feature", "properties": {"x": 5002452.720786384, "y": 2755627.8352682693, "bearings": {"332_285_0": 170.6290233980445, "332_323_0": -99.28337828080284, "332_344_0": 80.5173116686175, "332_382_0": -9.89125935449158}, "angles": {"332_323_0": 90.08759832115265, "332_382_0": 89.39211892631126, "332_344_0": 90.40857102310908, "332_285_0": 90.111711729427}, "adj_sorted": [[332, 323, 0], [332, 382, 0], [332, 344, 0], [332, 285, 0]], "type": "X", "n_corners": 4}, "geometry": {"type": "Point", "coordinates": [19.070999799999996, 47.537724100000005]}}, {"id": "292", "type": "Feature", "properties": {"x": 5002338.892202506, "y": 2755844.553411967, "bearings": {"292_285_0": -100.13360033621038, "292_295_0": 80.11052743934644, "292_344_0": -11.482684255611657}, "angles": {"292_285_0": 179.75587222444318, "292_344_0": 88.65091608059872, "292_295_0": 91.5932116949581}, "adj_sorted": [[292, 285, 0], [292, 344, 0], [292, 295, 0]], "type": "T", "n_corners": 2}, "geometry": {"type": "Point", "coordinates": [19.069839499999997, 47.53978320000004]}}, {"id": "374", "type": "Feature", "properties": {"x": 5002596.87959297, "y": 2755428.2656354923, "bearings": {"374_323_0": 171.25187231775075, "374_372_0": -100.07960451253763, "374_429_0": -9.945388068451274, "374_382_0": 78.36125647208515}, "angles": {"374_372_0": 88.66852316971165, "374_429_0": 90.13421644408635, "374_382_0": 88.30664454053642, "374_323_0": 92.89061584566561}, "adj_sorted": [[374, 372, 0], [374, 429, 0], [374, 382, 0], [374, 323, 0]], "type": "X", "n_corners": 4}, "geometry": {"type": "Point", "coordinates": [19.0725872, 47.535784600000056]}}, {"id": "344", "type": "Feature", "properties": {"x": 5002484.399261616, "y": 2755817.490375172, "bearings": {"344_332_0": -99.48268833138252, "344_292_0": 169.56777796434548, "344_355_0": 80.37286288540568, "344_390_0": -9.977517764358861}, "angles": {"344_332_0": 90.94953370427197, "344_390_0": 89.50517056702365, "344_355_0": 90.35038064976455, "344_292_0": 89.1949150789398}, "adj_sorted": [[344, 332, 0], [344, 390, 0], [344, 355, 0], [344, 292, 0]], "type": "X", "n_corners": 4}, "geometry": {"type": "Point", "coordinates": [19.071716699999985, 47.53938149999998]}}, {"id": "382", "type": "Feature", "properties": {"x": 5002631.483123957, "y": 2755596.664346598, "bearings": {"382_332_0": 170.10874064550842, "382_374_0": -101.61043741411552, "382_440_0": -9.599795826821577, "382_390_0": 79.96885351367418}, "angles": {"382_374_0": 88.28082194037609, "382_440_0": 92.01064158729395, "382_390_0": 89.56864934049575, "382_332_0": 90.13988713183424}, "adj_sorted": [[382, 374, 0], [382, 440, 0], [382, 390, 0], [382, 332, 0]], "type": "X", "n_corners": 4}, "geometry": {"type": "Point", "coordinates": [19.073309199999994, 47.53724910000005]}}, {"id": "295", "type": "Feature", "properties": {"x": 5002344.487157091, "y": 2755876.645870378, "bearings": {"295_292_0": -99.88947256065357, "295_297_0": 80.35310270766385, "295_306_0": 53.57886462839178}, "angles": {"295_292_0": 179.7574247316826, "295_306_0": 153.46833718904534, "295_297_0": 26.774238079272074}, "adj_sorted": [[295, 292, 0], [295, 306, 0], [295, 297, 0]], "type": "Y", "n_corners": 2}, "geometry": {"type": "Point", "coordinates": [19.069963900000005, 47.540063399999994]}}, {"id": "255", "type": "Feature", "properties": {"x": 5002184.665740727, "y": 2753716.5126271835, "bearings": {"255_277_0": -32.10407444027333, "255_235_0": -114.13832147322063, "255_228_0": 151.61459946600564, "255_269_0": 64.33179115364909}, "angles": {"255_235_0": 94.24707906077373, "255_277_0": 82.03424703294729, "255_269_0": 96.43586559392241, "255_228_0": 87.28280831235655}, "adj_sorted": [[255, 235, 0], [255, 277, 0], [255, 269, 0], [255, 228, 0]], "type": "X", "n_corners": 4}, "geometry": {"type": "Point", "coordinates": [19.0644531, 47.520964300000045]}}, {"id": "288", "type": "Feature", "properties": {"x": 5002322.360943978, "y": 2753756.62384392, "bearings": {"288_277_0": -119.76887638271998, "288_329_0": -39.246639341428796, "288_307_0": 60.07136798033694, "288_269_0": 152.15965101652156}, "angles": {"288_277_0": 88.07147260075845, "288_329_0": 80.52223704129119, "288_307_0": 99.31800732176573, "288_269_0": 92.08828303618463}, "adj_sorted": [[288, 277, 0], [288, 329, 0], [288, 307, 0], [288, 269, 0]], "type": "X", "n_corners": 4}, "geometry": {"type": "Point", "coordinates": [19.0663324, 47.52117069999999]}}, {"id": "329", "type": "Feature", "properties": {"x": 5002444.438263397, "y": 2753656.2575722192, "bearings": {"329_302_0": -134.99925415143522, "329_288_0": 135.7876282987256, "329_363_0": 46.30387114131008}, "angles": {"329_302_0": 89.21311754983918, "329_363_0": 181.3031252927453, "329_288_0": 89.48375715741551}, "adj_sorted": [[329, 302, 0], [329, 363, 0], [329, 288, 0]], "type": "T", "n_corners": 2}, "geometry": {"type": "Point", "coordinates": [19.067784502704846, 47.5201407632586]}}, {"id": "333", "type": "Feature", "properties": {"x": 5002453.149830041, "y": 2753492.539485139, "bearings": {"333_302_0": 135.08052509234514, "333_357_0": -44.92578988860547, "333_349_0": 46.42711295076159}, "angles": {"333_357_0": 179.9936850190494, "333_349_0": 91.35290283936706, "333_302_0": 88.65341214158354}, "adj_sorted": [[333, 357, 0], [333, 349, 0], [333, 302, 0]], "type": "T", "n_corners": 2}, "geometry": {"type": "Point", "coordinates": [19.0676416, 47.51867030000005]}}, {"id": "297", "type": "Feature", "properties": {"x": 5002347.6297119595, "y": 2756143.204790016, "bearings": {"297_245_0": -168.81484962689973, "297_295_0": -43.8750128142689, "297_310_0": 53.31507381503038}, "angles": {"297_245_0": 137.87007655806988, "297_295_0": 124.93983681263083, "297_310_0": 97.19008662929929}, "adj_sorted": [[297, 245, 0], [297, 295, 0], [297, 310, 0]], "type": "Y", "n_corners": 3}, "geometry": {"type": "Point", "coordinates": [19.070425496537933, 47.54243843378622]}}, {"id": "306", "type": "Feature", "properties": {"x": 5002380.848051477, "y": 2756000.2634955198, "bearings": {"306_295_0": -99.18812322820065, "306_355_0": -9.654261899461895, "306_313_0": 82.4087351589982}, "angles": {"306_295_0": 178.40314161280116, "306_355_0": 89.53386132873875, "306_313_0": 92.0629970584601}, "adj_sorted": [[306, 295, 0], [306, 355, 0], [306, 313, 0]], "type": "T", "n_corners": 2}, "geometry": {"type": "Point", "coordinates": [19.0706385, 47.54112640000004]}}, {"id": "310", "type": "Feature", "properties": {"x": 5002393.379035044, "y": 2756336.25636615, "bearings": {"310_297_0": -97.9773643035613, "310_342_0": -8.833071502690997, "310_324_0": 81.44649901230363}, "angles": {"310_297_0": 180.57613668413507, "310_342_0": 89.1442928008703, "310_324_0": 90.27957051499463}, "adj_sorted": [[310, 297, 0], [310, 342, 0], [310, 324, 0]], "type": "T", "n_corners": 2}, "geometry": {"type": "Point", "coordinates": [19.07133348276979, 47.544110644837055]}}, {"id": "342", "type": "Feature", "properties": {"x": 5002481.062961992, "y": 2756324.26667975, "bearings": {"342_310_0": 171.95914284243162, "342_352_0": 81.08570896601857, "342_373_0": -8.618881937927405}, "angles": {"342_373_0": 179.42197521964098, "342_352_0": 89.70459090394598, "342_310_0": 90.87343387641305}, "adj_sorted": [[342, 373, 0], [342, 352, 0], [342, 310, 0]], "type": "T", "n_corners": 2}, "geometry": {"type": "Point", "coordinates": [19.072471599999997, 47.543907100000006]}}, {"id": "324", "type": "Feature", "properties": {"x": 5002428.880641626, "y": 2756514.3989294916, "bearings": {"324_310_0": -96.98422270261968, "324_352_0": -10.372794293754406, "324_270_0": 169.94481526533878, "324_328_0": 82.02955999739788}, "angles": {"324_310_0": 93.07096203204156, "324_352_0": 86.61142840886527, "324_328_0": 92.40235429115229, "324_270_0": 87.91525526794089}, "adj_sorted": [[324, 310, 0], [324, 352, 0], [324, 328, 0], [324, 270, 0]], "type": "X", "n_corners": 4}, "geometry": {"type": "Point", "coordinates": [19.0720828, 47.5456611]}}, {"id": "352", "type": "Feature", "properties": {"x": 5002508.631652465, "y": 2756499.7661078298, "bearings": {"352_342_0": -98.93209642280512, "352_324_0": 169.59646626355638, "352_375_0": -10.864242276851096}, "angles": {"352_342_0": 91.47143731363849, "352_375_0": 88.06785414595402, "352_324_0": 180.46070854040747}, "adj_sorted": [[352, 342, 0], [352, 375, 0], [352, 324, 0]], "type": "T", "n_corners": 2}, "geometry": {"type": "Point", "coordinates": [19.073112100000003, 47.54544270000003]}}, {"id": "373", "type": "Feature", "properties": {"x": 5002571.165993612, "y": 2756310.6095030895, "bearings": {"373_342_0": 171.3811180620726, "373_375_0": 79.99980678514083, "373_367_0": -98.93663250674307}, "angles": {"373_367_0": 89.68224943118435, "373_375_0": 178.93643929188391, "373_342_0": 91.38131127693177}, "adj_sorted": [[373, 367, 0], [373, 375, 0], [373, 342, 0]], "type": "T", "n_corners": 2}, "geometry": {"type": "Point", "coordinates": [19.073638999999996, 47.54368599999998]}}, {"id": "270", "type": "Feature", "properties": {"x": 5002236.382616342, "y": 2756548.573291408, "bearings": {"270_324_0": -10.099819603589086, "270_272_0": 82.15331457855673, "270_257_0": 169.23908760550074}, "angles": {"270_324_0": 180.66109279091017, "270_272_0": 92.25313418214581, "270_257_0": 87.08577302694401}, "adj_sorted": [[270, 324, 0], [270, 272, 0], [270, 257, 0]], "type": "T", "n_corners": 2}, "geometry": {"type": "Point", "coordinates": [19.069596499999992, 47.546178000000026]}}, {"id": "328", "type": "Feature", "properties": {"x": 5002440.185443059, "y": 2756611.704756567, "bearings": {"328_324_0": -96.21475842089112, "328_272_0": 173.86567116030741, "328_379_0": -9.08513394516276, "328_340_0": 83.8647262701003}, "angles": {"328_324_0": 89.91957041880147, "328_379_0": 87.12962447572835, "328_340_0": 92.94986021526307, "328_272_0": 90.00094489020711}, "adj_sorted": [[328, 324, 0], [328, 379, 0], [328, 340, 0], [328, 272, 0]], "type": "X", "n_corners": 4}, "geometry": {"type": "Point", "coordinates": [19.07238539999999, 47.5465169]}}, {"id": "307", "type": "Feature", "properties": {"x": 5002381.264132905, "y": 2753859.4944668114, "bearings": {"307_288_0": -119.66070034111847, "307_363_0": -35.03432572419649, "307_281_0": 145.4495704182897, "307_334_0": 56.140202681233276}, "angles": {"307_288_0": 94.8897292405918, "307_363_0": 84.62637461692198, "307_334_0": 91.17452840542977, "307_281_0": 89.30936773705643}, "adj_sorted": [[307, 288, 0], [307, 363, 0], [307, 334, 0], [307, 281, 0]], "type": "X", "n_corners": 4}, "geometry": {"type": "Point", "coordinates": [19.067271299999998, 47.52202380000006]}}, {"id": "269", "type": "Feature", "properties": {"x": 5002227.998937334, "y": 2753806.680358681, "bearings": {"269_255_0": -115.66820884635091, "269_288_0": -27.6155136369818, "269_281_0": 64.02894287062446, "269_239_0": 151.26308505897012}, "angles": {"269_255_0": 93.06870609467899, "269_288_0": 88.0526952093691, "269_281_0": 91.64445650760626, "269_239_0": 87.23414218834566}, "adj_sorted": [[269, 255, 0], [269, 288, 0], [269, 281, 0], [269, 239, 0]], "type": "X", "n_corners": 4}, "geometry": {"type": "Point", "coordinates": [19.065166599999998, 47.52172120000004]}}, {"id": "363", "type": "Feature", "properties": {"x": 5002536.618321585, "y": 2753752.7315420355, "bearings": {"363_329_0": -133.69612885868992, "363_307_0": 147.69596138922282, "363_398_0": 45.750506370714604, "363_403_0": -32.511844239933055}, "angles": {"363_329_0": 78.60790975208727, "363_403_0": 101.18428461875686, "363_398_0": 78.26235061064766, "363_307_0": 101.94545501850821}, "adj_sorted": [[363, 329, 0], [363, 403, 0], [363, 398, 0], [363, 307, 0]], "type": "X", "n_corners": 4}, "geometry": {"type": "Point", "coordinates": [19.06915223938844, 47.520900141516556]}}, {"id": "281", "type": "Feature", "properties": {"x": 5002284.368476493, "y": 2753926.0812728633, "bearings": {"281_307_0": -34.14343933964232, "281_269_0": -115.30441496007607, "281_251_0": 145.79876263174464, "281_298_0": 62.33807923737818}, "angles": {"281_269_0": 98.89682240817928, "281_307_0": 81.16097562043376, "281_298_0": 96.4815185770205, "281_251_0": 83.46068339436646}, "adj_sorted": [[281, 269, 0], [281, 307, 0], [281, 298, 0], [281, 251, 0]], "type": "X", "n_corners": 4}, "geometry": {"type": "Point", "coordinates": [19.066098099999998, 47.52272460000003]}}, {"id": "334", "type": "Feature", "properties": {"x": 5002453.982000569, "y": 2753966.7150886687, "bearings": {"334_307_0": -124.16227587376031, "334_298_0": 140.6762269765993, "334_354_0": 56.146008331533274}, "angles": {"334_307_0": 95.16149714964035, "334_354_0": 180.30828420529357, "334_298_0": 84.53021864506604}, "adj_sorted": [[334, 307, 0], [334, 354, 0], [334, 298, 0]], "type": "T", "n_corners": 2}, "geometry": {"type": "Point", "coordinates": [19.068399299999996, 47.52290050000005]}}, {"id": "398", "type": "Feature", "properties": {"x": 5002689.726407943, "y": 2753909.904168098, "bearings": {"398_363_0": -134.2494936292854, "398_454_0": -44.51231317982194, "398_417_0": 44.72441355809097}, "angles": {"398_363_0": 181.02609281262363, "398_454_0": 89.73718044946347, "398_417_0": 89.2367267379129}, "adj_sorted": [[398, 363, 0], [398, 454, 0], [398, 417, 0]], "type": "T", "n_corners": 2}, "geometry": {"type": "Point", "coordinates": [19.07141926542511, 47.52213403266654]}}, {"id": "403", "type": "Feature", "properties": {"x": 5002711.083156093, "y": 2753617.558075547, "bearings": {"403_357_0": -133.4440826072284, "403_363_0": 143.67081575383912, "403_567_0": -44.57833009219609, "403_454_0": 44.285329830473366}, "angles": {"403_357_0": 82.8851016389325, "403_567_0": 88.86575251503231, "403_454_0": 88.86365992266946, "403_363_0": 99.38548592336576}, "adj_sorted": [[403, 357, 0], [403, 567, 0], [403, 454, 0], [403, 363, 0]], "type": "X", "n_corners": 4}, "geometry": {"type": "Point", "coordinates": [19.071240400000008, 47.51950190000002]}}, {"id": "567", "type": "Feature", "properties": {"x": 5003375.209096607, "y": 2753987.77791333, "bearings": {"567_403_0": -126.07651818421353, "567_587_0": 45.864962375556715, "567_530_0": 166.0319749648562}, "angles": {"567_403_0": 67.89150685093028, "567_587_0": 171.94148055977024, "567_530_0": 120.16701258929949}, "adj_sorted": [[567, 403, 0], [567, 587, 0], [567, 530, 0]], "type": "Y", "n_corners": 2}, "geometry": {"type": "Point", "coordinates": [19.080583340006115, 47.52207371776537]}}, {"id": "454", "type": "Feature", "properties": {"x": 5002864.756762094, "y": 2753767.1967116226, "bearings": {"454_398_0": 140.9471564097671, "454_403_0": -135.95910373627248, "454_513_0": 44.86000472266341}, "angles": {"454_403_0": 83.09373985396041, "454_513_0": 180.8191084589359, "454_398_0": 96.0871516871037}, "adj_sorted": [[454, 403, 0], [454, 513, 0], [454, 398, 0]], "type": "T", "n_corners": 2}, "geometry": {"type": "Point", "coordinates": [19.07350299999999, 47.5206679]}}, {"id": "513", "type": "Feature", "properties": {"x": 5003116.278559077, "y": 2754016.9426330267, "bearings": {"513_454_0": -132.2475814896697, "513_530_0": 49.53258923042043, "513_472_0": 141.38547277440688}, "angles": {"513_454_0": 86.36694573592342, "513_530_0": 181.78017072009013, "513_472_0": 91.85288354398645}, "adj_sorted": [[513, 454, 0], [513, 530, 0], [513, 472, 0]], "type": "T", "n_corners": 2}, "geometry": {"type": "Point", "coordinates": [19.077214099999996, 47.52261930000001]}}, {"id": "417", "type": "Feature", "properties": {"x": 5002754.231382319, "y": 2753973.7915843343, "bearings": {"417_398_0": -135.275586441909, "417_472_0": 45.561281363667604, "417_411_0": 135.00333875067727}, "angles": {"417_398_0": 89.72107480741374, "417_472_0": 180.83686780557662, "417_411_0": 89.44205738700967}, "adj_sorted": [[417, 398, 0], [417, 472, 0], [417, 411, 0]], "type": "T", "n_corners": 2}, "geometry": {"type": "Point", "coordinates": [19.072370734028144, 47.522633070168]}}, {"id": "466", "type": "Feature", "properties": {"x": 5002918.167578166, "y": 2754699.547255936, "bearings": {"466_442_0": -125.78498129382513, "466_438_0": 144.5798364512749, "466_492_0": -36.40677317985489, "466_488_0": 54.76235705213635}, "angles": {"466_442_0": 89.63518225489997, "466_492_0": 89.37820811397023, "466_488_0": 91.16913023199123, "466_438_0": 89.81747939913855}, "adj_sorted": [[466, 442, 0], [466, 492, 0], [466, 488, 0], [466, 438, 0]], "type": "X", "n_corners": 4}, "geometry": {"type": "Point", "coordinates": [19.075676999999995, 47.5289284]}}, {"id": "457", "type": "Feature", "properties": {"x": 5002879.144019654, "y": 2754869.470224841, "bearings": {"457_438_0": -126.92660039495776, "457_465_0": 54.73116721581789, "457_434_0": 139.7868650808697, "457_488_0": -36.05622482235898}, "angles": {"457_438_0": 93.28653452417257, "457_488_0": 90.87037557259879, "457_465_0": 90.78739203817688, "457_434_0": 85.0556978650518}, "adj_sorted": [[457, 438, 0], [457, 488, 0], [457, 465, 0], [457, 434, 0]], "type": "X", "n_corners": 4}, "geometry": {"type": "Point", "coordinates": [19.075430099999995, 47.53048759999998]}}, {"id": "418", "type": "Feature", "properties": {"x": 5002755.622383025, "y": 2754177.3957605683, "bearings": {"418_421_0": 44.70901590379713, "418_404_0": -135.26272510070046, "418_443_0": -39.37684698360314}, "angles": {"418_404_0": 180.0282589955024, "418_443_0": 95.88587811709732, "418_421_0": 84.08586288740027}, "adj_sorted": [[418, 404, 0], [418, 443, 0], [418, 421, 0]], "type": "T", "n_corners": 2}, "geometry": {"type": "Point", "coordinates": [19.072709900000003, 47.52444830000005]}}, {"id": "421", "type": "Feature", "properties": {"x": 5002758.652584155, "y": 2754281.366174792, "bearings": {"421_418_0": -173.99419648890716, "421_402_0": 97.37563295379324, "421_427_0": -38.43417718755548}, "angles": {"421_418_0": 88.6301705572996, "421_427_0": 135.5600193013517, "421_402_0": 135.80981014134872}, "adj_sorted": [[421, 418, 0], [421, 427, 0], [421, 402, 0]], "type": "Y", "n_corners": 3}, "geometry": {"type": "Point", "coordinates": [19.072913707334447, 47.525372690467734]}}, {"id": "404", "type": "Feature", "properties": {"x": 5002711.725742049, "y": 2754133.930487755, "bearings": {"404_418_0": 44.699709354399644, "404_431_0": -39.29706039621682, "404_400_0": -135.0398904440898}, "angles": {"404_400_0": 180.26040020151055, "404_431_0": 95.74283004787297, "404_418_0": 83.99676975061647}, "adj_sorted": [[404, 400, 0], [404, 431, 0], [404, 418, 0]], "type": "T", "n_corners": 2}, "geometry": {"type": "Point", "coordinates": [19.0720624, 47.52410880000004]}}, {"id": "443", "type": "Feature", "properties": {"x": 5002834.592243134, "y": 2754112.5826109387, "bearings": {"443_418_0": 140.62315301639686, "443_459_0": 44.801792177954816, "443_431_0": -132.7869068129999}, "angles": {"443_431_0": 86.58994017060326, "443_459_0": 177.5886989909547, "443_418_0": 95.82136083844205}, "adj_sorted": [[443, 431, 0], [443, 459, 0], [443, 418, 0]], "type": "T", "n_corners": 2}, "geometry": {"type": "Point", "coordinates": [19.0736494, 47.52378300000005]}}, {"id": "402", "type": "Feature", "properties": {"x": 5002708.682776018, "y": 2754344.5264496743, "bearings": {"402_421_0": -38.64125655200739, "402_384_0": -123.62586132535854, "402_433_0": 53.95967314491583, "402_376_0": 141.78776565417957}, "angles": {"402_384_0": 94.5863730204619, "402_421_0": 84.98460477335115, "402_433_0": 92.60092969692323, "402_376_0": 87.82809250926374}, "adj_sorted": [[402, 384, 0], [402, 421, 0], [402, 433, 0], [402, 376, 0]], "type": "X", "n_corners": 4}, "geometry": {"type": "Point", "coordinates": [19.072354099999995, 47.52599130000004]}}, {"id": "427", "type": "Feature", "properties": {"x": 5002777.402134628, "y": 2754266.4872454996, "bearings": {"427_421_0": 141.56582281244454, "427_451_0": 51.75639246903872, "427_459_0": -38.575272996102164}, "angles": {"427_459_0": 179.8589041914533, "427_451_0": 90.33166546514089, "427_421_0": 89.80943034340581}, "adj_sorted": [[427, 459, 0], [427, 451, 0], [427, 421, 0]], "type": "T", "n_corners": 2}, "geometry": {"type": "Point", "coordinates": [19.07313757769833, 47.525219276572365]}}, {"id": "411", "type": "Feature", "properties": {"x": 5002722.3880604915, "y": 2754000.9419830446, "bearings": {"411_417_0": -39.816847618159635, "411_385_0": 140.16972592162514, "411_416_0": 45.4721029445222}, "angles": {"411_417_0": 180.01342646021521, "411_416_0": 85.28895056268183, "411_385_0": 94.69762297710295}, "adj_sorted": [[411, 417, 0], [411, 416, 0], [411, 385, 0]], "type": "T", "n_corners": 2}, "geometry": {"type": "Point", "coordinates": [19.071993500000005, 47.52291040000004]}}, {"id": "385", "type": "Feature", "properties": {"x": 5002643.708488557, "y": 2754066.565793572, "bearings": {"385_411_0": -39.830274078374856, "385_368_0": 142.4355427219909, "385_388_0": 44.721244569290626}, "angles": {"385_411_0": 177.73418319963423, "385_388_0": 84.55151864766549, "385_368_0": 97.71429815270028}, "adj_sorted": [[385, 411, 0], [385, 388, 0], [385, 368, 0]], "type": "T", "n_corners": 2}, "geometry": {"type": "Point", "coordinates": [19.071059099999996, 47.52358259999998]}}, {"id": "416", "type": "Feature", "properties": {"x": 5002746.5844157105, "y": 2754025.916201354, "bearings": {"416_411_0": -133.98489084901047, "416_391_0": 141.07701766519398, "416_431_0": 44.84604009528429}, "angles": {"416_411_0": 84.93809148579555, "416_431_0": 178.83093094429475, "416_391_0": 96.2309775699097}, "adj_sorted": [[416, 411, 0], [416, 431, 0], [416, 391, 0]], "type": "T", "n_corners": 2}, "geometry": {"type": "Point", "coordinates": [19.072352000000002, 47.52310660000004]}}, {"id": "472", "type": "Feature", "properties": {"x": 5002938.219401646, "y": 2754161.4201534507, "bearings": {"472_513_0": -40.149025495333746, "472_417_0": -134.4387186363324, "472_459_0": 141.12991400607058, "472_493_0": 45.95632396279223}, "angles": {"472_417_0": 84.43136735759703, "472_513_0": 94.28969314099865, "472_493_0": 86.10534945812597, "472_459_0": 95.17359004327835}, "adj_sorted": [[472, 417, 0], [472, 513, 0], [472, 493, 0], [472, 459, 0]], "type": "X", "n_corners": 4}, "geometry": {"type": "Point", "coordinates": [19.0750932344767, 47.52410463255668]}}, {"id": "384", "type": "Feature", "properties": {"x": 5002636.731886015, "y": 2754237.9558388004, "bearings": {"384_402_0": 55.413408109959796, "384_377_0": -124.02258424673327, "384_346_0": 140.5859153337019}, "angles": {"384_377_0": 95.3915004195648, "384_402_0": 179.43599235669308, "384_346_0": 85.17250722374212}, "adj_sorted": [[384, 377, 0], [384, 402, 0], [384, 346, 0]], "type": "T", "n_corners": 2}, "geometry": {"type": "Point", "coordinates": [19.071237099999994, 47.52511960000003]}}, {"id": "433", "type": "Feature", "properties": {"x": 5002793.56463343, "y": 2754461.178290404, "bearings": {"433_402_0": -126.04256437134742, "433_452_0": 51.02179014624342, "433_409_0": 144.30664989764907}, "angles": {"433_402_0": 89.65078573100351, "433_452_0": 177.06435451759086, "433_409_0": 93.28485975140565}, "adj_sorted": [[433, 402, 0], [433, 452, 0], [433, 409, 0]], "type": "T", "n_corners": 2}, "geometry": {"type": "Point", "coordinates": [19.073657599999994, 47.526938700000045]}}, {"id": "376", "type": "Feature", "properties": {"x": 5002601.928407578, "y": 2754430.3209847347, "bearings": {"376_402_0": -38.972465149614465, "376_409_0": 36.26324124729161, "376_371_0": -143.70913865060373}, "angles": {"376_371_0": 180.02762010210466, "376_402_0": 104.73667350098927, "376_409_0": 75.23570639690607}, "adj_sorted": [[376, 371, 0], [376, 402, 0], [376, 409, 0]], "type": "T", "n_corners": 2}, "geometry": {"type": "Point", "coordinates": [19.071081099999997, 47.52687440000001]}}, {"id": "451", "type": "Feature", "properties": {"x": 5002857.669003352, "y": 2754383.839411023, "bearings": {"451_427_0": -123.80938949480493, "451_469_0": 56.18192984903236, "451_480_0": -38.90300614073421}, "angles": {"451_427_0": 180.0086806561627, "451_480_0": 84.90638335407073, "451_469_0": 95.08493598976656}, "adj_sorted": [[451, 427, 0], [451, 480, 0], [451, 469, 0]], "type": "T", "n_corners": 2}, "geometry": {"type": "Point", "coordinates": [19.0743813, 47.52617800000005]}}, {"id": "459", "type": "Feature", "properties": {"x": 5002880.596287348, "y": 2754184.181326621, "bearings": {"459_443_0": -86.11390830524944, "459_427_0": 141.42472700389783, "459_472_0": 4.884535339555803}, "angles": {"459_443_0": 132.46136469085275, "459_472_0": 90.99844364480523, "459_427_0": 136.54019166434202}, "adj_sorted": [[459, 443, 0], [459, 472, 0], [459, 427, 0]], "type": "Y", "n_corners": 3}, "geometry": {"type": "Point", "coordinates": [19.07436904315721, 47.52437120322159]}}, {"id": "469", "type": "Feature", "properties": {"x": 5002933.073702771, "y": 2754494.0119151147, "bearings": {"469_451_0": -128.84072604794662, "469_492_0": 53.05564791662997, "469_452_0": 144.208232628556, "469_497_0": -36.312721815537095}, "angles": {"469_451_0": 86.9510413234974, "469_497_0": 92.52800423240953, "469_492_0": 89.36836973216707, "469_452_0": 91.15258471192604}, "adj_sorted": [[469, 451, 0], [469, 497, 0], [469, 492, 0], [469, 452, 0]], "type": "X", "n_corners": 4}, "geometry": {"type": "Point", "coordinates": [19.07554961580616, 47.527078000722135]}}, {"id": "480", "type": "Feature", "properties": {"x": 5002971.649993615, "y": 2754291.8584717605, "bearings": {"480_451_0": 141.0969938592658, "480_493_0": -38.16749211196514, "480_497_0": 53.32731117215008}, "angles": {"480_493_0": 180.73551402876905, "480_497_0": 91.49480328411522, "480_451_0": 87.76968268711573}, "adj_sorted": [[480, 493, 0], [480, 497, 0], [480, 451, 0]], "type": "T", "n_corners": 2}, "geometry": {"type": "Point", "coordinates": [19.0757398, 47.525231700000006]}}, {"id": "492", "type": "Feature", "properties": {"x": 5003021.162901339, "y": 2754623.59375948, "bearings": {"492_466_0": 143.5932268201451, "492_469_0": -123.69801509506266, "492_529_0": -36.39840194015889, "492_505_0": 55.58307056346329}, "angles": {"492_469_0": 92.70875808479224, "492_529_0": 87.29961315490377, "492_505_0": 91.98147250362217, "492_466_0": 88.01015625668182}, "adj_sorted": [[492, 469, 0], [492, 529, 0], [492, 505, 0], [492, 466, 0]], "type": "X", "n_corners": 4}, "geometry": {"type": "Point", "coordinates": [19.076915900000003, 47.52813720000001]}}, {"id": "488", "type": "Feature", "properties": {"x": 5002984.197089966, "y": 2754793.019619546, "bearings": {"488_466_0": -125.23764294786365, "488_457_0": 143.9573646665457, "488_505_0": -37.30287623529642, "488_501_0": 53.857590907733865}, "angles": {"488_466_0": 90.80499238559065, "488_505_0": 87.93476671256724, "488_501_0": 91.16046714303027, "488_457_0": 90.09977375881182}, "adj_sorted": [[488, 466, 0], [488, 505, 0], [488, 501, 0], [488, 457, 0]], "type": "X", "n_corners": 4}, "geometry": {"type": "Point", "coordinates": [19.076695399999995, 47.529689700000006]}}, {"id": "452", "type": "Feature", "properties": {"x": 5002858.7779349, "y": 2754547.5794863584, "bearings": {"452_442_0": 143.79912015464492, "452_433_0": -126.4578318352534, "452_469_0": -35.791767371444}, "angles": {"452_433_0": 89.74304801010169, "452_469_0": 90.66606446380939, "452_442_0": 179.59088752608892}, "adj_sorted": [[452, 433, 0], [452, 469, 0], [452, 442, 0]], "type": "T", "n_corners": 2}, "geometry": {"type": "Point", "coordinates": [19.07465401479854, 47.52763782413967]}}, {"id": "409", "type": "Feature", "properties": {"x": 5002718.20111953, "y": 2754515.319206598, "bearings": {"409_397_0": 143.66093206647352, "409_433_0": -35.69335010235094, "409_376_0": -143.9432862964333}, "angles": {"409_376_0": 72.39578163709314, "409_433_0": 108.24993619408238, "409_397_0": 179.35428216882445}, "adj_sorted": [[409, 376, 0], [409, 433, 0], [409, 397, 0]], "type": "T", "n_corners": 2}, "geometry": {"type": "Point", "coordinates": [19.072748799999996, 47.52750480000006]}}, {"id": "431", "type": "Feature", "properties": {"x": 5002790.427370025, "y": 2754069.520694282, "bearings": {"431_404_0": 140.7029396037832, "431_443_0": 44.05119228287049, "431_416_0": -135.18371481148785}, "angles": {"431_416_0": 84.11334558472896, "431_443_0": 179.23490709435833, "431_404_0": 96.6517473209127}, "adj_sorted": [[431, 416, 0], [431, 443, 0], [431, 404, 0]], "type": "T", "n_corners": 2}, "geometry": {"type": "Point", "coordinates": [19.072999000000003, 47.52344740000004]}}, {"id": "493", "type": "Feature", "properties": {"x": 5003024.487192348, "y": 2754250.6168949837, "bearings": {"493_472_0": -134.04367603720777, "493_480_0": 144.1440268050862, "493_530_0": -36.57796785303077, "493_517_0": 44.38171028408529}, "angles": {"493_472_0": 81.81229715770598, "493_530_0": 97.465708184177, "493_517_0": 80.95967813711606, "493_480_0": 99.76231652100093}, "adj_sorted": [[493, 472, 0], [493, 530, 0], [493, 517, 0], [493, 480, 0]], "type": "X", "n_corners": 4}, "geometry": {"type": "Point", "coordinates": [19.076371734818164, 47.524805493619425]}}, {"id": "497", "type": "Feature", "properties": {"x": 5003045.026095931, "y": 2754411.736429657, "bearings": {"497_469_0": 143.6872781844629, "497_480_0": -127.32798764706214, "497_517_0": -35.8782889585328}, "angles": {"497_480_0": 88.98473416847492, "497_517_0": 91.44969868852934, "497_469_0": 179.56556714299572}, "adj_sorted": [[497, 480, 0], [497, 517, 0], [497, 469, 0]], "type": "T", "n_corners": 2}, "geometry": {"type": "Point", "coordinates": [19.076896659617567, 47.52622052262618]}}, {"id": "405", "type": "Feature", "properties": {"x": 5002715.851377176, "y": 2756238.325844683, "bearings": {"405_473_0": 1.8930640036416573, "405_428_0": 143.66054815873375, "405_367_0": -155.3108894619398}, "angles": {"405_367_0": 61.028562379326445, "405_473_0": 157.20395346558146, "405_428_0": 141.7674841550921}, "adj_sorted": [[405, 367, 0], [405, 473, 0], [405, 428, 0]], "type": "Y", "n_corners": 3}, "geometry": {"type": "Point", "coordinates": [19.07543415047429, 47.542881641608155]}}, {"id": "473", "type": "Feature", "properties": {"x": 5002938.497300206, "y": 2756210.871872912, "bearings": {"473_405_0": 171.87084843780877, "473_475_0": 79.84961000903826, "473_467_0": -94.18277951828995, "473_521_0": -13.050041434572485}, "angles": {"473_467_0": 93.9463720439013, "473_521_0": 81.13273808371747, "473_475_0": 92.89965144361074, "473_405_0": 92.02123842877052}, "adj_sorted": [[473, 467, 0], [473, 521, 0], [473, 475, 0], [473, 405, 0]], "type": "X", "n_corners": 4}, "geometry": {"type": "Point", "coordinates": [19.07832863871071, 47.54239135242222]}}, {"id": "428", "type": "Feature", "properties": {"x": 5002780.617836396, "y": 2756453.471894336, "bearings": {"428_405_0": -105.02012339200346, "428_435_0": 70.5403540121172, "428_375_0": 169.39599880514996, "428_456_0": -8.348813568135062}, "angles": {"428_405_0": 85.58387780284659, "428_456_0": 96.6713098238684, "428_435_0": 78.88916758025226, "428_375_0": 98.85564479303275}, "adj_sorted": [[428, 405, 0], [428, 456, 0], [428, 435, 0], [428, 375, 0]], "type": "X", "n_corners": 4}, "geometry": {"type": "Point", "coordinates": [19.076628099999997, 47.54473000000002]}}, {"id": "367", "type": "Feature", "properties": {"x": 5002561.434058881, "y": 2756248.721569186, "bearings": {"367_373_0": 81.06336749325693, "367_405_0": -9.273190530514823, "367_355_0": -102.9771035418001}, "angles": {"367_355_0": 175.95952896494296, "367_405_0": 93.70391301128528, "367_373_0": 90.33655802377176}, "adj_sorted": [[367, 355, 0], [367, 405, 0], [367, 373, 0]], "type": "T", "n_corners": 2}, "geometry": {"type": "Point", "coordinates": [19.073412999999995, 47.54314450000001]}}, {"id": "475", "type": "Feature", "properties": {"x": 5002948.340548615, "y": 2756265.8514451603, "bearings": {"475_473_0": -100.15038999096174, "475_528_0": -10.338821207502845, "475_483_0": 79.8822927476597}, "angles": {"475_473_0": 179.96731726137855, "475_528_0": 89.8115687834589, "475_483_0": 90.22111395516255}, "adj_sorted": [[475, 473, 0], [475, 528, 0], [475, 483, 0]], "type": "T", "n_corners": 2}, "geometry": {"type": "Point", "coordinates": [19.078545256268093, 47.542871077053974]}}, {"id": "467", "type": "Feature", "properties": {"x": 5002925.033532469, "y": 2756087.268611456, "bearings": {"467_473_0": 77.0416392769398, "467_458_0": -104.12759790583918, "467_425_0": 159.11129293561888}, "angles": {"467_458_0": 96.76110915854196, "467_473_0": 181.169237182779, "467_425_0": 82.06965365867907}, "adj_sorted": [[467, 458, 0], [467, 473, 0], [467, 425, 0]], "type": "T", "n_corners": 2}, "geometry": {"type": "Point", "coordinates": [19.077956000000004, 47.541303300000074]}}, {"id": "521", "type": "Feature", "properties": {"x": 5003146.960320197, "y": 2756108.2370491778, "bearings": {"521_473_0": 146.48965377534944, "521_590_0": -39.38235098195585, "521_528_0": 55.57394422425818}, "angles": {"521_590_0": 174.1279952426947, "521_528_0": 94.95629520621404, "521_473_0": 90.91570955109125}, "adj_sorted": [[521, 590, 0], [521, 528, 0], [521, 473, 0]], "type": "T", "n_corners": 2}, "geometry": {"type": "Point", "coordinates": [19.080917300000003, 47.54124580000001]}}, {"id": "458", "type": "Feature", "properties": {"x": 5002880.290346067, "y": 2755913.9152721697, "bearings": {"458_467_0": 76.85389851964177, "458_399_0": 170.3357922977309, "458_447_0": -101.4299521900339, "458_511_0": -11.731035667103004}, "angles": {"458_447_0": 88.23425551223522, "458_511_0": 89.6989165229309, "458_467_0": 88.58493418674477, "458_399_0": 93.48189377808913}, "adj_sorted": [[458, 447, 0], [458, 511, 0], [458, 467, 0], [458, 399, 0]], "type": "X", "n_corners": 4}, "geometry": {"type": "Point", "coordinates": [19.077092200000003, 47.539805799999975]}}, {"id": "529", "type": "Feature", "properties": {"x": 5003183.924765401, "y": 2754507.340364466, "bearings": {"529_492_0": 165.71126903399227, "529_517_0": -105.18023044517717, "529_540_0": 75.77815314558674}, "angles": {"529_517_0": 89.10850052083055, "529_540_0": 180.9583835907639, "529_492_0": 89.93311588840552}, "adj_sorted": [[529, 517, 0], [529, 540, 0], [529, 492, 0]], "type": "T", "n_corners": 2}, "geometry": {"type": "Point", "coordinates": [19.078879592371933, 47.526920532211854]}}, {"id": "505", "type": "Feature", "properties": {"x": 5003084.754193218, "y": 2754716.407657387, "bearings": {"505_492_0": -124.41692943653672, "505_488_0": 142.69712376470358, "505_540_0": -35.86680034837332, "505_531_0": 55.449347960696464}, "angles": {"505_492_0": 92.88594679875973, "505_540_0": 88.5501290881634, "505_531_0": 91.31614830906977, "505_488_0": 87.24777580400712}, "adj_sorted": [[505, 492, 0], [505, 540, 0], [505, 531, 0], [505, 488, 0]], "type": "X", "n_corners": 4}, "geometry": {"type": "Point", "coordinates": [19.077901100000002, 47.52889530000004]}}, {"id": "530", "type": "Feature", "properties": {"x": 5003192.431274945, "y": 2754117.5724934894, "bearings": {"530_567_0": -39.34312004847437, "530_513_0": -126.36483516812031, "530_493_0": 141.53437040151547}, "angles": {"530_513_0": 92.1007944303642, "530_567_0": 87.02171511964593, "530_493_0": 180.87749044998984}, "adj_sorted": [[530, 513, 0], [530, 567, 0], [530, 493, 0]], "type": "T", "n_corners": 2}, "geometry": {"type": "Point", "coordinates": [19.07837719999999, 47.523433300000036]}}, {"id": "590", "type": "Feature", "properties": {"x": 5003485.943604827, "y": 2755917.012855058, "bearings": {"590_521_0": 165.78312207979144, "590_599_0": 75.78994323323083, "590_584_0": -104.10176636218617}, "angles": {"590_584_0": 90.11511155802236, "590_599_0": 179.891709595417, "590_521_0": 89.99317884656061}, "adj_sorted": [[590, 584, 0], [590, 599, 0], [590, 521, 0]], "type": "T", "n_corners": 2}, "geometry": {"type": "Point", "coordinates": [19.085088099701597, 47.53916579913829]}}, {"id": "528", "type": "Feature", "properties": {"x": 5003178.635245054, "y": 2756151.812896289, "bearings": {"528_475_0": 140.8104024641087, "528_521_0": -128.19001116233267, "528_547_0": 49.30470151141623}, "angles": {"528_521_0": 90.9995863735586, "528_547_0": 177.4947126737489, "528_475_0": 91.50570095269248}, "adj_sorted": [[528, 521, 0], [528, 547, 0], [528, 475, 0]], "type": "T", "n_corners": 2}, "geometry": {"type": "Point", "coordinates": [19.081404, 47.54159970000002]}}, {"id": "483", "type": "Feature", "properties": {"x": 5002975.903354444, "y": 2756420.311647605, "bearings": {"483_475_0": -100.11770725234031, "483_500_0": -8.913417745207877, "483_489_0": 79.012632034773, "483_456_0": 170.92546989542384}, "angles": {"483_475_0": 88.95682285223586, "483_500_0": 91.20428950713243, "483_489_0": 87.92604977998089, "483_456_0": 91.91283786065084}, "adj_sorted": [[483, 475, 0], [483, 500, 0], [483, 489, 0], [483, 456, 0]], "type": "X", "n_corners": 4}, "geometry": {"type": "Point", "coordinates": [19.079152648166072, 47.54421891753535]}}, {"id": "547", "type": "Feature", "properties": {"x": 5003259.884527506, "y": 2756237.2545349114, "bearings": {"547_528_0": -135.75792762677168, "547_554_0": -48.70284901886024, "547_544_0": 132.6850550513104}, "angles": {"547_528_0": 91.5570173219179, "547_554_0": 87.05507860791144, "547_544_0": 181.38790407017063}, "adj_sorted": [[547, 528, 0], [547, 554, 0], [547, 544, 0]], "type": "T", "n_corners": 2}, "geometry": {"type": "Point", "coordinates": [19.082610899999995, 47.54227250000007]}}, {"id": "456", "type": "Feature", "properties": {"x": 5002869.175724574, "y": 2756438.855585012, "bearings": {"456_428_0": 170.53060413302617, "456_483_0": -9.398980313035084, "456_448_0": -99.28799284264194}, "angles": {"456_448_0": 90.18140302433187, "456_483_0": 89.88901252960686, "456_428_0": 179.92958444606126}, "adj_sorted": [[456, 448, 0], [456, 483, 0], [456, 428, 0]], "type": "T", "n_corners": 2}, "geometry": {"type": "Point", "coordinates": [19.0777736, 47.54450200000005]}}, {"id": "448", "type": "Feature", "properties": {"x": 5002849.89289512, "y": 2756321.039840702, "bearings": {"448_456_0": 80.70510857765935, "448_436_0": 170.02257539680983, "448_462_0": -9.797703088338293}, "angles": {"448_462_0": 180.17972151485188, "448_456_0": 90.50281166599764, "448_436_0": 89.31746681915048}, "adj_sorted": [[448, 462, 0], [448, 456, 0], [448, 436, 0]], "type": "T", "n_corners": 2}, "geometry": {"type": "Point", "coordinates": [19.077333300000003, 47.54347200000004]}}, {"id": "500", "type": "Feature", "properties": {"x": 5003060.452109052, "y": 2756396.997330563, "bearings": {"500_483_0": 161.28817366308732, "500_510_0": 60.951703392410494, "500_506_0": -23.28909345655801}, "angles": {"500_506_0": 175.42273288035466, "500_510_0": 84.2407968489685, "500_483_0": 100.33647027067683}, "adj_sorted": [[500, 506, 0], [500, 510, 0], [500, 483, 0]], "type": "T", "n_corners": 2}, "geometry": {"type": "Point", "coordinates": [19.080231500000004, 47.54391770000003]}}, {"id": "489", "type": "Feature", "properties": {"x": 5002994.580050497, "y": 2756516.508145228, "bearings": {"489_483_0": -100.98736796522701, "489_491_0": 78.92455103195721, "489_435_0": 169.07115330934235}, "angles": {"489_483_0": 89.94147872543067, "489_491_0": 179.91191899718422, "489_435_0": 90.14660227738514}, "adj_sorted": [[489, 483, 0], [489, 491, 0], [489, 435, 0]], "type": "T", "n_corners": 2}, "geometry": {"type": "Point", "coordinates": [19.079550880411063, 47.54505667347975]}}, {"id": "510", "type": "Feature", "properties": {"x": 5003098.84357393, "y": 2756580.64218765, "bearings": {"510_500_0": -101.21554960318474, "510_491_0": 169.18082681296715, "510_514_0": -8.62271222695048}, "angles": {"510_500_0": 89.6036235838481, "510_514_0": 92.59283737623426, "510_491_0": 177.80353903991764}, "adj_sorted": [[510, 500, 0], [510, 514, 0], [510, 491, 0]], "type": "T", "n_corners": 2}, "geometry": {"type": "Point", "coordinates": [19.08102789999999, 47.54551400000002]}}, {"id": "506", "type": "Feature", "properties": {"x": 5003094.537001923, "y": 2756382.3237678567, "bearings": {"506_500_0": 156.70746088591008, "506_516_0": -30.02260806419203, "506_508_0": -120.43831541915979}, "angles": {"506_508_0": 82.85422369493011, "506_516_0": 90.41570735496776, "506_500_0": 186.73006895010212}, "adj_sorted": [[506, 508, 0], [506, 516, 0], [506, 500, 0]], "type": "T", "n_corners": 2}, "geometry": {"type": "Point", "coordinates": [19.080658099999994, 47.54374920000002]}}, {"id": "435", "type": "Feature", "properties": {"x": 5002799.550079301, "y": 2756553.6823775023, "bearings": {"435_428_0": -99.98235033852978, "435_489_0": -10.808698083597172, "435_439_0": 80.62653568724943, "435_420_0": 170.0325197050076}, "angles": {"435_428_0": 89.98512995646263, "435_489_0": 89.17365225493262, "435_439_0": 91.4352337708466, "435_420_0": 89.40598401775816}, "adj_sorted": [[435, 428, 0], [435, 489, 0], [435, 439, 0], [435, 420, 0]], "type": "X", "n_corners": 4}, "geometry": {"type": "Point", "coordinates": [19.077035999999996, 47.54560330000004]}}, {"id": "439", "type": "Feature", "properties": {"x": 5002812.268504731, "y": 2756630.7448791447, "bearings": {"439_435_0": -99.36324623948516, "439_491_0": -9.527551715758658, "439_445_0": 79.78422737344702, "439_424_0": 170.91867543759957}, "angles": {"439_435_0": 89.71807832291529, "439_491_0": 89.8356945237265, "439_445_0": 89.31177908920569, "439_424_0": 91.13444806415255}, "adj_sorted": [[439, 435, 0], [439, 491, 0], [439, 445, 0], [439, 424, 0]], "type": "X", "n_corners": 4}, "geometry": {"type": "Point", "coordinates": [19.077325400000003, 47.546276900000024]}}, {"id": "420", "type": "Feature", "properties": {"x": 5002757.851840125, "y": 2756560.995653276, "bearings": {"420_435_0": -9.935372460279545, "420_424_0": 79.95265509143972, "420_379_0": 170.26419827765005}, "angles": {"420_435_0": 179.8004292620704, "420_424_0": 89.88802755171926, "420_379_0": 90.31154318621033}, "adj_sorted": [[420, 435, 0], [420, 424, 0], [420, 379, 0]], "type": "T", "n_corners": 2}, "geometry": {"type": "Point", "coordinates": [19.0764973, 47.54571450000001]}}, {"id": "491", "type": "Feature", "properties": {"x": 5003010.41440103, "y": 2756597.399962256, "bearings": {"491_489_0": -101.0754489680428, "491_510_0": -9.751636274553038, "491_439_0": 170.50055497850673, "491_495_0": 79.63719081826896}, "angles": {"491_489_0": 88.42399605345048, "491_510_0": 91.32381269348977, "491_495_0": 89.388827092822, "491_439_0": 90.86336416023777}, "adj_sorted": [[491, 489, 0], [491, 510, 0], [491, 495, 0], [491, 439, 0]], "type": "X", "n_corners": 4}, "geometry": {"type": "Point", "coordinates": [19.079887469040376, 47.54576100020178]}}, {"id": "445", "type": "Feature", "properties": {"x": 5002836.561278721, "y": 2756773.6337828054, "bearings": {"445_439_0": -101.79819547198265, "445_450_0": 78.44277519122886, "445_412_0": 169.32168940946352, "445_464_0": -10.053739672139736}, "angles": {"445_439_0": 88.88011511855382, "445_464_0": 91.74445579984291, "445_450_0": 88.4965148633686, "445_412_0": 90.87891421823466}, "adj_sorted": [[445, 439, 0], [445, 464, 0], [445, 450, 0], [445, 412, 0]], "type": "X", "n_corners": 4}, "geometry": {"type": "Point", "coordinates": [19.0778714, 47.547525099999994]}}, {"id": "424", "type": "Feature", "properties": {"x": 5002771.368252733, "y": 2756637.2823654413, "bearings": {"424_439_0": -9.08132456240044, "424_420_0": -100.04734490856028, "424_412_0": 170.5399573291774}, "angles": {"424_420_0": 89.41269776226233, "424_439_0": 90.96602034615984, "424_412_0": 179.62128189157784}, "adj_sorted": [[424, 420, 0], [424, 439, 0], [424, 412, 0]], "type": "T", "n_corners": 2}, "geometry": {"type": "Point", "coordinates": [19.076795999999995, 47.546380299999996]}}, {"id": "495", "type": "Feature", "properties": {"x": 5003036.825250594, "y": 2756741.82930838, "bearings": {"495_491_0": -100.36280918173104, "495_499_0": 79.36973466386952, "495_486_0": 170.29934354259683}, "angles": {"495_491_0": 89.33784727567212, "495_499_0": 179.73254384560056, "495_486_0": 90.92960887872731}, "adj_sorted": [[495, 491, 0], [495, 499, 0], [495, 486, 0]], "type": "T", "n_corners": 2}, "geometry": {"type": "Point", "coordinates": [19.080463905833234, 47.54702059707782]}}, {"id": "514", "type": "Feature", "properties": {"x": 5003121.079977689, "y": 2756577.2702310313, "bearings": {"514_510_0": 171.37728777304952, "514_520_0": 79.16235051835278, "514_527_0": -9.96407405606047}, "angles": {"514_527_0": 178.65863817089001, "514_520_0": 89.12642457441325, "514_510_0": 92.21493725469674}, "adj_sorted": [[514, 527, 0], [514, 520, 0], [514, 510, 0]], "type": "T", "n_corners": 2}, "geometry": {"type": "Point", "coordinates": [19.081315999999998, 47.545459400000006]}}, {"id": "517", "type": "Feature", "properties": {"x": 5003127.883561668, "y": 2754351.805463409, "bearings": {"517_493_0": -135.61828971591473, "517_497_0": 144.1217110414672, "517_529_0": 56.8913192039974, "517_552_0": -35.80872483384266}, "angles": {"517_493_0": 80.25999924261805, "517_552_0": 99.80956488207207, "517_529_0": 92.70004403784006, "517_497_0": 87.2303918374698}, "adj_sorted": [[517, 493, 0], [517, 552, 0], [517, 529, 0], [517, 497, 0]], "type": "X", "n_corners": 4}, "geometry": {"type": "Point", "coordinates": [19.07789511438577, 47.5255944668598]}}, {"id": "486", "type": "Feature", "properties": {"x": 5002979.654516524, "y": 2756751.02897817, "bearings": {"486_495_0": -9.049351518096923, "486_471_0": 170.64870191662175, "486_478_0": -99.5806929125083}, "angles": {"486_478_0": 89.77060517086994, "486_495_0": 90.53134139441137, "486_471_0": 179.69805343471867}, "adj_sorted": [[486, 478, 0], [486, 495, 0], [486, 471, 0]], "type": "T", "n_corners": 2}, "geometry": {"type": "Point", "coordinates": [19.079724, 47.547165700000015]}}, {"id": "471", "type": "Feature", "properties": {"x": 5002936.334107778, "y": 2756758.162798737, "bearings": {"471_486_0": -9.351298083378268, "471_477_0": 80.71456195195901, "471_464_0": 172.84868889986078}, "angles": {"471_486_0": 177.80001301676094, "471_477_0": 90.06586003533728, "471_464_0": 92.13412694790176}, "adj_sorted": [[471, 486, 0], [471, 477, 0], [471, 464, 0]], "type": "T", "n_corners": 2}, "geometry": {"type": "Point", "coordinates": [19.0791636, 47.54727710000003]}}, {"id": "499", "type": "Feature", "properties": {"x": 5003059.104376793, "y": 2756860.5299568838, "bearings": {"499_495_0": -100.63026533613049, "499_477_0": 170.91395059473476, "499_504_0": 79.73726547423955, "499_526_0": -10.132516497976534}, "angles": {"499_495_0": 88.45578406913478, "499_526_0": 90.49774883815395, "499_504_0": 89.86978197221609, "499_477_0": 91.17668512049521}, "adj_sorted": [[499, 495, 0], [499, 526, 0], [499, 504, 0], [499, 477, 0]], "type": "X", "n_corners": 4}, "geometry": {"type": "Point", "coordinates": [19.080945242290074, 47.54805517389685]}}, {"id": "477", "type": "Feature", "properties": {"x": 5002955.983402627, "y": 2756878.3785182983, "bearings": {"477_471_0": -99.28573290879099, "477_499_0": -9.64747388160388, "477_485_0": 80.30003859827933, "477_453_0": 170.55338712981361}, "angles": {"477_471_0": 90.16087996139538, "477_499_0": 89.6382590271871, "477_485_0": 89.94751247988322, "477_453_0": 90.25334853153429}, "adj_sorted": [[477, 471, 0], [477, 499, 0], [477, 485, 0], [477, 453, 0]], "type": "X", "n_corners": 4}, "geometry": {"type": "Point", "coordinates": [19.079612600000004, 47.548328100000056]}}, {"id": "485", "type": "Feature", "properties": {"x": 5002976.528140014, "y": 2756998.570669937, "bearings": {"485_477_0": -99.69996140172067, "485_504_0": -32.85384993044582, "485_461_0": 147.08523804342596}, "angles": {"485_477_0": 113.21480055485335, "485_504_0": 66.84611147127485, "485_461_0": 179.93908797387178}, "adj_sorted": [[485, 477, 0], [485, 504, 0], [485, 461, 0]], "type": "T", "n_corners": 2}, "geometry": {"type": "Point", "coordinates": [19.080073399999996, 47.54937790000003]}}, {"id": "453", "type": "Feature", "properties": {"x": 5002860.378500528, "y": 2756894.1170962933, "bearings": {"453_477_0": -10.46170026093806, "453_461_0": 83.09680399141679, "453_395_0": 169.46709519696782, "453_450_0": -96.88591837461391}, "angles": {"453_450_0": 93.64698642841824, "453_477_0": 86.42421811367585, "453_461_0": 93.55850425235485, "453_395_0": 86.37029120555103}, "adj_sorted": [[453, 450, 0], [453, 477, 0], [453, 461, 0], [453, 395, 0]], "type": "X", "n_corners": 4}, "geometry": {"type": "Point", "coordinates": [19.078375799999996, 47.54857390000002]}}, {"id": "504", "type": "Feature", "properties": {"x": 5003078.259114014, "y": 2756966.3227530173, "bearings": {"504_499_0": -100.26273452576045, "504_485_0": 169.34962586797516, "504_509_0": 78.52474191664633}, "angles": {"504_499_0": 90.38763960626437, "504_509_0": 178.78747644240678, "504_485_0": 90.82488395132883}, "adj_sorted": [[504, 499, 0], [504, 509, 0], [504, 485, 0]], "type": "T", "n_corners": 2}, "geometry": {"type": "Point", "coordinates": [19.081364995011622, 47.548978018879936]}}, {"id": "526", "type": "Feature", "properties": {"x": 5003170.774990298, "y": 2756841.6721227774, "bearings": {"526_499_0": 170.5150048164168, "526_542_0": -9.86364047301481, "526_524_0": -100.82646828769224, "526_537_0": 86.14621859077653}, "angles": {"526_524_0": 88.65852689589099, "526_542_0": 90.96282781467742, "526_537_0": 96.00985906379134, "526_499_0": 84.36878622564026}, "adj_sorted": [[526, 524, 0], [526, 542, 0], [526, 537, 0], [526, 499, 0]], "type": "X", "n_corners": 4}, "geometry": {"type": "Point", "coordinates": [19.082389100000004, 47.547763800000055]}}, {"id": "461", "type": "Feature", "properties": {"x": 5002888.953498395, "y": 2757067.380791239, "bearings": {"461_485_0": -40.87990570160423, "461_453_0": -99.31935258384175, "461_463_0": 78.68199608491015}, "angles": {"461_453_0": 181.99865133124808, "461_485_0": 58.43944688223752, "461_463_0": 119.56190178651438}, "adj_sorted": [[461, 453, 0], [461, 485, 0], [461, 463, 0]], "type": "Y", "n_corners": 2}, "geometry": {"type": "Point", "coordinates": [19.0790263, 47.55008840000005]}}, {"id": "509", "type": "Feature", "properties": {"x": 5003095.96274768, "y": 2757053.5316384737, "bearings": {"509_504_0": -101.47525808335368, "509_476_0": 165.1565709061565, "509_519_0": 71.57014756972826}, "angles": {"509_504_0": 93.36817101048985, "509_519_0": 173.04540565308196, "509_476_0": 93.58642333642824}, "adj_sorted": [[509, 504, 0], [509, 519, 0], [509, 476, 0]], "type": "T", "n_corners": 2}, "geometry": {"type": "Point", "coordinates": [19.081736279249554, 47.5497366424058]}}, {"id": "542", "type": "Feature", "properties": {"x": 5003235.92170984, "y": 2756830.344796328, "bearings": {"542_526_0": 170.1363595269852, "542_557_0": -9.933560436842487, "542_559_0": 79.62150475429087}, "angles": {"542_557_0": 179.9300800361723, "542_559_0": 89.55506519113335, "542_526_0": 90.51485477269432}, "adj_sorted": [[542, 557, 0], [542, 559, 0], [542, 526, 0]], "type": "T", "n_corners": 2}, "geometry": {"type": "Point", "coordinates": [19.083230899999993, 47.5475909]}}, {"id": "524", "type": "Feature", "properties": {"x": 5003152.355467339, "y": 2756745.355358703, "bearings": {"524_526_0": 79.17353171230775, "524_520_0": -100.35185898523088, "524_553_0": -11.129006366175883}, "angles": {"524_520_0": 180.47460930246137, "524_553_0": 89.22285261905499, "524_526_0": 90.30253807848364}, "adj_sorted": [[524, 520, 0], [524, 553, 0], [524, 526, 0]], "type": "T", "n_corners": 2}, "geometry": {"type": "Point", "coordinates": [19.081994000000005, 47.54692470000001]}}, {"id": "537", "type": "Feature", "properties": {"x": 5003204.763262323, "y": 2756983.744994751, "bearings": {"537_526_0": -106.09947262689691, "537_535_0": 163.5492553536603, "537_546_0": 70.71925330507703}, "angles": {"537_526_0": 90.35127201944277, "537_546_0": 176.81872593197394, "537_535_0": 92.83000204858327}, "adj_sorted": [[537, 526, 0], [537, 546, 0], [537, 535, 0]], "type": "T", "n_corners": 2}, "geometry": {"type": "Point", "coordinates": [19.0830619, 47.548994000000036]}}, {"id": "476", "type": "Feature", "properties": {"x": 5002949.046979201, "y": 2757137.6880520014, "bearings": {"476_509_0": -46.11122303979981, "476_463_0": -136.96535990531834, "476_496_0": 43.28326686058856}, "angles": {"476_463_0": 179.7513732340931, "476_509_0": 90.85413686551853, "476_496_0": 89.39448990038838}, "adj_sorted": [[476, 463, 0], [476, 509, 0], [476, 496, 0]], "type": "T", "n_corners": 2}, "geometry": {"type": "Point", "coordinates": [19.0799303, 47.55064950000003]}}, {"id": "463", "type": "Feature", "properties": {"x": 5002896.476671355, "y": 2757104.9691202785, "bearings": {"463_461_0": -101.31800391508986, "463_476_0": -9.756205055416265, "463_468_0": 80.1313132810648}, "angles": {"463_461_0": 178.55068280384535, "463_476_0": 91.5617988596736, "463_468_0": 89.88751833648107}, "adj_sorted": [[463, 461, 0], [463, 476, 0], [463, 468, 0]], "type": "T", "n_corners": 2}, "geometry": {"type": "Point", "coordinates": [19.0791849, 47.550415500000035]}}, {"id": "496", "type": "Feature", "properties": {"x": 5003039.675116463, "y": 2757223.334665697, "bearings": {"496_476_0": -136.2498618889455, "496_468_0": 134.33977375560693, "496_523_0": 42.986003574225336}, "angles": {"496_476_0": 89.41036435544754, "496_523_0": 179.23586546317085, "496_468_0": 91.35377018138159}, "adj_sorted": [[496, 476, 0], [496, 523, 0], [496, 468, 0]], "type": "T", "n_corners": 2}, "geometry": {"type": "Point", "coordinates": [19.081261500000004, 47.55131380000003]}}, {"id": "519", "type": "Feature", "properties": {"x": 5003138.390120445, "y": 2757180.8515054937, "bearings": {"519_509_0": -108.42985243027175, "519_535_0": -21.38710830309563, "519_533_0": 67.20488892906965}, "angles": {"519_509_0": 184.3652586406586, "519_535_0": 87.04274412717612, "519_533_0": 88.59199723216528}, "adj_sorted": [[519, 509, 0], [519, 535, 0], [519, 533, 0]], "type": "T", "n_corners": 2}, "geometry": {"type": "Point", "coordinates": [19.08249717315377, 47.55082590389069]}}, {"id": "535", "type": "Feature", "properties": {"x": 5003202.735594713, "y": 2757146.6290445905, "bearings": {"535_537_0": -111.72593029921843, "535_519_0": 149.7118253321898, "535_564_0": 65.83484477107147, "535_546_0": -26.583146122997285}, "angles": {"535_537_0": 98.56224436859179, "535_546_0": 85.14278417622114, "535_564_0": 92.41799089406877, "535_519_0": 83.87698056111832}, "adj_sorted": [[535, 537, 0], [535, 546, 0], [535, 564, 0], [535, 519, 0]], "type": "X", "n_corners": 4}, "geometry": {"type": "Point", "coordinates": [19.0832923, 47.550449600000015]}}, {"id": "533", "type": "Feature", "properties": {"x": 5003196.678193217, "y": 2757295.772396283, "bearings": {"533_519_0": -120.58704443518718, "533_532_0": 77.74716601964704, "533_555_0": -24.68852879180394}, "angles": {"533_519_0": 161.66578954516578, "533_555_0": 95.89851564338323, "533_532_0": 102.43569481145099}, "adj_sorted": [[533, 519, 0], [533, 555, 0], [533, 532, 0]], "type": "Y", "n_corners": 3}, "geometry": {"type": "Point", "coordinates": [19.083447840430598, 47.551787037908156]}}, {"id": "564", "type": "Feature", "properties": {"x": 5003347.289695926, "y": 2757377.155840686, "bearings": {"564_535_0": -128.22619587769032, "564_555_0": 141.2262436858755, "564_573_0": -41.22686356196729}, "angles": {"564_535_0": 90.5475604364342, "564_573_0": 86.99933231572302, "564_555_0": 182.45310724784278}, "adj_sorted": [[564, 535, 0], [564, 573, 0], [564, 555, 0]], "type": "T", "n_corners": 2}, "geometry": {"type": "Point", "coordinates": [19.085564, 47.552347099999984]}}, {"id": "546", "type": "Feature", "properties": {"x": 5003258.415344897, "y": 2757118.767185305, "bearings": {"546_537_0": -114.99274375857054, "546_535_0": 153.41685387700272, "546_559_0": -26.107317931397137, "546_573_0": 64.65443466779153}, "angles": {"546_537_0": 91.59040236442672, "546_559_0": 88.8854258271734, "546_573_0": 90.76175259918867, "546_535_0": 88.76241920921119}, "adj_sorted": [[546, 537, 0], [546, 559, 0], [546, 573, 0], [546, 535, 0]], "type": "X", "n_corners": 4}, "geometry": {"type": "Point", "coordinates": [19.083983099999998, 47.550139600000016]}}, {"id": "540", "type": "Feature", "properties": {"x": 5003214.150849565, "y": 2754626.601448548, "bearings": {"540_529_0": -104.22184685441327, "540_505_0": 166.4790297449598, "540_549_0": 77.0707366045323}, "angles": {"540_529_0": 89.29912340062691, "540_549_0": 181.29258345894556, "540_505_0": 89.4082931404275}, "adj_sorted": [[540, 529, 0], [540, 549, 0], [540, 505, 0]], "type": "T", "n_corners": 2}, "geometry": {"type": "Point", "coordinates": [19.07946638353133, 47.527951372487614]}}, {"id": "523", "type": "Feature", "properties": {"x": 5003150.805634616, "y": 2757337.730771304, "bearings": {"523_496_0": -106.79749098399498, "523_532_0": -7.650530240313258, "523_474_0": 170.9134353506783}, "angles": {"523_496_0": 82.28907366532673, "523_532_0": 99.14696074368172, "523_474_0": 178.56396559099156}, "adj_sorted": [[523, 496, 0], [523, 532, 0], [523, 474, 0]], "type": "T", "n_corners": 2}, "geometry": {"type": "Point", "coordinates": [19.082908699999994, 47.55221200000001]}}, {"id": "532", "type": "Feature", "properties": {"x": 5003195.669255335, "y": 2757338.2025791015, "bearings": {"532_533_0": -81.31989690286885, "532_523_0": -173.96738933920818, "532_551_0": 80.70449412928203}, "angles": {"532_523_0": 105.3281165315098, "532_533_0": 92.64749243633933, "532_551_0": 162.02439103215087}, "adj_sorted": [[532, 523, 0], [532, 533, 0], [532, 551, 0]], "type": "Y", "n_corners": 3}, "geometry": {"type": "Point", "coordinates": [19.08350152003089, 47.55216674119223]}}, {"id": "474", "type": "Feature", "properties": {"x": 5002942.344284926, "y": 2757371.0707351374, "bearings": {"474_523_0": -9.086564649321724, "474_422_0": 171.09629207922077, "474_468_0": -100.59676942461101, "474_479_0": 80.364085719881}, "angles": {"474_468_0": 88.30693849616819, "474_523_0": 91.51020477528928, "474_479_0": 89.45065036920273, "474_422_0": 90.73220635933977}, "adj_sorted": [[474, 468, 0], [474, 523, 0], [474, 479, 0], [474, 422, 0]], "type": "X", "n_corners": 4}, "geometry": {"type": "Point", "coordinates": [19.080210200000003, 47.55273930000001]}}, {"id": "551", "type": "Feature", "properties": {"x": 5003271.477534697, "y": 2757441.563717335, "bearings": {"551_532_0": -131.25806695809646, "551_555_0": -44.10630837675135, "551_646_0": 46.4727513659229, "551_536_0": 132.39636255593547}, "angles": {"551_532_0": 96.3455704859681, "551_555_0": 87.15175858134512, "551_646_0": 90.57905974267425, "551_536_0": 85.92361119001256}, "adj_sorted": [[551, 532, 0], [551, 555, 0], [551, 646, 0], [551, 536, 0]], "type": "X", "n_corners": 4}, "geometry": {"type": "Point", "coordinates": [19.0846652, 47.55300540000005]}}, {"id": "555", "type": "Feature", "properties": {"x": 5003292.623236458, "y": 2757421.0675917035, "bearings": {"555_533_0": -124.84200660639085, "555_564_0": -38.7737563141245, "555_551_0": 135.89369162324866}, "angles": {"555_533_0": 99.26430177036048, "555_564_0": 86.06825029226636, "555_551_0": 174.66744793737314}, "adj_sorted": [[555, 533, 0], [555, 564, 0], [555, 551, 0]], "type": "T", "n_corners": 2}, "geometry": {"type": "Point", "coordinates": [19.084911899999994, 47.552799200000024]}}, {"id": "531", "type": "Feature", "properties": {"x": 5003193.898766305, "y": 2754875.4462302364, "bearings": {"531_505_0": -123.65256976263682, "531_549_0": -10.928786837933625, "531_501_0": 169.21782947077003}, "angles": {"531_505_0": 67.12960076659317, "531_549_0": 112.72378292470319, "531_501_0": 180.14661630870364}, "adj_sorted": [[531, 505, 0], [531, 549, 0], [531, 501, 0]], "type": "T", "n_corners": 2}, "geometry": {"type": "Point", "coordinates": [19.079591700000005, 47.53019410000003]}}, {"id": "549", "type": "Feature", "properties": {"x": 5003267.391916212, "y": 2754858.519777975, "bearings": {"549_540_0": -102.9292633954677, "549_531_0": 158.51640796466268, "549_548_0": 85.77322476052048, "549_574_0": -23.390633299035525}, "angles": {"549_540_0": 98.5543286398696, "549_574_0": 79.53863009643217, "549_548_0": 109.163858059556, "549_531_0": 72.7431832041422}, "adj_sorted": [[549, 540, 0], [549, 574, 0], [549, 548, 0], [549, 531, 0]], "type": "X", "n_corners": 4}, "geometry": {"type": "Point", "coordinates": [19.080534499311906, 47.529962064312826]}}, {"id": "536", "type": "Feature", "properties": {"x": 5003203.420588175, "y": 2757510.4499851926, "bearings": {"536_551_0": -29.047348434595683, "536_487_0": 84.71249637515137, "536_481_0": 158.31425624737815}, "angles": {"536_551_0": 172.63839531802617, "536_487_0": 113.75984480974705, "536_481_0": 73.60175987222678}, "adj_sorted": [[536, 551, 0], [536, 487, 0], [536, 481, 0]], "type": "T", "n_corners": 2}, "geometry": {"type": "Point", "coordinates": [19.08387579999999, 47.55369510000004]}}, {"id": "501", "type": "Feature", "properties": {"x": 5003061.476712419, "y": 2754898.831830103, "bearings": {"501_488_0": -126.14240909226613, "501_531_0": -9.959566083222045, "501_465_0": 170.96994872867143}, "angles": {"501_488_0": 62.887642179062425, "501_531_0": 116.18284300904409, "501_465_0": 180.92951481189348}, "adj_sorted": [[501, 488, 0], [501, 531, 0], [501, 465, 0]], "type": "T", "n_corners": 2}, "geometry": {"type": "Point", "coordinates": [19.077881700000006, 47.53054870000002]}}, {"id": "548", "type": "Feature", "properties": {"x": 5003267.1377466805, "y": 2755013.6303490135, "bearings": {"548_549_0": -97.53918882569833, "548_556_0": 76.23999453426374, "548_585_0": -10.950864012057872}, "angles": {"548_549_0": 186.22081664003792, "548_585_0": 86.58832481364045, "548_556_0": 87.19085854632162}, "adj_sorted": [[548, 549, 0], [548, 585, 0], [548, 556, 0]], "type": "T", "n_corners": 2}, "geometry": {"type": "Point", "coordinates": [19.080775823874284, 47.5313463701762]}}, {"id": "574", "type": "Feature", "properties": {"x": 5003415.967051698, "y": 2754766.902891693, "bearings": {"574_549_0": 146.81893080838816, "574_603_0": -33.18312071505473, "574_568_0": -105.35578744128841, "574_585_0": 73.98224584526812}, "angles": {"574_568_0": 107.82528175032343, "574_603_0": 72.17266672623369, "574_585_0": 107.16536656032285, "574_549_0": 72.83668496312004}, "adj_sorted": [[574, 568, 0], [574, 603, 0], [574, 585, 0], [574, 549, 0]], "type": "X", "n_corners": 4}, "geometry": {"type": "Point", "coordinates": [19.082349900000004, 47.52898080000001]}}, {"id": "585", "type": "Feature", "properties": {"x": 5003468.165798793, "y": 2754973.278783778, "bearings": {"585_548_0": 167.8005834544454, "585_574_0": -104.07201639221063, "585_618_0": -12.472956644150619, "585_596_0": 75.92685391267587}, "angles": {"585_574_0": 88.12740015334396, "585_618_0": 91.59905974806001, "585_596_0": 88.39981055682648, "585_548_0": 91.87372954176952}, "adj_sorted": [[585, 574, 0], [585, 618, 0], [585, 596, 0], [585, 548, 0]], "type": "X", "n_corners": 4}, "geometry": {"type": "Point", "coordinates": [19.0833641, 47.53076470000004]}}, {"id": "618", "type": "Feature", "properties": {"x": 5003611.976425137, "y": 2754941.2539564795, "bearings": {"618_585_0": 166.97471121521676, "618_629_0": 75.57350813902816, "618_608_0": -104.68760171940949, "618_660_0": -13.738210824423653}, "angles": {"618_608_0": 88.33768706537376, "618_660_0": 90.94939089498584, "618_629_0": 89.31171896345182, "618_585_0": 91.4012030761886}, "adj_sorted": [[618, 608, 0], [618, 660, 0], [618, 629, 0], [618, 585, 0]], "type": "X", "n_corners": 4}, "geometry": {"type": "Point", "coordinates": [19.085210671761892, 47.530320369143666]}}, {"id": "596", "type": "Feature", "properties": {"x": 5003504.775326478, "y": 2755119.3170784567, "bearings": {"596_585_0": -104.07314608732412, "596_629_0": -13.295642150351542, "596_556_0": 169.09215046992645, "596_602_0": 76.36091281418818}, "angles": {"596_585_0": 86.8347034427494, "596_629_0": 90.77750393697258, "596_602_0": 89.65655496453972, "596_556_0": 92.73123765573827}, "adj_sorted": [[596, 585, 0], [596, 629, 0], [596, 602, 0], [596, 556, 0]], "type": "X", "n_corners": 4}, "geometry": {"type": "Point", "coordinates": [19.084077500000003, 47.53202740000005]}}, {"id": "556", "type": "Feature", "properties": {"x": 5003302.278349555, "y": 2755157.1295955786, "bearings": {"556_548_0": -103.76000546573627, "556_596_0": -9.429506977564923, "556_563_0": 76.24447824485102, "556_515_0": 170.6806488654152}, "angles": {"556_548_0": 85.55934566884855, "556_596_0": 94.33049848817134, "556_563_0": 85.67398522241595, "556_515_0": 94.43617062056418}, "adj_sorted": [[556, 548, 0], [556, 596, 0], [556, 563, 0], [556, 515, 0]], "type": "X", "n_corners": 4}, "geometry": {"type": "Point", "coordinates": [19.08146578523139, 47.532588051458035]}}, {"id": "603", "type": "Feature", "properties": {"x": 5003545.102123804, "y": 2754681.8856648207, "bearings": {"603_574_0": 146.3444336050846, "603_639_0": -32.73266693658801, "603_593_0": -104.98281605675629, "603_608_0": 75.92018148281751}, "angles": {"603_593_0": 108.67275033815912, "603_639_0": 72.25014912016829, "603_608_0": 108.65284841940553, "603_574_0": 70.42425212226708}, "adj_sorted": [[603, 593, 0], [603, 639, 0], [603, 608, 0], [603, 574, 0]], "type": "X", "n_corners": 4}, "geometry": {"type": "Point", "coordinates": [19.08391921256128, 47.528079829183675]}}, {"id": "568", "type": "Feature", "properties": {"x": 5003375.805990816, "y": 2754607.651247639, "bearings": {"568_574_0": 75.9806404564646, "568_565_0": -103.65377296175843, "568_593_0": -36.475260183508894}, "angles": {"568_565_0": 180.36558658177697, "568_593_0": 67.17851277824954, "568_574_0": 112.45590063997349}, "adj_sorted": [[568, 565, 0], [568, 593, 0], [568, 574, 0]], "type": "T", "n_corners": 2}, "geometry": {"type": "Point", "coordinates": [19.081568899999994, 47.527604100000026]}}, {"id": "552", "type": "Feature", "properties": {"x": 5003280.999273455, "y": 2754241.3394812304, "bearings": {"552_517_0": 144.19127516615737, "552_560_0": 54.2403438667555, "552_589_0": -36.896570735239}, "angles": {"552_589_0": 178.91215409860362, "552_560_0": 91.1369146019945, "552_517_0": 89.95093129940187}, "adj_sorted": [[552, 589, 0], [552, 560, 0], [552, 517, 0]], "type": "T", "n_corners": 2}, "geometry": {"type": "Point", "coordinates": [19.079740585122458, 47.52444005337212]}}, {"id": "560", "type": "Feature", "properties": {"x": 5003325.760470545, "y": 2754405.3093678467, "bearings": {"560_552_0": -103.67498129167464, "560_582_0": -36.95166997737829, "560_565_0": 75.92193363519279}, "angles": {"560_552_0": 180.40308507313256, "560_582_0": 66.72331131429635, "560_565_0": 112.87360361257107}, "adj_sorted": [[560, 552, 0], [560, 582, 0], [560, 565, 0]], "type": "T", "n_corners": 2}, "geometry": {"type": "Point", "coordinates": [19.080589599999996, 47.52585380000002]}}, {"id": "589", "type": "Feature", "properties": {"x": 5003480.765951821, "y": 2754132.8324806774, "bearings": {"589_552_0": 165.17664923447745, "589_587_0": -94.81925061965002, "589_592_0": 70.54552657925596}, "angles": {"589_587_0": 100.00410014587254, "589_592_0": 165.36477719890598, "589_552_0": 94.63112265522149}, "adj_sorted": [[589, 587, 0], [589, 592, 0], [589, 552, 0]], "type": "T", "n_corners": 2}, "geometry": {"type": "Point", "coordinates": [19.082204389154814, 47.52325166116098]}}, {"id": "582", "type": "Feature", "properties": {"x": 5003447.888892838, "y": 2754313.9921783498, "bearings": {"582_560_0": 165.22202021422078, "582_586_0": 75.15667374920865, "582_592_0": -90.75091479813068}, "angles": {"582_592_0": 104.02706498764854, "582_586_0": 165.90758854733934, "582_560_0": 90.06534646501213}, "adj_sorted": [[582, 592, 0], [582, 586, 0], [582, 560, 0]], "type": "T", "n_corners": 2}, "geometry": {"type": "Point", "coordinates": [19.08205649509618, 47.52490436482417]}}, {"id": "565", "type": "Feature", "properties": {"x": 5003354.610145122, "y": 2754520.351109736, "bearings": {"565_568_0": 76.35399172749933, "565_560_0": -104.07806636480723, "565_586_0": -36.3295416755293}, "angles": {"565_560_0": 179.56794190769344, "565_586_0": 67.74852468927793, "565_568_0": 112.68353340302863}, "adj_sorted": [[565, 560, 0], [565, 586, 0], [565, 568, 0]], "type": "T", "n_corners": 2}, "geometry": {"type": "Point", "coordinates": [19.08115159999999, 47.526848499999986]}}, {"id": "515", "type": "Feature", "properties": {"x": 5003124.605345042, "y": 2755189.486120076, "bearings": {"515_556_0": -10.596098356878532, "515_525_0": 76.64591665763295, "515_482_0": 170.78507804918397, "515_507_0": -101.34661684877003}, "angles": {"515_507_0": 87.86830510204601, "515_556_0": 90.7505184918915, "515_525_0": 87.24201501451148, "515_482_0": 94.13916139155101}, "adj_sorted": [[515, 507, 0], [515, 556, 0], [515, 525, 0], [515, 482, 0]], "type": "X", "n_corners": 4}, "geometry": {"type": "Point", "coordinates": [19.079172900000003, 47.53307260000001]}}, {"id": "525", "type": "Feature", "properties": {"x": 5003158.027610349, "y": 2755330.7792858407, "bearings": {"525_515_0": -103.30725709071093, "525_490_0": 170.228543506365, "525_538_0": -9.772326076885832}, "angles": {"525_515_0": 86.46419940292407, "525_538_0": 93.5349310138251, "525_490_0": 180.00086958325085}, "adj_sorted": [[525, 515, 0], [525, 538, 0], [525, 490, 0]], "type": "T", "n_corners": 2}, "geometry": {"type": "Point", "coordinates": [19.079836699999994, 47.534296500000025]}}, {"id": "482", "type": "Feature", "properties": {"x": 5002973.206033275, "y": 2755214.0479239123, "bearings": {"482_515_0": -9.214921950816048, "482_490_0": 78.64329496136422, "482_419_0": 169.93492248459202}, "angles": {"482_515_0": 180.85015556459194, "482_490_0": 87.85821691218027, "482_419_0": 91.2916275232278}, "adj_sorted": [[482, 515, 0], [482, 490, 0], [482, 419, 0]], "type": "T", "n_corners": 2}, "geometry": {"type": "Point", "coordinates": [19.077214300000005, 47.53345860000004]}}, {"id": "507", "type": "Feature", "properties": {"x": 5003095.806374051, "y": 2755047.3524435465, "bearings": {"507_515_0": 80.71219615941108, "507_414_0": 170.08125954386313, "507_539_0": -8.953800132365904}, "angles": {"507_539_0": 180.96494032377097, "507_515_0": 89.66599629177698, "507_414_0": 89.36906338445205}, "adj_sorted": [[507, 539, 0], [507, 515, 0], [507, 414, 0]], "type": "T", "n_corners": 2}, "geometry": {"type": "Point", "coordinates": [19.078568799999992, 47.53183609999999]}}, {"id": "563", "type": "Feature", "properties": {"x": 5003336.964144269, "y": 2755298.819592554, "bearings": {"563_556_0": -103.75552175514898, "563_569_0": 76.63113473359257, "563_538_0": 170.47480745914265, "563_580_0": -10.800911985297102}, "angles": {"563_556_0": 85.7696707857084, "563_580_0": 92.95460976985187, "563_569_0": 87.43204671888968, "563_538_0": 93.84367272555008}, "adj_sorted": [[563, 556, 0], [563, 580, 0], [563, 569, 0], [563, 538, 0]], "type": "X", "n_corners": 4}, "geometry": {"type": "Point", "coordinates": [19.082146928001308, 47.5338140849093]}}, {"id": "629", "type": "Feature", "properties": {"x": 5003648.998879833, "y": 2755085.1706122896, "bearings": {"629_618_0": -104.42649186097184, "629_596_0": 166.50968413843069, "629_638_0": 75.17528372390741, "629_666_0": -13.94821028039829}, "angles": {"629_618_0": 89.06382400059749, "629_666_0": 90.47828158057355, "629_638_0": 89.1234940043057, "629_596_0": 91.33440041452327}, "adj_sorted": [[629, 618, 0], [629, 666, 0], [629, 638, 0], [629, 596, 0]], "type": "X", "n_corners": 4}, "geometry": {"type": "Point", "coordinates": [19.085926208605148, 47.53156367049082]}}, {"id": "602", "type": "Feature", "properties": {"x": 5003540.07133812, "y": 2755264.779040224, "bearings": {"602_596_0": -103.63908718581182, "602_580_0": 170.12353249467287, "602_638_0": -14.133246809950087, "602_612_0": 75.66264949233425}, "angles": {"602_596_0": 86.2373803195153, "602_638_0": 89.50584037586174, "602_612_0": 89.79589630228435, "602_580_0": 94.46088300233862}, "adj_sorted": [[602, 596, 0], [602, 638, 0], [602, 612, 0], [602, 580, 0]], "type": "X", "n_corners": 4}, "geometry": {"type": "Point", "coordinates": [19.084772699999995, 47.5332864]}}, {"id": "538", "type": "Feature", "properties": {"x": 5003212.024899154, "y": 2755321.4791911826, "bearings": {"538_525_0": 170.22767392311417, "538_563_0": -9.757006186923741, "538_543_0": 80.17887678325772}, "angles": {"538_563_0": 180.0153198899621, "538_543_0": 89.93588297018147, "538_525_0": 90.04879713985645}, "adj_sorted": [[538, 563, 0], [538, 543, 0], [538, 525, 0]], "type": "T", "n_corners": 2}, "geometry": {"type": "Point", "coordinates": [19.080534400000005, 47.534153999999994]}}, {"id": "543", "type": "Feature", "properties": {"x": 5003241.718582855, "y": 2755493.031865564, "bearings": {"543_538_0": -99.81792198560733, "543_569_0": -9.5849494249749, "543_541_0": 170.48793849230407}, "angles": {"543_538_0": 89.69413952208862, "543_569_0": 90.23297256063243, "543_541_0": 180.07288791727896}, "adj_sorted": [[543, 538, 0], [543, 569, 0], [543, 541, 0]], "type": "T", "n_corners": 2}, "geometry": {"type": "Point", "coordinates": [19.081196799999994, 47.53565200000001]}}, {"id": "569", "type": "Feature", "properties": {"x": 5003377.602886357, "y": 2755469.815296105, "bearings": {"569_563_0": -103.36886526640743, "569_543_0": 168.4111204932313, "569_591_0": -11.406557330361736, "569_576_0": 76.30287754307383}, "angles": {"569_563_0": 88.22001424036125, "569_591_0": 91.96230793604569, "569_576_0": 87.70943487343557, "569_543_0": 92.10824295015746}, "adj_sorted": [[569, 563, 0], [569, 591, 0], [569, 576, 0], [569, 543, 0]], "type": "X", "n_corners": 4}, "geometry": {"type": "Point", "coordinates": [19.082952888397713, 47.5352950375222]}}, {"id": "580", "type": "Feature", "properties": {"x": 5003442.073858007, "y": 2755281.840865939, "bearings": {"580_563_0": 170.92424619767579, "580_602_0": -9.876467505327138, "580_597_0": 78.73648712078894}, "angles": {"580_602_0": 179.1992862969971, "580_597_0": 88.61295462611608, "580_563_0": 92.18775907688685}, "adj_sorted": [[580, 602, 0], [580, 597, 0], [580, 563, 0]], "type": "T", "n_corners": 2}, "geometry": {"type": "Point", "coordinates": [19.083506799999995, 47.53354670000003]}}, {"id": "597", "type": "Feature", "properties": {"x": 5003510.242472232, "y": 2755446.3157249903, "bearings": {"597_580_0": -99.99309805603902, "597_612_0": -10.13057846411385, "597_591_0": 169.45115269279742}, "angles": {"597_580_0": 90.55574925116355, "597_612_0": 89.86251959192516, "597_591_0": 179.58173115691127}, "adj_sorted": [[597, 580, 0], [597, 612, 0], [597, 591, 0]], "type": "T", "n_corners": 2}, "geometry": {"type": "Point", "coordinates": [19.0846657, 47.5349391]}}, {"id": "587", "type": "Feature", "properties": {"x": 5003479.39131472, "y": 2754116.5280624726, "bearings": {"587_567_0": -124.31536811193256, "587_589_0": 85.18074938035, "587_633_0": -34.677119772514914}, "angles": {"587_567_0": 150.50388250771744, "587_633_0": 89.63824833941764, "587_589_0": 119.85786915286491}, "adj_sorted": [[587, 567, 0], [587, 633, 0], [587, 589, 0]], "type": "Y", "n_corners": 3}, "geometry": {"type": "Point", "coordinates": [19.08216054008341, 47.523107694798604]}}, {"id": "541", "type": "Feature", "properties": {"x": 5003219.4657803355, "y": 2755496.7605234543, "bearings": {"541_543_0": -9.51206150769595, "541_494_0": 170.49237067657396, "541_502_0": 75.70348980503017}, "angles": {"541_543_0": 179.99556781573008, "541_502_0": 85.21555131272612, "541_494_0": 94.78888087154378}, "adj_sorted": [[541, 543, 0], [541, 502, 0], [541, 494, 0]], "type": "T", "n_corners": 2}, "geometry": {"type": "Point", "coordinates": [19.080909099999996, 47.53570980000001]}}, {"id": "591", "type": "Feature", "properties": {"x": 5003485.96912133, "y": 2755450.835933064, "bearings": {"591_569_0": 170.17578287170187, "591_597_0": -10.548847307202575, "591_598_0": 81.18472552848179}, "angles": {"591_597_0": 179.27536982109555, "591_598_0": 91.73357283568437, "591_569_0": 88.99105734322008}, "adj_sorted": [[591, 597, 0], [591, 598, 0], [591, 569, 0]], "type": "T", "n_corners": 2}, "geometry": {"type": "Point", "coordinates": [19.084352600000003, 47.53500620000004]}}, {"id": "576", "type": "Feature", "properties": {"x": 5003418.796509033, "y": 2755638.8352180193, "bearings": {"576_569_0": -103.69712245692618, "576_584_0": 76.65166485701067, "576_598_0": -13.843201744875488}, "angles": {"576_569_0": 179.65121268606316, "576_598_0": 89.8539207120507, "576_584_0": 90.49486660188616}, "adj_sorted": [[576, 569, 0], [576, 598, 0], [576, 584, 0]], "type": "T", "n_corners": 2}, "geometry": {"type": "Point", "coordinates": [19.083763101752695, 47.536757741075185]}}, {"id": "598", "type": "Feature", "properties": {"x": 5003513.701789366, "y": 2755622.6086207433, "bearings": {"598_591_0": -99.32914021475975, "598_576_0": 170.67944435062574, "598_624_0": -10.060475323583802}, "angles": {"598_591_0": 89.99141543461451, "598_624_0": 89.26866489117594, "598_576_0": 180.73991967420955}, "adj_sorted": [[598, 591, 0], [598, 624, 0], [598, 576, 0]], "type": "T", "n_corners": 2}, "geometry": {"type": "Point", "coordinates": [19.084989599999997, 47.536508299999994]}}, {"id": "624", "type": "Feature", "properties": {"x": 5003625.99087432, "y": 2755602.6867972906, "bearings": {"624_598_0": 169.93952467641623, "624_612_0": -104.19749118146436, "624_658_0": -15.20037450903427, "624_634_0": 76.0513041289708}, "angles": {"624_612_0": 85.86298414211944, "624_658_0": 88.99711667243008, "624_634_0": 91.25167863800507, "624_598_0": 93.88822054744543}, "adj_sorted": [[624, 612, 0], [624, 658, 0], [624, 634, 0], [624, 598, 0]], "type": "X", "n_corners": 4}, "geometry": {"type": "Point", "coordinates": [19.08643959999999, 47.53620670000003]}}, {"id": "584", "type": "Feature", "properties": {"x": 5003465.375961618, "y": 2755835.140317888, "bearings": {"584_590_0": 75.89823363781383, "584_576_0": -103.34833514298934, "584_634_0": -13.430587023608416}, "angles": {"584_576_0": 180.75343121919684, "584_634_0": 89.91774811938093, "584_590_0": 89.32882066142224}, "adj_sorted": [[584, 576, 0], [584, 634, 0], [584, 590, 0]], "type": "T", "n_corners": 2}, "geometry": {"type": "Point", "coordinates": [19.084687493640526, 47.53845795560072]}}, {"id": "586", "type": "Feature", "properties": {"x": 5003478.488857214, "y": 2754429.4547961336, "bearings": {"586_582_0": -104.84332625079135, "586_565_0": 144.85567083484537, "586_622_0": -35.754012773984556, "586_593_0": 75.6058676910321}, "angles": {"586_582_0": 110.30100291436327, "586_622_0": 69.0893134768068, "586_593_0": 111.35988046501666, "586_565_0": 69.24980314381327}, "adj_sorted": [[586, 582, 0], [586, 622, 0], [586, 593, 0], [586, 565, 0]], "type": "X", "n_corners": 4}, "geometry": {"type": "Point", "coordinates": [19.082642262732517, 47.525900883194375]}}, {"id": "592", "type": "Feature", "properties": {"x": 5003494.728962857, "y": 2754172.3626019717, "bearings": {"592_589_0": -109.45447342074404, "592_582_0": 109.58030704230367, "592_613_0": 17.006708640954546}, "angles": {"592_589_0": 140.9652195369523, "592_613_0": 126.46118206169858, "592_582_0": 92.57359840134913}, "adj_sorted": [[592, 589, 0], [592, 613, 0], [592, 582, 0]], "type": "Y", "n_corners": 3}, "geometry": {"type": "Point", "coordinates": [19.082450914780708, 47.5235889887197]}}, {"id": "634", "type": "Feature", "properties": {"x": 5003663.615005753, "y": 2755753.0001729717, "bearings": {"634_624_0": -104.1302526724134, "634_584_0": 157.14217592665204, "634_664_0": -24.07518559765696, "634_643_0": 78.76568339548761}, "angles": {"634_624_0": 98.72757140093455, "634_664_0": 80.05506707475644, "634_643_0": 102.84086899314457, "634_584_0": 78.37649253116443}, "adj_sorted": [[634, 624, 0], [634, 664, 0], [634, 643, 0], [634, 584, 0]], "type": "X", "n_corners": 4}, "geometry": {"type": "Point", "coordinates": [19.08717329999999, 47.537506400000034]}}, {"id": "664", "type": "Feature", "properties": {"x": 5003808.526755637, "y": 2755687.172681322, "bearings": {"664_634_0": 157.50287320359732, "664_658_0": -104.81717182169382, "664_687_0": -22.62542063643514, "664_672_0": 75.2214595457472}, "angles": {"664_658_0": 97.67995497470883, "664_687_0": 82.19175118525868, "664_672_0": 97.84688018218233, "664_634_0": 82.28141365785012}, "adj_sorted": [[664, 658, 0], [664, 687, 0], [664, 672, 0], [664, 634, 0]], "type": "X", "n_corners": 4}, "geometry": {"type": "Point", "coordinates": [19.08898122320707, 47.53675917842315]}}, {"id": "643", "type": "Feature", "properties": {"x": 5003708.230576254, "y": 2755933.5308865244, "bearings": {"643_634_0": -104.02493419414647, "643_672_0": -9.240764168837764, "643_621_0": 169.6600936504788, "643_647_0": 75.92383500499793}, "angles": {"643_634_0": 86.31497215537473, "643_672_0": 94.7841700253087, "643_647_0": 85.16459917383568, "643_621_0": 93.73625864548089}, "adj_sorted": [[643, 634, 0], [643, 672, 0], [643, 647, 0], [643, 621, 0]], "type": "X", "n_corners": 4}, "geometry": {"type": "Point", "coordinates": [19.088047000000003, 47.53906800000001]}}, {"id": "622", "type": "Feature", "properties": {"x": 5003621.5965223005, "y": 2754325.3067148896, "bearings": {"622_586_0": 143.97816627484895, "622_628_0": 74.98812068230221, "622_613_0": -103.40161893077851, "622_636_0": -35.23681512392036}, "angles": {"622_613_0": 112.62021479437254, "622_636_0": 68.16480380685815, "622_628_0": 110.22493580622256, "622_586_0": 68.99004559254674}, "adj_sorted": [[622, 613, 0], [622, 636, 0], [622, 628, 0], [622, 586, 0]], "type": "X", "n_corners": 4}, "geometry": {"type": "Point", "coordinates": [19.084365600000005, 47.52481379999999]}}, {"id": "593", "type": "Feature", "properties": {"x": 5003500.558524791, "y": 2754515.4470355, "bearings": {"593_603_0": 75.01718394324372, "593_568_0": 143.7478615100263, "593_586_0": -104.39413230896791, "593_628_0": -36.52196873752536}, "angles": {"593_586_0": 111.8580061810058, "593_628_0": 67.87216357144254, "593_603_0": 111.53915268076909, "593_568_0": 68.73067756678257}, "adj_sorted": [[593, 586, 0], [593, 628, 0], [593, 603, 0], [593, 568, 0]], "type": "X", "n_corners": 4}, "geometry": {"type": "Point", "coordinates": [19.083069038641792, 47.52664384407639]}}, {"id": "599", "type": "Feature", "properties": {"x": 5003518.5550020235, "y": 2755989.8788035223, "bearings": {"599_590_0": -138.46378607320977, "599_621_0": -56.088986013756305, "599_600_0": 89.12639996413598}, "angles": {"599_590_0": 132.40981396265425, "599_621_0": 82.37480005945346, "599_600_0": 145.21538597789228}, "adj_sorted": [[599, 590, 0], [599, 621, 0], [599, 600, 0]], "type": "Y", "n_corners": 3}, "geometry": {"type": "Point", "coordinates": [19.085633404659198, 47.53977999474471]}}, {"id": "628", "type": "Feature", "properties": {"x": 5003645.031399706, "y": 2754412.694390542, "bearings": {"628_622_0": -105.01187931769779, "628_593_0": 144.56733735860783, "628_639_0": 74.52372568426667, "628_645_0": -34.03189577725908}, "angles": {"628_622_0": 110.42078332369437, "628_645_0": 70.97998354043871, "628_639_0": 108.55562146152575, "628_593_0": 70.04361167434116}, "adj_sorted": [[628, 622, 0], [628, 645, 0], [628, 639, 0], [628, 593, 0]], "type": "X", "n_corners": 4}, "geometry": {"type": "Point", "coordinates": [19.084812599999996, 47.52556770000004]}}, {"id": "613", "type": "Feature", "properties": {"x": 5003587.983685195, "y": 2754207.318050895, "bearings": {"613_592_0": -149.26705746963998, "613_622_0": 52.533073463745914, "613_633_0": -14.696024009063839}, "angles": {"613_592_0": 158.1998690666141, "613_633_0": 134.57103346057613, "613_622_0": 67.22909747280976}, "adj_sorted": [[613, 592, 0], [613, 633, 0], [613, 622, 0]], "type": "Y", "n_corners": 3}, "geometry": {"type": "Point", "coordinates": [19.0837360881395, 47.52379807326693]}}, {"id": "636", "type": "Feature", "properties": {"x": 5003672.213022858, "y": 2754289.535012701, "bearings": {"636_622_0": 144.74845505769358, "636_645_0": 54.92596674678234, "636_652_0": -36.89974198204638}, "angles": {"636_652_0": 178.35180296026004, "636_645_0": 91.82570872882872, "636_622_0": 89.82248831091124}, "adj_sorted": [[636, 652, 0], [636, 645, 0], [636, 622, 0]], "type": "T", "n_corners": 2}, "geometry": {"type": "Point", "coordinates": [19.084976800000003, 47.52443880000005]}}, {"id": "579", "type": "Feature", "properties": {"x": 5003437.8083636295, "y": 2756033.3807074022, "bearings": {"579_600_0": -14.98930010427405, "579_595_0": 76.06389759783063, "579_561_0": 162.9678878532503}, "angles": {"579_600_0": 182.04281204247565, "579_595_0": 91.05319770210468, "579_561_0": 86.90399025541966}, "adj_sorted": [[579, 600, 0], [579, 595, 0], [579, 561, 0]], "type": "T", "n_corners": 2}, "geometry": {"type": "Point", "coordinates": [19.084636699999997, 47.54025720000002]}}, {"id": "600", "type": "Feature", "properties": {"x": 5003518.9519178625, "y": 2756015.9088391666, "bearings": {"600_599_0": -90.87360003586402, "600_579_0": 169.69765997683763, "600_604_0": 76.96210952702566}, "angles": {"600_599_0": 99.42873998729834, "600_604_0": 167.8357095628897, "600_579_0": 92.73555044981197}, "adj_sorted": [[600, 599, 0], [600, 604, 0], [600, 579, 0]], "type": "T", "n_corners": 2}, "geometry": {"type": "Point", "coordinates": [19.08567973636126, 47.54001181518526]}}, {"id": "595", "type": "Feature", "properties": {"x": 5003503.403706451, "y": 2756312.527497129, "bearings": {"595_579_0": -103.11968191817226, "595_610_0": -13.055086090491137, "595_571_0": 166.11832627933458}, "angles": {"595_579_0": 90.76199180249318, "595_610_0": 90.06459582768113, "595_571_0": 179.1734123698257}, "adj_sorted": [[595, 579, 0], [595, 610, 0], [595, 571, 0]], "type": "T", "n_corners": 2}, "geometry": {"type": "Point", "coordinates": [19.085942899999992, 47.54267560000005]}}, {"id": "561", "type": "Feature", "properties": {"x": 5003334.299182893, "y": 2756147.623810369, "bearings": {"561_579_0": -52.42060798115503, "561_571_0": 47.00333908895453, "561_554_0": 126.33864527728657}, "angles": {"561_579_0": 181.24074674155838, "561_571_0": 99.42394707010956, "561_554_0": 79.33530618833204}, "adj_sorted": [[561, 579, 0], [561, 571, 0], [561, 554, 0]], "type": "T", "n_corners": 2}, "geometry": {"type": "Point", "coordinates": [19.083451299999997, 47.54139070000003]}}, {"id": "604", "type": "Feature", "properties": {"x": 5003547.320722263, "y": 2756123.189242274, "bearings": {"604_600_0": -112.26630891031618, "604_607_0": 108.88287205901415, "604_630_0": 32.656669393691935}, "angles": {"604_600_0": 138.85081903066967, "604_630_0": 144.92297830400813, "604_607_0": 76.2262026653222}, "adj_sorted": [[604, 600, 0], [604, 630, 0], [604, 607, 0]], "type": "Y", "n_corners": 3}, "geometry": {"type": "Point", "coordinates": [19.08622341688199, 47.54093775614107]}}, {"id": "639", "type": "Feature", "properties": {"x": 5003692.701701933, "y": 2754585.6306132823, "bearings": {"639_603_0": 146.95075171962156, "639_628_0": -104.50650102661047, "639_648_0": 75.98504269886945, "639_654_0": -32.67297668103372}, "angles": {"639_628_0": 108.54274725376797, "639_654_0": 71.83352434557675, "639_648_0": 108.65801937990317, "639_603_0": 70.96570902075212}, "adj_sorted": [[639, 628, 0], [639, 654, 0], [639, 648, 0], [639, 603, 0]], "type": "X", "n_corners": 4}, "geometry": {"type": "Point", "coordinates": [19.085714300000003, 47.52705820000005]}}, {"id": "645", "type": "Feature", "properties": {"x": 5003722.130049639, "y": 2754360.6282244464, "bearings": {"645_628_0": 145.96810422274092, "645_636_0": -125.07403325321768, "645_665_0": -36.867683315718175, "645_656_0": 53.74168264988467}, "angles": {"645_636_0": 88.95786252404139, "645_665_0": 88.20634993749951, "645_656_0": 90.60936596560285, "645_628_0": 92.22642157285625}, "adj_sorted": [[645, 636, 0], [645, 665, 0], [645, 656, 0], [645, 628, 0]], "type": "X", "n_corners": 4}, "geometry": {"type": "Point", "coordinates": [19.085747400000002, 47.52501810000001]}}, {"id": "621", "type": "Feature", "properties": {"x": 5003618.862019906, "y": 2755949.6265072594, "bearings": {"621_643_0": -10.081025625170511, "621_599_0": 170.03619968231595, "621_625_0": 83.36040919802636}, "angles": {"621_643_0": 179.88277469251352, "621_625_0": 93.44143482319687, "621_599_0": 86.67579048428959}, "adj_sorted": [[621, 643, 0], [621, 625, 0], [621, 599, 0]], "type": "T", "n_corners": 2}, "geometry": {"type": "Point", "coordinates": [19.0868933, 47.53931020000002]}}, {"id": "625", "type": "Feature", "properties": {"x": 5003630.900802964, "y": 2756040.673126555, "bearings": {"625_621_0": -103.34087606566331, "625_630_0": 76.67216528096183, "625_647_0": -13.814732923225902}, "angles": {"625_621_0": 179.98695865337487, "625_647_0": 89.5261431424374, "625_630_0": 90.48689820418774}, "adj_sorted": [[625, 621, 0], [625, 647, 0], [625, 630, 0]], "type": "T", "n_corners": 2}, "geometry": {"type": "Point", "coordinates": [19.087195900000005, 47.54010930000004]}}, {"id": "608", "type": "Feature", "properties": {"x": 5003569.720435053, "y": 2754780.0415855013, "bearings": {"608_618_0": 75.31239828059051, "608_603_0": -104.07981851718249, "608_648_0": -14.273831421252128}, "angles": {"608_603_0": 180.60778320222698, "608_648_0": 89.80598709593036, "608_618_0": 89.58622970184264}, "adj_sorted": [[608, 603, 0], [608, 648, 0], [608, 618, 0]], "type": "T", "n_corners": 2}, "geometry": {"type": "Point", "coordinates": [19.08439884223712, 47.528928507081204]}}, {"id": "648", "type": "Feature", "properties": {"x": 5003730.413265857, "y": 2754736.7153996225, "bearings": {"648_639_0": -104.01495730113055, "648_608_0": 164.88942214026073, "648_660_0": 73.84763395199354, "648_663_0": -15.706450120081875}, "angles": {"648_639_0": 91.09562055860874, "648_663_0": 88.30850718104867, "648_660_0": 89.55408407207543, "648_608_0": 91.04178818826719}, "adj_sorted": [[648, 639, 0], [648, 663, 0], [648, 660, 0], [648, 608, 0]], "type": "X", "n_corners": 4}, "geometry": {"type": "Point", "coordinates": [19.0864502, 47.52836469999999]}}, {"id": "654", "type": "Feature", "properties": {"x": 5003754.31925625, "y": 2754546.927190265, "bearings": {"654_639_0": 149.28197468888973, "654_663_0": 75.49320211505722, "654_667_0": -30.860707039499733}, "angles": {"654_667_0": 179.85731827161052, "654_663_0": 106.35390915455694, "654_639_0": 73.78877257383252}, "adj_sorted": [[654, 667, 0], [654, 663, 0], [654, 639, 0]], "type": "T", "n_corners": 2}, "geometry": {"type": "Point", "coordinates": [19.086466000000005, 47.5266449]}}, {"id": "610", "type": "Feature", "properties": {"x": 5003576.931733665, "y": 2756294.5407736083, "bearings": {"610_595_0": 166.56284169538512, "610_607_0": -103.41822250863645, "610_611_0": 76.42620250013609}, "angles": {"610_607_0": 90.01893579597845, "610_611_0": 179.84442500877253, "610_595_0": 90.13663919524903}, "adj_sorted": [[610, 607, 0], [610, 611, 0], [610, 595, 0]], "type": "T", "n_corners": 2}, "geometry": {"type": "Point", "coordinates": [19.08688468081198, 47.54243400885938]}}, {"id": "571", "type": "Feature", "properties": {"x": 5003382.037465978, "y": 2756339.7671609353, "bearings": {"571_595_0": -10.81563482497612, "571_561_0": -102.0828795045423, "571_575_0": 78.18126246884255}, "angles": {"571_561_0": 179.73585802661515, "571_595_0": 91.26724467956619, "571_575_0": 88.99689729381866}, "adj_sorted": [[571, 561, 0], [571, 595, 0], [571, 575, 0]], "type": "T", "n_corners": 2}, "geometry": {"type": "Point", "coordinates": [19.0843845, 47.54305250000005]}}, {"id": "607", "type": "Feature", "properties": {"x": 5003561.83051192, "y": 2756231.2417868166, "bearings": {"607_604_0": -103.61409133716253, "607_610_0": 76.58177749136355, "607_657_0": -13.365577541410184}, "angles": {"607_604_0": 179.8041311714739, "607_657_0": 90.24851379575234, "607_610_0": 89.94735503277374}, "adj_sorted": [[607, 604, 0], [607, 657, 0], [607, 610, 0]], "type": "T", "n_corners": 2}, "geometry": {"type": "Point", "coordinates": [19.086585474438333, 47.54188587011966]}}, {"id": "611", "type": "Feature", "properties": {"x": 5003582.5376946125, "y": 2756317.7594936932, "bearings": {"611_610_0": -103.57379749986391, "611_662_0": -12.45841461335979, "611_619_0": 76.36141145699472}, "angles": {"611_610_0": 180.06479104314138, "611_662_0": 91.11538288650412, "611_619_0": 88.81982607035451}, "adj_sorted": [[611, 610, 0], [611, 662, 0], [611, 619, 0]], "type": "T", "n_corners": 2}, "geometry": {"type": "Point", "coordinates": [19.086995314321594, 47.542634997973394]}}, {"id": "657", "type": "Feature", "properties": {"x": 5003770.147846814, "y": 2756181.530269518, "bearings": {"657_607_0": 166.58104264069323, "657_653_0": -103.6694279992169, "657_662_0": 76.21207176554964}, "angles": {"657_653_0": 89.74952936008987, "657_662_0": 179.88149976476655, "657_607_0": 90.36897087514359}, "adj_sorted": [[657, 653, 0], [657, 662, 0], [657, 607, 0]], "type": "T", "n_corners": 2}, "geometry": {"type": "Point", "coordinates": [19.089255599999994, 47.54121250000005]}}, {"id": "653", "type": "Feature", "properties": {"x": 5003751.954210884, "y": 2756106.723527627, "bearings": {"653_657_0": 76.3305720007831, "653_680_0": -3.4341750760016505, "653_647_0": -104.73184491757056, "653_630_0": 169.7930821739272}, "angles": {"653_647_0": 85.47507290850228, "653_680_0": 101.2976698415689, "653_657_0": 79.76474707678476, "653_630_0": 93.46251017314408}, "adj_sorted": [[653, 647, 0], [653, 680, 0], [653, 657, 0], [653, 630, 0]], "type": "X", "n_corners": 4}, "geometry": {"type": "Point", "coordinates": [19.088897400000004, 47.54056510000005]}}, {"id": "662", "type": "Feature", "properties": {"x": 5003794.406068154, "y": 2756280.3762665773, "bearings": {"662_611_0": 169.0119801067729, "662_657_0": -103.78963609197002, "662_685_0": -13.890901498937762, "662_669_0": 76.3393268252259}, "angles": {"662_657_0": 87.19838380125708, "662_685_0": 89.89873459303226, "662_669_0": 90.23022832416366, "662_611_0": 92.67265328154701}, "adj_sorted": [[662, 657, 0], [662, 685, 0], [662, 669, 0], [662, 611, 0]], "type": "X", "n_corners": 4}, "geometry": {"type": "Point", "coordinates": [19.089731800000003, 47.54206770000004]}}, {"id": "630", "type": "Feature", "properties": {"x": 5003659.121221515, "y": 2756122.4009912787, "bearings": {"630_604_0": 169.80436499945085, "630_625_0": -103.23276747814397, "630_653_0": -8.05809838735424}, "angles": {"630_625_0": 86.96286752240519, "630_653_0": 95.17466909078973, "630_604_0": 177.8624633868051}, "adj_sorted": [[630, 625, 0], [630, 653, 0], [630, 604, 0]], "type": "T", "n_corners": 2}, "geometry": {"type": "Point", "coordinates": [19.087697299999995, 47.5408074]}}, {"id": "660", "type": "Feature", "properties": {"x": 5003776.799680803, "y": 2754896.8753639287, "bearings": {"660_618_0": 164.89775643346914, "660_648_0": -106.15236604800647, "660_666_0": 75.63530414293847, "660_670_0": -13.92568476703398}, "angles": {"660_648_0": 88.94987751852437, "660_670_0": 92.22668128097249, "660_666_0": 89.56098890997245, "660_618_0": 89.26245229053067}, "adj_sorted": [[660, 648, 0], [660, 670, 0], [660, 666, 0], [660, 618, 0]], "type": "X", "n_corners": 4}, "geometry": {"type": "Point", "coordinates": [19.087314899999992, 47.52974260000005]}}, {"id": "663", "type": "Feature", "properties": {"x": 5003797.298395655, "y": 2754717.9067127076, "bearings": {"663_648_0": 164.29354987991815, "663_654_0": -104.0936948171556, "663_670_0": 75.49682496382242}, "angles": {"663_654_0": 91.61275530292625, "663_670_0": 179.590519780978, "663_648_0": 88.79672491609573}, "adj_sorted": [[663, 654, 0], [663, 670, 0], [663, 648, 0]], "type": "T", "n_corners": 2}, "geometry": {"type": "Point", "coordinates": [19.087302799999996, 47.52812310000004]}}, {"id": "633", "type": "Feature", "properties": {"x": 5003663.1190450685, "y": 2754155.0784761175, "bearings": {"633_587_0": -140.08140136897828, "633_613_0": 143.7988643834833, "633_652_0": 39.99668408710693}, "angles": {"633_587_0": 76.11973424753842, "633_652_0": 180.0780854560852, "633_613_0": 103.80218029637638}, "adj_sorted": [[633, 587, 0], [633, 652, 0], [633, 613, 0]], "type": "T", "n_corners": 2}, "geometry": {"type": "Point", "coordinates": [19.0846447, 47.52324910000004]}}, {"id": "652", "type": "Feature", "properties": {"x": 5003750.345059799, "y": 2754230.8723701905, "bearings": {"652_636_0": 143.10025801795362, "652_633_0": -138.1651497528132, "652_665_0": 45.60442381026585}, "angles": {"652_633_0": 78.73459222923316, "652_665_0": 183.76957356307904, "652_636_0": 97.49583420768778}, "adj_sorted": [[652, 633, 0], [652, 665, 0], [652, 636, 0]], "type": "T", "n_corners": 2}, "geometry": {"type": "Point", "coordinates": [19.085914799999998, 47.5238292]}}, {"id": "619", "type": "Feature", "properties": {"x": 5003615.84739216, "y": 2756455.0406693537, "bearings": {"619_611_0": -103.63858854300528, "619_623_0": 76.3137959192856, "619_575_0": 166.1775614217758}, "angles": {"619_611_0": 90.18385003521894, "619_623_0": 179.95238446229087, "619_575_0": 89.86376550249021}, "adj_sorted": [[619, 611, 0], [619, 623, 0], [619, 575, 0]], "type": "T", "n_corners": 2}, "geometry": {"type": "Point", "coordinates": [19.087651624929915, 47.543823166098285]}}, {"id": "685", "type": "Feature", "properties": {"x": 5003953.85215609, "y": 2756240.759123729, "bearings": {"685_662_0": 164.47572294522826, "685_699_0": -13.957254614990775, "685_689_0": 75.50815625087432, "685_680_0": -104.56302335436958}, "angles": {"685_680_0": 90.96125370040215, "685_699_0": 90.6057687393788, "685_689_0": 89.4654108658651, "685_662_0": 88.96756669435393}, "adj_sorted": [[685, 680, 0], [685, 699, 0], [685, 689, 0], [685, 662, 0]], "type": "X", "n_corners": 4}, "geometry": {"type": "Point", "coordinates": [19.091773020396246, 47.54153825946226]}}, {"id": "669", "type": "Feature", "properties": {"x": 5003837.286826003, "y": 2756456.8064035443, "bearings": {"669_662_0": -103.6606731747741, "669_689_0": -14.794825906584448, "669_623_0": 169.92868245120187, "669_675_0": 75.49196394627506}, "angles": {"669_662_0": 86.41064437402406, "669_689_0": 88.86584726818965, "669_675_0": 90.28678985285951, "669_623_0": 94.4367185049268}, "adj_sorted": [[669, 662, 0], [669, 689, 0], [669, 675, 0], [669, 623, 0]], "type": "X", "n_corners": 4}, "geometry": {"type": "Point", "coordinates": [19.090576299999988, 47.54359460000004]}}, {"id": "575", "type": "Feature", "properties": {"x": 5003416.153212596, "y": 2756491.1141102784, "bearings": {"575_571_0": -103.71992072915985, "575_619_0": -12.630058196739185, "575_577_0": 77.68390988306292}, "angles": {"575_571_0": 178.59616938777722, "575_619_0": 91.08986253242067, "575_577_0": 90.31396807980211}, "adj_sorted": [[575, 571, 0], [575, 619, 0], [575, 577, 0]], "type": "T", "n_corners": 2}, "geometry": {"type": "Point", "coordinates": [19.085073600000005, 47.54436530000002]}}, {"id": "577", "type": "Feature", "properties": {"x": 5003424.328717187, "y": 2756528.5598347676, "bearings": {"577_575_0": -102.31609011693709, "577_623_0": -9.126317986616483, "577_578_0": 76.63680746423569, "577_566_0": 170.5507477912507}, "angles": {"577_575_0": 87.13316209181221, "577_623_0": 93.1897721303206, "577_578_0": 85.76312545085217, "577_566_0": 93.91394032701501}, "adj_sorted": [[577, 575, 0], [577, 623, 0], [577, 578, 0], [577, 566, 0]], "type": "X", "n_corners": 4}, "geometry": {"type": "Point", "coordinates": [19.085240600000002, 47.54469040000003]}}, {"id": "623", "type": "Feature", "properties": {"x": 5003625.489188551, "y": 2756494.634337388, "bearings": {"623_619_0": -103.6862040807144, "623_669_0": -11.557690517758385, "623_577_0": 168.2985204291521, "623_626_0": 76.20779839215206}, "angles": {"623_619_0": 88.01527549013349, "623_669_0": 92.12851356295602, "623_626_0": 87.76548890991045, "623_577_0": 92.09072203700003}, "adj_sorted": [[623, 619, 0], [623, 669, 0], [623, 626, 0], [623, 577, 0]], "type": "X", "n_corners": 4}, "geometry": {"type": "Point", "coordinates": [19.087841379365962, 47.54416580976428]}}, {"id": "666", "type": "Feature", "properties": {"x": 5003813.853212932, "y": 2755041.5593930455, "bearings": {"666_629_0": 166.36560219269566, "666_660_0": -104.36469585706155, "666_671_0": 75.09295674913442, "666_676_0": -13.84166214422453}, "angles": {"666_660_0": 89.26970195024279, "666_676_0": 90.52303371283702, "666_671_0": 88.93461889335894, "666_629_0": 91.27264544356125}, "adj_sorted": [[666, 660, 0], [666, 676, 0], [666, 671, 0], [666, 629, 0]], "type": "X", "n_corners": 4}, "geometry": {"type": "Point", "coordinates": [19.0880321, 47.53099270000001]}}, {"id": "670", "type": "Feature", "properties": {"x": 5003839.565264022, "y": 2754881.3125891252, "bearings": {"670_660_0": 166.07431523296603, "670_663_0": -104.50170298120305, "670_676_0": 75.52553988973119}, "angles": {"670_663_0": 89.4239817858309, "670_676_0": 180.02724287093423, "670_660_0": 90.54877534323484}, "adj_sorted": [[670, 663, 0], [670, 676, 0], [670, 660, 0]], "type": "T", "n_corners": 2}, "geometry": {"type": "Point", "coordinates": [19.0881183, 47.52953450000001]}}, {"id": "578", "type": "Feature", "properties": {"x": 5003437.129881481, "y": 2756582.447031907, "bearings": {"578_577_0": -103.3631925357643, "578_606_0": -12.727372579469458, "578_588_0": 78.40311008945193}, "angles": {"578_577_0": 178.2336973747838, "578_606_0": 90.63581995629484, "578_588_0": 91.13048266892139}, "adj_sorted": [[578, 577, 0], [578, 606, 0], [578, 588, 0]], "type": "T", "n_corners": 2}, "geometry": {"type": "Point", "coordinates": [19.085494599999997, 47.54515710000005]}}, {"id": "566", "type": "Feature", "properties": {"x": 5003364.355971024, "y": 2756538.5412323233, "bearings": {"566_577_0": -9.44925220874931, "566_562_0": 170.57534599108754, "566_554_0": -102.48775333486327}, "angles": {"566_554_0": 86.93690067404918, "566_577_0": 93.03850112611396, "566_562_0": 180.02459819983684}, "adj_sorted": [[566, 554, 0], [566, 577, 0], [566, 562, 0]], "type": "T", "n_corners": 2}, "geometry": {"type": "Point", "coordinates": [19.084464999999998, 47.5448456]}}, {"id": "626", "type": "Feature", "properties": {"x": 5003634.241407192, "y": 2756530.2879368234, "bearings": {"626_623_0": -103.79220160784794, "626_631_0": 76.43321646671768, "626_606_0": 166.3602390457264}, "angles": {"626_623_0": 89.84755934642567, "626_631_0": 180.22541807456562, "626_606_0": 89.9270225790087}, "adj_sorted": [[626, 623, 0], [626, 631, 0], [626, 606, 0]], "type": "T", "n_corners": 2}, "geometry": {"type": "Point", "coordinates": [19.088013175575224, 47.54447427858599]}}, {"id": "606", "type": "Feature", "properties": {"x": 5003561.642534976, "y": 2756554.085178191, "bearings": {"606_578_0": 169.4519503116947, "606_626_0": -40.881204381214665, "606_614_0": 77.16196084801713}, "angles": {"606_626_0": 149.66684530709063, "606_614_0": 118.04316522923179, "606_578_0": 92.28998946367757}, "adj_sorted": [[606, 626, 0], [606, 614, 0], [606, 578, 0]], "type": "Y", "n_corners": 3}, "geometry": {"type": "Point", "coordinates": [19.0870928, 47.54476670000002]}}, {"id": "614", "type": "Feature", "properties": {"x": 5003591.560906395, "y": 2756690.356900071, "bearings": {"614_606_0": -101.83370408617043, "614_617_0": 76.78683594863516, "614_616_0": -12.544885550829305}, "angles": {"614_606_0": 181.37945996519443, "614_616_0": 89.28881853534112, "614_617_0": 89.33172149946446}, "adj_sorted": [[614, 606, 0], [614, 616, 0], [614, 617, 0]], "type": "T", "n_corners": 2}, "geometry": {"type": "Point", "coordinates": [19.087702800000002, 47.54594960000003]}}, {"id": "631", "type": "Feature", "properties": {"x": 5003660.033196644, "y": 2756637.169494044, "bearings": {"631_626_0": -103.56678353328233, "631_637_0": 76.71456612174822, "631_675_0": -13.560761073595366}, "angles": {"631_626_0": 179.71865034496943, "631_675_0": 90.00602245968696, "631_637_0": 90.27532719534358}, "adj_sorted": [[631, 626, 0], [631, 675, 0], [631, 637, 0]], "type": "T", "n_corners": 2}, "geometry": {"type": "Point", "coordinates": [19.08852231838936, 47.54539948877331]}}, {"id": "689", "type": "Feature", "properties": {"x": 5003998.681194549, "y": 2756414.2020052206, "bearings": {"689_685_0": -104.49184374912569, "689_669_0": 165.14104128875232, "689_702_0": -16.62068834730808, "689_692_0": 75.12369672881516}, "angles": {"689_685_0": 90.367114962122, "689_702_0": 87.87115540181762, "689_692_0": 91.74438507612324, "689_669_0": 90.01734455993716}, "adj_sorted": [[689, 685, 0], [689, 702, 0], [689, 692, 0], [689, 669, 0]], "type": "X", "n_corners": 4}, "geometry": {"type": "Point", "coordinates": [19.092638557942532, 47.54303633885699]}}, {"id": "675", "type": "Feature", "properties": {"x": 5003873.394892101, "y": 2756596.3451953824, "bearings": {"675_669_0": -104.50803605372495, "675_631_0": 169.27603900994262, "675_692_0": -14.383627493195732, "675_679_0": 76.25007490090908}, "angles": {"675_669_0": 86.21592493633244, "675_692_0": 90.12440856052922, "675_679_0": 90.63370239410482, "675_631_0": 93.02596410903354}, "adj_sorted": [[675, 669, 0], [675, 692, 0], [675, 679, 0], [675, 631, 0]], "type": "X", "n_corners": 4}, "geometry": {"type": "Point", "coordinates": [19.0912732, 47.54479979999999]}}, {"id": "638", "type": "Feature", "properties": {"x": 5003686.735618421, "y": 2755227.749366636, "bearings": {"638_629_0": -104.8247162760926, "638_602_0": 164.7260051604274, "638_661_0": -15.085730608328914, "638_649_0": 75.30687020382392}, "angles": {"638_629_0": 90.44927856348, "638_661_0": 89.73898566776369, "638_649_0": 90.39260081215284, "638_602_0": 89.41913495660349}, "adj_sorted": [[638, 629, 0], [638, 661, 0], [638, 649, 0], [638, 602, 0]], "type": "X", "n_corners": 4}, "geometry": {"type": "Point", "coordinates": [19.086649093997956, 47.5327942402322]}}, {"id": "671", "type": "Feature", "properties": {"x": 5003851.599051768, "y": 2755183.348537916, "bearings": {"671_666_0": -104.90704325086558, "671_681_0": -15.18614602370988, "671_678_0": 75.56102302554453, "671_661_0": 165.1256642215911}, "angles": {"671_666_0": 89.9672925275433, "671_681_0": 89.7208972271557, "671_678_0": 90.74716904925441, "671_661_0": 89.56464119604658}, "adj_sorted": [[671, 666, 0], [671, 681, 0], [671, 678, 0], [671, 661, 0]], "type": "X", "n_corners": 4}, "geometry": {"type": "Point", "coordinates": [19.088753899999993, 47.532216200000015]}}, {"id": "676", "type": "Feature", "properties": {"x": 5003876.457077709, "y": 2755026.1341321236, "bearings": {"676_666_0": 166.15833785577547, "676_670_0": -103.8640596821971, "676_681_0": 75.8477967882023}, "angles": {"676_670_0": 89.97760246202745, "676_681_0": 179.7118564703994, "676_666_0": 90.31054106757317}, "adj_sorted": [[676, 670, 0], [676, 681, 0], [676, 666, 0]], "type": "T", "n_corners": 2}, "geometry": {"type": "Point", "coordinates": [19.088833600000005, 47.53078600000005]}}, {"id": "692", "type": "Feature", "properties": {"x": 5004036.074010117, "y": 2756554.968806182, "bearings": {"692_689_0": -104.87630327118484, "692_675_0": 166.6214512106653, "692_704_0": -13.23686247579335, "692_694_0": 75.50791499640394}, "angles": {"692_689_0": 88.50224551814983, "692_704_0": 91.6394407953915, "692_694_0": 88.74477747219728, "692_675_0": 91.11353621426136}, "adj_sorted": [[692, 689, 0], [692, 704, 0], [692, 694, 0], [692, 675, 0]], "type": "X", "n_corners": 4}, "geometry": {"type": "Point", "coordinates": [19.093354390586903, 47.54425106418984]}}, {"id": "679", "type": "Feature", "properties": {"x": 5003902.953621826, "y": 2756717.142437509, "bearings": {"679_675_0": -103.74992509909093, "679_694_0": -14.374985866060925, "679_644_0": 170.67349918548354, "679_682_0": 74.52182775297352}, "angles": {"679_675_0": 85.57657571542552, "679_694_0": 89.37493923303, "679_682_0": 88.89681361903445, "679_644_0": 96.15167143251001}, "adj_sorted": [[679, 675, 0], [679, 694, 0], [679, 682, 0], [679, 644, 0]], "type": "X", "n_corners": 4}, "geometry": {"type": "Point", "coordinates": [19.091854099999995, 47.54584500000004]}}, {"id": "637", "type": "Feature", "properties": {"x": 5003685.484857278, "y": 2756744.959989659, "bearings": {"637_631_0": -103.2854338782518, "637_635_0": 122.7157632475417, "637_640_0": 32.844267862086646}, "angles": {"637_631_0": 133.9988028742065, "637_640_0": 136.12970174033845, "637_635_0": 89.87149538545506}, "adj_sorted": [[637, 631, 0], [637, 640, 0], [637, 635, 0]], "type": "Y", "n_corners": 3}, "geometry": {"type": "Point", "coordinates": [19.089028428723665, 47.546333181233614]}}, {"id": "635", "type": "Feature", "properties": {"x": 5003666.685530212, "y": 2756757.330490776, "bearings": {"635_637_0": -11.207572690172542, "635_642_0": 76.33323495061293, "635_620_0": 170.92290285174252}, "angles": {"635_637_0": 177.86952445808492, "635_642_0": 87.54080764078547, "635_620_0": 94.58966790112959}, "adj_sorted": [[635, 637, 0], [635, 642, 0], [635, 620, 0]], "type": "T", "n_corners": 2}, "geometry": {"type": "Point", "coordinates": [19.088799899999998, 47.54646430000003]}}, {"id": "642", "type": "Feature", "properties": {"x": 5003700.299068207, "y": 2756896.055388173, "bearings": {"642_635_0": -103.61745756596255, "642_632_0": 153.36160140162926, "642_650_0": 75.9213382264621}, "angles": {"642_635_0": 103.02094103240819, "642_650_0": 179.53879579242465, "642_632_0": 77.44026317516716}, "adj_sorted": [[642, 635, 0], [642, 650, 0], [642, 632, 0]], "type": "T", "n_corners": 2}, "geometry": {"type": "Point", "coordinates": [19.089462600000004, 47.54766500000003]}}, {"id": "620", "type": "Feature", "properties": {"x": 5003616.1484706625, "y": 2756765.4160476667, "bearings": {"620_635_0": -9.08759544576797, "620_632_0": 75.07128879042578, "620_617_0": 170.3986823829799}, "angles": {"620_635_0": 180.51372217125214, "620_632_0": 84.15888423619376, "620_617_0": 95.32739359255412}, "adj_sorted": [[620, 635, 0], [620, 632, 0], [620, 617, 0]], "type": "T", "n_corners": 2}, "geometry": {"type": "Point", "coordinates": [19.088145799999992, 47.546592200000035]}}, {"id": "640", "type": "Feature", "properties": {"x": 5003695.732298593, "y": 2756751.5752261695, "bearings": {"640_637_0": -147.15573213791336, "640_706_0": 76.15704510088065, "640_644_0": -11.176011881566243}, "angles": {"640_637_0": 136.687222761206, "640_644_0": 135.97972025634712, "640_706_0": 87.33305698244689}, "adj_sorted": [[640, 637, 0], [640, 644, 0], [640, 706, 0]], "type": "Y", "n_corners": 3}, "geometry": {"type": "Point", "coordinates": [19.0891741, 47.54638090000003]}}, {"id": "612", "type": "Feature", "properties": {"x": 5003583.135146765, "y": 2755433.291421452, "bearings": {"612_602_0": -104.33032507019935, "612_597_0": 169.86942153588615, "612_624_0": 75.80250881853566, "612_649_0": -14.258438456301102}, "angles": {"612_602_0": 85.80025339391449, "612_649_0": 90.07188661389824, "612_624_0": 90.06094727483676, "612_597_0": 94.06691271735049}, "adj_sorted": [[612, 602, 0], [612, 649, 0], [612, 624, 0], [612, 597, 0]], "type": "X", "n_corners": 4}, "geometry": {"type": "Point", "coordinates": [19.0856068, 47.53474250000001]}}, {"id": "661", "type": "Feature", "properties": {"x": 5003780.048349902, "y": 2755202.352393336, "bearings": {"661_638_0": 164.76936144391573, "661_671_0": -14.87433577840889, "661_668_0": 74.21208633344635, "661_655_0": -103.51106194210583}, "angles": {"661_655_0": 91.71957661397846, "661_671_0": 88.63672616369693, "661_668_0": 89.08642211185524, "661_638_0": 90.55727511046938}, "adj_sorted": [[661, 655, 0], [661, 671, 0], [661, 668, 0], [661, 638, 0]], "type": "X", "n_corners": 4}, "geometry": {"type": "Point", "coordinates": [19.087839999999996, 47.53246470000003]}}, {"id": "649", "type": "Feature", "properties": {"x": 5003730.788278548, "y": 2755395.750188281, "bearings": {"649_638_0": -104.69312979617608, "649_612_0": 165.16600528465844, "649_658_0": 74.97490661030864, "649_668_0": -14.122154572632287}, "angles": {"649_638_0": 90.1408649191655, "649_668_0": 90.5709752235438, "649_658_0": 89.09706118294092, "649_612_0": 90.1910986743498}, "adj_sorted": [[649, 638, 0], [649, 668, 0], [649, 658, 0], [649, 612, 0]], "type": "X", "n_corners": 4}, "geometry": {"type": "Point", "coordinates": [19.08749547591183, 47.534244670243716]}}, {"id": "668", "type": "Feature", "properties": {"x": 5003827.719738457, "y": 2755370.955253123, "bearings": {"668_661_0": -105.78791366655365, "668_649_0": 165.6043475602797, "668_674_0": 74.99162190989388, "668_678_0": -14.398063913455147}, "angles": {"668_661_0": 88.60773877316666, "668_678_0": 91.3898497530985, "668_674_0": 89.38968582334903, "668_649_0": 90.61272565038583}, "adj_sorted": [[668, 661, 0], [668, 678, 0], [668, 674, 0], [668, 649, 0]], "type": "X", "n_corners": 4}, "geometry": {"type": "Point", "coordinates": [19.088735100000005, 47.53391650000001]}}, {"id": "658", "type": "Feature", "properties": {"x": 5003775.533036104, "y": 2755562.447833444, "bearings": {"658_624_0": 165.71904782842654, "658_664_0": 75.18282817830618, "658_649_0": -105.02509338969138, "658_674_0": -13.658667226278398}, "angles": {"658_649_0": 89.25585878188207, "658_674_0": 91.36642616341298, "658_664_0": 88.84149540458458, "658_624_0": 90.53621965012036}, "adj_sorted": [[658, 649, 0], [658, 674, 0], [658, 664, 0], [658, 624, 0]], "type": "X", "n_corners": 4}, "geometry": {"type": "Point", "coordinates": [19.0883489826334, 47.53568270050385]}}, {"id": "674", "type": "Feature", "properties": {"x": 5003872.326033637, "y": 2755537.330895972, "bearings": {"674_668_0": -105.0083780901061, "674_658_0": 165.486285981746, "674_683_0": -14.84046769566794}, "angles": {"674_668_0": 89.50533592814793, "674_683_0": 90.16791039443817, "674_658_0": 180.32675367741393}, "adj_sorted": [[674, 668, 0], [674, 683, 0], [674, 658, 0]], "type": "T", "n_corners": 2}, "geometry": {"type": "Point", "coordinates": [19.0895863, 47.5353518]}}, {"id": "678", "type": "Feature", "properties": {"x": 5003895.428715551, "y": 2755353.5729813697, "bearings": {"678_671_0": -104.43897697445549, "678_668_0": 165.60193608654484, "678_683_0": 75.20110989181707, "678_686_0": -14.835322253761023}, "angles": {"678_671_0": 89.95908693899969, "678_686_0": 89.60365472069446, "678_683_0": 90.03643214557809, "678_668_0": 90.40082619472777}, "adj_sorted": [[678, 671, 0], [678, 686, 0], [678, 683, 0], [678, 668, 0]], "type": "X", "n_corners": 4}, "geometry": {"type": "Point", "coordinates": [19.089600899999997, 47.5336867]}}, {"id": "683", "type": "Feature", "properties": {"x": 5003939.2883565035, "y": 2755519.58808098, "bearings": {"683_674_0": 165.1595323043321, "683_678_0": -104.79889010818293, "683_687_0": 77.0019878755777, "683_688_0": -13.40468973305962}, "angles": {"683_678_0": 90.041577587485, "683_688_0": 91.39420037512332, "683_687_0": 90.40667760863732, "683_674_0": 88.15754442875439}, "adj_sorted": [[683, 678, 0], [683, 688, 0], [683, 687, 0], [683, 674, 0]], "type": "X", "n_corners": 4}, "geometry": {"type": "Point", "coordinates": [19.090441699999996, 47.535119600000016]}}, {"id": "687", "type": "Feature", "properties": {"x": 5003962.572261989, "y": 2755618.7508839057, "bearings": {"687_664_0": 155.95434908671155, "687_683_0": -105.4318353045678, "687_691_0": 75.06784285442389, "687_690_0": 26.337820676878493}, "angles": {"687_683_0": 98.61381560872064, "687_690_0": 131.7696559814463, "687_691_0": 48.73002217754539, "687_664_0": 80.88650623228766}, "adj_sorted": [[687, 683, 0], [687, 690, 0], [687, 691, 0], [687, 664, 0]], "type": "other", "n_corners": 4}, "geometry": {"type": "Point", "coordinates": [19.0909055, 47.535978700000015]}}, {"id": "672", "type": "Feature", "properties": {"x": 5003863.347199053, "y": 2755894.974839585, "bearings": {"672_664_0": -104.77854045425279, "672_643_0": 164.98339246042016, "672_691_0": -13.569553349006677, "672_677_0": 75.45244126810026}, "angles": {"672_664_0": 90.23806708532703, "672_691_0": 91.20898710524611, "672_677_0": 89.02199461710694, "672_643_0": 89.5309511923199}, "adj_sorted": [[672, 664, 0], [672, 691, 0], [672, 677, 0], [672, 643, 0]], "type": "X", "n_corners": 4}, "geometry": {"type": "Point", "coordinates": [19.0900326756548, 47.53855283679627]}}, {"id": "691", "type": "Feature", "properties": {"x": 5004024.575575047, "y": 2755852.46339421, "bearings": {"691_687_0": -104.82671283624822, "691_672_0": 165.1086117396032, "691_696_0": -15.681479337897606, "691_693_0": 76.32310044680356}, "angles": {"691_687_0": 90.06467542414862, "691_696_0": 89.14523349835062, "691_693_0": 92.00457978470118, "691_672_0": 88.78551129279963}, "adj_sorted": [[691, 687, 0], [691, 696, 0], [691, 693, 0], [691, 672, 0]], "type": "X", "n_corners": 4}, "geometry": {"type": "Point", "coordinates": [19.09209269999999, 47.537995599999995]}}, {"id": "690", "type": "Feature", "properties": {"x": 5004024.565999006, "y": 2755609.963183383, "bearings": {"690_687_0": 166.70439610597884, "690_696_0": 76.70439610674723, "690_688_0": -103.29560389632756}, "angles": {"690_688_0": 89.99999999769358, "690_696_0": 180.00000000307477, "690_687_0": 89.99999999923162}, "adj_sorted": [[690, 688, 0], [690, 696, 0], [690, 687, 0]], "type": "T", "n_corners": 2}, "geometry": {"type": "Point", "coordinates": [19.09170949989156, 47.535831876134495]}}, {"id": "647", "type": "Feature", "properties": {"x": 5003729.044319339, "y": 2756016.5400061654, "bearings": {"647_643_0": -104.07616499500207, "647_625_0": 166.1852670767741, "647_653_0": 75.92051020391017}, "angles": {"647_643_0": 89.7385679282238, "647_653_0": 179.99667519891224, "647_625_0": 90.26475687286393}, "adj_sorted": [[647, 643, 0], [647, 653, 0], [647, 625, 0]], "type": "T", "n_corners": 2}, "geometry": {"type": "Point", "coordinates": [19.088452699999998, 47.53978569999998]}}, {"id": "677", "type": "Feature", "properties": {"x": 5003885.763153065, "y": 2755981.355050846, "bearings": {"677_672_0": -104.54755873189974, "677_680_0": 75.0077033392487, "677_693_0": -14.730962104791903}, "angles": {"677_672_0": 180.44473792885157, "677_693_0": 89.81659662710784, "677_680_0": 89.7386654440406}, "adj_sorted": [[677, 672, 0], [677, 693, 0], [677, 680, 0]], "type": "T", "n_corners": 2}, "geometry": {"type": "Point", "coordinates": [19.090464862813896, 47.539298840196686]}}, {"id": "696", "type": "Feature", "properties": {"x": 5004081.383789953, "y": 2755836.515137278, "bearings": {"696_691_0": 164.3185206621024, "696_690_0": -104.59569797042901, "696_700_0": 74.97538305206542}, "angles": {"696_690_0": 91.0857813674686, "696_700_0": 179.57108102249444, "696_691_0": 89.34313761003698}, "adj_sorted": [[696, 690, 0], [696, 700, 0], [696, 691, 0]], "type": "T", "n_corners": 2}, "geometry": {"type": "Point", "coordinates": [19.092816999999997, 47.537790600000065]}}, {"id": "693", "type": "Feature", "properties": {"x": 5004046.078567863, "y": 2755940.827030419, "bearings": {"693_691_0": -103.67689955319645, "693_677_0": 164.61184169133875, "693_695_0": 73.82380722651268}, "angles": {"693_691_0": 91.71125875546477, "693_695_0": 177.50070677970913, "693_677_0": 90.78803446482607}, "adj_sorted": [[693, 691, 0], [693, 695, 0], [693, 677, 0]], "type": "T", "n_corners": 2}, "geometry": {"type": "Point", "coordinates": [19.092516, 47.53876030000001]}}, {"id": "695", "type": "Feature", "properties": {"x": 5004071.180003696, "y": 2756027.3609309513, "bearings": {"695_693_0": -106.17619277348732, "695_700_0": -14.345567889996818, "695_697_0": 75.79299920293815, "695_680_0": 165.65182253398996}, "angles": {"695_693_0": 88.17198469252276, "695_700_0": 91.8306248834905, "695_697_0": 90.13856709293496, "695_680_0": 89.85882333105181}, "adj_sorted": [[695, 693, 0], [695, 700, 0], [695, 697, 0], [695, 680, 0]], "type": "X", "n_corners": 4}, "geometry": {"type": "Point", "coordinates": [19.092983899999997, 47.539504700000045]}}, {"id": "680", "type": "Feature", "properties": {"x": 5003909.09077287, "y": 2756068.461757001, "bearings": {"680_653_0": 165.8874852172478, "680_685_0": 75.43697664563042, "680_677_0": -104.9922966607513, "680_695_0": -15.303758841651842}, "angles": {"680_677_0": 89.12021812200089, "680_695_0": 89.68853781909945, "680_685_0": 90.74073548728227, "680_653_0": 90.45050857161736}, "adj_sorted": [[680, 677, 0], [680, 695, 0], [680, 685, 0], [680, 653, 0]], "type": "X", "n_corners": 4}, "geometry": {"type": "Point", "coordinates": [19.090910239709615, 47.54005031757588]}}, {"id": "700", "type": "Feature", "properties": {"x": 5004127.209400585, "y": 2756013.031751196, "bearings": {"700_696_0": -104.07555805646997, "700_695_0": 165.6544321100032, "700_701_0": 75.74053722877258}, "angles": {"700_696_0": 90.27000983352684, "700_701_0": 179.81609528524257, "700_695_0": 89.91389488123062}, "adj_sorted": [[700, 696, 0], [700, 701, 0], [700, 695, 0]], "type": "T", "n_corners": 2}, "geometry": {"type": "Point", "coordinates": [19.0937005, 47.53931500000001]}}, {"id": "697", "type": "Feature", "properties": {"x": 5004092.975719746, "y": 2756113.4525272073, "bearings": {"697_695_0": -104.20700079706185, "697_699_0": 75.2377271403406, "697_701_0": -14.597204779575016}, "angles": {"697_695_0": 180.55527206259757, "697_701_0": 89.60979601748684, "697_699_0": 89.83493191991562}, "adj_sorted": [[697, 695, 0], [697, 701, 0], [697, 699, 0]], "type": "T", "n_corners": 2}, "geometry": {"type": "Point", "coordinates": [19.0934075, 47.54024880000005]}}, {"id": "699", "type": "Feature", "properties": {"x": 5004115.288555484, "y": 2756198.128942116, "bearings": {"699_685_0": 165.1787128738668, "699_697_0": -104.7622728596594, "699_702_0": 75.3303916845275, "699_703_0": -13.83383500662342}, "angles": {"699_697_0": 90.05901426647381, "699_703_0": 90.92843785303599, "699_702_0": 89.16422669115092, "699_685_0": 89.8483211893393}, "adj_sorted": [[699, 697, 0], [699, 703, 0], [699, 702, 0], [699, 685, 0]], "type": "X", "n_corners": 4}, "geometry": {"type": "Point", "coordinates": [19.0938357, 47.54097970000006]}}, {"id": "702", "type": "Feature", "properties": {"x": 5004160.854998926, "y": 2756372.1940055345, "bearings": {"702_689_0": 165.48672667110327, "702_699_0": -104.6696083154725, "702_704_0": 75.86258397758449, "702_705_0": -12.917965970726803}, "angles": {"702_699_0": 89.84366501342424, "702_705_0": 91.7516423447457, "702_704_0": 88.78054994831129, "702_689_0": 89.62414269351878}, "adj_sorted": [[702, 699, 0], [702, 705, 0], [702, 704, 0], [702, 689, 0]], "type": "X", "n_corners": 4}, "geometry": {"type": "Point", "coordinates": [19.09471200000001, 47.54248249999999]}}, {"id": "703", "type": "Feature", "properties": {"x": 5004171.118214335, "y": 2756184.3808992873, "bearings": {"703_699_0": 166.16616499337658, "703_705_0": 76.02423544231151, "703_701_0": -104.48675106831095}, "angles": {"703_701_0": 89.3470839383125, "703_705_0": 180.51098651062244, "703_699_0": 90.14192955106508}, "adj_sorted": [[703, 701, 0], [703, 705, 0], [703, 699, 0]], "type": "T", "n_corners": 2}, "geometry": {"type": "Point", "coordinates": [19.094550600000005, 47.5407954]}}, {"id": "704", "type": "Feature", "properties": {"x": 5004196.423097881, "y": 2756513.406187707, "bearings": {"704_692_0": 165.3702277469902, "704_702_0": -104.13741602241552, "704_706_0": 76.27374880226655, "704_707_0": -14.051142945067339}, "angles": {"704_702_0": 90.49235623059428, "704_707_0": 90.08627307734818, "704_706_0": 90.3248917473339, "704_692_0": 89.09647894472364}, "adj_sorted": [[704, 702, 0], [704, 707, 0], [704, 706, 0], [704, 692, 0]], "type": "X", "n_corners": 4}, "geometry": {"type": "Point", "coordinates": [19.0954045, 47.54370320000002]}}, {"id": "705", "type": "Feature", "properties": {"x": 5004214.782562308, "y": 2756359.82514663, "bearings": {"705_702_0": 167.08203402927322, "705_703_0": -103.97576455768849, "705_707_0": 75.2848039561367}, "angles": {"705_703_0": 88.94220141303828, "705_707_0": 179.2605685138252, "705_702_0": 91.79723007313652}, "adj_sorted": [[705, 703, 0], [705, 707, 0], [705, 702, 0]], "type": "T", "n_corners": 2}, "geometry": {"type": "Point", "coordinates": [19.095404, 47.542312600000024]}}, {"id": "694", "type": "Feature", "properties": {"x": 5004067.081976282, "y": 2756674.9360800497, "bearings": {"694_692_0": -104.49208500359606, "694_679_0": 165.1908327325821, "694_698_0": 74.49885087750404}, "angles": {"694_692_0": 90.31708226382182, "694_698_0": 178.99093588110009, "694_679_0": 90.69198185507805}, "adj_sorted": [[694, 692, 0], [694, 698, 0], [694, 679, 0]], "type": "T", "n_corners": 2}, "geometry": {"type": "Point", "coordinates": [19.093953137174612, 47.545287247575594]}}, {"id": "706", "type": "Feature", "properties": {"x": 5004228.291276252, "y": 2756662.073717407, "bearings": {"706_640_0": 25.791586773284283, "706_704_0": -87.45047979145379, "706_707_0": -54.727794521584286, "706_698_0": 176.41613066986795}, "angles": {"706_704_0": 96.13338953867827, "706_707_0": 32.7226852698695, "706_640_0": 80.51938129486857, "706_698_0": 150.62454389658367}, "adj_sorted": [[706, 704, 0], [706, 707, 0], [706, 640, 0], [706, 698, 0]], "type": "other", "n_corners": 4}, "geometry": {"type": "Point", "coordinates": [19.09606, 47.544994500000016]}}, {"id": "707", "type": "Feature", "properties": {"x": 5004250.090420181, "y": 2756499.9745280077, "bearings": {"707_704_0": 165.9488570549327, "707_705_0": -103.64795123574189, "707_706_0": 75.25889271254687}, "angles": {"707_705_0": 90.40319170932543, "707_706_0": 178.90684394828875, "707_704_0": 90.68996434238582}, "adj_sorted": [[707, 705, 0], [707, 706, 0], [707, 704, 0]], "type": "T", "n_corners": 2}, "geometry": {"type": "Point", "coordinates": [19.096091400000006, 47.54352410000005]}}, {"id": "644", "type": "Feature", "properties": {"x": 5003709.037860577, "y": 2756748.995351145, "bearings": {"644_679_0": -9.334539252748943, "644_640_0": 169.25082817937002, "644_651_0": 78.92721471142889}, "angles": {"644_679_0": 181.41463256788103, "644_651_0": 88.26175396417783, "644_640_0": 90.32361346794113}, "adj_sorted": [[644, 679, 0], [644, 651, 0], [644, 640, 0]], "type": "T", "n_corners": 2}, "geometry": {"type": "Point", "coordinates": [19.089345600000005, 47.546343200000024]}}, {"id": "682", "type": "Feature", "properties": {"x": 5003920.056154353, "y": 2756786.391170334, "bearings": {"682_679_0": -103.77122000032223, "682_651_0": 153.36202087236668, "682_684_0": 74.82104454256233}, "angles": {"682_679_0": 102.86675912731107, "682_684_0": 178.59226454288455, "682_651_0": 78.54097632980435}, "adj_sorted": [[682, 679, 0], [682, 684, 0], [682, 651, 0]], "type": "T", "n_corners": 2}, "geometry": {"type": "Point", "coordinates": [19.09218919999999, 47.546444]}}, {"id": "698", "type": "Feature", "properties": {"x": 5004093.618760355, "y": 2756759.7828942686, "bearings": {"698_694_0": -125.71756653663775, "698_706_0": -37.74163907621591, "698_684_0": 141.54501694009164}, "angles": {"698_694_0": 92.73741652327061, "698_706_0": 87.97592746042184, "698_684_0": 179.28665601630755}, "adj_sorted": [[698, 694, 0], [698, 706, 0], [698, 684, 0]], "type": "T", "n_corners": 2}, "geometry": {"type": "Point", "coordinates": [19.094437399999986, 47.546015]}}, {"id": "684", "type": "Feature", "properties": {"x": 5003945.979403727, "y": 2756880.37918491, "bearings": {"684_682_0": -107.83977198713278, "684_698_0": -41.715313665308365, "684_659_0": 140.39125804839725}, "angles": {"684_682_0": 111.76896996446999, "684_698_0": 66.12445832182442, "684_659_0": 182.10657171370562}, "adj_sorted": [[684, 682, 0], [684, 698, 0], [684, 659, 0]], "type": "T", "n_corners": 2}, "geometry": {"type": "Point", "coordinates": [19.0926798, 47.54725400000001]}}, {"id": "143", "type": "Feature", "properties": {"x": 5001772.259957455, "y": 2754599.812415159, "bearings": {"143_126_0": -99.86169154372827, "143_146_0": -9.703430247285288, "143_155_0": 80.55695131296677, "143_124_0": 171.37579647695912}, "angles": {"143_126_0": 88.76251197931259, "143_146_0": 90.15826129644299, "143_155_0": 90.26038156025206, "143_124_0": 90.81884516399235}, "adj_sorted": [[143, 126, 0], [143, 146, 0], [143, 155, 0], [143, 124, 0]], "type": "X", "n_corners": 4}, "geometry": {"type": "Point", "coordinates": [19.060403499999996, 47.52929980000005]}}, {"id": "126", "type": "Feature", "properties": {"x": 5001732.207935486, "y": 2754369.3740356057, "bearings": {"126_143_0": 80.13517169607456, "126_93_0": 167.09990109917763, "126_134_0": -12.31167955524485}, "angles": {"126_134_0": 180.5884193455775, "126_143_0": 92.44685125131942, "126_93_0": 86.96472940310306}, "adj_sorted": [[126, 134, 0], [126, 143, 0], [126, 93, 0]], "type": "T", "n_corners": 2}, "geometry": {"type": "Point", "coordinates": [19.0595125, 47.52728760000007]}}, {"id": "146", "type": "Feature", "properties": {"x": 5001781.623909186, "y": 2754598.2112285797, "bearings": {"146_148_0": 80.29276500984706, "146_143_0": 170.2965697527147, "146_167_0": -99.78785249072494}, "angles": {"146_167_0": 89.91557775656037, "146_148_0": 180.080617500572, "146_143_0": 90.00380474286764}, "adj_sorted": [[146, 167, 0], [146, 148, 0], [146, 143, 0]], "type": "T", "n_corners": 2}, "geometry": {"type": "Point", "coordinates": [19.06052450744873, 47.52927521367486]}}, {"id": "155", "type": "Feature", "properties": {"x": 5001807.141393123, "y": 2754797.8097420232, "bearings": {"155_161_0": 80.0410017493773, "155_143_0": -99.9445790989493, "155_139_0": 170.4007526749799}, "angles": {"155_143_0": 89.65466822607078, "155_161_0": 179.9855808483266, "155_139_0": 90.35975092560261}, "adj_sorted": [[155, 143, 0], [155, 161, 0], [155, 139, 0]], "type": "T", "n_corners": 2}, "geometry": {"type": "Point", "coordinates": [19.061175300000002, 47.53102820000002]}}, {"id": "124", "type": "Feature", "properties": {"x": 5001729.783766882, "y": 2754606.254689855, "bearings": {"124_143_0": -8.624203523040888, "124_139_0": 80.17111436196747, "124_110_0": 171.49852575897796}, "angles": {"124_143_0": 179.87727071798116, "124_139_0": 88.79531788500836, "124_110_0": 91.3274113970105}, "adj_sorted": [[124, 143, 0], [124, 139, 0], [124, 110, 0]], "type": "T", "n_corners": 2}, "geometry": {"type": "Point", "coordinates": [19.059853300000007, 47.529404000000014]}}, {"id": "93", "type": "Feature", "properties": {"x": 5001624.062530038, "y": 2754392.625943196, "bearings": {"93_126_0": -9.532453708260594, "93_90_0": 171.26429521962228, "93_98_0": 79.60080575817544}, "angles": {"93_126_0": 179.20325107211713, "93_98_0": 89.13325946643603, "93_90_0": 91.66348946144684}, "adj_sorted": [[93, 126, 0], [93, 98, 0], [93, 90, 0]], "type": "T", "n_corners": 2}, "geometry": {"type": "Point", "coordinates": [19.058122499999996, 47.52761400000006]}}, {"id": "134", "type": "Feature", "properties": {"x": 5001754.35946904, "y": 2754364.539489826, "bearings": {"134_126_0": 167.68832044475516, "134_118_0": -102.03272376280722, "134_162_0": -11.638063928044996}, "angles": {"134_118_0": 90.27895579243761, "134_162_0": 90.39465983476222, "134_126_0": 179.32638437280016}, "adj_sorted": [[134, 118, 0], [134, 162, 0], [134, 126, 0]], "type": "T", "n_corners": 2}, "geometry": {"type": "Point", "coordinates": [19.0597971, 47.52722010000004]}}, {"id": "167", "type": "Feature", "properties": {"x": 5001850.860849944, "y": 2754464.6868316806, "bearings": {"167_172_0": 80.28583194718703, "167_146_0": 169.26178311204342, "167_162_0": -99.71536886216406}, "angles": {"167_162_0": 91.02284802579254, "167_172_0": 180.00120080935108, "167_146_0": 88.97595116485638}, "adj_sorted": [[167, 162, 0], [167, 172, 0], [167, 146, 0]], "type": "T", "n_corners": 2}, "geometry": {"type": "Point", "coordinates": [19.061227699999986, 47.52800760000003]}}, {"id": "162", "type": "Feature", "properties": {"x": 5001832.0011608815, "y": 2754347.896309615, "bearings": {"162_134_0": 168.26770189055375, "162_167_0": 89.1941234445529, "162_185_0": -11.801018196804286, "162_150_0": -90.69583527202039}, "angles": {"162_150_0": 101.03646283742586, "162_185_0": 78.89481707521611, "162_167_0": 100.99514164135718, "162_134_0": 79.07357844600085}, "adj_sorted": [[162, 150, 0], [162, 185, 0], [162, 167, 0], [162, 134, 0]], "type": "X", "n_corners": 4}, "geometry": {"type": "Point", "coordinates": [19.060795100000004, 47.52698620000003]}}, {"id": "200", "type": "Feature", "properties": {"x": 5001970.998029724, "y": 2754572.9391144663, "bearings": {"200_205_0": 77.79236614569666, "200_172_0": 170.3296741685257, "200_240_0": -9.93993368548971, "200_185_0": -96.81654586657181}, "angles": {"200_185_0": 92.85377996490246, "200_240_0": 86.87661218108211, "200_205_0": 87.73229983118637, "200_172_0": 92.53730802282905}, "adj_sorted": [[200, 185, 0], [200, 240, 0], [200, 205, 0], [200, 172, 0]], "type": "X", "n_corners": 4}, "geometry": {"type": "Point", "coordinates": [19.062982899999998, 47.52884139999998]}}, {"id": "139", "type": "Feature", "properties": {"x": 5001764.220081161, "y": 2754805.070825721, "bearings": {"139_155_0": -9.604500889255437, "139_124_0": -99.82522889540635, "139_116_0": 171.14968846360475, "139_149_0": 79.85032709775275}, "angles": {"139_124_0": 89.0250826409889, "139_155_0": 90.22072800615092, "139_149_0": 89.45482798700819, "139_116_0": 91.299361365852}, "adj_sorted": [[139, 124, 0], [139, 155, 0], [139, 149, 0], [139, 116, 0]], "type": "X", "n_corners": 4}, "geometry": {"type": "Point", "coordinates": [19.060620500000002, 47.531140199999996]}}, {"id": "290", "type": "Feature", "properties": {"x": 5002323.451445318, "y": 2754878.7357596243, "bearings": {"290_287_0": -105.06102309901367, "290_294_0": 50.46571499416771, "290_259_0": 170.50227654116773}, "angles": {"290_287_0": 84.43670035981859, "290_294_0": 155.5267380931814, "290_259_0": 120.03656154700002}, "adj_sorted": [[290, 287, 0], [290, 294, 0], [290, 259, 0]], "type": "Y", "n_corners": 3}, "geometry": {"type": "Point", "coordinates": [19.068113999999998, 47.53118220000001]}}, {"id": "10", "type": "Feature", "properties": {"x": 5001181.655790252, "y": 2752792.618950971, "bearings": {"10_6_0": -67.93744773368581, "10_4_0": 160.75840081118372, "10_12_0": 70.05260973951361}, "angles": {"10_6_0": 131.30415145513047, "10_12_0": 137.99005747319944, "10_4_0": 90.7057910716701}, "adj_sorted": [[10, 6, 0], [10, 12, 0], [10, 4, 0]], "type": "Y", "n_corners": 3}, "geometry": {"type": "Point", "coordinates": [19.0497715, 47.51382280000005]}}, {"id": "13", "type": "Feature", "properties": {"x": 5001204.537005987, "y": 2752657.215524792, "bearings": {"13_6_0": 158.54292594390859, "13_24_0": 70.98126442541455, "13_27_0": -20.375204815803105}, "angles": {"13_27_0": 181.0818692402883, "13_24_0": 91.35646924121765, "13_6_0": 87.56166151849403}, "adj_sorted": [[13, 27, 0], [13, 24, 0], [13, 6, 0]], "type": "T", "n_corners": 2}, "geometry": {"type": "Point", "coordinates": [19.049860499999994, 47.512589400000024]}}, {"id": "183", "type": "Feature", "properties": {"x": 5001918.440736181, "y": 2753320.0123522747, "bearings": {"183_181_0": -98.05372832506374, "183_184_0": 81.91372889809642, "183_128_0": 169.6008080757943}, "angles": {"183_181_0": 92.34546359914197, "183_184_0": 179.96745722316018, "183_128_0": 87.68707917769788}, "adj_sorted": [[183, 181, 0], [183, 184, 0], [183, 128, 0]], "type": "T", "n_corners": 2}, "geometry": {"type": "Point", "coordinates": [19.060317799999996, 47.51771910000003]}}, {"id": "160", "type": "Feature", "properties": {"x": 5001820.425406209, "y": 2753279.210494564, "bearings": {"160_181_0": -11.474909679838794, "160_123_0": 166.81212815167078, "160_140_0": -111.64082424540177}, "angles": {"160_140_0": 81.54704760292748, "160_181_0": 100.16591456556299, "160_123_0": 178.28703783150956}, "adj_sorted": [[160, 140, 0], [160, 181, 0], [160, 123, 0]], "type": "T", "n_corners": 2}, "geometry": {"type": "Point", "coordinates": [19.058960899999988, 47.51746280000006]}}, {"id": "184", "type": "Feature", "properties": {"x": 5001927.234086934, "y": 2753380.3458774816, "bearings": {"184_183_0": -98.594125304167, "184_190_0": 80.72040527780237, "184_132_0": 168.81769716146476}, "angles": {"184_183_0": 92.58817753436824, "184_190_0": 179.31453058196936, "184_132_0": 88.0972918836624}, "adj_sorted": [[184, 183, 0], [184, 190, 0], [184, 132, 0]], "type": "T", "n_corners": 2}, "geometry": {"type": "Point", "coordinates": [19.060528700000003, 47.518247800000026]}}, {"id": "128", "type": "Feature", "properties": {"x": 5001737.791377786, "y": 2753360.6201055865, "bearings": {"128_183_0": -12.938139901912406, "128_123_0": -101.40272363889771, "128_130_0": 78.26733223594414}, "angles": {"128_123_0": 180.32994412515814, "128_183_0": 88.4645837369853, "128_130_0": 91.20547213785655}, "adj_sorted": [[128, 123, 0], [128, 183, 0], [128, 130, 0]], "type": "T", "n_corners": 2}, "geometry": {"type": "Point", "coordinates": [19.057999100000004, 47.51828010000005]}}, {"id": "166", "type": "Feature", "properties": {"x": 5001847.098914191, "y": 2752964.3408017107, "bearings": {"166_175_0": 69.49848321615234, "166_153_0": -108.9547512712206, "166_122_0": 164.7360625643642}, "angles": {"166_153_0": 86.30918616441522, "166_175_0": 178.45323448737292, "166_122_0": 95.23757934821187}, "adj_sorted": [[166, 153, 0], [166, 175, 0], [166, 122, 0]], "type": "T", "n_corners": 2}, "geometry": {"type": "Point", "coordinates": [19.0588174, 47.51462380000002]}}, {"id": "140", "type": "Feature", "properties": {"x": 5001767.324511163, "y": 2753134.5342918625, "bearings": {"140_175_0": -17.669852132831398, "140_160_0": 71.1633565529555, "140_122_0": -108.30109677163811, "140_109_0": 162.3440768704448}, "angles": {"140_122_0": 89.35482635791709, "140_175_0": 90.63124463880672, "140_160_0": 88.8332086857869, "140_109_0": 91.1807203174893}, "adj_sorted": [[140, 122, 0], [140, 175, 0], [140, 160, 0], [140, 109, 0]], "type": "X", "n_corners": 4}, "geometry": {"type": "Point", "coordinates": [19.058033, 47.51623020000001]}}, {"id": "197", "type": "Feature", "properties": {"x": 5001963.431189087, "y": 2755707.664787477, "bearings": {"197_198_0": 79.71305453627612, "197_194_0": -100.29196750999252, "197_141_0": 169.95340286630343}, "angles": {"197_194_0": 89.75462962370403, "197_198_0": 180.00502204626864, "197_141_0": 90.24034833002732}, "adj_sorted": [[197, 194, 0], [197, 198, 0], [197, 141, 0]], "type": "T", "n_corners": 2}, "geometry": {"type": "Point", "coordinates": [19.06466989999999, 47.53897500000002]}}, {"id": "272", "type": "Feature", "properties": {"x": 5002254.271535453, "y": 2756678.518845759, "bearings": {"272_270_0": -97.68118397460748, "272_328_0": -7.962083577871033, "272_303_0": 66.94276835241475, "272_267_0": 171.390097331851}, "angles": {"272_270_0": 90.92871869354155, "272_328_0": 89.71910039673645, "272_303_0": 74.90485193028577, "272_267_0": 104.44732897943625}, "adj_sorted": [[272, 270, 0], [272, 328, 0], [272, 303, 0], [272, 267, 0]], "type": "other", "n_corners": 4}, "geometry": {"type": "Point", "coordinates": [19.070037400000007, 47.54731779999999]}}, {"id": "303", "type": "Feature", "properties": {"x": 5002372.384231009, "y": 2756850.498567053, "bearings": {"303_272_0": 167.1476446611119, "303_340_0": -12.846425566299423, "303_312_0": 102.99994594429113}, "angles": {"303_340_0": 180.00592977258867, "303_312_0": 115.84637151059056, "303_272_0": 64.14769871682078}, "adj_sorted": [[303, 340, 0], [303, 312, 0], [303, 272, 0]], "type": "T", "n_corners": 2}, "geometry": {"type": "Point", "coordinates": [19.071867200000003, 47.54872230000006]}}, {"id": "267", "type": "Feature", "properties": {"x": 5002222.309160936, "y": 2756677.7465809113, "bearings": {"267_272_0": 21.102838349334785, "267_225_0": -155.19786322559258, "267_229_0": 103.89135285732998}, "angles": {"267_225_0": 100.91078391707742, "267_272_0": 176.30070157492736, "267_229_0": 82.78851450799519}, "adj_sorted": [[267, 225, 0], [267, 272, 0], [267, 229, 0]], "type": "T", "n_corners": 2}, "geometry": {"type": "Point", "coordinates": [19.069614399999992, 47.54734609999998]}}, {"id": "257", "type": "Feature", "properties": {"x": 5002193.440367449, "y": 2756556.734605868, "bearings": {"257_270_0": -10.76091239449927, "257_248_0": -99.32279517821969, "257_217_0": 169.5863731820808, "257_263_0": 81.37011434070926}, "angles": {"257_248_0": 91.0908316396995, "257_270_0": 88.56188278372042, "257_263_0": 92.13102673520854, "257_217_0": 88.21625884137153}, "adj_sorted": [[257, 248, 0], [257, 270, 0], [257, 263, 0], [257, 217, 0]], "type": "X", "n_corners": 4}, "geometry": {"type": "Point", "coordinates": [19.06904269999999, 47.54629810000004]}}, {"id": "379", "type": "Feature", "properties": {"x": 5002617.823478577, "y": 2756584.758312419, "bearings": {"379_328_0": -169.04247512063628, "379_420_0": -9.52660492198094, "379_389_0": 80.15848502919442, "379_375_0": -99.99877183326014}, "angles": {"379_328_0": 110.7990398501693, "379_375_0": 69.04370328737615, "379_420_0": 90.4721669112792, "379_389_0": 89.68508995117537}, "adj_sorted": [[379, 328, 0], [379, 375, 0], [379, 420, 0], [379, 389, 0]], "type": "other", "n_corners": 4}, "geometry": {"type": "Point", "coordinates": [19.074687, 47.54608080000002]}}, {"id": "340", "type": "Feature", "properties": {"x": 5002472.46067476, "y": 2756828.646653382, "bearings": {"340_328_0": -99.96027923020614, "340_303_0": 169.6507263830927, "340_360_0": -9.10025228625002, "340_350_0": 83.3540559206595}, "angles": {"340_328_0": 90.38899438670114, "340_360_0": 90.86002694395611, "340_350_0": 92.45430820690953, "340_303_0": 86.29667046243318}, "adj_sorted": [[340, 328, 0], [340, 360, 0], [340, 350, 0], [340, 303, 0]], "type": "X", "n_corners": 4}, "geometry": {"type": "Point", "coordinates": [19.073153399999995, 47.54841710000004]}}, {"id": "312", "type": "Feature", "properties": {"x": 5002396.388034117, "y": 2757176.9107870418, "bearings": {"312_303_0": -109.85081584351255, "312_353_0": -8.222826133761831, "312_322_0": 99.66680928277425}, "angles": {"312_303_0": 150.48237487371318, "312_353_0": 101.62798970975072, "312_322_0": 107.88963541653608}, "adj_sorted": [[312, 303, 0], [312, 353, 0], [312, 322, 0]], "type": "Y", "n_corners": 3}, "geometry": {"type": "Point", "coordinates": [19.0726987, 47.55160839999999]}}, {"id": "360", "type": "Feature", "properties": {"x": 5002535.60292484, "y": 2756818.5320694325, "bearings": {"360_340_0": 170.89900787509436, "360_366_0": 80.91638965042162, "360_389_0": 5.9591825483800385}, "angles": {"360_389_0": 195.06017467328567, "360_366_0": 74.95720710204158, "360_340_0": 89.98261822467273}, "adj_sorted": [[360, 389, 0], [360, 366, 0], [360, 340, 0]], "type": "other", "n_corners": 3}, "geometry": {"type": "Point", "coordinates": [19.0739707, 47.54825730000004]}}, {"id": "350", "type": "Feature", "properties": {"x": 5002501.04586643, "y": 2757098.6146277115, "bearings": {"350_340_0": -97.78106413587842, "350_353_0": 82.21528232801954, "350_348_0": -147.55039428791216}, "angles": {"350_348_0": 130.23432338406832, "350_340_0": 49.76933015203373, "350_353_0": 179.99634646389796}, "adj_sorted": [[350, 348, 0], [350, 340, 0], [350, 353, 0]], "type": "Y", "n_corners": 2}, "geometry": {"type": "Point", "coordinates": [19.073956399999993, 47.550794500000045]}}, {"id": "362", "type": "Feature", "properties": {"x": 5002536.607896139, "y": 2757338.9390384173, "bearings": {"362_365_0": 83.18196460769116, "362_353_0": -97.4396515143778, "362_322_0": 176.68332127630825}, "angles": {"362_353_0": 85.87702720931395, "362_365_0": 180.62161612206896, "362_322_0": 93.50135666861709}, "adj_sorted": [[362, 353, 0], [362, 365, 0], [362, 322, 0]], "type": "T", "n_corners": 2}, "geometry": {"type": "Point", "coordinates": [19.0748048, 47.55289970000002]}}, {"id": "365", "type": "Feature", "properties": {"x": 5002547.704097818, "y": 2757412.9738067626, "bearings": {"365_362_0": -99.2101314816744, "365_422_0": 61.49454007890242, "365_322_0": 109.81092370635778}, "angles": {"365_362_0": 150.97894481196784, "365_422_0": 160.7046715605768, "365_322_0": 48.316383627455366}, "adj_sorted": [[365, 362, 0], [365, 422, 0], [365, 322, 0]], "type": "Y", "n_corners": 3}, "geometry": {"type": "Point", "coordinates": [19.07506803484378, 47.55354807445141]}}, {"id": "353", "type": "Feature", "properties": {"x": 5002510.84457582, "y": 2757158.012034703, "bearings": {"353_312_0": 172.20651973242738, "353_350_0": -99.65835828687695, "353_362_0": 81.22224611538294}, "angles": {"353_350_0": 88.13512198069566, "353_362_0": 180.8806044022599, "353_312_0": 90.98427361704444}, "adj_sorted": [[353, 350, 0], [353, 362, 0], [353, 312, 0]], "type": "T", "n_corners": 2}, "geometry": {"type": "Point", "coordinates": [19.074179400000006, 47.55131370000004]}}, {"id": "322", "type": "Feature", "properties": {"x": 5002423.150885871, "y": 2757350.451360186, "bearings": {"322_312_0": -99.70637224702402, "322_362_0": -6.124324520088402, "322_365_0": 80.93962319923045}, "angles": {"322_312_0": 179.35400455374554, "322_362_0": 93.58204772693561, "322_365_0": 87.06394771931886}, "adj_sorted": [[322, 312, 0], [322, 362, 0], [322, 365, 0]], "type": "T", "n_corners": 2}, "geometry": {"type": "Point", "coordinates": [19.0733256, 47.55312740000002]}}, {"id": "422", "type": "Feature", "properties": {"x": 5002759.158076773, "y": 2757399.773003557, "bearings": {"422_474_0": -8.906328292770198, "422_365_0": 170.44732581356996, "422_415_0": -99.6631908959486, "422_430_0": 80.15903113063956}, "angles": {"422_415_0": 89.88948329048145, "422_474_0": 90.7568626031784, "422_430_0": 89.06535942340976, "422_365_0": 90.2882946829304}, "adj_sorted": [[422, 415, 0], [422, 474, 0], [422, 430, 0], [422, 365, 0]], "type": "X", "n_corners": 4}, "geometry": {"type": "Point", "coordinates": [19.0778379, 47.55319730000003]}}, {"id": "415", "type": "Feature", "properties": {"x": 5002743.698359684, "y": 2757308.978757733, "bearings": {"415_422_0": 80.33680910405141, "415_468_0": -8.339279224164795, "415_408_0": -100.71056655208925}, "angles": {"415_408_0": 178.95262434385933, "415_468_0": 92.37128732792445, "415_422_0": 88.67608832821621}, "adj_sorted": [[415, 408, 0], [415, 468, 0], [415, 422, 0]], "type": "T", "n_corners": 2}, "geometry": {"type": "Point", "coordinates": [19.0774906, 47.55240420000001]}}, {"id": "430", "type": "Feature", "properties": {"x": 5002787.807773052, "y": 2757578.6497005955, "bearings": {"430_422_0": -98.94821646499464, "430_481_0": -7.439491477393644, "430_378_0": 172.549798840019}, "angles": {"430_422_0": 88.50198469498633, "430_481_0": 91.508724987601, "430_378_0": 179.98929031741264}, "adj_sorted": [[430, 422, 0], [430, 481, 0], [430, 378, 0]], "type": "T", "n_corners": 2}, "geometry": {"type": "Point", "coordinates": [19.0784983, 47.55476180000005]}}, {"id": "375", "type": "Feature", "properties": {"x": 5002599.897386304, "y": 2756483.081646427, "bearings": {"375_352_0": 171.71720139547818, "375_373_0": -101.7772509592786, "375_428_0": -9.24975873154876, "375_379_0": 80.00122816673988}, "angles": {"375_373_0": 86.50554764524321, "375_428_0": 92.52749222772985, "375_379_0": 89.25098689828863, "375_352_0": 91.7159732287383}, "adj_sorted": [[375, 373, 0], [375, 428, 0], [375, 379, 0], [375, 352, 0]], "type": "X", "n_corners": 4}, "geometry": {"type": "Point", "coordinates": [19.0742901, 47.54519330000004]}}, {"id": "387", "type": "Feature", "properties": {"x": 5002651.555668117, "y": 2754154.3731418047, "bearings": {"387_388_0": -129.88863614842947, "387_400_0": -39.88863615129458, "387_377_0": 140.11136385223585}, "angles": {"387_388_0": 89.9999999993347, "387_400_0": 89.99999999713489, "387_377_0": 180.00000000353043}, "adj_sorted": [[387, 388, 0], [387, 400, 0], [387, 377, 0]], "type": "T", "n_corners": 2}, "geometry": {"type": "Point", "coordinates": [19.07130094537616, 47.524357467004776]}}, {"id": "388", "type": "Feature", "properties": {"x": 5002653.64695884, "y": 2754076.4103350816, "bearings": {"388_385_0": -135.26719351923552, "388_387_0": 142.81782370104833, "388_391_0": 44.70517341095191}, "angles": {"388_385_0": 81.91498277971618, "388_391_0": 179.97236693018743, "388_387_0": 98.11265029009641}, "adj_sorted": [[388, 385, 0], [388, 391, 0], [388, 387, 0]], "type": "T", "n_corners": 2}, "geometry": {"type": "Point", "coordinates": [19.071205699999993, 47.52365950000002]}}, {"id": "400", "type": "Feature", "properties": {"x": 5002695.286180885, "y": 2754117.646410511, "bearings": {"400_404_0": 44.699884154351835, "400_387_0": 140.0069857953296, "400_391_0": -135.28081107371605}, "angles": {"400_391_0": 84.71220313095432, "400_404_0": 179.98069522806787, "400_387_0": 95.30710164097776}, "adj_sorted": [[400, 391, 0], [400, 404, 0], [400, 387, 0]], "type": "T", "n_corners": 2}, "geometry": {"type": "Point", "coordinates": [19.071819899999998, 47.523981599999985]}}, {"id": "377", "type": "Feature", "properties": {"x": 5002606.01342449, "y": 2754192.441751256, "bearings": {"377_384_0": 55.989483721864296, "377_387_0": -39.894066544920996, "377_368_0": -124.02770558276131, "377_339_0": 144.35620725392147}, "angles": {"377_368_0": 91.61608716331722, "377_387_0": 84.13363903784031, "377_384_0": 95.88355026678529, "377_339_0": 88.36672353205716}, "adj_sorted": [[377, 368, 0], [377, 387, 0], [377, 384, 0], [377, 339, 0]], "type": "X", "n_corners": 4}, "geometry": {"type": "Point", "coordinates": [19.070760200000002, 47.524747300000016]}}, {"id": "391", "type": "Feature", "properties": {"x": 5002667.138874202, "y": 2754089.7641095007, "bearings": {"391_416_0": -38.67593324393085, "391_388_0": -135.29482658904809, "391_400_0": 44.76955338313391}, "angles": {"391_388_0": 179.935620027818, "391_416_0": 96.61889334511724, "391_400_0": 83.44548662706475}, "adj_sorted": [[391, 388, 0], [391, 416, 0], [391, 400, 0]], "type": "T", "n_corners": 2}, "geometry": {"type": "Point", "coordinates": [19.07140469999999, 47.523763800000026]}}, {"id": "368", "type": "Feature", "properties": {"x": 5002562.956349628, "y": 2754128.67354834, "bearings": {"368_385_0": -37.564457278009115, "368_377_0": 55.9722944172387, "368_325_0": 141.94790034706693, "368_354_0": -124.0250620363212}, "angles": {"368_354_0": 94.02703761661189, "368_385_0": 86.46060475831209, "368_377_0": 93.53675169524782, "368_325_0": 85.97560592982823}, "adj_sorted": [[368, 354, 0], [368, 385, 0], [368, 377, 0], [368, 325, 0]], "type": "X", "n_corners": 4}, "geometry": {"type": "Point", "coordinates": [19.070091799999997, 47.524225700000024]}}, {"id": "339", "type": "Feature", "properties": {"x": 5002462.936052685, "y": 2754293.4251697715, "bearings": {"339_377_0": -35.27479115518976, "339_325_0": -116.19491354314552, "339_346_0": 63.808820402509006}, "angles": {"339_325_0": 179.99626605434548, "339_377_0": 80.92012238795576, "339_346_0": 99.08361155769876}, "adj_sorted": [[339, 325, 0], [339, 377, 0], [339, 346, 0]], "type": "T", "n_corners": 2}, "geometry": {"type": "Point", "coordinates": [19.069032, 47.525805900000044]}}, {"id": "392", "type": "Feature", "properties": {"x": 5002669.99891124, "y": 2755265.755303383, "bearings": {"392_372_0": 172.21131947579414, "392_413_0": 80.3641708620664, "392_419_0": -9.230142491938633}, "angles": {"392_419_0": 178.55853803226722, "392_413_0": 89.59431335400504, "392_372_0": 91.84714861372774}, "adj_sorted": [[392, 419, 0], [392, 413, 0], [392, 372, 0]], "type": "T", "n_corners": 2}, "geometry": {"type": "Point", "coordinates": [19.0732957, 47.53425400000005]}}, {"id": "419", "type": "Feature", "properties": {"x": 5002756.426285101, "y": 2755251.7235658695, "bearings": {"419_482_0": -5.305523325406165, "419_392_0": 170.81846001866185, "419_429_0": 79.18107326406603, "419_383_0": -124.50769302396769}, "angles": {"419_383_0": 64.67384695737047, "419_482_0": 119.20216969856152, "419_429_0": 84.4865965894722, "419_392_0": 91.63738675459582}, "adj_sorted": [[419, 383, 0], [419, 482, 0], [419, 429, 0], [419, 392, 0]], "type": "other", "n_corners": 4}, "geometry": {"type": "Point", "coordinates": [19.074413799999995, 47.534033600000015]}}, {"id": "355", "type": "Feature", "properties": {"x": 5002511.618937696, "y": 2755978.0178459208, "bearings": {"355_344_0": -99.5608333582009, "355_306_0": 170.3457381005381, "355_367_0": 79.95838936884762, "355_399_0": -10.065561184766569}, "angles": {"355_344_0": 90.093428541261, "355_399_0": 89.49527217343433, "355_367_0": 90.02395055361418, "355_306_0": 90.3873487316905}, "adj_sorted": [[355, 344, 0], [355, 399, 0], [355, 367, 0], [355, 306, 0]], "type": "X", "n_corners": 4}, "geometry": {"type": "Point", "coordinates": [19.072328900000002, 47.54078390000001]}}, {"id": "446", "type": "Feature", "properties": {"x": 5002843.198328875, "y": 2757852.8201626013, "bearings": {"446_410_0": 171.1478361983521, "446_449_0": 81.64790565236893, "446_444_0": -101.27609538310531, "446_470_0": -8.78386050986442}, "angles": {"446_444_0": 87.5760684185426, "446_470_0": 92.49223487324089, "446_449_0": 90.43176616223336, "446_410_0": 89.49993054598318}, "adj_sorted": [[446, 444, 0], [446, 470, 0], [446, 449, 0], [446, 410, 0]], "type": "X", "n_corners": 4}, "geometry": {"type": "Point", "coordinates": [19.079662100000007, 47.55714710000001]}}, {"id": "410", "type": "Feature", "properties": {"x": 5002718.428248786, "y": 2757937.904681802, "bearings": {"410_446_0": -99.13235701417393, "410_426_0": -8.664095423783596, "410_396_0": 166.30560598931476}, "angles": {"410_446_0": 94.56203699651132, "410_426_0": 90.46826159039034, "410_396_0": 174.96970141309836}, "adj_sorted": [[410, 446, 0], [410, 426, 0], [410, 396, 0]], "type": "T", "n_corners": 2}, "geometry": {"type": "Point", "coordinates": [19.0781496, 47.558043800000014]}}, {"id": "449", "type": "Feature", "properties": {"x": 5002852.623040588, "y": 2757917.4404733796, "bearings": {"449_446_0": -98.08067637482281, "449_426_0": 171.3988403822468, "449_455_0": -9.621096671252664}, "angles": {"449_446_0": 90.52048324293037, "449_455_0": 88.45957970357016, "449_426_0": 181.01993705349946}, "adj_sorted": [[449, 446, 0], [449, 455, 0], [449, 426, 0]], "type": "T", "n_corners": 2}, "geometry": {"type": "Point", "coordinates": [19.079888499999996, 47.55771330000005]}}, {"id": "444", "type": "Feature", "properties": {"x": 5002835.2644645125, "y": 2757802.9088113164, "bearings": {"444_446_0": 81.7725609957028, "444_487_0": -8.08259150364621, "444_441_0": 171.90330497414465}, "angles": {"444_487_0": 180.01410352220915, "444_446_0": 89.85515249934902, "444_441_0": 90.13074397844184}, "adj_sorted": [[444, 487, 0], [444, 446, 0], [444, 441, 0]], "type": "T", "n_corners": 2}, "geometry": {"type": "Point", "coordinates": [19.079478600000005, 47.55671050000006]}}, {"id": "470", "type": "Feature", "properties": {"x": 5002934.514113216, "y": 2757847.145800557, "bearings": {"470_446_0": -157.33148281685803, "470_455_0": 128.47757526995014, "470_487_0": -51.52242472874831}, "angles": {"470_446_0": 74.19094191319186, "470_487_0": 105.80905808810971, "470_455_0": 179.99999999869846}, "adj_sorted": [[470, 446, 0], [470, 487, 0], [470, 455, 0]], "type": "T", "n_corners": 2}, "geometry": {"type": "Point", "coordinates": [19.08085837460548, 47.556995811647674]}}, {"id": "426", "type": "Feature", "properties": {"x": 5002774.65605621, "y": 2757929.3275289717, "bearings": {"426_410_0": 171.3245994069315, "426_449_0": -8.681559996817438, "426_437_0": 81.32288362334525}, "angles": {"426_449_0": 179.99384059625106, "426_437_0": 90.00444362016269, "426_410_0": 90.00171578358625}, "adj_sorted": [[426, 449, 0], [426, 437, 0], [426, 410, 0]], "type": "T", "n_corners": 2}, "geometry": {"type": "Point", "coordinates": [19.078878199999995, 47.5579053]}}, {"id": "396", "type": "Feature", "properties": {"x": 5002681.817340663, "y": 2757966.74715653, "bearings": {"396_410_0": -50.901109005879, "396_386_0": 135.59293935998406, "396_394_0": -137.66629851078528}, "angles": {"396_394_0": 86.74076212923069, "396_410_0": 86.76518950490629, "396_386_0": 186.49404836586305}, "adj_sorted": [[396, 394, 0], [396, 410, 0], [396, 386, 0]], "type": "T", "n_corners": 2}, "geometry": {"type": "Point", "coordinates": [19.077711899999997, 47.558341500000054]}}, {"id": "487", "type": "Feature", "properties": {"x": 5002983.408148696, "y": 2757784.629855239, "bearings": {"487_536_0": -53.595056857381934, "487_444_0": -164.2580998918173, "487_470_0": 127.80353933954369}, "angles": {"487_444_0": 67.93836076863903, "487_536_0": 110.66304303443536, "487_470_0": 181.3985961969256}, "adj_sorted": [[487, 444, 0], [487, 536, 0], [487, 470, 0]], "type": "T", "n_corners": 2}, "geometry": {"type": "Point", "coordinates": [19.081405, 47.55638410000003]}}, {"id": "455", "type": "Feature", "properties": {"x": 5002867.308596227, "y": 2757914.9510352146, "bearings": {"455_449_0": 170.37890332874736, "455_470_0": -17.111650532729968, "455_437_0": 82.03569265793584}, "angles": {"455_470_0": 172.50944613852266, "455_437_0": 99.14734319066581, "455_449_0": 88.34321067081152}, "adj_sorted": [[455, 470, 0], [455, 437, 0], [455, 449, 0]], "type": "T", "n_corners": 2}, "geometry": {"type": "Point", "coordinates": [19.080078400000005, 47.557674899999995]}}, {"id": "399", "type": "Feature", "properties": {"x": 5002693.460100074, "y": 2755945.739756849, "bearings": {"399_458_0": -9.689205572950918, "399_355_0": 169.93443881523345, "399_390_0": -100.17639549885384}, "angles": {"399_390_0": 89.8891656859127, "399_458_0": 90.48718992590292, "399_355_0": 179.62364438818437}, "adj_sorted": [[399, 390, 0], [399, 458, 0], [399, 355, 0]], "type": "T", "n_corners": 2}, "geometry": {"type": "Point", "coordinates": [19.074677299999998, 47.54029560000005]}}, {"id": "447", "type": "Feature", "properties": {"x": 5002849.370741935, "y": 2755754.866656686, "bearings": {"447_458_0": 79.55393264365809, "447_440_0": -100.65314293019564, "447_390_0": 170.51367360187692, "447_498_0": -7.909182776978456}, "angles": {"447_440_0": 88.83318346792743, "447_498_0": 92.74396015321719, "447_458_0": 87.46311542063654, "447_390_0": 90.95974095821883}, "adj_sorted": [[447, 440, 0], [447, 498, 0], [447, 458, 0], [447, 390, 0]], "type": "X", "n_corners": 4}, "geometry": {"type": "Point", "coordinates": [19.0764334, 47.53842070000003]}}, {"id": "511", "type": "Feature", "properties": {"x": 5003106.473117332, "y": 2755875.7056689695, "bearings": {"511_458_0": 171.27739984545806, "511_503_0": -100.32931753256679, "511_518_0": 76.65643743955849}, "angles": {"511_503_0": 88.39328262197512, "511_518_0": 176.98575497212528, "511_458_0": 94.62096240589958}, "adj_sorted": [[511, 503, 0], [511, 518, 0], [511, 458, 0]], "type": "T", "n_corners": 2}, "geometry": {"type": "Point", "coordinates": [19.0800162, 47.53921560000003]}}, {"id": "437", "type": "Feature", "properties": {"x": 5002808.716493724, "y": 2758004.8695994476, "bearings": {"437_426_0": -129.6095856722561, "437_455_0": -51.38072674463718, "437_432_0": 128.98645027322755}, "angles": {"437_426_0": 101.40396405451634, "437_455_0": 78.22885892761892, "437_432_0": 180.36717701786472}, "adj_sorted": [[437, 426, 0], [437, 455, 0], [437, 432, 0]], "type": "T", "n_corners": 2}, "geometry": {"type": "Point", "coordinates": [19.07944699999999, 47.55854180000005]}}, {"id": "688", "type": "Feature", "properties": {"x": 5003998.236578224, "y": 2755505.539534731, "bearings": {"688_683_0": 166.5953102669404, "688_690_0": 75.82528137363087, "688_686_0": -104.26785271928794}, "angles": {"688_686_0": 89.13683701377164, "688_690_0": 180.09313409291883, "688_683_0": 90.77002889330953}, "adj_sorted": [[688, 686, 0], [688, 690, 0], [688, 683, 0]], "type": "T", "n_corners": 2}, "geometry": {"type": "Point", "coordinates": [19.091197199999996, 47.53492920000001]}}, {"id": "686", "type": "Feature", "properties": {"x": 5003955.542523459, "y": 2755337.6505751745, "bearings": {"686_678_0": 165.164677746239, "686_688_0": 75.73214728071207, "686_681_0": -104.25404132863707}, "angles": {"686_681_0": 90.5812809251239, "686_688_0": 179.98618860934914, "686_678_0": 89.43253046552692}, "adj_sorted": [[686, 681, 0], [686, 688, 0], [686, 678, 0]], "type": "T", "n_corners": 2}, "geometry": {"type": "Point", "coordinates": [19.090368799999997, 47.53347830000001]}}, {"id": "114", "type": "Feature", "properties": {"x": 5001691.114771825, "y": 2752570.0716434303, "bearings": {"114_65_0": -111.33195197411187, "114_88_0": 160.8009505272977, "114_127_0": 68.83585431990454}, "angles": {"114_65_0": 87.86709749859045, "114_127_0": 180.16780629401643, "114_88_0": 91.96509620739315}, "adj_sorted": [[114, 65, 0], [114, 127, 0], [114, 88, 0]], "type": "T", "n_corners": 2}, "geometry": {"type": "Point", "coordinates": [19.056140299999996, 47.51127710000001]}}, {"id": "65", "type": "Feature", "properties": {"x": 5001476.959346101, "y": 2752554.643557229, "bearings": {"65_114_0": -20.744847614983343, "65_47_0": 159.21957968925292, "65_70_0": 73.17236741885417}, "angles": {"65_114_0": 180.03557269576373, "65_70_0": 93.91721503383751, "65_47_0": 86.04721227039876}, "adj_sorted": [[65, 114, 0], [65, 70, 0], [65, 47, 0]], "type": "T", "n_corners": 2}, "geometry": {"type": "Point", "coordinates": [19.053291899999994, 47.51137480000003]}}, {"id": "88", "type": "Feature", "properties": {"x": 5001591.4955301015, "y": 2752604.8121897965, "bearings": {"88_114_0": -19.22576988359184, "88_94_0": 71.5254815049271, "88_77_0": 160.7463452566091}, "angles": {"88_114_0": 180.02788485979906, "88_94_0": 90.75125138851894, "88_77_0": 89.22086375168199}, "adj_sorted": [[88, 114, 0], [88, 94, 0], [88, 77, 0]], "type": "T", "n_corners": 2}, "geometry": {"type": "Point", "coordinates": [19.054881199999997, 47.511696600000015]}}, {"id": "127", "type": "Feature", "properties": {"x": 5001734.64248592, "y": 2752682.501416771, "bearings": {"127_114_0": -111.16414568009546, "127_153_0": 50.53336589698139, "127_94_0": -139.8065374248191}, "angles": {"127_94_0": 169.6600966781995, "127_114_0": 28.642391744723653, "127_153_0": 161.69751157707685}, "adj_sorted": [[127, 94, 0], [127, 114, 0], [127, 153, 0]], "type": "Y", "n_corners": 2}, "geometry": {"type": "Point", "coordinates": [19.05689109999999, 47.51223250000004]}}, {"id": "47", "type": "Feature", "properties": {"x": 5001377.115848133, "y": 2752592.553991481, "bearings": {"47_65_0": -21.33421636744941, "47_27_0": 159.47316097908651, "47_50_0": 67.80969781093218}, "angles": {"47_65_0": 179.19262265346407, "47_50_0": 89.14391417838159, "47_27_0": 91.66346316815434}, "adj_sorted": [[47, 65, 0], [47, 50, 0], [47, 27, 0]], "type": "T", "n_corners": 2}, "geometry": {"type": "Point", "coordinates": [19.0520348, 47.511822800000054]}}, {"id": "70", "type": "Feature", "properties": {"x": 5001503.309534059, "y": 2752635.5720574725, "bearings": {"70_65_0": -108.2265672980516, "70_77_0": -19.189561050072722, "70_78_0": 71.52753618226622}, "angles": {"70_65_0": 180.24589651968216, "70_77_0": 89.03700624797888, "70_78_0": 90.71709723233894}, "adj_sorted": [[70, 65, 0], [70, 77, 0], [70, 78, 0]], "type": "T", "n_corners": 2}, "geometry": {"type": "Point", "coordinates": [19.053766599999996, 47.51206800000004]}}, {"id": "153", "type": "Feature", "properties": {"x": 5001801.318077076, "y": 2752837.3432438895, "bearings": {"153_166_0": 69.46336321064159, "153_127_0": -110.20932995237989, "153_112_0": 161.10510807963203}, "angles": {"153_127_0": 88.68556196798806, "153_166_0": 179.67269316302148, "153_112_0": 91.64174486899044}, "adj_sorted": [[153, 127, 0], [153, 166, 0], [153, 112, 0]], "type": "T", "n_corners": 2}, "geometry": {"type": "Point", "coordinates": [19.05801389999999, 47.513540900000024]}}, {"id": "94", "type": "Feature", "properties": {"x": 5001625.7937247325, "y": 2752707.340577797, "bearings": {"94_88_0": -108.50382211118237, "94_127_0": -19.165597080753884, "94_112_0": 71.51421049175225, "94_85_0": 160.82635587130733}, "angles": {"94_88_0": 90.66982201751028, "94_127_0": 89.33822503042849, "94_112_0": 90.67980757250614, "94_85_0": 89.31214537955508}, "adj_sorted": [[94, 88, 0], [94, 127, 0], [94, 112, 0], [94, 85, 0]], "type": "X", "n_corners": 4}, "geometry": {"type": "Point", "coordinates": [19.055494699999993, 47.51257379999999]}}, {"id": "112", "type": "Feature", "properties": {"x": 5001682.822489729, "y": 2752877.858242951, "bearings": {"112_153_0": -18.87174713146327, "112_94_0": -108.4946369451796, "112_122_0": 71.88941336587183, "112_89_0": 161.1250531209393}, "angles": {"112_94_0": 90.38030993388111, "112_153_0": 89.62288981371633, "112_122_0": 90.7611604973351, "112_89_0": 89.23563975506747}, "adj_sorted": [[112, 94, 0], [112, 153, 0], [112, 122, 0], [112, 89, 0]], "type": "X", "n_corners": 4}, "geometry": {"type": "Point", "coordinates": [19.056514900000003, 47.51403270000004]}}, {"id": "122", "type": "Feature", "properties": {"x": 5001724.052949266, "y": 2753003.9241080666, "bearings": {"122_166_0": -18.207261700486995, "122_140_0": 71.65528633355909, "122_112_0": -108.11058663412818, "122_97_0": 161.74101276209836}, "angles": {"122_112_0": 90.14840060377344, "122_166_0": 89.90332493364119, "122_140_0": 89.86254803404609, "122_97_0": 90.08572642853927}, "adj_sorted": [[122, 112, 0], [122, 166, 0], [122, 140, 0], [122, 97, 0]], "type": "X", "n_corners": 4}, "geometry": {"type": "Point", "coordinates": [19.0572569, 47.515112300000055]}}, {"id": "240", "type": "Feature", "properties": {"x": 5002125.757503164, "y": 2754564.2844258915, "bearings": {"240_244_0": 80.6265250649795, "240_200_0": -139.66262725439043, "240_232_0": -99.39116927265701}, "angles": {"240_200_0": 139.71084768063008, "240_232_0": 40.27145798173342, "240_244_0": 180.0176943376365}, "adj_sorted": [[240, 200, 0], [240, 232, 0], [240, 244, 0]], "type": "Y", "n_corners": 2}, "geometry": {"type": "Point", "coordinates": [19.065010799999992, 47.52859390000003]}}, {"id": "232", "type": "Feature", "properties": {"x": 5002103.038340336, "y": 2754425.005911573, "bearings": {"232_240_0": 80.75457629678985, "232_227_0": -99.03994187565205, "232_271_0": -9.136624665413287}, "angles": {"232_227_0": 180.20548182755812, "232_271_0": 89.90331721023875, "232_240_0": 89.89120096220313}, "adj_sorted": [[232, 227, 0], [232, 271, 0], [232, 240, 0]], "type": "T", "n_corners": 2}, "geometry": {"type": "Point", "coordinates": [19.064491799999995, 47.527376100000005]}}, {"id": "185", "type": "Feature", "properties": {"x": 5001931.41992028, "y": 2754325.69048361, "bearings": {"185_162_0": 166.67846804905838, "185_200_0": 79.5126973056205, "185_227_0": -11.7686186922055, "185_182_0": -100.04051332895594}, "angles": {"185_182_0": 93.28101862198571, "185_227_0": 88.27189463675043, "185_200_0": 91.281315997826, "185_162_0": 87.16577074343788}, "adj_sorted": [[185, 182, 0], [185, 227, 0], [185, 200, 0], [185, 162, 0]], "type": "X", "n_corners": 4}, "geometry": {"type": "Point", "coordinates": [19.062071599999992, 47.526678700000026]}}, {"id": "236", "type": "Feature", "properties": {"x": 5002117.837052511, "y": 2756129.195084507, "bearings": {"236_245_0": -42.88409479024625, "236_248_0": 80.12444020801134, "236_108_0": 177.74553082244455}, "angles": {"236_245_0": 139.3703743873092, "236_248_0": 123.00853499825759, "236_108_0": 97.62109061443321}, "adj_sorted": [[236, 245, 0], [236, 248, 0], [236, 108, 0]], "type": "Y", "n_corners": 3}, "geometry": {"type": "Point", "coordinates": [19.067371299999994, 47.54256640000001]}}, {"id": "248", "type": "Feature", "properties": {"x": 5002163.608858006, "y": 2756374.9854600755, "bearings": {"248_257_0": 80.67972357744736, "248_236_0": -99.74537936902016, "248_230_0": 164.7172496757682}, "angles": {"248_236_0": 95.53737095521166, "248_257_0": 180.42510294646752, "248_230_0": 84.03752609832082}, "adj_sorted": [[248, 236, 0], [248, 257, 0], [248, 230, 0]], "type": "T", "n_corners": 2}, "geometry": {"type": "Point", "coordinates": [19.0683626, 47.54470920000004]}}, {"id": "230", "type": "Feature", "properties": {"x": 5002097.858309546, "y": 2756386.609786516, "bearings": {"230_248_0": -8.903101699722521, "230_212_0": 105.48697417632344, "230_213_0": -169.23220499787982}, "angles": {"230_213_0": 85.28082082579675, "230_248_0": 160.3291032981573, "230_212_0": 114.39007587604597}, "adj_sorted": [[230, 213, 0], [230, 248, 0], [230, 212, 0]], "type": "Y", "n_corners": 3}, "geometry": {"type": "Point", "coordinates": [19.06751329999999, 47.5448853]}}, {"id": "299", "type": "Feature", "properties": {"x": 5002356.492989621, "y": 2754924.8267276413, "bearings": {"299_266_0": 142.3511353765723, "299_338_0": -36.44529435731286, "299_337_0": 55.661238097365015}, "angles": {"299_338_0": 181.20357026611484, "299_337_0": 92.10653245467788, "299_266_0": 86.68989727920729}, "adj_sorted": [[299, 338, 0], [299, 337, 0], [299, 266, 0]], "type": "T", "n_corners": 2}, "geometry": {"type": "Point", "coordinates": [19.068622500000004, 47.5315571]}}, {"id": "338", "type": "Feature", "properties": {"x": 5002462.454738285, "y": 2754847.4148687287, "bearings": {"338_335_0": -102.67965444299385, "338_299_0": 144.16281461920656, "338_369_0": 54.98184910837391}, "angles": {"338_335_0": 113.1575309377996, "338_369_0": 157.66150355136776, "338_299_0": 89.18096551083265}, "adj_sorted": [[338, 335, 0], [338, 369, 0], [338, 299, 0]], "type": "Y", "n_corners": 3}, "geometry": {"type": "Point", "coordinates": [19.069898399999992, 47.53074970000002]}}, {"id": "337", "type": "Feature", "properties": {"x": 5002462.283416547, "y": 2755062.791938089, "bearings": {"337_299_0": -128.1084484366498, "337_364_0": 51.98259500445615, "337_369_0": -36.17946575127828}, "angles": {"337_299_0": 179.90895655889403, "337_369_0": 91.92898268537152, "337_364_0": 88.16206075573443}, "adj_sorted": [[337, 299, 0], [337, 369, 0], [337, 364, 0]], "type": "T", "n_corners": 2}, "geometry": {"type": "Point", "coordinates": [19.070235499999992, 47.53267170000001]}}, {"id": "325", "type": "Feature", "properties": {"x": 5002432.226977065, "y": 2754231.0020991233, "bearings": {"325_368_0": -38.052099652933066, "325_339_0": 63.805086456854475, "325_304_0": 152.180895092133, "325_309_0": -114.28716746205536}, "angles": {"325_309_0": 93.53193744581165, "325_368_0": 76.2350678091223, "325_339_0": 101.85718610978753, "325_304_0": 88.37580863527853}, "adj_sorted": [[325, 309, 0], [325, 368, 0], [325, 339, 0], [325, 304, 0]], "type": "X", "n_corners": 4}, "geometry": {"type": "Point", "coordinates": [19.068528599999997, 47.5252827]}}, {"id": "346", "type": "Feature", "properties": {"x": 5002487.664672681, "y": 2754360.467597409, "bearings": {"346_336_0": 100.5088913062767, "346_384_0": -39.420511705293706, "346_339_0": -96.4151500175906, "346_315_0": 170.90179085271174}, "angles": {"346_339_0": 92.68305912969765, "346_384_0": 56.9946383122969, "346_336_0": 139.9294030115704, "346_315_0": 70.39289954643505}, "adj_sorted": [[346, 339, 0], [346, 384, 0], [346, 336, 0], [346, 315, 0]], "type": "other", "n_corners": 4}, "geometry": {"type": "Point", "coordinates": [19.069463799999998, 47.52637690000004]}}, {"id": "406", "type": "Feature", "properties": {"x": 5002716.672047356, "y": 2755012.3530249856, "bearings": {"406_414_0": 86.51457859881974, "406_383_0": 139.81519808848168, "406_434_0": -40.17753478294828}, "angles": {"406_434_0": 180.00726712857005, "406_414_0": 126.69211338176802, "406_383_0": 53.30061948966194}, "adj_sorted": [[406, 434, 0], [406, 414, 0], [406, 383, 0]], "type": "Y", "n_corners": 2}, "geometry": {"type": "Point", "coordinates": [19.073511999999997, 47.531941500000045]}}, {"id": "414", "type": "Feature", "properties": {"x": 5002732.62526229, "y": 2755105.5701740184, "bearings": {"414_507_0": -9.093790343636124, "414_406_0": -100.10297925144556, "414_423_0": 80.32103769641931}, "angles": {"414_406_0": 179.57598305213514, "414_507_0": 91.00918890780943, "414_423_0": 89.41482804005544}, "adj_sorted": [[414, 406, 0], [414, 507, 0], [414, 423, 0]], "type": "T", "n_corners": 2}, "geometry": {"type": "Point", "coordinates": [19.073869399999996, 47.532755700000024]}}, {"id": "383", "type": "Feature", "properties": {"x": 5002635.861850906, "y": 2755080.603938948, "bearings": {"383_419_0": 62.79735912183728, "383_406_0": -40.194685687069864, "383_369_0": -127.54173437596046, "383_364_0": 140.16667842095876}, "angles": {"383_369_0": 92.29158720308078, "383_406_0": 87.3470486888906, "383_419_0": 102.99204480890714, "383_364_0": 77.36931929912149}, "adj_sorted": [[383, 369, 0], [383, 406, 0], [383, 419, 0], [383, 364, 0]], "type": "X", "n_corners": 4}, "geometry": {"type": "Point", "coordinates": [19.072553499999998, 47.53263950000004]}}, {"id": "434", "type": "Feature", "properties": {"x": 5002796.299642192, "y": 2754944.752755566, "bearings": {"434_457_0": -66.18787603056144, "434_406_0": 138.1550063376967, "434_465_0": -11.450865081263139}, "angles": {"434_457_0": 155.65711763174187, "434_465_0": 54.7370109492983, "434_406_0": 149.60587141895985}, "adj_sorted": [[434, 457, 0], [434, 465, 0], [434, 406, 0]], "type": "Y", "n_corners": 3}, "geometry": {"type": "Point", "coordinates": [19.074455899999993, 47.531250599999986]}}, {"id": "667", "type": "Feature", "properties": {"x": 5003825.263926255, "y": 2754500.5460155956, "bearings": {"667_654_0": 146.49106291461882, "667_673_0": -34.71634326362355, "667_656_0": -126.47745917037443}, "angles": {"667_656_0": 87.03147791500675, "667_673_0": 91.76111590675089, "667_654_0": 181.20740617824237}, "adj_sorted": [[667, 656, 0], [667, 673, 0], [667, 654, 0]], "type": "T", "n_corners": 2}, "geometry": {"type": "Point", "coordinates": [19.08732859999999, 47.52615280000002]}}, {"id": "673", "type": "Feature", "properties": {"x": 5003870.1960794665, "y": 2754355.541678207, "bearings": {"673_667_0": 48.214772003925766, "673_656_0": 145.09969704100124, "673_665_0": -133.33237767890603}, "angles": {"673_665_0": 81.56792528009271, "673_667_0": 181.5471496828318, "673_656_0": 96.88492503707548}, "adj_sorted": [[673, 665, 0], [673, 667, 0], [673, 656, 0]], "type": "T", "n_corners": 2}, "geometry": {"type": "Point", "coordinates": [19.0876924, 47.52480940000003]}}, {"id": "656", "type": "Feature", "properties": {"x": 5003769.822676679, "y": 2754425.652963573, "bearings": {"656_645_0": -126.25831735011533, "656_667_0": 53.56625187249107, "656_673_0": -34.93661904805818}, "angles": {"656_645_0": 180.1754307773936, "656_673_0": 91.32169830205714, "656_667_0": 88.50287092054926}, "adj_sorted": [[656, 645, 0], [656, 673, 0], [656, 667, 0]], "type": "T", "n_corners": 2}, "geometry": {"type": "Point", "coordinates": [19.086479099999995, 47.52554570000003]}}, {"id": "665", "type": "Feature", "properties": {"x": 5003811.65512819, "y": 2754293.4898214815, "bearings": {"665_645_0": 143.13231668428185, "665_652_0": -134.39557618973416, "665_673_0": 46.667622321093994}, "angles": {"665_652_0": 82.472107125984, "665_673_0": 181.06319851082816, "665_645_0": 96.46469436318785}, "adj_sorted": [[665, 652, 0], [665, 673, 0], [665, 645, 0]], "type": "T", "n_corners": 2}, "geometry": {"type": "Point", "coordinates": [19.08682230000001, 47.524320300000014]}}, {"id": "701", "type": "Feature", "properties": {"x": 5004149.021245437, "y": 2756098.8566809576, "bearings": {"701_700_0": -104.25946277122743, "701_697_0": 165.402795220425, "701_703_0": 75.51324893168905}, "angles": {"701_700_0": 90.33774200834756, "701_703_0": 179.77271170291647, "701_697_0": 89.88954628873594}, "adj_sorted": [[701, 700, 0], [701, 703, 0], [701, 697, 0]], "type": "T", "n_corners": 2}, "geometry": {"type": "Point", "coordinates": [19.094123900000007, 47.540056699999994]}}, {"id": "89", "type": "Feature", "properties": {"x": 5001594.533480576, "y": 2752908.0432030475, "bearings": {"89_112_0": -18.874946879060715, "89_78_0": -108.53263036299161, "89_92_0": 71.51872148823924, "89_69_0": 161.12774245543605}, "angles": {"89_78_0": 90.33962718157233, "89_112_0": 89.6576834839309, "89_92_0": 90.39366836729995, "89_69_0": 89.60902096719681}, "adj_sorted": [[89, 78, 0], [89, 112, 0], [89, 92, 0], [89, 69, 0]], "type": "X", "n_corners": 4}, "geometry": {"type": "Point", "coordinates": [19.055397999999997, 47.51439909999999]}}, {"id": "97", "type": "Feature", "properties": {"x": 5001636.377890177, "y": 2753032.850255375, "bearings": {"97_122_0": -18.258987237901657, "97_80_0": 161.74032868038455, "97_92_0": -108.6228898059995, "97_109_0": 71.4826658405896}, "angles": {"97_92_0": 89.63678151361592, "97_122_0": 90.36390256809784, "97_109_0": 89.74165307849125, "97_80_0": 90.25766283979495}, "adj_sorted": [[97, 92, 0], [97, 122, 0], [97, 109, 0], [97, 80, 0]], "type": "X", "n_corners": 4}, "geometry": {"type": "Point", "coordinates": [19.056146100000003, 47.515466800000034]}}, {"id": "80", "type": "Feature", "properties": {"x": 5001543.360404341, "y": 2753063.5402314626, "bearings": {"80_97_0": -18.259671319615453, "80_87_0": 70.5128278324811, "80_58_0": 161.36527290074295, "80_75_0": -109.3664277965465}, "angles": {"80_75_0": 89.26829930271055, "80_97_0": 91.10675647693105, "80_87_0": 88.77249915209654, "80_58_0": 90.85244506826186}, "adj_sorted": [[80, 75, 0], [80, 97, 0], [80, 87, 0], [80, 58, 0]], "type": "X", "n_corners": 4}, "geometry": {"type": "Point", "coordinates": [19.0549676, 47.51584290000004]}}, {"id": "92", "type": "Feature", "properties": {"x": 5001620.460417511, "y": 2752985.614874473, "bearings": {"92_89_0": -108.48127851176078, "92_97_0": 71.3771101940005, "92_75_0": 161.38882132859806}, "angles": {"92_89_0": 90.12990015964118, "92_97_0": 179.85838870576129, "92_75_0": 90.01171113459756}, "adj_sorted": [[92, 89, 0], [92, 97, 0], [92, 75, 0]], "type": "T", "n_corners": 2}, "geometry": {"type": "Point", "coordinates": [19.055861899999993, 47.515062800000024]}}, {"id": "109", "type": "Feature", "properties": {"x": 5001679.7747127265, "y": 2753162.421553809, "bearings": {"109_140_0": -17.670262097901514, "109_97_0": -108.51310866535873, "109_123_0": 71.65487909823192, "109_87_0": 162.28965147875707}, "angles": {"109_97_0": 89.19723985588422, "109_140_0": 90.84284656745722, "109_123_0": 89.32514119613343, "109_87_0": 90.63477238052515}, "adj_sorted": [[109, 97, 0], [109, 140, 0], [109, 123, 0], [109, 87, 0]], "type": "X", "n_corners": 4}, "geometry": {"type": "Point", "coordinates": [19.056922199999985, 47.51657530000004]}}, {"id": "557", "type": "Feature", "properties": {"x": 5003304.205914923, "y": 2756818.386075436, "bearings": {"557_542_0": 170.0664395631575, "557_553_0": -101.41959619301801, "557_572_0": -9.273317041499743, "557_570_0": 76.86837151671492}, "angles": {"557_553_0": 88.51396424382449, "557_572_0": 92.14627915151827, "557_570_0": 86.14168855821465, "557_542_0": 93.19806804644259}, "adj_sorted": [[557, 553, 0], [557, 572, 0], [557, 570, 0], [557, 542, 0]], "type": "X", "n_corners": 4}, "geometry": {"type": "Point", "coordinates": [19.0841131, 47.547408900000015]}}, {"id": "559", "type": "Feature", "properties": {"x": 5003316.540186043, "y": 2757089.538111101, "bearings": {"559_542_0": -113.78705032109649, "559_546_0": 152.75964770376228, "559_570_0": -26.34724389870766, "559_581_0": 61.94407647855648}, "angles": {"559_542_0": 93.45330197514124, "559_570_0": 87.43980642238883, "559_581_0": 88.29132037726414, "559_546_0": 90.8155712252058}, "adj_sorted": [[559, 542, 0], [559, 570, 0], [559, 581, 0], [559, 546, 0]], "type": "X", "n_corners": 4}, "geometry": {"type": "Point", "coordinates": [19.084704000000002, 47.54981470000003]}}, {"id": "520", "type": "Feature", "properties": {"x": 5003140.587950493, "y": 2756679.201475754, "bearings": {"520_514_0": -100.83318041917514, "520_524_0": 80.75584387364893, "520_550_0": -9.252676039730158}, "angles": {"520_514_0": 178.41097570717594, "520_550_0": 91.58050437944497, "520_524_0": 90.00851991337909}, "adj_sorted": [[520, 514, 0], [520, 550, 0], [520, 524, 0]], "type": "T", "n_corners": 2}, "geometry": {"type": "Point", "coordinates": [19.0817343, 47.54634740000003]}}, {"id": "553", "type": "Feature", "properties": {"x": 5003284.457580073, "y": 2756722.4871503385, "bearings": {"553_524_0": 168.01764110136546, "553_557_0": 78.35020228519302, "553_550_0": -101.4991253796922}, "angles": {"553_550_0": 90.48323351894237, "553_557_0": 179.8493276648852, "553_524_0": 89.66743881617244}, "adj_sorted": [[553, 550, 0], [553, 557, 0], [553, 524, 0]], "type": "T", "n_corners": 2}, "geometry": {"type": "Point", "coordinates": [19.083701100000006, 47.54657500000001]}}, {"id": "632", "type": "Feature", "properties": {"x": 5003662.890561665, "y": 2756914.819540628, "bearings": {"632_642_0": -26.63839859837072, "632_620_0": -111.11160819239137, "632_615_0": 154.2223937800976}, "angles": {"632_620_0": 94.66599802751102, "632_642_0": 84.47320959402066, "632_615_0": 180.86079237846832}, "adj_sorted": [[632, 620, 0], [632, 642, 0], [632, 615, 0]], "type": "T", "n_corners": 2}, "geometry": {"type": "Point", "coordinates": [19.088998599999996, 47.54787370000004]}}, {"id": "650", "type": "Feature", "properties": {"x": 5003738.553253866, "y": 2757053.1523439595, "bearings": {"650_642_0": -102.18205220202293, "650_659_0": -40.6198047322181, "650_641_0": 140.17673991223754}, "angles": {"650_642_0": 117.64120788573953, "650_659_0": 61.56224746980483, "650_641_0": 180.79654464445565}, "adj_sorted": [[650, 642, 0], [650, 659, 0], [650, 641, 0]], "type": "T", "n_corners": 2}, "geometry": {"type": "Point", "coordinates": [19.0902156, 47.54902450000002]}}, {"id": "617", "type": "Feature", "properties": {"x": 5003609.450106831, "y": 2756766.5491495538, "bearings": {"617_614_0": -103.21316405136486, "617_620_0": -9.601317617020124, "617_605_0": 170.43563144745443}, "angles": {"617_614_0": 86.35120450118075, "617_620_0": 93.61184643434473, "617_605_0": 180.03694906447456}, "adj_sorted": [[617, 614, 0], [617, 620, 0], [617, 605, 0]], "type": "T", "n_corners": 2}, "geometry": {"type": "Point", "coordinates": [19.0880592, 47.546609700000026]}}, {"id": "615", "type": "Feature", "properties": {"x": 5003603.244774147, "y": 2756944.4402089207, "bearings": {"615_632_0": -27.01986016478212, "615_641_0": 61.885116055580795, "615_605_0": -111.33616237731822, "615_601_0": 151.2485952369546}, "angles": {"615_605_0": 97.4152423857272, "615_632_0": 84.3163022125361, "615_641_0": 88.90497622036291, "615_601_0": 89.3634791813738}, "adj_sorted": [[615, 605, 0], [615, 632, 0], [615, 641, 0], [615, 601, 0]], "type": "X", "n_corners": 4}, "geometry": {"type": "Point", "coordinates": [19.088258299999996, 47.548203800000024]}}, {"id": "659", "type": "Feature", "properties": {"x": 5003775.737361964, "y": 2757021.259407051, "bearings": {"659_684_0": -39.60874195160275, "659_650_0": 139.38019526778191, "659_651_0": -105.36790363359295}, "angles": {"659_651_0": 115.25190109862513, "659_684_0": 65.7591616819902, "659_650_0": 178.98893721938467}, "adj_sorted": [[659, 651, 0], [659, 684, 0], [659, 650, 0]], "type": "T", "n_corners": 2}, "geometry": {"type": "Point", "coordinates": [19.090655899999994, 47.54869890000001]}}, {"id": "641", "type": "Feature", "properties": {"x": 5003695.9370408105, "y": 2757088.3299614005, "bearings": {"641_650_0": -39.34685341578658, "641_615_0": -127.14467743880998, "641_627_0": 138.45005830525972}, "angles": {"641_615_0": 94.40526425593032, "641_650_0": 87.7978240230234, "641_627_0": 177.79691172104629}, "adj_sorted": [[641, 615, 0], [641, 650, 0], [641, 627, 0]], "type": "T", "n_corners": 2}, "geometry": {"type": "Point", "coordinates": [19.0897088, 47.54938540000004]}}, {"id": "605", "type": "Feature", "properties": {"x": 5003551.443753669, "y": 2756776.3230884047, "bearings": {"605_617_0": -9.564368552545574, "605_615_0": 78.09913362105438, "605_588_0": 170.53888322551052}, "angles": {"605_617_0": 179.8967482219439, "605_615_0": 87.66350217359995, "605_588_0": 92.43974960445614}, "adj_sorted": [[605, 617, 0], [605, 615, 0], [605, 588, 0]], "type": "T", "n_corners": 2}, "geometry": {"type": "Point", "coordinates": [19.0873092, 47.54676090000001]}}, {"id": "651", "type": "Feature", "properties": {"x": 5003741.287627227, "y": 2756876.064275059, "bearings": {"651_644_0": -104.39846781533672, "651_682_0": -26.64345223959356, "651_659_0": 76.746870527253}, "angles": {"651_644_0": 178.8546616574103, "651_682_0": 77.75501557574316, "651_659_0": 103.39032276684655}, "adj_sorted": [[651, 644, 0], [651, 682, 0], [651, 659, 0]], "type": "T", "n_corners": 2}, "geometry": {"type": "Point", "coordinates": [19.089971899999995, 47.54744140000005]}}, {"id": "627", "type": "Feature", "properties": {"x": 5003640.586785136, "y": 2757133.857957414, "bearings": {"627_641_0": -39.25934911423238, "627_601_0": -125.87413148662566, "627_609_0": 141.0299993862297}, "angles": {"627_601_0": 93.09586912714462, "627_641_0": 86.61478237239328, "627_609_0": 180.28934850046207}, "adj_sorted": [[627, 601, 0], [627, 641, 0], [627, 609, 0]], "type": "T", "n_corners": 2}, "geometry": {"type": "Point", "coordinates": [19.089050300000004, 47.5498527]}}, {"id": "601", "type": "Feature", "properties": {"x": 5003539.321091471, "y": 2756977.455146576, "bearings": {"601_615_0": -25.570609000006247, "601_627_0": 63.33670514257217, "601_588_0": -111.02536610357139, "601_583_0": 153.76762349414312}, "angles": {"601_588_0": 95.2070104022855, "601_615_0": 85.45475710356514, "601_627_0": 88.90731414257841, "601_583_0": 90.43091835157095}, "adj_sorted": [[601, 588, 0], [601, 615, 0], [601, 627, 0], [601, 583, 0]], "type": "X", "n_corners": 4}, "geometry": {"type": "Point", "coordinates": [19.087466900000003, 47.54856890000003]}}, {"id": "609", "type": "Feature", "properties": {"x": 5003569.765441419, "y": 2757191.1465795604, "bearings": {"609_627_0": -38.9700006137703, "609_583_0": -126.52582109150724, "609_594_0": 140.23165781515564}, "angles": {"609_583_0": 93.24252109333713, "609_627_0": 87.55582047773694, "609_594_0": 179.20165842892595}, "adj_sorted": [[609, 583, 0], [609, 627, 0], [609, 594, 0]], "type": "T", "n_corners": 2}, "geometry": {"type": "Point", "coordinates": [19.088206200000002, 47.55044200000005]}}, {"id": "573", "type": "Feature", "properties": {"x": 5003395.98088372, "y": 2757334.4895862495, "bearings": {"573_564_0": 138.7731364380327, "573_546_0": -117.22531241129829, "573_581_0": -39.35484656005645}, "angles": {"573_546_0": 104.001551150669, "573_581_0": 77.87046585124185, "573_564_0": 178.12798299808915}, "adj_sorted": [[573, 546, 0], [573, 581, 0], [573, 564, 0]], "type": "T", "n_corners": 2}, "geometry": {"type": "Point", "coordinates": [19.086139199999998, 47.55191270000002]}}, {"id": "581", "type": "Feature", "properties": {"x": 5003447.569920285, "y": 2757292.181917133, "bearings": {"581_559_0": -129.58598314816408, "581_573_0": 140.64515343994356, "581_594_0": -39.364535147285224}, "angles": {"581_559_0": 89.76886341189237, "581_594_0": 90.22144800087885, "581_573_0": 180.00968858722877}, "adj_sorted": [[581, 559, 0], [581, 594, 0], [581, 573, 0]], "type": "T", "n_corners": 2}, "geometry": {"type": "Point", "coordinates": [19.086753200000004, 47.55147830000005]}}, {"id": "481", "type": "Feature", "properties": {"x": 5002973.025084498, "y": 2757550.345746571, "bearings": {"481_536_0": -7.511678082768249, "481_430_0": 171.2270549045089, "481_479_0": -98.12110100744133}, "angles": {"481_479_0": 90.65184408804976, "481_536_0": 90.60942292467308, "481_430_0": 178.73873298727713}, "adj_sorted": [[481, 479, 0], [481, 536, 0], [481, 430, 0]], "type": "T", "n_corners": 2}, "geometry": {"type": "Point", "coordinates": [19.080898099999995, 47.55430510000003]}}, {"id": "527", "type": "Feature", "properties": {"x": 5003171.117727741, "y": 2756568.4795725276, "bearings": {"527_514_0": 170.03592594393953, "527_545_0": -9.288107102197372, "527_516_0": -101.89108955359667}, "angles": {"527_516_0": 88.07298450246378, "527_545_0": 92.6029824513993, "527_514_0": 179.3240330461369}, "adj_sorted": [[527, 516, 0], [527, 545, 0], [527, 514, 0]], "type": "T", "n_corners": 2}, "geometry": {"type": "Point", "coordinates": [19.0819624, 47.54532580000002]}}, {"id": "545", "type": "Feature", "properties": {"x": 5003249.976312406, "y": 2756555.887476975, "bearings": {"545_527_0": 173.07853809080535, "545_534_0": -101.6887292993071, "545_550_0": 78.24358182091852, "545_558_0": -7.811390451965741}, "angles": {"545_534_0": 85.23273260988753, "545_558_0": 93.87733884734136, "545_550_0": 86.05497227288426, "545_527_0": 94.83495626988683}, "adj_sorted": [[545, 534, 0], [545, 558, 0], [545, 550, 0], [545, 527, 0]], "type": "X", "n_corners": 4}, "geometry": {"type": "Point", "coordinates": [19.082983100000003, 47.54512650000006]}}, {"id": "516", "type": "Feature", "properties": {"x": 5003127.867205219, "y": 2756363.0630265432, "bearings": {"516_506_0": 149.97739193580796, "516_527_0": 78.13301382528536, "516_522_0": -40.94082807913444}, "angles": {"516_522_0": 169.0817799850576, "516_527_0": 119.0738419044198, "516_506_0": 71.8443781105226}, "adj_sorted": [[516, 522, 0], [516, 527, 0], [516, 506, 0]], "type": "Y", "n_corners": 2}, "geometry": {"type": "Point", "coordinates": [19.08106749999999, 47.54354060000006]}}, {"id": "550", "type": "Feature", "properties": {"x": 5003270.967009179, "y": 2756656.747473856, "bearings": {"550_520_0": 170.96741685323408, "550_553_0": 78.30398608769305, "550_545_0": -101.75641817908148}, "angles": {"550_545_0": 87.27616496768445, "550_553_0": 180.06040426677453, "550_520_0": 92.66343076554104}, "adj_sorted": [[550, 545, 0], [550, 553, 0], [550, 520, 0]], "type": "T", "n_corners": 2}, "geometry": {"type": "Point", "coordinates": [19.0834193, 47.546003300000045]}}, {"id": "508", "type": "Feature", "properties": {"x": 5003095.838082193, "y": 2756276.452398137, "bearings": {"508_506_0": 146.40132804133813, "508_534_0": -41.25570992582165, "508_522_0": 51.87470532086566}, "angles": {"508_534_0": 172.3429620328402, "508_522_0": 93.1304152466873, "508_506_0": 94.52662272047247}, "adj_sorted": [[508, 534, 0], [508, 522, 0], [508, 506, 0]], "type": "T", "n_corners": 2}, "geometry": {"type": "Point", "coordinates": [19.080508199999997, 47.54280310000006]}}, {"id": "588", "type": "Feature", "properties": {"x": 5003479.519625657, "y": 2756788.2884736187, "bearings": {"588_578_0": -101.75908677690924, "588_605_0": -9.325748333688336, "588_601_0": 76.35903463476129, "588_572_0": 169.68303098060943}, "angles": {"588_578_0": 88.55788224248136, "588_605_0": 92.4333384432209, "588_601_0": 85.68478296844962, "588_572_0": 93.32399634584814}, "adj_sorted": [[588, 578, 0], [588, 605, 0], [588, 601, 0], [588, 572, 0]], "type": "X", "n_corners": 4}, "geometry": {"type": "Point", "coordinates": [19.086378999999994, 47.54694700000002]}}, {"id": "562", "type": "Feature", "properties": {"x": 5003335.987323824, "y": 2756543.2501737014, "bearings": {"562_566_0": -9.424654008912462, "562_558_0": 170.53119046635013, "562_572_0": 77.86360549451092}, "angles": {"562_566_0": 180.04415552473742, "562_572_0": 87.28825950342338, "562_558_0": 92.6675849718392}, "adj_sorted": [[562, 566, 0], [562, 572, 0], [562, 558, 0]], "type": "T", "n_corners": 2}, "geometry": {"type": "Point", "coordinates": [19.084098099999995, 47.54491890000004]}}, {"id": "554", "type": "Feature", "properties": {"x": 5003286.012145511, "y": 2756207.511108752, "bearings": {"554_547_0": 131.29715098113974, "554_561_0": -49.213767327222776, "554_566_0": 37.56292418980291}, "angles": {"554_561_0": 179.4890816916375, "554_566_0": 86.77669151702568, "554_547_0": 93.73422679133682}, "adj_sorted": [[554, 561, 0], [554, 566, 0], [554, 547, 0]], "type": "T", "n_corners": 2}, "geometry": {"type": "Point", "coordinates": [19.082908700000004, 47.54197830000001]}}, {"id": "572", "type": "Feature", "properties": {"x": 5003392.10381096, "y": 2756804.2013655594, "bearings": {"572_557_0": 170.8432200727546, "572_588_0": -10.31696901939057, "572_562_0": -102.1363945054891, "572_583_0": 79.42212543140548}, "angles": {"572_562_0": 87.02038542175632, "572_588_0": 91.81942548609852, "572_583_0": 89.73909445079605, "572_557_0": 91.42109464134913}, "adj_sorted": [[572, 562, 0], [572, 588, 0], [572, 583, 0], [572, 557, 0]], "type": "X", "n_corners": 4}, "geometry": {"type": "Point", "coordinates": [19.0852506, 47.54718540000003]}}, {"id": "558", "type": "Feature", "properties": {"x": 5003309.007896679, "y": 2756547.7498845565, "bearings": {"558_545_0": 172.14601054552844, "558_562_0": -9.468809533649887, "558_544_0": -101.68227501133879}, "angles": {"558_544_0": 86.17171444313277, "558_562_0": 92.2134654776889, "558_545_0": 181.61482007917832}, "adj_sorted": [[558, 544, 0], [558, 562, 0], [558, 545, 0]], "type": "T", "n_corners": 2}, "geometry": {"type": "Point", "coordinates": [19.0837492, 47.544988800000006]}}, {"id": "583", "type": "Feature", "properties": {"x": 5003457.155137579, "y": 2757017.461706467, "bearings": {"583_601_0": -25.666452892380946, "583_609_0": 63.394922996424654, "583_572_0": -112.71424171120937, "583_570_0": 152.3020592184142}, "angles": {"583_572_0": 94.98369907037642, "583_601_0": 87.04778881882842, "583_609_0": 89.0613758888056, "583_570_0": 88.90713622198955}, "adj_sorted": [[583, 572, 0], [583, 601, 0], [583, 609, 0], [583, 570, 0]], "type": "X", "n_corners": 4}, "geometry": {"type": "Point", "coordinates": [19.086445799999993, 47.54901650000001]}}, {"id": "522", "type": "Feature", "properties": {"x": 5003149.252212522, "y": 2756344.5120627307, "bearings": {"522_516_0": 139.05917192086557, "522_508_0": -128.12529467913433, "522_534_0": -39.77928250354435}, "angles": {"522_508_0": 92.8155334000001, "522_534_0": 88.34601217558998, "522_516_0": 178.83845442440992}, "adj_sorted": [[522, 508, 0], [522, 534, 0], [522, 516, 0]], "type": "T", "n_corners": 2}, "geometry": {"type": "Point", "coordinates": [19.081320399999996, 47.54335149999999]}}, {"id": "534", "type": "Feature", "properties": {"x": 5003198.866698003, "y": 2756303.22391844, "bearings": {"534_545_0": 85.45826369769162, "534_508_0": -106.0600209734389, "534_522_0": 140.3518025382501, "534_544_0": -47.20652243103626}, "angles": {"534_508_0": 113.588176488311, "534_544_0": 58.85349854240263, "534_545_0": 132.66478612872788, "534_522_0": 54.89353884055848}, "adj_sorted": [[534, 508, 0], [534, 544, 0], [534, 545, 0], [534, 522, 0]], "type": "other", "n_corners": 4}, "geometry": {"type": "Point", "coordinates": [19.081909899999992, 47.54292840000001]}}, {"id": "395", "type": "Feature", "properties": {"x": 5002676.281545828, "y": 2756926.208226583, "bearings": {"395_453_0": -8.852173810480867, "395_393_0": -97.04281129193268, "395_401_0": 78.11754882075506, "395_366_0": 169.675693688161}, "angles": {"395_393_0": 93.28149501990629, "395_453_0": 88.19063748145182, "395_401_0": 86.96972263123592, "395_366_0": 91.55814486740594}, "adj_sorted": [[395, 393, 0], [395, 453, 0], [395, 401, 0], [395, 366, 0]], "type": "X", "n_corners": 4}, "geometry": {"type": "Point", "coordinates": [19.075997, 47.54906310000002]}}, {"id": "450", "type": "Feature", "properties": {"x": 5002852.837620288, "y": 2756853.3102810835, "bearings": {"450_445_0": -101.49958213284692, "450_453_0": 78.46166441764778, "450_393_0": 170.18303177669574}, "angles": {"450_445_0": 88.31738609045732, "450_453_0": 179.9612465504947, "450_393_0": 91.72136735904796}, "adj_sorted": [[450, 445, 0], [450, 453, 0], [450, 393, 0]], "type": "T", "n_corners": 2}, "geometry": {"type": "Point", "coordinates": [19.078211899999996, 47.548218100000035]}}, {"id": "464", "type": "Feature", "properties": {"x": 5002902.259850474, "y": 2756762.43796385, "bearings": {"464_445_0": 170.66320856745833, "464_471_0": -7.151311100139209, "464_460_0": -97.97854625335724}, "angles": {"464_460_0": 91.35824517918445, "464_471_0": 90.82723515321803, "464_445_0": 177.81451966759752}, "adj_sorted": [[464, 460, 0], [464, 471, 0], [464, 445, 0]], "type": "T", "n_corners": 2}, "geometry": {"type": "Point", "coordinates": [19.078720699999998, 47.547352800000034]}}, {"id": "393", "type": "Feature", "properties": {"x": 5002670.59775007, "y": 2756885.0707697053, "bearings": {"393_395_0": 80.21977299134902, "393_450_0": -9.958586846235146, "393_389_0": -99.80366059615996}, "angles": {"393_389_0": 179.97656641249102, "393_450_0": 89.84507374992481, "393_395_0": 90.17835983758417}, "adj_sorted": [[393, 389, 0], [393, 450, 0], [393, 395, 0]], "type": "T", "n_corners": 2}, "geometry": {"type": "Point", "coordinates": [19.0758571, 47.54870230000002]}}, {"id": "401", "type": "Feature", "properties": {"x": 5002698.18151851, "y": 2757047.3392437864, "bearings": {"401_395_0": -99.64532882095104, "401_356_0": 170.97606770889507, "401_408_0": 80.16754276956776}, "angles": {"401_395_0": 89.3786034701539, "401_408_0": 179.8128715905188, "401_356_0": 90.80852493932731}, "adj_sorted": [[401, 395, 0], [401, 408, 0], [401, 356, 0]], "type": "T", "n_corners": 2}, "geometry": {"type": "Point", "coordinates": [19.0764771, 47.55011980000004]}}, {"id": "366", "type": "Feature", "properties": {"x": 5002556.375364771, "y": 2756948.051424019, "bearings": {"366_360_0": -99.10945012659137, "366_395_0": -10.324306311839006, "366_351_0": 168.2100070026679}, "angles": {"366_360_0": 92.68054287074074, "366_395_0": 88.78514381475236, "366_351_0": 178.5343133145069}, "adj_sorted": [[366, 360, 0], [366, 395, 0], [366, 351, 0]], "type": "T", "n_corners": 2}, "geometry": {"type": "Point", "coordinates": [19.074449099999995, 47.54939010000003]}}, {"id": "389", "type": "Feature", "properties": {"x": 5002656.9095922895, "y": 2756805.8491750206, "bearings": {"389_379_0": -100.28726868347132, "389_360_0": 170.73592679299924, "389_393_0": 80.2063177301678, "389_412_0": -9.299494874767792}, "angles": {"389_379_0": 88.97680452352944, "389_412_0": 90.98777380870354, "389_393_0": 89.50581260493558, "389_360_0": 90.52960906283144}, "adj_sorted": [[389, 379, 0], [389, 412, 0], [389, 393, 0], [389, 360, 0]], "type": "X", "n_corners": 4}, "geometry": {"type": "Point", "coordinates": [19.075551500000007, 47.54801050000006]}}, {"id": "408", "type": "Feature", "properties": {"x": 5002717.774200666, "y": 2757171.973719777, "bearings": {"408_415_0": 79.27420169756476, "408_401_0": -85.50185091866473, "408_361_0": 168.87226623608348}, "angles": {"408_401_0": 105.6258828452518, "408_415_0": 164.7760526162295, "408_361_0": 89.59806453851871}, "adj_sorted": [[408, 401, 0], [408, 415, 0], [408, 361, 0]], "type": "Y", "n_corners": 3}, "geometry": {"type": "Point", "coordinates": [19.076932299999996, 47.55121030000004]}}, {"id": "468", "type": "Feature", "properties": {"x": 5002926.0041527925, "y": 2757283.730775609, "bearings": {"468_463_0": -99.36655224018435, "468_496_0": -26.676855760615286, "468_474_0": 79.40323057538899, "468_415_0": 172.66380025977506}, "angles": {"468_463_0": 87.9696475000406, "468_496_0": 72.68969647956906, "468_474_0": 106.08008633600427, "468_415_0": 93.26056968438607}, "adj_sorted": [[468, 463, 0], [468, 496, 0], [468, 474, 0], [468, 415, 0]], "type": "other", "n_corners": 4}, "geometry": {"type": "Point", "coordinates": [19.07985669999999, 47.55197800000002]}}, {"id": "412", "type": "Feature", "properties": {"x": 5002727.181217613, "y": 2756794.2970462176, "bearings": {"412_445_0": -10.846212425083678, "412_424_0": -100.37089653252757, "412_389_0": 170.67445187110891}, "angles": {"412_424_0": 88.95465159636353, "412_445_0": 89.52468410744389, "412_389_0": 181.5206642961926}, "adj_sorted": [[412, 424, 0], [412, 445, 0], [412, 389, 0]], "type": "T", "n_corners": 2}, "geometry": {"type": "Point", "coordinates": [19.076460600000008, 47.54783000000002]}}, {"id": "429", "type": "Feature", "properties": {"x": 5002784.859665881, "y": 2755395.3113095923, "bearings": {"429_374_0": 170.04822144495287, "429_419_0": -101.17412700561158, "429_490_0": -12.90253778012325, "429_440_0": 80.57864453189353}, "angles": {"429_419_0": 88.77765154943552, "429_490_0": 88.27158922548833, "429_440_0": 93.48118231201678, "429_374_0": 89.46957691305934}, "adj_sorted": [[429, 419, 0], [429, 490, 0], [429, 440, 0], [429, 374, 0]], "type": "X", "n_corners": 4}, "geometry": {"type": "Point", "coordinates": [19.075015300000004, 47.53528350000001]}}, {"id": "490", "type": "Feature", "properties": {"x": 5003002.044664187, "y": 2755357.6314747743, "bearings": {"490_525_0": -9.767322496230381, "490_482_0": -101.3567050386358, "490_429_0": 170.2397165311773, "490_494_0": 78.69211403226555}, "angles": {"490_482_0": 88.40357843018694, "490_525_0": 91.58938254240542, "490_494_0": 88.45943652849593, "490_429_0": 91.54760249891174}, "adj_sorted": [[490, 482, 0], [490, 525, 0], [490, 494, 0], [490, 429, 0]], "type": "X", "n_corners": 4}, "geometry": {"type": "Point", "coordinates": [19.077821200000002, 47.53470800000004]}}, {"id": "440", "type": "Feature", "properties": {"x": 5002814.747938255, "y": 2755565.7073480356, "bearings": {"440_382_0": 170.4264506594957, "440_447_0": 80.06018448543941, "440_429_0": -99.6774744497795, "440_494_0": -8.678800368015326}, "angles": {"440_429_0": 89.89607489072478, "440_494_0": 90.99867408176416, "440_447_0": 88.73898485345474, "440_382_0": 90.3662661740563}, "adj_sorted": [[440, 429, 0], [440, 494, 0], [440, 447, 0], [440, 382, 0]], "type": "X", "n_corners": 4}, "geometry": {"type": "Point", "coordinates": [19.075678299999993, 47.536771000000044]}}, {"id": "494", "type": "Feature", "properties": {"x": 5003035.568570447, "y": 2755527.559535815, "bearings": {"494_541_0": -9.507629323426027, "494_490_0": -100.94845176855719, "494_440_0": 170.15640103543493, "494_502_0": 77.94403901840465}, "angles": {"494_490_0": 88.89514719600788, "494_541_0": 91.44082244513116, "494_502_0": 87.45166834183068, "494_440_0": 92.21236201703027}, "adj_sorted": [[494, 490, 0], [494, 541, 0], [494, 502, 0], [494, 440, 0]], "type": "X", "n_corners": 4}, "geometry": {"type": "Point", "coordinates": [19.078531499999997, 47.53618730000001]}}, {"id": "369", "type": "Feature", "properties": {"x": 5002564.643095809, "y": 2754987.92990286, "bearings": {"369_338_0": -125.85429403174429, "369_337_0": 143.80470559229067, "369_383_0": 52.45992101879787}, "angles": {"369_338_0": 90.34100037596505, "369_383_0": 178.31421505054215, "369_337_0": 91.3447845734928}, "adj_sorted": [[369, 338, 0], [369, 383, 0], [369, 337, 0]], "type": "T", "n_corners": 2}, "geometry": {"type": "Point", "coordinates": [19.071467899999995, 47.53189100000003]}}, {"id": "364", "type": "Feature", "properties": {"x": 5002538.746003461, "y": 2755162.7126838593, "bearings": {"364_372_0": 54.036503129276895, "364_337_0": -126.51543704557133, "364_383_0": -40.24504002754095}, "angles": {"364_337_0": 179.44805982515177, "364_383_0": 86.27039701803038, "364_372_0": 94.28154315681785}, "adj_sorted": [[364, 337, 0], [364, 383, 0], [364, 372, 0]], "type": "T", "n_corners": 2}, "geometry": {"type": "Point", "coordinates": [19.071401699999992, 47.53347910000001]}}, {"id": "390", "type": "Feature", "properties": {"x": 5002664.924506585, "y": 2755785.7319372427, "bearings": {"390_344_0": 170.02248223564115, "390_382_0": -100.01521552739783, "390_399_0": 79.97655179337464, "390_447_0": -9.495258390143183}, "angles": {"390_382_0": 89.96230223696102, "390_447_0": 90.51995713725465, "390_399_0": 89.47181018351782, "390_344_0": 90.04593044226651}, "adj_sorted": [[390, 382, 0], [390, 447, 0], [390, 399, 0], [390, 344, 0]], "type": "X", "n_corners": 4}, "geometry": {"type": "Point", "coordinates": [19.074048500000007, 47.538899300000004]}}, {"id": "502", "type": "Feature", "properties": {"x": 5003070.777265158, "y": 2755692.68678649, "bearings": {"502_541_0": -11.020653170750485, "502_494_0": -101.76911399206729, "502_503_0": 77.78261914516726}, "angles": {"502_494_0": 180.44826686276545, "502_541_0": 90.7484608213168, "502_503_0": 88.80327231591775}, "adj_sorted": [[502, 494, 0], [502, 541, 0], [502, 503, 0]], "type": "T", "n_corners": 2}, "geometry": {"type": "Point", "coordinates": [19.079256499999996, 47.53762190000001]}}, {"id": "498", "type": "Feature", "properties": {"x": 5003054.252332239, "y": 2755719.8965337053, "bearings": {"498_447_0": 170.2247589659169, "498_503_0": -8.751186031026384, "498_484_0": -149.93184295209022}, "angles": {"498_484_0": 39.84339808199286, "498_503_0": 141.18065692106384, "498_447_0": 178.97594499694327}, "adj_sorted": [[498, 484, 0], [498, 503, 0], [498, 447, 0]], "type": "Y", "n_corners": 2}, "geometry": {"type": "Point", "coordinates": [19.079081399999993, 47.53788290000001]}}, {"id": "194", "type": "Feature", "properties": {"x": 5001951.473491971, "y": 2755641.8065397968, "bearings": {"194_188_0": -99.3608278468335, "194_197_0": 79.71541496787964, "194_220_0": -8.371480569232762, "194_142_0": 171.62574331337962}, "angles": {"194_188_0": 89.01342883978691, "194_220_0": 90.98934727760074, "194_197_0": 88.0868955371124, "194_142_0": 91.91032834549998}, "adj_sorted": [[194, 188, 0], [194, 220, 0], [194, 197, 0], [194, 142, 0]], "type": "X", "n_corners": 4}, "geometry": {"type": "Point", "coordinates": [19.064408399999998, 47.53840050000001]}}, {"id": "103", "type": "Feature", "properties": {"x": 5001657.319050106, "y": 2755227.7603328107, "bearings": {"103_113_0": 81.44759391469432, "103_79_0": -101.66126521824077, "103_125_0": -10.163272846654058}, "angles": {"103_79_0": 176.8911408670649, "103_125_0": 91.49799237158672, "103_113_0": 91.61086676134838}, "adj_sorted": [[103, 79, 0], [103, 125, 0], [103, 113, 0]], "type": "T", "n_corners": 2}, "geometry": {"type": "Point", "coordinates": [19.059875499999997, 47.53502950000002]}}, {"id": "220", "type": "Feature", "properties": {"x": 5002057.543275841, "y": 2755626.1975417333, "bearings": {"220_216_0": -99.914644884711, "220_194_0": 171.628940162314, "220_222_0": 81.11850176785374}, "angles": {"220_216_0": 88.45641495297502, "220_222_0": 181.03314665256474, "220_194_0": 90.51043839446025}, "adj_sorted": [[220, 216, 0], [220, 222, 0], [220, 194, 0]], "type": "T", "n_corners": 2}, "geometry": {"type": "Point", "coordinates": [19.06578329999999, 47.538144500000065]}}, {"id": "79", "type": "Feature", "properties": {"x": 5001542.32528189, "y": 2754639.008684357, "bearings": {"79_103_0": 79.03727065847156, "79_74_0": -101.07016762819578, "79_84_0": -8.25982000106632}, "angles": {"79_74_0": 179.89256171333267, "79_84_0": 92.81034762712946, "79_103_0": 87.29709065953787}, "adj_sorted": [[79, 74, 0], [79, 84, 0], [79, 103, 0]], "type": "T", "n_corners": 2}, "geometry": {"type": "Point", "coordinates": [19.057431899999997, 47.52990240000006]}}, {"id": "125", "type": "Feature", "properties": {"x": 5001730.82260731, "y": 2755215.2133013913, "bearings": {"125_103_0": 170.46585382926435, "125_84_0": -101.57079753777305, "125_157_0": -9.533583883117558}, "angles": {"125_84_0": 87.9633486329626, "125_157_0": 92.03721365465549, "125_103_0": 179.9994377123819}, "adj_sorted": [[125, 84, 0], [125, 157, 0], [125, 103, 0]], "type": "T", "n_corners": 2}, "geometry": {"type": "Point", "coordinates": [19.0608255, 47.53483670000005]}}, {"id": "223", "type": "Feature", "properties": {"x": 5002067.160349074, "y": 2754199.751672213, "bearings": {"223_260_0": -10.268118479252058, "223_218_0": -100.01948062353827, "223_227_0": 80.91888707538448, "223_182_0": 169.59524376888314}, "angles": {"223_218_0": 90.38527560757859, "223_260_0": 89.75136214428622, "223_227_0": 91.18700555463653, "223_182_0": 88.67635669349866}, "adj_sorted": [[223, 218, 0], [223, 260, 0], [223, 227, 0], [223, 182, 0]], "type": "X", "n_corners": 4}, "geometry": {"type": "Point", "coordinates": [19.063663899999998, 47.525405600000006]}}, {"id": "260", "type": "Feature", "properties": {"x": 5002201.381475419, "y": 2754175.4421773283, "bearings": {"260_223_0": 169.73872546462528, "260_300_0": -9.646412993556664, "260_256_0": -100.30983179059233, "260_264_0": 80.24147358093145}, "angles": {"260_256_0": 89.95144274478241, "260_300_0": 90.66341879703566, "260_264_0": 89.88788657448812, "260_223_0": 89.49725188369382}, "adj_sorted": [[260, 256, 0], [260, 300, 0], [260, 264, 0], [260, 223, 0]], "type": "X", "n_corners": 4}, "geometry": {"type": "Point", "coordinates": [19.065396099999994, 47.52504100000004]}}, {"id": "218", "type": "Feature", "properties": {"x": 5002050.226388063, "y": 2754103.1120658997, "bearings": {"218_223_0": 80.12472669142768, "218_251_0": -43.394949272455925, "218_215_0": -99.30795846286705, "218_177_0": 167.5511386077786}, "angles": {"218_215_0": 93.14090292935435, "218_251_0": 55.913009190411124, "218_223_0": 123.5196759638836, "218_177_0": 87.42641191635092}, "adj_sorted": [[218, 215, 0], [218, 251, 0], [218, 223, 0], [218, 177, 0]], "type": "other", "n_corners": 4}, "geometry": {"type": "Point", "coordinates": [19.063288399999994, 47.52456190000004]}}, {"id": "227", "type": "Feature", "properties": {"x": 5002082.413587887, "y": 2754295.220463716, "bearings": {"227_232_0": 81.05598024210994, "227_185_0": 171.1566374217876, "227_223_0": -99.06169348227623, "227_264_0": -9.938700408379278}, "angles": {"227_223_0": 89.7816690959362, "227_264_0": 89.12299307389695, "227_232_0": 90.99468065048922, "227_185_0": 90.10065717967765}, "adj_sorted": [[227, 223, 0], [227, 264, 0], [227, 232, 0], [227, 185, 0]], "type": "X", "n_corners": 4}, "geometry": {"type": "Point", "coordinates": [19.06401539999999, 47.52624070000004]}}, {"id": "182", "type": "Feature", "properties": {"x": 5001915.079393972, "y": 2754229.214265071, "bearings": {"182_185_0": 80.40728554244969, "182_223_0": -10.936172108362959, "182_177_0": -103.12296397563021}, "angles": {"182_177_0": 176.4697504819201, "182_223_0": 92.18679186726726, "182_185_0": 91.34345765081264}, "adj_sorted": [[182, 177, 0], [182, 223, 0], [182, 185, 0]], "type": "T", "n_corners": 2}, "geometry": {"type": "Point", "coordinates": [19.061704199999998, 47.52583580000003]}}, {"id": "300", "type": "Feature", "properties": {"x": 5002359.642788962, "y": 2754148.542393077, "bearings": {"300_260_0": 170.35358700644335, "300_309_0": -9.071814107582652, "300_304_0": 81.15651958811964, "300_296_0": -99.85450370025889}, "angles": {"300_296_0": 89.79190929329775, "300_309_0": 90.78268959267623, "300_304_0": 90.22833369570229, "300_260_0": 89.19706741832371}, "adj_sorted": [[300, 296, 0], [300, 309, 0], [300, 304, 0], [300, 260, 0]], "type": "X", "n_corners": 4}, "geometry": {"type": "Point", "coordinates": [19.067441299999995, 47.524626800000014]}}, {"id": "256", "type": "Feature", "properties": {"x": 5002184.880724229, "y": 2754084.716467163, "bearings": {"256_260_0": 79.69336037376007, "256_251_0": -100.98837332844869, "256_298_0": -9.350547718070047}, "angles": {"256_251_0": 179.31826629779124, "256_298_0": 91.63782561037864, "256_260_0": 89.04390809183012}, "adj_sorted": [[256, 251, 0], [256, 298, 0], [256, 260, 0]], "type": "T", "n_corners": 2}, "geometry": {"type": "Point", "coordinates": [19.06503560000001, 47.52424960000005]}}, {"id": "264", "type": "Feature", "properties": {"x": 5002217.898880364, "y": 2754271.4821787374, "bearings": {"264_260_0": -99.75852641906855, "264_227_0": 170.43070418259273, "264_304_0": -9.234193562811347, "264_271_0": 80.23786507035486}, "angles": {"264_260_0": 89.81076939833872, "264_304_0": 90.5243328562572, "264_271_0": 89.4720586331662, "264_227_0": 90.19283911223788}, "adj_sorted": [[264, 260, 0], [264, 304, 0], [264, 271, 0], [264, 227, 0]], "type": "X", "n_corners": 4}, "geometry": {"type": "Point", "coordinates": [19.0657652, 47.52587980000002]}}, {"id": "251", "type": "Feature", "properties": {"x": 5002168.825853245, "y": 2754005.745842045, "bearings": {"251_281_0": -34.62311484521227, "251_218_0": 148.03208344304497, "251_256_0": 75.16368713418063, "251_239_0": -105.2434979010885}, "angles": {"251_239_0": 106.72441865586654, "251_281_0": 70.62038305587623, "251_256_0": 109.7868019793929, "251_218_0": 72.86839630886433}, "adj_sorted": [[251, 239, 0], [251, 281, 0], [251, 256, 0], [251, 218, 0]], "type": "X", "n_corners": 4}, "geometry": {"type": "Point", "coordinates": [19.0646995, 47.52356260000003]}}, {"id": "215", "type": "Feature", "properties": {"x": 5002034.510989206, "y": 2754006.925481211, "bearings": {"215_218_0": 80.74239405827112, "215_211_0": -99.20100867951433, "215_174_0": 167.50613438640855}, "angles": {"215_211_0": 93.29285693407712, "215_218_0": 179.94340273778545, "215_174_0": 86.76374032813743}, "adj_sorted": [[215, 211, 0], [215, 218, 0], [215, 174, 0]], "type": "T", "n_corners": 2}, "geometry": {"type": "Point", "coordinates": [19.062929700000005, 47.523720900000015]}}, {"id": "177", "type": "Feature", "properties": {"x": 5001893.73864313, "y": 2754137.658036398, "bearings": {"177_218_0": -12.454440189331793, "177_182_0": 76.73399917545936, "177_174_0": -101.354335610355, "177_150_0": 167.58289914889704}, "angles": {"177_174_0": 91.06276524074798, "177_218_0": 88.8998954210232, "177_182_0": 89.18843936479115, "177_150_0": 90.84889997343768}, "adj_sorted": [[177, 174, 0], [177, 218, 0], [177, 182, 0], [177, 150, 0]], "type": "X", "n_corners": 4}, "geometry": {"type": "Point", "coordinates": [19.0612786, 47.52504230000004]}}, {"id": "309", "type": "Feature", "properties": {"x": 5002392.567131721, "y": 2754143.279519492, "bearings": {"309_325_0": 65.70244607565559, "309_300_0": 170.89262748925916, "309_354_0": -35.86491253299866, "309_298_0": -116.12658634085484}, "angles": {"309_298_0": 72.98078616988602, "309_354_0": 80.26167380785618, "309_325_0": 101.56735860865425, "309_300_0": 105.19018141360357}, "adj_sorted": [[309, 298, 0], [309, 354, 0], [309, 325, 0], [309, 300, 0]], "type": "other", "n_corners": 4}, "geometry": {"type": "Point", "coordinates": [19.0678673, 47.52454360000002]}}, {"id": "304", "type": "Feature", "properties": {"x": 5002374.801621011, "y": 2754245.973376299, "bearings": {"304_325_0": -11.25039363821929, "304_300_0": -98.84348041188038, "304_264_0": 170.76580643718867, "304_315_0": 79.21165259781974}, "angles": {"304_300_0": 90.39071315093094, "304_325_0": 87.59308677366108, "304_315_0": 90.46204623603903, "304_264_0": 91.55415383936894}, "adj_sorted": [[304, 300, 0], [304, 325, 0], [304, 315, 0], [304, 264, 0]], "type": "X", "n_corners": 4}, "geometry": {"type": "Point", "coordinates": [19.067794699999993, 47.52547950000002]}}, {"id": "298", "type": "Feature", "properties": {"x": 5002348.393513969, "y": 2754053.2188145523, "bearings": {"298_281_0": -116.61933830683111, "298_334_0": -39.310880216303595, "298_256_0": 144.39662642209322, "298_309_0": 63.86327972828613}, "angles": {"298_281_0": 98.98403527107564, "298_334_0": 77.30845809052752, "298_309_0": 103.17415994458972, "298_256_0": 80.53334669380709}, "adj_sorted": [[298, 281, 0], [298, 334, 0], [298, 309, 0], [298, 256, 0]], "type": "X", "n_corners": 4}, "geometry": {"type": "Point", "coordinates": [19.067142800000003, 47.52378860000002]}}, {"id": "271", "type": "Feature", "properties": {"x": 5002240.299003883, "y": 2754401.677998961, "bearings": {"271_232_0": 170.3113066512065, "271_264_0": -99.76213492964514, "271_273_0": 80.25343898250306, "271_315_0": -9.647797979985725}, "angles": {"271_264_0": 89.92655841914836, "271_315_0": 90.11433694965942, "271_273_0": 89.90123696248878, "271_232_0": 90.05786766870345}, "adj_sorted": [[271, 264, 0], [271, 315, 0], [271, 273, 0], [271, 232, 0]], "type": "X", "n_corners": 4}, "geometry": {"type": "Point", "coordinates": [19.066265699999995, 47.52701690000002]}}, {"id": "239", "type": "Feature", "properties": {"x": 5002125.040827581, "y": 2753863.0300144358, "bearings": {"239_269_0": -27.486880294235057, "239_251_0": 72.72493317661853, "239_211_0": 152.2720838671931, "239_228_0": -107.24793085514125}, "angles": {"239_228_0": 100.47998527766566, "239_269_0": 79.7610505609062, "239_251_0": 100.2118134708536, "239_211_0": 79.54715069057455}, "adj_sorted": [[239, 228, 0], [239, 269, 0], [239, 251, 0], [239, 211, 0]], "type": "X", "n_corners": 4}, "geometry": {"type": "Point", "coordinates": [19.0638973, 47.52233730000003]}}, {"id": "211", "type": "Feature", "properties": {"x": 5002019.668563219, "y": 2753915.295796575, "bearings": {"211_215_0": 80.79899132048568, "211_239_0": -18.525741043180364, "211_207_0": -99.19926970087603, "211_186_0": 168.5924575574898}, "angles": {"211_207_0": 92.20827274163418, "211_239_0": 80.67352865769567, "211_215_0": 99.32473236366604, "211_186_0": 87.79346623700413}, "adj_sorted": [[211, 207, 0], [211, 239, 0], [211, 215, 0], [211, 186, 0]], "type": "X", "n_corners": 4}, "geometry": {"type": "Point", "coordinates": [19.062589699999997, 47.52291960000002]}}, {"id": "174", "type": "Feature", "properties": {"x": 5001874.643171946, "y": 2754042.3331681574, "bearings": {"174_215_0": -12.487669492260698, "174_177_0": 78.67210477012604, "174_144_0": 167.51491940468145, "174_169_0": -101.4843423791823}, "angles": {"174_169_0": 91.00073821613626, "174_215_0": 88.9966728869216, "174_177_0": 91.15977426238673, "174_144_0": 88.84281463455541}, "adj_sorted": [[174, 169, 0], [174, 215, 0], [174, 177, 0], [174, 144, 0]], "type": "X", "n_corners": 4}, "geometry": {"type": "Point", "coordinates": [19.060876700000005, 47.52421270000001]}}, {"id": "150", "type": "Feature", "properties": {"x": 5001798.234984849, "y": 2754158.733688728, "bearings": {"150_162_0": 66.63706384873662, "150_177_0": -12.531899183977346, "150_118_0": 167.5530558821644, "150_144_0": -101.6029983490075}, "angles": {"150_144_0": 90.84394576882812, "150_177_0": 89.07109916503016, "150_162_0": 79.16896303271396, "150_118_0": 100.91599203342777}, "adj_sorted": [[150, 144, 0], [150, 177, 0], [150, 162, 0], [150, 118, 0]], "type": "X", "n_corners": 4}, "geometry": {"type": "Point", "coordinates": [19.060052, 47.525335400000046]}}, {"id": "273", "type": "Feature", "properties": {"x": 5002261.381667052, "y": 2754524.416009836, "bearings": {"273_271_0": -99.74656101749696, "273_321_0": -9.061121845143832, "273_243_0": 171.03931485115842, "273_275_0": 80.25901461575495}, "angles": {"273_271_0": 89.21412413134465, "273_321_0": 90.68543917235313, "273_275_0": 89.32013646089878, "273_243_0": 90.78030023540347}, "adj_sorted": [[273, 271, 0], [273, 321, 0], [273, 275, 0], [273, 243, 0]], "type": "X", "n_corners": 4}, "geometry": {"type": "Point", "coordinates": [19.066737100000005, 47.52808890000005]}}, {"id": "315", "type": "Feature", "properties": {"x": 5002399.320840632, "y": 2754374.649799927, "bearings": {"315_346_0": -9.122701490649973, "315_304_0": -100.78834740218026, "315_271_0": 170.39368817202993}, "angles": {"315_304_0": 88.8179644257898, "315_346_0": 91.66564591153029, "315_271_0": 179.5163896626799}, "adj_sorted": [[315, 304, 0], [315, 346, 0], [315, 271, 0]], "type": "T", "n_corners": 2}, "geometry": {"type": "Point", "coordinates": [19.0683208, 47.526600700000046]}}, {"id": "279", "type": "Feature", "properties": {"x": 5002281.348209128, "y": 2754647.98047369, "bearings": {"279_244_0": 170.36923631606768, "279_275_0": -98.8890330059233, "279_289_0": -10.271574787050906, "279_282_0": 79.7601152795185}, "angles": {"279_275_0": 90.74173067800905, "279_289_0": 88.61745821887239, "279_282_0": 90.03169006656941, "279_244_0": 90.60912103654918}, "adj_sorted": [[279, 275, 0], [279, 289, 0], [279, 282, 0], [279, 244, 0]], "type": "X", "n_corners": 4}, "geometry": {"type": "Point", "coordinates": [19.0671951, 47.52916949999998]}}, {"id": "321", "type": "Feature", "properties": {"x": 5002416.662409958, "y": 2754499.6169804335, "bearings": {"321_336_0": -9.790873551673142, "321_273_0": 170.93965856666946, "321_318_0": 99.05832651197045}, "angles": {"321_336_0": 179.2694678816574, "321_318_0": 108.8492000636436, "321_273_0": 71.88133205469902}, "adj_sorted": [[321, 336, 0], [321, 318, 0], [321, 273, 0]], "type": "T", "n_corners": 2}, "geometry": {"type": "Point", "coordinates": [19.06874639999999, 47.52769670000007]}}, {"id": "275", "type": "Feature", "properties": {"x": 5002268.589148606, "y": 2754566.400658306, "bearings": {"275_273_0": -99.74098538424505, "275_279_0": 81.11096699407672, "275_318_0": -9.557317409605067}, "angles": {"275_273_0": 179.14804762167824, "275_318_0": 90.18366797463999, "275_279_0": 90.66828440368178}, "adj_sorted": [[275, 273, 0], [275, 318, 0], [275, 279, 0]], "type": "T", "n_corners": 2}, "geometry": {"type": "Point", "coordinates": [19.066898300000002, 47.528455600000036]}}, {"id": "217", "type": "Feature", "properties": {"x": 5002049.684627351, "y": 2756579.961615185, "bearings": {"217_257_0": -8.153732667262844, "217_212_0": -104.88045497527128, "217_225_0": 78.16941161815114, "217_187_0": 171.83905904411597}, "angles": {"217_212_0": 83.28048598061275, "217_257_0": 96.72672230800843, "217_225_0": 86.32314428541399, "217_187_0": 93.66964742596483}, "adj_sorted": [[217, 212, 0], [217, 257, 0], [217, 225, 0], [217, 187, 0]], "type": "X", "n_corners": 4}, "geometry": {"type": "Point", "coordinates": [19.0671823, 47.546663599999995]}}, {"id": "479", "type": "Feature", "properties": {"x": 5002970.8136348035, "y": 2757533.8666884936, "bearings": {"479_474_0": -99.15291367128115, "479_481_0": 83.08446661103707, "479_512_0": -7.873257670114466}, "angles": {"479_474_0": 177.7626197176818, "479_512_0": 91.27965600116669, "479_481_0": 90.95772428115154}, "adj_sorted": [[479, 474, 0], [479, 512, 0], [479, 481, 0]], "type": "T", "n_corners": 2}, "geometry": {"type": "Point", "coordinates": [19.080842899999997, 47.55416050000004]}}, {"id": "228", "type": "Feature", "properties": {"x": 5002094.6793947015, "y": 2753765.362586327, "bearings": {"228_255_0": -28.6128170818547, "228_239_0": 72.7430082584717, "228_207_0": 151.40891270252527}, "angles": {"228_255_0": 179.97827021562003, "228_239_0": 101.3558253403264, "228_207_0": 78.66590444405357}, "adj_sorted": [[228, 255, 0], [228, 239, 0], [228, 207, 0]], "type": "T", "n_corners": 2}, "geometry": {"type": "Point", "coordinates": [19.063343099999994, 47.52149920000006]}}, {"id": "207", "type": "Feature", "properties": {"x": 5002002.958378099, "y": 2753812.1172178914, "bearings": {"207_211_0": 80.79919332996512, "207_228_0": -19.727904323046015, "207_204_0": -99.16668078322931, "207_180_0": 168.15938295476673}, "angles": {"207_204_0": 92.67393626200396, "207_228_0": 79.43877646018329, "207_211_0": 100.52709765301114, "207_180_0": 87.3601896248016}, "adj_sorted": [[207, 204, 0], [207, 228, 0], [207, 211, 0], [207, 180, 0]], "type": "X", "n_corners": 4}, "geometry": {"type": "Point", "coordinates": [19.0622069, 47.52201730000006]}}, {"id": "186", "type": "Feature", "properties": {"x": 5001933.019978335, "y": 2753932.7769492925, "bearings": {"186_211_0": -11.404626577620997, "186_169_0": 168.59854422132975, "186_180_0": -102.10769179407878}, "angles": {"186_180_0": 89.29376398459146, "186_211_0": 90.70306521645777, "186_169_0": 180.00317079895075}, "adj_sorted": [[186, 180, 0], [186, 211, 0], [186, 169, 0]], "type": "T", "n_corners": 2}, "geometry": {"type": "Point", "coordinates": [19.061474299999997, 47.52317090000003]}}, {"id": "144", "type": "Feature", "properties": {"x": 5001778.693432023, "y": 2754063.5785023207, "bearings": {"144_136_0": -101.60185377263373, "144_115_0": 167.51498620986672, "144_174_0": -12.485080595318559, "144_150_0": 78.3923427325678}, "angles": {"144_136_0": 90.88316001749956, "144_174_0": 89.11677317731517, "144_150_0": 90.87742332788636, "144_115_0": 89.12264347729892}, "adj_sorted": [[144, 136, 0], [144, 174, 0], [144, 150, 0], [144, 115, 0]], "type": "X", "n_corners": 4}, "geometry": {"type": "Point", "coordinates": [19.059644500000005, 47.5245078]}}, {"id": "169", "type": "Feature", "properties": {"x": 5001855.561225855, "y": 2753948.411035836, "bearings": {"169_136_0": 168.60223991935686, "169_174_0": 78.51565762081772, "169_186_0": -11.413660070272812, "169_164_0": -101.04409112177117}, "angles": {"169_164_0": 90.35366895887194, "169_186_0": 89.63043105149836, "169_174_0": 89.92931769109053, "169_136_0": 90.08658229853914}, "adj_sorted": [[169, 164, 0], [169, 186, 0], [169, 174, 0], [169, 136, 0]], "type": "X", "n_corners": 4}, "geometry": {"type": "Point", "coordinates": [19.060477199999998, 47.523395600000015]}}, {"id": "118", "type": "Feature", "properties": {"x": 5001711.827612467, "y": 2754176.202584952, "bearings": {"118_115_0": -95.50427374088007, "118_134_0": 78.48470413612876, "118_150_0": -11.055508015843461, "118_82_0": 168.41309303681692}, "angles": {"118_115_0": 96.082633222303, "118_150_0": 84.44876572503661, "118_134_0": 89.54021215197221, "118_82_0": 89.92838890068816}, "adj_sorted": [[118, 115, 0], [118, 150, 0], [118, 134, 0], [118, 82, 0]], "type": "X", "n_corners": 4}, "geometry": {"type": "Point", "coordinates": [19.058939700000003, 47.525586300000036]}}, {"id": "90", "type": "Feature", "properties": {"x": 5001603.068218142, "y": 2754396.213933821, "bearings": {"90_66_0": 162.4958037404194, "90_93_0": -10.314430745640603, "90_82_0": -102.52450315752026}, "angles": {"90_82_0": 94.97969310206031, "90_93_0": 92.21007241187965, "90_66_0": 172.81023448606}, "adj_sorted": [[90, 82, 0], [90, 93, 0], [90, 66, 0]], "type": "T", "n_corners": 2}, "geometry": {"type": "Point", "coordinates": [19.057851200000005, 47.52766910000004]}}, {"id": "71", "type": "Feature", "properties": {"x": 5001516.378187295, "y": 2754505.9710662644, "bearings": {"71_66_0": -101.03510826531533, "71_74_0": 78.96965438724773, "71_98_0": -10.657667916524916}, "angles": {"71_66_0": 179.99523734743696, "71_98_0": 90.37744034879042, "71_74_0": 89.62732230377264}, "adj_sorted": [[71, 66, 0], [71, 98, 0], [71, 74, 0]], "type": "T", "n_corners": 2}, "geometry": {"type": "Point", "coordinates": [19.056880299999996, 47.5287438]}}, {"id": "289", "type": "Feature", "properties": {"x": 5002323.377352085, "y": 2754640.657877721, "bearings": {"289_279_0": 170.22853836928843, "289_308_0": -9.774677864111789, "289_316_0": -99.14863431750511}, "angles": {"289_316_0": 90.62282731320647, "289_308_0": 89.37395645339332, "289_279_0": 180.00321623340022}, "adj_sorted": [[289, 316, 0], [289, 308, 0], [289, 279, 0]], "type": "T", "n_corners": 2}, "geometry": {"type": "Point", "coordinates": [19.067737999999995, 47.529057900000005]}}, {"id": "282", "type": "Feature", "properties": {"x": 5002288.614066308, "y": 2754688.2017413024, "bearings": {"282_283_0": 79.75945857837274, "282_279_0": -100.23988472048151, "282_286_0": -10.14078469354798}, "angles": {"282_279_0": 180.00065670114574, "282_286_0": 90.09910002693353, "282_283_0": 89.90024327192073}, "adj_sorted": [[282, 279, 0], [282, 286, 0], [282, 283, 0]], "type": "T", "n_corners": 2}, "geometry": {"type": "Point", "coordinates": [19.067354299999998, 47.52952039999998]}}, {"id": "123", "type": "Feature", "properties": {"x": 5001725.816523144, "y": 2753301.2623823704, "bearings": {"123_160_0": -12.043789238311403, "123_128_0": 78.6376742184948, "123_109_0": -108.3802369932685, "123_96_0": 169.23467277125158}, "angles": {"123_109_0": 82.38509023547994, "123_160_0": 96.33644775495709, "123_128_0": 90.6814634568062, "123_96_0": 90.59699855275679}, "adj_sorted": [[123, 109, 0], [123, 160, 0], [123, 128, 0], [123, 96, 0]], "type": "X", "n_corners": 4}, "geometry": {"type": "Point", "coordinates": [19.057747799999998, 47.51776360000005]}}, {"id": "354", "type": "Feature", "properties": {"x": 5002511.369886985, "y": 2754052.2655871627, "bearings": {"354_334_0": -123.85399166846673, "354_368_0": 55.97493796367881, "354_309_0": 142.26338492929472}, "angles": {"354_334_0": 93.88262340223855, "354_368_0": 179.82892963214556, "354_309_0": 86.2884469656159}, "adj_sorted": [[354, 334, 0], [354, 368, 0], [354, 309, 0]], "type": "T", "n_corners": 2}, "geometry": {"type": "Point", "coordinates": [19.069290999999993, 47.52360070000001]}}, {"id": "465", "type": "Feature", "properties": {"x": 5002916.236140636, "y": 2754921.915316851, "bearings": {"465_457_0": -125.28416075078678, "465_501_0": -9.029990239040023, "465_434_0": 169.9871395412603}, "angles": {"465_457_0": 64.72869970795296, "465_501_0": 116.25417051174676, "465_434_0": 179.0171297803003}, "adj_sorted": [[465, 457, 0], [465, 501, 0], [465, 434, 0]], "type": "T", "n_corners": 2}, "geometry": {"type": "Point", "coordinates": [19.076002099999993, 47.530914700000004]}}, {"id": "201", "type": "Feature", "properties": {"x": 5001974.066030516, "y": 2753633.93223995, "bearings": {"201_235_0": -23.877527664977944, "201_195_0": -101.83536747140295, "201_204_0": 80.8176179843224}, "angles": {"201_195_0": 177.34701454427466, "201_235_0": 77.957839806425, "201_204_0": 104.69514564930034}, "adj_sorted": [[201, 195, 0], [201, 235, 0], [201, 204, 0]], "type": "T", "n_corners": 2}, "geometry": {"type": "Point", "coordinates": [19.061545399999996, 47.52045910000003]}}, {"id": "195", "type": "Feature", "properties": {"x": 5001952.774772691, "y": 2753532.330088457, "bearings": {"195_201_0": 78.16463252859707, "195_145_0": 162.75727518840486, "195_190_0": -98.80237308918764, "195_221_0": -14.69649634743104}, "angles": {"195_190_0": 98.44035172240751, "195_221_0": 84.1058767417566, "195_201_0": 92.8611288760281, "195_145_0": 84.5926426598078}, "adj_sorted": [[195, 190, 0], [195, 221, 0], [195, 201, 0], [195, 145, 0]], "type": "X", "n_corners": 4}, "geometry": {"type": "Point", "coordinates": [19.0611047, 47.51957589999999]}}, {"id": "204", "type": "Feature", "properties": {"x": 5001988.760379039, "y": 2753724.22073982, "bearings": {"204_207_0": 80.82033047982362, "204_201_0": -99.17426529202348, "204_159_0": 168.6545252278228}, "angles": {"204_201_0": 92.17120948015372, "204_207_0": 179.99459577184712, "204_159_0": 87.83419474799918}, "adj_sorted": [[204, 201, 0], [204, 207, 0], [204, 159, 0]], "type": "T", "n_corners": 2}, "geometry": {"type": "Point", "coordinates": [19.061881299999996, 47.52124860000006]}}, {"id": "145", "type": "Feature", "properties": {"x": 5001780.172344913, "y": 2753570.8008404984, "bearings": {"145_195_0": -12.24245159846624, "145_137_0": -101.39610397359262, "145_151_0": 78.66271714398518, "145_111_0": 167.75474051993692}, "angles": {"145_137_0": 90.84915550647048, "145_195_0": 89.15365237512637, "145_151_0": 90.90516874245142, "145_111_0": 89.09202337595174}, "adj_sorted": [[145, 137, 0], [145, 195, 0], [145, 151, 0], [145, 111, 0]], "type": "X", "n_corners": 4}, "geometry": {"type": "Point", "coordinates": [19.058888699999997, 47.52010900000003]}}, {"id": "190", "type": "Feature", "properties": {"x": 5001937.011131106, "y": 2753440.184347159, "bearings": {"190_184_0": -99.27959472219763, "190_195_0": 73.6138358261471, "190_137_0": 169.6436443270935}, "angles": {"190_184_0": 91.07676095070883, "190_195_0": 172.89343054834472, "190_137_0": 96.02980850094642}, "adj_sorted": [[190, 184, 0], [190, 195, 0], [190, 137, 0]], "type": "T", "n_corners": 2}, "geometry": {"type": "Point", "coordinates": [19.060751800000006, 47.51877100000003]}}, {"id": "221", "type": "Feature", "properties": {"x": 5002062.959928084, "y": 2753458.768865762, "bearings": {"221_233_0": -40.12499522924398, "221_235_0": 64.15486981036459, "221_195_0": 141.36543279894505}, "angles": {"221_233_0": 178.50957197181097, "221_235_0": 104.27986503960857, "221_195_0": 77.21056298858046}, "adj_sorted": [[221, 233, 0], [221, 235, 0], [221, 195, 0]], "type": "T", "n_corners": 2}, "geometry": {"type": "Point", "coordinates": [19.06244219999999, 47.51879829999998]}}, {"id": "137", "type": "Feature", "properties": {"x": 5001761.058642631, "y": 2753476.528509904, "bearings": {"137_145_0": 78.53391285175964, "137_190_0": -11.80253596140516, "137_132_0": -101.44077781404127, "137_105_0": 168.06241243227467}, "angles": {"137_132_0": 90.49680975368403, "137_190_0": 89.63824185263611, "137_145_0": 90.3364488131648, "137_105_0": 89.52849958051503}, "adj_sorted": [[137, 132, 0], [137, 190, 0], [137, 145, 0], [137, 105, 0]], "type": "X", "n_corners": 4}, "geometry": {"type": "Point", "coordinates": [19.058488299999997, 47.51928880000005]}}, {"id": "151", "type": "Feature", "properties": {"x": 5001798.744204932, "y": 2753663.5049282764, "bearings": {"151_145_0": -101.32772394721289, "151_117_0": 168.32777002448182, "151_159_0": 78.66651128980348}, "angles": {"151_145_0": 90.34450602830532, "151_159_0": 179.99423523701637, "151_117_0": 89.66125873467834}, "adj_sorted": [[151, 145, 0], [151, 159, 0], [151, 117, 0]], "type": "T", "n_corners": 2}, "geometry": {"type": "Point", "coordinates": [19.059279500000002, 47.52091579999998]}}, {"id": "111", "type": "Feature", "properties": {"x": 5001681.878606768, "y": 2753592.1297855033, "bearings": {"111_145_0": -12.271772333548054, "111_117_0": 78.3676594837633, "111_105_0": -101.32608305462455, "111_86_0": 167.73925240082298}, "angles": {"111_105_0": 90.93466454455245, "111_145_0": 89.05431072107649, "111_117_0": 90.63943181731136, "111_86_0": 89.37159291705967}, "adj_sorted": [[111, 105, 0], [111, 145, 0], [111, 117, 0], [111, 86, 0]], "type": "X", "n_corners": 4}, "geometry": {"type": "Point", "coordinates": [19.057625800000004, 47.52040740000004]}}, {"id": "159", "type": "Feature", "properties": {"x": 5001818.005720455, "y": 2753758.4907375523, "bearings": {"159_204_0": -11.324627234048556, "159_151_0": -101.34636954263418, "159_119_0": 169.09417921244687, "159_164_0": 78.7053981125283}, "angles": {"159_151_0": 89.55945124491893, "159_204_0": 90.02174230858563, "159_164_0": 90.03002534657685, "159_119_0": 90.38878109991857}, "adj_sorted": [[159, 151, 0], [159, 204, 0], [159, 164, 0], [159, 119, 0]], "type": "X", "n_corners": 4}, "geometry": {"type": "Point", "coordinates": [19.059683000000003, 47.5217422]}}, {"id": "117", "type": "Feature", "properties": {"x": 5001700.700443761, "y": 2753683.765898455, "bearings": {"117_151_0": -11.727992822679074, "117_111_0": -101.60473815127217, "117_119_0": 78.39417838536635, "117_91_0": 168.3311841231148}, "angles": {"117_111_0": 90.064077725613, "117_151_0": 89.8767453285931, "117_119_0": 90.12217120804542, "117_91_0": 89.93700573774846}, "adj_sorted": [[117, 111, 0], [117, 151, 0], [117, 119, 0], [117, 91, 0]], "type": "X", "n_corners": 4}, "geometry": {"type": "Point", "coordinates": [19.058018199999992, 47.52120440000004]}}, {"id": "132", "type": "Feature", "properties": {"x": 5001748.969851276, "y": 2753416.79796117, "bearings": {"132_184_0": -11.595610586171338, "132_137_0": 78.55241556944708, "132_130_0": -100.74850459837045}, "angles": {"132_130_0": 180.69907983218246, "132_184_0": 89.15289401219911, "132_137_0": 90.14802615561841}, "adj_sorted": [[132, 130, 0], [132, 184, 0], [132, 137, 0]], "type": "T", "n_corners": 2}, "geometry": {"type": "Point", "coordinates": [19.0582349, 47.518769100000014]}}, {"id": "105", "type": "Feature", "properties": {"x": 5001662.357362663, "y": 2753497.449168056, "bearings": {"105_137_0": -11.969430755956315, "105_111_0": 78.24683005139202, "105_99_0": -101.17112010284977, "105_83_0": 167.45232381975427}, "angles": {"105_99_0": 91.37655607739595, "105_137_0": 89.20168934689346, "105_111_0": 90.21626080734833, "105_83_0": 89.20549376836225}, "adj_sorted": [[105, 99, 0], [105, 137, 0], [105, 111, 0], [105, 83, 0]], "type": "X", "n_corners": 4}, "geometry": {"type": "Point", "coordinates": [19.05721939999999, 47.51958400000005]}}, {"id": "86", "type": "Feature", "properties": {"x": 5001586.538649517, "y": 2753612.221696765, "bearings": {"86_56_0": 167.5787467329584, "86_111_0": -11.85746088725319, "86_83_0": -102.57843629170597, "86_91_0": 77.67272487876238}, "angles": {"86_83_0": 89.84281697533561, "86_111_0": 90.72097540445279, "86_91_0": 89.53018576601556, "86_56_0": 89.90602185419601}, "adj_sorted": [[86, 83, 0], [86, 111, 0], [86, 91, 0], [86, 56, 0]], "type": "X", "n_corners": 4}, "geometry": {"type": "Point", "coordinates": [19.056399899999995, 47.520691500000034]}}, {"id": "119", "type": "Feature", "properties": {"x": 5001719.946495673, "y": 2753777.494114574, "bearings": {"119_159_0": -10.81875068685761, "119_117_0": -101.58017502973723, "119_129_0": 78.4045541807809, "119_95_0": 169.02491989440887}, "angles": {"119_117_0": 89.3949050758539, "119_159_0": 90.76142434287962, "119_129_0": 89.22330486763852, "119_95_0": 90.62036571362796}, "adj_sorted": [[119, 117, 0], [119, 159, 0], [119, 129, 0], [119, 95, 0]], "type": "X", "n_corners": 4}, "geometry": {"type": "Point", "coordinates": [19.058419499999996, 47.522019600000014]}}, {"id": "164", "type": "Feature", "properties": {"x": 5001835.554173143, "y": 2753847.2364391466, "bearings": {"164_169_0": 78.66688439493052, "164_159_0": -101.18084496752465, "164_180_0": -11.849841943211631, "164_129_0": 168.96652811021445}, "angles": {"164_159_0": 89.85262692226092, "164_180_0": 89.33100302431302, "164_169_0": 90.51672633814215, "164_129_0": 90.29964371528393}, "adj_sorted": [[164, 159, 0], [164, 180, 0], [164, 169, 0], [164, 129, 0]], "type": "X", "n_corners": 4}, "geometry": {"type": "Point", "coordinates": [19.0600541, 47.52251480000002]}}, {"id": "180", "type": "Feature", "properties": {"x": 5001911.262216904, "y": 2753831.352493446, "bearings": {"180_207_0": -11.86258463729934, "180_186_0": 77.89230820592124, "180_164_0": 168.15217360105203}, "angles": {"180_207_0": 179.98524176164864, "180_186_0": 89.75489284322057, "180_164_0": 90.25986539513079}, "adj_sorted": [[180, 207, 0], [180, 186, 0], [180, 164, 0]], "type": "T", "n_corners": 2}, "geometry": {"type": "Point", "coordinates": [19.0610277, 47.52228980000005]}}, {"id": "129", "type": "Feature", "properties": {"x": 5001738.176594577, "y": 2753866.2560750716, "bearings": {"129_136_0": 77.97367071826726, "129_100_0": 168.33344876291545, "129_119_0": -101.78963474604613, "129_164_0": -11.524909942718994}, "angles": {"129_119_0": 89.8769164910384, "129_164_0": 90.26472480332714, "129_136_0": 89.49858066098625, "129_100_0": 90.3597780446482}, "adj_sorted": [[129, 119, 0], [129, 164, 0], [129, 136, 0], [129, 100, 0]], "type": "X", "n_corners": 4}, "geometry": {"type": "Point", "coordinates": [19.058799600000008, 47.52279160000002]}}, {"id": "343", "type": "Feature", "properties": {"x": 5002483.093191893, "y": 2754517.0697295363, "bearings": {"343_336_0": -132.40299583983904, "343_359_0": 53.00457120102822, "343_371_0": -37.391079444954734}, "angles": {"343_336_0": 174.59243295913274, "343_371_0": 95.01191639488431, "343_359_0": 90.39565064598295}, "adj_sorted": [[343, 336, 0], [343, 371, 0], [343, 359, 0]], "type": "T", "n_corners": 2}, "geometry": {"type": "Point", "coordinates": [19.0696502, 47.52777930000003]}}, {"id": "318", "type": "Feature", "properties": {"x": 5002409.805908636, "y": 2754542.6238267375, "bearings": {"318_321_0": -80.94167348802956, "318_275_0": 170.44268259039495, "318_316_0": 102.69461729708718}, "angles": {"318_321_0": 108.6156439215755, "318_316_0": 183.63629078511673, "318_275_0": 67.74806529330777}, "adj_sorted": [[318, 321, 0], [318, 316, 0], [318, 275, 0]], "type": "T", "n_corners": 2}, "geometry": {"type": "Point", "coordinates": [19.068723700000003, 47.528088000000004]}}, {"id": "371", "type": "Feature", "properties": {"x": 5002570.081346278, "y": 2754451.517186472, "bearings": {"371_376_0": -142.8281913348986, "371_343_0": 145.0821022619483, "371_380_0": 36.2591540349468}, "angles": {"371_376_0": 72.08970640315306, "371_380_0": 179.08734536984542, "371_343_0": 108.8229482270015}, "adj_sorted": [[371, 376, 0], [371, 380, 0], [371, 343, 0]], "type": "T", "n_corners": 2}, "geometry": {"type": "Point", "coordinates": [19.070694399999997, 47.52709860000003]}}, {"id": "320", "type": "Feature", "properties": {"x": 5002414.539742607, "y": 2754624.928804815, "bearings": {"320_326_0": -10.775235508214175, "320_308_0": 170.1695597555527, "320_319_0": 101.17239280263995}, "angles": {"320_326_0": 179.05520473623312, "320_319_0": 111.94762831085413, "320_308_0": 68.99716695291276}, "adj_sorted": [[320, 326, 0], [320, 319, 0], [320, 308, 0]], "type": "T", "n_corners": 2}, "geometry": {"type": "Point", "coordinates": [19.06891579999999, 47.528817200000056]}}, {"id": "331", "type": "Feature", "properties": {"x": 5002452.099110266, "y": 2754801.3429011083, "bearings": {"331_326_0": -123.70635407215063, "331_319_0": 142.6552706841952, "331_347_0": -37.42532672418782}, "angles": {"331_326_0": 93.6383752436542, "331_347_0": 86.2810273479628, "331_319_0": 180.080597408383}, "adj_sorted": [[331, 326, 0], [331, 347, 0], [331, 319, 0]], "type": "T", "n_corners": 2}, "geometry": {"type": "Point", "coordinates": [19.069689199999996, 47.53035000000002]}}, {"id": "316", "type": "Feature", "properties": {"x": 5002399.529055996, "y": 2754588.2458022265, "bearings": {"316_289_0": 170.17984314910447, "316_318_0": -77.30538270291284, "316_308_0": 102.44819752414725}, "angles": {"316_318_0": 112.51477414798268, "316_308_0": 179.75358022706007, "316_289_0": 67.73164562495722}, "adj_sorted": [[316, 318, 0], [316, 308, 0], [316, 289, 0]], "type": "T", "n_corners": 2}, "geometry": {"type": "Point", "coordinates": [19.068659999999994, 47.528506400000005]}}, {"id": "380", "type": "Feature", "properties": {"x": 5002628.589171195, "y": 2754494.4312735386, "bearings": {"380_359_0": 143.58772374986754, "380_397_0": 36.518037184650076, "380_371_0": -143.7408459650532}, "angles": {"380_371_0": 72.67143028507928, "380_397_0": 180.25888314970328, "380_359_0": 107.06968656521747}, "adj_sorted": [[380, 371, 0], [380, 397, 0], [380, 359, 0]], "type": "T", "n_corners": 2}, "geometry": {"type": "Point", "coordinates": [19.071533799999997, 47.52741710000007]}}, {"id": "82", "type": "Feature", "properties": {"x": 5001561.027753044, "y": 2754206.583331003, "bearings": {"82_63_0": -147.09857495484792, "82_118_0": -9.404384393881207, "82_90_0": 78.6774860135456}, "angles": {"82_63_0": 134.22393903160648, "82_118_0": 137.69419056096672, "82_90_0": 88.0818704074268}, "adj_sorted": [[82, 63, 0], [82, 118, 0], [82, 90, 0]], "type": "Y", "n_corners": 3}, "geometry": {"type": "Point", "coordinates": [19.056998299999997, 47.52602320000007]}}, {"id": "74", "type": "Feature", "properties": {"x": 5001522.976619777, "y": 2754539.8213315373, "bearings": {"74_79_0": 78.96418947480002, "74_71_0": -101.03034561275227, "74_101_0": -11.600923655978471}, "angles": {"74_71_0": 180.0054649124477, "74_101_0": 89.4294219567738, "74_79_0": 90.5651131307785}, "adj_sorted": [[74, 71, 0], [74, 101, 0], [74, 79, 0]], "type": "T", "n_corners": 2}, "geometry": {"type": "Point", "coordinates": [19.057020599999994, 47.52903860000002]}}, {"id": "98", "type": "Feature", "properties": {"x": 5001640.187769717, "y": 2754481.0839012964, "bearings": {"98_93_0": -102.6590373554864, "98_71_0": 169.32356768231318, "98_101_0": 77.58217313756107}, "angles": {"98_93_0": 88.0173949622004, "98_101_0": 180.24121049304748, "98_71_0": 91.74139454475211}, "adj_sorted": [[98, 93, 0], [98, 101, 0], [98, 71, 0]], "type": "T", "n_corners": 2}, "geometry": {"type": "Point", "coordinates": [19.058474399999998, 47.52838560000006]}}, {"id": "101", "type": "Feature", "properties": {"x": 5001646.54516418, "y": 2754514.534880102, "bearings": {"101_74_0": 168.441693648507, "101_98_0": -99.27860336874946, "101_106_0": 80.0481300507706}, "angles": {"101_98_0": 92.27970298274352, "101_106_0": 179.32673341952005, "101_74_0": 88.3935635977364}, "adj_sorted": [[101, 98, 0], [101, 106, 0], [101, 74, 0]], "type": "T", "n_corners": 2}, "geometry": {"type": "Point", "coordinates": [19.058610900000005, 47.52867710000002]}}, {"id": "84", "type": "Feature", "properties": {"x": 5001569.799916987, "y": 2754634.403587166, "bearings": {"84_79_0": 170.06002102325914, "84_125_0": 80.94422889678238, "84_104_0": -9.947161757817339}, "angles": {"84_104_0": 179.99281721892353, "84_125_0": 90.89139065459972, "84_79_0": 89.11579212647676}, "adj_sorted": [[84, 104, 0], [84, 125, 0], [84, 79, 0]], "type": "T", "n_corners": 2}, "geometry": {"type": "Point", "coordinates": [19.05778709999999, 47.52983110000004]}}, {"id": "104", "type": "Feature", "properties": {"x": 5001658.688234749, "y": 2754619.334861585, "bearings": {"104_84_0": 171.6879441042997, "104_116_0": 79.1453338828856, "104_106_0": -14.434820198260928}, "angles": {"104_106_0": 173.87723569743937, "104_116_0": 93.58015408114652, "104_84_0": 92.54261022141411}, "adj_sorted": [[104, 106, 0], [104, 116, 0], [104, 84, 0]], "type": "T", "n_corners": 2}, "geometry": {"type": "Point", "coordinates": [19.058936, 47.52959890000003]}}, {"id": "116", "type": "Feature", "properties": {"x": 5001695.594365255, "y": 2754815.7650146447, "bearings": {"116_139_0": -8.863086252980338, "116_104_0": -99.02356999515834, "116_120_0": 90.00701214847207}, "angles": {"116_104_0": 170.9694178563696, "116_139_0": 90.160483742178, "116_120_0": 98.87009840145241}, "adj_sorted": [[116, 104, 0], [116, 139, 0], [116, 120, 0]], "type": "T", "n_corners": 2}, "geometry": {"type": "Point", "coordinates": [19.059731999999997, 47.531311099999996]}}, {"id": "106", "type": "Feature", "properties": {"x": 5001663.19285952, "y": 2754618.1753520137, "bearings": {"106_101_0": -91.57440316937502, "106_104_0": 165.56517980173908, "106_110_0": -14.369812001445805}, "angles": {"106_101_0": 102.86041702888588, "106_110_0": 77.20459116792921, "106_104_0": 179.9349918031849}, "adj_sorted": [[106, 101, 0], [106, 110, 0], [106, 104, 0]], "type": "T", "n_corners": 2}, "geometry": {"type": "Point", "coordinates": [19.0589936, 47.52958360000004]}}, {"id": "157", "type": "Feature", "properties": {"x": 5001816.832261079, "y": 2755200.768390147, "bearings": {"157_163_0": -9.739754740925294, "157_125_0": 170.46641611688244, "157_154_0": -99.56452545744806}, "angles": {"157_154_0": 89.96905842566952, "157_163_0": 89.82477071652276, "157_125_0": 180.20617085780773}, "adj_sorted": [[157, 154, 0], [157, 163, 0], [157, 125, 0]], "type": "T", "n_corners": 2}, "geometry": {"type": "Point", "coordinates": [19.06193749999999, 47.53461320000002]}}, {"id": "308", "type": "Feature", "properties": {"x": 5002390.512364914, "y": 2754629.0922009842, "bearings": {"308_289_0": 170.22532213588823, "308_320_0": -9.830440244447304, "308_316_0": -77.55180247585277}, "angles": {"308_316_0": 112.22287538825901, "308_320_0": 67.72136223140546, "308_289_0": 180.05576238033555}, "adj_sorted": [[308, 316, 0], [308, 320, 0], [308, 289, 0]], "type": "T", "n_corners": 2}, "geometry": {"type": "Point", "coordinates": [19.068605399999996, 47.528880800000024]}}, {"id": "319", "type": "Feature", "properties": {"x": 5002410.174254303, "y": 2754797.8961741747, "bearings": {"319_287_0": 142.9796543688327, "319_320_0": -117.1820635459885, "319_331_0": 50.20397181966315}, "angles": {"319_320_0": 99.83828208517878, "319_331_0": 167.38603536565165, "319_287_0": 92.77568254916956}, "adj_sorted": [[319, 320, 0], [319, 331, 0], [319, 287, 0]], "type": "T", "n_corners": 2}, "geometry": {"type": "Point", "coordinates": [19.069130699999988, 47.53036540000003]}}, {"id": "259", "type": "Feature", "properties": {"x": 5002196.431487158, "y": 2754901.003391145, "bearings": {"259_290_0": -10.754669347366166, "259_262_0": 79.03195352858774, "259_254_0": -147.54940649374524}, "angles": {"259_254_0": 133.41863997766703, "259_290_0": 136.79473714637908, "259_262_0": 89.7866228759539}, "adj_sorted": [[259, 254, 0], [259, 290, 0], [259, 262, 0]], "type": "Y", "n_corners": 3}, "geometry": {"type": "Point", "coordinates": [19.066473399999992, 47.53152070000006]}}, {"id": "154", "type": "Feature", "properties": {"x": 5001802.437103334, "y": 2755116.2987034046, "bearings": {"154_157_0": 80.17017790352376, "154_133_0": 170.2932632561466, "154_152_0": -100.50178757090339}, "angles": {"154_152_0": 89.20494917295002, "154_157_0": 180.67196547442717, "154_133_0": 90.12308535262282}, "adj_sorted": [[154, 152, 0], [154, 157, 0], [154, 133, 0]], "type": "T", "n_corners": 2}, "geometry": {"type": "Point", "coordinates": [19.06161459999999, 47.53387530000003]}}, {"id": "212", "type": "Feature", "properties": {"x": 5002028.567329983, "y": 2756500.4878849112, "bearings": {"212_230_0": -36.93679640338649, "212_217_0": 75.11954502472872, "212_179_0": -128.65390488252376}, "angles": {"212_179_0": 156.22655009274752, "212_230_0": 91.71710847913727, "212_217_0": 112.05634142811522}, "adj_sorted": [[212, 179, 0], [212, 230, 0], [212, 217, 0]], "type": "Y", "n_corners": 3}, "geometry": {"type": "Point", "coordinates": [19.066778400000004, 47.54597769999999]}}, {"id": "225", "type": "Feature", "properties": {"x": 5002072.865455067, "y": 2756692.593963196, "bearings": {"225_267_0": -10.433542068777706, "225_217_0": -101.34719937046947, "225_192_0": 169.87351198097204}, "angles": {"225_217_0": 88.77928864855846, "225_267_0": 90.91365730169176, "225_192_0": 180.30705404974975}, "adj_sorted": [[225, 217, 0], [225, 267, 0], [225, 192, 0]], "type": "T", "n_corners": 2}, "geometry": {"type": "Point", "coordinates": [19.067665699999992, 47.54764310000002]}}, {"id": "187", "type": "Feature", "properties": {"x": 5001934.800802671, "y": 2756597.8097908553, "bearings": {"187_217_0": -9.198580617507783, "187_170_0": 171.71639458188528, "187_179_0": -103.60836591671244, "187_192_0": 83.78726820894337}, "angles": {"187_179_0": 84.6752395014023, "187_217_0": 94.40978529920466, "187_192_0": 92.98584882645116, "187_170_0": 87.92912637294191}, "adj_sorted": [[187, 179, 0], [187, 217, 0], [187, 192, 0], [187, 170, 0]], "type": "X", "n_corners": 4}, "geometry": {"type": "Point", "coordinates": [19.065694399999998, 47.54694930000005]}}, {"id": "179", "type": "Feature", "properties": {"x": 5001910.14147057, "y": 2756495.9454090376, "bearings": {"179_212_0": -12.012618566696508, "179_187_0": 76.39163408328756, "179_158_0": -102.10175058777179}, "angles": {"179_158_0": 181.50661532894065, "179_212_0": 90.08913202107529, "179_187_0": 88.40425264998406}, "adj_sorted": [[179, 158, 0], [179, 212, 0], [179, 187, 0]], "type": "T", "n_corners": 2}, "geometry": {"type": "Point", "coordinates": [19.065208499999997, 47.54606750000001]}}, {"id": "192", "type": "Feature", "properties": {"x": 5001947.623023731, "y": 2756715.5965602403, "bearings": {"192_225_0": -11.760943074973788, "192_187_0": -96.21273179105664, "192_178_0": 170.0737291037314, "192_203_0": 82.22961543074769}, "angles": {"192_187_0": 93.71353910521196, "192_225_0": 84.45178871608286, "192_203_0": 93.99055850572148, "192_178_0": 87.84411367298372}, "adj_sorted": [[192, 187, 0], [192, 225, 0], [192, 203, 0], [192, 178, 0]], "type": "X", "n_corners": 4}, "geometry": {"type": "Point", "coordinates": [19.066049199999995, 47.5479862]}}, {"id": "229", "type": "Feature", "properties": {"x": 5002097.289433759, "y": 2756822.975075326, "bearings": {"229_267_0": -18.014732888685575, "229_206_0": 162.8428277942961, "229_234_0": 76.49959573356325}, "angles": {"229_267_0": 179.1424393170183, "229_234_0": 94.51432862224883, "229_206_0": 86.34323206073286}, "adj_sorted": [[229, 267, 0], [229, 234, 0], [229, 206, 0]], "type": "T", "n_corners": 2}, "geometry": {"type": "Point", "coordinates": [19.068193499999996, 47.54877960000005]}}, {"id": "206", "type": "Feature", "properties": {"x": 5001996.629365054, "y": 2756854.052138878, "bearings": {"206_229_0": -17.1571722057039, "206_203_0": -156.7022329497288, "206_208_0": 73.15493565217498}, "angles": {"206_203_0": 130.14283139809623, "206_229_0": 139.5450607440249, "206_208_0": 90.31210785787889}, "adj_sorted": [[206, 203, 0], [206, 229, 0], [206, 208, 0]], "type": "Y", "n_corners": 3}, "geometry": {"type": "Point", "coordinates": [19.066914099999998, 47.54916770000003]}}, {"id": "234", "type": "Feature", "properties": {"x": 5002114.512593703, "y": 2756895.625939328, "bearings": {"234_229_0": -103.3538029167018, "234_208_0": 167.96779720255168, "234_265_0": -6.160627389886841}, "angles": {"234_229_0": 88.6783998807465, "234_265_0": 97.19317552681495, "234_208_0": 174.12842459243853}, "adj_sorted": [[234, 229, 0], [234, 265, 0], [234, 208, 0]], "type": "T", "n_corners": 2}, "geometry": {"type": "Point", "coordinates": [19.068535300000004, 47.54940890000007]}}, {"id": "503", "type": "Feature", "properties": {"x": 5003075.826256059, "y": 2755716.005045654, "bearings": {"503_511_0": 78.37574620754069, "503_502_0": -102.21738085483274, "503_498_0": 169.2187441578565}, "angles": {"503_502_0": 88.56387498731078, "503_511_0": 180.5931270623734, "503_498_0": 90.8429979503158}, "adj_sorted": [[503, 502, 0], [503, 511, 0], [503, 498, 0]], "type": "T", "n_corners": 2}, "geometry": {"type": "Point", "coordinates": [19.079359899999993, 47.53782440000003]}}, {"id": "293", "type": "Feature", "properties": {"x": 5002341.273471622, "y": 2754764.3373446525, "bearings": {"293_283_0": 169.14998163996265, "293_301_0": -11.041042343004245, "293_286_0": -99.65223711134102}, "angles": {"293_286_0": 91.19778124869634, "293_301_0": 88.61119476833677, "293_283_0": 180.1910239829669}, "adj_sorted": [[293, 286, 0], [293, 301, 0], [293, 283, 0]], "type": "T", "n_corners": 2}, "geometry": {"type": "Point", "coordinates": [19.0681689, 47.530141800000045]}}, {"id": "27", "type": "Feature", "properties": {"x": 5001278.116271838, "y": 2752629.8863349045, "bearings": {"27_13_0": 159.57652884899906, "27_47_0": -20.79549953345214, "27_31_0": 71.88949667043141}, "angles": {"27_47_0": 179.6279716175488, "27_31_0": 92.68499620388356, "27_13_0": 87.68703217856765}, "adj_sorted": [[27, 47, 0], [27, 31, 0], [27, 13, 0]], "type": "T", "n_corners": 2}, "geometry": {"type": "Point", "coordinates": [19.0507879, 47.512264700000024]}}, {"id": "50", "type": "Feature", "properties": {"x": 5001409.020815035, "y": 2752679.6906720377, "bearings": {"50_47_0": -109.70382055562818, "50_42_0": 160.4846844358791, "50_57_0": 70.43307058943347}, "angles": {"50_47_0": 89.81149500849273, "50_57_0": 180.13689114506167, "50_42_0": 90.05161384644563}, "adj_sorted": [[50, 47, 0], [50, 57, 0], [50, 42, 0]], "type": "T", "n_corners": 2}, "geometry": {"type": "Point", "coordinates": [19.052592499999996, 47.5125653]}}, {"id": "31", "type": "Feature", "properties": {"x": 5001308.307516102, "y": 2752715.376873737, "bearings": {"31_27_0": -108.80779467908063, "31_42_0": -19.458622413443322, "31_38_0": 70.75638650821071}, "angles": {"31_27_0": 180.43581881270865, "31_42_0": 89.3491722656373, "31_38_0": 90.21500892165403}, "adj_sorted": [[31, 27, 0], [31, 42, 0], [31, 38, 0]], "type": "T", "n_corners": 2}, "geometry": {"type": "Point", "coordinates": [19.051320399999994, 47.512994400000046]}}, {"id": "42", "type": "Feature", "properties": {"x": 5001359.5066118175, "y": 2752697.239467636, "bearings": {"42_50_0": -19.515315564120893, "42_31_0": 160.48897125236837, "42_35_0": -110.61251252578487}, "angles": {"42_35_0": 88.89851622184676, "42_50_0": 91.09719696166397, "42_31_0": 180.00428681648927}, "adj_sorted": [[42, 35, 0], [42, 50, 0], [42, 31, 0]], "type": "T", "n_corners": 2}, "geometry": {"type": "Point", "coordinates": [19.0519671, 47.51277630000002]}}, {"id": "57", "type": "Feature", "properties": {"x": 5001441.176456775, "y": 2752771.5205070064, "bearings": {"57_50_0": -108.84353141978895, "57_69_0": 70.67963846427742, "57_38_0": 160.84048019443324, "57_78_0": -19.10675978514829}, "angles": {"57_50_0": 90.31598838577781, "57_78_0": 89.73677163464066, "57_69_0": 89.7863982494257, "57_38_0": 90.16084173015582}, "adj_sorted": [[57, 50, 0], [57, 78, 0], [57, 69, 0], [57, 38, 0]], "type": "X", "n_corners": 4}, "geometry": {"type": "Point", "coordinates": [19.053160899999998, 47.51334940000003]}}, {"id": "24", "type": "Feature", "properties": {"x": 5001264.996924017, "y": 2752832.7664900087, "bearings": {"24_12_0": 160.7157259539476, "24_13_0": -108.96378120572359, "24_29_0": 70.74748762324509, "24_38_0": -19.17279810264279}, "angles": {"24_13_0": 90.32049284032882, "24_38_0": 89.7909831030808, "24_29_0": 89.92028572588788, "24_12_0": 89.96823833070252}, "adj_sorted": [[24, 13, 0], [24, 38, 0], [24, 29, 0], [24, 12, 0]], "type": "X", "n_corners": 4}, "geometry": {"type": "Point", "coordinates": [19.05093370000001, 47.514089500000026]}}, {"id": "38", "type": "Feature", "properties": {"x": 5001340.161305293, "y": 2752806.6308809994, "bearings": {"38_31_0": -109.2471035827239, "38_57_0": -19.149259876680883, "38_24_0": 160.82186929094152, "38_45_0": 70.78168021435079}, "angles": {"38_31_0": 89.93102712633458, "38_57_0": 90.09784370604301, "38_45_0": 89.93094009103167, "38_24_0": 90.04018907659074}, "adj_sorted": [[38, 31, 0], [38, 57, 0], [38, 45, 0], [38, 24, 0]], "type": "X", "n_corners": 4}, "geometry": {"type": "Point", "coordinates": [19.051883900000004, 47.51377370000003]}}, {"id": "69", "type": "Feature", "properties": {"x": 5001500.230841614, "y": 2752940.279207853, "bearings": {"69_89_0": -18.87225754456397, "69_57_0": -109.28667833521654, "69_73_0": 70.76261972329482, "69_49_0": 161.08534087501212}, "angles": {"69_57_0": 89.62798078977136, "69_89_0": 90.41442079065257, "69_73_0": 89.63487726785878, "69_49_0": 90.3227211517173}, "adj_sorted": [[69, 57, 0], [69, 89, 0], [69, 73, 0], [69, 49, 0]], "type": "X", "n_corners": 4}, "geometry": {"type": "Point", "coordinates": [19.054205000000003, 47.514790400000074]}}, {"id": "78", "type": "Feature", "properties": {"x": 5001537.53456065, "y": 2752738.023484684, "bearings": {"78_70_0": -108.47246381773378, "78_89_0": 71.4635649219862, "78_57_0": 160.82849110565581, "78_85_0": -19.124798147169276}, "angles": {"78_70_0": 90.69904507661039, "78_85_0": 89.34766567056451, "78_89_0": 90.58836306915548, "78_57_0": 89.36492618366961}, "adj_sorted": [[78, 70, 0], [78, 85, 0], [78, 89, 0], [78, 57, 0]], "type": "X", "n_corners": 4}, "geometry": {"type": "Point", "coordinates": [19.054378999999997, 47.51294460000005]}}, {"id": "73", "type": "Feature", "properties": {"x": 5001522.4400402885, "y": 2753003.8212712076, "bearings": {"73_69_0": -109.26971780984373, "73_75_0": 70.90578726827968, "73_54_0": 162.55513628755145}, "angles": {"73_69_0": 88.17514590260481, "73_75_0": 180.17550507812342, "73_54_0": 91.64934901927177}, "adj_sorted": [[73, 69, 0], [73, 75, 0], [73, 54, 0]], "type": "T", "n_corners": 2}, "geometry": {"type": "Point", "coordinates": [19.0545978, 47.51533300000005]}}, {"id": "49", "type": "Feature", "properties": {"x": 5001398.861675909, "y": 2752974.9411690864, "bearings": {"49_69_0": -18.88047541443688, "49_45_0": -109.21359853163693, "49_54_0": 70.76762368179713, "49_34_0": 161.12287097862202}, "angles": {"49_45_0": 89.66353048974105, "49_69_0": 90.33312311720005, "49_54_0": 89.648099096234, "49_34_0": 90.35524729682488}, "adj_sorted": [[49, 45, 0], [49, 69, 0], [49, 54, 0], [49, 34, 0]], "type": "X", "n_corners": 4}, "geometry": {"type": "Point", "coordinates": [19.052922599999995, 47.515211099999995]}}, {"id": "45", "type": "Feature", "properties": {"x": 5001370.266203539, "y": 2752892.951992787, "bearings": {"45_38_0": -109.22529830987077, "45_49_0": 70.77217680986573, "45_29_0": 161.43936399708411}, "angles": {"45_38_0": 89.33533769304512, "45_49_0": 179.9974751197365, "45_29_0": 90.66718718721839}, "adj_sorted": [[45, 38, 0], [45, 49, 0], [45, 29, 0]], "type": "T", "n_corners": 2}, "geometry": {"type": "Point", "coordinates": [19.052416599999994, 47.51451090000005]}}, {"id": "85", "type": "Feature", "properties": {"x": 5001571.723753544, "y": 2752726.1418501735, "bearings": {"85_94_0": -19.173644128692658, "85_78_0": 160.82999315179688, "85_77_0": -108.71309108340022}, "angles": {"85_77_0": 90.45691576480289, "85_94_0": 89.53944695470756, "85_78_0": 180.00363728048956}, "adj_sorted": [[85, 77, 0], [85, 94, 0], [85, 78, 0]], "type": "T", "n_corners": 2}, "geometry": {"type": "Point", "coordinates": [19.054811200000003, 47.51280100000003]}}, {"id": "75", "type": "Feature", "properties": {"x": 5001527.031087695, "y": 2753017.0837573414, "bearings": {"75_80_0": 70.6335722034535, "75_92_0": -18.615693684925564, "75_73_0": -109.09421273172033}, "angles": {"75_73_0": 180.27221506482618, "75_92_0": 90.47851904679477, "75_80_0": 89.24926588837906}, "adj_sorted": [[75, 73, 0], [75, 92, 0], [75, 80, 0]], "type": "T", "n_corners": 2}, "geometry": {"type": "Point", "coordinates": [19.054679199999992, 47.51544630000005]}}, {"id": "54", "type": "Feature", "properties": {"x": 5001420.889627663, "y": 2753038.1017802954, "bearings": {"54_73_0": -18.260916241607717, "54_49_0": -109.22613587004474, "54_58_0": 70.75432536186797}, "angles": {"54_49_0": 180.01953876808727, "54_73_0": 90.96521962843703, "54_58_0": 89.01524160347569}, "adj_sorted": [[54, 49, 0], [54, 73, 0], [54, 58, 0]], "type": "T", "n_corners": 2}, "geometry": {"type": "Point", "coordinates": [19.053312399999996, 47.51575050000002]}}, {"id": "58", "type": "Feature", "properties": {"x": 5001441.48843082, "y": 2753097.1530793062, "bearings": {"58_80_0": -18.299521503174603, "58_54_0": -109.29197131546938, "58_44_0": 161.7373744510512, "58_67_0": 70.77401555875495}, "angles": {"58_54_0": 88.97065423347942, "58_80_0": 90.99244981229478, "58_67_0": 89.07353706192956, "58_44_0": 90.96335889229626}, "adj_sorted": [[58, 54, 0], [58, 80, 0], [58, 67, 0], [58, 44, 0]], "type": "X", "n_corners": 4}, "geometry": {"type": "Point", "coordinates": [19.053676900000003, 47.51625480000005]}}, {"id": "87", "type": "Feature", "properties": {"x": 5001588.829637299, "y": 2753191.449540489, "bearings": {"87_80_0": -110.76316996520123, "87_109_0": -18.094611280415617, "87_96_0": 69.20762404836005, "87_67_0": 161.38218561419458}, "angles": {"87_80_0": 87.85464442060419, "87_109_0": 92.66855868478561, "87_96_0": 87.30223532877567, "87_67_0": 92.17456156583454}, "adj_sorted": [[87, 80, 0], [87, 109, 0], [87, 96, 0], [87, 67, 0]], "type": "X", "n_corners": 4}, "geometry": {"type": "Point", "coordinates": [19.055768400000005, 47.51693430000006]}}, {"id": "96", "type": "Feature", "properties": {"x": 5001626.70625836, "y": 2753320.250944262, "bearings": {"96_123_0": -12.071954777927337, "96_87_0": -102.79866026552547, "96_76_0": 168.02739470974035, "96_99_0": 78.6500979653366}, "angles": {"96_87_0": 89.17394502473417, "96_123_0": 90.72670548759814, "96_99_0": 90.72205274326393, "96_76_0": 89.37729674440375}, "adj_sorted": [[96, 87, 0], [96, 123, 0], [96, 99, 0], [96, 76, 0]], "type": "X", "n_corners": 4}, "geometry": {"type": "Point", "coordinates": [19.0564705, 47.518042000000044]}}, {"id": "76", "type": "Feature", "properties": {"x": 5001527.392246285, "y": 2753343.5642248834, "bearings": {"76_96_0": -12.030132024204333, "76_60_0": 166.70566042703845, "76_67_0": -108.45371545777566, "76_81_0": 73.81829374102111}, "angles": {"76_67_0": 84.8406241151859, "76_96_0": 96.42358343357132, "76_81_0": 85.84842576522544, "76_60_0": 92.88736668601734}, "adj_sorted": [[76, 67, 0], [76, 96, 0], [76, 81, 0], [76, 60, 0]], "type": "X", "n_corners": 4}, "geometry": {"type": "Point", "coordinates": [19.055197299999996, 47.51835920000001]}}, {"id": "99", "type": "Feature", "properties": {"x": 5001645.014778583, "y": 2753409.604268765, "bearings": {"99_105_0": 78.82949240911415, "99_96_0": -100.91732122164696, "99_81_0": 167.88335339351144, "99_130_0": -11.843833442970766}, "angles": {"99_96_0": 91.19932538484159, "99_130_0": 89.0734877786762, "99_105_0": 90.67332585208491, "99_81_0": 89.05386098439729}, "adj_sorted": [[99, 96, 0], [99, 130, 0], [99, 105, 0], [99, 81, 0]], "type": "X", "n_corners": 4}, "geometry": {"type": "Point", "coordinates": [19.0568525, 47.51881920000001]}}, {"id": "60", "type": "Feature", "properties": {"x": 5001449.254272929, "y": 2753360.4659408904, "bearings": {"60_76_0": -12.0842218108031, "60_46_0": 167.92766094616, "60_52_0": -109.24598944240923}, "angles": {"60_52_0": 82.82634961143077, "60_76_0": 97.16176763160612, "60_46_0": 180.01188275696308}, "adj_sorted": [[60, 52, 0], [60, 76, 0], [60, 46, 0]], "type": "T", "n_corners": 2}, "geometry": {"type": "Point", "coordinates": [19.054193299999994, 47.518595900000065]}}, {"id": "67", "type": "Feature", "properties": {"x": 5001486.664673312, "y": 2753226.7062113006, "bearings": {"67_58_0": -109.18287117792615, "67_87_0": -19.09553578202715, "67_76_0": 70.73591129683648, "67_52_0": 160.90495831133856}, "angles": {"67_58_0": 89.91217051073528, "67_87_0": 90.087335395899, "67_76_0": 89.83144707886362, "67_52_0": 90.16904701450208}, "adj_sorted": [[67, 58, 0], [67, 87, 0], [67, 76, 0], [67, 52, 0]], "type": "X", "n_corners": 4}, "geometry": {"type": "Point", "coordinates": [19.054476400000002, 47.51736119999999]}}, {"id": "81", "type": "Feature", "properties": {"x": 5001547.004018303, "y": 2753430.6457415945, "bearings": {"81_76_0": -102.49619797907586, "81_99_0": -12.116646606488551, "81_83_0": 77.24781079067704}, "angles": {"81_76_0": 180.2559912302471, "81_99_0": 90.37955137258731, "81_83_0": 89.36445739716558}, "adj_sorted": [[81, 76, 0], [81, 99, 0], [81, 83, 0]], "type": "T", "n_corners": 2}, "geometry": {"type": "Point", "coordinates": [19.05559289999999, 47.51911469999999]}}, {"id": "130", "type": "Feature", "properties": {"x": 5001743.667264204, "y": 2753388.912443249, "bearings": {"130_128_0": -101.73266776405586, "130_132_0": 79.22417827755864, "130_99_0": 168.15161037470168}, "angles": {"130_128_0": 90.11572186124249, "130_132_0": 180.95684604161448, "130_99_0": 88.92743209714304}, "adj_sorted": [[130, 128, 0], [130, 132, 0], [130, 99, 0]], "type": "T", "n_corners": 2}, "geometry": {"type": "Point", "coordinates": [19.058121099999994, 47.5185261]}}, {"id": "46", "type": "Feature", "properties": {"x": 5001377.021231127, "y": 2753375.921805254, "bearings": {"46_26_0": 167.92674444457037, "46_60_0": -12.132793717426576, "46_41_0": -106.75162348545611, "46_48_0": 77.55030242404014}, "angles": {"46_41_0": 85.32163206997353, "46_60_0": 94.61882976802953, "46_48_0": 89.68309614146672, "46_26_0": 90.37644202053023}, "adj_sorted": [[46, 41, 0], [46, 60, 0], [46, 48, 0], [46, 26, 0]], "type": "X", "n_corners": 4}, "geometry": {"type": "Point", "coordinates": [19.05326489999999, 47.518813200000054]}}, {"id": "52", "type": "Feature", "properties": {"x": 5001411.616279435, "y": 2753252.6630367576, "bearings": {"52_60_0": 70.75401055759077, "52_67_0": -19.076723670876984, "52_39_0": 160.91602143513123, "52_44_0": -109.24895252018126}, "angles": {"52_44_0": 89.83502604468754, "52_67_0": 90.17222884930428, "52_60_0": 89.83073422846776, "52_39_0": 90.16201087754045}, "adj_sorted": [[52, 44, 0], [52, 67, 0], [52, 60, 0], [52, 39, 0]], "type": "X", "n_corners": 4}, "geometry": {"type": "Point", "coordinates": [19.053527400000004, 47.517675300000036]}}, {"id": "83", "type": "Feature", "properties": {"x": 5001566.623547622, "y": 2753517.3361969437, "bearings": {"83_53_0": 167.01208998185862, "83_105_0": -11.678199238867567, "83_86_0": 79.17437520430569, "83_81_0": -102.75218920932298}, "angles": {"83_81_0": 90.23572080881843, "83_105_0": 91.07398997045541, "83_86_0": 90.85257444317325, "83_53_0": 87.83771477755293}, "adj_sorted": [[83, 81, 0], [83, 105, 0], [83, 86, 0], [83, 53, 0]], "type": "X", "n_corners": 4}, "geometry": {"type": "Point", "coordinates": [19.055988, 47.51986670000004]}}, {"id": "91", "type": "Feature", "properties": {"x": 5001606.428820917, "y": 2753703.2380735986, "bearings": {"91_62_0": 168.31284624073317, "91_117_0": -11.700549350188755, "91_86_0": -102.32727512123762, "91_95_0": 77.99771220566723}, "angles": {"91_86_0": 89.35987863802922, "91_117_0": 90.62672577104887, "91_95_0": 89.69826155585598, "91_62_0": 90.31513403506594}, "adj_sorted": [[91, 86, 0], [91, 117, 0], [91, 95, 0], [91, 62, 0]], "type": "X", "n_corners": 4}, "geometry": {"type": "Point", "coordinates": [19.056805399999995, 47.521481800000004]}}, {"id": "95", "type": "Feature", "properties": {"x": 5001626.106732326, "y": 2753795.707802981, "bearings": {"95_100_0": 77.52756561368578, "95_119_0": -10.990371533070824, "95_91_0": -102.01505150647716, "95_64_0": 167.54416264345858}, "angles": {"95_91_0": 90.44078585006423, "95_119_0": 91.02467997340634, "95_100_0": 88.51793714675661, "95_64_0": 90.0165970297728}, "adj_sorted": [[95, 91, 0], [95, 119, 0], [95, 100, 0], [95, 64, 0]], "type": "X", "n_corners": 4}, "geometry": {"type": "Point", "coordinates": [19.057210399999995, 47.52228530000001]}}, {"id": "64", "type": "Feature", "properties": {"x": 5001476.52545126, "y": 2753828.7076652744, "bearings": {"64_62_0": -102.70478039005171, "64_51_0": 121.97082348237933, "64_95_0": -12.51197984219194}, "angles": {"64_62_0": 135.32439612756895, "64_95_0": 90.19280054785978, "64_51_0": 134.48280332457128}, "adj_sorted": [[64, 62, 0], [64, 95, 0], [64, 51, 0]], "type": "Y", "n_corners": 3}, "geometry": {"type": "Point", "coordinates": [19.055289299999995, 47.5227442]}}, {"id": "544", "type": "Feature", "properties": {"x": 5003245.019638771, "y": 2756253.3718937393, "bearings": {"544_547_0": -47.31494494868962, "544_558_0": 47.169577214112444, "544_534_0": 132.79347756896374}, "angles": {"544_547_0": 179.89157748234663, "544_558_0": 94.48452216280207, "544_534_0": 85.62390035485129}, "adj_sorted": [[544, 547, 0], [544, 558, 0], [544, 534, 0]], "type": "T", "n_corners": 2}, "geometry": {"type": "Point", "coordinates": [19.082440199999997, 47.54243270000002]}}, {"id": "39", "type": "Feature", "properties": {"x": 5001346.461499003, "y": 2753275.199588258, "bearings": {"39_52_0": -19.023285995402208, "39_41_0": 72.87859967312407, "39_36_0": -108.67836669725831}, "angles": {"39_36_0": 178.44303362961762, "39_52_0": 89.65508070185611, "39_41_0": 91.90188566852628}, "adj_sorted": [[39, 36, 0], [39, 52, 0], [39, 41, 0]], "type": "T", "n_corners": 2}, "geometry": {"type": "Point", "coordinates": [19.0527035, 47.51794800000005]}}, {"id": "41", "type": "Feature", "properties": {"x": 5001357.772478835, "y": 2753311.9154300923, "bearings": {"41_23_0": 162.546622858545, "41_46_0": 73.26380605056237, "41_39_0": -107.12286185131148}, "angles": {"41_39_0": 90.33051529014352, "41_46_0": 180.38666790187386, "41_23_0": 89.28281680798263}, "adj_sorted": [[41, 39, 0], [41, 46, 0], [41, 23, 0]], "type": "T", "n_corners": 2}, "geometry": {"type": "Point", "coordinates": [19.052910399999988, 47.51826320000005]}}, {"id": "36", "type": "Feature", "properties": {"x": 5001333.96525511, "y": 2753238.248196368, "bearings": {"36_39_0": 71.3075607320261, "36_33_0": -108.70462934233902, "36_20_0": 162.30495004188313}, "angles": {"36_33_0": 88.99042061577785, "36_39_0": 180.01219007436512, "36_20_0": 90.99738930985703}, "adj_sorted": [[36, 33, 0], [36, 39, 0], [36, 20, 0]], "type": "T", "n_corners": 2}, "geometry": {"type": "Point", "coordinates": [19.052480599999996, 47.517632000000035]}}, {"id": "44", "type": "Feature", "properties": {"x": 5001366.010481467, "y": 2753122.060416369, "bearings": {"44_58_0": -18.262625548948794, "44_52_0": 70.75104747981875, "44_30_0": 161.73708597075836, "44_34_0": -109.06916344280144}, "angles": {"44_34_0": 89.19375058644022, "44_58_0": 90.80653789385265, "44_52_0": 89.01367302876754, "44_30_0": 90.9860384909396}, "adj_sorted": [[44, 34, 0], [44, 58, 0], [44, 52, 0], [44, 30, 0]], "type": "X", "n_corners": 4}, "geometry": {"type": "Point", "coordinates": [19.0527206, 47.51656000000003]}}, {"id": "33", "type": "Feature", "properties": {"x": 5001318.93587237, "y": 2753193.8576083845, "bearings": {"33_36_0": 71.295370657661, "33_30_0": -108.6951532738152, "33_17_0": 161.6150483347614}, "angles": {"33_30_0": 89.68979839142338, "33_36_0": 179.9905239314762, "33_17_0": 90.31967767710042}, "adj_sorted": [[33, 30, 0], [33, 36, 0], [33, 17, 0]], "type": "T", "n_corners": 2}, "geometry": {"type": "Point", "coordinates": [19.052212600000008, 47.517252400000025]}}, {"id": "20", "type": "Feature", "properties": {"x": 5001243.892814487, "y": 2753266.985404855, "bearings": {"20_23_0": 73.87122567217301, "20_36_0": -17.69504995811686, "20_19_0": -110.0621349504243}, "angles": {"20_19_0": 176.06663937740268, "20_36_0": 92.36708499230744, "20_23_0": 91.56627563028988}, "adj_sorted": [[20, 19, 0], [20, 36, 0], [20, 23, 0]], "type": "T", "n_corners": 2}, "geometry": {"type": "Point", "coordinates": [19.0513378, 47.51798740000006]}}, {"id": "48", "type": "Feature", "properties": {"x": 5001395.8118043905, "y": 2753466.0280056032, "bearings": {"48_53_0": 77.6180504738447, "48_46_0": -102.40498468233228, "48_72_0": -12.330489909221617}, "angles": {"48_46_0": 179.976964843823, "48_72_0": 90.07449477311067, "48_53_0": 89.94854038306632}, "adj_sorted": [[48, 46, 0], [48, 72, 0], [48, 53, 0]], "type": "T", "n_corners": 2}, "geometry": {"type": "Point", "coordinates": [19.053654400000003, 47.51959660000003]}}, {"id": "30", "type": "Feature", "properties": {"x": 5001301.811681877, "y": 2753143.247316943, "bearings": {"30_44_0": -18.271888487364606, "30_33_0": 71.31705062895102, "30_14_0": 161.81945315785183, "30_28_0": -108.69042525090343}, "angles": {"30_28_0": 89.49012159124476, "30_44_0": 90.41853676353882, "30_33_0": 89.58893911631563, "30_14_0": 90.5024025289008}, "adj_sorted": [[30, 28, 0], [30, 44, 0], [30, 33, 0], [30, 14, 0]], "type": "X", "n_corners": 4}, "geometry": {"type": "Point", "coordinates": [19.051907199999995, 47.51681960000005]}}, {"id": "34", "type": "Feature", "properties": {"x": 5001323.626693599, "y": 2753000.6636269367, "bearings": {"34_22_0": 161.22220777832217, "34_49_0": -18.875677311648527, "34_44_0": 70.75163557323354, "34_29_0": -109.24581616795972}, "angles": {"34_29_0": 89.5319760537181, "34_49_0": 90.37013885631119, "34_44_0": 89.62731288488207, "34_22_0": 90.47057220508863}, "adj_sorted": [[34, 29, 0], [34, 49, 0], [34, 44, 0], [34, 22, 0]], "type": "X", "n_corners": 4}, "geometry": {"type": "Point", "coordinates": [19.051970799999996, 47.51552330000001]}}, {"id": "29", "type": "Feature", "properties": {"x": 5001294.881795491, "y": 2752918.331565075, "bearings": {"29_24_0": -109.25251237675492, "29_45_0": -18.608635024757042, "29_34_0": 70.7541838320403, "29_18_0": 162.48225694482858}, "angles": {"29_24_0": 88.26523067841651, "29_45_0": 90.64387735199787, "29_34_0": 89.36281885679733, "29_18_0": 91.72807311278828}, "adj_sorted": [[29, 24, 0], [29, 45, 0], [29, 34, 0], [29, 18, 0]], "type": "X", "n_corners": 4}, "geometry": {"type": "Point", "coordinates": [19.051462300000004, 47.5148202]}}, {"id": "18", "type": "Feature", "properties": {"x": 5001234.246587536, "y": 2752937.470418618, "bearings": {"18_12_0": -109.9593664604434, "18_7_0": 162.08237588393962, "18_22_0": 73.13697500702638, "18_29_0": -17.517743055171433}, "angles": {"18_12_0": 87.95825765561699, "18_29_0": 92.44162340527197, "18_22_0": 90.65471806219782, "18_7_0": 88.94540087691324}, "adj_sorted": [[18, 12, 0], [18, 29, 0], [18, 22, 0], [18, 7, 0]], "type": "X", "n_corners": 4}, "geometry": {"type": "Point", "coordinates": [19.050692700000003, 47.51505759999999]}}, {"id": "77", "type": "Feature", "properties": {"x": 5001537.082023669, "y": 2752623.8181311702, "bearings": {"77_88_0": -19.253654743390914, "77_70_0": 160.8104389499273, "77_85_0": 71.30163351283575}, "angles": {"77_88_0": 179.9359063066818, "77_85_0": 90.55528825622666, "77_70_0": 89.50880543709154}, "adj_sorted": [[77, 88, 0], [77, 85, 0], [77, 70, 0]], "type": "T", "n_corners": 2}, "geometry": {"type": "Point", "coordinates": [19.054193499999997, 47.511926000000045]}}, {"id": "28", "type": "Feature", "properties": {"x": 5001281.603762628, "y": 2753083.5163943875, "bearings": {"28_22_0": -108.81560755725415, "28_11_0": 162.92150454920477, "28_30_0": 71.2496136827598}, "angles": {"28_22_0": 88.26288789354106, "28_30_0": 180.06522124001395, "28_11_0": 91.67189086644497}, "adj_sorted": [[28, 22, 0], [28, 30, 0], [28, 11, 0]], "type": "T", "n_corners": 2}, "geometry": {"type": "Point", "coordinates": [19.051546799999993, 47.51630880000001]}}, {"id": "14", "type": "Feature", "properties": {"x": 5001210.918638026, "y": 2753173.072065336, "bearings": {"14_11_0": -108.74852062042896, "14_8_0": 161.56637257429045, "14_30_0": -18.172398541346404, "14_17_0": 71.01805188228636}, "angles": {"14_11_0": 89.68510680528061, "14_30_0": 90.57612207908255, "14_17_0": 89.19045042363277, "14_8_0": 90.5483206920041}, "adj_sorted": [[14, 11, 0], [14, 30, 0], [14, 17, 0], [14, 8, 0]], "type": "X", "n_corners": 4}, "geometry": {"type": "Point", "coordinates": [19.050755300000006, 47.51718560000002]}}, {"id": "19", "type": "Feature", "properties": {"x": 5001235.437954741, "y": 2753243.8340178034, "bearings": {"19_8_0": 159.89337074713703, "19_20_0": 69.93786504957572, "19_17_0": -109.35939882469071}, "angles": {"19_17_0": 90.74723042817226, "19_20_0": 179.29726387426643, "19_8_0": 89.9555056975613}, "adj_sorted": [[19, 17, 0], [19, 20, 0], [19, 8, 0]], "type": "T", "n_corners": 2}, "geometry": {"type": "Point", "coordinates": [19.051189900000004, 47.517790100000035]}}, {"id": "17", "type": "Feature", "properties": {"x": 5001228.445653885, "y": 2753223.933303233, "bearings": {"17_33_0": -18.384951665238606, "17_14_0": -109.01896281541707, "17_19_0": 70.6406011753093}, "angles": {"17_14_0": 180.34043600927362, "17_33_0": 90.63401115017847, "17_19_0": 89.0255528405479}, "adj_sorted": [[17, 14, 0], [17, 33, 0], [17, 19, 0]], "type": "T", "n_corners": 2}, "geometry": {"type": "Point", "coordinates": [19.0510664, 47.51762020000005]}}, {"id": "156", "type": "Feature", "properties": {"x": 5001809.508472345, "y": 2755070.1241974626, "bearings": {"156_163_0": 65.98268823773789, "156_168_0": -10.026952778288143, "156_149_0": -108.2960824030391, "156_131_0": 173.9796151547049}, "angles": {"156_149_0": 77.72430244225598, "156_168_0": 98.26912962475095, "156_163_0": 76.00964101602604, "156_131_0": 107.99692691696701}, "adj_sorted": [[156, 149, 0], [156, 168, 0], [156, 163, 0], [156, 131, 0]], "type": "X", "n_corners": 4}, "geometry": {"type": "Point", "coordinates": [19.0616352, 47.53345550000003]}}, {"id": "133", "type": "Feature", "properties": {"x": 5001750.796564955, "y": 2755120.0416606423, "bearings": {"133_154_0": 23.82428126154698, "133_131_0": -99.76433201768039, "133_135_0": 80.60047518344713}, "angles": {"133_131_0": 179.63519279887248, "133_154_0": 123.58861327922736, "133_135_0": 56.77619392190015}, "adj_sorted": [[133, 131, 0], [133, 154, 0], [133, 135, 0]], "type": "Y", "n_corners": 2}, "geometry": {"type": "Point", "coordinates": [19.060939200000004, 47.53396550000007]}}, {"id": "149", "type": "Feature", "properties": {"x": 5001786.656070075, "y": 2754937.2858829107, "bearings": {"149_161_0": -10.22367070923384, "149_139_0": -100.50082194794086, "149_156_0": 80.9160009502011, "149_120_0": 170.8579727246519}, "angles": {"149_139_0": 88.64120532740725, "149_161_0": 90.27715123870702, "149_156_0": 91.13967165943494, "149_120_0": 89.94197177445079}, "adj_sorted": [[149, 139, 0], [149, 161, 0], [149, 156, 0], [149, 120, 0]], "type": "X", "n_corners": 4}, "geometry": {"type": "Point", "coordinates": [19.061124599999996, 47.53229530000002]}}, {"id": "131", "type": "Feature", "properties": {"x": 5001745.86301046, "y": 2755076.836500017, "bearings": {"131_156_0": -6.020384845295109, "131_133_0": 76.61120054446124, "131_120_0": -99.89301030062872}, "angles": {"131_120_0": 183.49578915491003, "131_156_0": 93.8726254553336, "131_133_0": 82.63158538975635}, "adj_sorted": [[131, 120, 0], [131, 156, 0], [131, 133, 0]], "type": "T", "n_corners": 2}, "geometry": {"type": "Point", "coordinates": [19.060806099999997, 47.533585400000014]}}, {"id": "120", "type": "Feature", "properties": {"x": 5001720.087785593, "y": 2754947.964212068, "bearings": {"120_116_0": -99.63582274209811, "120_149_0": -9.111911079958583, "120_131_0": 90.84529421149341}, "angles": {"120_116_0": 169.51888304640846, "120_149_0": 90.52391166213953, "120_131_0": 99.957205291452}, "adj_sorted": [[120, 116, 0], [120, 149, 0], [120, 131, 0]], "type": "T", "n_corners": 2}, "geometry": {"type": "Point", "coordinates": [19.060263199999998, 47.532463800000045]}}, {"id": "110", "type": "Feature", "properties": {"x": 5001681.623130055, "y": 2754613.453612128, "bearings": {"110_124_0": -8.501474241022045, "110_106_0": 165.6301879985542, "110_102_0": -100.74530190907204}, "angles": {"110_102_0": 93.62451009237378, "110_124_0": 92.24382766804999, "110_106_0": 174.13166223957623}, "adj_sorted": [[110, 102, 0], [110, 124, 0], [110, 106, 0]], "type": "T", "n_corners": 2}, "geometry": {"type": "Point", "coordinates": [19.0592293, 47.529521200000055]}}, {"id": "570", "type": "Feature", "properties": {"x": 5003379.852805659, "y": 2757056.9833827377, "bearings": {"570_557_0": -112.90065485366469, "570_559_0": 151.96728008486218, "570_583_0": -26.421648158511825, "570_594_0": 62.78606305379423}, "angles": {"570_557_0": 95.1320650614731, "570_583_0": 86.47900669515286, "570_594_0": 89.20771121230605, "570_559_0": 89.18121703106794}, "adj_sorted": [[570, 557, 0], [570, 583, 0], [570, 594, 0], [570, 559, 0]], "type": "X", "n_corners": 4}, "geometry": {"type": "Point", "coordinates": [19.085488100000003, 47.54945440000004]}}, {"id": "594", "type": "Feature", "properties": {"x": 5003503.203395576, "y": 2757246.5417063255, "bearings": {"594_609_0": -39.76834218484437, "594_581_0": 140.6354648527148, "594_570_0": -127.90193877301121}, "angles": {"594_570_0": 91.46259637427397, "594_609_0": 88.13359658816684, "594_581_0": 180.40380703755915}, "adj_sorted": [[594, 570, 0], [594, 609, 0], [594, 581, 0]], "type": "T", "n_corners": 2}, "geometry": {"type": "Point", "coordinates": [19.0874153, 47.55100970000002]}}, {"id": "286", "type": "Feature", "properties": {"x": 5002318.614036881, "y": 2754682.8358974745, "bearings": {"286_282_0": 169.85921530645203, "286_293_0": -11.61001488426292, "286_291_0": 79.14469010137329}, "angles": {"286_293_0": 178.53076980928506, "286_291_0": 90.75470498563621, "286_282_0": 90.71452520507874}, "adj_sorted": [[286, 293, 0], [286, 291, 0], [286, 282, 0]], "type": "T", "n_corners": 2}, "geometry": {"type": "Point", "coordinates": [19.067741599999994, 47.52943950000007]}}, {"id": "681", "type": "Feature", "properties": {"x": 5003912.162666064, "y": 2755166.90949219, "bearings": {"681_671_0": 164.81385397629015, "681_676_0": -104.26327600221694, "681_686_0": 75.6853703223443}, "angles": {"681_676_0": 90.92287002149294, "681_686_0": 179.94864632456125, "681_671_0": 89.12848365394585}, "adj_sorted": [[681, 676, 0], [681, 686, 0], [681, 671, 0]], "type": "T", "n_corners": 2}, "geometry": {"type": "Point", "coordinates": [19.089526900000003, 47.53200270000007]}}, {"id": "203", "type": "Feature", "properties": {"x": 5001987.62059355, "y": 2756850.1727651195, "bearings": {"203_192_0": -108.66941298552956, "203_206_0": 23.297767050271222, "203_202_0": 142.60555212157553}, "angles": {"203_192_0": 108.72503489289491, "203_206_0": 131.9671800358008, "203_202_0": 119.30778507130431}, "adj_sorted": [[203, 192, 0], [203, 206, 0], [203, 202, 0]], "type": "Y", "n_corners": 3}, "geometry": {"type": "Point", "coordinates": [19.066789099999994, 47.54914300000002]}}, {"id": "208", "type": "Feature", "properties": {"x": 5002015.600228366, "y": 2756916.7085234607, "bearings": {"208_206_0": -106.84506434782503, "208_234_0": -12.032202797448317, "208_199_0": 166.912250777239}, "angles": {"208_206_0": 86.242684874936, "208_234_0": 94.81286155037671, "208_199_0": 178.94445357468732}, "adj_sorted": [[208, 206, 0], [208, 234, 0], [208, 199, 0]], "type": "T", "n_corners": 2}, "geometry": {"type": "Point", "coordinates": [19.067263199999996, 47.54970590000001]}}]}