{"type": "FeatureCollection", "features": [{"id": "(3, 55, 0)", "type": "Feature", "properties": {"_status": "changed", "osmid": 0, "highway": ["secondary", "tertiary"], "lanes": "2", "name": ["Top\u00e1nka utca", "Csepeli \u00e1tj\u00e1r\u00f3"], "oneway": false, "reversed": true, "length": 346.7017941755107, "from": "3", "to": "55", "maxspeed": "50", "bridge": "yes", "_key": "0", "ref": null, "access": null, "tunnel": null, "width": null}, "geometry": {"type": "LineString", "coordinates": [[19.09043669715753, 47.4363094501258], [19.091366099999995, 47.436354800000025], [19.092091200000002, 47.43639520000002], [19.094112699999993, 47.436568500000035], [19.0952835, 47.43665930000002], [19.09580679999999, 47.436702700000005], [19.0959443, 47.4367149], [19.098397896597454, 47.43683631706105]]}}, {"id": "(55, 72, 0)", "type": "Feature", "properties": {"_status": "new", "osmid": 1, "highway": null, "lanes": null, "name": null, "oneway": null, "reversed": null, "length": null, "from": "55", "to": "72", "maxspeed": null, "bridge": null, "_key": "0", "ref": null, "access": null, "tunnel": null, "width": null}, "geometry": {"type": "LineString", "coordinates": [[19.098397896597454, 47.43683631706105], [19.099132730950572, 47.43689355044204], [19.099604901157157, 47.43697164919079], [19.10007157251321, 47.43710955418978], [19.100614496194655, 47.43738676888421]]}}, {"id": "(55, 52, 0)", "type": "Feature", "properties": {"_status": "changed", "osmid": 2, "highway": "tertiary", "lanes": "4", "name": "Baross utca", "oneway": false, "reversed": true, "length": 47.80036726106181, "from": "52", "to": "55", "maxspeed": "50", "bridge": null, "_key": "0", "ref": null, "access": null, "tunnel": null, "width": null}, "geometry": {"type": "LineString", "coordinates": [[19.09797329999999, 47.43722300000005], [19.098116799999996, 47.437076700000006], [19.098155899999995, 47.43704320000004], [19.098187199999998, 47.437016400000005], [19.0983475, 47.43687589999999], [19.098397896597454, 47.43683631706105]]}}, {"id": "(55, 63, 0)", "type": "Feature", "properties": {"_status": "changed", "osmid": 3, "highway": "tertiary", "lanes": ["2", "4"], "name": "Baross utca", "oneway": false, "reversed": false, "length": 138.17289263139236, "from": "63", "to": "55", "maxspeed": "50", "bridge": null, "_key": "0", "ref": null, "access": null, "tunnel": null, "width": null}, "geometry": {"type": "LineString", "coordinates": [[19.099468, 47.43576380000002], [19.099403599999995, 47.43582649999999], [19.099275200000005, 47.43595510000005], [19.099197100000005, 47.43605330000001], [19.0989927, 47.43626470000001], [19.0986278, 47.43663310000001], [19.0985942, 47.43666220000002], [19.098565799999996, 47.43668850000005], [19.098447999999998, 47.43679630000005], [19.098397896597454, 47.43683631706105]]}}, {"id": "(72, 66, 0)", "type": "Feature", "properties": {"_status": "changed", "osmid": 9, "highway": "residential", "lanes": null, "name": "Pet\u0151fi utca", "oneway": true, "reversed": false, "length": 63.113938526624075, "from": "66", "to": "72", "maxspeed": null, "bridge": null, "_key": "0", "ref": null, "access": null, "tunnel": null, "width": null}, "geometry": {"type": "LineString", "coordinates": [[19.100048299999994, 47.43788160000001], [19.100088500000002, 47.43784560000004], [19.1004517, 47.437521300000036], [19.1004724, 47.43750279999999], [19.100510600000007, 47.43747030000005], [19.100556799999996, 47.43743010000003], [19.100614496194655, 47.43738676888421]]}}, {"id": "(72, 96, 0)", "type": "Feature", "properties": {"_status": "new", "osmid": 12, "highway": null, "lanes": null, "name": null, "oneway": null, "reversed": null, "length": null, "from": "96", "to": "72", "maxspeed": null, "bridge": null, "_key": "0", "ref": null, "access": null, "tunnel": null, "width": null}, "geometry": {"type": "LineString", "coordinates": [[19.10256927330377, 47.43843848186282], [19.100614496194655, 47.43738676888421]]}}, {"id": "(52, 50, 0)", "type": "Feature", "properties": {"_status": "original", "osmid": 4, "highway": "tertiary", "lanes": "4", "name": "Baross utca", "oneway": false, "reversed": true, "length": 28.89584240391218, "from": "50", "to": "52", "maxspeed": "50", "bridge": null, "_key": "0", "ref": null, "access": null, "tunnel": null, "width": null}, "geometry": {"type": "LineString", "coordinates": [[19.097765099999993, 47.43744140000004], [19.09797329999999, 47.43722300000005]]}}, {"id": "(52, 44, 0)", "type": "Feature", "properties": {"_status": "original", "osmid": 5, "highway": "residential", "lanes": null, "name": "Top\u00e1nka utca", "oneway": false, "reversed": true, "length": 134.31983052213832, "from": "44", "to": "52", "maxspeed": null, "bridge": null, "_key": "0", "ref": null, "access": null, "tunnel": null, "width": null}, "geometry": {"type": "LineString", "coordinates": [[19.096261599999995, 47.4369961], [19.096469999999993, 47.43700520000003], [19.096502600000004, 47.437006200000035], [19.0971533, 47.43702590000002], [19.097399800000005, 47.43703160000002], [19.0975466, 47.43705310000003], [19.097731899999992, 47.43711480000003], [19.097800200000002, 47.43714410000002], [19.0978445, 47.437163100000035], [19.097874899999994, 47.43717609999999], [19.09797329999999, 47.43722300000005]]}}, {"id": "(63, 90, 0)", "type": "Feature", "properties": {"_status": "original", "osmid": 6, "highway": "tertiary", "lanes": "2", "name": "Baross utca", "oneway": false, "reversed": false, "length": 242.23998081542993, "from": "90", "to": "63", "maxspeed": "50", "bridge": null, "_key": "0", "ref": null, "access": null, "tunnel": null, "width": null}, "geometry": {"type": "LineString", "coordinates": [[19.1013924, 47.43401720000006], [19.101349000000003, 47.43405120000002], [19.100738, 47.43460900000002], [19.100161399999994, 47.435125500000076], [19.099879399999992, 47.43537890000003], [19.0995399, 47.435694699999985], [19.099468, 47.43576380000002]]}}, {"id": "(63, 56, 0)", "type": "Feature", "properties": {"_status": "original", "osmid": 7, "highway": "tertiary", "lanes": "2", "name": "Kossuth Lajos utca", "oneway": false, "reversed": false, "length": 123.42741533517433, "from": "56", "to": "63", "maxspeed": "50", "bridge": null, "_key": "0", "ref": null, "access": null, "tunnel": null, "width": null}, "geometry": {"type": "LineString", "coordinates": [[19.0982184, 47.43504440000002], [19.0990786, 47.43553400000003], [19.099377799999992, 47.435708600000005], [19.099468, 47.43576380000002]]}}, {"id": "(63, 76, 0)", "type": "Feature", "properties": {"_status": "original", "osmid": 8, "highway": "residential", "lanes": null, "name": "Kossuth Lajos utca", "oneway": true, "reversed": false, "length": 126.93632742924643, "from": "76", "to": "63", "maxspeed": "20", "bridge": null, "_key": "0", "ref": null, "access": null, "tunnel": null, "width": null}, "geometry": {"type": "LineString", "coordinates": [[19.100761299999995, 47.43649710000002], [19.1007153, 47.436473700000015], [19.100675099999997, 47.43645130000002], [19.100642199999996, 47.436432900000064], [19.0995673, 47.435819800000054], [19.099522299999993, 47.435793600000025], [19.099468, 47.43576380000002]]}}, {"id": "(50, 45, 0)", "type": "Feature", "properties": {"_status": "original", "osmid": 571, "highway": "tertiary", "lanes": "2", "name": "Baross utca", "oneway": false, "reversed": false, "length": 216.20405056695762, "from": "50", "to": "45", "maxspeed": "50", "bridge": null, "_key": "0", "ref": null, "access": null, "tunnel": null, "width": null}, "geometry": {"type": "LineString", "coordinates": [[19.097765099999993, 47.43744140000004], [19.0972355, 47.43799270000004], [19.097058599999993, 47.438228500000044], [19.096913000000008, 47.43860130000001], [19.096744000000008, 47.43911720000003], [19.096722699999997, 47.43918000000005], [19.0967092, 47.43922310000004]]}}, {"id": "(50, 66, 0)", "type": "Feature", "properties": {"_status": "original", "osmid": 11, "highway": "residential", "lanes": null, "name": "B\u00edr\u00f3 Mih\u00e1ly utca", "oneway": true, "reversed": false, "length": 187.76356045132533, "from": "66", "to": "50", "maxspeed": "20", "bridge": null, "_key": "0", "ref": null, "access": null, "tunnel": null, "width": null}, "geometry": {"type": "LineString", "coordinates": [[19.100048299999994, 47.43788160000001], [19.099252300000007, 47.4374634], [19.099137100000007, 47.43746220000003], [19.09829149999999, 47.43745360000003], [19.097963199999995, 47.43744780000004], [19.0979215, 47.43745170000004], [19.097765099999993, 47.43744140000004]]}}, {"id": "(90, 126, 0)", "type": "Feature", "properties": {"_status": "original", "osmid": 226, "highway": "tertiary", "lanes": "2", "name": "Baross utca", "oneway": false, "reversed": true, "length": 239.18021935750187, "from": "90", "to": "126", "maxspeed": "50", "bridge": null, "_key": "0", "ref": null, "access": null, "tunnel": null, "width": null}, "geometry": {"type": "LineString", "coordinates": [[19.1013924, 47.43401720000006], [19.1014449, 47.433968000000036], [19.1015357, 47.43388620000003], [19.1031979, 47.43236000000003], [19.103279199999996, 47.4322858]]}}, {"id": "(90, 83, 0)", "type": "Feature", "properties": {"_status": "original", "osmid": 228, "highway": "residential", "lanes": null, "name": "Zilah utca", "oneway": false, "reversed": false, "length": 25.735229523363593, "from": "83", "to": "90", "maxspeed": null, "bridge": null, "_key": "0", "ref": null, "access": null, "tunnel": null, "width": null}, "geometry": {"type": "LineString", "coordinates": [[19.101127899999998, 47.43387060000002], [19.101338599999995, 47.4339914], [19.1013924, 47.43401720000006]]}}, {"id": "(90, 109, 0)", "type": "Feature", "properties": {"_status": "original", "osmid": 227, "highway": "residential", "lanes": null, "name": "Zilah utca", "oneway": false, "reversed": true, "length": 126.09648768732998, "from": "109", "to": "90", "maxspeed": "30", "bridge": null, "_key": "0", "ref": null, "access": null, "tunnel": null, "width": null}, "geometry": {"type": "LineString", "coordinates": [[19.1026279, 47.43478360000001], [19.102600100000007, 47.43476649999999], [19.10145269999999, 47.434058400000005], [19.1013924, 47.43401720000006]]}}, {"id": "(56, 49, 0)", "type": "Feature", "properties": {"_status": "original", "osmid": 26, "highway": "tertiary", "lanes": ["3", "2"], "name": "Kossuth Lajos utca", "oneway": false, "reversed": false, "length": 107.34024267022264, "from": "49", "to": "56", "maxspeed": "50", "bridge": null, "_key": "0", "ref": null, "access": null, "tunnel": null, "width": null}, "geometry": {"type": "LineString", "coordinates": [[19.097125800000004, 47.434424500000034], [19.0971946, 47.43447430000002], [19.097230599999993, 47.434495900000016], [19.097293799999996, 47.43452990000004], [19.0973204, 47.43454410000002], [19.097592999999993, 47.43469050000004], [19.097696099999993, 47.434745800000016], [19.09776739999999, 47.434784100000016], [19.097818399999998, 47.43481490000006], [19.0982184, 47.43504440000002]]}}, {"id": "(56, 75, 0)", "type": "Feature", "properties": {"_status": "original", "osmid": 176, "highway": "residential", "lanes": null, "name": "Attila utca", "oneway": false, "reversed": true, "length": 240.19302423445038, "from": "75", "to": "56", "maxspeed": null, "bridge": null, "_key": "0", "ref": null, "access": null, "tunnel": null, "width": null}, "geometry": {"type": "LineString", "coordinates": [[19.100115, 47.433306800000054], [19.100070399999993, 47.43334690000003], [19.09944129999999, 47.43392070000007], [19.0989401, 47.43437810000003], [19.0982575, 47.435001000000014], [19.0982184, 47.43504440000002]]}}, {"id": "(76, 91, 0)", "type": "Feature", "properties": {"_status": "original", "osmid": 229, "highway": "residential", "lanes": null, "name": "Nagy Gy\u0151ry Istv\u00e1n utca", "oneway": true, "reversed": false, "length": 118.90072052661564, "from": "91", "to": "76", "maxspeed": null, "bridge": null, "_key": "0", "ref": null, "access": null, "tunnel": null, "width": null}, "geometry": {"type": "LineString", "coordinates": [[19.101700199999993, 47.43563690000002], [19.101619899999996, 47.43571230000003], [19.10132189999999, 47.435992700000014], [19.100761299999995, 47.43649710000002]]}}, {"id": "(76, 93, 0)", "type": "Feature", "properties": {"_status": "original", "osmid": 230, "highway": "pedestrian", "lanes": null, "name": "Kossuth Lajos utca", "oneway": false, "reversed": false, "length": 129.15245918592365, "from": "93", "to": "76", "maxspeed": null, "bridge": null, "_key": "0", "ref": null, "access": null, "tunnel": null, "width": null}, "geometry": {"type": "LineString", "coordinates": [[19.102042200000003, 47.43725160000002], [19.1019606, 47.43720490000003], [19.101640899999996, 47.4370303], [19.101379799999997, 47.436887600000006], [19.101293899999998, 47.4368407], [19.101055900000006, 47.4367107], [19.1008854, 47.436616900000054], [19.100785600000002, 47.436562000000016], [19.100777200000003, 47.436539600000046], [19.100761299999995, 47.43649710000002]]}}, {"id": "(66, 82, 0)", "type": "Feature", "properties": {"_status": "original", "osmid": 10, "highway": "residential", "lanes": null, "name": "B\u00edr\u00f3 Mih\u00e1ly utca", "oneway": false, "reversed": true, "length": 139.76812922877784, "from": "66", "to": "82", "maxspeed": "50", "bridge": null, "_key": "0", "ref": null, "access": null, "tunnel": null, "width": null}, "geometry": {"type": "LineString", "coordinates": [[19.100048299999994, 47.43788160000001], [19.100536799999993, 47.438145900000066], [19.1008625, 47.438323800000035], [19.1009655, 47.4383876], [19.1012624, 47.4385493], [19.101342600000002, 47.43859299999998], [19.101471399999998, 47.43866320000005], [19.1014876, 47.43867200000002], [19.101816299999992, 47.43885100000003], [19.101976399999995, 47.43894050000005]]}}, {"id": "(82, 65, 0)", "type": "Feature", "properties": {"_status": "original", "osmid": 174, "highway": "residential", "lanes": null, "name": "Sz\u00e9chenyi utca", "oneway": false, "reversed": true, "length": 198.81003047337194, "from": "82", "to": "65", "maxspeed": null, "bridge": null, "_key": "0", "ref": null, "access": null, "tunnel": null, "width": null}, "geometry": {"type": "LineString", "coordinates": [[19.101976399999995, 47.43894050000005], [19.100388900000002, 47.440289300000025], [19.1003296, 47.44033910000001]]}}, {"id": "(82, 84, 0)", "type": "Feature", "properties": {"_status": "original", "osmid": 14, "highway": "residential", "lanes": null, "name": "Sz\u00e9chenyi utca", "oneway": false, "reversed": true, "length": 6.446268202682936, "from": "84", "to": "82", "maxspeed": null, "bridge": null, "_key": "0", "ref": null, "access": null, "tunnel": null, "width": null}, "geometry": {"type": "LineString", "coordinates": [[19.1020297, 47.43889510000005], [19.101976399999995, 47.43894050000005]]}}, {"id": "(96, 118, 0)", "type": "Feature", "properties": {"_status": "new", "osmid": 16, "highway": null, "lanes": null, "name": null, "oneway": null, "reversed": null, "length": null, "from": "96", "to": "118", "maxspeed": null, "bridge": null, "_key": "0", "ref": null, "access": null, "tunnel": null, "width": null}, "geometry": {"type": "LineString", "coordinates": [[19.10256927330377, 47.43843848186282], [19.103844595382448, 47.43914694571784]]}}, {"id": "(96, 84, 0)", "type": "Feature", "properties": {"_status": "changed", "osmid": 13, "highway": "residential", "lanes": null, "name": "Sz\u00e9chenyi utca", "oneway": false, "reversed": false, "length": 58.58193422683112, "from": "84", "to": "96", "maxspeed": null, "bridge": null, "_key": "0", "ref": null, "access": null, "tunnel": null, "width": null}, "geometry": {"type": "LineString", "coordinates": [[19.1020297, 47.43889510000005], [19.102225599999993, 47.43872530000001], [19.1023007, 47.43866030000004], [19.102404799999995, 47.438575599999986], [19.102444899999995, 47.43854140000003], [19.102456799999995, 47.43853090000002], [19.102516099999992, 47.438483700000006], [19.10256927330377, 47.43843848186282]]}}, {"id": "(84, 107, 0)", "type": "Feature", "properties": {"_status": "original", "osmid": 15, "highway": "residential", "lanes": "2", "name": "B\u00edr\u00f3 Mih\u00e1ly utca", "oneway": false, "reversed": false, "length": 123.54651247696087, "from": "107", "to": "84", "maxspeed": "50", "bridge": null, "_key": "0", "ref": null, "access": null, "tunnel": null, "width": null}, "geometry": {"type": "LineString", "coordinates": [[19.103293499999992, 47.439604900000035], [19.103087899999995, 47.43948950000004], [19.1024513, 47.43913190000004], [19.102105099999996, 47.4389375], [19.1020297, 47.43889510000005]]}}, {"id": "(107, 118, 0)", "type": "Feature", "properties": {"_status": "changed", "osmid": 17, "highway": "residential", "lanes": "2", "name": "Ady Endre utca", "oneway": false, "reversed": false, "length": 59.21269515633414, "from": "107", "to": "118", "maxspeed": null, "bridge": null, "_key": "0", "ref": null, "access": null, "tunnel": null, "width": null}, "geometry": {"type": "LineString", "coordinates": [[19.103293499999992, 47.439604900000035], [19.1036276, 47.43933200000006], [19.103674300000005, 47.439293800000016], [19.103720499999994, 47.439254600000005], [19.103791299999997, 47.4391924], [19.103844595382448, 47.43914694571784]]}}, {"id": "(107, 125, 0)", "type": "Feature", "properties": {"_status": "original", "osmid": 18, "highway": "residential", "lanes": "2", "name": "B\u00edr\u00f3 Mih\u00e1ly utca", "oneway": true, "reversed": false, "length": 58.159079885236245, "from": "107", "to": "125", "maxspeed": null, "bridge": null, "_key": "0", "ref": null, "access": null, "tunnel": null, "width": null}, "geometry": {"type": "LineString", "coordinates": [[19.103293499999992, 47.439604900000035], [19.103327099999994, 47.439623000000005], [19.103368499999995, 47.43964530000001], [19.10339759999999, 47.43966100000004], [19.103706199999994, 47.439827800000025], [19.1038544, 47.43990790000005], [19.103932000000004, 47.439949800000036], [19.103965099999996, 47.43996770000002], [19.104001699999994, 47.4399871], [19.104320600000005, 47.44015680000005], [19.1044705, 47.44023660000004], [19.1044987, 47.44025160000001], [19.10457239999999, 47.44029150000003]]}}, {"id": "(107, 77, 0)", "type": "Feature", "properties": {"_status": "original", "osmid": 19, "highway": "residential", "lanes": null, "name": "Ady Endre utca", "oneway": true, "reversed": false, "length": 203.7543647001973, "from": "107", "to": "77", "maxspeed": null, "bridge": null, "_key": "0", "ref": null, "access": null, "tunnel": null, "width": null}, "geometry": {"type": "LineString", "coordinates": [[19.103293499999992, 47.439604900000035], [19.102166099999998, 47.4405506], [19.101655200000003, 47.44096690000002], [19.101582899999997, 47.441025800000034]]}}, {"id": "(118, 128, 0)", "type": "Feature", "properties": {"_status": "changed", "osmid": 20, "highway": "residential", "lanes": null, "name": "Ady Endre utca", "oneway": false, "reversed": true, "length": 67.01725810976104, "from": "118", "to": "128", "maxspeed": "50", "bridge": null, "_key": "0", "ref": null, "access": null, "tunnel": null, "width": null}, "geometry": {"type": "LineString", "coordinates": [[19.103844595382448, 47.43914694571784], [19.103895800000004, 47.43910060000003], [19.103933500000007, 47.43906540000003], [19.1039559, 47.439046200000014], [19.103965499999997, 47.439037900000024], [19.104444199999993, 47.43862560000004]]}}, {"id": "(118, 132, 0)", "type": "Feature", "properties": {"_status": "new", "osmid": 21, "highway": null, "lanes": null, "name": null, "oneway": null, "reversed": null, "length": null, "from": "132", "to": "118", "maxspeed": null, "bridge": null, "_key": "0", "ref": null, "access": null, "tunnel": null, "width": null}, "geometry": {"type": "LineString", "coordinates": [[19.104862320180068, 47.43982844626785], [19.10457429512259, 47.43955993697317], [19.103844595382448, 47.43914694571784]]}}, {"id": "(125, 127, 0)", "type": "Feature", "properties": {"_status": "original", "osmid": 181, "highway": "tertiary", "lanes": "2", "name": "T\u00f6r\u00f6k Fl\u00f3ris utca", "oneway": false, "reversed": false, "length": 13.247180414934984, "from": "125", "to": "127", "maxspeed": "50", "bridge": null, "_key": "0", "ref": null, "access": null, "tunnel": null, "width": null}, "geometry": {"type": "LineString", "coordinates": [[19.10457239999999, 47.44029150000003], [19.104611600000002, 47.44026110000002], [19.104690300000005, 47.440203]]}}, {"id": "(125, 115, 0)", "type": "Feature", "properties": {"_status": "original", "osmid": 182, "highway": "tertiary", "lanes": "2", "name": "T\u00f6r\u00f6k Fl\u00f3ris utca", "oneway": false, "reversed": false, "length": 74.77159212791159, "from": "115", "to": "125", "maxspeed": "50", "bridge": null, "_key": "0", "ref": null, "access": null, "tunnel": null, "width": null}, "geometry": {"type": "LineString", "coordinates": [[19.103929000000004, 47.44080410000004], [19.104078799999996, 47.44068580000003], [19.104295200000003, 47.44051490000004], [19.104464399999998, 47.44038130000004], [19.1045288, 47.44032780000002], [19.10454819999999, 47.44031160000004], [19.10457239999999, 47.44029150000003]]}}, {"id": "(77, 92, 0)", "type": "Feature", "properties": {"_status": "original", "osmid": 548, "highway": "residential", "lanes": null, "name": "J\u00e1nos utca", "oneway": false, "reversed": false, "length": 119.92795953859839, "from": "77", "to": "92", "maxspeed": null, "bridge": null, "_key": "0", "ref": null, "access": null, "tunnel": null, "width": null}, "geometry": {"type": "LineString", "coordinates": [[19.101582899999997, 47.441025800000034], [19.101630300000004, 47.441053300000014], [19.102101299999994, 47.441326200000034], [19.102300499999988, 47.4414416], [19.102457699999988, 47.44153240000006], [19.102631800000005, 47.44162950000002], [19.102647399999995, 47.441638200000035], [19.102686299999988, 47.44166030000005], [19.102702699999995, 47.44167000000002], [19.102796500000004, 47.44172540000001]]}}, {"id": "(77, 70, 0)", "type": "Feature", "properties": {"_status": "original", "osmid": 550, "highway": "residential", "lanes": null, "name": "J\u00e1nos utca", "oneway": false, "reversed": false, "length": 47.92765565270521, "from": "70", "to": "77", "maxspeed": null, "bridge": null, "_key": "0", "ref": null, "access": null, "tunnel": null, "width": null}, "geometry": {"type": "LineString", "coordinates": [[19.101087700000004, 47.44075450000001], [19.101582899999997, 47.441025800000034]]}}, {"id": "(128, 137, 0)", "type": "Feature", "properties": {"_status": "changed", "osmid": 22, "highway": "living_street", "lanes": null, "name": "Ady Endre utca", "oneway": false, "reversed": true, "length": 41.36547120275353, "from": "137", "to": "128", "maxspeed": null, "bridge": null, "_key": "0", "ref": null, "access": null, "tunnel": null, "width": null}, "geometry": {"type": "LineString", "coordinates": [[19.104851085538076, 47.43827441981167], [19.104782900000004, 47.43833250000002], [19.104444199999993, 47.43862560000004]]}}, {"id": "(128, 114, 0)", "type": "Feature", "properties": {"_status": "original", "osmid": 23, "highway": "pedestrian", "lanes": null, "name": "Kossuth Lajos utca", "oneway": false, "reversed": true, "length": 102.4540176992239, "from": "114", "to": "128", "maxspeed": null, "bridge": null, "_key": "0", "ref": null, "access": null, "tunnel": null, "width": null}, "geometry": {"type": "LineString", "coordinates": [[19.103404099999995, 47.43803059999999], [19.1035391, 47.438108000000035], [19.1044031, 47.43860300000003], [19.104444199999993, 47.43862560000004]]}}, {"id": "(128, 148, 0)", "type": "Feature", "properties": {"_status": "original", "osmid": 24, "highway": "living_street", "lanes": null, "name": "Kossuth Lajos utca", "oneway": true, "reversed": false, "length": 127.35084053571968, "from": "148", "to": "128", "maxspeed": "20", "bridge": null, "_key": "0", "ref": null, "access": null, "tunnel": null, "width": null}, "geometry": {"type": "LineString", "coordinates": [[19.105736399999998, 47.43936570000007], [19.105672999999996, 47.439329700000016], [19.105650599999993, 47.439317500000044], [19.1049365, 47.43891160000005], [19.104521499999993, 47.43867050000003], [19.104506200000003, 47.4386616], [19.104444199999993, 47.43862560000004]]}}, {"id": "(132, 140, 0)", "type": "Feature", "properties": {"_status": "new", "osmid": 52, "highway": null, "lanes": null, "name": null, "oneway": null, "reversed": null, "length": null, "from": "132", "to": "140", "maxspeed": null, "bridge": null, "_key": "0", "ref": null, "access": null, "tunnel": null, "width": null}, "geometry": {"type": "LineString", "coordinates": [[19.104862320180068, 47.43982844626785], [19.10507778501689, 47.43981401483464], [19.105246199999996, 47.439765400000006]]}}, {"id": "(132, 127, 0)", "type": "Feature", "properties": {"_status": "new", "osmid": 453, "highway": null, "lanes": null, "name": null, "oneway": null, "reversed": null, "length": null, "from": "127", "to": "132", "maxspeed": null, "bridge": null, "_key": "0", "ref": null, "access": null, "tunnel": null, "width": null}, "geometry": {"type": "LineString", "coordinates": [[19.104690300000005, 47.440203], [19.1047219438087, 47.44007077827049], [19.104862320180068, 47.43982844626785]]}}, {"id": "(137, 178, 0)", "type": "Feature", "properties": {"_status": "changed", "osmid": 46, "highway": "living_street", "lanes": null, "name": "Ady Endre utca", "oneway": true, "reversed": false, "length": 243.40097013596423, "from": "137", "to": "178", "maxspeed": null, "bridge": null, "_key": "0", "ref": null, "access": null, "tunnel": null, "width": null}, "geometry": {"type": "LineString", "coordinates": [[19.104851085538076, 47.43827441981167], [19.104919199999994, 47.438216400000066], [19.106521399999995, 47.43690490000005], [19.106571400000004, 47.43670550000005], [19.106738600000003, 47.43654290000005], [19.1068123, 47.4364712]]}}, {"id": "(137, 112, 0)", "type": "Feature", "properties": {"_status": "new", "osmid": 47, "highway": null, "lanes": null, "name": null, "oneway": null, "reversed": null, "length": null, "from": "112", "to": "137", "maxspeed": null, "bridge": null, "_key": "0", "ref": null, "access": null, "tunnel": null, "width": null}, "geometry": {"type": "LineString", "coordinates": [[19.103190800000007, 47.43720760000002], [19.10318312840518, 47.43731117203657], [19.10323624251076, 47.43735891417177], [19.104851085538076, 47.43827441981167]]}}, {"id": "(114, 93, 0)", "type": "Feature", "properties": {"_status": "original", "osmid": 223, "highway": "pedestrian", "lanes": null, "name": "Kossuth Lajos utca", "oneway": false, "reversed": true, "length": 134.14621278702344, "from": "93", "to": "114", "maxspeed": null, "bridge": null, "_key": "0", "ref": null, "access": null, "tunnel": null, "width": null}, "geometry": {"type": "LineString", "coordinates": [[19.102042200000003, 47.43725160000002], [19.10209349999999, 47.43728090000001], [19.102331899999996, 47.43741730000001], [19.102444999999992, 47.43748200000002], [19.1026632, 47.43760680000005], [19.103404099999995, 47.43803059999999]]}}, {"id": "(114, 105, 0)", "type": "Feature", "properties": {"_status": "original", "osmid": 224, "highway": "pedestrian", "lanes": null, "name": "Sz\u00e9chenyi utca", "oneway": false, "reversed": false, "length": 52.9682162221225, "from": "105", "to": "114", "maxspeed": null, "bridge": null, "_key": "0", "ref": null, "access": null, "tunnel": null, "width": null}, "geometry": {"type": "LineString", "coordinates": [[19.102875, 47.438344800000024], [19.1029554, 47.4382922], [19.103340600000003, 47.4380659], [19.103404099999995, 47.43803059999999]]}}, {"id": "(148, 140, 0)", "type": "Feature", "properties": {"_status": "original", "osmid": 51, "highway": "residential", "lanes": "2", "name": "T\u00f6r\u00f6k Fl\u00f3ris utca", "oneway": false, "reversed": true, "length": 57.74642601558015, "from": "148", "to": "140", "maxspeed": "50", "bridge": null, "_key": "0", "ref": null, "access": null, "tunnel": null, "width": null}, "geometry": {"type": "LineString", "coordinates": [[19.105736399999998, 47.43936570000007], [19.105689199999997, 47.43940419999999], [19.105518199999995, 47.439543500000035], [19.105327499999998, 47.439699000000054], [19.105297900000004, 47.43972310000003], [19.105264599999995, 47.43975110000004], [19.105246199999996, 47.439765400000006]]}}, {"id": "(148, 157, 0)", "type": "Feature", "properties": {"_status": "original", "osmid": 225, "highway": "residential", "lanes": "2", "name": "T\u00f6r\u00f6k Fl\u00f3ris utca", "oneway": false, "reversed": true, "length": 51.57280878189095, "from": "157", "to": "148", "maxspeed": "50", "bridge": null, "_key": "0", "ref": null, "access": null, "tunnel": null, "width": null}, "geometry": {"type": "LineString", "coordinates": [[19.1061623, 47.439002200000026], [19.106132999999993, 47.43902720000001], [19.1059434, 47.43918900000002], [19.105810299999995, 47.43930260000006], [19.105736399999998, 47.43936570000007]]}}, {"id": "(49, 26, 0)", "type": "Feature", "properties": {"_status": "changed", "osmid": 25, "highway": "secondary", "lanes": "4", "name": "Hat\u00e1r \u00fat", "oneway": false, "reversed": false, "length": 69.22345239724972, "from": "49", "to": "26", "maxspeed": "50", "bridge": null, "_key": "0", "ref": "5", "access": null, "tunnel": null, "width": null}, "geometry": {"type": "LineString", "coordinates": [[19.097125800000004, 47.434424500000034], [19.0969972, 47.43454590000004], [19.096290299999996, 47.43521320000002], [19.0958951, 47.43559590000007], [19.0955874, 47.43588580000004], [19.095551800000006, 47.43591929999998], [19.0955187, 47.43595050000002], [19.0954839, 47.435994200000046], [19.095446100000007, 47.43604210000004], [19.095330700000005, 47.43617349999999], [19.095165499999993, 47.436397099999986], [19.094988000000004, 47.43664390000002], [19.094826899999994, 47.4369021], [19.094810400000004, 47.43692860000001], [19.094793100000004, 47.43695620000002], [19.0947058, 47.43707970000002], [19.094612399999992, 47.437214600000004], [19.094496900000003, 47.43744760000005], [19.094420399999997, 47.43765900000003], [19.094374799999997, 47.4377899], [19.0943207, 47.43796100000006], [19.0942485, 47.438292700000055], [19.09420469999999, 47.43853520000002], [19.094188199999998, 47.43860900000005], [19.094185799999998, 47.4386228], [19.094092799999995, 47.43915830000003], [19.0939407, 47.43990260000005], [19.093738199999994, 47.4408571], [19.093661100000006, 47.44132500000002], [19.093646299999996, 47.4414493], [19.093606700000002, 47.441637100000015], [19.093726599999993, 47.44170410000004], [19.0937732, 47.441730100000015], [19.093818400000007, 47.441755400000055], [19.093858800000003, 47.44177800000006], [19.094146999999992, 47.44195560000006], [19.094287800000004, 47.44205500000007], [19.094672090023266, 47.442187380391644]]}}, {"id": "(49, 41, 0)", "type": "Feature", "properties": {"_status": "original", "osmid": 27, "highway": "residential", "lanes": "2", "name": "Medd\u0151h\u00e1ny\u00f3 utca", "oneway": false, "reversed": true, "length": 137.38420855584636, "from": "41", "to": "49", "maxspeed": "70", "bridge": "yes", "_key": "0", "ref": "5", "access": null, "tunnel": null, "width": null}, "geometry": {"type": "LineString", "coordinates": [[19.094939600000004, 47.433382000000044], [19.095121099999993, 47.433402499999985], [19.095927899999996, 47.43346079999999], [19.095983999999994, 47.4334649], [19.096106399999996, 47.43347150000001], [19.096322999999995, 47.43348320000002], [19.096422399999994, 47.43348850000003], [19.096575399999992, 47.43348450000003], [19.096670500000002, 47.43346940000005], [19.0967841, 47.4334377], [19.096988100000004, 47.433341900000045], [19.0971174, 47.433267800000024], [19.097311800000007, 47.43315130000003], [19.0974083, 47.43305590000004], [19.097896299999995, 47.43257850000001], [19.098428599999988, 47.43205790000003], [19.0996537, 47.430872100000066], [19.099832099999997, 47.430706300000004], [19.099908600000003, 47.43062550000003], [19.100164099999997, 47.43038620000001], [19.1006572, 47.42995070000002], [19.100736699999995, 47.42987860000003], [19.100901200000003, 47.429672299999986], [19.101319000000004, 47.42916080000002], [19.101558999999995, 47.42886700000002], [19.101826499999994, 47.42852000000003], [19.101912100000003, 47.42837060000002], [19.1019658, 47.42824420000001], [19.10200559999999, 47.42814020000002], [19.102029399999996, 47.42801130000005], [19.1020338, 47.4279347], [19.1020273, 47.427840900000014], [19.102020699999994, 47.427747200000034], [19.101991100000003, 47.42762310000002], [19.10193689999999, 47.42749840000003], [19.1018882, 47.42741839999999], [19.1016955, 47.42714620000004], [19.101643199999994, 47.42705060000003], [19.1015689, 47.42691390000001], [19.101527799999992, 47.42680100000003], [19.101502599999993, 47.42671829999999], [19.101488399999994, 47.426617000000036], [19.101492799999992, 47.42652170000003], [19.101505399999997, 47.42643390000001], [19.1015514, 47.426248400000006], [19.101594599999995, 47.42613750000004], [19.10165110000001, 47.42602670000005], [19.101739699999992, 47.42591070000004], [19.101807699999995, 47.42585200000004], [19.101903399999994, 47.42579700000002], [19.1021233, 47.426042200000055], [19.1021916, 47.42610820000006], [19.102256999999994, 47.42615990000002], [19.102318399999998, 47.42619830000002], [19.10240549999999, 47.42624350000008], [19.102484700000005, 47.42627270000003], [19.102599499999993, 47.426302800000045], [19.1028963, 47.42636910000005], [19.103250899999995, 47.42644760000007], [19.103336699999996, 47.42646660000004], [19.103271599999992, 47.426605900000034], [19.102988300000003, 47.42725520000003], [19.10251829999999, 47.42832390000002], [19.102384099999995, 47.42862350000003], [19.1022382, 47.42891930000001], [19.101950199999997, 47.429367500000005], [19.1016959, 47.42972260000004], [19.101263200000005, 47.43029890000001], [19.1007432, 47.430909700000065], [19.100475699999993, 47.43120190000001], [19.10013669999999, 47.431528699999994], [19.099419899999994, 47.43220990000001], [19.0991025, 47.432494000000005], [19.098455399999995, 47.43304809999999], [19.097079399999995, 47.43429560000001], [19.097054699999997, 47.43432070000006], [19.097078, 47.43437620000004], [19.097125800000004, 47.434424500000034]]}}, {"id": "(26, 40, 0)", "type": "Feature", "properties": {"_status": "changed", "osmid": 28, "highway": "secondary", "lanes": ["3", "2"], "name": "Hat\u00e1r \u00fat", "oneway": false, "reversed": true, "length": 173.84275192047212, "from": "26", "to": "40", "maxspeed": "50", "bridge": null, "_key": "0", "ref": null, "access": null, "tunnel": null, "width": null}, "geometry": {"type": "LineString", "coordinates": [[19.094672090023266, 47.442187380391644], [19.094696299999995, 47.44233080000002], [19.095329799999995, 47.44272250000005], [19.095752699999988, 47.442993800000046], [19.096366600000003, 47.44341110000005]]}}, {"id": "(26, 38, 0)", "type": "Feature", "properties": {"_status": "changed", "osmid": 29, "highway": "tertiary", "lanes": "2", "name": "Baross utca", "oneway": false, "reversed": true, "length": 121.05059057596358, "from": "26", "to": "38", "maxspeed": "50", "bridge": null, "_key": "0", "ref": null, "access": null, "tunnel": null, "width": null}, "geometry": {"type": "LineString", "coordinates": [[19.094672090023266, 47.442187380391644], [19.09484786692913, 47.44207508694582], [19.094982800000004, 47.44188820000006], [19.095184899999992, 47.44159710000005], [19.095305, 47.44143689999999], [19.095699, 47.44091340000002]]}}, {"id": "(41, 33, 0)", "type": "Feature", "properties": {"_status": "original", "osmid": 166, "highway": "residential", "lanes": null, "name": "K\u00f6zm\u0171helytelep utca", "oneway": true, "reversed": false, "length": 128.59528956936057, "from": "41", "to": "33", "maxspeed": "50", "bridge": null, "_key": "0", "ref": null, "access": null, "tunnel": null, "width": null}, "geometry": {"type": "LineString", "coordinates": [[19.094939600000004, 47.433382000000044], [19.0949246, 47.433411800000044], [19.0946641, 47.43393029999999], [19.094502899999995, 47.434117300000075], [19.094235099999995, 47.43438960000001], [19.094207399999995, 47.4344178]]}}, {"id": "(41, 34, 0)", "type": "Feature", "properties": {"_status": "original", "osmid": 167, "highway": "residential", "lanes": null, "name": "T\u00e9gla\u00e9get\u0151 utca", "oneway": true, "reversed": false, "length": 71.31599963382156, "from": "34", "to": "41", "maxspeed": null, "bridge": null, "_key": "0", "ref": null, "access": null, "tunnel": null, "width": null}, "geometry": {"type": "LineString", "coordinates": [[19.0940357, 47.4331884], [19.094939600000004, 47.433382000000044]]}}, {"id": "(41, 42, 0)", "type": "Feature", "properties": {"_status": "original", "osmid": 168, "highway": "residential", "lanes": null, "name": "K\u00f6zm\u0171helytelep utca", "oneway": false, "reversed": false, "length": 30.365638938536783, "from": "42", "to": "41", "maxspeed": "50", "bridge": null, "_key": "0", "ref": null, "access": null, "tunnel": null, "width": null}, "geometry": {"type": "LineString", "coordinates": [[19.095095500000003, 47.433130100000035], [19.094939600000004, 47.433382000000044]]}}, {"id": "(40, 47, 0)", "type": "Feature", "properties": {"_status": "original", "osmid": 30, "highway": "secondary", "lanes": ["3", "2"], "name": "Hat\u00e1r \u00fat", "oneway": false, "reversed": [false, true], "length": 253.31334613183085, "from": "40", "to": "47", "maxspeed": "50", "bridge": null, "_key": "0", "ref": null, "access": null, "tunnel": null, "width": null}, "geometry": {"type": "LineString", "coordinates": [[19.096366600000003, 47.44341110000005], [19.096778899999997, 47.44368420000006], [19.096992899999996, 47.44382600000001], [19.097108000000002, 47.44390120000003], [19.097286799999996, 47.44401800000001], [19.0978828, 47.44440710000005], [19.098398999999993, 47.44474420000002], [19.098676499999996, 47.44493100000003], [19.098780700000002, 47.444999800000026]]}}, {"id": "(40, 46, 0)", "type": "Feature", "properties": {"_status": "original", "osmid": 31, "highway": "residential", "lanes": null, "name": "Lajtha L\u00e1szl\u00f3 utca", "oneway": false, "reversed": true, "length": 224.51458187682312, "from": "46", "to": "40", "maxspeed": null, "bridge": null, "_key": "0", "ref": null, "access": null, "tunnel": null, "width": null}, "geometry": {"type": "LineString", "coordinates": [[19.097807499999995, 47.44164280000002], [19.097584499999996, 47.44192620000001], [19.097070099999996, 47.44255940000002], [19.096366600000003, 47.44341110000005]]}}, {"id": "(38, 46, 0)", "type": "Feature", "properties": {"_status": "original", "osmid": 32, "highway": "residential", "lanes": null, "name": "\u00d3nodi utca", "oneway": false, "reversed": true, "length": 178.12202212660378, "from": "46", "to": "38", "maxspeed": null, "bridge": null, "_key": "0", "ref": null, "access": null, "tunnel": null, "width": null}, "geometry": {"type": "LineString", "coordinates": [[19.097807499999995, 47.44164280000002], [19.096591600000007, 47.44121209999999], [19.0957987, 47.44094680000006], [19.09577669999999, 47.44093940000001], [19.095699, 47.44091340000002]]}}, {"id": "(38, 45, 0)", "type": "Feature", "properties": {"_status": "original", "osmid": 33, "highway": "tertiary", "lanes": "2", "name": "Baross utca", "oneway": false, "reversed": false, "length": 203.42091715000262, "from": "45", "to": "38", "maxspeed": "50", "bridge": null, "_key": "0", "ref": null, "access": null, "tunnel": null, "width": null}, "geometry": {"type": "LineString", "coordinates": [[19.0967092, 47.43922310000004], [19.096670399999997, 47.43933420000004], [19.09644879999999, 47.439813], [19.096368400000003, 47.4399735], [19.096340400000003, 47.44003459999997], [19.09595769999999, 47.44057130000002], [19.095821900000004, 47.44075089999999], [19.095699, 47.44091340000002]]}}, {"id": "(47, 58, 0)", "type": "Feature", "properties": {"_status": "original", "osmid": 387, "highway": "residential", "lanes": "2", "name": "T\u00f6r\u00f6k Fl\u00f3ris utca", "oneway": false, "reversed": true, "length": 142.2587026270317, "from": "58", "to": "47", "maxspeed": "50", "bridge": null, "_key": "0", "ref": null, "access": null, "tunnel": null, "width": null}, "geometry": {"type": "LineString", "coordinates": [[19.100001800000005, 47.4440227], [19.0999845, 47.44403660000005], [19.099794699999993, 47.44418880000004], [19.099561699999995, 47.44437580000003], [19.0993425, 47.44455170000002], [19.099119700000003, 47.444730400000054], [19.098867099999996, 47.444933100000036], [19.098780700000002, 47.444999800000026]]}}, {"id": "(47, 53, 0)", "type": "Feature", "properties": {"_status": "original", "osmid": 390, "highway": "secondary", "lanes": "4", "name": "Hat\u00e1r \u00fat", "oneway": false, "reversed": true, "length": 81.55148158990919, "from": "53", "to": "47", "maxspeed": "50", "bridge": null, "_key": "0", "ref": null, "access": null, "tunnel": null, "width": null}, "geometry": {"type": "LineString", "coordinates": [[19.099548699999993, 47.445517600000024], [19.0988462, 47.445044499999995], [19.098780700000002, 47.444999800000026]]}}, {"id": "(46, 54, 0)", "type": "Feature", "properties": {"_status": "original", "osmid": 172, "highway": "residential", "lanes": null, "name": "Lajtha L\u00e1szl\u00f3 utca", "oneway": false, "reversed": true, "length": 153.79429054279038, "from": "54", "to": "46", "maxspeed": null, "bridge": null, "_key": "0", "ref": null, "access": null, "tunnel": null, "width": null}, "geometry": {"type": "LineString", "coordinates": [[19.0987808, 47.4404264], [19.0985742, 47.440684600000054], [19.097807499999995, 47.44164280000002]]}}, {"id": "(45, 59, 0)", "type": "Feature", "properties": {"_status": "original", "osmid": 592, "highway": "residential", "lanes": null, "name": "J\u00e1nos utca", "oneway": false, "reversed": true, "length": 208.50072500283454, "from": "59", "to": "45", "maxspeed": "30", "bridge": null, "_key": "0", "ref": null, "access": null, "tunnel": null, "width": null}, "geometry": {"type": "LineString", "coordinates": [[19.099292899999988, 47.43978070000001], [19.099122600000005, 47.43969229999999], [19.098996099999997, 47.43962660000001], [19.098909599999992, 47.43958180000001], [19.0987624, 47.4395054], [19.098517999999995, 47.43942860000004], [19.098433199999995, 47.439419000000015], [19.098058500000004, 47.439376400000036], [19.0978994, 47.43935830000002], [19.097740199999997, 47.43934020000001], [19.097684000000005, 47.43933390000004], [19.097426099999993, 47.43930460000004], [19.097272099999994, 47.43928710000002], [19.096851899999994, 47.43923930000003], [19.0967092, 47.43922310000004]]}}, {"id": "(45, 29, 0)", "type": "Feature", "properties": {"_status": "original", "osmid": 593, "highway": "residential", "lanes": null, "name": "J\u00e1nos utca", "oneway": false, "reversed": false, "length": 182.7837892727626, "from": "29", "to": "45", "maxspeed": null, "bridge": null, "_key": "0", "ref": null, "access": null, "tunnel": null, "width": null}, "geometry": {"type": "LineString", "coordinates": [[19.094339699999995, 47.43886290000001], [19.094386899999996, 47.438871700000014], [19.0947719, 47.438943200000004], [19.094928700000008, 47.43897340000004], [19.095114300000002, 47.43900910000003], [19.0954829, 47.43906120000003], [19.0962941, 47.439173999999994], [19.096483299999992, 47.439196400000036], [19.096577600000003, 47.439207499999995], [19.0967092, 47.43922310000004]]}}, {"id": "(2, 1, 0)", "type": "Feature", "properties": {"_status": "changed", "osmid": 34, "highway": "pedestrian", "lanes": null, "name": "Duna s\u00e9t\u00e1ny", "oneway": false, "reversed": false, "length": 216.427445805888, "from": "2", "to": "1", "maxspeed": null, "bridge": null, "_key": "0", "ref": null, "access": "no", "tunnel": null, "width": null}, "geometry": {"type": "LineString", "coordinates": [[19.089760500000004, 47.43367380000004], [19.08973559999999, 47.43392720000006], [19.0897174, 47.43407490000004], [19.089684199999994, 47.4341705], [19.089684399999992, 47.434250000000006], [19.0897094, 47.434325900000005], [19.089725, 47.4344372], [19.089726100000004, 47.434572800000005], [19.089687799999993, 47.43471130000004], [19.08967529999999, 47.4348721], [19.08969679999999, 47.43509860000002], [19.089686399999998, 47.43522930000005], [19.089648099999994, 47.43531830000004], [19.089613200000002, 47.435461600000025], [19.0896145, 47.43554320000001], [19.089648899999997, 47.43560070000003], [19.089674988002088, 47.43563389715659], [19.089675419402493, 47.43563444611603], [19.089689999999994, 47.435653000000066], [19.089725599999994, 47.435698400000035]]}}, {"id": "(2, 5, 0)", "type": "Feature", "properties": {"_status": "original", "osmid": 35, "highway": "pedestrian", "lanes": null, "name": "Duna s\u00e9t\u00e1ny", "oneway": false, "reversed": false, "length": 86.95120359691109, "from": "2", "to": "5", "maxspeed": null, "bridge": null, "_key": "0", "ref": null, "access": "no", "tunnel": null, "width": null}, "geometry": {"type": "LineString", "coordinates": [[19.089760500000004, 47.43367380000004], [19.0903357, 47.43371450000003], [19.09077219999999, 47.433745100000024], [19.0908248, 47.43374880000004], [19.0909101, 47.4337417]]}}, {"id": "(2, 4, 0)", "type": "Feature", "properties": {"_status": "original", "osmid": 36, "highway": "pedestrian", "lanes": null, "name": "Duna s\u00e9t\u00e1ny", "oneway": false, "reversed": true, "length": 171.61159633823448, "from": "4", "to": "2", "maxspeed": null, "bridge": null, "_key": "0", "ref": null, "access": "no", "tunnel": null, "width": null}, "geometry": {"type": "LineString", "coordinates": [[19.090281499999996, 47.432179800000036], [19.089858400000004, 47.43305060000003], [19.0898059, 47.433381000000026], [19.089760500000004, 47.43367380000004]]}}, {"id": "(5, 6, 0)", "type": "Feature", "properties": {"_status": "changed", "osmid": 37, "highway": "residential", "lanes": "2", "name": "V\u00edzisport utca", "oneway": false, "reversed": true, "length": 263.0620776176878, "from": "5", "to": "6", "maxspeed": "30", "bridge": null, "_key": "0", "ref": null, "access": null, "tunnel": null, "width": null}, "geometry": {"type": "LineString", "coordinates": [[19.0909101, 47.4337417], [19.0909298, 47.43384180000001], [19.091233799999994, 47.435141900000005], [19.0913926, 47.43561760000001], [19.091534099999993, 47.436068400000046], [19.091550999999995, 47.43614130000006], [19.091560299999994, 47.43617490000003], [19.091642299999993, 47.43623220000002]]}}, {"id": "(5, 11, 0)", "type": "Feature", "properties": {"_status": "original", "osmid": 38, "highway": "residential", "lanes": "2", "name": "V\u00edzisport utca", "oneway": false, "reversed": true, "length": 157.57620511533574, "from": "11", "to": "5", "maxspeed": "30", "bridge": null, "_key": "0", "ref": null, "access": null, "tunnel": null, "width": null}, "geometry": {"type": "LineString", "coordinates": [[19.0913203, 47.432361300000025], [19.091222099999992, 47.432628000000065], [19.091002899999996, 47.43317], [19.09091949999999, 47.43338230000001], [19.090897599999998, 47.43348620000001], [19.090898900000003, 47.43361590000004], [19.0909101, 47.4337417]]}}, {"id": "(4, 11, 0)", "type": "Feature", "properties": {"_status": "original", "osmid": 757, "highway": "pedestrian", "lanes": null, "name": "Duna s\u00e9t\u00e1ny", "oneway": false, "reversed": false, "length": 80.70678350925556, "from": "4", "to": "11", "maxspeed": null, "bridge": null, "_key": "0", "ref": null, "access": "no", "tunnel": null, "width": null}, "geometry": {"type": "LineString", "coordinates": [[19.090281499999996, 47.432179800000036], [19.0910205, 47.43230940000003], [19.091266399999995, 47.43235320000002], [19.091288300000006, 47.43235710000004], [19.0913203, 47.432361300000025]]}}, {"id": "(4, 8, 0)", "type": "Feature", "properties": {"_status": "original", "osmid": 759, "highway": "pedestrian", "lanes": null, "name": "Duna s\u00e9t\u00e1ny", "oneway": false, "reversed": true, "length": 124.34367705746442, "from": "8", "to": "4", "maxspeed": null, "bridge": null, "_key": "0", "ref": null, "access": null, "tunnel": null, "width": null}, "geometry": {"type": "LineString", "coordinates": [[19.090880499999997, 47.43117620000004], [19.090714000000002, 47.431433600000034], [19.090462499999997, 47.43191820000003], [19.0904072, 47.4319079], [19.090281499999996, 47.432179800000036]]}}, {"id": "(6, 7, 0)", "type": "Feature", "properties": {"_status": "changed", "osmid": 39, "highway": "residential", "lanes": null, "name": "V\u00edzisport utca", "oneway": false, "reversed": false, "length": 59.29955457353622, "from": "6", "to": "7", "maxspeed": null, "bridge": null, "_key": "0", "ref": null, "access": null, "tunnel": null, "width": null}, "geometry": {"type": "LineString", "coordinates": [[19.091642299999993, 47.43623220000002], [19.091643399999995, 47.43617620000001], [19.09164599999999, 47.43614010000004], [19.0916492, 47.436058800000026], [19.091540499999994, 47.435530600000014]]}}, {"id": "(6, 0, 0)", "type": "Feature", "properties": {"_status": "original", "osmid": 40, "highway": "residential", "lanes": "2", "name": "Gubacsi h\u00eddf\u0151", "oneway": false, "reversed": false, "length": 183.9178852849987, "from": "0", "to": "6", "maxspeed": "30", "bridge": null, "_key": "0", "ref": null, "access": null, "tunnel": "yes", "width": null}, "geometry": {"type": "LineString", "coordinates": [[19.089658799999995, 47.43642520000003], [19.089705699999996, 47.436146300000054], [19.089724799999995, 47.43611020000001], [19.08976199999999, 47.43608150000007], [19.08984119999999, 47.436048000000035], [19.089927999999997, 47.43604389999999], [19.0914346, 47.43620979999998], [19.0914714, 47.43621380000002], [19.091642299999993, 47.43623220000002]]}}, {"id": "(11, 17, 0)", "type": "Feature", "properties": {"_status": "original", "osmid": 756, "highway": "residential", "lanes": "2", "name": "V\u00edzisport utca", "oneway": false, "reversed": true, "length": 130.2496894737134, "from": "17", "to": "11", "maxspeed": "30", "bridge": null, "_key": "0", "ref": null, "access": null, "tunnel": null, "width": null}, "geometry": {"type": "LineString", "coordinates": [[19.091774199999996, 47.43123090000005], [19.0914438, 47.432055800000036], [19.09140169999999, 47.43215800000003], [19.0913203, 47.432361300000025]]}}, {"id": "(7, 14, 0)", "type": "Feature", "properties": {"_status": "original", "osmid": 41, "highway": "residential", "lanes": null, "name": ["V\u00edzisport utca", "Zam\u00e1rdi utca"], "oneway": false, "reversed": true, "length": 222.53689438312603, "from": "7", "to": "14", "maxspeed": null, "bridge": null, "_key": "0", "ref": null, "access": null, "tunnel": null, "width": null}, "geometry": {"type": "LineString", "coordinates": [[19.091540499999994, 47.435530600000014], [19.091391900000005, 47.434873200000055], [19.091255099999994, 47.43425500000003], [19.0912578, 47.43419010000003], [19.09127009999999, 47.434146600000005], [19.09140590000001, 47.43387530000004], [19.09151779999999, 47.43384680000005], [19.0918533, 47.43390650000003]]}}, {"id": "(7, 10, 0)", "type": "Feature", "properties": {"_status": "original", "osmid": 42, "highway": "residential", "lanes": null, "name": "V\u00edzisport utca", "oneway": false, "reversed": true, "length": 49.183769858551976, "from": "10", "to": "7", "maxspeed": null, "bridge": null, "_key": "0", "ref": null, "access": null, "tunnel": null, "width": null}, "geometry": {"type": "LineString", "coordinates": [[19.0918692, 47.43573410000005], [19.09183299999999, 47.43549420000005], [19.0915973, 47.43552350000002], [19.091540499999994, 47.435530600000014]]}}, {"id": "(14, 20, 0)", "type": "Feature", "properties": {"_status": "original", "osmid": 771, "highway": "residential", "lanes": null, "name": "Teremszeg utca", "oneway": true, "reversed": false, "length": 123.75439172605513, "from": "14", "to": "20", "maxspeed": "50", "bridge": null, "_key": "0", "ref": null, "access": null, "tunnel": null, "width": null}, "geometry": {"type": "LineString", "coordinates": [[19.0918533, 47.43390650000003], [19.09186529999999, 47.43387970000004], [19.091976299999995, 47.43363250000007], [19.092070300000003, 47.43343510000005], [19.092339799999994, 47.43286889999999], [19.092354699999994, 47.43284670000005]]}}, {"id": "(14, 15, 0)", "type": "Feature", "properties": {"_status": "original", "osmid": 767, "highway": "residential", "lanes": null, "name": "Zam\u00e1rdi utca", "oneway": false, "reversed": false, "length": 9.310340539483825, "from": "15", "to": "14", "maxspeed": null, "bridge": null, "_key": "0", "ref": null, "access": null, "tunnel": null, "width": null}, "geometry": {"type": "LineString", "coordinates": [[19.091971199999993, 47.433931999999984], [19.0918533, 47.43390650000003]]}}, {"id": "(21, 9, 0)", "type": "Feature", "properties": {"_status": "changed", "osmid": 43, "highway": "pedestrian", "lanes": null, "name": "Duna s\u00e9t\u00e1ny", "oneway": false, "reversed": false, "length": 156.6362633172041, "from": "21", "to": "9", "maxspeed": null, "bridge": null, "_key": "0", "ref": null, "access": null, "tunnel": null, "width": null}, "geometry": {"type": "LineString", "coordinates": [[19.091788500000003, 47.42922310000005], [19.0911105, 47.43055500000001], [19.091083899999997, 47.43060730000001], [19.091077199999994, 47.430623400000016], [19.091065180825872, 47.4306425972978], [19.091060555188943, 47.430649985466246], [19.091055599999994, 47.43065790000006], [19.091040721608195, 47.430685387777686], [19.091009699999994, 47.43074270000006], [19.09096619999999, 47.430827500000035]]}}, {"id": "(9, 19, 0)", "type": "Feature", "properties": {"_status": "original", "osmid": 44, "highway": "pedestrian", "lanes": null, "name": "Duna s\u00e9t\u00e1ny", "oneway": false, "reversed": false, "length": 70.60606558357753, "from": "9", "to": "19", "maxspeed": null, "bridge": null, "_key": "0", "ref": null, "access": "no", "tunnel": null, "width": null}, "geometry": {"type": "LineString", "coordinates": [[19.09096619999999, 47.430827500000035], [19.0918629, 47.431015200000026]]}}, {"id": "(9, 8, 0)", "type": "Feature", "properties": {"_status": "original", "osmid": 45, "highway": "pedestrian", "lanes": null, "name": "Duna s\u00e9t\u00e1ny", "oneway": false, "reversed": true, "length": 40.28061859304884, "from": "9", "to": "8", "maxspeed": null, "bridge": null, "_key": "0", "ref": null, "access": null, "tunnel": null, "width": null}, "geometry": {"type": "LineString", "coordinates": [[19.09096619999999, 47.430827500000035], [19.090974499999994, 47.43103289999999], [19.090880499999997, 47.43117620000004]]}}, {"id": "(19, 39, 0)", "type": "Feature", "properties": {"_status": "original", "osmid": 162, "highway": "residential", "lanes": "2", "name": "K\u00f6zm\u0171helytelep utca", "oneway": false, "reversed": false, "length": 91.40868814657341, "from": "19", "to": "39", "maxspeed": "30", "bridge": null, "_key": "0", "ref": null, "access": null, "tunnel": null, "width": null}, "geometry": {"type": "LineString", "coordinates": [[19.0918629, 47.431015200000026], [19.091978299999997, 47.43077010000007], [19.092153499999995, 47.43039139999999], [19.0924315, 47.42974680000002], [19.092572800000003, 47.42943260000001], [19.093159999999994, 47.42956170000001], [19.093728700000003, 47.429686200000006]]}}, {"id": "(19, 17, 0)", "type": "Feature", "properties": {"_status": "original", "osmid": 163, "highway": "residential", "lanes": "2", "name": "V\u00edzisport utca", "oneway": false, "reversed": false, "length": 24.895509186113276, "from": "17", "to": "19", "maxspeed": "30", "bridge": null, "_key": "0", "ref": null, "access": null, "tunnel": null, "width": null}, "geometry": {"type": "LineString", "coordinates": [[19.091774199999996, 47.43123090000005], [19.0918629, 47.431015200000026]]}}, {"id": "(8, 17, 0)", "type": "Feature", "properties": {"_status": "original", "osmid": 758, "highway": "pedestrian", "lanes": null, "name": "Duna s\u00e9t\u00e1ny", "oneway": false, "reversed": false, "length": 72.38291305083101, "from": "17", "to": "8", "maxspeed": null, "bridge": null, "_key": "0", "ref": null, "access": "no", "tunnel": null, "width": null}, "geometry": {"type": "LineString", "coordinates": [[19.091774199999996, 47.43123090000005], [19.091653099999995, 47.43124340000002], [19.0912741, 47.431300200000024], [19.091149199999993, 47.431271000000024], [19.0909987, 47.431249400000006], [19.0909633, 47.43124310000003], [19.090880499999997, 47.43117620000004]]}}, {"id": "(178, 187, 0)", "type": "Feature", "properties": {"_status": "original", "osmid": 48, "highway": "living_street", "lanes": null, "name": "Kalm\u00e1r Ilona s\u00e9t\u00e1ny", "oneway": false, "reversed": false, "length": 38.46363784849852, "from": "187", "to": "178", "maxspeed": "20", "bridge": null, "_key": "0", "ref": null, "access": null, "tunnel": null, "width": null}, "geometry": {"type": "LineString", "coordinates": [[19.1073072, 47.436388500000035], [19.106912500000004, 47.43644290000006], [19.1068123, 47.4364712]]}}, {"id": "(178, 160, 0)", "type": "Feature", "properties": {"_status": "original", "osmid": 49, "highway": "living_street", "lanes": null, "name": "Kalm\u00e1r Ilona s\u00e9t\u00e1ny", "oneway": false, "reversed": true, "length": 97.32513892264635, "from": "160", "to": "178", "maxspeed": "20", "bridge": null, "_key": "0", "ref": null, "access": null, "tunnel": null, "width": null}, "geometry": {"type": "LineString", "coordinates": [[19.105762199999994, 47.43597289999998], [19.10580699999999, 47.43598230000001], [19.10595349999999, 47.43601320000002], [19.106077699999993, 47.43607939999998], [19.106266500000004, 47.436180100000065], [19.1064332, 47.436269], [19.106558999999997, 47.436336100000034], [19.1068123, 47.4364712]]}}, {"id": "(112, 101, 0)", "type": "Feature", "properties": {"_status": "original", "osmid": 784, "highway": "living_street", "lanes": null, "name": "Nagy Gy\u0151ry Istv\u00e1n k\u00f6z", "oneway": true, "reversed": false, "length": 68.36983931815617, "from": "112", "to": "101", "maxspeed": "20", "bridge": null, "_key": "0", "ref": null, "access": null, "tunnel": null, "width": null}, "geometry": {"type": "LineString", "coordinates": [[19.103190800000007, 47.43720760000002], [19.102493299999992, 47.436813300000004]]}}, {"id": "(112, 142, 0)", "type": "Feature", "properties": {"_status": "original", "osmid": 779, "highway": "living_street", "lanes": null, "name": "Berkenye s\u00e9t\u00e1ny", "oneway": true, "reversed": false, "length": 178.72002492672382, "from": "142", "to": "112", "maxspeed": "20", "bridge": null, "_key": "0", "ref": null, "access": null, "tunnel": null, "width": null}, "geometry": {"type": "LineString", "coordinates": [[19.10464169999999, 47.43594250000004], [19.1042636, 47.43625640000001], [19.1034182, 47.436958400000016], [19.103362599999993, 47.43706469999999], [19.10324, 47.43716670000002], [19.103190800000007, 47.43720760000002]]}}, {"id": "(187, 209, 0)", "type": "Feature", "properties": {"_status": "original", "osmid": 455, "highway": "residential", "lanes": null, "name": "Ady Endre utca", "oneway": false, "reversed": true, "length": 91.10656328627955, "from": "187", "to": "209", "maxspeed": null, "bridge": null, "_key": "0", "ref": null, "access": null, "tunnel": null, "width": null}, "geometry": {"type": "LineString", "coordinates": [[19.1073072, 47.436388500000035], [19.108056999999988, 47.43574500000005]]}}, {"id": "(187, 217, 0)", "type": "Feature", "properties": {"_status": "original", "osmid": 465, "highway": "living_street", "lanes": null, "name": "Kalm\u00e1r Ilona s\u00e9t\u00e1ny", "oneway": false, "reversed": false, "length": 116.8643478567622, "from": "217", "to": "187", "maxspeed": "20", "bridge": null, "_key": "0", "ref": null, "access": null, "tunnel": null, "width": null}, "geometry": {"type": "LineString", "coordinates": [[19.1085709, 47.43695369999999], [19.108539600000007, 47.43693559999999], [19.108527799999997, 47.43692880000002], [19.108154999999996, 47.43671290000002], [19.107514099999996, 47.43638970000003], [19.1073072, 47.436388500000035]]}}, {"id": "(160, 142, 0)", "type": "Feature", "properties": {"_status": "original", "osmid": 780, "highway": "living_street", "lanes": null, "name": "Kalm\u00e1r Ilona s\u00e9t\u00e1ny", "oneway": false, "reversed": false, "length": 84.99633653039406, "from": "160", "to": "142", "maxspeed": "20", "bridge": null, "_key": "0", "ref": null, "access": null, "tunnel": null, "width": null}, "geometry": {"type": "LineString", "coordinates": [[19.105762199999994, 47.43597289999998], [19.105452799999995, 47.43597140000002], [19.104933300000003, 47.435968900000056], [19.1047416, 47.435972600000035], [19.10464169999999, 47.43594250000004]]}}, {"id": "(160, 183, 0)", "type": "Feature", "properties": {"_status": "original", "osmid": 466, "highway": "residential", "lanes": null, "name": "Ady Endre utca", "oneway": false, "reversed": false, "length": 125.71773287774904, "from": "183", "to": "160", "maxspeed": null, "bridge": null, "_key": "0", "ref": null, "access": null, "tunnel": null, "width": null}, "geometry": {"type": "LineString", "coordinates": [[19.106806399999996, 47.435090100000046], [19.106635599999994, 47.43523860000003], [19.106549900000005, 47.43531110000004], [19.105762199999994, 47.43597289999998]]}}, {"id": "(140, 170, 0)", "type": "Feature", "properties": {"_status": "changed", "osmid": 50, "highway": "tertiary", "lanes": "1", "name": "Szent Erzs\u00e9bet t\u00e9r", "oneway": true, "reversed": false, "length": 154.10080750489365, "from": "140", "to": "170", "maxspeed": "50", "bridge": null, "_key": "0", "ref": null, "access": null, "tunnel": null, "width": null}, "geometry": {"type": "LineString", "coordinates": [[19.105246199999996, 47.439765400000006], [19.105314999999994, 47.439796300000005], [19.105706999999992, 47.44000880000002], [19.106233600000003, 47.44030969999998], [19.106839599999994, 47.44063610000005], [19.10701884588158, 47.440718175325365], [19.107166300000003, 47.440653200000035]]}}, {"id": "(170, 154, 0)", "type": "Feature", "properties": {"_status": "changed", "osmid": 53, "highway": "tertiary", "lanes": null, "name": "Szent Imre herceg utca", "oneway": true, "reversed": false, "length": 51.54280926620689, "from": "170", "to": "154", "maxspeed": null, "bridge": null, "_key": "0", "ref": null, "access": null, "tunnel": null, "width": null}, "geometry": {"type": "LineString", "coordinates": [[19.107166300000003, 47.440653200000035], [19.106937099999993, 47.44082390000003], [19.106842199999992, 47.44088760000006], [19.106464599999992, 47.44115960000003]]}}, {"id": "(170, 214, 0)", "type": "Feature", "properties": {"_status": "original", "osmid": 54, "highway": "residential", "lanes": "2", "name": "Sebesty\u00e9n utca", "oneway": false, "reversed": true, "length": 248.62519071611857, "from": "170", "to": "214", "maxspeed": "30", "bridge": null, "_key": "0", "ref": null, "access": null, "tunnel": null, "width": null}, "geometry": {"type": "LineString", "coordinates": [[19.107166300000003, 47.440653200000035], [19.1071841, 47.44072690000003], [19.1072238, 47.44075230000003], [19.107911799999993, 47.44120230000003], [19.1085916, 47.44166840000004], [19.109403100000005, 47.4422004], [19.109466899999994, 47.44223899999999]]}}, {"id": "(170, 181, 0)", "type": "Feature", "properties": {"_status": "original", "osmid": 55, "highway": "tertiary", "lanes": "4", "name": "Szent Imre herceg utca", "oneway": false, "reversed": true, "length": 47.927012714028734, "from": "170", "to": "181", "maxspeed": null, "bridge": null, "_key": "0", "ref": null, "access": null, "tunnel": null, "width": null}, "geometry": {"type": "LineString", "coordinates": [[19.107166300000003, 47.440653200000035], [19.1076142, 47.440346600000034]]}}, {"id": "(154, 127, 0)", "type": "Feature", "properties": {"_status": "original", "osmid": 56, "highway": "tertiary", "lanes": "2", "name": "Ferenc utca", "oneway": true, "reversed": false, "length": 170.65217893744568, "from": "154", "to": "127", "maxspeed": "50", "bridge": null, "_key": "0", "ref": null, "access": null, "tunnel": null, "width": null}, "geometry": {"type": "LineString", "coordinates": [[19.106464599999992, 47.44115960000003], [19.106421699999995, 47.44113650000001], [19.106197800000004, 47.44101380000003], [19.105352200000002, 47.44056420000001], [19.104790999999995, 47.440258400000026], [19.104745799999993, 47.440234200000006], [19.104690300000005, 47.440203]]}}, {"id": "(154, 152, 0)", "type": "Feature", "properties": {"_status": "original", "osmid": 57, "highway": "residential", "lanes": null, "name": "Szent Imre herceg utca", "oneway": false, "reversed": true, "length": 16.52132209767199, "from": "152", "to": "154", "maxspeed": "30", "bridge": null, "_key": "0", "ref": null, "access": null, "tunnel": null, "width": null}, "geometry": {"type": "LineString", "coordinates": [[19.106316599999996, 47.44126940000004], [19.106421200000003, 47.44119180000003], [19.106464599999992, 47.44115960000003]]}}, {"id": "(214, 229, 0)", "type": "Feature", "properties": {"_status": "original", "osmid": 610, "highway": "residential", "lanes": null, "name": "Kende Kanuth utca", "oneway": false, "reversed": true, "length": 55.46061627056527, "from": "214", "to": "229", "maxspeed": "30", "bridge": null, "_key": "0", "ref": null, "access": null, "tunnel": null, "width": null}, "geometry": {"type": "LineString", "coordinates": [[19.109466899999994, 47.44223899999999], [19.109871399999996, 47.441929200000025], [19.109883099999994, 47.44192040000002], [19.109956300000004, 47.44186590000004]]}}, {"id": "(214, 211, 0)", "type": "Feature", "properties": {"_status": "original", "osmid": 517, "highway": "residential", "lanes": null, "name": "Kende Kanuth utca", "oneway": false, "reversed": true, "length": 11.740545715057584, "from": "211", "to": "214", "maxspeed": "30", "bridge": null, "_key": "0", "ref": null, "access": null, "tunnel": null, "width": null}, "geometry": {"type": "LineString", "coordinates": [[19.109359299999998, 47.4423155], [19.109466899999994, 47.44223899999999]]}}, {"id": "(181, 189, 0)", "type": "Feature", "properties": {"_status": "original", "osmid": 579, "highway": "tertiary", "lanes": "2", "name": "Szent Imre herceg utca", "oneway": false, "reversed": false, "length": 46.431258114150545, "from": "181", "to": "189", "maxspeed": null, "bridge": null, "_key": "0", "ref": null, "access": null, "tunnel": null, "width": null}, "geometry": {"type": "LineString", "coordinates": [[19.1076142, 47.440346600000034], [19.107731299999994, 47.44025659999999], [19.107775999999994, 47.440228399999995], [19.1080281, 47.440037000000075]]}}, {"id": "(181, 229, 0)", "type": "Feature", "properties": {"_status": "original", "osmid": 585, "highway": "tertiary", "lanes": "2", "name": "Kossuth Lajos utca", "oneway": false, "reversed": false, "length": 244.07584860411956, "from": "181", "to": "229", "maxspeed": "40", "bridge": null, "_key": "0", "ref": null, "access": null, "tunnel": null, "width": null}, "geometry": {"type": "LineString", "coordinates": [[19.1076142, 47.440346600000034], [19.107651099999998, 47.44036790000002], [19.107727299999997, 47.44041450000005], [19.108745699999993, 47.44106870000003], [19.109956300000004, 47.44186590000004]]}}, {"id": "(152, 192, 0)", "type": "Feature", "properties": {"_status": "original", "osmid": 573, "highway": "residential", "lanes": null, "name": "Hossz\u00fa utca", "oneway": false, "reversed": false, "length": 245.647583416176, "from": "192", "to": "152", "maxspeed": "30", "bridge": null, "_key": "0", "ref": null, "access": null, "tunnel": null, "width": null}, "geometry": {"type": "LineString", "coordinates": [[19.1086401, 47.44282210000003], [19.1085979, 47.442793900000055], [19.106316599999996, 47.44126940000004]]}}, {"id": "(152, 143, 0)", "type": "Feature", "properties": {"_status": "original", "osmid": 572, "highway": "residential", "lanes": null, "name": "Szent Imre herceg utca", "oneway": false, "reversed": true, "length": 66.19386151726022, "from": "143", "to": "152", "maxspeed": "30", "bridge": null, "_key": "0", "ref": null, "access": null, "tunnel": null, "width": null}, "geometry": {"type": "LineString", "coordinates": [[19.105707000000002, 47.441698800000005], [19.106007999999996, 47.44148590000005], [19.106316599999996, 47.44126940000004]]}}, {"id": "(182, 134, 0)", "type": "Feature", "properties": {"_status": "changed", "osmid": 58, "highway": "residential", "lanes": null, "name": "Tin\u00f3di utca", "oneway": false, "reversed": false, "length": 246.01927955983675, "from": "182", "to": "134", "maxspeed": null, "bridge": null, "_key": "0", "ref": null, "access": null, "tunnel": null, "width": null}, "geometry": {"type": "LineString", "coordinates": [[19.105808899999996, 47.42994390000003], [19.105398999999995, 47.4296953], [19.105351599999995, 47.42966570000001], [19.10291429999999, 47.42825670000002]]}}, {"id": "(182, 167, 0)", "type": "Feature", "properties": {"_status": "original", "osmid": 59, "highway": "tertiary", "lanes": "2", "name": "Baross utca", "oneway": false, "reversed": false, "length": 73.31808232042191, "from": "182", "to": "167", "maxspeed": null, "bridge": null, "_key": "0", "ref": null, "access": null, "tunnel": null, "width": null}, "geometry": {"type": "LineString", "coordinates": [[19.105808899999996, 47.42994390000003], [19.105799100000002, 47.42996160000004], [19.105784600000003, 47.42998530000001], [19.105765700000003, 47.43000800000003], [19.10569479999999, 47.430075], [19.105486999999993, 47.430258299999984], [19.10524819999999, 47.43048130000005]]}}, {"id": "(182, 179, 0)", "type": "Feature", "properties": {"_status": "original", "osmid": 60, "highway": "tertiary", "lanes": "2", "name": "Baross utca", "oneway": false, "reversed": true, "length": 48.70263486383621, "from": "182", "to": "179", "maxspeed": "20", "bridge": null, "_key": "0", "ref": null, "access": null, "tunnel": null, "width": null}, "geometry": {"type": "LineString", "coordinates": [[19.105808899999996, 47.42994390000003], [19.105813599999998, 47.42993070000005], [19.105815200000002, 47.42989310000001], [19.1058135, 47.429866200000056], [19.1058057, 47.429835100000034], [19.1057912, 47.429802099999996], [19.1056384, 47.429587900000016], [19.1056281, 47.42956600000003], [19.105622999999998, 47.42954999999998], [19.1056219, 47.429533300000024]]}}, {"id": "(182, 205, 0)", "type": "Feature", "properties": {"_status": "original", "osmid": 61, "highway": "residential", "lanes": null, "name": "Tin\u00f3di utca", "oneway": true, "reversed": false, "length": 128.7945034148355, "from": "182", "to": "205", "maxspeed": null, "bridge": null, "_key": "0", "ref": null, "access": null, "tunnel": null, "width": null}, "geometry": {"type": "LineString", "coordinates": [[19.105808899999996, 47.42994390000003], [19.107096199999997, 47.43070760000006]]}}, {"id": "(134, 95, 0)", "type": "Feature", "properties": {"_status": "original", "osmid": 62, "highway": "residential", "lanes": "2", "name": "Helsinki \u00fat", "oneway": true, "reversed": false, "length": 325.0823401956898, "from": "134", "to": "95", "maxspeed": null, "bridge": null, "_key": "0", "ref": null, "access": null, "tunnel": null, "width": null}, "geometry": {"type": "LineString", "coordinates": [[19.10291429999999, 47.42825670000002], [19.1027705, 47.42858050000001], [19.102457799999993, 47.42929830000001], [19.1024298, 47.42935550000005], [19.102366999999997, 47.42947680000005], [19.102252499999995, 47.42968729999999], [19.1021241, 47.429880400000016], [19.1020256, 47.43000700000004], [19.101868100000008, 47.43019460000002], [19.1015949, 47.430479999999996], [19.101143499999992, 47.43089280000005]]}}, {"id": "(134, 145, 0)", "type": "Feature", "properties": {"_status": "original", "osmid": 63, "highway": "residential", "lanes": "2", "name": "Helsinki \u00fat", "oneway": true, "reversed": false, "length": 117.10007959886157, "from": "145", "to": "134", "maxspeed": null, "bridge": null, "_key": "0", "ref": null, "access": null, "tunnel": null, "width": null}, "geometry": {"type": "LineString", "coordinates": [[19.1033465, 47.42724500000002], [19.103009499999995, 47.42803380000002], [19.10291429999999, 47.42825670000002]]}}, {"id": "(167, 158, 0)", "type": "Feature", "properties": {"_status": "original", "osmid": 421, "highway": "tertiary", "lanes": "2", "name": "Baross utca", "oneway": false, "reversed": false, "length": 55.95340092716896, "from": "167", "to": "158", "maxspeed": null, "bridge": null, "_key": "0", "ref": null, "access": null, "tunnel": null, "width": null}, "geometry": {"type": "LineString", "coordinates": [[19.10524819999999, 47.43048130000005], [19.1048002, 47.43088300000003]]}}, {"id": "(167, 190, 0)", "type": "Feature", "properties": {"_status": "original", "osmid": 426, "highway": "residential", "lanes": null, "name": "Szemere utca", "oneway": false, "reversed": true, "length": 123.89973737137488, "from": "190", "to": "167", "maxspeed": null, "bridge": null, "_key": "0", "ref": null, "access": null, "tunnel": null, "width": null}, "geometry": {"type": "LineString", "coordinates": [[19.1065029, 47.43120320000004], [19.105371899999998, 47.43055250000005], [19.10524819999999, 47.43048130000005]]}}, {"id": "(179, 161, 0)", "type": "Feature", "properties": {"_status": "original", "osmid": 191, "highway": "residential", "lanes": null, "name": "Bark\u00f3 utca", "oneway": false, "reversed": false, "length": 161.52153618298016, "from": "161", "to": "179", "maxspeed": null, "bridge": null, "_key": "0", "ref": null, "access": null, "tunnel": null, "width": null}, "geometry": {"type": "LineString", "coordinates": [[19.104425699999997, 47.42832700000005], [19.1055303, 47.42944049999999], [19.105545700000004, 47.429455400000016], [19.1056219, 47.429533300000024]]}}, {"id": "(179, 194, 0)", "type": "Feature", "properties": {"_status": "original", "osmid": 843, "highway": "tertiary", "lanes": "2", "name": "V\u00e1g\u00f3h\u00edd utca", "oneway": false, "reversed": false, "length": 85.82059375161582, "from": "194", "to": "179", "maxspeed": null, "bridge": null, "_key": "0", "ref": null, "access": null, "tunnel": null, "width": null}, "geometry": {"type": "LineString", "coordinates": [[19.1062523, 47.428894900000046], [19.1056652, 47.42944930000002], [19.105643800000003, 47.42947850000003], [19.105626300000004, 47.42950860000003], [19.1056219, 47.429533300000024]]}}, {"id": "(205, 236, 0)", "type": "Feature", "properties": {"_status": "original", "osmid": 846, "highway": "residential", "lanes": null, "name": "Tin\u00f3di utca", "oneway": true, "reversed": false, "length": 126.2630339264103, "from": "205", "to": "236", "maxspeed": null, "bridge": null, "_key": "0", "ref": null, "access": null, "tunnel": null, "width": null}, "geometry": {"type": "LineString", "coordinates": [[19.107096199999997, 47.43070760000006], [19.108339799999992, 47.43142310000004], [19.1083748, 47.43144330000003]]}}, {"id": "(205, 190, 0)", "type": "Feature", "properties": {"_status": "original", "osmid": 786, "highway": "residential", "lanes": null, "name": "Nagy Gy\u0151ry Istv\u00e1n utca", "oneway": false, "reversed": true, "length": 70.91289789265481, "from": "190", "to": "205", "maxspeed": null, "bridge": null, "_key": "0", "ref": null, "access": null, "tunnel": null, "width": null}, "geometry": {"type": "LineString", "coordinates": [[19.1065029, 47.43120320000004], [19.107096199999997, 47.43070760000006]]}}, {"id": "(95, 94, 0)", "type": "Feature", "properties": {"_status": "original", "osmid": 777, "highway": "tertiary_link", "lanes": "1", "name": null, "oneway": true, "reversed": false, "length": 21.24996542611809, "from": "95", "to": "94", "maxspeed": null, "bridge": null, "_key": "0", "ref": null, "access": null, "tunnel": null, "width": null}, "geometry": {"type": "LineString", "coordinates": [[19.101143499999992, 47.43089280000005], [19.1011257, 47.430945700000024], [19.101124599999995, 47.430979900000004], [19.101127999999996, 47.43100800000008], [19.101139699999997, 47.43103390000002], [19.101169699999996, 47.43107670000002]]}}, {"id": "(95, 85, 0)", "type": "Feature", "properties": {"_status": "original", "osmid": 778, "highway": "residential", "lanes": "1", "name": "Helsinki \u00fat", "oneway": true, "reversed": false, "length": 53.542840659137354, "from": "95", "to": "85", "maxspeed": null, "bridge": null, "_key": "0", "ref": null, "access": null, "tunnel": null, "width": null}, "geometry": {"type": "LineString", "coordinates": [[19.101143499999992, 47.43089280000005], [19.101074599999997, 47.43095570000001], [19.100961799999993, 47.431054600000024], [19.1007079, 47.43127360000004]]}}, {"id": "(145, 161, 0)", "type": "Feature", "properties": {"_status": "original", "osmid": 189, "highway": "residential", "lanes": "2", "name": ["Irma utca", "Szivatty\u00fa utca"], "oneway": false, "reversed": [false, true], "length": 434.60739235198497, "from": "145", "to": "161", "maxspeed": null, "bridge": null, "_key": "0", "ref": null, "access": null, "tunnel": null, "width": null}, "geometry": {"type": "LineString", "coordinates": [[19.1033465, 47.42724500000002], [19.10339889999999, 47.427119200000014], [19.10363160000001, 47.42656080000001], [19.103658299999992, 47.42649899999999], [19.10382539999999, 47.42612700000003], [19.103906899999995, 47.425936200000045], [19.10412499999999, 47.42542220000003], [19.104230399999988, 47.42518010000001], [19.104340699999998, 47.42522140000003], [19.104411599999995, 47.425251800000055], [19.1044624, 47.42528460000003], [19.104517499999996, 47.42532820000005], [19.10602079999999, 47.42690610000004], [19.105722900000004, 47.42718140000005], [19.104819899999992, 47.427980300000016], [19.104796999999994, 47.428000500000024], [19.104425699999997, 47.42832700000005]]}}, {"id": "(145, 161, 1)", "type": "Feature", "properties": {"_status": "original", "osmid": 190, "highway": "residential", "lanes": null, "name": "Bark\u00f3 utca", "oneway": false, "reversed": false, "length": 145.1415942738959, "from": "145", "to": "161", "maxspeed": null, "bridge": null, "_key": "1", "ref": null, "access": null, "tunnel": null, "width": null}, "geometry": {"type": "LineString", "coordinates": [[19.1033465, 47.42724500000002], [19.103350099999997, 47.42724840000005], [19.103387500000004, 47.42728650000004], [19.104425699999997, 47.42832700000005]]}}, {"id": "(305, 290, 0)", "type": "Feature", "properties": {"_status": "changed", "osmid": 64, "highway": "residential", "lanes": null, "name": "T\u00e1tra utca", "oneway": true, "reversed": false, "length": 103.75102126482273, "from": "305", "to": "290", "maxspeed": "50", "bridge": null, "_key": "0", "ref": null, "access": null, "tunnel": null, "width": null}, "geometry": {"type": "LineString", "coordinates": [[19.1131095, 47.44188550000003], [19.113037948116496, 47.441836361900734], [19.112976951606132, 47.44179447256403], [19.112269754961403, 47.44130879761711], [19.11218879999999, 47.4412532], [19.112141499999996, 47.44122070000006]]}}, {"id": "(305, 280, 0)", "type": "Feature", "properties": {"_status": "original", "osmid": 65, "highway": "residential", "lanes": "1", "name": ["T\u00e1tra t\u00e9r", "Szivacs utca"], "oneway": true, "reversed": false, "length": 195.11230017448162, "from": "305", "to": "280", "maxspeed": "50", "bridge": null, "_key": "0", "ref": null, "access": null, "tunnel": null, "width": null}, "geometry": {"type": "LineString", "coordinates": [[19.1131095, 47.44188550000003], [19.113077199999996, 47.441906100000026], [19.112981500000004, 47.441967000000034], [19.112658799999988, 47.44217320000003], [19.112398100000004, 47.44233860000003], [19.1122061, 47.442460500000074], [19.112275299999997, 47.44320960000003], [19.1122729, 47.443374700000035]]}}, {"id": "(305, 318, 0)", "type": "Feature", "properties": {"_status": "original", "osmid": 66, "highway": "residential", "lanes": null, "name": "T\u00e1tra t\u00e9r", "oneway": false, "reversed": true, "length": 56.13984669180741, "from": "305", "to": "318", "maxspeed": null, "bridge": null, "_key": "0", "ref": null, "access": null, "tunnel": null, "width": null}, "geometry": {"type": "LineString", "coordinates": [[19.1131095, 47.44188550000003], [19.113134500000005, 47.44186879999999], [19.113187199999995, 47.441833800000005], [19.1136416, 47.44153140000004]]}}, {"id": "(305, 319, 0)", "type": "Feature", "properties": {"_status": "original", "osmid": 67, "highway": "residential", "lanes": null, "name": "T\u00e1tra utca", "oneway": false, "reversed": false, "length": 70.3990486652285, "from": "319", "to": "305", "maxspeed": "50", "bridge": null, "_key": "0", "ref": null, "access": null, "tunnel": null, "width": null}, "geometry": {"type": "LineString", "coordinates": [[19.113785, 47.44232380000005], [19.113741899999997, 47.442296000000056], [19.1131095, 47.44188550000003]]}}, {"id": "(290, 275, 0)", "type": "Feature", "properties": {"_status": "original", "osmid": 68, "highway": "residential", "lanes": null, "name": "T\u00e1tra utca", "oneway": true, "reversed": false, "length": 69.32964934848111, "from": "290", "to": "275", "maxspeed": "50", "bridge": null, "_key": "0", "ref": null, "access": null, "tunnel": null, "width": null}, "geometry": {"type": "LineString", "coordinates": [[19.112141499999996, 47.44122070000006], [19.1120981, 47.44119350000002], [19.111548400000007, 47.44084890000004], [19.111516699999996, 47.440827500000005], [19.111463899999997, 47.44079809999999]]}}, {"id": "(290, 229, 0)", "type": "Feature", "properties": {"_status": "original", "osmid": 69, "highway": "residential", "lanes": null, "name": ["T\u00e1tra t\u00e9r", "Igl\u00f3 utca"], "oneway": true, "reversed": false, "length": 195.78002266070814, "from": "229", "to": "290", "maxspeed": "50", "bridge": null, "_key": "0", "ref": null, "access": null, "tunnel": null, "width": null}, "geometry": {"type": "LineString", "coordinates": [[19.109956300000004, 47.44186590000004], [19.110069300000003, 47.44186520000004], [19.110276100000004, 47.44186400000002], [19.111288800000004, 47.44185790000003], [19.1120803, 47.44126640000001], [19.112141499999996, 47.44122070000006]]}}, {"id": "(290, 302, 0)", "type": "Feature", "properties": {"_status": "original", "osmid": 70, "highway": "residential", "lanes": null, "name": "T\u00e1tra t\u00e9r", "oneway": false, "reversed": [false, true], "length": 70.4325967497224, "from": "302", "to": "290", "maxspeed": null, "bridge": null, "_key": "0", "ref": null, "access": null, "tunnel": null, "width": null}, "geometry": {"type": "LineString", "coordinates": [[19.112777299999994, 47.44075570000001], [19.112760199999997, 47.44076790000005], [19.112478599999996, 47.44096850000003], [19.112454699999994, 47.44098550000006], [19.1121745, 47.44119589999999], [19.112141499999996, 47.44122070000006]]}}, {"id": "(280, 328, 0)", "type": "Feature", "properties": {"_status": "original", "osmid": 496, "highway": "tertiary", "lanes": "2", "name": "Kossuth Lajos utca", "oneway": false, "reversed": true, "length": 246.56202063954774, "from": "280", "to": "328", "maxspeed": "40", "bridge": null, "_key": "0", "ref": null, "access": null, "tunnel": null, "width": null}, "geometry": {"type": "LineString", "coordinates": [[19.1122729, 47.443374700000035], [19.112308899999984, 47.44339820000004], [19.112345899999994, 47.4434224], [19.1146304, 47.44491570000001]]}}, {"id": "(280, 262, 0)", "type": "Feature", "properties": {"_status": "original", "osmid": 498, "highway": "residential", "lanes": "2", "name": "J\u00f3kai M\u00f3r utca", "oneway": false, "reversed": false, "length": 67.99173823518547, "from": "280", "to": "262", "maxspeed": "50", "bridge": null, "_key": "0", "ref": null, "access": null, "tunnel": null, "width": null}, "geometry": {"type": "LineString", "coordinates": [[19.1122729, 47.443374700000035], [19.1122162, 47.44341390000004], [19.112113900000004, 47.44348890000005], [19.111658100000003, 47.44382300000001]]}}, {"id": "(280, 296, 0)", "type": "Feature", "properties": {"_status": "original", "osmid": 515, "highway": "residential", "lanes": null, "name": "J\u00f3kai M\u00f3r utca", "oneway": false, "reversed": true, "length": 66.9960354890243, "from": "296", "to": "280", "maxspeed": null, "bridge": null, "_key": "0", "ref": null, "access": null, "tunnel": null, "width": null}, "geometry": {"type": "LineString", "coordinates": [[19.112891199999996, 47.442941000000005], [19.112474400000004, 47.44322830000001], [19.1124483, 47.44324730000003], [19.1122729, 47.443374700000035]]}}, {"id": "(280, 249, 0)", "type": "Feature", "properties": {"_status": "original", "osmid": 516, "highway": "tertiary", "lanes": "2", "name": "Kossuth Lajos utca", "oneway": false, "reversed": false, "length": 144.113048569462, "from": "249", "to": "280", "maxspeed": ["50", "40"], "bridge": null, "_key": "0", "ref": null, "access": null, "tunnel": null, "width": null}, "geometry": {"type": "LineString", "coordinates": [[19.110907, 47.442465700000014], [19.1113455, 47.44275399999999], [19.1114125, 47.442799700000016], [19.112114700000006, 47.44327000000001], [19.1122729, 47.443374700000035]]}}, {"id": "(319, 307, 0)", "type": "Feature", "properties": {"_status": "original", "osmid": 607, "highway": "residential", "lanes": null, "name": "J\u00f3kai M\u00f3r utca", "oneway": false, "reversed": true, "length": 41.76510303879245, "from": "319", "to": "307", "maxspeed": null, "bridge": null, "_key": "0", "ref": null, "access": null, "tunnel": null, "width": null}, "geometry": {"type": "LineString", "coordinates": [[19.113785, 47.44232380000005], [19.113394700000004, 47.44259100000007]]}}, {"id": "(319, 323, 0)", "type": "Feature", "properties": {"_status": "original", "osmid": 790, "highway": "residential", "lanes": null, "name": "J\u00f3kai M\u00f3r utca", "oneway": false, "reversed": true, "length": 11.406113209261724, "from": "323", "to": "319", "maxspeed": null, "bridge": null, "_key": "0", "ref": null, "access": null, "tunnel": null, "width": null}, "geometry": {"type": "LineString", "coordinates": [[19.1138847, 47.44224649999999], [19.113785, 47.44232380000005]]}}, {"id": "(275, 281, 0)", "type": "Feature", "properties": {"_status": "original", "osmid": 597, "highway": "residential", "lanes": "2", "name": "Kende Kanuth utca", "oneway": true, "reversed": false, "length": 36.2243462487576, "from": "275", "to": "281", "maxspeed": null, "bridge": null, "_key": "0", "ref": null, "access": null, "tunnel": null, "width": null}, "geometry": {"type": "LineString", "coordinates": [[19.111463899999997, 47.44079809999999], [19.1115151, 47.44076129999999], [19.11179389999999, 47.44056080000001]]}}, {"id": "(275, 265, 0)", "type": "Feature", "properties": {"_status": "original", "osmid": 600, "highway": "residential", "lanes": "2", "name": "Kende Kanuth utca", "oneway": true, "reversed": false, "length": 26.196926410235523, "from": "265", "to": "275", "maxspeed": "50", "bridge": null, "_key": "0", "ref": null, "access": null, "tunnel": null, "width": null}, "geometry": {"type": "LineString", "coordinates": [[19.11122059999999, 47.440966700000025], [19.111463899999997, 47.44079809999999]]}}, {"id": "(229, 249, 0)", "type": "Feature", "properties": {"_status": "original", "osmid": 605, "highway": "tertiary", "lanes": "2", "name": "Kossuth Lajos utca", "oneway": false, "reversed": false, "length": 97.77570143468301, "from": "229", "to": "249", "maxspeed": "40", "bridge": null, "_key": "0", "ref": null, "access": null, "tunnel": null, "width": null}, "geometry": {"type": "LineString", "coordinates": [[19.109956300000004, 47.44186590000004], [19.11021089999999, 47.44202600000005], [19.110907, 47.442465700000014]]}}, {"id": "(229, 247, 0)", "type": "Feature", "properties": {"_status": "original", "osmid": 609, "highway": "residential", "lanes": "2", "name": "Kende Kanuth utca", "oneway": true, "reversed": false, "length": 71.06832230074468, "from": "229", "to": "247", "maxspeed": "50", "bridge": null, "_key": "0", "ref": null, "access": null, "tunnel": null, "width": null}, "geometry": {"type": "LineString", "coordinates": [[19.109956300000004, 47.44186590000004], [19.11000719999999, 47.44182960000005], [19.110606799999996, 47.44140230000006]]}}, {"id": "(383, 367, 0)", "type": "Feature", "properties": {"_status": "changed", "osmid": 71, "highway": "residential", "lanes": null, "name": "Klapka utca", "oneway": false, "reversed": true, "length": 35.34388093926629, "from": "383", "to": "367", "maxspeed": null, "bridge": null, "_key": "0", "ref": null, "access": null, "tunnel": null, "width": null}, "geometry": {"type": "LineString", "coordinates": [[19.1148783, 47.43076450000004], [19.114793399999993, 47.43070450000002], [19.1142565, 47.430325300000035], [19.113919799999998, 47.430103600000045]]}}, {"id": "(383, 407, 0)", "type": "Feature", "properties": {"_status": "original", "osmid": 72, "highway": "residential", "lanes": null, "name": "Klapka utca", "oneway": false, "reversed": false, "length": 115.07873271414714, "from": "383", "to": "407", "maxspeed": null, "bridge": null, "_key": "0", "ref": null, "access": null, "tunnel": null, "width": null}, "geometry": {"type": "LineString", "coordinates": [[19.1148783, 47.43076450000004], [19.114914600000002, 47.430787800000004], [19.1149874, 47.430834500000024], [19.115909299999995, 47.43140500000005], [19.1159545, 47.43143299999999], [19.116004700000005, 47.43146480000002]]}}, {"id": "(383, 351, 0)", "type": "Feature", "properties": {"_status": "original", "osmid": 73, "highway": "residential", "lanes": null, "name": "Ady Endre utca", "oneway": true, "reversed": false, "length": 148.76714874048653, "from": "383", "to": "351", "maxspeed": null, "bridge": null, "_key": "0", "ref": null, "access": null, "tunnel": null, "width": null}, "geometry": {"type": "LineString", "coordinates": [[19.1148783, 47.43076450000004], [19.114851399999996, 47.43078400000002], [19.11353, 47.431743299999994]]}}, {"id": "(383, 389, 0)", "type": "Feature", "properties": {"_status": "original", "osmid": 74, "highway": "residential", "lanes": null, "name": "Ady Endre utca", "oneway": false, "reversed": true, "length": 22.743483497052324, "from": "389", "to": "383", "maxspeed": null, "bridge": null, "_key": "0", "ref": null, "access": null, "tunnel": null, "width": null}, "geometry": {"type": "LineString", "coordinates": [[19.115105699999994, 47.43062970000004], [19.1148783, 47.43076450000004]]}}, {"id": "(367, 348, 0)", "type": "Feature", "properties": {"_status": "original", "osmid": 75, "highway": "residential", "lanes": null, "name": "Klapka k\u00f6z", "oneway": false, "reversed": true, "length": 69.63305920363959, "from": "367", "to": "348", "maxspeed": null, "bridge": null, "_key": "0", "ref": null, "access": null, "tunnel": null, "width": null}, "geometry": {"type": "LineString", "coordinates": [[19.113919799999998, 47.430103600000045], [19.113273299999996, 47.430551800000046]]}}, {"id": "(367, 352, 0)", "type": "Feature", "properties": {"_status": "original", "osmid": 76, "highway": "residential", "lanes": null, "name": "Klapka utca", "oneway": false, "reversed": false, "length": 72.0986241514501, "from": "352", "to": "367", "maxspeed": null, "bridge": null, "_key": "0", "ref": null, "access": null, "tunnel": null, "width": null}, "geometry": {"type": "LineString", "coordinates": [[19.1131713, 47.42969860000002], [19.113919799999998, 47.430103600000045]]}}, {"id": "(367, 381, 0)", "type": "Feature", "properties": {"_status": "original", "osmid": 77, "highway": "residential", "lanes": null, "name": "K\u00f6ztemet\u0151 utca", "oneway": false, "reversed": true, "length": 81.59008197064446, "from": "381", "to": "367", "maxspeed": null, "bridge": null, "_key": "0", "ref": null, "access": null, "tunnel": null, "width": "5.9"}, "geometry": {"type": "LineString", "coordinates": [[19.114566399999994, 47.429514700000006], [19.113950900000003, 47.430080700000005], [19.113919799999998, 47.430103600000045]]}}, {"id": "(407, 373, 0)", "type": "Feature", "properties": {"_status": "original", "osmid": 1093, "highway": "residential", "lanes": "2", "name": "T\u00f6r\u00f6k Fl\u00f3ris utca", "oneway": false, "reversed": true, "length": 154.10237523905096, "from": "407", "to": "373", "maxspeed": "50", "bridge": null, "_key": "0", "ref": null, "access": null, "tunnel": null, "width": null}, "geometry": {"type": "LineString", "coordinates": [[19.116004700000005, 47.43146480000002], [19.115959499999995, 47.431497100000016], [19.114596999999996, 47.43247170000004]]}}, {"id": "(407, 416, 0)", "type": "Feature", "properties": {"_status": "original", "osmid": 1098, "highway": "residential", "lanes": null, "name": "Klapka utca", "oneway": false, "reversed": true, "length": 74.68292787796398, "from": "416", "to": "407", "maxspeed": null, "bridge": null, "_key": "0", "ref": null, "access": null, "tunnel": null, "width": null}, "geometry": {"type": "LineString", "coordinates": [[19.116728400000007, 47.431924600000016], [19.116073200000002, 47.43150940000003], [19.116044599999995, 47.431491300000026], [19.116004700000005, 47.43146480000002]]}}, {"id": "(407, 414, 0)", "type": "Feature", "properties": {"_status": "original", "osmid": 1099, "highway": "residential", "lanes": null, "name": "T\u00f6r\u00f6k Fl\u00f3ris utca", "oneway": false, "reversed": true, "length": 54.08584371832356, "from": "414", "to": "407", "maxspeed": "50", "bridge": null, "_key": "0", "ref": null, "access": null, "tunnel": null, "width": null}, "geometry": {"type": "LineString", "coordinates": [[19.116493700000003, 47.43110820000002], [19.116466300000003, 47.43112840000002], [19.116050600000005, 47.4314313], [19.116004700000005, 47.43146480000002]]}}, {"id": "(351, 321, 0)", "type": "Feature", "properties": {"_status": "original", "osmid": 874, "highway": "residential", "lanes": null, "name": "Ady Endre utca", "oneway": true, "reversed": false, "length": 155.662992571488, "from": "351", "to": "321", "maxspeed": null, "bridge": null, "_key": "0", "ref": null, "access": null, "tunnel": null, "width": null}, "geometry": {"type": "LineString", "coordinates": [[19.11353, 47.431743299999994], [19.1121057, 47.43275890000001]]}}, {"id": "(351, 373, 0)", "type": "Feature", "properties": {"_status": "original", "osmid": 1092, "highway": "residential", "lanes": null, "name": "Damjanich utca", "oneway": false, "reversed": false, "length": 114.04236844021635, "from": "351", "to": "373", "maxspeed": null, "bridge": null, "_key": "0", "ref": null, "access": null, "tunnel": null, "width": null}, "geometry": {"type": "LineString", "coordinates": [[19.11353, 47.431743299999994], [19.113551699999995, 47.43175469999999], [19.114528700000005, 47.43242490000003], [19.114566299999996, 47.43245070000003], [19.114596999999996, 47.43247170000004]]}}, {"id": "(389, 414, 0)", "type": "Feature", "properties": {"_status": "original", "osmid": 1135, "highway": "residential", "lanes": null, "name": "Sz\u00e9kelyh\u00edd utca", "oneway": false, "reversed": false, "length": 117.19611692409015, "from": "389", "to": "414", "maxspeed": null, "bridge": null, "_key": "0", "ref": null, "access": null, "tunnel": null, "width": null}, "geometry": {"type": "LineString", "coordinates": [[19.115105699999994, 47.43062970000004], [19.115258299999994, 47.430687799999994], [19.1154301, 47.4307449], [19.11633640000001, 47.43105450000005], [19.1164388, 47.43108940000003], [19.116493700000003, 47.43110820000002]]}}, {"id": "(389, 418, 0)", "type": "Feature", "properties": {"_status": "original", "osmid": 1137, "highway": "residential", "lanes": null, "name": "Ady Endre utca", "oneway": false, "reversed": false, "length": 176.00282980730125, "from": "389", "to": "418", "maxspeed": null, "bridge": null, "_key": "0", "ref": null, "access": null, "tunnel": null, "width": "5.6"}, "geometry": {"type": "LineString", "coordinates": [[19.115105699999994, 47.43062970000004], [19.1151921, 47.430541400000045], [19.1163971, 47.429309800000034]]}}, {"id": "(348, 291, 0)", "type": "Feature", "properties": {"_status": "original", "osmid": 1104, "highway": "residential", "lanes": null, "name": ["Atl\u00e9ta utca", "Klapka k\u00f6z"], "oneway": false, "reversed": true, "length": 317.1694962583147, "from": "348", "to": "291", "maxspeed": null, "bridge": null, "_key": "0", "ref": null, "access": null, "tunnel": null, "width": null}, "geometry": {"type": "LineString", "coordinates": [[19.113273299999996, 47.430551800000046], [19.112770299999998, 47.43091970000004], [19.112531000000004, 47.431080400000056], [19.1103194, 47.42969360000002], [19.110229099999994, 47.42963720000003]]}}, {"id": "(348, 303, 0)", "type": "Feature", "properties": {"_status": "original", "osmid": 1107, "highway": "residential", "lanes": null, "name": "Hatvani utca", "oneway": false, "reversed": true, "length": 245.34770258850315, "from": "348", "to": "303", "maxspeed": null, "bridge": null, "_key": "0", "ref": null, "access": null, "tunnel": null, "width": null}, "geometry": {"type": "LineString", "coordinates": [[19.113273299999996, 47.430551800000046], [19.110849599999998, 47.42917780000004], [19.110774799999998, 47.429133500000056]]}}, {"id": "(352, 317, 0)", "type": "Feature", "properties": {"_status": "original", "osmid": 1110, "highway": "residential", "lanes": null, "name": "Klapka utca", "oneway": false, "reversed": true, "length": 183.04709115928324, "from": "352", "to": "317", "maxspeed": null, "bridge": null, "_key": "0", "ref": null, "access": null, "tunnel": null, "width": null}, "geometry": {"type": "LineString", "coordinates": [[19.1131713, 47.42969860000002], [19.111401199999996, 47.4286858], [19.111313399999997, 47.42863549999999]]}}, {"id": "(352, 368, 0)", "type": "Feature", "properties": {"_status": "original", "osmid": 1114, "highway": "residential", "lanes": null, "name": "Klapka t\u00e9r", "oneway": false, "reversed": true, "length": 79.94385951344272, "from": "368", "to": "352", "maxspeed": null, "bridge": null, "_key": "0", "ref": null, "access": null, "tunnel": null, "width": null}, "geometry": {"type": "LineString", "coordinates": [[19.1138069, 47.429122400000004], [19.11319829999999, 47.42967410000002], [19.1131713, 47.42969860000002]]}}, {"id": "(381, 402, 0)", "type": "Feature", "properties": {"_status": "original", "osmid": 1116, "highway": "residential", "lanes": null, "name": "K\u00f6ztemet\u0151 utca", "oneway": false, "reversed": true, "length": 109.65350479638339, "from": "402", "to": "381", "maxspeed": null, "bridge": null, "_key": "0", "ref": null, "access": null, "tunnel": null, "width": "5.9"}, "geometry": {"type": "LineString", "coordinates": [[19.1153836, 47.42869810000005], [19.114566399999994, 47.429514700000006]]}}, {"id": "(381, 368, 0)", "type": "Feature", "properties": {"_status": "original", "osmid": 1115, "highway": "residential", "lanes": null, "name": "Klapka t\u00e9r", "oneway": false, "reversed": false, "length": 71.88148688142275, "from": "368", "to": "381", "maxspeed": null, "bridge": null, "_key": "0", "ref": null, "access": null, "tunnel": null, "width": null}, "geometry": {"type": "LineString", "coordinates": [[19.1138069, 47.429122400000004], [19.1145273, 47.42949450000002], [19.114566399999994, 47.429514700000006]]}}, {"id": "(376, 411, 0)", "type": "Feature", "properties": {"_status": "changed", "osmid": 78, "highway": "tertiary", "lanes": "2", "name": "Szent Imre herceg utca", "oneway": true, "reversed": false, "length": 80.00379728198395, "from": "376", "to": "411", "maxspeed": null, "bridge": null, "_key": "0", "ref": null, "access": null, "tunnel": null, "width": null}, "geometry": {"type": "LineString", "coordinates": [[19.115328999999992, 47.434853600000025], [19.116092699999996, 47.43435280000004], [19.116697099999993, 47.43393190000003], [19.116748399999995, 47.43389610000001]]}}, {"id": "(376, 345, 0)", "type": "Feature", "properties": {"_status": "original", "osmid": 79, "highway": "tertiary", "lanes": null, "name": "Szent Imre herceg utca", "oneway": true, "reversed": false, "length": 153.37333138933997, "from": "345", "to": "376", "maxspeed": null, "bridge": null, "_key": "0", "ref": null, "access": null, "tunnel": null, "width": null}, "geometry": {"type": "LineString", "coordinates": [[19.113927499999996, 47.43585550000001], [19.115328999999992, 47.434853600000025]]}}, {"id": "(376, 379, 0)", "type": "Feature", "properties": {"_status": "original", "osmid": 80, "highway": "residential", "lanes": null, "name": "P\u00f6ltenberg utca", "oneway": false, "reversed": true, "length": 15.256552972271088, "from": "379", "to": "376", "maxspeed": null, "bridge": null, "_key": "0", "ref": null, "access": null, "tunnel": null, "width": null}, "geometry": {"type": "LineString", "coordinates": [[19.1154723, 47.4349507], [19.115433600000003, 47.434925099999994], [19.115373100000003, 47.43488390000003], [19.115328999999992, 47.434853600000025]]}}, {"id": "(376, 364, 0)", "type": "Feature", "properties": {"_status": "original", "osmid": 81, "highway": "residential", "lanes": null, "name": "P\u00f6ltenberg utca", "oneway": false, "reversed": false, "length": 74.9920917214834, "from": "364", "to": "376", "maxspeed": null, "bridge": null, "_key": "0", "ref": null, "access": null, "tunnel": null, "width": null}, "geometry": {"type": "LineString", "coordinates": [[19.114614399999997, 47.4343833], [19.115065799999993, 47.43468040000005], [19.1152679, 47.434814100000054], [19.1153089, 47.43484040000003], [19.115328999999992, 47.434853600000025]]}}, {"id": "(411, 440, 0)", "type": "Feature", "properties": {"_status": "original", "osmid": 82, "highway": "tertiary", "lanes": "2", "name": "Kn\u00e9zich utca", "oneway": false, "reversed": true, "length": 153.51183122201832, "from": "411", "to": "440", "maxspeed": null, "bridge": null, "_key": "0", "ref": null, "access": null, "tunnel": null, "width": null}, "geometry": {"type": "LineString", "coordinates": [[19.116748399999995, 47.43389610000001], [19.1167903, 47.433865999999995], [19.118115800000005, 47.43291620000004], [19.11814939999999, 47.432892200000026]]}}, {"id": "(411, 430, 0)", "type": "Feature", "properties": {"_status": "original", "osmid": 83, "highway": "residential", "lanes": null, "name": "Damjanich utca", "oneway": false, "reversed": true, "length": 125.3223010777265, "from": "430", "to": "411", "maxspeed": null, "bridge": null, "_key": "0", "ref": null, "access": null, "tunnel": null, "width": null}, "geometry": {"type": "LineString", "coordinates": [[19.117934400000003, 47.43468770000001], [19.116846799999994, 47.433961700000026], [19.116813600000008, 47.4339396], [19.116748399999995, 47.43389610000001]]}}, {"id": "(411, 399, 0)", "type": "Feature", "properties": {"_status": "original", "osmid": 84, "highway": "residential", "lanes": null, "name": "Damjanich utca", "oneway": false, "reversed": false, "length": 80.39456685226004, "from": "399", "to": "411", "maxspeed": null, "bridge": null, "_key": "0", "ref": null, "access": null, "tunnel": null, "width": null}, "geometry": {"type": "LineString", "coordinates": [[19.116012899999998, 47.43337150000001], [19.116699899999993, 47.43386150000002], [19.116710899999998, 47.43386940000003], [19.116748399999995, 47.43389610000001]]}}, {"id": "(345, 314, 0)", "type": "Feature", "properties": {"_status": "original", "osmid": 430, "highway": "tertiary", "lanes": null, "name": "Szent Imre herceg utca", "oneway": true, "reversed": false, "length": 150.35472805661465, "from": "314", "to": "345", "maxspeed": null, "bridge": null, "_key": "0", "ref": null, "access": null, "tunnel": null, "width": null}, "geometry": {"type": "LineString", "coordinates": [[19.112585200000005, 47.4368575], [19.1126114, 47.43683790000002], [19.1126392, 47.436817200000014], [19.1126764, 47.43678940000005], [19.1131024, 47.436471400000016], [19.113927499999996, 47.43585550000001]]}}, {"id": "(345, 347, 0)", "type": "Feature", "properties": {"_status": "original", "osmid": 437, "highway": "residential", "lanes": null, "name": "Dessewffy utca", "oneway": false, "reversed": false, "length": 32.84280206931481, "from": "347", "to": "345", "maxspeed": null, "bridge": null, "_key": "0", "ref": null, "access": null, "tunnel": null, "width": null}, "geometry": {"type": "LineString", "coordinates": [[19.11423549999999, 47.436064599999995], [19.1141823, 47.43602310000002], [19.1140055, 47.435909200000005], [19.113927499999996, 47.43585550000001]]}}, {"id": "(345, 333, 0)", "type": "Feature", "properties": {"_status": "original", "osmid": 438, "highway": "residential", "lanes": null, "name": "Dessewffy utca", "oneway": false, "reversed": true, "length": 75.4790392909557, "from": "333", "to": "345", "maxspeed": null, "bridge": null, "_key": "0", "ref": null, "access": null, "tunnel": null, "width": null}, "geometry": {"type": "LineString", "coordinates": [[19.113197399999994, 47.43538980000006], [19.113783599999998, 47.43576370000001], [19.113904900000005, 47.435841100000026], [19.113927499999996, 47.43585550000001]]}}, {"id": "(379, 394, 0)", "type": "Feature", "properties": {"_status": "original", "osmid": 1086, "highway": "residential", "lanes": null, "name": "P\u00f6ltenberg utca", "oneway": false, "reversed": false, "length": 71.00912931483333, "from": "379", "to": "394", "maxspeed": null, "bridge": null, "_key": "0", "ref": null, "access": null, "tunnel": null, "width": null}, "geometry": {"type": "LineString", "coordinates": [[19.1154723, 47.4349507], [19.115508400000003, 47.43497400000001], [19.1155598, 47.43500720000003], [19.116085299999998, 47.43537300000002], [19.116132499999996, 47.4354071]]}}, {"id": "(379, 365, 0)", "type": "Feature", "properties": {"_status": "original", "osmid": 1088, "highway": "tertiary", "lanes": null, "name": "Kn\u00e9zich utca", "oneway": true, "reversed": false, "length": 78.7731074596749, "from": "379", "to": "365", "maxspeed": null, "bridge": null, "_key": "0", "ref": null, "access": null, "tunnel": null, "width": null}, "geometry": {"type": "LineString", "coordinates": [[19.1154723, 47.4349507], [19.1148589, 47.43552489999999]]}}, {"id": "(364, 333, 0)", "type": "Feature", "properties": {"_status": "original", "osmid": 450, "highway": "residential", "lanes": null, "name": "Szabads\u00e1g utca", "oneway": false, "reversed": false, "length": 154.5475910122297, "from": "364", "to": "333", "maxspeed": null, "bridge": null, "_key": "0", "ref": null, "access": null, "tunnel": null, "width": null}, "geometry": {"type": "LineString", "coordinates": [[19.114614399999997, 47.4343833], [19.113197399999994, 47.43538980000006]]}}, {"id": "(364, 350, 0)", "type": "Feature", "properties": {"_status": "original", "osmid": 1089, "highway": "residential", "lanes": null, "name": "P\u00f6ltenberg utca", "oneway": false, "reversed": true, "length": 72.9765214804444, "from": "364", "to": "350", "maxspeed": null, "bridge": null, "_key": "0", "ref": null, "access": null, "tunnel": null, "width": null}, "geometry": {"type": "LineString", "coordinates": [[19.114614399999997, 47.4343833], [19.113910400000005, 47.43393169999999]]}}, {"id": "(364, 399, 0)", "type": "Feature", "properties": {"_status": "original", "osmid": 1090, "highway": "residential", "lanes": null, "name": "Szabads\u00e1g utca", "oneway": false, "reversed": true, "length": 154.02262863560253, "from": "364", "to": "399", "maxspeed": null, "bridge": null, "_key": "0", "ref": null, "access": null, "tunnel": null, "width": null}, "geometry": {"type": "LineString", "coordinates": [[19.114614399999997, 47.4343833], [19.115963799999992, 47.43340700000001], [19.116012899999998, 47.43337150000001]]}}, {"id": "(440, 475, 0)", "type": "Feature", "properties": {"_status": "original", "osmid": 1124, "highway": "tertiary", "lanes": "2", "name": "Kn\u00e9zich utca", "oneway": false, "reversed": false, "length": 131.6868089711369, "from": "475", "to": "440", "maxspeed": null, "bridge": null, "_key": "0", "ref": null, "access": null, "tunnel": null, "width": null}, "geometry": {"type": "LineString", "coordinates": [[19.119361099999995, 47.43203740000001], [19.119308799999995, 47.43207429999999], [19.118572500000006, 47.43259370000003], [19.11819669999999, 47.43285880000004], [19.11814939999999, 47.432892200000026]]}}, {"id": "(440, 458, 0)", "type": "Feature", "properties": {"_status": "original", "osmid": 1122, "highway": "residential", "lanes": null, "name": "Klapka utca", "oneway": false, "reversed": true, "length": 82.27447207426674, "from": "458", "to": "440", "maxspeed": null, "bridge": null, "_key": "0", "ref": null, "access": null, "tunnel": null, "width": null}, "geometry": {"type": "LineString", "coordinates": [[19.118913700000007, 47.43342150000003], [19.1182167, 47.432937900000056], [19.118203399999995, 47.43292850000004], [19.11814939999999, 47.432892200000026]]}}, {"id": "(440, 426, 0)", "type": "Feature", "properties": {"_status": "original", "osmid": 1125, "highway": "residential", "lanes": null, "name": "Klapka utca", "oneway": false, "reversed": false, "length": 79.40898534001137, "from": "426", "to": "440", "maxspeed": null, "bridge": null, "_key": "0", "ref": null, "access": null, "tunnel": null, "width": null}, "geometry": {"type": "LineString", "coordinates": [[19.1174145, 47.432379500000025], [19.118093, 47.43285280000003], [19.118110399999992, 47.43286489999999], [19.11814939999999, 47.432892200000026]]}}, {"id": "(430, 438, 0)", "type": "Feature", "properties": {"_status": "original", "osmid": 1120, "highway": "residential", "lanes": null, "name": "Damjanich utca", "oneway": false, "reversed": false, "length": 53.473632077418344, "from": "430", "to": "438", "maxspeed": null, "bridge": null, "_key": "0", "ref": null, "access": null, "tunnel": null, "width": null}, "geometry": {"type": "LineString", "coordinates": [[19.117934400000003, 47.43468770000001], [19.1184315, 47.43503150000002]]}}, {"id": "(430, 438, 1)", "type": "Feature", "properties": {"_status": "original", "osmid": 1121, "highway": "residential", "lanes": null, "name": "Szent Lajos t\u00e9r", "oneway": false, "reversed": true, "length": 182.13183538350458, "from": "430", "to": "438", "maxspeed": null, "bridge": null, "_key": "1", "ref": null, "access": null, "tunnel": null, "width": null}, "geometry": {"type": "LineString", "coordinates": [[19.117934400000003, 47.43468770000001], [19.1179632, 47.43466880000006], [19.118428299999994, 47.434280700000016], [19.118473999999996, 47.434259700000005], [19.118529, 47.43424740000005], [19.118575800000002, 47.43425280000002], [19.118626999999996, 47.43427140000001], [19.118913799999998, 47.43444720000002], [19.118937699999993, 47.434483300000046], [19.118945699999998, 47.43451910000003], [19.118940200000008, 47.43456130000001], [19.118918600000004, 47.434592000000016], [19.118458299999997, 47.43500730000003], [19.1184315, 47.43503150000002]]}}, {"id": "(399, 426, 0)", "type": "Feature", "properties": {"_status": "original", "osmid": 1128, "highway": "residential", "lanes": null, "name": "Szabads\u00e1g utca", "oneway": false, "reversed": true, "length": 152.58422378190036, "from": "399", "to": "426", "maxspeed": null, "bridge": null, "_key": "0", "ref": null, "access": null, "tunnel": null, "width": null}, "geometry": {"type": "LineString", "coordinates": [[19.116012899999998, 47.43337150000001], [19.116053500000003, 47.43334270000004], [19.117374199999993, 47.43240800000003], [19.1174145, 47.432379500000025]]}}, {"id": "(399, 385, 0)", "type": "Feature", "properties": {"_status": "original", "osmid": 1097, "highway": "residential", "lanes": null, "name": "Damjanich utca", "oneway": false, "reversed": false, "length": 71.77781878813738, "from": "385", "to": "399", "maxspeed": null, "bridge": null, "_key": "0", "ref": null, "access": null, "tunnel": null, "width": null}, "geometry": {"type": "LineString", "coordinates": [[19.115303700000002, 47.432939600000005], [19.116012899999998, 47.43337150000001]]}}, {"id": "(514, 528, 0)", "type": "Feature", "properties": {"_status": "changed", "osmid": 85, "highway": "residential", "lanes": null, "name": "V\u00e9csey utca", "oneway": false, "reversed": false, "length": 75.36147491778435, "from": "514", "to": "528", "maxspeed": null, "bridge": null, "_key": "0", "ref": null, "access": null, "tunnel": null, "width": null}, "geometry": {"type": "LineString", "coordinates": [[19.121266499999994, 47.43358080000004], [19.12130399999999, 47.433551300000055], [19.121826599999995, 47.43307050000002], [19.121862999999994, 47.43303639999997], [19.122058581945996, 47.433022713328675]]}}, {"id": "(514, 562, 0)", "type": "Feature", "properties": {"_status": "original", "osmid": 86, "highway": "residential", "lanes": null, "name": "Magyar utca", "oneway": false, "reversed": true, "length": 303.7177920863274, "from": "514", "to": "562", "maxspeed": null, "bridge": null, "_key": "0", "ref": null, "access": null, "tunnel": null, "width": null}, "geometry": {"type": "LineString", "coordinates": [[19.121266499999994, 47.43358080000004], [19.1213048, 47.43360690000004], [19.124026000000004, 47.43546480000003], [19.124059900000002, 47.43548700000003], [19.12410849999999, 47.43552110000003]]}}, {"id": "(514, 486, 0)", "type": "Feature", "properties": {"_status": "original", "osmid": 87, "highway": "residential", "lanes": null, "name": "V\u00e9csey utca", "oneway": false, "reversed": false, "length": 115.7775303552848, "from": "486", "to": "514", "maxspeed": null, "bridge": null, "_key": "0", "ref": null, "access": null, "tunnel": null, "width": null}, "geometry": {"type": "LineString", "coordinates": [[19.120317199999995, 47.4344004], [19.12034529999999, 47.43437620000004], [19.121243599999996, 47.43360190000001], [19.121266499999994, 47.43358080000004]]}}, {"id": "(528, 515, 0)", "type": "Feature", "properties": {"_status": "changed", "osmid": 88, "highway": "residential", "lanes": null, "name": "Sz\u00e9kelyh\u00edd utca", "oneway": false, "reversed": true, "length": 64.93277179625221, "from": "515", "to": "528", "maxspeed": null, "bridge": null, "_key": "0", "ref": null, "access": null, "tunnel": null, "width": null}, "geometry": {"type": "LineString", "coordinates": [[19.1211972, 47.43267500000006], [19.1219675, 47.43293860000002], [19.122058581945996, 47.433022713328675]]}}, {"id": "(528, 543, 0)", "type": "Feature", "properties": {"_status": "changed", "osmid": 89, "highway": "residential", "lanes": null, "name": "K\u00f6zt\u00e1rsas\u00e1g t\u00e9r", "oneway": false, "reversed": false, "length": 84.72202248631046, "from": "543", "to": "528", "maxspeed": null, "bridge": null, "_key": "0", "ref": null, "access": null, "tunnel": null, "width": null}, "geometry": {"type": "LineString", "coordinates": [[19.122862200000004, 47.43370090000005], [19.12282129999999, 47.433673500000005], [19.122104799999992, 47.43319490000003], [19.1220611, 47.43316530000002], [19.122058581945996, 47.433022713328675]]}}, {"id": "(528, 493, 0)", "type": "Feature", "properties": {"_status": "changed", "osmid": 90, "highway": "residential", "lanes": null, "name": "\u00c1tl\u00f3s utca", "oneway": false, "reversed": true, "length": 209.18432670907924, "from": "493", "to": "528", "maxspeed": null, "bridge": null, "_key": "0", "ref": null, "access": null, "tunnel": null, "width": null}, "geometry": {"type": "LineString", "coordinates": [[19.1200506, 47.43155990000002], [19.1201105, 47.43159940000004], [19.120163999999992, 47.43163430000002], [19.1220425, 47.43287270000002], [19.122058581945996, 47.433022713328675]]}}, {"id": "(528, 553, 0)", "type": "Feature", "properties": {"_status": "changed", "osmid": 91, "highway": "residential", "lanes": null, "name": "K\u00f6zt\u00e1rsas\u00e1g t\u00e9r", "oneway": false, "reversed": true, "length": 89.70429883186026, "from": "553", "to": "528", "maxspeed": null, "bridge": null, "_key": "0", "ref": null, "access": null, "tunnel": null, "width": null}, "geometry": {"type": "LineString", "coordinates": [[19.1231061, 47.432455600000026], [19.1230553, 47.43248990000004], [19.122642499999994, 47.4327692], [19.122262900000003, 47.43302609999999], [19.122058581945996, 47.433022713328675]]}}, {"id": "(562, 538, 0)", "type": "Feature", "properties": {"_status": "original", "osmid": 878, "highway": "residential", "lanes": null, "name": "L\u00e1z\u00e1r utca", "oneway": false, "reversed": false, "length": 114.55559337656851, "from": "562", "to": "538", "maxspeed": null, "bridge": null, "_key": "0", "ref": null, "access": null, "tunnel": null, "width": null}, "geometry": {"type": "LineString", "coordinates": [[19.12410849999999, 47.43552110000003], [19.12304929999999, 47.436261400000014]]}}, {"id": "(562, 583, 0)", "type": "Feature", "properties": {"_status": "original", "osmid": 879, "highway": "residential", "lanes": null, "name": "Magyar utca", "oneway": false, "reversed": false, "length": 96.24030418986115, "from": "583", "to": "562", "maxspeed": null, "bridge": null, "_key": "0", "ref": null, "access": null, "tunnel": null, "width": null}, "geometry": {"type": "LineString", "coordinates": [[19.125043300000005, 47.43611200000001], [19.1250105, 47.43609110000001], [19.1241864, 47.43556900000003], [19.1241646, 47.435557200000034], [19.124136599999993, 47.435538400000034], [19.12410849999999, 47.43552110000003]]}}, {"id": "(562, 580, 0)", "type": "Feature", "properties": {"_status": "original", "osmid": 880, "highway": "residential", "lanes": null, "name": "L\u00e1z\u00e1r utca", "oneway": false, "reversed": false, "length": 74.9430961418638, "from": "580", "to": "562", "maxspeed": null, "bridge": null, "_key": "0", "ref": null, "access": null, "tunnel": null, "width": null}, "geometry": {"type": "LineString", "coordinates": [[19.1247945, 47.43503230000003], [19.124758999999994, 47.43505760000003], [19.1241507, 47.435490600000016], [19.12410849999999, 47.43552110000003]]}}, {"id": "(486, 500, 0)", "type": "Feature", "properties": {"_status": "original", "osmid": 886, "highway": "residential", "lanes": null, "name": "Klapka utca", "oneway": false, "reversed": false, "length": 67.73758635889165, "from": "486", "to": "500", "maxspeed": null, "bridge": null, "_key": "0", "ref": null, "access": null, "tunnel": null, "width": null}, "geometry": {"type": "LineString", "coordinates": [[19.120317199999995, 47.4344004], [19.120355699999998, 47.43442550000004], [19.120945199999994, 47.434837000000066]]}}, {"id": "(486, 476, 0)", "type": "Feature", "properties": {"_status": "original", "osmid": 898, "highway": "residential", "lanes": null, "name": "Klapka utca", "oneway": false, "reversed": false, "length": 65.28539473078213, "from": "476", "to": "486", "maxspeed": null, "bridge": null, "_key": "0", "ref": null, "access": null, "tunnel": null, "width": null}, "geometry": {"type": "LineString", "coordinates": [[19.119723199999996, 47.43397229999999], [19.1202888, 47.43437990000007], [19.120317199999995, 47.4344004]]}}, {"id": "(486, 452, 0)", "type": "Feature", "properties": {"_status": "original", "osmid": 897, "highway": "residential", "lanes": null, "name": "V\u00e9csey utca", "oneway": false, "reversed": false, "length": 150.71258463066047, "from": "452", "to": "486", "maxspeed": null, "bridge": null, "_key": "0", "ref": null, "access": null, "tunnel": null, "width": null}, "geometry": {"type": "LineString", "coordinates": [[19.119099899999988, 47.43547700000003], [19.119126399999995, 47.43545360000005], [19.120286300000004, 47.4344277], [19.120317199999995, 47.4344004]]}}, {"id": "(515, 476, 0)", "type": "Feature", "properties": {"_status": "original", "osmid": 92, "highway": "residential", "lanes": null, "name": "\u00dcveges utca", "oneway": false, "reversed": true, "length": 181.93784878908158, "from": "515", "to": "476", "maxspeed": null, "bridge": null, "_key": "0", "ref": null, "access": null, "tunnel": null, "width": null}, "geometry": {"type": "LineString", "coordinates": [[19.1211972, 47.43267500000006], [19.121157500000002, 47.432710000000036], [19.119723199999996, 47.43397229999999]]}}, {"id": "(515, 494, 0)", "type": "Feature", "properties": {"_status": "original", "osmid": 93, "highway": "residential", "lanes": null, "name": "Sz\u00e9kelyh\u00edd utca", "oneway": false, "reversed": false, "length": 84.83996750895845, "from": "494", "to": "515", "maxspeed": null, "bridge": null, "_key": "0", "ref": null, "access": null, "tunnel": null, "width": null}, "geometry": {"type": "LineString", "coordinates": [[19.1201939, 47.432326400000015], [19.1210804, 47.43263460000002], [19.1211972, 47.43267500000006]]}}, {"id": "(543, 554, 0)", "type": "Feature", "properties": {"_status": "original", "osmid": 94, "highway": "residential", "lanes": null, "name": "Pozsony utca", "oneway": false, "reversed": false, "length": 64.0786404440466, "from": "554", "to": "543", "maxspeed": null, "bridge": null, "_key": "0", "ref": null, "access": null, "tunnel": null, "width": null}, "geometry": {"type": "LineString", "coordinates": [[19.123454199999998, 47.4341153], [19.122906600000004, 47.433731900000005], [19.122862200000004, 47.43370090000005]]}}, {"id": "(543, 570, 0)", "type": "Feature", "properties": {"_status": "original", "osmid": 95, "highway": "residential", "lanes": null, "name": "K\u00f6zt\u00e1rsas\u00e1g t\u00e9r", "oneway": false, "reversed": false, "length": 116.17769340408255, "from": "570", "to": "543", "maxspeed": null, "bridge": null, "_key": "0", "ref": null, "access": null, "tunnel": null, "width": null}, "geometry": {"type": "LineString", "coordinates": [[19.123944099999996, 47.432955300000046], [19.1231943, 47.433466900000006], [19.122898799999998, 47.43367340000004], [19.122862200000004, 47.43370090000005]]}}, {"id": "(493, 475, 0)", "type": "Feature", "properties": {"_status": "original", "osmid": 96, "highway": "tertiary", "lanes": null, "name": "Vir\u00e1g Benedek utca", "oneway": false, "reversed": false, "length": 74.22284848546954, "from": "493", "to": "475", "maxspeed": null, "bridge": null, "_key": "0", "ref": null, "access": null, "tunnel": null, "width": null}, "geometry": {"type": "LineString", "coordinates": [[19.1200506, 47.43155990000002], [19.119361099999995, 47.43203740000001]]}}, {"id": "(493, 478, 0)", "type": "Feature", "properties": {"_status": "original", "osmid": 97, "highway": "residential", "lanes": null, "name": "\u00c1tl\u00f3s utca", "oneway": false, "reversed": true, "length": 80.94734657538444, "from": "478", "to": "493", "maxspeed": null, "bridge": null, "_key": "0", "ref": null, "access": null, "tunnel": null, "width": null}, "geometry": {"type": "LineString", "coordinates": [[19.119279800000005, 47.43105190000004], [19.119989799999992, 47.43151980000001], [19.1200506, 47.43155990000002]]}}, {"id": "(493, 510, 0)", "type": "Feature", "properties": {"_status": "original", "osmid": 98, "highway": "tertiary", "lanes": null, "name": "Vir\u00e1g Benedek utca", "oneway": false, "reversed": false, "length": 77.20451344323203, "from": "510", "to": "493", "maxspeed": null, "bridge": null, "_key": "0", "ref": null, "access": null, "tunnel": null, "width": null}, "geometry": {"type": "LineString", "coordinates": [[19.120756000000004, 47.43105560000002], [19.1203605, 47.43134350000001], [19.1200506, 47.43155990000002]]}}, {"id": "(553, 549, 0)", "type": "Feature", "properties": {"_status": "original", "osmid": 99, "highway": "residential", "lanes": null, "name": "K\u00f6zt\u00e1rsas\u00e1g t\u00e9r", "oneway": false, "reversed": true, "length": 24.748913978047955, "from": "549", "to": "553", "maxspeed": null, "bridge": null, "_key": "0", "ref": null, "access": null, "tunnel": null, "width": null}, "geometry": {"type": "LineString", "coordinates": [[19.122858400000002, 47.432309100000026], [19.122914699999992, 47.432342400000046], [19.1231061, 47.432455600000026]]}}, {"id": "(553, 560, 0)", "type": "Feature", "properties": {"_status": "original", "osmid": 100, "highway": "residential", "lanes": null, "name": "K\u00f6zt\u00e1rsas\u00e1g t\u00e9r", "oneway": false, "reversed": false, "length": 44.089219113990744, "from": "560", "to": "553", "maxspeed": null, "bridge": null, "_key": "0", "ref": null, "access": null, "tunnel": null, "width": null}, "geometry": {"type": "LineString", "coordinates": [[19.123545399999998, 47.4327181], [19.1231604, 47.432488100000015], [19.1231061, 47.432455600000026]]}}, {"id": "(476, 458, 0)", "type": "Feature", "properties": {"_status": "original", "osmid": 1084, "highway": "residential", "lanes": null, "name": "Klapka utca", "oneway": false, "reversed": false, "length": 86.36251696381832, "from": "458", "to": "476", "maxspeed": null, "bridge": null, "_key": "0", "ref": null, "access": null, "tunnel": null, "width": null}, "geometry": {"type": "LineString", "coordinates": [[19.118913700000007, 47.43342150000003], [19.119723199999996, 47.43397229999999]]}}, {"id": "(494, 458, 0)", "type": "Feature", "properties": {"_status": "original", "osmid": 1123, "highway": "residential", "lanes": null, "name": "Berzsenyi D\u00e1niel utca", "oneway": false, "reversed": true, "length": 155.24594226671493, "from": "494", "to": "458", "maxspeed": null, "bridge": null, "_key": "0", "ref": null, "access": null, "tunnel": null, "width": null}, "geometry": {"type": "LineString", "coordinates": [[19.1201939, 47.432326400000015], [19.1201588, 47.43235860000002], [19.118913700000007, 47.43342150000003]]}}, {"id": "(494, 475, 0)", "type": "Feature", "properties": {"_status": "original", "osmid": 1126, "highway": "residential", "lanes": null, "name": "Sz\u00e9kelyh\u00edd utca", "oneway": false, "reversed": true, "length": 70.40445824695061, "from": "494", "to": "475", "maxspeed": null, "bridge": null, "_key": "0", "ref": null, "access": null, "tunnel": null, "width": null}, "geometry": {"type": "LineString", "coordinates": [[19.1201939, 47.432326400000015], [19.119477299999993, 47.43207800000005], [19.1194349, 47.432063200000016], [19.119361099999995, 47.43203740000001]]}}, {"id": "(554, 567, 0)", "type": "Feature", "properties": {"_status": "original", "osmid": 900, "highway": "residential", "lanes": null, "name": "Pozsony utca", "oneway": false, "reversed": true, "length": 67.77654146330346, "from": "554", "to": "567", "maxspeed": null, "bridge": null, "_key": "0", "ref": null, "access": null, "tunnel": null, "width": null}, "geometry": {"type": "LineString", "coordinates": [[19.123454199999998, 47.4341153], [19.12363679999999, 47.43424120000004], [19.1240854, 47.4345503]]}}, {"id": "(554, 591, 0)", "type": "Feature", "properties": {"_status": "original", "osmid": 907, "highway": "residential", "lanes": null, "name": "Csorba utca", "oneway": false, "reversed": true, "length": 162.97890215615547, "from": "591", "to": "554", "maxspeed": null, "bridge": null, "_key": "0", "ref": null, "access": null, "tunnel": null, "width": null}, "geometry": {"type": "LineString", "coordinates": [[19.124982499999998, 47.43307630000005], [19.123454199999998, 47.4341153]]}}, {"id": "(570, 560, 0)", "type": "Feature", "properties": {"_status": "original", "osmid": 1000, "highway": "residential", "lanes": null, "name": "K\u00f6zt\u00e1rsas\u00e1g t\u00e9r", "oneway": false, "reversed": false, "length": 39.937943174832334, "from": "570", "to": "560", "maxspeed": null, "bridge": null, "_key": "0", "ref": null, "access": null, "tunnel": null, "width": null}, "geometry": {"type": "LineString", "coordinates": [[19.123944099999996, 47.432955300000046], [19.123545399999998, 47.4327181]]}}, {"id": "(570, 589, 0)", "type": "Feature", "properties": {"_status": "original", "osmid": 1001, "highway": "residential", "lanes": null, "name": "Szil\u00e1gys\u00e1g utca", "oneway": false, "reversed": false, "length": 61.62384273720943, "from": "589", "to": "570", "maxspeed": null, "bridge": null, "_key": "0", "ref": null, "access": null, "tunnel": null, "width": null}, "geometry": {"type": "LineString", "coordinates": [[19.1247347, 47.432905400000045], [19.124571000000003, 47.432906100000025], [19.124013300000005, 47.43290850000002], [19.123944099999996, 47.432955300000046]]}}, {"id": "(475, 449, 0)", "type": "Feature", "properties": {"_status": "original", "osmid": 1127, "highway": "residential", "lanes": null, "name": "Sz\u00e9kelyh\u00edd utca", "oneway": true, "reversed": false, "length": 81.92339799088022, "from": "449", "to": "475", "maxspeed": null, "bridge": null, "_key": "0", "ref": null, "access": null, "tunnel": null, "width": null}, "geometry": {"type": "LineString", "coordinates": [[19.1183836, 47.43171250000001], [19.119273399999997, 47.432008300000064], [19.119312300000008, 47.432021200000044], [19.119361099999995, 47.43203740000001]]}}, {"id": "(478, 445, 0)", "type": "Feature", "properties": {"_status": "original", "osmid": 1144, "highway": "residential", "lanes": null, "name": "\u00c1tl\u00f3s utca", "oneway": false, "reversed": false, "length": 166.49171615938167, "from": "478", "to": "445", "maxspeed": null, "bridge": null, "_key": "0", "ref": null, "access": null, "tunnel": null, "width": null}, "geometry": {"type": "LineString", "coordinates": [[19.119279800000005, 47.43105190000004], [19.1177426, 47.43006040000005], [19.117713799999994, 47.43004180000003], [19.117677299999993, 47.430019100000024]]}}, {"id": "(478, 461, 0)", "type": "Feature", "properties": {"_status": "original", "osmid": 1145, "highway": "residential", "lanes": null, "name": "Szabads\u00e1g utca", "oneway": false, "reversed": true, "length": 65.61770891223998, "from": "461", "to": "478", "maxspeed": null, "bridge": null, "_key": "0", "ref": null, "access": null, "tunnel": null, "width": null}, "geometry": {"type": "LineString", "coordinates": [[19.118683000000004, 47.431482300000056], [19.119279800000005, 47.43105190000004]]}}, {"id": "(510, 455, 0)", "type": "Feature", "properties": {"_status": "original", "osmid": 1146, "highway": "residential", "lanes": null, "name": "Szondi utca", "oneway": false, "reversed": false, "length": 258.97619840469486, "from": "510", "to": "455", "maxspeed": null, "bridge": null, "_key": "0", "ref": null, "access": null, "tunnel": null, "width": null}, "geometry": {"type": "LineString", "coordinates": [[19.120756000000004, 47.43105560000002], [19.12069369999999, 47.43101990000003], [19.118207500000004, 47.429595299999995], [19.1181717, 47.429574800000005], [19.118128899999995, 47.429550300000024]]}}, {"id": "(510, 549, 0)", "type": "Feature", "properties": {"_status": "original", "osmid": 1140, "highway": "residential", "lanes": null, "name": "Szondi utca", "oneway": false, "reversed": false, "length": 210.80013571617, "from": "549", "to": "510", "maxspeed": null, "bridge": null, "_key": "0", "ref": null, "access": null, "tunnel": null, "width": null}, "geometry": {"type": "LineString", "coordinates": [[19.122858400000002, 47.432309100000026], [19.122809, 47.43227970000004], [19.120849599999996, 47.431111400000006], [19.120814499999994, 47.4310905], [19.120756000000004, 47.43105560000002]]}}, {"id": "(510, 522, 0)", "type": "Feature", "properties": {"_status": "original", "osmid": 937, "highway": "tertiary", "lanes": null, "name": "Vir\u00e1g Benedek utca", "oneway": false, "reversed": false, "length": 62.9289870230975, "from": "522", "to": "510", "maxspeed": null, "bridge": null, "_key": "0", "ref": null, "access": null, "tunnel": null, "width": null}, "geometry": {"type": "LineString", "coordinates": [[19.121343500000002, 47.43065270000001], [19.120756000000004, 47.43105560000002]]}}, {"id": "(549, 561, 0)", "type": "Feature", "properties": {"_status": "original", "osmid": 1142, "highway": "residential", "lanes": null, "name": "V\u00e9csey utca", "oneway": false, "reversed": true, "length": 65.08054191993688, "from": "561", "to": "549", "maxspeed": null, "bridge": null, "_key": "0", "ref": null, "access": null, "tunnel": null, "width": null}, "geometry": {"type": "LineString", "coordinates": [[19.123440499999994, 47.4318761], [19.122892099999998, 47.43228280000001], [19.122858400000002, 47.432309100000026]]}}, {"id": "(549, 539, 0)", "type": "Feature", "properties": {"_status": "original", "osmid": 1141, "highway": "residential", "lanes": null, "name": "K\u00f6zt\u00e1rsas\u00e1g t\u00e9r", "oneway": false, "reversed": false, "length": 41.756002530752184, "from": "539", "to": "549", "maxspeed": null, "bridge": null, "_key": "0", "ref": null, "access": null, "tunnel": null, "width": null}, "geometry": {"type": "LineString", "coordinates": [[19.122483099999993, 47.432585800000005], [19.122858400000002, 47.432309100000026]]}}, {"id": "(560, 605, 0)", "type": "Feature", "properties": {"_status": "original", "osmid": 1143, "highway": "residential", "lanes": null, "name": "Eperjes utca", "oneway": false, "reversed": false, "length": 199.4335694027383, "from": "560", "to": "605", "maxspeed": null, "bridge": null, "_key": "0", "ref": null, "access": null, "tunnel": null, "width": null}, "geometry": {"type": "LineString", "coordinates": [[19.123545399999998, 47.4327181], [19.1235817, 47.43269140000005], [19.125223999999996, 47.43147800000002], [19.125279799999998, 47.43143440000001], [19.1253324, 47.43139320000004]]}}, {"id": "(630, 647, 0)", "type": "Feature", "properties": {"_status": "changed", "osmid": 101, "highway": "residential", "lanes": "2", "name": "L\u00e1z\u00e1r utca", "oneway": false, "reversed": true, "length": 26.727930209216307, "from": "630", "to": "647", "maxspeed": null, "bridge": null, "_key": "0", "ref": null, "access": null, "tunnel": null, "width": null}, "geometry": {"type": "LineString", "coordinates": [[19.127125100000004, 47.43341320000001], [19.127645999999995, 47.43306770000003], [19.127787699999992, 47.43297400000004], [19.1278238, 47.432952400000005], [19.1279051, 47.432903300000035]]}}, {"id": "(630, 612, 0)", "type": "Feature", "properties": {"_status": "original", "osmid": 102, "highway": "residential", "lanes": "2", "name": "L\u00e1z\u00e1r utca", "oneway": false, "reversed": false, "length": 86.25233288649098, "from": "630", "to": "612", "maxspeed": null, "bridge": null, "_key": "0", "ref": null, "access": null, "tunnel": null, "width": null}, "geometry": {"type": "LineString", "coordinates": [[19.127125100000004, 47.43341320000001], [19.12631, 47.433958800000056]]}}, {"id": "(630, 620, 0)", "type": "Feature", "properties": {"_status": "original", "osmid": 103, "highway": "residential", "lanes": null, "name": "Ady Endre t\u00e9r", "oneway": true, "reversed": false, "length": 74.48509016267029, "from": "620", "to": "630", "maxspeed": null, "bridge": null, "_key": "0", "ref": null, "access": null, "tunnel": null, "width": "6.7"}, "geometry": {"type": "LineString", "coordinates": [[19.126380600000005, 47.432971600000016], [19.126729799999993, 47.43317870000002], [19.127071099999995, 47.433383400000004], [19.12708569999999, 47.43339070000002], [19.127125100000004, 47.43341320000001]]}}, {"id": "(647, 691, 0)", "type": "Feature", "properties": {"_status": "original", "osmid": 104, "highway": "residential", "lanes": null, "name": "L\u00e1z\u00e1r utca", "oneway": true, "reversed": false, "length": 244.34369168449118, "from": "647", "to": "691", "maxspeed": null, "bridge": null, "_key": "0", "ref": null, "access": null, "tunnel": null, "width": null}, "geometry": {"type": "LineString", "coordinates": [[19.1279051, 47.432903300000035], [19.1279193, 47.43283839999998], [19.128062299999996, 47.43274820000002], [19.130086999999993, 47.43135279999998], [19.130132899999992, 47.431321200000056]]}}, {"id": "(647, 632, 0)", "type": "Feature", "properties": {"_status": "changed", "osmid": 105, "highway": "tertiary", "lanes": "2", "name": "Ady Endre t\u00e9r", "oneway": false, "reversed": true, "length": 25.21302642159064, "from": "632", "to": "647", "maxspeed": null, "bridge": null, "_key": "0", "ref": null, "access": null, "tunnel": null, "width": null}, "geometry": {"type": "LineString", "coordinates": [[19.127149099999997, 47.43244250000005], [19.127237699999995, 47.43249530000003], [19.127427899999997, 47.43260870000004], [19.127661299999993, 47.432747700000036], [19.127797999999995, 47.432833600000045], [19.1279051, 47.432903300000035]]}}, {"id": "(647, 661, 0)", "type": "Feature", "properties": {"_status": "changed", "osmid": 106, "highway": "tertiary", "lanes": "2", "name": "Temesv\u00e1r utca", "oneway": false, "reversed": false, "length": 17.85027281990102, "from": "661", "to": "647", "maxspeed": "50", "bridge": null, "_key": "0", "ref": null, "access": null, "tunnel": null, "width": null}, "geometry": {"type": "LineString", "coordinates": [[19.128749099999993, 47.43347300000005], [19.128075399999993, 47.43301510000004], [19.1279051, 47.432903300000035]]}}, {"id": "(647, 670, 0)", "type": "Feature", "properties": {"_status": "changed", "osmid": 107, "highway": "tertiary", "lanes": null, "name": "Szil\u00e1gys\u00e1g utca", "oneway": true, "reversed": false, "length": 82.41226432877761, "from": "670", "to": "647", "maxspeed": null, "bridge": null, "_key": "0", "ref": null, "access": null, "tunnel": null, "width": null}, "geometry": {"type": "LineString", "coordinates": [[19.129253000000006, 47.432862100000015], [19.128159300000004, 47.432906200000005], [19.128038778315037, 47.43295293694504], [19.1279051, 47.432903300000035]]}}, {"id": "(612, 580, 0)", "type": "Feature", "properties": {"_status": "original", "osmid": 891, "highway": "residential", "lanes": "2", "name": "L\u00e1z\u00e1r utca", "oneway": false, "reversed": false, "length": 165.05266607243172, "from": "612", "to": "580", "maxspeed": null, "bridge": null, "_key": "0", "ref": null, "access": null, "tunnel": null, "width": null}, "geometry": {"type": "LineString", "coordinates": [[19.12631, 47.433958800000056], [19.126260199999997, 47.4339941], [19.124832699999995, 47.43500520000001], [19.1247945, 47.43503230000003]]}}, {"id": "(612, 628, 0)", "type": "Feature", "properties": {"_status": "original", "osmid": 902, "highway": "residential", "lanes": null, "name": "Kassa utca", "oneway": false, "reversed": false, "length": 94.24619152547969, "from": "628", "to": "612", "maxspeed": null, "bridge": null, "_key": "0", "ref": null, "access": null, "tunnel": null, "width": "6"}, "geometry": {"type": "LineString", "coordinates": [[19.127218799999994, 47.434542300000025], [19.1271724, 47.43451250000002], [19.12638799999999, 47.43400890000003], [19.12636729999999, 47.43399560000006], [19.12634139999999, 47.43397890000002], [19.12631, 47.433958800000056]]}}, {"id": "(612, 603, 0)", "type": "Feature", "properties": {"_status": "original", "osmid": 901, "highway": "residential", "lanes": null, "name": "Kassa utca", "oneway": false, "reversed": true, "length": 74.44242171295922, "from": "603", "to": "612", "maxspeed": null, "bridge": null, "_key": "0", "ref": null, "access": null, "tunnel": null, "width": null}, "geometry": {"type": "LineString", "coordinates": [[19.125609599999997, 47.43348590000005], [19.125657399999994, 47.43351840000003], [19.126246000000002, 47.43391890000002], [19.126272999999994, 47.43393470000001], [19.12631, 47.433958800000056]]}}, {"id": "(620, 632, 0)", "type": "Feature", "properties": {"_status": "original", "osmid": 115, "highway": "residential", "lanes": null, "name": "Ady Endre t\u00e9r", "oneway": true, "reversed": false, "length": 82.4792675937526, "from": "632", "to": "620", "maxspeed": null, "bridge": null, "_key": "0", "ref": null, "access": null, "tunnel": null, "width": "6.1"}, "geometry": {"type": "LineString", "coordinates": [[19.127149099999997, 47.43244250000005], [19.127084299999996, 47.43248710000001], [19.126380600000005, 47.432971600000016]]}}, {"id": "(620, 603, 0)", "type": "Feature", "properties": {"_status": "original", "osmid": 905, "highway": "residential", "lanes": null, "name": "Popr\u00e1d utca", "oneway": false, "reversed": false, "length": 81.44694330299794, "from": "603", "to": "620", "maxspeed": null, "bridge": null, "_key": "0", "ref": null, "access": null, "tunnel": null, "width": null}, "geometry": {"type": "LineString", "coordinates": [[19.125609599999997, 47.43348590000005], [19.125652099999993, 47.433457600000025], [19.126337599999992, 47.43300030000004], [19.126380600000005, 47.432971600000016]]}}, {"id": "(620, 614, 0)", "type": "Feature", "properties": {"_status": "original", "osmid": 1274, "highway": "residential", "lanes": null, "name": "Saj\u00f3 utca", "oneway": false, "reversed": true, "length": 23.23504669909968, "from": "614", "to": "620", "maxspeed": null, "bridge": null, "_key": "0", "ref": null, "access": null, "tunnel": null, "width": null}, "geometry": {"type": "LineString", "coordinates": [[19.126166400000002, 47.43282130000002], [19.126322099999992, 47.432936100000006], [19.126380600000005, 47.432971600000016]]}}, {"id": "(691, 677, 0)", "type": "Feature", "properties": {"_status": "original", "osmid": 912, "highway": "residential", "lanes": null, "name": "Kolozsv\u00e1r utca", "oneway": false, "reversed": false, "length": 76.31036659435965, "from": "677", "to": "691", "maxspeed": null, "bridge": null, "_key": "0", "ref": null, "access": null, "tunnel": null, "width": "5.5"}, "geometry": {"type": "LineString", "coordinates": [[19.129404999999995, 47.43084320000002], [19.129453499999997, 47.430875000000036], [19.130089699999992, 47.43129120000003], [19.130132899999992, 47.431321200000056]]}}, {"id": "(691, 700, 0)", "type": "Feature", "properties": {"_status": "original", "osmid": 911, "highway": "residential", "lanes": null, "name": "Kolozsv\u00e1r utca", "oneway": false, "reversed": true, "length": 75.18371806795508, "from": "700", "to": "691", "maxspeed": null, "bridge": null, "_key": "0", "ref": null, "access": null, "tunnel": null, "width": "5.5"}, "geometry": {"type": "LineString", "coordinates": [[19.130850299999995, 47.43179200000005], [19.130177100000004, 47.43135020000005], [19.130132899999992, 47.431321200000056]]}}, {"id": "(691, 710, 0)", "type": "Feature", "properties": {"_status": "original", "osmid": 913, "highway": "residential", "lanes": null, "name": "L\u00e1z\u00e1r utca", "oneway": false, "reversed": true, "length": 124.58866743002395, "from": "710", "to": "691", "maxspeed": null, "bridge": null, "_key": "0", "ref": null, "access": null, "tunnel": null, "width": null}, "geometry": {"type": "LineString", "coordinates": [[19.131291800000003, 47.43052070000001], [19.1301748, 47.431292199999994], [19.130132899999992, 47.431321200000056]]}}, {"id": "(632, 616, 0)", "type": "Feature", "properties": {"_status": "original", "osmid": 114, "highway": "tertiary", "lanes": "2", "name": "Wessel\u00e9nyi utca", "oneway": false, "reversed": false, "length": 110.63662546716102, "from": "632", "to": "616", "maxspeed": null, "bridge": null, "_key": "0", "ref": null, "access": null, "tunnel": null, "width": null}, "geometry": {"type": "LineString", "coordinates": [[19.127149099999997, 47.43244250000005], [19.127103300000005, 47.432416399999994], [19.126032699999996, 47.431794700000005]]}}, {"id": "(632, 646, 0)", "type": "Feature", "properties": {"_status": "original", "osmid": 116, "highway": "residential", "lanes": null, "name": "Kom\u00e1rom utca", "oneway": false, "reversed": true, "length": 62.98165424138872, "from": "646", "to": "632", "maxspeed": null, "bridge": null, "_key": "0", "ref": null, "access": null, "tunnel": null, "width": "6"}, "geometry": {"type": "LineString", "coordinates": [[19.127710999999994, 47.432022600000046], [19.127216999999995, 47.432394000000066], [19.127185899999994, 47.43241620000001], [19.127149099999997, 47.43244250000005]]}}, {"id": "(661, 628, 0)", "type": "Feature", "properties": {"_status": "original", "osmid": 117, "highway": "residential", "lanes": null, "name": "Felvid\u00e9k utca", "oneway": false, "reversed": false, "length": 165.48840545841483, "from": "628", "to": "661", "maxspeed": null, "bridge": null, "_key": "0", "ref": null, "access": null, "tunnel": null, "width": "6"}, "geometry": {"type": "LineString", "coordinates": [[19.127218799999994, 47.434542300000025], [19.127266300000002, 47.43450870000001], [19.1286922, 47.43351280000004], [19.128714000000002, 47.4334976], [19.128749099999993, 47.43347300000005]]}}, {"id": "(661, 668, 0)", "type": "Feature", "properties": {"_status": "original", "osmid": 118, "highway": "tertiary", "lanes": "2", "name": "Temesv\u00e1r utca", "oneway": false, "reversed": false, "length": 67.06753922027227, "from": "668", "to": "661", "maxspeed": "50", "bridge": null, "_key": "0", "ref": null, "access": null, "tunnel": null, "width": null}, "geometry": {"type": "LineString", "coordinates": [[19.129386599999997, 47.43389470000002], [19.1287921, 47.43350140000002], [19.128749099999993, 47.43347300000005]]}}, {"id": "(670, 694, 0)", "type": "Feature", "properties": {"_status": "original", "osmid": 119, "highway": "residential", "lanes": null, "name": "Szatm\u00e1r utca", "oneway": false, "reversed": true, "length": 156.2881538318135, "from": "670", "to": "694", "maxspeed": null, "bridge": null, "_key": "0", "ref": null, "access": null, "tunnel": null, "width": null}, "geometry": {"type": "LineString", "coordinates": [[19.129253000000006, 47.432862100000015], [19.1292597, 47.4329088], [19.129265400000005, 47.43292770000004], [19.129297300000005, 47.43296820000004], [19.130611599999998, 47.43384520000003], [19.1306586, 47.43387650000002]]}}, {"id": "(670, 673, 0)", "type": "Feature", "properties": {"_status": "original", "osmid": 120, "highway": "tertiary", "lanes": null, "name": "Szil\u00e1gys\u00e1g utca", "oneway": false, "reversed": false, "length": 11.088407263631732, "from": "670", "to": "673", "maxspeed": null, "bridge": null, "_key": "0", "ref": null, "access": null, "tunnel": null, "width": null}, "geometry": {"type": "LineString", "coordinates": [[19.129253000000006, 47.432862100000015], [19.129400199999996, 47.43285670000006]]}}, {"id": "(635, 659, 0)", "type": "Feature", "properties": {"_status": "changed", "osmid": 108, "highway": "residential", "lanes": null, "name": "K\u00e1roly utca", "oneway": false, "reversed": true, "length": 72.36165192904969, "from": "635", "to": "659", "maxspeed": null, "bridge": null, "_key": "0", "ref": null, "access": null, "tunnel": null, "width": null}, "geometry": {"type": "LineString", "coordinates": [[19.126617899999992, 47.42885880000004], [19.126685999999992, 47.42890170000004], [19.1267265, 47.428927200000025], [19.12675659999999, 47.428946200000055], [19.126871500000004, 47.429018500000005], [19.127005399999998, 47.42910470000004], [19.1270911, 47.429159800000036], [19.1271133, 47.42917350000003], [19.127113726907275, 47.429173765111074], [19.127404540408932, 47.42935436032626], [19.127413300000004, 47.42935980000004], [19.127464099999997, 47.42939190000002], [19.127487199999994, 47.429413800000056], [19.127979499999995, 47.42988090000004], [19.1279975, 47.429897999999994], [19.128045599999997, 47.429943700000024]]}}, {"id": "(635, 636, 0)", "type": "Feature", "properties": {"_status": "original", "osmid": 109, "highway": "tertiary", "lanes": null, "name": "Orsolya utca", "oneway": false, "reversed": false, "length": 5.464249785774844, "from": "635", "to": "636", "maxspeed": null, "bridge": null, "_key": "0", "ref": null, "access": null, "tunnel": null, "width": null}, "geometry": {"type": "LineString", "coordinates": [[19.126617899999992, 47.42885880000004], [19.126666699999994, 47.42882240000001]]}}, {"id": "(635, 622, 0)", "type": "Feature", "properties": {"_status": "original", "osmid": 110, "highway": "tertiary", "lanes": null, "name": "Orsolya utca", "oneway": false, "reversed": true, "length": 75.31320979312692, "from": "635", "to": "622", "maxspeed": null, "bridge": null, "_key": "0", "ref": null, "access": null, "tunnel": null, "width": null}, "geometry": {"type": "LineString", "coordinates": [[19.126617899999992, 47.42885880000004], [19.125922700000004, 47.42934620000006]]}}, {"id": "(659, 677, 0)", "type": "Feature", "properties": {"_status": "original", "osmid": 111, "highway": "residential", "lanes": null, "name": "Kolozsv\u00e1r utca", "oneway": false, "reversed": true, "length": 143.05023646485924, "from": "677", "to": "659", "maxspeed": null, "bridge": null, "_key": "0", "ref": null, "access": null, "tunnel": null, "width": "5.5"}, "geometry": {"type": "LineString", "coordinates": [[19.129404999999995, 47.43084320000002], [19.12935749999999, 47.43081199999999], [19.128153699999995, 47.430021200000034], [19.1281138, 47.429992600000006], [19.128045599999997, 47.429943700000024]]}}, {"id": "(659, 643, 0)", "type": "Feature", "properties": {"_status": "original", "osmid": 112, "highway": "tertiary", "lanes": null, "name": "Eperjes utca", "oneway": false, "reversed": false, "length": 77.64238777136485, "from": "643", "to": "659", "maxspeed": null, "bridge": null, "_key": "0", "ref": null, "access": null, "tunnel": null, "width": "7"}, "geometry": {"type": "LineString", "coordinates": [[19.127130500000003, 47.4302667], [19.127279899999994, 47.43021390000003], [19.127758600000003, 47.43004500000004], [19.128045599999997, 47.429943700000024]]}}, {"id": "(659, 674, 0)", "type": "Feature", "properties": {"_status": "original", "osmid": 113, "highway": "tertiary", "lanes": null, "name": "Eperjes utca", "oneway": false, "reversed": true, "length": 70.56847348429243, "from": "674", "to": "659", "maxspeed": null, "bridge": null, "_key": "0", "ref": null, "access": null, "tunnel": null, "width": "7"}, "geometry": {"type": "LineString", "coordinates": [[19.128915499999998, 47.429706100000026], [19.1281181, 47.42992390000001], [19.128045599999997, 47.429943700000024]]}}, {"id": "(636, 651, 0)", "type": "Feature", "properties": {"_status": "original", "osmid": 1228, "highway": "tertiary", "lanes": null, "name": "Orsolya utca", "oneway": false, "reversed": false, "length": 69.82530508911312, "from": "636", "to": "651", "maxspeed": null, "bridge": null, "_key": "0", "ref": null, "access": null, "tunnel": null, "width": null}, "geometry": {"type": "LineString", "coordinates": [[19.126666699999994, 47.42882240000001], [19.126710499999994, 47.42879010000001], [19.1272363, 47.42840160000001], [19.1272936, 47.42835930000002]]}}, {"id": "(636, 611, 0)", "type": "Feature", "properties": {"_status": "original", "osmid": 1229, "highway": "residential", "lanes": null, "name": "K\u00e1roly utca", "oneway": false, "reversed": true, "length": 146.71649978461684, "from": "611", "to": "636", "maxspeed": null, "bridge": null, "_key": "0", "ref": null, "access": null, "tunnel": null, "width": null}, "geometry": {"type": "LineString", "coordinates": [[19.125199799999994, 47.42795310000005], [19.125259700000004, 47.42799430000005], [19.125283999999994, 47.42800939999998], [19.12649379999999, 47.42872089999999], [19.126625499999996, 47.428798400000034], [19.126666699999994, 47.42882240000001]]}}, {"id": "(622, 609, 0)", "type": "Feature", "properties": {"_status": "original", "osmid": 1227, "highway": "tertiary", "lanes": null, "name": "Orsolya utca", "oneway": false, "reversed": true, "length": 63.33367071837137, "from": "622", "to": "609", "maxspeed": null, "bridge": null, "_key": "0", "ref": null, "access": null, "tunnel": null, "width": null}, "geometry": {"type": "LineString", "coordinates": [[19.125922700000004, 47.42934620000006], [19.125331599999992, 47.42975180000006]]}}, {"id": "(622, 599, 0)", "type": "Feature", "properties": {"_status": "original", "osmid": 1314, "highway": "residential", "lanes": null, "name": "R\u00f3zs\u00e1s utca", "oneway": false, "reversed": false, "length": 146.91710237032893, "from": "599", "to": "622", "maxspeed": null, "bridge": null, "_key": "0", "ref": null, "access": null, "tunnel": null, "width": "5.2"}, "geometry": {"type": "LineString", "coordinates": [[19.124499900000004, 47.428441100000015], [19.1245553, 47.428476300000035], [19.124579200000003, 47.42849150000003], [19.12580699999999, 47.429270100000046], [19.1258806, 47.42931860000005], [19.125922700000004, 47.42934620000006]]}}, {"id": "(677, 666, 0)", "type": "Feature", "properties": {"_status": "original", "osmid": 917, "highway": "residential", "lanes": null, "name": "Kom\u00e1rom utca", "oneway": false, "reversed": false, "length": 67.68893331764635, "from": "666", "to": "677", "maxspeed": null, "bridge": null, "_key": "0", "ref": null, "access": null, "tunnel": null, "width": "6"}, "geometry": {"type": "LineString", "coordinates": [[19.1287886, 47.43128670000004], [19.129361499999995, 47.43087450000003], [19.129404999999995, 47.43084320000002]]}}, {"id": "(677, 692, 0)", "type": "Feature", "properties": {"_status": "original", "osmid": 918, "highway": "residential", "lanes": null, "name": "Kom\u00e1rom utca", "oneway": false, "reversed": true, "length": 65.39679225672575, "from": "692", "to": "677", "maxspeed": null, "bridge": null, "_key": "0", "ref": null, "access": null, "tunnel": null, "width": "6"}, "geometry": {"type": "LineString", "coordinates": [[19.130019999999995, 47.43042750000001], [19.1294444, 47.43081660000006], [19.129404999999995, 47.43084320000002]]}}, {"id": "(643, 618, 0)", "type": "Feature", "properties": {"_status": "original", "osmid": 1187, "highway": "tertiary", "lanes": null, "name": "Eperjes utca", "oneway": false, "reversed": true, "length": 121.04992298345788, "from": "643", "to": "618", "maxspeed": null, "bridge": null, "_key": "0", "ref": null, "access": null, "tunnel": null, "width": "7"}, "geometry": {"type": "LineString", "coordinates": [[19.127130500000003, 47.4302667], [19.126841299999995, 47.43037490000001], [19.126644600000006, 47.430448400000024], [19.126532599999994, 47.43051530000001], [19.126448500000002, 47.430574800000024], [19.126117799999992, 47.43080840000001], [19.125983600000005, 47.430903300000026], [19.125910299999997, 47.43095940000002]]}}, {"id": "(643, 644, 0)", "type": "Feature", "properties": {"_status": "original", "osmid": 1251, "highway": "residential", "lanes": null, "name": null, "oneway": false, "reversed": true, "length": 11.199869252334421, "from": "644", "to": "643", "maxspeed": null, "bridge": null, "_key": "0", "ref": null, "access": null, "tunnel": null, "width": null}, "geometry": {"type": "LineString", "coordinates": [[19.1271988, 47.43035620000002], [19.127167, 47.430314499999994], [19.127130500000003, 47.4302667]]}}, {"id": "(674, 692, 0)", "type": "Feature", "properties": {"_status": "original", "osmid": 1302, "highway": "residential", "lanes": null, "name": "Szolyva utca", "oneway": false, "reversed": false, "length": 115.48775677096904, "from": "692", "to": "674", "maxspeed": null, "bridge": null, "_key": "0", "ref": null, "access": null, "tunnel": null, "width": null}, "geometry": {"type": "LineString", "coordinates": [[19.130019999999995, 47.43042750000001], [19.1289985, 47.42976030000003], [19.1289785, 47.429747200000016], [19.128915499999998, 47.429706100000026]]}}, {"id": "(674, 681, 0)", "type": "Feature", "properties": {"_status": "original", "osmid": 1241, "highway": "tertiary", "lanes": null, "name": "Eperjes utca", "oneway": false, "reversed": true, "length": 33.383928013851325, "from": "681", "to": "674", "maxspeed": null, "bridge": null, "_key": "0", "ref": null, "access": null, "tunnel": null, "width": "7"}, "geometry": {"type": "LineString", "coordinates": [[19.129327500000002, 47.429594500000036], [19.128915499999998, 47.429706100000026]]}}, {"id": "(616, 605, 0)", "type": "Feature", "properties": {"_status": "original", "osmid": 1183, "highway": "tertiary", "lanes": "2", "name": "Wessel\u00e9nyi utca", "oneway": false, "reversed": false, "length": 69.05179104029128, "from": "616", "to": "605", "maxspeed": null, "bridge": null, "_key": "0", "ref": null, "access": null, "tunnel": null, "width": null}, "geometry": {"type": "LineString", "coordinates": [[19.126032699999996, 47.431794700000005], [19.125413999999992, 47.43144150000006], [19.1253324, 47.43139320000004]]}}, {"id": "(616, 602, 0)", "type": "Feature", "properties": {"_status": "original", "osmid": 1185, "highway": "residential", "lanes": null, "name": "\u00c9rsek\u00fajv\u00e1r utca", "oneway": false, "reversed": true, "length": 73.68745091411178, "from": "602", "to": "616", "maxspeed": null, "bridge": null, "_key": "0", "ref": null, "access": null, "tunnel": null, "width": null}, "geometry": {"type": "LineString", "coordinates": [[19.125379900000002, 47.432288800000045], [19.1259642, 47.43184810000003], [19.125977500000005, 47.431837800000025], [19.126032699999996, 47.431794700000005]]}}, {"id": "(646, 666, 0)", "type": "Feature", "properties": {"_status": "original", "osmid": 1275, "highway": "residential", "lanes": null, "name": "Kom\u00e1rom utca", "oneway": false, "reversed": true, "length": 115.17879378462035, "from": "666", "to": "646", "maxspeed": null, "bridge": null, "_key": "0", "ref": null, "access": null, "tunnel": null, "width": "6"}, "geometry": {"type": "LineString", "coordinates": [[19.1287886, 47.43128670000004], [19.127710999999994, 47.432022600000046]]}}, {"id": "(646, 631, 0)", "type": "Feature", "properties": {"_status": "original", "osmid": 1249, "highway": "residential", "lanes": null, "name": "Nyitra utca", "oneway": false, "reversed": false, "length": 75.21216716038514, "from": "631", "to": "646", "maxspeed": null, "bridge": null, "_key": "0", "ref": null, "access": null, "tunnel": null, "width": "5.1"}, "geometry": {"type": "LineString", "coordinates": [[19.126969400000004, 47.43156890000004], [19.127665899999993, 47.43199500000001], [19.127710999999994, 47.432022600000046]]}}, {"id": "(628, 597, 0)", "type": "Feature", "properties": {"_status": "original", "osmid": 903, "highway": "residential", "lanes": null, "name": "Felvid\u00e9k utca", "oneway": false, "reversed": true, "length": 164.78666199918675, "from": "628", "to": "597", "maxspeed": null, "bridge": null, "_key": "0", "ref": null, "access": null, "tunnel": null, "width": "6"}, "geometry": {"type": "LineString", "coordinates": [[19.127218799999994, 47.434542300000025], [19.127169099999996, 47.43457800000003], [19.125778599999997, 47.435575600000064], [19.125755, 47.43559260000004], [19.125715899999996, 47.4356206]]}}, {"id": "(628, 639, 0)", "type": "Feature", "properties": {"_status": "original", "osmid": 908, "highway": "residential", "lanes": null, "name": "Kassa utca", "oneway": false, "reversed": false, "length": 67.6223817993102, "from": "639", "to": "628", "maxspeed": null, "bridge": null, "_key": "0", "ref": null, "access": null, "tunnel": null, "width": "6"}, "geometry": {"type": "LineString", "coordinates": [[19.127867300000002, 47.434963500000045], [19.127818200000007, 47.434931699999986], [19.127261500000003, 47.43456980000001], [19.127218799999994, 47.434542300000025]]}}, {"id": "(668, 639, 0)", "type": "Feature", "properties": {"_status": "original", "osmid": 1188, "highway": "residential", "lanes": null, "name": "Csall\u00f3k\u00f6z utca", "oneway": false, "reversed": false, "length": 164.88081709538827, "from": "639", "to": "668", "maxspeed": null, "bridge": null, "_key": "0", "ref": null, "access": null, "tunnel": null, "width": null}, "geometry": {"type": "LineString", "coordinates": [[19.127867300000002, 47.434963500000045], [19.127911100000002, 47.434932700000005], [19.1293292, 47.433939100000046], [19.129345900000004, 47.43392610000003], [19.129386599999997, 47.43389470000002]]}}, {"id": "(668, 678, 0)", "type": "Feature", "properties": {"_status": "original", "osmid": 1189, "highway": "tertiary", "lanes": "2", "name": "Temesv\u00e1r utca", "oneway": false, "reversed": false, "length": 67.27938113513635, "from": "678", "to": "668", "maxspeed": "50", "bridge": null, "_key": "0", "ref": null, "access": null, "tunnel": null, "width": null}, "geometry": {"type": "LineString", "coordinates": [[19.130035000000003, 47.4343115], [19.1299909, 47.43428320000003], [19.129386599999997, 47.43389470000002]]}}, {"id": "(694, 678, 0)", "type": "Feature", "properties": {"_status": "original", "osmid": 1193, "highway": "residential", "lanes": null, "name": "Kakast\u00f3 utca", "oneway": false, "reversed": false, "length": 67.37880360846209, "from": "694", "to": "678", "maxspeed": null, "bridge": null, "_key": "0", "ref": null, "access": null, "tunnel": null, "width": null}, "geometry": {"type": "LineString", "coordinates": [[19.1306586, 47.43387650000002], [19.13061319999999, 47.43390800000003], [19.130096600000005, 47.43426690000001], [19.130078400000002, 47.43428010000001], [19.130035000000003, 47.4343115]]}}, {"id": "(694, 702, 0)", "type": "Feature", "properties": {"_status": "original", "osmid": 1194, "highway": "residential", "lanes": null, "name": "Szatm\u00e1r utca", "oneway": false, "reversed": true, "length": 76.24441120540511, "from": "694", "to": "702", "maxspeed": null, "bridge": null, "_key": "0", "ref": null, "access": null, "tunnel": null, "width": null}, "geometry": {"type": "LineString", "coordinates": [[19.1306586, 47.43387650000002], [19.130715599999988, 47.43391450000006], [19.131319099999995, 47.434320200000045], [19.131380599999996, 47.43435770000001]]}}, {"id": "(694, 719, 0)", "type": "Feature", "properties": {"_status": "original", "osmid": 1195, "highway": "residential", "lanes": null, "name": "Kakast\u00f3 utca", "oneway": false, "reversed": false, "length": 177.89697547034137, "from": "719", "to": "694", "maxspeed": null, "bridge": null, "_key": "0", "ref": null, "access": null, "tunnel": null, "width": null}, "geometry": {"type": "LineString", "coordinates": [[19.1323214, 47.43273879999999], [19.132198499999994, 47.43282090000002], [19.1321297, 47.43286860000006], [19.130698, 47.433849400000014], [19.1306586, 47.43387650000002]]}}, {"id": "(673, 700, 0)", "type": "Feature", "properties": {"_status": "original", "osmid": 916, "highway": "residential", "lanes": null, "name": "Nagyk\u00e1roly utca", "oneway": false, "reversed": false, "length": 162.6719864873476, "from": "673", "to": "700", "maxspeed": null, "bridge": null, "_key": "0", "ref": null, "access": null, "tunnel": null, "width": null}, "geometry": {"type": "LineString", "coordinates": [[19.129400199999996, 47.43285670000006], [19.129405400000003, 47.43279640000006], [19.1294498, 47.43275050000005], [19.130817300000004, 47.431814600000024], [19.130850299999995, 47.43179200000005]]}}, {"id": "(673, 719, 0)", "type": "Feature", "properties": {"_status": "original", "osmid": 1215, "highway": "tertiary", "lanes": null, "name": "Szil\u00e1gys\u00e1g utca", "oneway": false, "reversed": false, "length": 220.11878030622174, "from": "673", "to": "719", "maxspeed": null, "bridge": null, "_key": "0", "ref": null, "access": null, "tunnel": null, "width": null}, "geometry": {"type": "LineString", "coordinates": [[19.129400199999996, 47.43285670000006], [19.1323214, 47.43273879999999]]}}, {"id": "(664, 683, 0)", "type": "Feature", "properties": {"_status": "changed", "osmid": 121, "highway": "residential", "lanes": null, "name": "Nagyv\u00e1rad utca", "oneway": false, "reversed": false, "length": 107.00651577586456, "from": "664", "to": "683", "maxspeed": "30", "bridge": null, "_key": "0", "ref": null, "access": null, "tunnel": null, "width": "6"}, "geometry": {"type": "LineString", "coordinates": [[19.12981399999999, 47.43832910000005], [19.130003144549192, 47.43837437696632], [19.130108299999993, 47.438517700000055], [19.131140800000004, 47.43917980000003]]}}, {"id": "(664, 645, 0)", "type": "Feature", "properties": {"_status": "original", "osmid": 122, "highway": "residential", "lanes": null, "name": "Losonc utca", "oneway": false, "reversed": true, "length": 85.17775340161802, "from": "664", "to": "645", "maxspeed": "30", "bridge": null, "_key": "0", "ref": null, "access": null, "tunnel": null, "width": "6"}, "geometry": {"type": "LineString", "coordinates": [[19.12981399999999, 47.43832910000005], [19.128951099999995, 47.438330699999995], [19.128901200000005, 47.43836910000007], [19.128819599999996, 47.43843000000002], [19.128796699999988, 47.43844710000005], [19.1287705, 47.43846610000003]]}}, {"id": "(664, 704, 0)", "type": "Feature", "properties": {"_status": "changed", "osmid": 123, "highway": "residential", "lanes": null, "name": "Losonc utca", "oneway": false, "reversed": true, "length": 25.5644255177227, "from": "704", "to": "664", "maxspeed": "30", "bridge": null, "_key": "0", "ref": null, "access": null, "tunnel": null, "width": "6"}, "geometry": {"type": "LineString", "coordinates": [[19.1321826, 47.43838720000002], [19.1301532, 47.43834390000004], [19.12981399999999, 47.43832910000005]]}}, {"id": "(664, 686, 0)", "type": "Feature", "properties": {"_status": "original", "osmid": 124, "highway": "residential", "lanes": null, "name": "Trencs\u00e9n utca", "oneway": false, "reversed": true, "length": 120.01222613172263, "from": "686", "to": "664", "maxspeed": "30", "bridge": null, "_key": "0", "ref": null, "access": null, "tunnel": null, "width": "6"}, "geometry": {"type": "LineString", "coordinates": [[19.130914399999998, 47.437547599999995], [19.130874500000004, 47.437576100000015], [19.1299273, 47.438251900000054], [19.12984549999999, 47.43830560000004], [19.12981399999999, 47.43832910000005]]}}, {"id": "(683, 696, 0)", "type": "Feature", "properties": {"_status": "original", "osmid": 125, "highway": "residential", "lanes": null, "name": "Nagyv\u00e1rad utca", "oneway": false, "reversed": true, "length": 67.06724305339054, "from": "683", "to": "696", "maxspeed": "30", "bridge": null, "_key": "0", "ref": null, "access": null, "tunnel": null, "width": "6"}, "geometry": {"type": "LineString", "coordinates": [[19.131140800000004, 47.43917980000003], [19.131734600000005, 47.43956660000003], [19.131783799999997, 47.439597700000014]]}}, {"id": "(683, 706, 0)", "type": "Feature", "properties": {"_status": "original", "osmid": 126, "highway": "residential", "lanes": null, "name": "Vereckei utca", "oneway": false, "reversed": true, "length": 123.95459727527998, "from": "683", "to": "706", "maxspeed": "30", "bridge": null, "_key": "0", "ref": null, "access": null, "tunnel": null, "width": "6"}, "geometry": {"type": "LineString", "coordinates": [[19.131140800000004, 47.43917980000003], [19.1311752, 47.43915890000001], [19.132219699999997, 47.438444500000045], [19.1323017, 47.43838860000007]]}}, {"id": "(645, 642, 0)", "type": "Feature", "properties": {"_status": "original", "osmid": 1042, "highway": "residential", "lanes": null, "name": "Magyar utca", "oneway": false, "reversed": false, "length": 21.185528030953957, "from": "645", "to": "642", "maxspeed": "30", "bridge": null, "_key": "0", "ref": null, "access": null, "tunnel": null, "width": "7"}, "geometry": {"type": "LineString", "coordinates": [[19.1287705, 47.43846610000003], [19.1286381, 47.4383864], [19.128614599999995, 47.43837260000002], [19.128560399999998, 47.43833920000002]]}}, {"id": "(645, 653, 0)", "type": "Feature", "properties": {"_status": "original", "osmid": 1046, "highway": "residential", "lanes": null, "name": "Magyar utca", "oneway": false, "reversed": false, "length": 46.6418606002006, "from": "653", "to": "645", "maxspeed": "30", "bridge": null, "_key": "0", "ref": null, "access": null, "tunnel": null, "width": "7"}, "geometry": {"type": "LineString", "coordinates": [[19.129216799999995, 47.438757200000026], [19.129187399999992, 47.43873750000004], [19.128905900000003, 47.43854900000003], [19.128848700000002, 47.438515100000046], [19.1287705, 47.43846610000003]]}}, {"id": "(704, 706, 0)", "type": "Feature", "properties": {"_status": "original", "osmid": 127, "highway": "residential", "lanes": null, "name": "Losonc utca", "oneway": false, "reversed": false, "length": 8.958914098840951, "from": "704", "to": "706", "maxspeed": "30", "bridge": null, "_key": "0", "ref": null, "access": null, "tunnel": null, "width": "6"}, "geometry": {"type": "LineString", "coordinates": [[19.1321826, 47.43838720000002], [19.1323017, 47.43838860000007]]}}, {"id": "(704, 686, 0)", "type": "Feature", "properties": {"_status": "original", "osmid": 128, "highway": "residential", "lanes": null, "name": "Ipolys\u00e1g utca", "oneway": false, "reversed": true, "length": 133.4684257662961, "from": "704", "to": "686", "maxspeed": "30", "bridge": null, "_key": "0", "ref": null, "access": null, "tunnel": null, "width": "6"}, "geometry": {"type": "LineString", "coordinates": [[19.1321826, 47.43838720000002], [19.130914399999998, 47.437547599999995]]}}, {"id": "(686, 675, 0)", "type": "Feature", "properties": {"_status": "original", "osmid": 1057, "highway": "residential", "lanes": null, "name": "Ipolys\u00e1g utca", "oneway": false, "reversed": true, "length": 65.59445162192603, "from": "686", "to": "675", "maxspeed": "30", "bridge": null, "_key": "0", "ref": null, "access": null, "tunnel": null, "width": "6"}, "geometry": {"type": "LineString", "coordinates": [[19.130914399999998, 47.437547599999995], [19.130353899999996, 47.43719059999999], [19.130334600000005, 47.437178300000035], [19.130278499999992, 47.43714389999998]]}}, {"id": "(696, 721, 0)", "type": "Feature", "properties": {"_status": "original", "osmid": 988, "highway": "residential", "lanes": null, "name": "F\u00e1s utca", "oneway": false, "reversed": true, "length": 183.76245211700945, "from": "696", "to": "721", "maxspeed": "30", "bridge": null, "_key": "0", "ref": null, "access": null, "tunnel": null, "width": "6"}, "geometry": {"type": "LineString", "coordinates": [[19.131783799999997, 47.439597700000014], [19.131817899999994, 47.43957200000005], [19.133202300000004, 47.43859340000005], [19.1334718, 47.438402900000014]]}}, {"id": "(696, 682, 0)", "type": "Feature", "properties": {"_status": "original", "osmid": 1010, "highway": "residential", "lanes": null, "name": "F\u00e1s utca", "oneway": false, "reversed": true, "length": 66.27211063580168, "from": "682", "to": "696", "maxspeed": "30", "bridge": null, "_key": "0", "ref": null, "access": null, "tunnel": null, "width": "6"}, "geometry": {"type": "LineString", "coordinates": [[19.131179799999995, 47.4400316], [19.13122019999999, 47.44000280000004], [19.131741300000005, 47.43962560000002], [19.131783799999997, 47.439597700000014]]}}, {"id": "(696, 703, 0)", "type": "Feature", "properties": {"_status": "original", "osmid": 1009, "highway": "residential", "lanes": null, "name": "Nagyv\u00e1rad utca", "oneway": false, "reversed": false, "length": 67.9317492876121, "from": "703", "to": "696", "maxspeed": "30", "bridge": null, "_key": "0", "ref": null, "access": null, "tunnel": null, "width": "6"}, "geometry": {"type": "LineString", "coordinates": [[19.132437899999996, 47.440019000000035], [19.131821200000008, 47.43962270000002], [19.131783799999997, 47.439597700000014]]}}, {"id": "(706, 721, 0)", "type": "Feature", "properties": {"_status": "original", "osmid": 989, "highway": "residential", "lanes": null, "name": "Losonc utca", "oneway": false, "reversed": false, "length": 88.01807633888303, "from": "706", "to": "721", "maxspeed": "30", "bridge": null, "_key": "0", "ref": null, "access": null, "tunnel": null, "width": "6"}, "geometry": {"type": "LineString", "coordinates": [[19.1323017, 47.43838860000007], [19.133006800000004, 47.43839720000004], [19.13302669999999, 47.43839740000004], [19.1333663, 47.43840160000002], [19.1334718, 47.438402900000014]]}}, {"id": "(698, 708, 0)", "type": "Feature", "properties": {"_status": "changed", "osmid": 129, "highway": "tertiary", "lanes": "2", "name": "Temesv\u00e1r utca", "oneway": false, "reversed": true, "length": 53.924343544779965, "from": "698", "to": "708", "maxspeed": "50", "bridge": null, "_key": "0", "ref": null, "access": null, "tunnel": null, "width": null}, "geometry": {"type": "LineString", "coordinates": [[19.131382899999995, 47.435204200000044], [19.131910299999994, 47.435532700000046], [19.132175993604072, 47.43564504929155]]}}, {"id": "(698, 690, 0)", "type": "Feature", "properties": {"_status": "original", "osmid": 130, "highway": "tertiary", "lanes": "2", "name": "Temesv\u00e1r utca", "oneway": false, "reversed": false, "length": 67.44610557682522, "from": "698", "to": "690", "maxspeed": "50", "bridge": null, "_key": "0", "ref": null, "access": null, "tunnel": null, "width": null}, "geometry": {"type": "LineString", "coordinates": [[19.131382899999995, 47.435204200000044], [19.130770700000003, 47.434807000000056], [19.130735799999997, 47.434784300000025]]}}, {"id": "(698, 671, 0)", "type": "Feature", "properties": {"_status": "original", "osmid": 131, "highway": "residential", "lanes": null, "name": "Erd\u00e9lyi utca", "oneway": false, "reversed": false, "length": 163.98255145306888, "from": "671", "to": "698", "maxspeed": null, "bridge": null, "_key": "0", "ref": null, "access": null, "tunnel": null, "width": null}, "geometry": {"type": "LineString", "coordinates": [[19.129876199999998, 47.43627010000003], [19.129916199999993, 47.43624179999998], [19.131322699999995, 47.435246799999994], [19.131340899999998, 47.43523390000003], [19.131382899999995, 47.435204200000044]]}}, {"id": "(708, 711, 0)", "type": "Feature", "properties": {"_status": "changed", "osmid": 132, "highway": "residential", "lanes": null, "name": "Szatm\u00e1r utca", "oneway": false, "reversed": false, "length": 89.35680367271557, "from": "708", "to": "711", "maxspeed": null, "bridge": null, "_key": "0", "ref": null, "access": null, "tunnel": null, "width": null}, "geometry": {"type": "LineString", "coordinates": [[19.132175993604072, 47.43564504929155], [19.132194700000003, 47.43560670000004], [19.132187799999997, 47.43551290000006], [19.132185099999994, 47.43548450000004], [19.132124100000002, 47.43488000000001], [19.132108000000002, 47.43484020000002], [19.1320775, 47.434813099999985]]}}, {"id": "(708, 714, 0)", "type": "Feature", "properties": {"_status": "new", "osmid": 133, "highway": null, "lanes": null, "name": null, "oneway": null, "reversed": null, "length": null, "from": "708", "to": "714", "maxspeed": null, "bridge": null, "_key": "0", "ref": null, "access": null, "tunnel": null, "width": null}, "geometry": {"type": "LineString", "coordinates": [[19.132175993604072, 47.43564504929155], [19.132291333642375, 47.43571955434141]]}}, {"id": "(690, 662, 0)", "type": "Feature", "properties": {"_status": "original", "osmid": 1080, "highway": "residential", "lanes": null, "name": "B\u00e1cska utca", "oneway": false, "reversed": false, "length": 164.412028659802, "from": "662", "to": "690", "maxspeed": null, "bridge": null, "_key": "0", "ref": null, "access": null, "tunnel": null, "width": null}, "geometry": {"type": "LineString", "coordinates": [[19.129209800000005, 47.43584290000005], [19.129258499999995, 47.43581180000004], [19.130666299999998, 47.43483270000002], [19.130680899999998, 47.434822500000045], [19.130735799999997, 47.434784300000025]]}}, {"id": "(690, 678, 0)", "type": "Feature", "properties": {"_status": "original", "osmid": 1191, "highway": "tertiary", "lanes": "2", "name": "Temesv\u00e1r utca", "oneway": false, "reversed": true, "length": 74.44734531186906, "from": "678", "to": "690", "maxspeed": "50", "bridge": null, "_key": "0", "ref": null, "access": null, "tunnel": null, "width": null}, "geometry": {"type": "LineString", "coordinates": [[19.130035000000003, 47.4343115], [19.130081899999997, 47.43434310000005], [19.130687599999998, 47.434751700000064], [19.130735799999997, 47.434784300000025]]}}, {"id": "(671, 641, 0)", "type": "Feature", "properties": {"_status": "original", "osmid": 1053, "highway": "residential", "lanes": null, "name": "Erd\u00e9lyi utca", "oneway": false, "reversed": true, "length": 163.25290083693966, "from": "671", "to": "641", "maxspeed": null, "bridge": null, "_key": "0", "ref": null, "access": null, "tunnel": null, "width": null}, "geometry": {"type": "LineString", "coordinates": [[19.129876199999998, 47.43627010000003], [19.129846199999996, 47.43629080000001], [19.128390400000004, 47.43729380000003], [19.128354899999994, 47.4373173]]}}, {"id": "(671, 662, 0)", "type": "Feature", "properties": {"_status": "original", "osmid": 1079, "highway": "residential", "lanes": null, "name": "Kassa utca", "oneway": false, "reversed": false, "length": 69.05742057969542, "from": "671", "to": "662", "maxspeed": null, "bridge": null, "_key": "0", "ref": null, "access": null, "tunnel": null, "width": "6"}, "geometry": {"type": "LineString", "coordinates": [[19.129876199999998, 47.43627010000003], [19.129831599999992, 47.436240200000015], [19.129250799999994, 47.43586900000003], [19.129209800000005, 47.43584290000005]]}}, {"id": "(671, 684, 0)", "type": "Feature", "properties": {"_status": "original", "osmid": 1013, "highway": "residential", "lanes": null, "name": "Kassa utca", "oneway": false, "reversed": false, "length": 88.98028839729139, "from": "684", "to": "671", "maxspeed": null, "bridge": null, "_key": "0", "ref": null, "access": null, "tunnel": null, "width": "6"}, "geometry": {"type": "LineString", "coordinates": [[19.1307459, 47.43681250000004], [19.1306881, 47.43677590000003], [19.130636499999998, 47.43674400000003], [19.1299176, 47.43629330000002], [19.129876199999998, 47.43627010000003]]}}, {"id": "(711, 702, 0)", "type": "Feature", "properties": {"_status": "original", "osmid": 134, "highway": "residential", "lanes": null, "name": "Szatm\u00e1r utca", "oneway": false, "reversed": true, "length": 72.88258423133581, "from": "702", "to": "711", "maxspeed": null, "bridge": null, "_key": "0", "ref": null, "access": null, "tunnel": null, "width": null}, "geometry": {"type": "LineString", "coordinates": [[19.131380599999996, 47.43435770000001], [19.1320775, 47.434813099999985]]}}, {"id": "(711, 732, 0)", "type": "Feature", "properties": {"_status": "original", "osmid": 135, "highway": "residential", "lanes": null, "name": "K\u00e9sm\u00e1rk utca", "oneway": false, "reversed": false, "length": 172.61664108857656, "from": "732", "to": "711", "maxspeed": null, "bridge": null, "_key": "0", "ref": null, "access": null, "tunnel": null, "width": null}, "geometry": {"type": "LineString", "coordinates": [[19.133676900000005, 47.433700500000036], [19.133621399999996, 47.43373090000003], [19.132139100000007, 47.43477540000004], [19.1320775, 47.434813099999985]]}}, {"id": "(714, 689, 0)", "type": "Feature", "properties": {"_status": "changed", "osmid": 136, "highway": "tertiary", "lanes": "2", "name": "M\u00e1rt\u00edrok \u00fatja", "oneway": false, "reversed": true, "length": 145.9190407107699, "from": "714", "to": "689", "maxspeed": null, "bridge": null, "_key": "0", "ref": null, "access": null, "tunnel": null, "width": null}, "geometry": {"type": "LineString", "coordinates": [[19.132291333642375, 47.43571955434141], [19.1322351, 47.435760200000054], [19.132184999999993, 47.43579630000006], [19.131615199999995, 47.43619620000005], [19.131238399999994, 47.4364651], [19.1311378, 47.43653689999999], [19.130895800000005, 47.43670960000002]]}}, {"id": "(714, 723, 0)", "type": "Feature", "properties": {"_status": "changed", "osmid": 137, "highway": "tertiary", "lanes": "2", "name": "M\u00e1rt\u00edrok \u00fatja", "oneway": false, "reversed": true, "length": 96.01785864995958, "from": "723", "to": "714", "maxspeed": null, "bridge": null, "_key": "0", "ref": null, "access": null, "tunnel": null, "width": null}, "geometry": {"type": "LineString", "coordinates": [[19.133211699999997, 47.4350529], [19.132626600000002, 47.435467200000026], [19.132514499999996, 47.43556060000004], [19.132340799999998, 47.43568380000002], [19.132291333642375, 47.43571955434141]]}}, {"id": "(702, 724, 0)", "type": "Feature", "properties": {"_status": "original", "osmid": 1225, "highway": "residential", "lanes": null, "name": "Rozsny\u00f3 utca", "oneway": false, "reversed": false, "length": 178.6619105613287, "from": "724", "to": "702", "maxspeed": null, "bridge": null, "_key": "0", "ref": null, "access": null, "tunnel": null, "width": null}, "geometry": {"type": "LineString", "coordinates": [[19.1330269, 47.43319950000001], [19.132972900000002, 47.433238800000034], [19.131424299999995, 47.434326400000046], [19.131380599999996, 47.43435770000001]]}}, {"id": "(732, 739, 0)", "type": "Feature", "properties": {"_status": "new", "osmid": 150, "highway": null, "lanes": null, "name": null, "oneway": null, "reversed": null, "length": null, "from": "732", "to": "739", "maxspeed": null, "bridge": null, "_key": "0", "ref": null, "access": null, "tunnel": null, "width": null}, "geometry": {"type": "LineString", "coordinates": [[19.133676900000005, 47.433700500000036], [19.13381906604354, 47.43378667084936], [19.13397823589962, 47.43437433977339], [19.134122899999994, 47.43440510000007]]}}, {"id": "(732, 724, 0)", "type": "Feature", "properties": {"_status": "original", "osmid": 1226, "highway": "residential", "lanes": null, "name": "M\u00e1ty\u00e1s kir\u00e1ly t\u00e9r", "oneway": false, "reversed": false, "length": 75.33105443133861, "from": "724", "to": "732", "maxspeed": null, "bridge": null, "_key": "0", "ref": null, "access": null, "tunnel": null, "width": null}, "geometry": {"type": "LineString", "coordinates": [[19.1330269, 47.43319950000001], [19.13366660000001, 47.43364330000002], [19.133676900000005, 47.433700500000036]]}}, {"id": "(689, 721, 0)", "type": "Feature", "properties": {"_status": "original", "osmid": 138, "highway": "residential", "lanes": null, "name": "Rimaszombat utca", "oneway": false, "reversed": false, "length": 270.16661445479747, "from": "689", "to": "721", "maxspeed": null, "bridge": null, "_key": "0", "ref": null, "access": null, "tunnel": null, "width": "7"}, "geometry": {"type": "LineString", "coordinates": [[19.130895800000005, 47.43670960000002], [19.1309456, 47.43674310000002], [19.130969299999997, 47.43675970000003], [19.1313068, 47.436982399999984], [19.1313604, 47.437017600000004], [19.132786800000005, 47.43795350000002], [19.133416499999992, 47.438366600000066], [19.1334718, 47.438402900000014]]}}, {"id": "(689, 684, 0)", "type": "Feature", "properties": {"_status": "original", "osmid": 139, "highway": "tertiary", "lanes": "2", "name": "M\u00e1rt\u00edrok \u00fatja", "oneway": false, "reversed": false, "length": 16.063396960180597, "from": "684", "to": "689", "maxspeed": null, "bridge": null, "_key": "0", "ref": null, "access": null, "tunnel": null, "width": null}, "geometry": {"type": "LineString", "coordinates": [[19.1307459, 47.43681250000004], [19.1308675, 47.43672880000003], [19.130895800000005, 47.43670960000002]]}}, {"id": "(723, 731, 0)", "type": "Feature", "properties": {"_status": "original", "osmid": 140, "highway": "residential", "lanes": null, "name": "Kulcs\u00e1r utca", "oneway": false, "reversed": true, "length": 393.0795405084778, "from": "723", "to": "731", "maxspeed": null, "bridge": null, "_key": "0", "ref": null, "access": null, "tunnel": null, "width": null}, "geometry": {"type": "LineString", "coordinates": [[19.133211699999997, 47.4350529], [19.133281999999994, 47.435095200000035], [19.133314699999996, 47.43511480000004], [19.1335927, 47.435298600000024], [19.1336511, 47.435358500000035], [19.133687899999998, 47.435409300000046], [19.133712799999998, 47.43546440000001], [19.133734199999996, 47.43553120000002], [19.133836600000002, 47.43592320000002], [19.1341105, 47.43707590000005], [19.134285699999996, 47.4378129], [19.134334499999994, 47.4380191], [19.134429499999996, 47.43841770000001]]}}, {"id": "(723, 739, 0)", "type": "Feature", "properties": {"_status": "changed", "osmid": 141, "highway": "tertiary", "lanes": null, "name": "M\u00e1rt\u00edrok \u00fatja", "oneway": false, "reversed": true, "length": 74.35249904301608, "from": "739", "to": "723", "maxspeed": null, "bridge": null, "_key": "0", "ref": null, "access": null, "tunnel": null, "width": null}, "geometry": {"type": "LineString", "coordinates": [[19.134122899999994, 47.43440510000007], [19.13388859999999, 47.43456560000006], [19.1335108, 47.4348359], [19.133211699999997, 47.4350529]]}}, {"id": "(721, 731, 0)", "type": "Feature", "properties": {"_status": "original", "osmid": 370, "highway": "residential", "lanes": null, "name": null, "oneway": false, "reversed": true, "length": 72.04846465227467, "from": "721", "to": "731", "maxspeed": null, "bridge": null, "_key": "0", "ref": null, "access": null, "tunnel": null, "width": "6"}, "geometry": {"type": "LineString", "coordinates": [[19.1334718, 47.438402900000014], [19.133522800000005, 47.43840420000002], [19.133543500000002, 47.43840470000002], [19.13418289999999, 47.438414499999986], [19.134429499999996, 47.43841770000001]]}}, {"id": "(721, 727, 0)", "type": "Feature", "properties": {"_status": "original", "osmid": 987, "highway": "residential", "lanes": null, "name": "Rimaszombat utca", "oneway": false, "reversed": false, "length": 70.56773147303069, "from": "721", "to": "727", "maxspeed": null, "bridge": null, "_key": "0", "ref": null, "access": null, "tunnel": null, "width": "7"}, "geometry": {"type": "LineString", "coordinates": [[19.1334718, 47.438402900000014], [19.133540000000004, 47.43844610000001], [19.133699399999994, 47.43854150000004], [19.1341728, 47.43882470000001]]}}, {"id": "(684, 675, 0)", "type": "Feature", "properties": {"_status": "original", "osmid": 1012, "highway": "tertiary", "lanes": "2", "name": "M\u00e1rt\u00edrok \u00fatja", "oneway": false, "reversed": true, "length": 50.92910342998286, "from": "684", "to": "675", "maxspeed": null, "bridge": null, "_key": "0", "ref": null, "access": null, "tunnel": null, "width": null}, "geometry": {"type": "LineString", "coordinates": [[19.1307459, 47.43681250000004], [19.130707600000004, 47.43684020000003], [19.130278499999992, 47.43714389999998]]}}, {"id": "(731, 745, 0)", "type": "Feature", "properties": {"_status": "original", "osmid": 364, "highway": "residential", "lanes": null, "name": null, "oneway": false, "reversed": false, "length": 52.50365522634074, "from": "731", "to": "745", "maxspeed": null, "bridge": null, "_key": "0", "ref": null, "access": null, "tunnel": null, "width": "6"}, "geometry": {"type": "LineString", "coordinates": [[19.134429499999996, 47.43841770000001], [19.135127100000002, 47.438435400000046]]}}, {"id": "(739, 740, 0)", "type": "Feature", "properties": {"_status": "original", "osmid": 148, "highway": "residential", "lanes": null, "name": "Vas\u00fat sor", "oneway": false, "reversed": true, "length": 135.1598163685765, "from": "739", "to": "740", "maxspeed": null, "bridge": null, "_key": "0", "ref": null, "access": null, "tunnel": null, "width": "6"}, "geometry": {"type": "LineString", "coordinates": [[19.134122899999994, 47.43440510000007], [19.134133599999995, 47.434445300000014], [19.134145499999992, 47.43448990000004], [19.134433699999995, 47.43560230000008]]}}, {"id": "(739, 738, 0)", "type": "Feature", "properties": {"_status": "changed", "osmid": 149, "highway": "residential", "lanes": null, "name": "M\u00e1ty\u00e1s kir\u00e1ly t\u00e9r", "oneway": false, "reversed": false, "length": 37.75980613272599, "from": "738", "to": "739", "maxspeed": null, "bridge": null, "_key": "0", "ref": null, "access": null, "tunnel": null, "width": "6"}, "geometry": {"type": "LineString", "coordinates": [[19.133840199999995, 47.43337390000003], [19.133917800000003, 47.433709400000026], [19.1340086, 47.4340094], [19.1340954, 47.43429610000003], [19.134102, 47.43432070000004], [19.134122899999994, 47.43440510000007]]}}, {"id": "(739, 746, 0)", "type": "Feature", "properties": {"_status": "original", "osmid": 151, "highway": "tertiary", "lanes": null, "name": "M\u00e1rt\u00edrok \u00fatja", "oneway": false, "reversed": true, "length": 43.285950098621534, "from": "746", "to": "739", "maxspeed": null, "bridge": null, "_key": "0", "ref": null, "access": null, "tunnel": null, "width": null}, "geometry": {"type": "LineString", "coordinates": [[19.13451789999999, 47.434121999999995], [19.134484199999996, 47.434146600000005], [19.134122899999994, 47.43440510000007]]}}, {"id": "(726, 742, 0)", "type": "Feature", "properties": {"_status": "changed", "osmid": 142, "highway": "residential", "lanes": null, "name": "Radn\u00f3 utca", "oneway": true, "reversed": false, "length": 21.10331695534949, "from": "726", "to": "742", "maxspeed": null, "bridge": null, "_key": "0", "ref": null, "access": null, "tunnel": null, "width": "5"}, "geometry": {"type": "LineString", "coordinates": [[19.134483199999995, 47.44063780000001], [19.134577699999998, 47.440459100000034], [19.135194299999995, 47.43951210000002]]}}, {"id": "(726, 730, 0)", "type": "Feature", "properties": {"_status": "original", "osmid": 143, "highway": "residential", "lanes": null, "name": null, "oneway": false, "reversed": false, "length": 30.528823461989155, "from": "726", "to": "730", "maxspeed": null, "bridge": null, "_key": "0", "ref": null, "access": null, "tunnel": null, "width": null}, "geometry": {"type": "LineString", "coordinates": [[19.134483199999995, 47.44063780000001], [19.134684099999994, 47.44077710000001], [19.1347274, 47.44080710000003], [19.13476669999999, 47.44083430000002]]}}, {"id": "(726, 722, 0)", "type": "Feature", "properties": {"_status": "original", "osmid": 144, "highway": "residential", "lanes": null, "name": "Radn\u00f3 utca", "oneway": false, "reversed": true, "length": 56.588717404958324, "from": "726", "to": "722", "maxspeed": null, "bridge": null, "_key": "0", "ref": null, "access": null, "tunnel": null, "width": "7"}, "geometry": {"type": "LineString", "coordinates": [[19.134483199999995, 47.44063780000001], [19.134313899999995, 47.440755200000005], [19.133958100000005, 47.441002299999994]]}}, {"id": "(742, 735, 0)", "type": "Feature", "properties": {"_status": "changed", "osmid": 145, "highway": "residential", "lanes": null, "name": "Par\u00e1ny utca", "oneway": false, "reversed": true, "length": 27.32084125354941, "from": "735", "to": "742", "maxspeed": "50", "bridge": null, "_key": "0", "ref": null, "access": null, "tunnel": null, "width": "7"}, "geometry": {"type": "LineString", "coordinates": [[19.134811400000007, 47.43925420000003], [19.134936199999995, 47.43933920000002], [19.135194299999995, 47.43951210000002]]}}, {"id": "(742, 749, 0)", "type": "Feature", "properties": {"_status": "original", "osmid": 146, "highway": "residential", "lanes": null, "name": "Par\u00e1ny utca", "oneway": false, "reversed": false, "length": 86.07022088694993, "from": "749", "to": "742", "maxspeed": "50", "bridge": null, "_key": "0", "ref": null, "access": null, "tunnel": null, "width": "7"}, "geometry": {"type": "LineString", "coordinates": [[19.136031, 47.44004020000003], [19.135905099999995, 47.43996080000004], [19.135194299999995, 47.43951210000002]]}}, {"id": "(742, 745, 0)", "type": "Feature", "properties": {"_status": "original", "osmid": 147, "highway": "residential", "lanes": null, "name": "Radn\u00f3 utca", "oneway": true, "reversed": false, "length": 120.50474046468285, "from": "745", "to": "742", "maxspeed": null, "bridge": null, "_key": "0", "ref": null, "access": null, "tunnel": null, "width": "5"}, "geometry": {"type": "LineString", "coordinates": [[19.135127100000002, 47.438435400000046], [19.135165399999995, 47.43857930000001], [19.135247399999994, 47.4390355], [19.135194299999995, 47.43951210000002]]}}, {"id": "(730, 749, 0)", "type": "Feature", "properties": {"_status": "original", "osmid": 351, "highway": "residential", "lanes": ["1", "2"], "name": "Nagyk\u0151r\u00f6si \u00fat", "oneway": true, "reversed": false, "length": 129.76911787768242, "from": "730", "to": "749", "maxspeed": "50", "bridge": null, "_key": "0", "ref": null, "access": null, "tunnel": null, "width": "4"}, "geometry": {"type": "LineString", "coordinates": [[19.13476669999999, 47.44083430000002], [19.135176200000004, 47.44058050000001], [19.1353697, 47.44045270000004], [19.136031, 47.44004020000003]]}}, {"id": "(730, 716, 0)", "type": "Feature", "properties": {"_status": "original", "osmid": 348, "highway": "residential", "lanes": "2", "name": "Nagyk\u0151r\u00f6si \u00fat", "oneway": true, "reversed": false, "length": 122.17515147745111, "from": "716", "to": "730", "maxspeed": "50", "bridge": null, "_key": "0", "ref": null, "access": null, "tunnel": null, "width": null}, "geometry": {"type": "LineString", "coordinates": [[19.1336048, 47.4416022], [19.133824200000003, 47.441455699999985], [19.134455999999993, 47.441041000000034], [19.13476669999999, 47.44083430000002]]}}, {"id": "(722, 715, 0)", "type": "Feature", "properties": {"_status": "original", "osmid": 352, "highway": "residential", "lanes": null, "name": "Radn\u00f3 utca", "oneway": false, "reversed": true, "length": 66.43986369503699, "from": "722", "to": "715", "maxspeed": null, "bridge": null, "_key": "0", "ref": null, "access": null, "tunnel": null, "width": "7"}, "geometry": {"type": "LineString", "coordinates": [[19.133958100000005, 47.441002299999994], [19.1333962, 47.441391900000006], [19.1333412, 47.441430000000004]]}}, {"id": "(722, 713, 0)", "type": "Feature", "properties": {"_status": "original", "osmid": 357, "highway": "residential", "lanes": null, "name": "Nagyv\u00e1rad utca", "oneway": false, "reversed": false, "length": 90.02064120820822, "from": "722", "to": "713", "maxspeed": "30", "bridge": null, "_key": "0", "ref": null, "access": null, "tunnel": null, "width": "6"}, "geometry": {"type": "LineString", "coordinates": [[19.133958100000005, 47.441002299999994], [19.1339202, 47.440977700000026], [19.13389039999999, 47.44095830000004], [19.133094399999994, 47.44044180000004]]}}, {"id": "(735, 713, 0)", "type": "Feature", "properties": {"_status": "original", "osmid": 154, "highway": "residential", "lanes": null, "name": "Bessenyei utca", "oneway": false, "reversed": false, "length": 184.6993859912852, "from": "713", "to": "735", "maxspeed": "30", "bridge": null, "_key": "0", "ref": null, "access": null, "tunnel": null, "width": "6"}, "geometry": {"type": "LineString", "coordinates": [[19.133094399999994, 47.44044180000004], [19.133124400000003, 47.44042089999999], [19.1347517, 47.43929550000004], [19.134811400000007, 47.43925420000003]]}}, {"id": "(735, 727, 0)", "type": "Feature", "properties": {"_status": "original", "osmid": 155, "highway": "residential", "lanes": null, "name": "Rimaszombat utca", "oneway": false, "reversed": false, "length": 67.73195707357577, "from": "727", "to": "735", "maxspeed": null, "bridge": null, "_key": "0", "ref": null, "access": null, "tunnel": null, "width": "7"}, "geometry": {"type": "LineString", "coordinates": [[19.1341728, 47.43882470000001], [19.134811400000007, 47.43925420000003]]}}, {"id": "(749, 759, 0)", "type": "Feature", "properties": {"_status": "original", "osmid": 356, "highway": "residential", "lanes": "1", "name": "Nagyk\u0151r\u00f6si \u00fat", "oneway": true, "reversed": false, "length": 86.02050470545065, "from": "749", "to": "759", "maxspeed": null, "bridge": null, "_key": "0", "ref": null, "access": null, "tunnel": null, "width": "4"}, "geometry": {"type": "LineString", "coordinates": [[19.136031, 47.44004020000003], [19.136880499999997, 47.439522200000035]]}}, {"id": "(745, 759, 0)", "type": "Feature", "properties": {"_status": "original", "osmid": 361, "highway": "residential", "lanes": null, "name": "K\u00e9reg utca", "oneway": false, "reversed": true, "length": 179.32903717792922, "from": "745", "to": "759", "maxspeed": "50", "bridge": null, "_key": "0", "ref": null, "access": null, "tunnel": null, "width": null}, "geometry": {"type": "LineString", "coordinates": [[19.135127100000002, 47.438435400000046], [19.135291, 47.4384991], [19.1353591, 47.43853060000001], [19.136799399999994, 47.439466299999985], [19.136880499999997, 47.439522200000035]]}}, {"id": "(745, 747, 0)", "type": "Feature", "properties": {"_status": "original", "osmid": 365, "highway": "residential", "lanes": null, "name": "Udvarhely utca", "oneway": false, "reversed": true, "length": 36.74228170624712, "from": "747", "to": "745", "maxspeed": null, "bridge": null, "_key": "0", "ref": null, "access": null, "tunnel": null, "width": null}, "geometry": {"type": "LineString", "coordinates": [[19.135523699999997, 47.43825250000003], [19.1352582, 47.4384082], [19.135127100000002, 47.438435400000046]]}}, {"id": "(740, 741, 0)", "type": "Feature", "properties": {"_status": "original", "osmid": 1322, "highway": "residential", "lanes": null, "name": "Vas\u00fat sor", "oneway": false, "reversed": true, "length": 84.61744114301887, "from": "740", "to": "741", "maxspeed": null, "bridge": null, "_key": "0", "ref": null, "access": null, "tunnel": null, "width": "6"}, "geometry": {"type": "LineString", "coordinates": [[19.134433699999995, 47.43560230000008], [19.134618899999996, 47.43635290000003]]}}, {"id": "(740, 753, 0)", "type": "Feature", "properties": {"_status": "original", "osmid": 1324, "highway": "residential", "lanes": null, "name": "Radv\u00e1ny utca", "oneway": false, "reversed": false, "length": 122.6163328358233, "from": "753", "to": "740", "maxspeed": null, "bridge": null, "_key": "0", "ref": null, "access": null, "tunnel": null, "width": null}, "geometry": {"type": "LineString", "coordinates": [[19.135556299999998, 47.43480270000001], [19.134485899999994, 47.4355651], [19.134433699999995, 47.43560230000008]]}}, {"id": "(738, 737, 0)", "type": "Feature", "properties": {"_status": "original", "osmid": 152, "highway": "residential", "lanes": null, "name": "M\u00e1ty\u00e1s kir\u00e1ly t\u00e9r", "oneway": false, "reversed": false, "length": 79.0842252291739, "from": "738", "to": "737", "maxspeed": null, "bridge": null, "_key": "0", "ref": null, "access": null, "tunnel": null, "width": null}, "geometry": {"type": "LineString", "coordinates": [[19.133840199999995, 47.43337390000003], [19.133702699999997, 47.43274340000003], [19.133699699999998, 47.43272610000001], [19.133686799999996, 47.43267030000004]]}}, {"id": "(738, 757, 0)", "type": "Feature", "properties": {"_status": "original", "osmid": 153, "highway": "residential", "lanes": null, "name": "Zenta utca", "oneway": false, "reversed": false, "length": 143.69179130453955, "from": "738", "to": "757", "maxspeed": null, "bridge": null, "_key": "0", "ref": null, "access": null, "tunnel": null, "width": null}, "geometry": {"type": "LineString", "coordinates": [[19.133840199999995, 47.43337390000003], [19.1356351, 47.43327240000004], [19.135743899999998, 47.433266200000006]]}}, {"id": "(746, 752, 0)", "type": "Feature", "properties": {"_status": "original", "osmid": 1319, "highway": "tertiary", "lanes": null, "name": "M\u00e1rt\u00edrok \u00fatja", "oneway": false, "reversed": true, "length": 77.44402140592291, "from": "752", "to": "746", "maxspeed": null, "bridge": null, "_key": "0", "ref": null, "access": null, "tunnel": null, "width": null}, "geometry": {"type": "LineString", "coordinates": [[19.135241300000004, 47.43362640000005], [19.13451789999999, 47.434121999999995]]}}, {"id": "(746, 753, 0)", "type": "Feature", "properties": {"_status": "original", "osmid": 1326, "highway": "residential", "lanes": null, "name": "Tusn\u00e1d utca", "oneway": false, "reversed": true, "length": 108.76275783555772, "from": "753", "to": "746", "maxspeed": null, "bridge": null, "_key": "0", "ref": null, "access": null, "tunnel": null, "width": null}, "geometry": {"type": "LineString", "coordinates": [[19.135556299999998, 47.43480270000001], [19.134556899999993, 47.43414760000003], [19.13451789999999, 47.434121999999995]]}}, {"id": "(737, 768, 0)", "type": "Feature", "properties": {"_status": "original", "osmid": 1200, "highway": "tertiary", "lanes": null, "name": "Szil\u00e1gys\u00e1g utca", "oneway": false, "reversed": false, "length": 207.90757872746812, "from": "737", "to": "768", "maxspeed": null, "bridge": null, "_key": "0", "ref": null, "access": null, "tunnel": null, "width": null}, "geometry": {"type": "LineString", "coordinates": [[19.133686799999996, 47.43267030000004], [19.133798300000002, 47.432659100000045], [19.136357700000005, 47.43252910000005], [19.136441899999998, 47.43253540000003]]}}, {"id": "(737, 719, 0)", "type": "Feature", "properties": {"_status": "original", "osmid": 1203, "highway": "tertiary", "lanes": null, "name": "M\u00e1ty\u00e1s kir\u00e1ly t\u00e9r", "oneway": false, "reversed": false, "length": 103.02232977643813, "from": "719", "to": "737", "maxspeed": null, "bridge": null, "_key": "0", "ref": null, "access": null, "tunnel": null, "width": null}, "geometry": {"type": "LineString", "coordinates": [[19.1323214, 47.43273879999999], [19.132470399999995, 47.43273170000001], [19.132808599999997, 47.432715700000074], [19.1331194, 47.43270400000002], [19.133298500000002, 47.43269720000002], [19.133519600000003, 47.43268660000005], [19.133686799999996, 47.43267030000004]]}}, {"id": "(737, 736, 0)", "type": "Feature", "properties": {"_status": "original", "osmid": 1202, "highway": "residential", "lanes": null, "name": "M\u00e1ty\u00e1s kir\u00e1ly t\u00e9r", "oneway": false, "reversed": true, "length": 67.21628925964063, "from": "736", "to": "737", "maxspeed": null, "bridge": null, "_key": "0", "ref": null, "access": null, "tunnel": null, "width": null}, "geometry": {"type": "LineString", "coordinates": [[19.1335475, 47.43207320000001], [19.133666199999997, 47.43258200000001], [19.133686799999996, 47.43267030000004]]}}, {"id": "(757, 761, 0)", "type": "Feature", "properties": {"_status": "original", "osmid": 1217, "highway": "tertiary", "lanes": null, "name": "M\u00e1rt\u00edrok \u00fatja", "oneway": false, "reversed": false, "length": 20.8600786821608, "from": "757", "to": "761", "maxspeed": null, "bridge": null, "_key": "0", "ref": null, "access": null, "tunnel": null, "width": null}, "geometry": {"type": "LineString", "coordinates": [[19.135743899999998, 47.433266200000006], [19.135934299999995, 47.43312980000005]]}}, {"id": "(757, 752, 0)", "type": "Feature", "properties": {"_status": "original", "osmid": 1221, "highway": "tertiary", "lanes": null, "name": "M\u00e1rt\u00edrok \u00fatja", "oneway": false, "reversed": false, "length": 55.07600270041738, "from": "752", "to": "757", "maxspeed": null, "bridge": null, "_key": "0", "ref": null, "access": null, "tunnel": null, "width": null}, "geometry": {"type": "LineString", "coordinates": [[19.135241300000004, 47.43362640000005], [19.135743899999998, 47.433266200000006]]}}, {"id": "(713, 701, 0)", "type": "Feature", "properties": {"_status": "original", "osmid": 1003, "highway": "residential", "lanes": null, "name": "Bessenyei utca", "oneway": false, "reversed": true, "length": 66.87008321743524, "from": "713", "to": "701", "maxspeed": "30", "bridge": null, "_key": "0", "ref": null, "access": null, "tunnel": null, "width": "6"}, "geometry": {"type": "LineString", "coordinates": [[19.133094399999994, 47.44044180000004], [19.132515200000004, 47.440849799999995], [19.1324786, 47.44087560000004]]}}, {"id": "(713, 703, 0)", "type": "Feature", "properties": {"_status": "original", "osmid": 1007, "highway": "residential", "lanes": null, "name": "Nagyv\u00e1rad utca", "oneway": false, "reversed": true, "length": 68.17647710593067, "from": "703", "to": "713", "maxspeed": "30", "bridge": null, "_key": "0", "ref": null, "access": null, "tunnel": null, "width": "6"}, "geometry": {"type": "LineString", "coordinates": [[19.132437899999996, 47.440019000000035], [19.133094399999994, 47.44044180000004]]}}, {"id": "(727, 703, 0)", "type": "Feature", "properties": {"_status": "original", "osmid": 1008, "highway": "residential", "lanes": null, "name": "P\u00f6sty\u00e9n utca", "oneway": false, "reversed": false, "length": 186.1764029385886, "from": "703", "to": "727", "maxspeed": "30", "bridge": null, "_key": "0", "ref": null, "access": null, "tunnel": null, "width": "6"}, "geometry": {"type": "LineString", "coordinates": [[19.132437899999996, 47.440019000000035], [19.1324683, 47.43999770000001], [19.134086, 47.43888260000004], [19.134115499999993, 47.43886230000007], [19.134125, 47.43885610000004], [19.1341728, 47.43882470000001]]}}, {"id": "(762, 733, 0)", "type": "Feature", "properties": {"_status": "changed", "osmid": 156, "highway": "residential", "lanes": null, "name": "Kar\u00e1nsebes utca", "oneway": false, "reversed": true, "length": 115.20214257882762, "from": "762", "to": "733", "maxspeed": null, "bridge": null, "_key": "0", "ref": null, "access": null, "tunnel": null, "width": null}, "geometry": {"type": "LineString", "coordinates": [[19.135499499999995, 47.43043720000004], [19.13496689999999, 47.43045430000001], [19.1347315, 47.43046190000001], [19.133203099999996, 47.43052779999997]]}}, {"id": "(762, 754, 0)", "type": "Feature", "properties": {"_status": "original", "osmid": 157, "highway": "residential", "lanes": null, "name": "Kakast\u00f3 utca", "oneway": false, "reversed": false, "length": 54.14307571051582, "from": "762", "to": "754", "maxspeed": null, "bridge": null, "_key": "0", "ref": null, "access": null, "tunnel": null, "width": null}, "geometry": {"type": "LineString", "coordinates": [[19.135499499999995, 47.43043720000004], [19.1349873, 47.43077930000002]]}}, {"id": "(762, 780, 0)", "type": "Feature", "properties": {"_status": "original", "osmid": 158, "highway": "residential", "lanes": null, "name": "Kakast\u00f3 utca", "oneway": false, "reversed": true, "length": 157.51297703626312, "from": "780", "to": "762", "maxspeed": null, "bridge": null, "_key": "0", "ref": null, "access": null, "tunnel": null, "width": null}, "geometry": {"type": "LineString", "coordinates": [[19.1369916, 47.42944400000005], [19.13695579999999, 47.42946910000006], [19.1367747, 47.42959650000003], [19.136326300000004, 47.429911900000036], [19.135945099999994, 47.43015410000004], [19.135499499999995, 47.43043720000004]]}}, {"id": "(762, 779, 0)", "type": "Feature", "properties": {"_status": "original", "osmid": 159, "highway": "residential", "lanes": null, "name": "Kar\u00e1nsebes utca", "oneway": false, "reversed": true, "length": 119.06271713009119, "from": "779", "to": "762", "maxspeed": null, "bridge": null, "_key": "0", "ref": null, "access": null, "tunnel": null, "width": null}, "geometry": {"type": "LineString", "coordinates": [[19.1370799, 47.430385800000046], [19.136906000000003, 47.43038390000005], [19.136683899999994, 47.430387100000004], [19.1364379, 47.430395000000054], [19.135499499999995, 47.43043720000004]]}}, {"id": "(733, 728, 0)", "type": "Feature", "properties": {"_status": "original", "osmid": 160, "highway": "residential", "lanes": null, "name": "Kar\u00e1nsebes utca", "oneway": false, "reversed": true, "length": 34.494178226598954, "from": "733", "to": "728", "maxspeed": null, "bridge": null, "_key": "0", "ref": null, "access": null, "tunnel": null, "width": null}, "geometry": {"type": "LineString", "coordinates": [[19.133203099999996, 47.43052779999997], [19.13312409999999, 47.430531300000034], [19.133018099999994, 47.43053240000004], [19.132759300000007, 47.43047280000004]]}}, {"id": "(733, 734, 0)", "type": "Feature", "properties": {"_status": "original", "osmid": 161, "highway": "residential", "lanes": null, "name": "Vas\u00fat sor", "oneway": false, "reversed": false, "length": 151.1253825891911, "from": "734", "to": "733", "maxspeed": null, "bridge": null, "_key": "0", "ref": null, "access": null, "tunnel": null, "width": null}, "geometry": {"type": "LineString", "coordinates": [[19.133494799999998, 47.43187250000003], [19.133203099999996, 47.43052779999997]]}}, {"id": "(754, 748, 0)", "type": "Feature", "properties": {"_status": "original", "osmid": 1207, "highway": "residential", "lanes": null, "name": "Kakast\u00f3 utca", "oneway": false, "reversed": true, "length": 69.54514296612598, "from": "748", "to": "754", "maxspeed": null, "bridge": null, "_key": "0", "ref": null, "access": null, "tunnel": null, "width": null}, "geometry": {"type": "LineString", "coordinates": [[19.134353899999997, 47.43123490000003], [19.1349873, 47.43077930000002]]}}, {"id": "(754, 764, 0)", "type": "Feature", "properties": {"_status": "original", "osmid": 1311, "highway": "residential", "lanes": null, "name": "Orsova utca", "oneway": false, "reversed": false, "length": 85.56762008558783, "from": "764", "to": "754", "maxspeed": null, "bridge": null, "_key": "0", "ref": null, "access": null, "tunnel": null, "width": null}, "geometry": {"type": "LineString", "coordinates": [[19.1358574, 47.43127500000001], [19.1349873, 47.43077930000002]]}}, {"id": "(780, 805, 0)", "type": "Feature", "properties": {"_status": "original", "osmid": 325, "highway": "residential", "lanes": null, "name": ["Kakast\u00f3 utca", "B\u00f6l\u00f6n utca"], "oneway": false, "reversed": [false, true], "length": 319.6116408623587, "from": "780", "to": "805", "maxspeed": null, "bridge": null, "_key": "0", "ref": null, "access": null, "tunnel": null, "width": null}, "geometry": {"type": "LineString", "coordinates": [[19.1369916, 47.42944400000005], [19.137889300000005, 47.42881939999998], [19.1400383, 47.43019749999999]]}}, {"id": "(780, 797, 0)", "type": "Feature", "properties": {"_status": "original", "osmid": 407, "highway": "residential", "lanes": null, "name": "Sz\u00e9kelykereszt\u00far utca", "oneway": false, "reversed": true, "length": 223.86645289586565, "from": "780", "to": "797", "maxspeed": null, "bridge": null, "_key": "0", "ref": null, "access": null, "tunnel": null, "width": null}, "geometry": {"type": "LineString", "coordinates": [[19.1369916, 47.42944400000005], [19.1378481, 47.429942400000016], [19.1383955, 47.430260900000064], [19.139247799999996, 47.43075690000005]]}}, {"id": "(779, 764, 0)", "type": "Feature", "properties": {"_status": "original", "osmid": 1312, "highway": "residential", "lanes": null, "name": "Borsa utca", "oneway": false, "reversed": false, "length": 135.0276432725863, "from": "779", "to": "764", "maxspeed": null, "bridge": null, "_key": "0", "ref": null, "access": null, "tunnel": null, "width": null}, "geometry": {"type": "LineString", "coordinates": [[19.1370799, 47.430385800000046], [19.1358574, 47.43127500000001]]}}, {"id": "(779, 770, 0)", "type": "Feature", "properties": {"_status": "original", "osmid": 1313, "highway": "residential", "lanes": null, "name": ["Kar\u00e1nsebes utca", "Vargyas utca"], "oneway": false, "reversed": true, "length": 247.23712104104658, "from": "770", "to": "779", "maxspeed": null, "bridge": null, "_key": "0", "ref": null, "access": null, "tunnel": null, "width": null}, "geometry": {"type": "LineString", "coordinates": [[19.136568199999992, 47.43169629999999], [19.1380702, 47.43055380000003], [19.137999999999995, 47.430526700000044], [19.137896099999992, 47.430499700000006], [19.13789099999999, 47.43049870000001], [19.137689899999994, 47.43046090000005], [19.1374928, 47.43042969999999], [19.1372843, 47.43040470000003], [19.1370799, 47.430385800000046]]}}, {"id": "(728, 725, 0)", "type": "Feature", "properties": {"_status": "original", "osmid": 1308, "highway": "residential", "lanes": null, "name": "Vas\u00fat sor", "oneway": false, "reversed": true, "length": 88.11380188232742, "from": "728", "to": "725", "maxspeed": null, "bridge": null, "_key": "0", "ref": null, "access": null, "tunnel": null, "width": null}, "geometry": {"type": "LineString", "coordinates": [[19.132759300000007, 47.43047280000004], [19.13262779999999, 47.42984040000002], [19.13246549999999, 47.429732700000024]]}}, {"id": "(728, 700, 0)", "type": "Feature", "properties": {"_status": "original", "osmid": 914, "highway": "residential", "lanes": null, "name": "Nagyk\u00e1roly utca", "oneway": false, "reversed": false, "length": 205.27417249992934, "from": "700", "to": "728", "maxspeed": null, "bridge": null, "_key": "0", "ref": null, "access": null, "tunnel": null, "width": null}, "geometry": {"type": "LineString", "coordinates": [[19.130850299999995, 47.43179200000005], [19.132759300000007, 47.43047280000004]]}}, {"id": "(728, 729, 0)", "type": "Feature", "properties": {"_status": "original", "osmid": 1309, "highway": "residential", "lanes": null, "name": "Vas\u00fat sor", "oneway": false, "reversed": true, "length": 88.39504943764821, "from": "729", "to": "728", "maxspeed": null, "bridge": null, "_key": "0", "ref": null, "access": null, "tunnel": null, "width": null}, "geometry": {"type": "LineString", "coordinates": [[19.13296649999999, 47.43125530000003], [19.132759300000007, 47.43047280000004]]}}, {"id": "(734, 748, 0)", "type": "Feature", "properties": {"_status": "original", "osmid": 1208, "highway": "residential", "lanes": null, "name": "Kakast\u00f3 utca", "oneway": false, "reversed": true, "length": 95.92957945536686, "from": "734", "to": "748", "maxspeed": null, "bridge": null, "_key": "0", "ref": null, "access": null, "tunnel": null, "width": null}, "geometry": {"type": "LineString", "coordinates": [[19.133494799999998, 47.43187250000003], [19.134353899999997, 47.43123490000003]]}}, {"id": "(734, 736, 0)", "type": "Feature", "properties": {"_status": "original", "osmid": 1211, "highway": "residential", "lanes": null, "name": "M\u00e1ty\u00e1s kir\u00e1ly t\u00e9r", "oneway": false, "reversed": false, "length": 22.666182137437044, "from": "736", "to": "734", "maxspeed": null, "bridge": null, "_key": "0", "ref": null, "access": null, "tunnel": null, "width": null}, "geometry": {"type": "LineString", "coordinates": [[19.1335475, 47.43207320000001], [19.133494799999998, 47.43187250000003]]}}, {"id": "(39, 36, 0)", "type": "Feature", "properties": {"_status": "original", "osmid": 164, "highway": "residential", "lanes": null, "name": "T\u00e9glagy\u00e1rt\u00f3 utca", "oneway": false, "reversed": true, "length": 115.87932342930648, "from": "39", "to": "36", "maxspeed": null, "bridge": null, "_key": "0", "ref": null, "access": null, "tunnel": null, "width": null}, "geometry": {"type": "LineString", "coordinates": [[19.093728700000003, 47.429686200000006], [19.093592900000008, 47.429967300000044], [19.0934846, 47.43016560000004], [19.093499099999995, 47.430257200000035], [19.093495299999997, 47.43028530000002], [19.093540599999997, 47.43041730000004], [19.093573799999998, 47.430453600000014], [19.093761199999996, 47.4306532]]}}, {"id": "(39, 43, 0)", "type": "Feature", "properties": {"_status": "original", "osmid": 165, "highway": "residential", "lanes": null, "name": "K\u00f6zm\u0171helytelep utca", "oneway": false, "reversed": true, "length": 524.4088255033843, "from": "43", "to": "39", "maxspeed": "50", "bridge": null, "_key": "0", "ref": null, "access": null, "tunnel": null, "width": null}, "geometry": {"type": "LineString", "coordinates": [[19.095349000000002, 47.432729600000044], [19.0955289, 47.43243390000002], [19.095574299999996, 47.4323592], [19.095788199999998, 47.43199590000001], [19.096198299999994, 47.431299300000035], [19.096474299999997, 47.430830600000036], [19.0967569, 47.43035069999999], [19.09670699999999, 47.43033980000001], [19.096202399999992, 47.43022909999999], [19.0961518, 47.430218000000046], [19.095732199999993, 47.430125900000036], [19.095244000000005, 47.430018800000056], [19.0947585, 47.4299122], [19.093728700000003, 47.429686200000006]]}}, {"id": "(36, 37, 0)", "type": "Feature", "properties": {"_status": "original", "osmid": 818, "highway": "residential", "lanes": null, "name": "T\u00e9glagy\u00e1rt\u00f3 utca", "oneway": false, "reversed": false, "length": 167.4735197833384, "from": "36", "to": "37", "maxspeed": null, "bridge": null, "_key": "0", "ref": null, "access": null, "tunnel": null, "width": null}, "geometry": {"type": "LineString", "coordinates": [[19.093761199999996, 47.4306532], [19.093808299999992, 47.430634700000056], [19.093857800000002, 47.43061919999999], [19.093909199999995, 47.43060700000004], [19.09396209999999, 47.43059800000003], [19.094015999999993, 47.430592400000016], [19.094070499999997, 47.430590300000034], [19.094124999999995, 47.43059170000002], [19.094178999999993, 47.43059650000006], [19.094232199999993, 47.430604699999996], [19.09428399999999, 47.43061620000006], [19.094333900000002, 47.43063100000005], [19.0943816, 47.430648900000016], [19.09442659999999, 47.43066970000007], [19.094468600000003, 47.430693300000016], [19.094499, 47.4307136], [19.09452719999999, 47.430735300000045], [19.0945529, 47.43075840000001], [19.0945749, 47.43078140000001], [19.09459449999999, 47.430805400000004], [19.094611599999993, 47.43083030000003], [19.09462599999999, 47.430855900000026], [19.0946378, 47.43088210000004], [19.094646899999994, 47.43090880000004], [19.094652700000005, 47.43093320000004], [19.0946562, 47.4309577], [19.0946574, 47.43098240000005], [19.094655499999995, 47.43101560000007], [19.094649299999993, 47.43104860000002], [19.0946391, 47.431081200000044], [19.0946249, 47.43111300000003], [19.094606699999996, 47.4311439], [19.094584700000002, 47.4311736], [19.09455909999999, 47.43120199999999], [19.094531399999997, 47.43122769999999], [19.094500599999996, 47.431251800000055], [19.094474700000006, 47.4312689], [19.09446099999999, 47.43127790000007], [19.094417800000002, 47.431301300000015], [19.094371500000005, 47.43132180000002], [19.0943225, 47.43133929999999], [19.094271299999996, 47.43135350000005], [19.0942202, 47.43136400000003], [19.0941678, 47.43137139999998], [19.094114700000002, 47.431375399999986], [19.09406119999999, 47.43137610000005], [19.094007799999993, 47.431373500000056]]}}, {"id": "(36, 37, 1)", "type": "Feature", "properties": {"_status": "original", "osmid": 819, "highway": "residential", "lanes": null, "name": "T\u00e9glagy\u00e1rt\u00f3 utca", "oneway": false, "reversed": true, "length": 106.99132455221337, "from": "36", "to": "37", "maxspeed": null, "bridge": null, "_key": "1", "ref": null, "access": null, "tunnel": null, "width": null}, "geometry": {"type": "LineString", "coordinates": [[19.093761199999996, 47.4306532], [19.09371979999999, 47.43067310000001], [19.093681200000002, 47.43069530000001], [19.0936456, 47.43071980000002], [19.093613200000004, 47.430746200000016], [19.093584400000005, 47.43077440000005], [19.093559399999997, 47.43080430000002], [19.093538299999995, 47.430835500000015], [19.093521299999995, 47.430867799999994], [19.0935093, 47.4308985], [19.093500999999996, 47.43092979999999], [19.093496500000004, 47.43096140000003], [19.0934958, 47.430993100000016], [19.0934991, 47.4310264], [19.093506599999998, 47.43105930000004], [19.0935182, 47.4310917], [19.093533800000003, 47.43112330000002], [19.093553200000002, 47.431153900000034], [19.0935765, 47.43118330000006], [19.093603300000005, 47.431211199999986], [19.093633599999997, 47.4312375], [19.093667000000003, 47.43126200000004], [19.093702600000004, 47.43128400000004], [19.09374069999999, 47.43130390000005], [19.09378119999999, 47.43132159999998], [19.093823599999997, 47.43133700000001], [19.093867799999995, 47.43135000000001], [19.093913499999992, 47.43136040000004], [19.093960299999992, 47.43136830000003], [19.094007799999993, 47.431373500000056]]}}, {"id": "(43, 32, 0)", "type": "Feature", "properties": {"_status": "original", "osmid": 775, "highway": "pedestrian", "lanes": null, "name": "T\u00e9glagy\u00e1rt\u00f3 utca", "oneway": false, "reversed": true, "length": 138.26219800691123, "from": "43", "to": "32", "maxspeed": null, "bridge": null, "_key": "0", "ref": null, "access": null, "tunnel": null, "width": null}, "geometry": {"type": "LineString", "coordinates": [[19.095349000000002, 47.432729600000044], [19.09527599999999, 47.432718600000015], [19.09523069999999, 47.43271179999999], [19.09372599999999, 47.43237890000002], [19.093598800000006, 47.432350800000044]]}}, {"id": "(43, 42, 0)", "type": "Feature", "properties": {"_status": "original", "osmid": 776, "highway": "residential", "lanes": null, "name": "K\u00f6zm\u0171helytelep utca", "oneway": false, "reversed": false, "length": 48.44405080481598, "from": "43", "to": "42", "maxspeed": "50", "bridge": null, "_key": "0", "ref": null, "access": null, "tunnel": null, "width": null}, "geometry": {"type": "LineString", "coordinates": [[19.095349000000002, 47.432729600000044], [19.095095500000003, 47.433130100000035]]}}, {"id": "(33, 27, 0)", "type": "Feature", "properties": {"_status": "original", "osmid": 751, "highway": "residential", "lanes": null, "name": "Zam\u00e1rdi utca", "oneway": true, "reversed": false, "length": 58.29669960796485, "from": "33", "to": "27", "maxspeed": null, "bridge": null, "_key": "0", "ref": null, "access": null, "tunnel": null, "width": null}, "geometry": {"type": "LineString", "coordinates": [[19.094207399999995, 47.4344178], [19.093466400000004, 47.434264100000064]]}}, {"id": "(33, 25, 0)", "type": "Feature", "properties": {"_status": "original", "osmid": 748, "highway": "residential", "lanes": null, "name": "K\u00f6zm\u0171helytelep utca", "oneway": true, "reversed": false, "length": 120.05131475389383, "from": "25", "to": "33", "maxspeed": null, "bridge": null, "_key": "0", "ref": null, "access": null, "tunnel": null, "width": null}, "geometry": {"type": "LineString", "coordinates": [[19.093322000000004, 47.435316100000044], [19.093351699999996, 47.435285900000025], [19.0941713, 47.43445439999999], [19.094207399999995, 47.4344178]]}}, {"id": "(34, 27, 0)", "type": "Feature", "properties": {"_status": "original", "osmid": 755, "highway": "residential", "lanes": null, "name": "Tergenye utca", "oneway": false, "reversed": false, "length": 128.6678958691142, "from": "34", "to": "27", "maxspeed": null, "bridge": null, "_key": "0", "ref": null, "access": null, "tunnel": null, "width": null}, "geometry": {"type": "LineString", "coordinates": [[19.0940357, 47.4331884], [19.094024099999995, 47.43321860000004], [19.093933699999997, 47.433454300000044], [19.093927599999997, 47.433522300000035], [19.0937944, 47.43382720000004], [19.093763199999998, 47.43389850000004], [19.093649299999992, 47.434036600000034], [19.093544, 47.43411560000003], [19.0934981, 47.434203400000015], [19.0934766, 47.43424450000003], [19.093466400000004, 47.434264100000064]]}}, {"id": "(34, 28, 0)", "type": "Feature", "properties": {"_status": "original", "osmid": 762, "highway": "residential", "lanes": null, "name": "T\u00e9gla\u00e9get\u0151 utca", "oneway": true, "reversed": false, "length": 58.01912039288983, "from": "28", "to": "34", "maxspeed": null, "bridge": null, "_key": "0", "ref": null, "access": null, "tunnel": null, "width": null}, "geometry": {"type": "LineString", "coordinates": [[19.093301799999995, 47.43302780000004], [19.093351499999997, 47.433038700000004], [19.0940357, 47.4331884]]}}, {"id": "(42, 31, 0)", "type": "Feature", "properties": {"_status": "original", "osmid": 769, "highway": "residential", "lanes": null, "name": null, "oneway": false, "reversed": true, "length": 132.52715170475201, "from": "42", "to": "31", "maxspeed": null, "bridge": null, "_key": "0", "ref": null, "access": null, "tunnel": null, "width": null}, "geometry": {"type": "LineString", "coordinates": [[19.095095500000003, 47.433130100000035], [19.094126199999998, 47.43292040000002], [19.0934174, 47.4327669]]}}, {"id": "(51, 54, 0)", "type": "Feature", "properties": {"_status": "original", "osmid": 169, "highway": "residential", "lanes": null, "name": "P\u00e1zsitos s\u00e9t\u00e1ny", "oneway": true, "reversed": false, "length": 169.71755061828134, "from": "51", "to": "54", "maxspeed": null, "bridge": null, "_key": "0", "ref": null, "access": null, "tunnel": null, "width": null}, "geometry": {"type": "LineString", "coordinates": [[19.098759499999996, 47.44224960000003], [19.0987544, 47.4419526], [19.0987808, 47.4404264]]}}, {"id": "(51, 48, 0)", "type": "Feature", "properties": {"_status": "original", "osmid": 170, "highway": "residential", "lanes": null, "name": "P\u00e1zsitos s\u00e9t\u00e1ny", "oneway": false, "reversed": true, "length": 234.34010304182902, "from": "51", "to": "48", "maxspeed": null, "bridge": null, "_key": "0", "ref": null, "access": null, "tunnel": null, "width": null}, "geometry": {"type": "LineString", "coordinates": [[19.098759499999996, 47.44224960000003], [19.098771299999996, 47.44293640000002], [19.098778799999995, 47.44337150000005], [19.098779799999992, 47.44345030000006], [19.098788799999994, 47.44420310000005], [19.098795399999993, 47.44435690000002]]}}, {"id": "(51, 60, 0)", "type": "Feature", "properties": {"_status": "original", "osmid": 171, "highway": "residential", "lanes": null, "name": "H\u00e1rsfa s\u00e9t\u00e1ny", "oneway": false, "reversed": true, "length": 86.80001541185761, "from": "60", "to": "51", "maxspeed": null, "bridge": null, "_key": "0", "ref": null, "access": null, "tunnel": null, "width": null}, "geometry": {"type": "LineString", "coordinates": [[19.0999136, 47.442240400000024], [19.098759499999996, 47.44224960000003]]}}, {"id": "(54, 59, 0)", "type": "Feature", "properties": {"_status": "original", "osmid": 173, "highway": "residential", "lanes": null, "name": "Lajtha L\u00e1szl\u00f3 utca", "oneway": false, "reversed": false, "length": 81.47623631158592, "from": "54", "to": "59", "maxspeed": null, "bridge": null, "_key": "0", "ref": null, "access": null, "tunnel": null, "width": null}, "geometry": {"type": "LineString", "coordinates": [[19.0987808, 47.4404264], [19.0989975, 47.440153100000046], [19.099234199999998, 47.439854800000035], [19.099292899999988, 47.43978070000001]]}}, {"id": "(60, 64, 0)", "type": "Feature", "properties": {"_status": "original", "osmid": 695, "highway": "residential", "lanes": null, "name": "H\u00e1rsfa s\u00e9t\u00e1ny", "oneway": false, "reversed": false, "length": 186.01407427279486, "from": "64", "to": "60", "maxspeed": null, "bridge": null, "_key": "0", "ref": null, "access": null, "tunnel": null, "width": null}, "geometry": {"type": "LineString", "coordinates": [[19.100408299999998, 47.44089750000002], [19.100170599999988, 47.44089740000001], [19.0999209, 47.44089720000004], [19.0999136, 47.442240400000024]]}}, {"id": "(60, 64, 1)", "type": "Feature", "properties": {"_status": "original", "osmid": 696, "highway": "residential", "lanes": null, "name": "H\u00e1rsfa s\u00e9t\u00e1ny", "oneway": false, "reversed": true, "length": 184.73498096674612, "from": "64", "to": "60", "maxspeed": null, "bridge": null, "_key": "1", "ref": null, "access": null, "tunnel": null, "width": null}, "geometry": {"type": "LineString", "coordinates": [[19.100408299999998, 47.44089750000002], [19.100399199999995, 47.44220780000003], [19.100398999999992, 47.442230400000035], [19.100316299999992, 47.4422321], [19.0999136, 47.442240400000024]]}}, {"id": "(59, 65, 0)", "type": "Feature", "properties": {"_status": "original", "osmid": 594, "highway": "residential", "lanes": null, "name": "J\u00e1nos utca", "oneway": false, "reversed": true, "length": 99.67130567214694, "from": "65", "to": "59", "maxspeed": null, "bridge": null, "_key": "0", "ref": null, "access": null, "tunnel": null, "width": null}, "geometry": {"type": "LineString", "coordinates": [[19.1003296, 47.44033910000001], [19.099292899999988, 47.43978070000001]]}}, {"id": "(65, 70, 0)", "type": "Feature", "properties": {"_status": "original", "osmid": 559, "highway": "residential", "lanes": null, "name": "J\u00e1nos utca", "oneway": false, "reversed": true, "length": 73.38566247182035, "from": "70", "to": "65", "maxspeed": null, "bridge": null, "_key": "0", "ref": null, "access": null, "tunnel": null, "width": null}, "geometry": {"type": "LineString", "coordinates": [[19.101087700000004, 47.44075450000001], [19.1003715, 47.440359199999996], [19.1003296, 47.44033910000001]]}}, {"id": "(75, 108, 0)", "type": "Feature", "properties": {"_status": "original", "osmid": 175, "highway": "residential", "lanes": null, "name": "Attila utca", "oneway": false, "reversed": false, "length": 103.29055955364831, "from": "75", "to": "108", "maxspeed": "30", "bridge": null, "_key": "0", "ref": null, "access": null, "tunnel": null, "width": null}, "geometry": {"type": "LineString", "coordinates": [[19.100115, 47.433306800000054], [19.1001442, 47.433280700000005], [19.10057089999999, 47.432899800000044], [19.100925799999995, 47.432584099999985], [19.101218900000003, 47.432323300000036], [19.102023400000004, 47.43157050000001]]}}, {"id": "(75, 83, 0)", "type": "Feature", "properties": {"_status": "original", "osmid": 177, "highway": "residential", "lanes": null, "name": "Zilah utca", "oneway": false, "reversed": true, "length": 98.66513405874176, "from": "83", "to": "75", "maxspeed": null, "bridge": null, "_key": "0", "ref": null, "access": null, "tunnel": null, "width": null}, "geometry": {"type": "LineString", "coordinates": [[19.101127899999998, 47.43387060000002], [19.100115, 47.433306800000054]]}}, {"id": "(108, 98, 0)", "type": "Feature", "properties": {"_status": "original", "osmid": 178, "highway": "tertiary", "lanes": "2", "name": "Nagys\u00e1ndor J\u00f3zsef utca", "oneway": false, "reversed": true, "length": 60.26582173044643, "from": "108", "to": "98", "maxspeed": null, "bridge": null, "_key": "0", "ref": null, "access": null, "tunnel": null, "width": null}, "geometry": {"type": "LineString", "coordinates": [[19.102023400000004, 47.43157050000001], [19.101997000000004, 47.431556900000025], [19.101415399999997, 47.43121760000002]]}}, {"id": "(108, 126, 0)", "type": "Feature", "properties": {"_status": "original", "osmid": 179, "highway": "tertiary", "lanes": "2", "name": "Nagys\u00e1ndor J\u00f3zsef utca", "oneway": false, "reversed": true, "length": 123.48787106795014, "from": "126", "to": "108", "maxspeed": null, "bridge": null, "_key": "0", "ref": null, "access": null, "tunnel": null, "width": null}, "geometry": {"type": "LineString", "coordinates": [[19.103279199999996, 47.4322858], [19.1032015, 47.432240500000034], [19.102023400000004, 47.43157050000001]]}}, {"id": "(108, 158, 0)", "type": "Feature", "properties": {"_status": "original", "osmid": 180, "highway": "residential", "lanes": null, "name": ["Duna utca", "Attila utca"], "oneway": false, "reversed": true, "length": 316.1234318113143, "from": "158", "to": "108", "maxspeed": null, "bridge": null, "_key": "0", "ref": null, "access": null, "tunnel": null, "width": null}, "geometry": {"type": "LineString", "coordinates": [[19.1048002, 47.43088300000003], [19.1046748, 47.43080490000002], [19.103659399999994, 47.43018800000005], [19.103629599999998, 47.43017840000005], [19.103591499999997, 47.4301775], [19.10355659999999, 47.4301856], [19.103528700000002, 47.43019920000002], [19.103271899999996, 47.430431500000054], [19.10277609999999, 47.43088010000006], [19.102581299999997, 47.43105630000004], [19.102023400000004, 47.43157050000001]]}}, {"id": "(83, 89, 0)", "type": "Feature", "properties": {"_status": "original", "osmid": 591, "highway": "residential", "lanes": null, "name": "Hinta t\u00e9r", "oneway": false, "reversed": false, "length": 17.29931040072845, "from": "89", "to": "83", "maxspeed": null, "bridge": null, "_key": "0", "ref": null, "access": null, "tunnel": null, "width": null}, "geometry": {"type": "LineString", "coordinates": [[19.101276399999996, 47.433751800000046], [19.101164699999998, 47.43384119999999], [19.101127899999998, 47.43387060000002]]}}, {"id": "(126, 149, 0)", "type": "Feature", "properties": {"_status": "original", "osmid": 418, "highway": "tertiary", "lanes": "2", "name": "Baross utca", "oneway": false, "reversed": false, "length": 134.67318609557088, "from": "149", "to": "126", "maxspeed": null, "bridge": null, "_key": "0", "ref": null, "access": null, "tunnel": null, "width": null}, "geometry": {"type": "LineString", "coordinates": [[19.1043361, 47.431308200000025], [19.10333199999999, 47.43223660000001], [19.1033135, 47.43225379999998], [19.103279199999996, 47.4322858]]}}, {"id": "(126, 147, 0)", "type": "Feature", "properties": {"_status": "original", "osmid": 419, "highway": "tertiary", "lanes": "2", "name": "Nagys\u00e1ndor J\u00f3zsef utca", "oneway": false, "reversed": true, "length": 125.97523924680638, "from": "147", "to": "126", "maxspeed": null, "bridge": null, "_key": "0", "ref": null, "access": null, "tunnel": null, "width": null}, "geometry": {"type": "LineString", "coordinates": [[19.104534300000005, 47.43303590000001], [19.1033687, 47.43234100000004], [19.103279199999996, 47.4322858]]}}, {"id": "(158, 149, 0)", "type": "Feature", "properties": {"_status": "original", "osmid": 420, "highway": "tertiary", "lanes": "2", "name": "Baross utca", "oneway": false, "reversed": true, "length": 58.77176455041718, "from": "149", "to": "158", "maxspeed": null, "bridge": null, "_key": "0", "ref": null, "access": null, "tunnel": null, "width": null}, "geometry": {"type": "LineString", "coordinates": [[19.1043361, 47.431308200000025], [19.1048002, 47.43088300000003]]}}, {"id": "(115, 103, 0)", "type": "Feature", "properties": {"_status": "original", "osmid": 552, "highway": "tertiary", "lanes": "2", "name": "T\u00f6r\u00f6k Fl\u00f3ris utca", "oneway": false, "reversed": true, "length": 67.66284284320686, "from": "115", "to": "103", "maxspeed": "50", "bridge": null, "_key": "0", "ref": null, "access": null, "tunnel": null, "width": null}, "geometry": {"type": "LineString", "coordinates": [[19.103929000000004, 47.44080410000004], [19.103858700000004, 47.440861300000044], [19.103619499999994, 47.441055800000036], [19.103353799999994, 47.44127200000002]]}}, {"id": "(115, 143, 0)", "type": "Feature", "properties": {"_status": "original", "osmid": 563, "highway": "residential", "lanes": null, "name": "G\u00f3lya utca", "oneway": true, "reversed": false, "length": 166.66759743699814, "from": "115", "to": "143", "maxspeed": "30", "bridge": null, "_key": "0", "ref": null, "access": null, "tunnel": null, "width": null}, "geometry": {"type": "LineString", "coordinates": [[19.103929000000004, 47.44080410000004], [19.103965099999996, 47.440822600000025], [19.105670599999993, 47.44168140000001], [19.105707000000002, 47.441698800000005]]}}, {"id": "(110, 130, 0)", "type": "Feature", "properties": {"_status": "original", "osmid": 183, "highway": "residential", "lanes": "2", "name": "V\u00f6r\u00f6smarty utca", "oneway": false, "reversed": false, "length": 34.46615866546426, "from": "110", "to": "130", "maxspeed": null, "bridge": null, "_key": "0", "ref": null, "access": null, "tunnel": null, "width": null}, "geometry": {"type": "LineString", "coordinates": [[19.1029521, 47.436398400000044], [19.103330700000004, 47.436051700000036], [19.103635300000004, 47.43577280000001], [19.1038692, 47.435558699999994], [19.103907600000003, 47.43552350000002]]}}, {"id": "(110, 91, 0)", "type": "Feature", "properties": {"_status": "original", "osmid": 184, "highway": "residential", "lanes": null, "name": "Nagy Gy\u0151ry Istv\u00e1n k\u00f6z", "oneway": true, "reversed": false, "length": 126.6333489408308, "from": "91", "to": "110", "maxspeed": null, "bridge": null, "_key": "0", "ref": null, "access": null, "tunnel": null, "width": null}, "geometry": {"type": "LineString", "coordinates": [[19.101700199999993, 47.43563690000002], [19.101744000000007, 47.43566350000004], [19.102224499999995, 47.43595590000007], [19.102645900000002, 47.43621210000003], [19.102895599999997, 47.43636410000004], [19.1029521, 47.436398400000044]]}}, {"id": "(110, 101, 0)", "type": "Feature", "properties": {"_status": "original", "osmid": 185, "highway": "residential", "lanes": "2", "name": "V\u00f6r\u00f6smarty utca", "oneway": true, "reversed": false, "length": 57.61487311374075, "from": "101", "to": "110", "maxspeed": null, "bridge": null, "_key": "0", "ref": null, "access": null, "tunnel": null, "width": null}, "geometry": {"type": "LineString", "coordinates": [[19.102493299999992, 47.436813300000004], [19.102614699999997, 47.43670360000006], [19.102638199999994, 47.43668400000006], [19.1029521, 47.436398400000044]]}}, {"id": "(130, 109, 0)", "type": "Feature", "properties": {"_status": "original", "osmid": 186, "highway": "residential", "lanes": null, "name": "Zilah utca", "oneway": true, "reversed": false, "length": 126.62333368894994, "from": "130", "to": "109", "maxspeed": null, "bridge": null, "_key": "0", "ref": null, "access": null, "tunnel": null, "width": null}, "geometry": {"type": "LineString", "coordinates": [[19.103907600000003, 47.43552350000002], [19.103858199999998, 47.435495000000046], [19.102681999999998, 47.43481490000006], [19.1026279, 47.43478360000001]]}}, {"id": "(130, 166, 0)", "type": "Feature", "properties": {"_status": "original", "osmid": 187, "highway": "residential", "lanes": null, "name": "V\u00f6r\u00f6smarty utca", "oneway": false, "reversed": true, "length": 240.03223542958898, "from": "166", "to": "130", "maxspeed": null, "bridge": null, "_key": "0", "ref": null, "access": null, "tunnel": null, "width": null}, "geometry": {"type": "LineString", "coordinates": [[19.105803399999996, 47.43378710000003], [19.105759999999997, 47.43383080000003], [19.105732399999997, 47.43385600000005], [19.105531599999996, 47.43403950000002], [19.103907600000003, 47.43552350000002]]}}, {"id": "(130, 142, 0)", "type": "Feature", "properties": {"_status": "original", "osmid": 188, "highway": ["living_street", "residential"], "lanes": null, "name": "Kalm\u00e1r Ilona s\u00e9t\u00e1ny", "oneway": false, "reversed": false, "length": 72.24608689452697, "from": "142", "to": "130", "maxspeed": "20", "bridge": null, "_key": "0", "ref": null, "access": null, "tunnel": null, "width": null}, "geometry": {"type": "LineString", "coordinates": [[19.10464169999999, 47.43594250000004], [19.104108900000004, 47.43563960000003], [19.103985200000004, 47.435569100000016], [19.1039575, 47.43555280000004], [19.103907600000003, 47.43552350000002]]}}, {"id": "(91, 109, 0)", "type": "Feature", "properties": {"_status": "original", "osmid": 588, "highway": "residential", "lanes": null, "name": "Nagy Gy\u0151ry Istv\u00e1n utca", "oneway": true, "reversed": false, "length": 117.80377041676834, "from": "109", "to": "91", "maxspeed": null, "bridge": null, "_key": "0", "ref": null, "access": null, "tunnel": null, "width": null}, "geometry": {"type": "LineString", "coordinates": [[19.1026279, 47.43478360000001], [19.102586700000003, 47.43481420000003], [19.102305699999995, 47.43507500000004], [19.101700199999993, 47.43563690000002]]}}, {"id": "(101, 93, 0)", "type": "Feature", "properties": {"_status": "original", "osmid": 787, "highway": "pedestrian", "lanes": null, "name": "V\u00f6r\u00f6smarty utca", "oneway": false, "reversed": true, "length": 60.5968770157104, "from": "93", "to": "101", "maxspeed": null, "bridge": null, "_key": "0", "ref": null, "access": null, "tunnel": null, "width": null}, "geometry": {"type": "LineString", "coordinates": [[19.102042200000003, 47.43725160000002], [19.102235899999997, 47.43708700000001], [19.102260100000002, 47.4370665], [19.102493400000004, 47.43686830000004], [19.102493299999992, 47.436813300000004]]}}, {"id": "(109, 147, 0)", "type": "Feature", "properties": {"_status": "original", "osmid": 424, "highway": "residential", "lanes": null, "name": "Nagy Gy\u0151ry Istv\u00e1n utca", "oneway": false, "reversed": true, "length": 241.51190504956463, "from": "109", "to": "147", "maxspeed": null, "bridge": null, "_key": "0", "ref": null, "access": null, "tunnel": null, "width": null}, "geometry": {"type": "LineString", "coordinates": [[19.1026279, 47.43478360000001], [19.102657299999997, 47.43475669999999], [19.103438999999995, 47.43404000000005], [19.103864499999997, 47.433650000000036], [19.104473300000002, 47.43309190000004], [19.104494299999992, 47.433072600000045], [19.104534300000005, 47.43303590000001]]}}, {"id": "(166, 147, 0)", "type": "Feature", "properties": {"_status": "original", "osmid": 425, "highway": "tertiary", "lanes": "2", "name": "Nagys\u00e1ndor J\u00f3zsef utca", "oneway": false, "reversed": true, "length": 126.84885590724004, "from": "166", "to": "147", "maxspeed": null, "bridge": null, "_key": "0", "ref": null, "access": null, "tunnel": null, "width": null}, "geometry": {"type": "LineString", "coordinates": [[19.105803399999996, 47.43378710000003], [19.1057473, 47.4337564], [19.104534300000005, 47.43303590000001]]}}, {"id": "(166, 180, 0)", "type": "Feature", "properties": {"_status": "original", "osmid": 590, "highway": "tertiary", "lanes": "2", "name": "Nagys\u00e1ndor J\u00f3zsef utca", "oneway": false, "reversed": true, "length": 66.24733501424686, "from": "180", "to": "166", "maxspeed": "50", "bridge": null, "_key": "0", "ref": null, "access": null, "tunnel": null, "width": null}, "geometry": {"type": "LineString", "coordinates": [[19.1064792, 47.4341691], [19.1062199, 47.434023599999996], [19.105857299999993, 47.43382009999999], [19.105803399999996, 47.43378710000003]]}}, {"id": "(166, 191, 0)", "type": "Feature", "properties": {"_status": "original", "osmid": 589, "highway": "residential", "lanes": null, "name": "V\u00f6r\u00f6smarty utca", "oneway": false, "reversed": true, "length": 135.73840686719046, "from": "191", "to": "166", "maxspeed": null, "bridge": null, "_key": "0", "ref": null, "access": null, "tunnel": null, "width": null}, "geometry": {"type": "LineString", "coordinates": [[19.106867899999994, 47.43280140000007], [19.106543699999992, 47.433105500000025], [19.105863299999996, 47.43373060000004], [19.105842199999998, 47.433749900000045], [19.105803399999996, 47.43378710000003]]}}, {"id": "(223, 237, 0)", "type": "Feature", "properties": {"_status": "original", "osmid": 192, "highway": "residential", "lanes": null, "name": "Kender utca", "oneway": true, "reversed": false, "length": 91.14012618612912, "from": "223", "to": "237", "maxspeed": null, "bridge": null, "_key": "0", "ref": null, "access": null, "tunnel": null, "width": null}, "geometry": {"type": "LineString", "coordinates": [[19.1066472, 47.42434869999999], [19.106464400000004, 47.42418950000004], [19.1060336, 47.42381450000003], [19.106944199999997, 47.4232739]]}}, {"id": "(223, 276, 0)", "type": "Feature", "properties": {"_status": "original", "osmid": 193, "highway": "residential", "lanes": null, "name": "Toront\u00e1l utca", "oneway": false, "reversed": true, "length": 286.6121393119553, "from": "223", "to": "276", "maxspeed": null, "bridge": null, "_key": "0", "ref": null, "access": null, "tunnel": null, "width": null}, "geometry": {"type": "LineString", "coordinates": [[19.1066472, 47.42434869999999], [19.10771919999999, 47.42529540000003], [19.108916199999996, 47.42634160000002], [19.108975899999994, 47.42638860000004]]}}, {"id": "(223, 238, 0)", "type": "Feature", "properties": {"_status": "original", "osmid": 194, "highway": "residential", "lanes": null, "name": "Lenke utca", "oneway": true, "reversed": false, "length": 47.5948776500752, "from": "238", "to": "223", "maxspeed": null, "bridge": null, "_key": "0", "ref": null, "access": null, "tunnel": null, "width": null}, "geometry": {"type": "LineString", "coordinates": [[19.107124300000002, 47.42406760000001], [19.106711099999995, 47.42431100000005], [19.1066472, 47.42434869999999]]}}, {"id": "(237, 227, 0)", "type": "Feature", "properties": {"_status": "original", "osmid": 195, "highway": "residential", "lanes": null, "name": "Helsinki \u00fat", "oneway": false, "reversed": true, "length": 72.24705736866302, "from": "237", "to": "227", "maxspeed": null, "bridge": null, "_key": "0", "ref": null, "access": null, "tunnel": null, "width": null}, "geometry": {"type": "LineString", "coordinates": [[19.106944199999997, 47.4232739], [19.105942, 47.42251900000001], [19.1058626, 47.42245730000002], [19.106233499999995, 47.42198140000001], [19.1063162, 47.42188469999999]]}}, {"id": "(237, 248, 0)", "type": "Feature", "properties": {"_status": "original", "osmid": 196, "highway": "residential", "lanes": null, "name": "\u00c1tl\u00f3s utca", "oneway": false, "reversed": true, "length": 75.45423841117383, "from": "237", "to": "248", "maxspeed": null, "bridge": null, "_key": "0", "ref": null, "access": null, "tunnel": null, "width": null}, "geometry": {"type": "LineString", "coordinates": [[19.106944199999997, 47.4232739], [19.107597799999997, 47.42378860000001]]}}, {"id": "(276, 283, 0)", "type": "Feature", "properties": {"_status": "original", "osmid": 835, "highway": "tertiary", "lanes": "2", "name": "V\u00e1g\u00f3h\u00edd utca", "oneway": false, "reversed": true, "length": 36.71932989074596, "from": "276", "to": "283", "maxspeed": null, "bridge": null, "_key": "0", "ref": null, "access": null, "tunnel": null, "width": null}, "geometry": {"type": "LineString", "coordinates": [[19.108975899999994, 47.42638860000004], [19.1092619, 47.426121000000045]]}}, {"id": "(276, 273, 0)", "type": "Feature", "properties": {"_status": "original", "osmid": 1112, "highway": "tertiary", "lanes": "2", "name": "V\u00e1g\u00f3h\u00edd utca", "oneway": false, "reversed": false, "length": 13.985863041435989, "from": "276", "to": "273", "maxspeed": null, "bridge": null, "_key": "0", "ref": null, "access": null, "tunnel": null, "width": null}, "geometry": {"type": "LineString", "coordinates": [[19.108975899999994, 47.42638860000004], [19.108865700000003, 47.426489900000036]]}}, {"id": "(238, 288, 0)", "type": "Feature", "properties": {"_status": "original", "osmid": 826, "highway": "residential", "lanes": null, "name": "Dr\u00e1va utca", "oneway": false, "reversed": false, "length": 273.25096170769143, "from": "238", "to": "288", "maxspeed": null, "bridge": null, "_key": "0", "ref": null, "access": null, "tunnel": null, "width": null}, "geometry": {"type": "LineString", "coordinates": [[19.107124300000002, 47.42406760000001], [19.1093661, 47.42592390000004], [19.1094252, 47.425969000000016]]}}, {"id": "(238, 248, 0)", "type": "Feature", "properties": {"_status": "original", "osmid": 821, "highway": "residential", "lanes": null, "name": "Lenke utca", "oneway": true, "reversed": false, "length": 47.23742584238394, "from": "248", "to": "238", "maxspeed": null, "bridge": null, "_key": "0", "ref": null, "access": null, "tunnel": null, "width": null}, "geometry": {"type": "LineString", "coordinates": [[19.107597799999997, 47.42378860000001], [19.107124300000002, 47.42406760000001]]}}, {"id": "(227, 308, 0)", "type": "Feature", "properties": {"_status": "original", "osmid": 197, "highway": "residential", "lanes": null, "name": "Helsinki \u00fat", "oneway": false, "reversed": false, "length": 143.42912259753132, "from": "308", "to": "227", "maxspeed": null, "bridge": null, "_key": "0", "ref": null, "access": null, "tunnel": null, "width": null}, "geometry": {"type": "LineString", "coordinates": [[19.10976739999999, 47.422062500000045], [19.1096005, 47.42220210000003], [19.10957000000001, 47.42222130000002], [19.1095132, 47.4222274], [19.109457599999992, 47.42222160000006], [19.109401999999996, 47.42219670000003], [19.1092817, 47.422123399999975], [19.107395700000005, 47.420822300000005], [19.107260499999988, 47.42094840000004], [19.1068934, 47.421290700000036], [19.106799399999996, 47.42138650000003], [19.1065641, 47.421612000000046], [19.1063162, 47.42188469999999]]}}, {"id": "(227, 271, 0)", "type": "Feature", "properties": {"_status": "original", "osmid": 198, "highway": "residential", "lanes": null, "name": "Als\u00f3teleki utca", "oneway": false, "reversed": false, "length": 222.21197140938713, "from": "271", "to": "227", "maxspeed": null, "bridge": null, "_key": "0", "ref": null, "access": null, "tunnel": null, "width": null}, "geometry": {"type": "LineString", "coordinates": [[19.1082656, 47.423385900000035], [19.10736719999999, 47.42270540000003], [19.106750000000005, 47.422216600000006], [19.106434099999998, 47.42197340000006], [19.1063162, 47.42188469999999]]}}, {"id": "(248, 298, 0)", "type": "Feature", "properties": {"_status": "original", "osmid": 820, "highway": "residential", "lanes": null, "name": "\u00c1tl\u00f3s utca", "oneway": false, "reversed": true, "length": 260.26272855017356, "from": "248", "to": "298", "maxspeed": null, "bridge": null, "_key": "0", "ref": null, "access": null, "tunnel": null, "width": null}, "geometry": {"type": "LineString", "coordinates": [[19.107597799999997, 47.42378860000001], [19.109873700000005, 47.42555140000004]]}}, {"id": "(248, 271, 0)", "type": "Feature", "properties": {"_status": "original", "osmid": 822, "highway": "residential", "lanes": null, "name": "Lenke utca", "oneway": false, "reversed": true, "length": 67.29869832403216, "from": "271", "to": "248", "maxspeed": null, "bridge": null, "_key": "0", "ref": null, "access": null, "tunnel": null, "width": null}, "geometry": {"type": "LineString", "coordinates": [[19.1082656, 47.423385900000035], [19.107597799999997, 47.42378860000001]]}}, {"id": "(308, 346, 0)", "type": "Feature", "properties": {"_status": "original", "osmid": 199, "highway": "residential", "lanes": null, "name": "Wessel\u00e9nyi utca", "oneway": false, "reversed": true, "length": 239.95171189674116, "from": "308", "to": "346", "maxspeed": null, "bridge": null, "_key": "0", "ref": null, "access": null, "tunnel": null, "width": null}, "geometry": {"type": "LineString", "coordinates": [[19.10976739999999, 47.422062500000045], [19.109822999999995, 47.4220984], [19.111900499999997, 47.42355830000003], [19.11198179999999, 47.42361550000003]]}}, {"id": "(308, 325, 0)", "type": "Feature", "properties": {"_status": "original", "osmid": 200, "highway": "residential", "lanes": null, "name": "Lenke utca", "oneway": false, "reversed": true, "length": 80.56827015264781, "from": "325", "to": "308", "maxspeed": null, "bridge": null, "_key": "0", "ref": null, "access": null, "tunnel": null, "width": null}, "geometry": {"type": "LineString", "coordinates": [[19.1104114, 47.4214836], [19.110152599999996, 47.42171330000003], [19.10976739999999, 47.422062500000045]]}}, {"id": "(271, 312, 0)", "type": "Feature", "properties": {"_status": "original", "osmid": 828, "highway": "residential", "lanes": null, "name": "Als\u00f3teleki utca", "oneway": false, "reversed": true, "length": 245.27163779580505, "from": "271", "to": "312", "maxspeed": null, "bridge": null, "_key": "0", "ref": null, "access": null, "tunnel": null, "width": null}, "geometry": {"type": "LineString", "coordinates": [[19.1082656, 47.423385900000035], [19.110344099999992, 47.425003300000014], [19.110404900000002, 47.42505040000005]]}}, {"id": "(346, 406, 0)", "type": "Feature", "properties": {"_status": "original", "osmid": 1165, "highway": "residential", "lanes": null, "name": "Wessel\u00e9nyi utca", "oneway": false, "reversed": true, "length": 288.56033136357587, "from": "346", "to": "406", "maxspeed": null, "bridge": null, "_key": "0", "ref": null, "access": null, "tunnel": null, "width": null}, "geometry": {"type": "LineString", "coordinates": [[19.11198179999999, 47.42361550000003], [19.112071300000004, 47.423666800000056], [19.114876, 47.425276300000014], [19.114907000000002, 47.425294100000045]]}}, {"id": "(346, 337, 0)", "type": "Feature", "properties": {"_status": "original", "osmid": 838, "highway": "tertiary", "lanes": "2", "name": "V\u00e1g\u00f3h\u00edd utca", "oneway": false, "reversed": true, "length": 67.7893016281484, "from": "337", "to": "346", "maxspeed": null, "bridge": null, "_key": "0", "ref": null, "access": null, "tunnel": null, "width": null}, "geometry": {"type": "LineString", "coordinates": [[19.1114431, 47.42410420000002], [19.11198179999999, 47.42361550000003]]}}, {"id": "(346, 362, 0)", "type": "Feature", "properties": {"_status": "original", "osmid": 1175, "highway": "tertiary", "lanes": "2", "name": "V\u00e1g\u00f3h\u00edd utca", "oneway": false, "reversed": false, "length": 78.40852851797878, "from": "362", "to": "346", "maxspeed": null, "bridge": null, "_key": "0", "ref": null, "access": null, "tunnel": null, "width": null}, "geometry": {"type": "LineString", "coordinates": [[19.112603799999995, 47.423049700000014], [19.11198179999999, 47.42361550000003]]}}, {"id": "(325, 362, 0)", "type": "Feature", "properties": {"_status": "original", "osmid": 1179, "highway": "residential", "lanes": null, "name": "J\u00f3sika utca", "oneway": false, "reversed": false, "length": 239.85721743923628, "from": "325", "to": "362", "maxspeed": null, "bridge": null, "_key": "0", "ref": null, "access": null, "tunnel": null, "width": null}, "geometry": {"type": "LineString", "coordinates": [[19.1104114, 47.4214836], [19.112526900000002, 47.42299510000003], [19.112603799999995, 47.423049700000014]]}}, {"id": "(325, 336, 0)", "type": "Feature", "properties": {"_status": "original", "osmid": 203, "highway": "residential", "lanes": null, "name": "Lenke utca", "oneway": false, "reversed": true, "length": 58.98785926053713, "from": "336", "to": "325", "maxspeed": null, "bridge": null, "_key": "0", "ref": null, "access": null, "tunnel": null, "width": null}, "geometry": {"type": "LineString", "coordinates": [[19.110891699999996, 47.421064300000054], [19.1104114, 47.4214836]]}}, {"id": "(336, 391, 0)", "type": "Feature", "properties": {"_status": "original", "osmid": 201, "highway": "residential", "lanes": null, "name": "Lenke utca", "oneway": false, "reversed": true, "length": 74.22008923752547, "from": "336", "to": "391", "maxspeed": null, "bridge": null, "_key": "0", "ref": null, "access": null, "tunnel": null, "width": null}, "geometry": {"type": "LineString", "coordinates": [[19.110891699999996, 47.421064300000054], [19.1114869, 47.420532000000016], [19.1130678, 47.42162740000002], [19.1136169, 47.42201630000006], [19.11367559999999, 47.422057800000026]]}}, {"id": "(336, 374, 0)", "type": "Feature", "properties": {"_status": "original", "osmid": 202, "highway": "residential", "lanes": null, "name": "Mikes Kelemen utca", "oneway": false, "reversed": false, "length": 236.5983342200355, "from": "336", "to": "374", "maxspeed": null, "bridge": null, "_key": "0", "ref": null, "access": null, "tunnel": null, "width": null}, "geometry": {"type": "LineString", "coordinates": [[19.110891699999996, 47.421064300000054], [19.11309839999999, 47.42258030000003]]}}, {"id": "(391, 374, 0)", "type": "Feature", "properties": {"_status": "original", "osmid": 204, "highway": "tertiary", "lanes": "2", "name": "V\u00e1g\u00f3h\u00edd utca", "oneway": false, "reversed": false, "length": 72.5344718173063, "from": "391", "to": "374", "maxspeed": null, "bridge": null, "_key": "0", "ref": null, "access": null, "tunnel": null, "width": null}, "geometry": {"type": "LineString", "coordinates": [[19.11367559999999, 47.422057800000026], [19.11309839999999, 47.42258030000003]]}}, {"id": "(391, 443, 0)", "type": "Feature", "properties": {"_status": "original", "osmid": 205, "highway": "residential", "lanes": null, "name": "Lehel utca", "oneway": false, "reversed": true, "length": 287.7131681342822, "from": "443", "to": "391", "maxspeed": null, "bridge": null, "_key": "0", "ref": null, "access": null, "tunnel": null, "width": null}, "geometry": {"type": "LineString", "coordinates": [[19.116560599999996, 47.42375629999998], [19.116532599999996, 47.423739700000056], [19.113771699999994, 47.42211440000005], [19.11367559999999, 47.422057800000026]]}}, {"id": "(391, 404, 0)", "type": "Feature", "properties": {"_status": "original", "osmid": 206, "highway": "tertiary", "lanes": "2", "name": "V\u00e1g\u00f3h\u00edd utca", "oneway": false, "reversed": false, "length": 66.88213523387468, "from": "404", "to": "391", "maxspeed": null, "bridge": null, "_key": "0", "ref": null, "access": null, "tunnel": null, "width": null}, "geometry": {"type": "LineString", "coordinates": [[19.114205799999993, 47.42157500000001], [19.11367559999999, 47.422057800000026]]}}, {"id": "(374, 362, 0)", "type": "Feature", "properties": {"_status": "original", "osmid": 1178, "highway": "tertiary", "lanes": "2", "name": "V\u00e1g\u00f3h\u00edd utca", "oneway": false, "reversed": false, "length": 64.10074498832653, "from": "374", "to": "362", "maxspeed": null, "bridge": null, "_key": "0", "ref": null, "access": null, "tunnel": null, "width": null}, "geometry": {"type": "LineString", "coordinates": [[19.11309839999999, 47.42258030000003], [19.112603799999995, 47.423049700000014]]}}, {"id": "(374, 428, 0)", "type": "Feature", "properties": {"_status": "original", "osmid": 1180, "highway": "residential", "lanes": null, "name": "V\u00e1g utca", "oneway": false, "reversed": true, "length": 288.02970873913875, "from": "428", "to": "374", "maxspeed": null, "bridge": null, "_key": "0", "ref": null, "access": null, "tunnel": null, "width": null}, "geometry": {"type": "LineString", "coordinates": [[19.11601699999999, 47.42425670000002], [19.115990299999993, 47.42424280000005], [19.11309839999999, 47.42258030000003]]}}, {"id": "(443, 428, 0)", "type": "Feature", "properties": {"_status": "original", "osmid": 1182, "highway": "residential", "lanes": "2", "name": "V\u00f6r\u00f6smarty utca", "oneway": false, "reversed": true, "length": 69.05419040849596, "from": "443", "to": "428", "maxspeed": null, "bridge": null, "_key": "0", "ref": null, "access": null, "tunnel": null, "width": null}, "geometry": {"type": "LineString", "coordinates": [[19.116560599999996, 47.42375629999998], [19.11601699999999, 47.42425670000002]]}}, {"id": "(443, 492, 0)", "type": "Feature", "properties": {"_status": "original", "osmid": 1279, "highway": "residential", "lanes": null, "name": "Lehel utca", "oneway": false, "reversed": false, "length": 231.07533662788822, "from": "443", "to": "492", "maxspeed": null, "bridge": null, "_key": "0", "ref": null, "access": null, "tunnel": null, "width": null}, "geometry": {"type": "LineString", "coordinates": [[19.116560599999996, 47.42375629999998], [19.118900299999996, 47.42510270000003]]}}, {"id": "(443, 459, 0)", "type": "Feature", "properties": {"_status": "original", "osmid": 1281, "highway": "residential", "lanes": "2", "name": "V\u00f6r\u00f6smarty utca", "oneway": false, "reversed": true, "length": 72.81916257065289, "from": "459", "to": "443", "maxspeed": null, "bridge": null, "_key": "0", "ref": null, "access": null, "tunnel": null, "width": null}, "geometry": {"type": "LineString", "coordinates": [[19.11713419999999, 47.42322880000002], [19.116560599999996, 47.42375629999998]]}}, {"id": "(404, 459, 0)", "type": "Feature", "properties": {"_status": "original", "osmid": 1282, "highway": "residential", "lanes": null, "name": "K\u00e1roly utca", "oneway": false, "reversed": false, "length": 286.97567542381364, "from": "459", "to": "404", "maxspeed": null, "bridge": null, "_key": "0", "ref": null, "access": null, "tunnel": null, "width": null}, "geometry": {"type": "LineString", "coordinates": [[19.11713419999999, 47.42322880000002], [19.117098999999993, 47.42320880000002], [19.114205799999993, 47.42157500000001]]}}, {"id": "(404, 415, 0)", "type": "Feature", "properties": {"_status": "original", "osmid": 1283, "highway": "tertiary", "lanes": "2", "name": "V\u00e1g\u00f3h\u00edd utca", "oneway": false, "reversed": false, "length": 72.46682474621782, "from": "415", "to": "404", "maxspeed": null, "bridge": null, "_key": "0", "ref": null, "access": null, "tunnel": null, "width": null}, "geometry": {"type": "LineString", "coordinates": [[19.114778300000005, 47.42105090000005], [19.114205799999993, 47.42157500000001]]}}, {"id": "(546, 472, 0)", "type": "Feature", "properties": {"_status": "original", "osmid": 207, "highway": "tertiary", "lanes": null, "name": "V\u00e1g\u00f3h\u00edd utca", "oneway": false, "reversed": true, "length": 91.89223375222825, "from": "546", "to": "472", "maxspeed": null, "bridge": null, "_key": "0", "ref": null, "access": null, "tunnel": null, "width": null}, "geometry": {"type": "LineString", "coordinates": [[19.120553, 47.42004200000001], [19.120472800000005, 47.41999620000006], [19.120402999999996, 47.41995620000002], [19.118836499999993, 47.41903650000001], [19.118087, 47.41861000000004], [19.117764199999993, 47.418425300000045], [19.117723499999993, 47.41840740000001], [19.1176811, 47.41838480000002], [19.116957999999993, 47.41905080000003]]}}, {"id": "(546, 527, 0)", "type": "Feature", "properties": {"_status": "original", "osmid": 208, "highway": "residential", "lanes": null, "name": "V\u00f6r\u00f6smarty utca", "oneway": false, "reversed": false, "length": 88.76997442784457, "from": "527", "to": "546", "maxspeed": null, "bridge": null, "_key": "0", "ref": null, "access": null, "tunnel": null, "width": null}, "geometry": {"type": "LineString", "coordinates": [[19.1198645, 47.4206902], [19.119945999999995, 47.42060659999997], [19.120553, 47.42004200000001]]}}, {"id": "(546, 587, 0)", "type": "Feature", "properties": {"_status": "original", "osmid": 209, "highway": "residential", "lanes": null, "name": "Als\u00f3 hat\u00e1r\u00fat", "oneway": false, "reversed": true, "length": 210.37884507994107, "from": "587", "to": "546", "maxspeed": null, "bridge": null, "_key": "0", "ref": null, "access": null, "tunnel": null, "width": null}, "geometry": {"type": "LineString", "coordinates": [[19.1226562, 47.4212888], [19.120648899999992, 47.42009990000004], [19.120610799999998, 47.42007690000004], [19.120553, 47.42004200000001]]}}, {"id": "(472, 527, 0)", "type": "Feature", "properties": {"_status": "original", "osmid": 211, "highway": "residential", "lanes": null, "name": "El\u0151d utca", "oneway": true, "reversed": false, "length": 284.6997036308684, "from": "527", "to": "472", "maxspeed": null, "bridge": null, "_key": "0", "ref": null, "access": null, "tunnel": null, "width": null}, "geometry": {"type": "LineString", "coordinates": [[19.1198645, 47.4206902], [19.119779099999995, 47.42064550000001], [19.117052999999995, 47.41910610000004], [19.117003400000005, 47.41907680000003], [19.116957999999993, 47.41905080000003]]}}, {"id": "(472, 456, 0)", "type": "Feature", "properties": {"_status": "original", "osmid": 210, "highway": "tertiary", "lanes": "2", "name": "V\u00e1g\u00f3h\u00edd utca", "oneway": false, "reversed": true, "length": 67.99311577766878, "from": "456", "to": "472", "maxspeed": null, "bridge": null, "_key": "0", "ref": null, "access": null, "tunnel": null, "width": null}, "geometry": {"type": "LineString", "coordinates": [[19.116425200000002, 47.41954470000005], [19.116957999999993, 47.41905080000003]]}}, {"id": "(527, 519, 0)", "type": "Feature", "properties": {"_status": "original", "osmid": 857, "highway": "residential", "lanes": null, "name": "V\u00f6r\u00f6smarty utca", "oneway": false, "reversed": false, "length": 71.44094507687673, "from": "519", "to": "527", "maxspeed": null, "bridge": null, "_key": "0", "ref": null, "access": null, "tunnel": null, "width": null}, "geometry": {"type": "LineString", "coordinates": [[19.119309100000002, 47.42121110000004], [19.1197244, 47.420832600000004], [19.119834300000004, 47.42072260000003], [19.1198645, 47.4206902]]}}, {"id": "(527, 572, 0)", "type": "Feature", "properties": {"_status": "original", "osmid": 858, "highway": "residential", "lanes": null, "name": "El\u0151d utca", "oneway": false, "reversed": true, "length": 214.80321739621968, "from": "572", "to": "527", "maxspeed": null, "bridge": null, "_key": "0", "ref": null, "access": null, "tunnel": null, "width": null}, "geometry": {"type": "LineString", "coordinates": [[19.122019200000004, 47.42195750000001], [19.119996, 47.42077030000006], [19.119933599999996, 47.42073380000006], [19.119905099999997, 47.42071720000005], [19.1198645, 47.4206902]]}}, {"id": "(587, 573, 0)", "type": "Feature", "properties": {"_status": "original", "osmid": 859, "highway": "residential", "lanes": null, "name": "K\u00f6ztemet\u0151 utca", "oneway": false, "reversed": true, "length": 69.94885293548865, "from": "573", "to": "587", "maxspeed": null, "bridge": null, "_key": "0", "ref": null, "access": null, "tunnel": null, "width": null}, "geometry": {"type": "LineString", "coordinates": [[19.1221332, 47.421808899999995], [19.1226562, 47.4212888]]}}, {"id": "(587, 623, 0)", "type": "Feature", "properties": {"_status": "original", "osmid": 860, "highway": "residential", "lanes": null, "name": "Als\u00f3 hat\u00e1r\u00fat", "oneway": false, "reversed": true, "length": 221.59191188880615, "from": "623", "to": "587", "maxspeed": null, "bridge": null, "_key": "0", "ref": null, "access": null, "tunnel": null, "width": null}, "geometry": {"type": "LineString", "coordinates": [[19.124877400000003, 47.42259750000006], [19.1247999, 47.422554], [19.1226562, 47.4212888]]}}, {"id": "(456, 444, 0)", "type": "Feature", "properties": {"_status": "original", "osmid": 855, "highway": "tertiary", "lanes": "2", "name": "V\u00e1g\u00f3h\u00edd utca", "oneway": false, "reversed": true, "length": 66.64831410431435, "from": "444", "to": "456", "maxspeed": null, "bridge": null, "_key": "0", "ref": null, "access": null, "tunnel": null, "width": null}, "geometry": {"type": "LineString", "coordinates": [[19.1159049, 47.420029800000016], [19.116425200000002, 47.41954470000005]]}}, {"id": "(456, 498, 0)", "type": "Feature", "properties": {"_status": "original", "osmid": 856, "highway": "residential", "lanes": null, "name": "\u00c1brah\u00e1m G\u00e9za utca", "oneway": false, "reversed": true, "length": 196.06696010903642, "from": "498", "to": "456", "maxspeed": null, "bridge": null, "_key": "0", "ref": null, "access": null, "tunnel": null, "width": null}, "geometry": {"type": "LineString", "coordinates": [[19.11841529999999, 47.42068310000002], [19.116506200000003, 47.41959040000002], [19.116425200000002, 47.41954470000005]]}}, {"id": "(536, 590, 0)", "type": "Feature", "properties": {"_status": "original", "osmid": 212, "highway": "tertiary", "lanes": "2", "name": "Nagys\u00e1ndor J\u00f3zsef utca", "oneway": false, "reversed": true, "length": 66.67625413983546, "from": "536", "to": "590", "maxspeed": "40", "bridge": null, "_key": "0", "ref": null, "access": null, "tunnel": null, "width": null}, "geometry": {"type": "LineString", "coordinates": [[19.124494599999995, 47.444741500000035], [19.124565799999992, 47.444788400000014], [19.125124199999995, 47.445163700000016], [19.125179100000008, 47.44512870000004], [19.12519919999999, 47.445113200000016], [19.12684299999999, 47.443974600000004]]}}, {"id": "(536, 532, 0)", "type": "Feature", "properties": {"_status": "original", "osmid": 213, "highway": "tertiary", "lanes": "2", "name": "Nagys\u00e1ndor J\u00f3zsef utca", "oneway": false, "reversed": true, "length": 27.459531244087778, "from": "536", "to": "532", "maxspeed": "40", "bridge": null, "_key": "0", "ref": null, "access": null, "tunnel": null, "width": null}, "geometry": {"type": "LineString", "coordinates": [[19.124494599999995, 47.444741500000035], [19.124232299999996, 47.4445697]]}}, {"id": "(536, 569, 0)", "type": "Feature", "properties": {"_status": "original", "osmid": 214, "highway": "residential", "lanes": null, "name": "F\u00e1s utca", "oneway": true, "reversed": false, "length": 144.98376574049664, "from": "569", "to": "536", "maxspeed": null, "bridge": null, "_key": "0", "ref": null, "access": null, "tunnel": null, "width": "6"}, "geometry": {"type": "LineString", "coordinates": [[19.125815099999997, 47.44379150000006], [19.1245871, 47.444675900000036], [19.124557300000003, 47.444697399999995], [19.124494599999995, 47.444741500000035]]}}, {"id": "(590, 578, 0)", "type": "Feature", "properties": {"_status": "original", "osmid": 215, "highway": "residential", "lanes": null, "name": "Kossuthfalva utca", "oneway": true, "reversed": false, "length": 70.53787645873979, "from": "590", "to": "578", "maxspeed": null, "bridge": null, "_key": "0", "ref": null, "access": null, "tunnel": null, "width": null}, "geometry": {"type": "LineString", "coordinates": [[19.12684299999999, 47.443974600000004], [19.126172499999992, 47.44353100000006]]}}, {"id": "(590, 601, 0)", "type": "Feature", "properties": {"_status": "original", "osmid": 216, "highway": "residential", "lanes": null, "name": "Kossuthfalva utca", "oneway": true, "reversed": false, "length": 67.29460671547974, "from": "601", "to": "590", "maxspeed": null, "bridge": null, "_key": "0", "ref": null, "access": null, "tunnel": null, "width": null}, "geometry": {"type": "LineString", "coordinates": [[19.127484699999997, 47.44439640000003], [19.12684299999999, 47.443974600000004]]}}, {"id": "(590, 624, 0)", "type": "Feature", "properties": {"_status": "original", "osmid": 217, "highway": "residential", "lanes": null, "name": "Em\u0151ke utca", "oneway": false, "reversed": false, "length": 178.83694324434262, "from": "624", "to": "590", "maxspeed": "30", "bridge": null, "_key": "0", "ref": null, "access": null, "tunnel": null, "width": "6"}, "geometry": {"type": "LineString", "coordinates": [[19.1284831, 47.44281000000001], [19.12684299999999, 47.443974600000004]]}}, {"id": "(532, 518, 0)", "type": "Feature", "properties": {"_status": "original", "osmid": 236, "highway": "residential", "lanes": null, "name": "K\u00f6teles utca", "oneway": true, "reversed": false, "length": 78.53095618570765, "from": "532", "to": "518", "maxspeed": "30", "bridge": null, "_key": "0", "ref": null, "access": null, "tunnel": null, "width": null}, "geometry": {"type": "LineString", "coordinates": [[19.124232299999996, 47.4445697], [19.124171099999995, 47.444615600000006], [19.124150899999997, 47.44462980000005], [19.1235109, 47.445080300000036]]}}, {"id": "(532, 523, 0)", "type": "Feature", "properties": {"_status": "original", "osmid": 372, "highway": "tertiary", "lanes": "2", "name": "Nagys\u00e1ndor J\u00f3zsef utca", "oneway": false, "reversed": false, "length": 40.23167764645877, "from": "523", "to": "532", "maxspeed": "50", "bridge": null, "_key": "0", "ref": null, "access": null, "tunnel": null, "width": null}, "geometry": {"type": "LineString", "coordinates": [[19.123843599999997, 47.44432110000006], [19.124232299999996, 47.4445697]]}}, {"id": "(569, 578, 0)", "type": "Feature", "properties": {"_status": "original", "osmid": 376, "highway": "residential", "lanes": null, "name": "F\u00e1s utca", "oneway": true, "reversed": false, "length": 39.51516505315287, "from": "578", "to": "569", "maxspeed": null, "bridge": null, "_key": "0", "ref": null, "access": null, "tunnel": null, "width": "6"}, "geometry": {"type": "LineString", "coordinates": [[19.126172499999992, 47.44353100000006], [19.125815099999997, 47.44379150000006]]}}, {"id": "(569, 556, 0)", "type": "Feature", "properties": {"_status": "original", "osmid": 375, "highway": "residential", "lanes": null, "name": "Kossuthfalva t\u00e9r", "oneway": false, "reversed": true, "length": 67.26455207554095, "from": "556", "to": "569", "maxspeed": "30", "bridge": null, "_key": "0", "ref": null, "access": null, "tunnel": null, "width": "6"}, "geometry": {"type": "LineString", "coordinates": [[19.125163499999992, 47.44337709999999], [19.125198299999994, 47.44339930000003], [19.125727399999995, 47.443735700000026], [19.125766199999997, 47.44376040000004], [19.125815099999997, 47.44379150000006]]}}, {"id": "(578, 586, 0)", "type": "Feature", "properties": {"_status": "original", "osmid": 800, "highway": "residential", "lanes": null, "name": "F\u00e1s utca", "oneway": false, "reversed": false, "length": 35.12789455423402, "from": "586", "to": "578", "maxspeed": "30", "bridge": null, "_key": "0", "ref": null, "access": null, "tunnel": null, "width": "6"}, "geometry": {"type": "LineString", "coordinates": [[19.126496899999996, 47.44330370000001], [19.126413900000006, 47.4433619], [19.126172499999992, 47.44353100000006]]}}, {"id": "(601, 566, 0)", "type": "Feature", "properties": {"_status": "original", "osmid": 415, "highway": "residential", "lanes": null, "name": "Bessenyei utca", "oneway": false, "reversed": true, "length": 162.44258637908098, "from": "601", "to": "566", "maxspeed": null, "bridge": null, "_key": "0", "ref": null, "access": null, "tunnel": null, "width": null}, "geometry": {"type": "LineString", "coordinates": [[19.127484699999997, 47.44439640000003], [19.12600029999999, 47.44545770000003]]}}, {"id": "(601, 615, 0)", "type": "Feature", "properties": {"_status": "original", "osmid": 241, "highway": "residential", "lanes": null, "name": "Kossuthfalva utca", "oneway": true, "reversed": false, "length": 90.79566505522726, "from": "615", "to": "601", "maxspeed": null, "bridge": null, "_key": "0", "ref": null, "access": null, "tunnel": null, "width": null}, "geometry": {"type": "LineString", "coordinates": [[19.1283347, 47.44497629999998], [19.127484699999997, 47.44439640000003]]}}, {"id": "(601, 634, 0)", "type": "Feature", "properties": {"_status": "original", "osmid": 416, "highway": "residential", "lanes": null, "name": "Bessenyei utca", "oneway": false, "reversed": true, "length": 179.90562849125132, "from": "634", "to": "601", "maxspeed": "30", "bridge": null, "_key": "0", "ref": null, "access": null, "tunnel": null, "width": "6"}, "geometry": {"type": "LineString", "coordinates": [[19.129150699999997, 47.443235300000005], [19.127529900000006, 47.444364700000044], [19.127484699999997, 47.44439640000003]]}}, {"id": "(624, 634, 0)", "type": "Feature", "properties": {"_status": "original", "osmid": 808, "highway": "residential", "lanes": null, "name": "Zobor utca", "oneway": false, "reversed": false, "length": 68.97182165715914, "from": "634", "to": "624", "maxspeed": "30", "bridge": null, "_key": "0", "ref": null, "access": null, "tunnel": null, "width": null}, "geometry": {"type": "LineString", "coordinates": [[19.129150699999997, 47.443235300000005], [19.1284831, 47.44281000000001]]}}, {"id": "(624, 613, 0)", "type": "Feature", "properties": {"_status": "original", "osmid": 803, "highway": "residential", "lanes": null, "name": "Zobor utca", "oneway": false, "reversed": true, "length": 68.56794101120215, "from": "613", "to": "624", "maxspeed": "30", "bridge": null, "_key": "0", "ref": null, "access": null, "tunnel": null, "width": null}, "geometry": {"type": "LineString", "coordinates": [[19.127833499999998, 47.442377300000025], [19.1284831, 47.44281000000001]]}}, {"id": "(624, 660, 0)", "type": "Feature", "properties": {"_status": "original", "osmid": 811, "highway": "residential", "lanes": null, "name": "Em\u0151ke utca", "oneway": false, "reversed": false, "length": 185.08808261719471, "from": "660", "to": "624", "maxspeed": "30", "bridge": null, "_key": "0", "ref": null, "access": null, "tunnel": null, "width": "6"}, "geometry": {"type": "LineString", "coordinates": [[19.130188999999998, 47.44161020000008], [19.1284831, 47.44281000000001]]}}, {"id": "(819, 815, 0)", "type": "Feature", "properties": {"_status": "original", "osmid": 218, "highway": "residential", "lanes": null, "name": "M\u00e1rt\u00edrok \u00fatja", "oneway": false, "reversed": true, "length": 129.0432246651688, "from": "819", "to": "815", "maxspeed": null, "bridge": null, "_key": "0", "ref": null, "access": null, "tunnel": null, "width": null}, "geometry": {"type": "LineString", "coordinates": [[19.1434549, 47.42779400000006], [19.143355299999996, 47.42786270000004], [19.143141699999994, 47.42801010000001], [19.1419499, 47.42884480000005]]}}, {"id": "(815, 820, 0)", "type": "Feature", "properties": {"_status": "original", "osmid": 219, "highway": "secondary", "lanes": null, "name": "Nagyk\u0151r\u00f6si \u00fat", "oneway": false, "reversed": true, "length": 256.28327976761074, "from": "815", "to": "820", "maxspeed": "50", "bridge": null, "_key": "0", "ref": null, "access": null, "tunnel": null, "width": null}, "geometry": {"type": "LineString", "coordinates": [[19.1419499, 47.42884480000005], [19.14396530000001, 47.430248400000075], [19.14692139999999, 47.432307100000024], [19.146959699999993, 47.432357400000015], [19.1469783, 47.43240540000001], [19.1469873, 47.43247270000001], [19.1469373, 47.43256580000003], [19.1467634, 47.43284610000004], [19.146548299999992, 47.43319929999997], [19.146476699999994, 47.433176700000054], [19.1464138, 47.433160900000004], [19.14634789999999, 47.43315120000001], [19.1462743, 47.43314560000003], [19.146205500000004, 47.43314390000005], [19.1461422, 47.43314630000002], [19.146075999999997, 47.43315130000003], [19.146002399999997, 47.433160400000055], [19.145928799999997, 47.43317550000005], [19.1458607, 47.433192100000035], [19.145797099999992, 47.433209800000036], [19.145734700000002, 47.433238100000025], [19.1456896, 47.43326240000004], [19.145639799999994, 47.433296800000015], [19.145595999999994, 47.43332580000005], [19.14556339999999, 47.43335670000002], [19.145534300000005, 47.43338999999999], [19.145498200000006, 47.43343420000001], [19.145472399999992, 47.43346990000004], [19.1454451, 47.433515399999976], [19.145425099999997, 47.43355530000004], [19.145412499999996, 47.43359260000001], [19.145403400000003, 47.43363940000002], [19.145400799999997, 47.43368550000007], [19.145401000000007, 47.43373060000004], [19.145481400000005, 47.43426560000001], [19.145482599999994, 47.43436320000004], [19.1454778, 47.434432000000015], [19.145460399999994, 47.43450709999998], [19.145443199999995, 47.43456869999999], [19.145419499999996, 47.43463570000003], [19.145395699999998, 47.43469800000001], [19.145366499999994, 47.43476100000001], [19.145329399999998, 47.43482090000003], [19.145293799999994, 47.43487170000001]]}}, {"id": "(815, 805, 0)", "type": "Feature", "properties": {"_status": "original", "osmid": 220, "highway": "residential", "lanes": null, "name": "M\u00e1rt\u00edrok \u00fatja", "oneway": false, "reversed": false, "length": 208.18702321498924, "from": "805", "to": "815", "maxspeed": null, "bridge": null, "_key": "0", "ref": null, "access": null, "tunnel": null, "width": null}, "geometry": {"type": "LineString", "coordinates": [[19.1400383, 47.43019749999999], [19.140324000000003, 47.42996500000006], [19.1419499, 47.42884480000005]]}}, {"id": "(820, 814, 0)", "type": "Feature", "properties": {"_status": "original", "osmid": 221, "highway": "tertiary", "lanes": null, "name": "Fiume utca", "oneway": false, "reversed": true, "length": 273.4572806728564, "from": "814", "to": "820", "maxspeed": null, "bridge": null, "_key": "0", "ref": null, "access": null, "tunnel": null, "width": null}, "geometry": {"type": "LineString", "coordinates": [[19.1426017, 47.433232500000045], [19.145086999999993, 47.43480559999999], [19.145153400000005, 47.43483950000002], [19.145195299999994, 47.43485310000001], [19.145293799999994, 47.43487170000001]]}}, {"id": "(820, 818, 0)", "type": "Feature", "properties": {"_status": "original", "osmid": 222, "highway": "secondary", "lanes": null, "name": "Nagyk\u0151r\u00f6si \u00fat", "oneway": true, "reversed": false, "length": 76.39387598749285, "from": "818", "to": "820", "maxspeed": "50", "bridge": null, "_key": "0", "ref": null, "access": null, "tunnel": null, "width": null}, "geometry": {"type": "LineString", "coordinates": [[19.144653300000005, 47.43539970000002], [19.144839200000003, 47.43529079999999], [19.144915800000003, 47.43523060000002], [19.145136799999996, 47.435033699999984], [19.14521999999999, 47.4349581], [19.145293799999994, 47.43487170000001]]}}, {"id": "(805, 797, 0)", "type": "Feature", "properties": {"_status": "original", "osmid": 324, "highway": "residential", "lanes": null, "name": "M\u00e1rt\u00edrok \u00fatja", "oneway": false, "reversed": true, "length": 86.05217445419282, "from": "805", "to": "797", "maxspeed": null, "bridge": null, "_key": "0", "ref": null, "access": null, "tunnel": null, "width": null}, "geometry": {"type": "LineString", "coordinates": [[19.1400383, 47.43019749999999], [19.139247799999996, 47.43075690000005]]}}, {"id": "(814, 812, 0)", "type": "Feature", "properties": {"_status": "original", "osmid": 317, "highway": "residential", "lanes": null, "name": "Fiume utca", "oneway": false, "reversed": true, "length": 67.72903748305642, "from": "812", "to": "814", "maxspeed": null, "bridge": null, "_key": "0", "ref": null, "access": null, "tunnel": null, "width": "5.5"}, "geometry": {"type": "LineString", "coordinates": [[19.141949, 47.432812900000044], [19.1426017, 47.433232500000045]]}}, {"id": "(814, 811, 0)", "type": "Feature", "properties": {"_status": "original", "osmid": 318, "highway": "tertiary", "lanes": null, "name": "Brass\u00f3 utca", "oneway": false, "reversed": false, "length": 60.84101591098922, "from": "811", "to": "814", "maxspeed": null, "bridge": null, "_key": "0", "ref": null, "access": null, "tunnel": null, "width": null}, "geometry": {"type": "LineString", "coordinates": [[19.142051699999996, 47.433633700000016], [19.142556299999992, 47.43326560000002], [19.1426017, 47.433232500000045]]}}, {"id": "(818, 811, 0)", "type": "Feature", "properties": {"_status": "original", "osmid": 319, "highway": "residential", "lanes": null, "name": "Beszterce utca", "oneway": false, "reversed": true, "length": 277.22330479759233, "from": "818", "to": "811", "maxspeed": null, "bridge": null, "_key": "0", "ref": null, "access": null, "tunnel": null, "width": "5"}, "geometry": {"type": "LineString", "coordinates": [[19.144653300000005, 47.43539970000002], [19.144555800000003, 47.435333499999984], [19.142051699999996, 47.433633700000016]]}}, {"id": "(818, 817, 0)", "type": "Feature", "properties": {"_status": "original", "osmid": 320, "highway": "secondary", "lanes": null, "name": "Nagyk\u0151r\u00f6si \u00fat", "oneway": true, "reversed": false, "length": 66.25219825070641, "from": "817", "to": "818", "maxspeed": "50", "bridge": null, "_key": "0", "ref": null, "access": null, "tunnel": null, "width": null}, "geometry": {"type": "LineString", "coordinates": [[19.144000599999988, 47.435799800000005], [19.1440955, 47.4357415], [19.144653300000005, 47.43539970000002]]}}, {"id": "(157, 189, 0)", "type": "Feature", "properties": {"_status": "original", "osmid": 451, "highway": "residential", "lanes": "2", "name": "Szent Erzs\u00e9bet t\u00e9r", "oneway": true, "reversed": false, "length": 181.49755759071888, "from": "157", "to": "189", "maxspeed": null, "bridge": null, "_key": "0", "ref": null, "access": null, "tunnel": null, "width": null}, "geometry": {"type": "LineString", "coordinates": [[19.1061623, 47.439002200000026], [19.106246699999996, 47.43904520000005], [19.106343099999997, 47.439098600000065], [19.1069291, 47.439423300000044], [19.1079289, 47.43997720000003], [19.10797, 47.440005100000036], [19.1080281, 47.440037000000075]]}}, {"id": "(157, 163, 0)", "type": "Feature", "properties": {"_status": "original", "osmid": 452, "highway": "residential", "lanes": "2", "name": "T\u00f6r\u00f6k Fl\u00f3ris utca", "oneway": false, "reversed": true, "length": 31.643288638327924, "from": "163", "to": "157", "maxspeed": "50", "bridge": null, "_key": "0", "ref": null, "access": null, "tunnel": null, "width": null}, "geometry": {"type": "LineString", "coordinates": [[19.106419899999995, 47.43877720000004], [19.1061623, 47.439002200000026]]}}, {"id": "(558, 576, 0)", "type": "Feature", "properties": {"_status": "original", "osmid": 231, "highway": "residential", "lanes": "2", "name": "Nagyk\u0151r\u00f6si \u00fat", "oneway": true, "reversed": false, "length": 73.15220571814099, "from": "558", "to": "576", "maxspeed": "50", "bridge": null, "_key": "0", "ref": null, "access": null, "tunnel": null, "width": null}, "geometry": {"type": "LineString", "coordinates": [[19.1259065, 47.446617300000035], [19.1265936, 47.44615160000004]]}}, {"id": "(558, 518, 0)", "type": "Feature", "properties": {"_status": "original", "osmid": 232, "highway": "residential", "lanes": null, "name": "M\u00e1rtonffy utca", "oneway": true, "reversed": false, "length": 248.31964492030514, "from": "518", "to": "558", "maxspeed": "30", "bridge": null, "_key": "0", "ref": null, "access": null, "tunnel": null, "width": null}, "geometry": {"type": "LineString", "coordinates": [[19.1235109, 47.445080300000036], [19.1259065, 47.446617300000035]]}}, {"id": "(558, 545, 0)", "type": "Feature", "properties": {"_status": "original", "osmid": 233, "highway": "residential", "lanes": "2", "name": "Nagyk\u0151r\u00f6si \u00fat", "oneway": true, "reversed": false, "length": 62.69700337069126, "from": "545", "to": "558", "maxspeed": "50", "bridge": null, "_key": "0", "ref": null, "access": null, "tunnel": null, "width": null}, "geometry": {"type": "LineString", "coordinates": [[19.1252975, 47.44700240000003], [19.1259065, 47.446617300000035]]}}, {"id": "(576, 615, 0)", "type": "Feature", "properties": {"_status": "original", "osmid": 234, "highway": "residential", "lanes": "2", "name": "Nagyk\u0151r\u00f6si \u00fat", "oneway": true, "reversed": false, "length": 185.01530619894305, "from": "576", "to": "615", "maxspeed": "50", "bridge": null, "_key": "0", "ref": null, "access": null, "tunnel": null, "width": null}, "geometry": {"type": "LineString", "coordinates": [[19.1265936, 47.44615160000004], [19.126839899999997, 47.44599210000001], [19.127350899999993, 47.44563090000007], [19.1283347, 47.44497629999998]]}}, {"id": "(576, 555, 0)", "type": "Feature", "properties": {"_status": "original", "osmid": 235, "highway": "residential", "lanes": null, "name": "Nagys\u00e1ndor J\u00f3zsef utca", "oneway": false, "reversed": true, "length": 115.51078073699752, "from": "555", "to": "576", "maxspeed": null, "bridge": null, "_key": "0", "ref": null, "access": null, "tunnel": null, "width": null}, "geometry": {"type": "LineString", "coordinates": [[19.125467500000003, 47.44544900000006], [19.125813899999997, 47.44561989999999], [19.1265936, 47.44615160000004]]}}, {"id": "(518, 503, 0)", "type": "Feature", "properties": {"_status": "original", "osmid": 237, "highway": "residential", "lanes": null, "name": "K\u00f6teles utca", "oneway": false, "reversed": false, "length": 63.155418922857855, "from": "503", "to": "518", "maxspeed": "30", "bridge": null, "_key": "0", "ref": null, "access": null, "tunnel": null, "width": null}, "geometry": {"type": "LineString", "coordinates": [[19.122920899999986, 47.44548450000001], [19.1235109, 47.445080300000036]]}}, {"id": "(518, 469, 0)", "type": "Feature", "properties": {"_status": "original", "osmid": 238, "highway": "residential", "lanes": null, "name": "M\u00e1rtonffy utca", "oneway": false, "reversed": true, "length": 245.40888999751627, "from": "469", "to": "518", "maxspeed": "30", "bridge": null, "_key": "0", "ref": null, "access": null, "tunnel": null, "width": null}, "geometry": {"type": "LineString", "coordinates": [[19.121158199999996, 47.44355090000006], [19.121225900000002, 47.443595300000034], [19.121239799999998, 47.443604200000046], [19.1212584, 47.443616000000006], [19.121590399999995, 47.44382750000003], [19.1235109, 47.445080300000036]]}}, {"id": "(545, 503, 0)", "type": "Feature", "properties": {"_status": "original", "osmid": 239, "highway": "residential", "lanes": null, "name": "Miksz\u00e1th utca", "oneway": false, "reversed": true, "length": 245.82102274217434, "from": "545", "to": "503", "maxspeed": "30", "bridge": null, "_key": "0", "ref": null, "access": null, "tunnel": null, "width": "5.5"}, "geometry": {"type": "LineString", "coordinates": [[19.1252975, 47.44700240000003], [19.122920899999986, 47.44548450000001]]}}, {"id": "(545, 533, 0)", "type": "Feature", "properties": {"_status": "original", "osmid": 240, "highway": "residential", "lanes": "2", "name": "Nagyk\u0151r\u00f6si \u00fat", "oneway": true, "reversed": false, "length": 56.507276392115, "from": "533", "to": "545", "maxspeed": "50", "bridge": null, "_key": "0", "ref": null, "access": null, "tunnel": null, "width": null}, "geometry": {"type": "LineString", "coordinates": [[19.1247614, 47.447358500000036], [19.1249331, 47.44724450000003], [19.1252975, 47.44700240000003]]}}, {"id": "(615, 652, 0)", "type": "Feature", "properties": {"_status": "original", "osmid": 242, "highway": "residential", "lanes": "2", "name": "Nagyk\u0151r\u00f6si \u00fat", "oneway": true, "reversed": false, "length": 183.24433538550434, "from": "615", "to": "652", "maxspeed": "50", "bridge": null, "_key": "0", "ref": null, "access": null, "tunnel": null, "width": null}, "geometry": {"type": "LineString", "coordinates": [[19.1283347, 47.44497629999998], [19.1284431, 47.44490600000002], [19.13009329999999, 47.443835600000035]]}}, {"id": "(503, 450, 0)", "type": "Feature", "properties": {"_status": "original", "osmid": 289, "highway": "residential", "lanes": null, "name": "Miksz\u00e1th utca", "oneway": false, "reversed": false, "length": 245.50428788998119, "from": "450", "to": "503", "maxspeed": "30", "bridge": null, "_key": "0", "ref": null, "access": null, "tunnel": null, "width": "5.5"}, "geometry": {"type": "LineString", "coordinates": [[19.120591799999993, 47.44393740000005], [19.1206546, 47.44397910000002], [19.122920899999986, 47.44548450000001]]}}, {"id": "(503, 489, 0)", "type": "Feature", "properties": {"_status": "original", "osmid": 380, "highway": "residential", "lanes": null, "name": "K\u00f6teles utca", "oneway": false, "reversed": false, "length": 53.164909332909154, "from": "489", "to": "503", "maxspeed": "30", "bridge": null, "_key": "0", "ref": null, "access": null, "tunnel": null, "width": null}, "geometry": {"type": "LineString", "coordinates": [[19.1224302, 47.44582870000002], [19.122920899999986, 47.44548450000001]]}}, {"id": "(469, 421, 0)", "type": "Feature", "properties": {"_status": "original", "osmid": 272, "highway": "residential", "lanes": null, "name": "M\u00e1rtonffy utca", "oneway": false, "reversed": false, "length": 247.96764832620977, "from": "421", "to": "469", "maxspeed": "50", "bridge": null, "_key": "0", "ref": null, "access": null, "tunnel": null, "width": null}, "geometry": {"type": "LineString", "coordinates": [[19.118806799999994, 47.441987600000054], [19.118851499999998, 47.442017400000005], [19.121100399999996, 47.44351250000002], [19.121107800000004, 47.44351740000005], [19.121158199999996, 47.44355090000006]]}}, {"id": "(469, 450, 0)", "type": "Feature", "properties": {"_status": "original", "osmid": 290, "highway": "tertiary", "lanes": "2", "name": "M\u00e1rt\u00edrok \u00fatja", "oneway": false, "reversed": false, "length": 60.508965759360024, "from": "450", "to": "469", "maxspeed": "50", "bridge": null, "_key": "0", "ref": null, "access": null, "tunnel": null, "width": null}, "geometry": {"type": "LineString", "coordinates": [[19.120591799999993, 47.44393740000005], [19.121158199999996, 47.44355090000006]]}}, {"id": "(469, 487, 0)", "type": "Feature", "properties": {"_status": "original", "osmid": 381, "highway": "tertiary", "lanes": "2", "name": "M\u00e1rt\u00edrok \u00fatja", "oneway": false, "reversed": true, "length": 77.18833842363287, "from": "487", "to": "469", "maxspeed": "50", "bridge": null, "_key": "0", "ref": null, "access": null, "tunnel": null, "width": null}, "geometry": {"type": "LineString", "coordinates": [[19.1218709, 47.443051400000066], [19.121774699999996, 47.443121800000014], [19.121752999999995, 47.44313690000005], [19.121158199999996, 47.44355090000006]]}}, {"id": "(533, 489, 0)", "type": "Feature", "properties": {"_status": "original", "osmid": 383, "highway": "residential", "lanes": null, "name": "Ir\u00e1nyi utca", "oneway": false, "reversed": false, "length": 244.26899626116918, "from": "533", "to": "489", "maxspeed": "30", "bridge": null, "_key": "0", "ref": null, "access": null, "tunnel": null, "width": null}, "geometry": {"type": "LineString", "coordinates": [[19.1247614, 47.447358500000036], [19.1224302, 47.44582870000002]]}}, {"id": "(533, 521, 0)", "type": "Feature", "properties": {"_status": "original", "osmid": 531, "highway": "residential", "lanes": "2", "name": "Nagyk\u0151r\u00f6si \u00fat", "oneway": true, "reversed": false, "length": 65.17111369863407, "from": "521", "to": "533", "maxspeed": "50", "bridge": null, "_key": "0", "ref": null, "access": null, "tunnel": null, "width": null}, "geometry": {"type": "LineString", "coordinates": [[19.1241612, 47.44778130000004], [19.1247614, 47.447358500000036]]}}, {"id": "(652, 687, 0)", "type": "Feature", "properties": {"_status": "original", "osmid": 355, "highway": "residential", "lanes": "2", "name": "Nagyk\u0151r\u00f6si \u00fat", "oneway": true, "reversed": false, "length": 182.39936841021563, "from": "652", "to": "687", "maxspeed": "50", "bridge": null, "_key": "0", "ref": null, "access": null, "tunnel": null, "width": null}, "geometry": {"type": "LineString", "coordinates": [[19.13009329999999, 47.443835600000035], [19.130835899999994, 47.44334589999998], [19.131857799999995, 47.442710400000045]]}}, {"id": "(652, 648, 0)", "type": "Feature", "properties": {"_status": "original", "osmid": 417, "highway": "residential", "lanes": null, "name": "Zobor utca", "oneway": false, "reversed": false, "length": 29.01664188512762, "from": "652", "to": "648", "maxspeed": "30", "bridge": null, "_key": "0", "ref": null, "access": null, "tunnel": null, "width": null}, "geometry": {"type": "LineString", "coordinates": [[19.13009329999999, 47.443835600000035], [19.12993429999999, 47.44373330000005], [19.129813799999994, 47.443655700000065]]}}, {"id": "(254, 233, 0)", "type": "Feature", "properties": {"_status": "original", "osmid": 243, "highway": "tertiary", "lanes": "2", "name": null, "oneway": false, "reversed": true, "length": 69.54931449022529, "from": "254", "to": "233", "maxspeed": null, "bridge": null, "_key": "0", "ref": null, "access": null, "tunnel": null, "width": null}, "geometry": {"type": "LineString", "coordinates": [[19.1130024, 47.45363230000004], [19.112871199999997, 47.453625600000045], [19.112084100000008, 47.45355800000005]]}}, {"id": "(254, 264, 0)", "type": "Feature", "properties": {"_status": "original", "osmid": 244, "highway": "tertiary", "lanes": "2", "name": null, "oneway": false, "reversed": true, "length": 34.51888078500808, "from": "264", "to": "254", "maxspeed": null, "bridge": null, "_key": "0", "ref": null, "access": null, "tunnel": null, "width": null}, "geometry": {"type": "LineString", "coordinates": [[19.113461299999997, 47.45363509999999], [19.113277599999993, 47.45363700000002], [19.113113200000008, 47.4536365], [19.1130024, 47.45363230000004]]}}, {"id": "(254, 235, 0)", "type": "Feature", "properties": {"_status": "original", "osmid": 245, "highway": "residential", "lanes": null, "name": "Balassa utca", "oneway": false, "reversed": false, "length": 99.75726190933332, "from": "235", "to": "254", "maxspeed": "30", "bridge": null, "_key": "0", "ref": null, "access": null, "tunnel": null, "width": null}, "geometry": {"type": "LineString", "coordinates": [[19.112161399999998, 47.452975900000034], [19.112936800000004, 47.453463799999994], [19.1129857, 47.45351010000005], [19.113004500000002, 47.45355360000005], [19.1130024, 47.45363230000004]]}}, {"id": "(264, 289, 0)", "type": "Feature", "properties": {"_status": "original", "osmid": 246, "highway": "tertiary", "lanes": "2", "name": null, "oneway": false, "reversed": false, "length": 65.54800602774128, "from": "264", "to": "289", "maxspeed": null, "bridge": null, "_key": "0", "ref": null, "access": null, "tunnel": null, "width": null}, "geometry": {"type": "LineString", "coordinates": [[19.113461299999997, 47.45363509999999], [19.113813100000005, 47.453628900000034], [19.113907400000002, 47.45362730000004], [19.1140756, 47.45361900000002], [19.1143316, 47.4536046]]}}, {"id": "(264, 282, 0)", "type": "Feature", "properties": {"_status": "original", "osmid": 247, "highway": "residential", "lanes": null, "name": "Balassa utca", "oneway": false, "reversed": true, "length": 96.87771962015161, "from": "282", "to": "264", "maxspeed": null, "bridge": null, "_key": "0", "ref": null, "access": null, "tunnel": null, "width": null}, "geometry": {"type": "LineString", "coordinates": [[19.114236199999997, 47.45430300000002], [19.113578699999994, 47.45386610000002], [19.113546100000004, 47.45383720000004], [19.113515099999997, 47.45379650000007], [19.1134974, 47.453762999999974], [19.113475599999994, 47.453685600000036], [19.113461299999997, 47.45363509999999]]}}, {"id": "(235, 252, 0)", "type": "Feature", "properties": {"_status": "original", "osmid": 248, "highway": "residential", "lanes": null, "name": "K\u00f6teles utca", "oneway": false, "reversed": false, "length": 64.85488961145877, "from": "235", "to": "252", "maxspeed": "30", "bridge": null, "_key": "0", "ref": null, "access": null, "tunnel": null, "width": null}, "geometry": {"type": "LineString", "coordinates": [[19.112161399999998, 47.452975900000034], [19.11276279999999, 47.45255780000001]]}}, {"id": "(235, 216, 0)", "type": "Feature", "properties": {"_status": "original", "osmid": 249, "highway": "residential", "lanes": null, "name": "K\u00f6teles utca", "oneway": false, "reversed": true, "length": 72.3753294874712, "from": "235", "to": "216", "maxspeed": "30", "bridge": null, "_key": "0", "ref": null, "access": null, "tunnel": null, "width": null}, "geometry": {"type": "LineString", "coordinates": [[19.112161399999998, 47.452975900000034], [19.111606499999997, 47.453343400000044], [19.111587600000004, 47.45335610000002], [19.1115339, 47.45339340000004], [19.111474999999995, 47.45343220000003]]}}, {"id": "(235, 184, 0)", "type": "Feature", "properties": {"_status": "original", "osmid": 250, "highway": "residential", "lanes": null, "name": "Balassa utca", "oneway": true, "reversed": false, "length": 239.96084296476073, "from": "235", "to": "184", "maxspeed": "30", "bridge": null, "_key": "0", "ref": null, "access": null, "tunnel": null, "width": null}, "geometry": {"type": "LineString", "coordinates": [[19.112161399999998, 47.452975900000034], [19.110048700000004, 47.45159770000003], [19.109963899999993, 47.45154240000002], [19.10986619999999, 47.45147650000003]]}}, {"id": "(289, 252, 0)", "type": "Feature", "properties": {"_status": "original", "osmid": 251, "highway": "residential", "lanes": null, "name": "Tuba utca", "oneway": false, "reversed": true, "length": 165.72292025163966, "from": "252", "to": "289", "maxspeed": "30", "bridge": null, "_key": "0", "ref": null, "access": null, "tunnel": null, "width": null}, "geometry": {"type": "LineString", "coordinates": [[19.11276279999999, 47.45255780000001], [19.113507100000003, 47.453055100000036], [19.114164400000003, 47.45348870000004], [19.114269099999994, 47.453561300000025], [19.114288700000007, 47.45357490000006], [19.1143316, 47.4536046]]}}, {"id": "(289, 309, 0)", "type": "Feature", "properties": {"_status": "original", "osmid": 254, "highway": "residential", "lanes": "2", "name": "Nagyk\u0151r\u00f6si \u00fat", "oneway": false, "reversed": true, "length": 77.13690743923307, "from": "309", "to": "289", "maxspeed": null, "bridge": null, "_key": "0", "ref": null, "access": null, "tunnel": null, "width": null}, "geometry": {"type": "LineString", "coordinates": [[19.115331199999996, 47.45345160000005], [19.115264699999997, 47.45346690000004], [19.115143999999997, 47.45349020000001], [19.114970899999996, 47.45352020000003], [19.114811799999995, 47.453544199999996], [19.114594000000004, 47.45357180000004], [19.1143316, 47.4536046]]}}, {"id": "(252, 272, 0)", "type": "Feature", "properties": {"_status": "original", "osmid": 252, "highway": "residential", "lanes": null, "name": "K\u00f6teles utca", "oneway": false, "reversed": true, "length": 63.69759224988113, "from": "272", "to": "252", "maxspeed": "30", "bridge": null, "_key": "0", "ref": null, "access": null, "tunnel": null, "width": null}, "geometry": {"type": "LineString", "coordinates": [[19.113357900000004, 47.45215010000006], [19.11276279999999, 47.45255780000001]]}}, {"id": "(252, 200, 0)", "type": "Feature", "properties": {"_status": "original", "osmid": 253, "highway": "residential", "lanes": null, "name": "Tuba utca", "oneway": false, "reversed": true, "length": 240.54927219064734, "from": "200", "to": "252", "maxspeed": "30", "bridge": null, "_key": "0", "ref": null, "access": null, "tunnel": null, "width": null}, "geometry": {"type": "LineString", "coordinates": [[19.110453699999997, 47.45106060000002], [19.1105385, 47.45111330000004], [19.110670099999997, 47.45119510000002], [19.11276279999999, 47.45255780000001]]}}, {"id": "(216, 261, 0)", "type": "Feature", "properties": {"_status": "original", "osmid": 399, "highway": "secondary", "lanes": ["5", "3", "4"], "name": "Hat\u00e1r \u00fat", "oneway": false, "reversed": false, "length": 227.18854753692733, "from": "216", "to": "261", "maxspeed": "50", "bridge": null, "_key": "0", "ref": null, "access": null, "tunnel": null, "width": null}, "geometry": {"type": "LineString", "coordinates": [[19.111474999999995, 47.45343220000003], [19.111546499999996, 47.45347670000005], [19.111668800000007, 47.45355920000004], [19.111724400000003, 47.45359670000003], [19.1118275, 47.45367110000004], [19.11197, 47.45376940000001], [19.11222139999999, 47.45394290000004], [19.11282399999999, 47.45435860000003], [19.113135599999993, 47.4545688], [19.1135194, 47.45482790000004], [19.113601399999993, 47.454883600000024]]}}, {"id": "(216, 171, 0)", "type": "Feature", "properties": {"_status": "original", "osmid": 314, "highway": "secondary", "lanes": ["3", "2"], "name": "Hat\u00e1r \u00fat", "oneway": false, "reversed": false, "length": 237.90103133684573, "from": "171", "to": "216", "maxspeed": "50", "bridge": null, "_key": "0", "ref": null, "access": null, "tunnel": null, "width": null}, "geometry": {"type": "LineString", "coordinates": [[19.10920689999999, 47.45194050000004], [19.109671799999997, 47.45224910000002], [19.1098222, 47.452348900000025], [19.1109443, 47.45308140000004], [19.111474999999995, 47.45343220000003]]}}, {"id": "(184, 171, 0)", "type": "Feature", "properties": {"_status": "original", "osmid": 315, "highway": "tertiary", "lanes": "2", "name": "M\u00e1rt\u00edrok \u00fatja", "oneway": false, "reversed": true, "length": 71.55158161125635, "from": "184", "to": "171", "maxspeed": null, "bridge": null, "_key": "0", "ref": null, "access": null, "tunnel": null, "width": null}, "geometry": {"type": "LineString", "coordinates": [[19.10986619999999, 47.45147650000003], [19.109393999999998, 47.45180760000001], [19.109315299999995, 47.45186290000003], [19.109293200000007, 47.45187850000008], [19.10920689999999, 47.45194050000004]]}}, {"id": "(184, 146, 0)", "type": "Feature", "properties": {"_status": "original", "osmid": 316, "highway": "residential", "lanes": null, "name": "Balassa utca", "oneway": false, "reversed": true, "length": 247.53119409864763, "from": "184", "to": "146", "maxspeed": "50", "bridge": null, "_key": "0", "ref": null, "access": null, "tunnel": null, "width": null}, "geometry": {"type": "LineString", "coordinates": [[19.10986619999999, 47.45147650000003], [19.1098039, 47.451434400000004], [19.1097712, 47.45141240000004], [19.107476899999995, 47.4499452]]}}, {"id": "(184, 197, 0)", "type": "Feature", "properties": {"_status": "original", "osmid": 483, "highway": "tertiary", "lanes": "2", "name": "M\u00e1rt\u00edrok \u00fatja", "oneway": false, "reversed": true, "length": 51.39149705413375, "from": "197", "to": "184", "maxspeed": null, "bridge": null, "_key": "0", "ref": null, "access": null, "tunnel": null, "width": null}, "geometry": {"type": "LineString", "coordinates": [[19.110338299999995, 47.45114230000001], [19.10986619999999, 47.45147650000003]]}}, {"id": "(272, 309, 0)", "type": "Feature", "properties": {"_status": "original", "osmid": 256, "highway": "residential", "lanes": null, "name": "Klauz\u00e1l utca", "oneway": false, "reversed": false, "length": 207.26564345368834, "from": "272", "to": "309", "maxspeed": "30", "bridge": null, "_key": "0", "ref": null, "access": null, "tunnel": null, "width": null}, "geometry": {"type": "LineString", "coordinates": [[19.113357900000004, 47.45215010000006], [19.1152267, 47.45338120000001], [19.115274799999998, 47.45341300000002], [19.115305000000003, 47.45343430000002], [19.115331199999996, 47.45345160000005]]}}, {"id": "(272, 287, 0)", "type": "Feature", "properties": {"_status": "original", "osmid": 257, "highway": "residential", "lanes": null, "name": "K\u00f6teles utca", "oneway": false, "reversed": true, "length": 63.637716479694575, "from": "287", "to": "272", "maxspeed": "30", "bridge": null, "_key": "0", "ref": null, "access": null, "tunnel": null, "width": null}, "geometry": {"type": "LineString", "coordinates": [[19.113954699999997, 47.451744300000016], [19.113357900000004, 47.45215010000006]]}}, {"id": "(272, 218, 0)", "type": "Feature", "properties": {"_status": "original", "osmid": 258, "highway": "residential", "lanes": null, "name": "Klauz\u00e1l utca", "oneway": false, "reversed": false, "length": 241.01582548904364, "from": "218", "to": "272", "maxspeed": "30", "bridge": null, "_key": "0", "ref": null, "access": null, "tunnel": null, "width": null}, "geometry": {"type": "LineString", "coordinates": [[19.111041500000002, 47.450652000000005], [19.111115199999997, 47.450697300000044], [19.111185399999997, 47.45074030000003], [19.113357900000004, 47.45215010000006]]}}, {"id": "(200, 197, 0)", "type": "Feature", "properties": {"_status": "original", "osmid": 259, "highway": "tertiary", "lanes": "2", "name": "M\u00e1rt\u00edrok \u00fatja", "oneway": false, "reversed": false, "length": 12.562810280279056, "from": "197", "to": "200", "maxspeed": null, "bridge": null, "_key": "0", "ref": null, "access": null, "tunnel": null, "width": null}, "geometry": {"type": "LineString", "coordinates": [[19.110338299999995, 47.45114230000001], [19.110453699999997, 47.45106060000002]]}}, {"id": "(200, 210, 0)", "type": "Feature", "properties": {"_status": "original", "osmid": 260, "highway": "tertiary", "lanes": "2", "name": "M\u00e1rt\u00edrok \u00fatja", "oneway": false, "reversed": true, "length": 41.71779715832953, "from": "210", "to": "200", "maxspeed": null, "bridge": null, "_key": "0", "ref": null, "access": null, "tunnel": null, "width": null}, "geometry": {"type": "LineString", "coordinates": [[19.110840599999996, 47.45079170000002], [19.1106471, 47.45092620000002], [19.110453699999997, 47.45106060000002]]}}, {"id": "(309, 331, 0)", "type": "Feature", "properties": {"_status": "original", "osmid": 255, "highway": "residential", "lanes": "2", "name": "Nagyk\u0151r\u00f6si \u00fat", "oneway": true, "reversed": false, "length": 69.2233978587982, "from": "309", "to": "331", "maxspeed": "50", "bridge": null, "_key": "0", "ref": null, "access": null, "tunnel": null, "width": null}, "geometry": {"type": "LineString", "coordinates": [[19.115331199999996, 47.45345160000005], [19.115526, 47.453411000000024], [19.1156431, 47.453377800000055], [19.115909700000003, 47.45328660000003], [19.116169900000003, 47.45319840000006]]}}, {"id": "(331, 344, 0)", "type": "Feature", "properties": {"_status": "original", "osmid": 261, "highway": "residential", "lanes": ["1", "2"], "name": "Nagyk\u0151r\u00f6si \u00fat", "oneway": true, "reversed": false, "length": 70.81869476710358, "from": "331", "to": "344", "maxspeed": "50", "bridge": null, "_key": "0", "ref": null, "access": null, "tunnel": null, "width": null}, "geometry": {"type": "LineString", "coordinates": [[19.116169900000003, 47.45319840000006], [19.116536200000002, 47.453035900000025], [19.1168098, 47.45287440000005], [19.11691429999999, 47.45281080000004]]}}, {"id": "(331, 287, 0)", "type": "Feature", "properties": {"_status": "original", "osmid": 262, "highway": "residential", "lanes": null, "name": "R\u00e9vay utca", "oneway": false, "reversed": false, "length": 232.1335910158442, "from": "287", "to": "331", "maxspeed": "30", "bridge": null, "_key": "0", "ref": null, "access": null, "tunnel": null, "width": null}, "geometry": {"type": "LineString", "coordinates": [[19.113954699999997, 47.451744300000016], [19.115905399999995, 47.45302480000006], [19.116055100000004, 47.45312299999997], [19.116145599999992, 47.45318240000001], [19.116169900000003, 47.45319840000006]]}}, {"id": "(287, 234, 0)", "type": "Feature", "properties": {"_status": "original", "osmid": 707, "highway": "residential", "lanes": null, "name": "R\u00e9vay utca", "oneway": false, "reversed": true, "length": 243.42947253802492, "from": "287", "to": "234", "maxspeed": "30", "bridge": null, "_key": "0", "ref": null, "access": null, "tunnel": null, "width": null}, "geometry": {"type": "LineString", "coordinates": [[19.113954699999997, 47.451744300000016], [19.1117899, 47.450336300000004], [19.111733799999996, 47.45029980000001], [19.111621399999997, 47.45022670000006]]}}, {"id": "(287, 301, 0)", "type": "Feature", "properties": {"_status": "original", "osmid": 708, "highway": "residential", "lanes": null, "name": "K\u00f6teles utca", "oneway": false, "reversed": true, "length": 70.17434355243262, "from": "301", "to": "287", "maxspeed": "30", "bridge": null, "_key": "0", "ref": null, "access": null, "tunnel": null, "width": null}, "geometry": {"type": "LineString", "coordinates": [[19.114600500000005, 47.451288700000035], [19.113954699999997, 47.451744300000016]]}}, {"id": "(218, 210, 0)", "type": "Feature", "properties": {"_status": "original", "osmid": 700, "highway": "tertiary", "lanes": "2", "name": "M\u00e1rt\u00edrok \u00fatja", "oneway": false, "reversed": true, "length": 21.667993481049702, "from": "218", "to": "210", "maxspeed": null, "bridge": null, "_key": "0", "ref": null, "access": null, "tunnel": null, "width": null}, "geometry": {"type": "LineString", "coordinates": [[19.111041500000002, 47.450652000000005], [19.110840599999996, 47.45079170000002]]}}, {"id": "(218, 225, 0)", "type": "Feature", "properties": {"_status": "original", "osmid": 704, "highway": "tertiary", "lanes": "2", "name": "M\u00e1rt\u00edrok \u00fatja", "oneway": false, "reversed": true, "length": 31.836037751191533, "from": "225", "to": "218", "maxspeed": null, "bridge": null, "_key": "0", "ref": null, "access": null, "tunnel": null, "width": null}, "geometry": {"type": "LineString", "coordinates": [[19.1113231, 47.4504382], [19.111041500000002, 47.450652000000005]]}}, {"id": "(197, 155, 0)", "type": "Feature", "properties": {"_status": "original", "osmid": 519, "highway": "residential", "lanes": null, "name": "N\u00e1dor utca", "oneway": false, "reversed": true, "length": 248.1324536922041, "from": "197", "to": "155", "maxspeed": "50", "bridge": null, "_key": "0", "ref": null, "access": null, "tunnel": null, "width": null}, "geometry": {"type": "LineString", "coordinates": [[19.110338299999995, 47.45114230000001], [19.110213799999997, 47.45106140000006], [19.107958500000002, 47.44959640000002]]}}, {"id": "(210, 165, 0)", "type": "Feature", "properties": {"_status": "original", "osmid": 699, "highway": "residential", "lanes": null, "name": "Kun utca", "oneway": false, "reversed": true, "length": 247.76075879512638, "from": "210", "to": "165", "maxspeed": "50", "bridge": null, "_key": "0", "ref": null, "access": null, "tunnel": null, "width": null}, "geometry": {"type": "LineString", "coordinates": [[19.110840599999996, 47.45079170000002], [19.110758200000003, 47.45073780000003], [19.108472099999993, 47.44924270000003]]}}, {"id": "(344, 360, 0)", "type": "Feature", "properties": {"_status": "original", "osmid": 709, "highway": "residential", "lanes": "1", "name": "Nagyk\u0151r\u00f6si \u00fat", "oneway": true, "reversed": false, "length": 55.575482184638815, "from": "344", "to": "360", "maxspeed": "50", "bridge": null, "_key": "0", "ref": null, "access": null, "tunnel": null, "width": null}, "geometry": {"type": "LineString", "coordinates": [[19.11691429999999, 47.45281080000004], [19.1174474, 47.45246460000005]]}}, {"id": "(344, 301, 0)", "type": "Feature", "properties": {"_status": "original", "osmid": 710, "highway": "residential", "lanes": null, "name": "R\u00e1k\u00f3czi utca", "oneway": false, "reversed": false, "length": 242.72104418314436, "from": "301", "to": "344", "maxspeed": "30", "bridge": null, "_key": "0", "ref": null, "access": null, "tunnel": null, "width": null}, "geometry": {"type": "LineString", "coordinates": [[19.114600500000005, 47.451288700000035], [19.1168683, 47.452780900000015], [19.11691429999999, 47.45281080000004]]}}, {"id": "(386, 380, 0)", "type": "Feature", "properties": {"_status": "original", "osmid": 263, "highway": "residential", "lanes": null, "name": "J\u00f3kai M\u00f3r utca", "oneway": false, "reversed": true, "length": 13.980098751622148, "from": "386", "to": "380", "maxspeed": null, "bridge": null, "_key": "0", "ref": null, "access": null, "tunnel": null, "width": null}, "geometry": {"type": "LineString", "coordinates": [[19.116617799999997, 47.44032850000001], [19.11648769999999, 47.44041830000004]]}}, {"id": "(386, 349, 0)", "type": "Feature", "properties": {"_status": "original", "osmid": 264, "highway": "residential", "lanes": null, "name": "Bem utca", "oneway": true, "reversed": false, "length": 191.01129151281884, "from": "386", "to": "349", "maxspeed": null, "bridge": null, "_key": "0", "ref": null, "access": null, "tunnel": null, "width": null}, "geometry": {"type": "LineString", "coordinates": [[19.116617799999997, 47.44032850000001], [19.1165774, 47.4403028], [19.114849700000008, 47.439140400000014], [19.114816099999995, 47.4391178]]}}, {"id": "(386, 400, 0)", "type": "Feature", "properties": {"_status": "original", "osmid": 265, "highway": "residential", "lanes": null, "name": "J\u00f3kai M\u00f3r utca", "oneway": false, "reversed": true, "length": 62.017190074343034, "from": "400", "to": "386", "maxspeed": null, "bridge": null, "_key": "0", "ref": null, "access": null, "tunnel": null, "width": null}, "geometry": {"type": "LineString", "coordinates": [[19.117190899999997, 47.43992760000005], [19.1171221, 47.43998010000006], [19.117041199999996, 47.440037600000046], [19.116617799999997, 47.44032850000001]]}}, {"id": "(380, 370, 0)", "type": "Feature", "properties": {"_status": "original", "osmid": 266, "highway": "residential", "lanes": null, "name": "J\u00f3kai M\u00f3r utca", "oneway": false, "reversed": false, "length": 65.03415736806079, "from": "370", "to": "380", "maxspeed": null, "bridge": null, "_key": "0", "ref": null, "access": null, "tunnel": null, "width": null}, "geometry": {"type": "LineString", "coordinates": [[19.115887899999997, 47.440839600000025], [19.11648769999999, 47.44041830000004]]}}, {"id": "(380, 421, 0)", "type": "Feature", "properties": {"_status": "original", "osmid": 267, "highway": "residential", "lanes": null, "name": "M\u00e1rtonffy utca", "oneway": true, "reversed": false, "length": 246.72678054583363, "from": "421", "to": "380", "maxspeed": "50", "bridge": null, "_key": "0", "ref": null, "access": null, "tunnel": null, "width": null}, "geometry": {"type": "LineString", "coordinates": [[19.118806799999994, 47.441987600000054], [19.1187627, 47.44196000000003], [19.116579900000005, 47.4404801], [19.116549600000003, 47.44045760000006], [19.1165193, 47.440438399999984], [19.11648769999999, 47.44041830000004]]}}, {"id": "(349, 361, 0)", "type": "Feature", "properties": {"_status": "original", "osmid": 274, "highway": "residential", "lanes": null, "name": "V\u00e9csey utca", "oneway": false, "reversed": false, "length": 60.03632874810851, "from": "349", "to": "361", "maxspeed": null, "bridge": null, "_key": "0", "ref": null, "access": null, "tunnel": null, "width": null}, "geometry": {"type": "LineString", "coordinates": [[19.114816099999995, 47.4391178], [19.11484869999999, 47.43909550000006], [19.1153366, 47.438761100000015], [19.1153768, 47.438733500000026]]}}, {"id": "(349, 343, 0)", "type": "Feature", "properties": {"_status": "original", "osmid": 275, "highway": "residential", "lanes": null, "name": "Bem utca", "oneway": true, "reversed": false, "length": 52.809694806033285, "from": "349", "to": "343", "maxspeed": null, "bridge": null, "_key": "0", "ref": null, "access": null, "tunnel": null, "width": null}, "geometry": {"type": "LineString", "coordinates": [[19.114816099999995, 47.4391178], [19.114789499999993, 47.439099800000044], [19.114394499999992, 47.438832200000014], [19.114320000000003, 47.43878170000004]]}}, {"id": "(400, 361, 0)", "type": "Feature", "properties": {"_status": "original", "osmid": 277, "highway": "tertiary", "lanes": "2", "name": "Nagys\u00e1ndor J\u00f3zsef utca", "oneway": false, "reversed": false, "length": 190.3812630437588, "from": "361", "to": "400", "maxspeed": null, "bridge": null, "_key": "0", "ref": null, "access": null, "tunnel": null, "width": null}, "geometry": {"type": "LineString", "coordinates": [[19.1153768, 47.438733500000026], [19.115405899999992, 47.43875270000006], [19.11704739999999, 47.439832700000004], [19.117190899999997, 47.43992760000005]]}}, {"id": "(400, 405, 0)", "type": "Feature", "properties": {"_status": "original", "osmid": 276, "highway": "tertiary", "lanes": "2", "name": "Nagys\u00e1ndor J\u00f3zsef utca", "oneway": false, "reversed": true, "length": 35.90709053029825, "from": "405", "to": "400", "maxspeed": null, "bridge": null, "_key": "0", "ref": null, "access": null, "tunnel": null, "width": null}, "geometry": {"type": "LineString", "coordinates": [[19.1175325, 47.440153200000026], [19.117190899999997, 47.43992760000005]]}}, {"id": "(370, 354, 0)", "type": "Feature", "properties": {"_status": "original", "osmid": 268, "highway": "residential", "lanes": null, "name": "J\u00f3kai M\u00f3r utca", "oneway": false, "reversed": false, "length": 69.40733779269031, "from": "354", "to": "370", "maxspeed": null, "bridge": null, "_key": "0", "ref": null, "access": null, "tunnel": null, "width": null}, "geometry": {"type": "LineString", "coordinates": [[19.115249099999996, 47.44129010000003], [19.115887899999997, 47.440839600000025]]}}, {"id": "(370, 410, 0)", "type": "Feature", "properties": {"_status": "original", "osmid": 269, "highway": "residential", "lanes": null, "name": "Miksz\u00e1th utca", "oneway": false, "reversed": true, "length": 246.2399679116171, "from": "410", "to": "370", "maxspeed": "50", "bridge": null, "_key": "0", "ref": null, "access": null, "tunnel": null, "width": null}, "geometry": {"type": "LineString", "coordinates": [[19.11822619999999, 47.44238970000001], [19.118178599999997, 47.44235809999999], [19.1159596, 47.44088810000001], [19.1159182, 47.44086060000002], [19.115887899999997, 47.440839600000025]]}}, {"id": "(370, 327, 0)", "type": "Feature", "properties": {"_status": "original", "osmid": 270, "highway": "residential", "lanes": null, "name": "Dobos utca", "oneway": false, "reversed": false, "length": 243.6555526997646, "from": "327", "to": "370", "maxspeed": "30", "bridge": null, "_key": "0", "ref": null, "access": null, "tunnel": null, "width": null}, "geometry": {"type": "LineString", "coordinates": [[19.113618499999998, 47.439276500000055], [19.113683800000004, 47.439322800000035], [19.114205600000005, 47.43969630000004], [19.1152657, 47.44040900000004], [19.115797000000004, 47.44076620000002], [19.115845400000005, 47.440805600000026], [19.115887899999997, 47.440839600000025]]}}, {"id": "(421, 410, 0)", "type": "Feature", "properties": {"_status": "original", "osmid": 271, "highway": "residential", "lanes": null, "name": "Ny\u00e1ry P\u00e1l utca", "oneway": false, "reversed": true, "length": 62.49534805425962, "from": "421", "to": "410", "maxspeed": "50", "bridge": null, "_key": "0", "ref": null, "access": null, "tunnel": null, "width": null}, "geometry": {"type": "LineString", "coordinates": [[19.118806799999994, 47.441987600000054], [19.11822619999999, 47.44238970000001]]}}, {"id": "(421, 437, 0)", "type": "Feature", "properties": {"_status": "original", "osmid": 273, "highway": "residential", "lanes": null, "name": "Ny\u00e1ry P\u00e1l utca", "oneway": false, "reversed": false, "length": 77.78133043428322, "from": "421", "to": "437", "maxspeed": "50", "bridge": null, "_key": "0", "ref": null, "access": null, "tunnel": null, "width": null}, "geometry": {"type": "LineString", "coordinates": [[19.118806799999994, 47.441987600000054], [19.119443499999996, 47.44153180000002], [19.1194722, 47.44151230000001], [19.11951899999999, 47.441480400000025]]}}, {"id": "(354, 397, 0)", "type": "Feature", "properties": {"_status": "original", "osmid": 278, "highway": "residential", "lanes": null, "name": "Sas utca", "oneway": false, "reversed": true, "length": 247.06677252538097, "from": "397", "to": "354", "maxspeed": "50", "bridge": null, "_key": "0", "ref": null, "access": null, "tunnel": null, "width": null}, "geometry": {"type": "LineString", "coordinates": [[19.117598599999997, 47.44284310000002], [19.11755309999999, 47.44281300000004], [19.115358199999992, 47.44136150000003], [19.115279600000004, 47.441309200000035], [19.115249099999996, 47.44129010000003]]}}, {"id": "(354, 335, 0)", "type": "Feature", "properties": {"_status": "original", "osmid": 279, "highway": "residential", "lanes": null, "name": "J\u00f3kai M\u00f3r utca", "oneway": false, "reversed": false, "length": 83.42246901754822, "from": "335", "to": "354", "maxspeed": null, "bridge": null, "_key": "0", "ref": null, "access": null, "tunnel": null, "width": null}, "geometry": {"type": "LineString", "coordinates": [[19.1144826, 47.44183240000004], [19.114559, 47.44177959999999], [19.115249099999996, 47.44129010000003]]}}, {"id": "(410, 397, 0)", "type": "Feature", "properties": {"_status": "original", "osmid": 280, "highway": "residential", "lanes": null, "name": "Ny\u00e1ry P\u00e1l utca", "oneway": false, "reversed": false, "length": 69.0610938607312, "from": "397", "to": "410", "maxspeed": "50", "bridge": null, "_key": "0", "ref": null, "access": null, "tunnel": null, "width": null}, "geometry": {"type": "LineString", "coordinates": [[19.117598599999997, 47.44284310000002], [19.117776800000005, 47.44271430000005], [19.11822619999999, 47.44238970000001]]}}, {"id": "(410, 450, 0)", "type": "Feature", "properties": {"_status": "original", "osmid": 281, "highway": "residential", "lanes": null, "name": "Miksz\u00e1th utca", "oneway": false, "reversed": true, "length": 247.52018808373865, "from": "450", "to": "410", "maxspeed": "50", "bridge": null, "_key": "0", "ref": null, "access": null, "tunnel": null, "width": null}, "geometry": {"type": "LineString", "coordinates": [[19.120591799999993, 47.44393740000005], [19.120545299999993, 47.44390690000006], [19.118271500000002, 47.44241940000006], [19.11822619999999, 47.44238970000001]]}}, {"id": "(327, 343, 0)", "type": "Feature", "properties": {"_status": "original", "osmid": 282, "highway": "residential", "lanes": null, "name": "Kende Kanuth utca", "oneway": true, "reversed": false, "length": 76.22786916854778, "from": "327", "to": "343", "maxspeed": null, "bridge": null, "_key": "0", "ref": null, "access": null, "tunnel": null, "width": null}, "geometry": {"type": "LineString", "coordinates": [[19.113618499999998, 47.439276500000055], [19.113675099999988, 47.43923660000005], [19.114320000000003, 47.43878170000004]]}}, {"id": "(327, 297, 0)", "type": "Feature", "properties": {"_status": "original", "osmid": 283, "highway": "residential", "lanes": null, "name": "Dobos utca", "oneway": false, "reversed": false, "length": 161.55717667265426, "from": "297", "to": "327", "maxspeed": "30", "bridge": null, "_key": "0", "ref": null, "access": null, "tunnel": null, "width": null}, "geometry": {"type": "LineString", "coordinates": [[19.1121014, 47.43824790000006], [19.113584999999997, 47.43925380000001], [19.113618499999998, 47.439276500000055]]}}, {"id": "(327, 310, 0)", "type": "Feature", "properties": {"_status": "original", "osmid": 284, "highway": "residential", "lanes": null, "name": "Kende Kanuth utca", "oneway": true, "reversed": false, "length": 76.2029018933491, "from": "310", "to": "327", "maxspeed": null, "bridge": null, "_key": "0", "ref": null, "access": null, "tunnel": null, "width": null}, "geometry": {"type": "LineString", "coordinates": [[19.1129108, 47.43976690000004], [19.113066299999993, 47.439662600000005], [19.1135619, 47.4393161], [19.113618499999998, 47.439276500000055]]}}, {"id": "(437, 405, 0)", "type": "Feature", "properties": {"_status": "original", "osmid": 474, "highway": "tertiary", "lanes": "2", "name": "Nagys\u00e1ndor J\u00f3zsef utca", "oneway": false, "reversed": true, "length": 210.00385035738918, "from": "437", "to": "405", "maxspeed": null, "bridge": null, "_key": "0", "ref": null, "access": null, "tunnel": null, "width": null}, "geometry": {"type": "LineString", "coordinates": [[19.11951899999999, 47.441480400000025], [19.117688899999994, 47.44026300000001], [19.1175325, 47.440153200000026]]}}, {"id": "(437, 441, 0)", "type": "Feature", "properties": {"_status": "original", "osmid": 478, "highway": "tertiary", "lanes": "2", "name": "Nagys\u00e1ndor J\u00f3zsef utca", "oneway": false, "reversed": false, "length": 18.26028322649729, "from": "437", "to": "441", "maxspeed": null, "bridge": null, "_key": "0", "ref": null, "access": null, "tunnel": null, "width": null}, "geometry": {"type": "LineString", "coordinates": [[19.11951899999999, 47.441480400000025], [19.119691599999992, 47.44159590000004]]}}, {"id": "(361, 358, 0)", "type": "Feature", "properties": {"_status": "original", "osmid": 477, "highway": "tertiary", "lanes": "2", "name": "Nagys\u00e1ndor J\u00f3zsef utca", "oneway": false, "reversed": false, "length": 54.62132348888859, "from": "358", "to": "361", "maxspeed": null, "bridge": null, "_key": "0", "ref": null, "access": null, "tunnel": null, "width": null}, "geometry": {"type": "LineString", "coordinates": [[19.114871, 47.438381000000035], [19.115349599999995, 47.43871460000006], [19.1153768, 47.438733500000026]]}}, {"id": "(361, 395, 0)", "type": "Feature", "properties": {"_status": "original", "osmid": 476, "highway": "residential", "lanes": null, "name": "V\u00e9csey utca", "oneway": false, "reversed": true, "length": 151.27357450611336, "from": "395", "to": "361", "maxspeed": null, "bridge": null, "_key": "0", "ref": null, "access": null, "tunnel": null, "width": null}, "geometry": {"type": "LineString", "coordinates": [[19.116604499999998, 47.43765620000004], [19.115438399999995, 47.438687599999994], [19.115413799999995, 47.438704600000044], [19.1153768, 47.438733500000026]]}}, {"id": "(343, 358, 0)", "type": "Feature", "properties": {"_status": "original", "osmid": 292, "highway": "residential", "lanes": null, "name": "Kende Kanuth utca", "oneway": true, "reversed": false, "length": 60.84870512681011, "from": "343", "to": "358", "maxspeed": null, "bridge": null, "_key": "0", "ref": null, "access": null, "tunnel": null, "width": null}, "geometry": {"type": "LineString", "coordinates": [[19.114320000000003, 47.43878170000004], [19.1147979, 47.43843410000002], [19.114834099999996, 47.43840780000002], [19.114871, 47.438381000000035]]}}, {"id": "(405, 424, 0)", "type": "Feature", "properties": {"_status": "original", "osmid": 475, "highway": "residential", "lanes": null, "name": "L\u00e1z\u00e1r utca", "oneway": false, "reversed": false, "length": 97.61184705245192, "from": "424", "to": "405", "maxspeed": null, "bridge": null, "_key": "0", "ref": null, "access": null, "tunnel": null, "width": null}, "geometry": {"type": "LineString", "coordinates": [[19.1184069, 47.439505000000004], [19.117647699999992, 47.44008040000007], [19.1175325, 47.440153200000026]]}}, {"id": "(397, 436, 0)", "type": "Feature", "properties": {"_status": "original", "osmid": 285, "highway": "residential", "lanes": null, "name": "Sas utca", "oneway": false, "reversed": false, "length": 246.7949022390936, "from": "397", "to": "436", "maxspeed": "50", "bridge": null, "_key": "0", "ref": null, "access": null, "tunnel": null, "width": null}, "geometry": {"type": "LineString", "coordinates": [[19.117598599999997, 47.44284310000002], [19.117635700000005, 47.44286750000002], [19.1198967, 47.44435730000005], [19.11994919999999, 47.44439190000003]]}}, {"id": "(397, 375, 0)", "type": "Feature", "properties": {"_status": "original", "osmid": 286, "highway": "residential", "lanes": null, "name": "Ny\u00e1ry P\u00e1l utca", "oneway": false, "reversed": true, "length": 83.18144216565791, "from": "397", "to": "375", "maxspeed": "50", "bridge": null, "_key": "0", "ref": null, "access": null, "tunnel": null, "width": null}, "geometry": {"type": "LineString", "coordinates": [[19.117598599999997, 47.44284310000002], [19.116823999999998, 47.44337709999999]]}}, {"id": "(335, 323, 0)", "type": "Feature", "properties": {"_status": "original", "osmid": 287, "highway": "residential", "lanes": null, "name": "J\u00f3kai M\u00f3r utca", "oneway": false, "reversed": true, "length": 64.3590855719339, "from": "335", "to": "323", "maxspeed": null, "bridge": null, "_key": "0", "ref": null, "access": null, "tunnel": null, "width": null}, "geometry": {"type": "LineString", "coordinates": [[19.1144826, 47.44183240000004], [19.1138847, 47.44224649999999]]}}, {"id": "(335, 375, 0)", "type": "Feature", "properties": {"_status": "original", "osmid": 288, "highway": "residential", "lanes": null, "name": "B\u00e1dogos utca", "oneway": false, "reversed": true, "length": 245.98380053517727, "from": "375", "to": "335", "maxspeed": null, "bridge": null, "_key": "0", "ref": null, "access": null, "tunnel": null, "width": null}, "geometry": {"type": "LineString", "coordinates": [[19.116823999999998, 47.44337709999999], [19.114561199999997, 47.441884699999996], [19.114516000000002, 47.44185480000001], [19.1144826, 47.44183240000004]]}}, {"id": "(450, 436, 0)", "type": "Feature", "properties": {"_status": "original", "osmid": 291, "highway": "tertiary", "lanes": "2", "name": "M\u00e1rt\u00edrok \u00fatja", "oneway": false, "reversed": false, "length": 69.92426819973956, "from": "436", "to": "450", "maxspeed": "50", "bridge": null, "_key": "0", "ref": null, "access": null, "tunnel": null, "width": null}, "geometry": {"type": "LineString", "coordinates": [[19.11994919999999, 47.44439190000003], [19.120591799999993, 47.44393740000005]]}}, {"id": "(297, 278, 0)", "type": "Feature", "properties": {"_status": "original", "osmid": 293, "highway": "residential", "lanes": "2", "name": "Dobos utca", "oneway": false, "reversed": true, "length": 83.44722687045895, "from": "297", "to": "278", "maxspeed": null, "bridge": null, "_key": "0", "ref": null, "access": null, "tunnel": null, "width": null}, "geometry": {"type": "LineString", "coordinates": [[19.1121014, 47.43824790000006], [19.111259499999996, 47.437818400000026], [19.111215599999994, 47.43779600000007]]}}, {"id": "(297, 306, 0)", "type": "Feature", "properties": {"_status": "original", "osmid": 294, "highway": "residential", "lanes": null, "name": "Bajza utca", "oneway": true, "reversed": false, "length": 45.6559937683898, "from": "297", "to": "306", "maxspeed": null, "bridge": null, "_key": "0", "ref": null, "access": null, "tunnel": null, "width": null}, "geometry": {"type": "LineString", "coordinates": [[19.1121014, 47.43824790000006], [19.112538099999995, 47.43796269999998]]}}, {"id": "(310, 260, 0)", "type": "Feature", "properties": {"_status": "original", "osmid": 295, "highway": "residential", "lanes": "2", "name": "Liliom utca", "oneway": false, "reversed": false, "length": 243.54867010509435, "from": "310", "to": "260", "maxspeed": null, "bridge": null, "_key": "0", "ref": null, "access": null, "tunnel": null, "width": null}, "geometry": {"type": "LineString", "coordinates": [[19.1129108, 47.43976690000004], [19.112879399999997, 47.43974639999999], [19.1128226, 47.43970930000004], [19.110654500000003, 47.43826460000004], [19.1106308, 47.43821850000002]]}}, {"id": "(310, 294, 0)", "type": "Feature", "properties": {"_status": "original", "osmid": 296, "highway": "residential", "lanes": null, "name": "Kende Kanuth utca", "oneway": true, "reversed": false, "length": 59.9926082554123, "from": "294", "to": "310", "maxspeed": null, "bridge": null, "_key": "0", "ref": null, "access": null, "tunnel": null, "width": null}, "geometry": {"type": "LineString", "coordinates": [[19.112359599999998, 47.440156900000055], [19.1129108, 47.43976690000004]]}}, {"id": "(436, 432, 0)", "type": "Feature", "properties": {"_status": "original", "osmid": 540, "highway": "tertiary", "lanes": "2", "name": "M\u00e1rt\u00edrok \u00fatja", "oneway": false, "reversed": false, "length": 20.331704695778594, "from": "432", "to": "436", "maxspeed": "50", "bridge": null, "_key": "0", "ref": null, "access": null, "tunnel": null, "width": null}, "geometry": {"type": "LineString", "coordinates": [[19.119763200000005, 47.444524599999994], [19.11994919999999, 47.44439190000003]]}}, {"id": "(375, 419, 0)", "type": "Feature", "properties": {"_status": "original", "osmid": 544, "highway": "residential", "lanes": null, "name": "B\u00e1dogos utca", "oneway": false, "reversed": false, "length": 247.7174556141217, "from": "375", "to": "419", "maxspeed": null, "bridge": null, "_key": "0", "ref": null, "access": null, "tunnel": null, "width": null}, "geometry": {"type": "LineString", "coordinates": [[19.116823999999998, 47.44337709999999], [19.119159100000005, 47.444897500000046], [19.119197000000003, 47.44492220000001]]}}, {"id": "(375, 363, 0)", "type": "Feature", "properties": {"_status": "original", "osmid": 796, "highway": "residential", "lanes": null, "name": "Ny\u00e1ry P\u00e1l utca", "oneway": false, "reversed": true, "length": 60.60352830101135, "from": "375", "to": "363", "maxspeed": "50", "bridge": null, "_key": "0", "ref": null, "access": null, "tunnel": null, "width": null}, "geometry": {"type": "LineString", "coordinates": [[19.116823999999998, 47.44337709999999], [19.1162714, 47.443773799999995]]}}, {"id": "(323, 363, 0)", "type": "Feature", "properties": {"_status": "original", "osmid": 794, "highway": "residential", "lanes": null, "name": "B\u00e1ny\u00e1sz utca", "oneway": false, "reversed": true, "length": 247.10277592202073, "from": "363", "to": "323", "maxspeed": "50", "bridge": null, "_key": "0", "ref": null, "access": null, "tunnel": null, "width": null}, "geometry": {"type": "LineString", "coordinates": [[19.1162714, 47.443773799999995], [19.1139618, 47.44229880000006], [19.11391599999999, 47.44226740000002], [19.1138847, 47.44224649999999]]}}, {"id": "(358, 330, 0)", "type": "Feature", "properties": {"_status": "original", "osmid": 439, "highway": "tertiary", "lanes": "2", "name": "Nagys\u00e1ndor J\u00f3zsef utca", "oneway": false, "reversed": false, "length": 159.96627579501902, "from": "330", "to": "358", "maxspeed": null, "bridge": null, "_key": "0", "ref": null, "access": null, "tunnel": null, "width": null}, "geometry": {"type": "LineString", "coordinates": [[19.113360800000006, 47.43736800000003], [19.114871, 47.438381000000035]]}}, {"id": "(278, 295, 0)", "type": "Feature", "properties": {"_status": "original", "osmid": 434, "highway": "tertiary", "lanes": "2", "name": "Szent Imre herceg utca", "oneway": false, "reversed": true, "length": 70.67315663791551, "from": "278", "to": "295", "maxspeed": "50", "bridge": null, "_key": "0", "ref": null, "access": null, "tunnel": null, "width": null}, "geometry": {"type": "LineString", "coordinates": [[19.111215599999994, 47.43779600000007], [19.111246699999995, 47.43777439999999], [19.111866799999994, 47.43733780000004]]}}, {"id": "(278, 220, 0)", "type": "Feature", "properties": {"_status": "original", "osmid": 445, "highway": "residential", "lanes": "2", "name": "Dobos utca", "oneway": false, "reversed": true, "length": 216.35924069985046, "from": "278", "to": "220", "maxspeed": null, "bridge": null, "_key": "0", "ref": null, "access": null, "tunnel": null, "width": null}, "geometry": {"type": "LineString", "coordinates": [[19.111215599999994, 47.43779600000007], [19.108867399999998, 47.43677000000001], [19.1087977, 47.4367419]]}}, {"id": "(278, 260, 0)", "type": "Feature", "properties": {"_status": "original", "osmid": 446, "highway": "tertiary", "lanes": "2", "name": "Szent Imre herceg utca", "oneway": false, "reversed": true, "length": 64.37535680388318, "from": "260", "to": "278", "maxspeed": "50", "bridge": null, "_key": "0", "ref": null, "access": null, "tunnel": null, "width": null}, "geometry": {"type": "LineString", "coordinates": [[19.1106308, 47.43821850000002], [19.1106541, 47.43819730000002], [19.1111851, 47.43781780000004], [19.111215599999994, 47.43779600000007]]}}, {"id": "(306, 330, 0)", "type": "Feature", "properties": {"_status": "original", "osmid": 440, "highway": "residential", "lanes": null, "name": "Bajza utca", "oneway": true, "reversed": false, "length": 90.56253230958612, "from": "306", "to": "330", "maxspeed": null, "bridge": null, "_key": "0", "ref": null, "access": null, "tunnel": null, "width": null}, "geometry": {"type": "LineString", "coordinates": [[19.112538099999995, 47.43796269999998], [19.113325599999992, 47.43739350000001], [19.113360800000006, 47.43736800000003]]}}, {"id": "(306, 322, 0)", "type": "Feature", "properties": {"_status": "original", "osmid": 595, "highway": "residential", "lanes": null, "name": "Bajza k\u00f6z", "oneway": false, "reversed": true, "length": 58.87318817057692, "from": "322", "to": "306", "maxspeed": null, "bridge": null, "_key": "0", "ref": null, "access": null, "tunnel": null, "width": null}, "geometry": {"type": "LineString", "coordinates": [[19.113095400000002, 47.438334500000025], [19.112538099999995, 47.43796269999998]]}}, {"id": "(260, 204, 0)", "type": "Feature", "properties": {"_status": "original", "osmid": 789, "highway": "residential", "lanes": "2", "name": "Eml\u00e9kez\u00e9s tere", "oneway": false, "reversed": true, "length": 210.49609602430897, "from": "260", "to": "204", "maxspeed": null, "bridge": null, "_key": "0", "ref": null, "access": null, "tunnel": null, "width": null}, "geometry": {"type": "LineString", "coordinates": [[19.1106308, 47.43821850000002], [19.108268999999996, 47.437282700000026], [19.10821569999999, 47.437261900000024]]}}, {"id": "(260, 246, 0)", "type": "Feature", "properties": {"_status": "original", "osmid": 603, "highway": "tertiary", "lanes": "2", "name": "Szent Imre herceg utca", "oneway": false, "reversed": true, "length": 67.0171341515408, "from": "246", "to": "260", "maxspeed": "50", "bridge": null, "_key": "0", "ref": null, "access": null, "tunnel": null, "width": null}, "geometry": {"type": "LineString", "coordinates": [[19.110016599999994, 47.43865490000003], [19.11059279999999, 47.438240600000064], [19.1106308, 47.43821850000002]]}}, {"id": "(294, 281, 0)", "type": "Feature", "properties": {"_status": "original", "osmid": 596, "highway": "residential", "lanes": "2", "name": "Kende Kanuth utca", "oneway": true, "reversed": false, "length": 61.86382189613508, "from": "281", "to": "294", "maxspeed": null, "bridge": null, "_key": "0", "ref": null, "access": null, "tunnel": null, "width": null}, "geometry": {"type": "LineString", "coordinates": [[19.11179389999999, 47.44056080000001], [19.112359599999998, 47.440156900000055]]}}, {"id": "(294, 246, 0)", "type": "Feature", "properties": {"_status": "original", "osmid": 599, "highway": "residential", "lanes": "2", "name": "Rezeda utca", "oneway": false, "reversed": false, "length": 242.78799582628142, "from": "246", "to": "294", "maxspeed": null, "bridge": null, "_key": "0", "ref": null, "access": null, "tunnel": null, "width": null}, "geometry": {"type": "LineString", "coordinates": [[19.110016599999994, 47.43865490000003], [19.1100647, 47.438686300000064], [19.112305999999993, 47.44012349999998], [19.112327699999994, 47.44013720000003], [19.112359599999998, 47.440156900000055]]}}, {"id": "(117, 97, 0)", "type": "Feature", "properties": {"_status": "original", "osmid": 297, "highway": "residential", "lanes": "2", "name": "J\u00f3kai M\u00f3r utca", "oneway": false, "reversed": false, "length": 95.93890175244934, "from": "117", "to": "97", "maxspeed": "50", "bridge": null, "_key": "0", "ref": null, "access": null, "tunnel": null, "width": null}, "geometry": {"type": "LineString", "coordinates": [[19.105416399999996, 47.448224800000034], [19.104985100000004, 47.448521500000034], [19.1048502, 47.44861630000007], [19.104609499999995, 47.44877900000007], [19.104523599999997, 47.4488411]]}}, {"id": "(117, 122, 0)", "type": "Feature", "properties": {"_status": "original", "osmid": 298, "highway": "residential", "lanes": "2", "name": "J\u00f3kai M\u00f3r utca", "oneway": false, "reversed": false, "length": 41.02382103314131, "from": "122", "to": "117", "maxspeed": "50", "bridge": null, "_key": "0", "ref": null, "access": null, "tunnel": null, "width": null}, "geometry": {"type": "LineString", "coordinates": [[19.105798999999994, 47.44796180000006], [19.105416399999996, 47.448224800000034]]}}, {"id": "(117, 151, 0)", "type": "Feature", "properties": {"_status": "original", "osmid": 299, "highway": "residential", "lanes": null, "name": "Hunyor utca", "oneway": false, "reversed": true, "length": 243.19405707992456, "from": "151", "to": "117", "maxspeed": "50", "bridge": null, "_key": "0", "ref": null, "access": null, "tunnel": null, "width": null}, "geometry": {"type": "LineString", "coordinates": [[19.107724399999995, 47.44975690000004], [19.105442099999998, 47.44824259999999], [19.105416399999996, 47.448224800000034]]}}, {"id": "(97, 86, 0)", "type": "Feature", "properties": {"_status": "original", "osmid": 300, "highway": "secondary", "lanes": "2", "name": "Hat\u00e1r \u00fat", "oneway": false, "reversed": false, "length": 80.66329360357457, "from": "86", "to": "97", "maxspeed": "50", "bridge": null, "_key": "0", "ref": null, "access": null, "tunnel": null, "width": null}, "geometry": {"type": "LineString", "coordinates": [[19.1037689, 47.448325600000025], [19.103985899999994, 47.44847430000001], [19.104386800000004, 47.448749000000014], [19.104474699999994, 47.44880930000003], [19.104523599999997, 47.4488411]]}}, {"id": "(97, 135, 0)", "type": "Feature", "properties": {"_status": "original", "osmid": 301, "highway": "secondary", "lanes": ["3", "2"], "name": "Hat\u00e1r \u00fat", "oneway": false, "reversed": true, "length": 244.39973486986003, "from": "135", "to": "97", "maxspeed": "50", "bridge": null, "_key": "0", "ref": null, "access": null, "tunnel": null, "width": null}, "geometry": {"type": "LineString", "coordinates": [[19.1068517, 47.45037480000005], [19.105716, 47.44963390000007], [19.105229299999998, 47.449310800000035], [19.104586, 47.44888270000001], [19.104579300000005, 47.4488782], [19.104523599999997, 47.4488411]]}}, {"id": "(122, 113, 0)", "type": "Feature", "properties": {"_status": "original", "osmid": 306, "highway": "residential", "lanes": null, "name": "Zr\u00ednyi utca", "oneway": false, "reversed": true, "length": 81.13537553812026, "from": "122", "to": "113", "maxspeed": "30", "bridge": null, "_key": "0", "ref": null, "access": null, "tunnel": null, "width": null}, "geometry": {"type": "LineString", "coordinates": [[19.105798999999994, 47.44796180000006], [19.1050382, 47.44744440000001]]}}, {"id": "(122, 124, 0)", "type": "Feature", "properties": {"_status": "original", "osmid": 307, "highway": "residential", "lanes": "2", "name": "J\u00f3kai M\u00f3r utca", "oneway": false, "reversed": false, "length": 11.764140199661204, "from": "124", "to": "122", "maxspeed": "50", "bridge": null, "_key": "0", "ref": null, "access": null, "tunnel": null, "width": null}, "geometry": {"type": "LineString", "coordinates": [[19.105906599999997, 47.447885], [19.105798999999994, 47.44796180000006]]}}, {"id": "(151, 146, 0)", "type": "Feature", "properties": {"_status": "original", "osmid": 308, "highway": "residential", "lanes": null, "name": "Ny\u00e1ry P\u00e1l utca", "oneway": false, "reversed": true, "length": 28.013441125316053, "from": "151", "to": "146", "maxspeed": "50", "bridge": null, "_key": "0", "ref": null, "access": null, "tunnel": null, "width": null}, "geometry": {"type": "LineString", "coordinates": [[19.107724399999995, 47.44975690000004], [19.107476899999995, 47.4499452]]}}, {"id": "(151, 155, 0)", "type": "Feature", "properties": {"_status": "original", "osmid": 309, "highway": "residential", "lanes": null, "name": "Ny\u00e1ry P\u00e1l utca", "oneway": false, "reversed": true, "length": 25.067382132526575, "from": "155", "to": "151", "maxspeed": "50", "bridge": null, "_key": "0", "ref": null, "access": null, "tunnel": null, "width": null}, "geometry": {"type": "LineString", "coordinates": [[19.107958500000002, 47.44959640000002], [19.107724399999995, 47.44975690000004]]}}, {"id": "(86, 78, 0)", "type": "Feature", "properties": {"_status": "original", "osmid": 302, "highway": "secondary", "lanes": "2", "name": "Hat\u00e1r \u00fat", "oneway": false, "reversed": false, "length": 79.25483188841365, "from": "78", "to": "86", "maxspeed": "50", "bridge": null, "_key": "0", "ref": null, "access": null, "tunnel": null, "width": null}, "geometry": {"type": "LineString", "coordinates": [[19.103012999999997, 47.44782890000004], [19.1037689, 47.448325600000025]]}}, {"id": "(86, 113, 0)", "type": "Feature", "properties": {"_status": "original", "osmid": 303, "highway": "residential", "lanes": null, "name": "Kinizsi utca", "oneway": false, "reversed": true, "length": 136.78918045851754, "from": "113", "to": "86", "maxspeed": "30", "bridge": null, "_key": "0", "ref": null, "access": null, "tunnel": null, "width": null}, "geometry": {"type": "LineString", "coordinates": [[19.1050382, 47.44744440000001], [19.103855699999993, 47.44826540000004], [19.10383939999999, 47.44827670000002], [19.1037689, 47.448325600000025]]}}, {"id": "(135, 171, 0)", "type": "Feature", "properties": {"_status": "original", "osmid": 304, "highway": "secondary", "lanes": "2", "name": "Hat\u00e1r \u00fat", "oneway": false, "reversed": true, "length": 248.3424923746619, "from": "171", "to": "135", "maxspeed": "50", "bridge": null, "_key": "0", "ref": null, "access": null, "tunnel": null, "width": null}, "geometry": {"type": "LineString", "coordinates": [[19.10920689999999, 47.45194050000004], [19.109112399999994, 47.45187410000006], [19.108486799999994, 47.451459600000064], [19.1068517, 47.45037480000005]]}}, {"id": "(135, 146, 0)", "type": "Feature", "properties": {"_status": "original", "osmid": 305, "highway": "residential", "lanes": null, "name": "Ny\u00e1ry P\u00e1l utca", "oneway": false, "reversed": true, "length": 67.02276947454249, "from": "146", "to": "135", "maxspeed": "50", "bridge": null, "_key": "0", "ref": null, "access": null, "tunnel": null, "width": null}, "geometry": {"type": "LineString", "coordinates": [[19.107476899999995, 47.4499452], [19.106943400000002, 47.45031320000001], [19.10691769999999, 47.45033050000003], [19.1068517, 47.45037480000005]]}}, {"id": "(78, 71, 0)", "type": "Feature", "properties": {"_status": "original", "osmid": 310, "highway": "secondary", "lanes": "2", "name": "Hat\u00e1r \u00fat", "oneway": false, "reversed": true, "length": 80.4031775970315, "from": "78", "to": "71", "maxspeed": "50", "bridge": null, "_key": "0", "ref": null, "access": null, "tunnel": null, "width": null}, "geometry": {"type": "LineString", "coordinates": [[19.103012999999997, 47.44782890000004], [19.1029216, 47.44776760000004], [19.102253999999995, 47.447319600000064]]}}, {"id": "(78, 100, 0)", "type": "Feature", "properties": {"_status": "original", "osmid": 311, "highway": "residential", "lanes": null, "name": "Szigetv\u00e1r utca", "oneway": false, "reversed": true, "length": 136.48139663078874, "from": "100", "to": "78", "maxspeed": "30", "bridge": null, "_key": "0", "ref": null, "access": null, "tunnel": null, "width": null}, "geometry": {"type": "LineString", "coordinates": [[19.104284899999996, 47.44695330000006], [19.10312389999999, 47.4477526], [19.103107700000002, 47.44776370000001], [19.103012999999997, 47.44782890000004]]}}, {"id": "(113, 133, 0)", "type": "Feature", "properties": {"_status": "original", "osmid": 312, "highway": "residential", "lanes": null, "name": "Kinizsi utca", "oneway": false, "reversed": false, "length": 118.9718131914808, "from": "113", "to": "133", "maxspeed": "30", "bridge": null, "_key": "0", "ref": null, "access": null, "tunnel": null, "width": null}, "geometry": {"type": "LineString", "coordinates": [[19.1050382, 47.44744440000001], [19.106144, 47.44667920000002]]}}, {"id": "(113, 100, 0)", "type": "Feature", "properties": {"_status": "original", "osmid": 313, "highway": "residential", "lanes": null, "name": "Zr\u00ednyi utca", "oneway": false, "reversed": true, "length": 78.68280070294492, "from": "113", "to": "100", "maxspeed": "30", "bridge": null, "_key": "0", "ref": null, "access": null, "tunnel": null, "width": null}, "geometry": {"type": "LineString", "coordinates": [[19.1050382, 47.44744440000001], [19.104346299999996, 47.44699210000002], [19.104284899999996, 47.44695330000006]]}}, {"id": "(124, 138, 0)", "type": "Feature", "properties": {"_status": "original", "osmid": 682, "highway": "residential", "lanes": "2", "name": "J\u00f3kai M\u00f3r utca", "oneway": false, "reversed": true, "length": 68.92274614599644, "from": "124", "to": "138", "maxspeed": "50", "bridge": null, "_key": "0", "ref": null, "access": null, "tunnel": null, "width": null}, "geometry": {"type": "LineString", "coordinates": [[19.105906599999997, 47.447885], [19.106545999999994, 47.44744090000004]]}}, {"id": "(124, 162, 0)", "type": "Feature", "properties": {"_status": "original", "osmid": 684, "highway": "residential", "lanes": null, "name": "Asztalos S\u00e1ndor utca", "oneway": false, "reversed": true, "length": 243.22452099087207, "from": "162", "to": "124", "maxspeed": "50", "bridge": null, "_key": "0", "ref": null, "access": null, "tunnel": null, "width": null}, "geometry": {"type": "LineString", "coordinates": [[19.108230299999995, 47.449406599999996], [19.1059253, 47.4478973], [19.105906599999997, 47.447885]]}}, {"id": "(155, 162, 0)", "type": "Feature", "properties": {"_status": "original", "osmid": 697, "highway": "residential", "lanes": null, "name": "Ny\u00e1ry P\u00e1l utca", "oneway": false, "reversed": true, "length": 29.378911664620276, "from": "162", "to": "155", "maxspeed": "50", "bridge": null, "_key": "0", "ref": null, "access": null, "tunnel": null, "width": null}, "geometry": {"type": "LineString", "coordinates": [[19.108230299999995, 47.449406599999996], [19.107958500000002, 47.44959640000002]]}}, {"id": "(71, 57, 0)", "type": "Feature", "properties": {"_status": "original", "osmid": 397, "highway": "secondary", "lanes": "2", "name": "Hat\u00e1r \u00fat", "oneway": false, "reversed": false, "length": 211.22879205593028, "from": "57", "to": "71", "maxspeed": "50", "bridge": null, "_key": "0", "ref": null, "access": null, "tunnel": null, "width": null}, "geometry": {"type": "LineString", "coordinates": [[19.1002497, 47.44598870000002], [19.100297599999994, 47.446020700000034], [19.100572299999993, 47.44620310000002], [19.102253999999995, 47.447319600000064]]}}, {"id": "(71, 80, 0)", "type": "Feature", "properties": {"_status": "original", "osmid": 625, "highway": "residential", "lanes": null, "name": "Kende Kanuth utca", "oneway": false, "reversed": false, "length": 75.76896446505393, "from": "80", "to": "71", "maxspeed": "30", "bridge": null, "_key": "0", "ref": null, "access": null, "tunnel": null, "width": null}, "geometry": {"type": "LineString", "coordinates": [[19.102943599999996, 47.44682280000003], [19.102574799999996, 47.44708570000005], [19.102392199999997, 47.447218500000005], [19.102363599999993, 47.4472394], [19.102349799999992, 47.44724950000006], [19.102253999999995, 47.447319600000064]]}}, {"id": "(100, 120, 0)", "type": "Feature", "properties": {"_status": "original", "osmid": 632, "highway": "residential", "lanes": null, "name": "Szigetv\u00e1r utca", "oneway": false, "reversed": false, "length": 118.93974669856833, "from": "100", "to": "120", "maxspeed": "30", "bridge": null, "_key": "0", "ref": null, "access": null, "tunnel": null, "width": null}, "geometry": {"type": "LineString", "coordinates": [[19.104284899999996, 47.44695330000006], [19.105387499999996, 47.446186400000045]]}}, {"id": "(100, 88, 0)", "type": "Feature", "properties": {"_status": "original", "osmid": 629, "highway": "residential", "lanes": null, "name": "Zr\u00ednyi utca", "oneway": false, "reversed": false, "length": 82.47632951849795, "from": "88", "to": "100", "maxspeed": "30", "bridge": null, "_key": "0", "ref": null, "access": null, "tunnel": null, "width": null}, "geometry": {"type": "LineString", "coordinates": [[19.103497900000004, 47.4464368], [19.103574399999996, 47.44648280000005], [19.104233099999988, 47.446920100000064], [19.104284899999996, 47.44695330000006]]}}, {"id": "(133, 120, 0)", "type": "Feature", "properties": {"_status": "original", "osmid": 665, "highway": "residential", "lanes": null, "name": "E\u00f6tv\u00f6s utca", "oneway": false, "reversed": false, "length": 78.98700675537384, "from": "133", "to": "120", "maxspeed": "30", "bridge": null, "_key": "0", "ref": null, "access": null, "tunnel": null, "width": null}, "geometry": {"type": "LineString", "coordinates": [[19.106144, 47.44667920000002], [19.105387499999996, 47.446186400000045]]}}, {"id": "(133, 144, 0)", "type": "Feature", "properties": {"_status": "original", "osmid": 680, "highway": "residential", "lanes": null, "name": "E\u00f6tv\u00f6s utca", "oneway": false, "reversed": true, "length": 79.20482575250679, "from": "133", "to": "144", "maxspeed": "30", "bridge": null, "_key": "0", "ref": null, "access": null, "tunnel": null, "width": null}, "geometry": {"type": "LineString", "coordinates": [[19.106144, 47.44667920000002], [19.1068687, 47.447196099999985]]}}, {"id": "(812, 810, 0)", "type": "Feature", "properties": {"_status": "original", "osmid": 321, "highway": "residential", "lanes": null, "name": "Fiume utca", "oneway": false, "reversed": true, "length": 62.272501418461, "from": "810", "to": "812", "maxspeed": null, "bridge": null, "_key": "0", "ref": null, "access": null, "tunnel": null, "width": "5.5"}, "geometry": {"type": "LineString", "coordinates": [[19.14136079999999, 47.432418800000015], [19.141949, 47.432812900000044]]}}, {"id": "(812, 792, 0)", "type": "Feature", "properties": {"_status": "original", "osmid": 322, "highway": "residential", "lanes": null, "name": "Olt utca", "oneway": false, "reversed": false, "length": 262.52782363292766, "from": "792", "to": "812", "maxspeed": null, "bridge": null, "_key": "0", "ref": null, "access": null, "tunnel": null, "width": null}, "geometry": {"type": "LineString", "coordinates": [[19.139557299999996, 47.434532400000066], [19.1396193, 47.4344876], [19.139631699999995, 47.434478700000014], [19.141064299999996, 47.43344430000005], [19.14190179999999, 47.432846599999976], [19.141949, 47.432812900000044]]}}, {"id": "(811, 809, 0)", "type": "Feature", "properties": {"_status": "original", "osmid": 323, "highway": "tertiary", "lanes": null, "name": "Brass\u00f3 utca", "oneway": false, "reversed": false, "length": 66.257323876804, "from": "809", "to": "811", "maxspeed": null, "bridge": null, "_key": "0", "ref": null, "access": null, "tunnel": null, "width": null}, "geometry": {"type": "LineString", "coordinates": [[19.141445299999997, 47.43406590000005], [19.142051699999996, 47.433633700000016]]}}, {"id": "(817, 809, 0)", "type": "Feature", "properties": {"_status": "original", "osmid": 344, "highway": "residential", "lanes": null, "name": "Nasz\u00f3d utca", "oneway": false, "reversed": false, "length": 272.2357178492255, "from": "809", "to": "817", "maxspeed": null, "bridge": null, "_key": "0", "ref": null, "access": null, "tunnel": null, "width": null}, "geometry": {"type": "LineString", "coordinates": [[19.141445299999997, 47.43406590000005], [19.1439375, 47.43575700000002], [19.144000599999988, 47.435799800000005]]}}, {"id": "(817, 816, 0)", "type": "Feature", "properties": {"_status": "original", "osmid": 342, "highway": "secondary", "lanes": null, "name": "Nagyk\u0151r\u00f6si \u00fat", "oneway": true, "reversed": false, "length": 66.22864478331336, "from": "816", "to": "817", "maxspeed": "50", "bridge": null, "_key": "0", "ref": null, "access": null, "tunnel": null, "width": null}, "geometry": {"type": "LineString", "coordinates": [[19.14334, 47.43619330000002], [19.143518599999997, 47.43609600000005], [19.144000599999988, 47.435799800000005]]}}, {"id": "(810, 807, 0)", "type": "Feature", "properties": {"_status": "original", "osmid": 981, "highway": "residential", "lanes": null, "name": "Fiume utca", "oneway": false, "reversed": true, "length": 60.69537898931655, "from": "807", "to": "810", "maxspeed": null, "bridge": null, "_key": "0", "ref": null, "access": null, "tunnel": null, "width": "5.5"}, "geometry": {"type": "LineString", "coordinates": [[19.140788499999992, 47.432034000000016], [19.14136079999999, 47.432418800000015]]}}, {"id": "(810, 802, 0)", "type": "Feature", "properties": {"_status": "original", "osmid": 980, "highway": "residential", "lanes": null, "name": "Vaskapu utca", "oneway": false, "reversed": true, "length": 128.43588829592483, "from": "802", "to": "810", "maxspeed": null, "bridge": null, "_key": "0", "ref": null, "access": null, "tunnel": null, "width": "4.6"}, "geometry": {"type": "LineString", "coordinates": [[19.140184600000005, 47.43325610000002], [19.140472499999998, 47.43305329999998], [19.1405633, 47.432989400000025], [19.14136079999999, 47.432418800000015]]}}, {"id": "(792, 799, 0)", "type": "Feature", "properties": {"_status": "original", "osmid": 347, "highway": "tertiary", "lanes": null, "name": "Szabadka utca", "oneway": false, "reversed": false, "length": 64.27202321382967, "from": "792", "to": "799", "maxspeed": null, "bridge": null, "_key": "0", "ref": null, "access": null, "tunnel": null, "width": null}, "geometry": {"type": "LineString", "coordinates": [[19.139557299999996, 47.434532400000066], [19.140121100000005, 47.43489460000004], [19.140133399999996, 47.43490260000001], [19.1401771, 47.4349303]]}}, {"id": "(792, 783, 0)", "type": "Feature", "properties": {"_status": "original", "osmid": 982, "highway": "residential", "lanes": null, "name": "Olt utca", "oneway": false, "reversed": true, "length": 130.80474466428922, "from": "792", "to": "783", "maxspeed": null, "bridge": null, "_key": "0", "ref": null, "access": null, "tunnel": null, "width": null}, "geometry": {"type": "LineString", "coordinates": [[19.139557299999996, 47.434532400000066], [19.1395035, 47.434573600000036], [19.139490500000004, 47.434582900000045], [19.1383681, 47.43539070000001]]}}, {"id": "(792, 789, 0)", "type": "Feature", "properties": {"_status": "original", "osmid": 983, "highway": "tertiary", "lanes": null, "name": "Szabadka utca", "oneway": false, "reversed": true, "length": 64.14901148116031, "from": "792", "to": "789", "maxspeed": null, "bridge": null, "_key": "0", "ref": null, "access": null, "tunnel": null, "width": null}, "geometry": {"type": "LineString", "coordinates": [[19.139557299999996, 47.434532400000066], [19.138939899999997, 47.434134400000026]]}}, {"id": "(809, 806, 0)", "type": "Feature", "properties": {"_status": "original", "osmid": 345, "highway": "tertiary", "lanes": null, "name": "Brass\u00f3 utca", "oneway": false, "reversed": true, "length": 68.48571161526708, "from": "809", "to": "806", "maxspeed": null, "bridge": null, "_key": "0", "ref": null, "access": null, "tunnel": null, "width": null}, "geometry": {"type": "LineString", "coordinates": [[19.141445299999997, 47.43406590000005], [19.140818599999996, 47.43451269999999]]}}, {"id": "(797, 795, 0)", "type": "Feature", "properties": {"_status": "original", "osmid": 404, "highway": "residential", "lanes": null, "name": "M\u00e1rt\u00edrok \u00fatja", "oneway": false, "reversed": true, "length": 19.602195596993774, "from": "797", "to": "795", "maxspeed": null, "bridge": null, "_key": "0", "ref": null, "access": null, "tunnel": null, "width": null}, "geometry": {"type": "LineString", "coordinates": [[19.139247799999996, 47.43075690000005], [19.139134900000002, 47.43083790000006], [19.1390677, 47.430884300000045]]}}, {"id": "(803, 808, 0)", "type": "Feature", "properties": {"_status": "original", "osmid": 326, "highway": "secondary", "lanes": null, "name": "Nagyk\u0151r\u00f6si \u00fat", "oneway": true, "reversed": false, "length": 78.65855617566996, "from": "803", "to": "808", "maxspeed": "50", "bridge": null, "_key": "0", "ref": null, "access": null, "tunnel": null, "width": null}, "geometry": {"type": "LineString", "coordinates": [[19.1411355, 47.43748800000004], [19.141521699999995, 47.43729780000002], [19.141969799999995, 47.4370616]]}}, {"id": "(803, 785, 0)", "type": "Feature", "properties": {"_status": "original", "osmid": 327, "highway": "residential", "lanes": null, "name": "Torock\u00f3 utca", "oneway": false, "reversed": true, "length": 247.65374369962464, "from": "785", "to": "803", "maxspeed": null, "bridge": null, "_key": "0", "ref": null, "access": null, "tunnel": null, "width": "5.6"}, "geometry": {"type": "LineString", "coordinates": [[19.138781599999994, 47.43593070000005], [19.138845599999993, 47.435970400000016], [19.138860799999996, 47.435979800000005], [19.141059399999993, 47.4374376], [19.1411355, 47.43748800000004]]}}, {"id": "(803, 794, 0)", "type": "Feature", "properties": {"_status": "original", "osmid": 328, "highway": "secondary", "lanes": null, "name": "Nagyk\u0151r\u00f6si \u00fat", "oneway": true, "reversed": false, "length": 77.5967352949981, "from": "794", "to": "803", "maxspeed": "50", "bridge": null, "_key": "0", "ref": null, "access": null, "tunnel": null, "width": null}, "geometry": {"type": "LineString", "coordinates": [[19.140290299999993, 47.43788820000002], [19.1411355, 47.43748800000004]]}}, {"id": "(808, 813, 0)", "type": "Feature", "properties": {"_status": "original", "osmid": 329, "highway": "secondary", "lanes": null, "name": "Nagyk\u0151r\u00f6si \u00fat", "oneway": true, "reversed": false, "length": 77.16930561006416, "from": "808", "to": "813", "maxspeed": "50", "bridge": null, "_key": "0", "ref": null, "access": null, "tunnel": null, "width": null}, "geometry": {"type": "LineString", "coordinates": [[19.141969799999995, 47.4370616], [19.14272430000001, 47.43659130000004]]}}, {"id": "(808, 790, 0)", "type": "Feature", "properties": {"_status": "original", "osmid": 330, "highway": "residential", "lanes": null, "name": "Szakolca utca", "oneway": false, "reversed": true, "length": 260.8614552138513, "from": "790", "to": "808", "maxspeed": null, "bridge": null, "_key": "0", "ref": null, "access": null, "tunnel": null, "width": null}, "geometry": {"type": "LineString", "coordinates": [[19.139464899999997, 47.43543900000004], [19.139555199999993, 47.435497500000004], [19.1418586, 47.43699020000004], [19.141904900000004, 47.437019900000074], [19.141969799999995, 47.4370616]]}}, {"id": "(785, 786, 0)", "type": "Feature", "properties": {"_status": "original", "osmid": 331, "highway": "residential", "lanes": null, "name": "Hunyadi J\u00e1nos t\u00e9r", "oneway": false, "reversed": true, "length": 20.92435003403438, "from": "786", "to": "785", "maxspeed": null, "bridge": null, "_key": "0", "ref": null, "access": null, "tunnel": null, "width": null}, "geometry": {"type": "LineString", "coordinates": [[19.138972, 47.435793499999996], [19.138781599999994, 47.43593070000005]]}}, {"id": "(785, 778, 0)", "type": "Feature", "properties": {"_status": "original", "osmid": 332, "highway": "residential", "lanes": null, "name": "Hunyadi J\u00e1nos t\u00e9r", "oneway": false, "reversed": false, "length": 76.36039848558804, "from": "778", "to": "785", "maxspeed": null, "bridge": null, "_key": "0", "ref": null, "access": null, "tunnel": null, "width": null}, "geometry": {"type": "LineString", "coordinates": [[19.138081299999993, 47.4364279], [19.138781599999994, 47.43593070000005]]}}, {"id": "(794, 778, 0)", "type": "Feature", "properties": {"_status": "original", "osmid": 333, "highway": "residential", "lanes": null, "name": "Alvinc utca", "oneway": false, "reversed": false, "length": 232.41153198036577, "from": "794", "to": "778", "maxspeed": null, "bridge": null, "_key": "0", "ref": null, "access": null, "tunnel": null, "width": null}, "geometry": {"type": "LineString", "coordinates": [[19.140290299999993, 47.43788820000002], [19.140260400000003, 47.43785960000003], [19.140249099999995, 47.43784930000004], [19.140190399999998, 47.43781540000002], [19.138181899999996, 47.43649280000004], [19.138152500000004, 47.43647349999999], [19.138081299999993, 47.4364279]]}}, {"id": "(794, 781, 0)", "type": "Feature", "properties": {"_status": "original", "osmid": 334, "highway": ["residential", "secondary"], "lanes": ["1", "2"], "name": "Nagyk\u0151r\u00f6si \u00fat", "oneway": true, "reversed": false, "length": 132.09790083786876, "from": "781", "to": "794", "maxspeed": "50", "bridge": null, "_key": "0", "ref": null, "access": null, "tunnel": null, "width": "4"}, "geometry": {"type": "LineString", "coordinates": [[19.138837700000003, 47.438554200000034], [19.139488199999995, 47.43824730000006], [19.139855900000004, 47.43806910000003], [19.139977400000003, 47.43802070000001], [19.1401065, 47.437975200000025], [19.140290299999993, 47.43788820000002]]}}, {"id": "(813, 816, 0)", "type": "Feature", "properties": {"_status": "original", "osmid": 335, "highway": "secondary", "lanes": null, "name": "Nagyk\u0151r\u00f6si \u00fat", "oneway": true, "reversed": false, "length": 64.05846916366627, "from": "813", "to": "816", "maxspeed": "50", "bridge": null, "_key": "0", "ref": null, "access": null, "tunnel": null, "width": null}, "geometry": {"type": "LineString", "coordinates": [[19.14272430000001, 47.43659130000004], [19.143010000000004, 47.43640260000001], [19.14334, 47.43619330000002]]}}, {"id": "(813, 799, 0)", "type": "Feature", "properties": {"_status": "original", "osmid": 336, "highway": "residential", "lanes": null, "name": "Szabadka utca", "oneway": false, "reversed": false, "length": 266.11516707145466, "from": "799", "to": "813", "maxspeed": null, "bridge": null, "_key": "0", "ref": null, "access": null, "tunnel": null, "width": null}, "geometry": {"type": "LineString", "coordinates": [[19.1401771, 47.4349303], [19.1402572, 47.434982500000025], [19.1426474, 47.436541100000056], [19.14272430000001, 47.43659130000004]]}}, {"id": "(790, 786, 0)", "type": "Feature", "properties": {"_status": "original", "osmid": 337, "highway": "residential", "lanes": null, "name": "Brass\u00f3 utca", "oneway": false, "reversed": true, "length": 54.11331185431447, "from": "790", "to": "786", "maxspeed": null, "bridge": null, "_key": "0", "ref": null, "access": null, "tunnel": null, "width": null}, "geometry": {"type": "LineString", "coordinates": [[19.139464899999997, 47.43543900000004], [19.138972, 47.435793499999996]]}}, {"id": "(790, 799, 0)", "type": "Feature", "properties": {"_status": "original", "osmid": 338, "highway": "residential", "lanes": null, "name": "Brass\u00f3 utca", "oneway": false, "reversed": true, "length": 77.9046618258952, "from": "799", "to": "790", "maxspeed": null, "bridge": null, "_key": "0", "ref": null, "access": null, "tunnel": null, "width": null}, "geometry": {"type": "LineString", "coordinates": [[19.1401771, 47.4349303], [19.139464899999997, 47.43543900000004]]}}, {"id": "(786, 783, 0)", "type": "Feature", "properties": {"_status": "original", "osmid": 339, "highway": "residential", "lanes": null, "name": "Hunyadi J\u00e1nos t\u00e9r", "oneway": false, "reversed": true, "length": 63.790643499270516, "from": "783", "to": "786", "maxspeed": null, "bridge": null, "_key": "0", "ref": null, "access": null, "tunnel": null, "width": null}, "geometry": {"type": "LineString", "coordinates": [[19.1383681, 47.43539070000001], [19.1389255, 47.435762399999994], [19.138972, 47.435793499999996]]}}, {"id": "(778, 771, 0)", "type": "Feature", "properties": {"_status": "original", "osmid": 340, "highway": "residential", "lanes": null, "name": "Udvarhely utca", "oneway": false, "reversed": false, "length": 65.4537579106785, "from": "771", "to": "778", "maxspeed": null, "bridge": null, "_key": "0", "ref": null, "access": null, "tunnel": null, "width": null}, "geometry": {"type": "LineString", "coordinates": [[19.1374889, 47.43685910000001], [19.138081299999993, 47.4364279]]}}, {"id": "(778, 772, 0)", "type": "Feature", "properties": {"_status": "original", "osmid": 341, "highway": "residential", "lanes": null, "name": "Hunyadi J\u00e1nos t\u00e9r", "oneway": false, "reversed": false, "length": 62.99385340722774, "from": "772", "to": "778", "maxspeed": null, "bridge": null, "_key": "0", "ref": null, "access": null, "tunnel": null, "width": null}, "geometry": {"type": "LineString", "coordinates": [[19.137479499999994, 47.4360339], [19.137746500000002, 47.43621010000002], [19.138000699999996, 47.436375400000045], [19.138081299999993, 47.4364279]]}}, {"id": "(781, 763, 0)", "type": "Feature", "properties": {"_status": "original", "osmid": 993, "highway": "residential", "lanes": null, "name": "D\u00e9va utca", "oneway": false, "reversed": true, "length": 203.7165063274711, "from": "781", "to": "763", "maxspeed": null, "bridge": null, "_key": "0", "ref": null, "access": null, "tunnel": null, "width": null}, "geometry": {"type": "LineString", "coordinates": [[19.138837700000003, 47.438554200000034], [19.138725899999994, 47.43846590000005], [19.1387062, 47.43845300000004], [19.136969799999996, 47.437313500000045], [19.136955499999996, 47.43730510000001], [19.1369039, 47.43727210000006]]}}, {"id": "(781, 773, 0)", "type": "Feature", "properties": {"_status": "original", "osmid": 369, "highway": "residential", "lanes": "1", "name": "Nagyk\u0151r\u00f6si \u00fat", "oneway": true, "reversed": false, "length": 61.39962274614709, "from": "773", "to": "781", "maxspeed": null, "bridge": null, "_key": "0", "ref": null, "access": null, "tunnel": null, "width": "4"}, "geometry": {"type": "LineString", "coordinates": [[19.138167999999993, 47.43886990000005], [19.138445299999994, 47.43873480000003], [19.138837700000003, 47.438554200000034]]}}, {"id": "(816, 806, 0)", "type": "Feature", "properties": {"_status": "original", "osmid": 343, "highway": "residential", "lanes": null, "name": "Fogaras utca", "oneway": false, "reversed": true, "length": 266.2477402841309, "from": "806", "to": "816", "maxspeed": null, "bridge": null, "_key": "0", "ref": null, "access": null, "tunnel": null, "width": null}, "geometry": {"type": "LineString", "coordinates": [[19.140818599999996, 47.43451269999999], [19.14328619999999, 47.4361575], [19.14334, 47.43619330000002]]}}, {"id": "(799, 806, 0)", "type": "Feature", "properties": {"_status": "original", "osmid": 346, "highway": "tertiary", "lanes": null, "name": "Brass\u00f3 utca", "oneway": false, "reversed": false, "length": 66.9653631214392, "from": "799", "to": "806", "maxspeed": null, "bridge": null, "_key": "0", "ref": null, "access": null, "tunnel": null, "width": null}, "geometry": {"type": "LineString", "coordinates": [[19.1401771, 47.4349303], [19.140818599999996, 47.43451269999999]]}}, {"id": "(783, 775, 0)", "type": "Feature", "properties": {"_status": "original", "osmid": 984, "highway": "residential", "lanes": null, "name": "Hunyadi J\u00e1nos t\u00e9r", "oneway": false, "reversed": true, "length": 65.90193393938284, "from": "775", "to": "783", "maxspeed": null, "bridge": null, "_key": "0", "ref": null, "access": null, "tunnel": null, "width": null}, "geometry": {"type": "LineString", "coordinates": [[19.1377232, 47.434989500000036], [19.138305699999993, 47.43535120000002], [19.1383681, 47.43539070000001]]}}, {"id": "(771, 763, 0)", "type": "Feature", "properties": {"_status": "original", "osmid": 991, "highway": "residential", "lanes": null, "name": "Udvarhely utca", "oneway": false, "reversed": false, "length": 63.59956133521185, "from": "763", "to": "771", "maxspeed": null, "bridge": null, "_key": "0", "ref": null, "access": null, "tunnel": null, "width": null}, "geometry": {"type": "LineString", "coordinates": [[19.1369039, 47.43727210000006], [19.136945799999996, 47.43724250000003], [19.1374889, 47.43685910000001]]}}, {"id": "(771, 787, 0)", "type": "Feature", "properties": {"_status": "original", "osmid": 990, "highway": "residential", "lanes": null, "name": "Zombor utca", "oneway": false, "reversed": true, "length": 209.31214224020113, "from": "787", "to": "771", "maxspeed": null, "bridge": null, "_key": "0", "ref": null, "access": null, "tunnel": null, "width": null}, "geometry": {"type": "LineString", "coordinates": [[19.139486099999996, 47.43817000000003], [19.139446900000003, 47.43814430000002], [19.137543699999995, 47.43689449999999], [19.137535899999996, 47.43688950000002], [19.1374889, 47.43685910000001]]}}, {"id": "(772, 756, 0)", "type": "Feature", "properties": {"_status": "original", "osmid": 977, "highway": "residential", "lanes": null, "name": "L\u00e1mpa utca", "oneway": false, "reversed": true, "length": 129.62263647644892, "from": "756", "to": "772", "maxspeed": null, "bridge": null, "_key": "0", "ref": null, "access": null, "tunnel": null, "width": null}, "geometry": {"type": "LineString", "coordinates": [[19.136284699999997, 47.436874000000046], [19.136321999999996, 47.43684780000004], [19.137479499999994, 47.4360339]]}}, {"id": "(772, 765, 0)", "type": "Feature", "properties": {"_status": "original", "osmid": 992, "highway": "residential", "lanes": null, "name": "Hunyadi J\u00e1nos t\u00e9r", "oneway": false, "reversed": false, "length": 67.12795911808244, "from": "765", "to": "772", "maxspeed": null, "bridge": null, "_key": "0", "ref": null, "access": null, "tunnel": null, "width": null}, "geometry": {"type": "LineString", "coordinates": [[19.136833999999997, 47.43561700000004], [19.13741719999999, 47.435993600000025], [19.137479499999994, 47.4360339]]}}, {"id": "(716, 715, 0)", "type": "Feature", "properties": {"_status": "original", "osmid": 349, "highway": "residential", "lanes": null, "name": "Magyar utca", "oneway": false, "reversed": true, "length": 27.56157523716276, "from": "715", "to": "716", "maxspeed": "30", "bridge": null, "_key": "0", "ref": null, "access": null, "tunnel": null, "width": "8"}, "geometry": {"type": "LineString", "coordinates": [[19.1333412, 47.441430000000004], [19.133515999999997, 47.44154420000002], [19.1336048, 47.4416022]]}}, {"id": "(716, 687, 0)", "type": "Feature", "properties": {"_status": "original", "osmid": 350, "highway": "residential", "lanes": "2", "name": "Nagyk\u0151r\u00f6si \u00fat", "oneway": true, "reversed": false, "length": 180.13022339034018, "from": "687", "to": "716", "maxspeed": "50", "bridge": null, "_key": "0", "ref": null, "access": null, "tunnel": null, "width": null}, "geometry": {"type": "LineString", "coordinates": [[19.131857799999995, 47.442710400000045], [19.132838399999994, 47.442083600000025], [19.1336048, 47.4416022]]}}, {"id": "(715, 707, 0)", "type": "Feature", "properties": {"_status": "original", "osmid": 353, "highway": "residential", "lanes": null, "name": "Magyar utca", "oneway": false, "reversed": true, "length": 20.073190646023672, "from": "707", "to": "715", "maxspeed": "30", "bridge": null, "_key": "0", "ref": null, "access": null, "tunnel": null, "width": "8"}, "geometry": {"type": "LineString", "coordinates": [[19.1331492, 47.44130459999999], [19.133260899999996, 47.44137750000006], [19.1333412, 47.441430000000004]]}}, {"id": "(687, 679, 0)", "type": "Feature", "properties": {"_status": "original", "osmid": 354, "highway": "residential", "lanes": null, "name": "Debrecen utca", "oneway": false, "reversed": false, "length": 37.66469190691699, "from": "687", "to": "679", "maxspeed": "30", "bridge": null, "_key": "0", "ref": null, "access": null, "tunnel": null, "width": "6"}, "geometry": {"type": "LineString", "coordinates": [[19.131857799999995, 47.442710400000045], [19.13149939999999, 47.44247380000005]]}}, {"id": "(707, 679, 0)", "type": "Feature", "properties": {"_status": "original", "osmid": 358, "highway": "residential", "lanes": null, "name": "Kazinczy utca", "oneway": false, "reversed": true, "length": 179.712962163426, "from": "707", "to": "679", "maxspeed": "30", "bridge": null, "_key": "0", "ref": null, "access": null, "tunnel": null, "width": null}, "geometry": {"type": "LineString", "coordinates": [[19.1331492, 47.44130459999999], [19.1331227, 47.44132340000003], [19.13149939999999, 47.44247380000005]]}}, {"id": "(707, 701, 0)", "type": "Feature", "properties": {"_status": "original", "osmid": 359, "highway": "residential", "lanes": null, "name": "Magyar utca", "oneway": false, "reversed": false, "length": 69.41964168249284, "from": "707", "to": "701", "maxspeed": "30", "bridge": null, "_key": "0", "ref": null, "access": null, "tunnel": null, "width": "7"}, "geometry": {"type": "LineString", "coordinates": [[19.1331492, 47.44130459999999], [19.1324786, 47.44087560000004]]}}, {"id": "(679, 669, 0)", "type": "Feature", "properties": {"_status": "original", "osmid": 815, "highway": "residential", "lanes": null, "name": "Debrecen utca", "oneway": false, "reversed": false, "length": 68.61967411349363, "from": "679", "to": "669", "maxspeed": "30", "bridge": null, "_key": "0", "ref": null, "access": null, "tunnel": null, "width": "6"}, "geometry": {"type": "LineString", "coordinates": [[19.13149939999999, 47.44247380000005], [19.130845799999996, 47.44204320000002]]}}, {"id": "(679, 648, 0)", "type": "Feature", "properties": {"_status": "original", "osmid": 817, "highway": "residential", "lanes": null, "name": "Kazinczy utca", "oneway": false, "reversed": false, "length": 182.59399668301188, "from": "648", "to": "679", "maxspeed": "30", "bridge": null, "_key": "0", "ref": null, "access": null, "tunnel": null, "width": null}, "geometry": {"type": "LineString", "coordinates": [[19.129813799999994, 47.443655700000065], [19.13149939999999, 47.44247380000005]]}}, {"id": "(759, 766, 0)", "type": "Feature", "properties": {"_status": "original", "osmid": 360, "highway": "residential", "lanes": "1", "name": "Nagyk\u0151r\u00f6si \u00fat", "oneway": true, "reversed": false, "length": 60.49191415012969, "from": "759", "to": "766", "maxspeed": null, "bridge": null, "_key": "0", "ref": null, "access": null, "tunnel": null, "width": "4"}, "geometry": {"type": "LineString", "coordinates": [[19.136880499999997, 47.439522200000035], [19.137508499999996, 47.43918230000001]]}}, {"id": "(701, 669, 0)", "type": "Feature", "properties": {"_status": "original", "osmid": 816, "highway": "residential", "lanes": null, "name": "Bessenyei utca", "oneway": false, "reversed": true, "length": 178.7040732271533, "from": "701", "to": "669", "maxspeed": "30", "bridge": null, "_key": "0", "ref": null, "access": null, "tunnel": null, "width": "6"}, "geometry": {"type": "LineString", "coordinates": [[19.1324786, 47.44087560000004], [19.132456799999993, 47.440891200000024], [19.130845799999996, 47.44204320000002]]}}, {"id": "(701, 693, 0)", "type": "Feature", "properties": {"_status": "original", "osmid": 1002, "highway": "residential", "lanes": null, "name": "Magyar utca", "oneway": false, "reversed": true, "length": 69.11178625878811, "from": "693", "to": "701", "maxspeed": "30", "bridge": null, "_key": "0", "ref": null, "access": null, "tunnel": null, "width": "7"}, "geometry": {"type": "LineString", "coordinates": [[19.1318162, 47.44044479999998], [19.132004400000003, 47.4405672], [19.1324786, 47.44087560000004]]}}, {"id": "(766, 773, 0)", "type": "Feature", "properties": {"_status": "original", "osmid": 362, "highway": "residential", "lanes": "1", "name": "Nagyk\u0151r\u00f6si \u00fat", "oneway": true, "reversed": false, "length": 60.5575455342658, "from": "766", "to": "773", "maxspeed": null, "bridge": null, "_key": "0", "ref": null, "access": null, "tunnel": null, "width": "4"}, "geometry": {"type": "LineString", "coordinates": [[19.137508499999996, 47.43918230000001], [19.137628499999998, 47.4391231], [19.138167999999993, 47.43886990000005]]}}, {"id": "(766, 750, 0)", "type": "Feature", "properties": {"_status": "original", "osmid": 363, "highway": "residential", "lanes": null, "name": "Szil\u00e1gysomly\u00f3 utca", "oneway": false, "reversed": false, "length": 179.01688831241717, "from": "750", "to": "766", "maxspeed": null, "bridge": null, "_key": "0", "ref": null, "access": null, "tunnel": null, "width": null}, "geometry": {"type": "LineString", "coordinates": [[19.135785899999995, 47.4380713], [19.135816, 47.43808970000006], [19.13589019999999, 47.438137300000044], [19.137317299999996, 47.43905990000004], [19.137508499999996, 47.43918230000001]]}}, {"id": "(773, 755, 0)", "type": "Feature", "properties": {"_status": "original", "osmid": 368, "highway": "residential", "lanes": null, "name": "Torda utca", "oneway": false, "reversed": true, "length": 191.45176054480544, "from": "773", "to": "755", "maxspeed": null, "bridge": null, "_key": "0", "ref": null, "access": null, "tunnel": null, "width": null}, "geometry": {"type": "LineString", "coordinates": [[19.138167999999993, 47.43886990000005], [19.137987499999998, 47.43875430000003], [19.1364195, 47.437725100000016], [19.1363846, 47.43770220000003], [19.1363383, 47.43767290000004]]}}, {"id": "(750, 747, 0)", "type": "Feature", "properties": {"_status": "original", "osmid": 366, "highway": "residential", "lanes": null, "name": "Udvarhely utca", "oneway": false, "reversed": true, "length": 28.19313042290736, "from": "750", "to": "747", "maxspeed": null, "bridge": null, "_key": "0", "ref": null, "access": null, "tunnel": null, "width": null}, "geometry": {"type": "LineString", "coordinates": [[19.135785899999995, 47.4380713], [19.135523699999997, 47.43825250000003]]}}, {"id": "(750, 755, 0)", "type": "Feature", "properties": {"_status": "original", "osmid": 367, "highway": "residential", "lanes": null, "name": "Udvarhely utca", "oneway": false, "reversed": true, "length": 60.73404727544745, "from": "755", "to": "750", "maxspeed": null, "bridge": null, "_key": "0", "ref": null, "access": null, "tunnel": null, "width": null}, "geometry": {"type": "LineString", "coordinates": [[19.1363383, 47.43767290000004], [19.135785899999995, 47.4380713]]}}, {"id": "(747, 744, 0)", "type": "Feature", "properties": {"_status": "original", "osmid": 371, "highway": "residential", "lanes": null, "name": "Vas\u00fat sor", "oneway": false, "reversed": true, "length": 67.19089330274898, "from": "744", "to": "747", "maxspeed": null, "bridge": null, "_key": "0", "ref": null, "access": null, "tunnel": null, "width": "6"}, "geometry": {"type": "LineString", "coordinates": [[19.134960899999996, 47.437795000000015], [19.134984599999992, 47.437854800000025], [19.135022999999993, 47.43790630000005], [19.1350873, 47.4379602], [19.135462499999992, 47.438211499999994], [19.135523699999997, 47.43825250000003]]}}, {"id": "(755, 763, 0)", "type": "Feature", "properties": {"_status": "original", "osmid": 974, "highway": "residential", "lanes": null, "name": "Udvarhely utca", "oneway": false, "reversed": true, "length": 61.610448658553416, "from": "763", "to": "755", "maxspeed": null, "bridge": null, "_key": "0", "ref": null, "access": null, "tunnel": null, "width": null}, "geometry": {"type": "LineString", "coordinates": [[19.1369039, 47.43727210000006], [19.1363383, 47.43767290000004]]}}, {"id": "(744, 743, 0)", "type": "Feature", "properties": {"_status": "original", "osmid": 972, "highway": "residential", "lanes": null, "name": "Vas\u00fat sor", "oneway": false, "reversed": true, "length": 79.64669408598982, "from": "743", "to": "744", "maxspeed": null, "bridge": null, "_key": "0", "ref": null, "access": null, "tunnel": null, "width": "6"}, "geometry": {"type": "LineString", "coordinates": [[19.134791000000007, 47.43708800000007], [19.134960899999996, 47.437795000000015]]}}, {"id": "(744, 756, 0)", "type": "Feature", "properties": {"_status": "original", "osmid": 973, "highway": "residential", "lanes": null, "name": "L\u00e1mpa utca", "oneway": false, "reversed": false, "length": 142.83292896126773, "from": "756", "to": "744", "maxspeed": null, "bridge": null, "_key": "0", "ref": null, "access": null, "tunnel": null, "width": null}, "geometry": {"type": "LineString", "coordinates": [[19.136284699999997, 47.436874000000046], [19.13623819999999, 47.436906300000025], [19.135006499999992, 47.43776330000003], [19.134960899999996, 47.437795000000015]]}}, {"id": "(523, 516, 0)", "type": "Feature", "properties": {"_status": "original", "osmid": 373, "highway": "tertiary", "lanes": "2", "name": "Nagys\u00e1ndor J\u00f3zsef utca", "oneway": false, "reversed": false, "length": 67.93988643027612, "from": "516", "to": "523", "maxspeed": "50", "bridge": null, "_key": "0", "ref": null, "access": null, "tunnel": null, "width": null}, "geometry": {"type": "LineString", "coordinates": [[19.123188299999992, 47.44390050000005], [19.123843599999997, 47.44432110000006]]}}, {"id": "(523, 556, 0)", "type": "Feature", "properties": {"_status": "original", "osmid": 374, "highway": "residential", "lanes": null, "name": "Csoma utca", "oneway": false, "reversed": true, "length": 144.47199269805603, "from": "556", "to": "523", "maxspeed": "30", "bridge": null, "_key": "0", "ref": null, "access": null, "tunnel": null, "width": "5.5"}, "geometry": {"type": "LineString", "coordinates": [[19.125163499999992, 47.44337709999999], [19.123923099999995, 47.4442655], [19.12391259999999, 47.444271800000045], [19.123891199999992, 47.444286600000055], [19.123843599999997, 47.44432110000006]]}}, {"id": "(516, 502, 0)", "type": "Feature", "properties": {"_status": "original", "osmid": 377, "highway": "tertiary", "lanes": "2", "name": "Nagys\u00e1ndor J\u00f3zsef utca", "oneway": false, "reversed": true, "length": 70.34650956214622, "from": "516", "to": "502", "maxspeed": "50", "bridge": null, "_key": "0", "ref": null, "access": null, "tunnel": null, "width": null}, "geometry": {"type": "LineString", "coordinates": [[19.123188299999992, 47.44390050000005], [19.122496599999995, 47.44347460000006]]}}, {"id": "(516, 551, 0)", "type": "Feature", "properties": {"_status": "original", "osmid": 378, "highway": "residential", "lanes": null, "name": "Mar\u00f3t utca", "oneway": false, "reversed": true, "length": 181.46132866333016, "from": "551", "to": "516", "maxspeed": "30", "bridge": null, "_key": "0", "ref": null, "access": null, "tunnel": null, "width": "6"}, "geometry": {"type": "LineString", "coordinates": [[19.124843799999997, 47.44271330000005], [19.1248211, 47.442729500000056], [19.12327059999999, 47.44384140000004], [19.1232613, 47.44384810000005], [19.123253499999997, 47.443853700000005], [19.123223299999996, 47.44387390000003], [19.123188299999992, 47.44390050000005]]}}, {"id": "(556, 563, 0)", "type": "Feature", "properties": {"_status": "original", "osmid": 379, "highway": "residential", "lanes": null, "name": "Csoma utca", "oneway": false, "reversed": false, "length": 35.27389750815591, "from": "556", "to": "563", "maxspeed": "30", "bridge": null, "_key": "0", "ref": null, "access": null, "tunnel": null, "width": "5.5"}, "geometry": {"type": "LineString", "coordinates": [[19.125163499999992, 47.44337709999999], [19.125466199999998, 47.4431545], [19.125480999999994, 47.4431436]]}}, {"id": "(502, 487, 0)", "type": "Feature", "properties": {"_status": "original", "osmid": 386, "highway": "tertiary", "lanes": "2", "name": "Nagys\u00e1ndor J\u00f3zsef utca", "oneway": false, "reversed": true, "length": 66.56478875205173, "from": "502", "to": "487", "maxspeed": "50", "bridge": null, "_key": "0", "ref": null, "access": null, "tunnel": null, "width": null}, "geometry": {"type": "LineString", "coordinates": [[19.122496599999995, 47.44347460000006], [19.12197299999999, 47.443113500000045], [19.1218709, 47.443051400000066]]}}, {"id": "(502, 540, 0)", "type": "Feature", "properties": {"_status": "original", "osmid": 523, "highway": "residential", "lanes": null, "name": "Zal\u00e1n utca", "oneway": false, "reversed": true, "length": 184.7300331293164, "from": "540", "to": "502", "maxspeed": "30", "bridge": null, "_key": "0", "ref": null, "access": null, "tunnel": null, "width": "6"}, "geometry": {"type": "LineString", "coordinates": [[19.124208800000005, 47.442283400000015], [19.1241846, 47.442300200000005], [19.122605400000005, 47.44340080000007], [19.122595800000003, 47.44340750000004], [19.122533599999997, 47.44344990000002], [19.122496599999995, 47.44347460000006]]}}, {"id": "(551, 563, 0)", "type": "Feature", "properties": {"_status": "original", "osmid": 967, "highway": "residential", "lanes": null, "name": "Kossuthfalva utca", "oneway": false, "reversed": false, "length": 67.7176495124249, "from": "563", "to": "551", "maxspeed": "30", "bridge": null, "_key": "0", "ref": null, "access": null, "tunnel": null, "width": "6"}, "geometry": {"type": "LineString", "coordinates": [[19.125480999999994, 47.4431436], [19.124843799999997, 47.44271330000005]]}}, {"id": "(551, 540, 0)", "type": "Feature", "properties": {"_status": "original", "osmid": 527, "highway": "residential", "lanes": null, "name": "Kossuthfalva utca", "oneway": false, "reversed": true, "length": 67.56947397065795, "from": "540", "to": "551", "maxspeed": "30", "bridge": null, "_key": "0", "ref": null, "access": null, "tunnel": null, "width": "6"}, "geometry": {"type": "LineString", "coordinates": [[19.124208800000005, 47.442283400000015], [19.124843799999997, 47.44271330000005]]}}, {"id": "(551, 594, 0)", "type": "Feature", "properties": {"_status": "original", "osmid": 968, "highway": "residential", "lanes": null, "name": "Mar\u00f3t utca", "oneway": false, "reversed": true, "length": 183.17749456475514, "from": "594", "to": "551", "maxspeed": "30", "bridge": null, "_key": "0", "ref": null, "access": null, "tunnel": null, "width": "6"}, "geometry": {"type": "LineString", "coordinates": [[19.126542199999992, 47.441532500000015], [19.1265022, 47.441560300000006], [19.124870699999995, 47.442694500000016], [19.124843799999997, 47.44271330000005]]}}, {"id": "(563, 574, 0)", "type": "Feature", "properties": {"_status": "original", "osmid": 806, "highway": "residential", "lanes": null, "name": "Csoma utca", "oneway": false, "reversed": true, "length": 40.99752053502614, "from": "574", "to": "563", "maxspeed": "30", "bridge": null, "_key": "0", "ref": null, "access": null, "tunnel": null, "width": "5.5"}, "geometry": {"type": "LineString", "coordinates": [[19.125868699999987, 47.44288440000002], [19.125516000000005, 47.4431202], [19.125480999999994, 47.4431436]]}}, {"id": "(489, 482, 0)", "type": "Feature", "properties": {"_status": "original", "osmid": 382, "highway": "residential", "lanes": null, "name": "K\u00f6teles utca", "oneway": false, "reversed": true, "length": 36.2773294635239, "from": "489", "to": "482", "maxspeed": "30", "bridge": null, "_key": "0", "ref": null, "access": null, "tunnel": null, "width": null}, "geometry": {"type": "LineString", "coordinates": [[19.1224302, 47.44582870000002], [19.122094499999992, 47.44606300000001]]}}, {"id": "(487, 441, 0)", "type": "Feature", "properties": {"_status": "original", "osmid": 384, "highway": "tertiary", "lanes": "2", "name": "Nagys\u00e1ndor J\u00f3zsef utca", "oneway": false, "reversed": false, "length": 230.33673343629812, "from": "441", "to": "487", "maxspeed": null, "bridge": null, "_key": "0", "ref": null, "access": null, "tunnel": null, "width": null}, "geometry": {"type": "LineString", "coordinates": [[19.119691599999992, 47.44159590000004], [19.1218146, 47.44301470000001], [19.1218709, 47.443051400000066]]}}, {"id": "(487, 501, 0)", "type": "Feature", "properties": {"_status": "original", "osmid": 385, "highway": "tertiary", "lanes": "2", "name": "M\u00e1rt\u00edrok \u00fatja", "oneway": false, "reversed": true, "length": 51.946806628353535, "from": "501", "to": "487", "maxspeed": "50", "bridge": null, "_key": "0", "ref": null, "access": null, "tunnel": null, "width": null}, "geometry": {"type": "LineString", "coordinates": [[19.122352, 47.442716200000056], [19.122015299999997, 47.44295280000005], [19.121982099999997, 47.44297470000002], [19.1218709, 47.443051400000066]]}}, {"id": "(482, 473, 0)", "type": "Feature", "properties": {"_status": "original", "osmid": 533, "highway": "residential", "lanes": null, "name": "K\u00f6teles utca", "oneway": false, "reversed": true, "length": 31.48093860439107, "from": "482", "to": "473", "maxspeed": "30", "bridge": null, "_key": "0", "ref": null, "access": null, "tunnel": null, "width": null}, "geometry": {"type": "LineString", "coordinates": [[19.122094499999992, 47.44606300000001], [19.121806699999997, 47.44626860000002]]}}, {"id": "(482, 432, 0)", "type": "Feature", "properties": {"_status": "original", "osmid": 535, "highway": "residential", "lanes": null, "name": "Kopp\u00e1ny utca", "oneway": false, "reversed": false, "length": 244.94438191108657, "from": "432", "to": "482", "maxspeed": "30", "bridge": null, "_key": "0", "ref": null, "access": null, "tunnel": null, "width": null}, "geometry": {"type": "LineString", "coordinates": [[19.119763200000005, 47.444524599999994], [19.119815600000003, 47.44455920000008], [19.122094499999992, 47.44606300000001]]}}, {"id": "(441, 453, 0)", "type": "Feature", "properties": {"_status": "original", "osmid": 520, "highway": "residential", "lanes": null, "name": "Pir\u00f3k Gyula utca", "oneway": false, "reversed": true, "length": 49.880741579879846, "from": "453", "to": "441", "maxspeed": null, "bridge": null, "_key": "0", "ref": null, "access": null, "tunnel": null, "width": null}, "geometry": {"type": "LineString", "coordinates": [[19.1201607, 47.44127880000005], [19.119775599999997, 47.44153690000005], [19.119749999999996, 47.441554900000014], [19.119691599999992, 47.44159590000004]]}}, {"id": "(501, 453, 0)", "type": "Feature", "properties": {"_status": "original", "osmid": 521, "highway": "residential", "lanes": null, "name": "Nagysz\u0151l\u0151s utca", "oneway": false, "reversed": false, "length": 229.57571148619112, "from": "453", "to": "501", "maxspeed": "50", "bridge": null, "_key": "0", "ref": null, "access": null, "tunnel": null, "width": null}, "geometry": {"type": "LineString", "coordinates": [[19.1201607, 47.44127880000005], [19.120196300000007, 47.4413014], [19.122267999999988, 47.44266110000003], [19.122299199999997, 47.44268080000006], [19.122352, 47.442716200000056]]}}, {"id": "(501, 513, 0)", "type": "Feature", "properties": {"_status": "original", "osmid": 522, "highway": "tertiary", "lanes": "2", "name": "M\u00e1rt\u00edrok \u00fatja", "oneway": false, "reversed": true, "length": 49.34537178612628, "from": "513", "to": "501", "maxspeed": "50", "bridge": null, "_key": "0", "ref": null, "access": null, "tunnel": null, "width": null}, "geometry": {"type": "LineString", "coordinates": [[19.1228086, 47.44239750000005], [19.122352, 47.442716200000056]]}}, {"id": "(58, 67, 0)", "type": "Feature", "properties": {"_status": "original", "osmid": 388, "highway": "residential", "lanes": "2", "name": "T\u00f6r\u00f6k Fl\u00f3ris utca", "oneway": false, "reversed": true, "length": 126.59854363009686, "from": "67", "to": "58", "maxspeed": "50", "bridge": null, "_key": "0", "ref": null, "access": null, "tunnel": null, "width": null}, "geometry": {"type": "LineString", "coordinates": [[19.101071, 47.44314330000006], [19.1010374, 47.44317090000002], [19.1009177, 47.443269400000005], [19.10077529999999, 47.44338649999999], [19.1005962, 47.44353380000002], [19.100434800000002, 47.4436666], [19.100251599999993, 47.44381720000003], [19.100001800000005, 47.4440227]]}}, {"id": "(58, 62, 0)", "type": "Feature", "properties": {"_status": "original", "osmid": 389, "highway": "residential", "lanes": null, "name": "M\u00e1ty\u00e1s utca", "oneway": false, "reversed": false, "length": 74.99882511585476, "from": "62", "to": "58", "maxspeed": "30", "bridge": null, "_key": "0", "ref": null, "access": null, "tunnel": null, "width": null}, "geometry": {"type": "LineString", "coordinates": [[19.10077100000001, 47.444452000000055], [19.100051099999995, 47.44405020000002], [19.100001800000005, 47.4440227]]}}, {"id": "(67, 92, 0)", "type": "Feature", "properties": {"_status": "original", "osmid": 393, "highway": "residential", "lanes": "2", "name": "T\u00f6r\u00f6k Fl\u00f3ris utca", "oneway": false, "reversed": false, "length": 204.2001747879126, "from": "67", "to": "92", "maxspeed": "50", "bridge": null, "_key": "0", "ref": null, "access": null, "tunnel": null, "width": null}, "geometry": {"type": "LineString", "coordinates": [[19.101071, 47.44314330000006], [19.101218699999993, 47.44302079999998], [19.101440100000005, 47.4428373], [19.101703500000003, 47.4426189], [19.1019321, 47.442429399999995], [19.101942600000008, 47.44242070000004], [19.102165400000004, 47.442239299999976], [19.102385199999993, 47.44206030000005], [19.102631899999995, 47.441859400000006], [19.102741899999998, 47.441769900000025], [19.102796500000004, 47.44172540000001]]}}, {"id": "(67, 73, 0)", "type": "Feature", "properties": {"_status": "original", "osmid": 394, "highway": "residential", "lanes": null, "name": "Istv\u00e1n utca", "oneway": false, "reversed": true, "length": 74.98345378183852, "from": "73", "to": "67", "maxspeed": "30", "bridge": null, "_key": "0", "ref": null, "access": null, "tunnel": null, "width": null}, "geometry": {"type": "LineString", "coordinates": [[19.101839800000004, 47.44357270000003], [19.101107599999995, 47.44316370000005], [19.101071, 47.44314330000006]]}}, {"id": "(62, 53, 0)", "type": "Feature", "properties": {"_status": "original", "osmid": 391, "highway": "residential", "lanes": null, "name": "Erd\u0151 utca", "oneway": false, "reversed": true, "length": 149.96235551199695, "from": "62", "to": "53", "maxspeed": "30", "bridge": null, "_key": "0", "ref": null, "access": null, "tunnel": null, "width": null}, "geometry": {"type": "LineString", "coordinates": [[19.10077100000001, 47.444452000000055], [19.099619199999992, 47.44545610000005], [19.099548699999993, 47.445517600000024]]}}, {"id": "(62, 73, 0)", "type": "Feature", "properties": {"_status": "original", "osmid": 395, "highway": "residential", "lanes": null, "name": "Erd\u0151 utca", "oneway": false, "reversed": true, "length": 126.57043123637982, "from": "73", "to": "62", "maxspeed": "30", "bridge": null, "_key": "0", "ref": null, "access": null, "tunnel": null, "width": null}, "geometry": {"type": "LineString", "coordinates": [[19.101839800000004, 47.44357270000003], [19.10077100000001, 47.444452000000055]]}}, {"id": "(62, 69, 0)", "type": "Feature", "properties": {"_status": "original", "osmid": 396, "highway": "residential", "lanes": null, "name": "M\u00e1ty\u00e1s utca", "oneway": false, "reversed": false, "length": 89.58080598498601, "from": "69", "to": "62", "maxspeed": "30", "bridge": null, "_key": "0", "ref": null, "access": null, "tunnel": null, "width": null}, "geometry": {"type": "LineString", "coordinates": [[19.1016907, 47.44496400000002], [19.10077100000001, 47.444452000000055]]}}, {"id": "(53, 57, 0)", "type": "Feature", "properties": {"_status": "original", "osmid": 392, "highway": "secondary", "lanes": "2", "name": "Hat\u00e1r \u00fat", "oneway": false, "reversed": true, "length": 74.31667662982981, "from": "57", "to": "53", "maxspeed": "50", "bridge": null, "_key": "0", "ref": null, "access": null, "tunnel": null, "width": null}, "geometry": {"type": "LineString", "coordinates": [[19.1002497, 47.44598870000002], [19.0999887, 47.44581329999999], [19.099548699999993, 47.445517600000024]]}}, {"id": "(57, 61, 0)", "type": "Feature", "properties": {"_status": "original", "osmid": 398, "highway": "residential", "lanes": null, "name": "\u0150sz utca", "oneway": false, "reversed": false, "length": 76.09101055469165, "from": "61", "to": "57", "maxspeed": "30", "bridge": null, "_key": "0", "ref": null, "access": null, "tunnel": null, "width": null}, "geometry": {"type": "LineString", "coordinates": [[19.100942000000003, 47.44548970000002], [19.100371, 47.44590510000003], [19.100348599999997, 47.445921399999975], [19.1002497, 47.44598870000002]]}}, {"id": "(92, 102, 0)", "type": "Feature", "properties": {"_status": "original", "osmid": 545, "highway": "residential", "lanes": null, "name": "J\u00e1nos utca", "oneway": false, "reversed": true, "length": 74.33916123512986, "from": "102", "to": "92", "maxspeed": "30", "bridge": null, "_key": "0", "ref": null, "access": null, "tunnel": null, "width": null}, "geometry": {"type": "LineString", "coordinates": [[19.103507999999998, 47.442189500000055], [19.102846699999994, 47.44175810000007], [19.102796500000004, 47.44172540000001]]}}, {"id": "(92, 103, 0)", "type": "Feature", "properties": {"_status": "original", "osmid": 549, "highway": "tertiary", "lanes": "2", "name": "T\u00f6r\u00f6k Fl\u00f3ris utca", "oneway": false, "reversed": true, "length": 65.56217075670371, "from": "103", "to": "92", "maxspeed": "50", "bridge": null, "_key": "0", "ref": null, "access": null, "tunnel": null, "width": null}, "geometry": {"type": "LineString", "coordinates": [[19.103353799999994, 47.44127200000002], [19.1033212, 47.441298500000045], [19.10309839999999, 47.4414798], [19.1028727, 47.44166339999998], [19.102796500000004, 47.44172540000001]]}}, {"id": "(73, 79, 0)", "type": "Feature", "properties": {"_status": "original", "osmid": 557, "highway": "residential", "lanes": null, "name": "Erd\u0151 utca", "oneway": false, "reversed": false, "length": 49.981354111937954, "from": "73", "to": "79", "maxspeed": "30", "bridge": null, "_key": "0", "ref": null, "access": null, "tunnel": null, "width": null}, "geometry": {"type": "LineString", "coordinates": [[19.101839800000004, 47.44357270000003], [19.102261, 47.443225]]}}, {"id": "(73, 81, 0)", "type": "Feature", "properties": {"_status": "original", "osmid": 558, "highway": "residential", "lanes": null, "name": ["Istv\u00e1n utca", "\u0150sz utca"], "oneway": false, "reversed": true, "length": 127.24741146741695, "from": "81", "to": "73", "maxspeed": "30", "bridge": null, "_key": "0", "ref": null, "access": null, "tunnel": null, "width": null}, "geometry": {"type": "LineString", "coordinates": [[19.102648899999988, 47.444321900000034], [19.102881100000005, 47.44417800000003], [19.102461599999998, 47.44388750000004], [19.101839800000004, 47.44357270000003]]}}, {"id": "(69, 74, 0)", "type": "Feature", "properties": {"_status": "original", "osmid": 642, "highway": "residential", "lanes": null, "name": "\u0150sz utca", "oneway": false, "reversed": true, "length": 40.7694450620779, "from": "69", "to": "74", "maxspeed": "30", "bridge": null, "_key": "0", "ref": null, "access": null, "tunnel": null, "width": null}, "geometry": {"type": "LineString", "coordinates": [[19.1016907, 47.44496400000002], [19.1020695, 47.44470170000003]]}}, {"id": "(69, 68, 0)", "type": "Feature", "properties": {"_status": "original", "osmid": 643, "highway": "residential", "lanes": null, "name": "\u0150sz utca", "oneway": false, "reversed": false, "length": 21.908977299486416, "from": "69", "to": "68", "maxspeed": "30", "bridge": null, "_key": "0", "ref": null, "access": null, "tunnel": null, "width": null}, "geometry": {"type": "LineString", "coordinates": [[19.1016907, 47.44496400000002], [19.101489499999992, 47.445106500000044]]}}, {"id": "(61, 80, 0)", "type": "Feature", "properties": {"_status": "original", "osmid": 627, "highway": "residential", "lanes": null, "name": "Viola utca", "oneway": false, "reversed": false, "length": 211.25689657571832, "from": "61", "to": "80", "maxspeed": "30", "bridge": null, "_key": "0", "ref": null, "access": null, "tunnel": null, "width": null}, "geometry": {"type": "LineString", "coordinates": [[19.100942000000003, 47.44548970000002], [19.100981800000003, 47.445516900000065], [19.102943599999996, 47.44682280000003]]}}, {"id": "(61, 68, 0)", "type": "Feature", "properties": {"_status": "original", "osmid": 631, "highway": "residential", "lanes": null, "name": "\u0150sz utca", "oneway": false, "reversed": false, "length": 59.251721828308895, "from": "68", "to": "61", "maxspeed": "30", "bridge": null, "_key": "0", "ref": null, "access": null, "tunnel": null, "width": null}, "geometry": {"type": "LineString", "coordinates": [[19.101489499999992, 47.445106500000044], [19.100942000000003, 47.44548970000002]]}}, {"id": "(801, 795, 0)", "type": "Feature", "properties": {"_status": "original", "osmid": 400, "highway": "residential", "lanes": null, "name": "Fiume utca", "oneway": false, "reversed": false, "length": 61.84135767192601, "from": "801", "to": "795", "maxspeed": null, "bridge": null, "_key": "0", "ref": null, "access": null, "tunnel": null, "width": "5.5"}, "geometry": {"type": "LineString", "coordinates": [[19.1396525, 47.43127520000002], [19.1390677, 47.430884300000045]]}}, {"id": "(801, 793, 0)", "type": "Feature", "properties": {"_status": "original", "osmid": 401, "highway": "residential", "lanes": null, "name": "Pusztakamar\u00e1s utca", "oneway": false, "reversed": true, "length": 58.363214152192604, "from": "793", "to": "801", "maxspeed": null, "bridge": null, "_key": "0", "ref": null, "access": null, "tunnel": null, "width": "6"}, "geometry": {"type": "LineString", "coordinates": [[19.139116499999997, 47.43165470000007], [19.1396525, 47.43127520000002]]}}, {"id": "(801, 804, 0)", "type": "Feature", "properties": {"_status": "original", "osmid": 402, "highway": "residential", "lanes": null, "name": "Fiume utca", "oneway": false, "reversed": false, "length": 60.64280042761455, "from": "804", "to": "801", "maxspeed": null, "bridge": null, "_key": "0", "ref": null, "access": null, "tunnel": null, "width": "5.5"}, "geometry": {"type": "LineString", "coordinates": [[19.140224100000005, 47.43165980000005], [19.1396525, 47.43127520000002]]}}, {"id": "(795, 784, 0)", "type": "Feature", "properties": {"_status": "original", "osmid": 403, "highway": "residential", "lanes": null, "name": "M\u00e1rt\u00edrok \u00fatja", "oneway": false, "reversed": false, "length": 131.6109561053045, "from": "784", "to": "795", "maxspeed": null, "bridge": null, "_key": "0", "ref": null, "access": null, "tunnel": null, "width": null}, "geometry": {"type": "LineString", "coordinates": [[19.137864000000004, 47.43174329999999], [19.1390677, 47.430884300000045]]}}, {"id": "(793, 788, 0)", "type": "Feature", "properties": {"_status": "original", "osmid": 408, "highway": "residential", "lanes": null, "name": "Pusztakamar\u00e1s utca", "oneway": false, "reversed": false, "length": 71.72019067957248, "from": "793", "to": "788", "maxspeed": null, "bridge": null, "_key": "0", "ref": null, "access": null, "tunnel": null, "width": "6"}, "geometry": {"type": "LineString", "coordinates": [[19.139116499999997, 47.43165470000007], [19.138457900000006, 47.43212109999999]]}}, {"id": "(793, 800, 0)", "type": "Feature", "properties": {"_status": "original", "osmid": 409, "highway": "residential", "lanes": null, "name": "F\u00fczes k\u00f6z", "oneway": false, "reversed": false, "length": 59.915122381098236, "from": "793", "to": "800", "maxspeed": null, "bridge": null, "_key": "0", "ref": null, "access": null, "tunnel": null, "width": null}, "geometry": {"type": "LineString", "coordinates": [[19.139116499999997, 47.43165470000007], [19.13968689999999, 47.432030800000035]]}}, {"id": "(804, 807, 0)", "type": "Feature", "properties": {"_status": "original", "osmid": 410, "highway": "residential", "lanes": null, "name": "Fiume utca", "oneway": false, "reversed": true, "length": 59.4446891679623, "from": "804", "to": "807", "maxspeed": null, "bridge": null, "_key": "0", "ref": null, "access": null, "tunnel": null, "width": "5.5"}, "geometry": {"type": "LineString", "coordinates": [[19.140224100000005, 47.43165980000005], [19.140788499999992, 47.432034000000016]]}}, {"id": "(804, 800, 0)", "type": "Feature", "properties": {"_status": "original", "osmid": 411, "highway": "residential", "lanes": null, "name": "Sz\u0151demeter utca", "oneway": false, "reversed": true, "length": 57.74645122721637, "from": "804", "to": "800", "maxspeed": null, "bridge": null, "_key": "0", "ref": null, "access": null, "tunnel": null, "width": "4.4"}, "geometry": {"type": "LineString", "coordinates": [[19.140224100000005, 47.43165980000005], [19.13968689999999, 47.432030800000035]]}}, {"id": "(784, 788, 0)", "type": "Feature", "properties": {"_status": "original", "osmid": 405, "highway": "residential", "lanes": null, "name": "Farkaslaka utca", "oneway": false, "reversed": false, "length": 61.32267818732051, "from": "788", "to": "784", "maxspeed": null, "bridge": null, "_key": "0", "ref": null, "access": null, "tunnel": null, "width": null}, "geometry": {"type": "LineString", "coordinates": [[19.138457900000006, 47.43212109999999], [19.137864000000004, 47.43174329999999]]}}, {"id": "(784, 777, 0)", "type": "Feature", "properties": {"_status": "original", "osmid": 406, "highway": "residential", "lanes": null, "name": "M\u00e1rt\u00edrok \u00fatja", "oneway": false, "reversed": false, "length": 59.49312444121814, "from": "777", "to": "784", "maxspeed": null, "bridge": null, "_key": "0", "ref": null, "access": null, "tunnel": null, "width": null}, "geometry": {"type": "LineString", "coordinates": [[19.137317700000004, 47.43213020000004], [19.137864000000004, 47.43174329999999]]}}, {"id": "(788, 791, 0)", "type": "Feature", "properties": {"_status": "original", "osmid": 412, "highway": "residential", "lanes": null, "name": "Farkaslaka utca", "oneway": false, "reversed": false, "length": 59.943713094740964, "from": "791", "to": "788", "maxspeed": null, "bridge": null, "_key": "0", "ref": null, "access": null, "tunnel": null, "width": null}, "geometry": {"type": "LineString", "coordinates": [[19.139031699999997, 47.4324952], [19.138457900000006, 47.43212109999999]]}}, {"id": "(777, 776, 0)", "type": "Feature", "properties": {"_status": "original", "osmid": 413, "highway": "residential", "lanes": null, "name": "M\u00e1rt\u00edrok \u00fatja", "oneway": false, "reversed": true, "length": 8.685938256279321, "from": "777", "to": "776", "maxspeed": null, "bridge": null, "_key": "0", "ref": null, "access": null, "tunnel": null, "width": null}, "geometry": {"type": "LineString", "coordinates": [[19.137317700000004, 47.43213020000004], [19.1372389, 47.4321873]]}}, {"id": "(777, 770, 0)", "type": "Feature", "properties": {"_status": "original", "osmid": 414, "highway": "residential", "lanes": null, "name": "Orsova utca", "oneway": false, "reversed": false, "length": 74.20383216684802, "from": "777", "to": "770", "maxspeed": null, "bridge": null, "_key": "0", "ref": null, "access": null, "tunnel": null, "width": null}, "geometry": {"type": "LineString", "coordinates": [[19.137317700000004, 47.43213020000004], [19.136568199999992, 47.43169629999999]]}}, {"id": "(800, 791, 0)", "type": "Feature", "properties": {"_status": "original", "osmid": 1320, "highway": "residential", "lanes": null, "name": "Sz\u0151demeter utca", "oneway": false, "reversed": true, "length": 71.38248946039643, "from": "800", "to": "791", "maxspeed": null, "bridge": null, "_key": "0", "ref": null, "access": null, "tunnel": null, "width": "4.4"}, "geometry": {"type": "LineString", "coordinates": [[19.13968689999999, 47.432030800000035], [19.139031699999997, 47.4324952]]}}, {"id": "(807, 798, 0)", "type": "Feature", "properties": {"_status": "original", "osmid": 1316, "highway": "residential", "lanes": null, "name": "\u00c9rmindszent utca", "oneway": false, "reversed": false, "length": 129.550517377108, "from": "798", "to": "807", "maxspeed": null, "bridge": null, "_key": "0", "ref": null, "access": null, "tunnel": null, "width": null}, "geometry": {"type": "LineString", "coordinates": [[19.1396347, 47.43289890000005], [19.1400123, 47.43262490000001], [19.140788499999992, 47.432034000000016]]}}, {"id": "(791, 798, 0)", "type": "Feature", "properties": {"_status": "original", "osmid": 1317, "highway": "residential", "lanes": null, "name": "Farkaslaka utca", "oneway": false, "reversed": true, "length": 63.81458807294604, "from": "791", "to": "798", "maxspeed": null, "bridge": null, "_key": "0", "ref": null, "access": null, "tunnel": null, "width": null}, "geometry": {"type": "LineString", "coordinates": [[19.139031699999997, 47.4324952], [19.1396347, 47.43289890000005]]}}, {"id": "(776, 769, 0)", "type": "Feature", "properties": {"_status": "original", "osmid": 1206, "highway": "residential", "lanes": null, "name": "M\u00e1rt\u00edrok \u00fatja", "oneway": false, "reversed": true, "length": 67.78087329054688, "from": "776", "to": "769", "maxspeed": null, "bridge": null, "_key": "0", "ref": null, "access": null, "tunnel": null, "width": null}, "geometry": {"type": "LineString", "coordinates": [[19.1372389, 47.4321873], [19.136730100000005, 47.432550400000025], [19.136712700000004, 47.43256250000001], [19.1366961, 47.43257420000003], [19.136617900000005, 47.43262900000003]]}}, {"id": "(776, 796, 0)", "type": "Feature", "properties": {"_status": "original", "osmid": 1220, "highway": "residential", "lanes": null, "name": "H\u00e1tszeg utca", "oneway": false, "reversed": true, "length": 242.12376137497102, "from": "796", "to": "776", "maxspeed": null, "bridge": null, "_key": "0", "ref": null, "access": null, "tunnel": null, "width": null}, "geometry": {"type": "LineString", "coordinates": [[19.139568599999993, 47.43368990000004], [19.1372389, 47.4321873]]}}, {"id": "(770, 767, 0)", "type": "Feature", "properties": {"_status": "original", "osmid": 1210, "highway": "residential", "lanes": null, "name": "Orsova utca", "oneway": false, "reversed": true, "length": 38.09250273945967, "from": "767", "to": "770", "maxspeed": null, "bridge": null, "_key": "0", "ref": null, "access": null, "tunnel": null, "width": null}, "geometry": {"type": "LineString", "coordinates": [[19.136183899999995, 47.43147320000004], [19.136568199999992, 47.43169629999999]]}}, {"id": "(634, 648, 0)", "type": "Feature", "properties": {"_status": "original", "osmid": 810, "highway": "residential", "lanes": null, "name": "Zobor utca", "oneway": false, "reversed": false, "length": 68.35180004793843, "from": "648", "to": "634", "maxspeed": "30", "bridge": null, "_key": "0", "ref": null, "access": null, "tunnel": null, "width": null}, "geometry": {"type": "LineString", "coordinates": [[19.129813799999994, 47.443655700000065], [19.129150699999997, 47.443235300000005]]}}, {"id": "(634, 669, 0)", "type": "Feature", "properties": {"_status": "original", "osmid": 809, "highway": "residential", "lanes": null, "name": "Bessenyei utca", "oneway": false, "reversed": true, "length": 183.90723119062156, "from": "669", "to": "634", "maxspeed": "30", "bridge": null, "_key": "0", "ref": null, "access": null, "tunnel": null, "width": "6"}, "geometry": {"type": "LineString", "coordinates": [[19.130845799999996, 47.44204320000002], [19.129150699999997, 47.443235300000005]]}}, {"id": "(149, 168, 0)", "type": "Feature", "properties": {"_status": "original", "osmid": 422, "highway": "residential", "lanes": null, "name": "Mad\u00e1ch utca", "oneway": false, "reversed": true, "length": 124.84542252452997, "from": "168", "to": "149", "maxspeed": null, "bridge": null, "_key": "0", "ref": null, "access": null, "tunnel": null, "width": null}, "geometry": {"type": "LineString", "coordinates": [[19.105595699999995, 47.4320393], [19.1044595, 47.43138240000007], [19.1043361, 47.431308200000025]]}}, {"id": "(147, 168, 0)", "type": "Feature", "properties": {"_status": "original", "osmid": 423, "highway": "residential", "lanes": null, "name": "Nagy Gy\u0151ry Istv\u00e1n utca", "oneway": false, "reversed": false, "length": 136.58566619255114, "from": "168", "to": "147", "maxspeed": null, "bridge": null, "_key": "0", "ref": null, "access": null, "tunnel": null, "width": null}, "geometry": {"type": "LineString", "coordinates": [[19.105595699999995, 47.4320393], [19.104608099999997, 47.43297089999999], [19.104534300000005, 47.43303590000001]]}}, {"id": "(168, 190, 0)", "type": "Feature", "properties": {"_status": "original", "osmid": 587, "highway": "residential", "lanes": null, "name": "Nagy Gy\u0151ry Istv\u00e1n utca", "oneway": false, "reversed": false, "length": 115.32611389693754, "from": "190", "to": "168", "maxspeed": null, "bridge": null, "_key": "0", "ref": null, "access": null, "tunnel": null, "width": null}, "geometry": {"type": "LineString", "coordinates": [[19.1065029, 47.43120320000004], [19.105595699999995, 47.4320393]]}}, {"id": "(168, 191, 0)", "type": "Feature", "properties": {"_status": "original", "osmid": 586, "highway": "residential", "lanes": null, "name": "Mad\u00e1ch utca", "oneway": false, "reversed": true, "length": 127.82184747524543, "from": "191", "to": "168", "maxspeed": null, "bridge": null, "_key": "0", "ref": null, "access": null, "tunnel": null, "width": null}, "geometry": {"type": "LineString", "coordinates": [[19.106867899999994, 47.43280140000007], [19.106831099999994, 47.43277940000004], [19.105595699999995, 47.4320393]]}}, {"id": "(190, 219, 0)", "type": "Feature", "properties": {"_status": "original", "osmid": 785, "highway": "residential", "lanes": null, "name": "Szemere utca", "oneway": false, "reversed": false, "length": 128.84199936250081, "from": "190", "to": "219", "maxspeed": null, "bridge": null, "_key": "0", "ref": null, "access": null, "tunnel": null, "width": null}, "geometry": {"type": "LineString", "coordinates": [[19.1065029, 47.43120320000004], [19.1077528, 47.43194410000004], [19.1077912, 47.43196680000006]]}}, {"id": "(324, 314, 0)", "type": "Feature", "properties": {"_status": "original", "osmid": 427, "highway": "tertiary", "lanes": "2", "name": "Nagys\u00e1ndor J\u00f3zsef utca", "oneway": false, "reversed": true, "length": 46.05565355992227, "from": "324", "to": "314", "maxspeed": null, "bridge": null, "_key": "0", "ref": null, "access": null, "tunnel": null, "width": null}, "geometry": {"type": "LineString", "coordinates": [[19.113037099999996, 47.437137000000014], [19.112585200000005, 47.4368575]]}}, {"id": "(324, 330, 0)", "type": "Feature", "properties": {"_status": "original", "osmid": 428, "highway": "tertiary", "lanes": "2", "name": "Nagys\u00e1ndor J\u00f3zsef utca", "oneway": false, "reversed": true, "length": 35.39079559427416, "from": "330", "to": "324", "maxspeed": null, "bridge": null, "_key": "0", "ref": null, "access": null, "tunnel": null, "width": null}, "geometry": {"type": "LineString", "coordinates": [[19.113360800000006, 47.43736800000003], [19.113037099999996, 47.437137000000014]]}}, {"id": "(324, 347, 0)", "type": "Feature", "properties": {"_status": "original", "osmid": 429, "highway": "tertiary", "lanes": null, "name": "Kn\u00e9zich utca", "oneway": true, "reversed": false, "length": 149.48005304490917, "from": "347", "to": "324", "maxspeed": null, "bridge": null, "_key": "0", "ref": null, "access": null, "tunnel": null, "width": null}, "geometry": {"type": "LineString", "coordinates": [[19.11423549999999, 47.436064599999995], [19.113119000000005, 47.43706610000003], [19.1130847, 47.43709580000006], [19.1130649, 47.437112900000024], [19.113037099999996, 47.437137000000014]]}}, {"id": "(314, 295, 0)", "type": "Feature", "properties": {"_status": "original", "osmid": 431, "highway": "tertiary", "lanes": "2", "name": "Szent Imre herceg utca", "oneway": false, "reversed": true, "length": 75.97251624862749, "from": "295", "to": "314", "maxspeed": "50", "bridge": null, "_key": "0", "ref": null, "access": null, "tunnel": null, "width": null}, "geometry": {"type": "LineString", "coordinates": [[19.111866799999994, 47.43733780000004], [19.112550200000005, 47.43688110000002], [19.112585200000005, 47.4368575]]}}, {"id": "(314, 293, 0)", "type": "Feature", "properties": {"_status": "original", "osmid": 432, "highway": "tertiary", "lanes": "2", "name": "Nagys\u00e1ndor J\u00f3zsef utca", "oneway": false, "reversed": false, "length": 79.9831170351607, "from": "293", "to": "314", "maxspeed": "50", "bridge": null, "_key": "0", "ref": null, "access": null, "tunnel": null, "width": null}, "geometry": {"type": "LineString", "coordinates": [[19.111668600000005, 47.43649280000004], [19.112517499999992, 47.43683100000001], [19.112585200000005, 47.4368575]]}}, {"id": "(347, 395, 0)", "type": "Feature", "properties": {"_status": "original", "osmid": 441, "highway": "residential", "lanes": null, "name": "Dessewffy utca", "oneway": false, "reversed": true, "length": 251.14346950803244, "from": "347", "to": "395", "maxspeed": null, "bridge": null, "_key": "0", "ref": null, "access": null, "tunnel": null, "width": null}, "geometry": {"type": "LineString", "coordinates": [[19.11423549999999, 47.436064599999995], [19.114393199999988, 47.43616420000002], [19.116574399999994, 47.43763589999999], [19.116604499999998, 47.43765620000004]]}}, {"id": "(347, 365, 0)", "type": "Feature", "properties": {"_status": "original", "osmid": 442, "highway": "tertiary", "lanes": null, "name": "Kn\u00e9zich utca", "oneway": true, "reversed": false, "length": 76.16372802046948, "from": "365", "to": "347", "maxspeed": null, "bridge": null, "_key": "0", "ref": null, "access": null, "tunnel": null, "width": null}, "geometry": {"type": "LineString", "coordinates": [[19.1148589, 47.43552489999999], [19.1147744, 47.435603000000015], [19.11423549999999, 47.436064599999995]]}}, {"id": "(295, 239, 0)", "type": "Feature", "properties": {"_status": "original", "osmid": 433, "highway": "residential", "lanes": "2", "name": "Bethlen utca", "oneway": false, "reversed": true, "length": 223.25709746199203, "from": "239", "to": "295", "maxspeed": null, "bridge": null, "_key": "0", "ref": null, "access": null, "tunnel": null, "width": null}, "geometry": {"type": "LineString", "coordinates": [[19.10932049999999, 47.43630649999999], [19.1093646, 47.43633000000005], [19.111866799999994, 47.43733780000004]]}}, {"id": "(293, 277, 0)", "type": "Feature", "properties": {"_status": "original", "osmid": 435, "highway": "tertiary", "lanes": "2", "name": "Nagys\u00e1ndor J\u00f3zsef utca", "oneway": false, "reversed": false, "length": 77.30996401166261, "from": "277", "to": "293", "maxspeed": "50", "bridge": null, "_key": "0", "ref": null, "access": null, "tunnel": null, "width": null}, "geometry": {"type": "LineString", "coordinates": [[19.110794400000007, 47.436127100000036], [19.111668600000005, 47.43649280000004]]}}, {"id": "(293, 333, 0)", "type": "Feature", "properties": {"_status": "original", "osmid": 436, "highway": "residential", "lanes": null, "name": "Szabads\u00e1g utca", "oneway": false, "reversed": false, "length": 168.1207780028109, "from": "333", "to": "293", "maxspeed": null, "bridge": null, "_key": "0", "ref": null, "access": null, "tunnel": null, "width": null}, "geometry": {"type": "LineString", "coordinates": [[19.113197399999994, 47.43538980000006], [19.111741300000002, 47.436440400000066], [19.111722400000005, 47.436454], [19.111668600000005, 47.43649280000004]]}}, {"id": "(239, 255, 0)", "type": "Feature", "properties": {"_status": "original", "osmid": 443, "highway": "residential", "lanes": "2", "name": "T\u00f6r\u00f6k Fl\u00f3ris utca", "oneway": false, "reversed": false, "length": 74.44011414954514, "from": "239", "to": "255", "maxspeed": "50", "bridge": null, "_key": "0", "ref": null, "access": null, "tunnel": null, "width": null}, "geometry": {"type": "LineString", "coordinates": [[19.10932049999999, 47.43630649999999], [19.109375399999994, 47.436257000000026], [19.109545200000003, 47.43610390000002], [19.109742899999997, 47.4359257], [19.109769399999994, 47.435903100000026], [19.1098216, 47.4358585], [19.1098655, 47.43582100000006], [19.109920400000007, 47.43577410000005]]}}, {"id": "(239, 220, 0)", "type": "Feature", "properties": {"_status": "original", "osmid": 444, "highway": "residential", "lanes": "2", "name": "T\u00f6r\u00f6k Fl\u00f3ris utca", "oneway": false, "reversed": false, "length": 62.37083557998833, "from": "220", "to": "239", "maxspeed": "50", "bridge": null, "_key": "0", "ref": null, "access": null, "tunnel": null, "width": null}, "geometry": {"type": "LineString", "coordinates": [[19.1087977, 47.4367419], [19.1088667, 47.4366845], [19.1091386, 47.43645800000001], [19.10932049999999, 47.43630649999999]]}}, {"id": "(277, 255, 0)", "type": "Feature", "properties": {"_status": "original", "osmid": 447, "highway": "tertiary", "lanes": "2", "name": "Nagys\u00e1ndor J\u00f3zsef utca", "oneway": false, "reversed": true, "length": 76.56939243372297, "from": "277", "to": "255", "maxspeed": "50", "bridge": null, "_key": "0", "ref": null, "access": null, "tunnel": null, "width": null}, "geometry": {"type": "LineString", "coordinates": [[19.110794400000007, 47.436127100000036], [19.110061999999992, 47.4358348], [19.109920400000007, 47.43577410000005]]}}, {"id": "(277, 320, 0)", "type": "Feature", "properties": {"_status": "original", "osmid": 448, "highway": "residential", "lanes": null, "name": "Alkotm\u00e1ny utca", "oneway": false, "reversed": false, "length": 183.3380527223323, "from": "320", "to": "277", "maxspeed": null, "bridge": null, "_key": "0", "ref": null, "access": null, "tunnel": null, "width": null}, "geometry": {"type": "LineString", "coordinates": [[19.112489099999994, 47.43494200000005], [19.110863399999996, 47.4360789], [19.11084059999999, 47.43609480000001], [19.110794400000007, 47.436127100000036]]}}, {"id": "(333, 320, 0)", "type": "Feature", "properties": {"_status": "original", "osmid": 449, "highway": "residential", "lanes": null, "name": "Dessewffy utca", "oneway": false, "reversed": true, "length": 72.9216258368225, "from": "320", "to": "333", "maxspeed": null, "bridge": null, "_key": "0", "ref": null, "access": null, "tunnel": null, "width": null}, "geometry": {"type": "LineString", "coordinates": [[19.112489099999994, 47.43494200000005], [19.113197399999994, 47.43538980000006]]}}, {"id": "(395, 433, 0)", "type": "Feature", "properties": {"_status": "original", "osmid": 481, "highway": "residential", "lanes": null, "name": "Dessewffy utca", "oneway": false, "reversed": false, "length": 239.69412549594458, "from": "433", "to": "395", "maxspeed": null, "bridge": null, "_key": "0", "ref": null, "access": null, "tunnel": null, "width": null}, "geometry": {"type": "LineString", "coordinates": [[19.118896599999992, 47.43915390000006], [19.11886579999999, 47.439134700000025], [19.118800999999998, 47.43909170000003], [19.116646600000003, 47.437683700000015], [19.116604499999998, 47.43765620000004]]}}, {"id": "(395, 422, 0)", "type": "Feature", "properties": {"_status": "original", "osmid": 482, "highway": "residential", "lanes": null, "name": "V\u00e9csey utca", "oneway": false, "reversed": true, "length": 156.53324050466748, "from": "422", "to": "395", "maxspeed": null, "bridge": null, "_key": "0", "ref": null, "access": null, "tunnel": null, "width": null}, "geometry": {"type": "LineString", "coordinates": [[19.117871099999995, 47.43653920000007], [19.1178357, 47.43657220000006], [19.116646100000004, 47.437620300000056], [19.116604499999998, 47.43765620000004]]}}, {"id": "(365, 377, 0)", "type": "Feature", "properties": {"_status": "original", "osmid": 1087, "highway": "residential", "lanes": null, "name": "Als\u00f3apsa utca", "oneway": false, "reversed": true, "length": 69.17609004224072, "from": "365", "to": "377", "maxspeed": null, "bridge": null, "_key": "0", "ref": null, "access": null, "tunnel": null, "width": null}, "geometry": {"type": "LineString", "coordinates": [[19.1148589, 47.43552489999999], [19.114910399999996, 47.43555770000002], [19.114962799999994, 47.435591000000045], [19.11548829999999, 47.435922500000004], [19.11553109999999, 47.435949500000035]]}}, {"id": "(255, 222, 0)", "type": "Feature", "properties": {"_status": "original", "osmid": 457, "highway": "tertiary", "lanes": "2", "name": "Nagys\u00e1ndor J\u00f3zsef utca", "oneway": false, "reversed": true, "length": 121.84824670470354, "from": "255", "to": "222", "maxspeed": "50", "bridge": null, "_key": "0", "ref": null, "access": null, "tunnel": null, "width": null}, "geometry": {"type": "LineString", "coordinates": [[19.109920400000007, 47.43577410000005], [19.109837600000002, 47.43573840000002], [19.1097364, 47.435694699999985], [19.108999900000004, 47.43539570000003], [19.108702599999994, 47.43525940000005], [19.108550599999994, 47.43518970000001]]}}, {"id": "(255, 304, 0)", "type": "Feature", "properties": {"_status": "original", "osmid": 460, "highway": "residential", "lanes": "2", "name": "T\u00f6r\u00f6k Fl\u00f3ris utca", "oneway": false, "reversed": true, "length": 201.35412328560048, "from": "304", "to": "255", "maxspeed": "50", "bridge": null, "_key": "0", "ref": null, "access": null, "tunnel": null, "width": null}, "geometry": {"type": "LineString", "coordinates": [[19.111794299999996, 47.43448090000005], [19.11002669999999, 47.43570130000003], [19.1099845, 47.43573050000004], [19.109955900000003, 47.435750200000015], [19.109920400000007, 47.43577410000005]]}}, {"id": "(220, 217, 0)", "type": "Feature", "properties": {"_status": "original", "osmid": 570, "highway": "residential", "lanes": "2", "name": "T\u00f6r\u00f6k Fl\u00f3ris utca", "oneway": false, "reversed": true, "length": 29.07985867121614, "from": "220", "to": "217", "maxspeed": "50", "bridge": null, "_key": "0", "ref": null, "access": null, "tunnel": null, "width": null}, "geometry": {"type": "LineString", "coordinates": [[19.1087977, 47.4367419], [19.108687399999997, 47.436844900000025], [19.1085709, 47.43695369999999]]}}, {"id": "(320, 304, 0)", "type": "Feature", "properties": {"_status": "original", "osmid": 468, "highway": "residential", "lanes": null, "name": "Dessewffy utca", "oneway": false, "reversed": false, "length": 73.21144650768797, "from": "320", "to": "304", "maxspeed": null, "bridge": null, "_key": "0", "ref": null, "access": null, "tunnel": null, "width": null}, "geometry": {"type": "LineString", "coordinates": [[19.112489099999994, 47.43494200000005], [19.1118405, 47.43451160000003], [19.111794299999996, 47.43448090000005]]}}, {"id": "(320, 350, 0)", "type": "Feature", "properties": {"_status": "original", "osmid": 564, "highway": "residential", "lanes": null, "name": "Alkotm\u00e1ny utca", "oneway": false, "reversed": false, "length": 155.0772643794784, "from": "350", "to": "320", "maxspeed": null, "bridge": null, "_key": "0", "ref": null, "access": null, "tunnel": null, "width": null}, "geometry": {"type": "LineString", "coordinates": [[19.113910400000005, 47.43393169999999], [19.112489099999994, 47.43494200000005]]}}, {"id": "(189, 196, 0)", "type": "Feature", "properties": {"_status": "original", "osmid": 578, "highway": "tertiary", "lanes": "2", "name": "Szent Imre herceg utca", "oneway": false, "reversed": false, "length": 26.392232084840252, "from": "196", "to": "189", "maxspeed": "50", "bridge": null, "_key": "0", "ref": null, "access": null, "tunnel": null, "width": null}, "geometry": {"type": "LineString", "coordinates": [[19.1082745, 47.43986800000002], [19.108063000000005, 47.44001330000001], [19.1080281, 47.440037000000075]]}}, {"id": "(163, 202, 0)", "type": "Feature", "properties": {"_status": "original", "osmid": 576, "highway": "residential", "lanes": null, "name": "Szerdahely utca", "oneway": false, "reversed": false, "length": 188.08978922080826, "from": "202", "to": "163", "maxspeed": "50", "bridge": null, "_key": "0", "ref": null, "access": null, "tunnel": null, "width": null}, "geometry": {"type": "LineString", "coordinates": [[19.1085363, 47.43967789999998], [19.10850599999999, 47.439664600000015], [19.1064531, 47.43879590000001], [19.106419899999995, 47.43877720000004]]}}, {"id": "(163, 177, 0)", "type": "Feature", "properties": {"_status": "original", "osmid": 577, "highway": "residential", "lanes": "2", "name": "T\u00f6r\u00f6k Fl\u00f3ris utca", "oneway": false, "reversed": true, "length": 82.68024522227714, "from": "177", "to": "163", "maxspeed": "50", "bridge": null, "_key": "0", "ref": null, "access": null, "tunnel": null, "width": null}, "geometry": {"type": "LineString", "coordinates": [[19.107099399999992, 47.43819270000002], [19.10706349999999, 47.43822370000002], [19.1068334, 47.43842229999999], [19.1066263, 47.43860110000003], [19.10653059999999, 47.43868370000002], [19.106447499999998, 47.4387539], [19.106419899999995, 47.43877720000004]]}}, {"id": "(209, 222, 0)", "type": "Feature", "properties": {"_status": "original", "osmid": 454, "highway": "residential", "lanes": null, "name": "Ady Endre utca", "oneway": false, "reversed": true, "length": 73.77893130814485, "from": "209", "to": "222", "maxspeed": null, "bridge": null, "_key": "0", "ref": null, "access": null, "tunnel": null, "width": null}, "geometry": {"type": "LineString", "coordinates": [[19.108056999999988, 47.43574500000005], [19.1081689, 47.43565750000003], [19.10840249999999, 47.435461999999994], [19.108427899999988, 47.435441100000034], [19.10846799999999, 47.43531360000003], [19.108489200000008, 47.43524620000002], [19.108503400000007, 47.43523300000001], [19.108525400000005, 47.43521250000004], [19.108550599999994, 47.43518970000001]]}}, {"id": "(209, 183, 0)", "type": "Feature", "properties": {"_status": "original", "osmid": 456, "highway": "residential", "lanes": null, "name": "T\u00f3tfalusi Kis Mikl\u00f3s s\u00e9t\u00e1ny", "oneway": false, "reversed": true, "length": 118.95768151070112, "from": "183", "to": "209", "maxspeed": null, "bridge": null, "_key": "0", "ref": null, "access": null, "tunnel": null, "width": null}, "geometry": {"type": "LineString", "coordinates": [[19.106806399999996, 47.435090100000046], [19.1068364, 47.43510580000003], [19.107009099999996, 47.43519620000003], [19.1079046, 47.43566520000004], [19.108056999999988, 47.43574500000005]]}}, {"id": "(222, 206, 0)", "type": "Feature", "properties": {"_status": "original", "osmid": 458, "highway": "tertiary", "lanes": "2", "name": "Nagys\u00e1ndor J\u00f3zsef utca", "oneway": false, "reversed": false, "length": 61.13474895673132, "from": "206", "to": "222", "maxspeed": "50", "bridge": null, "_key": "0", "ref": null, "access": null, "tunnel": null, "width": null}, "geometry": {"type": "LineString", "coordinates": [[19.107863399999992, 47.434896099999996], [19.1085139, 47.435174100000026], [19.108550599999994, 47.43518970000001]]}}, {"id": "(222, 256, 0)", "type": "Feature", "properties": {"_status": "original", "osmid": 459, "highway": "residential", "lanes": null, "name": "Ady Endre utca", "oneway": true, "reversed": false, "length": 119.51903452003845, "from": "256", "to": "222", "maxspeed": null, "bridge": null, "_key": "0", "ref": null, "access": null, "tunnel": null, "width": null}, "geometry": {"type": "LineString", "coordinates": [[19.1096848, 47.43443690000005], [19.108607799999998, 47.435152700000046], [19.108550599999994, 47.43518970000001]]}}, {"id": "(183, 195, 0)", "type": "Feature", "properties": {"_status": "original", "osmid": 467, "highway": "residential", "lanes": null, "name": "Ady Endre utca", "oneway": false, "reversed": true, "length": 63.8323351044882, "from": "183", "to": "195", "maxspeed": null, "bridge": null, "_key": "0", "ref": null, "access": null, "tunnel": null, "width": null}, "geometry": {"type": "LineString", "coordinates": [[19.106806399999996, 47.435090100000046], [19.107053299999997, 47.434888100000045], [19.107280699999997, 47.43469700000002], [19.10729900000001, 47.43468160000004], [19.1073425, 47.43464510000006]]}}, {"id": "(206, 195, 0)", "type": "Feature", "properties": {"_status": "original", "osmid": 461, "highway": "tertiary", "lanes": "2", "name": "Nagys\u00e1ndor J\u00f3zsef utca", "oneway": false, "reversed": false, "length": 48.10429478409383, "from": "195", "to": "206", "maxspeed": "50", "bridge": null, "_key": "0", "ref": null, "access": null, "tunnel": null, "width": null}, "geometry": {"type": "LineString", "coordinates": [[19.1073425, 47.43464510000006], [19.107863399999992, 47.434896099999996]]}}, {"id": "(206, 240, 0)", "type": "Feature", "properties": {"_status": "original", "osmid": 462, "highway": "residential", "lanes": null, "name": "Iskola utca", "oneway": false, "reversed": true, "length": 127.99798899200565, "from": "240", "to": "206", "maxspeed": null, "bridge": null, "_key": "0", "ref": null, "access": null, "tunnel": null, "width": null}, "geometry": {"type": "LineString", "coordinates": [[19.108922700000004, 47.43399520000001], [19.107901600000005, 47.43486360000005], [19.107863399999992, 47.434896099999996]]}}, {"id": "(256, 240, 0)", "type": "Feature", "properties": {"_status": "original", "osmid": 463, "highway": "residential", "lanes": null, "name": "Mad\u00e1ch utca", "oneway": false, "reversed": false, "length": 75.48595123279489, "from": "240", "to": "256", "maxspeed": null, "bridge": null, "_key": "0", "ref": null, "access": null, "tunnel": null, "width": null}, "geometry": {"type": "LineString", "coordinates": [[19.108922700000004, 47.43399520000001], [19.109356099999996, 47.4342464], [19.1096848, 47.43443690000005]]}}, {"id": "(256, 286, 0)", "type": "Feature", "properties": {"_status": "original", "osmid": 464, "highway": "residential", "lanes": null, "name": "Ady Endre utca", "oneway": true, "reversed": false, "length": 106.449026484294, "from": "286", "to": "256", "maxspeed": null, "bridge": null, "_key": "0", "ref": null, "access": null, "tunnel": null, "width": null}, "geometry": {"type": "LineString", "coordinates": [[19.1106745, 47.433752600000034], [19.1096848, 47.43443690000005]]}}, {"id": "(304, 286, 0)", "type": "Feature", "properties": {"_status": "original", "osmid": 470, "highway": "residential", "lanes": null, "name": "Dessewffy utca", "oneway": false, "reversed": true, "length": 116.84423484096918, "from": "286", "to": "304", "maxspeed": null, "bridge": null, "_key": "0", "ref": null, "access": null, "tunnel": null, "width": null}, "geometry": {"type": "LineString", "coordinates": [[19.1106745, 47.433752600000034], [19.1107061, 47.4337731], [19.111740399999995, 47.434445800000006], [19.111794299999996, 47.43448090000005]]}}, {"id": "(304, 340, 0)", "type": "Feature", "properties": {"_status": "original", "osmid": 469, "highway": "residential", "lanes": "2", "name": "T\u00f6r\u00f6k Fl\u00f3ris utca", "oneway": false, "reversed": true, "length": 154.84111541728467, "from": "340", "to": "304", "maxspeed": "50", "bridge": null, "_key": "0", "ref": null, "access": null, "tunnel": null, "width": null}, "geometry": {"type": "LineString", "coordinates": [[19.11321600000001, 47.43347380000004], [19.111794299999996, 47.43448090000005]]}}, {"id": "(195, 180, 0)", "type": "Feature", "properties": {"_status": "original", "osmid": 471, "highway": "tertiary", "lanes": "2", "name": "Nagys\u00e1ndor J\u00f3zsef utca", "oneway": false, "reversed": false, "length": 83.77292111771025, "from": "180", "to": "195", "maxspeed": "50", "bridge": null, "_key": "0", "ref": null, "access": null, "tunnel": null, "width": null}, "geometry": {"type": "LineString", "coordinates": [[19.1064792, 47.4341691], [19.106582299999996, 47.43422620000003], [19.1073425, 47.43464510000006]]}}, {"id": "(240, 266, 0)", "type": "Feature", "properties": {"_status": "original", "osmid": 472, "highway": "residential", "lanes": null, "name": "Iskola utca", "oneway": false, "reversed": true, "length": 111.44514246077392, "from": "266", "to": "240", "maxspeed": null, "bridge": null, "_key": "0", "ref": null, "access": null, "tunnel": null, "width": null}, "geometry": {"type": "LineString", "coordinates": [[19.109859300000004, 47.43321860000004], [19.108922700000004, 47.43399520000001]]}}, {"id": "(240, 231, 0)", "type": "Feature", "properties": {"_status": "original", "osmid": 473, "highway": "residential", "lanes": null, "name": "Mad\u00e1ch utca", "oneway": false, "reversed": false, "length": 36.93965425695986, "from": "231", "to": "240", "maxspeed": null, "bridge": null, "_key": "0", "ref": null, "access": null, "tunnel": null, "width": null}, "geometry": {"type": "LineString", "coordinates": [[19.108549699999998, 47.433779100000045], [19.108922700000004, 47.43399520000001]]}}, {"id": "(286, 266, 0)", "type": "Feature", "properties": {"_status": "original", "osmid": 569, "highway": "residential", "lanes": null, "name": "Dessewffy utca", "oneway": false, "reversed": true, "length": 85.35556666888183, "from": "266", "to": "286", "maxspeed": null, "bridge": null, "_key": "0", "ref": null, "access": null, "tunnel": null, "width": null}, "geometry": {"type": "LineString", "coordinates": [[19.109859300000004, 47.43321860000004], [19.1106745, 47.433752600000034]]}}, {"id": "(286, 321, 0)", "type": "Feature", "properties": {"_status": "original", "osmid": 568, "highway": "residential", "lanes": null, "name": "Ady Endre utca", "oneway": true, "reversed": false, "length": 154.26576420110683, "from": "321", "to": "286", "maxspeed": null, "bridge": null, "_key": "0", "ref": null, "access": null, "tunnel": null, "width": null}, "geometry": {"type": "LineString", "coordinates": [[19.1121057, 47.43275890000001], [19.1106745, 47.433752600000034]]}}, {"id": "(217, 204, 0)", "type": "Feature", "properties": {"_status": "original", "osmid": 788, "highway": "residential", "lanes": "2", "name": "T\u00f6r\u00f6k Fl\u00f3ris utca", "oneway": false, "reversed": false, "length": 43.45304806289596, "from": "204", "to": "217", "maxspeed": "50", "bridge": null, "_key": "0", "ref": null, "access": null, "tunnel": null, "width": null}, "geometry": {"type": "LineString", "coordinates": [[19.10821569999999, 47.437261900000024], [19.108274100000003, 47.437211200000064], [19.1084637, 47.4370467], [19.1085709, 47.43695369999999]]}}, {"id": "(340, 350, 0)", "type": "Feature", "properties": {"_status": "original", "osmid": 567, "highway": "residential", "lanes": null, "name": "P\u00f6ltenberg utca", "oneway": false, "reversed": true, "length": 72.94186567699924, "from": "350", "to": "340", "maxspeed": null, "bridge": null, "_key": "0", "ref": null, "access": null, "tunnel": null, "width": null}, "geometry": {"type": "LineString", "coordinates": [[19.113910400000005, 47.43393169999999], [19.1132778, 47.43351450000002], [19.11321600000001, 47.43347380000004]]}}, {"id": "(340, 321, 0)", "type": "Feature", "properties": {"_status": "original", "osmid": 565, "highway": "residential", "lanes": null, "name": "P\u00f6ltenberg utca", "oneway": false, "reversed": false, "length": 115.31051052739382, "from": "321", "to": "340", "maxspeed": null, "bridge": null, "_key": "0", "ref": null, "access": null, "tunnel": null, "width": null}, "geometry": {"type": "LineString", "coordinates": [[19.1121057, 47.43275890000001], [19.1121255, 47.432769099999994], [19.113174799999996, 47.43344720000005], [19.11321600000001, 47.43347380000004]]}}, {"id": "(340, 373, 0)", "type": "Feature", "properties": {"_status": "original", "osmid": 566, "highway": "residential", "lanes": "2", "name": "T\u00f6r\u00f6k Fl\u00f3ris utca", "oneway": false, "reversed": true, "length": 152.33717191848163, "from": "373", "to": "340", "maxspeed": "50", "bridge": null, "_key": "0", "ref": null, "access": null, "tunnel": null, "width": null}, "geometry": {"type": "LineString", "coordinates": [[19.114596999999996, 47.43247170000004], [19.11321600000001, 47.43347380000004]]}}, {"id": "(180, 208, 0)", "type": "Feature", "properties": {"_status": "original", "osmid": 783, "highway": "residential", "lanes": null, "name": "Baba utca", "oneway": false, "reversed": true, "length": 138.10174964059019, "from": "208", "to": "180", "maxspeed": null, "bridge": null, "_key": "0", "ref": null, "access": null, "tunnel": null, "width": null}, "geometry": {"type": "LineString", "coordinates": [[19.107574599999996, 47.43317240000003], [19.106518300000005, 47.434135700000056], [19.1064792, 47.4341691]]}}, {"id": "(266, 258, 0)", "type": "Feature", "properties": {"_status": "original", "osmid": 1095, "highway": "residential", "lanes": null, "name": "Dessewffy utca", "oneway": false, "reversed": true, "length": 43.67016760901035, "from": "258", "to": "266", "maxspeed": null, "bridge": null, "_key": "0", "ref": null, "access": null, "tunnel": null, "width": null}, "geometry": {"type": "LineString", "coordinates": [[19.109456899999994, 47.43293550000003], [19.109859300000004, 47.43321860000004]]}}, {"id": "(231, 208, 0)", "type": "Feature", "properties": {"_status": "original", "osmid": 869, "highway": "residential", "lanes": null, "name": "Mad\u00e1ch utca", "oneway": false, "reversed": true, "length": 99.65214185198373, "from": "231", "to": "208", "maxspeed": null, "bridge": null, "_key": "0", "ref": null, "access": null, "tunnel": null, "width": null}, "geometry": {"type": "LineString", "coordinates": [[19.108549699999998, 47.433779100000045], [19.107574599999996, 47.43317240000003]]}}, {"id": "(231, 258, 0)", "type": "Feature", "properties": {"_status": "original", "osmid": 1147, "highway": "residential", "lanes": null, "name": "B\u00e1rtfa utca", "oneway": true, "reversed": false, "length": 117.19250864726307, "from": "231", "to": "258", "maxspeed": null, "bridge": null, "_key": "0", "ref": null, "access": null, "tunnel": null, "width": null}, "geometry": {"type": "LineString", "coordinates": [[19.108549699999998, 47.433779100000045], [19.108958100000002, 47.433294800000006], [19.109145800000004, 47.43311700000006], [19.109456899999994, 47.43293550000003]]}}, {"id": "(424, 433, 0)", "type": "Feature", "properties": {"_status": "original", "osmid": 479, "highway": "residential", "lanes": null, "name": "L\u00e1z\u00e1r utca", "oneway": false, "reversed": false, "length": 53.67129993018919, "from": "433", "to": "424", "maxspeed": null, "bridge": null, "_key": "0", "ref": null, "access": null, "tunnel": null, "width": null}, "geometry": {"type": "LineString", "coordinates": [[19.118896599999992, 47.43915390000006], [19.1184069, 47.439505000000004]]}}, {"id": "(424, 466, 0)", "type": "Feature", "properties": {"_status": "original", "osmid": 480, "highway": "residential", "lanes": null, "name": "Perczel M\u00f3r utca", "oneway": true, "reversed": false, "length": 230.95226194213203, "from": "466", "to": "424", "maxspeed": null, "bridge": null, "_key": "0", "ref": null, "access": null, "tunnel": null, "width": null}, "geometry": {"type": "LineString", "coordinates": [[19.1206104, 47.44095160000005], [19.1205829, 47.44093300000002], [19.11846109999999, 47.4395428], [19.1184461, 47.439532300000046], [19.1184069, 47.439505000000004]]}}, {"id": "(433, 446, 0)", "type": "Feature", "properties": {"_status": "original", "osmid": 876, "highway": "residential", "lanes": null, "name": "L\u00e1z\u00e1r utca", "oneway": false, "reversed": false, "length": 43.00024350637725, "from": "446", "to": "433", "maxspeed": null, "bridge": null, "_key": "0", "ref": null, "access": null, "tunnel": null, "width": null}, "geometry": {"type": "LineString", "coordinates": [[19.119295099999995, 47.4388766], [19.119264, 47.43889830000002], [19.118896599999992, 47.43915390000006]]}}, {"id": "(466, 513, 0)", "type": "Feature", "properties": {"_status": "original", "osmid": 526, "highway": "residential", "lanes": null, "name": "Perczel M\u00f3r utca", "oneway": false, "reversed": true, "length": 230.607387560337, "from": "466", "to": "513", "maxspeed": "50", "bridge": null, "_key": "0", "ref": null, "access": null, "tunnel": null, "width": null}, "geometry": {"type": "LineString", "coordinates": [[19.1206104, 47.44095160000005], [19.120650400000006, 47.44097860000002], [19.122725999999997, 47.44234499999999], [19.122754, 47.44236279999998], [19.1228086, 47.44239750000005]]}}, {"id": "(466, 453, 0)", "type": "Feature", "properties": {"_status": "original", "osmid": 524, "highway": "residential", "lanes": null, "name": "Pir\u00f3k Gyula utca", "oneway": false, "reversed": false, "length": 49.67436739477046, "from": "453", "to": "466", "maxspeed": null, "bridge": null, "_key": "0", "ref": null, "access": null, "tunnel": null, "width": null}, "geometry": {"type": "LineString", "coordinates": [[19.1201607, 47.44127880000005], [19.1205835, 47.44097120000002], [19.1206104, 47.44095160000005]]}}, {"id": "(466, 490, 0)", "type": "Feature", "properties": {"_status": "original", "osmid": 877, "highway": "residential", "lanes": null, "name": "Pir\u00f3k Gyula utca", "oneway": false, "reversed": true, "length": 95.33099411859823, "from": "490", "to": "466", "maxspeed": null, "bridge": null, "_key": "0", "ref": null, "access": null, "tunnel": null, "width": null}, "geometry": {"type": "LineString", "coordinates": [[19.121486800000003, 47.44033220000005], [19.121461, 47.44035040000001], [19.120639099999995, 47.440931300000024], [19.1206104, 47.44095160000005]]}}, {"id": "(422, 448, 0)", "type": "Feature", "properties": {"_status": "original", "osmid": 997, "highway": "residential", "lanes": null, "name": "P\u00f6ltenberg utca", "oneway": false, "reversed": true, "length": 149.50186766867245, "from": "448", "to": "422", "maxspeed": null, "bridge": null, "_key": "0", "ref": null, "access": null, "tunnel": null, "width": null}, "geometry": {"type": "LineString", "coordinates": [[19.1192891, 47.43748140000004], [19.1179047, 47.43656149999999], [19.117871099999995, 47.43653920000007]]}}, {"id": "(422, 439, 0)", "type": "Feature", "properties": {"_status": "original", "osmid": 998, "highway": "residential", "lanes": null, "name": "V\u00e9csey utca", "oneway": false, "reversed": true, "length": 95.82949119709383, "from": "439", "to": "422", "maxspeed": null, "bridge": null, "_key": "0", "ref": null, "access": null, "tunnel": null, "width": null}, "geometry": {"type": "LineString", "coordinates": [[19.118662499999992, 47.435863799999986], [19.117903499999993, 47.436511599999996], [19.117871099999995, 47.43653920000007]]}}, {"id": "(422, 394, 0)", "type": "Feature", "properties": {"_status": "original", "osmid": 999, "highway": "residential", "lanes": null, "name": "P\u00f6ltenberg utca", "oneway": false, "reversed": false, "length": 181.5123741188608, "from": "394", "to": "422", "maxspeed": null, "bridge": null, "_key": "0", "ref": null, "access": null, "tunnel": null, "width": null}, "geometry": {"type": "LineString", "coordinates": [[19.116132499999996, 47.4354071], [19.11783189999999, 47.436513800000064], [19.117871099999995, 47.43653920000007]]}}, {"id": "(292, 311, 0)", "type": "Feature", "properties": {"_status": "original", "osmid": 484, "highway": "residential", "lanes": null, "name": "Ny\u00e1ry P\u00e1l utca", "oneway": false, "reversed": false, "length": 76.77693047305799, "from": "292", "to": "311", "maxspeed": "50", "bridge": null, "_key": "0", "ref": null, "access": null, "tunnel": null, "width": null}, "geometry": {"type": "LineString", "coordinates": [[19.113265199999994, 47.44586560000002], [19.1139776, 47.44537100000002]]}}, {"id": "(292, 279, 0)", "type": "Feature", "properties": {"_status": "original", "osmid": 485, "highway": "residential", "lanes": null, "name": "Ny\u00e1ry P\u00e1l utca", "oneway": false, "reversed": false, "length": 59.53570224711911, "from": "279", "to": "292", "maxspeed": "50", "bridge": null, "_key": "0", "ref": null, "access": null, "tunnel": null, "width": null}, "geometry": {"type": "LineString", "coordinates": [[19.112716700000007, 47.44625170000002], [19.113265199999994, 47.44586560000002]]}}, {"id": "(292, 338, 0)", "type": "Feature", "properties": {"_status": "original", "osmid": 486, "highway": "residential", "lanes": null, "name": "Hossz\u00fa utca", "oneway": false, "reversed": false, "length": 250.54695517711315, "from": "338", "to": "292", "maxspeed": "50", "bridge": null, "_key": "0", "ref": null, "access": null, "tunnel": null, "width": "6"}, "geometry": {"type": "LineString", "coordinates": [[19.115653899999995, 47.447436400000015], [19.113265199999994, 47.44586560000002]]}}, {"id": "(292, 244, 0)", "type": "Feature", "properties": {"_status": "original", "osmid": 487, "highway": "residential", "lanes": null, "name": "Hossz\u00fa utca", "oneway": false, "reversed": true, "length": 244.0828258853993, "from": "244", "to": "292", "maxspeed": "50", "bridge": null, "_key": "0", "ref": null, "access": null, "tunnel": null, "width": "6"}, "geometry": {"type": "LineString", "coordinates": [[19.110916599999992, 47.44435050000001], [19.110940300000003, 47.44436550000006], [19.111000800000006, 47.444403600000015], [19.113265199999994, 47.44586560000002]]}}, {"id": "(311, 357, 0)", "type": "Feature", "properties": {"_status": "original", "osmid": 488, "highway": "residential", "lanes": null, "name": "Vas Gereben utca", "oneway": false, "reversed": false, "length": 251.41860314551212, "from": "357", "to": "311", "maxspeed": "50", "bridge": null, "_key": "0", "ref": null, "access": null, "tunnel": null, "width": "5.5"}, "geometry": {"type": "LineString", "coordinates": [[19.116357300000008, 47.44695920000005], [19.1139776, 47.44537100000002]]}}, {"id": "(311, 328, 0)", "type": "Feature", "properties": {"_status": "original", "osmid": 489, "highway": "residential", "lanes": null, "name": "Ny\u00e1ry P\u00e1l utca", "oneway": false, "reversed": true, "length": 70.51976811294698, "from": "328", "to": "311", "maxspeed": "50", "bridge": null, "_key": "0", "ref": null, "access": null, "tunnel": null, "width": null}, "geometry": {"type": "LineString", "coordinates": [[19.1146304, 47.44491570000001], [19.1145725, 47.44495610000003], [19.1139776, 47.44537100000002]]}}, {"id": "(311, 262, 0)", "type": "Feature", "properties": {"_status": "original", "osmid": 490, "highway": "residential", "lanes": "2", "name": "Vas Gereben utca", "oneway": false, "reversed": true, "length": 245.064031884432, "from": "262", "to": "311", "maxspeed": "50", "bridge": null, "_key": "0", "ref": null, "access": null, "tunnel": null, "width": "5.5"}, "geometry": {"type": "LineString", "coordinates": [[19.111658100000003, 47.44382300000001], [19.1116865, 47.44384090000003], [19.1117393, 47.44387410000002], [19.1139776, 47.44537100000002]]}}, {"id": "(279, 267, 0)", "type": "Feature", "properties": {"_status": "original", "osmid": 500, "highway": "residential", "lanes": null, "name": "Ny\u00e1ry P\u00e1l utca", "oneway": false, "reversed": true, "length": 53.295119455790946, "from": "279", "to": "267", "maxspeed": "50", "bridge": null, "_key": "0", "ref": null, "access": null, "tunnel": null, "width": null}, "geometry": {"type": "LineString", "coordinates": [[19.112716700000007, 47.44625170000002], [19.112227499999996, 47.44659850000002]]}}, {"id": "(279, 326, 0)", "type": "Feature", "properties": {"_status": "original", "osmid": 501, "highway": "residential", "lanes": null, "name": "Albert utca", "oneway": false, "reversed": true, "length": 248.90032423327966, "from": "279", "to": "326", "maxspeed": "50", "bridge": null, "_key": "0", "ref": null, "access": null, "tunnel": null, "width": null}, "geometry": {"type": "LineString", "coordinates": [[19.112716700000007, 47.44625170000002], [19.115072300000005, 47.44782420000004]]}}, {"id": "(279, 228, 0)", "type": "Feature", "properties": {"_status": "original", "osmid": 502, "highway": "residential", "lanes": null, "name": "Albert utca", "oneway": false, "reversed": true, "length": 244.65141406709307, "from": "228", "to": "279", "maxspeed": "50", "bridge": null, "_key": "0", "ref": null, "access": null, "tunnel": null, "width": null}, "geometry": {"type": "LineString", "coordinates": [[19.1103897, 47.4447141], [19.110412799999995, 47.444729000000045], [19.1104774, 47.44477040000006], [19.112716700000007, 47.44625170000002]]}}, {"id": "(338, 357, 0)", "type": "Feature", "properties": {"_status": "original", "osmid": 491, "highway": "tertiary", "lanes": "2", "name": "M\u00e1rt\u00edrok \u00fatja", "oneway": false, "reversed": false, "length": 74.9226168098325, "from": "338", "to": "357", "maxspeed": null, "bridge": null, "_key": "0", "ref": null, "access": null, "tunnel": null, "width": null}, "geometry": {"type": "LineString", "coordinates": [[19.115653899999995, 47.447436400000015], [19.116357300000008, 47.44695920000005]]}}, {"id": "(338, 382, 0)", "type": "Feature", "properties": {"_status": "original", "osmid": 503, "highway": "residential", "lanes": null, "name": "Hossz\u00fa utca", "oneway": false, "reversed": true, "length": 242.34282769943223, "from": "338", "to": "382", "maxspeed": null, "bridge": null, "_key": "0", "ref": null, "access": null, "tunnel": null, "width": "6"}, "geometry": {"type": "LineString", "coordinates": [[19.115653899999995, 47.447436400000015], [19.118006999999988, 47.44892560000001]]}}, {"id": "(338, 326, 0)", "type": "Feature", "properties": {"_status": "original", "osmid": 504, "highway": "tertiary", "lanes": "2", "name": "M\u00e1rt\u00edrok \u00fatja", "oneway": false, "reversed": true, "length": 61.41810460983656, "from": "338", "to": "326", "maxspeed": null, "bridge": null, "_key": "0", "ref": null, "access": null, "tunnel": null, "width": null}, "geometry": {"type": "LineString", "coordinates": [[19.115653899999995, 47.447436400000015], [19.115072300000005, 47.44782420000004]]}}, {"id": "(244, 262, 0)", "type": "Feature", "properties": {"_status": "original", "osmid": 497, "highway": "residential", "lanes": "2", "name": "J\u00f3kai M\u00f3r utca", "oneway": false, "reversed": true, "length": 80.9315258167304, "from": "244", "to": "262", "maxspeed": "50", "bridge": null, "_key": "0", "ref": null, "access": null, "tunnel": null, "width": null}, "geometry": {"type": "LineString", "coordinates": [[19.110916599999992, 47.44435050000001], [19.111658100000003, 47.44382300000001]]}}, {"id": "(244, 228, 0)", "type": "Feature", "properties": {"_status": "original", "osmid": 505, "highway": "residential", "lanes": "2", "name": "J\u00f3kai M\u00f3r utca", "oneway": false, "reversed": false, "length": 56.6097965699718, "from": "244", "to": "228", "maxspeed": "50", "bridge": null, "_key": "0", "ref": null, "access": null, "tunnel": null, "width": null}, "geometry": {"type": "LineString", "coordinates": [[19.110916599999992, 47.44435050000001], [19.1103897, 47.4447141]]}}, {"id": "(244, 192, 0)", "type": "Feature", "properties": {"_status": "original", "osmid": 506, "highway": "residential", "lanes": null, "name": "Hossz\u00fa utca", "oneway": false, "reversed": true, "length": 241.23122822754203, "from": "192", "to": "244", "maxspeed": "30", "bridge": null, "_key": "0", "ref": null, "access": null, "tunnel": null, "width": null}, "geometry": {"type": "LineString", "coordinates": [[19.1086401, 47.44282210000003], [19.1108482, 47.444304700000025], [19.110916599999992, 47.44435050000001]]}}, {"id": "(357, 398, 0)", "type": "Feature", "properties": {"_status": "original", "osmid": 492, "highway": "residential", "lanes": null, "name": "Vas Gereben utca", "oneway": false, "reversed": false, "length": 240.8977837229073, "from": "398", "to": "357", "maxspeed": "30", "bridge": null, "_key": "0", "ref": null, "access": null, "tunnel": null, "width": null}, "geometry": {"type": "LineString", "coordinates": [[19.118637399999997, 47.44848100000004], [19.116357300000008, 47.44695920000005]]}}, {"id": "(357, 372, 0)", "type": "Feature", "properties": {"_status": "original", "osmid": 493, "highway": "tertiary", "lanes": "2", "name": "M\u00e1rt\u00edrok \u00fatja", "oneway": false, "reversed": true, "length": 72.17065632462135, "from": "372", "to": "357", "maxspeed": null, "bridge": null, "_key": "0", "ref": null, "access": null, "tunnel": null, "width": null}, "geometry": {"type": "LineString", "coordinates": [[19.117012099999997, 47.44648470000006], [19.116963699999992, 47.44652130000002], [19.116357300000008, 47.44695920000005]]}}, {"id": "(328, 372, 0)", "type": "Feature", "properties": {"_status": "original", "osmid": 494, "highway": "tertiary", "lanes": "2", "name": "Kossuth Lajos utca", "oneway": false, "reversed": false, "length": 250.03306923827532, "from": "372", "to": "328", "maxspeed": "40", "bridge": null, "_key": "0", "ref": null, "access": null, "tunnel": null, "width": null}, "geometry": {"type": "LineString", "coordinates": [[19.117012099999997, 47.44648470000006], [19.116943699999997, 47.44644080000002], [19.1146304, 47.44491570000001]]}}, {"id": "(328, 341, 0)", "type": "Feature", "properties": {"_status": "original", "osmid": 495, "highway": "residential", "lanes": null, "name": "Ny\u00e1ry P\u00e1l utca", "oneway": false, "reversed": true, "length": 63.540990598307786, "from": "341", "to": "328", "maxspeed": "50", "bridge": null, "_key": "0", "ref": null, "access": null, "tunnel": null, "width": null}, "geometry": {"type": "LineString", "coordinates": [[19.115218200000005, 47.44450520000003], [19.114692000000005, 47.44487270000002], [19.1146304, 47.44491570000001]]}}, {"id": "(262, 211, 0)", "type": "Feature", "properties": {"_status": "original", "osmid": 499, "highway": "residential", "lanes": "2", "name": "Vas Gereben utca", "oneway": false, "reversed": true, "length": 240.80476420315696, "from": "211", "to": "262", "maxspeed": "30", "bridge": null, "_key": "0", "ref": null, "access": null, "tunnel": null, "width": null}, "geometry": {"type": "LineString", "coordinates": [[19.109359299999998, 47.4423155], [19.1115973, 47.443780800000035], [19.111617299999995, 47.443794499999996], [19.111658100000003, 47.44382300000001]]}}, {"id": "(398, 412, 0)", "type": "Feature", "properties": {"_status": "original", "osmid": 507, "highway": "residential", "lanes": null, "name": "K\u00f6teles utca", "oneway": false, "reversed": false, "length": 75.52649020905191, "from": "398", "to": "412", "maxspeed": "30", "bridge": null, "_key": "0", "ref": null, "access": null, "tunnel": null, "width": null}, "geometry": {"type": "LineString", "coordinates": [[19.118637399999997, 47.44848100000004], [19.119254299999994, 47.448052800000006], [19.119338299999995, 47.44799450000006]]}}, {"id": "(398, 382, 0)", "type": "Feature", "properties": {"_status": "original", "osmid": 508, "highway": "residential", "lanes": null, "name": "K\u00f6teles utca", "oneway": false, "reversed": true, "length": 68.49181034777394, "from": "398", "to": "382", "maxspeed": "30", "bridge": null, "_key": "0", "ref": null, "access": null, "tunnel": null, "width": null}, "geometry": {"type": "LineString", "coordinates": [[19.118637399999997, 47.44848100000004], [19.118006999999988, 47.44892560000001]]}}, {"id": "(398, 435, 0)", "type": "Feature", "properties": {"_status": "original", "osmid": 509, "highway": "residential", "lanes": null, "name": "Vas Gereben utca", "oneway": false, "reversed": true, "length": 240.61472425914138, "from": "398", "to": "435", "maxspeed": "30", "bridge": null, "_key": "0", "ref": null, "access": null, "tunnel": null, "width": null}, "geometry": {"type": "LineString", "coordinates": [[19.118637399999997, 47.44848100000004], [19.120938299999995, 47.4499848]]}}, {"id": "(372, 412, 0)", "type": "Feature", "properties": {"_status": "original", "osmid": 510, "highway": "residential", "lanes": null, "name": "Kossuth Lajos utca", "oneway": false, "reversed": true, "length": 242.45260341564534, "from": "372", "to": "412", "maxspeed": "50", "bridge": null, "_key": "0", "ref": null, "access": null, "tunnel": null, "width": null}, "geometry": {"type": "LineString", "coordinates": [[19.117012099999997, 47.44648470000006], [19.1170459, 47.446506800000016], [19.119338299999995, 47.44799450000006]]}}, {"id": "(372, 384, 0)", "type": "Feature", "properties": {"_status": "original", "osmid": 511, "highway": "tertiary", "lanes": "2", "name": "M\u00e1rt\u00edrok \u00fatja", "oneway": false, "reversed": true, "length": 62.981012153912026, "from": "384", "to": "372", "maxspeed": "50", "bridge": null, "_key": "0", "ref": null, "access": null, "tunnel": null, "width": null}, "geometry": {"type": "LineString", "coordinates": [[19.117597899999996, 47.4460799], [19.117059800000003, 47.44645169999998], [19.117012099999997, 47.44648470000006]]}}, {"id": "(341, 296, 0)", "type": "Feature", "properties": {"_status": "original", "osmid": 512, "highway": "residential", "lanes": null, "name": "Toldy Ferenc utca", "oneway": false, "reversed": true, "length": 246.73261232868168, "from": "341", "to": "296", "maxspeed": "50", "bridge": null, "_key": "0", "ref": null, "access": null, "tunnel": null, "width": null}, "geometry": {"type": "LineString", "coordinates": [[19.115218200000005, 47.44450520000003], [19.112973799999995, 47.44299790000002], [19.112956000000004, 47.442985900000025], [19.112924099999997, 47.44296300000005], [19.112891199999996, 47.442941000000005]]}}, {"id": "(341, 384, 0)", "type": "Feature", "properties": {"_status": "original", "osmid": 513, "highway": "residential", "lanes": null, "name": "Toldy Ferenc utca", "oneway": true, "reversed": false, "length": 250.36858705200765, "from": "341", "to": "384", "maxspeed": "50", "bridge": null, "_key": "0", "ref": null, "access": null, "tunnel": null, "width": null}, "geometry": {"type": "LineString", "coordinates": [[19.115218200000005, 47.44450520000003], [19.117533499999993, 47.44603730000004], [19.117597899999996, 47.4460799]]}}, {"id": "(341, 353, 0)", "type": "Feature", "properties": {"_status": "original", "osmid": 514, "highway": "residential", "lanes": null, "name": "Ny\u00e1ry P\u00e1l utca", "oneway": false, "reversed": true, "length": 55.99090955342107, "from": "353", "to": "341", "maxspeed": "50", "bridge": null, "_key": "0", "ref": null, "access": null, "tunnel": null, "width": null}, "geometry": {"type": "LineString", "coordinates": [[19.115727500000002, 47.44413790000006], [19.115218200000005, 47.44450520000003]]}}, {"id": "(211, 192, 0)", "type": "Feature", "properties": {"_status": "original", "osmid": 518, "highway": "residential", "lanes": null, "name": "Kende Kanuth utca", "oneway": false, "reversed": false, "length": 78.09377488273451, "from": "211", "to": "192", "maxspeed": "30", "bridge": null, "_key": "0", "ref": null, "access": null, "tunnel": null, "width": null}, "geometry": {"type": "LineString", "coordinates": [[19.109359299999998, 47.4423155], [19.1086401, 47.44282210000003]]}}, {"id": "(267, 213, 0)", "type": "Feature", "properties": {"_status": "original", "osmid": 742, "highway": "residential", "lanes": null, "name": "Val\u00e9ria utca", "oneway": false, "reversed": false, "length": 244.58849604967008, "from": "267", "to": "213", "maxspeed": "50", "bridge": null, "_key": "0", "ref": null, "access": null, "tunnel": null, "width": null}, "geometry": {"type": "LineString", "coordinates": [[19.112227499999996, 47.44659850000002], [19.110005800000003, 47.445110100000036], [19.109937600000002, 47.44506520000002], [19.1099159, 47.44505110000002]]}}, {"id": "(267, 250, 0)", "type": "Feature", "properties": {"_status": "original", "osmid": 732, "highway": "residential", "lanes": null, "name": "Ny\u00e1ry P\u00e1l utca", "oneway": false, "reversed": false, "length": 55.4017523911999, "from": "250", "to": "267", "maxspeed": "50", "bridge": null, "_key": "0", "ref": null, "access": null, "tunnel": null, "width": null}, "geometry": {"type": "LineString", "coordinates": [[19.111715100000005, 47.44695649999999], [19.112227499999996, 47.44659850000002]]}}, {"id": "(267, 315, 0)", "type": "Feature", "properties": {"_status": "original", "osmid": 745, "highway": "residential", "lanes": null, "name": "Val\u00e9ria utca", "oneway": false, "reversed": false, "length": 248.2106947198523, "from": "315", "to": "267", "maxspeed": "50", "bridge": null, "_key": "0", "ref": null, "access": null, "tunnel": null, "width": null}, "geometry": {"type": "LineString", "coordinates": [[19.1145861, 47.44816010000005], [19.112227499999996, 47.44659850000002]]}}, {"id": "(326, 369, 0)", "type": "Feature", "properties": {"_status": "original", "osmid": 738, "highway": "residential", "lanes": null, "name": "Albert utca", "oneway": false, "reversed": true, "length": 243.40819024739633, "from": "326", "to": "369", "maxspeed": "30", "bridge": null, "_key": "0", "ref": null, "access": null, "tunnel": null, "width": null}, "geometry": {"type": "LineString", "coordinates": [[19.115072300000005, 47.44782420000004], [19.1173928, 47.449350400000014]]}}, {"id": "(326, 315, 0)", "type": "Feature", "properties": {"_status": "original", "osmid": 746, "highway": "tertiary", "lanes": "2", "name": "M\u00e1rt\u00edrok \u00fatja", "oneway": false, "reversed": false, "length": 52.26599640937152, "from": "315", "to": "326", "maxspeed": null, "bridge": null, "_key": "0", "ref": null, "access": null, "tunnel": null, "width": null}, "geometry": {"type": "LineString", "coordinates": [[19.1145861, 47.44816010000005], [19.115072300000005, 47.44782420000004]]}}, {"id": "(228, 221, 0)", "type": "Feature", "properties": {"_status": "original", "osmid": 743, "highway": "residential", "lanes": "2", "name": "J\u00f3kai M\u00f3r utca", "oneway": false, "reversed": false, "length": 15.020321851287125, "from": "228", "to": "221", "maxspeed": "50", "bridge": null, "_key": "0", "ref": null, "access": null, "tunnel": null, "width": null}, "geometry": {"type": "LineString", "coordinates": [[19.1103897, 47.4447141], [19.110251, 47.44481130000005]]}}, {"id": "(382, 369, 0)", "type": "Feature", "properties": {"_status": "original", "osmid": 737, "highway": "residential", "lanes": null, "name": "K\u00f6teles utca", "oneway": false, "reversed": true, "length": 66.06243054360507, "from": "382", "to": "369", "maxspeed": "30", "bridge": null, "_key": "0", "ref": null, "access": null, "tunnel": null, "width": null}, "geometry": {"type": "LineString", "coordinates": [[19.118006999999988, 47.44892560000001], [19.1173928, 47.449350400000014]]}}, {"id": "(382, 420, 0)", "type": "Feature", "properties": {"_status": "original", "osmid": 740, "highway": "residential", "lanes": null, "name": "Hossz\u00fa utca", "oneway": false, "reversed": true, "length": 243.7893708984123, "from": "382", "to": "420", "maxspeed": null, "bridge": null, "_key": "0", "ref": null, "access": null, "tunnel": null, "width": "6"}, "geometry": {"type": "LineString", "coordinates": [[19.118006999999988, 47.44892560000001], [19.12026209999999, 47.45050079999999]]}}, {"id": "(192, 174, 0)", "type": "Feature", "properties": {"_status": "original", "osmid": 575, "highway": "residential", "lanes": null, "name": "Kende Kanuth utca", "oneway": false, "reversed": true, "length": 77.97403933723633, "from": "174", "to": "192", "maxspeed": "30", "bridge": null, "_key": "0", "ref": null, "access": null, "tunnel": null, "width": null}, "geometry": {"type": "LineString", "coordinates": [[19.10793639999999, 47.4433371], [19.1086401, 47.44282210000003]]}}, {"id": "(412, 454, 0)", "type": "Feature", "properties": {"_status": "original", "osmid": 611, "highway": "residential", "lanes": null, "name": "Kossuth Lajos utca", "oneway": false, "reversed": true, "length": 241.51924456029286, "from": "412", "to": "454", "maxspeed": "50", "bridge": null, "_key": "0", "ref": null, "access": null, "tunnel": null, "width": null}, "geometry": {"type": "LineString", "coordinates": [[19.119338299999995, 47.44799450000006], [19.121638, 47.44951080000003]]}}, {"id": "(412, 425, 0)", "type": "Feature", "properties": {"_status": "original", "osmid": 612, "highway": "residential", "lanes": null, "name": "K\u00f6teles utca", "oneway": false, "reversed": true, "length": 78.87782912459006, "from": "425", "to": "412", "maxspeed": "30", "bridge": null, "_key": "0", "ref": null, "access": null, "tunnel": null, "width": null}, "geometry": {"type": "LineString", "coordinates": [[19.120064000000006, 47.44748230000004], [19.119338299999995, 47.44799450000006]]}}, {"id": "(435, 454, 0)", "type": "Feature", "properties": {"_status": "original", "osmid": 614, "highway": "residential", "lanes": "1", "name": "Nagyk\u0151r\u00f6si \u00fat", "oneway": true, "reversed": false, "length": 74.47240252794514, "from": "435", "to": "454", "maxspeed": "50", "bridge": null, "_key": "0", "ref": null, "access": null, "tunnel": null, "width": null}, "geometry": {"type": "LineString", "coordinates": [[19.120938299999995, 47.4499848], [19.121123600000004, 47.44985930000004], [19.121638, 47.44951080000003]]}}, {"id": "(435, 420, 0)", "type": "Feature", "properties": {"_status": "original", "osmid": 617, "highway": "residential", "lanes": "1", "name": "Nagyk\u0151r\u00f6si \u00fat", "oneway": true, "reversed": false, "length": 76.66407099179528, "from": "420", "to": "435", "maxspeed": "50", "bridge": null, "_key": "0", "ref": null, "access": null, "tunnel": null, "width": null}, "geometry": {"type": "LineString", "coordinates": [[19.12026209999999, 47.45050079999999], [19.120938299999995, 47.4499848]]}}, {"id": "(384, 388, 0)", "type": "Feature", "properties": {"_status": "original", "osmid": 621, "highway": "tertiary", "lanes": "2", "name": "M\u00e1rt\u00edrok \u00fatja", "oneway": false, "reversed": true, "length": 21.203185437195106, "from": "388", "to": "384", "maxspeed": "50", "bridge": null, "_key": "0", "ref": null, "access": null, "tunnel": null, "width": null}, "geometry": {"type": "LineString", "coordinates": [[19.117793100000004, 47.445942300000034], [19.117597899999996, 47.4460799]]}}, {"id": "(296, 307, 0)", "type": "Feature", "properties": {"_status": "original", "osmid": 604, "highway": "residential", "lanes": null, "name": "J\u00f3kai M\u00f3r utca", "oneway": false, "reversed": true, "length": 54.29929283885067, "from": "307", "to": "296", "maxspeed": null, "bridge": null, "_key": "0", "ref": null, "access": null, "tunnel": null, "width": null}, "geometry": {"type": "LineString", "coordinates": [[19.113394700000004, 47.44259100000007], [19.112891199999996, 47.442941000000005]]}}, {"id": "(353, 307, 0)", "type": "Feature", "properties": {"_status": "original", "osmid": 608, "highway": "residential", "lanes": null, "name": "B\u00e1thory utca", "oneway": false, "reversed": true, "length": 245.69145280728836, "from": "353", "to": "307", "maxspeed": "50", "bridge": null, "_key": "0", "ref": null, "access": null, "tunnel": null, "width": null}, "geometry": {"type": "LineString", "coordinates": [[19.115727500000002, 47.44413790000006], [19.1134649, 47.44263640000005], [19.113426000000004, 47.44261080000007], [19.113394700000004, 47.44259100000007]]}}, {"id": "(353, 396, 0)", "type": "Feature", "properties": {"_status": "original", "osmid": 791, "highway": "residential", "lanes": null, "name": "B\u00e1thory utca", "oneway": false, "reversed": true, "length": 250.01418518686873, "from": "396", "to": "353", "maxspeed": "50", "bridge": null, "_key": "0", "ref": null, "access": null, "tunnel": null, "width": null}, "geometry": {"type": "LineString", "coordinates": [[19.118089799999996, 47.44572000000001], [19.118031500000004, 47.44568090000005], [19.115727500000002, 47.44413790000006]]}}, {"id": "(353, 363, 0)", "type": "Feature", "properties": {"_status": "original", "osmid": 792, "highway": "residential", "lanes": null, "name": "Ny\u00e1ry P\u00e1l utca", "oneway": false, "reversed": true, "length": 57.551290851844506, "from": "363", "to": "353", "maxspeed": "50", "bridge": null, "_key": "0", "ref": null, "access": null, "tunnel": null, "width": null}, "geometry": {"type": "LineString", "coordinates": [[19.1162714, 47.443773799999995], [19.115727500000002, 47.44413790000006]]}}, {"id": "(249, 269, 0)", "type": "Feature", "properties": {"_status": "original", "osmid": 606, "highway": "residential", "lanes": "1", "name": "T\u00e1tra t\u00e9r", "oneway": true, "reversed": false, "length": 70.44819108544445, "from": "269", "to": "249", "maxspeed": "50", "bridge": null, "_key": "0", "ref": null, "access": null, "tunnel": null, "width": null}, "geometry": {"type": "LineString", "coordinates": [[19.111527200000005, 47.44199349999998], [19.111470000000004, 47.4420614], [19.111036000000002, 47.44237170000003], [19.110957100000004, 47.442427499999994], [19.110907, 47.442465700000014]]}}, {"id": "(513, 526, 0)", "type": "Feature", "properties": {"_status": "original", "osmid": 525, "highway": "tertiary", "lanes": "2", "name": "M\u00e1rt\u00edrok \u00fatja", "oneway": false, "reversed": false, "length": 83.59392336506548, "from": "513", "to": "526", "maxspeed": "50", "bridge": null, "_key": "0", "ref": null, "access": null, "tunnel": null, "width": null}, "geometry": {"type": "LineString", "coordinates": [[19.1228086, 47.44239750000005], [19.123582400000004, 47.441857799999994]]}}, {"id": "(540, 526, 0)", "type": "Feature", "properties": {"_status": "original", "osmid": 528, "highway": "residential", "lanes": null, "name": "Kossuthfalva utca", "oneway": false, "reversed": true, "length": 66.78274496831332, "from": "526", "to": "540", "maxspeed": "30", "bridge": null, "_key": "0", "ref": null, "access": null, "tunnel": null, "width": "6"}, "geometry": {"type": "LineString", "coordinates": [[19.123582400000004, 47.441857799999994], [19.1236245, 47.44188359999999], [19.123671700000003, 47.44191540000002], [19.1236843, 47.44192390000001], [19.1237048, 47.44193680000005], [19.1241603, 47.442250000000016], [19.124208800000005, 47.442283400000015]]}}, {"id": "(540, 581, 0)", "type": "Feature", "properties": {"_status": "original", "osmid": 529, "highway": "residential", "lanes": null, "name": "Zal\u00e1n utca", "oneway": false, "reversed": true, "length": 182.47346003852553, "from": "581", "to": "540", "maxspeed": "30", "bridge": null, "_key": "0", "ref": null, "access": null, "tunnel": null, "width": "6"}, "geometry": {"type": "LineString", "coordinates": [[19.1258922, 47.44110160000005], [19.125860699999993, 47.44112370000003], [19.125093999999997, 47.441661900000035], [19.12423419999999, 47.44226560000002], [19.124208800000005, 47.442283400000015]]}}, {"id": "(526, 531, 0)", "type": "Feature", "properties": {"_status": "original", "osmid": 1014, "highway": "tertiary", "lanes": "2", "name": "M\u00e1rt\u00edrok \u00fatja", "oneway": false, "reversed": true, "length": 11.438576689770889, "from": "531", "to": "526", "maxspeed": "50", "bridge": null, "_key": "0", "ref": null, "access": null, "tunnel": null, "width": null}, "geometry": {"type": "LineString", "coordinates": [[19.1236865, 47.44178280000004], [19.123582400000004, 47.441857799999994]]}}, {"id": "(581, 594, 0)", "type": "Feature", "properties": {"_status": "original", "osmid": 969, "highway": "residential", "lanes": null, "name": "Zobor utca", "oneway": false, "reversed": true, "length": 68.44997032207216, "from": "581", "to": "594", "maxspeed": "30", "bridge": null, "_key": "0", "ref": null, "access": null, "tunnel": null, "width": null}, "geometry": {"type": "LineString", "coordinates": [[19.1258922, 47.44110160000005], [19.126542199999992, 47.441532500000015]]}}, {"id": "(581, 619, 0)", "type": "Feature", "properties": {"_status": "original", "osmid": 1015, "highway": "residential", "lanes": null, "name": "Zal\u00e1n utca", "oneway": false, "reversed": true, "length": 183.8132601443507, "from": "619", "to": "581", "maxspeed": "30", "bridge": null, "_key": "0", "ref": null, "access": null, "tunnel": null, "width": "6"}, "geometry": {"type": "LineString", "coordinates": [[19.127574899999992, 47.43990270000004], [19.125924300000005, 47.44107880000006], [19.1258922, 47.44110160000005]]}}, {"id": "(581, 568, 0)", "type": "Feature", "properties": {"_status": "original", "osmid": 1016, "highway": "residential", "lanes": null, "name": "Zobor utca", "oneway": false, "reversed": true, "length": 67.52088020686006, "from": "568", "to": "581", "maxspeed": "30", "bridge": null, "_key": "0", "ref": null, "access": null, "tunnel": null, "width": null}, "geometry": {"type": "LineString", "coordinates": [[19.12523809999999, 47.440685700000024], [19.125284999999995, 47.44071690000004], [19.125314300000007, 47.44073640000005], [19.125343099999995, 47.44075550000002], [19.1258518, 47.44107620000001], [19.1258922, 47.44110160000005]]}}, {"id": "(521, 473, 0)", "type": "Feature", "properties": {"_status": "original", "osmid": 530, "highway": "residential", "lanes": null, "name": "H\u00e1romsz\u00e9k utca", "oneway": false, "reversed": true, "length": 244.21492458189067, "from": "521", "to": "473", "maxspeed": "30", "bridge": null, "_key": "0", "ref": null, "access": null, "tunnel": null, "width": null}, "geometry": {"type": "LineString", "coordinates": [[19.1241612, 47.44778130000004], [19.121806699999997, 47.44626860000002]]}}, {"id": "(521, 505, 0)", "type": "Feature", "properties": {"_status": "original", "osmid": 532, "highway": "residential", "lanes": "1", "name": "Nagyk\u0151r\u00f6si \u00fat", "oneway": true, "reversed": false, "length": 60.948612678951335, "from": "505", "to": "521", "maxspeed": "50", "bridge": null, "_key": "0", "ref": null, "access": null, "tunnel": null, "width": null}, "geometry": {"type": "LineString", "coordinates": [[19.123596200000005, 47.4481743], [19.1241612, 47.44778130000004]]}}, {"id": "(473, 464, 0)", "type": "Feature", "properties": {"_status": "original", "osmid": 534, "highway": "residential", "lanes": null, "name": "K\u00f6teles utca", "oneway": false, "reversed": false, "length": 31.09544176100316, "from": "464", "to": "473", "maxspeed": "30", "bridge": null, "_key": "0", "ref": null, "access": null, "tunnel": null, "width": null}, "geometry": {"type": "LineString", "coordinates": [[19.121518899999998, 47.44646940000005], [19.121806699999997, 47.44626860000002]]}}, {"id": "(505, 457, 0)", "type": "Feature", "properties": {"_status": "original", "osmid": 538, "highway": "residential", "lanes": null, "name": "Martinovics utca", "oneway": false, "reversed": false, "length": 244.06589592302004, "from": "457", "to": "505", "maxspeed": "30", "bridge": null, "_key": "0", "ref": null, "access": null, "tunnel": null, "width": null}, "geometry": {"type": "LineString", "coordinates": [[19.121233499999992, 47.44666940000004], [19.123596200000005, 47.4481743]]}}, {"id": "(505, 491, 0)", "type": "Feature", "properties": {"_status": "original", "osmid": 539, "highway": "residential", "lanes": "1", "name": "Nagyk\u0151r\u00f6si \u00fat", "oneway": true, "reversed": false, "length": 65.15854440470527, "from": "491", "to": "505", "maxspeed": "50", "bridge": null, "_key": "0", "ref": null, "access": null, "tunnel": null, "width": null}, "geometry": {"type": "LineString", "coordinates": [[19.1229809, 47.44858690000004], [19.123596200000005, 47.4481743]]}}, {"id": "(464, 457, 0)", "type": "Feature", "properties": {"_status": "original", "osmid": 536, "highway": "residential", "lanes": null, "name": "K\u00f6teles utca", "oneway": false, "reversed": false, "length": 30.905972933761745, "from": "457", "to": "464", "maxspeed": "30", "bridge": null, "_key": "0", "ref": null, "access": null, "tunnel": null, "width": null}, "geometry": {"type": "LineString", "coordinates": [[19.121233499999992, 47.44666940000004], [19.121518899999998, 47.44646940000005]]}}, {"id": "(464, 419, 0)", "type": "Feature", "properties": {"_status": "original", "osmid": 537, "highway": "residential", "lanes": null, "name": "B\u00e1dogos utca", "oneway": false, "reversed": false, "length": 245.1237684670075, "from": "419", "to": "464", "maxspeed": "30", "bridge": null, "_key": "0", "ref": null, "access": null, "tunnel": null, "width": null}, "geometry": {"type": "LineString", "coordinates": [[19.119197000000003, 47.44492220000001], [19.119240900000005, 47.44495150000004], [19.121518899999998, 47.44646940000005]]}}, {"id": "(432, 419, 0)", "type": "Feature", "properties": {"_status": "original", "osmid": 541, "highway": "tertiary", "lanes": "2", "name": "M\u00e1rt\u00edrok \u00fatja", "oneway": false, "reversed": true, "length": 61.380775317842115, "from": "432", "to": "419", "maxspeed": "50", "bridge": null, "_key": "0", "ref": null, "access": null, "tunnel": null, "width": null}, "geometry": {"type": "LineString", "coordinates": [[19.119763200000005, 47.444524599999994], [19.119197000000003, 47.44492220000001]]}}, {"id": "(457, 442, 0)", "type": "Feature", "properties": {"_status": "original", "osmid": 542, "highway": "residential", "lanes": null, "name": "K\u00f6teles utca", "oneway": false, "reversed": true, "length": 60.65215524397901, "from": "457", "to": "442", "maxspeed": "30", "bridge": null, "_key": "0", "ref": null, "access": null, "tunnel": null, "width": null}, "geometry": {"type": "LineString", "coordinates": [[19.121233499999992, 47.44666940000004], [19.120667499999993, 47.44705800000004]]}}, {"id": "(419, 408, 0)", "type": "Feature", "properties": {"_status": "original", "osmid": 543, "highway": "tertiary", "lanes": "2", "name": "M\u00e1rt\u00edrok \u00fatja", "oneway": false, "reversed": true, "length": 65.56246952017817, "from": "419", "to": "408", "maxspeed": "50", "bridge": null, "_key": "0", "ref": null, "access": null, "tunnel": null, "width": null}, "geometry": {"type": "LineString", "coordinates": [[19.119197000000003, 47.44492220000001], [19.118602699999997, 47.445353600000026]]}}, {"id": "(491, 442, 0)", "type": "Feature", "properties": {"_status": "original", "osmid": 620, "highway": "residential", "lanes": null, "name": "Pann\u00f3nia utca", "oneway": false, "reversed": false, "length": 243.23729914267963, "from": "442", "to": "491", "maxspeed": "30", "bridge": null, "_key": "0", "ref": null, "access": null, "tunnel": null, "width": null}, "geometry": {"type": "LineString", "coordinates": [[19.120667499999993, 47.44705800000004], [19.1229809, 47.44858690000004]]}}, {"id": "(491, 477, 0)", "type": "Feature", "properties": {"_status": "original", "osmid": 615, "highway": "residential", "lanes": "1", "name": "Nagyk\u0151r\u00f6si \u00fat", "oneway": true, "reversed": false, "length": 62.53290245662521, "from": "477", "to": "491", "maxspeed": "50", "bridge": null, "_key": "0", "ref": null, "access": null, "tunnel": null, "width": null}, "geometry": {"type": "LineString", "coordinates": [[19.1224024, 47.44899090000001], [19.1229809, 47.44858690000004]]}}, {"id": "(442, 425, 0)", "type": "Feature", "properties": {"_status": "original", "osmid": 619, "highway": "residential", "lanes": null, "name": "K\u00f6teles utca", "oneway": false, "reversed": true, "length": 65.46349886154734, "from": "442", "to": "425", "maxspeed": "30", "bridge": null, "_key": "0", "ref": null, "access": null, "tunnel": null, "width": null}, "geometry": {"type": "LineString", "coordinates": [[19.120667499999993, 47.44705800000004], [19.120064000000006, 47.44748230000004]]}}, {"id": "(442, 403, 0)", "type": "Feature", "properties": {"_status": "original", "osmid": 797, "highway": "residential", "lanes": null, "name": "Pann\u00f3nia utca", "oneway": false, "reversed": true, "length": 242.47592151568244, "from": "442", "to": "403", "maxspeed": "30", "bridge": null, "_key": "0", "ref": null, "access": null, "tunnel": null, "width": null}, "geometry": {"type": "LineString", "coordinates": [[19.120667499999993, 47.44705800000004], [19.118398099999993, 47.445549100000036], [19.118368199999992, 47.44552920000001]]}}, {"id": "(408, 363, 0)", "type": "Feature", "properties": {"_status": "original", "osmid": 795, "highway": "residential", "lanes": null, "name": "B\u00e1ny\u00e1sz utca", "oneway": false, "reversed": true, "length": 248.18291739729753, "from": "408", "to": "363", "maxspeed": "50", "bridge": null, "_key": "0", "ref": null, "access": null, "tunnel": null, "width": null}, "geometry": {"type": "LineString", "coordinates": [[19.118602699999997, 47.445353600000026], [19.118559099999995, 47.44532410000002], [19.1162714, 47.443773799999995]]}}, {"id": "(408, 403, 0)", "type": "Feature", "properties": {"_status": "original", "osmid": 798, "highway": "tertiary", "lanes": "2", "name": "M\u00e1rt\u00edrok \u00fatja", "oneway": false, "reversed": true, "length": 26.310339441927233, "from": "408", "to": "403", "maxspeed": "50", "bridge": null, "_key": "0", "ref": null, "access": null, "tunnel": null, "width": null}, "geometry": {"type": "LineString", "coordinates": [[19.118602699999997, 47.445353600000026], [19.118368199999992, 47.44552920000001]]}}, {"id": "(102, 116, 0)", "type": "Feature", "properties": {"_status": "original", "osmid": 546, "highway": "residential", "lanes": null, "name": "J\u00e1nos utca", "oneway": false, "reversed": true, "length": 81.07267344226402, "from": "116", "to": "102", "maxspeed": "30", "bridge": null, "_key": "0", "ref": null, "access": null, "tunnel": null, "width": null}, "geometry": {"type": "LineString", "coordinates": [[19.104277100000004, 47.442700400000014], [19.1042515, 47.44268340000002], [19.103507999999998, 47.442189500000055]]}}, {"id": "(102, 79, 0)", "type": "Feature", "properties": {"_status": "original", "osmid": 547, "highway": "residential", "lanes": null, "name": "Erd\u0151 utca", "oneway": false, "reversed": false, "length": 148.50353095241456, "from": "79", "to": "102", "maxspeed": "30", "bridge": null, "_key": "0", "ref": null, "access": null, "tunnel": null, "width": null}, "geometry": {"type": "LineString", "coordinates": [[19.102261, 47.443225], [19.1025886, 47.442947400000044], [19.103017699999995, 47.442591900000025], [19.103507999999998, 47.442189500000055]]}}, {"id": "(116, 104, 0)", "type": "Feature", "properties": {"_status": "original", "osmid": 553, "highway": "residential", "lanes": null, "name": "Szent Imre herceg utca", "oneway": false, "reversed": false, "length": 62.95480333619988, "from": "116", "to": "104", "maxspeed": "30", "bridge": null, "_key": "0", "ref": null, "access": null, "tunnel": null, "width": null}, "geometry": {"type": "LineString", "coordinates": [[19.104277100000004, 47.442700400000014], [19.1036961, 47.44310800000004]]}}, {"id": "(116, 131, 0)", "type": "Feature", "properties": {"_status": "original", "osmid": 554, "highway": "residential", "lanes": null, "name": "J\u00e1nos utca", "oneway": false, "reversed": false, "length": 121.91510929135593, "from": "116", "to": "131", "maxspeed": "30", "bridge": null, "_key": "0", "ref": null, "access": null, "tunnel": null, "width": null}, "geometry": {"type": "LineString", "coordinates": [[19.104277100000004, 47.442700400000014], [19.105463199999996, 47.44344780000002]]}}, {"id": "(116, 121, 0)", "type": "Feature", "properties": {"_status": "original", "osmid": 555, "highway": "residential", "lanes": null, "name": "Szent Imre herceg utca", "oneway": false, "reversed": false, "length": 49.45142727666291, "from": "121", "to": "116", "maxspeed": "30", "bridge": null, "_key": "0", "ref": null, "access": null, "tunnel": null, "width": null}, "geometry": {"type": "LineString", "coordinates": [[19.104734199999996, 47.44238070000006], [19.104277100000004, 47.442700400000014]]}}, {"id": "(79, 87, 0)", "type": "Feature", "properties": {"_status": "original", "osmid": 556, "highway": "residential", "lanes": null, "name": "R\u00e1k\u00f3czi utca", "oneway": false, "reversed": false, "length": 68.3522574631411, "from": "79", "to": "87", "maxspeed": "30", "bridge": null, "_key": "0", "ref": null, "access": null, "tunnel": null, "width": null}, "geometry": {"type": "LineString", "coordinates": [[19.102261, 47.443225], [19.102934600000005, 47.443597], [19.102965000000008, 47.443613800000016]]}}, {"id": "(103, 129, 0)", "type": "Feature", "properties": {"_status": "original", "osmid": 551, "highway": "residential", "lanes": null, "name": "Szarvas utca", "oneway": false, "reversed": false, "length": 161.389472178395, "from": "129", "to": "103", "maxspeed": "30", "bridge": null, "_key": "0", "ref": null, "access": null, "tunnel": null, "width": null}, "geometry": {"type": "LineString", "coordinates": [[19.105072399999997, 47.44214120000001], [19.105038199999996, 47.442123900000006], [19.103496599999996, 47.44134390000003], [19.10340869999999, 47.4412998], [19.103353799999994, 47.44127200000002]]}}, {"id": "(70, 64, 0)", "type": "Feature", "properties": {"_status": "original", "osmid": 560, "highway": "residential", "lanes": null, "name": "H\u00e1rsfa s\u00e9t\u00e1ny", "oneway": false, "reversed": true, "length": 56.35343276213965, "from": "64", "to": "70", "maxspeed": null, "bridge": null, "_key": "0", "ref": null, "access": null, "tunnel": null, "width": null}, "geometry": {"type": "LineString", "coordinates": [[19.100408299999998, 47.44089750000002], [19.100557599999995, 47.440892700000035], [19.100661700000003, 47.440889300000016], [19.1008145, 47.44088540000001], [19.100857400000002, 47.44088430000005], [19.101058900000005, 47.4407704], [19.101087700000004, 47.44075450000001]]}}, {"id": "(129, 121, 0)", "type": "Feature", "properties": {"_status": "original", "osmid": 561, "highway": "residential", "lanes": null, "name": "Szent Imre herceg utca", "oneway": false, "reversed": false, "length": 36.825607966582744, "from": "129", "to": "121", "maxspeed": "30", "bridge": null, "_key": "0", "ref": null, "access": null, "tunnel": null, "width": null}, "geometry": {"type": "LineString", "coordinates": [[19.105072399999997, 47.44214120000001], [19.105042099999995, 47.442162700000054], [19.104734199999996, 47.44238070000006]]}}, {"id": "(129, 136, 0)", "type": "Feature", "properties": {"_status": "original", "osmid": 562, "highway": "residential", "lanes": null, "name": "Szent Imre herceg utca", "oneway": false, "reversed": false, "length": 41.408807192047405, "from": "136", "to": "129", "maxspeed": "30", "bridge": null, "_key": "0", "ref": null, "access": null, "tunnel": null, "width": null}, "geometry": {"type": "LineString", "coordinates": [[19.105454399999992, 47.44187310000001], [19.105102500000005, 47.44212279999999], [19.105072399999997, 47.44214120000001]]}}, {"id": "(104, 87, 0)", "type": "Feature", "properties": {"_status": "original", "osmid": 636, "highway": "residential", "lanes": null, "name": "Szent Imre herceg utca", "oneway": false, "reversed": false, "length": 78.65203085922404, "from": "104", "to": "87", "maxspeed": "30", "bridge": null, "_key": "0", "ref": null, "access": null, "tunnel": null, "width": null}, "geometry": {"type": "LineString", "coordinates": [[19.1036961, 47.44310800000004], [19.102965000000008, 47.443613800000016]]}}, {"id": "(104, 119, 0)", "type": "Feature", "properties": {"_status": "original", "osmid": 637, "highway": "residential", "lanes": null, "name": "M\u00e1ria utca", "oneway": false, "reversed": true, "length": 121.56800372221947, "from": "119", "to": "104", "maxspeed": "30", "bridge": null, "_key": "0", "ref": null, "access": null, "tunnel": null, "width": null}, "geometry": {"type": "LineString", "coordinates": [[19.104792799999995, 47.44391120000003], [19.1036961, 47.44310800000004]]}}, {"id": "(131, 119, 0)", "type": "Feature", "properties": {"_status": "original", "osmid": 641, "highway": "residential", "lanes": null, "name": "Em\u00edlia utca", "oneway": false, "reversed": false, "length": 72.08943830063056, "from": "119", "to": "131", "maxspeed": "30", "bridge": null, "_key": "0", "ref": null, "access": null, "tunnel": null, "width": null}, "geometry": {"type": "LineString", "coordinates": [[19.104792799999995, 47.44391120000003], [19.105463199999996, 47.44344780000002]]}}, {"id": "(131, 141, 0)", "type": "Feature", "properties": {"_status": "original", "osmid": 644, "highway": "residential", "lanes": null, "name": "Em\u00edlia utca", "oneway": false, "reversed": true, "length": 40.562520899592876, "from": "141", "to": "131", "maxspeed": "30", "bridge": null, "_key": "0", "ref": null, "access": null, "tunnel": null, "width": null}, "geometry": {"type": "LineString", "coordinates": [[19.105852899999995, 47.44319560000007], [19.105463199999996, 47.44344780000002]]}}, {"id": "(121, 141, 0)", "type": "Feature", "properties": {"_status": "original", "osmid": 646, "highway": "residential", "lanes": null, "name": "K\u00e1lm\u00e1n utca", "oneway": false, "reversed": false, "length": 123.6474635212438, "from": "121", "to": "141", "maxspeed": "30", "bridge": null, "_key": "0", "ref": null, "access": null, "tunnel": null, "width": null}, "geometry": {"type": "LineString", "coordinates": [[19.104734199999996, 47.44238070000006], [19.105852899999995, 47.44319560000007]]}}, {"id": "(87, 106, 0)", "type": "Feature", "properties": {"_status": "original", "osmid": 633, "highway": "residential", "lanes": null, "name": "R\u00e1k\u00f3czi utca", "oneway": false, "reversed": true, "length": 120.95532168726464, "from": "106", "to": "87", "maxspeed": "30", "bridge": null, "_key": "0", "ref": null, "access": null, "tunnel": null, "width": null}, "geometry": {"type": "LineString", "coordinates": [[19.1041083, 47.44437890000001], [19.102965000000008, 47.443613800000016]]}}, {"id": "(81, 111, 0)", "type": "Feature", "properties": {"_status": "original", "osmid": 653, "highway": "residential", "lanes": null, "name": "E\u00f6tv\u00f6s utca", "oneway": false, "reversed": true, "length": 209.6814835482612, "from": "81", "to": "111", "maxspeed": "30", "bridge": null, "_key": "0", "ref": null, "access": null, "tunnel": null, "width": null}, "geometry": {"type": "LineString", "coordinates": [[19.102648899999988, 47.444321900000034], [19.1044893, 47.44559750000001], [19.104594099999996, 47.44567290000001]]}}, {"id": "(81, 74, 0)", "type": "Feature", "properties": {"_status": "original", "osmid": 664, "highway": "residential", "lanes": null, "name": "\u0150sz utca", "oneway": false, "reversed": true, "length": 60.67980436089329, "from": "74", "to": "81", "maxspeed": "30", "bridge": null, "_key": "0", "ref": null, "access": null, "tunnel": null, "width": null}, "geometry": {"type": "LineString", "coordinates": [[19.1020695, 47.44470170000003], [19.102648899999988, 47.444321900000034]]}}, {"id": "(136, 172, 0)", "type": "Feature", "properties": {"_status": "original", "osmid": 687, "highway": "residential", "lanes": null, "name": "G\u00e9za utca", "oneway": false, "reversed": false, "length": 246.46916447520533, "from": "136", "to": "172", "maxspeed": "30", "bridge": null, "_key": "0", "ref": null, "access": null, "tunnel": null, "width": null}, "geometry": {"type": "LineString", "coordinates": [[19.105454399999992, 47.44187310000001], [19.1078094, 47.44341460000004]]}}, {"id": "(136, 143, 0)", "type": "Feature", "properties": {"_status": "original", "osmid": 574, "highway": "residential", "lanes": null, "name": "Szent Imre herceg utca", "oneway": false, "reversed": false, "length": 27.138867148358056, "from": "143", "to": "136", "maxspeed": "30", "bridge": null, "_key": "0", "ref": null, "access": null, "tunnel": null, "width": null}, "geometry": {"type": "LineString", "coordinates": [[19.105707000000002, 47.441698800000005], [19.105454399999992, 47.44187310000001]]}}, {"id": "(350, 385, 0)", "type": "Feature", "properties": {"_status": "original", "osmid": 1094, "highway": "residential", "lanes": null, "name": "Alkotm\u00e1ny utca", "oneway": false, "reversed": false, "length": 152.1608233480063, "from": "385", "to": "350", "maxspeed": null, "bridge": null, "_key": "0", "ref": null, "access": null, "tunnel": null, "width": null}, "geometry": {"type": "LineString", "coordinates": [[19.115303700000002, 47.432939600000005], [19.1152724, 47.43296190000003], [19.113910400000005, 47.43393169999999]]}}, {"id": "(321, 270, 0)", "type": "Feature", "properties": {"_status": "original", "osmid": 873, "highway": "residential", "lanes": null, "name": "P\u00f6ltenberg utca", "oneway": false, "reversed": true, "length": 249.79279142852158, "from": "321", "to": "270", "maxspeed": null, "bridge": null, "_key": "0", "ref": null, "access": null, "tunnel": null, "width": null}, "geometry": {"type": "LineString", "coordinates": [[19.1121057, 47.43275890000001], [19.11086129999999, 47.431933000000036], [19.110407999999993, 47.43167180000001], [19.109652200000003, 47.43124760000004]]}}, {"id": "(373, 385, 0)", "type": "Feature", "properties": {"_status": "original", "osmid": 1091, "highway": "residential", "lanes": null, "name": "Damjanich utca", "oneway": false, "reversed": true, "length": 74.38415401099137, "from": "385", "to": "373", "maxspeed": null, "bridge": null, "_key": "0", "ref": null, "access": null, "tunnel": null, "width": null}, "geometry": {"type": "LineString", "coordinates": [[19.115303700000002, 47.432939600000005], [19.114675299999995, 47.43252180000005], [19.1146377, 47.432496800000045], [19.114596999999996, 47.43247170000004]]}}, {"id": "(174, 172, 0)", "type": "Feature", "properties": {"_status": "original", "osmid": 692, "highway": "residential", "lanes": null, "name": "Kende Kanuth utca", "oneway": false, "reversed": false, "length": 12.863960782317985, "from": "174", "to": "172", "maxspeed": "30", "bridge": null, "_key": "0", "ref": null, "access": null, "tunnel": null, "width": null}, "geometry": {"type": "LineString", "coordinates": [[19.10793639999999, 47.4433371], [19.1078094, 47.44341460000004]]}}, {"id": "(174, 221, 0)", "type": "Feature", "properties": {"_status": "original", "osmid": 744, "highway": "residential", "lanes": null, "name": "Ilona utca", "oneway": false, "reversed": true, "length": 239.10043887466907, "from": "174", "to": "221", "maxspeed": "30", "bridge": null, "_key": "0", "ref": null, "access": null, "tunnel": null, "width": null}, "geometry": {"type": "LineString", "coordinates": [[19.10793639999999, 47.4433371], [19.1101928, 47.44477430000005], [19.110251, 47.44481130000005]]}}, {"id": "(202, 196, 0)", "type": "Feature", "properties": {"_status": "original", "osmid": 580, "highway": "tertiary", "lanes": "2", "name": "Szent Imre herceg utca", "oneway": false, "reversed": false, "length": 28.887749560014573, "from": "202", "to": "196", "maxspeed": "50", "bridge": null, "_key": "0", "ref": null, "access": null, "tunnel": null, "width": null}, "geometry": {"type": "LineString", "coordinates": [[19.1085363, 47.43967789999998], [19.1082745, 47.43986800000002]]}}, {"id": "(202, 212, 0)", "type": "Feature", "properties": {"_status": "original", "osmid": 581, "highway": "tertiary", "lanes": "2", "name": "Szent Imre herceg utca", "oneway": false, "reversed": true, "length": 38.06272142007444, "from": "202", "to": "212", "maxspeed": "50", "bridge": null, "_key": "0", "ref": null, "access": null, "tunnel": null, "width": null}, "geometry": {"type": "LineString", "coordinates": [[19.1085363, 47.43967789999998], [19.108890800000005, 47.43943360000003]]}}, {"id": "(177, 204, 0)", "type": "Feature", "properties": {"_status": "original", "osmid": 582, "highway": "residential", "lanes": "2", "name": "T\u00f6r\u00f6k Fl\u00f3ris utca", "oneway": false, "reversed": false, "length": 133.27172777083615, "from": "177", "to": "204", "maxspeed": "50", "bridge": null, "_key": "0", "ref": null, "access": null, "tunnel": null, "width": null}, "geometry": {"type": "LineString", "coordinates": [[19.107099399999992, 47.43819270000002], [19.1072958, 47.438029200000024], [19.107345100000003, 47.437988100000005], [19.10756549999999, 47.43780420000004], [19.10777609999999, 47.437628600000025], [19.107998699999996, 47.43744290000004], [19.108114500000003, 47.43734630000006], [19.108141, 47.43732420000003], [19.10821569999999, 47.437261900000024]]}}, {"id": "(177, 226, 0)", "type": "Feature", "properties": {"_status": "original", "osmid": 583, "highway": "residential", "lanes": null, "name": "K\u00f6vez\u0151 utca", "oneway": false, "reversed": true, "length": 196.84458125936962, "from": "177", "to": "226", "maxspeed": "50", "bridge": null, "_key": "0", "ref": null, "access": null, "tunnel": null, "width": null}, "geometry": {"type": "LineString", "coordinates": [[19.107099399999992, 47.43819270000002], [19.107142700000004, 47.43821400000001], [19.1093264, 47.43912250000004]]}}, {"id": "(196, 247, 0)", "type": "Feature", "properties": {"_status": "original", "osmid": 584, "highway": "residential", "lanes": "2", "name": "Bocskai utca", "oneway": false, "reversed": true, "length": 244.6922469851912, "from": "196", "to": "247", "maxspeed": "50", "bridge": null, "_key": "0", "ref": null, "access": null, "tunnel": null, "width": null}, "geometry": {"type": "LineString", "coordinates": [[19.1082745, 47.43986800000002], [19.108340400000003, 47.439910300000015], [19.1105395, 47.44135900000003], [19.1105619, 47.44137340000003], [19.110606799999996, 47.44140230000006]]}}, {"id": "(212, 226, 0)", "type": "Feature", "properties": {"_status": "original", "osmid": 799, "highway": "tertiary", "lanes": "2", "name": "Szent Imre herceg utca", "oneway": false, "reversed": true, "length": 47.64400537616312, "from": "212", "to": "226", "maxspeed": "50", "bridge": null, "_key": "0", "ref": null, "access": null, "tunnel": null, "width": null}, "geometry": {"type": "LineString", "coordinates": [[19.108890800000005, 47.43943360000003], [19.1093264, 47.43912250000004]]}}, {"id": "(212, 265, 0)", "type": "Feature", "properties": {"_status": "original", "osmid": 624, "highway": "residential", "lanes": "2", "name": "Csokonai utca", "oneway": false, "reversed": false, "length": 244.46447317919427, "from": "265", "to": "212", "maxspeed": "50", "bridge": null, "_key": "0", "ref": null, "access": null, "tunnel": null, "width": null}, "geometry": {"type": "LineString", "coordinates": [[19.11122059999999, 47.440966700000025], [19.111191899999998, 47.440947799999975], [19.111153000000005, 47.44092220000005], [19.108946199999995, 47.43947000000006], [19.108890800000005, 47.43943360000003]]}}, {"id": "(226, 230, 0)", "type": "Feature", "properties": {"_status": "original", "osmid": 601, "highway": "tertiary", "lanes": "2", "name": "Szent Imre herceg utca", "oneway": false, "reversed": false, "length": 15.09522616268755, "from": "230", "to": "226", "maxspeed": "50", "bridge": null, "_key": "0", "ref": null, "access": null, "tunnel": null, "width": null}, "geometry": {"type": "LineString", "coordinates": [[19.109463099999992, 47.43902310000004], [19.1093264, 47.43912250000004]]}}, {"id": "(247, 265, 0)", "type": "Feature", "properties": {"_status": "original", "osmid": 623, "highway": "residential", "lanes": "2", "name": "Kende Kanuth utca", "oneway": true, "reversed": false, "length": 66.91042585248391, "from": "247", "to": "265", "maxspeed": "50", "bridge": null, "_key": "0", "ref": null, "access": null, "tunnel": null, "width": null}, "geometry": {"type": "LineString", "coordinates": [[19.110606799999996, 47.44140230000006], [19.11122059999999, 47.440966700000025]]}}, {"id": "(191, 219, 0)", "type": "Feature", "properties": {"_status": "original", "osmid": 781, "highway": "residential", "lanes": null, "name": "V\u00f6r\u00f6smarty utca", "oneway": false, "reversed": false, "length": 115.9126226784772, "from": "191", "to": "219", "maxspeed": null, "bridge": null, "_key": "0", "ref": null, "access": null, "tunnel": null, "width": null}, "geometry": {"type": "LineString", "coordinates": [[19.106867899999994, 47.43280140000007], [19.1077912, 47.43196680000006]]}}, {"id": "(191, 208, 0)", "type": "Feature", "properties": {"_status": "original", "osmid": 782, "highway": "residential", "lanes": null, "name": "Mad\u00e1ch utca", "oneway": false, "reversed": true, "length": 67.2864903588458, "from": "208", "to": "191", "maxspeed": null, "bridge": null, "_key": "0", "ref": null, "access": null, "tunnel": null, "width": null}, "geometry": {"type": "LineString", "coordinates": [[19.107574599999996, 47.43317240000003], [19.106867899999994, 47.43280140000007]]}}, {"id": "(281, 230, 0)", "type": "Feature", "properties": {"_status": "original", "osmid": 598, "highway": "residential", "lanes": "2", "name": "Nefelejcs utca", "oneway": true, "reversed": false, "length": 244.87623889906936, "from": "230", "to": "281", "maxspeed": "50", "bridge": null, "_key": "0", "ref": null, "access": null, "tunnel": null, "width": null}, "geometry": {"type": "LineString", "coordinates": [[19.109463099999992, 47.43902310000004], [19.109529199999997, 47.43906670000006], [19.1117278, 47.44051720000001], [19.1117594, 47.44053799999999], [19.11179389999999, 47.44056080000001]]}}, {"id": "(230, 246, 0)", "type": "Feature", "properties": {"_status": "original", "osmid": 602, "highway": "tertiary", "lanes": "2", "name": "Szent Imre herceg utca", "oneway": false, "reversed": false, "length": 58.38828099731637, "from": "246", "to": "230", "maxspeed": "50", "bridge": null, "_key": "0", "ref": null, "access": null, "tunnel": null, "width": null}, "geometry": {"type": "LineString", "coordinates": [[19.110016599999994, 47.43865490000003], [19.109708100000002, 47.4388602], [19.109463099999992, 47.43902310000004]]}}, {"id": "(454, 477, 0)", "type": "Feature", "properties": {"_status": "original", "osmid": 613, "highway": "residential", "lanes": "1", "name": "Nagyk\u0151r\u00f6si \u00fat", "oneway": true, "reversed": false, "length": 81.52218354846998, "from": "454", "to": "477", "maxspeed": "50", "bridge": null, "_key": "0", "ref": null, "access": null, "tunnel": null, "width": null}, "geometry": {"type": "LineString", "coordinates": [[19.121638, 47.44951080000003], [19.1224024, 47.44899090000001]]}}, {"id": "(425, 477, 0)", "type": "Feature", "properties": {"_status": "original", "osmid": 616, "highway": "residential", "lanes": null, "name": "Alp\u00e1r utca", "oneway": false, "reversed": false, "length": 243.0207707282475, "from": "425", "to": "477", "maxspeed": "30", "bridge": null, "_key": "0", "ref": null, "access": null, "tunnel": null, "width": null}, "geometry": {"type": "LineString", "coordinates": [[19.120064000000006, 47.44748230000004], [19.1224024, 47.44899090000001]]}}, {"id": "(425, 388, 0)", "type": "Feature", "properties": {"_status": "original", "osmid": 618, "highway": "residential", "lanes": null, "name": "Alp\u00e1r utca", "oneway": false, "reversed": true, "length": 241.8369426783494, "from": "425", "to": "388", "maxspeed": "30", "bridge": null, "_key": "0", "ref": null, "access": null, "tunnel": null, "width": null}, "geometry": {"type": "LineString", "coordinates": [[19.120064000000006, 47.44748230000004], [19.117816000000005, 47.44595780000001], [19.117793100000004, 47.445942300000034]]}}, {"id": "(420, 409, 0)", "type": "Feature", "properties": {"_status": "original", "osmid": 735, "highway": "residential", "lanes": "1", "name": "Nagyk\u0151r\u00f6si \u00fat", "oneway": true, "reversed": false, "length": 59.28861778567123, "from": "409", "to": "420", "maxspeed": "50", "bridge": null, "_key": "0", "ref": null, "access": null, "tunnel": null, "width": null}, "geometry": {"type": "LineString", "coordinates": [[19.1197111, 47.450882200000024], [19.12026209999999, 47.45050079999999]]}}, {"id": "(388, 396, 0)", "type": "Feature", "properties": {"_status": "original", "osmid": 622, "highway": "tertiary", "lanes": "2", "name": "M\u00e1rt\u00edrok \u00fatja", "oneway": false, "reversed": true, "length": 33.29906668929442, "from": "396", "to": "388", "maxspeed": "50", "bridge": null, "_key": "0", "ref": null, "access": null, "tunnel": null, "width": null}, "geometry": {"type": "LineString", "coordinates": [[19.118089799999996, 47.44572000000001], [19.117793100000004, 47.445942300000034]]}}, {"id": "(396, 403, 0)", "type": "Feature", "properties": {"_status": "original", "osmid": 793, "highway": "tertiary", "lanes": "2", "name": "M\u00e1rt\u00edrok \u00fatja", "oneway": false, "reversed": true, "length": 29.806428914841984, "from": "403", "to": "396", "maxspeed": "50", "bridge": null, "_key": "0", "ref": null, "access": null, "tunnel": null, "width": null}, "geometry": {"type": "LineString", "coordinates": [[19.118368199999992, 47.44552920000001], [19.118089799999996, 47.44572000000001]]}}, {"id": "(80, 88, 0)", "type": "Feature", "properties": {"_status": "original", "osmid": 626, "highway": "residential", "lanes": null, "name": "Kende Kanuth utca", "oneway": false, "reversed": false, "length": 59.830409754904494, "from": "88", "to": "80", "maxspeed": "30", "bridge": null, "_key": "0", "ref": null, "access": null, "tunnel": null, "width": null}, "geometry": {"type": "LineString", "coordinates": [[19.103497900000004, 47.4464368], [19.102943599999996, 47.44682280000003]]}}, {"id": "(88, 99, 0)", "type": "Feature", "properties": {"_status": "original", "osmid": 628, "highway": "residential", "lanes": null, "name": "Kende Kanuth utca", "oneway": false, "reversed": true, "length": 58.66047659413289, "from": "88", "to": "99", "maxspeed": "30", "bridge": null, "_key": "0", "ref": null, "access": null, "tunnel": null, "width": null}, "geometry": {"type": "LineString", "coordinates": [[19.103497900000004, 47.4464368], [19.104042500000002, 47.44605910000003]]}}, {"id": "(88, 68, 0)", "type": "Feature", "properties": {"_status": "original", "osmid": 630, "highway": "residential", "lanes": null, "name": "Zr\u00ednyi utca", "oneway": false, "reversed": true, "length": 211.41889063028532, "from": "88", "to": "68", "maxspeed": "30", "bridge": null, "_key": "0", "ref": null, "access": null, "tunnel": null, "width": null}, "geometry": {"type": "LineString", "coordinates": [[19.103497900000004, 47.4464368], [19.1034352, 47.44638960000001], [19.101489499999992, 47.445106500000044]]}}, {"id": "(99, 111, 0)", "type": "Feature", "properties": {"_status": "original", "osmid": 652, "highway": "residential", "lanes": null, "name": "Kende Kanuth utca", "oneway": false, "reversed": true, "length": 59.70554836390423, "from": "99", "to": "111", "maxspeed": "30", "bridge": null, "_key": "0", "ref": null, "access": null, "tunnel": null, "width": null}, "geometry": {"type": "LineString", "coordinates": [[19.104042500000002, 47.44605910000003], [19.104594099999996, 47.44567290000001]]}}, {"id": "(99, 74, 0)", "type": "Feature", "properties": {"_status": "original", "osmid": 663, "highway": "residential", "lanes": null, "name": "Cs\u00e1nyi utca", "oneway": false, "reversed": false, "length": 211.64953869906864, "from": "74", "to": "99", "maxspeed": "30", "bridge": null, "_key": "0", "ref": null, "access": null, "tunnel": null, "width": null}, "geometry": {"type": "LineString", "coordinates": [[19.1020695, 47.44470170000003], [19.104042500000002, 47.44605910000003]]}}, {"id": "(120, 111, 0)", "type": "Feature", "properties": {"_status": "original", "osmid": 654, "highway": "residential", "lanes": null, "name": "E\u00f6tv\u00f6s utca", "oneway": false, "reversed": false, "length": 82.58509185758801, "from": "120", "to": "111", "maxspeed": "30", "bridge": null, "_key": "0", "ref": null, "access": null, "tunnel": null, "width": null}, "geometry": {"type": "LineString", "coordinates": [[19.105387499999996, 47.446186400000045], [19.1046757, 47.44572360000001], [19.104594099999996, 47.44567290000001]]}}, {"id": "(106, 123, 0)", "type": "Feature", "properties": {"_status": "original", "osmid": 634, "highway": "residential", "lanes": null, "name": "R\u00e1k\u00f3czi utca", "oneway": false, "reversed": true, "length": 126.29422537852481, "from": "123", "to": "106", "maxspeed": "30", "bridge": null, "_key": "0", "ref": null, "access": null, "tunnel": null, "width": null}, "geometry": {"type": "LineString", "coordinates": [[19.10530960000001, 47.44517260000004], [19.1041083, 47.44437890000001]]}}, {"id": "(106, 119, 0)", "type": "Feature", "properties": {"_status": "original", "osmid": 635, "highway": "residential", "lanes": null, "name": "Em\u00edlia utca", "oneway": false, "reversed": true, "length": 73.17367237365819, "from": "119", "to": "106", "maxspeed": "30", "bridge": null, "_key": "0", "ref": null, "access": null, "tunnel": null, "width": null}, "geometry": {"type": "LineString", "coordinates": [[19.104792799999995, 47.44391120000003], [19.1041083, 47.44437890000001]]}}, {"id": "(123, 159, 0)", "type": "Feature", "properties": {"_status": "original", "osmid": 638, "highway": "residential", "lanes": null, "name": "R\u00e1k\u00f3czi utca", "oneway": false, "reversed": true, "length": 241.14901979887895, "from": "159", "to": "123", "maxspeed": "30", "bridge": null, "_key": "0", "ref": null, "access": null, "tunnel": null, "width": null}, "geometry": {"type": "LineString", "coordinates": [[19.107633099999994, 47.446667300000044], [19.10530960000001, 47.44517260000004]]}}, {"id": "(123, 111, 0)", "type": "Feature", "properties": {"_status": "original", "osmid": 639, "highway": "residential", "lanes": null, "name": "Kende Kanuth utca", "oneway": false, "reversed": true, "length": 77.39423724442344, "from": "111", "to": "123", "maxspeed": "30", "bridge": null, "_key": "0", "ref": null, "access": null, "tunnel": null, "width": null}, "geometry": {"type": "LineString", "coordinates": [[19.104594099999996, 47.44567290000001], [19.10530960000001, 47.44517260000004]]}}, {"id": "(123, 139, 0)", "type": "Feature", "properties": {"_status": "original", "osmid": 640, "highway": "residential", "lanes": null, "name": "Kende Kanuth utca", "oneway": false, "reversed": false, "length": 84.83875384815785, "from": "139", "to": "123", "maxspeed": "30", "bridge": null, "_key": "0", "ref": null, "access": null, "tunnel": null, "width": null}, "geometry": {"type": "LineString", "coordinates": [[19.106085299999997, 47.444618600000005], [19.10530960000001, 47.44517260000004]]}}, {"id": "(159, 150, 0)", "type": "Feature", "properties": {"_status": "original", "osmid": 649, "highway": "residential", "lanes": "2", "name": "J\u00f3kai M\u00f3r utca", "oneway": false, "reversed": true, "length": 51.21403224675502, "from": "150", "to": "159", "maxspeed": "50", "bridge": null, "_key": "0", "ref": null, "access": null, "tunnel": null, "width": null}, "geometry": {"type": "LineString", "coordinates": [[19.107158000000002, 47.44699730000002], [19.107633099999994, 47.446667300000044]]}}, {"id": "(159, 169, 0)", "type": "Feature", "properties": {"_status": "original", "osmid": 650, "highway": "residential", "lanes": "2", "name": "J\u00f3kai M\u00f3r utca", "oneway": false, "reversed": false, "length": 55.92300835966158, "from": "169", "to": "159", "maxspeed": "50", "bridge": null, "_key": "0", "ref": null, "access": null, "tunnel": null, "width": null}, "geometry": {"type": "LineString", "coordinates": [[19.108141099999994, 47.44630000000002], [19.107633099999994, 47.446667300000044]]}}, {"id": "(159, 201, 0)", "type": "Feature", "properties": {"_status": "original", "osmid": 651, "highway": "residential", "lanes": null, "name": "R\u00e1k\u00f3czi utca", "oneway": false, "reversed": true, "length": 243.60632531595712, "from": "201", "to": "159", "maxspeed": "50", "bridge": null, "_key": "0", "ref": null, "access": null, "tunnel": null, "width": null}, "geometry": {"type": "LineString", "coordinates": [[19.109980299999997, 47.44817590000003], [19.10766619999999, 47.44667920000002], [19.107633099999994, 47.446667300000044]]}}, {"id": "(139, 175, 0)", "type": "Feature", "properties": {"_status": "original", "osmid": 655, "highway": "residential", "lanes": null, "name": "S\u00e1rr\u00e9t utca", "oneway": true, "reversed": false, "length": 240.804764502302, "from": "139", "to": "175", "maxspeed": "30", "bridge": null, "_key": "0", "ref": null, "access": null, "tunnel": null, "width": null}, "geometry": {"type": "LineString", "coordinates": [[19.106085299999997, 47.444618600000005], [19.106154699999994, 47.444660300000045], [19.10846719999999, 47.44606600000005]]}}, {"id": "(139, 153, 0)", "type": "Feature", "properties": {"_status": "original", "osmid": 656, "highway": "residential", "lanes": null, "name": "Kende Kanuth utca", "oneway": false, "reversed": false, "length": 80.7928870291557, "from": "153", "to": "139", "maxspeed": "30", "bridge": null, "_key": "0", "ref": null, "access": null, "tunnel": null, "width": null}, "geometry": {"type": "LineString", "coordinates": [[19.1068317, 47.44409600000005], [19.106085299999997, 47.444618600000005]]}}, {"id": "(141, 156, 0)", "type": "Feature", "properties": {"_status": "original", "osmid": 645, "highway": "residential", "lanes": null, "name": "K\u00e1lm\u00e1n utca", "oneway": false, "reversed": true, "length": 122.005606153891, "from": "156", "to": "141", "maxspeed": "30", "bridge": null, "_key": "0", "ref": null, "access": null, "tunnel": null, "width": null}, "geometry": {"type": "LineString", "coordinates": [[19.1070301, 47.44395060000002], [19.105852899999995, 47.44319560000007]]}}, {"id": "(156, 153, 0)", "type": "Feature", "properties": {"_status": "original", "osmid": 647, "highway": "residential", "lanes": null, "name": "Kende Kanuth utca", "oneway": false, "reversed": true, "length": 22.000170484907365, "from": "153", "to": "156", "maxspeed": "30", "bridge": null, "_key": "0", "ref": null, "access": null, "tunnel": null, "width": null}, "geometry": {"type": "LineString", "coordinates": [[19.1068317, 47.44409600000005], [19.1070301, 47.44395060000002]]}}, {"id": "(156, 164, 0)", "type": "Feature", "properties": {"_status": "original", "osmid": 648, "highway": "residential", "lanes": null, "name": "Kende Kanuth utca", "oneway": false, "reversed": false, "length": 41.143593204098785, "from": "164", "to": "156", "maxspeed": "30", "bridge": null, "_key": "0", "ref": null, "access": null, "tunnel": null, "width": null}, "geometry": {"type": "LineString", "coordinates": [[19.10741429999999, 47.44368730000006], [19.107136499999996, 47.44388280000001], [19.1070301, 47.44395060000002]]}}, {"id": "(153, 193, 0)", "type": "Feature", "properties": {"_status": "original", "osmid": 666, "highway": "residential", "lanes": null, "name": "Korom utca", "oneway": false, "reversed": true, "length": 241.12282591828472, "from": "193", "to": "153", "maxspeed": "30", "bridge": null, "_key": "0", "ref": null, "access": null, "tunnel": null, "width": null}, "geometry": {"type": "LineString", "coordinates": [[19.1091674, 47.44558109999999], [19.107700200000007, 47.44467310000003], [19.10690999999999, 47.44414570000004], [19.1068317, 47.44409600000005]]}}, {"id": "(164, 172, 0)", "type": "Feature", "properties": {"_status": "original", "osmid": 688, "highway": "residential", "lanes": null, "name": "Kende Kanuth utca", "oneway": false, "reversed": false, "length": 42.45378777912647, "from": "172", "to": "164", "maxspeed": "30", "bridge": null, "_key": "0", "ref": null, "access": null, "tunnel": null, "width": null}, "geometry": {"type": "LineString", "coordinates": [[19.1078094, 47.44341460000004], [19.10741429999999, 47.44368730000006]]}}, {"id": "(164, 207, 0)", "type": "Feature", "properties": {"_status": "original", "osmid": 689, "highway": "residential", "lanes": null, "name": "G\u00e1bor utca", "oneway": false, "reversed": true, "length": 240.1413603783584, "from": "207", "to": "164", "maxspeed": "30", "bridge": null, "_key": "0", "ref": null, "access": null, "tunnel": null, "width": null}, "geometry": {"type": "LineString", "coordinates": [[19.109692400000004, 47.44520039999999], [19.1096238, 47.445154499999994], [19.107486999999995, 47.443743], [19.10741429999999, 47.44368730000006]]}}, {"id": "(150, 144, 0)", "type": "Feature", "properties": {"_status": "original", "osmid": 657, "highway": "residential", "lanes": "2", "name": "J\u00f3kai M\u00f3r utca", "oneway": false, "reversed": false, "length": 31.0149475954988, "from": "150", "to": "144", "maxspeed": "50", "bridge": null, "_key": "0", "ref": null, "access": null, "tunnel": null, "width": null}, "geometry": {"type": "LineString", "coordinates": [[19.107158000000002, 47.44699730000002], [19.1068687, 47.447196099999985]]}}, {"id": "(150, 188, 0)", "type": "Feature", "properties": {"_status": "original", "osmid": 658, "highway": "residential", "lanes": null, "name": "J\u00f3zsef Attila utca", "oneway": false, "reversed": false, "length": 244.08587927838502, "from": "188", "to": "150", "maxspeed": "50", "bridge": null, "_key": "0", "ref": null, "access": null, "tunnel": null, "width": null}, "geometry": {"type": "LineString", "coordinates": [[19.109480899999998, 47.44853050000001], [19.107187299999996, 47.447014900000035], [19.107158000000002, 47.44699730000002]]}}, {"id": "(169, 215, 0)", "type": "Feature", "properties": {"_status": "original", "osmid": 659, "highway": "residential", "lanes": null, "name": "Hitel M\u00e1rton utca", "oneway": false, "reversed": true, "length": 244.9537383459803, "from": "169", "to": "215", "maxspeed": "50", "bridge": null, "_key": "0", "ref": null, "access": null, "tunnel": null, "width": null}, "geometry": {"type": "LineString", "coordinates": [[19.108141099999994, 47.44630000000002], [19.10816579999999, 47.446316700000025], [19.1104827, 47.44783140000004]]}}, {"id": "(169, 175, 0)", "type": "Feature", "properties": {"_status": "original", "osmid": 660, "highway": "residential", "lanes": "2", "name": "J\u00f3kai M\u00f3r utca", "oneway": false, "reversed": false, "length": 35.75436273379781, "from": "175", "to": "169", "maxspeed": "50", "bridge": null, "_key": "0", "ref": null, "access": null, "tunnel": null, "width": null}, "geometry": {"type": "LineString", "coordinates": [[19.10846719999999, 47.44606600000005], [19.108141099999994, 47.44630000000002]]}}, {"id": "(201, 215, 0)", "type": "Feature", "properties": {"_status": "original", "osmid": 661, "highway": "residential", "lanes": null, "name": "Ny\u00e1ry P\u00e1l utca", "oneway": false, "reversed": true, "length": 53.8018800933152, "from": "215", "to": "201", "maxspeed": "50", "bridge": null, "_key": "0", "ref": null, "access": null, "tunnel": null, "width": null}, "geometry": {"type": "LineString", "coordinates": [[19.1104827, 47.44783140000004], [19.109980299999997, 47.44817590000003]]}}, {"id": "(201, 199, 0)", "type": "Feature", "properties": {"_status": "original", "osmid": 662, "highway": "residential", "lanes": null, "name": "Ny\u00e1ry P\u00e1l utca", "oneway": false, "reversed": false, "length": 7.225119060903473, "from": "199", "to": "201", "maxspeed": "50", "bridge": null, "_key": "0", "ref": null, "access": null, "tunnel": null, "width": null}, "geometry": {"type": "LineString", "coordinates": [[19.109913799999998, 47.4482228], [19.109980299999997, 47.44817590000003]]}}, {"id": "(175, 185, 0)", "type": "Feature", "properties": {"_status": "original", "osmid": 667, "highway": "residential", "lanes": "2", "name": "J\u00f3kai M\u00f3r utca", "oneway": false, "reversed": false, "length": 48.933421068285085, "from": "185", "to": "175", "maxspeed": "50", "bridge": null, "_key": "0", "ref": null, "access": null, "tunnel": null, "width": null}, "geometry": {"type": "LineString", "coordinates": [[19.1089187, 47.445749099999986], [19.10846719999999, 47.44606600000005]]}}, {"id": "(144, 138, 0)", "type": "Feature", "properties": {"_status": "original", "osmid": 681, "highway": "residential", "lanes": "2", "name": "J\u00f3kai M\u00f3r utca", "oneway": false, "reversed": true, "length": 36.46657694682834, "from": "138", "to": "144", "maxspeed": "50", "bridge": null, "_key": "0", "ref": null, "access": null, "tunnel": null, "width": null}, "geometry": {"type": "LineString", "coordinates": [[19.106545999999994, 47.44744090000004], [19.1068687, 47.447196099999985]]}}, {"id": "(188, 199, 0)", "type": "Feature", "properties": {"_status": "original", "osmid": 670, "highway": "residential", "lanes": null, "name": "Ny\u00e1ry P\u00e1l utca", "oneway": false, "reversed": false, "length": 47.22612643684872, "from": "188", "to": "199", "maxspeed": "50", "bridge": null, "_key": "0", "ref": null, "access": null, "tunnel": null, "width": null}, "geometry": {"type": "LineString", "coordinates": [[19.109480899999998, 47.44853050000001], [19.109913799999998, 47.4482228]]}}, {"id": "(188, 186, 0)", "type": "Feature", "properties": {"_status": "original", "osmid": 677, "highway": "residential", "lanes": null, "name": "Ny\u00e1ry P\u00e1l utca", "oneway": false, "reversed": false, "length": 6.5592619604829006, "from": "186", "to": "188", "maxspeed": "50", "bridge": null, "_key": "0", "ref": null, "access": null, "tunnel": null, "width": null}, "geometry": {"type": "LineString", "coordinates": [[19.1094195, 47.448572400000046], [19.109480899999998, 47.44853050000001]]}}, {"id": "(215, 232, 0)", "type": "Feature", "properties": {"_status": "original", "osmid": 668, "highway": "residential", "lanes": null, "name": "Ny\u00e1ry P\u00e1l utca", "oneway": false, "reversed": true, "length": 55.84921920793577, "from": "232", "to": "215", "maxspeed": "50", "bridge": null, "_key": "0", "ref": null, "access": null, "tunnel": null, "width": null}, "geometry": {"type": "LineString", "coordinates": [[19.110994299999994, 47.44746730000004], [19.1104827, 47.44783140000004]]}}, {"id": "(215, 268, 0)", "type": "Feature", "properties": {"_status": "original", "osmid": 669, "highway": "residential", "lanes": null, "name": "Hitel M\u00e1rton utca", "oneway": false, "reversed": false, "length": 248.4038634035848, "from": "268", "to": "215", "maxspeed": "50", "bridge": null, "_key": "0", "ref": null, "access": null, "tunnel": null, "width": null}, "geometry": {"type": "LineString", "coordinates": [[19.112825099999995, 47.449406599999996], [19.112741900000007, 47.449352400000066], [19.1104827, 47.44783140000004]]}}, {"id": "(199, 251, 0)", "type": "Feature", "properties": {"_status": "original", "osmid": 671, "highway": "residential", "lanes": null, "name": "R\u00e1k\u00f3czi utca", "oneway": false, "reversed": true, "length": 247.61298342565087, "from": "251", "to": "199", "maxspeed": "30", "bridge": null, "_key": "0", "ref": null, "access": null, "tunnel": null, "width": null}, "geometry": {"type": "LineString", "coordinates": [[19.11226239999999, 47.449783400000044], [19.112183100000003, 47.44973220000004], [19.111865999999992, 47.44952750000003], [19.111199799999998, 47.449097500000065], [19.109913799999998, 47.4482228]]}}, {"id": "(193, 198, 0)", "type": "Feature", "properties": {"_status": "original", "osmid": 690, "highway": "residential", "lanes": "2", "name": "J\u00f3kai M\u00f3r utca", "oneway": false, "reversed": true, "length": 24.578783856629627, "from": "193", "to": "198", "maxspeed": "50", "bridge": null, "_key": "0", "ref": null, "access": null, "tunnel": null, "width": null}, "geometry": {"type": "LineString", "coordinates": [[19.1091674, 47.44558109999999], [19.109392599999996, 47.44542089999999]]}}, {"id": "(193, 185, 0)", "type": "Feature", "properties": {"_status": "original", "osmid": 691, "highway": "residential", "lanes": "2", "name": "J\u00f3kai M\u00f3r utca", "oneway": false, "reversed": true, "length": 26.433790791649045, "from": "185", "to": "193", "maxspeed": "50", "bridge": null, "_key": "0", "ref": null, "access": null, "tunnel": null, "width": null}, "geometry": {"type": "LineString", "coordinates": [[19.1089187, 47.445749099999986], [19.1091674, 47.44558109999999]]}}, {"id": "(185, 242, 0)", "type": "Feature", "properties": {"_status": "original", "osmid": 724, "highway": "residential", "lanes": null, "name": "Th\u00f6k\u00f6ly utca", "oneway": false, "reversed": false, "length": 245.0280309580751, "from": "185", "to": "242", "maxspeed": "50", "bridge": null, "_key": "0", "ref": null, "access": null, "tunnel": null, "width": null}, "geometry": {"type": "LineString", "coordinates": [[19.1089187, 47.445749099999986], [19.108946099999994, 47.445766600000006], [19.1112903, 47.447260200000024]]}}, {"id": "(232, 284, 0)", "type": "Feature", "properties": {"_status": "original", "osmid": 672, "highway": "residential", "lanes": null, "name": "Szigligeti utca", "oneway": false, "reversed": true, "length": 248.9080916443802, "from": "232", "to": "284", "maxspeed": "50", "bridge": null, "_key": "0", "ref": null, "access": null, "tunnel": null, "width": null}, "geometry": {"type": "LineString", "coordinates": [[19.110994299999994, 47.44746730000004], [19.113261699999992, 47.449003600000005], [19.113332599999996, 47.44905170000001]]}}, {"id": "(232, 242, 0)", "type": "Feature", "properties": {"_status": "original", "osmid": 673, "highway": "residential", "lanes": null, "name": "Ny\u00e1ry P\u00e1l utca", "oneway": false, "reversed": true, "length": 32.02736576216887, "from": "242", "to": "232", "maxspeed": "50", "bridge": null, "_key": "0", "ref": null, "access": null, "tunnel": null, "width": null}, "geometry": {"type": "LineString", "coordinates": [[19.1112903, 47.447260200000024], [19.110994299999994, 47.44746730000004]]}}, {"id": "(268, 251, 0)", "type": "Feature", "properties": {"_status": "original", "osmid": 674, "highway": "tertiary", "lanes": "2", "name": "M\u00e1rt\u00edrok \u00fatja", "oneway": false, "reversed": true, "length": 59.54632010658273, "from": "268", "to": "251", "maxspeed": null, "bridge": null, "_key": "0", "ref": null, "access": null, "tunnel": null, "width": null}, "geometry": {"type": "LineString", "coordinates": [[19.112825099999995, 47.449406599999996], [19.11226239999999, 47.449783400000044]]}}, {"id": "(268, 284, 0)", "type": "Feature", "properties": {"_status": "original", "osmid": 675, "highway": "tertiary", "lanes": "2", "name": "M\u00e1rt\u00edrok \u00fatja", "oneway": false, "reversed": true, "length": 54.89656983938564, "from": "284", "to": "268", "maxspeed": null, "bridge": null, "_key": "0", "ref": null, "access": null, "tunnel": null, "width": null}, "geometry": {"type": "LineString", "coordinates": [[19.113332599999996, 47.44905170000001], [19.112825099999995, 47.449406599999996]]}}, {"id": "(268, 316, 0)", "type": "Feature", "properties": {"_status": "original", "osmid": 676, "highway": "residential", "lanes": null, "name": "Hitel M\u00e1rton utca", "oneway": false, "reversed": false, "length": 242.95328186617076, "from": "316", "to": "268", "maxspeed": "30", "bridge": null, "_key": "0", "ref": null, "access": null, "tunnel": null, "width": null}, "geometry": {"type": "LineString", "coordinates": [[19.115143700000004, 47.45092830000007], [19.112912999999992, 47.4494643], [19.112825099999995, 47.449406599999996]]}}, {"id": "(251, 241, 0)", "type": "Feature", "properties": {"_status": "original", "osmid": 678, "highway": "tertiary", "lanes": "2", "name": "M\u00e1rt\u00edrok \u00fatja", "oneway": false, "reversed": true, "length": 52.24012979685455, "from": "251", "to": "241", "maxspeed": null, "bridge": null, "_key": "0", "ref": null, "access": null, "tunnel": null, "width": null}, "geometry": {"type": "LineString", "coordinates": [[19.11226239999999, 47.449783400000044], [19.111778799999993, 47.45012070000004]]}}, {"id": "(251, 301, 0)", "type": "Feature", "properties": {"_status": "original", "osmid": 679, "highway": "residential", "lanes": null, "name": "R\u00e1k\u00f3czi utca", "oneway": false, "reversed": true, "length": 242.74572114937587, "from": "301", "to": "251", "maxspeed": "30", "bridge": null, "_key": "0", "ref": null, "access": null, "tunnel": null, "width": null}, "geometry": {"type": "LineString", "coordinates": [[19.114600500000005, 47.451288700000035], [19.112380099999992, 47.44985920000005], [19.11226239999999, 47.449783400000044]]}}, {"id": "(284, 329, 0)", "type": "Feature", "properties": {"_status": "original", "osmid": 714, "highway": "residential", "lanes": null, "name": "Szigligeti utca", "oneway": false, "reversed": false, "length": 242.29974652409697, "from": "329", "to": "284", "maxspeed": "30", "bridge": null, "_key": "0", "ref": null, "access": null, "tunnel": null, "width": null}, "geometry": {"type": "LineString", "coordinates": [[19.115635299999997, 47.45057600000005], [19.1134059, 47.449100199999975], [19.113332599999996, 47.44905170000001]]}}, {"id": "(284, 299, 0)", "type": "Feature", "properties": {"_status": "original", "osmid": 715, "highway": "tertiary", "lanes": "2", "name": "M\u00e1rt\u00edrok \u00fatja", "oneway": false, "reversed": true, "length": 69.63786615930684, "from": "299", "to": "284", "maxspeed": null, "bridge": null, "_key": "0", "ref": null, "access": null, "tunnel": null, "width": null}, "geometry": {"type": "LineString", "coordinates": [[19.113971599999996, 47.44859840000002], [19.113332599999996, 47.44905170000001]]}}, {"id": "(242, 250, 0)", "type": "Feature", "properties": {"_status": "original", "osmid": 725, "highway": "residential", "lanes": null, "name": "Ny\u00e1ry P\u00e1l utca", "oneway": false, "reversed": true, "length": 46.484775522019305, "from": "250", "to": "242", "maxspeed": "50", "bridge": null, "_key": "0", "ref": null, "access": null, "tunnel": null, "width": null}, "geometry": {"type": "LineString", "coordinates": [[19.111715100000005, 47.44695649999999], [19.1112903, 47.447260200000024]]}}, {"id": "(316, 301, 0)", "type": "Feature", "properties": {"_status": "original", "osmid": 711, "highway": "residential", "lanes": null, "name": "K\u00f6teles utca", "oneway": false, "reversed": true, "length": 57.22105567152466, "from": "316", "to": "301", "maxspeed": "30", "bridge": null, "_key": "0", "ref": null, "access": null, "tunnel": null, "width": null}, "geometry": {"type": "LineString", "coordinates": [[19.115143700000004, 47.45092830000007], [19.114600500000005, 47.451288700000035]]}}, {"id": "(316, 360, 0)", "type": "Feature", "properties": {"_status": "original", "osmid": 713, "highway": "residential", "lanes": null, "name": "Hitel M\u00e1rton utca", "oneway": false, "reversed": true, "length": 243.28413857562188, "from": "316", "to": "360", "maxspeed": "30", "bridge": null, "_key": "0", "ref": null, "access": null, "tunnel": null, "width": null}, "geometry": {"type": "LineString", "coordinates": [[19.115143700000004, 47.45092830000007], [19.117376500000006, 47.452417300000036], [19.1174474, 47.45246460000005]]}}, {"id": "(316, 329, 0)", "type": "Feature", "properties": {"_status": "original", "osmid": 716, "highway": "residential", "lanes": null, "name": "K\u00f6teles utca", "oneway": false, "reversed": true, "length": 53.860909592156624, "from": "329", "to": "316", "maxspeed": "30", "bridge": null, "_key": "0", "ref": null, "access": null, "tunnel": null, "width": null}, "geometry": {"type": "LineString", "coordinates": [[19.115635299999997, 47.45057600000005], [19.115143700000004, 47.45092830000007]]}}, {"id": "(186, 176, 0)", "type": "Feature", "properties": {"_status": "original", "osmid": 701, "highway": "residential", "lanes": null, "name": "Ny\u00e1ry P\u00e1l utca", "oneway": false, "reversed": true, "length": 48.6827475460978, "from": "186", "to": "176", "maxspeed": "50", "bridge": null, "_key": "0", "ref": null, "access": null, "tunnel": null, "width": null}, "geometry": {"type": "LineString", "coordinates": [[19.1094195, 47.448572400000046], [19.1089691, 47.44888690000001]]}}, {"id": "(186, 241, 0)", "type": "Feature", "properties": {"_status": "original", "osmid": 703, "highway": "residential", "lanes": null, "name": "J\u00f3zsef Attila utca", "oneway": false, "reversed": true, "length": 247.2121396544415, "from": "241", "to": "186", "maxspeed": "50", "bridge": null, "_key": "0", "ref": null, "access": null, "tunnel": null, "width": null}, "geometry": {"type": "LineString", "coordinates": [[19.111778799999993, 47.45012070000004], [19.111712399999995, 47.45007839999999], [19.1094195, 47.448572400000046]]}}, {"id": "(241, 234, 0)", "type": "Feature", "properties": {"_status": "original", "osmid": 706, "highway": "tertiary", "lanes": "2", "name": "M\u00e1rt\u00edrok \u00fatja", "oneway": false, "reversed": true, "length": 16.703416390309197, "from": "241", "to": "234", "maxspeed": null, "bridge": null, "_key": "0", "ref": null, "access": null, "tunnel": null, "width": null}, "geometry": {"type": "LineString", "coordinates": [[19.111778799999993, 47.45012070000004], [19.111621399999997, 47.45022670000006]]}}, {"id": "(138, 173, 0)", "type": "Feature", "properties": {"_status": "original", "osmid": 683, "highway": "residential", "lanes": null, "name": "Honv\u00e9d utca", "oneway": false, "reversed": true, "length": 242.65037484514605, "from": "173", "to": "138", "maxspeed": "50", "bridge": null, "_key": "0", "ref": null, "access": null, "tunnel": null, "width": null}, "geometry": {"type": "LineString", "coordinates": [[19.10885729999999, 47.44896370000005], [19.106566299999997, 47.447453600000046], [19.106545999999994, 47.44744090000004]]}}, {"id": "(173, 165, 0)", "type": "Feature", "properties": {"_status": "original", "osmid": 685, "highway": "residential", "lanes": null, "name": "Ny\u00e1ry P\u00e1l utca", "oneway": false, "reversed": true, "length": 42.443295049482224, "from": "173", "to": "165", "maxspeed": "50", "bridge": null, "_key": "0", "ref": null, "access": null, "tunnel": null, "width": null}, "geometry": {"type": "LineString", "coordinates": [[19.10885729999999, 47.44896370000005], [19.108472099999993, 47.44924270000003]]}}, {"id": "(173, 176, 0)", "type": "Feature", "properties": {"_status": "original", "osmid": 686, "highway": "residential", "lanes": null, "name": "Ny\u00e1ry P\u00e1l utca", "oneway": false, "reversed": true, "length": 11.983441232988927, "from": "176", "to": "173", "maxspeed": "50", "bridge": null, "_key": "0", "ref": null, "access": null, "tunnel": null, "width": null}, "geometry": {"type": "LineString", "coordinates": [[19.1089691, 47.44888690000001], [19.10885729999999, 47.44896370000005]]}}, {"id": "(162, 165, 0)", "type": "Feature", "properties": {"_status": "original", "osmid": 698, "highway": "residential", "lanes": null, "name": "Ny\u00e1ry P\u00e1l utca", "oneway": false, "reversed": true, "length": 25.743636123950246, "from": "165", "to": "162", "maxspeed": "50", "bridge": null, "_key": "0", "ref": null, "access": null, "tunnel": null, "width": null}, "geometry": {"type": "LineString", "coordinates": [[19.108472099999993, 47.44924270000003], [19.108230299999995, 47.449406599999996]]}}, {"id": "(176, 225, 0)", "type": "Feature", "properties": {"_status": "original", "osmid": 702, "highway": "residential", "lanes": null, "name": "Peterdy utca", "oneway": false, "reversed": true, "length": 247.15766287013489, "from": "225", "to": "176", "maxspeed": "50", "bridge": null, "_key": "0", "ref": null, "access": null, "tunnel": null, "width": null}, "geometry": {"type": "LineString", "coordinates": [[19.1113231, 47.4504382], [19.1112619, 47.45039850000002], [19.1089691, 47.44888690000001]]}}, {"id": "(207, 213, 0)", "type": "Feature", "properties": {"_status": "original", "osmid": 693, "highway": "residential", "lanes": "2", "name": "J\u00f3kai M\u00f3r utca", "oneway": false, "reversed": true, "length": 23.62404002909805, "from": "207", "to": "213", "maxspeed": "50", "bridge": null, "_key": "0", "ref": null, "access": null, "tunnel": null, "width": null}, "geometry": {"type": "LineString", "coordinates": [[19.109692400000004, 47.44520039999999], [19.1099159, 47.44505110000002]]}}, {"id": "(207, 198, 0)", "type": "Feature", "properties": {"_status": "original", "osmid": 694, "highway": "residential", "lanes": "2", "name": "J\u00f3kai M\u00f3r utca", "oneway": false, "reversed": true, "length": 33.30825692564909, "from": "198", "to": "207", "maxspeed": "50", "bridge": null, "_key": "0", "ref": null, "access": null, "tunnel": null, "width": null}, "geometry": {"type": "LineString", "coordinates": [[19.109392599999996, 47.44542089999999], [19.109692400000004, 47.44520039999999]]}}, {"id": "(198, 250, 0)", "type": "Feature", "properties": {"_status": "original", "osmid": 733, "highway": "residential", "lanes": null, "name": "Munk\u00e1csy Mih\u00e1ly utca", "oneway": false, "reversed": true, "length": 244.2602712082313, "from": "250", "to": "198", "maxspeed": "50", "bridge": null, "_key": "0", "ref": null, "access": null, "tunnel": null, "width": null}, "geometry": {"type": "LineString", "coordinates": [[19.111715100000005, 47.44695649999999], [19.109483899999994, 47.44548490000001], [19.109410999999994, 47.44543540000003], [19.109392599999996, 47.44542089999999]]}}, {"id": "(213, 221, 0)", "type": "Feature", "properties": {"_status": "original", "osmid": 741, "highway": "residential", "lanes": "2", "name": "J\u00f3kai M\u00f3r utca", "oneway": false, "reversed": false, "length": 36.68833282617345, "from": "221", "to": "213", "maxspeed": "50", "bridge": null, "_key": "0", "ref": null, "access": null, "tunnel": null, "width": null}, "geometry": {"type": "LineString", "coordinates": [[19.110251, 47.44481130000005], [19.1099159, 47.44505110000002]]}}, {"id": "(225, 234, 0)", "type": "Feature", "properties": {"_status": "original", "osmid": 705, "highway": "tertiary", "lanes": "2", "name": "M\u00e1rt\u00edrok \u00fatja", "oneway": false, "reversed": true, "length": 32.49919738472754, "from": "234", "to": "225", "maxspeed": null, "bridge": null, "_key": "0", "ref": null, "access": null, "tunnel": null, "width": null}, "geometry": {"type": "LineString", "coordinates": [[19.111621399999997, 47.45022670000006], [19.1113231, 47.4504382]]}}, {"id": "(360, 371, 0)", "type": "Feature", "properties": {"_status": "original", "osmid": 712, "highway": "residential", "lanes": "1", "name": "Nagyk\u0151r\u00f6si \u00fat", "oneway": true, "reversed": false, "length": 57.2090041241021, "from": "360", "to": "371", "maxspeed": "50", "bridge": null, "_key": "0", "ref": null, "access": null, "tunnel": null, "width": null}, "geometry": {"type": "LineString", "coordinates": [[19.1174474, 47.45246460000005], [19.11797729999999, 47.45209540000003]]}}, {"id": "(371, 387, 0)", "type": "Feature", "properties": {"_status": "original", "osmid": 717, "highway": "residential", "lanes": "1", "name": "Nagyk\u0151r\u00f6si \u00fat", "oneway": true, "reversed": false, "length": 70.2141620154669, "from": "371", "to": "387", "maxspeed": "50", "bridge": null, "_key": "0", "ref": null, "access": null, "tunnel": null, "width": null}, "geometry": {"type": "LineString", "coordinates": [[19.11797729999999, 47.45209540000003], [19.1186277, 47.45164230000004]]}}, {"id": "(371, 329, 0)", "type": "Feature", "properties": {"_status": "original", "osmid": 718, "highway": "residential", "lanes": null, "name": "Szigligeti utca", "oneway": false, "reversed": true, "length": 244.03905214430864, "from": "329", "to": "371", "maxspeed": "30", "bridge": null, "_key": "0", "ref": null, "access": null, "tunnel": null, "width": null}, "geometry": {"type": "LineString", "coordinates": [[19.115635299999997, 47.45057600000005], [19.11797729999999, 47.45209540000003]]}}, {"id": "(329, 342, 0)", "type": "Feature", "properties": {"_status": "original", "osmid": 719, "highway": "residential", "lanes": null, "name": "K\u00f6teles utca", "oneway": false, "reversed": true, "length": 72.06185375100728, "from": "342", "to": "329", "maxspeed": "30", "bridge": null, "_key": "0", "ref": null, "access": null, "tunnel": null, "width": null}, "geometry": {"type": "LineString", "coordinates": [[19.11631199999999, 47.45011710000002], [19.115635299999997, 47.45057600000005]]}}, {"id": "(299, 342, 0)", "type": "Feature", "properties": {"_status": "original", "osmid": 722, "highway": "residential", "lanes": null, "name": "Aradi utca", "oneway": false, "reversed": true, "length": 243.90312832325097, "from": "299", "to": "342", "maxspeed": "30", "bridge": null, "_key": "0", "ref": null, "access": null, "tunnel": null, "width": null}, "geometry": {"type": "LineString", "coordinates": [[19.113971599999996, 47.44859840000002], [19.114039699999996, 47.4486426], [19.11631199999999, 47.45011710000002]]}}, {"id": "(299, 300, 0)", "type": "Feature", "properties": {"_status": "original", "osmid": 723, "highway": "tertiary", "lanes": "2", "name": "M\u00e1rt\u00edrok \u00fatja", "oneway": false, "reversed": true, "length": 11.667571157370647, "from": "300", "to": "299", "maxspeed": null, "bridge": null, "_key": "0", "ref": null, "access": null, "tunnel": null, "width": null}, "geometry": {"type": "LineString", "coordinates": [[19.114079199999995, 47.44852280000005], [19.113971599999996, 47.44859840000002]]}}, {"id": "(387, 401, 0)", "type": "Feature", "properties": {"_status": "original", "osmid": 720, "highway": "residential", "lanes": "1", "name": "Nagyk\u0151r\u00f6si \u00fat", "oneway": true, "reversed": false, "length": 63.261970305966514, "from": "387", "to": "401", "maxspeed": "50", "bridge": null, "_key": "0", "ref": null, "access": null, "tunnel": null, "width": null}, "geometry": {"type": "LineString", "coordinates": [[19.1186277, 47.45164230000004], [19.119213600000002, 47.45123400000003]]}}, {"id": "(387, 342, 0)", "type": "Feature", "properties": {"_status": "original", "osmid": 721, "highway": "residential", "lanes": null, "name": "Aradi utca", "oneway": false, "reversed": true, "length": 243.06654113694657, "from": "342", "to": "387", "maxspeed": "30", "bridge": null, "_key": "0", "ref": null, "access": null, "tunnel": null, "width": null}, "geometry": {"type": "LineString", "coordinates": [[19.11631199999999, 47.45011710000002], [19.1186277, 47.45164230000004]]}}, {"id": "(342, 359, 0)", "type": "Feature", "properties": {"_status": "original", "osmid": 726, "highway": "residential", "lanes": null, "name": "K\u00f6teles utca", "oneway": false, "reversed": true, "length": 62.957369684382556, "from": "359", "to": "342", "maxspeed": "30", "bridge": null, "_key": "0", "ref": null, "access": null, "tunnel": null, "width": null}, "geometry": {"type": "LineString", "coordinates": [[19.116900400000006, 47.449714300000025], [19.11631199999999, 47.45011710000002]]}}, {"id": "(401, 409, 0)", "type": "Feature", "properties": {"_status": "original", "osmid": 727, "highway": "residential", "lanes": "1", "name": "Nagyk\u0151r\u00f6si \u00fat", "oneway": true, "reversed": false, "length": 54.125993092195344, "from": "401", "to": "409", "maxspeed": "50", "bridge": null, "_key": "0", "ref": null, "access": null, "tunnel": null, "width": null}, "geometry": {"type": "LineString", "coordinates": [[19.119213600000002, 47.45123400000003], [19.1197111, 47.450882200000024]]}}, {"id": "(401, 359, 0)", "type": "Feature", "properties": {"_status": "original", "osmid": 728, "highway": "residential", "lanes": null, "name": "Val\u00e9ria utca", "oneway": false, "reversed": true, "length": 242.50632220515052, "from": "359", "to": "401", "maxspeed": "30", "bridge": null, "_key": "0", "ref": null, "access": null, "tunnel": null, "width": null}, "geometry": {"type": "LineString", "coordinates": [[19.116900400000006, 47.449714300000025], [19.119213600000002, 47.45123400000003]]}}, {"id": "(300, 250, 0)", "type": "Feature", "properties": {"_status": "original", "osmid": 731, "highway": "residential", "lanes": null, "name": "Munk\u00e1csy Mih\u00e1ly utca", "oneway": false, "reversed": false, "length": 248.87166078207275, "from": "250", "to": "300", "maxspeed": "50", "bridge": null, "_key": "0", "ref": null, "access": null, "tunnel": null, "width": null}, "geometry": {"type": "LineString", "coordinates": [[19.111715100000005, 47.44695649999999], [19.1140137, 47.44848060000003], [19.114079199999995, 47.44852280000005]]}}, {"id": "(300, 313, 0)", "type": "Feature", "properties": {"_status": "original", "osmid": 734, "highway": "tertiary", "lanes": "2", "name": "M\u00e1rt\u00edrok \u00fatja", "oneway": false, "reversed": true, "length": 50.246672091048175, "from": "313", "to": "300", "maxspeed": null, "bridge": null, "_key": "0", "ref": null, "access": null, "tunnel": null, "width": null}, "geometry": {"type": "LineString", "coordinates": [[19.114537099999993, 47.44819370000002], [19.114079199999995, 47.44852280000005]]}}, {"id": "(359, 369, 0)", "type": "Feature", "properties": {"_status": "original", "osmid": 729, "highway": "residential", "lanes": null, "name": "K\u00f6teles utca", "oneway": false, "reversed": true, "length": 54.84736969901144, "from": "369", "to": "359", "maxspeed": "30", "bridge": null, "_key": "0", "ref": null, "access": null, "tunnel": null, "width": null}, "geometry": {"type": "LineString", "coordinates": [[19.1173928, 47.449350400000014], [19.116900400000006, 47.449714300000025]]}}, {"id": "(359, 313, 0)", "type": "Feature", "properties": {"_status": "original", "osmid": 730, "highway": "residential", "lanes": null, "name": "Val\u00e9ria utca", "oneway": false, "reversed": true, "length": 245.29506067460008, "from": "313", "to": "359", "maxspeed": "30", "bridge": null, "_key": "0", "ref": null, "access": null, "tunnel": null, "width": null}, "geometry": {"type": "LineString", "coordinates": [[19.114537099999993, 47.44819370000002], [19.116900400000006, 47.449714300000025]]}}, {"id": "(409, 369, 0)", "type": "Feature", "properties": {"_status": "original", "osmid": 736, "highway": "residential", "lanes": null, "name": "Albert utca", "oneway": false, "reversed": true, "length": 243.7207660988891, "from": "369", "to": "409", "maxspeed": "30", "bridge": null, "_key": "0", "ref": null, "access": null, "tunnel": null, "width": null}, "geometry": {"type": "LineString", "coordinates": [[19.1173928, 47.449350400000014], [19.1197111, 47.450882200000024]]}}, {"id": "(313, 315, 0)", "type": "Feature", "properties": {"_status": "original", "osmid": 739, "highway": "tertiary", "lanes": "2", "name": "M\u00e1rt\u00edrok \u00fatja", "oneway": false, "reversed": true, "length": 5.247410283650937, "from": "315", "to": "313", "maxspeed": null, "bridge": null, "_key": "0", "ref": null, "access": null, "tunnel": null, "width": null}, "geometry": {"type": "LineString", "coordinates": [[19.1145861, 47.44816010000005], [19.114537099999993, 47.44819370000002]]}}, {"id": "(22, 25, 0)", "type": "Feature", "properties": {"_status": "original", "osmid": 747, "highway": "residential", "lanes": null, "name": "K\u00f6zm\u0171helytelep utca", "oneway": false, "reversed": false, "length": 50.844467725932866, "from": "22", "to": "25", "maxspeed": "30", "bridge": null, "_key": "0", "ref": null, "access": null, "tunnel": null, "width": null}, "geometry": {"type": "LineString", "coordinates": [[19.092931199999995, 47.43568920000003], [19.093294000000004, 47.435342800000036], [19.093322000000004, 47.435316100000044]]}}, {"id": "(25, 35, 0)", "type": "Feature", "properties": {"_status": "original", "osmid": 749, "highway": "residential", "lanes": null, "name": ["Ser\u00e9ny utca", "T\u00e9glagy\u00e1rt\u00f3 utca"], "oneway": false, "reversed": true, "length": 117.35075463739096, "from": "35", "to": "25", "maxspeed": null, "bridge": null, "_key": "0", "ref": null, "access": null, "tunnel": null, "width": null}, "geometry": {"type": "LineString", "coordinates": [[19.0946455, 47.43587470000002], [19.094525299999994, 47.435829700000035], [19.0937606, 47.43550329999999], [19.093322000000004, 47.435316100000044]]}}, {"id": "(25, 23, 0)", "type": "Feature", "properties": {"_status": "original", "osmid": 750, "highway": "residential", "lanes": null, "name": "T\u00e9glagy\u00e1r t\u00e9r", "oneway": true, "reversed": false, "length": 42.671665803011045, "from": "23", "to": "25", "maxspeed": "30", "bridge": null, "_key": "0", "ref": null, "access": null, "tunnel": null, "width": null}, "geometry": {"type": "LineString", "coordinates": [[19.092872799999995, 47.43508170000002], [19.093322000000004, 47.435316100000044]]}}, {"id": "(23, 24, 0)", "type": "Feature", "properties": {"_status": "original", "osmid": 752, "highway": "residential", "lanes": null, "name": "T\u00e9glagy\u00e1r t\u00e9r", "oneway": true, "reversed": false, "length": 112.058744241179, "from": "24", "to": "23", "maxspeed": null, "bridge": null, "_key": "0", "ref": null, "access": null, "tunnel": null, "width": null}, "geometry": {"type": "LineString", "coordinates": [[19.092761999999993, 47.43411960000003], [19.092751699999994, 47.434141000000025], [19.092737200000002, 47.43416710000002], [19.09259599999999, 47.434494900000054], [19.092602900000003, 47.434509800000015], [19.092872799999995, 47.43508170000002]]}}, {"id": "(23, 13, 0)", "type": "Feature", "properties": {"_status": "original", "osmid": 753, "highway": "residential", "lanes": "1", "name": "T\u00e9glagy\u00e1r t\u00e9r", "oneway": false, "reversed": false, "length": 105.6700102085097, "from": "13", "to": "23", "maxspeed": null, "bridge": null, "_key": "0", "ref": null, "access": null, "tunnel": null, "width": null}, "geometry": {"type": "LineString", "coordinates": [[19.091791699999995, 47.43460710000004], [19.091836400000002, 47.434788900000044], [19.091874300000008, 47.434816800000036], [19.0919772, 47.434850100000034], [19.092037399999995, 47.43486840000003], [19.092712299999995, 47.43501780000004], [19.092872799999995, 47.43508170000002]]}}, {"id": "(27, 24, 0)", "type": "Feature", "properties": {"_status": "original", "osmid": 754, "highway": "residential", "lanes": null, "name": "Zam\u00e1rdi utca", "oneway": true, "reversed": false, "length": 55.3655110500843, "from": "27", "to": "24", "maxspeed": null, "bridge": null, "_key": "0", "ref": null, "access": null, "tunnel": null, "width": null}, "geometry": {"type": "LineString", "coordinates": [[19.093466400000004, 47.434264100000064], [19.092879199999988, 47.43414330000005], [19.092808799999993, 47.43412880000002], [19.092761999999993, 47.43411960000003]]}}, {"id": "(24, 18, 0)", "type": "Feature", "properties": {"_status": "original", "osmid": 760, "highway": "residential", "lanes": null, "name": "Zam\u00e1rdi utca", "oneway": false, "reversed": true, "length": 32.3146243543334, "from": "18", "to": "24", "maxspeed": null, "bridge": null, "_key": "0", "ref": null, "access": null, "tunnel": null, "width": null}, "geometry": {"type": "LineString", "coordinates": [[19.0923572, 47.4340223], [19.0926963, 47.43410260000002], [19.092761999999993, 47.43411960000003]]}}, {"id": "(24, 28, 0)", "type": "Feature", "properties": {"_status": "original", "osmid": 761, "highway": "residential", "lanes": null, "name": "T\u00e9glagy\u00e1rt\u00f3 utca", "oneway": true, "reversed": false, "length": 128.01539890072402, "from": "28", "to": "24", "maxspeed": null, "bridge": null, "_key": "0", "ref": null, "access": null, "tunnel": null, "width": null}, "geometry": {"type": "LineString", "coordinates": [[19.093301799999995, 47.43302780000004], [19.09328749999999, 47.4330607], [19.092787999999995, 47.4340661], [19.092773099999995, 47.4340961], [19.092761999999993, 47.43411960000003]]}}, {"id": "(18, 15, 0)", "type": "Feature", "properties": {"_status": "original", "osmid": 763, "highway": "residential", "lanes": null, "name": "Zam\u00e1rdi utca", "oneway": false, "reversed": true, "length": 30.720892673795408, "from": "15", "to": "18", "maxspeed": null, "bridge": null, "_key": "0", "ref": null, "access": null, "tunnel": null, "width": null}, "geometry": {"type": "LineString", "coordinates": [[19.091971199999993, 47.433931999999984], [19.0923572, 47.4340223]]}}, {"id": "(18, 15, 1)", "type": "Feature", "properties": {"_status": "original", "osmid": 764, "highway": "living_street", "lanes": null, "name": null, "oneway": false, "reversed": false, "length": 124.19027289075227, "from": "15", "to": "18", "maxspeed": null, "bridge": null, "_key": "1", "ref": null, "access": null, "tunnel": null, "width": null}, "geometry": {"type": "LineString", "coordinates": [[19.091971199999993, 47.433931999999984], [19.09195860000001, 47.43395990000005], [19.09194099999999, 47.43399910000003], [19.0917957, 47.434322300000055], [19.0918011, 47.43436949999999], [19.091833099999988, 47.43439890000003], [19.0918714, 47.43442110000005], [19.0921441, 47.43439200000003], [19.092180799999998, 47.434379100000065], [19.092337499999996, 47.43406210000003], [19.0923443, 47.4340485], [19.0923572, 47.4340223]]}}, {"id": "(28, 31, 0)", "type": "Feature", "properties": {"_status": "original", "osmid": 765, "highway": "residential", "lanes": null, "name": "T\u00e9glagy\u00e1rt\u00f3 utca", "oneway": false, "reversed": false, "length": 30.28586181946834, "from": "31", "to": "28", "maxspeed": null, "bridge": null, "_key": "0", "ref": null, "access": null, "tunnel": null, "width": null}, "geometry": {"type": "LineString", "coordinates": [[19.0934174, 47.4327669], [19.093301799999995, 47.43302780000004]]}}, {"id": "(28, 20, 0)", "type": "Feature", "properties": {"_status": "original", "osmid": 766, "highway": "residential", "lanes": null, "name": "T\u00e9gla\u00e9get\u0151 utca", "oneway": true, "reversed": false, "length": 74.06096174071558, "from": "20", "to": "28", "maxspeed": null, "bridge": null, "_key": "0", "ref": null, "access": null, "tunnel": null, "width": null}, "geometry": {"type": "LineString", "coordinates": [[19.092354699999994, 47.43284670000005], [19.092457599999996, 47.43286860000006], [19.093260399999995, 47.43302369999997], [19.093301799999995, 47.43302780000004]]}}, {"id": "(31, 32, 0)", "type": "Feature", "properties": {"_status": "original", "osmid": 768, "highway": "residential", "lanes": null, "name": "T\u00e9glagy\u00e1rt\u00f3 utca", "oneway": false, "reversed": false, "length": 48.262027184064365, "from": "32", "to": "31", "maxspeed": null, "bridge": null, "_key": "0", "ref": null, "access": null, "tunnel": null, "width": null}, "geometry": {"type": "LineString", "coordinates": [[19.093598800000006, 47.432350800000044], [19.093531299999988, 47.432522100000035], [19.093495100000002, 47.432588700000046], [19.0934174, 47.4327669]]}}, {"id": "(31, 30, 0)", "type": "Feature", "properties": {"_status": "original", "osmid": 770, "highway": "residential", "lanes": null, "name": null, "oneway": false, "reversed": false, "length": 8.530540360608954, "from": "30", "to": "31", "maxspeed": null, "bridge": null, "_key": "0", "ref": null, "access": null, "tunnel": null, "width": null}, "geometry": {"type": "LineString", "coordinates": [[19.09330929999999, 47.43274370000006], [19.093365499999997, 47.43275580000002], [19.0934174, 47.4327669]]}}, {"id": "(20, 12, 0)", "type": "Feature", "properties": {"_status": "original", "osmid": 772, "highway": "residential", "lanes": null, "name": "T\u00e9gla\u00e9get\u0151 utca", "oneway": false, "reversed": true, "length": 74.65056120829873, "from": "12", "to": "20", "maxspeed": "50", "bridge": null, "_key": "0", "ref": null, "access": null, "tunnel": null, "width": null}, "geometry": {"type": "LineString", "coordinates": [[19.091416199999998, 47.43266510000004], [19.091519, 47.43264710000004], [19.092354699999994, 47.43284670000005]]}}, {"id": "(32, 37, 0)", "type": "Feature", "properties": {"_status": "original", "osmid": 773, "highway": "residential", "lanes": null, "name": "T\u00e9glagy\u00e1rt\u00f3 utca", "oneway": false, "reversed": true, "length": 112.9527035625588, "from": "32", "to": "37", "maxspeed": null, "bridge": null, "_key": "0", "ref": null, "access": null, "tunnel": null, "width": null}, "geometry": {"type": "LineString", "coordinates": [[19.093598800000006, 47.432350800000044], [19.093762900000005, 47.43197010000002], [19.093796000000005, 47.43189340000002], [19.093814, 47.431851600000016], [19.0938637, 47.43173620000001], [19.093917799999996, 47.43161070000006], [19.094007799999993, 47.431373500000056]]}}, {"id": "(32, 16, 0)", "type": "Feature", "properties": {"_status": "original", "osmid": 774, "highway": "pedestrian", "lanes": null, "name": "V\u00edzisport utca", "oneway": false, "reversed": false, "length": 135.8951398095769, "from": "16", "to": "32", "maxspeed": null, "bridge": null, "_key": "0", "ref": null, "access": null, "tunnel": null, "width": null}, "geometry": {"type": "LineString", "coordinates": [[19.0918669, 47.432002900000036], [19.093457799999996, 47.432323300000036], [19.093530699999995, 47.432337500000024], [19.093598800000006, 47.432350800000044]]}}, {"id": "(219, 236, 0)", "type": "Feature", "properties": {"_status": "original", "osmid": 870, "highway": "residential", "lanes": null, "name": "V\u00f6r\u00f6smarty utca", "oneway": false, "reversed": false, "length": 72.90778156006412, "from": "219", "to": "236", "maxspeed": null, "bridge": null, "_key": "0", "ref": null, "access": null, "tunnel": null, "width": null}, "geometry": {"type": "LineString", "coordinates": [[19.1077912, 47.43196680000006], [19.1083748, 47.43144330000003]]}}, {"id": "(208, 270, 0)", "type": "Feature", "properties": {"_status": "original", "osmid": 868, "highway": "residential", "lanes": null, "name": "Baba utca", "oneway": false, "reversed": false, "length": 265.00971871345695, "from": "208", "to": "270", "maxspeed": null, "bridge": null, "_key": "0", "ref": null, "access": null, "tunnel": null, "width": null}, "geometry": {"type": "LineString", "coordinates": [[19.107574599999996, 47.43317240000003], [19.109652200000003, 47.43124760000004]]}}, {"id": "(586, 613, 0)", "type": "Feature", "properties": {"_status": "original", "osmid": 801, "highway": "residential", "lanes": null, "name": "F\u00e1s utca", "oneway": false, "reversed": false, "length": 143.9274438028611, "from": "613", "to": "586", "maxspeed": "30", "bridge": null, "_key": "0", "ref": null, "access": null, "tunnel": null, "width": "6"}, "geometry": {"type": "LineString", "coordinates": [[19.127833499999998, 47.442377300000025], [19.126496899999996, 47.44330370000001]]}}, {"id": "(586, 574, 0)", "type": "Feature", "properties": {"_status": "original", "osmid": 802, "highway": "residential", "lanes": null, "name": "Kossuthfalva t\u00e9r", "oneway": false, "reversed": true, "length": 66.37548182827766, "from": "574", "to": "586", "maxspeed": "30", "bridge": null, "_key": "0", "ref": null, "access": null, "tunnel": null, "width": "6"}, "geometry": {"type": "LineString", "coordinates": [[19.125868699999987, 47.44288440000002], [19.125911900000002, 47.44291320000005], [19.125971300000003, 47.442952900000016], [19.126410699999994, 47.44324610000003], [19.126496899999996, 47.44330370000001]]}}, {"id": "(613, 649, 0)", "type": "Feature", "properties": {"_status": "original", "osmid": 804, "highway": "residential", "lanes": null, "name": "F\u00e1s utca", "oneway": false, "reversed": true, "length": 182.01979485133353, "from": "613", "to": "649", "maxspeed": "30", "bridge": null, "_key": "0", "ref": null, "access": null, "tunnel": null, "width": "6"}, "geometry": {"type": "LineString", "coordinates": [[19.127833499999998, 47.442377300000025], [19.129510199999988, 47.44119680000002]]}}, {"id": "(613, 604, 0)", "type": "Feature", "properties": {"_status": "original", "osmid": 805, "highway": "residential", "lanes": null, "name": "Zobor utca", "oneway": false, "reversed": true, "length": 67.5941664499847, "from": "604", "to": "613", "maxspeed": "30", "bridge": null, "_key": "0", "ref": null, "access": null, "tunnel": null, "width": null}, "geometry": {"type": "LineString", "coordinates": [[19.127188600000004, 47.44195390000004], [19.1272194, 47.44197540000002], [19.127833499999998, 47.442377300000025]]}}, {"id": "(574, 604, 0)", "type": "Feature", "properties": {"_status": "original", "osmid": 807, "highway": "residential", "lanes": null, "name": "Csoma utca", "oneway": false, "reversed": true, "length": 143.3823403861866, "from": "604", "to": "574", "maxspeed": "30", "bridge": null, "_key": "0", "ref": null, "access": null, "tunnel": null, "width": "5.5"}, "geometry": {"type": "LineString", "coordinates": [[19.127188600000004, 47.44195390000004], [19.125868699999987, 47.44288440000002]]}}, {"id": "(649, 660, 0)", "type": "Feature", "properties": {"_status": "original", "osmid": 813, "highway": "residential", "lanes": null, "name": "Debrecen utca", "oneway": false, "reversed": true, "length": 68.69610376076373, "from": "649", "to": "660", "maxspeed": "30", "bridge": null, "_key": "0", "ref": null, "access": null, "tunnel": null, "width": "6"}, "geometry": {"type": "LineString", "coordinates": [[19.129510199999988, 47.44119680000002], [19.130188999999998, 47.44161020000008]]}}, {"id": "(649, 682, 0)", "type": "Feature", "properties": {"_status": "original", "osmid": 1004, "highway": "residential", "lanes": null, "name": "F\u00e1s utca", "oneway": false, "reversed": true, "length": 180.42667846471733, "from": "649", "to": "682", "maxspeed": "30", "bridge": null, "_key": "0", "ref": null, "access": null, "tunnel": null, "width": "6"}, "geometry": {"type": "LineString", "coordinates": [[19.129510199999988, 47.44119680000002], [19.129552199999985, 47.441167500000034], [19.13114819999999, 47.4400537], [19.131179799999995, 47.4400316]]}}, {"id": "(649, 638, 0)", "type": "Feature", "properties": {"_status": "original", "osmid": 1005, "highway": "residential", "lanes": null, "name": "Debrecen utca", "oneway": false, "reversed": true, "length": 67.96570031119967, "from": "638", "to": "649", "maxspeed": "30", "bridge": null, "_key": "0", "ref": null, "access": null, "tunnel": null, "width": "6"}, "geometry": {"type": "LineString", "coordinates": [[19.128856999999996, 47.4407744], [19.1289009, 47.44080280000003], [19.129510199999988, 47.44119680000002]]}}, {"id": "(604, 594, 0)", "type": "Feature", "properties": {"_status": "original", "osmid": 971, "highway": "residential", "lanes": null, "name": "Zobor utca", "oneway": false, "reversed": false, "length": 67.51926551455863, "from": "604", "to": "594", "maxspeed": "30", "bridge": null, "_key": "0", "ref": null, "access": null, "tunnel": null, "width": null}, "geometry": {"type": "LineString", "coordinates": [[19.127188600000004, 47.44195390000004], [19.126542199999992, 47.441532500000015]]}}, {"id": "(604, 638, 0)", "type": "Feature", "properties": {"_status": "original", "osmid": 1020, "highway": "residential", "lanes": null, "name": "Csoma utca", "oneway": false, "reversed": false, "length": 181.50825692911417, "from": "604", "to": "638", "maxspeed": "30", "bridge": null, "_key": "0", "ref": null, "access": null, "tunnel": null, "width": "5.5"}, "geometry": {"type": "LineString", "coordinates": [[19.127188600000004, 47.44195390000004], [19.128856999999996, 47.4407744]]}}, {"id": "(669, 660, 0)", "type": "Feature", "properties": {"_status": "original", "osmid": 812, "highway": "residential", "lanes": null, "name": "Debrecen utca", "oneway": false, "reversed": true, "length": 68.97856780931052, "from": "660", "to": "669", "maxspeed": "30", "bridge": null, "_key": "0", "ref": null, "access": null, "tunnel": null, "width": "6"}, "geometry": {"type": "LineString", "coordinates": [[19.130188999999998, 47.44161020000008], [19.130845799999996, 47.44204320000002]]}}, {"id": "(660, 693, 0)", "type": "Feature", "properties": {"_status": "original", "osmid": 814, "highway": "residential", "lanes": null, "name": "Em\u0151ke utca", "oneway": false, "reversed": false, "length": 178.23769884194144, "from": "693", "to": "660", "maxspeed": "30", "bridge": null, "_key": "0", "ref": null, "access": null, "tunnel": null, "width": "6"}, "geometry": {"type": "LineString", "coordinates": [[19.1318162, 47.44044479999998], [19.1317881, 47.44046500000001], [19.130188999999998, 47.44161020000008]]}}, {"id": "(693, 682, 0)", "type": "Feature", "properties": {"_status": "original", "osmid": 1006, "highway": "residential", "lanes": null, "name": "Magyar utca", "oneway": false, "reversed": false, "length": 66.34614642464103, "from": "693", "to": "682", "maxspeed": "30", "bridge": null, "_key": "0", "ref": null, "access": null, "tunnel": null, "width": "7"}, "geometry": {"type": "LineString", "coordinates": [[19.1318162, 47.44044479999998], [19.131212800000004, 47.44005310000004], [19.131179799999995, 47.4400316]]}}, {"id": "(298, 288, 0)", "type": "Feature", "properties": {"_status": "original", "osmid": 823, "highway": "tertiary", "lanes": "2", "name": "V\u00e1g\u00f3h\u00edd utca", "oneway": false, "reversed": true, "length": 57.39861510190672, "from": "288", "to": "298", "maxspeed": null, "bridge": null, "_key": "0", "ref": null, "access": null, "tunnel": null, "width": null}, "geometry": {"type": "LineString", "coordinates": [[19.1094252, 47.425969000000016], [19.109873700000005, 47.42555140000004]]}}, {"id": "(298, 312, 0)", "type": "Feature", "properties": {"_status": "original", "osmid": 824, "highway": "tertiary", "lanes": "2", "name": "V\u00e1g\u00f3h\u00edd utca", "oneway": false, "reversed": false, "length": 68.55947711545474, "from": "312", "to": "298", "maxspeed": null, "bridge": null, "_key": "0", "ref": null, "access": null, "tunnel": null, "width": null}, "geometry": {"type": "LineString", "coordinates": [[19.110404900000002, 47.42505040000005], [19.109873700000005, 47.42555140000004]]}}, {"id": "(298, 355, 0)", "type": "Feature", "properties": {"_status": "original", "osmid": 825, "highway": "residential", "lanes": null, "name": "\u00c1tl\u00f3s utca", "oneway": false, "reversed": false, "length": 289.704764646478, "from": "355", "to": "298", "maxspeed": null, "bridge": null, "_key": "0", "ref": null, "access": null, "tunnel": null, "width": null}, "geometry": {"type": "LineString", "coordinates": [[19.112805900000005, 47.427240400000024], [19.1127767, 47.427224200000005], [19.112724200000006, 47.427194000000014], [19.109951699999996, 47.4255964], [19.109873700000005, 47.42555140000004]]}}, {"id": "(288, 283, 0)", "type": "Feature", "properties": {"_status": "original", "osmid": 827, "highway": "tertiary", "lanes": "2", "name": "V\u00e1g\u00f3h\u00edd utca", "oneway": false, "reversed": true, "length": 20.894515499130584, "from": "283", "to": "288", "maxspeed": null, "bridge": null, "_key": "0", "ref": null, "access": null, "tunnel": null, "width": null}, "geometry": {"type": "LineString", "coordinates": [[19.1092619, 47.426121000000045], [19.1094252, 47.425969000000016]]}}, {"id": "(312, 366, 0)", "type": "Feature", "properties": {"_status": "original", "osmid": 829, "highway": "residential", "lanes": null, "name": "Als\u00f3teleki utca", "oneway": false, "reversed": false, "length": 290.0780605069733, "from": "366", "to": "312", "maxspeed": null, "bridge": null, "_key": "0", "ref": null, "access": null, "tunnel": null, "width": null}, "geometry": {"type": "LineString", "coordinates": [[19.1133127, 47.426763700000016], [19.1132833, 47.426746300000055], [19.110404900000002, 47.42505040000005]]}}, {"id": "(312, 337, 0)", "type": "Feature", "properties": {"_status": "original", "osmid": 830, "highway": "tertiary", "lanes": "2", "name": "V\u00e1g\u00f3h\u00edd utca", "oneway": false, "reversed": false, "length": 131.0410116319484, "from": "337", "to": "312", "maxspeed": null, "bridge": null, "_key": "0", "ref": null, "access": null, "tunnel": null, "width": null}, "geometry": {"type": "LineString", "coordinates": [[19.1114431, 47.42410420000002], [19.111387600000004, 47.42415740000002], [19.1113356, 47.42420610000007], [19.111066199999996, 47.42445080000002], [19.11086239999999, 47.42464119999999], [19.110404900000002, 47.42505040000005]]}}, {"id": "(355, 366, 0)", "type": "Feature", "properties": {"_status": "original", "osmid": 831, "highway": "residential", "lanes": null, "name": "V\u00f6r\u00f6smarty utca", "oneway": false, "reversed": true, "length": 65.29331615103335, "from": "366", "to": "355", "maxspeed": null, "bridge": null, "_key": "0", "ref": null, "access": null, "tunnel": null, "width": null}, "geometry": {"type": "LineString", "coordinates": [[19.1133127, 47.426763700000016], [19.112805900000005, 47.427240400000024]]}}, {"id": "(355, 356, 0)", "type": "Feature", "properties": {"_status": "original", "osmid": 832, "highway": "residential", "lanes": null, "name": "\u00c1tl\u00f3s utca", "oneway": false, "reversed": false, "length": 6.217982714053095, "from": "356", "to": "355", "maxspeed": null, "bridge": null, "_key": "0", "ref": null, "access": null, "tunnel": null, "width": null}, "geometry": {"type": "LineString", "coordinates": [[19.1128689, 47.42727660000003], [19.112805900000005, 47.427240400000024]]}}, {"id": "(355, 339, 0)", "type": "Feature", "properties": {"_status": "original", "osmid": 833, "highway": "residential", "lanes": null, "name": "V\u00f6r\u00f6smarty utca", "oneway": false, "reversed": false, "length": 77.59623949448236, "from": "339", "to": "355", "maxspeed": null, "bridge": null, "_key": "0", "ref": null, "access": null, "tunnel": null, "width": null}, "geometry": {"type": "LineString", "coordinates": [[19.1122127, 47.427811299999995], [19.112805900000005, 47.427240400000024]]}}, {"id": "(283, 339, 0)", "type": "Feature", "properties": {"_status": "original", "osmid": 834, "highway": "residential", "lanes": null, "name": "Hargita utca", "oneway": false, "reversed": true, "length": 290.87410318298885, "from": "339", "to": "283", "maxspeed": null, "bridge": null, "_key": "0", "ref": null, "access": null, "tunnel": null, "width": null}, "geometry": {"type": "LineString", "coordinates": [[19.1122127, 47.427811299999995], [19.112181499999988, 47.427793500000014], [19.112139100000004, 47.427769300000044], [19.109334800000003, 47.426167600000014], [19.1092619, 47.426121000000045]]}}, {"id": "(366, 413, 0)", "type": "Feature", "properties": {"_status": "original", "osmid": 836, "highway": "residential", "lanes": null, "name": "Als\u00f3teleki utca", "oneway": false, "reversed": false, "length": 249.08298344029978, "from": "413", "to": "366", "maxspeed": null, "bridge": null, "_key": "0", "ref": null, "access": null, "tunnel": null, "width": null}, "geometry": {"type": "LineString", "coordinates": [[19.115838799999988, 47.428211900000015], [19.1133127, 47.426763700000016]]}}, {"id": "(366, 378, 0)", "type": "Feature", "properties": {"_status": "original", "osmid": 837, "highway": "residential", "lanes": null, "name": "V\u00f6r\u00f6smarty utca", "oneway": false, "reversed": true, "length": 65.97151097834896, "from": "378", "to": "366", "maxspeed": null, "bridge": null, "_key": "0", "ref": null, "access": null, "tunnel": null, "width": null}, "geometry": {"type": "LineString", "coordinates": [[19.1138415, 47.42629040000003], [19.1133127, 47.426763700000016]]}}, {"id": "(337, 393, 0)", "type": "Feature", "properties": {"_status": "original", "osmid": 839, "highway": "residential", "lanes": null, "name": "Ak\u00e1cfa utca", "oneway": false, "reversed": true, "length": 289.7363661758949, "from": "393", "to": "337", "maxspeed": "50", "bridge": null, "_key": "0", "ref": null, "access": null, "tunnel": null, "width": null}, "geometry": {"type": "LineString", "coordinates": [[19.1143883, 47.42578260000001], [19.114351999999997, 47.425763900000014], [19.1138118, 47.42547359999999], [19.1136379, 47.425380100000055], [19.1114431, 47.42410420000002]]}}, {"id": "(356, 402, 0)", "type": "Feature", "properties": {"_status": "original", "osmid": 840, "highway": "residential", "lanes": null, "name": "\u00c1tl\u00f3s utca", "oneway": false, "reversed": true, "length": 246.51428257103277, "from": "356", "to": "402", "maxspeed": null, "bridge": null, "_key": "0", "ref": null, "access": null, "tunnel": null, "width": null}, "geometry": {"type": "LineString", "coordinates": [[19.1128689, 47.42727660000003], [19.115348600000004, 47.42867770000003], [19.1153836, 47.42869810000005]]}}, {"id": "(356, 368, 0)", "type": "Feature", "properties": {"_status": "original", "osmid": 841, "highway": "residential", "lanes": null, "name": "Liget utca", "oneway": false, "reversed": false, "length": 217.03435792837365, "from": "368", "to": "356", "maxspeed": null, "bridge": null, "_key": "0", "ref": null, "access": null, "tunnel": null, "width": null}, "geometry": {"type": "LineString", "coordinates": [[19.1138069, 47.429122400000004], [19.1128689, 47.42727660000003]]}}, {"id": "(339, 334, 0)", "type": "Feature", "properties": {"_status": "original", "osmid": 842, "highway": "residential", "lanes": null, "name": "V\u00f6r\u00f6smarty utca", "oneway": false, "reversed": false, "length": 33.718615580455825, "from": "334", "to": "339", "maxspeed": null, "bridge": null, "_key": "0", "ref": null, "access": null, "tunnel": null, "width": null}, "geometry": {"type": "LineString", "coordinates": [[19.1119533, 47.428058600000035], [19.1122127, 47.427811299999995]]}}, {"id": "(413, 402, 0)", "type": "Feature", "properties": {"_status": "original", "osmid": 1119, "highway": "residential", "lanes": null, "name": "K\u00f6ztemet\u0151 utca", "oneway": false, "reversed": false, "length": 63.994881532217796, "from": "402", "to": "413", "maxspeed": null, "bridge": null, "_key": "0", "ref": null, "access": null, "tunnel": null, "width": "5.9"}, "geometry": {"type": "LineString", "coordinates": [[19.1153836, 47.42869810000005], [19.115838799999988, 47.428211900000015]]}}, {"id": "(413, 423, 0)", "type": "Feature", "properties": {"_status": "original", "osmid": 1171, "highway": "residential", "lanes": null, "name": "K\u00f6ztemet\u0151 utca", "oneway": false, "reversed": true, "length": 63.966143143558405, "from": "423", "to": "413", "maxspeed": null, "bridge": null, "_key": "0", "ref": null, "access": null, "tunnel": null, "width": "5.9"}, "geometry": {"type": "LineString", "coordinates": [[19.1163152, 47.42773540000004], [19.115838799999988, 47.428211900000015]]}}, {"id": "(378, 423, 0)", "type": "Feature", "properties": {"_status": "original", "osmid": 1172, "highway": "residential", "lanes": null, "name": "Faiskola utca", "oneway": false, "reversed": true, "length": 245.85747781754716, "from": "378", "to": "423", "maxspeed": null, "bridge": null, "_key": "0", "ref": null, "access": null, "tunnel": null, "width": null}, "geometry": {"type": "LineString", "coordinates": [[19.1138415, 47.42629040000003], [19.1163152, 47.42773540000004]]}}, {"id": "(378, 392, 0)", "type": "Feature", "properties": {"_status": "original", "osmid": 1174, "highway": "residential", "lanes": null, "name": "V\u00f6r\u00f6smarty utca", "oneway": false, "reversed": false, "length": 66.27393308822717, "from": "378", "to": "392", "maxspeed": null, "bridge": null, "_key": "0", "ref": null, "access": null, "tunnel": null, "width": null}, "geometry": {"type": "LineString", "coordinates": [[19.1138415, 47.42629040000003], [19.1139626, 47.42618050000002], [19.114197899999986, 47.42596040000006], [19.114341299999996, 47.4258277], [19.11436129999999, 47.42580920000001]]}}, {"id": "(393, 406, 0)", "type": "Feature", "properties": {"_status": "original", "osmid": 1164, "highway": "residential", "lanes": null, "name": "V\u00f6r\u00f6smarty utca", "oneway": false, "reversed": false, "length": 66.8818646218018, "from": "393", "to": "406", "maxspeed": null, "bridge": null, "_key": "0", "ref": null, "access": null, "tunnel": null, "width": null}, "geometry": {"type": "LineString", "coordinates": [[19.1143883, 47.42578260000001], [19.114907000000002, 47.425294100000045]]}}, {"id": "(393, 392, 0)", "type": "Feature", "properties": {"_status": "original", "osmid": 1173, "highway": "residential", "lanes": null, "name": "V\u00f6r\u00f6smarty utca", "oneway": false, "reversed": false, "length": 3.58805769807139, "from": "392", "to": "393", "maxspeed": null, "bridge": null, "_key": "0", "ref": null, "access": null, "tunnel": null, "width": null}, "geometry": {"type": "LineString", "coordinates": [[19.11436129999999, 47.42580920000001], [19.1143883, 47.42578260000001]]}}, {"id": "(402, 418, 0)", "type": "Feature", "properties": {"_status": "original", "osmid": 1118, "highway": "residential", "lanes": null, "name": "\u00c1tl\u00f3s utca", "oneway": false, "reversed": true, "length": 102.17089873338757, "from": "402", "to": "418", "maxspeed": null, "bridge": null, "_key": "0", "ref": null, "access": null, "tunnel": null, "width": null}, "geometry": {"type": "LineString", "coordinates": [[19.1153836, 47.42869810000005], [19.1163971, 47.429309800000034]]}}, {"id": "(368, 334, 0)", "type": "Feature", "properties": {"_status": "original", "osmid": 1117, "highway": "residential", "lanes": null, "name": "Munk\u00e1sh\u00e1z utca", "oneway": false, "reversed": false, "length": 182.85175250312065, "from": "368", "to": "334", "maxspeed": "50", "bridge": null, "_key": "0", "ref": null, "access": null, "tunnel": null, "width": null}, "geometry": {"type": "LineString", "coordinates": [[19.1138069, 47.429122400000004], [19.1119533, 47.428058600000035]]}}, {"id": "(334, 332, 0)", "type": "Feature", "properties": {"_status": "original", "osmid": 1113, "highway": "residential", "lanes": null, "name": "V\u00f6r\u00f6smarty utca", "oneway": false, "reversed": true, "length": 18.70276531613942, "from": "334", "to": "332", "maxspeed": null, "bridge": null, "_key": "0", "ref": null, "access": null, "tunnel": null, "width": null}, "geometry": {"type": "LineString", "coordinates": [[19.1119533, 47.428058600000035], [19.111805999999998, 47.42819410000003]]}}, {"id": "(194, 203, 0)", "type": "Feature", "properties": {"_status": "original", "osmid": 844, "highway": "tertiary", "lanes": "2", "name": "V\u00e1g\u00f3h\u00edd utca", "oneway": false, "reversed": false, "length": 49.97816679190592, "from": "203", "to": "194", "maxspeed": null, "bridge": null, "_key": "0", "ref": null, "access": null, "tunnel": null, "width": null}, "geometry": {"type": "LineString", "coordinates": [[19.106657300000002, 47.428538600000046], [19.106325299999998, 47.42883049999999], [19.1062523, 47.428894900000046]]}}, {"id": "(194, 259, 0)", "type": "Feature", "properties": {"_status": "original", "osmid": 845, "highway": "residential", "lanes": null, "name": "Szegf\u0171 utca", "oneway": true, "reversed": false, "length": 291.4023627956383, "from": "259", "to": "194", "maxspeed": null, "bridge": null, "_key": "0", "ref": null, "access": null, "tunnel": null, "width": null}, "geometry": {"type": "LineString", "coordinates": [[19.109183199999993, 47.43060850000001], [19.109144299999993, 47.430586000000034], [19.108767899999997, 47.430367700000026], [19.107830299999996, 47.42982390000002], [19.1062523, 47.428894900000046]]}}, {"id": "(203, 224, 0)", "type": "Feature", "properties": {"_status": "original", "osmid": 847, "highway": "tertiary", "lanes": "2", "name": "V\u00e1g\u00f3h\u00edd utca", "oneway": false, "reversed": false, "length": 82.48352277991907, "from": "224", "to": "203", "maxspeed": null, "bridge": null, "_key": "0", "ref": null, "access": null, "tunnel": null, "width": null}, "geometry": {"type": "LineString", "coordinates": [[19.107306700000002, 47.427940900000074], [19.107154499999996, 47.42808099999996], [19.106657300000002, 47.428538600000046]]}}, {"id": "(203, 245, 0)", "type": "Feature", "properties": {"_status": "original", "osmid": 848, "highway": "residential", "lanes": null, "name": "Katona J\u00f3zsef utca", "oneway": true, "reversed": false, "length": 168.2237630150446, "from": "245", "to": "203", "maxspeed": null, "bridge": null, "_key": "0", "ref": null, "access": null, "tunnel": null, "width": null}, "geometry": {"type": "LineString", "coordinates": [[19.1083415, 47.429533900000045], [19.106657300000002, 47.428538600000046]]}}, {"id": "(259, 253, 0)", "type": "Feature", "properties": {"_status": "original", "osmid": 849, "highway": "residential", "lanes": null, "name": "V\u00f6r\u00f6smarty utca", "oneway": false, "reversed": true, "length": 33.81051290110343, "from": "259", "to": "253", "maxspeed": null, "bridge": null, "_key": "0", "ref": null, "access": null, "tunnel": null, "width": null}, "geometry": {"type": "LineString", "coordinates": [[19.109183199999993, 47.43060850000001], [19.108926499999995, 47.43085810000005]]}}, {"id": "(259, 274, 0)", "type": "Feature", "properties": {"_status": "original", "osmid": 850, "highway": "residential", "lanes": null, "name": "V\u00f6r\u00f6smarty utca", "oneway": false, "reversed": true, "length": 51.00582814480525, "from": "274", "to": "259", "maxspeed": null, "bridge": null, "_key": "0", "ref": null, "access": null, "tunnel": null, "width": null}, "geometry": {"type": "LineString", "coordinates": [[19.109586799999995, 47.43023990000005], [19.109202099999997, 47.43059120000006], [19.109183199999993, 47.43060850000001]]}}, {"id": "(236, 253, 0)", "type": "Feature", "properties": {"_status": "original", "osmid": 871, "highway": "residential", "lanes": null, "name": "V\u00f6r\u00f6smarty utca", "oneway": false, "reversed": true, "length": 77.2779708643692, "from": "253", "to": "236", "maxspeed": null, "bridge": null, "_key": "0", "ref": null, "access": null, "tunnel": null, "width": null}, "geometry": {"type": "LineString", "coordinates": [[19.108926499999995, 47.43085810000005], [19.108830999999995, 47.430950100000025], [19.108752999999993, 47.43103750000005], [19.108611300000003, 47.431211000000026], [19.108510800000005, 47.43131870000002], [19.1083748, 47.43144330000003]]}}, {"id": "(224, 263, 0)", "type": "Feature", "properties": {"_status": "original", "osmid": 851, "highway": "residential", "lanes": null, "name": "Atl\u00e9ta utca", "oneway": true, "reversed": false, "length": 170.89153900039022, "from": "224", "to": "263", "maxspeed": null, "bridge": null, "_key": "0", "ref": null, "access": null, "tunnel": null, "width": null}, "geometry": {"type": "LineString", "coordinates": [[19.107306700000002, 47.427940900000074], [19.109029100000008, 47.42894300000001]]}}, {"id": "(224, 243, 0)", "type": "Feature", "properties": {"_status": "original", "osmid": 852, "highway": "tertiary", "lanes": "2", "name": "V\u00e1g\u00f3h\u00edd utca", "oneway": false, "reversed": false, "length": 69.40241229555565, "from": "243", "to": "224", "maxspeed": null, "bridge": null, "_key": "0", "ref": null, "access": null, "tunnel": null, "width": null}, "geometry": {"type": "LineString", "coordinates": [[19.10785029999999, 47.427436600000014], [19.107306700000002, 47.427940900000074]]}}, {"id": "(245, 263, 0)", "type": "Feature", "properties": {"_status": "original", "osmid": 853, "highway": "residential", "lanes": null, "name": "Erkel Ferenc utca", "oneway": false, "reversed": true, "length": 83.62145831543648, "from": "245", "to": "263", "maxspeed": null, "bridge": null, "_key": "0", "ref": null, "access": null, "tunnel": null, "width": null}, "geometry": {"type": "LineString", "coordinates": [[19.1083415, 47.429533900000045], [19.108988700000005, 47.42897839999999], [19.109029100000008, 47.42894300000001]]}}, {"id": "(245, 274, 0)", "type": "Feature", "properties": {"_status": "original", "osmid": 854, "highway": "residential", "lanes": null, "name": "Katona J\u00f3zsef utca", "oneway": true, "reversed": false, "length": 122.22031706776804, "from": "274", "to": "245", "maxspeed": null, "bridge": null, "_key": "0", "ref": null, "access": null, "tunnel": null, "width": null}, "geometry": {"type": "LineString", "coordinates": [[19.109586799999995, 47.43023990000005], [19.109552599999997, 47.430220200000036], [19.1083415, 47.429533900000045]]}}, {"id": "(253, 270, 0)", "type": "Feature", "properties": {"_status": "original", "osmid": 872, "highway": "residential", "lanes": null, "name": "P\u00f6ltenberg utca", "oneway": false, "reversed": true, "length": 69.68233249232367, "from": "270", "to": "253", "maxspeed": null, "bridge": null, "_key": "0", "ref": null, "access": null, "tunnel": null, "width": null}, "geometry": {"type": "LineString", "coordinates": [[19.109652200000003, 47.43124760000004], [19.108926499999995, 47.43085810000005]]}}, {"id": "(274, 291, 0)", "type": "Feature", "properties": {"_status": "original", "osmid": 875, "highway": "residential", "lanes": null, "name": "V\u00f6r\u00f6smarty utca", "oneway": false, "reversed": false, "length": 82.61776129691572, "from": "274", "to": "291", "maxspeed": null, "bridge": null, "_key": "0", "ref": null, "access": null, "tunnel": null, "width": null}, "geometry": {"type": "LineString", "coordinates": [[19.109586799999995, 47.43023990000005], [19.110076399999993, 47.42978050000006], [19.110229099999994, 47.42963720000003]]}}, {"id": "(263, 291, 0)", "type": "Feature", "properties": {"_status": "original", "osmid": 1100, "highway": "residential", "lanes": null, "name": "Atl\u00e9ta utca", "oneway": true, "reversed": false, "length": 118.77245249179832, "from": "263", "to": "291", "maxspeed": null, "bridge": null, "_key": "0", "ref": null, "access": null, "tunnel": null, "width": null}, "geometry": {"type": "LineString", "coordinates": [[19.109029100000008, 47.42894300000001], [19.110132299999993, 47.42958080000001], [19.110199699999992, 47.429620100000065], [19.110229099999994, 47.42963720000003]]}}, {"id": "(243, 257, 0)", "type": "Feature", "properties": {"_status": "original", "osmid": 1101, "highway": "tertiary", "lanes": "2", "name": "V\u00e1g\u00f3h\u00edd utca", "oneway": false, "reversed": false, "length": 68.40127432447811, "from": "257", "to": "243", "maxspeed": null, "bridge": null, "_key": "0", "ref": null, "access": null, "tunnel": null, "width": null}, "geometry": {"type": "LineString", "coordinates": [[19.1083957, 47.426944400000004], [19.10785029999999, 47.427436600000014]]}}, {"id": "(243, 303, 0)", "type": "Feature", "properties": {"_status": "original", "osmid": 1102, "highway": "residential", "lanes": null, "name": "Hatvani utca", "oneway": false, "reversed": true, "length": 289.8299222165571, "from": "303", "to": "243", "maxspeed": null, "bridge": null, "_key": "0", "ref": null, "access": null, "tunnel": null, "width": null}, "geometry": {"type": "LineString", "coordinates": [[19.110774799999998, 47.429133500000056], [19.11074689999999, 47.429118200000005], [19.110685099999994, 47.42908300000009], [19.1079239, 47.427479200000015], [19.10785029999999, 47.427436600000014]]}}, {"id": "(444, 485, 0)", "type": "Feature", "properties": {"_status": "original", "osmid": 1252, "highway": "residential", "lanes": null, "name": "Frangep\u00e1n utca", "oneway": false, "reversed": true, "length": 192.96258253619945, "from": "485", "to": "444", "maxspeed": null, "bridge": null, "_key": "0", "ref": null, "access": null, "tunnel": null, "width": null}, "geometry": {"type": "LineString", "coordinates": [[19.117837199999993, 47.42117090000006], [19.1159049, 47.420029800000016]]}}, {"id": "(444, 427, 0)", "type": "Feature", "properties": {"_status": "original", "osmid": 1253, "highway": "tertiary", "lanes": "2", "name": "V\u00e1g\u00f3h\u00edd utca", "oneway": false, "reversed": true, "length": 70.83997707305514, "from": "427", "to": "444", "maxspeed": null, "bridge": null, "_key": "0", "ref": null, "access": null, "tunnel": null, "width": null}, "geometry": {"type": "LineString", "coordinates": [[19.115343400000004, 47.42054120000001], [19.1159049, 47.420029800000016]]}}, {"id": "(498, 519, 0)", "type": "Feature", "properties": {"_status": "original", "osmid": 864, "highway": "residential", "lanes": null, "name": "\u00c1brah\u00e1m G\u00e9za utca", "oneway": false, "reversed": false, "length": 89.26881628568827, "from": "498", "to": "519", "maxspeed": null, "bridge": null, "_key": "0", "ref": null, "access": null, "tunnel": null, "width": null}, "geometry": {"type": "LineString", "coordinates": [[19.11841529999999, 47.42068310000002], [19.119222699999995, 47.421160000000036], [19.119244099999996, 47.42117259999999], [19.119309100000002, 47.42121110000004]]}}, {"id": "(498, 485, 0)", "type": "Feature", "properties": {"_status": "original", "osmid": 1254, "highway": "residential", "lanes": null, "name": "V\u00f6r\u00f6smarty t\u00e9r", "oneway": false, "reversed": true, "length": 69.52559984891543, "from": "485", "to": "498", "maxspeed": null, "bridge": null, "_key": "0", "ref": null, "access": null, "tunnel": null, "width": null}, "geometry": {"type": "LineString", "coordinates": [[19.117837199999993, 47.42117090000006], [19.118161400000005, 47.42089870000003], [19.11841529999999, 47.42068310000002]]}}, {"id": "(519, 529, 0)", "type": "Feature", "properties": {"_status": "original", "osmid": 863, "highway": "residential", "lanes": null, "name": "\u00c1brah\u00e1m G\u00e9za utca", "oneway": true, "reversed": false, "length": 74.4713126318746, "from": "519", "to": "529", "maxspeed": null, "bridge": null, "_key": "0", "ref": null, "access": null, "tunnel": null, "width": null}, "geometry": {"type": "LineString", "coordinates": [[19.119309100000002, 47.42121110000004], [19.119371599999994, 47.42124740000006], [19.120060600000002, 47.42164700000002]]}}, {"id": "(519, 504, 0)", "type": "Feature", "properties": {"_status": "original", "osmid": 865, "highway": "residential", "lanes": null, "name": "V\u00f6r\u00f6smarty t\u00e9r", "oneway": false, "reversed": false, "length": 69.14627501279912, "from": "504", "to": "519", "maxspeed": null, "bridge": null, "_key": "0", "ref": null, "access": null, "tunnel": null, "width": null}, "geometry": {"type": "LineString", "coordinates": [[19.118768099999993, 47.421713800000035], [19.119309100000002, 47.42121110000004]]}}, {"id": "(572, 610, 0)", "type": "Feature", "properties": {"_status": "original", "osmid": 866, "highway": "residential", "lanes": null, "name": "El\u0151d utca", "oneway": false, "reversed": false, "length": 221.7419547734409, "from": "572", "to": "610", "maxspeed": null, "bridge": null, "_key": "0", "ref": null, "access": null, "tunnel": null, "width": null}, "geometry": {"type": "LineString", "coordinates": [[19.122019200000004, 47.42195750000001], [19.122600400000003, 47.422327599999996], [19.122694999999997, 47.422383400000015], [19.124100100000003, 47.42323280000005], [19.124124199999997, 47.42324740000003], [19.124203199999997, 47.4232964]]}}, {"id": "(572, 557, 0)", "type": "Feature", "properties": {"_status": "original", "osmid": 867, "highway": "residential", "lanes": null, "name": "K\u00f6ztemet\u0151 utca", "oneway": false, "reversed": false, "length": 71.39040578551581, "from": "557", "to": "572", "maxspeed": null, "bridge": null, "_key": "0", "ref": null, "access": null, "tunnel": null, "width": "5.9"}, "geometry": {"type": "LineString", "coordinates": [[19.121496399999998, 47.422493300000056], [19.121973099999998, 47.42200470000002], [19.122019200000004, 47.42195750000001]]}}, {"id": "(623, 655, 0)", "type": "Feature", "properties": {"_status": "original", "osmid": 861, "highway": "residential", "lanes": null, "name": "Als\u00f3 hat\u00e1r\u00fat", "oneway": false, "reversed": true, "length": 180.22696048786284, "from": "655", "to": "623", "maxspeed": null, "bridge": null, "_key": "0", "ref": null, "access": null, "tunnel": null, "width": null}, "geometry": {"type": "LineString", "coordinates": [[19.126690300000003, 47.42365700000001], [19.1254485, 47.42293270000004], [19.124991100000003, 47.422665900000034], [19.124877400000003, 47.42259750000006]]}}, {"id": "(623, 610, 0)", "type": "Feature", "properties": {"_status": "original", "osmid": 862, "highway": "residential", "lanes": null, "name": "T\u00f6r\u00f6k Fl\u00f3ris utca", "oneway": false, "reversed": false, "length": 92.80282582841002, "from": "610", "to": "623", "maxspeed": "50", "bridge": null, "_key": "0", "ref": null, "access": null, "tunnel": null, "width": null}, "geometry": {"type": "LineString", "coordinates": [[19.124203199999997, 47.4232964], [19.124337399999998, 47.42315860000003], [19.124427999999995, 47.4230625], [19.124877400000003, 47.42259750000006]]}}, {"id": "(655, 695, 0)", "type": "Feature", "properties": {"_status": "original", "osmid": 949, "highway": "residential", "lanes": null, "name": "Als\u00f3 hat\u00e1r\u00fat", "oneway": false, "reversed": true, "length": 248.38570009531807, "from": "695", "to": "655", "maxspeed": null, "bridge": null, "_key": "0", "ref": null, "access": null, "tunnel": null, "width": null}, "geometry": {"type": "LineString", "coordinates": [[19.129194099999996, 47.42511310000006], [19.126690300000003, 47.42365700000001]]}}, {"id": "(655, 637, 0)", "type": "Feature", "properties": {"_status": "original", "osmid": 950, "highway": "residential", "lanes": null, "name": "F\u00e9szekrak\u00f3 utca", "oneway": false, "reversed": true, "length": 90.48251480680116, "from": "637", "to": "655", "maxspeed": null, "bridge": null, "_key": "0", "ref": null, "access": null, "tunnel": null, "width": null}, "geometry": {"type": "LineString", "coordinates": [[19.125909599999993, 47.424276000000006], [19.1259738, 47.42422510000001], [19.1266407, 47.423696300000024], [19.126690300000003, 47.42365700000001]]}}, {"id": "(610, 637, 0)", "type": "Feature", "properties": {"_status": "original", "osmid": 951, "highway": "residential", "lanes": null, "name": "El\u0151d utca", "oneway": false, "reversed": true, "length": 168.359987181171, "from": "637", "to": "610", "maxspeed": null, "bridge": null, "_key": "0", "ref": null, "access": null, "tunnel": null, "width": "5.5"}, "geometry": {"type": "LineString", "coordinates": [[19.125909599999993, 47.424276000000006], [19.125505999999998, 47.424044300000034], [19.124632099999992, 47.42354260000005], [19.124333199999995, 47.423371000000024], [19.124203199999997, 47.4232964]]}}, {"id": "(610, 600, 0)", "type": "Feature", "properties": {"_status": "original", "osmid": 952, "highway": "residential", "lanes": null, "name": "T\u00f6r\u00f6k Fl\u00f3ris utca", "oneway": false, "reversed": false, "length": 67.28330384557651, "from": "600", "to": "610", "maxspeed": "50", "bridge": null, "_key": "0", "ref": null, "access": null, "tunnel": null, "width": null}, "geometry": {"type": "LineString", "coordinates": [[19.123717099999993, 47.42380430000005], [19.124143700000005, 47.423356600000005], [19.124203199999997, 47.4232964]]}}, {"id": "(529, 557, 0)", "type": "Feature", "properties": {"_status": "original", "osmid": 1256, "highway": "residential", "lanes": null, "name": "\u00c1brah\u00e1m G\u00e9za utca", "oneway": false, "reversed": false, "length": 143.262314353501, "from": "529", "to": "557", "maxspeed": null, "bridge": null, "_key": "0", "ref": null, "access": null, "tunnel": null, "width": null}, "geometry": {"type": "LineString", "coordinates": [[19.120060600000002, 47.42164700000002], [19.121496399999998, 47.422493300000056]]}}, {"id": "(529, 517, 0)", "type": "Feature", "properties": {"_status": "original", "osmid": 1260, "highway": "residential", "lanes": null, "name": "V\u00f6r\u00f6smarty t\u00e9r", "oneway": true, "reversed": false, "length": 69.06323852119726, "from": "529", "to": "517", "maxspeed": null, "bridge": null, "_key": "0", "ref": null, "access": null, "tunnel": null, "width": null}, "geometry": {"type": "LineString", "coordinates": [[19.120060600000002, 47.42164700000002], [19.119755999999995, 47.421873500000025], [19.119438799999994, 47.42210390000003]]}}, {"id": "(504, 485, 0)", "type": "Feature", "properties": {"_status": "original", "osmid": 1261, "highway": "residential", "lanes": null, "name": "Frangep\u00e1n utca", "oneway": false, "reversed": true, "length": 92.46289302625303, "from": "504", "to": "485", "maxspeed": null, "bridge": null, "_key": "0", "ref": null, "access": null, "tunnel": null, "width": null}, "geometry": {"type": "LineString", "coordinates": [[19.118768099999993, 47.421713800000035], [19.118704699999988, 47.42167740000004], [19.11867239999999, 47.42165900000001], [19.118661400000004, 47.42165260000006], [19.117837199999993, 47.42117090000006]]}}, {"id": "(504, 488, 0)", "type": "Feature", "properties": {"_status": "original", "osmid": 1262, "highway": "residential", "lanes": "2", "name": "V\u00f6r\u00f6smarty utca", "oneway": false, "reversed": true, "length": 71.52447078628445, "from": "504", "to": "488", "maxspeed": null, "bridge": null, "_key": "0", "ref": null, "access": null, "tunnel": null, "width": null}, "geometry": {"type": "LineString", "coordinates": [[19.118768099999993, 47.421713800000035], [19.1182079, 47.42223350000001]]}}, {"id": "(504, 517, 0)", "type": "Feature", "properties": {"_status": "original", "osmid": 1263, "highway": "residential", "lanes": null, "name": "Frangep\u00e1n utca", "oneway": true, "reversed": false, "length": 66.5457333816305, "from": "517", "to": "504", "maxspeed": null, "bridge": null, "_key": "0", "ref": null, "access": null, "tunnel": null, "width": null}, "geometry": {"type": "LineString", "coordinates": [[19.119438799999994, 47.42210390000003], [19.1188951, 47.421784100000046], [19.118814000000004, 47.42173919999999], [19.118768099999993, 47.421713800000035]]}}, {"id": "(557, 600, 0)", "type": "Feature", "properties": {"_status": "original", "osmid": 956, "highway": "residential", "lanes": null, "name": "\u00c1brah\u00e1m G\u00e9za utca", "oneway": false, "reversed": true, "length": 221.72647833358073, "from": "600", "to": "557", "maxspeed": null, "bridge": null, "_key": "0", "ref": null, "access": null, "tunnel": null, "width": null}, "geometry": {"type": "LineString", "coordinates": [[19.123717099999993, 47.42380430000005], [19.121496399999998, 47.422493300000056]]}}, {"id": "(557, 544, 0)", "type": "Feature", "properties": {"_status": "original", "osmid": 1255, "highway": "residential", "lanes": null, "name": "K\u00f6ztemet\u0151 utca", "oneway": false, "reversed": false, "length": 69.86686901713877, "from": "544", "to": "557", "maxspeed": null, "bridge": null, "_key": "0", "ref": null, "access": null, "tunnel": null, "width": "5.9"}, "geometry": {"type": "LineString", "coordinates": [[19.1209864, 47.42301840000002], [19.121496399999998, 47.422493300000056]]}}, {"id": "(291, 303, 0)", "type": "Feature", "properties": {"_status": "original", "osmid": 1103, "highway": "residential", "lanes": null, "name": "V\u00f6r\u00f6smarty utca", "oneway": false, "reversed": true, "length": 69.44100490667014, "from": "303", "to": "291", "maxspeed": null, "bridge": null, "_key": "0", "ref": null, "access": null, "tunnel": null, "width": null}, "geometry": {"type": "LineString", "coordinates": [[19.110774799999998, 47.429133500000056], [19.110229099999994, 47.42963720000003]]}}, {"id": "(446, 490, 0)", "type": "Feature", "properties": {"_status": "original", "osmid": 1025, "highway": "residential", "lanes": null, "name": "K\u00f6lcsey utca", "oneway": false, "reversed": true, "length": 231.01626498748746, "from": "446", "to": "490", "maxspeed": "50", "bridge": null, "_key": "0", "ref": null, "access": null, "tunnel": null, "width": "6"}, "geometry": {"type": "LineString", "coordinates": [[19.119295099999995, 47.4388766], [19.119341799999997, 47.438906100000025], [19.1193687, 47.43892369999999], [19.121461299999996, 47.44031530000007], [19.121486800000003, 47.44033220000005]]}}, {"id": "(446, 462, 0)", "type": "Feature", "properties": {"_status": "original", "osmid": 1060, "highway": "residential", "lanes": null, "name": "L\u00e1z\u00e1r utca", "oneway": false, "reversed": false, "length": 75.68926290563597, "from": "462", "to": "446", "maxspeed": null, "bridge": null, "_key": "0", "ref": null, "access": null, "tunnel": null, "width": null}, "geometry": {"type": "LineString", "coordinates": [[19.119997, 47.4383888], [19.11995009999999, 47.438421200000036], [19.119323, 47.438857200000065], [19.119295099999995, 47.4388766]]}}, {"id": "(490, 531, 0)", "type": "Feature", "properties": {"_status": "original", "osmid": 1022, "highway": "residential", "lanes": null, "name": "K\u00f6lcsey utca", "oneway": false, "reversed": true, "length": 231.0576297398805, "from": "490", "to": "531", "maxspeed": "50", "bridge": null, "_key": "0", "ref": null, "access": null, "tunnel": null, "width": "6"}, "geometry": {"type": "LineString", "coordinates": [[19.121486800000003, 47.44033220000005], [19.121518299999998, 47.440352999999995], [19.123599999999996, 47.44172939999999], [19.123629199999993, 47.441747199999995], [19.1236865, 47.44178280000004]]}}, {"id": "(490, 509, 0)", "type": "Feature", "properties": {"_status": "original", "osmid": 1026, "highway": "residential", "lanes": null, "name": "Pir\u00f3k Gyula utca", "oneway": false, "reversed": true, "length": 75.33999895129881, "from": "509", "to": "490", "maxspeed": null, "bridge": null, "_key": "0", "ref": null, "access": null, "tunnel": null, "width": null}, "geometry": {"type": "LineString", "coordinates": [[19.122199699999996, 47.439856200000015], [19.122170799999996, 47.43987549999999], [19.1215176, 47.44031160000004], [19.121486800000003, 47.44033220000005]]}}, {"id": "(538, 512, 0)", "type": "Feature", "properties": {"_status": "original", "osmid": 881, "highway": "residential", "lanes": null, "name": "L\u00e1z\u00e1r utca", "oneway": false, "reversed": true, "length": 128.57836546124327, "from": "512", "to": "538", "maxspeed": null, "bridge": null, "_key": "0", "ref": null, "access": null, "tunnel": null, "width": null}, "geometry": {"type": "LineString", "coordinates": [[19.1218607, 47.4370925], [19.121890600000004, 47.437071599999996], [19.12304929999999, 47.436261400000014]]}}, {"id": "(538, 500, 0)", "type": "Feature", "properties": {"_status": "original", "osmid": 882, "highway": "residential", "lanes": null, "name": "Klapka utca", "oneway": false, "reversed": false, "length": 223.90312068685122, "from": "500", "to": "538", "maxspeed": null, "bridge": null, "_key": "0", "ref": null, "access": null, "tunnel": null, "width": null}, "geometry": {"type": "LineString", "coordinates": [[19.120945199999994, 47.434837000000066], [19.12298859999999, 47.43622030000004], [19.123005000000003, 47.436230699999996], [19.12304929999999, 47.436261400000014]]}}, {"id": "(583, 597, 0)", "type": "Feature", "properties": {"_status": "original", "osmid": 887, "highway": "residential", "lanes": null, "name": "Felvid\u00e9k utca", "oneway": false, "reversed": false, "length": 74.46589595054459, "from": "583", "to": "597", "maxspeed": null, "bridge": null, "_key": "0", "ref": null, "access": null, "tunnel": null, "width": "6"}, "geometry": {"type": "LineString", "coordinates": [[19.125043300000005, 47.43611200000001], [19.125079400000004, 47.436087000000036], [19.125119600000005, 47.43605690000004], [19.12567569999999, 47.43565000000007], [19.125715899999996, 47.4356206]]}}, {"id": "(583, 596, 0)", "type": "Feature", "properties": {"_status": "original", "osmid": 888, "highway": "residential", "lanes": null, "name": "Magyar utca", "oneway": false, "reversed": true, "length": 67.82605915076235, "from": "583", "to": "596", "maxspeed": null, "bridge": null, "_key": "0", "ref": null, "access": null, "tunnel": null, "width": null}, "geometry": {"type": "LineString", "coordinates": [[19.125043300000005, 47.43611200000001], [19.1250798, 47.43613340000004], [19.1256755, 47.4364998], [19.125711099999997, 47.43652190000002]]}}, {"id": "(583, 525, 0)", "type": "Feature", "properties": {"_status": "original", "osmid": 889, "highway": "residential", "lanes": null, "name": "Felvid\u00e9k utca", "oneway": false, "reversed": false, "length": 244.95689539350934, "from": "525", "to": "583", "maxspeed": null, "bridge": null, "_key": "0", "ref": null, "access": null, "tunnel": null, "width": "6"}, "geometry": {"type": "LineString", "coordinates": [[19.122810299999994, 47.43771559999998], [19.1228517, 47.43768690000002], [19.124974299999998, 47.43616370000007], [19.125014799999995, 47.43613400000006], [19.125043300000005, 47.43611200000001]]}}, {"id": "(580, 597, 0)", "type": "Feature", "properties": {"_status": "original", "osmid": 892, "highway": "residential", "lanes": null, "name": "Pozsony utca", "oneway": false, "reversed": false, "length": 95.30197704904226, "from": "597", "to": "580", "maxspeed": null, "bridge": null, "_key": "0", "ref": null, "access": null, "tunnel": null, "width": null}, "geometry": {"type": "LineString", "coordinates": [[19.125715899999996, 47.4356206], [19.1256808, 47.43559830000006], [19.124863099999992, 47.43507770000004], [19.124849400000002, 47.435069], [19.124823699999997, 47.435051800000004], [19.1247945, 47.43503230000003]]}}, {"id": "(580, 567, 0)", "type": "Feature", "properties": {"_status": "original", "osmid": 890, "highway": "residential", "lanes": null, "name": "Pozsony utca", "oneway": false, "reversed": true, "length": 75.61225805720001, "from": "567", "to": "580", "maxspeed": null, "bridge": null, "_key": "0", "ref": null, "access": null, "tunnel": null, "width": null}, "geometry": {"type": "LineString", "coordinates": [[19.1240854, 47.4345503], [19.1247235, 47.43498370000004], [19.124744399999997, 47.4349982], [19.1247945, 47.43503230000003]]}}, {"id": "(512, 525, 0)", "type": "Feature", "properties": {"_status": "original", "osmid": 883, "highway": "residential", "lanes": null, "name": "L\u0151cse utca", "oneway": false, "reversed": false, "length": 99.508243191706, "from": "525", "to": "512", "maxspeed": null, "bridge": null, "_key": "0", "ref": null, "access": null, "tunnel": null, "width": null}, "geometry": {"type": "LineString", "coordinates": [[19.122810299999994, 47.43771559999998], [19.1219206, 47.43712989999999], [19.1219062, 47.43712080000002], [19.1218607, 47.4370925]]}}, {"id": "(512, 508, 0)", "type": "Feature", "properties": {"_status": "original", "osmid": 884, "highway": "residential", "lanes": null, "name": "L\u00e1z\u00e1r utca", "oneway": false, "reversed": true, "length": 16.848191198520627, "from": "508", "to": "512", "maxspeed": null, "bridge": null, "_key": "0", "ref": null, "access": null, "tunnel": null, "width": null}, "geometry": {"type": "LineString", "coordinates": [[19.121705099999996, 47.437201500000015], [19.121823500000005, 47.437118500000004], [19.1218607, 47.4370925]]}}, {"id": "(500, 467, 0)", "type": "Feature", "properties": {"_status": "original", "osmid": 885, "highway": "residential", "lanes": null, "name": "Leiningen utca", "oneway": false, "reversed": false, "length": 148.58653757888158, "from": "467", "to": "500", "maxspeed": null, "bridge": null, "_key": "0", "ref": null, "access": null, "tunnel": null, "width": null}, "geometry": {"type": "LineString", "coordinates": [[19.119743299999996, 47.4358975], [19.119771600000004, 47.435872500000016], [19.120915400000005, 47.43486320000002], [19.120945199999994, 47.434837000000066]]}}, {"id": "(525, 541, 0)", "type": "Feature", "properties": {"_status": "original", "osmid": 893, "highway": "residential", "lanes": null, "name": "L\u0151cse utca", "oneway": false, "reversed": true, "length": 70.18603469713916, "from": "525", "to": "541", "maxspeed": null, "bridge": null, "_key": "0", "ref": null, "access": null, "tunnel": null, "width": null}, "geometry": {"type": "LineString", "coordinates": [[19.122810299999994, 47.43771559999998], [19.123480100000005, 47.4381551]]}}, {"id": "(508, 496, 0)", "type": "Feature", "properties": {"_status": "original", "osmid": 894, "highway": "residential", "lanes": null, "name": "L\u00e1z\u00e1r utca", "oneway": false, "reversed": false, "length": 47.04307132360153, "from": "508", "to": "496", "maxspeed": null, "bridge": null, "_key": "0", "ref": null, "access": null, "tunnel": null, "width": null}, "geometry": {"type": "LineString", "coordinates": [[19.121705099999996, 47.437201500000015], [19.121272100000002, 47.437506800000065]]}}, {"id": "(508, 467, 0)", "type": "Feature", "properties": {"_status": "original", "osmid": 895, "highway": "residential", "lanes": null, "name": "Damjanich utca", "oneway": false, "reversed": false, "length": 206.8730666309771, "from": "467", "to": "508", "maxspeed": null, "bridge": null, "_key": "0", "ref": null, "access": null, "tunnel": null, "width": null}, "geometry": {"type": "LineString", "coordinates": [[19.119743299999996, 47.4358975], [19.121628299999998, 47.437149900000044], [19.121656699999996, 47.437168900000025], [19.121705099999996, 47.437201500000015]]}}, {"id": "(467, 452, 0)", "type": "Feature", "properties": {"_status": "original", "osmid": 896, "highway": "residential", "lanes": null, "name": "Damjanich utca", "oneway": false, "reversed": true, "length": 67.29486266319894, "from": "467", "to": "452", "maxspeed": null, "bridge": null, "_key": "0", "ref": null, "access": null, "tunnel": null, "width": null}, "geometry": {"type": "LineString", "coordinates": [[19.119743299999996, 47.4358975], [19.1191344, 47.43550150000005], [19.119099899999988, 47.43547700000003]]}}, {"id": "(597, 608, 0)", "type": "Feature", "properties": {"_status": "original", "osmid": 904, "highway": "residential", "lanes": null, "name": "B\u00e1cska t\u00e9r", "oneway": false, "reversed": false, "length": 68.86669425671435, "from": "608", "to": "597", "maxspeed": null, "bridge": null, "_key": "0", "ref": null, "access": null, "tunnel": null, "width": null}, "geometry": {"type": "LineString", "coordinates": [[19.1263862, 47.43604250000004], [19.1257642, 47.43565100000002], [19.125715899999996, 47.4356206]]}}, {"id": "(596, 541, 0)", "type": "Feature", "properties": {"_status": "original", "osmid": 1071, "highway": "residential", "lanes": null, "name": "Csall\u00f3k\u00f6z utca", "oneway": false, "reversed": true, "length": 247.26772992625874, "from": "596", "to": "541", "maxspeed": null, "bridge": null, "_key": "0", "ref": null, "access": null, "tunnel": null, "width": null}, "geometry": {"type": "LineString", "coordinates": [[19.125711099999997, 47.43652190000002], [19.125674599999993, 47.43654490000003], [19.123512600000005, 47.43813130000002], [19.123480100000005, 47.4381551]]}}, {"id": "(596, 606, 0)", "type": "Feature", "properties": {"_status": "original", "osmid": 1074, "highway": "residential", "lanes": null, "name": "Magyar utca", "oneway": false, "reversed": true, "length": 68.31689014010969, "from": "596", "to": "606", "maxspeed": null, "bridge": null, "_key": "0", "ref": null, "access": null, "tunnel": null, "width": null}, "geometry": {"type": "LineString", "coordinates": [[19.125711099999997, 47.43652190000002], [19.12574379999999, 47.436542300000006], [19.126322700000003, 47.43690820000002], [19.126375, 47.43694120000005]]}}, {"id": "(567, 603, 0)", "type": "Feature", "properties": {"_status": "original", "osmid": 899, "highway": "residential", "lanes": null, "name": "Popr\u00e1d utca", "oneway": false, "reversed": true, "length": 164.77769276099565, "from": "603", "to": "567", "maxspeed": null, "bridge": null, "_key": "0", "ref": null, "access": null, "tunnel": null, "width": null}, "geometry": {"type": "LineString", "coordinates": [[19.125609599999997, 47.43348590000005], [19.125562499999997, 47.43351880000002], [19.124138500000004, 47.434513300000006], [19.1240854, 47.4345503]]}}, {"id": "(541, 550, 0)", "type": "Feature", "properties": {"_status": "original", "osmid": 1070, "highway": "residential", "lanes": null, "name": "L\u0151cse utca", "oneway": false, "reversed": true, "length": 64.6671466427208, "from": "541", "to": "550", "maxspeed": null, "bridge": null, "_key": "0", "ref": null, "access": null, "tunnel": null, "width": null}, "geometry": {"type": "LineString", "coordinates": [[19.123480100000005, 47.4381551], [19.124047399999995, 47.438546900000034], [19.124081700000005, 47.43857060000005]]}}, {"id": "(496, 484, 0)", "type": "Feature", "properties": {"_status": "original", "osmid": 1069, "highway": "residential", "lanes": null, "name": "L\u00e1z\u00e1r utca", "oneway": false, "reversed": false, "length": 52.25758514152378, "from": "496", "to": "484", "maxspeed": null, "bridge": null, "_key": "0", "ref": null, "access": null, "tunnel": null, "width": null}, "geometry": {"type": "LineString", "coordinates": [[19.121272100000002, 47.437506800000065], [19.120815799999992, 47.43781899999999], [19.120783599999992, 47.437841]]}}, {"id": "(496, 439, 0)", "type": "Feature", "properties": {"_status": "original", "osmid": 1077, "highway": "residential", "lanes": null, "name": "Kiss Ern\u0151 utca", "oneway": true, "reversed": false, "length": 268.1437277715621, "from": "439", "to": "496", "maxspeed": "50", "bridge": null, "_key": "0", "ref": null, "access": null, "tunnel": null, "width": null}, "geometry": {"type": "LineString", "coordinates": [[19.118662499999992, 47.435863799999986], [19.121194199999994, 47.437457400000035], [19.121218499999998, 47.437472600000014], [19.121272100000002, 47.437506800000065]]}}, {"id": "(452, 439, 0)", "type": "Feature", "properties": {"_status": "original", "osmid": 1078, "highway": "residential", "lanes": null, "name": "V\u00e9csey utca", "oneway": false, "reversed": false, "length": 54.149878278304385, "from": "439", "to": "452", "maxspeed": null, "bridge": null, "_key": "0", "ref": null, "access": null, "tunnel": null, "width": null}, "geometry": {"type": "LineString", "coordinates": [[19.118662499999992, 47.435863799999986], [19.1190679, 47.435505300000024], [19.119099899999988, 47.43547700000003]]}}, {"id": "(452, 438, 0)", "type": "Feature", "properties": {"_status": "original", "osmid": 1083, "highway": "residential", "lanes": null, "name": "Damjanich utca", "oneway": false, "reversed": false, "length": 70.57973370073809, "from": "438", "to": "452", "maxspeed": null, "bridge": null, "_key": "0", "ref": null, "access": null, "tunnel": null, "width": null}, "geometry": {"type": "LineString", "coordinates": [[19.1184315, 47.43503150000002], [19.119066000000004, 47.43545350000002], [19.119099899999988, 47.43547700000003]]}}, {"id": "(603, 591, 0)", "type": "Feature", "properties": {"_status": "original", "osmid": 906, "highway": "residential", "lanes": null, "name": "Kassa utca", "oneway": false, "reversed": false, "length": 65.56913104401742, "from": "603", "to": "591", "maxspeed": null, "bridge": null, "_key": "0", "ref": null, "access": null, "tunnel": null, "width": null}, "geometry": {"type": "LineString", "coordinates": [[19.125609599999997, 47.43348590000005], [19.124982499999998, 47.43307630000005]]}}, {"id": "(608, 621, 0)", "type": "Feature", "properties": {"_status": "original", "osmid": 909, "highway": "residential", "lanes": null, "name": "B\u00e1cska t\u00e9r", "oneway": false, "reversed": true, "length": 68.01182287715694, "from": "608", "to": "621", "maxspeed": null, "bridge": null, "_key": "0", "ref": null, "access": null, "tunnel": null, "width": null}, "geometry": {"type": "LineString", "coordinates": [[19.1263862, 47.43604250000004], [19.126993200000005, 47.43643100000004], [19.127042999999993, 47.436462900000016]]}}, {"id": "(608, 639, 0)", "type": "Feature", "properties": {"_status": "original", "osmid": 910, "highway": "residential", "lanes": null, "name": "Csall\u00f3k\u00f6z utca", "oneway": false, "reversed": true, "length": 163.72392929522326, "from": "639", "to": "608", "maxspeed": null, "bridge": null, "_key": "0", "ref": null, "access": null, "tunnel": null, "width": null}, "geometry": {"type": "LineString", "coordinates": [[19.127867300000002, 47.434963500000045], [19.127822199999997, 47.43499640000004], [19.126433700000003, 47.4360094], [19.1263862, 47.43604250000004]]}}, {"id": "(591, 595, 0)", "type": "Feature", "properties": {"_status": "original", "osmid": 1278, "highway": "residential", "lanes": null, "name": "Kassa utca", "oneway": false, "reversed": false, "length": 19.827769023354147, "from": "591", "to": "595", "maxspeed": null, "bridge": null, "_key": "0", "ref": null, "access": null, "tunnel": null, "width": null}, "geometry": {"type": "LineString", "coordinates": [[19.124982499999998, 47.43307630000005], [19.1250592, 47.43290570000001]]}}, {"id": "(639, 650, 0)", "type": "Feature", "properties": {"_status": "original", "osmid": 1190, "highway": "residential", "lanes": null, "name": "Kassa utca", "oneway": false, "reversed": true, "length": 69.89655449720847, "from": "639", "to": "650", "maxspeed": null, "bridge": null, "_key": "0", "ref": null, "access": null, "tunnel": null, "width": "6"}, "geometry": {"type": "LineString", "coordinates": [[19.127867300000002, 47.434963500000045], [19.127918, 47.43499640000004], [19.128496699999992, 47.435370899999995], [19.1285387, 47.435398100000015]]}}, {"id": "(621, 629, 0)", "type": "Feature", "properties": {"_status": "original", "osmid": 1076, "highway": "residential", "lanes": null, "name": "B\u00e1cska t\u00e9r", "oneway": false, "reversed": true, "length": 69.71521542092346, "from": "621", "to": "629", "maxspeed": null, "bridge": null, "_key": "0", "ref": null, "access": null, "tunnel": null, "width": null}, "geometry": {"type": "LineString", "coordinates": [[19.127042999999993, 47.436462900000016], [19.127087299999996, 47.43649330000004], [19.1276513, 47.43687950000007], [19.12769430000001, 47.43690900000004]]}}, {"id": "(621, 650, 0)", "type": "Feature", "properties": {"_status": "original", "osmid": 1082, "highway": "residential", "lanes": null, "name": "Kakast\u00f3 utca", "oneway": false, "reversed": false, "length": 163.32309561655617, "from": "650", "to": "621", "maxspeed": null, "bridge": null, "_key": "0", "ref": null, "access": null, "tunnel": null, "width": null}, "geometry": {"type": "LineString", "coordinates": [[19.1285387, 47.435398100000015], [19.1285054, 47.43542180000004], [19.1270763, 47.4364387], [19.127042999999993, 47.436462900000016]]}}, {"id": "(700, 709, 0)", "type": "Feature", "properties": {"_status": "original", "osmid": 915, "highway": "residential", "lanes": null, "name": "Kolozsv\u00e1r utca", "oneway": false, "reversed": true, "length": 76.14156249958963, "from": "709", "to": "700", "maxspeed": null, "bridge": null, "_key": "0", "ref": null, "access": null, "tunnel": null, "width": "5.5"}, "geometry": {"type": "LineString", "coordinates": [[19.131579699999993, 47.43226680000002], [19.130850299999995, 47.43179200000005]]}}, {"id": "(710, 725, 0)", "type": "Feature", "properties": {"_status": "original", "osmid": 919, "highway": "residential", "lanes": null, "name": "L\u00e1z\u00e1r utca", "oneway": false, "reversed": false, "length": 124.38847868373219, "from": "710", "to": "725", "maxspeed": null, "bridge": null, "_key": "0", "ref": null, "access": null, "tunnel": null, "width": null}, "geometry": {"type": "LineString", "coordinates": [[19.131291800000003, 47.43052070000001], [19.1323947, 47.42977930000004], [19.13246549999999, 47.429732700000024]]}}, {"id": "(710, 699, 0)", "type": "Feature", "properties": {"_status": "original", "osmid": 920, "highway": "residential", "lanes": null, "name": "Latorca utca", "oneway": false, "reversed": true, "length": 74.93741421081978, "from": "699", "to": "710", "maxspeed": null, "bridge": null, "_key": "0", "ref": null, "access": null, "tunnel": null, "width": null}, "geometry": {"type": "LineString", "coordinates": [[19.130522499999987, 47.4300926], [19.130570299999995, 47.430119], [19.1312491, 47.43049440000003], [19.131291800000003, 47.43052070000001]]}}, {"id": "(709, 719, 0)", "type": "Feature", "properties": {"_status": "original", "osmid": 1214, "highway": "residential", "lanes": null, "name": "Kolozsv\u00e1r utca", "oneway": false, "reversed": false, "length": 76.59687716256056, "from": "709", "to": "719", "maxspeed": null, "bridge": null, "_key": "0", "ref": null, "access": null, "tunnel": null, "width": "5.5"}, "geometry": {"type": "LineString", "coordinates": [[19.131579699999993, 47.43226680000002], [19.132156599999995, 47.43263390000001], [19.1323214, 47.43273879999999]]}}, {"id": "(709, 729, 0)", "type": "Feature", "properties": {"_status": "original", "osmid": 1310, "highway": "residential", "lanes": null, "name": "Nagyszeben utca", "oneway": false, "reversed": false, "length": 153.40133954721634, "from": "709", "to": "729", "maxspeed": null, "bridge": null, "_key": "0", "ref": null, "access": null, "tunnel": null, "width": null}, "geometry": {"type": "LineString", "coordinates": [[19.131579699999993, 47.43226680000002], [19.13296649999999, 47.43125530000003]]}}, {"id": "(666, 658, 0)", "type": "Feature", "properties": {"_status": "original", "osmid": 1277, "highway": "residential", "lanes": null, "name": "R\u00f3zs\u00e1s utca", "oneway": false, "reversed": false, "length": 65.19084245594412, "from": "658", "to": "666", "maxspeed": "50", "bridge": null, "_key": "0", "ref": null, "access": null, "tunnel": null, "width": "5.7"}, "geometry": {"type": "LineString", "coordinates": [[19.128170999999988, 47.430875400000005], [19.12872769999999, 47.43124610000002], [19.1287886, 47.43128670000004]]}}, {"id": "(692, 699, 0)", "type": "Feature", "properties": {"_status": "original", "osmid": 1303, "highway": "residential", "lanes": null, "name": "Kom\u00e1rom utca", "oneway": false, "reversed": true, "length": 53.061574091348824, "from": "699", "to": "692", "maxspeed": null, "bridge": null, "_key": "0", "ref": null, "access": null, "tunnel": null, "width": "6"}, "geometry": {"type": "LineString", "coordinates": [[19.130522499999987, 47.4300926], [19.130019999999995, 47.43042750000001]]}}, {"id": "(725, 720, 0)", "type": "Feature", "properties": {"_status": "original", "osmid": 1297, "highway": "residential", "lanes": null, "name": "Eperjes utca", "oneway": false, "reversed": true, "length": 76.7061468693783, "from": "725", "to": "720", "maxspeed": null, "bridge": null, "_key": "0", "ref": null, "access": null, "tunnel": null, "width": null}, "geometry": {"type": "LineString", "coordinates": [[19.13246549999999, 47.429732700000024], [19.131746399999997, 47.42924360000003]]}}, {"id": "(699, 720, 0)", "type": "Feature", "properties": {"_status": "original", "osmid": 1296, "highway": "residential", "lanes": null, "name": "Kom\u00e1rom utca", "oneway": false, "reversed": false, "length": 131.8645191032809, "from": "699", "to": "720", "maxspeed": null, "bridge": null, "_key": "0", "ref": null, "access": null, "tunnel": null, "width": "6"}, "geometry": {"type": "LineString", "coordinates": [[19.130522499999987, 47.4300926], [19.131746399999997, 47.42924360000003]]}}, {"id": "(699, 688, 0)", "type": "Feature", "properties": {"_status": "original", "osmid": 1298, "highway": "residential", "lanes": null, "name": "Latorca utca", "oneway": false, "reversed": false, "length": 95.8378335656774, "from": "699", "to": "688", "maxspeed": null, "bridge": null, "_key": "0", "ref": null, "access": null, "tunnel": null, "width": null}, "geometry": {"type": "LineString", "coordinates": [[19.130522499999987, 47.4300926], [19.1296678, 47.42960370000005], [19.12962509999999, 47.42957910000001], [19.12954899999999, 47.429536600000034]]}}, {"id": "(537, 552, 0)", "type": "Feature", "properties": {"_status": "original", "osmid": 921, "highway": "tertiary", "lanes": null, "name": "Vir\u00e1g Benedek utca", "oneway": false, "reversed": true, "length": 71.09871025838336, "from": "537", "to": "552", "maxspeed": null, "bridge": null, "_key": "0", "ref": null, "access": null, "tunnel": null, "width": null}, "geometry": {"type": "LineString", "coordinates": [[19.121925799999996, 47.43023670000005], [19.122582300000005, 47.429776700000026]]}}, {"id": "(537, 522, 0)", "type": "Feature", "properties": {"_status": "original", "osmid": 922, "highway": "tertiary", "lanes": null, "name": "Vir\u00e1g Benedek utca", "oneway": false, "reversed": true, "length": 63.70485168698184, "from": "522", "to": "537", "maxspeed": null, "bridge": null, "_key": "0", "ref": null, "access": null, "tunnel": null, "width": null}, "geometry": {"type": "LineString", "coordinates": [[19.121343500000002, 47.43065270000001], [19.121925799999996, 47.43023670000005]]}}, {"id": "(537, 579, 0)", "type": "Feature", "properties": {"_status": "original", "osmid": 923, "highway": "residential", "lanes": null, "name": "Ak\u00e1cfa utca", "oneway": false, "reversed": true, "length": 206.12660065297175, "from": "579", "to": "537", "maxspeed": null, "bridge": null, "_key": "0", "ref": null, "access": null, "tunnel": null, "width": null}, "geometry": {"type": "LineString", "coordinates": [[19.124031099999996, 47.43142330000003], [19.123988899999986, 47.4313995], [19.122010999999993, 47.43028499999999], [19.121981499999993, 47.43026830000005], [19.121925799999996, 47.43023670000005]]}}, {"id": "(537, 483, 0)", "type": "Feature", "properties": {"_status": "original", "osmid": 924, "highway": "residential", "lanes": null, "name": "Ak\u00e1cfa utca", "oneway": false, "reversed": false, "length": 283.5890398651669, "from": "483", "to": "537", "maxspeed": null, "bridge": null, "_key": "0", "ref": null, "access": null, "tunnel": null, "width": null}, "geometry": {"type": "LineString", "coordinates": [[19.1190549, 47.42858370000001], [19.1190983, 47.42860810000001], [19.119126, 47.42862410000003], [19.1218847, 47.430213400000035], [19.121925799999996, 47.43023670000005]]}}, {"id": "(552, 582, 0)", "type": "Feature", "properties": {"_status": "original", "osmid": 925, "highway": "residential", "lanes": null, "name": "Wessel\u00e9nyi utca", "oneway": false, "reversed": false, "length": 148.2938443845599, "from": "582", "to": "552", "maxspeed": null, "bridge": null, "_key": "0", "ref": null, "access": null, "tunnel": null, "width": null}, "geometry": {"type": "LineString", "coordinates": [[19.124068399999988, 47.43065300000006], [19.124019499999992, 47.43062420000001], [19.122681300000004, 47.42983510000004], [19.122639400000004, 47.42981040000006], [19.122582300000005, 47.429776700000026]]}}, {"id": "(552, 571, 0)", "type": "Feature", "properties": {"_status": "original", "osmid": 926, "highway": "tertiary", "lanes": null, "name": "Vir\u00e1g Benedek utca", "oneway": false, "reversed": false, "length": 77.95322271904482, "from": "571", "to": "552", "maxspeed": null, "bridge": null, "_key": "0", "ref": null, "access": null, "tunnel": null, "width": null}, "geometry": {"type": "LineString", "coordinates": [[19.123304599999994, 47.42927400000001], [19.123257799999998, 47.429306600000054], [19.122582300000005, 47.429776700000026]]}}, {"id": "(552, 497, 0)", "type": "Feature", "properties": {"_status": "original", "osmid": 927, "highway": "residential", "lanes": null, "name": "Wessel\u00e9nyi utca", "oneway": true, "reversed": false, "length": 297.09723163840465, "from": "497", "to": "552", "maxspeed": null, "bridge": null, "_key": "0", "ref": null, "access": null, "tunnel": null, "width": null}, "geometry": {"type": "LineString", "coordinates": [[19.119605699999994, 47.42802060000001], [19.119645999999992, 47.42804470000005], [19.119675999999995, 47.42806240000003], [19.1225444, 47.42975440000004], [19.122582300000005, 47.429776700000026]]}}, {"id": "(522, 470, 0)", "type": "Feature", "properties": {"_status": "original", "osmid": 936, "highway": "residential", "lanes": null, "name": "Kuruc utca", "oneway": false, "reversed": true, "length": 272.16094405415805, "from": "522", "to": "470", "maxspeed": null, "bridge": null, "_key": "0", "ref": null, "access": null, "tunnel": null, "width": null}, "geometry": {"type": "LineString", "coordinates": [[19.121343500000002, 47.43065270000001], [19.121272100000002, 47.43061140000001], [19.1186768, 47.42911000000003], [19.118637499999995, 47.42908730000001], [19.1185937, 47.42906200000004]]}}, {"id": "(522, 561, 0)", "type": "Feature", "properties": {"_status": "original", "osmid": 938, "highway": "residential", "lanes": null, "name": "Kuruc utca", "oneway": false, "reversed": false, "length": 208.3018833380808, "from": "522", "to": "561", "maxspeed": null, "bridge": null, "_key": "0", "ref": null, "access": null, "tunnel": null, "width": null}, "geometry": {"type": "LineString", "coordinates": [[19.121343500000002, 47.43065270000001], [19.121392099999998, 47.43068100000004], [19.121418499999994, 47.43069640000003], [19.123393299999993, 47.43184560000004], [19.123440499999994, 47.4318761]]}}, {"id": "(579, 561, 0)", "type": "Feature", "properties": {"_status": "original", "osmid": 939, "highway": "residential", "lanes": null, "name": "V\u00e9csey utca", "oneway": false, "reversed": true, "length": 67.14620439518686, "from": "579", "to": "561", "maxspeed": null, "bridge": null, "_key": "0", "ref": null, "access": null, "tunnel": null, "width": null}, "geometry": {"type": "LineString", "coordinates": [[19.124031099999996, 47.43142330000003], [19.123440499999994, 47.4318761]]}}, {"id": "(579, 593, 0)", "type": "Feature", "properties": {"_status": "original", "osmid": 940, "highway": "residential", "lanes": null, "name": "V\u00e9csey utca", "oneway": false, "reversed": false, "length": 67.5055813392882, "from": "579", "to": "593", "maxspeed": null, "bridge": null, "_key": "0", "ref": null, "access": null, "tunnel": null, "width": null}, "geometry": {"type": "LineString", "coordinates": [[19.124031099999996, 47.43142330000003], [19.124564099999997, 47.431048800000035], [19.124597100000003, 47.431024599999986], [19.124651400000005, 47.43098460000006]]}}, {"id": "(483, 497, 0)", "type": "Feature", "properties": {"_status": "original", "osmid": 934, "highway": "residential", "lanes": null, "name": "T\u00f6r\u00f6k Fl\u00f3ris utca", "oneway": false, "reversed": false, "length": 75.08175662079562, "from": "483", "to": "497", "maxspeed": "50", "bridge": null, "_key": "0", "ref": null, "access": null, "tunnel": null, "width": null}, "geometry": {"type": "LineString", "coordinates": [[19.1190549, 47.42858370000001], [19.119605699999994, 47.42802060000001]]}}, {"id": "(483, 470, 0)", "type": "Feature", "properties": {"_status": "original", "osmid": 941, "highway": "residential", "lanes": null, "name": "T\u00f6r\u00f6k Fl\u00f3ris utca", "oneway": false, "reversed": true, "length": 63.49985288703458, "from": "483", "to": "470", "maxspeed": "50", "bridge": null, "_key": "0", "ref": null, "access": null, "tunnel": null, "width": null}, "geometry": {"type": "LineString", "coordinates": [[19.1190549, 47.42858370000001], [19.1185937, 47.42906200000004]]}}, {"id": "(483, 451, 0)", "type": "Feature", "properties": {"_status": "original", "osmid": 942, "highway": "residential", "lanes": null, "name": "Ak\u00e1cfa utca", "oneway": false, "reversed": false, "length": 134.47429980530185, "from": "451", "to": "483", "maxspeed": null, "bridge": null, "_key": "0", "ref": null, "access": null, "tunnel": null, "width": null}, "geometry": {"type": "LineString", "coordinates": [[19.117734599999995, 47.427768400000005], [19.119030900000002, 47.42856960000003], [19.1190549, 47.42858370000001]]}}, {"id": "(582, 598, 0)", "type": "Feature", "properties": {"_status": "original", "osmid": 928, "highway": "tertiary", "lanes": null, "name": "Orsolya utca", "oneway": false, "reversed": true, "length": 75.44948360947187, "from": "598", "to": "582", "maxspeed": null, "bridge": null, "_key": "0", "ref": null, "access": null, "tunnel": null, "width": null}, "geometry": {"type": "LineString", "coordinates": [[19.124751700000004, 47.4301563], [19.124174, 47.43057900000003], [19.124123899999997, 47.430614100000035], [19.124068399999988, 47.43065300000006]]}}, {"id": "(582, 593, 0)", "type": "Feature", "properties": {"_status": "original", "osmid": 929, "highway": "tertiary", "lanes": null, "name": "Wessel\u00e9nyi utca", "oneway": false, "reversed": false, "length": 57.29914972956762, "from": "593", "to": "582", "maxspeed": null, "bridge": null, "_key": "0", "ref": null, "access": null, "tunnel": null, "width": null}, "geometry": {"type": "LineString", "coordinates": [[19.124651400000005, 47.43098460000006], [19.124593699999995, 47.430954100000015], [19.124138200000004, 47.430692699999994], [19.124068399999988, 47.43065300000006]]}}, {"id": "(571, 598, 0)", "type": "Feature", "properties": {"_status": "original", "osmid": 930, "highway": "residential", "lanes": null, "name": "J\u00f3sika utca", "oneway": false, "reversed": true, "length": 146.54168520533798, "from": "598", "to": "571", "maxspeed": null, "bridge": null, "_key": "0", "ref": null, "access": null, "tunnel": null, "width": null}, "geometry": {"type": "LineString", "coordinates": [[19.124751700000004, 47.4301563], [19.124707899999997, 47.4301296], [19.1245696, 47.430045299999996], [19.1235064, 47.42939700000003], [19.12336569999999, 47.429311200000036], [19.123304599999994, 47.42927400000001]]}}, {"id": "(571, 511, 0)", "type": "Feature", "properties": {"_status": "original", "osmid": 931, "highway": "residential", "lanes": null, "name": "J\u00f3sika utca", "oneway": false, "reversed": false, "length": 312.03682852120664, "from": "511", "to": "571", "maxspeed": null, "bridge": null, "_key": "0", "ref": null, "access": null, "tunnel": null, "width": null}, "geometry": {"type": "LineString", "coordinates": [[19.1201341, 47.42746450000005], [19.1201752, 47.42748730000002], [19.1202105, 47.42750750000001], [19.123304599999994, 47.42927400000001]]}}, {"id": "(571, 584, 0)", "type": "Feature", "properties": {"_status": "original", "osmid": 932, "highway": "tertiary", "lanes": null, "name": "Vir\u00e1g Benedek utca", "oneway": false, "reversed": false, "length": 63.97078893418574, "from": "584", "to": "571", "maxspeed": null, "bridge": null, "_key": "0", "ref": null, "access": null, "tunnel": null, "width": null}, "geometry": {"type": "LineString", "coordinates": [[19.123898899999993, 47.428862500000015], [19.123336499999994, 47.42925190000003], [19.123304599999994, 47.42927400000001]]}}, {"id": "(497, 468, 0)", "type": "Feature", "properties": {"_status": "original", "osmid": 933, "highway": "residential", "lanes": null, "name": "Wessel\u00e9nyi utca", "oneway": false, "reversed": false, "length": 137.43584902017378, "from": "497", "to": "468", "maxspeed": null, "bridge": null, "_key": "0", "ref": null, "access": null, "tunnel": null, "width": null}, "geometry": {"type": "LineString", "coordinates": [[19.119605699999994, 47.42802060000001], [19.119581399999994, 47.42800650000004], [19.118233999999998, 47.42720419999999]]}}, {"id": "(497, 507, 0)", "type": "Feature", "properties": {"_status": "original", "osmid": 935, "highway": "residential", "lanes": null, "name": "T\u00f6r\u00f6k Fl\u00f3ris utca", "oneway": false, "reversed": true, "length": 50.49158649432693, "from": "507", "to": "497", "maxspeed": "50", "bridge": null, "_key": "0", "ref": null, "access": null, "tunnel": null, "width": null}, "geometry": {"type": "LineString", "coordinates": [[19.119965100000005, 47.42763709999999], [19.119605699999994, 47.42802060000001]]}}, {"id": "(598, 609, 0)", "type": "Feature", "properties": {"_status": "original", "osmid": 943, "highway": "tertiary", "lanes": null, "name": "Orsolya utca", "oneway": false, "reversed": true, "length": 62.656955684892985, "from": "609", "to": "598", "maxspeed": null, "bridge": null, "_key": "0", "ref": null, "access": null, "tunnel": null, "width": null}, "geometry": {"type": "LineString", "coordinates": [[19.125331599999992, 47.42975180000006], [19.124751700000004, 47.4301563]]}}, {"id": "(593, 605, 0)", "type": "Feature", "properties": {"_status": "original", "osmid": 944, "highway": "tertiary", "lanes": "2", "name": "Wessel\u00e9nyi utca", "oneway": false, "reversed": false, "length": 68.47122528995841, "from": "605", "to": "593", "maxspeed": null, "bridge": null, "_key": "0", "ref": null, "access": null, "tunnel": null, "width": null}, "geometry": {"type": "LineString", "coordinates": [[19.1253324, 47.43139320000004], [19.125267700000002, 47.43135440000007], [19.1247141, 47.4310222], [19.124651400000005, 47.43098460000006]]}}, {"id": "(511, 507, 0)", "type": "Feature", "properties": {"_status": "original", "osmid": 945, "highway": "residential", "lanes": null, "name": "T\u00f6r\u00f6k Fl\u00f3ris utca", "oneway": false, "reversed": true, "length": 23.021038494683026, "from": "511", "to": "507", "maxspeed": "50", "bridge": null, "_key": "0", "ref": null, "access": null, "tunnel": null, "width": null}, "geometry": {"type": "LineString", "coordinates": [[19.1201341, 47.42746450000005], [19.119965100000005, 47.42763709999999]]}}, {"id": "(511, 534, 0)", "type": "Feature", "properties": {"_status": "original", "osmid": 946, "highway": "residential", "lanes": null, "name": "T\u00f6r\u00f6k Fl\u00f3ris utca", "oneway": false, "reversed": true, "length": 133.603448777425, "from": "534", "to": "511", "maxspeed": "50", "bridge": null, "_key": "0", "ref": null, "access": null, "tunnel": null, "width": null}, "geometry": {"type": "LineString", "coordinates": [[19.1211022, 47.42645720000001], [19.12079260000001, 47.42678490000001], [19.1201816, 47.4274146], [19.1201341, 47.42746450000005]]}}, {"id": "(584, 609, 0)", "type": "Feature", "properties": {"_status": "original", "osmid": 947, "highway": "residential", "lanes": null, "name": "Szal\u00e1rdi M\u00f3r utca", "oneway": false, "reversed": true, "length": 146.27040214106347, "from": "584", "to": "609", "maxspeed": null, "bridge": null, "_key": "0", "ref": null, "access": null, "tunnel": null, "width": null}, "geometry": {"type": "LineString", "coordinates": [[19.123898899999993, 47.428862500000015], [19.123953900000004, 47.428898200000056], [19.124077600000003, 47.42897870000004], [19.12520269999999, 47.42967180000004], [19.125290999999994, 47.42972660000003], [19.125331599999992, 47.42975180000006]]}}, {"id": "(584, 599, 0)", "type": "Feature", "properties": {"_status": "original", "osmid": 948, "highway": "tertiary", "lanes": null, "name": "Vir\u00e1g Benedek utca", "oneway": false, "reversed": false, "length": 65.11199337042675, "from": "599", "to": "584", "maxspeed": null, "bridge": null, "_key": "0", "ref": null, "access": null, "tunnel": null, "width": null}, "geometry": {"type": "LineString", "coordinates": [[19.124499900000004, 47.428441100000015], [19.124471500000002, 47.428461000000055], [19.124030299999994, 47.42876990000002], [19.123898899999993, 47.428862500000015]]}}, {"id": "(468, 447, 0)", "type": "Feature", "properties": {"_status": "original", "osmid": 1161, "highway": "residential", "lanes": null, "name": "Wessel\u00e9nyi utca", "oneway": false, "reversed": false, "length": 87.80036861388615, "from": "468", "to": "447", "maxspeed": null, "bridge": null, "_key": "0", "ref": null, "access": null, "tunnel": null, "width": null}, "geometry": {"type": "LineString", "coordinates": [[19.118233999999998, 47.42720419999999], [19.1173279, 47.4267065]]}}, {"id": "(468, 451, 0)", "type": "Feature", "properties": {"_status": "original", "osmid": 1154, "highway": "residential", "lanes": null, "name": "Ady Endre utca", "oneway": false, "reversed": false, "length": 73.12444016672595, "from": "451", "to": "468", "maxspeed": null, "bridge": null, "_key": "0", "ref": null, "access": null, "tunnel": null, "width": "5.6"}, "geometry": {"type": "LineString", "coordinates": [[19.117734599999995, 47.427768400000005], [19.118233999999998, 47.42720419999999]]}}, {"id": "(468, 479, 0)", "type": "Feature", "properties": {"_status": "original", "osmid": 1167, "highway": "residential", "lanes": null, "name": "Ady Endre utca", "oneway": false, "reversed": true, "length": 49.89232299225799, "from": "479", "to": "468", "maxspeed": null, "bridge": null, "_key": "0", "ref": null, "access": null, "tunnel": null, "width": "5.6"}, "geometry": {"type": "LineString", "coordinates": [[19.1185843, 47.42682320000005], [19.118233999999998, 47.42720419999999]]}}, {"id": "(507, 479, 0)", "type": "Feature", "properties": {"_status": "original", "osmid": 1170, "highway": "residential", "lanes": null, "name": "Magyarok Nagyasszonya t\u00e9r", "oneway": false, "reversed": false, "length": 137.77571999685495, "from": "479", "to": "507", "maxspeed": null, "bridge": null, "_key": "0", "ref": null, "access": null, "tunnel": null, "width": null}, "geometry": {"type": "LineString", "coordinates": [[19.1185843, 47.42682320000005], [19.118663400000003, 47.42687380000004], [19.11986759999999, 47.427580600000034], [19.1199191, 47.427610100000024], [19.119965100000005, 47.42763709999999]]}}, {"id": "(470, 455, 0)", "type": "Feature", "properties": {"_status": "original", "osmid": 1152, "highway": "residential", "lanes": null, "name": "T\u00f6r\u00f6k Fl\u00f3ris utca", "oneway": false, "reversed": true, "length": 64.58007714870689, "from": "470", "to": "455", "maxspeed": "50", "bridge": null, "_key": "0", "ref": null, "access": null, "tunnel": null, "width": null}, "geometry": {"type": "LineString", "coordinates": [[19.1185937, 47.42906200000004], [19.118128899999995, 47.429550300000024]]}}, {"id": "(451, 418, 0)", "type": "Feature", "properties": {"_status": "original", "osmid": 1151, "highway": "residential", "lanes": null, "name": "Ady Endre utca", "oneway": false, "reversed": true, "length": 198.7449453516711, "from": "451", "to": "418", "maxspeed": null, "bridge": null, "_key": "0", "ref": null, "access": null, "tunnel": null, "width": "5.6"}, "geometry": {"type": "LineString", "coordinates": [[19.117734599999995, 47.427768400000005], [19.1163971, 47.429309800000034]]}}, {"id": "(451, 434, 0)", "type": "Feature", "properties": {"_status": "original", "osmid": 1153, "highway": "residential", "lanes": null, "name": "Ak\u00e1cfa utca", "oneway": false, "reversed": true, "length": 92.32900270612281, "from": "451", "to": "434", "maxspeed": null, "bridge": null, "_key": "0", "ref": null, "access": null, "tunnel": null, "width": null}, "geometry": {"type": "LineString", "coordinates": [[19.117734599999995, 47.427768400000005], [19.116825299999995, 47.42721070000004]]}}, {"id": "(605, 618, 0)", "type": "Feature", "properties": {"_status": "original", "osmid": 1184, "highway": "tertiary", "lanes": null, "name": "Eperjes utca", "oneway": false, "reversed": true, "length": 64.98570164564998, "from": "618", "to": "605", "maxspeed": null, "bridge": null, "_key": "0", "ref": null, "access": null, "tunnel": null, "width": "7"}, "geometry": {"type": "LineString", "coordinates": [[19.125910299999997, 47.43095940000002], [19.12544939999999, 47.431290900000015], [19.125376700000004, 47.43135440000007], [19.1253324, 47.43139320000004]]}}, {"id": "(534, 599, 0)", "type": "Feature", "properties": {"_status": "original", "osmid": 1272, "highway": "residential", "lanes": null, "name": "R\u00f3zs\u00e1s utca", "oneway": false, "reversed": false, "length": 337.63730022201673, "from": "534", "to": "599", "maxspeed": null, "bridge": null, "_key": "0", "ref": null, "access": null, "tunnel": null, "width": "5.2"}, "geometry": {"type": "LineString", "coordinates": [[19.1211022, 47.42645720000001], [19.1211446, 47.42647940000004], [19.12116719999999, 47.42649260000002], [19.124430299999997, 47.42839890000001], [19.124464400000004, 47.42841880000002], [19.124499900000004, 47.428441100000015]]}}, {"id": "(534, 535, 0)", "type": "Feature", "properties": {"_status": "original", "osmid": 1273, "highway": "residential", "lanes": null, "name": "T\u00f6r\u00f6k Fl\u00f3ris utca", "oneway": false, "reversed": true, "length": 14.876441147417587, "from": "535", "to": "534", "maxspeed": "50", "bridge": null, "_key": "0", "ref": null, "access": null, "tunnel": null, "width": null}, "geometry": {"type": "LineString", "coordinates": [[19.121207599999995, 47.42634400000002], [19.1211022, 47.42645720000001]]}}, {"id": "(599, 611, 0)", "type": "Feature", "properties": {"_status": "original", "osmid": 1238, "highway": "tertiary", "lanes": null, "name": "Vir\u00e1g Benedek utca", "oneway": false, "reversed": true, "length": 75.60763630353169, "from": "599", "to": "611", "maxspeed": null, "bridge": null, "_key": "0", "ref": null, "access": null, "tunnel": null, "width": null}, "geometry": {"type": "LineString", "coordinates": [[19.124499900000004, 47.428441100000015], [19.125158, 47.42798230000002], [19.125199799999994, 47.42795310000005]]}}, {"id": "(695, 717, 0)", "type": "Feature", "properties": {"_status": "original", "osmid": 953, "highway": "residential", "lanes": null, "name": "Als\u00f3 hat\u00e1r\u00fat", "oneway": false, "reversed": true, "length": 185.70396022636595, "from": "717", "to": "695", "maxspeed": null, "bridge": null, "_key": "0", "ref": null, "access": null, "tunnel": null, "width": null}, "geometry": {"type": "LineString", "coordinates": [[19.1309185, 47.426290500000064], [19.130621600000005, 47.42597170000001], [19.1305683, 47.425926400000016], [19.1305072, 47.425885200000025], [19.129268499999988, 47.425156900000005], [19.129194099999996, 47.42511310000006]]}}, {"id": "(695, 685, 0)", "type": "Feature", "properties": {"_status": "original", "osmid": 954, "highway": "tertiary", "lanes": null, "name": "Vir\u00e1g Benedek utca", "oneway": false, "reversed": true, "length": 46.74581454540756, "from": "685", "to": "695", "maxspeed": null, "bridge": null, "_key": "0", "ref": null, "access": null, "tunnel": null, "width": null}, "geometry": {"type": "LineString", "coordinates": [[19.128761699999995, 47.42541500000004], [19.128987399999996, 47.42525540000004], [19.129194099999996, 47.42511310000006]]}}, {"id": "(637, 676, 0)", "type": "Feature", "properties": {"_status": "original", "osmid": 955, "highway": "residential", "lanes": null, "name": "El\u0151d utca", "oneway": false, "reversed": true, "length": 243.14066153463486, "from": "676", "to": "637", "maxspeed": null, "bridge": null, "_key": "0", "ref": null, "access": null, "tunnel": null, "width": "5.5"}, "geometry": {"type": "LineString", "coordinates": [[19.128338799999995, 47.42571830000001], [19.125909599999993, 47.424276000000006]]}}, {"id": "(600, 588, 0)", "type": "Feature", "properties": {"_status": "original", "osmid": 957, "highway": "residential", "lanes": null, "name": "T\u00f6r\u00f6k Fl\u00f3ris utca", "oneway": false, "reversed": false, "length": 68.59646377023597, "from": "588", "to": "600", "maxspeed": "50", "bridge": null, "_key": "0", "ref": null, "access": null, "tunnel": null, "width": null}, "geometry": {"type": "LineString", "coordinates": [[19.123211600000005, 47.42431760000004], [19.1234688, 47.42404640000004], [19.123717099999993, 47.42380430000005]]}}, {"id": "(600, 665, 0)", "type": "Feature", "properties": {"_status": "original", "osmid": 958, "highway": "residential", "lanes": null, "name": "\u00c1brah\u00e1m G\u00e9za utca", "oneway": false, "reversed": true, "length": 399.4868036681205, "from": "665", "to": "600", "maxspeed": null, "bridge": null, "_key": "0", "ref": null, "access": null, "tunnel": null, "width": null}, "geometry": {"type": "LineString", "coordinates": [[19.127740499999998, 47.42614900000005], [19.123760800000003, 47.42383090000004], [19.123717099999993, 47.42380430000005]]}}, {"id": "(717, 705, 0)", "type": "Feature", "properties": {"_status": "original", "osmid": 959, "highway": "residential", "lanes": null, "name": ["Ritka k\u00f6z", "Als\u00f3 hat\u00e1r\u00fat", "El\u0151d utca"], "oneway": false, "reversed": [false, true], "length": 254.76459964717415, "from": "705", "to": "717", "maxspeed": null, "bridge": null, "_key": "0", "ref": null, "access": null, "tunnel": null, "width": "5.5"}, "geometry": {"type": "LineString", "coordinates": [[19.130199499999996, 47.42682450000002], [19.131120399999997, 47.42737860000003], [19.131193500000006, 47.42740690000008], [19.131657400000005, 47.427076700000015], [19.131674899999993, 47.427064200000025], [19.1313012, 47.42668609999998], [19.131102499999994, 47.426480700000035], [19.1309185, 47.426290500000064]]}}, {"id": "(717, 712, 0)", "type": "Feature", "properties": {"_status": "original", "osmid": 960, "highway": "residential", "lanes": null, "name": "Ritka utca", "oneway": false, "reversed": false, "length": 34.001172122639076, "from": "712", "to": "717", "maxspeed": null, "bridge": null, "_key": "0", "ref": null, "access": null, "tunnel": null, "width": "5.5"}, "geometry": {"type": "LineString", "coordinates": [[19.130610199999996, 47.426514100000006], [19.130892299999996, 47.42630960000004], [19.1309185, 47.426290500000064]]}}, {"id": "(685, 676, 0)", "type": "Feature", "properties": {"_status": "original", "osmid": 962, "highway": "tertiary", "lanes": null, "name": "Vir\u00e1g Benedek utca", "oneway": false, "reversed": true, "length": 46.36327202807744, "from": "676", "to": "685", "maxspeed": null, "bridge": null, "_key": "0", "ref": null, "access": null, "tunnel": null, "width": null}, "geometry": {"type": "LineString", "coordinates": [[19.128338799999995, 47.42571830000001], [19.128761699999995, 47.42541500000004]]}}, {"id": "(685, 712, 0)", "type": "Feature", "properties": {"_status": "original", "osmid": 961, "highway": "residential", "lanes": null, "name": "Bulcs\u00fa utca", "oneway": false, "reversed": false, "length": 185.13205731238432, "from": "712", "to": "685", "maxspeed": null, "bridge": null, "_key": "0", "ref": null, "access": null, "tunnel": null, "width": null}, "geometry": {"type": "LineString", "coordinates": [[19.130610199999996, 47.426514100000006], [19.130556, 47.426481900000006], [19.128864199999995, 47.42547589999998], [19.128826700000005, 47.42545370000005], [19.128761699999995, 47.42541500000004]]}}, {"id": "(676, 665, 0)", "type": "Feature", "properties": {"_status": "original", "osmid": 966, "highway": "tertiary", "lanes": null, "name": "Vir\u00e1g Benedek utca", "oneway": false, "reversed": true, "length": 65.72238119762194, "from": "665", "to": "676", "maxspeed": null, "bridge": null, "_key": "0", "ref": null, "access": null, "tunnel": null, "width": null}, "geometry": {"type": "LineString", "coordinates": [[19.127740499999998, 47.42614900000005], [19.12780800000001, 47.42610040000001], [19.128338799999995, 47.42571830000001]]}}, {"id": "(676, 705, 0)", "type": "Feature", "properties": {"_status": "original", "osmid": 963, "highway": "residential", "lanes": null, "name": "El\u0151d utca", "oneway": false, "reversed": true, "length": 186.3419932236316, "from": "705", "to": "676", "maxspeed": null, "bridge": null, "_key": "0", "ref": null, "access": null, "tunnel": null, "width": "5.5"}, "geometry": {"type": "LineString", "coordinates": [[19.130199499999996, 47.42682450000002], [19.130156599999992, 47.42679900000002], [19.1284372, 47.4257768], [19.128393699999993, 47.42575090000004], [19.128338799999995, 47.42571830000001]]}}, {"id": "(588, 544, 0)", "type": "Feature", "properties": {"_status": "original", "osmid": 1258, "highway": "residential", "lanes": null, "name": "Frangep\u00e1n utca", "oneway": false, "reversed": true, "length": 221.12098028023374, "from": "588", "to": "544", "maxspeed": null, "bridge": null, "_key": "0", "ref": null, "access": null, "tunnel": null, "width": "6"}, "geometry": {"type": "LineString", "coordinates": [[19.123211600000005, 47.42431760000004], [19.123146399999996, 47.42427960000005], [19.1209864, 47.42301840000002]]}}, {"id": "(588, 654, 0)", "type": "Feature", "properties": {"_status": "original", "osmid": 1264, "highway": "residential", "lanes": null, "name": "Frangep\u00e1n utca", "oneway": false, "reversed": false, "length": 387.49964119379644, "from": "588", "to": "654", "maxspeed": null, "bridge": null, "_key": "0", "ref": null, "access": null, "tunnel": null, "width": "6"}, "geometry": {"type": "LineString", "coordinates": [[19.123211600000005, 47.42431760000004], [19.123260299999995, 47.42434570000001], [19.123287, 47.42436120000003], [19.127120099999992, 47.42658740000003]]}}, {"id": "(588, 575, 0)", "type": "Feature", "properties": {"_status": "original", "osmid": 1265, "highway": "residential", "lanes": null, "name": "T\u00f6r\u00f6k Fl\u00f3ris utca", "oneway": false, "reversed": true, "length": 68.93972784922926, "from": "588", "to": "575", "maxspeed": "50", "bridge": null, "_key": "0", "ref": null, "access": null, "tunnel": null, "width": null}, "geometry": {"type": "LineString", "coordinates": [[19.123211600000005, 47.42431760000004], [19.123146900000002, 47.42438180000002], [19.122700499999997, 47.42483220000005]]}}, {"id": "(665, 697, 0)", "type": "Feature", "properties": {"_status": "original", "osmid": 1266, "highway": "tertiary", "lanes": null, "name": "\u00c1brah\u00e1m G\u00e9za utca", "oneway": true, "reversed": false, "length": 185.68776145260912, "from": "665", "to": "697", "maxspeed": null, "bridge": null, "_key": "0", "ref": null, "access": null, "tunnel": null, "width": "6.3"}, "geometry": {"type": "LineString", "coordinates": [[19.127740499999998, 47.42614900000005], [19.12779419999999, 47.42618099999999], [19.12956579999999, 47.427224300000006], [19.129602699999996, 47.427245100000064]]}}, {"id": "(665, 654, 0)", "type": "Feature", "properties": {"_status": "original", "osmid": 1267, "highway": "tertiary", "lanes": null, "name": "Vir\u00e1g Benedek utca", "oneway": false, "reversed": true, "length": 67.4874919264605, "from": "654", "to": "665", "maxspeed": null, "bridge": null, "_key": "0", "ref": null, "access": null, "tunnel": null, "width": null}, "geometry": {"type": "LineString", "coordinates": [[19.127120099999992, 47.42658740000003], [19.127740499999998, 47.42614900000005]]}}, {"id": "(705, 712, 0)", "type": "Feature", "properties": {"_status": "original", "osmid": 964, "highway": "residential", "lanes": null, "name": "Ritka utca", "oneway": false, "reversed": true, "length": 46.32313149272581, "from": "712", "to": "705", "maxspeed": null, "bridge": null, "_key": "0", "ref": null, "access": null, "tunnel": null, "width": "5.5"}, "geometry": {"type": "LineString", "coordinates": [[19.130610199999996, 47.426514100000006], [19.130199499999996, 47.42682450000002]]}}, {"id": "(705, 697, 0)", "type": "Feature", "properties": {"_status": "original", "osmid": 965, "highway": "residential", "lanes": null, "name": "Ritka utca", "oneway": false, "reversed": false, "length": 64.84213773606699, "from": "697", "to": "705", "maxspeed": null, "bridge": null, "_key": "0", "ref": null, "access": null, "tunnel": null, "width": "5.5"}, "geometry": {"type": "LineString", "coordinates": [[19.129602699999996, 47.427245100000064], [19.1296882, 47.42719050000003], [19.130199499999996, 47.42682450000002]]}}, {"id": "(697, 718, 0)", "type": "Feature", "properties": {"_status": "original", "osmid": 1268, "highway": "tertiary", "lanes": null, "name": "\u00c1brah\u00e1m G\u00e9za utca", "oneway": true, "reversed": false, "length": 242.91581983404532, "from": "697", "to": "718", "maxspeed": null, "bridge": null, "_key": "0", "ref": null, "access": null, "tunnel": null, "width": ["10.6", "6.5"]}, "geometry": {"type": "LineString", "coordinates": [[19.129602699999996, 47.427245100000064], [19.1304219, 47.42771820000004], [19.130566700000006, 47.42781890000007], [19.130690199999993, 47.42794470000003], [19.130846700000006, 47.428128300000026], [19.130905800000004, 47.42821540000004], [19.130936600000002, 47.4282607], [19.130948199999995, 47.42827870000006], [19.131411300000007, 47.42900080000005]]}}, {"id": "(697, 680, 0)", "type": "Feature", "properties": {"_status": "original", "osmid": 1269, "highway": "residential", "lanes": null, "name": "Ritka utca", "oneway": false, "reversed": false, "length": 71.01999276660383, "from": "680", "to": "697", "maxspeed": null, "bridge": null, "_key": "0", "ref": null, "access": null, "tunnel": null, "width": "6"}, "geometry": {"type": "LineString", "coordinates": [[19.128956599999995, 47.42771080000007], [19.1295187, 47.42730570000005], [19.129602699999996, 47.427245100000064]]}}, {"id": "(594, 627, 0)", "type": "Feature", "properties": {"_status": "original", "osmid": 970, "highway": "residential", "lanes": null, "name": "Mar\u00f3t utca", "oneway": false, "reversed": true, "length": 182.51787817392162, "from": "627", "to": "594", "maxspeed": "30", "bridge": null, "_key": "0", "ref": null, "access": null, "tunnel": null, "width": "6"}, "geometry": {"type": "LineString", "coordinates": [[19.128212199999993, 47.440341500000045], [19.126542199999992, 47.441532500000015]]}}, {"id": "(627, 619, 0)", "type": "Feature", "properties": {"_status": "original", "osmid": 1017, "highway": "residential", "lanes": null, "name": "Debrecen utca", "oneway": false, "reversed": false, "length": 68.39580175015753, "from": "627", "to": "619", "maxspeed": "30", "bridge": null, "_key": "0", "ref": null, "access": null, "tunnel": null, "width": "6"}, "geometry": {"type": "LineString", "coordinates": [[19.128212199999993, 47.440341500000045], [19.127574899999992, 47.43990270000004]]}}, {"id": "(627, 663, 0)", "type": "Feature", "properties": {"_status": "original", "osmid": 1018, "highway": "residential", "lanes": null, "name": "Mar\u00f3t utca", "oneway": false, "reversed": false, "length": 179.41256068836717, "from": "627", "to": "663", "maxspeed": "30", "bridge": null, "_key": "0", "ref": null, "access": null, "tunnel": null, "width": "6"}, "geometry": {"type": "LineString", "coordinates": [[19.128212199999993, 47.440341500000045], [19.128250199999997, 47.440314300000054], [19.1298208, 47.43920170000005], [19.1298594, 47.43917439999999]]}}, {"id": "(627, 638, 0)", "type": "Feature", "properties": {"_status": "original", "osmid": 1019, "highway": "residential", "lanes": null, "name": "Debrecen utca", "oneway": false, "reversed": false, "length": 68.32821868957205, "from": "638", "to": "627", "maxspeed": "30", "bridge": null, "_key": "0", "ref": null, "access": null, "tunnel": null, "width": "6"}, "geometry": {"type": "LineString", "coordinates": [[19.128856999999996, 47.4407744], [19.128212199999993, 47.440341500000045]]}}, {"id": "(743, 741, 0)", "type": "Feature", "properties": {"_status": "original", "osmid": 975, "highway": "residential", "lanes": null, "name": "Vas\u00fat sor", "oneway": false, "reversed": true, "length": 82.75806425343589, "from": "741", "to": "743", "maxspeed": null, "bridge": null, "_key": "0", "ref": null, "access": null, "tunnel": null, "width": "6"}, "geometry": {"type": "LineString", "coordinates": [[19.134618899999996, 47.43635290000003], [19.134769299999995, 47.43699530000005], [19.134791000000007, 47.43708800000007]]}}, {"id": "(743, 751, 0)", "type": "Feature", "properties": {"_status": "original", "osmid": 976, "highway": "residential", "lanes": null, "name": "Szamos utca", "oneway": false, "reversed": false, "length": 96.00725717055042, "from": "751", "to": "743", "maxspeed": null, "bridge": null, "_key": "0", "ref": null, "access": null, "tunnel": null, "width": null}, "geometry": {"type": "LineString", "coordinates": [[19.135662599999993, 47.436457200000035], [19.135615500000004, 47.43649130000002], [19.134857400000005, 47.43704], [19.134791000000007, 47.43708800000007]]}}, {"id": "(756, 763, 0)", "type": "Feature", "properties": {"_status": "original", "osmid": 978, "highway": "residential", "lanes": null, "name": "D\u00e9va utca", "oneway": false, "reversed": false, "length": 64.25431181159837, "from": "756", "to": "763", "maxspeed": null, "bridge": null, "_key": "0", "ref": null, "access": null, "tunnel": null, "width": null}, "geometry": {"type": "LineString", "coordinates": [[19.136284699999997, 47.436874000000046], [19.1368364, 47.43722710000003], [19.1368524, 47.4372378], [19.1369039, 47.43727210000006]]}}, {"id": "(756, 751, 0)", "type": "Feature", "properties": {"_status": "original", "osmid": 979, "highway": "residential", "lanes": null, "name": "D\u00e9va utca", "oneway": false, "reversed": true, "length": 65.85787824889077, "from": "756", "to": "751", "maxspeed": null, "bridge": null, "_key": "0", "ref": null, "access": null, "tunnel": null, "width": null}, "geometry": {"type": "LineString", "coordinates": [[19.136284699999997, 47.436874000000046], [19.135662599999993, 47.436457200000035]]}}, {"id": "(741, 760, 0)", "type": "Feature", "properties": {"_status": "original", "osmid": 1323, "highway": "residential", "lanes": null, "name": "Brezn\u00f3 utca", "oneway": false, "reversed": false, "length": 174.25181415596907, "from": "760", "to": "741", "maxspeed": null, "bridge": null, "_key": "0", "ref": null, "access": null, "tunnel": null, "width": null}, "geometry": {"type": "LineString", "coordinates": [[19.13624980000001, 47.435239900000006], [19.1346826, 47.43630950000001], [19.134618899999996, 47.43635290000003]]}}, {"id": "(751, 765, 0)", "type": "Feature", "properties": {"_status": "original", "osmid": 994, "highway": "residential", "lanes": null, "name": "Szamos utca", "oneway": false, "reversed": false, "length": 128.41730814382876, "from": "765", "to": "751", "maxspeed": null, "bridge": null, "_key": "0", "ref": null, "access": null, "tunnel": null, "width": null}, "geometry": {"type": "LineString", "coordinates": [[19.136833999999997, 47.43561700000004], [19.135686099999994, 47.436440400000066], [19.135662599999993, 47.436457200000035]]}}, {"id": "(802, 796, 0)", "type": "Feature", "properties": {"_status": "original", "osmid": 1222, "highway": "residential", "lanes": null, "name": "Vaskapu utca", "oneway": false, "reversed": false, "length": 66.88488408944966, "from": "802", "to": "796", "maxspeed": null, "bridge": null, "_key": "0", "ref": null, "access": null, "tunnel": null, "width": "4.6"}, "geometry": {"type": "LineString", "coordinates": [[19.140184600000005, 47.43325610000002], [19.139568599999993, 47.43368990000004]]}}, {"id": "(802, 798, 0)", "type": "Feature", "properties": {"_status": "original", "osmid": 1315, "highway": "residential", "lanes": null, "name": "Farkaslaka utca", "oneway": false, "reversed": true, "length": 57.34489276084313, "from": "798", "to": "802", "maxspeed": null, "bridge": null, "_key": "0", "ref": null, "access": null, "tunnel": null, "width": null}, "geometry": {"type": "LineString", "coordinates": [[19.1396347, 47.43289890000005], [19.140184600000005, 47.43325610000002]]}}, {"id": "(789, 769, 0)", "type": "Feature", "properties": {"_status": "original", "osmid": 1205, "highway": "tertiary", "lanes": null, "name": "Szabadka utca", "oneway": false, "reversed": true, "length": 241.92924402683278, "from": "789", "to": "769", "maxspeed": null, "bridge": null, "_key": "0", "ref": null, "access": null, "tunnel": null, "width": null}, "geometry": {"type": "LineString", "coordinates": [[19.138939899999997, 47.434134400000026], [19.13750869999999, 47.43319320000002], [19.136617900000005, 47.43262900000003]]}}, {"id": "(789, 782, 0)", "type": "Feature", "properties": {"_status": "original", "osmid": 1218, "highway": "residential", "lanes": null, "name": "Vaskapu utca", "oneway": false, "reversed": true, "length": 76.66693637038325, "from": "782", "to": "789", "maxspeed": null, "bridge": null, "_key": "0", "ref": null, "access": null, "tunnel": null, "width": "4.6"}, "geometry": {"type": "LineString", "coordinates": [[19.1382325, 47.43463080000002], [19.138864499999993, 47.43418710000002], [19.1388765, 47.434178700000004], [19.138939899999997, 47.434134400000026]]}}, {"id": "(789, 796, 0)", "type": "Feature", "properties": {"_status": "original", "osmid": 1219, "highway": "residential", "lanes": null, "name": "Vaskapu utca", "oneway": false, "reversed": false, "length": 68.40518433336209, "from": "796", "to": "789", "maxspeed": null, "bridge": null, "_key": "0", "ref": null, "access": null, "tunnel": null, "width": "4.6"}, "geometry": {"type": "LineString", "coordinates": [[19.139568599999993, 47.43368990000004], [19.139033999999995, 47.43406650000001], [19.138939899999997, 47.434134400000026]]}}, {"id": "(775, 782, 0)", "type": "Feature", "properties": {"_status": "original", "osmid": 985, "highway": "residential", "lanes": null, "name": "Vaskapu utca", "oneway": false, "reversed": true, "length": 55.302028819125965, "from": "775", "to": "782", "maxspeed": null, "bridge": null, "_key": "0", "ref": null, "access": null, "tunnel": null, "width": "4.6"}, "geometry": {"type": "LineString", "coordinates": [[19.1377232, 47.434989500000036], [19.1382325, 47.43463080000002]]}}, {"id": "(775, 774, 0)", "type": "Feature", "properties": {"_status": "original", "osmid": 986, "highway": "residential", "lanes": null, "name": "Hunyadi J\u00e1nos t\u00e9r", "oneway": false, "reversed": true, "length": 21.08308608310366, "from": "774", "to": "775", "maxspeed": null, "bridge": null, "_key": "0", "ref": null, "access": null, "tunnel": null, "width": null}, "geometry": {"type": "LineString", "coordinates": [[19.137528500000002, 47.435125900000045], [19.1377232, 47.434989500000036]]}}, {"id": "(782, 761, 0)", "type": "Feature", "properties": {"_status": "original", "osmid": 1216, "highway": "residential", "lanes": null, "name": "Sz\u00e1szv\u00e1ros utca", "oneway": false, "reversed": false, "length": 240.28866322284523, "from": "782", "to": "761", "maxspeed": null, "bridge": null, "_key": "0", "ref": null, "access": null, "tunnel": null, "width": null}, "geometry": {"type": "LineString", "coordinates": [[19.1382325, 47.43463080000002], [19.135934299999995, 47.43312980000005]]}}, {"id": "(774, 765, 0)", "type": "Feature", "properties": {"_status": "original", "osmid": 995, "highway": "residential", "lanes": null, "name": "Hunyadi J\u00e1nos t\u00e9r", "oneway": false, "reversed": false, "length": 75.56910263917523, "from": "774", "to": "765", "maxspeed": null, "bridge": null, "_key": "0", "ref": null, "access": null, "tunnel": null, "width": null}, "geometry": {"type": "LineString", "coordinates": [[19.137528500000002, 47.435125900000045], [19.136833999999997, 47.43561700000004]]}}, {"id": "(774, 752, 0)", "type": "Feature", "properties": {"_status": "original", "osmid": 1318, "highway": "residential", "lanes": null, "name": "Nagyszalonta utca", "oneway": false, "reversed": true, "length": 239.57685681449138, "from": "752", "to": "774", "maxspeed": null, "bridge": null, "_key": "0", "ref": null, "access": null, "tunnel": null, "width": null}, "geometry": {"type": "LineString", "coordinates": [[19.135241300000004, 47.43362640000005], [19.1352904, 47.4336586], [19.137528500000002, 47.435125900000045]]}}, {"id": "(765, 760, 0)", "type": "Feature", "properties": {"_status": "original", "osmid": 996, "highway": "residential", "lanes": null, "name": "Tusn\u00e1d utca", "oneway": false, "reversed": false, "length": 60.73733163381256, "from": "760", "to": "765", "maxspeed": null, "bridge": null, "_key": "0", "ref": null, "access": null, "tunnel": null, "width": null}, "geometry": {"type": "LineString", "coordinates": [[19.13624980000001, 47.435239900000006], [19.136833999999997, 47.43561700000004]]}}, {"id": "(760, 753, 0)", "type": "Feature", "properties": {"_status": "original", "osmid": 1325, "highway": "residential", "lanes": null, "name": "Tusn\u00e1d utca", "oneway": false, "reversed": false, "length": 71.30370644167294, "from": "753", "to": "760", "maxspeed": null, "bridge": null, "_key": "0", "ref": null, "access": null, "tunnel": null, "width": null}, "geometry": {"type": "LineString", "coordinates": [[19.135556299999998, 47.43480270000001], [19.13624980000001, 47.435239900000006]]}}, {"id": "(448, 471, 0)", "type": "Feature", "properties": {"_status": "original", "osmid": 1065, "highway": "residential", "lanes": null, "name": "P\u00f6ltenberg utca", "oneway": false, "reversed": false, "length": 108.50698112929187, "from": "448", "to": "471", "maxspeed": null, "bridge": null, "_key": "0", "ref": null, "access": null, "tunnel": null, "width": null}, "geometry": {"type": "LineString", "coordinates": [[19.1192891, 47.43748140000004], [19.119348899999995, 47.43752030000001], [19.120217800000002, 47.43808610000002], [19.12027820000001, 47.43812640000003], [19.1203274, 47.43815890000002]]}}, {"id": "(448, 465, 0)", "type": "Feature", "properties": {"_status": "original", "osmid": 1068, "highway": "residential", "lanes": null, "name": "N\u00e9vtelen t\u00e9r", "oneway": false, "reversed": true, "length": 64.39436126827893, "from": "465", "to": "448", "maxspeed": null, "bridge": null, "_key": "0", "ref": null, "access": null, "tunnel": null, "width": null}, "geometry": {"type": "LineString", "coordinates": [[19.1198681, 47.43705479999999], [19.1198186, 47.437091300000034], [19.1193886, 47.437408099999985], [19.1193267, 47.4374544], [19.1192891, 47.43748140000004]]}}, {"id": "(394, 377, 0)", "type": "Feature", "properties": {"_status": "original", "osmid": 1085, "highway": "residential", "lanes": null, "name": "Uzsok utca", "oneway": false, "reversed": true, "length": 75.39010199920031, "from": "394", "to": "377", "maxspeed": null, "bridge": null, "_key": "0", "ref": null, "access": null, "tunnel": null, "width": null}, "geometry": {"type": "LineString", "coordinates": [[19.116132499999996, 47.4354071], [19.116095199999993, 47.43544070000001], [19.115568, 47.43591630000001], [19.11553109999999, 47.435949500000035]]}}, {"id": "(589, 602, 0)", "type": "Feature", "properties": {"_status": "original", "osmid": 1223, "highway": "residential", "lanes": null, "name": "\u00c9rsek\u00fajv\u00e1r utca", "oneway": false, "reversed": true, "length": 87.59526371507579, "from": "589", "to": "602", "maxspeed": null, "bridge": null, "_key": "0", "ref": null, "access": null, "tunnel": null, "width": null}, "geometry": {"type": "LineString", "coordinates": [[19.1247347, 47.432905400000045], [19.1247326, 47.43278310000006], [19.124737300000003, 47.432763599999994], [19.1247485, 47.43274310000005], [19.124763400000006, 47.43272770000003], [19.125379900000002, 47.432288800000045]]}}, {"id": "(589, 595, 0)", "type": "Feature", "properties": {"_status": "original", "osmid": 1224, "highway": "residential", "lanes": null, "name": "Szil\u00e1gys\u00e1g utca", "oneway": false, "reversed": true, "length": 24.408348231417165, "from": "589", "to": "595", "maxspeed": null, "bridge": null, "_key": "0", "ref": null, "access": null, "tunnel": null, "width": null}, "geometry": {"type": "LineString", "coordinates": [[19.1247347, 47.432905400000045], [19.1250592, 47.43290570000001]]}}, {"id": "(682, 672, 0)", "type": "Feature", "properties": {"_status": "original", "osmid": 1011, "highway": "residential", "lanes": null, "name": "Magyar utca", "oneway": false, "reversed": false, "length": 69.56300386173754, "from": "682", "to": "672", "maxspeed": "30", "bridge": null, "_key": "0", "ref": null, "access": null, "tunnel": null, "width": "7"}, "geometry": {"type": "LineString", "coordinates": [[19.131179799999995, 47.4400316], [19.131131200000002, 47.44], [19.1305535, 47.43962500000001], [19.130512500000002, 47.43959840000002]]}}, {"id": "(638, 672, 0)", "type": "Feature", "properties": {"_status": "original", "osmid": 1059, "highway": "residential", "lanes": null, "name": "Csoma utca", "oneway": false, "reversed": false, "length": 180.55882238614308, "from": "638", "to": "672", "maxspeed": "30", "bridge": null, "_key": "0", "ref": null, "access": null, "tunnel": null, "width": "5.5"}, "geometry": {"type": "LineString", "coordinates": [[19.128856999999996, 47.4407744], [19.128904300000006, 47.44074080000005], [19.130480099999993, 47.43962140000003], [19.130512500000002, 47.43959840000002]]}}, {"id": "(672, 663, 0)", "type": "Feature", "properties": {"_status": "original", "osmid": 1058, "highway": "residential", "lanes": null, "name": "Magyar utca", "oneway": false, "reversed": false, "length": 68.08442271917264, "from": "672", "to": "663", "maxspeed": "30", "bridge": null, "_key": "0", "ref": null, "access": null, "tunnel": null, "width": "7"}, "geometry": {"type": "LineString", "coordinates": [[19.130512500000002, 47.43959840000002], [19.130473200000008, 47.43957290000001], [19.130388500000002, 47.43951790000002], [19.1299075, 47.439205599999994], [19.1298594, 47.43917439999999]]}}, {"id": "(675, 656, 0)", "type": "Feature", "properties": {"_status": "original", "osmid": 1051, "highway": "tertiary", "lanes": "2", "name": "M\u00e1rt\u00edrok \u00fatja", "oneway": false, "reversed": true, "length": 112.75075910708313, "from": "675", "to": "656", "maxspeed": null, "bridge": null, "_key": "0", "ref": null, "access": null, "tunnel": null, "width": null}, "geometry": {"type": "LineString", "coordinates": [[19.130278499999992, 47.43714389999998], [19.1292359, 47.43787250000003]]}}, {"id": "(531, 547, 0)", "type": "Feature", "properties": {"_status": "original", "osmid": 1021, "highway": "tertiary", "lanes": "2", "name": "M\u00e1rt\u00edrok \u00fatja", "oneway": false, "reversed": true, "length": 74.69701874980436, "from": "547", "to": "531", "maxspeed": "50", "bridge": null, "_key": "0", "ref": null, "access": null, "tunnel": null, "width": null}, "geometry": {"type": "LineString", "coordinates": [[19.12436969999999, 47.4412952], [19.1236865, 47.44178280000004]]}}, {"id": "(619, 607, 0)", "type": "Feature", "properties": {"_status": "original", "osmid": 1027, "highway": "residential", "lanes": null, "name": "Debrecen utca", "oneway": false, "reversed": false, "length": 65.92783490622081, "from": "619", "to": "607", "maxspeed": "30", "bridge": null, "_key": "0", "ref": null, "access": null, "tunnel": null, "width": "6"}, "geometry": {"type": "LineString", "coordinates": [[19.127574899999992, 47.43990270000004], [19.127536599999996, 47.43987940000005], [19.1270419, 47.4395645], [19.12701729999999, 47.43954880000003], [19.1269879, 47.43953330000002], [19.126935099999997, 47.43949760000007]]}}, {"id": "(619, 653, 0)", "type": "Feature", "properties": {"_status": "original", "osmid": 1028, "highway": "residential", "lanes": null, "name": "Zal\u00e1n utca", "oneway": false, "reversed": true, "length": 177.40610956062181, "from": "653", "to": "619", "maxspeed": "30", "bridge": null, "_key": "0", "ref": null, "access": null, "tunnel": null, "width": "6"}, "geometry": {"type": "LineString", "coordinates": [[19.129216799999995, 47.438757200000026], [19.1291765, 47.438785300000006], [19.1276122, 47.43987620000005], [19.127574899999992, 47.43990270000004]]}}, {"id": "(568, 565, 0)", "type": "Feature", "properties": {"_status": "original", "osmid": 1029, "highway": "tertiary", "lanes": "2", "name": "M\u00e1rt\u00edrok \u00fatja", "oneway": false, "reversed": false, "length": 8.114566567823966, "from": "565", "to": "568", "maxspeed": "50", "bridge": null, "_key": "0", "ref": null, "access": null, "tunnel": null, "width": null}, "geometry": {"type": "LineString", "coordinates": [[19.125162099999997, 47.440737500000026], [19.12523809999999, 47.440685700000024]]}}, {"id": "(568, 585, 0)", "type": "Feature", "properties": {"_status": "original", "osmid": 1030, "highway": "tertiary", "lanes": "2", "name": "M\u00e1rt\u00edrok \u00fatja", "oneway": false, "reversed": true, "length": 74.79332746112516, "from": "585", "to": "568", "maxspeed": "50", "bridge": null, "_key": "0", "ref": null, "access": null, "tunnel": null, "width": null}, "geometry": {"type": "LineString", "coordinates": [[19.125924199999996, 47.440198800000026], [19.125300200000005, 47.44063970000003], [19.12523809999999, 47.440685700000024]]}}, {"id": "(663, 653, 0)", "type": "Feature", "properties": {"_status": "original", "osmid": 1047, "highway": "residential", "lanes": null, "name": "Magyar utca", "oneway": false, "reversed": true, "length": 66.99138505424112, "from": "653", "to": "663", "maxspeed": "30", "bridge": null, "_key": "0", "ref": null, "access": null, "tunnel": null, "width": "7"}, "geometry": {"type": "LineString", "coordinates": [[19.129216799999995, 47.438757200000026], [19.129259699999995, 47.43878510000004], [19.1298212, 47.43914960000001], [19.1298594, 47.43917439999999]]}}, {"id": "(547, 565, 0)", "type": "Feature", "properties": {"_status": "original", "osmid": 1023, "highway": "tertiary", "lanes": "2", "name": "M\u00e1rt\u00edrok \u00fatja", "oneway": false, "reversed": false, "length": 86.00633987511256, "from": "547", "to": "565", "maxspeed": "50", "bridge": null, "_key": "0", "ref": null, "access": null, "tunnel": null, "width": null}, "geometry": {"type": "LineString", "coordinates": [[19.12436969999999, 47.4412952], [19.125162099999997, 47.440737500000026]]}}, {"id": "(547, 509, 0)", "type": "Feature", "properties": {"_status": "original", "osmid": 1024, "highway": "residential", "lanes": null, "name": "Tompa utca", "oneway": false, "reversed": true, "length": 228.55519676279982, "from": "509", "to": "547", "maxspeed": "50", "bridge": null, "_key": "0", "ref": null, "access": null, "tunnel": null, "width": "6"}, "geometry": {"type": "LineString", "coordinates": [[19.122199699999996, 47.439856200000015], [19.122236099999995, 47.43988039999998], [19.1242878, 47.44124190000003], [19.124309099999994, 47.44125580000004], [19.12436969999999, 47.4412952]]}}, {"id": "(565, 524, 0)", "type": "Feature", "properties": {"_status": "original", "osmid": 1031, "highway": "residential", "lanes": null, "name": "M\u00e9zes utca", "oneway": false, "reversed": false, "length": 226.74661961299665, "from": "524", "to": "565", "maxspeed": "50", "bridge": null, "_key": "0", "ref": null, "access": null, "tunnel": null, "width": null}, "geometry": {"type": "LineString", "coordinates": [[19.1229953, 47.43931960000004], [19.123027599999997, 47.43934070000005], [19.1250753, 47.44068080000002], [19.1251037, 47.44069940000008], [19.125162099999997, 47.440737500000026]]}}, {"id": "(509, 524, 0)", "type": "Feature", "properties": {"_status": "original", "osmid": 1034, "highway": "residential", "lanes": null, "name": "Pir\u00f3k Gyula utca", "oneway": false, "reversed": true, "length": 84.501702424605, "from": "524", "to": "509", "maxspeed": null, "bridge": null, "_key": "0", "ref": null, "access": null, "tunnel": null, "width": null}, "geometry": {"type": "LineString", "coordinates": [[19.1229953, 47.43931960000004], [19.1229533, 47.43934790000002], [19.122231800000005, 47.43983450000002], [19.122199699999996, 47.439856200000015]]}}, {"id": "(509, 481, 0)", "type": "Feature", "properties": {"_status": "original", "osmid": 1061, "highway": "residential", "lanes": null, "name": "Tompa utca", "oneway": false, "reversed": true, "length": 151.71946339157844, "from": "481", "to": "509", "maxspeed": "50", "bridge": null, "_key": "0", "ref": null, "access": null, "tunnel": null, "width": "6"}, "geometry": {"type": "LineString", "coordinates": [[19.1207653, 47.43889680000005], [19.1220726, 47.43977120000002], [19.1221712, 47.4398371], [19.122199699999996, 47.439856200000015]]}}, {"id": "(607, 592, 0)", "type": "Feature", "properties": {"_status": "original", "osmid": 1037, "highway": "tertiary", "lanes": "2", "name": "M\u00e1rt\u00edrok \u00fatja", "oneway": false, "reversed": false, "length": 75.03506065195315, "from": "592", "to": "607", "maxspeed": null, "bridge": null, "_key": "0", "ref": null, "access": null, "tunnel": null, "width": null}, "geometry": {"type": "LineString", "coordinates": [[19.126236099999993, 47.43997909999999], [19.126935099999997, 47.43949760000007]]}}, {"id": "(607, 642, 0)", "type": "Feature", "properties": {"_status": "original", "osmid": 1040, "highway": "tertiary", "lanes": "2", "name": "M\u00e1rt\u00edrok \u00fatja", "oneway": false, "reversed": true, "length": 177.57834546617502, "from": "642", "to": "607", "maxspeed": null, "bridge": null, "_key": "0", "ref": null, "access": null, "tunnel": null, "width": null}, "geometry": {"type": "LineString", "coordinates": [[19.128560399999998, 47.43833920000002], [19.128519199999996, 47.43836750000004], [19.126935099999997, 47.43949760000007]]}}, {"id": "(585, 592, 0)", "type": "Feature", "properties": {"_status": "original", "osmid": 1032, "highway": "tertiary", "lanes": "2", "name": "M\u00e1rt\u00edrok \u00fatja", "oneway": false, "reversed": true, "length": 33.86815222292082, "from": "592", "to": "585", "maxspeed": null, "bridge": null, "_key": "0", "ref": null, "access": null, "tunnel": null, "width": null}, "geometry": {"type": "LineString", "coordinates": [[19.126236099999993, 47.43997909999999], [19.125924199999996, 47.440198800000026]]}}, {"id": "(585, 542, 0)", "type": "Feature", "properties": {"_status": "original", "osmid": 1033, "highway": "residential", "lanes": null, "name": "Aulich utca", "oneway": false, "reversed": true, "length": 225.90583012068788, "from": "542", "to": "585", "maxspeed": null, "bridge": null, "_key": "0", "ref": null, "access": null, "tunnel": null, "width": null}, "geometry": {"type": "LineString", "coordinates": [[19.123754100000003, 47.438794200000004], [19.123796900000002, 47.43882430000005], [19.1258442, 47.440148100000044], [19.125865899999994, 47.44016210000006], [19.125924199999996, 47.440198800000026]]}}, {"id": "(524, 542, 0)", "type": "Feature", "properties": {"_status": "original", "osmid": 1035, "highway": "residential", "lanes": null, "name": "Pir\u00f3k Gyula utca", "oneway": false, "reversed": false, "length": 81.66996219016174, "from": "524", "to": "542", "maxspeed": null, "bridge": null, "_key": "0", "ref": null, "access": null, "tunnel": null, "width": null}, "geometry": {"type": "LineString", "coordinates": [[19.1229953, 47.43931960000004], [19.123034799999996, 47.439292200000054], [19.123754100000003, 47.438794200000004]]}}, {"id": "(524, 499, 0)", "type": "Feature", "properties": {"_status": "original", "osmid": 1036, "highway": "residential", "lanes": null, "name": "M\u00e9zes utca", "oneway": false, "reversed": true, "length": 152.43509917718814, "from": "524", "to": "499", "maxspeed": "50", "bridge": null, "_key": "0", "ref": null, "access": null, "tunnel": null, "width": null}, "geometry": {"type": "LineString", "coordinates": [[19.1229953, 47.43931960000004], [19.1229633, 47.43929810000002], [19.1228952, 47.43925220000004], [19.121559099999995, 47.4383523]]}}, {"id": "(592, 577, 0)", "type": "Feature", "properties": {"_status": "original", "osmid": 1038, "highway": "residential", "lanes": null, "name": "L\u0151cse utca", "oneway": false, "reversed": true, "length": 87.18276157228962, "from": "577", "to": "592", "maxspeed": null, "bridge": null, "_key": "0", "ref": null, "access": null, "tunnel": null, "width": null}, "geometry": {"type": "LineString", "coordinates": [[19.125418, 47.43942370000002], [19.1261514, 47.43992329999999], [19.126187500000007, 47.439945200000025], [19.126236099999993, 47.43997909999999]]}}, {"id": "(542, 550, 0)", "type": "Feature", "properties": {"_status": "original", "osmid": 1039, "highway": "residential", "lanes": null, "name": "Pir\u00f3k Gyula utca", "oneway": false, "reversed": false, "length": 35.003572189432944, "from": "542", "to": "550", "maxspeed": null, "bridge": null, "_key": "0", "ref": null, "access": null, "tunnel": null, "width": null}, "geometry": {"type": "LineString", "coordinates": [[19.123754100000003, 47.438794200000004], [19.124050799999996, 47.43859170000003], [19.124081700000005, 47.43857060000005]]}}, {"id": "(499, 481, 0)", "type": "Feature", "properties": {"_status": "original", "osmid": 1064, "highway": "residential", "lanes": null, "name": "Tompa k\u00f6z", "oneway": false, "reversed": true, "length": 85.03060549567326, "from": "499", "to": "481", "maxspeed": null, "bridge": null, "_key": "0", "ref": null, "access": null, "tunnel": null, "width": null}, "geometry": {"type": "LineString", "coordinates": [[19.121559099999995, 47.4383523], [19.121523799999995, 47.43837730000002], [19.120796600000006, 47.43887580000001], [19.1207653, 47.43889680000005]]}}, {"id": "(499, 484, 0)", "type": "Feature", "properties": {"_status": "original", "osmid": 1067, "highway": "residential", "lanes": null, "name": "M\u00e9zes utca", "oneway": false, "reversed": true, "length": 81.45675483459773, "from": "499", "to": "484", "maxspeed": "50", "bridge": null, "_key": "0", "ref": null, "access": null, "tunnel": null, "width": null}, "geometry": {"type": "LineString", "coordinates": [[19.121559099999995, 47.4383523], [19.120857499999996, 47.43788650000001], [19.120839999999994, 47.43787520000002], [19.120783599999992, 47.437841]]}}, {"id": "(577, 626, 0)", "type": "Feature", "properties": {"_status": "original", "osmid": 1044, "highway": "residential", "lanes": null, "name": "Erd\u00e9lyi utca", "oneway": false, "reversed": false, "length": 249.05376604818173, "from": "577", "to": "626", "maxspeed": null, "bridge": null, "_key": "0", "ref": null, "access": null, "tunnel": null, "width": null}, "geometry": {"type": "LineString", "coordinates": [[19.125418, 47.43942370000002], [19.1254531, 47.439399700000045], [19.127668700000008, 47.43782480000002], [19.127701300000002, 47.4378015]]}}, {"id": "(577, 564, 0)", "type": "Feature", "properties": {"_status": "original", "osmid": 1045, "highway": "residential", "lanes": null, "name": "L\u0151cse utca", "oneway": false, "reversed": false, "length": 68.737293973537, "from": "577", "to": "564", "maxspeed": null, "bridge": null, "_key": "0", "ref": null, "access": null, "tunnel": null, "width": null}, "geometry": {"type": "LineString", "coordinates": [[19.125418, 47.43942370000002], [19.1247624, 47.43899300000005]]}}, {"id": "(550, 564, 0)", "type": "Feature", "properties": {"_status": "original", "osmid": 1072, "highway": "residential", "lanes": null, "name": "L\u0151cse utca", "oneway": false, "reversed": false, "length": 69.476849517895, "from": "564", "to": "550", "maxspeed": null, "bridge": null, "_key": "0", "ref": null, "access": null, "tunnel": null, "width": null}, "geometry": {"type": "LineString", "coordinates": [[19.1247624, 47.43899300000005], [19.124114599999995, 47.438590999999995], [19.124081700000005, 47.43857060000005]]}}, {"id": "(550, 606, 0)", "type": "Feature", "properties": {"_status": "original", "osmid": 1073, "highway": "residential", "lanes": null, "name": "Pir\u00f3k Gyula utca", "oneway": false, "reversed": true, "length": 250.15686784086185, "from": "606", "to": "550", "maxspeed": null, "bridge": null, "_key": "0", "ref": null, "access": null, "tunnel": null, "width": null}, "geometry": {"type": "LineString", "coordinates": [[19.126375, 47.43694120000005], [19.12634429999999, 47.43696110000005], [19.124154799999996, 47.43851870000003], [19.1241168, 47.43854580000001], [19.124081700000005, 47.43857060000005]]}}, {"id": "(642, 626, 0)", "type": "Feature", "properties": {"_status": "original", "osmid": 1041, "highway": "residential", "lanes": null, "name": "Magyar utca", "oneway": false, "reversed": true, "length": 88.03968871015692, "from": "626", "to": "642", "maxspeed": null, "bridge": null, "_key": "0", "ref": null, "access": null, "tunnel": null, "width": null}, "geometry": {"type": "LineString", "coordinates": [[19.127701300000002, 47.4378015], [19.1277392, 47.43782520000004], [19.128430000000005, 47.438257700000015], [19.1285066, 47.43830820000002], [19.128560399999998, 47.43833920000002]]}}, {"id": "(642, 656, 0)", "type": "Feature", "properties": {"_status": "original", "osmid": 1043, "highway": "tertiary", "lanes": "2", "name": "M\u00e1rt\u00edrok \u00fatja", "oneway": false, "reversed": true, "length": 72.62489582914623, "from": "656", "to": "642", "maxspeed": null, "bridge": null, "_key": "0", "ref": null, "access": null, "tunnel": null, "width": null}, "geometry": {"type": "LineString", "coordinates": [[19.1292359, 47.43787250000003], [19.1287926, 47.4381813], [19.128560399999998, 47.43833920000002]]}}, {"id": "(626, 641, 0)", "type": "Feature", "properties": {"_status": "original", "osmid": 1048, "highway": "residential", "lanes": null, "name": "Erd\u00e9lyi utca", "oneway": false, "reversed": true, "length": 72.9074076104875, "from": "641", "to": "626", "maxspeed": null, "bridge": null, "_key": "0", "ref": null, "access": null, "tunnel": null, "width": null}, "geometry": {"type": "LineString", "coordinates": [[19.128354899999994, 47.4373173], [19.1283199, 47.43734320000005], [19.12773809999999, 47.437773100000044], [19.127701300000002, 47.4378015]]}}, {"id": "(626, 617, 0)", "type": "Feature", "properties": {"_status": "original", "osmid": 1049, "highway": "residential", "lanes": null, "name": "Magyar utca", "oneway": false, "reversed": true, "length": 69.03777210206543, "from": "617", "to": "626", "maxspeed": null, "bridge": null, "_key": "0", "ref": null, "access": null, "tunnel": null, "width": null}, "geometry": {"type": "LineString", "coordinates": [[19.12703859999999, 47.437371900000024], [19.127067699999998, 47.43739080000004], [19.127629299999995, 47.4377548], [19.1276374, 47.43776010000003], [19.127661399999994, 47.437775600000016], [19.127701300000002, 47.4378015]]}}, {"id": "(656, 641, 0)", "type": "Feature", "properties": {"_status": "original", "osmid": 1050, "highway": "residential", "lanes": null, "name": "Pozsony utca", "oneway": false, "reversed": true, "length": 90.56574480490782, "from": "641", "to": "656", "maxspeed": null, "bridge": null, "_key": "0", "ref": null, "access": null, "tunnel": null, "width": null}, "geometry": {"type": "LineString", "coordinates": [[19.128354899999994, 47.4373173], [19.128415299999993, 47.437356300000026], [19.129159, 47.43782250000002], [19.129175700000008, 47.437833300000015], [19.1292359, 47.43787250000003]]}}, {"id": "(564, 617, 0)", "type": "Feature", "properties": {"_status": "original", "osmid": 1054, "highway": "residential", "lanes": null, "name": "B\u00e1cska utca", "oneway": false, "reversed": true, "length": 248.59789536808637, "from": "617", "to": "564", "maxspeed": null, "bridge": null, "_key": "0", "ref": null, "access": null, "tunnel": null, "width": null}, "geometry": {"type": "LineString", "coordinates": [[19.12703859999999, 47.437371900000024], [19.127014999999997, 47.43738900000001], [19.124793800000003, 47.4389713], [19.1247624, 47.43899300000005]]}}, {"id": "(641, 629, 0)", "type": "Feature", "properties": {"_status": "original", "osmid": 1052, "highway": "residential", "lanes": null, "name": "Pozsony utca", "oneway": false, "reversed": true, "length": 67.30478282416107, "from": "629", "to": "641", "maxspeed": null, "bridge": null, "_key": "0", "ref": null, "access": null, "tunnel": null, "width": null}, "geometry": {"type": "LineString", "coordinates": [[19.12769430000001, 47.43690900000004], [19.127721799999996, 47.43692600000002], [19.128322199999996, 47.43729640000007], [19.128354899999994, 47.4373173]]}}, {"id": "(617, 606, 0)", "type": "Feature", "properties": {"_status": "original", "osmid": 1055, "highway": "residential", "lanes": null, "name": "Magyar utca", "oneway": false, "reversed": false, "length": 69.17997206392835, "from": "617", "to": "606", "maxspeed": null, "bridge": null, "_key": "0", "ref": null, "access": null, "tunnel": null, "width": null}, "geometry": {"type": "LineString", "coordinates": [[19.12703859999999, 47.437371900000024], [19.127008099999994, 47.437349200000014], [19.126413700000004, 47.43696630000005], [19.126375, 47.43694120000005]]}}, {"id": "(617, 629, 0)", "type": "Feature", "properties": {"_status": "original", "osmid": 1056, "highway": "residential", "lanes": null, "name": "B\u00e1cska utca", "oneway": false, "reversed": true, "length": 71.28477932060247, "from": "629", "to": "617", "maxspeed": null, "bridge": null, "_key": "0", "ref": null, "access": null, "tunnel": null, "width": null}, "geometry": {"type": "LineString", "coordinates": [[19.12769430000001, 47.43690900000004], [19.127667, 47.436928300000005], [19.1270707, 47.437349299999994], [19.12703859999999, 47.437371900000024]]}}, {"id": "(629, 662, 0)", "type": "Feature", "properties": {"_status": "original", "osmid": 1075, "highway": "residential", "lanes": null, "name": "B\u00e1cska utca", "oneway": false, "reversed": true, "length": 164.46140958138614, "from": "662", "to": "629", "maxspeed": null, "bridge": null, "_key": "0", "ref": null, "access": null, "tunnel": null, "width": null}, "geometry": {"type": "LineString", "coordinates": [[19.129209800000005, 47.43584290000005], [19.129176499999996, 47.43586900000003], [19.127729599999995, 47.436884200000016], [19.12769430000001, 47.43690900000004]]}}, {"id": "(462, 481, 0)", "type": "Feature", "properties": {"_status": "original", "osmid": 1062, "highway": "residential", "lanes": null, "name": "Tompa utca", "oneway": false, "reversed": false, "length": 80.80761039703765, "from": "481", "to": "462", "maxspeed": "50", "bridge": null, "_key": "0", "ref": null, "access": null, "tunnel": null, "width": "6"}, "geometry": {"type": "LineString", "coordinates": [[19.1207653, 47.43889680000005], [19.120735899999996, 47.43887740000005], [19.120114400000006, 47.43846520000005], [19.120049899999998, 47.43842360000002], [19.119997, 47.4383888]]}}, {"id": "(462, 471, 0)", "type": "Feature", "properties": {"_status": "original", "osmid": 1063, "highway": "residential", "lanes": null, "name": "L\u00e1z\u00e1r utca", "oneway": false, "reversed": false, "length": 35.65123293157571, "from": "471", "to": "462", "maxspeed": null, "bridge": null, "_key": "0", "ref": null, "access": null, "tunnel": null, "width": null}, "geometry": {"type": "LineString", "coordinates": [[19.1203274, 47.43815890000002], [19.120253499999997, 47.43821000000004], [19.119997, 47.4383888]]}}, {"id": "(471, 484, 0)", "type": "Feature", "properties": {"_status": "original", "osmid": 1066, "highway": "residential", "lanes": null, "name": "L\u00e1z\u00e1r utca", "oneway": false, "reversed": false, "length": 49.26298110592948, "from": "484", "to": "471", "maxspeed": null, "bridge": null, "_key": "0", "ref": null, "access": null, "tunnel": null, "width": null}, "geometry": {"type": "LineString", "coordinates": [[19.120783599999992, 47.437841], [19.120759599999992, 47.437857200000025], [19.1203274, 47.43815890000002]]}}, {"id": "(662, 650, 0)", "type": "Feature", "properties": {"_status": "original", "osmid": 1081, "highway": "residential", "lanes": null, "name": "Kassa utca", "oneway": false, "reversed": true, "length": 70.6691056091718, "from": "650", "to": "662", "maxspeed": null, "bridge": null, "_key": "0", "ref": null, "access": null, "tunnel": null, "width": "6"}, "geometry": {"type": "LineString", "coordinates": [[19.1285387, 47.435398100000015], [19.128573599999992, 47.43542150000004], [19.129209800000005, 47.43584290000005]]}}, {"id": "(650, 678, 0)", "type": "Feature", "properties": {"_status": "original", "osmid": 1192, "highway": "residential", "lanes": null, "name": "Kakast\u00f3 utca", "oneway": false, "reversed": true, "length": 165.12100686745526, "from": "650", "to": "678", "maxspeed": null, "bridge": null, "_key": "0", "ref": null, "access": null, "tunnel": null, "width": null}, "geometry": {"type": "LineString", "coordinates": [[19.1285387, 47.435398100000015], [19.1285804, 47.43536780000005], [19.129960899999997, 47.434365599999985], [19.1299797, 47.43435190000004], [19.130035000000003, 47.4343115]]}}, {"id": "(377, 390, 0)", "type": "Feature", "properties": {"_status": "original", "osmid": 1155, "highway": "residential", "lanes": null, "name": "Als\u00f3apsa utca", "oneway": false, "reversed": true, "length": 61.32058970031542, "from": "377", "to": "390", "maxspeed": null, "bridge": null, "_key": "0", "ref": null, "access": null, "tunnel": null, "width": null}, "geometry": {"type": "LineString", "coordinates": [[19.11553109999999, 47.435949500000035], [19.115558100000005, 47.43596530000003], [19.116047400000003, 47.4362809], [19.116122300000004, 47.43632920000006]]}}, {"id": "(385, 416, 0)", "type": "Feature", "properties": {"_status": "original", "osmid": 1096, "highway": "residential", "lanes": null, "name": "Alkotm\u00e1ny utca", "oneway": false, "reversed": true, "length": 155.6350607321212, "from": "385", "to": "416", "maxspeed": null, "bridge": null, "_key": "0", "ref": null, "access": null, "tunnel": null, "width": null}, "geometry": {"type": "LineString", "coordinates": [[19.115303700000002, 47.432939600000005], [19.115350499999998, 47.43290630000004], [19.116676199999993, 47.43196180000003], [19.116728400000007, 47.431924600000016]]}}, {"id": "(258, 285, 0)", "type": "Feature", "properties": {"_status": "original", "osmid": 1148, "highway": "residential", "lanes": null, "name": "B\u00e1rtfa utca", "oneway": false, "reversed": false, "length": 108.43654983833015, "from": "258", "to": "285", "maxspeed": null, "bridge": null, "_key": "0", "ref": null, "access": null, "tunnel": null, "width": null}, "geometry": {"type": "LineString", "coordinates": [[19.109456899999994, 47.43293550000003], [19.110036600000004, 47.432519600000035], [19.110391299999996, 47.43219510000004]]}}, {"id": "(416, 426, 0)", "type": "Feature", "properties": {"_status": "original", "osmid": 1130, "highway": "residential", "lanes": null, "name": "Klapka utca", "oneway": false, "reversed": false, "length": 72.26332527169558, "from": "416", "to": "426", "maxspeed": null, "bridge": null, "_key": "0", "ref": null, "access": null, "tunnel": null, "width": null}, "geometry": {"type": "LineString", "coordinates": [[19.116728400000007, 47.431924600000016], [19.1174145, 47.432379500000025]]}}, {"id": "(416, 431, 0)", "type": "Feature", "properties": {"_status": "original", "osmid": 1133, "highway": "residential", "lanes": null, "name": "Alkotm\u00e1ny utca", "oneway": false, "reversed": false, "length": 77.80625374228252, "from": "431", "to": "416", "maxspeed": null, "bridge": null, "_key": "0", "ref": null, "access": null, "tunnel": null, "width": null}, "geometry": {"type": "LineString", "coordinates": [[19.117430899999995, 47.431411], [19.116759300000002, 47.43190200000003], [19.116728400000007, 47.431924600000016]]}}, {"id": "(414, 431, 0)", "type": "Feature", "properties": {"_status": "original", "osmid": 1134, "highway": "residential", "lanes": null, "name": "Sz\u00e9kelyh\u00edd utca", "oneway": false, "reversed": true, "length": 78.12460062895352, "from": "431", "to": "414", "maxspeed": null, "bridge": null, "_key": "0", "ref": null, "access": null, "tunnel": null, "width": null}, "geometry": {"type": "LineString", "coordinates": [[19.117430899999995, 47.431411], [19.116658100000002, 47.43116129999999], [19.1165473, 47.43112550000004], [19.116493700000003, 47.43110820000002]]}}, {"id": "(414, 429, 0)", "type": "Feature", "properties": {"_status": "original", "osmid": 1136, "highway": "residential", "lanes": null, "name": "T\u00f6r\u00f6k Fl\u00f3ris utca", "oneway": false, "reversed": true, "length": 83.42383658191441, "from": "429", "to": "414", "maxspeed": "50", "bridge": null, "_key": "0", "ref": null, "access": null, "tunnel": null, "width": null}, "geometry": {"type": "LineString", "coordinates": [[19.11715510000001, 47.43050600000002], [19.116609800000003, 47.43100340000001], [19.11652859999999, 47.431078600000035], [19.116493700000003, 47.43110820000002]]}}, {"id": "(257, 317, 0)", "type": "Feature", "properties": {"_status": "original", "osmid": 1105, "highway": "residential", "lanes": null, "name": "Klapka utca", "oneway": false, "reversed": true, "length": 289.022291098401, "from": "317", "to": "257", "maxspeed": null, "bridge": null, "_key": "0", "ref": null, "access": null, "tunnel": null, "width": null}, "geometry": {"type": "LineString", "coordinates": [[19.111313399999997, 47.42863549999999], [19.11128529999999, 47.42861880000005], [19.111278499999994, 47.42861480000003], [19.1112279, 47.42858550000004], [19.108444199999994, 47.42697250000001], [19.1083957, 47.426944400000004]]}}, {"id": "(257, 273, 0)", "type": "Feature", "properties": {"_status": "original", "osmid": 1106, "highway": "tertiary", "lanes": "2", "name": "V\u00e1g\u00f3h\u00edd utca", "oneway": false, "reversed": false, "length": 61.6782403536309, "from": "273", "to": "257", "maxspeed": null, "bridge": null, "_key": "0", "ref": null, "access": null, "tunnel": null, "width": null}, "geometry": {"type": "LineString", "coordinates": [[19.108865700000003, 47.426489900000036], [19.1084521, 47.42688980000001], [19.1083957, 47.426944400000004]]}}, {"id": "(303, 317, 0)", "type": "Feature", "properties": {"_status": "original", "osmid": 1108, "highway": "residential", "lanes": null, "name": "V\u00f6r\u00f6smarty utca", "oneway": false, "reversed": true, "length": 68.6152277862075, "from": "317", "to": "303", "maxspeed": null, "bridge": null, "_key": "0", "ref": null, "access": null, "tunnel": null, "width": null}, "geometry": {"type": "LineString", "coordinates": [[19.111313399999997, 47.42863549999999], [19.11113329999999, 47.428799500000025], [19.110774799999998, 47.429133500000056]]}}, {"id": "(317, 332, 0)", "type": "Feature", "properties": {"_status": "original", "osmid": 1109, "highway": "residential", "lanes": null, "name": "V\u00f6r\u00f6smarty utca", "oneway": false, "reversed": true, "length": 61.49892515946056, "from": "332", "to": "317", "maxspeed": null, "bridge": null, "_key": "0", "ref": null, "access": null, "tunnel": null, "width": null}, "geometry": {"type": "LineString", "coordinates": [[19.111805999999998, 47.42819410000003], [19.111313399999997, 47.42863549999999]]}}, {"id": "(273, 332, 0)", "type": "Feature", "properties": {"_status": "original", "osmid": 1111, "highway": "residential", "lanes": null, "name": "Szepess\u00e9g utca", "oneway": false, "reversed": true, "length": 291.26228724074474, "from": "332", "to": "273", "maxspeed": null, "bridge": null, "_key": "0", "ref": null, "access": null, "tunnel": null, "width": null}, "geometry": {"type": "LineString", "coordinates": [[19.111805999999998, 47.42819410000003], [19.1117646, 47.428170100000045], [19.111709299999998, 47.428138100000005], [19.108957200000003, 47.426542900000015], [19.1089457, 47.42653630000004], [19.108865700000003, 47.426489900000036]]}}, {"id": "(418, 445, 0)", "type": "Feature", "properties": {"_status": "original", "osmid": 1149, "highway": "residential", "lanes": null, "name": "\u00c1tl\u00f3s utca", "oneway": false, "reversed": true, "length": 124.47828541610413, "from": "418", "to": "445", "maxspeed": null, "bridge": null, "_key": "0", "ref": null, "access": null, "tunnel": null, "width": null}, "geometry": {"type": "LineString", "coordinates": [[19.1163971, 47.429309800000034], [19.117640300000005, 47.42999720000002], [19.117677299999993, 47.430019100000024]]}}, {"id": "(426, 449, 0)", "type": "Feature", "properties": {"_status": "original", "osmid": 1129, "highway": "residential", "lanes": null, "name": "Szabads\u00e1g utca", "oneway": false, "reversed": false, "length": 103.99265824790568, "from": "449", "to": "426", "maxspeed": null, "bridge": null, "_key": "0", "ref": null, "access": null, "tunnel": null, "width": null}, "geometry": {"type": "LineString", "coordinates": [[19.1183836, 47.43171250000001], [19.117451099999997, 47.43235430000003], [19.1174145, 47.432379500000025]]}}, {"id": "(449, 461, 0)", "type": "Feature", "properties": {"_status": "original", "osmid": 1131, "highway": "residential", "lanes": null, "name": "Szabads\u00e1g utca", "oneway": false, "reversed": true, "length": 34.094034665085616, "from": "449", "to": "461", "maxspeed": null, "bridge": null, "_key": "0", "ref": null, "access": null, "tunnel": null, "width": null}, "geometry": {"type": "LineString", "coordinates": [[19.1183836, 47.43171250000001], [19.118683000000004, 47.431482300000056]]}}, {"id": "(449, 431, 0)", "type": "Feature", "properties": {"_status": "original", "osmid": 1132, "highway": "residential", "lanes": null, "name": "Sz\u00e9kelyh\u00edd utca", "oneway": false, "reversed": false, "length": 79.11654281118943, "from": "431", "to": "449", "maxspeed": null, "bridge": null, "_key": "0", "ref": null, "access": null, "tunnel": null, "width": null}, "geometry": {"type": "LineString", "coordinates": [[19.117430899999995, 47.431411], [19.1183836, 47.43171250000001]]}}, {"id": "(461, 429, 0)", "type": "Feature", "properties": {"_status": "original", "osmid": 1139, "highway": "residential", "lanes": null, "name": "R\u00e1kos utca", "oneway": false, "reversed": false, "length": 158.09604180296168, "from": "461", "to": "429", "maxspeed": null, "bridge": null, "_key": "0", "ref": null, "access": null, "tunnel": null, "width": null}, "geometry": {"type": "LineString", "coordinates": [[19.118683000000004, 47.431482300000056], [19.117183200000003, 47.43052470000001], [19.11715510000001, 47.43050600000002]]}}, {"id": "(429, 445, 0)", "type": "Feature", "properties": {"_status": "original", "osmid": 1138, "highway": "residential", "lanes": null, "name": "T\u00f6r\u00f6k Fl\u00f3ris utca", "oneway": false, "reversed": false, "length": 66.88967373342335, "from": "429", "to": "445", "maxspeed": "50", "bridge": null, "_key": "0", "ref": null, "access": null, "tunnel": null, "width": null}, "geometry": {"type": "LineString", "coordinates": [[19.11715510000001, 47.43050600000002], [19.117677299999993, 47.430019100000024]]}}, {"id": "(445, 455, 0)", "type": "Feature", "properties": {"_status": "original", "osmid": 1150, "highway": "residential", "lanes": null, "name": "T\u00f6r\u00f6k Fl\u00f3ris utca", "oneway": false, "reversed": true, "length": 62.22021683132154, "from": "455", "to": "445", "maxspeed": "50", "bridge": null, "_key": "0", "ref": null, "access": null, "tunnel": null, "width": null}, "geometry": {"type": "LineString", "coordinates": [[19.118128899999995, 47.429550300000024], [19.1179726, 47.42971260000002], [19.117677299999993, 47.430019100000024]]}}, {"id": "(434, 447, 0)", "type": "Feature", "properties": {"_status": "original", "osmid": 1159, "highway": "residential", "lanes": null, "name": "K\u00f6ztemet\u0151 utca", "oneway": false, "reversed": false, "length": 67.62213542037468, "from": "434", "to": "447", "maxspeed": null, "bridge": null, "_key": "0", "ref": null, "access": null, "tunnel": null, "width": "5.9"}, "geometry": {"type": "LineString", "coordinates": [[19.116825299999995, 47.42721070000004], [19.1173279, 47.4267065]]}}, {"id": "(434, 423, 0)", "type": "Feature", "properties": {"_status": "original", "osmid": 1162, "highway": "residential", "lanes": null, "name": "K\u00f6ztemet\u0151 utca", "oneway": false, "reversed": false, "length": 69.83194680989645, "from": "423", "to": "434", "maxspeed": null, "bridge": null, "_key": "0", "ref": null, "access": null, "tunnel": null, "width": "5.9"}, "geometry": {"type": "LineString", "coordinates": [[19.1163152, 47.42773540000004], [19.116825299999995, 47.42721070000004]]}}, {"id": "(434, 392, 0)", "type": "Feature", "properties": {"_status": "original", "osmid": 1163, "highway": "residential", "lanes": null, "name": "Ak\u00e1cfa utca", "oneway": false, "reversed": false, "length": 242.16631537777562, "from": "392", "to": "434", "maxspeed": null, "bridge": null, "_key": "0", "ref": null, "access": null, "tunnel": null, "width": null}, "geometry": {"type": "LineString", "coordinates": [[19.11436129999999, 47.42580920000001], [19.116825299999995, 47.42721070000004]]}}, {"id": "(460, 447, 0)", "type": "Feature", "properties": {"_status": "original", "osmid": 1156, "highway": "residential", "lanes": null, "name": "K\u00f6ztemet\u0151 utca", "oneway": false, "reversed": true, "length": 51.715296574134754, "from": "460", "to": "447", "maxspeed": null, "bridge": null, "_key": "0", "ref": null, "access": null, "tunnel": null, "width": "5.9"}, "geometry": {"type": "LineString", "coordinates": [[19.117722999999998, 47.4263259], [19.1173279, 47.4267065]]}}, {"id": "(460, 463, 0)", "type": "Feature", "properties": {"_status": "original", "osmid": 1157, "highway": "residential", "lanes": null, "name": "K\u00f6ztemet\u0151 utca", "oneway": false, "reversed": true, "length": 25.97505492136171, "from": "463", "to": "460", "maxspeed": null, "bridge": null, "_key": "0", "ref": null, "access": null, "tunnel": null, "width": "5.9"}, "geometry": {"type": "LineString", "coordinates": [[19.117910400000003, 47.42612970000003], [19.117722999999998, 47.4263259]]}}, {"id": "(460, 479, 0)", "type": "Feature", "properties": {"_status": "original", "osmid": 1158, "highway": "residential", "lanes": null, "name": "Magyarok Nagyasszonya t\u00e9r", "oneway": false, "reversed": true, "length": 85.18193660831459, "from": "479", "to": "460", "maxspeed": null, "bridge": null, "_key": "0", "ref": null, "access": null, "tunnel": null, "width": null}, "geometry": {"type": "LineString", "coordinates": [[19.1185843, 47.42682320000005], [19.117722999999998, 47.4263259]]}}, {"id": "(447, 406, 0)", "type": "Feature", "properties": {"_status": "original", "osmid": 1160, "highway": "residential", "lanes": null, "name": "Wessel\u00e9nyi utca", "oneway": false, "reversed": true, "length": 240.4847695709542, "from": "406", "to": "447", "maxspeed": null, "bridge": null, "_key": "0", "ref": null, "access": null, "tunnel": null, "width": null}, "geometry": {"type": "LineString", "coordinates": [[19.114907000000002, 47.425294100000045], [19.1173279, 47.4267065]]}}, {"id": "(463, 417, 0)", "type": "Feature", "properties": {"_status": "original", "osmid": 1168, "highway": "residential", "lanes": null, "name": "J\u00f3sika utca", "oneway": false, "reversed": true, "length": 237.94888355716566, "from": "463", "to": "417", "maxspeed": null, "bridge": null, "_key": "0", "ref": null, "access": null, "tunnel": null, "width": null}, "geometry": {"type": "LineString", "coordinates": [[19.117910400000003, 47.42612970000003], [19.115472, 47.42476670000002]]}}, {"id": "(463, 480, 0)", "type": "Feature", "properties": {"_status": "original", "osmid": 1169, "highway": "residential", "lanes": null, "name": "K\u00f6ztemet\u0151 utca", "oneway": false, "reversed": true, "length": 65.79887063063033, "from": "480", "to": "463", "maxspeed": null, "bridge": null, "_key": "0", "ref": null, "access": null, "tunnel": null, "width": "5.9"}, "geometry": {"type": "LineString", "coordinates": [[19.118390199999993, 47.425635000000014], [19.118203799999996, 47.42582020000003], [19.117910400000003, 47.42612970000003]]}}, {"id": "(406, 417, 0)", "type": "Feature", "properties": {"_status": "original", "osmid": 1166, "highway": "residential", "lanes": "2", "name": "V\u00f6r\u00f6smarty utca", "oneway": false, "reversed": true, "length": 72.42789475019565, "from": "417", "to": "406", "maxspeed": null, "bridge": null, "_key": "0", "ref": null, "access": null, "tunnel": null, "width": null}, "geometry": {"type": "LineString", "coordinates": [[19.115472, 47.42476670000002], [19.114926700000005, 47.425275700000036], [19.114907000000002, 47.425294100000045]]}}, {"id": "(417, 362, 0)", "type": "Feature", "properties": {"_status": "original", "osmid": 1176, "highway": "residential", "lanes": null, "name": "J\u00f3sika utca", "oneway": false, "reversed": true, "length": 288.12886545462794, "from": "417", "to": "362", "maxspeed": null, "bridge": null, "_key": "0", "ref": null, "access": null, "tunnel": null, "width": null}, "geometry": {"type": "LineString", "coordinates": [[19.115472, 47.42476670000002], [19.115443700000004, 47.42474650000004], [19.112684899999998, 47.423098200000034], [19.112603799999995, 47.423049700000014]]}}, {"id": "(417, 428, 0)", "type": "Feature", "properties": {"_status": "original", "osmid": 1177, "highway": "residential", "lanes": "2", "name": "V\u00f6r\u00f6smarty utca", "oneway": false, "reversed": true, "length": 69.97861630742258, "from": "428", "to": "417", "maxspeed": null, "bridge": null, "_key": "0", "ref": null, "access": null, "tunnel": null, "width": null}, "geometry": {"type": "LineString", "coordinates": [[19.11601699999999, 47.42425670000002], [19.115472, 47.42476670000002]]}}, {"id": "(480, 428, 0)", "type": "Feature", "properties": {"_status": "original", "osmid": 1181, "highway": "residential", "lanes": null, "name": "V\u00e1g utca", "oneway": false, "reversed": false, "length": 235.294327518607, "from": "428", "to": "480", "maxspeed": null, "bridge": null, "_key": "0", "ref": null, "access": null, "tunnel": null, "width": null}, "geometry": {"type": "LineString", "coordinates": [[19.11601699999999, 47.42425670000002], [19.118390199999993, 47.425635000000014]]}}, {"id": "(480, 492, 0)", "type": "Feature", "properties": {"_status": "original", "osmid": 1271, "highway": "residential", "lanes": null, "name": "K\u00f6ztemet\u0151 utca", "oneway": false, "reversed": true, "length": 70.54036996356047, "from": "492", "to": "480", "maxspeed": null, "bridge": null, "_key": "0", "ref": null, "access": null, "tunnel": null, "width": "5.9"}, "geometry": {"type": "LineString", "coordinates": [[19.118900299999996, 47.42510270000003], [19.118390199999993, 47.425635000000014]]}}, {"id": "(618, 631, 0)", "type": "Feature", "properties": {"_status": "original", "osmid": 1186, "highway": "residential", "lanes": null, "name": "Nyitra utca", "oneway": false, "reversed": true, "length": 104.59560985004447, "from": "631", "to": "618", "maxspeed": null, "bridge": null, "_key": "0", "ref": null, "access": null, "tunnel": null, "width": "5.1"}, "geometry": {"type": "LineString", "coordinates": [[19.126969400000004, 47.43156890000004], [19.126887199999995, 47.43152139999999], [19.126085699999994, 47.43105790000005], [19.126019199999995, 47.43102050000002], [19.125910299999997, 47.43095940000002]]}}, {"id": "(602, 614, 0)", "type": "Feature", "properties": {"_status": "original", "osmid": 1248, "highway": "residential", "lanes": null, "name": "Saj\u00f3 utca", "oneway": false, "reversed": true, "length": 83.70090079921991, "from": "602", "to": "614", "maxspeed": null, "bridge": null, "_key": "0", "ref": null, "access": null, "tunnel": null, "width": null}, "geometry": {"type": "LineString", "coordinates": [[19.125379900000002, 47.432288800000045], [19.126166400000002, 47.43282130000002]]}}, {"id": "(631, 633, 0)", "type": "Feature", "properties": {"_status": "original", "osmid": 1250, "highway": "residential", "lanes": null, "name": "Selmec utca", "oneway": false, "reversed": true, "length": 10.472907923915805, "from": "633", "to": "631", "maxspeed": null, "bridge": null, "_key": "0", "ref": null, "access": null, "tunnel": null, "width": "5.1"}, "geometry": {"type": "LineString", "coordinates": [[19.127060199999992, 47.431497500000056], [19.127006000000005, 47.4315401], [19.126969400000004, 47.43156890000004]]}}, {"id": "(719, 729, 0)", "type": "Feature", "properties": {"_status": "original", "osmid": 1212, "highway": "residential", "lanes": null, "name": ["Kakast\u00f3 utca", "Vas\u00fat sor"], "oneway": false, "reversed": true, "length": 190.55396132863967, "from": "719", "to": "729", "maxspeed": null, "bridge": null, "_key": "0", "ref": null, "access": null, "tunnel": null, "width": null}, "geometry": {"type": "LineString", "coordinates": [[19.1323214, 47.43273879999999], [19.1324263, 47.432657899999995], [19.133177, 47.43207940000003], [19.13296649999999, 47.43125530000003]]}}, {"id": "(719, 724, 0)", "type": "Feature", "properties": {"_status": "original", "osmid": 1213, "highway": "residential", "lanes": null, "name": "M\u00e1ty\u00e1s kir\u00e1ly t\u00e9r", "oneway": false, "reversed": true, "length": 73.75845295870181, "from": "724", "to": "719", "maxspeed": null, "bridge": null, "_key": "0", "ref": null, "access": null, "tunnel": null, "width": null}, "geometry": {"type": "LineString", "coordinates": [[19.1330269, 47.43319950000001], [19.1323884, 47.432782600000046], [19.1323214, 47.43273879999999]]}}, {"id": "(758, 768, 0)", "type": "Feature", "properties": {"_status": "original", "osmid": 1196, "highway": "residential", "lanes": null, "name": "Szabadka utca", "oneway": false, "reversed": false, "length": 97.4642284485696, "from": "758", "to": "768", "maxspeed": null, "bridge": null, "_key": "0", "ref": null, "access": null, "tunnel": null, "width": null}, "geometry": {"type": "LineString", "coordinates": [[19.1355219, 47.43192960000001], [19.1363148, 47.432417900000054], [19.136421199999997, 47.432483400000045], [19.136441899999998, 47.43253540000003]]}}, {"id": "(758, 748, 0)", "type": "Feature", "properties": {"_status": "original", "osmid": 1197, "highway": "residential", "lanes": null, "name": "Szabadka utca", "oneway": false, "reversed": false, "length": 116.98722259343386, "from": "748", "to": "758", "maxspeed": null, "bridge": null, "_key": "0", "ref": null, "access": null, "tunnel": null, "width": null}, "geometry": {"type": "LineString", "coordinates": [[19.134353899999997, 47.43123490000003], [19.1355219, 47.43192960000001]]}}, {"id": "(758, 767, 0)", "type": "Feature", "properties": {"_status": "original", "osmid": 1198, "highway": "residential", "lanes": null, "name": "Versec utca", "oneway": false, "reversed": true, "length": 71.09929539324033, "from": "767", "to": "758", "maxspeed": null, "bridge": null, "_key": "0", "ref": null, "access": null, "tunnel": null, "width": null}, "geometry": {"type": "LineString", "coordinates": [[19.136183899999995, 47.43147320000004], [19.1355219, 47.43192960000001]]}}, {"id": "(758, 736, 0)", "type": "Feature", "properties": {"_status": "original", "osmid": 1199, "highway": "residential", "lanes": null, "name": "Versec utca", "oneway": false, "reversed": false, "length": 149.9648150008352, "from": "736", "to": "758", "maxspeed": null, "bridge": null, "_key": "0", "ref": null, "access": null, "tunnel": null, "width": null}, "geometry": {"type": "LineString", "coordinates": [[19.1335475, 47.43207320000001], [19.135442699999995, 47.431960100000005], [19.1355219, 47.43192960000001]]}}, {"id": "(768, 769, 0)", "type": "Feature", "properties": {"_status": "original", "osmid": 1201, "highway": "tertiary", "lanes": null, "name": "Szabadka utca", "oneway": false, "reversed": true, "length": 16.97596310902399, "from": "769", "to": "768", "maxspeed": null, "bridge": null, "_key": "0", "ref": null, "access": null, "tunnel": null, "width": null}, "geometry": {"type": "LineString", "coordinates": [[19.136617900000005, 47.43262900000003], [19.1365229, 47.43256639999998], [19.136441899999998, 47.43253540000003]]}}, {"id": "(767, 764, 0)", "type": "Feature", "properties": {"_status": "original", "osmid": 1209, "highway": "residential", "lanes": null, "name": "Orsova utca", "oneway": false, "reversed": false, "length": 32.998174026058756, "from": "767", "to": "764", "maxspeed": null, "bridge": null, "_key": "0", "ref": null, "access": null, "tunnel": null, "width": null}, "geometry": {"type": "LineString", "coordinates": [[19.136183899999995, 47.43147320000004], [19.1358574, 47.43127500000001]]}}, {"id": "(769, 761, 0)", "type": "Feature", "properties": {"_status": "original", "osmid": 1204, "highway": "tertiary", "lanes": null, "name": "M\u00e1rt\u00edrok \u00fatja", "oneway": false, "reversed": false, "length": 75.805704256638, "from": "761", "to": "769", "maxspeed": null, "bridge": null, "_key": "0", "ref": null, "access": null, "tunnel": null, "width": null}, "geometry": {"type": "LineString", "coordinates": [[19.135934299999995, 47.43312980000005], [19.136527599999994, 47.43269070000006], [19.1365577, 47.43266850000001], [19.136617900000005, 47.43262900000003]]}}, {"id": "(595, 614, 0)", "type": "Feature", "properties": {"_status": "original", "osmid": 1276, "highway": "residential", "lanes": null, "name": "Szil\u00e1gys\u00e1g utca", "oneway": false, "reversed": true, "length": 86.50641935964708, "from": "595", "to": "614", "maxspeed": null, "bridge": null, "_key": "0", "ref": null, "access": null, "tunnel": null, "width": null}, "geometry": {"type": "LineString", "coordinates": [[19.1250592, 47.43290570000001], [19.126016899999996, 47.4328952], [19.126051999999998, 47.43289140000006], [19.126078199999995, 47.43288370000001], [19.1261043, 47.432870100000045], [19.126166400000002, 47.43282130000002]]}}, {"id": "(651, 625, 0)", "type": "Feature", "properties": {"_status": "original", "osmid": 1230, "highway": "tertiary", "lanes": null, "name": "Pacsirta utca", "oneway": true, "reversed": false, "length": 145.70501698548875, "from": "651", "to": "625", "maxspeed": null, "bridge": null, "_key": "0", "ref": null, "access": null, "tunnel": null, "width": null}, "geometry": {"type": "LineString", "coordinates": [[19.1272936, 47.42835930000002], [19.12594449999999, 47.42753950000003], [19.125917000000005, 47.42752280000001], [19.1258526, 47.427483700000046]]}}, {"id": "(651, 657, 0)", "type": "Feature", "properties": {"_status": "original", "osmid": 1231, "highway": "residential", "lanes": null, "name": "Pacsirta utca", "oneway": false, "reversed": true, "length": 44.97410906196477, "from": "657", "to": "651", "maxspeed": null, "bridge": null, "_key": "0", "ref": null, "access": null, "tunnel": null, "width": null}, "geometry": {"type": "LineString", "coordinates": [[19.1277459, 47.42862380000001], [19.127447500000002, 47.428448500000044], [19.127376599999998, 47.4284074], [19.1272936, 47.42835930000002]]}}, {"id": "(611, 625, 0)", "type": "Feature", "properties": {"_status": "original", "osmid": 1234, "highway": "tertiary", "lanes": null, "name": "Vir\u00e1g Benedek utca", "oneway": false, "reversed": true, "length": 71.66480331908083, "from": "611", "to": "625", "maxspeed": null, "bridge": null, "_key": "0", "ref": null, "access": null, "tunnel": null, "width": null}, "geometry": {"type": "LineString", "coordinates": [[19.125199799999994, 47.42795310000005], [19.125233299999998, 47.427929000000006], [19.125798100000004, 47.42752290000003], [19.1258526, 47.427483700000046]]}}, {"id": "(611, 548, 0)", "type": "Feature", "properties": {"_status": "original", "osmid": 1237, "highway": "residential", "lanes": null, "name": "K\u00e1roly utca", "oneway": false, "reversed": false, "length": 352.1032445714862, "from": "611", "to": "548", "maxspeed": null, "bridge": null, "_key": "0", "ref": null, "access": null, "tunnel": null, "width": null}, "geometry": {"type": "LineString", "coordinates": [[19.125199799999994, 47.42795310000005], [19.12515769999999, 47.42792700000001], [19.125114299999993, 47.42790180000006], [19.121729899999988, 47.42593779999997], [19.121687199999997, 47.425913000000044], [19.121647099999997, 47.42589160000004]]}}, {"id": "(625, 640, 0)", "type": "Feature", "properties": {"_status": "original", "osmid": 1235, "highway": "tertiary", "lanes": null, "name": "Vir\u00e1g Benedek utca", "oneway": false, "reversed": false, "length": 68.01168672306623, "from": "640", "to": "625", "maxspeed": null, "bridge": null, "_key": "0", "ref": null, "access": null, "tunnel": null, "width": null}, "geometry": {"type": "LineString", "coordinates": [[19.126476600000004, 47.42704110000003], [19.1258526, 47.427483700000046]]}}, {"id": "(625, 559, 0)", "type": "Feature", "properties": {"_status": "original", "osmid": 1236, "highway": "residential", "lanes": null, "name": "Pacsirta utca", "oneway": false, "reversed": false, "length": 363.2998919777315, "from": "559", "to": "625", "maxspeed": null, "bridge": null, "_key": "0", "ref": null, "access": null, "tunnel": null, "width": null}, "geometry": {"type": "LineString", "coordinates": [[19.122190599999996, 47.42535370000003], [19.122242399999994, 47.425383799999985], [19.1222726, 47.42540140000005], [19.125793199999997, 47.42744910000001], [19.1258526, 47.427483700000046]]}}, {"id": "(657, 667, 0)", "type": "Feature", "properties": {"_status": "original", "osmid": 1232, "highway": "residential", "lanes": null, "name": "Ritka utca", "oneway": false, "reversed": true, "length": 65.77776847036651, "from": "667", "to": "657", "maxspeed": null, "bridge": null, "_key": "0", "ref": null, "access": null, "tunnel": null, "width": ["10", "10.4"]}, "geometry": {"type": "LineString", "coordinates": [[19.1283344, 47.42818630000002], [19.1280218, 47.428418700000044], [19.127815900000005, 47.42857390000002], [19.1277459, 47.42862380000001]]}}, {"id": "(657, 681, 0)", "type": "Feature", "properties": {"_status": "original", "osmid": 1233, "highway": "residential", "lanes": "2", "name": "Pacsirta utca", "oneway": false, "reversed": true, "length": 160.64514734303415, "from": "681", "to": "657", "maxspeed": "30", "bridge": null, "_key": "0", "ref": null, "access": "destination", "tunnel": null, "width": null}, "geometry": {"type": "LineString", "coordinates": [[19.129327500000002, 47.429594500000036], [19.129244500000002, 47.42954350000001], [19.128885199999996, 47.42932280000002], [19.12783479999999, 47.42867480000007], [19.1277459, 47.42862380000001]]}}, {"id": "(667, 680, 0)", "type": "Feature", "properties": {"_status": "original", "osmid": 1239, "highway": "residential", "lanes": null, "name": "Ritka utca", "oneway": false, "reversed": false, "length": 70.61718823108933, "from": "667", "to": "680", "maxspeed": null, "bridge": null, "_key": "0", "ref": null, "access": null, "tunnel": null, "width": "6"}, "geometry": {"type": "LineString", "coordinates": [[19.1283344, 47.42818630000002], [19.128794399999993, 47.427838900000005], [19.128956599999995, 47.42771080000007]]}}, {"id": "(667, 640, 0)", "type": "Feature", "properties": {"_status": "original", "osmid": 1240, "highway": "residential", "lanes": null, "name": "Kir\u00e1lyh\u00e1g\u00f3 utca", "oneway": false, "reversed": false, "length": 189.07510989913897, "from": "640", "to": "667", "maxspeed": null, "bridge": null, "_key": "0", "ref": null, "access": null, "tunnel": null, "width": null}, "geometry": {"type": "LineString", "coordinates": [[19.126476600000004, 47.42704110000003], [19.126551199999998, 47.42708720000001], [19.12830140000001, 47.42816840000003], [19.1283344, 47.42818630000002]]}}, {"id": "(681, 688, 0)", "type": "Feature", "properties": {"_status": "original", "osmid": 1242, "highway": "tertiary", "lanes": null, "name": "Eperjes utca", "oneway": false, "reversed": false, "length": 17.862512099121243, "from": "681", "to": "688", "maxspeed": null, "bridge": null, "_key": "0", "ref": null, "access": null, "tunnel": null, "width": "7"}, "geometry": {"type": "LineString", "coordinates": [[19.129327500000002, 47.429594500000036], [19.12954899999999, 47.429536600000034]]}}, {"id": "(640, 654, 0)", "type": "Feature", "properties": {"_status": "original", "osmid": 1243, "highway": "tertiary", "lanes": null, "name": "Vir\u00e1g Benedek utca", "oneway": false, "reversed": true, "length": 69.91788550816536, "from": "640", "to": "654", "maxspeed": null, "bridge": null, "_key": "0", "ref": null, "access": null, "tunnel": null, "width": null}, "geometry": {"type": "LineString", "coordinates": [[19.126476600000004, 47.42704110000003], [19.127120099999992, 47.42658740000003]]}}, {"id": "(640, 575, 0)", "type": "Feature", "properties": {"_status": "original", "osmid": 1244, "highway": "residential", "lanes": null, "name": "Kir\u00e1lyh\u00e1g\u00f3 utca", "oneway": false, "reversed": true, "length": 375.53157483441765, "from": "640", "to": "575", "maxspeed": null, "bridge": null, "_key": "0", "ref": null, "access": null, "tunnel": null, "width": null}, "geometry": {"type": "LineString", "coordinates": [[19.126476600000004, 47.42704110000003], [19.122779399999995, 47.42487830000006], [19.122752, 47.424862300000036], [19.122700499999997, 47.42483220000005]]}}, {"id": "(559, 520, 0)", "type": "Feature", "properties": {"_status": "original", "osmid": 1245, "highway": "residential", "lanes": null, "name": "Pacsirta utca", "oneway": false, "reversed": true, "length": 222.3016043342086, "from": "559", "to": "520", "maxspeed": null, "bridge": null, "_key": "0", "ref": null, "access": null, "tunnel": null, "width": null}, "geometry": {"type": "LineString", "coordinates": [[19.122190599999996, 47.42535370000003], [19.122148699999997, 47.42532950000005], [19.12000099999999, 47.424086300000006], [19.119945299999994, 47.424054000000055]]}}, {"id": "(559, 548, 0)", "type": "Feature", "properties": {"_status": "original", "osmid": 1246, "highway": "residential", "lanes": null, "name": "T\u00f6r\u00f6k Fl\u00f3ris utca", "oneway": false, "reversed": true, "length": 72.46122322708798, "from": "559", "to": "548", "maxspeed": "50", "bridge": null, "_key": "0", "ref": null, "access": null, "tunnel": null, "width": null}, "geometry": {"type": "LineString", "coordinates": [[19.122190599999996, 47.42535370000003], [19.121666799999993, 47.4258683], [19.121647099999997, 47.42589160000004]]}}, {"id": "(559, 575, 0)", "type": "Feature", "properties": {"_status": "original", "osmid": 1247, "highway": "residential", "lanes": null, "name": "T\u00f6r\u00f6k Fl\u00f3ris utca", "oneway": false, "reversed": false, "length": 69.52758859826376, "from": "559", "to": "575", "maxspeed": "50", "bridge": null, "_key": "0", "ref": null, "access": null, "tunnel": null, "width": null}, "geometry": {"type": "LineString", "coordinates": [[19.122190599999996, 47.42535370000003], [19.122700499999997, 47.42483220000005]]}}, {"id": "(548, 506, 0)", "type": "Feature", "properties": {"_status": "original", "osmid": 1291, "highway": "residential", "lanes": null, "name": "K\u00e1roly utca", "oneway": false, "reversed": false, "length": 222.93900265556215, "from": "548", "to": "506", "maxspeed": null, "bridge": null, "_key": "0", "ref": null, "access": null, "tunnel": null, "width": null}, "geometry": {"type": "LineString", "coordinates": [[19.121647099999997, 47.42589160000004], [19.121608699999996, 47.42587], [19.1194678, 47.42460110000001], [19.119417199999994, 47.424571100000016]]}}, {"id": "(548, 535, 0)", "type": "Feature", "properties": {"_status": "original", "osmid": 1292, "highway": "residential", "lanes": null, "name": "T\u00f6r\u00f6k Fl\u00f3ris utca", "oneway": false, "reversed": false, "length": 60.20299743360218, "from": "535", "to": "548", "maxspeed": "50", "bridge": null, "_key": "0", "ref": null, "access": null, "tunnel": null, "width": null}, "geometry": {"type": "LineString", "coordinates": [[19.121207599999995, 47.42634400000002], [19.1216102, 47.425925900000045], [19.121647099999997, 47.42589160000004]]}}, {"id": "(680, 654, 0)", "type": "Feature", "properties": {"_status": "original", "osmid": 1270, "highway": "residential", "lanes": null, "name": "Frangep\u00e1n utca", "oneway": false, "reversed": false, "length": 186.25510398193637, "from": "654", "to": "680", "maxspeed": null, "bridge": null, "_key": "0", "ref": null, "access": null, "tunnel": null, "width": "6"}, "geometry": {"type": "LineString", "coordinates": [[19.127120099999992, 47.42658740000003], [19.127174900000004, 47.42662089999999], [19.128921800000004, 47.42768840000001], [19.128956599999995, 47.42771080000007]]}}, {"id": "(688, 718, 0)", "type": "Feature", "properties": {"_status": "original", "osmid": 1295, "highway": "tertiary", "lanes": null, "name": "Eperjes utca", "oneway": false, "reversed": false, "length": 152.23142194845667, "from": "688", "to": "718", "maxspeed": null, "bridge": null, "_key": "0", "ref": null, "access": null, "tunnel": null, "width": "7"}, "geometry": {"type": "LineString", "coordinates": [[19.12954899999999, 47.429536600000034], [19.129593500000002, 47.42952380000002], [19.13006800000001, 47.42938730000002], [19.130569100000002, 47.42924310000004], [19.1310575, 47.42910260000003], [19.131123499999994, 47.429083600000006], [19.131411300000007, 47.42900080000005]]}}, {"id": "(575, 530, 0)", "type": "Feature", "properties": {"_status": "original", "osmid": 1307, "highway": "residential", "lanes": null, "name": "Kir\u00e1lyh\u00e1g\u00f3 utca", "oneway": false, "reversed": true, "length": 221.79231295282216, "from": "575", "to": "530", "maxspeed": null, "bridge": null, "_key": "0", "ref": null, "access": null, "tunnel": null, "width": null}, "geometry": {"type": "LineString", "coordinates": [[19.122700499999997, 47.42483220000005], [19.122658700000006, 47.42480820000001], [19.12045039999999, 47.42354340000002]]}}, {"id": "(520, 506, 0)", "type": "Feature", "properties": {"_status": "original", "osmid": 1290, "highway": "residential", "lanes": null, "name": "K\u00f6ztemet\u0151 utca", "oneway": false, "reversed": true, "length": 69.89405604758045, "from": "520", "to": "506", "maxspeed": null, "bridge": null, "_key": "0", "ref": null, "access": null, "tunnel": null, "width": "5.9"}, "geometry": {"type": "LineString", "coordinates": [[19.119945299999994, 47.424054000000055], [19.119440600000008, 47.42454550000001], [19.119417199999994, 47.424571100000016]]}}, {"id": "(520, 530, 0)", "type": "Feature", "properties": {"_status": "original", "osmid": 1306, "highway": "residential", "lanes": null, "name": "K\u00f6ztemet\u0151 utca", "oneway": false, "reversed": true, "length": 68.31900260164294, "from": "530", "to": "520", "maxspeed": null, "bridge": null, "_key": "0", "ref": null, "access": null, "tunnel": null, "width": "5.9"}, "geometry": {"type": "LineString", "coordinates": [[19.12045039999999, 47.42354340000002], [19.119945299999994, 47.424054000000055]]}}, {"id": "(520, 474, 0)", "type": "Feature", "properties": {"_status": "original", "osmid": 1301, "highway": "residential", "lanes": null, "name": "Pacsirta utca", "oneway": false, "reversed": false, "length": 226.15959396196754, "from": "474", "to": "520", "maxspeed": null, "bridge": null, "_key": "0", "ref": null, "access": null, "tunnel": null, "width": null}, "geometry": {"type": "LineString", "coordinates": [[19.117671700000002, 47.422723400000045], [19.119945299999994, 47.424054000000055]]}}, {"id": "(633, 644, 0)", "type": "Feature", "properties": {"_status": "original", "osmid": 1304, "highway": "residential", "lanes": null, "name": "Selmec utca", "oneway": false, "reversed": false, "length": 128.95274013087743, "from": "633", "to": "644", "maxspeed": null, "bridge": null, "_key": "0", "ref": null, "access": null, "tunnel": null, "width": "5.1"}, "geometry": {"type": "LineString", "coordinates": [[19.127060199999992, 47.431497500000056], [19.127071499999996, 47.431443200000025], [19.1270737, 47.431432500000014], [19.127080299999992, 47.43054410000007], [19.127093899999995, 47.43050160000004], [19.127097599999995, 47.430490000000056], [19.1271988, 47.43035620000002]]}}, {"id": "(633, 658, 0)", "type": "Feature", "properties": {"_status": "original", "osmid": 1321, "highway": "residential", "lanes": null, "name": "L\u00e9va utca", "oneway": false, "reversed": true, "length": 112.46856395190302, "from": "658", "to": "633", "maxspeed": null, "bridge": null, "_key": "0", "ref": null, "access": null, "tunnel": null, "width": "5.2"}, "geometry": {"type": "LineString", "coordinates": [[19.128170999999988, 47.430875400000005], [19.128135600000004, 47.430899400000015], [19.127267299999993, 47.431488200000025], [19.127243400000005, 47.43150010000004], [19.127216399999995, 47.43150440000007], [19.127190600000002, 47.43150859999998], [19.127160199999995, 47.431508300000026], [19.1271167, 47.431503599999985], [19.127060199999992, 47.431497500000056]]}}, {"id": "(644, 658, 0)", "type": "Feature", "properties": {"_status": "original", "osmid": 1305, "highway": "residential", "lanes": null, "name": "R\u00f3zs\u00e1s utca", "oneway": false, "reversed": true, "length": 95.47075315213547, "from": "658", "to": "644", "maxspeed": "50", "bridge": null, "_key": "0", "ref": null, "access": null, "tunnel": null, "width": "5.7"}, "geometry": {"type": "LineString", "coordinates": [[19.128170999999988, 47.430875400000005], [19.127656399999996, 47.4305276], [19.127483299999994, 47.430415800000034], [19.127428200000004, 47.43039370000001], [19.12739, 47.43037840000002], [19.127261799999992, 47.43036349999999], [19.1271988, 47.43035620000002]]}}, {"id": "(427, 488, 0)", "type": "Feature", "properties": {"_status": "original", "osmid": 1293, "highway": "residential", "lanes": null, "name": "Kir\u00e1lyh\u00e1g\u00f3 utca", "oneway": false, "reversed": true, "length": 286.11503645269016, "from": "488", "to": "427", "maxspeed": null, "bridge": null, "_key": "0", "ref": null, "access": null, "tunnel": null, "width": null}, "geometry": {"type": "LineString", "coordinates": [[19.1182079, 47.42223350000001], [19.118143600000003, 47.422196400000026], [19.1180885, 47.42216340000003], [19.1154556, 47.4206015], [19.115343400000004, 47.42054120000001]]}}, {"id": "(427, 415, 0)", "type": "Feature", "properties": {"_status": "original", "osmid": 1288, "highway": "tertiary", "lanes": "2", "name": "V\u00e1g\u00f3h\u00edd utca", "oneway": false, "reversed": true, "length": 70.85027894090067, "from": "415", "to": "427", "maxspeed": null, "bridge": null, "_key": "0", "ref": null, "access": null, "tunnel": null, "width": null}, "geometry": {"type": "LineString", "coordinates": [[19.114778300000005, 47.42105090000005], [19.115343400000004, 47.42054120000001]]}}, {"id": "(544, 530, 0)", "type": "Feature", "properties": {"_status": "original", "osmid": 1257, "highway": "residential", "lanes": null, "name": "K\u00f6ztemet\u0151 utca", "oneway": false, "reversed": true, "length": 70.95052565073804, "from": "544", "to": "530", "maxspeed": null, "bridge": null, "_key": "0", "ref": null, "access": null, "tunnel": null, "width": "5.9"}, "geometry": {"type": "LineString", "coordinates": [[19.1209864, 47.42301840000002], [19.12045039999999, 47.42354340000002]]}}, {"id": "(544, 517, 0)", "type": "Feature", "properties": {"_status": "original", "osmid": 1259, "highway": "residential", "lanes": null, "name": "Frangep\u00e1n utca", "oneway": false, "reversed": false, "length": 154.58501962424543, "from": "517", "to": "544", "maxspeed": null, "bridge": null, "_key": "0", "ref": null, "access": null, "tunnel": null, "width": "6"}, "geometry": {"type": "LineString", "coordinates": [[19.119438799999994, 47.42210390000003], [19.1209864, 47.42301840000002]]}}, {"id": "(530, 488, 0)", "type": "Feature", "properties": {"_status": "original", "osmid": 1300, "highway": "residential", "lanes": null, "name": "Kir\u00e1lyh\u00e1g\u00f3 utca", "oneway": false, "reversed": true, "length": 222.8855328277931, "from": "530", "to": "488", "maxspeed": null, "bridge": null, "_key": "0", "ref": null, "access": null, "tunnel": null, "width": null}, "geometry": {"type": "LineString", "coordinates": [[19.12045039999999, 47.42354340000002], [19.11828179999999, 47.42227670000003], [19.1182079, 47.42223350000001]]}}, {"id": "(488, 474, 0)", "type": "Feature", "properties": {"_status": "original", "osmid": 1299, "highway": "residential", "lanes": "2", "name": "V\u00f6r\u00f6smarty utca", "oneway": false, "reversed": true, "length": 67.78484640681121, "from": "488", "to": "474", "maxspeed": null, "bridge": null, "_key": "0", "ref": null, "access": null, "tunnel": null, "width": null}, "geometry": {"type": "LineString", "coordinates": [[19.1182079, 47.42223350000001], [19.117671700000002, 47.422723400000045]]}}, {"id": "(718, 720, 0)", "type": "Feature", "properties": {"_status": "original", "osmid": 1294, "highway": "residential", "lanes": null, "name": "Eperjes utca", "oneway": false, "reversed": true, "length": 40.090607554260245, "from": "720", "to": "718", "maxspeed": null, "bridge": null, "_key": "0", "ref": null, "access": null, "tunnel": null, "width": null}, "geometry": {"type": "LineString", "coordinates": [[19.131746399999997, 47.42924360000003], [19.131567899999993, 47.429201000000035], [19.131539999999998, 47.42919090000003], [19.13152309999999, 47.42917990000001], [19.131501500000002, 47.42916030000001], [19.131411300000007, 47.42900080000005]]}}, {"id": "(492, 495, 0)", "type": "Feature", "properties": {"_status": "original", "osmid": 1280, "highway": "residential", "lanes": null, "name": "K\u00f6ztemet\u0151 utca", "oneway": false, "reversed": true, "length": 8.530812030876683, "from": "495", "to": "492", "maxspeed": null, "bridge": null, "_key": "0", "ref": null, "access": null, "tunnel": null, "width": "5.9"}, "geometry": {"type": "LineString", "coordinates": [[19.118961699999996, 47.42503820000002], [19.118900299999996, 47.42510270000003]]}}, {"id": "(535, 495, 0)", "type": "Feature", "properties": {"_status": "original", "osmid": 1285, "highway": "residential", "lanes": null, "name": "Magyarok Nagyasszonya t\u00e9r", "oneway": false, "reversed": true, "length": 222.77743547562935, "from": "535", "to": "495", "maxspeed": null, "bridge": null, "_key": "0", "ref": null, "access": null, "tunnel": null, "width": null}, "geometry": {"type": "LineString", "coordinates": [[19.121207599999995, 47.42634400000002], [19.1211762, 47.42632480000004], [19.12113, 47.42629660000002], [19.120312699999985, 47.42582230000002], [19.1190095, 47.425066000000015], [19.118961699999996, 47.42503820000002]]}}, {"id": "(495, 506, 0)", "type": "Feature", "properties": {"_status": "original", "osmid": 1284, "highway": "residential", "lanes": null, "name": "K\u00f6ztemet\u0151 utca", "oneway": false, "reversed": true, "length": 62.22729574010662, "from": "506", "to": "495", "maxspeed": null, "bridge": null, "_key": "0", "ref": null, "access": null, "tunnel": null, "width": "5.9"}, "geometry": {"type": "LineString", "coordinates": [[19.119417199999994, 47.424571100000016], [19.1193805, 47.424606300000015], [19.118961699999996, 47.42503820000002]]}}, {"id": "(459, 506, 0)", "type": "Feature", "properties": {"_status": "original", "osmid": 1286, "highway": "residential", "lanes": null, "name": "K\u00e1roly utca", "oneway": false, "reversed": false, "length": 227.55242121527334, "from": "506", "to": "459", "maxspeed": null, "bridge": null, "_key": "0", "ref": null, "access": null, "tunnel": null, "width": null}, "geometry": {"type": "LineString", "coordinates": [[19.119417199999994, 47.424571100000016], [19.1171798, 47.42325260000005], [19.11713419999999, 47.42322880000002]]}}, {"id": "(459, 474, 0)", "type": "Feature", "properties": {"_status": "original", "osmid": 1287, "highway": "residential", "lanes": "2", "name": "V\u00f6r\u00f6smarty utca", "oneway": false, "reversed": true, "length": 69.23439493452318, "from": "474", "to": "459", "maxspeed": null, "bridge": null, "_key": "0", "ref": null, "access": null, "tunnel": null, "width": null}, "geometry": {"type": "LineString", "coordinates": [[19.117671700000002, 47.422723400000045], [19.11713419999999, 47.42322880000002]]}}, {"id": "(415, 474, 0)", "type": "Feature", "properties": {"_status": "original", "osmid": 1289, "highway": "residential", "lanes": null, "name": "Pacsirta utca", "oneway": false, "reversed": true, "length": 286.30758711191584, "from": "474", "to": "415", "maxspeed": null, "bridge": null, "_key": "0", "ref": null, "access": null, "tunnel": null, "width": null}, "geometry": {"type": "LineString", "coordinates": [[19.117671700000002, 47.422723400000045], [19.117616499999997, 47.422690600000045], [19.114778300000005, 47.42105090000005]]}}]}