{"type": "FeatureCollection", "features": [{"id": "2", "type": "Feature", "properties": {"index": 2, "n_sides": 3, "edges": "[(28, 32, 0), (32, 36, 0), (36, 28, 0)]", "area": 27378.98377819046, "roundabout": false}, "geometry": {"type": "Polygon", "coordinates": [[[18.9669916634387, 47.390959214900064], [18.967834799999995, 47.39076060000002], [18.968547499999996, 47.39059349999998], [18.968508199999995, 47.390520400000064], [18.9684943, 47.39047020000001], [18.968503299999995, 47.390387600000004], [18.968532500000002, 47.3903228], [18.968778, 47.389918900000005], [18.968820899999994, 47.38985050000006], [18.9691077, 47.38935999999999], [18.969320899999992, 47.389006100000024], [18.969417499999995, 47.38891910000003], [18.969450500000004, 47.38890140000006], [18.9694946, 47.38887770000006], [18.9695644, 47.38884010000002], [18.9693107, 47.38854980000003], [18.96896939999999, 47.38826520000003], [18.968633400000005, 47.38804980000007], [18.968558600000005, 47.38810740000003], [18.968517099999996, 47.388143700000036], [18.968468399999995, 47.38820510000005], [18.967158399999995, 47.39042460000005], [18.96701545850444, 47.3907646348882], [18.9669916634387, 47.390959214900064]]]}}, {"id": "6", "type": "Feature", "properties": {"index": 6, "n_sides": 3, "edges": "[(56, 50, 0), (50, 65, 0), (65, 56, 0)]", "area": 29635.24975079276, "roundabout": false}, "geometry": {"type": "Polygon", "coordinates": [[[18.9760719, 47.403073300000045], [18.976088000000004, 47.40313010000003], [18.976091300000004, 47.403177000000035], [18.976090399999997, 47.40322420000002], [18.976089100000006, 47.40328820000003], [18.975826699999995, 47.40547260000003], [18.9759186, 47.40548130000004], [18.976015699999998, 47.40548310000003], [18.97610939999999, 47.40547660000003], [18.976268899999997, 47.40544840000001], [18.976460399999997, 47.405406500000026], [18.976707899999997, 47.405352099999995], [18.97698379999999, 47.405293400000026], [18.977077299999998, 47.40528090000003], [18.97718739999999, 47.40527180000006], [18.977297899999996, 47.40526640000004], [18.9774194, 47.405267000000016], [18.977917999999995, 47.405279400000026], [18.978311599999998, 47.405305500000026], [18.978319199999998, 47.40527749999999], [18.978315200000004, 47.405255700000005], [18.9783, 47.40523430000001], [18.978124799999996, 47.405067800000005], [18.978044599999997, 47.4049632], [18.977950399999994, 47.40483179999999], [18.977885399999998, 47.4047192], [18.977815699999997, 47.40457220000005], [18.97778409999999, 47.40448460000006], [18.977772100000003, 47.404328000000014], [18.9777506, 47.40421770000005], [18.977687799999998, 47.40394419999999], [18.9776677, 47.4039066], [18.977635299999996, 47.40387680000004], [18.977569600000002, 47.403841600000035], [18.976223300000004, 47.40315099999999], [18.9760719, 47.403073300000045]]]}}, {"id": "8", "type": "Feature", "properties": {"index": 8, "n_sides": 4, "edges": "[(42, 62, 0), (62, 66, 0), (66, 55, 0), (55, 42, 0)]", "area": 57752.312048459564, "roundabout": false}, "geometry": {"type": "Polygon", "coordinates": [[[18.97206321337303, 47.39613584864029], [18.9719408, 47.39637689999998], [18.971212099999995, 47.39765740000004], [18.971214999999997, 47.397698900000016], [18.971244200000008, 47.39774229999999], [18.971303699999996, 47.39776550000002], [18.971523299999987, 47.39780520000005], [18.971872199999996, 47.397875300000045], [18.972089399999994, 47.39791099999999], [18.972297499999993, 47.397933100000024], [18.97241709999999, 47.39794160000006], [18.9729671, 47.3979587], [18.973109699999995, 47.397963099999984], [18.973305299999993, 47.39796920000004], [18.9736913, 47.397981100000074], [18.974036399999996, 47.39799180000006], [18.9747178, 47.39800770000005], [18.975171700000004, 47.398018300000054], [18.975317499999996, 47.39801690000004], [18.97612179999999, 47.397984100000016], [18.9762636, 47.397988500000025], [18.9763523, 47.3980023], [18.976417799999997, 47.39803159999999], [18.976771000000003, 47.397556900000026], [18.976940899999995, 47.397328600000066], [18.9768205, 47.39729260000003], [18.976566899999998, 47.39721780000007], [18.976500699999992, 47.39719080000007], [18.976285499999996, 47.397090500000026], [18.976147900000008, 47.3970369], [18.974733399999998, 47.39664610000004], [18.974658699999996, 47.396763099999994], [18.974629399999998, 47.39681060000003], [18.972346, 47.396201300000016], [18.97206321337303, 47.39613584864029]]]}}, {"id": "9", "type": "Feature", "properties": {"index": 9, "n_sides": 3, "edges": "[(42, 55, 0), (55, 60, 0), (60, 63, 0), (63, 59, 0), (59, 53, 0), (53, 48, 0), (48, 42, 0)]", "area": 52606.907580608764, "roundabout": false}, "geometry": {"type": "Polygon", "coordinates": [[[18.97206321337303, 47.39613584864029], [18.972346, 47.396201300000016], [18.974629399999998, 47.39681060000003], [18.974658699999996, 47.396763099999994], [18.974733399999998, 47.39664610000004], [18.97536209999999, 47.395670200000005], [18.9753867, 47.39563050000007], [18.975872599999995, 47.39475890000004], [18.974991899999992, 47.39451780000007], [18.974158099999997, 47.394295200000045], [18.973249099999997, 47.3940525], [18.972138199999993, 47.39595600000003], [18.972122399999996, 47.396019300000006], [18.97206321337303, 47.39613584864029]]]}}, {"id": "10", "type": "Feature", "properties": {"index": 10, "n_sides": 4, "edges": "[(55, 66, 0), (66, 72, 0), (72, 60, 0), (60, 55, 0)]", "area": 23113.080150538262, "roundabout": false}, "geometry": {"type": "Polygon", "coordinates": [[[18.974733399999998, 47.39664610000004], [18.976147900000008, 47.3970369], [18.976285499999996, 47.397090500000026], [18.976500699999992, 47.39719080000007], [18.976566899999998, 47.39721780000007], [18.9768205, 47.39729260000003], [18.976940899999995, 47.397328600000066], [18.977313899999995, 47.396809900000015], [18.97750720000001, 47.39653360000004], [18.9776688, 47.39627139999999], [18.9775327, 47.39623230000003], [18.97751, 47.39622590000001], [18.9753867, 47.39563050000007], [18.97536209999999, 47.395670200000005], [18.974733399999998, 47.39664610000004]]]}}, {"id": "11", "type": "Feature", "properties": {"index": 11, "n_sides": 6, "edges": "[(548, 440, 0), (440, 435, 0), (435, 447, 0), (447, 431, 0), (431, 487, 0), (487, 517, 0), (517, 548, 0)]", "area": 41152.940490436995, "roundabout": false}, "geometry": {"type": "Polygon", "coordinates": [[[19.003854509363116, 47.40110384503303], [19.0032227, 47.40099820000006], [19.002972099999994, 47.400974500000025], [19.002721300000005, 47.400936300000005], [19.002315499999998, 47.400865400000015], [19.001394299999998, 47.400691500000015], [19.000390599999996, 47.40050140000004], [19.000363099999998, 47.400546199999994], [19.000256699999994, 47.40069470000003], [19.000383800000005, 47.40074930000004], [19.0005018, 47.400803799999984], [19.000633499999996, 47.40088930000003], [19.000784791645234, 47.4009552941724], [19.000650599999997, 47.40109640000001], [19.0006835, 47.40149530000002], [19.000675799999993, 47.401563700000054], [19.000280299999996, 47.40204340000002], [19.002093299999995, 47.402858499999994], [19.00210779999999, 47.402865100000014], [19.002216999999995, 47.402914200000005], [19.002263499999994, 47.40286690000001], [19.003089799999994, 47.40202630000006], [19.0036796, 47.40142420000002], [19.003812875541232, 47.40125625826347], [19.003854509363116, 47.40110384503303]]]}}, {"id": "12", "type": "Feature", "properties": {"index": 12, "n_sides": 7, "edges": "[(548, 517, 0), (517, 615, 0), (615, 669, 0), (669, 713, 0), (713, 560, 0), (560, 558, 0), (558, 548, 0)]", "area": 62972.7552999137, "roundabout": false}, "geometry": {"type": "Polygon", "coordinates": [[[19.003854509363116, 47.40110384503303], [19.003812875541232, 47.40125625826347], [19.0036796, 47.40142420000002], [19.003089799999994, 47.40202630000006], [19.003170600000004, 47.40206230000002], [19.003185499999997, 47.402068900000046], [19.00561669999999, 47.40317290000006], [19.005656299999995, 47.40317840000003], [19.005693799999996, 47.40316100000004], [19.00594720000001, 47.40289500000001], [19.006131099999998, 47.40269060000006], [19.006207199999984, 47.40264700000003], [19.006314399999994, 47.40261840000001], [19.0064385, 47.402604500000024], [19.0065327, 47.40262280000003], [19.007832900000004, 47.403057199999985], [19.008129100000005, 47.403150100000026], [19.008218899999996, 47.40318770000001], [19.0082883, 47.403239400000025], [19.008473400000003, 47.403428800000036], [19.008524699999988, 47.40348120000002], [19.009023199999998, 47.40331549999999], [19.009218700000005, 47.403257899999986], [19.009875599999994, 47.40308640000001], [19.010000299999994, 47.40305310000001], [19.010135199999997, 47.403010200000054], [19.010035100000003, 47.402929200000045], [19.009703951015027, 47.40278943020173], [19.009248, 47.402655700000025], [19.0082445, 47.40231800000002], [19.00788770000001, 47.4021916], [19.007566399999998, 47.402067599999974], [19.007395500000005, 47.40199880000001], [19.0069741, 47.401815700000014], [19.005796000000007, 47.40127750000002], [19.005580899999998, 47.40118130000001], [19.005377600000003, 47.40110160000005], [19.00527069999999, 47.40106800000002], [19.00516139999999, 47.40104160000001], [19.00501420000001, 47.40101800000002], [19.004876599999992, 47.40100530000002], [19.00461880240346, 47.40100339458995], [19.004317592174512, 47.401089206304974], [19.004178616689163, 47.40103853044248], [19.003960415449495, 47.4010534172218], [19.003854509363116, 47.40110384503303]]]}}, {"id": "13", "type": "Feature", "properties": {"index": 13, "n_sides": 6, "edges": "[(440, 339, 0), (339, 325, 0), (325, 431, 0), (431, 447, 0), (447, 435, 0), (435, 440, 0)]", "area": 39195.72118506369, "roundabout": false}, "geometry": {"type": "Polygon", "coordinates": [[[19.000390599999996, 47.40050140000004], [18.9996241, 47.400358500000024], [18.999363599999995, 47.400310800000064], [18.998505299999994, 47.400167400000036], [18.997709399999998, 47.40004840000001], [18.997114300000003, 47.39997210000002], [18.99621669999999, 47.39987050000004], [18.996174199999988, 47.39992350000003], [18.995740899999994, 47.40039360000004], [18.996901300000005, 47.4005547], [18.996967199999997, 47.40057409999999], [18.997042899999993, 47.40060810000006], [18.99781829999999, 47.400945199999995], [18.9978647, 47.40096360000001], [18.997881399999997, 47.40097110000003], [18.99848370000001, 47.40124090000001], [18.9986835, 47.40133090000004], [19.000280299999996, 47.40204340000002], [19.000675799999993, 47.401563700000054], [19.0006835, 47.40149530000002], [19.000650599999997, 47.40109640000001], [19.000784791645234, 47.4009552941724], [19.000633499999996, 47.40088930000003], [19.0005018, 47.400803799999984], [19.000383800000005, 47.40074930000004], [19.000256699999994, 47.40069470000003], [19.000363099999998, 47.400546199999994], [19.000390599999996, 47.40050140000004]]]}}, {"id": "15", "type": "Feature", "properties": {"index": 15, "n_sides": 5, "edges": "[(582, 558, 0), (558, 560, 0), (560, 713, 0), (713, 762, 0), (762, 783, 0), (783, 598, 0), (598, 582, 0)]", "area": 77700.37839191148, "roundabout": false}, "geometry": {"type": "Polygon", "coordinates": [[[19.004999700000003, 47.40000410000007], [19.004947299999994, 47.40006629999999], [19.004912999999988, 47.40010520000002], [19.0046754, 47.40038960000001], [19.004584200000004, 47.40050180000001], [19.004551299999996, 47.4005364], [19.0043946, 47.40069120000005], [19.004238200000007, 47.40086460000001], [19.004178616689163, 47.40103853044248], [19.004317592174512, 47.401089206304974], [19.00461880240346, 47.40100339458995], [19.004876599999992, 47.40100530000002], [19.00501420000001, 47.40101800000002], [19.00516139999999, 47.40104160000001], [19.00527069999999, 47.40106800000002], [19.005377600000003, 47.40110160000005], [19.005580899999998, 47.40118130000001], [19.005796000000007, 47.40127750000002], [19.0069741, 47.401815700000014], [19.007395500000005, 47.40199880000001], [19.007566399999998, 47.402067599999974], [19.00788770000001, 47.4021916], [19.0082445, 47.40231800000002], [19.009248, 47.402655700000025], [19.009703951015027, 47.40278943020173], [19.010035100000003, 47.402929200000045], [19.010135199999997, 47.403010200000054], [19.0104743, 47.40335330000003], [19.010568499999998, 47.40345010000001], [19.010663300000004, 47.40353880000006], [19.011024599999992, 47.40385970000006], [19.011318799999994, 47.404123100000035], [19.011368199999996, 47.40416520000001], [19.01161707165927, 47.40430109990198], [19.012035510739356, 47.40432854688801], [19.012105599999998, 47.403765299999996], [19.012129699999996, 47.40366540000002], [19.0121779, 47.40358230000004], [19.012234300000003, 47.40348660000006], [19.0123694, 47.40332480000005], [19.012455199999998, 47.40323330000005], [19.012827258951088, 47.40295543767148], [19.012525999999998, 47.40251400000001], [19.012444299999995, 47.40243050000003], [19.012352600000007, 47.40235160000002], [19.012183399999998, 47.40223930000003], [19.0120249, 47.40215610000001], [19.0118299, 47.40207420000004], [19.0116439, 47.40200800000004], [19.0115149, 47.40197119999999], [19.011243399999998, 47.401917299999994], [19.011201300000003, 47.40191260000004], [19.011054699999992, 47.40189640000004], [19.0108471, 47.401883100000006], [19.009963100000004, 47.40185970000004], [19.009747999999995, 47.40184810000006], [19.009587599999996, 47.40183850000003], [19.009435799999988, 47.40182420000006], [19.009238900000003, 47.401797700000074], [19.009134499999995, 47.40178319999998], [19.008884899999998, 47.401740100000026], [19.0087799, 47.40171860000007], [19.0085782, 47.40166780000001], [19.008345899999995, 47.401593300000044], [19.008173000000003, 47.401515900000035], [19.0079577, 47.40141740000001], [19.007127999999994, 47.401011900000036], [19.007047700000008, 47.40097360000003], [19.006761499999993, 47.40083080000002], [19.0056079, 47.40027349999998], [19.004999700000003, 47.40000410000007]]]}}, {"id": "16", "type": "Feature", "properties": {"index": 16, "n_sides": 6, "edges": "[(517, 487, 0), (487, 484, 0), (484, 519, 0), (519, 520, 0), (520, 545, 0), (545, 564, 0), (564, 648, 0), (648, 669, 0), (669, 615, 0), (615, 517, 0)]", "area": 86843.93362676329, "roundabout": false}, "geometry": {"type": "Polygon", "coordinates": [[[19.003089799999994, 47.40202630000006], [19.002263499999994, 47.40286690000001], [19.002216999999995, 47.402914200000005], [19.002183899999995, 47.402947700000034], [19.002269099999996, 47.40298390000004], [19.002280999999993, 47.40298919999999], [19.004637899999995, 47.40404110000003], [19.003798899999996, 47.404940299999986], [19.00363739999999, 47.40499840000005], [19.0036849, 47.40508390000006], [19.0040848, 47.40570590000004], [19.00420550000001, 47.40586490000005], [19.00438949999999, 47.40604710000004], [19.004599, 47.40624800000007], [19.00467559999999, 47.40632140000004], [19.00490729999999, 47.40616470000001], [19.005021799999998, 47.406075600000044], [19.005173699999997, 47.40593860000003], [19.005260699999994, 47.40585180000005], [19.005376999999996, 47.40573400000003], [19.005457600000007, 47.405652199999984], [19.006332, 47.404604000000006], [19.006753599999993, 47.404094300000004], [19.006810699999992, 47.40404920000003], [19.006850000000004, 47.404025199999985], [19.006925700000004, 47.40399270000006], [19.007760999999995, 47.40373600000003], [19.008524699999988, 47.40348120000002], [19.008473400000003, 47.403428800000036], [19.0082883, 47.403239400000025], [19.008218899999996, 47.40318770000001], [19.008129100000005, 47.403150100000026], [19.007832900000004, 47.403057199999985], [19.0065327, 47.40262280000003], [19.0064385, 47.402604500000024], [19.006314399999994, 47.40261840000001], [19.006207199999984, 47.40264700000003], [19.006131099999998, 47.40269060000006], [19.00594720000001, 47.40289500000001], [19.005693799999996, 47.40316100000004], [19.005656299999995, 47.40317840000003], [19.00561669999999, 47.40317290000006], [19.003185499999997, 47.402068900000046], [19.003170600000004, 47.40206230000002], [19.003089799999994, 47.40202630000006]]]}}, {"id": "17", "type": "Feature", "properties": {"index": 17, "n_sides": 4, "edges": "[(484, 487, 0), (487, 431, 0), (431, 416, 0), (416, 472, 0), (472, 484, 0)]", "area": 9606.468248584206, "roundabout": false}, "geometry": {"type": "Polygon", "coordinates": [[[19.002183899999995, 47.402947700000034], [19.002216999999995, 47.402914200000005], [19.00210779999999, 47.402865100000014], [19.002093299999995, 47.402858499999994], [19.000280299999996, 47.40204340000002], [18.999900699999998, 47.402477900000044], [19.0009514, 47.40293230000001], [19.001682399999996, 47.40327450000001], [19.0017002, 47.40328289999997], [19.001808399999998, 47.40333360000003], [19.002183899999995, 47.402947700000034]]]}}, {"id": "18", "type": "Feature", "properties": {"index": 18, "n_sides": 3, "edges": "[(484, 472, 0), (472, 450, 0), (450, 446, 0), (446, 519, 0), (519, 484, 0)]", "area": 27754.34592312217, "roundabout": false}, "geometry": {"type": "Polygon", "coordinates": [[[19.002183899999995, 47.402947700000034], [19.001808399999998, 47.40333360000003], [19.001328999999995, 47.403808299999994], [19.001264700000004, 47.40387340000005], [19.001335199999996, 47.40390360000005], [19.001354399999997, 47.40391190000005], [19.003539999999997, 47.40488970000004], [19.0036019, 47.404942700000035], [19.00363739999999, 47.40499840000005], [19.003798899999996, 47.404940299999986], [19.004637899999995, 47.40404110000003], [19.002280999999993, 47.40298919999999], [19.002269099999996, 47.40298390000004], [19.002183899999995, 47.402947700000034]]]}}, {"id": "20", "type": "Feature", "properties": {"index": 20, "n_sides": 4, "edges": "[(841, 821, 0), (821, 719, 0), (719, 746, 0), (746, 747, 0), (747, 841, 0)]", "area": 36415.046854751716, "roundabout": false}, "geometry": {"type": "Polygon", "coordinates": [[[19.0158049, 47.40790980000002], [19.015078, 47.40727260000003], [19.015029099999996, 47.40723070000004], [19.014937699999997, 47.40715240000001], [19.014807199999996, 47.407226200000004], [19.0147506, 47.40725820000001], [19.011490299999995, 47.40922729999998], [19.012524300000003, 47.40986199999999], [19.012560899999993, 47.409884500000025], [19.015667600000004, 47.407992600000036], [19.015692099999992, 47.407977699999996], [19.0158049, 47.40790980000002]]]}}, {"id": "21", "type": "Feature", "properties": {"index": 21, "n_sides": 4, "edges": "[(841, 747, 0), (747, 769, 0), (769, 858, 0), (858, 841, 0)]", "area": 34676.743126192996, "roundabout": false}, "geometry": {"type": "Polygon", "coordinates": [[[19.0158049, 47.40790980000002], [19.015692099999992, 47.407977699999996], [19.015667600000004, 47.407992600000036], [19.012560899999993, 47.409884500000025], [19.0136429, 47.41053600000005], [19.014538299999998, 47.41000360000001], [19.014792200000002, 47.40984920000004], [19.015148, 47.40963730000004], [19.015704199999995, 47.40928850000001], [19.016186699999995, 47.40894690000001], [19.016540900000003, 47.40870440000002], [19.016585899999995, 47.40867550000005], [19.016706199999998, 47.408598500000004], [19.01658729999999, 47.40852399999998], [19.0165247, 47.40847949999999], [19.0163088, 47.40832620000002], [19.0158049, 47.40790980000002]]]}}, {"id": "22", "type": "Feature", "properties": {"index": 22, "n_sides": 6, "edges": "[(719, 692, 0), (692, 680, 0), (680, 668, 0), (668, 673, 0), (673, 688, 0), (688, 746, 0), (746, 719, 0)]", "area": 25664.447118138178, "roundabout": false}, "geometry": {"type": "Polygon", "coordinates": [[[19.011490299999995, 47.40922729999998], [19.011427899999994, 47.40924530000005], [19.0113299, 47.409259700000014], [19.011112599999997, 47.40928779999999], [19.010908799999992, 47.4093187], [19.010761800000004, 47.40935150000001], [19.0106302, 47.409390800000025], [19.010523899999995, 47.409430300000025], [19.010452200000003, 47.40947560000005], [19.010200400000002, 47.40985429999999], [19.010163699999993, 47.40990240000005], [19.0101204, 47.40993099999999], [19.010146999999996, 47.409960400000024], [19.0101483, 47.40999490000005], [19.0097464, 47.41078730000004], [19.009813100000002, 47.41080800000007], [19.009876100000003, 47.4108307], [19.009988399999994, 47.410882700000016], [19.010668600000002, 47.41126420000004], [19.0119048, 47.41030290000001], [19.012524300000003, 47.40986199999999], [19.011490299999995, 47.40922729999998]]]}}, {"id": "23", "type": "Feature", "properties": {"index": 23, "n_sides": 4, "edges": "[(566, 608, 0), (608, 703, 0), (703, 665, 0), (665, 566, 0)]", "area": 48759.417225136196, "roundabout": false}, "geometry": {"type": "Polygon", "coordinates": [[[19.0035505, 47.39437410000003], [19.0041004, 47.394623800000026], [19.0049948, 47.39503350000004], [19.0055428, 47.3944989], [19.007912799999996, 47.39214600000003], [19.007704799999996, 47.392110400000064], [19.0062483, 47.39172930000004], [19.005533399999994, 47.392429200000024], [19.0044398, 47.39350100000002], [19.0035505, 47.39437410000003]]]}}, {"id": "24", "type": "Feature", "properties": {"index": 24, "n_sides": 3, "edges": "[(566, 665, 0), (665, 551, 0), (551, 566, 0)]", "area": 29076.036190321065, "roundabout": false}, "geometry": {"type": "Polygon", "coordinates": [[[19.0035505, 47.39437410000003], [19.0044398, 47.39350100000002], [19.005533399999994, 47.392429200000024], [19.0062483, 47.39172930000004], [19.005403599999998, 47.391516200000034], [19.005289600000005, 47.39151540000002], [19.005233299999986, 47.39152950000002], [19.005190599999995, 47.391549900000044], [19.004872, 47.39176640000002], [19.004744599999995, 47.39186760000003], [19.004672, 47.39194010000007], [19.004401900000005, 47.392205700000034], [19.004119499999998, 47.39248350000001], [19.003449599999996, 47.393133600000034], [19.0027062, 47.39386020000003], [19.002646199999997, 47.39394980000005], [19.0028327, 47.39403730000006], [19.0035505, 47.39437410000003]]]}}, {"id": "25", "type": "Feature", "properties": {"index": 25, "n_sides": 4, "edges": "[(963, 999, 0), (999, 958, 0), (958, 898, 0), (898, 857, 0), (857, 820, 0), (820, 861, 0), (861, 914, 0), (914, 963, 0)]", "area": 81298.87221951969, "roundabout": false}, "geometry": {"type": "Polygon", "coordinates": [[[19.0252423, 47.43372880000005], [19.02607559999999, 47.43335359999999], [19.026155199999998, 47.43332520000004], [19.026423762871648, 47.4332670538363], [19.026276199999998, 47.43311160000002], [19.026223499999997, 47.4330921], [19.025975300000002, 47.43300030000004], [19.025803299999996, 47.432920800000005], [19.025715800000004, 47.43287799999998], [19.0254451, 47.43273250000005], [19.024792199999993, 47.43230820000004], [19.0246001, 47.432199800000056], [19.024361799999998, 47.43209280000003], [19.0240012, 47.43194960000003], [19.023866499999997, 47.43191310000002], [19.023717100000002, 47.4318946], [19.023323400000002, 47.43187050000005], [19.02310879999999, 47.43184870000003], [19.02253049999999, 47.43177499999999], [19.022234699999995, 47.431759299999975], [19.022048599999994, 47.43175160000001], [19.021543499999996, 47.43174400000001], [19.0207655, 47.431827900000016], [19.0207151, 47.431945100000036], [19.020240999999984, 47.432760200000025], [19.02008739999999, 47.433026799999986], [19.020010200000005, 47.43314860000003], [19.019561199999995, 47.433713800000014], [19.019765699999997, 47.43377870000001], [19.01987, 47.43378100000005], [19.020098000000004, 47.4337792], [19.0208256, 47.43373910000005], [19.021173499999996, 47.43374330000007], [19.02138219999999, 47.43371840000001], [19.021605699999995, 47.433687500000005], [19.0218817, 47.43367300000001], [19.0225805, 47.43370610000001], [19.023169199999995, 47.433704699999986], [19.0250615, 47.43369330000001], [19.025156, 47.43370660000004], [19.0252423, 47.43372880000005]]]}}, {"id": "26", "type": "Feature", "properties": {"index": 26, "n_sides": 4, "edges": "[(963, 960, 0), (960, 982, 0), (982, 999, 0), (999, 963, 0)]", "area": 5272.5535721259275, "roundabout": false}, "geometry": {"type": "Polygon", "coordinates": [[[19.0252423, 47.43372880000005], [19.025179399999992, 47.433792200000006], [19.0251097, 47.43385930000004], [19.025580200000007, 47.43406390000003], [19.0259765, 47.43425810000006], [19.025992399999996, 47.43417239999999], [19.0260203, 47.43409940000003], [19.026076599999993, 47.43402600000002], [19.0262066, 47.433894700000025], [19.026293899999995, 47.43379190000004], [19.026325299999996, 47.43373530000003], [19.026338799999998, 47.43368030000001], [19.0263668, 47.43344850000001], [19.026423762871648, 47.4332670538363], [19.026155199999998, 47.43332520000004], [19.02607559999999, 47.43335359999999], [19.0252423, 47.43372880000005]]]}}, {"id": "27", "type": "Feature", "properties": {"index": 27, "n_sides": 5, "edges": "[(963, 914, 0), (914, 861, 0), (861, 814, 0), (814, 835, 0), (835, 892, 0), (892, 903, 0), (903, 960, 0), (960, 963, 0)]", "area": 87105.98437506851, "roundabout": false}, "geometry": {"type": "Polygon", "coordinates": [[[19.0252423, 47.43372880000005], [19.025156, 47.43370660000004], [19.0250615, 47.43369330000001], [19.023169199999995, 47.433704699999986], [19.0225805, 47.43370610000001], [19.0218817, 47.43367300000001], [19.021605699999995, 47.433687500000005], [19.02138219999999, 47.43371840000001], [19.021173499999996, 47.43374330000007], [19.021103899999993, 47.43396060000004], [19.020897599999998, 47.43460430000003], [19.0206862, 47.43545379999999], [19.020664, 47.43555060000007], [19.0206353, 47.43586720000006], [19.020617700000003, 47.43592990000004], [19.020575700000002, 47.43601020000002], [19.020508099999994, 47.43608090000003], [19.020343299999993, 47.436222499999985], [19.0201764, 47.43631780000003], [19.0200672, 47.43640440000001], [19.0199748, 47.43647030000001], [19.019836100000003, 47.43651860000004], [19.01987699999999, 47.43656940000002], [19.019924000000003, 47.436611600000006], [19.019952799999995, 47.43666629999999], [19.0199564, 47.43672890000004], [19.0199384, 47.436778600000004], [19.019881199999993, 47.43685900000005], [19.019120399999988, 47.437869600000035], [19.019113600000004, 47.43789040000005], [19.01912009999999, 47.43791430000001], [19.0191431, 47.43793790000004], [19.019175999999998, 47.43794009999998], [19.019216499999995, 47.437930500000036], [19.020464099999995, 47.43714890000002], [19.0205242, 47.43713130000005], [19.020579699999995, 47.43713120000001], [19.020693699999995, 47.43705180000001], [19.020882300000004, 47.436933500000016], [19.021301399999995, 47.43667070000002], [19.021358100000008, 47.43665540000001], [19.021428299999997, 47.4366516], [19.022812099999996, 47.43697910000006], [19.0228359, 47.43688460000001], [19.023027899999995, 47.43619870000003], [19.0230879, 47.43598020000005], [19.023124199999994, 47.43589800000004], [19.023163699999998, 47.43582420000001], [19.023238299999992, 47.43571140000003], [19.023386299999995, 47.435544999999976], [19.024190899999997, 47.43466760000002], [19.0251097, 47.43385930000004], [19.025179399999992, 47.433792200000006], [19.0252423, 47.43372880000005]]]}}, {"id": "29", "type": "Feature", "properties": {"index": 29, "n_sides": 7, "edges": "[(999, 982, 0), (982, 960, 0), (960, 903, 0), (903, 892, 0), (892, 891, 0), (891, 961, 0), (961, 989, 0), (989, 1002, 0), (1002, 1021, 0), (1021, 1016, 0), (1016, 999, 0)]", "area": 63421.25812948346, "roundabout": false}, "geometry": {"type": "Polygon", "coordinates": [[[19.026423762871648, 47.4332670538363], [19.0263668, 47.43344850000001], [19.026338799999998, 47.43368030000001], [19.026325299999996, 47.43373530000003], [19.026293899999995, 47.43379190000004], [19.0262066, 47.433894700000025], [19.026076599999993, 47.43402600000002], [19.0260203, 47.43409940000003], [19.025992399999996, 47.43417239999999], [19.0259765, 47.43425810000006], [19.025580200000007, 47.43406390000003], [19.0251097, 47.43385930000004], [19.024190899999997, 47.43466760000002], [19.023386299999995, 47.435544999999976], [19.023238299999992, 47.43571140000003], [19.023163699999998, 47.43582420000001], [19.023124199999994, 47.43589800000004], [19.0230879, 47.43598020000005], [19.023027899999995, 47.43619870000003], [19.0228359, 47.43688460000001], [19.022812099999996, 47.43697910000006], [19.022817699999997, 47.437056900000016], [19.024216, 47.436681900000025], [19.024423999999993, 47.43659910000003], [19.024651, 47.43650089999997], [19.0252145, 47.43624970000006], [19.02556179999999, 47.436069100000054], [19.0256882, 47.43599570000001], [19.026392700000002, 47.43554559999999], [19.0264637, 47.435507200000046], [19.026546900000007, 47.43547700000003], [19.026510099999992, 47.43541680000001], [19.026500299999995, 47.43537630000002], [19.026510200000004, 47.43529050000004], [19.0265625, 47.4349557], [19.026564299999993, 47.434889999999996], [19.026548699999992, 47.43462020000003], [19.026527800000004, 47.434467600000026], [19.0265294, 47.434426400000035], [19.026547999999995, 47.4343916], [19.026581599999997, 47.43435780000002], [19.026678599999997, 47.43430960000003], [19.0274438, 47.434001699999996], [19.027424600000003, 47.43394280000005], [19.027168900000003, 47.43316110000003], [19.027153200000004, 47.43311310000005], [19.026982799999995, 47.43313570000003], [19.02667659999999, 47.43317640000003], [19.026423762871648, 47.4332670538363]]]}}, {"id": "30", "type": "Feature", "properties": {"index": 30, "n_sides": 5, "edges": "[(1016, 1021, 0), (1021, 1002, 0), (1002, 989, 0), (989, 991, 0), (991, 1058, 0), (1058, 1073, 0), (1073, 1056, 0), (1056, 1048, 0), (1048, 1016, 0)]", "area": 29320.64112525107, "roundabout": false}, "geometry": {"type": "Polygon", "coordinates": [[[19.027153200000004, 47.43311310000005], [19.027168900000003, 47.43316110000003], [19.027424600000003, 47.43394280000005], [19.0274438, 47.434001699999996], [19.026678599999997, 47.43430960000003], [19.026581599999997, 47.43435780000002], [19.026547999999995, 47.4343916], [19.0265294, 47.434426400000035], [19.026527800000004, 47.434467600000026], [19.026548699999992, 47.43462020000003], [19.026564299999993, 47.434889999999996], [19.0265625, 47.4349557], [19.026510200000004, 47.43529050000004], [19.026500299999995, 47.43537630000002], [19.026510099999992, 47.43541680000001], [19.026546900000007, 47.43547700000003], [19.02663249999999, 47.43545210000002], [19.0267117, 47.43542409999999], [19.027201199999997, 47.4352416], [19.0273593, 47.435158900000005], [19.027491999999995, 47.435072900000065], [19.028627300000004, 47.43429100000004], [19.028666699999995, 47.43426150000005], [19.029139999999995, 47.43383250000004], [19.028333, 47.43284400000004], [19.028305899999992, 47.432811700000066], [19.028141299999994, 47.43287270000002], [19.027965599999998, 47.43292710000005], [19.027817899999995, 47.432966200000024], [19.027153200000004, 47.43311310000005]]]}}, {"id": "32", "type": "Feature", "properties": {"index": 32, "n_sides": 4, "edges": "[(1022, 1048, 0), (1048, 1056, 0), (1056, 1067, 0), (1067, 1044, 0), (1044, 1022, 0)]", "area": 7910.7483951031445, "roundabout": false}, "geometry": {"type": "Polygon", "coordinates": [[[19.02709, 47.43197000000002], [19.0279324, 47.432888700000035], [19.027965599999998, 47.43292710000005], [19.028141299999994, 47.43287270000002], [19.028305899999992, 47.432811700000066], [19.028716899999992, 47.43260719999999], [19.028676699999995, 47.432572200000024], [19.028462500000007, 47.43238570000003], [19.02810929999999, 47.43207810000002], [19.027913199999993, 47.43190730000005], [19.027607100000004, 47.431640800000054], [19.02709, 47.43197000000002]]]}}, {"id": "34", "type": "Feature", "properties": {"index": 34, "n_sides": 6, "edges": "[(1197, 1194, 0), (1194, 1162, 0), (1162, 1099, 0), (1099, 1102, 0), (1102, 1127, 0), (1127, 1132, 0), (1132, 1195, 0), (1195, 1197, 0)]", "area": 61182.28721019335, "roundabout": false}, "geometry": {"type": "Polygon", "coordinates": [[[19.035077174231922, 47.435812869404316], [19.034936178915952, 47.43587060587522], [19.03439590677805, 47.43611788169391], [19.03399468970425, 47.43639455301555], [19.033766300000003, 47.43649650000002], [19.033697499999988, 47.436568100000024], [19.033628399999998, 47.43662540000001], [19.03356, 47.4366726], [19.0334675, 47.436722], [19.0333481, 47.43677550000005], [19.0332502, 47.43681050000003], [19.033117400000002, 47.436843600000024], [19.0329525, 47.436879400000045], [19.032753899999996, 47.43692670000001], [19.032603699999996, 47.436964300000014], [19.032450900000004, 47.437013100000044], [19.032296000000002, 47.43706629999999], [19.032118999999998, 47.437140700000036], [19.031927199999995, 47.43723140000004], [19.031807899999993, 47.43729940000001], [19.031730699999997, 47.43735340000003], [19.0316744, 47.43740050000006], [19.031621400000002, 47.4374559], [19.0315504, 47.43754250000002], [19.031435, 47.437686700000015], [19.031360599999996, 47.43776070000005], [19.031284200000005, 47.437815600000036], [19.0311695, 47.43788900000001], [19.030970299999993, 47.43800740000008], [19.0308838, 47.43805820000004], [19.030766900000003, 47.438114700000014], [19.0308021, 47.43816350000003], [19.0308288, 47.43820050000004], [19.03085429999999, 47.43823600000003], [19.030876099999993, 47.43826830000004], [19.030917099999996, 47.438329100000054], [19.030967800000003, 47.43840420000002], [19.031310600000005, 47.43832030000002], [19.031470500000005, 47.4382906], [19.031628699999995, 47.43827870000002], [19.031811400000002, 47.438273499999994], [19.031970700000002, 47.438277100000015], [19.0321222, 47.438312800000006], [19.032248699999997, 47.438369700000024], [19.032337500000004, 47.43843870000001], [19.0323802, 47.438504100000074], [19.0328802, 47.43860380000003], [19.033222799999994, 47.438662200000024], [19.033361399999997, 47.438686200000035], [19.033399799999994, 47.43869290000007], [19.034213599999994, 47.43883570000002], [19.034480099999996, 47.43888250000002], [19.034550899999996, 47.43889499999999], [19.035290100000005, 47.4378081], [19.035229299999994, 47.437790900000046], [19.035190800000002, 47.43777059999999], [19.035150599999994, 47.43773570000002], [19.0351036, 47.437689500000026], [19.0350722, 47.437630100000035], [19.03506399999999, 47.437541400000036], [19.0350687, 47.437428600000025], [19.0352639, 47.43635129999999], [19.035265500000005, 47.43634230000004], [19.035273899999996, 47.43629700000001], [19.035077174231922, 47.435812869404316]]]}}, {"id": "35", "type": "Feature", "properties": {"index": 35, "n_sides": 4, "edges": "[(1197, 1221, 0), (1221, 1236, 0), (1236, 1219, 0), (1219, 1208, 0), (1208, 1197, 0)]", "area": 13797.559073541772, "roundabout": false}, "geometry": {"type": "Polygon", "coordinates": [[[19.035077174231922, 47.435812869404316], [19.035815701723283, 47.43569456739911], [19.036170828462406, 47.43547077721157], [19.03654395449342, 47.43486443391262], [19.036528462407663, 47.43467166241522], [19.036314073009276, 47.43442295877118], [19.035562638552822, 47.43461778190864], [19.035304999999997, 47.43468160000004], [19.035243800000007, 47.434744600000016], [19.035128199999992, 47.43486370000001], [19.034944899999992, 47.435052400000046], [19.03458029999999, 47.43541470000003], [19.035077174231922, 47.435812869404316]]]}}, {"id": "36", "type": "Feature", "properties": {"index": 36, "n_sides": 3, "edges": "[(1197, 1195, 0), (1195, 1221, 0), (1221, 1197, 0)]", "area": 12147.854468643316, "roundabout": false}, "geometry": {"type": "Polygon", "coordinates": [[[19.035077174231922, 47.435812869404316], [19.035273899999996, 47.43629700000001], [19.035265500000005, 47.43634230000004], [19.0352639, 47.43635129999999], [19.0350687, 47.437428600000025], [19.03506399999999, 47.437541400000036], [19.0350722, 47.437630100000035], [19.0351036, 47.437689500000026], [19.035150599999994, 47.43773570000002], [19.035190800000002, 47.43777059999999], [19.035229299999994, 47.437790900000046], [19.035290100000005, 47.4378081], [19.036198199999994, 47.436401600000046], [19.036216699999997, 47.43634829999999], [19.036219399999997, 47.43629020000004], [19.0361923, 47.436219700000045], [19.0361511, 47.43614870000006], [19.0360596002608, 47.435889182439354], [19.035815701723283, 47.43569456739911], [19.035077174231922, 47.435812869404316]]]}}, {"id": "37", "type": "Feature", "properties": {"index": 37, "n_sides": 4, "edges": "[(1208, 1219, 0), (1219, 1164, 0), (1164, 1163, 0), (1163, 1151, 0), (1151, 1153, 0), (1153, 1208, 0)]", "area": 20406.285568275805, "roundabout": false}, "geometry": {"type": "Polygon", "coordinates": [[[19.035304999999997, 47.43468160000004], [19.035562638552822, 47.43461778190864], [19.035438100000004, 47.43455680000006], [19.035366299999996, 47.43452390000001], [19.035321, 47.434489000000006], [19.035306900000002, 47.43444320000001], [19.035356399999998, 47.43417500000002], [19.035389799999994, 47.433994400000074], [19.035423199999997, 47.43395190000003], [19.03548959999999, 47.4338675], [19.0353807, 47.43383720000004], [19.034865000000003, 47.433793400000006], [19.034749599999998, 47.43378140000003], [19.034810099999998, 47.43339129999999], [19.0347967, 47.433349299999996], [19.034741700000005, 47.433331100000025], [19.033329199999997, 47.43322600000006], [19.033267799999994, 47.43322140000002], [19.032977299999995, 47.434198900000034], [19.0330319, 47.43420100000001], [19.033125500000004, 47.43421830000003], [19.033966099999997, 47.43447080000003], [19.034227799999993, 47.43451730000001], [19.034747499999998, 47.43459090000004], [19.035211199999996, 47.43465650000004], [19.035240600000005, 47.43466440000006], [19.035304999999997, 47.43468160000004]]]}}, {"id": "39", "type": "Feature", "properties": {"index": 39, "n_sides": 3, "edges": "[(1248, 1259, 0), (1259, 1263, 0), (1263, 1275, 0), (1275, 1276, 0), (1276, 1252, 0), (1252, 1248, 0)]", "area": 23031.022262175018, "roundabout": false}, "geometry": {"type": "Polygon", "coordinates": [[[19.036259400000002, 47.43182080000002], [19.036280399999995, 47.43196850000006], [19.036299899999996, 47.43212630000005], [19.036337799999995, 47.43229670000004], [19.036372100000005, 47.432458100000034], [19.036394499999997, 47.43256119999999], [19.0364092, 47.43259260000005], [19.036435900000008, 47.43261920000002], [19.036475100000004, 47.43263410000004], [19.036866875178323, 47.43295297696311], [19.0369835347638, 47.43290324985627], [19.0371245819549, 47.43281176372428], [19.037197568614957, 47.432702238279944], [19.037459655816733, 47.43106348965561], [19.037502255649635, 47.43068213417541], [19.037476043780124, 47.430559012268965], [19.037471502181543, 47.43039427661139], [19.037387699999996, 47.430389100000056], [19.037317499999997, 47.43038370000001], [19.036928099999994, 47.430354500000036], [19.036479399999994, 47.43032090000006], [19.036256600000005, 47.430304100000015], [19.036125699999992, 47.43028490000004], [19.036129300000002, 47.43033910000002], [19.036135799999997, 47.43041690000001], [19.0361987, 47.43117090000003], [19.0362243, 47.43145490000004], [19.036228799999996, 47.43152390000005], [19.036259400000002, 47.43182080000002]]]}}, {"id": "40", "type": "Feature", "properties": {"index": 40, "n_sides": 5, "edges": "[(1252, 1276, 0), (1276, 1282, 0), (1282, 1288, 0), (1288, 1286, 0), (1286, 1271, 0), (1271, 1256, 0), (1256, 1254, 0), (1254, 1252, 0)]", "area": 20944.921255366015, "roundabout": false}, "geometry": {"type": "Polygon", "coordinates": [[[19.036125699999992, 47.43028490000004], [19.036256600000005, 47.430304100000015], [19.036479399999994, 47.43032090000006], [19.036928099999994, 47.430354500000036], [19.037317499999997, 47.43038370000001], [19.037387699999996, 47.430389100000056], [19.037471502181543, 47.43039427661139], [19.037565308346924, 47.42981630213629], [19.037753020497373, 47.42914296275869], [19.037696399999994, 47.42903050000001], [19.037566599999998, 47.42900920000001], [19.0371865, 47.428946100000026], [19.037090499999994, 47.428930100000024], [19.037022600000004, 47.428926200000035], [19.03695499999999, 47.42893320000007], [19.036909099999995, 47.42894630000001], [19.0368685, 47.42895640000003], [19.036805299999997, 47.42896040000001], [19.036730799999997, 47.42894960000006], [19.036360099999992, 47.428851500000064], [19.036168500000002, 47.428819399999995], [19.03605329153477, 47.42881299953751], [19.036038899999994, 47.42881220000003], [19.0359442, 47.42880699999999], [19.0359362, 47.42885080000004], [19.035866699999993, 47.429230400000016], [19.035857699999998, 47.429275499999996], [19.035745999999996, 47.429817799999995], [19.035740599999997, 47.42986190000005], [19.0357561, 47.429908800000014], [19.036047399999998, 47.430240400000024], [19.036090699999995, 47.4302719], [19.036125699999992, 47.43028490000004]]]}}, {"id": "41", "type": "Feature", "properties": {"index": 41, "n_sides": 3, "edges": "[(1275, 1309, 0), (1309, 1282, 0), (1282, 1276, 0), (1276, 1275, 0)]", "area": 8355.92399253918, "roundabout": false}, "geometry": {"type": "Polygon", "coordinates": [[[19.037476043780124, 47.430559012268965], [19.037571599999993, 47.43054040000002], [19.037742699999992, 47.43054710000003], [19.037797900000008, 47.43054920000005], [19.03808619999999, 47.430564799999985], [19.038864000000004, 47.430606800000035], [19.0389133, 47.43042980000005], [19.039023499999995, 47.430034400000004], [19.039043, 47.429964600000034], [19.038851100000002, 47.42994560000004], [19.038621999999997, 47.42992290000002], [19.037925399999995, 47.42985379999997], [19.037882699999994, 47.42984959999998], [19.037829700000003, 47.42984500000002], [19.037777, 47.42983860000003], [19.037733599999996, 47.42983400000003], [19.0376304, 47.429823000000034], [19.037565308346924, 47.42981630213629], [19.037471502181543, 47.43039427661139], [19.037476043780124, 47.430559012268965]]]}}, {"id": "42", "type": "Feature", "properties": {"index": 42, "n_sides": 5, "edges": "[(1268, 1290, 0), (1290, 1293, 0), (1293, 1231, 0), (1231, 1229, 0), (1229, 1268, 0)]", "area": 7368.8132848634805, "roundabout": false}, "geometry": {"type": "Polygon", "coordinates": [[[19.0363661, 47.426465400000026], [19.036490699999998, 47.42638230000004], [19.036531599999993, 47.42635500000005], [19.037301152343762, 47.426286188213275], [19.037398463811126, 47.42612010082245], [19.036602399999996, 47.425974800000034], [19.035907200000008, 47.42613010000004], [19.034858200000002, 47.42638460000003], [19.034607999999988, 47.42642339999999], [19.0345326, 47.4268375], [19.035791399999994, 47.42642060000002], [19.0359016, 47.42640700000003], [19.03603699999999, 47.42641040000001], [19.0363661, 47.426465400000026]]]}}, {"id": "44", "type": "Feature", "properties": {"index": 44, "n_sides": 3, "edges": "[(1268, 1229, 0), (1229, 1223, 0), (1223, 1268, 0)]", "area": 7710.198235019765, "roundabout": false}, "geometry": {"type": "Polygon", "coordinates": [[[19.0363661, 47.426465400000026], [19.03603699999999, 47.42641040000001], [19.0359016, 47.42640700000003], [19.035791399999994, 47.42642060000002], [19.0345326, 47.4268375], [19.034439899999995, 47.4273899], [19.034952000000008, 47.42727600000003], [19.0357155, 47.42710530000002], [19.0359568, 47.42671150000007], [19.036053900000002, 47.426653200000025], [19.036151300000004, 47.4266302], [19.036198099999993, 47.426613100000026], [19.0363661, 47.426465400000026]]]}}, {"id": "45", "type": "Feature", "properties": {"index": 45, "n_sides": 5, "edges": "[(1293, 1290, 0), (1290, 1284, 0), (1284, 1271, 0), (1271, 1286, 0), (1286, 1301, 0), (1301, 1308, 0), (1308, 1296, 0), (1296, 1293, 0)]", "area": 20756.081439329897, "roundabout": false}, "geometry": {"type": "Polygon", "coordinates": [[[19.037398463811126, 47.42612010082245], [19.037301152343762, 47.426286188213275], [19.037074402077433, 47.42687058293517], [19.037339476853216, 47.42704171816218], [19.037536900000003, 47.42725920000001], [19.037527699999988, 47.42729570000002], [19.037520700000005, 47.427322900000036], [19.037500099999995, 47.42740330000006], [19.037488299999993, 47.4274499], [19.037479000000005, 47.4274861], [19.037470399999993, 47.42752210000003], [19.037428399999992, 47.42765270000003], [19.03734830000001, 47.42786420000006], [19.037166399999993, 47.42823950000003], [19.03714459999999, 47.42828340000004], [19.037093300000002, 47.42848640000002], [19.036923499999997, 47.4289083], [19.036909099999995, 47.42894630000001], [19.03695499999999, 47.42893320000007], [19.037022600000004, 47.428926200000035], [19.037090499999994, 47.428930100000024], [19.0371865, 47.428946100000026], [19.037566599999998, 47.42900920000001], [19.037696399999994, 47.42903050000001], [19.0377189, 47.428948900000066], [19.037934500000006, 47.42816620000006], [19.038143500000004, 47.427425400000054], [19.038163099999988, 47.427340300000054], [19.038288699999995, 47.42677660000001], [19.038332999999998, 47.42658880000002], [19.038355600000003, 47.4264703], [19.0383821, 47.42635940000001], [19.038144838089465, 47.4261309861695], [19.037626276501726, 47.425864168330776], [19.037398463811126, 47.42612010082245]]]}}, {"id": "46", "type": "Feature", "properties": {"index": 46, "n_sides": 6, "edges": "[(1293, 1296, 0), (1296, 1307, 0), (1307, 1294, 0), (1294, 1245, 0), (1245, 1239, 0), (1239, 1220, 0), (1220, 1217, 0), (1217, 1231, 0), (1231, 1293, 0)]", "area": 32261.544234170495, "roundabout": false}, "geometry": {"type": "Polygon", "coordinates": [[[19.037398463811126, 47.42612010082245], [19.037626276501726, 47.425864168330776], [19.037941274863424, 47.425181756136794], [19.037302614446567, 47.42490741718582], [19.036902499999993, 47.42502620000005], [19.03525169999999, 47.42547100000002], [19.035190799999995, 47.42546440000002], [19.035164899999995, 47.42544370000004], [19.0349932, 47.425049800000004], [19.034716900000003, 47.425116100000054], [19.034369899999994, 47.42519940000003], [19.033947800000004, 47.42530080000002], [19.033967300000004, 47.425803200000026], [19.033989599999995, 47.426008], [19.034083999999996, 47.426485800000044], [19.034607999999988, 47.42642339999999], [19.034858200000002, 47.42638460000003], [19.035907200000008, 47.42613010000004], [19.036602399999996, 47.425974800000034], [19.037398463811126, 47.42612010082245]]]}}, {"id": "47", "type": "Feature", "properties": {"index": 47, "n_sides": 3, "edges": "[(1229, 1231, 0), (1231, 1217, 0), (1217, 1207, 0), (1207, 1198, 0), (1198, 1187, 0), (1187, 1223, 0), (1223, 1229, 0)]", "area": 9528.60070721978, "roundabout": false}, "geometry": {"type": "Polygon", "coordinates": [[[19.0345326, 47.4268375], [19.034607999999988, 47.42642339999999], [19.034083999999996, 47.426485800000044], [19.0338731, 47.42651530000002], [19.0338349, 47.42652449999999], [19.03380279999999, 47.426541300000004], [19.0335317, 47.42683630000003], [19.033386699999998, 47.42705040000005], [19.033143599999995, 47.42748299999999], [19.033082299999997, 47.427613000000036], [19.033080599999995, 47.42764720000003], [19.03310099999999, 47.427688599999996], [19.03440249999999, 47.42739839999999], [19.034439899999995, 47.4273899], [19.0345326, 47.4268375]]]}}, {"id": "48", "type": "Feature", "properties": {"index": 48, "n_sides": 4, "edges": "[(1271, 1284, 0), (1284, 1262, 0), (1262, 1260, 0), (1260, 1256, 0), (1256, 1271, 0)]", "area": 13671.472920661046, "roundabout": false}, "geometry": {"type": "Polygon", "coordinates": [[[19.036909099999995, 47.42894630000001], [19.036923499999997, 47.4289083], [19.037093300000002, 47.42848640000002], [19.03714459999999, 47.42828340000004], [19.037166399999993, 47.42823950000003], [19.03734830000001, 47.42786420000006], [19.037428399999992, 47.42765270000003], [19.037470399999993, 47.42752210000003], [19.037479000000005, 47.4274861], [19.037488299999993, 47.4274499], [19.037500099999995, 47.42740330000006], [19.037520700000005, 47.427322900000036], [19.037527699999988, 47.42729570000002], [19.037536900000003, 47.42725920000001], [19.037339476853216, 47.42704171816218], [19.037074402077433, 47.42687058293517], [19.036930746823874, 47.42703850584152], [19.0364292075351, 47.42791179319558], [19.0361583, 47.42825400000007], [19.0361074, 47.428492000000034], [19.0360863, 47.42859079999999], [19.036074400000004, 47.428646300000004], [19.03605329153477, 47.42881299953751], [19.036168500000002, 47.428819399999995], [19.036360099999992, 47.428851500000064], [19.036730799999997, 47.42894960000006], [19.036805299999997, 47.42896040000001], [19.0368685, 47.42895640000003], [19.036909099999995, 47.42894630000001]]]}}, {"id": "49", "type": "Feature", "properties": {"index": 49, "n_sides": 4, "edges": "[(1217, 1220, 0), (1220, 1211, 0), (1211, 1207, 0), (1207, 1217, 0)]", "area": 2439.9513666083158, "roundabout": false}, "geometry": {"type": "Polygon", "coordinates": [[[19.034083999999996, 47.426485800000044], [19.033989599999995, 47.426008], [19.033967300000004, 47.425803200000026], [19.033947800000004, 47.42530080000002], [19.033699599999995, 47.42535850000004], [19.033715599999994, 47.425828400000064], [19.03373439999999, 47.426054000000036], [19.033785999999996, 47.4262187], [19.0338731, 47.42651530000002], [19.034083999999996, 47.426485800000044]]]}}, {"id": "50", "type": "Feature", "properties": {"index": 50, "n_sides": 6, "edges": "[(1296, 1308, 0), (1308, 1333, 0), (1333, 1344, 0), (1344, 1364, 0), (1364, 1345, 0), (1345, 1307, 0), (1307, 1296, 0)]", "area": 35709.039874585236, "roundabout": false}, "geometry": {"type": "Polygon", "coordinates": [[[19.037626276501726, 47.425864168330776], [19.038144838089465, 47.4261309861695], [19.038442000000003, 47.42617340000005], [19.038475, 47.42617770000006], [19.038616299999997, 47.42619610000001], [19.0388165, 47.42622210000005], [19.039011800000008, 47.426247499999995], [19.039302, 47.42628520000003], [19.039433200000005, 47.42629770000003], [19.039508499999997, 47.42618920000003], [19.039614899999993, 47.42601380000001], [19.039737500000005, 47.4257904], [19.0398653, 47.42555950000001], [19.039891100000002, 47.42551460000002], [19.04004629999999, 47.42524290000003], [19.0403157, 47.424764300000014], [19.040523700000005, 47.42441220000001], [19.040806700000008, 47.42395410000006], [19.0406825, 47.42393660000005], [19.040637000000004, 47.42393010000005], [19.040623999999998, 47.4239286], [19.040443500000002, 47.423906600000024], [19.040235599999992, 47.42388120000005], [19.040173099999993, 47.42387360000005], [19.0400896, 47.423862700000015], [19.0400047, 47.42385149999999], [19.039619582114504, 47.423713067253786], [19.039314209525593, 47.42403409871508], [19.038917771224405, 47.42435445284533], [19.038787865835662, 47.4245606201804], [19.038612306283138, 47.424740379117175], [19.037941274863424, 47.425181756136794], [19.037626276501726, 47.425864168330776]]]}}, {"id": "51", "type": "Feature", "properties": {"index": 51, "n_sides": 5, "edges": "[(1282, 1309, 0), (1309, 1316, 0), (1316, 1320, 0), (1320, 1295, 0), (1295, 1288, 0), (1288, 1282, 0)]", "area": 13768.138811606548, "roundabout": false}, "geometry": {"type": "Polygon", "coordinates": [[[19.037565308346924, 47.42981630213629], [19.0376304, 47.429823000000034], [19.037733599999996, 47.42983400000003], [19.037777, 47.42983860000003], [19.037829700000003, 47.42984500000002], [19.037882699999994, 47.42984959999998], [19.037925399999995, 47.42985379999997], [19.038621999999997, 47.42992290000002], [19.038851100000002, 47.42994560000004], [19.039043, 47.429964600000034], [19.039058500000003, 47.429897999999994], [19.039153900000002, 47.429487400000035], [19.039168199999995, 47.42942620000006], [19.039173699999992, 47.429402300000014], [19.039239899999995, 47.42910440000006], [19.0392994, 47.42883690000004], [19.039078199999995, 47.428807800000016], [19.038744799999996, 47.428762500000005], [19.038281, 47.428699600000016], [19.038251999999996, 47.428695000000054], [19.0381879, 47.42868470000001], [19.038139500000003, 47.42867690000002], [19.038083699999994, 47.42866800000003], [19.0378998, 47.429019000000025], [19.0378469, 47.42912860000003], [19.037753020497373, 47.42914296275869], [19.037565308346924, 47.42981630213629]]]}}, {"id": "52", "type": "Feature", "properties": {"index": 52, "n_sides": 4, "edges": "[(1309, 1327, 0), (1327, 1332, 0), (1332, 1316, 0), (1316, 1309, 0)]", "area": 3876.389159391396, "roundabout": false}, "geometry": {"type": "Polygon", "coordinates": [[[19.039043, 47.429964600000034], [19.03956709999999, 47.430001800000056], [19.039915499999996, 47.43002440000004], [19.039987300000004, 47.429534100000026], [19.039967800000003, 47.42951080000002], [19.039173699999992, 47.429402300000014], [19.039168199999995, 47.42942620000006], [19.039153900000002, 47.429487400000035], [19.039058500000003, 47.429897999999994], [19.039043, 47.429964600000034]]]}}, {"id": "53", "type": "Feature", "properties": {"index": 53, "n_sides": 4, "edges": "[(1332, 1327, 0), (1327, 1336, 0), (1336, 1342, 0), (1342, 1332, 0)]", "area": 1807.5895133520073, "roundabout": false}, "geometry": {"type": "Polygon", "coordinates": [[[19.039987300000004, 47.429534100000026], [19.039915499999996, 47.43002440000004], [19.0400201, 47.43004060000005], [19.04017119999999, 47.430074100000006], [19.040243000000004, 47.430091300000015], [19.040489299999997, 47.42958600000001], [19.040430599999997, 47.4295778], [19.039987300000004, 47.429534100000026]]]}}, {"id": "54", "type": "Feature", "properties": {"index": 54, "n_sides": 5, "edges": "[(1332, 1342, 0), (1342, 1348, 0), (1348, 1329, 0), (1329, 1323, 0), (1323, 1320, 0), (1320, 1316, 0), (1316, 1332, 0)]", "area": 13334.041215530171, "roundabout": false}, "geometry": {"type": "Polygon", "coordinates": [[[19.039987300000004, 47.429534100000026], [19.040430599999997, 47.4295778], [19.040489299999997, 47.42958600000001], [19.040594400000003, 47.42928350000004], [19.040625000000002, 47.42913290000005], [19.040638199999997, 47.42907860000005], [19.040723000000007, 47.42862910000001], [19.0407382, 47.42855750000003], [19.040766000000005, 47.428426700000045], [19.040510400000002, 47.428403600000024], [19.040300000000002, 47.42837590000005], [19.039752799999995, 47.42830360000002], [19.0396316, 47.42828760000003], [19.039427699999994, 47.42825980000004], [19.0392994, 47.42883690000004], [19.039239899999995, 47.42910440000006], [19.039173699999992, 47.429402300000014], [19.039967800000003, 47.42951080000002], [19.039987300000004, 47.429534100000026]]]}}, {"id": "55", "type": "Feature", "properties": {"index": 55, "n_sides": 4, "edges": "[(1288, 1295, 0), (1295, 1315, 0), (1315, 1301, 0), (1301, 1286, 0), (1286, 1288, 0)]", "area": 6002.864823411431, "roundabout": false}, "geometry": {"type": "Polygon", "coordinates": [[[19.037753020497373, 47.42914296275869], [19.0378469, 47.42912860000003], [19.0378998, 47.429019000000025], [19.038083699999994, 47.42866800000003], [19.038129599999998, 47.42858860000002], [19.038331799999998, 47.42823910000004], [19.038794300000003, 47.427439699999994], [19.0382302, 47.42735090000005], [19.038163099999988, 47.427340300000054], [19.038143500000004, 47.427425400000054], [19.037934500000006, 47.42816620000006], [19.0377189, 47.428948900000066], [19.037696399999994, 47.42903050000001], [19.037753020497373, 47.42914296275869]]]}}, {"id": "56", "type": "Feature", "properties": {"index": 56, "n_sides": 3, "edges": "[(1245, 1294, 0), (1294, 1283, 0), (1283, 1253, 0), (1253, 1245, 0)]", "area": 7211.291475281333, "roundabout": false}, "geometry": {"type": "Polygon", "coordinates": [[[19.0349932, 47.425049800000004], [19.035164899999995, 47.42544370000004], [19.035190799999995, 47.42546440000002], [19.03525169999999, 47.42547100000002], [19.036902499999993, 47.42502620000005], [19.037302614446567, 47.42490741718582], [19.036677199999993, 47.42467030000002], [19.0366191, 47.4246713], [19.035975700000005, 47.4248199], [19.035246299999997, 47.42498840000005], [19.0349932, 47.425049800000004]]]}}, {"id": "57", "type": "Feature", "properties": {"index": 57, "n_sides": 4, "edges": "[(1245, 1253, 0), (1253, 1243, 0), (1243, 1166, 0), (1166, 1167, 0), (1167, 1165, 0), (1165, 1181, 0), (1181, 1201, 0), (1201, 1211, 0), (1211, 1220, 0), (1220, 1239, 0), (1239, 1245, 0)]", "area": 25621.466135015868, "roundabout": false}, "geometry": {"type": "Polygon", "coordinates": [[[19.0349932, 47.425049800000004], [19.035246299999997, 47.42498840000005], [19.034712300000006, 47.42401640000002], [19.034504099999996, 47.42403510000001], [19.034386299999987, 47.42404560000002], [19.0342984, 47.424059700000036], [19.034225499999998, 47.42407330000005], [19.034099400000002, 47.4241229], [19.0338776, 47.424253499999985], [19.033596599999996, 47.42438420000007], [19.033376200000003, 47.42445830000003], [19.0318715, 47.424851000000025], [19.0319499, 47.42527590000002], [19.032009400000003, 47.42564980000002], [19.03250269999999, 47.425590700000065], [19.03291079999999, 47.42552930000005], [19.033538799999995, 47.425398300000005], [19.033699599999995, 47.42535850000004], [19.033947800000004, 47.42530080000002], [19.034369899999994, 47.42519940000003], [19.034716900000003, 47.425116100000054], [19.0349932, 47.425049800000004]]]}}, {"id": "58", "type": "Feature", "properties": {"index": 58, "n_sides": 7, "edges": "[(1283, 1294, 0), (1294, 1307, 0), (1307, 1345, 0), (1345, 1365, 0), (1365, 1328, 0), (1328, 1319, 0), (1319, 1306, 0), (1306, 1303, 0), (1303, 1304, 0), (1304, 1277, 0), (1277, 1283, 0)]", "area": 66818.66908679207, "roundabout": false}, "geometry": {"type": "Polygon", "coordinates": [[[19.036677199999993, 47.42467030000002], [19.037302614446567, 47.42490741718582], [19.037941274863424, 47.425181756136794], [19.038612306283138, 47.424740379117175], [19.038787865835662, 47.4245606201804], [19.038917771224405, 47.42435445284533], [19.039314209525593, 47.42403409871508], [19.039619582114504, 47.423713067253786], [19.040004829749048, 47.42325326281683], [19.040210822874446, 47.42291439267717], [19.040502334025998, 47.422237721706146], [19.04056350123055, 47.421816069715675], [19.039984565869105, 47.42163455669565], [19.039607103207125, 47.42159305107102], [19.039287432197582, 47.421650039738836], [19.03850298337274, 47.42194939251114], [19.0384692, 47.42203160000004], [19.03807479999999, 47.42220500000005], [19.038054699999993, 47.422222000000005], [19.038043099999992, 47.42224439999998], [19.038051399999993, 47.42227630000004], [19.0381868, 47.422519100000066], [19.0374411, 47.42260230000001], [19.037385599999997, 47.42260950000002], [19.037453499999998, 47.42298000000001], [19.037465099999988, 47.423133400000026], [19.0374897, 47.423240900000025], [19.037472000000005, 47.42343020000005], [19.037438599999998, 47.42346780000001], [19.036841900000006, 47.423707800000024], [19.036567499999993, 47.42380420000003], [19.0363512, 47.423868900000045], [19.036336899999995, 47.423873200000045], [19.036376799999996, 47.42403800000003], [19.036414499999996, 47.42418140000005], [19.036677199999993, 47.42467030000002]]]}}, {"id": "59", "type": "Feature", "properties": {"index": 59, "n_sides": 5, "edges": "[(1283, 1277, 0), (1277, 1278, 0), (1278, 1255, 0), (1255, 1243, 0), (1243, 1253, 0), (1253, 1283, 0)]", "area": 17613.19361607516, "roundabout": false}, "geometry": {"type": "Polygon", "coordinates": [[[19.036677199999993, 47.42467030000002], [19.036414499999996, 47.42418140000005], [19.036376799999996, 47.42403800000003], [19.036336899999995, 47.423873200000045], [19.036283599999997, 47.42356220000002], [19.036161300000003, 47.423538400000005], [19.036016899999996, 47.4235102], [19.035768299999994, 47.42343060000001], [19.035321299999996, 47.42328750000006], [19.035035499999992, 47.42323620000004], [19.03503939999999, 47.423913200000065], [19.035022699999995, 47.42395290000005], [19.034993599999993, 47.423979900000035], [19.0349415, 47.42399670000003], [19.034712300000006, 47.42401640000002], [19.035246299999997, 47.42498840000005], [19.035975700000005, 47.4248199], [19.0366191, 47.4246713], [19.036677199999993, 47.42467030000002]]]}}, {"id": "60", "type": "Feature", "properties": {"index": 60, "n_sides": 6, "edges": "[(1315, 1295, 0), (1295, 1320, 0), (1320, 1323, 0), (1323, 1329, 0), (1329, 1335, 0), (1335, 1315, 0)]", "area": 12326.720522343745, "roundabout": false}, "geometry": {"type": "Polygon", "coordinates": [[[19.038794300000003, 47.427439699999994], [19.038331799999998, 47.42823910000004], [19.038129599999998, 47.42858860000002], [19.038083699999994, 47.42866800000003], [19.038139500000003, 47.42867690000002], [19.0381879, 47.42868470000001], [19.038251999999996, 47.428695000000054], [19.038281, 47.428699600000016], [19.038744799999996, 47.428762500000005], [19.039078199999995, 47.428807800000016], [19.0392994, 47.42883690000004], [19.039427699999994, 47.42825980000004], [19.0396316, 47.42828760000003], [19.039793699999993, 47.4276287], [19.038970999999997, 47.42746260000003], [19.038922000000003, 47.427456300000024], [19.038867699999997, 47.42744920000004], [19.038794300000003, 47.427439699999994]]]}}, {"id": "61", "type": "Feature", "properties": {"index": 61, "n_sides": 4, "edges": "[(1315, 1333, 0), (1333, 1308, 0), (1308, 1301, 0), (1301, 1315, 0)]", "area": 8549.803592594813, "roundabout": false}, "geometry": {"type": "Polygon", "coordinates": [[[19.038794300000003, 47.427439699999994], [19.03884769999999, 47.42734790000004], [19.039187700000003, 47.42672520000003], [19.039233100000004, 47.42664060000002], [19.039292500000002, 47.42652990000001], [19.039403199999995, 47.42634270000003], [19.039433200000005, 47.42629770000003], [19.039302, 47.42628520000003], [19.039011800000008, 47.426247499999995], [19.0388165, 47.42622210000005], [19.038616299999997, 47.42619610000001], [19.038475, 47.42617770000006], [19.038442000000003, 47.42617340000005], [19.038144838089465, 47.4261309861695], [19.0383821, 47.42635940000001], [19.038355600000003, 47.4264703], [19.038332999999998, 47.42658880000002], [19.038288699999995, 47.42677660000001], [19.038163099999988, 47.427340300000054], [19.0382302, 47.42735090000005], [19.038794300000003, 47.427439699999994]]]}}, {"id": "62", "type": "Feature", "properties": {"index": 62, "n_sides": 4, "edges": "[(1315, 1335, 0), (1335, 1340, 0), (1340, 1346, 0), (1346, 1333, 0), (1333, 1315, 0)]", "area": 8884.428980622455, "roundabout": false}, "geometry": {"type": "Polygon", "coordinates": [[[19.038794300000003, 47.427439699999994], [19.038867699999997, 47.42744920000004], [19.038922000000003, 47.427456300000024], [19.038970999999997, 47.42746260000003], [19.039793699999993, 47.4276287], [19.039909, 47.42716490000005], [19.039972499999998, 47.42689520000002], [19.039983599999996, 47.42684870000004], [19.040085400000002, 47.42642060000002], [19.040095600000004, 47.42637780000002], [19.039891, 47.42635250000007], [19.039800300000003, 47.42634120000003], [19.039647200000005, 47.426322300000045], [19.0395744, 47.42631330000002], [19.0395009, 47.426304200000004], [19.039433200000005, 47.42629770000003], [19.039403199999995, 47.42634270000003], [19.039292500000002, 47.42652990000001], [19.039233100000004, 47.42664060000002], [19.039187700000003, 47.42672520000003], [19.03884769999999, 47.42734790000004], [19.038794300000003, 47.427439699999994]]]}}, {"id": "63", "type": "Feature", "properties": {"index": 63, "n_sides": 4, "edges": "[(1260, 1262, 0), (1262, 1172, 0), (1172, 1174, 0), (1174, 1260, 0)]", "area": 5780.290433821296, "roundabout": false}, "geometry": {"type": "Polygon", "coordinates": [[[19.0361074, 47.428492000000034], [19.0361583, 47.42825400000007], [19.035889499999996, 47.42818160000006], [19.035774400000005, 47.42815530000004], [19.035606799999993, 47.42812190000003], [19.035462700000004, 47.428116100000004], [19.0353206, 47.42812800000006], [19.03436889999999, 47.42826940000006], [19.0341265, 47.42830540000004], [19.0336925, 47.4283743], [19.0334458, 47.428416400000025], [19.0333515, 47.4284343], [19.033160500000005, 47.42847800000001], [19.0330262, 47.42851030000004], [19.032867499999995, 47.42854860000004], [19.032684808550613, 47.42859266766667], [19.032729056224436, 47.42870433084503], [19.032929100000008, 47.42865880000003], [19.033217999999998, 47.428592300000034], [19.033407099999994, 47.428552400000015], [19.033490799999996, 47.428538000000025], [19.03374109999999, 47.42850750000006], [19.034169100000003, 47.42846350000004], [19.034409600000004, 47.428448500000044], [19.034575299999997, 47.42843820000004], [19.0348596, 47.42842100000004], [19.0351361, 47.42841350000001], [19.0353902, 47.42842129999998], [19.035556999999997, 47.42843520000004], [19.036009400000005, 47.42848150000004], [19.0361074, 47.428492000000034]]]}}, {"id": "64", "type": "Feature", "properties": {"index": 64, "n_sides": 4, "edges": "[(1333, 1346, 0), (1346, 1354, 0), (1354, 1358, 0), (1358, 1363, 0), (1363, 1349, 0), (1349, 1344, 0), (1344, 1333, 0)]", "area": 9348.173372494774, "roundabout": false}, "geometry": {"type": "Polygon", "coordinates": [[[19.039433200000005, 47.42629770000003], [19.0395009, 47.426304200000004], [19.0395744, 47.42631330000002], [19.039647200000005, 47.426322300000045], [19.039800300000003, 47.42634120000003], [19.039891, 47.42635250000007], [19.040095600000004, 47.42637780000002], [19.040525000000002, 47.42643009999999], [19.040857199999998, 47.42647060000006], [19.040951699999994, 47.426479900000025], [19.041065299999993, 47.426490600000015], [19.041102399999996, 47.4261555], [19.041116700000003, 47.42602670000005], [19.041103400000008, 47.42573790000002], [19.0404012, 47.425643000000015], [19.040208800000002, 47.42561700000004], [19.0400683, 47.42559800000001], [19.0400304, 47.4255929], [19.039959999999997, 47.425580000000025], [19.0398653, 47.42555950000001], [19.039737500000005, 47.4257904], [19.039614899999993, 47.42601380000001], [19.039508499999997, 47.42618920000003], [19.039433200000005, 47.42629770000003]]]}}, {"id": "65", "type": "Feature", "properties": {"index": 65, "n_sides": 4, "edges": "[(1354, 1346, 0), (1346, 1340, 0), (1340, 1351, 0), (1351, 1354, 0)]", "area": 3411.464068879565, "roundabout": false}, "geometry": {"type": "Polygon", "coordinates": [[[19.040857199999998, 47.42647060000006], [19.040525000000002, 47.42643009999999], [19.040095600000004, 47.42637780000002], [19.040085400000002, 47.42642060000002], [19.039983599999996, 47.42684870000004], [19.039972499999998, 47.42689520000002], [19.040372899999994, 47.42694190000001], [19.040745299999998, 47.426985400000014], [19.040857199999998, 47.42647060000006]]]}}, {"id": "66", "type": "Feature", "properties": {"index": 66, "n_sides": 4, "edges": "[(1354, 1351, 0), (1351, 1355, 0), (1355, 1358, 0), (1358, 1354, 0)]", "area": 1042.187498849449, "roundabout": false}, "geometry": {"type": "Polygon", "coordinates": [[[19.040857199999998, 47.42647060000006], [19.040745299999998, 47.426985400000014], [19.040964499999994, 47.42701120000001], [19.041007, 47.427014500000034], [19.041048800000002, 47.42663870000007], [19.041065299999993, 47.426490600000015], [19.040951699999994, 47.426479900000025], [19.040857199999998, 47.42647060000006]]]}}, {"id": "67", "type": "Feature", "properties": {"index": 67, "n_sides": 3, "edges": "[(1364, 1344, 0), (1344, 1349, 0), (1349, 1363, 0), (1363, 1364, 0)]", "area": 10962.21897277268, "roundabout": false}, "geometry": {"type": "Polygon", "coordinates": [[[19.040806700000008, 47.42395410000006], [19.040523700000005, 47.42441220000001], [19.0403157, 47.424764300000014], [19.04004629999999, 47.42524290000003], [19.039891100000002, 47.42551460000002], [19.0398653, 47.42555950000001], [19.039959999999997, 47.425580000000025], [19.0400304, 47.4255929], [19.0400683, 47.42559800000001], [19.040208800000002, 47.42561700000004], [19.0404012, 47.425643000000015], [19.041103400000008, 47.42573790000002], [19.04110129999999, 47.42570010000005], [19.0411024, 47.42522560000002], [19.0410984, 47.425064100000064], [19.041083300000004, 47.42490460000002], [19.04108129999999, 47.42488380000003], [19.041041799999995, 47.42464100000005], [19.0410288, 47.424561400000044], [19.041024900000004, 47.42453870000001], [19.0410254, 47.42447990000003], [19.041027299999996, 47.4243945], [19.0410348, 47.42431720000004], [19.041088400000003, 47.424107599999985], [19.0410917, 47.42406740000003], [19.0410836, 47.42403200000006], [19.041066300000004, 47.424012100000006], [19.041024599999997, 47.42399120000007], [19.040955799999995, 47.42397520000004], [19.040806700000008, 47.42395410000006]]]}}, {"id": "68", "type": "Feature", "properties": {"index": 68, "n_sides": 4, "edges": "[(1364, 1368, 0), (1368, 1365, 0), (1365, 1345, 0), (1345, 1364, 0)]", "area": 21596.55297764131, "roundabout": false}, "geometry": {"type": "Polygon", "coordinates": [[[19.040806700000008, 47.42395410000006], [19.040848499999992, 47.42387910000007], [19.0411316, 47.42337070000001], [19.04123849999999, 47.423180900000055], [19.041306499999997, 47.42303610000003], [19.0413509, 47.42291470000005], [19.0413874, 47.422784400000005], [19.0414134, 47.422647200000036], [19.041467999999995, 47.42220910000003], [19.041502, 47.42166160000004], [19.04142031889335, 47.42134296777981], [19.0412037830727, 47.421356843772266], [19.04105673764733, 47.42141693496679], [19.04056350123055, 47.421816069715675], [19.040502334025998, 47.422237721706146], [19.040210822874446, 47.42291439267717], [19.040004829749048, 47.42325326281683], [19.039619582114504, 47.423713067253786], [19.0400047, 47.42385149999999], [19.0400896, 47.423862700000015], [19.040173099999993, 47.42387360000005], [19.040235599999992, 47.42388120000005], [19.040443500000002, 47.423906600000024], [19.040623999999998, 47.4239286], [19.040637000000004, 47.42393010000005], [19.0406825, 47.42393660000005], [19.040806700000008, 47.42395410000006]]]}}, {"id": "70", "type": "Feature", "properties": {"index": 70, "n_sides": 4, "edges": "[(1305, 1306, 0), (1306, 1319, 0), (1319, 1328, 0), (1328, 1305, 0)]", "area": 2759.266788825043, "roundabout": false}, "geometry": {"type": "Polygon", "coordinates": [[[19.03738159999999, 47.42227779999999], [19.037392899999997, 47.422320299999996], [19.037394499999994, 47.422330000000024], [19.0374411, 47.42260230000001], [19.0381868, 47.422519100000066], [19.038051399999993, 47.42227630000004], [19.038043099999992, 47.42224439999998], [19.038054699999993, 47.422222000000005], [19.03807479999999, 47.42220500000005], [19.0384692, 47.42203160000004], [19.03850298337274, 47.42194939251114], [19.03837949999999, 47.42192750000001], [19.03787029999999, 47.422134300000046], [19.03771909999999, 47.422188100000014], [19.03761009999999, 47.4222237], [19.037492699999998, 47.422250600000005], [19.03738159999999, 47.42227779999999]]]}}, {"id": "71", "type": "Feature", "properties": {"index": 71, "n_sides": 4, "edges": "[(1305, 1280, 0), (1280, 1281, 0), (1281, 1287, 0), (1287, 1303, 0), (1303, 1306, 0), (1306, 1305, 0)]", "area": 3568.163137910208, "roundabout": false}, "geometry": {"type": "Polygon", "coordinates": [[[19.03738159999999, 47.42227779999999], [19.037028099999997, 47.422328500000006], [19.036884600000004, 47.42234250000001], [19.036121100000006, 47.42239080000001], [19.036149500000004, 47.422467700000006], [19.036197899999998, 47.42274619999999], [19.036609600000002, 47.422705600000015], [19.036801799999992, 47.42268670000003], [19.037385599999997, 47.42260950000002], [19.0374411, 47.42260230000001], [19.037394499999994, 47.422330000000024], [19.037392899999997, 47.422320299999996], [19.03738159999999, 47.42227779999999]]]}}, {"id": "72", "type": "Feature", "properties": {"index": 72, "n_sides": 3, "edges": "[(1280, 1265, 0), (1265, 1234, 0), (1234, 1255, 0), (1255, 1278, 0), (1278, 1281, 0), (1281, 1280, 0)]", "area": 12593.201298340009, "roundabout": false}, "geometry": {"type": "Polygon", "coordinates": [[[19.036121100000006, 47.42239080000001], [19.035375000000005, 47.42248470000001], [19.03515289999999, 47.422515700000034], [19.034888799999997, 47.42256949999998], [19.034664499999995, 47.422642499999995], [19.034490699999996, 47.42274630000004], [19.034445799999993, 47.42278580000003], [19.034328799999997, 47.42287300000005], [19.03421069999999, 47.42294480000004], [19.034091099999998, 47.422972700000024], [19.03408562731349, 47.42297312209827], [19.0343212, 47.42313480000002], [19.035035499999992, 47.42323620000004], [19.035321299999996, 47.42328750000006], [19.035768299999994, 47.42343060000001], [19.036016899999996, 47.4235102], [19.036161300000003, 47.423538400000005], [19.036283599999997, 47.42356220000002], [19.036260300000002, 47.42335039999999], [19.036197899999998, 47.42274619999999], [19.036149500000004, 47.422467700000006], [19.036121100000006, 47.42239080000001]]]}}, {"id": "73", "type": "Feature", "properties": {"index": 73, "n_sides": 8, "edges": "[(1280, 1266, 0), (1266, 1261, 0), (1261, 1251, 0), (1251, 1222, 0), (1222, 1213, 0), (1213, 1184, 0), (1184, 1186, 0), (1186, 1191, 0), (1191, 1218, 0), (1218, 1265, 0), (1265, 1280, 0)]", "area": 44476.592893838155, "roundabout": false}, "geometry": {"type": "Polygon", "coordinates": [[[19.036121100000006, 47.42239080000001], [19.03610139999999, 47.422337100000036], [19.0360961, 47.422322700000045], [19.0360697, 47.422260600000044], [19.036060599999992, 47.42221330000004], [19.036040960125693, 47.422144629161075], [19.036032000000002, 47.42211330000002], [19.03595098938023, 47.42197726500675], [19.035939099999997, 47.4219573], [19.03580607658422, 47.42179226114116], [19.035797000000002, 47.42178100000003], [19.035556623250805, 47.421516132003354], [19.035516299999994, 47.42147169999999], [19.035452999999997, 47.42140610000001], [19.03536458572357, 47.42133346855928], [19.035337600000002, 47.42131130000003], [19.0352165, 47.42127320000004], [19.03505459999999, 47.421214000000035], [19.0348238, 47.421140800000025], [19.0347447, 47.421158], [19.034512800000005, 47.42120860000006], [19.033333600000002, 47.42146569999998], [19.0328966, 47.420575599999985], [19.032868899999997, 47.42051910000001], [19.031833300000002, 47.420556299999994], [19.0317584, 47.42055900000003], [19.031955499999995, 47.4211567], [19.0322543, 47.42205050000006], [19.0323167, 47.422196400000026], [19.032368500000004, 47.42223910000002], [19.03266199999999, 47.42248180000002], [19.032732299999996, 47.422523699999985], [19.0328816, 47.42258470000004], [19.033189399999994, 47.422649900000046], [19.0333137, 47.42269189999999], [19.033458199999995, 47.42278640000004], [19.0335071, 47.42277050000004], [19.03376, 47.42268830000002], [19.0341622, 47.422518700000026], [19.034453399999997, 47.42240750000001], [19.03467159999999, 47.42236370000007], [19.035170699999995, 47.422401000000036], [19.03525919999999, 47.42241720000004], [19.035335600000003, 47.422442800000034], [19.035375000000005, 47.42248470000001], [19.036121100000006, 47.42239080000001]]]}}, {"id": "75", "type": "Feature", "properties": {"index": 75, "n_sides": 4, "edges": "[(1361, 1360, 0), (1360, 1302, 0), (1302, 1297, 0), (1297, 1361, 0)]", "area": 22926.41761155442, "roundabout": false}, "geometry": {"type": "Polygon", "coordinates": [[[19.039775899999995, 47.418702700000026], [19.039818099999994, 47.41854880000004], [19.0398373, 47.41838810000006], [19.03983019999999, 47.418244600000016], [19.039791299999994, 47.418115800000066], [19.039741599999992, 47.41798580000003], [19.039525299999994, 47.417542000000005], [19.03911119999999, 47.41778130000004], [19.038973399999996, 47.41784550000002], [19.0388831, 47.41788710000003], [19.038205800000004, 47.41808789999999], [19.038094499999993, 47.41812540000003], [19.037959, 47.41816910000005], [19.037852500000003, 47.41823350000005], [19.0375965, 47.41845870000001], [19.037479299999994, 47.4185733], [19.037397199999997, 47.418651200000056], [19.037239699999994, 47.41872920000002], [19.036734099999997, 47.41896490000002], [19.0366714, 47.41910630000004], [19.0366285, 47.41919700000004], [19.036578499999994, 47.419282400000014], [19.036539899999998, 47.41939480000003], [19.036521599999993, 47.4195385], [19.03684099999999, 47.41952140000001], [19.036913100000003, 47.41951090000002], [19.0369879, 47.41948339999999], [19.0374165, 47.41928050000004], [19.037530199999985, 47.419226600000044], [19.038177, 47.41892020000005], [19.038249399999998, 47.41890120000005], [19.0383468, 47.41889390000001], [19.038438700000004, 47.418899099999976], [19.038669699999993, 47.418936400000014], [19.038751899999994, 47.41894560000004], [19.038827899999998, 47.418939800000054], [19.0390356, 47.418891500000036], [19.039775899999995, 47.418702700000026]]]}}, {"id": "76", "type": "Feature", "properties": {"index": 76, "n_sides": 4, "edges": "[(1361, 1297, 0), (1297, 1292, 0), (1292, 1317, 0), (1317, 1362, 0), (1362, 1359, 0), (1359, 1361, 0)]", "area": 20400.184626344006, "roundabout": false}, "geometry": {"type": "Polygon", "coordinates": [[[19.039775899999995, 47.418702700000026], [19.0390356, 47.418891500000036], [19.038827899999998, 47.418939800000054], [19.038751899999994, 47.41894560000004], [19.038669699999993, 47.418936400000014], [19.038438700000004, 47.418899099999976], [19.0383468, 47.41889390000001], [19.038249399999998, 47.41890120000005], [19.038177, 47.41892020000005], [19.037530199999985, 47.419226600000044], [19.0374165, 47.41928050000004], [19.0369879, 47.41948339999999], [19.036913100000003, 47.41951090000002], [19.03684099999999, 47.41952140000001], [19.036521599999993, 47.4195385], [19.036464600000002, 47.41973580000003], [19.036413899999996, 47.41991120000004], [19.036375399999997, 47.419987300000024], [19.0363441, 47.42002550000001], [19.036276599999994, 47.42007020000002], [19.0364692, 47.42008050000006], [19.0371257, 47.42003790000005], [19.037564899999992, 47.41999440000004], [19.03814740000001, 47.419864200000056], [19.038361299999995, 47.41980499999999], [19.0398934, 47.4193316], [19.039777599999997, 47.41908710000001], [19.039760799999993, 47.41902750000002], [19.039756299999993, 47.418959300000076], [19.039757699999992, 47.41888700000002], [19.039775899999995, 47.418702700000026]]]}}, {"id": "79", "type": "Feature", "properties": {"index": 79, "n_sides": 3, "edges": "[(107, 194, 0), (194, 213, 0), (213, 223, 0), (223, 195, 0), (195, 117, 0), (117, 107, 0)]", "area": 87566.84418892219, "roundabout": false}, "geometry": {"type": "Polygon", "coordinates": [[[18.9846286, 47.41837850000003], [18.9847097, 47.418414], [18.9851418, 47.418605700000015], [18.985237299999998, 47.418638200000046], [18.985356599999996, 47.41864600000004], [18.985508, 47.4186342], [18.9856025, 47.41859920000002], [18.985743700000004, 47.418473600000034], [18.985902100000004, 47.41831130000001], [18.9861792, 47.41804080000004], [18.986712600000004, 47.41757860000002], [18.98701760000001, 47.41733109999998], [18.987529399999993, 47.41687380000006], [18.988885800000002, 47.415617300000044], [18.9895093, 47.41504300000005], [18.989797600000006, 47.41468180000005], [18.989990199999998, 47.41445780000003], [18.9900827, 47.414322999999996], [18.990353599999995, 47.41399540000001], [18.990821899999993, 47.41348510000004], [18.99106439999999, 47.41322670000005], [18.991167, 47.41312120000003], [18.991220699999996, 47.41306600000004], [18.991126799999996, 47.41308550000004], [18.991055799999994, 47.41308920000004], [18.990977899999994, 47.4130842], [18.990661000000003, 47.41304980000005], [18.9902518, 47.413004400000005], [18.990107599999995, 47.41298390000006], [18.989946600000003, 47.41295170000005], [18.9898252, 47.412914500000035], [18.989712699999995, 47.41287390000002], [18.989508100000002, 47.412779800000024], [18.9892252, 47.41263790000004], [18.989157299999995, 47.412605300000045], [18.988170300000004, 47.41368000000004], [18.9880769, 47.41379419999999], [18.987997299999993, 47.41390140000002], [18.9879249, 47.414041200000014], [18.987654999999997, 47.41458180000001], [18.987409399999994, 47.41510460000001], [18.987221899999994, 47.41549550000006], [18.98715809999999, 47.41560730000004], [18.987065400000002, 47.415737100000015], [18.98699999999999, 47.41581769999999], [18.986940499999992, 47.4158928], [18.986886400000003, 47.41595660000002], [18.9857219, 47.41710270000005], [18.985258700000003, 47.417608500000014], [18.9849261, 47.41801630000002], [18.984792799999997, 47.41817850000002], [18.984652299999993, 47.41834960000002], [18.9846286, 47.41837850000003]]]}}, {"id": "81", "type": "Feature", "properties": {"index": 81, "n_sides": 6, "edges": "[(331, 327, 0), (327, 320, 0), (320, 343, 0), (343, 362, 0), (362, 371, 0), (371, 378, 0), (378, 383, 0), (383, 386, 0), (386, 394, 0), (394, 403, 0), (403, 379, 0), (379, 359, 0), (359, 331, 0)]", "area": 25859.29779354801, "roundabout": false}, "geometry": {"type": "Polygon", "coordinates": [[[19.000559399999997, 47.426214800000025], [19.000338699999993, 47.4261026], [19.000294099999998, 47.42614350000005], [19.0002112, 47.42620980000004], [19.000174699999995, 47.42625810000008], [19.000097200000003, 47.426530099999994], [19.000015299999998, 47.42681710000001], [18.9999892, 47.42691160000005], [19.000464199999993, 47.42737280000001], [19.00056809999999, 47.42750110000005], [19.001302999999993, 47.42817890000002], [19.002070000000003, 47.42786070000001], [19.002254199999996, 47.42814170000004], [19.002851499999995, 47.429052800000065], [19.002998999999996, 47.429268600000015], [19.00308369999999, 47.42939240000005], [19.003241499999998, 47.42966520000003], [19.003400499999998, 47.42994030000004], [19.0034883, 47.430169600000006], [19.003512299999997, 47.43022760000003], [19.003520100000003, 47.43024539999998], [19.003702399999995, 47.43055820000003], [19.003852500000004, 47.4307741], [19.004075900000007, 47.43111429999999], [19.004236599999988, 47.43105110000003], [19.0043122, 47.43102360000005], [19.00371139999999, 47.43008810000005], [19.003241199999994, 47.429347899999996], [19.003172299999992, 47.42923940000002], [19.002957799999997, 47.428899800000025], [19.00276209999999, 47.42858930000004], [19.00219269999999, 47.42768380000001], [19.002048600000002, 47.427467700000015], [19.0019398, 47.42732620000006], [19.001843899999994, 47.42720779999998], [19.001721899999993, 47.42706780000003], [19.001588699999992, 47.42694330000005], [19.001475700000004, 47.42683980000004], [19.001344300000003, 47.426735599999994], [19.001156000000005, 47.42659370000004], [19.000998, 47.42648230000004], [19.00077539999999, 47.4263375], [19.000559399999997, 47.426214800000025]]]}}, {"id": "82", "type": "Feature", "properties": {"index": 82, "n_sides": 3, "edges": "[(331, 359, 0), (359, 349, 0), (349, 331, 0)]", "area": 3200.2931108917214, "roundabout": false}, "geometry": {"type": "Polygon", "coordinates": [[[19.000559399999997, 47.426214800000025], [19.00077539999999, 47.4263375], [19.000998, 47.42648230000004], [19.001156000000005, 47.42659370000004], [19.001344300000003, 47.426735599999994], [19.001475700000004, 47.42683980000004], [19.001588699999992, 47.42694330000005], [19.001721899999993, 47.42706780000003], [19.001843899999994, 47.42720779999998], [19.0017185, 47.426974900000026], [19.001382700000004, 47.42640210000004], [19.001333399999993, 47.42630270000003], [19.001307799999992, 47.42623350000004], [19.001300799999996, 47.42613600000004], [19.001322999999992, 47.426028000000045], [19.001135726576518, 47.42593520258024], [19.001085500000006, 47.42598170000006], [19.0009893, 47.4260685], [19.000911999999996, 47.42611680000002], [19.00084109999999, 47.42614630000003], [19.000747799999992, 47.426172800000025], [19.000559399999997, 47.426214800000025]]]}}, {"id": "84", "type": "Feature", "properties": {"index": 84, "n_sides": 4, "edges": "[(320, 303, 0), (303, 317, 0), (317, 343, 0), (343, 320, 0)]", "area": 14675.75383836796, "roundabout": false}, "geometry": {"type": "Polygon", "coordinates": [[[18.9999892, 47.42691160000005], [18.999955800000002, 47.42693199999997], [18.99915, 47.42707830000002], [18.9998734, 47.428188200000015], [19.0001682, 47.428649700000044], [19.000754800000003, 47.428406400000036], [19.001302999999993, 47.42817890000002], [19.00056809999999, 47.42750110000005], [19.000464199999993, 47.42737280000001], [18.9999892, 47.42691160000005]]]}}, {"id": "85", "type": "Feature", "properties": {"index": 85, "n_sides": 4, "edges": "[(71, 52, 0), (52, 48, 0), (48, 53, 0), (53, 64, 0), (64, 77, 0), (77, 71, 0)]", "area": 42331.68610990661, "roundabout": false}, "geometry": {"type": "Polygon", "coordinates": [[[18.976093099999996, 47.3891642], [18.976065199999997, 47.389212600000036], [18.976046499999992, 47.38924500000003], [18.975782399999996, 47.3896998], [18.9752038, 47.39069640000006], [18.974569699999996, 47.3917887], [18.97379509999999, 47.39312260000003], [18.973273999999996, 47.39401010000006], [18.973249099999997, 47.3940525], [18.974158099999997, 47.394295200000045], [18.974179099999994, 47.394258800000046], [18.9755551, 47.3918771], [18.976346399999994, 47.39049430000006], [18.97661799999999, 47.39000540000003], [18.976864299999995, 47.389562], [18.97691199999999, 47.38947759999997], [18.9769306, 47.389446099999994], [18.9769576, 47.38940010000004], [18.976093099999996, 47.3891642]]]}}, {"id": "86", "type": "Feature", "properties": {"index": 86, "n_sides": 6, "edges": "[(403, 417, 0), (417, 415, 0), (415, 426, 0), (426, 491, 0), (491, 536, 0), (536, 542, 0), (542, 524, 0), (524, 504, 0), (504, 483, 0), (483, 477, 0), (477, 462, 0), (462, 444, 0), (444, 436, 0), (436, 382, 0), (382, 379, 0), (379, 403, 0)]", "area": 65224.65863247964, "roundabout": false}, "geometry": {"type": "Polygon", "coordinates": [[[19.0043122, 47.43102360000005], [19.004410300000004, 47.43118720000002], [19.004539499999996, 47.4314203], [19.004670099999995, 47.43168310000004], [19.004768599999995, 47.43188300000002], [19.004861799999993, 47.432100200000036], [19.004925099999994, 47.432247600000025], [19.0050232, 47.4323476], [19.005094699999997, 47.432420900000025], [19.0051277, 47.4324572], [19.005146903468177, 47.43245769060031], [19.005231043313945, 47.43233547811221], [19.005213799999996, 47.43222270000005], [19.005172099999996, 47.43217440000005], [19.0051186, 47.432115100000026], [19.005084099999994, 47.43205710000004], [19.0049667, 47.431765299999995], [19.004950499999996, 47.43170630000003], [19.004953299999993, 47.43166540000002], [19.0049584, 47.43161130000002], [19.004983200000005, 47.43153800000002], [19.005021000000003, 47.431466800000024], [19.00507289999999, 47.43139740000003], [19.0051664, 47.431306300000024], [19.005314699999992, 47.431171100000014], [19.005536400000008, 47.43096560000006], [19.005800099999995, 47.430728100000046], [19.0058795, 47.43065570000005], [19.005986, 47.43055849999999], [19.006956000000002, 47.42967330000004], [19.007175399999998, 47.42946060000001], [19.00733739999999, 47.429291700000064], [19.0079292, 47.4286257], [19.008075000000005, 47.42847470000004], [19.0082361, 47.4283236], [19.00830829999999, 47.428257000000045], [19.008366600000002, 47.428203200000034], [19.00831, 47.428179899999996], [19.007709199999997, 47.42793960000003], [19.007079000000004, 47.427678300000025], [19.0064611, 47.42743840000004], [19.006426599999998, 47.427543700000044], [19.006333100000006, 47.428004600000044], [19.006320800000005, 47.42821690000004], [19.006252099999994, 47.42836789999999], [19.0061577, 47.4285189], [19.0059775, 47.42866980000003], [19.005501099999996, 47.42894810000003], [19.005257099999998, 47.42903530000002], [19.004184399999993, 47.42974970000004], [19.003930399999998, 47.42992690000003], [19.003886599999994, 47.42993030000004], [19.0038314, 47.42992089999998], [19.0037593, 47.42988730000003], [19.003720600000005, 47.429847900000055], [19.003659699999996, 47.42977440000001], [19.0033335, 47.429258100000034], [19.0032872, 47.429204400000025], [19.003249999999998, 47.42921690000002], [19.003172299999992, 47.42923940000002], [19.003241199999994, 47.429347899999996], [19.00371139999999, 47.43008810000005], [19.0043122, 47.43102360000005]]]}}, {"id": "87", "type": "Feature", "properties": {"index": 87, "n_sides": 5, "edges": "[(417, 424, 0), (424, 466, 0), (466, 579, 0), (579, 561, 0), (561, 415, 0), (415, 417, 0)]", "area": 59797.75707608449, "roundabout": false}, "geometry": {"type": "Polygon", "coordinates": [[[19.005146903468177, 47.43245769060031], [19.005155099999996, 47.43245790000004], [19.0051835, 47.432461899999986], [19.00523799999999, 47.43247380000003], [19.005286299999998, 47.4324948], [19.005323700000005, 47.432522000000034], [19.005350199999995, 47.43255460000003], [19.005364299999997, 47.43259170000003], [19.00536425247954, 47.43260990021186], [19.00570319999999, 47.43260940000004], [19.006289199999998, 47.43266470000002], [19.006785799999992, 47.432706200000055], [19.0073736, 47.432732800000004], [19.00849999999999, 47.43278380000002], [19.00860989999999, 47.432785300000006], [19.008733999999993, 47.4327808], [19.0105926, 47.43261330000005], [19.010008999999993, 47.431670600000054], [19.009623899999998, 47.43104850000001], [19.0076475, 47.43126750000003], [19.006092299999995, 47.43144520000002], [19.005750099999993, 47.431488100000024], [19.005065000000002, 47.4315956], [19.0050221, 47.4316019], [19.0049584, 47.43161130000002], [19.004953299999993, 47.43166540000002], [19.004950499999996, 47.43170630000003], [19.0049667, 47.431765299999995], [19.005084099999994, 47.43205710000004], [19.0051186, 47.432115100000026], [19.005172099999996, 47.43217440000005], [19.005213799999996, 47.43222270000005], [19.005231043313945, 47.43233547811221], [19.005146903468177, 47.43245769060031]]]}}, {"id": "88", "type": "Feature", "properties": {"index": 88, "n_sides": 7, "edges": "[(359, 379, 0), (379, 382, 0), (382, 409, 0), (409, 428, 0), (428, 432, 0), (432, 434, 0), (434, 361, 0), (361, 349, 0), (349, 359, 0)]", "area": 56251.01622166239, "roundabout": false}, "geometry": {"type": "Polygon", "coordinates": [[[19.001843899999994, 47.42720779999998], [19.0019398, 47.42732620000006], [19.002048600000002, 47.427467700000015], [19.00219269999999, 47.42768380000001], [19.00276209999999, 47.42858930000004], [19.002957799999997, 47.428899800000025], [19.003172299999992, 47.42923940000002], [19.003249999999998, 47.42921690000002], [19.0032872, 47.429204400000025], [19.0033266, 47.429170900000024], [19.0034835, 47.428904300000006], [19.003756299999992, 47.42844060000006], [19.003818299999995, 47.4283703], [19.003990600000005, 47.42823150000004], [19.0045794, 47.42777480000004], [19.004610199999995, 47.427729800000066], [19.004701500000003, 47.427596300000026], [19.004775599999988, 47.42739680000003], [19.00468800000001, 47.426914400000015], [19.004706800000005, 47.4267545], [19.004089700000005, 47.42656000000001], [19.003534799999997, 47.42631259999999], [19.002350399999997, 47.42575660000005], [19.0022808, 47.4257239], [19.0017577, 47.42549920000002], [19.001700399999997, 47.425474600000044], [19.001643699999995, 47.42544960000002], [19.0015586, 47.42553200000003], [19.001459399999998, 47.42562800000004], [19.001372399999994, 47.42571610000006], [19.001135726576518, 47.42593520258024], [19.001322999999992, 47.426028000000045], [19.001300799999996, 47.42613600000004], [19.001307799999992, 47.42623350000004], [19.001333399999993, 47.42630270000003], [19.001382700000004, 47.42640210000004], [19.0017185, 47.426974900000026], [19.001843899999994, 47.42720779999998]]]}}, {"id": "89", "type": "Feature", "properties": {"index": 89, "n_sides": 4, "edges": "[(394, 386, 0), (386, 326, 0), (326, 358, 0), (358, 394, 0)]", "area": 12250.197830526922, "roundabout": false}, "geometry": {"type": "Polygon", "coordinates": [[[19.004075900000007, 47.43111429999999], [19.003852500000004, 47.4307741], [19.003702399999995, 47.43055820000003], [19.003099999999996, 47.43081630000006], [19.0012845, 47.43162170000002], [19.001291784743444, 47.4317177683727], [19.00130160000001, 47.43171740000006], [19.001386999999998, 47.43172350000003], [19.001845399999993, 47.431725900000025], [19.00238759999999, 47.43174920000005], [19.002618099999996, 47.431748600000056], [19.004075900000007, 47.43111429999999]]]}}, {"id": "90", "type": "Feature", "properties": {"index": 90, "n_sides": 2, "edges": "[(394, 358, 0), (358, 394, 1)]", "area": 5728.559594628889, "roundabout": false}, "geometry": {"type": "Polygon", "coordinates": [[[19.004075900000007, 47.43111429999999], [19.002618099999996, 47.431748600000056], [19.003258899999995, 47.43179770000003], [19.00347929999999, 47.43181270000005], [19.004108999999993, 47.43182420000004], [19.004358499999995, 47.43183760000002], [19.004439399999995, 47.43183960000002], [19.004469299999993, 47.43181070000002], [19.004423100000007, 47.43170960000002], [19.0042068, 47.431327200000034], [19.004075900000007, 47.43111429999999]]]}}, {"id": "91", "type": "Feature", "properties": {"index": 91, "n_sides": 4, "edges": "[(424, 454, 0), (454, 474, 0), (474, 464, 0), (464, 448, 0), (448, 466, 0), (466, 424, 0)]", "area": 25303.073855347833, "roundabout": false}, "geometry": {"type": "Polygon", "coordinates": [[[19.00536425247954, 47.43260990021186], [19.005364200000006, 47.43263000000003], [19.0053499, 47.432667100000025], [19.005328799999997, 47.43269420000003], [19.005300000000005, 47.43271790000001], [19.005264899999993, 47.43273710000007], [19.005280200000005, 47.43298560000001], [19.005373699999996, 47.43316150000001], [19.005486599999998, 47.43338220000001], [19.0056368, 47.43367580000003], [19.0056892, 47.43375020000002], [19.0057415, 47.4338182], [19.005780700000003, 47.43388319999999], [19.00631739999999, 47.43494380000002], [19.006367900000004, 47.43504350000002], [19.006466899999996, 47.43523919999999], [19.006689200000004, 47.43567860000003], [19.006766, 47.4357653], [19.006824199999997, 47.43583099999999], [19.006868199999992, 47.43585840000002], [19.006930600000004, 47.435867800000025], [19.006985700000005, 47.435889700000004], [19.007020799999996, 47.4359146], [19.007030069558596, 47.435925642228256], [19.0072342, 47.43584650000002], [19.0073919, 47.43578580000002], [19.0075572, 47.43572230000006], [19.007515100000003, 47.4356221], [19.0071408, 47.434886000000006], [19.007048900000008, 47.43470790000003], [19.00652509999999, 47.43369290000004], [19.006407, 47.43345980000006], [19.006395799999996, 47.43342640000002], [19.006392200000004, 47.4333948], [19.006404200000002, 47.433344900000016], [19.006785799999992, 47.432706200000055], [19.006289199999998, 47.43266470000002], [19.00570319999999, 47.43260940000004], [19.00536425247954, 47.43260990021186]]]}}, {"id": "92", "type": "Feature", "properties": {"index": 92, "n_sides": 4, "edges": "[(415, 561, 0), (561, 653, 0), (653, 654, 0), (654, 491, 0), (491, 426, 0), (426, 415, 0)]", "area": 87627.27352523219, "roundabout": false}, "geometry": {"type": "Polygon", "coordinates": [[[19.0049584, 47.43161130000002], [19.0050221, 47.4316019], [19.005065000000002, 47.4315956], [19.005750099999993, 47.431488100000024], [19.006092299999995, 47.43144520000002], [19.0076475, 47.43126750000003], [19.009623899999998, 47.43104850000001], [19.011151500000004, 47.4308743], [19.012552199999984, 47.430719800000034], [19.0125419, 47.43065740000004], [19.012449699999994, 47.43012120000004], [19.012326699999992, 47.42940640000002], [19.012289099999997, 47.429187700000014], [19.010702299999995, 47.429343300000006], [19.008062799999998, 47.42963440000005], [19.007799999999996, 47.42964950000003], [19.0073669, 47.42966220000006], [19.0071027, 47.42966750000006], [19.007060299999996, 47.42966830000002], [19.006956000000002, 47.42967330000004], [19.005986, 47.43055849999999], [19.0058795, 47.43065570000005], [19.005800099999995, 47.430728100000046], [19.005536400000008, 47.43096560000006], [19.005314699999992, 47.431171100000014], [19.0051664, 47.431306300000024], [19.00507289999999, 47.43139740000003], [19.005021000000003, 47.431466800000024], [19.004983200000005, 47.43153800000002], [19.0049584, 47.43161130000002]]]}}, {"id": "93", "type": "Feature", "properties": {"index": 93, "n_sides": 4, "edges": "[(561, 579, 0), (579, 606, 0), (606, 653, 0), (653, 561, 0)]", "area": 28058.65490453004, "roundabout": false}, "geometry": {"type": "Polygon", "coordinates": [[[19.009623899999998, 47.43104850000001], [19.010008999999993, 47.431670600000054], [19.0105926, 47.43261330000005], [19.010900499999998, 47.43258700000003], [19.011104900000003, 47.43256840000004], [19.011309900000004, 47.43255000000002], [19.011402699999994, 47.432552600000044], [19.0114881, 47.43256450000003], [19.011533, 47.43245120000004], [19.011550299999993, 47.43240740000003], [19.011591100000004, 47.432308700000064], [19.011696, 47.43214779999999], [19.0124968, 47.43110530000002], [19.0125492, 47.43101839999999], [19.0125709, 47.43095580000001], [19.012564699999995, 47.430785400000005], [19.012552199999984, 47.430719800000034], [19.011151500000004, 47.4308743], [19.009623899999998, 47.43104850000001]]]}}, {"id": "94", "type": "Feature", "properties": {"index": 94, "n_sides": 4, "edges": "[(579, 466, 0), (466, 448, 0), (448, 464, 0), (464, 601, 0), (601, 604, 0), (604, 606, 0), (606, 579, 0)]", "area": 43399.08952820493, "roundabout": false}, "geometry": {"type": "Polygon", "coordinates": [[[19.0105926, 47.43261330000005], [19.008733999999993, 47.4327808], [19.00860989999999, 47.432785300000006], [19.00849999999999, 47.43278380000002], [19.0073736, 47.432732800000004], [19.006785799999992, 47.432706200000055], [19.006404200000002, 47.433344900000016], [19.006392200000004, 47.4333948], [19.006395799999996, 47.43342640000002], [19.006407, 47.43345980000006], [19.00652509999999, 47.43369290000004], [19.007048900000008, 47.43470790000003], [19.0071408, 47.434886000000006], [19.007285099999997, 47.43484400000001], [19.007416700000007, 47.4347996], [19.007512399999992, 47.43475800000001], [19.007596999999997, 47.43471310000004], [19.007810100000004, 47.434579300000024], [19.009120699999997, 47.43362230000002], [19.0092955, 47.43353330000005], [19.010515100000006, 47.433013100000046], [19.0109217, 47.43283870000004], [19.011131399999993, 47.43277950000006], [19.011242999999997, 47.432751600000024], [19.011374099999994, 47.432737700000025], [19.011453800000005, 47.43273890000004], [19.011464599999996, 47.43263960000006], [19.0114881, 47.43256450000003], [19.011402699999994, 47.432552600000044], [19.011309900000004, 47.43255000000002], [19.011104900000003, 47.43256840000004], [19.010900499999998, 47.43258700000003], [19.0105926, 47.43261330000005]]]}}, {"id": "95", "type": "Feature", "properties": {"index": 95, "n_sides": 4, "edges": "[(53, 59, 0), (59, 69, 0), (69, 64, 0), (64, 53, 0)]", "area": 19826.101745601223, "roundabout": false}, "geometry": {"type": "Polygon", "coordinates": [[[18.974158099999997, 47.394295200000045], [18.974991899999992, 47.39451780000007], [18.97501099999999, 47.394484900000045], [18.976426600000003, 47.392046599999986], [18.9756283, 47.391891300000026], [18.9755551, 47.3918771], [18.974179099999994, 47.394258800000046], [18.974158099999997, 47.394295200000045]]]}}, {"id": "96", "type": "Feature", "properties": {"index": 96, "n_sides": 4, "edges": "[(60, 72, 0), (72, 76, 0), (76, 79, 0), (79, 63, 0), (63, 60, 0)]", "area": 19379.61770646203, "roundabout": false}, "geometry": {"type": "Polygon", "coordinates": [[[18.9753867, 47.39563050000007], [18.97751, 47.39622590000001], [18.9775327, 47.39623230000003], [18.9776688, 47.39627139999999], [18.977880900000002, 47.39586460000002], [18.9781536, 47.39538340000004], [18.978082800000003, 47.39536400000002], [18.978045299999998, 47.39535370000004], [18.975872599999995, 47.39475890000004], [18.9753867, 47.39563050000007]]]}}, {"id": "97", "type": "Feature", "properties": {"index": 97, "n_sides": 4, "edges": "[(65, 50, 0), (50, 44, 0), (44, 57, 0), (57, 58, 0), (58, 65, 0)]", "area": 62189.74903671616, "roundabout": false}, "geometry": {"type": "Polygon", "coordinates": [[[18.978311599999998, 47.405305500000026], [18.977917999999995, 47.405279400000026], [18.9774194, 47.405267000000016], [18.977297899999996, 47.40526640000004], [18.97718739999999, 47.40527180000006], [18.977077299999998, 47.40528090000003], [18.97698379999999, 47.405293400000026], [18.976707899999997, 47.405352099999995], [18.976460399999997, 47.405406500000026], [18.976268899999997, 47.40544840000001], [18.97610939999999, 47.40547660000003], [18.976015699999998, 47.40548310000003], [18.9759186, 47.40548130000004], [18.975826699999995, 47.40547260000003], [18.975819399999992, 47.40554930000001], [18.9758181, 47.40564820000001], [18.9759099, 47.4062609], [18.975914600000003, 47.40632530000001], [18.975905299999994, 47.40640750000002], [18.975875700000003, 47.40649730000002], [18.975836900000008, 47.40658360000004], [18.9758, 47.40666660000004], [18.975749700000005, 47.40675100000001], [18.975704800000003, 47.40681179999999], [18.9756531, 47.40687860000002], [18.975590799999996, 47.40694210000009], [18.97550899999999, 47.40701330000005], [18.97538760000001, 47.40711270000004], [18.9750718, 47.407324700000004], [18.974805500000006, 47.40749260000002], [18.974671699999988, 47.407567200000045], [18.974575599999998, 47.40761030000003], [18.974448499999998, 47.40766480000001], [18.974338099999997, 47.40770200000002], [18.974408099999998, 47.4077692], [18.9744783, 47.4078161], [18.974562099999993, 47.40785340000003], [18.974685499999996, 47.40789650000003], [18.9747526, 47.40792010000004], [18.9748149, 47.407948699999984], [18.9748974, 47.408000400000034], [18.9750952, 47.408143299999985], [18.975270899999998, 47.408265000000036], [18.9753648, 47.40832210000002], [18.9754627, 47.4083662], [18.9755512, 47.40839879999999], [18.97563569999999, 47.408421500000024], [18.976148700000007, 47.40853770000002], [18.9768635, 47.408697000000004], [18.977062600000007, 47.40873310000002], [18.977100800000002, 47.4086133], [18.977366199999995, 47.407913000000065], [18.977562799999998, 47.407454100000045], [18.9776763, 47.407168999999996], [18.977841000000005, 47.40670110000003], [18.978053000000003, 47.4060249], [18.9781643, 47.40574170000003], [18.9782515, 47.4055693], [18.9782864, 47.40547030000005], [18.978311599999998, 47.405305500000026]]]}}, {"id": "98", "type": "Feature", "properties": {"index": 98, "n_sides": 6, "edges": "[(65, 58, 0), (58, 70, 0), (70, 74, 0), (74, 83, 0), (83, 82, 0), (82, 73, 0), (73, 68, 0), (68, 65, 0)]", "area": 71568.22172832678, "roundabout": false}, "geometry": {"type": "Polygon", "coordinates": [[[18.978311599999998, 47.405305500000026], [18.9782864, 47.40547030000005], [18.9782515, 47.4055693], [18.9781643, 47.40574170000003], [18.978053000000003, 47.4060249], [18.977841000000005, 47.40670110000003], [18.9776763, 47.407168999999996], [18.977562799999998, 47.407454100000045], [18.977366199999995, 47.407913000000065], [18.977100800000002, 47.4086133], [18.9784916, 47.40905319999998], [18.9787779, 47.40922690000003], [18.979424899999994, 47.409425400000046], [18.979618699999996, 47.40946740000002], [18.979637799999995, 47.409107], [18.9798989, 47.40823280000002], [18.9800893, 47.407600900000034], [18.980244399999997, 47.40699160000006], [18.980436599999997, 47.40629830000002], [18.980398399999995, 47.40624259999999], [18.980194799999996, 47.406092999999984], [18.980005499999997, 47.40598160000001], [18.9798136, 47.40585530000001], [18.979412300000007, 47.40562740000002], [18.979327899999994, 47.405579800000005], [18.9792439, 47.40558200000004], [18.9791675, 47.40557130000003], [18.9790104, 47.40552040000006], [18.978655399999994, 47.405401399999995], [18.97841989999999, 47.405324800000024], [18.978311599999998, 47.405305500000026]]]}}, {"id": "99", "type": "Feature", "properties": {"index": 99, "n_sides": 4, "edges": "[(207, 184, 0), (184, 159, 0), (159, 178, 0), (178, 207, 0)]", "area": 17487.003311368375, "roundabout": false}, "geometry": {"type": "Polygon", "coordinates": [[[18.987806599999995, 47.399512800000004], [18.98631659999999, 47.399515699999995], [18.986314, 47.39956920000002], [18.986290099999994, 47.39962739999999], [18.985322000000004, 47.40068710000001], [18.985497599999995, 47.40076590000002], [18.986305999999995, 47.401128500000034], [18.9863661, 47.40115550000001], [18.98778160000001, 47.39962119999999], [18.9878031, 47.39956950000001], [18.987806599999995, 47.399512800000004]]]}}, {"id": "100", "type": "Feature", "properties": {"index": 100, "n_sides": 5, "edges": "[(207, 178, 0), (178, 204, 0), (204, 225, 0), (225, 247, 0), (247, 241, 0), (241, 245, 0), (245, 244, 0), (244, 207, 0)]", "area": 78094.59590059813, "roundabout": false}, "geometry": {"type": "Polygon", "coordinates": [[[18.987806599999995, 47.399512800000004], [18.9878031, 47.39956950000001], [18.98778160000001, 47.39962119999999], [18.9863661, 47.40115550000001], [18.986424300000003, 47.40118020000003], [18.988205300000004, 47.401935000000044], [18.988583799999994, 47.402087900000026], [18.989056800000004, 47.40227890000005], [18.989242399999995, 47.4023635], [18.989624700000004, 47.402558200000016], [18.98970209999999, 47.40250890000003], [18.989762199999998, 47.402499000000006], [18.990853899999998, 47.40252070000004], [18.99091019999999, 47.40251480000003], [18.990960599999994, 47.40250280000006], [18.990865, 47.40233140000001], [18.990808900000005, 47.402214900000025], [18.990777099999992, 47.40213740000006], [18.990753199999993, 47.40206100000004], [18.9907362, 47.40195110000001], [18.990677800000004, 47.40138220000002], [18.9905998, 47.400696500000045], [18.990579099999998, 47.400498800000044], [18.9904587, 47.39996130000004], [18.990398099999997, 47.39969060000001], [18.990390599999994, 47.39965740000003], [18.990373399999992, 47.39958050000002], [18.98959049999999, 47.39954360000005], [18.989086700000005, 47.399528300000036], [18.988614100000003, 47.39951799999999], [18.987938299999993, 47.39951360000004], [18.987806599999995, 47.399512800000004]]]}}, {"id": "101", "type": "Feature", "properties": {"index": 101, "n_sides": 5, "edges": "[(202, 211, 0), (211, 220, 0), (220, 198, 0), (198, 187, 0), (187, 182, 0), (182, 166, 0), (166, 174, 0), (174, 190, 0), (190, 202, 0)]", "area": 27001.50386818992, "roundabout": false}, "geometry": {"type": "Polygon", "coordinates": [[[18.986349000000004, 47.39270080000002], [18.986543600000005, 47.3926516], [18.986650899999997, 47.39262890000001], [18.986758799999997, 47.392612700000065], [18.986841300000002, 47.392601699999986], [18.986919099999994, 47.392597100000046], [18.986923879586403, 47.39259721164965], [18.986923804308436, 47.392523322237054], [18.986989399999995, 47.39242889999999], [18.9874994, 47.39191110000001], [18.9872908, 47.39178090000001], [18.987115199999998, 47.39167120000006], [18.987043699999994, 47.391626600000016], [18.986554100000006, 47.39132080000005], [18.986482499999997, 47.39127609999997], [18.986441599999996, 47.391260700000025], [18.986389299999992, 47.39125250000006], [18.986329, 47.391252100000024], [18.98628, 47.39126430000002], [18.9862411, 47.39128840000001], [18.986218099999995, 47.39130930000001], [18.98579949999999, 47.39172670000002], [18.98532379999999, 47.3915066], [18.9850797, 47.39139370000002], [18.984982600000002, 47.3913576], [18.984789599999992, 47.39162970000002], [18.9847586, 47.39173189999998], [18.9846835, 47.391848999999986], [18.984648600000003, 47.3919307], [18.984312, 47.39241860000003], [18.984266799999993, 47.39248390000006], [18.9845936, 47.392591900000006], [18.984886700000004, 47.39268670000005], [18.985101099999998, 47.39275080000004], [18.985230600000005, 47.39278510000002], [18.9853663, 47.39280780000003], [18.985512500000002, 47.39281909999999], [18.98567879999999, 47.39281950000006], [18.9858596, 47.39280500000006], [18.9860026, 47.39278310000002], [18.986349000000004, 47.39270080000002]]]}}, {"id": "102", "type": "Feature", "properties": {"index": 102, "n_sides": 5, "edges": "[(202, 203, 0), (203, 197, 0), (197, 214, 0), (214, 238, 0), (238, 211, 0), (211, 202, 0)]", "area": 24954.138318276735, "roundabout": false}, "geometry": {"type": "Polygon", "coordinates": [[[18.986349000000004, 47.39270080000002], [18.986381300000005, 47.39276970000002], [18.986501999999994, 47.39302660000003], [18.986501, 47.393061600000024], [18.9864155, 47.39316480000005], [18.9861763, 47.39345339999999], [18.9860734, 47.39354470000004], [18.986839200000002, 47.394146700000064], [18.986941099999996, 47.39419930000004], [18.9875171, 47.39445030000003], [18.987579699999994, 47.3944776], [18.988733999999997, 47.393204100000034], [18.988802799999995, 47.393128200000056], [18.988371299999997, 47.39298910000005], [18.987406499999988, 47.39267809999998], [18.987202, 47.3926207], [18.987100899999998, 47.392604100000035], [18.987009, 47.3925992], [18.986923879586403, 47.39259721164965], [18.986919099999994, 47.392597100000046], [18.986841300000002, 47.392601699999986], [18.986758799999997, 47.392612700000065], [18.986650899999997, 47.39262890000001], [18.986543600000005, 47.3926516], [18.986349000000004, 47.39270080000002]]]}}, {"id": "103", "type": "Feature", "properties": {"index": 103, "n_sides": 5, "edges": "[(202, 190, 0), (190, 157, 0), (157, 163, 0), (163, 167, 0), (167, 197, 0), (197, 203, 0), (203, 202, 0)]", "area": 12814.950609546791, "roundabout": false}, "geometry": {"type": "Polygon", "coordinates": [[[18.986349000000004, 47.39270080000002], [18.9860026, 47.39278310000002], [18.9858596, 47.39280500000006], [18.98567879999999, 47.39281950000006], [18.985512500000002, 47.39281909999999], [18.9853663, 47.39280780000003], [18.985297199999994, 47.392996100000026], [18.9852665, 47.39303940000006], [18.985007199999995, 47.39324729999999], [18.984895199999993, 47.39334670000001], [18.984374999999993, 47.39380940000001], [18.984141299999997, 47.39401740000002], [18.984493600000008, 47.39415030000002], [18.9846143, 47.39409680000005], [18.985828000000005, 47.393669200000026], [18.985968799999995, 47.3936065], [18.9860734, 47.39354470000004], [18.9861763, 47.39345339999999], [18.9864155, 47.39316480000005], [18.986501, 47.393061600000024], [18.986501999999994, 47.39302660000003], [18.986381300000005, 47.39276970000002], [18.986349000000004, 47.39270080000002]]]}}, {"id": "104", "type": "Feature", "properties": {"index": 104, "n_sides": 3, "edges": "[(211, 238, 0), (238, 255, 0), (255, 232, 0), (232, 220, 0), (220, 211, 0)]", "area": 20173.448233218798, "roundabout": false}, "geometry": {"type": "Polygon", "coordinates": [[[18.986923879586403, 47.39259721164965], [18.987009, 47.3925992], [18.987100899999998, 47.392604100000035], [18.987202, 47.3926207], [18.987406499999988, 47.39267809999998], [18.988371299999997, 47.39298910000005], [18.988802799999995, 47.393128200000056], [18.98944359999999, 47.39335010000002], [18.989618000000004, 47.393410500000044], [18.989609099999992, 47.393319200000015], [18.98960779999999, 47.393303100000026], [18.9896037, 47.39329440000004], [18.9895958, 47.39323569999999], [18.989304799999996, 47.39283589999998], [18.9882959, 47.39138850000003], [18.9881885, 47.39123450000001], [18.9874994, 47.39191110000001], [18.986989399999995, 47.39242889999999], [18.986923804308436, 47.392523322237054], [18.986923879586403, 47.39259721164965]]]}}, {"id": "105", "type": "Feature", "properties": {"index": 105, "n_sides": 4, "edges": "[(157, 190, 0), (190, 174, 0), (174, 139, 0), (139, 157, 0)]", "area": 11971.780422769825, "roundabout": false}, "geometry": {"type": "Polygon", "coordinates": [[[18.984141299999997, 47.39401740000002], [18.984374999999993, 47.39380940000001], [18.984895199999993, 47.39334670000001], [18.985007199999995, 47.39324729999999], [18.9852665, 47.39303940000006], [18.985297199999994, 47.392996100000026], [18.9853663, 47.39280780000003], [18.985230600000005, 47.39278510000002], [18.985101099999998, 47.39275080000004], [18.984886700000004, 47.39268670000005], [18.9845936, 47.392591900000006], [18.98453769999999, 47.39265540000003], [18.984524600000007, 47.392668500000035], [18.984278699999994, 47.39291420000001], [18.9842262, 47.392952600000044], [18.984163700000003, 47.39299830000002], [18.9837755, 47.393211700000016], [18.983063800000004, 47.39358420000001], [18.983889799999993, 47.39392290000006], [18.984141299999997, 47.39401740000002]]]}}, {"id": "106", "type": "Feature", "properties": {"index": 106, "n_sides": 3, "edges": "[(157, 139, 0), (139, 134, 0), (134, 100, 0), (100, 143, 0), (143, 163, 0), (163, 157, 0)]", "area": 40545.21844385194, "roundabout": false}, "geometry": {"type": "Polygon", "coordinates": [[[18.984141299999997, 47.39401740000002], [18.983889799999993, 47.39392290000006], [18.983063800000004, 47.39358420000001], [18.982386799999997, 47.39327370000005], [18.981244899999997, 47.394382200000024], [18.980165399999994, 47.3954111], [18.980070400000002, 47.395476100000025], [18.98096559999999, 47.395764500000006], [18.981020699999995, 47.395759000000005], [18.981054400000005, 47.39573650000002], [18.981134799999996, 47.395573], [18.981176399999995, 47.395529600000046], [18.98126379999999, 47.39548620000001], [18.982054399999992, 47.39536820000004], [18.982578, 47.39524620000003], [18.983391500000003, 47.394849999999984], [18.9835864, 47.39474890000002], [18.98379299999999, 47.39462619999999], [18.984493600000008, 47.39415030000002], [18.984141299999997, 47.39401740000002]]]}}, {"id": "107", "type": "Feature", "properties": {"index": 107, "n_sides": 4, "edges": "[(238, 214, 0), (214, 205, 0), (205, 226, 0), (226, 263, 0), (263, 262, 0), (262, 255, 0), (255, 238, 0)]", "area": 33065.89789817551, "roundabout": false}, "geometry": {"type": "Polygon", "coordinates": [[[18.988802799999995, 47.393128200000056], [18.988733999999997, 47.393204100000034], [18.987579699999994, 47.3944776], [18.987014899999995, 47.395100700000015], [18.9884348, 47.395689299999994], [18.989732599999996, 47.39427600000002], [18.990201699999993, 47.39376480000005], [18.990218899999995, 47.39374700000005], [18.9902834, 47.39367920000006], [18.990129599999996, 47.393611799999995], [18.989784999999998, 47.393472300000035], [18.989618000000004, 47.393410500000044], [18.98944359999999, 47.39335010000002], [18.988802799999995, 47.393128200000056]]]}}, {"id": "108", "type": "Feature", "properties": {"index": 108, "n_sides": 4, "edges": "[(205, 214, 0), (214, 197, 0), (197, 167, 0), (167, 205, 0)]", "area": 16827.72266327666, "roundabout": false}, "geometry": {"type": "Polygon", "coordinates": [[[18.987014899999995, 47.395100700000015], [18.987579699999994, 47.3944776], [18.9875171, 47.39445030000003], [18.986941099999996, 47.39419930000004], [18.986839200000002, 47.394146700000064], [18.9860734, 47.39354470000004], [18.985968799999995, 47.3936065], [18.985828000000005, 47.393669200000026], [18.9846143, 47.39409680000005], [18.987014899999995, 47.395100700000015]]]}}, {"id": "109", "type": "Feature", "properties": {"index": 109, "n_sides": 4, "edges": "[(205, 191, 0), (191, 180, 0), (180, 200, 0), (200, 226, 0), (226, 205, 0)]", "area": 25171.27164919903, "roundabout": false}, "geometry": {"type": "Polygon", "coordinates": [[[18.987014899999995, 47.395100700000015], [18.9860844, 47.396134399999994], [18.985609699999994, 47.39666640000002], [18.987047300000004, 47.39721110000003], [18.9884348, 47.395689299999994], [18.987014899999995, 47.395100700000015]]]}}, {"id": "110", "type": "Feature", "properties": {"index": 110, "n_sides": 4, "edges": "[(205, 167, 0), (167, 163, 0), (163, 143, 0), (143, 173, 0), (173, 191, 0), (191, 205, 0)]", "area": 30528.294313522238, "roundabout": false}, "geometry": {"type": "Polygon", "coordinates": [[[18.987014899999995, 47.395100700000015], [18.9846143, 47.39409680000005], [18.984493600000008, 47.39415030000002], [18.98379299999999, 47.39462619999999], [18.9835864, 47.39474890000002], [18.983391500000003, 47.394849999999984], [18.983502600000005, 47.39494760000005], [18.9836702, 47.395071100000024], [18.9837897, 47.39514010000005], [18.985129599999997, 47.39571730000001], [18.9860844, 47.396134399999994], [18.987014899999995, 47.395100700000015]]]}}, {"id": "111", "type": "Feature", "properties": {"index": 111, "n_sides": 4, "edges": "[(316, 326, 0), (326, 386, 0), (386, 383, 0), (383, 316, 0)]", "area": 9400.836581073947, "roundabout": false}, "geometry": {"type": "Polygon", "coordinates": [[[19.000687399999993, 47.43169810000004], [19.00084929999999, 47.431708500000006], [19.000963, 47.43171510000002], [19.001091100000007, 47.43172530000003], [19.001291784743444, 47.4317177683727], [19.0012845, 47.43162170000002], [19.003099999999996, 47.43081630000006], [19.003702399999995, 47.43055820000003], [19.003520100000003, 47.43024539999998], [19.003512299999997, 47.43022760000003], [19.0025967, 47.43064990000001], [19.002371099999994, 47.43074720000006], [19.0020796, 47.43085700000002], [19.001943800000003, 47.43089750000003], [19.001778199999997, 47.430951900000046], [19.001531499999988, 47.43106090000002], [19.001412099999992, 47.43112760000003], [19.00133869999999, 47.43117870000007], [19.000961100000005, 47.4314636], [19.0007415, 47.43161359999999], [19.000687399999993, 47.43169810000004]]]}}, {"id": "112", "type": "Feature", "properties": {"index": 112, "n_sides": 4, "edges": "[(316, 306, 0), (306, 296, 0), (296, 294, 0), (294, 284, 0), (284, 267, 0), (267, 316, 0)]", "area": 29220.39502984869, "roundabout": false}, "geometry": {"type": "Polygon", "coordinates": [[[19.000687399999993, 47.43169810000004], [19.000636799999995, 47.431628000000046], [19.00007799999999, 47.43104360000003], [18.99963719999999, 47.43057980000001], [18.9993673, 47.4302701], [18.99929549999999, 47.430186200000016], [18.9992467, 47.43011570000003], [18.999185100000002, 47.43000450000005], [18.999058600000005, 47.42969170000005], [18.998996, 47.42970210000002], [18.998941, 47.42970120000006], [18.998877599999993, 47.42968470000006], [18.9983253, 47.42947940000001], [18.996986099999997, 47.430168400000056], [18.997286000000003, 47.43044900000003], [18.997446999999998, 47.43054070000003], [18.99769309999999, 47.430673100000014], [18.998044299999997, 47.43086640000004], [18.998268399999997, 47.43098230000001], [18.998429199999997, 47.431056800000015], [18.998499199999998, 47.43108330000003], [18.999019099999995, 47.43127790000008], [18.999140599999997, 47.43131770000001], [18.999434800000007, 47.431437600000045], [18.999730800000005, 47.431559900000025], [18.999989300000003, 47.43169170000001], [19.000066, 47.43171670000003], [19.00024499999999, 47.431715900000036], [19.000417799999997, 47.43171470000002], [19.000481199999996, 47.431714800000016], [19.000687399999993, 47.43169810000004]]]}}, {"id": "113", "type": "Feature", "properties": {"index": 113, "n_sides": 4, "edges": "[(316, 383, 0), (383, 378, 0), (378, 306, 0), (306, 316, 0)]", "area": 18286.895032454668, "roundabout": false}, "geometry": {"type": "Polygon", "coordinates": [[[19.000687399999993, 47.43169810000004], [19.0007415, 47.43161359999999], [19.000961100000005, 47.4314636], [19.00133869999999, 47.43117870000007], [19.001412099999992, 47.43112760000003], [19.001531499999988, 47.43106090000002], [19.001778199999997, 47.430951900000046], [19.001943800000003, 47.43089750000003], [19.0020796, 47.43085700000002], [19.002371099999994, 47.43074720000006], [19.0025967, 47.43064990000001], [19.003512299999997, 47.43022760000003], [19.0034883, 47.430169600000006], [19.003400499999998, 47.42994030000004], [19.003241499999998, 47.42966520000003], [19.002926499999994, 47.42980250000003], [19.0015569, 47.43040359999999], [19.00007799999999, 47.43104360000003], [19.000636799999995, 47.431628000000046], [19.000687399999993, 47.43169810000004]]]}}, {"id": "114", "type": "Feature", "properties": {"index": 114, "n_sides": 4, "edges": "[(306, 378, 0), (378, 371, 0), (371, 296, 0), (296, 306, 0)]", "area": 26674.613018464854, "roundabout": false}, "geometry": {"type": "Polygon", "coordinates": [[[19.00007799999999, 47.43104360000003], [19.0015569, 47.43040359999999], [19.002926499999994, 47.42980250000003], [19.003241499999998, 47.42966520000003], [19.00308369999999, 47.42939240000005], [19.002998999999996, 47.429268600000015], [19.002851499999995, 47.429052800000065], [19.002102399999995, 47.42928210000002], [19.001180699999995, 47.429564000000006], [19.000869, 47.42966840000003], [19.000631600000002, 47.429758000000035], [18.999663799999993, 47.43014999999999], [18.9993673, 47.4302701], [18.99963719999999, 47.43057980000001], [19.00007799999999, 47.43104360000003]]]}}, {"id": "116", "type": "Feature", "properties": {"index": 116, "n_sides": 4, "edges": "[(434, 483, 0), (483, 508, 0), (508, 457, 0), (457, 434, 0)]", "area": 16279.287694833783, "roundabout": false}, "geometry": {"type": "Polygon", "coordinates": [[[19.004706800000005, 47.4267545], [19.006149899999997, 47.4273171], [19.0064611, 47.42743840000004], [19.00653519999999, 47.42723930000005], [19.006729999999994, 47.42678609999998], [19.006965799999993, 47.42641670000005], [19.00542399999999, 47.42587210000004], [19.005365100000006, 47.42593990000001], [19.0047252, 47.426657100000035], [19.004706800000005, 47.4267545]]]}}, {"id": "117", "type": "Feature", "properties": {"index": 117, "n_sides": 4, "edges": "[(434, 432, 0), (432, 477, 0), (477, 483, 0), (483, 434, 0)]", "area": 8624.638943759419, "roundabout": false}, "geometry": {"type": "Polygon", "coordinates": [[[19.004706800000005, 47.4267545], [19.00468800000001, 47.426914400000015], [19.004775599999988, 47.42739680000003], [19.006333100000006, 47.428004600000044], [19.006426599999998, 47.427543700000044], [19.0064611, 47.42743840000004], [19.006149899999997, 47.4273171], [19.004706800000005, 47.4267545]]]}}, {"id": "118", "type": "Feature", "properties": {"index": 118, "n_sides": 5, "edges": "[(367, 453, 0), (453, 456, 0), (456, 460, 0), (460, 423, 0), (423, 397, 0), (397, 374, 0), (374, 372, 0), (372, 367, 0)]", "area": 17042.181122310885, "roundabout": false}, "geometry": {"type": "Polygon", "coordinates": [[[19.0008816, 47.41970440000004], [19.0016636, 47.41982350000001], [19.0022729, 47.41992510000004], [19.002438099999996, 47.4199523], [19.003188500000007, 47.420073700000025], [19.004290700000002, 47.420262200000025], [19.004444600000003, 47.420299500000006], [19.00436949999999, 47.419503700000014], [19.00429979999999, 47.419506000000034], [19.003418699999997, 47.41945470000003], [19.003281899999994, 47.41945740000002], [19.003060299999994, 47.419468700000046], [19.002508699999996, 47.419502400000006], [19.00233100000001, 47.41949870000004], [19.00219890000001, 47.41948510000001], [19.002128499999994, 47.419471000000016], [19.002036699999998, 47.41943790000004], [19.001836400000002, 47.419340300000044], [19.001309100000004, 47.41909290000001], [19.001284300000002, 47.41908900000005], [19.001224599999993, 47.419079499999995], [19.0011468, 47.41908270000007], [19.0010593, 47.41928789999999], [19.0008816, 47.41970440000004]]]}}, {"id": "119", "type": "Feature", "properties": {"index": 119, "n_sides": 3, "edges": "[(367, 352, 0), (352, 453, 0), (453, 367, 0)]", "area": 20999.19800932565, "roundabout": false}, "geometry": {"type": "Polygon", "coordinates": [[[19.0008816, 47.41970440000004], [19.000844300000004, 47.41976210000002], [19.0007794, 47.419815900000025], [19.000298700000002, 47.4201187], [19.0008532, 47.420424700000034], [19.0009262, 47.42045110000004], [19.0009899, 47.4204683], [19.001928799999995, 47.420634300000046], [19.002118500000005, 47.42067800000006], [19.002945299999997, 47.420894800000035], [19.0030224, 47.42089750000003], [19.003061299999995, 47.420881600000016], [19.003403299999995, 47.420770400000066], [19.003500499999994, 47.42074050000003], [19.003587700000004, 47.420706000000074], [19.003663399999997, 47.420674300000044], [19.0037875, 47.42061350000003], [19.003883999999996, 47.42055810000005], [19.00398669999999, 47.42049959999998], [19.0040865, 47.42043070000005], [19.004197899999998, 47.420341300000025], [19.004290700000002, 47.420262200000025], [19.003188500000007, 47.420073700000025], [19.002438099999996, 47.4199523], [19.0022729, 47.41992510000004], [19.0016636, 47.41982350000001], [19.0008816, 47.41970440000004]]]}}, {"id": "120", "type": "Feature", "properties": {"index": 120, "n_sides": 5, "edges": "[(356, 372, 0), (372, 374, 0), (374, 406, 0), (406, 375, 0), (375, 373, 0), (373, 356, 0)]", "area": 8576.558802032518, "roundabout": false}, "geometry": {"type": "Polygon", "coordinates": [[[19.000325699999994, 47.418937100000036], [19.0011468, 47.41908270000007], [19.001224599999993, 47.419079499999995], [19.001244899999996, 47.419033500000026], [19.001843900000004, 47.41844060000003], [19.002139099999997, 47.41814839999997], [19.0011592, 47.41784200000005], [19.0010221, 47.417799099999996], [19.001011399999992, 47.417845799999995], [19.0010121, 47.41788670000003], [19.001020799999992, 47.417933400000024], [19.0010382, 47.41798510000001], [19.001043599999996, 47.41806130000003], [19.001034200000003, 47.41811540000007], [19.001015399999993, 47.418181100000005], [19.000906800000003, 47.418416800000024], [19.000813599999994, 47.41861900000003], [19.0007807, 47.418672500000056], [19.000745900000002, 47.41870880000005], [19.000687500000005, 47.41874510000003], [19.000520599999998, 47.418814999999995], [19.0004542, 47.418839], [19.000399199999997, 47.418871200000055], [19.000325699999994, 47.418937100000036]]]}}, {"id": "121", "type": "Feature", "properties": {"index": 121, "n_sides": 4, "edges": "[(356, 373, 0), (373, 334, 0), (334, 328, 0), (328, 307, 0), (307, 356, 0)]", "area": 28644.154901481455, "roundabout": false}, "geometry": {"type": "Polygon", "coordinates": [[[19.000325699999994, 47.418937100000036], [19.000399199999997, 47.418871200000055], [19.0004542, 47.418839], [19.000520599999998, 47.418814999999995], [19.000687500000005, 47.41874510000003], [19.000745900000002, 47.41870880000005], [19.0007807, 47.418672500000056], [19.000813599999994, 47.41861900000003], [19.000906800000003, 47.418416800000024], [19.001015399999993, 47.418181100000005], [19.000695799999995, 47.417986800000016], [18.9990372, 47.416978799999995], [18.998846000000007, 47.41685880000002], [18.997750399999994, 47.41768670000002], [18.999275400000002, 47.41861940000002], [18.999560999999996, 47.418794100000014], [18.99962, 47.41882500000001], [18.99968210000001, 47.41884900000003], [18.999752799999996, 47.41886670000001], [18.999846699999996, 47.41887940000007], [19.000325699999994, 47.418937100000036]]]}}, {"id": "122", "type": "Feature", "properties": {"index": 122, "n_sides": 4, "edges": "[(456, 481, 0), (481, 503, 0), (503, 479, 0), (479, 460, 0), (460, 456, 0)]", "area": 10179.320307434351, "roundabout": false}, "geometry": {"type": "Polygon", "coordinates": [[[19.004444600000003, 47.420299500000006], [19.005223299999994, 47.42063520000003], [19.0055213, 47.419859400000036], [19.005659699999995, 47.419499200000054], [19.0056691, 47.419449300000046], [19.0056655, 47.419408099999984], [19.005573299999988, 47.41924630000003], [19.005559000000005, 47.41922130000006], [19.004915300000008, 47.41937360000003], [19.0044279, 47.41949420000001], [19.00436949999999, 47.419503700000014], [19.004444600000003, 47.420299500000006]]]}}, {"id": "123", "type": "Feature", "properties": {"index": 123, "n_sides": 5, "edges": "[(464, 474, 0), (474, 537, 0), (537, 614, 0), (614, 601, 0), (601, 464, 0)]", "area": 42185.59964031668, "roundabout": false}, "geometry": {"type": "Polygon", "coordinates": [[[19.0071408, 47.434886000000006], [19.007515100000003, 47.4356221], [19.0075572, 47.43572230000006], [19.008628199999997, 47.43530250000003], [19.0089664, 47.4351646], [19.009230299999995, 47.43505700000005], [19.00932559999999, 47.435032800000016], [19.0094205, 47.43503369999998], [19.00946179999999, 47.43495220000001], [19.009508999999994, 47.43487970000005], [19.009579199999997, 47.43481140000002], [19.009711500000005, 47.43468660000003], [19.00988209999999, 47.43452560000006], [19.009976199999997, 47.43445340000006], [19.010337399999994, 47.43423010000001], [19.0107192, 47.43401440000001], [19.0109765, 47.43388130000002], [19.010998499999996, 47.43387030000004], [19.011276200000005, 47.433730200000035], [19.0115136, 47.43359690000001], [19.011743900000003, 47.43345240000005], [19.011808, 47.43341220000004], [19.011730399999994, 47.433325500000045], [19.011614999999992, 47.43319650000005], [19.0115404, 47.433090500000006], [19.01149609999999, 47.4329904], [19.011481899999996, 47.432936200000015], [19.011464600000007, 47.432852800000006], [19.011455299999998, 47.43278440000002], [19.011453800000005, 47.43273890000004], [19.011374099999994, 47.432737700000025], [19.011242999999997, 47.432751600000024], [19.011131399999993, 47.43277950000006], [19.0109217, 47.43283870000004], [19.010515100000006, 47.433013100000046], [19.0092955, 47.43353330000005], [19.009120699999997, 47.43362230000002], [19.007810100000004, 47.434579300000024], [19.007596999999997, 47.43471310000004], [19.007512399999992, 47.43475800000001], [19.007416700000007, 47.4347996], [19.007285099999997, 47.43484400000001], [19.0071408, 47.434886000000006]]]}}, {"id": "124", "type": "Feature", "properties": {"index": 124, "n_sides": 4, "edges": "[(537, 474, 0), (474, 493, 0), (493, 563, 0), (563, 537, 0)]", "area": 33524.596354524554, "roundabout": false}, "geometry": {"type": "Polygon", "coordinates": [[[19.0094205, 47.43503369999998], [19.00932559999999, 47.435032800000016], [19.009230299999995, 47.43505700000005], [19.0089664, 47.4351646], [19.008628199999997, 47.43530250000003], [19.0075572, 47.43572230000006], [19.007585700000003, 47.43578980000001], [19.007763299999993, 47.43616269999997], [19.0079071, 47.43646470000004], [19.008265399999992, 47.437193800000045], [19.008289100000006, 47.437243300000006], [19.008340899999997, 47.43722880000008], [19.010468700000004, 47.43661960000005], [19.0105949, 47.436571400000034], [19.0106834, 47.436516999999995], [19.010759199999992, 47.43645630000001], [19.010572599999993, 47.436412400000044], [19.010445599999994, 47.43632870000003], [19.010376299999997, 47.436243600000026], [19.009735199999998, 47.435350000000035], [19.009577400000005, 47.43513000000002], [19.009496199999994, 47.435061800000035], [19.0094205, 47.43503369999998]]]}}, {"id": "125", "type": "Feature", "properties": {"index": 125, "n_sides": 4, "edges": "[(537, 563, 0), (563, 641, 0), (641, 639, 0), (639, 633, 0), (633, 626, 0), (626, 620, 0), (620, 614, 0), (614, 537, 0)]", "area": 58741.62471473812, "roundabout": false}, "geometry": {"type": "Polygon", "coordinates": [[[19.0094205, 47.43503369999998], [19.009496199999994, 47.435061800000035], [19.009577400000005, 47.43513000000002], [19.009735199999998, 47.435350000000035], [19.010376299999997, 47.436243600000026], [19.010445599999994, 47.43632870000003], [19.010572599999993, 47.436412400000044], [19.010759199999992, 47.43645630000001], [19.0108816, 47.43645620000004], [19.011070899999993, 47.436434200000015], [19.0117112, 47.43618910000008], [19.012042000000008, 47.43609430000004], [19.012979399999995, 47.435862100000044], [19.0132233, 47.435811700000045], [19.013282900000007, 47.43579939999999], [19.013195599999992, 47.435532700000046], [19.012927799999996, 47.43475610000002], [19.012867999999997, 47.43466040000003], [19.012848499999993, 47.43462910000002], [19.012655499999994, 47.43439860000004], [19.012164399999993, 47.43382020000002], [19.011808, 47.43341220000004], [19.011743900000003, 47.43345240000005], [19.0115136, 47.43359690000001], [19.011276200000005, 47.433730200000035], [19.010998499999996, 47.43387030000004], [19.0109765, 47.43388130000002], [19.0107192, 47.43401440000001], [19.010337399999994, 47.43423010000001], [19.009976199999997, 47.43445340000006], [19.00988209999999, 47.43452560000006], [19.009711500000005, 47.43468660000003], [19.009579199999997, 47.43481140000002], [19.009508999999994, 47.43487970000005], [19.00946179999999, 47.43495220000001], [19.0094205, 47.43503369999998]]]}}, {"id": "126", "type": "Feature", "properties": {"index": 126, "n_sides": 4, "edges": "[(416, 431, 0), (431, 325, 0), (325, 313, 0), (313, 351, 0), (351, 366, 0), (366, 385, 0), (385, 398, 0), (398, 404, 0), (404, 416, 0)]", "area": 45715.56470337154, "roundabout": false}, "geometry": {"type": "Polygon", "coordinates": [[[18.999900699999998, 47.402477900000044], [19.000280299999996, 47.40204340000002], [18.9986835, 47.40133090000004], [18.99848370000001, 47.40124090000001], [18.997881399999997, 47.40097110000003], [18.9978647, 47.40096360000001], [18.99781829999999, 47.400945199999995], [18.997042899999993, 47.40060810000006], [18.996967199999997, 47.40057409999999], [18.996901300000005, 47.4005547], [18.995740899999994, 47.40039360000004], [18.995138699999995, 47.401054299999984], [18.9957241, 47.401318100000054], [18.9970028, 47.4018979], [18.997059299999997, 47.40192380000005], [18.997824199999993, 47.402260000000005], [18.998778999999992, 47.40267600000003], [18.9993246, 47.402908800000006], [18.999463099999993, 47.402967900000036], [18.999900699999998, 47.402477900000044]]]}}, {"id": "127", "type": "Feature", "properties": {"index": 127, "n_sides": 4, "edges": "[(416, 404, 0), (404, 450, 0), (450, 472, 0), (472, 416, 0)]", "area": 11039.734774571367, "roundabout": false}, "geometry": {"type": "Polygon", "coordinates": [[[18.999900699999998, 47.402477900000044], [18.999463099999993, 47.402967900000036], [19.001210500000006, 47.403755400000016], [19.00122689999999, 47.40376240000003], [19.001328999999995, 47.403808299999994], [19.001808399999998, 47.40333360000003], [19.0017002, 47.40328289999997], [19.001682399999996, 47.40327450000001], [19.0009514, 47.40293230000001], [18.999900699999998, 47.402477900000044]]]}}, {"id": "128", "type": "Feature", "properties": {"index": 128, "n_sides": 5, "edges": "[(563, 493, 0), (493, 500, 0), (500, 651, 0), (651, 652, 0), (652, 641, 0), (641, 563, 0)]", "area": 54663.671843200966, "roundabout": false}, "geometry": {"type": "Polygon", "coordinates": [[[19.010759199999992, 47.43645630000001], [19.0106834, 47.436516999999995], [19.0105949, 47.436571400000034], [19.010468700000004, 47.43661960000005], [19.008340899999997, 47.43722880000008], [19.008289100000006, 47.437243300000006], [19.008786799999992, 47.43828350000006], [19.008834799999992, 47.43827320000001], [19.009307699999994, 47.43816559999999], [19.009418599999997, 47.4381462], [19.009534200000004, 47.43813560000006], [19.009655, 47.43814210000004], [19.009750199999992, 47.43814579999999], [19.009855800000008, 47.438142600000006], [19.009944599999994, 47.43811940000005], [19.01101399999999, 47.43776950000006], [19.0114057, 47.437645900000035], [19.0135239, 47.4370845], [19.01355570000001, 47.43707850000006], [19.0136385, 47.43706289999998], [19.013629099999992, 47.436987300000034], [19.0136001, 47.43685980000002], [19.013282900000007, 47.43579939999999], [19.0132233, 47.435811700000045], [19.012979399999995, 47.435862100000044], [19.012042000000008, 47.43609430000004], [19.0117112, 47.43618910000008], [19.011070899999993, 47.436434200000015], [19.0108816, 47.43645620000004], [19.010759199999992, 47.43645630000001]]]}}, {"id": "129", "type": "Feature", "properties": {"index": 129, "n_sides": 6, "edges": "[(515, 549, 0), (549, 550, 0), (550, 502, 0), (502, 445, 0), (445, 414, 0), (414, 455, 0), (455, 485, 0), (485, 515, 0)]", "area": 51509.83933774422, "roundabout": false}, "geometry": {"type": "Polygon", "coordinates": [[[19.004823499999997, 47.412230400000006], [19.0052294, 47.41196300000003], [19.0054537, 47.41181530000003], [19.005712028152715, 47.41172629646641], [19.005817899999993, 47.411535700000044], [19.005809400000004, 47.41146080000004], [19.0057951, 47.41141579999999], [19.005763800000004, 47.41136610000002], [19.005658700000005, 47.41124460000004], [19.005381900000003, 47.4109564], [19.005358400000002, 47.41093190000005], [19.0050439, 47.410604500000055], [19.004668499999994, 47.410236200000035], [19.0039524, 47.409584599999995], [19.003845100000007, 47.409494800000004], [19.0037847, 47.409454000000025], [19.003722799999988, 47.409514199999975], [19.0036592, 47.40956530000002], [19.002399899999997, 47.41050070000002], [19.001761499999994, 47.41098490000003], [19.001396999999997, 47.41129630000001], [19.0019542, 47.41157320000005], [19.0021783, 47.41165650000005], [19.0029855, 47.41205470000004], [19.0036359, 47.4114061], [19.003696299999998, 47.41139350000005], [19.00375199999999, 47.41141280000005], [19.0047626, 47.41218400000001], [19.004823499999997, 47.412230400000006]]]}}, {"id": "130", "type": "Feature", "properties": {"index": 130, "n_sides": 3, "edges": "[(515, 475, 0), (475, 471, 0), (471, 482, 0), (482, 556, 0), (556, 584, 0), (584, 549, 0), (549, 515, 0)]", "area": 51725.388182280316, "roundabout": false}, "geometry": {"type": "Polygon", "coordinates": [[[19.004823499999997, 47.412230400000006], [19.0045471, 47.41241240000004], [19.004142100000003, 47.412720900000004], [19.00408269999999, 47.412772100000055], [19.00368299999999, 47.41314000000003], [19.003630500000007, 47.41319559999998], [19.0035754, 47.41327560000005], [19.003546100000005, 47.41333600000006], [19.003526900000004, 47.41341450000002], [19.003529299999993, 47.41350940000003], [19.00353889999999, 47.413584100000044], [19.003568800000004, 47.41365460000004], [19.004215599999995, 47.41473020000004], [19.004261999999994, 47.414713100000064], [19.004339199999997, 47.41468630000005], [19.004981699999995, 47.41447420000001], [19.0052667, 47.41437840000002], [19.0055602, 47.414258900000036], [19.005753700000003, 47.41416540000002], [19.005857999999996, 47.41411510000005], [19.0059126, 47.4140768], [19.005976299999993, 47.41400880000004], [19.0062576, 47.41367430000001], [19.006411699999997, 47.41350850000001], [19.00646739999999, 47.413448600000045], [19.006649499999998, 47.41326450000005], [19.006902199999992, 47.41302850000004], [19.0069688, 47.4129619], [19.00702499999999, 47.41288980000005], [19.007094699999996, 47.41277810000005], [19.007141499999996, 47.41263700000003], [19.007146899999995, 47.4126265], [19.007177999999993, 47.412536000000046], [19.007220799999995, 47.41248130000007], [19.007084899999995, 47.41249230000003], [19.0070143, 47.412489600000015], [19.00695079999999, 47.41247869999999], [19.0068666, 47.41245090000007], [19.006800799999997, 47.41242180000004], [19.0066627, 47.4123496], [19.0062962, 47.412142200000034], [19.006196099999997, 47.41208560000001], [19.005818500000004, 47.41185840000004], [19.005712028152715, 47.41172629646641], [19.0054537, 47.41181530000003], [19.0052294, 47.41196300000003], [19.004823499999997, 47.412230400000006]]]}}, {"id": "131", "type": "Feature", "properties": {"index": 131, "n_sides": 4, "edges": "[(515, 485, 0), (485, 455, 0), (455, 438, 0), (438, 475, 0), (475, 515, 0)]", "area": 17870.639597858695, "roundabout": false}, "geometry": {"type": "Polygon", "coordinates": [[[19.004823499999997, 47.412230400000006], [19.0047626, 47.41218400000001], [19.00375199999999, 47.41141280000005], [19.003696299999998, 47.41139350000005], [19.0036359, 47.4114061], [19.0029855, 47.41205470000004], [19.0024423, 47.41259640000002], [19.003109399999996, 47.41293280000004], [19.003630500000007, 47.41319559999998], [19.00368299999999, 47.41314000000003], [19.00408269999999, 47.412772100000055], [19.004142100000003, 47.412720900000004], [19.0045471, 47.41241240000004], [19.004823499999997, 47.412230400000006]]]}}, {"id": "132", "type": "Feature", "properties": {"index": 132, "n_sides": 4, "edges": "[(549, 584, 0), (584, 635, 0), (635, 588, 0), (588, 550, 0), (550, 549, 0)]", "area": 31926.0007797316, "roundabout": false}, "geometry": {"type": "Polygon", "coordinates": [[[19.005712028152715, 47.41172629646641], [19.005818500000004, 47.41185840000004], [19.006196099999997, 47.41208560000001], [19.0062962, 47.412142200000034], [19.0066627, 47.4123496], [19.006800799999997, 47.41242180000004], [19.0068666, 47.41245090000007], [19.00695079999999, 47.41247869999999], [19.0070143, 47.412489600000015], [19.007084899999995, 47.41249230000003], [19.007220799999995, 47.41248130000007], [19.00726, 47.4124343], [19.0072879, 47.41240070000004], [19.007457399999993, 47.41215960000003], [19.007499399999993, 47.41211210000003], [19.007594800000007, 47.41202420000005], [19.0077512, 47.41189390000007], [19.00778959999999, 47.41184220000002], [19.007864999999995, 47.41168289999999], [19.007915, 47.41156440000002], [19.007976999999997, 47.41145960000004], [19.008131599999995, 47.41124960000003], [19.008264199999996, 47.41109460000001], [19.008746899999995, 47.41067030000004], [19.008458, 47.41052040000001], [19.008238899999995, 47.41041799999999], [19.007528999999998, 47.41010770000005], [19.007476500000003, 47.41011200000003], [19.007436299999995, 47.41012520000009], [19.007155399999995, 47.41046900000002], [19.007100399999995, 47.41051530000005], [19.007008199999998, 47.41057230000003], [19.006266200000002, 47.41098759999999], [19.0057152, 47.41122129999999], [19.005658700000005, 47.41124460000004], [19.005763800000004, 47.41136610000002], [19.0057951, 47.41141579999999], [19.005809400000004, 47.41146080000004], [19.005817899999993, 47.411535700000044], [19.005712028152715, 47.41172629646641]]]}}, {"id": "133", "type": "Feature", "properties": {"index": 133, "n_sides": 5, "edges": "[(471, 475, 0), (475, 438, 0), (438, 430, 0), (430, 405, 0), (405, 433, 0), (433, 471, 0)]", "area": 16069.042104724795, "roundabout": false}, "geometry": {"type": "Polygon", "coordinates": [[[19.003526900000004, 47.41341450000002], [19.003546100000005, 47.41333600000006], [19.0035754, 47.41327560000005], [19.003630500000007, 47.41319559999998], [19.003109399999996, 47.41293280000004], [19.0024423, 47.41259640000002], [19.00204939999999, 47.412988100000064], [19.001337499999998, 47.41370570000002], [19.0024836, 47.414240200000044], [19.002559099999992, 47.41417620000006], [19.002778299999992, 47.413990400000046], [19.003330799999997, 47.413459200000034], [19.0033556, 47.413445700000004], [19.0034006, 47.41342500000004], [19.003456799999988, 47.413416000000026], [19.003526900000004, 47.41341450000002]]]}}, {"id": "134", "type": "Feature", "properties": {"index": 134, "n_sides": 4, "edges": "[(471, 433, 0), (433, 407, 0), (407, 387, 0), (387, 402, 0), (402, 418, 0), (418, 478, 0), (478, 482, 0), (482, 471, 0)]", "area": 28930.959216085317, "roundabout": false}, "geometry": {"type": "Polygon", "coordinates": [[[19.003526900000004, 47.41341450000002], [19.003456799999988, 47.413416000000026], [19.0034006, 47.41342500000004], [19.0033556, 47.413445700000004], [19.003330799999997, 47.413459200000034], [19.002778299999992, 47.413990400000046], [19.002559099999992, 47.41417620000006], [19.0024836, 47.414240200000044], [19.0022713, 47.41442010000008], [19.002155400000003, 47.41451900000003], [19.002022999999998, 47.41461300000003], [19.0015733, 47.41486970000002], [19.001516000000002, 47.41490940000001], [19.001073099999992, 47.41524590000003], [19.001600300000003, 47.41556719999999], [19.002266416721113, 47.41597667869675], [19.00228490000094, 47.41597680000035], [19.00230225595712, 47.415963479755085], [19.002390699999996, 47.41589470000006], [19.002541800000003, 47.41579040000003], [19.002700099999995, 47.415654900000035], [19.002895799999994, 47.41545560000003], [19.002906000000003, 47.41544460000004], [19.003108899999997, 47.41523799999999], [19.003142899999993, 47.41521020000002], [19.003186900000003, 47.41518690000005], [19.0040215, 47.414816000000016], [19.004099799999995, 47.41478390000002], [19.004141199999996, 47.4147652], [19.004215599999995, 47.41473020000004], [19.003568800000004, 47.41365460000004], [19.00353889999999, 47.413584100000044], [19.003529299999993, 47.41350940000003], [19.003526900000004, 47.41341450000002]]]}}, {"id": "135", "type": "Feature", "properties": {"index": 135, "n_sides": 4, "edges": "[(584, 556, 0), (556, 570, 0), (570, 631, 0), (631, 603, 0), (603, 584, 0)]", "area": 25912.416437949418, "roundabout": false}, "geometry": {"type": "Polygon", "coordinates": [[[19.007220799999995, 47.41248130000007], [19.007177999999993, 47.412536000000046], [19.007146899999995, 47.4126265], [19.007141499999996, 47.41263700000003], [19.007094699999996, 47.41277810000005], [19.00702499999999, 47.41288980000005], [19.0069688, 47.4129619], [19.006902199999992, 47.41302850000004], [19.006649499999998, 47.41326450000005], [19.00646739999999, 47.413448600000045], [19.006411699999997, 47.41350850000001], [19.0062576, 47.41367430000001], [19.0063179, 47.41369520000006], [19.006394699999994, 47.41373580000001], [19.0064844, 47.413803], [19.0068154, 47.41417920000001], [19.0069185, 47.414313100000044], [19.0070951, 47.41449370000001], [19.0071653, 47.41456540000001], [19.008168599999994, 47.41400570000005], [19.008299500000003, 47.41392020000003], [19.008514099999996, 47.4137422], [19.009046499999997, 47.413300600000014], [19.009088699999996, 47.413268099999996], [19.009133900000002, 47.41324030000004], [19.0088368, 47.41313750000001], [19.0086933, 47.41308030000005], [19.008593300000005, 47.41303310000003], [19.008489000000004, 47.4129799], [19.008376400000003, 47.41291450000002], [19.007956000000004, 47.41265419999998], [19.007830699999996, 47.41259069999999], [19.007774899999998, 47.41256250000001], [19.007670599999997, 47.41251859999999], [19.007582699999997, 47.41249360000005], [19.0074737, 47.41247340000003], [19.007358700000005, 47.4124711], [19.007220799999995, 47.41248130000007]]]}}, {"id": "136", "type": "Feature", "properties": {"index": 136, "n_sides": 4, "edges": "[(584, 603, 0), (603, 673, 0), (673, 668, 0), (668, 646, 0), (646, 635, 0), (635, 584, 0)]", "area": 19537.978788390934, "roundabout": false}, "geometry": {"type": "Polygon", "coordinates": [[[19.007220799999995, 47.41248130000007], [19.007358700000005, 47.4124711], [19.0074737, 47.41247340000003], [19.007582699999997, 47.41249360000005], [19.007670599999997, 47.41251859999999], [19.007774899999998, 47.41256250000001], [19.007830699999996, 47.41259069999999], [19.007956000000004, 47.41265419999998], [19.008001699999998, 47.41261560000005], [19.009624, 47.41124550000003], [19.009967299999996, 47.41090970000001], [19.009988399999994, 47.410882700000016], [19.009876100000003, 47.4108307], [19.009813100000002, 47.41080800000007], [19.0097464, 47.41078730000004], [19.008908499999997, 47.41053570000003], [19.008746899999995, 47.41067030000004], [19.008264199999996, 47.41109460000001], [19.008131599999995, 47.41124960000003], [19.007976999999997, 47.41145960000004], [19.007915, 47.41156440000002], [19.007864999999995, 47.41168289999999], [19.00778959999999, 47.41184220000002], [19.0077512, 47.41189390000007], [19.007594800000007, 47.41202420000005], [19.007499399999993, 47.41211210000003], [19.007457399999993, 47.41215960000003], [19.0072879, 47.41240070000004], [19.00726, 47.4124343], [19.007220799999995, 47.41248130000007]]]}}, {"id": "138", "type": "Feature", "properties": {"index": 138, "n_sides": 4, "edges": "[(502, 463, 0), (463, 441, 0), (441, 411, 0), (411, 381, 0), (381, 360, 0), (360, 376, 0), (376, 377, 0), (377, 399, 0), (399, 414, 0), (414, 445, 0), (445, 502, 0)]", "area": 69165.78161289472, "roundabout": false}, "geometry": {"type": "Polygon", "coordinates": [[[19.0037847, 47.409454000000025], [19.002963199999993, 47.40890629999999], [19.00269789999999, 47.40873020000004], [19.0025475, 47.408631200000045], [19.002021899999995, 47.408284300000034], [19.0018416, 47.40816070000003], [19.001779399999997, 47.408180500000014], [19.001200499999996, 47.40851820000004], [19.001089299999993, 47.408626200000015], [19.000850699999994, 47.40889010000004], [19.0008197, 47.408924400000025], [18.99987789999999, 47.409828800000014], [18.999667699999993, 47.41002910000002], [18.999352500000004, 47.41033750000002], [18.99925319999999, 47.410433700000056], [18.999171399999998, 47.41052939999998], [18.999096999999995, 47.410631500000044], [18.99898779999999, 47.41078000000001], [18.999643900000002, 47.41110600000007], [18.9999337, 47.41125000000002], [18.999979199999995, 47.41127370000003], [19.000869099999996, 47.41172810000002], [19.001396999999997, 47.41129630000001], [19.001761499999994, 47.41098490000003], [19.002399899999997, 47.41050070000002], [19.0036592, 47.40956530000002], [19.003722799999988, 47.409514199999975], [19.0037847, 47.409454000000025]]]}}, {"id": "139", "type": "Feature", "properties": {"index": 139, "n_sides": 4, "edges": "[(502, 554, 0), (554, 501, 0), (501, 480, 0), (480, 441, 0), (441, 463, 0), (463, 502, 0)]", "area": 31062.956773531103, "roundabout": false}, "geometry": {"type": "Polygon", "coordinates": [[[19.0037847, 47.409454000000025], [19.003837299999994, 47.409405199999995], [19.00398879999999, 47.409287300000045], [19.004225399999996, 47.409106100000024], [19.005193899999988, 47.408406600000056], [19.005283100000007, 47.408339200000015], [19.004468800000005, 47.4078384], [19.00436549999999, 47.40780800000006], [19.004254199999995, 47.407744900000026], [19.003464599999997, 47.40730680000001], [19.003391099999995, 47.40726560000003], [19.002893999999994, 47.40757800000006], [19.002426099999997, 47.4078626], [19.001932600000004, 47.40813160000001], [19.0018416, 47.40816070000003], [19.002021899999995, 47.408284300000034], [19.0025475, 47.408631200000045], [19.00269789999999, 47.40873020000004], [19.002963199999993, 47.40890629999999], [19.0037847, 47.409454000000025]]]}}, {"id": "140", "type": "Feature", "properties": {"index": 140, "n_sides": 4, "edges": "[(556, 482, 0), (482, 494, 0), (494, 497, 0), (497, 565, 0), (565, 570, 0), (570, 556, 0)]", "area": 21485.342440456563, "roundabout": false}, "geometry": {"type": "Polygon", "coordinates": [[[19.0062576, 47.41367430000001], [19.005976299999993, 47.41400880000004], [19.0059126, 47.4140768], [19.005857999999996, 47.41411510000005], [19.005753700000003, 47.41416540000002], [19.0055602, 47.414258900000036], [19.0052667, 47.41437840000002], [19.004981699999995, 47.41447420000001], [19.004339199999997, 47.41468630000005], [19.004261999999994, 47.414713100000064], [19.004215599999995, 47.41473020000004], [19.004550199999994, 47.41524979999998], [19.004630499999998, 47.41537879999998], [19.004715399999995, 47.41553039999999], [19.00477139999999, 47.41565420000007], [19.00483699999999, 47.41562630000002], [19.007052699999996, 47.41463040000005], [19.0071653, 47.41456540000001], [19.0070951, 47.41449370000001], [19.0069185, 47.414313100000044], [19.0068154, 47.41417920000001], [19.0064844, 47.413803], [19.006394699999994, 47.41373580000001], [19.0063179, 47.41369520000006], [19.0062576, 47.41367430000001]]]}}, {"id": "141", "type": "Feature", "properties": {"index": 141, "n_sides": 4, "edges": "[(673, 603, 0), (603, 631, 0), (631, 696, 0), (696, 688, 0), (688, 673, 0)]", "area": 25754.49237576581, "roundabout": false}, "geometry": {"type": "Polygon", "coordinates": [[[19.009988399999994, 47.410882700000016], [19.009967299999996, 47.41090970000001], [19.009624, 47.41124550000003], [19.008001699999998, 47.41261560000005], [19.007956000000004, 47.41265419999998], [19.008376400000003, 47.41291450000002], [19.008489000000004, 47.4129799], [19.008593300000005, 47.41303310000003], [19.0086933, 47.41308030000005], [19.0088368, 47.41313750000001], [19.009133900000002, 47.41324030000004], [19.009188299999995, 47.41321150000003], [19.009213899999992, 47.41319260000006], [19.009516199999997, 47.412915000000034], [19.0099557, 47.41249740000004], [19.010933199999997, 47.41140910000001], [19.010668600000002, 47.41126420000004], [19.009988399999994, 47.410882700000016]]]}}, {"id": "142", "type": "Feature", "properties": {"index": 142, "n_sides": 4, "edges": "[(623, 607, 0), (607, 587, 0), (587, 645, 0), (645, 627, 0), (627, 623, 0)]", "area": 12451.533397246465, "roundabout": false}, "geometry": {"type": "Polygon", "coordinates": [[[19.010804399999998, 47.42457320000004], [19.010421099999995, 47.4251238], [19.010245200000004, 47.425374300000044], [19.009942799999997, 47.42581160000001], [19.009837299999997, 47.425990899999995], [19.009769700000003, 47.42621440000003], [19.009739, 47.426315800000005], [19.009817099999992, 47.42627239999999], [19.009951100000002, 47.4262263], [19.010100300000005, 47.42618360000004], [19.01158089999999, 47.42583710000003], [19.01156069999999, 47.42579780000003], [19.0110313, 47.42477010000001], [19.010951424241203, 47.42464775387902], [19.010804399999998, 47.42457320000004]]]}}, {"id": "143", "type": "Feature", "properties": {"index": 143, "n_sides": 7, "edges": "[(623, 576, 0), (576, 597, 0), (597, 581, 0), (581, 505, 0), (505, 526, 0), (526, 544, 0), (544, 555, 0), (555, 607, 0), (607, 623, 0)]", "area": 46742.910143740744, "roundabout": false}, "geometry": {"type": "Polygon", "coordinates": [[[19.010804399999998, 47.42457320000004], [19.0107443, 47.424547400000044], [19.0088933, 47.42375230000001], [19.008840799999994, 47.423729400000035], [19.008954700000004, 47.42356610000001], [19.0090689, 47.42343640000006], [19.009532399999994, 47.422975900000054], [19.009426599999994, 47.422844200000014], [19.009314699999997, 47.422751500000025], [19.008917199999996, 47.42251360000006], [19.008887, 47.42247219999998], [19.0088747, 47.42242990000005], [19.008690499999997, 47.42243330000005], [19.008565600000004, 47.42245800000005], [19.008476699999996, 47.42251310000006], [19.008300099999992, 47.4226938], [19.007768900000002, 47.42316530000004], [19.0068653, 47.42411230000005], [19.0065649, 47.42446740000001], [19.007235799999997, 47.42471910000002], [19.0079084, 47.42497140000003], [19.008147399999995, 47.424631300000044], [19.0082465, 47.42466430000004], [19.010174999999997, 47.42534929999999], [19.010245200000004, 47.425374300000044], [19.010421099999995, 47.4251238], [19.010804399999998, 47.42457320000004]]]}}, {"id": "144", "type": "Feature", "properties": {"index": 144, "n_sides": 3, "edges": "[(623, 650, 0), (650, 602, 0), (602, 597, 0), (597, 576, 0), (576, 623, 0)]", "area": 15937.973857904659, "roundabout": false}, "geometry": {"type": "Polygon", "coordinates": [[[19.010804399999998, 47.42457320000004], [19.010935700000005, 47.42439190000001], [19.011323100000002, 47.42385350000001], [19.011250599999997, 47.423818999999995], [19.00977839999999, 47.4231185], [19.009603799999997, 47.42303200000005], [19.009532399999994, 47.422975900000054], [19.0090689, 47.42343640000006], [19.008954700000004, 47.42356610000001], [19.008840799999994, 47.423729400000035], [19.0088933, 47.42375230000001], [19.0107443, 47.424547400000044], [19.010804399999998, 47.42457320000004]]]}}, {"id": "145", "type": "Feature", "properties": {"index": 145, "n_sides": 4, "edges": "[(623, 627, 0), (627, 666, 0), (666, 687, 0), (687, 667, 0), (667, 650, 0), (650, 623, 0)]", "area": 13465.161743138484, "roundabout": false}, "geometry": {"type": "Polygon", "coordinates": [[[19.010804399999998, 47.42457320000004], [19.010951424241203, 47.42464775387902], [19.011231500000005, 47.42468150000003], [19.012017200000003, 47.42439690000004], [19.012457199999997, 47.424245899999995], [19.012904900000002, 47.424087800000024], [19.0126044, 47.42356310000005], [19.012553900000004, 47.42349410000004], [19.012504699999994, 47.42345270000005], [19.012433200000004, 47.42341540000003], [19.0119115, 47.423240000000014], [19.011812099999997, 47.423206600000015], [19.011323100000002, 47.42385350000001], [19.010935700000005, 47.42439190000001], [19.010804399999998, 47.42457320000004]]]}}, {"id": "146", "type": "Feature", "properties": {"index": 146, "n_sides": 4, "edges": "[(587, 607, 0), (607, 555, 0), (555, 544, 0), (544, 534, 0), (534, 533, 0), (533, 587, 0)]", "area": 20586.370975282138, "roundabout": false}, "geometry": {"type": "Polygon", "coordinates": [[[19.009739, 47.426315800000005], [19.009769700000003, 47.42621440000003], [19.009837299999997, 47.425990899999995], [19.009942799999997, 47.42581160000001], [19.010245200000004, 47.425374300000044], [19.010174999999997, 47.42534929999999], [19.0082465, 47.42466430000004], [19.008147399999995, 47.424631300000044], [19.0079084, 47.42497140000003], [19.00759759999999, 47.42542690000005], [19.007503199999988, 47.42556580000006], [19.0075708, 47.42558940000002], [19.00764059999999, 47.42561390000004], [19.008607699999995, 47.425952200000054], [19.009272599999996, 47.426185600000025], [19.00966019999999, 47.426289000000025], [19.009739, 47.426315800000005]]]}}, {"id": "147", "type": "Feature", "properties": {"index": 147, "n_sides": 3, "edges": "[(587, 578, 0), (578, 629, 0), (629, 671, 0), (671, 645, 0), (645, 587, 0)]", "area": 12276.958993754351, "roundabout": false}, "geometry": {"type": "Polygon", "coordinates": [[[19.009739, 47.426315800000005], [19.00968629999999, 47.42653090000002], [19.009634600000005, 47.42678680000002], [19.009584200000003, 47.42690510000001], [19.0105946, 47.42668569999999], [19.010629399999992, 47.4266781], [19.010975199999997, 47.42656590000001], [19.011311599999992, 47.42644010000001], [19.012502800000004, 47.4259227], [19.012543999999995, 47.425878900000036], [19.0125466, 47.42583840000002], [19.01249720000001, 47.42570570000006], [19.0124803, 47.42566270000003], [19.01158089999999, 47.42583710000003], [19.010100300000005, 47.42618360000004], [19.009951100000002, 47.4262263], [19.009817099999992, 47.42627239999999], [19.009739, 47.426315800000005]]]}}, {"id": "148", "type": "Feature", "properties": {"index": 148, "n_sides": 4, "edges": "[(587, 533, 0), (533, 525, 0), (525, 508, 0), (508, 541, 0), (541, 568, 0), (568, 578, 0), (578, 587, 0)]", "area": 20790.152440785383, "roundabout": false}, "geometry": {"type": "Polygon", "coordinates": [[[19.009739, 47.426315800000005], [19.00966019999999, 47.426289000000025], [19.009272599999996, 47.426185600000025], [19.008607699999995, 47.425952200000054], [19.00764059999999, 47.42561390000004], [19.0075708, 47.42558940000002], [19.007503199999988, 47.42556580000006], [19.007400699999998, 47.42571660000004], [19.006965799999993, 47.42641670000005], [19.007009999999998, 47.426432600000005], [19.008121, 47.42683170000003], [19.0092429, 47.42723480000002], [19.009328300000004, 47.42726540000001], [19.009513600000002, 47.42702280000007], [19.009584200000003, 47.42690510000001], [19.009634600000005, 47.42678680000002], [19.00968629999999, 47.42653090000002], [19.009739, 47.426315800000005]]]}}, {"id": "149", "type": "Feature", "properties": {"index": 149, "n_sides": 3, "edges": "[(650, 667, 0), (667, 678, 0), (678, 683, 0), (683, 708, 0), (708, 602, 0), (602, 650, 0)]", "area": 28480.500970393634, "roundabout": false}, "geometry": {"type": "Polygon", "coordinates": [[[19.011323100000002, 47.42385350000001], [19.011812099999997, 47.423206600000015], [19.0122366, 47.422647100000006], [19.012410999999997, 47.42240150000004], [19.01306689999999, 47.4215757], [19.01320139999999, 47.42142820000001], [19.01311509999999, 47.42140400000004], [19.013034400000002, 47.421391100000015], [19.012953899999992, 47.42139660000005], [19.0117553, 47.421763500000004], [19.011476399999992, 47.421864500000005], [19.010792099999993, 47.422295800000015], [19.010663599999994, 47.42238110000002], [19.00977839999999, 47.4231185], [19.011250599999997, 47.423818999999995], [19.011323100000002, 47.42385350000001]]]}}, {"id": "150", "type": "Feature", "properties": {"index": 150, "n_sides": 4, "edges": "[(627, 645, 0), (645, 671, 0), (671, 666, 0), (666, 627, 0)]", "area": 10571.65169340836, "roundabout": false}, "geometry": {"type": "Polygon", "coordinates": [[[19.010951424241203, 47.42464775387902], [19.0110313, 47.42477010000001], [19.01156069999999, 47.42579780000003], [19.01158089999999, 47.42583710000003], [19.0124803, 47.42566270000003], [19.012463399999994, 47.42561640000002], [19.012017200000003, 47.42439690000004], [19.011231500000005, 47.42468150000003], [19.010951424241203, 47.42464775387902]]]}}, {"id": "151", "type": "Feature", "properties": {"index": 151, "n_sides": 6, "edges": "[(628, 619, 0), (619, 675, 0), (675, 697, 0), (697, 677, 0), (677, 670, 0), (670, 638, 0), (638, 628, 0)]", "area": 20763.32522263489, "roundabout": false}, "geometry": {"type": "Polygon", "coordinates": [[[19.007951499999994, 47.40722970000001], [19.007951800000004, 47.40732149999998], [19.00785710330993, 47.407563674361235], [19.00776239999999, 47.40780580000004], [19.007606399999997, 47.40795730000003], [19.008476499999993, 47.40827960000002], [19.008726000000003, 47.40838740000004], [19.0090235, 47.40854129999999], [19.009337200000008, 47.408714600000046], [19.009686500000008, 47.408911100000005], [19.009784199999995, 47.40883070000002], [19.00982789999999, 47.40879250000004], [19.009914300000005, 47.40870559999997], [19.0100125, 47.40859270000001], [19.0100907, 47.408485500000005], [19.0101559, 47.408381999999996], [19.010255900000004, 47.408196100000026], [19.010318299999998, 47.408072499999996], [19.0103464, 47.407972499999985], [19.0103685, 47.407865100000045], [19.00964949999999, 47.407872100000034], [19.009209600000002, 47.4073348], [19.008782699999998, 47.407234999999986], [19.008184599999996, 47.40723040000001], [19.007951499999994, 47.40722970000001]]]}}, {"id": "152", "type": "Feature", "properties": {"index": 152, "n_sides": 4, "edges": "[(628, 609, 0), (609, 600, 0), (600, 619, 0), (619, 628, 0)]", "area": 3902.235656210923, "roundabout": false}, "geometry": {"type": "Polygon", "coordinates": [[[19.007951499999994, 47.40722970000001], [19.007124200000003, 47.40722720000005], [19.007126800000005, 47.40761100000002], [19.0070531, 47.40769400000001], [19.007606399999997, 47.40795730000003], [19.00776239999999, 47.40780580000004], [19.00785710330993, 47.407563674361235], [19.007951800000004, 47.40732149999998], [19.007951499999994, 47.40722970000001]]]}}, {"id": "153", "type": "Feature", "properties": {"index": 153, "n_sides": 7, "edges": "[(628, 638, 0), (638, 657, 0), (657, 656, 0), (656, 616, 0), (616, 564, 0), (564, 545, 0), (545, 589, 0), (589, 600, 0), (600, 609, 0), (609, 628, 0)]", "area": 34181.15983017293, "roundabout": false}, "geometry": {"type": "Polygon", "coordinates": [[[19.007951499999994, 47.40722970000001], [19.008184599999996, 47.40723040000001], [19.008189899999994, 47.406694900000005], [19.008204399999997, 47.40665400000005], [19.0082743, 47.406595300000056], [19.008329799999988, 47.40655140000005], [19.008346100000004, 47.4065125], [19.00835019999999, 47.40617750000001], [19.0083513, 47.406119100000026], [19.0082716, 47.406118800000016], [19.00817289999999, 47.40615290000002], [19.008143, 47.40615290000001], [19.007598900000005, 47.406153400000015], [19.007499199999998, 47.40615350000001], [19.007215399999996, 47.40615369999999], [19.007119199999998, 47.40615379999999], [19.006960699999993, 47.406155400000024], [19.006892399999995, 47.40614600000005], [19.00683919999999, 47.40611400000009], [19.006551499999997, 47.40580440000004], [19.006550799999992, 47.405701700000044], [19.006286999999993, 47.405703300000056], [19.006152199999992, 47.405703700000046], [19.005592599999996, 47.405700000000046], [19.005523200000006, 47.405682300000024], [19.005457600000007, 47.405652199999984], [19.005376999999996, 47.40573400000003], [19.005260699999994, 47.40585180000005], [19.005173699999997, 47.40593860000003], [19.005021799999998, 47.406075600000044], [19.00490729999999, 47.40616470000001], [19.00467559999999, 47.40632140000004], [19.004745299999996, 47.40636550000002], [19.005074899999993, 47.406577100000035], [19.005637099999994, 47.40690430000008], [19.0064215, 47.40736], [19.00648369999999, 47.40739609999999], [19.006512999999995, 47.407413100000014], [19.006892099999995, 47.40761330000003], [19.0070531, 47.40769400000001], [19.007126800000005, 47.40761100000002], [19.007124200000003, 47.40722720000005], [19.007951499999994, 47.40722970000001]]]}}, {"id": "154", "type": "Feature", "properties": {"index": 154, "n_sides": 5, "edges": "[(657, 638, 0), (638, 670, 0), (670, 691, 0), (691, 685, 0), (685, 657, 0)]", "area": 13081.444304998304, "roundabout": false}, "geometry": {"type": "Polygon", "coordinates": [[[19.0083513, 47.406119100000026], [19.00835019999999, 47.40617750000001], [19.008346100000004, 47.4065125], [19.008329799999988, 47.40655140000005], [19.0082743, 47.406595300000056], [19.008204399999997, 47.40665400000005], [19.008189899999994, 47.406694900000005], [19.008184599999996, 47.40723040000001], [19.008782699999998, 47.407234999999986], [19.009209600000002, 47.4073348], [19.00921969999999, 47.407261200000015], [19.009246100000002, 47.407218300000004], [19.009628000000006, 47.40680480000001], [19.009845699999996, 47.406729200000015], [19.009928999999993, 47.406702800000005], [19.009607999999993, 47.406123500000014], [19.009179, 47.40612200000001], [19.0089915, 47.40612130000004], [19.0088655, 47.40612090000002], [19.0083513, 47.406119100000026]]]}}, {"id": "155", "type": "Feature", "properties": {"index": 155, "n_sides": 4, "edges": "[(678, 667, 0), (667, 687, 0), (687, 712, 0), (712, 678, 0)]", "area": 11042.032602622357, "roundabout": false}, "geometry": {"type": "Polygon", "coordinates": [[[19.0122366, 47.422647100000006], [19.011812099999997, 47.423206600000015], [19.0119115, 47.423240000000014], [19.012433200000004, 47.42341540000003], [19.012504699999994, 47.42345270000005], [19.012553900000004, 47.42349410000004], [19.0126044, 47.42356310000005], [19.012904900000002, 47.424087800000024], [19.0137355, 47.42380430000005], [19.013322, 47.42310920000001], [19.013281199999994, 47.42305979999999], [19.013238999999995, 47.42302170000001], [19.013170499999998, 47.42298560000002], [19.012336399999988, 47.422683300000045], [19.0122366, 47.422647100000006]]]}}, {"id": "156", "type": "Feature", "properties": {"index": 156, "n_sides": 5, "edges": "[(678, 712, 0), (712, 729, 0), (729, 766, 0), (766, 758, 0), (758, 683, 0), (683, 678, 0)]", "area": 29127.777300015863, "roundabout": false}, "geometry": {"type": "Polygon", "coordinates": [[[19.0122366, 47.422647100000006], [19.012336399999988, 47.422683300000045], [19.013170499999998, 47.42298560000002], [19.013238999999995, 47.42302170000001], [19.013281199999994, 47.42305979999999], [19.013322, 47.42310920000001], [19.0137355, 47.42380430000005], [19.014304299999996, 47.42360570000004], [19.015606599999998, 47.423156300000024], [19.014909799999998, 47.42188850000001], [19.012410999999997, 47.42240150000004], [19.0122366, 47.422647100000006]]]}}, {"id": "157", "type": "Feature", "properties": {"index": 157, "n_sides": 6, "edges": "[(602, 708, 0), (708, 731, 0), (731, 681, 0), (681, 643, 0), (643, 612, 0), (612, 595, 0), (595, 581, 0), (581, 597, 0), (597, 602, 0)]", "area": 46207.55903649132, "roundabout": false}, "geometry": {"type": "Polygon", "coordinates": [[[19.00977839999999, 47.4231185], [19.010663599999994, 47.42238110000002], [19.010792099999993, 47.422295800000015], [19.011476399999992, 47.421864500000005], [19.0117553, 47.421763500000004], [19.012953899999992, 47.42139660000005], [19.013034400000002, 47.421391100000015], [19.01311509999999, 47.42140400000004], [19.01320139999999, 47.42142820000001], [19.013326199999998, 47.42129340000002], [19.0134455, 47.42118240000006], [19.01376589999999, 47.42089350000005], [19.013823299999995, 47.420843700000034], [19.012816199999996, 47.42048130000003], [19.0119414, 47.420171100000005], [19.011396599999998, 47.420527799999995], [19.011294300000003, 47.42059850000002], [19.010719700000003, 47.421064], [19.0105695, 47.421176100000054], [19.010434, 47.42127040000002], [19.01023559999999, 47.42138020000002], [19.009947199999996, 47.4215164], [19.009723200000003, 47.42160300000003], [19.0094818, 47.421656], [19.0092756, 47.42167870000003], [19.0092699, 47.42174590000001], [19.00925449999999, 47.42180760000004], [19.0088747, 47.42242990000005], [19.008887, 47.42247219999998], [19.008917199999996, 47.42251360000006], [19.009314699999997, 47.422751500000025], [19.009426599999994, 47.422844200000014], [19.009532399999994, 47.422975900000054], [19.009603799999997, 47.42303200000005], [19.00977839999999, 47.4231185]]]}}, {"id": "158", "type": "Feature", "properties": {"index": 158, "n_sides": 4, "edges": "[(666, 671, 0), (671, 689, 0), (689, 698, 0), (698, 687, 0), (687, 666, 0)]", "area": 11909.830267562285, "roundabout": false}, "geometry": {"type": "Polygon", "coordinates": [[[19.012017200000003, 47.42439690000004], [19.012463399999994, 47.42561640000002], [19.0124803, 47.42566270000003], [19.013167099999997, 47.425544000000016], [19.0134826, 47.425486000000035], [19.013464800000005, 47.42543640000004], [19.013205599999996, 47.4246958], [19.012904900000002, 47.424087800000024], [19.012457199999997, 47.424245899999995], [19.012017200000003, 47.42439690000004]]]}}, {"id": "159", "type": "Feature", "properties": {"index": 159, "n_sides": 5, "edges": "[(671, 629, 0), (629, 636, 0), (636, 693, 0), (693, 689, 0), (689, 671, 0)]", "area": 14861.668599582914, "roundabout": false}, "geometry": {"type": "Polygon", "coordinates": [[[19.0124803, 47.42566270000003], [19.01249720000001, 47.42570570000006], [19.0125466, 47.42583840000002], [19.012543999999995, 47.425878900000036], [19.012502800000004, 47.4259227], [19.011311599999992, 47.42644010000001], [19.0116287, 47.427051699999986], [19.012688699999998, 47.42676560000001], [19.013486200000003, 47.42662620000004], [19.013177, 47.42557760000004], [19.013167099999997, 47.425544000000016], [19.0124803, 47.42566270000003]]]}}, {"id": "160", "type": "Feature", "properties": {"index": 160, "n_sides": 4, "edges": "[(712, 687, 0), (687, 698, 0), (698, 710, 0), (710, 727, 0), (727, 720, 0), (720, 712, 0)]", "area": 12527.915394608433, "roundabout": false}, "geometry": {"type": "Polygon", "coordinates": [[[19.0137355, 47.42380430000005], [19.012904900000002, 47.424087800000024], [19.013205599999996, 47.4246958], [19.013464800000005, 47.42543640000004], [19.0134826, 47.425486000000035], [19.013911799999995, 47.42540700000003], [19.0145482, 47.42529710000002], [19.014518499999998, 47.42524360000003], [19.014199100000003, 47.42466880000005], [19.0137355, 47.42380430000005]]]}}, {"id": "161", "type": "Feature", "properties": {"index": 161, "n_sides": 4, "edges": "[(712, 720, 0), (720, 737, 0), (737, 729, 0), (729, 712, 0)]", "area": 5129.2458501714445, "roundabout": false}, "geometry": {"type": "Polygon", "coordinates": [[[19.0137355, 47.42380430000005], [19.014199100000003, 47.42466880000005], [19.0148149, 47.42452090000001], [19.014304299999996, 47.42360570000004], [19.0137355, 47.42380430000005]]]}}, {"id": "162", "type": "Feature", "properties": {"index": 162, "n_sides": 3, "edges": "[(738, 784, 0), (784, 789, 0), (789, 724, 0), (724, 735, 0), (735, 738, 0)]", "area": 16169.00895654352, "roundabout": false}, "geometry": {"type": "Polygon", "coordinates": [[[19.0182738, 47.44405620000004], [19.019697999999998, 47.443040900000014], [19.019832049599266, 47.44286724542376], [19.0199576, 47.44270460000001], [19.019997399999998, 47.44258270000004], [19.020026100000003, 47.44242250000002], [19.0199399, 47.44243640000003], [19.019343, 47.442533700000055], [19.017614, 47.44287609999999], [19.017924, 47.44353380000002], [19.0182738, 47.44405620000004]]]}}, {"id": "163", "type": "Feature", "properties": {"index": 163, "n_sides": 4, "edges": "[(738, 760, 0), (760, 773, 0), (773, 810, 0), (810, 784, 0), (784, 738, 0)]", "area": 23111.737277949527, "roundabout": false}, "geometry": {"type": "Polygon", "coordinates": [[[19.0182738, 47.44405620000004], [19.018966799999998, 47.444825300000026], [19.019077499999998, 47.44493900000001], [19.019867700000002, 47.44461259999999], [19.0202596, 47.444433100000005], [19.020887099999992, 47.444160700000026], [19.020646399999993, 47.443880600000035], [19.0204831, 47.4436621], [19.020238799999994, 47.44328200000001], [19.020037699999996, 47.44293980000006], [19.019832049599266, 47.44286724542376], [19.019697999999998, 47.443040900000014], [19.0182738, 47.44405620000004]]]}}, {"id": "164", "type": "Feature", "properties": {"index": 164, "n_sides": 4, "edges": "[(738, 714, 0), (714, 763, 0), (763, 777, 0), (777, 760, 0), (760, 738, 0)]", "area": 19550.876362707666, "roundabout": false}, "geometry": {"type": "Polygon", "coordinates": [[[19.0182738, 47.44405620000004], [19.018014600000004, 47.444247699999984], [19.017432899999992, 47.44461280000003], [19.019389799999995, 47.4463539], [19.0201872, 47.44589550000005], [19.019077499999998, 47.44493900000001], [19.018966799999998, 47.444825300000026], [19.0182738, 47.44405620000004]]]}}, {"id": "165", "type": "Feature", "properties": {"index": 165, "n_sides": 4, "edges": "[(738, 735, 0), (735, 658, 0), (658, 660, 0), (660, 672, 0), (672, 690, 0), (690, 714, 0), (714, 738, 0)]", "area": 20990.5894464836, "roundabout": false}, "geometry": {"type": "Polygon", "coordinates": [[[19.0182738, 47.44405620000004], [19.017924, 47.44353380000002], [19.017675999999998, 47.44363390000007], [19.016985299999998, 47.44395500000001], [19.016649999999988, 47.444111000000035], [19.0163519, 47.44427680000001], [19.016099699999998, 47.44439670000005], [19.015874699999994, 47.4444805], [19.015610900000002, 47.44456480000001], [19.0151843, 47.444661999999994], [19.015560999999995, 47.44559300000003], [19.015780999999997, 47.44552680000006], [19.0159727, 47.445451000000006], [19.0161789, 47.44533710000002], [19.016621399999988, 47.445058100000026], [19.017432899999992, 47.44461280000003], [19.018014600000004, 47.444247699999984], [19.0182738, 47.44405620000004]]]}}, {"id": "166", "type": "Feature", "properties": {"index": 166, "n_sides": 5, "edges": "[(789, 784, 0), (784, 810, 0), (810, 832, 0), (832, 817, 0), (817, 807, 0), (807, 789, 0)]", "area": 12189.183719710909, "roundabout": false}, "geometry": {"type": "Polygon", "coordinates": [[[19.020026100000003, 47.44242250000002], [19.019997399999998, 47.44258270000004], [19.0199576, 47.44270460000001], [19.019832049599266, 47.44286724542376], [19.020037699999996, 47.44293980000006], [19.020238799999994, 47.44328200000001], [19.0204831, 47.4436621], [19.020646399999993, 47.443880600000035], [19.020887099999992, 47.444160700000026], [19.021606499999997, 47.44388010000004], [19.021155999999998, 47.44325140000002], [19.020486699999992, 47.44232400000005], [19.020225400000005, 47.44238490000002], [19.020026100000003, 47.44242250000002]]]}}, {"id": "167", "type": "Feature", "properties": {"index": 167, "n_sides": 4, "edges": "[(789, 807, 0), (807, 881, 0), (881, 871, 0), (871, 868, 0), (868, 844, 0), (844, 802, 0), (802, 745, 0), (745, 577, 0), (577, 571, 0), (571, 574, 0), (574, 649, 0), (649, 724, 0), (724, 789, 0)]", "area": 52946.06977315779, "roundabout": false}, "geometry": {"type": "Polygon", "coordinates": [[[19.020026100000003, 47.44242250000002], [19.020225400000005, 47.44238490000002], [19.020486699999992, 47.44232400000005], [19.0214647, 47.44203240000002], [19.023356, 47.44140540000002], [19.023303199999997, 47.44135620000002], [19.023084000000004, 47.441152999999986], [19.0230219, 47.441097800000044], [19.0230133, 47.44108840000004], [19.022997700000005, 47.44107420000005], [19.022962, 47.441041600000005], [19.02290569999999, 47.44099029999999], [19.022862000000003, 47.44095040000004], [19.022724399999998, 47.441017200000054], [19.02266729999999, 47.44104480000004], [19.0223363, 47.441193899999995], [19.022140699999998, 47.4412709], [19.021946000000003, 47.441344500000014], [19.021779400000003, 47.44140080000003], [19.021468699999996, 47.44149940000004], [19.0212029, 47.4415773], [19.020807499999993, 47.44168450000001], [19.020494699999997, 47.44175929999999], [19.020230199999997, 47.44181600000004], [19.019685399999993, 47.441930299999996], [19.018257699999996, 47.44222490000003], [19.0181782, 47.44224120000005], [19.013177700000004, 47.443285900000035], [19.012861100000002, 47.44334680000004], [19.0125965, 47.44338659999999], [19.0124538, 47.44340550000006], [19.012241599999992, 47.443437900000006], [19.012257299999998, 47.44349650000001], [19.0122607, 47.443509300000024], [19.0122704, 47.44353870000001], [19.012283399999998, 47.443578100000046], [19.0122881, 47.44359230000005], [19.0123078, 47.44365190000002], [19.0123427, 47.44374080000002], [19.012393199999995, 47.44386580000003], [19.012420500000005, 47.44393349999999], [19.01251289999999, 47.44416240000002], [19.012570999999994, 47.44414840000005], [19.012600299999992, 47.444141300000034], [19.012771199999992, 47.44410030000001], [19.012956699999993, 47.44405580000001], [19.01476179999999, 47.44362190000002], [19.015090499999996, 47.44353900000003], [19.016267900000003, 47.44317959999999], [19.0166515, 47.443081800000066], [19.017614, 47.44287609999999], [19.019343, 47.442533700000055], [19.0199399, 47.44243640000003], [19.020026100000003, 47.44242250000002]]]}}, {"id": "168", "type": "Feature", "properties": {"index": 168, "n_sides": 4, "edges": "[(658, 735, 0), (735, 724, 0), (724, 649, 0), (649, 658, 0)]", "area": 24500.913901970343, "roundabout": false}, "geometry": {"type": "Polygon", "coordinates": [[[19.0151843, 47.444661999999994], [19.015610900000002, 47.44456480000001], [19.015874699999994, 47.4444805], [19.016099699999998, 47.44439670000005], [19.0163519, 47.44427680000001], [19.016649999999988, 47.444111000000035], [19.016985299999998, 47.44395500000001], [19.017675999999998, 47.44363390000007], [19.017924, 47.44353380000002], [19.017614, 47.44287609999999], [19.0166515, 47.443081800000066], [19.016267900000003, 47.44317959999999], [19.015090499999996, 47.44353900000003], [19.01476179999999, 47.44362190000002], [19.0151843, 47.444661999999994]]]}}, {"id": "169", "type": "Feature", "properties": {"index": 169, "n_sides": 4, "edges": "[(658, 583, 0), (583, 593, 0), (593, 624, 0), (624, 660, 0), (660, 658, 0)]", "area": 19734.15944675239, "roundabout": false}, "geometry": {"type": "Polygon", "coordinates": [[[19.0151843, 47.444661999999994], [19.013026600000007, 47.445105100000006], [19.012919299999997, 47.44512590000004], [19.013045599999998, 47.44540180000002], [19.013163399999993, 47.445621000000045], [19.013304599999998, 47.44586670000007], [19.01352729999999, 47.44619670000006], [19.0136229, 47.44616230000001], [19.013785600000006, 47.446089000000015], [19.0142326, 47.445914300000034], [19.0143871, 47.445863999999986], [19.0145765, 47.44581690000001], [19.015560999999995, 47.44559300000003], [19.0151843, 47.444661999999994]]]}}, {"id": "170", "type": "Feature", "properties": {"index": 170, "n_sides": 4, "edges": "[(658, 649, 0), (649, 574, 0), (574, 583, 0), (583, 658, 0)]", "area": 20730.106095589832, "roundabout": false}, "geometry": {"type": "Polygon", "coordinates": [[[19.0151843, 47.444661999999994], [19.01476179999999, 47.44362190000002], [19.012956699999993, 47.44405580000001], [19.012771199999992, 47.44410030000001], [19.012600299999992, 47.444141300000034], [19.012570999999994, 47.44414840000005], [19.01251289999999, 47.44416240000002], [19.012529499999996, 47.444203400000035], [19.0125611, 47.444281800000006], [19.012856199999998, 47.44498090000001], [19.012919299999997, 47.44512590000004], [19.013026600000007, 47.445105100000006], [19.0151843, 47.444661999999994]]]}}, {"id": "171", "type": "Feature", "properties": {"index": 171, "n_sides": 4, "edges": "[(714, 690, 0), (690, 744, 0), (744, 763, 0), (763, 714, 0)]", "area": 15945.476616632766, "roundabout": false}, "geometry": {"type": "Polygon", "coordinates": [[[19.017432899999992, 47.44461280000003], [19.016621399999988, 47.445058100000026], [19.01792429999999, 47.4460148], [19.0182163, 47.446212900000035], [19.018866499999998, 47.44660410000006], [19.019389799999995, 47.4463539], [19.017432899999992, 47.44461280000003]]]}}, {"id": "172", "type": "Feature", "properties": {"index": 172, "n_sides": 3, "edges": "[(773, 760, 0), (760, 777, 0), (777, 773, 0)]", "area": 9442.3196956621, "roundabout": false}, "geometry": {"type": "Polygon", "coordinates": [[[19.019867700000002, 47.44461259999999], [19.019077499999998, 47.44493900000001], [19.0201872, 47.44589550000005], [19.020913199999995, 47.44547110000001], [19.020928399999995, 47.44543850000005], [19.020919799999998, 47.44541300000003], [19.019867700000002, 47.44461259999999]]]}}, {"id": "173", "type": "Feature", "properties": {"index": 173, "n_sides": 5, "edges": "[(773, 777, 0), (777, 798, 0), (798, 845, 0), (845, 810, 0), (810, 773, 0)]", "area": 25703.79937179174, "roundabout": false}, "geometry": {"type": "Polygon", "coordinates": [[[19.019867700000002, 47.44461259999999], [19.020919799999998, 47.44541300000003], [19.020928399999995, 47.44543850000005], [19.020913199999995, 47.44547110000001], [19.0201872, 47.44589550000005], [19.021025999999996, 47.44658570000003], [19.021416999999996, 47.446392800000005], [19.021581400000002, 47.44630080000007], [19.02178049999999, 47.446140900000024], [19.0224902, 47.445432500000024], [19.02236489999999, 47.44535610000005], [19.021986700000003, 47.44506920000001], [19.021607199999995, 47.44478530000005], [19.020887099999992, 47.444160700000026], [19.0202596, 47.444433100000005], [19.019867700000002, 47.44461259999999]]]}}, {"id": "174", "type": "Feature", "properties": {"index": 174, "n_sides": 4, "edges": "[(810, 845, 0), (845, 853, 0), (853, 832, 0), (832, 810, 0)]", "area": 10549.572204009612, "roundabout": false}, "geometry": {"type": "Polygon", "coordinates": [[[19.020887099999992, 47.444160700000026], [19.021607199999995, 47.44478530000005], [19.021986700000003, 47.44506920000001], [19.02236489999999, 47.44535610000005], [19.0224902, 47.445432500000024], [19.022706400000004, 47.44522660000002], [19.022928499999995, 47.4450068], [19.022612, 47.444734500000045], [19.022274699999993, 47.444453400000015], [19.0221603, 47.44435890000002], [19.021606499999997, 47.44388010000004], [19.020887099999992, 47.444160700000026]]]}}, {"id": "175", "type": "Feature", "properties": {"index": 175, "n_sides": 4, "edges": "[(807, 817, 0), (817, 949, 0), (949, 934, 0), (934, 881, 0), (881, 807, 0)]", "area": 40379.15587735358, "roundabout": false}, "geometry": {"type": "Polygon", "coordinates": [[[19.020486699999992, 47.44232400000005], [19.021155999999998, 47.44325140000002], [19.021488100000003, 47.44313140000004], [19.022020699999995, 47.442876500000004], [19.0225942, 47.44259739999999], [19.022808399999995, 47.44250619999998], [19.024141799999995, 47.44194680000003], [19.024437, 47.44180160000002], [19.026053299999997, 47.44106240000003], [19.0254407, 47.440349600000026], [19.0250371, 47.44052970000005], [19.024718099999994, 47.44069690000004], [19.023956800000008, 47.441150099999994], [19.0237098, 47.44127130000003], [19.023527199999997, 47.441345500000025], [19.023356, 47.44140540000002], [19.0214647, 47.44203240000002], [19.020486699999992, 47.44232400000005]]]}}, {"id": "176", "type": "Feature", "properties": {"index": 176, "n_sides": 4, "edges": "[(832, 853, 0), (853, 965, 0), (965, 949, 0), (949, 817, 0), (817, 832, 0)]", "area": 76341.97290029586, "roundabout": false}, "geometry": {"type": "Polygon", "coordinates": [[[19.021606499999997, 47.44388010000004], [19.0221603, 47.44435890000002], [19.022274699999993, 47.444453400000015], [19.022612, 47.444734500000045], [19.022928499999995, 47.4450068], [19.022979599999992, 47.44495740000003], [19.0232341, 47.44471160000006], [19.023284799999995, 47.44466450000002], [19.023679500000004, 47.44429760000003], [19.023947000000003, 47.444062300000056], [19.024940700000002, 47.4433549], [19.0253066, 47.44309669999997], [19.025495000000003, 47.442954500000006], [19.025692099999997, 47.44283020000004], [19.025897200000003, 47.44272760000002], [19.026114699999994, 47.44262790000004], [19.026261399999996, 47.44256490000001], [19.026371599999997, 47.44249670000004], [19.026486800000004, 47.44231110000002], [19.026657399999998, 47.44198580000002], [19.026761199999992, 47.44183410000003], [19.026718100000004, 47.441802800000005], [19.026676, 47.441772200000024], [19.0266476, 47.441737500000016], [19.026053299999997, 47.44106240000003], [19.024437, 47.44180160000002], [19.024141799999995, 47.44194680000003], [19.022808399999995, 47.44250619999998], [19.0225942, 47.44259739999999], [19.022020699999995, 47.442876500000004], [19.021488100000003, 47.44313140000004], [19.021155999999998, 47.44325140000002], [19.021606499999997, 47.44388010000004]]]}}, {"id": "177", "type": "Feature", "properties": {"index": 177, "n_sides": 6, "edges": "[(794, 791, 0), (791, 785, 0), (785, 758, 0), (758, 766, 0), (766, 804, 0), (804, 809, 0), (809, 794, 0)]", "area": 18166.553883148677, "roundabout": false}, "geometry": {"type": "Polygon", "coordinates": [[[19.016569500000003, 47.42170050000004], [19.016488899999995, 47.42164720000003], [19.016440895543496, 47.42154717908711], [19.0161517, 47.4215595], [19.014909799999998, 47.42188850000001], [19.015606599999998, 47.423156300000024], [19.016410099999995, 47.422917600000055], [19.016923899999995, 47.42276490000005], [19.017097299999996, 47.42271570000006], [19.016569500000003, 47.42170050000004]]]}}, {"id": "178", "type": "Feature", "properties": {"index": 178, "n_sides": 5, "edges": "[(794, 822, 0), (822, 838, 0), (838, 830, 0), (830, 791, 0), (791, 794, 0)]", "area": 7534.461636911799, "roundabout": false}, "geometry": {"type": "Polygon", "coordinates": [[[19.016569500000003, 47.42170050000004], [19.017503200000004, 47.42178760000001], [19.017947399999994, 47.42094920000001], [19.017691499999994, 47.420805500000014], [19.0174405, 47.42064060000005], [19.0166692, 47.42144070000004], [19.016440895543496, 47.42154717908711], [19.016488899999995, 47.42164720000003], [19.016569500000003, 47.42170050000004]]]}}, {"id": "179", "type": "Feature", "properties": {"index": 179, "n_sides": 4, "edges": "[(794, 809, 0), (809, 854, 0), (854, 856, 0), (856, 822, 0), (822, 794, 0)]", "area": 13991.074883165222, "roundabout": false}, "geometry": {"type": "Polygon", "coordinates": [[[19.016569500000003, 47.42170050000004], [19.017097299999996, 47.42271570000006], [19.0173771, 47.42266480000004], [19.019, 47.422452500000034], [19.01902309999999, 47.42198860000004], [19.019004000000002, 47.421937500000034], [19.018934800000004, 47.42192110000003], [19.017503200000004, 47.42178760000001], [19.016569500000003, 47.42170050000004]]]}}, {"id": "180", "type": "Feature", "properties": {"index": 180, "n_sides": 5, "edges": "[(791, 830, 0), (830, 805, 0), (805, 772, 0), (772, 785, 0), (785, 791, 0)]", "area": 12952.768973344551, "roundabout": false}, "geometry": {"type": "Polygon", "coordinates": [[[19.016440895543496, 47.42154717908711], [19.0166692, 47.42144070000004], [19.0174405, 47.42064060000005], [19.017051099999993, 47.42034260000004], [19.016815599999994, 47.42016700000004], [19.016445799999993, 47.41996060000003], [19.0162881, 47.42025259999998], [19.0161206, 47.42043740000003], [19.01587569999999, 47.420642300000026], [19.015640199999996, 47.42079460000005], [19.0161517, 47.4215595], [19.016440895543496, 47.42154717908711]]]}}, {"id": "181", "type": "Feature", "properties": {"index": 181, "n_sides": 4, "edges": "[(854, 809, 0), (809, 804, 0), (804, 811, 0), (811, 864, 0), (864, 880, 0), (880, 876, 0), (876, 874, 0), (874, 863, 0), (863, 854, 0)]", "area": 28638.759546544316, "roundabout": false}, "geometry": {"type": "Polygon", "coordinates": [[[19.019, 47.422452500000034], [19.0173771, 47.42266480000004], [19.017097299999996, 47.42271570000006], [19.016923899999995, 47.42276490000005], [19.017231699999993, 47.42334210000005], [19.017547900000007, 47.423935000000014], [19.019579300000004, 47.423529699999975], [19.0201269, 47.42342320000007], [19.020198099999998, 47.42340980000002], [19.020118300000004, 47.42316480000003], [19.020020699999993, 47.42286500000003], [19.019808599999998, 47.42229960000002], [19.01961159999999, 47.42233620000004], [19.019366099999996, 47.422381900000026], [19.019, 47.422452500000034]]]}}, {"id": "182", "type": "Feature", "properties": {"index": 182, "n_sides": 4, "edges": "[(854, 863, 0), (863, 865, 0), (865, 856, 0), (856, 854, 0)]", "area": 1223.1293645619824, "roundabout": false}, "geometry": {"type": "Polygon", "coordinates": [[[19.019, 47.422452500000034], [19.019366099999996, 47.422381900000026], [19.019321599999998, 47.42221540000001], [19.0193175, 47.42208710000003], [19.01933439999999, 47.42198260000004], [19.019058700000002, 47.42195110000002], [19.019004000000002, 47.421937500000034], [19.01902309999999, 47.42198860000004], [19.019, 47.422452500000034]]]}}, {"id": "183", "type": "Feature", "properties": {"index": 183, "n_sides": 4, "edges": "[(822, 856, 0), (856, 860, 0), (860, 838, 0), (838, 822, 0)]", "area": 9168.612121208993, "roundabout": false}, "geometry": {"type": "Polygon", "coordinates": [[[19.017503200000004, 47.42178760000001], [19.018934800000004, 47.42192110000003], [19.019004000000002, 47.421937500000034], [19.01898689999999, 47.421891600000016], [19.018967599999993, 47.42102670000004], [19.0189245, 47.42097800000004], [19.01883559999999, 47.421014400000054], [19.018421999999994, 47.42102640000007], [19.01818079999999, 47.42100370000006], [19.017947399999994, 47.42094920000001], [19.017503200000004, 47.42178760000001]]]}}, {"id": "184", "type": "Feature", "properties": {"index": 184, "n_sides": 5, "edges": "[(805, 830, 0), (830, 838, 0), (838, 860, 0), (860, 866, 0), (866, 816, 0), (816, 805, 0)]", "area": 15333.09805634927, "roundabout": false}, "geometry": {"type": "Polygon", "coordinates": [[[19.016445799999993, 47.41996060000003], [19.016815599999994, 47.42016700000004], [19.017051099999993, 47.42034260000004], [19.0174405, 47.42064060000005], [19.017691499999994, 47.420805500000014], [19.017947399999994, 47.42094920000001], [19.01818079999999, 47.42100370000006], [19.018421999999994, 47.42102640000007], [19.01883559999999, 47.421014400000054], [19.0189245, 47.42097800000004], [19.0191486, 47.42076469999999], [19.019027799999996, 47.42070620000002], [19.0182228, 47.420212700000064], [19.017319900000004, 47.4196592], [19.016911899999997, 47.41940900000005], [19.016607800000003, 47.41965210000001], [19.0165665, 47.41969620000004], [19.016523599999992, 47.4197583], [19.016445799999993, 47.41996060000003]]]}}, {"id": "185", "type": "Feature", "properties": {"index": 185, "n_sides": 4, "edges": "[(805, 816, 0), (816, 808, 0), (808, 753, 0), (753, 731, 0), (731, 708, 0), (708, 772, 0), (772, 805, 0)]", "area": 24855.389348742963, "roundabout": false}, "geometry": {"type": "Polygon", "coordinates": [[[19.016445799999993, 47.41996060000003], [19.016523599999992, 47.4197583], [19.0165665, 47.41969620000004], [19.016607800000003, 47.41965210000001], [19.016911899999997, 47.41940900000005], [19.016426799999998, 47.41911160000003], [19.015360600000005, 47.419887800000005], [19.01508399999999, 47.42007560000007], [19.014958399999998, 47.42013770000002], [19.01485630000001, 47.420162200000064], [19.014729600000003, 47.420161900000025], [19.0145404, 47.420117600000054], [19.013823299999995, 47.420843700000034], [19.01376589999999, 47.42089350000005], [19.0134455, 47.42118240000006], [19.013326199999998, 47.42129340000002], [19.01320139999999, 47.42142820000001], [19.013289799999992, 47.42144390000003], [19.0133469, 47.42145010000003], [19.0134354, 47.42145010000002], [19.013558200000006, 47.4214393], [19.014512600000003, 47.42126140000001], [19.014816399999997, 47.42118000000003], [19.0151602, 47.421019900000026], [19.015640199999996, 47.42079460000005], [19.01587569999999, 47.420642300000026], [19.0161206, 47.42043740000003], [19.0162881, 47.42025259999998], [19.016445799999993, 47.41996060000003]]]}}, {"id": "186", "type": "Feature", "properties": {"index": 186, "n_sides": 4, "edges": "[(758, 785, 0), (785, 772, 0), (772, 708, 0), (708, 683, 0), (683, 758, 0)]", "area": 20167.347268906327, "roundabout": false}, "geometry": {"type": "Polygon", "coordinates": [[[19.014909799999998, 47.42188850000001], [19.0161517, 47.4215595], [19.015640199999996, 47.42079460000005], [19.0151602, 47.421019900000026], [19.014816399999997, 47.42118000000003], [19.014512600000003, 47.42126140000001], [19.013558200000006, 47.4214393], [19.0134354, 47.42145010000002], [19.0133469, 47.42145010000003], [19.013289799999992, 47.42144390000003], [19.01320139999999, 47.42142820000001], [19.01306689999999, 47.4215757], [19.012410999999997, 47.42240150000004], [19.014909799999998, 47.42188850000001]]]}}, {"id": "187", "type": "Feature", "properties": {"index": 187, "n_sides": 3, "edges": "[(788, 820, 0), (820, 774, 0), (774, 788, 0)]", "area": 27746.46641227418, "roundabout": false}, "geometry": {"type": "Polygon", "coordinates": [[[19.018755300000002, 47.4356368], [19.018827699999992, 47.43551299999999], [19.019127999999995, 47.435090100000046], [19.0191759, 47.43501990000004], [19.0192119, 47.43492840000001], [19.019516199999998, 47.433892699999994], [19.019550199999994, 47.43375770000003], [19.019561199999995, 47.433713800000014], [19.01947059999999, 47.433674500000016], [19.019278599999996, 47.43361320000002], [19.019036299999993, 47.433569400000025], [19.018309499999994, 47.4334506], [19.017949099999992, 47.433442900000045], [19.017944199999995, 47.43347280000004], [19.017816899999996, 47.434257400000014], [19.017764299999996, 47.43441490000003], [19.017700599999994, 47.43460650000003], [19.0176238, 47.43480990000004], [19.0173944, 47.43535020000004], [19.0173116, 47.435566300000026], [19.01734160000001, 47.435606200000024], [19.0174146, 47.43561210000004], [19.017702699999994, 47.43559180000005], [19.0180724, 47.43557550000004], [19.0182423, 47.435582500000024], [19.018610000000006, 47.435614600000015], [19.018755300000002, 47.4356368]]]}}, {"id": "188", "type": "Feature", "properties": {"index": 188, "n_sides": 3, "edges": "[(788, 776, 0), (776, 781, 0), (781, 814, 0), (814, 861, 0), (861, 820, 0), (820, 788, 0)]", "area": 39672.057774220535, "roundabout": false}, "geometry": {"type": "Polygon", "coordinates": [[[19.018755300000002, 47.4356368], [19.018662500000005, 47.435848200000045], [19.0186107, 47.4359661], [19.018554799999997, 47.43611590000003], [19.018524900000003, 47.43622990000003], [19.0185193, 47.43633080000006], [19.018522, 47.43640540000002], [19.018524600000003, 47.43644890000002], [19.018530900000002, 47.4364778], [19.01854359999999, 47.43653610000005], [19.0186759, 47.43652910000006], [19.01973910000001, 47.43653789999999], [19.019836100000003, 47.43651860000004], [19.0199748, 47.43647030000001], [19.0200672, 47.43640440000001], [19.0201764, 47.43631780000003], [19.020343299999993, 47.436222499999985], [19.020508099999994, 47.43608090000003], [19.020575700000002, 47.43601020000002], [19.020617700000003, 47.43592990000004], [19.0206353, 47.43586720000006], [19.020664, 47.43555060000007], [19.0206862, 47.43545379999999], [19.020897599999998, 47.43460430000003], [19.021103899999993, 47.43396060000004], [19.021173499999996, 47.43374330000007], [19.0208256, 47.43373910000005], [19.020098000000004, 47.4337792], [19.01987, 47.43378100000005], [19.019765699999997, 47.43377870000001], [19.019561199999995, 47.433713800000014], [19.019550199999994, 47.43375770000003], [19.019516199999998, 47.433892699999994], [19.0192119, 47.43492840000001], [19.0191759, 47.43501990000004], [19.019127999999995, 47.435090100000046], [19.018827699999992, 47.43551299999999], [19.018755300000002, 47.4356368]]]}}, {"id": "189", "type": "Feature", "properties": {"index": 189, "n_sides": 6, "edges": "[(788, 774, 0), (774, 742, 0), (742, 716, 0), (716, 702, 0), (702, 723, 0), (723, 776, 0), (776, 788, 0)]", "area": 49560.142484094365, "roundabout": false}, "geometry": {"type": "Polygon", "coordinates": [[[19.018755300000002, 47.4356368], [19.018610000000006, 47.435614600000015], [19.0182423, 47.435582500000024], [19.0180724, 47.43557550000004], [19.017702699999994, 47.43559180000005], [19.0174146, 47.43561210000004], [19.01734160000001, 47.435606200000024], [19.0173116, 47.435566300000026], [19.0173944, 47.43535020000004], [19.0176238, 47.43480990000004], [19.017700599999994, 47.43460650000003], [19.017764299999996, 47.43441490000003], [19.017816899999996, 47.434257400000014], [19.017944199999995, 47.43347280000004], [19.017949099999992, 47.433442900000045], [19.017438, 47.43345850000001], [19.016719099999996, 47.43348040000006], [19.0164752, 47.43349530000003], [19.016469799999992, 47.43352520000001], [19.016414399999995, 47.43384370000003], [19.0164234, 47.43400060000003], [19.016436700000003, 47.434101000000005], [19.016423699999994, 47.43423350000002], [19.0163818, 47.4344351], [19.016304000000005, 47.43467730000004], [19.016112499999995, 47.435191999999994], [19.016042100000004, 47.435456], [19.015970499999995, 47.43568730000003], [19.015979499999993, 47.43573320000002], [19.0158131, 47.4362598], [19.015765100000003, 47.436411800000045], [19.0157143, 47.43657280000006], [19.0157085, 47.436591100000044], [19.015688600000004, 47.43665399999997], [19.0158436, 47.43666690000004], [19.016503299999993, 47.43672540000001], [19.016761699999996, 47.43674119999999], [19.017021700000004, 47.43673660000002], [19.017229900000004, 47.43671710000004], [19.01854359999999, 47.43653610000005], [19.018530900000002, 47.4364778], [19.018524600000003, 47.43644890000002], [19.018522, 47.43640540000002], [19.0185193, 47.43633080000006], [19.018524900000003, 47.43622990000003], [19.018554799999997, 47.43611590000003], [19.0186107, 47.4359661], [19.018662500000005, 47.435848200000045], [19.018755300000002, 47.4356368]]]}}, {"id": "190", "type": "Feature", "properties": {"index": 190, "n_sides": 3, "edges": "[(820, 857, 0), (857, 700, 0), (700, 694, 0), (694, 711, 0), (711, 742, 0), (742, 774, 0), (774, 820, 0)]", "area": 57097.193245569135, "roundabout": false}, "geometry": {"type": "Polygon", "coordinates": [[[19.019561199999995, 47.433713800000014], [19.020010200000005, 47.43314860000003], [19.02008739999999, 47.433026799999986], [19.020240999999984, 47.432760200000025], [19.0207151, 47.431945100000036], [19.0207655, 47.431827900000016], [19.020109599999994, 47.43190480000002], [19.019855299999993, 47.431911100000015], [19.019783800000003, 47.43191290000003], [19.019201600000002, 47.43188390000002], [19.018620699999992, 47.43187590000003], [19.018221799999996, 47.43188410000005], [19.0178313, 47.431948899999995], [19.0177243, 47.43197229999999], [19.017547699999998, 47.43201100000003], [19.0173381, 47.432077199999995], [19.017137099999996, 47.43216240000005], [19.016834100000004, 47.4323361], [19.016499300000007, 47.43249090000005], [19.01564929999999, 47.432884099999995], [19.0153772, 47.43304170000003], [19.01517929999999, 47.43323240000003], [19.014912299999995, 47.433541600000005], [19.014740399999994, 47.43376500000001], [19.015371599999998, 47.433635600000024], [19.0157464, 47.4335716], [19.0158768, 47.433555800000036], [19.016269500000007, 47.43350840000006], [19.0164752, 47.43349530000003], [19.016719099999996, 47.43348040000006], [19.017438, 47.43345850000001], [19.017949099999992, 47.433442900000045], [19.018309499999994, 47.4334506], [19.019036299999993, 47.433569400000025], [19.019278599999996, 47.43361320000002], [19.01947059999999, 47.433674500000016], [19.019561199999995, 47.433713800000014]]]}}, {"id": "191", "type": "Feature", "properties": {"index": 191, "n_sides": 3, "edges": "[(776, 723, 0), (723, 732, 0), (732, 781, 0), (781, 776, 0)]", "area": 19639.2143956117, "roundabout": false}, "geometry": {"type": "Polygon", "coordinates": [[[19.01854359999999, 47.43653610000005], [19.017229900000004, 47.43671710000004], [19.017021700000004, 47.43673660000002], [19.016761699999996, 47.43674119999999], [19.016503299999993, 47.43672540000001], [19.016528400000002, 47.43678360000001], [19.016577099999992, 47.43689630000007], [19.01671539999999, 47.43721650000004], [19.0171838, 47.4377019], [19.017455900000005, 47.43797930000007], [19.017496999999995, 47.438008600000046], [19.0175293, 47.438021400000004], [19.017587100000004, 47.43802730000006], [19.0176577, 47.43803020000002], [19.017762099999995, 47.437995600000015], [19.0188388, 47.43741650000005], [19.018867, 47.43739770000004], [19.018907299999995, 47.437364599999995], [19.0189396, 47.43732510000007], [19.018962999999996, 47.4372874], [19.018968399999995, 47.437244200000016], [19.0189565, 47.43716830000004], [19.018693999999996, 47.436570200000034], [19.0186759, 47.43652910000006], [19.01854359999999, 47.43653610000005]]]}}, {"id": "193", "type": "Feature", "properties": {"index": 193, "n_sides": 6, "edges": "[(852, 862, 0), (862, 926, 0), (926, 936, 0), (936, 954, 0), (954, 943, 0), (943, 908, 0), (908, 878, 0), (878, 852, 0)]", "area": 21841.533315670516, "roundabout": false}, "geometry": {"type": "Polygon", "coordinates": [[[19.017290799999998, 47.41360360000006], [19.0173245, 47.41363930000005], [19.01770489999999, 47.41389200000003], [19.01777119999999, 47.413945400000024], [19.01781949999999, 47.41400280000002], [19.017885587594584, 47.41412329959033], [19.0182771, 47.41402360000001], [19.0185807, 47.41403460000001], [19.018655299999992, 47.41404790000002], [19.018711599999993, 47.41407360000003], [19.019549299999998, 47.41473930000006], [19.019641200000006, 47.41479980000004], [19.019735899999993, 47.41484660000003], [19.019823399999996, 47.41487189999998], [19.0198939, 47.41488089999999], [19.019966999999994, 47.41488489999999], [19.020088099999995, 47.414888100000034], [19.020307399999997, 47.4148834], [19.0204206, 47.41489420000002], [19.020578899999997, 47.414927700000064], [19.020720299999997, 47.41496640000003], [19.020853000000002, 47.415019000000036], [19.021044000000003, 47.41510159999999], [19.021125900000005, 47.4151393], [19.0215312, 47.41482440000002], [19.021451999999993, 47.414782600000045], [19.021225899999997, 47.41466350000004], [19.021075000000007, 47.41468330000003], [19.020810999999988, 47.414715800000025], [19.0206823, 47.41470770000006], [19.0205669, 47.41467070000003], [19.020438600000002, 47.41458400000003], [19.0198422, 47.414251800000024], [19.01968, 47.41414790000007], [19.019456999999996, 47.413937300000015], [19.019413799999995, 47.413899000000036], [19.0191808, 47.41368550000003], [19.019111399999993, 47.413616400000066], [19.018939399999994, 47.413407600000056], [19.018850799999996, 47.413307999999994], [19.0186297, 47.41305939999999], [19.018429400000002, 47.41285050000001], [19.018361299999995, 47.41280830000005], [19.018285, 47.41277550000003], [19.018211100000006, 47.41287460000003], [19.018122499999997, 47.41296560000002], [19.01790389999999, 47.41316860000002], [19.017524699999996, 47.41348770000004], [19.017455999999996, 47.41352980000002], [19.017369700000003, 47.41357470000005], [19.017290799999998, 47.41360360000006]]]}}, {"id": "194", "type": "Feature", "properties": {"index": 194, "n_sides": 4, "edges": "[(852, 848, 0), (848, 799, 0), (799, 790, 0), (790, 843, 0), (843, 849, 0), (849, 877, 0), (877, 862, 0), (862, 852, 0)]", "area": 46387.951148559434, "roundabout": false}, "geometry": {"type": "Polygon", "coordinates": [[[19.017290799999998, 47.41360360000006], [19.017126099999995, 47.413642300000035], [19.016946999999995, 47.41368720000002], [19.016839099999988, 47.413724900000055], [19.016751899999992, 47.41376850000001], [19.0166916, 47.41380160000003], [19.016637000000003, 47.4138369], [19.016549200000004, 47.41391369999999], [19.015499800000004, 47.41496390000002], [19.015377700000002, 47.41508270000004], [19.0152875, 47.41517050000004], [19.015344900000006, 47.415224500000015], [19.015824500000004, 47.41567910000003], [19.0159544, 47.4157866], [19.016082600000004, 47.41585840000001], [19.016222100000007, 47.41591829999999], [19.0173124, 47.41625870000003], [19.017498700000008, 47.416305300000005], [19.0177132, 47.41635900000005], [19.017958000000004, 47.41616430000007], [19.018184799999997, 47.41593490000004], [19.018389799999998, 47.4156242], [19.018679399999996, 47.41518509999998], [19.018581099999995, 47.415093200000044], [19.018320700000004, 47.41483710000005], [19.018263, 47.41476300000003], [19.0179361, 47.414215400000046], [19.017885587594584, 47.41412329959033], [19.01781949999999, 47.41400280000002], [19.01777119999999, 47.413945400000024], [19.01770489999999, 47.41389200000003], [19.0173245, 47.41363930000005], [19.017290799999998, 47.41360360000006]]]}}, {"id": "195", "type": "Feature", "properties": {"index": 195, "n_sides": 5, "edges": "[(852, 878, 0), (878, 895, 0), (895, 900, 0), (900, 873, 0), (873, 818, 0), (818, 848, 0), (848, 852, 0)]", "area": 42147.66714871038, "roundabout": false}, "geometry": {"type": "Polygon", "coordinates": [[[19.017290799999998, 47.41360360000006], [19.017369700000003, 47.41357470000005], [19.017455999999996, 47.41352980000002], [19.017524699999996, 47.41348770000004], [19.01790389999999, 47.41316860000002], [19.018122499999997, 47.41296560000002], [19.018211100000006, 47.41287460000003], [19.018285, 47.41277550000003], [19.018317400000004, 47.41270410000005], [19.018385100000003, 47.41251220000004], [19.018424299999996, 47.41240169999999], [19.0184707, 47.412289800000025], [19.0185209, 47.412198399999994], [19.018572199999994, 47.4121342], [19.01850769999999, 47.41209120000003], [19.01821109999999, 47.4118935], [19.018163500000004, 47.41188030000003], [19.018119699999996, 47.41189460000003], [19.01754319999999, 47.41236270000004], [19.0174989, 47.41237180000004], [19.0174526, 47.41236219999999], [19.016972600000006, 47.412119000000025], [19.0169578, 47.412094500000045], [19.016967600000008, 47.4120701], [19.018581799999996, 47.410555399999986], [19.017561699999998, 47.41014690000003], [19.0161055, 47.411477800000014], [19.01569659999999, 47.41188940000001], [19.01578800000001, 47.411946800000045], [19.01586799999999, 47.41202450000006], [19.016137499999996, 47.41255050000004], [19.0162158, 47.41266210000003], [19.0162988, 47.412767500000065], [19.016409999999997, 47.412896300000035], [19.0165481, 47.41304970000003], [19.01707229999999, 47.41358720000004], [19.017126099999995, 47.413642300000035], [19.017290799999998, 47.41360360000006]]]}}, {"id": "196", "type": "Feature", "properties": {"index": 196, "n_sides": 4, "edges": "[(862, 877, 0), (877, 912, 0), (912, 928, 0), (928, 926, 0), (926, 862, 0)]", "area": 19076.251275416445, "roundabout": false}, "geometry": {"type": "Polygon", "coordinates": [[[19.017885587594584, 47.41412329959033], [19.0179361, 47.414215400000046], [19.018263, 47.41476300000003], [19.018320700000004, 47.41483710000005], [19.018581099999995, 47.415093200000044], [19.018679399999996, 47.41518509999998], [19.018802500000003, 47.41527950000005], [19.018928399999997, 47.415355900000016], [19.019973000000007, 47.415925200000025], [19.020048899999992, 47.4159567], [19.020696099999995, 47.415472900000005], [19.020606299999997, 47.415447500000035], [19.020490500000008, 47.41541479999998], [19.020320799999997, 47.4153669], [19.020260999999998, 47.41532640000006], [19.020215999999998, 47.415279500000054], [19.020206200000004, 47.41523850000006], [19.0203787, 47.4149614], [19.0204206, 47.41489420000002], [19.020307399999997, 47.4148834], [19.020088099999995, 47.414888100000034], [19.019966999999994, 47.41488489999999], [19.0198939, 47.41488089999999], [19.019823399999996, 47.41487189999998], [19.019735899999993, 47.41484660000003], [19.019641200000006, 47.41479980000004], [19.019549299999998, 47.41473930000006], [19.018711599999993, 47.41407360000003], [19.018655299999992, 47.41404790000002], [19.0185807, 47.41403460000001], [19.0182771, 47.41402360000001], [19.017885587594584, 47.41412329959033]]]}}, {"id": "197", "type": "Feature", "properties": {"index": 197, "n_sides": 4, "edges": "[(878, 908, 0), (908, 1001, 0), (1001, 959, 0), (959, 931, 0), (931, 895, 0), (895, 878, 0)]", "area": 57716.994832873315, "roundabout": false}, "geometry": {"type": "Polygon", "coordinates": [[[19.018285, 47.41277550000003], [19.018361299999995, 47.41280830000005], [19.018429400000002, 47.41285050000001], [19.0186297, 47.41305939999999], [19.018850799999996, 47.413307999999994], [19.018939399999994, 47.413407600000056], [19.019111399999993, 47.413616400000066], [19.0191808, 47.41368550000003], [19.019413799999995, 47.413899000000036], [19.019646100000003, 47.413773300000024], [19.019751099999993, 47.41373260000002], [19.019886000000003, 47.41370950000003], [19.019943500000007, 47.41367830000004], [19.020949999999992, 47.4125379], [19.021369200000002, 47.412066400000036], [19.0223745, 47.41091900000001], [19.022401799999997, 47.41088780000001], [19.022513, 47.41076100000001], [19.022354299999993, 47.41071110000004], [19.02212610000001, 47.41063930000002], [19.021304100000002, 47.410380800000034], [19.0211239, 47.41032240000003], [19.021015799999994, 47.410287300000036], [19.02093339682297, 47.410260578446405], [19.0207287, 47.41054920000003], [19.020586599999994, 47.41070070000005], [19.020374199999996, 47.410885400000026], [19.0202187, 47.41100909999999], [19.020053800000003, 47.41113000000005], [19.018968799999993, 47.41185], [19.01875219999999, 47.41199440000004], [19.018656999999994, 47.4120623], [19.018572199999994, 47.4121342], [19.0185209, 47.412198399999994], [19.0184707, 47.412289800000025], [19.018424299999996, 47.41240169999999], [19.018385100000003, 47.41251220000004], [19.018317400000004, 47.41270410000005], [19.018285, 47.41277550000003]]]}}, {"id": "198", "type": "Feature", "properties": {"index": 198, "n_sides": 5, "edges": "[(799, 848, 0), (848, 818, 0), (818, 813, 0), (813, 768, 0), (768, 765, 0), (765, 770, 0), (770, 799, 0)]", "area": 48781.66708248896, "roundabout": false}, "geometry": {"type": "Polygon", "coordinates": [[[19.015499800000004, 47.41496390000002], [19.016549200000004, 47.41391369999999], [19.016637000000003, 47.4138369], [19.0166916, 47.41380160000003], [19.016751899999992, 47.41376850000001], [19.016839099999988, 47.413724900000055], [19.016946999999995, 47.41368720000002], [19.017126099999995, 47.413642300000035], [19.01707229999999, 47.41358720000004], [19.0165481, 47.41304970000003], [19.016409999999997, 47.412896300000035], [19.0162988, 47.412767500000065], [19.0162158, 47.41266210000003], [19.016137499999996, 47.41255050000004], [19.01586799999999, 47.41202450000006], [19.01578800000001, 47.411946800000045], [19.01569659999999, 47.41188940000001], [19.01543089999999, 47.41172530000003], [19.0151627, 47.41198789999998], [19.0140802, 47.41311700000003], [19.01404159999999, 47.41313960000006], [19.01398659999999, 47.41314670000001], [19.013981200000003, 47.41382380000005], [19.013995099999995, 47.41405730000003], [19.0140078, 47.41419500000002], [19.014068299999998, 47.414315300000005], [19.01416, 47.414400000000015], [19.0142509, 47.41446470000003], [19.0143554, 47.41452990000006], [19.014472099999995, 47.41459150000001], [19.0146283, 47.41466140000006], [19.0148053, 47.41473270000004], [19.01493269999999, 47.414778100000035], [19.01508340000001, 47.414823100000056], [19.015252600000004, 47.41487470000002], [19.015414900000003, 47.414933300000044], [19.015499800000004, 47.41496390000002]]]}}, {"id": "199", "type": "Feature", "properties": {"index": 199, "n_sides": 3, "edges": "[(799, 770, 0), (770, 733, 0), (733, 740, 0), (740, 786, 0), (786, 790, 0), (790, 799, 0)]", "area": 15055.403603503697, "roundabout": false}, "geometry": {"type": "Polygon", "coordinates": [[[19.015499800000004, 47.41496390000002], [19.015414900000003, 47.414933300000044], [19.015252600000004, 47.41487470000002], [19.01508340000001, 47.414823100000056], [19.01493269999999, 47.414778100000035], [19.0148053, 47.41473270000004], [19.0146283, 47.41466140000006], [19.014472099999995, 47.41459150000001], [19.0129628, 47.41575640000001], [19.013397199999993, 47.41600950000001], [19.01352819999999, 47.416067000000005], [19.0136499, 47.41608570000004], [19.013770699999988, 47.416080600000036], [19.013881299999998, 47.41605850000002], [19.014006499999997, 47.416021700000066], [19.014116999999995, 47.41597339999998], [19.014617699999995, 47.41564310000002], [19.015076399999995, 47.415337700000045], [19.0151835, 47.41525860000006], [19.0152875, 47.41517050000004], [19.015377700000002, 47.41508270000004], [19.015499800000004, 47.41496390000002]]]}}, {"id": "200", "type": "Feature", "properties": {"index": 200, "n_sides": 5, "edges": "[(912, 877, 0), (877, 849, 0), (849, 851, 0), (851, 870, 0), (870, 872, 0), (872, 904, 0), (904, 912, 0)]", "area": 17805.184749904507, "roundabout": false}, "geometry": {"type": "Polygon", "coordinates": [[[19.020048899999992, 47.4159567], [19.019973000000007, 47.415925200000025], [19.018928399999997, 47.415355900000016], [19.018802500000003, 47.41527950000005], [19.018679399999996, 47.41518509999998], [19.018389799999998, 47.4156242], [19.018184799999997, 47.41593490000004], [19.017958000000004, 47.41616430000007], [19.0177132, 47.41635900000005], [19.017793899999994, 47.416527800000004], [19.018128200000003, 47.416864000000025], [19.0182827, 47.4169275], [19.018520999999996, 47.41697960000003], [19.018611599999996, 47.4170018], [19.018676699999993, 47.41696160000004], [19.019639499999993, 47.41625910000003], [19.020048899999992, 47.4159567]]]}}, {"id": "201", "type": "Feature", "properties": {"index": 201, "n_sides": 4, "edges": "[(912, 937, 0), (937, 952, 0), (952, 967, 0), (967, 954, 0), (954, 936, 0), (936, 928, 0), (928, 912, 0)]", "area": 15021.55207832624, "roundabout": false}, "geometry": {"type": "Polygon", "coordinates": [[[19.020048899999992, 47.4159567], [19.020139699999987, 47.41597910000002], [19.021425599999993, 47.4165273], [19.021724300000002, 47.4160475], [19.021866400000004, 47.41582739999999], [19.022123099999995, 47.41542870000002], [19.022184099999993, 47.4153734], [19.02227020000001, 47.41532640000006], [19.0216091, 47.414877300000015], [19.0215312, 47.41482440000002], [19.021125900000005, 47.4151393], [19.020696099999995, 47.415472900000005], [19.020048899999992, 47.4159567]]]}}, {"id": "202", "type": "Feature", "properties": {"index": 202, "n_sides": 4, "edges": "[(912, 904, 0), (904, 923, 0), (923, 937, 0), (937, 912, 0)]", "area": 7566.057844944859, "roundabout": false}, "geometry": {"type": "Polygon", "coordinates": [[[19.020048899999992, 47.4159567], [19.019639499999993, 47.41625910000003], [19.019694399999995, 47.41630130000002], [19.020644899999997, 47.417031800000004], [19.021372200000002, 47.416590300000024], [19.021425599999993, 47.4165273], [19.020139699999987, 47.41597910000002], [19.020048899999992, 47.4159567]]]}}, {"id": "203", "type": "Feature", "properties": {"index": 203, "n_sides": 3, "edges": "[(936, 926, 0), (926, 928, 0), (928, 936, 0)]", "area": 2626.0760765260243, "roundabout": false}, "geometry": {"type": "Polygon", "coordinates": [[[19.021125900000005, 47.4151393], [19.021044000000003, 47.41510159999999], [19.020853000000002, 47.415019000000036], [19.020720299999997, 47.41496640000003], [19.020578899999997, 47.414927700000064], [19.0204206, 47.41489420000002], [19.0203787, 47.4149614], [19.020206200000004, 47.41523850000006], [19.020215999999998, 47.415279500000054], [19.020260999999998, 47.41532640000006], [19.020320799999997, 47.4153669], [19.020490500000008, 47.41541479999998], [19.020606299999997, 47.415447500000035], [19.020696099999995, 47.415472900000005], [19.021125900000005, 47.4151393]]]}}, {"id": "204", "type": "Feature", "properties": {"index": 204, "n_sides": 5, "edges": "[(851, 849, 0), (849, 843, 0), (843, 828, 0), (828, 796, 0), (796, 803, 0), (803, 815, 0), (815, 837, 0), (837, 850, 0), (850, 870, 0), (870, 851, 0)]", "area": 23934.128798203303, "roundabout": false}, "geometry": {"type": "Polygon", "coordinates": [[[19.017793899999994, 47.416527800000004], [19.0177132, 47.41635900000005], [19.017498700000008, 47.416305300000005], [19.0173124, 47.41625870000003], [19.016763300000004, 47.4171597], [19.0164892, 47.417609400000046], [19.016399899999996, 47.41771960000002], [19.015966599999995, 47.41818330000001], [19.015676799999998, 47.41852150000001], [19.015686399999996, 47.418567900000056], [19.016127899999997, 47.418783800000035], [19.016208200000005, 47.41882310000001], [19.016720299999992, 47.418503900000005], [19.0169144, 47.41838910000001], [19.0171631, 47.41820110000001], [19.017376, 47.41800040000002], [19.01796149999999, 47.41753149999999], [19.018611599999996, 47.4170018], [19.018520999999996, 47.41697960000003], [19.0182827, 47.4169275], [19.018128200000003, 47.416864000000025], [19.017793899999994, 47.416527800000004]]]}}, {"id": "205", "type": "Feature", "properties": {"index": 205, "n_sides": 4, "edges": "[(959, 902, 0), (902, 873, 0), (873, 900, 0), (900, 931, 0), (931, 959, 0)]", "area": 24792.100267797658, "roundabout": false}, "geometry": {"type": "Polygon", "coordinates": [[[19.02093339682297, 47.410260578446405], [19.020897999999995, 47.410249099999994], [19.02079559999999, 47.4102159], [19.020636699999994, 47.410164300000034], [19.020150599999994, 47.40998820000007], [19.01920979999999, 47.40964750000004], [19.018418000000004, 47.409337000000015], [19.018315000000005, 47.40943860000002], [19.018297400000005, 47.409456000000056], [19.017561699999998, 47.41014690000003], [19.018581799999996, 47.410555399999986], [19.019946099999995, 47.411088000000014], [19.020053800000003, 47.41113000000005], [19.0202187, 47.41100909999999], [19.020374199999996, 47.410885400000026], [19.020586599999994, 47.41070070000005], [19.0207287, 47.41054920000003], [19.02093339682297, 47.410260578446405]]]}}, {"id": "206", "type": "Feature", "properties": {"index": 206, "n_sides": 4, "edges": "[(902, 858, 0), (858, 769, 0), (769, 787, 0), (787, 792, 0), (792, 813, 0), (813, 818, 0), (818, 873, 0), (873, 902, 0)]", "area": 59459.46722324787, "roundabout": false}, "geometry": {"type": "Polygon", "coordinates": [[[19.018418000000004, 47.409337000000015], [19.017696700000002, 47.40905130000001], [19.0173158, 47.40889800000005], [19.017010099999993, 47.40876080000005], [19.016856299999997, 47.40868279999999], [19.016706199999998, 47.408598500000004], [19.016585899999995, 47.40867550000005], [19.016540900000003, 47.40870440000002], [19.016186699999995, 47.40894690000001], [19.015704199999995, 47.40928850000001], [19.015148, 47.40963730000004], [19.014792200000002, 47.40984920000004], [19.014538299999998, 47.41000360000001], [19.0136429, 47.41053600000005], [19.014313799999996, 47.4109435], [19.0145193, 47.41108540000002], [19.014699899999993, 47.41121620000002], [19.0151029, 47.41150690000004], [19.01543089999999, 47.41172530000003], [19.01569659999999, 47.41188940000001], [19.0161055, 47.411477800000014], [19.017561699999998, 47.41014690000003], [19.018297400000005, 47.409456000000056], [19.018315000000005, 47.40943860000002], [19.018418000000004, 47.409337000000015]]]}}, {"id": "207", "type": "Feature", "properties": {"index": 207, "n_sides": 5, "edges": "[(1001, 908, 0), (908, 943, 0), (943, 935, 0), (935, 968, 0), (968, 985, 0), (985, 1004, 0), (1004, 1015, 0), (1015, 1041, 0), (1041, 1001, 0)]", "area": 52148.27257259379, "roundabout": false}, "geometry": {"type": "Polygon", "coordinates": [[[19.022513, 47.41076100000001], [19.022401799999997, 47.41088780000001], [19.0223745, 47.41091900000001], [19.021369200000002, 47.412066400000036], [19.020949999999992, 47.4125379], [19.019943500000007, 47.41367830000004], [19.019886000000003, 47.41370950000003], [19.019751099999993, 47.41373260000002], [19.019646100000003, 47.413773300000024], [19.019413799999995, 47.413899000000036], [19.019456999999996, 47.413937300000015], [19.01968, 47.41414790000007], [19.0198422, 47.414251800000024], [19.020438600000002, 47.41458400000003], [19.0205669, 47.41467070000003], [19.0206823, 47.41470770000006], [19.020810999999988, 47.414715800000025], [19.021075000000007, 47.41468330000003], [19.021225899999997, 47.41466350000004], [19.021003699999998, 47.41454560000002], [19.0219566, 47.413421900000024], [19.022418000000002, 47.41288600000004], [19.02286869999999, 47.41234960000001], [19.023317000000006, 47.41181210000002], [19.023767399999993, 47.41127910000001], [19.023862500000007, 47.411161300000025], [19.023012099999995, 47.41091629999999], [19.022632499999997, 47.41079820000001], [19.022513, 47.41076100000001]]]}}, {"id": "208", "type": "Feature", "properties": {"index": 208, "n_sides": 3, "edges": "[(895, 931, 0), (931, 900, 0), (900, 895, 0)]", "area": 20742.323631006628, "roundabout": false}, "geometry": {"type": "Polygon", "coordinates": [[[19.018572199999994, 47.4121342], [19.018656999999994, 47.4120623], [19.01875219999999, 47.41199440000004], [19.018968799999993, 47.41185], [19.020053800000003, 47.41113000000005], [19.019946099999995, 47.411088000000014], [19.018581799999996, 47.410555399999986], [19.016967600000008, 47.4120701], [19.0169578, 47.412094500000045], [19.016972600000006, 47.412119000000025], [19.0174526, 47.41236219999999], [19.0174989, 47.41237180000004], [19.01754319999999, 47.41236270000004], [19.018119699999996, 47.41189460000003], [19.018163500000004, 47.41188030000003], [19.01821109999999, 47.4118935], [19.01850769999999, 47.41209120000003], [19.018572199999994, 47.4121342]]]}}, {"id": "209", "type": "Feature", "properties": {"index": 209, "n_sides": 4, "edges": "[(1077, 1041, 0), (1041, 1015, 0), (1015, 1049, 0), (1049, 1077, 0)]", "area": 9510.401327796533, "roundabout": false}, "geometry": {"type": "Polygon", "coordinates": [[[19.025268599999997, 47.411349000000044], [19.0251319, 47.41133270000001], [19.024558399999993, 47.411271500000055], [19.024142099999988, 47.411218200000015], [19.023862500000007, 47.411161300000025], [19.023767399999993, 47.41127910000001], [19.023317000000006, 47.41181210000002], [19.024327199999995, 47.41219940000002], [19.0244138, 47.412232600000046], [19.02454679999999, 47.41208540000002], [19.02488629999999, 47.4117097], [19.025109799999992, 47.41146360000003], [19.025137600000004, 47.411432800000014], [19.025268599999997, 47.411349000000044]]]}}, {"id": "211", "type": "Feature", "properties": {"index": 211, "n_sides": 4, "edges": "[(1237, 1202, 0), (1202, 1147, 0), (1147, 1173, 0), (1173, 1199, 0), (1199, 1237, 0)]", "area": 27521.361266304662, "roundabout": false}, "geometry": {"type": "Polygon", "coordinates": [[[19.0324349, 47.41228890000004], [19.031239500000005, 47.41205490000003], [19.0312132, 47.41208920000003], [19.031176399999996, 47.412136900000036], [19.029333199999996, 47.41453170000002], [19.029740899999997, 47.41467640000002], [19.0302354, 47.41485200000004], [19.030298099999992, 47.4148742], [19.030690800000002, 47.41438640000005], [19.0313567, 47.413559300000045], [19.031958899999996, 47.412849799999975], [19.0321273, 47.412651200000035], [19.032366700000008, 47.41236920000004], [19.0323931, 47.4123381], [19.0324349, 47.41228890000004]]]}}, {"id": "212", "type": "Feature", "properties": {"index": 212, "n_sides": 4, "edges": "[(1237, 1199, 0), (1199, 1173, 0), (1173, 1150, 0), (1150, 1180, 0), (1180, 1200, 0), (1200, 1244, 0), (1244, 1250, 0), (1250, 1258, 0), (1258, 1273, 0), (1273, 1237, 0)]", "area": 73353.62216806118, "roundabout": false}, "geometry": {"type": "Polygon", "coordinates": [[[19.0324349, 47.41228890000004], [19.0323931, 47.4123381], [19.032366700000008, 47.41236920000004], [19.0321273, 47.412651200000035], [19.031958899999996, 47.412849799999975], [19.0313567, 47.413559300000045], [19.030690800000002, 47.41438640000005], [19.030298099999992, 47.4148742], [19.03023479999999, 47.41495290000003], [19.029990799999993, 47.41525590000004], [19.029673299999992, 47.41565020000001], [19.030257100000004, 47.41561599999999], [19.0306516, 47.41558640000003], [19.031000899999995, 47.41555330000004], [19.0317421, 47.41546930000001], [19.032108099999995, 47.415443100000026], [19.032249800000002, 47.41544079999999], [19.032607499999997, 47.415432900000006], [19.0332171, 47.41545820000005], [19.033431699999998, 47.415461800000045], [19.033488400000003, 47.41546250000002], [19.033661099999996, 47.4148201], [19.033732400000005, 47.41456500000003], [19.033859299999992, 47.41411090000001], [19.034005799999996, 47.41356100000003], [19.034087100000004, 47.413255800000016], [19.0341162, 47.413146400000045], [19.03422009999999, 47.4127562], [19.034225499999998, 47.41273569999999], [19.034246899999996, 47.41265550000003], [19.033281199999998, 47.41246020000008], [19.0329816, 47.41240000000004], [19.0324349, 47.41228890000004]]]}}, {"id": "213", "type": "Feature", "properties": {"index": 213, "n_sides": 4, "edges": "[(1049, 1015, 0), (1015, 1004, 0), (1004, 1028, 0), (1028, 1049, 0)]", "area": 6593.265512140514, "roundabout": false}, "geometry": {"type": "Polygon", "coordinates": [[[19.0244138, 47.412232600000046], [19.024327199999995, 47.41219940000002], [19.023317000000006, 47.41181210000002], [19.02286869999999, 47.41234960000001], [19.023850399999997, 47.41273880000002], [19.0239567, 47.412781500000044], [19.024382199999998, 47.41226940000003], [19.0244138, 47.412232600000046]]]}}, {"id": "214", "type": "Feature", "properties": {"index": 214, "n_sides": 4, "edges": "[(1147, 1128, 0), (1128, 1150, 0), (1150, 1173, 0), (1173, 1147, 0)]", "area": 10131.027494942442, "roundabout": false}, "geometry": {"type": "Polygon", "coordinates": [[[19.029333199999996, 47.41453170000002], [19.02849639999999, 47.41561450000001], [19.028427699999995, 47.41574130000003], [19.029366199999988, 47.41566970000006], [19.029673299999992, 47.41565020000001], [19.029990799999993, 47.41525590000004], [19.03023479999999, 47.41495290000003], [19.030298099999992, 47.4148742], [19.0302354, 47.41485200000004], [19.029740899999997, 47.41467640000002], [19.029333199999996, 47.41453170000002]]]}}, {"id": "215", "type": "Feature", "properties": {"index": 215, "n_sides": 4, "edges": "[(1147, 1126, 0), (1126, 1097, 0), (1097, 1108, 0), (1108, 1128, 0), (1128, 1147, 0)]", "area": 19867.234166603375, "roundabout": false}, "geometry": {"type": "Polygon", "coordinates": [[[19.029333199999996, 47.41453170000002], [19.0280094, 47.41407290000003], [19.026798799999995, 47.415854500000044], [19.0268915, 47.415846499999994], [19.027318799999996, 47.41580970000004], [19.028427699999995, 47.41574130000003], [19.02849639999999, 47.41561450000001], [19.029333199999996, 47.41453170000002]]]}}, {"id": "216", "type": "Feature", "properties": {"index": 216, "n_sides": 4, "edges": "[(1150, 1128, 0), (1128, 1115, 0), (1115, 1149, 0), (1149, 1150, 0)]", "area": 10325.887721154395, "roundabout": false}, "geometry": {"type": "Polygon", "coordinates": [[[19.029673299999992, 47.41565020000001], [19.029366199999988, 47.41566970000006], [19.028427699999995, 47.41574130000003], [19.0283697, 47.41585870000006], [19.028007100000004, 47.41645860000002], [19.028462899999997, 47.416577000000025], [19.028520399999994, 47.41658500000003], [19.028781399999993, 47.41660910000006], [19.028899699999993, 47.41661400000004], [19.0290235, 47.41661380000004], [19.029137200000005, 47.41661120000004], [19.029234099999996, 47.41659710000004], [19.0297718, 47.416489500000004], [19.029743499999995, 47.41643100000005], [19.029628499999994, 47.4161935], [19.029485000000005, 47.41589700000005], [19.029673299999992, 47.41565020000001]]]}}, {"id": "217", "type": "Feature", "properties": {"index": 217, "n_sides": 5, "edges": "[(1150, 1149, 0), (1149, 1152, 0), (1152, 1168, 0), (1168, 1185, 0), (1185, 1193, 0), (1193, 1204, 0), (1204, 1233, 0), (1233, 1249, 0), (1249, 1246, 0), (1246, 1244, 0), (1244, 1200, 0), (1200, 1180, 0), (1180, 1150, 0)]", "area": 54300.48634564717, "roundabout": false}, "geometry": {"type": "Polygon", "coordinates": [[[19.029673299999992, 47.41565020000001], [19.029485000000005, 47.41589700000005], [19.029628499999994, 47.4161935], [19.029743499999995, 47.41643100000005], [19.0297718, 47.416489500000004], [19.029795300000007, 47.416538100000025], [19.029852699999996, 47.41665660000006], [19.029940500000002, 47.416838], [19.0304878, 47.41689330000004], [19.030553799999993, 47.416900500000025], [19.0311852, 47.416969500000015], [19.031309099999994, 47.41699979999999], [19.031405400000004, 47.41703810000003], [19.031486300000005, 47.417088300000025], [19.0315705, 47.41715659999997], [19.0316479, 47.41722640000005], [19.032112700000006, 47.41769110000003], [19.032135799999995, 47.417714200000006], [19.0322641, 47.41783590000001], [19.03231039999999, 47.41789240000004], [19.03299, 47.41771150000002], [19.033094299999988, 47.417673600000036], [19.033187199999997, 47.41762620000004], [19.033440600000002, 47.417464699999975], [19.0336824, 47.41728180000002], [19.0337508, 47.417235500000054], [19.033544400000004, 47.416773100000036], [19.033156, 47.416256800000035], [19.033118, 47.416201400000006], [19.0330924, 47.4161465], [19.03308429999999, 47.41609310000002], [19.0332171, 47.41545820000005], [19.032607499999997, 47.415432900000006], [19.032249800000002, 47.41544079999999], [19.032108099999995, 47.415443100000026], [19.0317421, 47.41546930000001], [19.031000899999995, 47.41555330000004], [19.0306516, 47.41558640000003], [19.030257100000004, 47.41561599999999], [19.029673299999992, 47.41565020000001]]]}}, {"id": "218", "type": "Feature", "properties": {"index": 218, "n_sides": 4, "edges": "[(1128, 1108, 0), (1108, 1100, 0), (1100, 1111, 0), (1111, 1115, 0), (1115, 1128, 0)]", "area": 7654.117097941245, "roundabout": false}, "geometry": {"type": "Polygon", "coordinates": [[[19.028427699999995, 47.41574130000003], [19.027318799999996, 47.41580970000004], [19.027366399999988, 47.416030600000006], [19.0273668, 47.416061700000064], [19.0273564, 47.41609890000004], [19.027032799999994, 47.41666670000004], [19.027640900000005, 47.416889700000006], [19.027737999999992, 47.416916400000005], [19.028007100000004, 47.41645860000002], [19.0283697, 47.41585870000006], [19.028427699999995, 47.41574130000003]]]}}, {"id": "219", "type": "Feature", "properties": {"index": 219, "n_sides": 4, "edges": "[(1152, 1149, 0), (1149, 1115, 0), (1115, 1111, 0), (1111, 1152, 0)]", "area": 5329.569465675963, "roundabout": false}, "geometry": {"type": "Polygon", "coordinates": [[[19.029940500000002, 47.416838], [19.029852699999996, 47.41665660000006], [19.029795300000007, 47.416538100000025], [19.0297718, 47.416489500000004], [19.029234099999996, 47.41659710000004], [19.029137200000005, 47.41661120000004], [19.0290235, 47.41661380000004], [19.028899699999993, 47.41661400000004], [19.028781399999993, 47.41660910000006], [19.028520399999994, 47.41658500000003], [19.028462899999997, 47.416577000000025], [19.028007100000004, 47.41645860000002], [19.027737999999992, 47.416916400000005], [19.0282157, 47.416898100000026], [19.029566700000004, 47.416846300000046], [19.029664199999996, 47.41684299999999], [19.02972799999999, 47.41684050000001], [19.029940500000002, 47.416838]]]}}, {"id": "220", "type": "Feature", "properties": {"index": 220, "n_sides": 4, "edges": "[(1152, 1111, 0), (1111, 1107, 0), (1107, 1171, 0), (1171, 1168, 0), (1168, 1152, 0)]", "area": 18470.52984001209, "roundabout": false}, "geometry": {"type": "Polygon", "coordinates": [[[19.029940500000002, 47.416838], [19.02972799999999, 47.41684050000001], [19.029664199999996, 47.41684299999999], [19.029566700000004, 47.416846300000046], [19.0282157, 47.416898100000026], [19.027737999999992, 47.416916400000005], [19.027696, 47.41708210000004], [19.0276178, 47.41752860000004], [19.028271, 47.41757970000004], [19.0291617, 47.417649300000036], [19.029789699999995, 47.41766330000005], [19.0299095, 47.41766250000003], [19.030024199999996, 47.417652600000004], [19.030736499999996, 47.417569800000024], [19.030567599999994, 47.41695100000003], [19.030553799999993, 47.416900500000025], [19.0304878, 47.41689330000004], [19.029940500000002, 47.416838]]]}}, {"id": "221", "type": "Feature", "properties": {"index": 221, "n_sides": 3, "edges": "[(1100, 1108, 0), (1108, 1097, 0), (1097, 1062, 0), (1062, 1092, 0), (1092, 1100, 0)]", "area": 6894.505317075242, "roundabout": false}, "geometry": {"type": "Polygon", "coordinates": [[[19.027032799999994, 47.41666670000004], [19.0273564, 47.41609890000004], [19.0273668, 47.416061700000064], [19.027366399999988, 47.416030600000006], [19.027318799999996, 47.41580970000004], [19.0268915, 47.415846499999994], [19.026798799999995, 47.415854500000044], [19.026363499999995, 47.415910500000024], [19.025806899999992, 47.416034399999994], [19.025673299999998, 47.416084000000026], [19.0257628, 47.41617250000002], [19.0267292, 47.416553300000025], [19.027032799999994, 47.41666670000004]]]}}, {"id": "222", "type": "Feature", "properties": {"index": 222, "n_sides": 4, "edges": "[(1100, 1092, 0), (1092, 1075, 0), (1075, 1104, 0), (1104, 1107, 0), (1107, 1111, 0), (1111, 1100, 0)]", "area": 12040.609731750706, "roundabout": false}, "geometry": {"type": "Polygon", "coordinates": [[[19.027032799999994, 47.41666670000004], [19.0267292, 47.416553300000025], [19.026397599999996, 47.41794350000005], [19.027480099999995, 47.41812100000002], [19.0276178, 47.41752860000004], [19.027696, 47.41708210000004], [19.027737999999992, 47.416916400000005], [19.027640900000005, 47.416889700000006], [19.027032799999994, 47.41666670000004]]]}}, {"id": "223", "type": "Feature", "properties": {"index": 223, "n_sides": 10, "edges": "[(1234, 1218, 0), (1218, 1196, 0), (1196, 1139, 0), (1139, 1188, 0), (1188, 1196, 0), (1196, 1218, 0), (1218, 1191, 0), (1191, 1133, 0), (1133, 1109, 0), (1109, 1114, 0), (1114, 1135, 0), (1135, 1166, 0), (1166, 1243, 0), (1243, 1255, 0), (1255, 1234, 0)]", "area": 90529.60723507327, "roundabout": false}, "geometry": {"type": "Polygon", "coordinates": [[[19.03408562731349, 47.42297312209827], [19.033978299999998, 47.422981400000005], [19.033847199999997, 47.42296340000002], [19.033753600000004, 47.42293490000002], [19.0336818, 47.422906800000014], [19.033458199999995, 47.42278640000004], [19.0333137, 47.42269189999999], [19.033189399999994, 47.422649900000046], [19.0328816, 47.42258470000004], [19.032732299999996, 47.422523699999985], [19.03266199999999, 47.42248180000002], [19.032368500000004, 47.42223910000002], [19.0323167, 47.422196400000026], [19.031712, 47.422457200000004], [19.03154759999999, 47.422512100000034], [19.030538599999993, 47.42283880000004], [19.030436599999998, 47.42286429999998], [19.030337299999996, 47.42288330000001], [19.030248399999998, 47.42289210000002], [19.030127700000005, 47.422897300000024], [19.030054200000006, 47.42303810000004], [19.029927600000004, 47.423281400000036], [19.0298351, 47.42346670000001], [19.029740999999998, 47.42354100000008], [19.0295395, 47.42363720000005], [19.028788499999994, 47.423902899999995], [19.028795100000004, 47.42396080000002], [19.029246599999997, 47.42486590000004], [19.029575199999993, 47.42544400000003], [19.0307146, 47.425158599999996], [19.0318715, 47.424851000000025], [19.033376200000003, 47.42445830000003], [19.033596599999996, 47.42438420000007], [19.0338776, 47.424253499999985], [19.034099400000002, 47.4241229], [19.034225499999998, 47.42407330000005], [19.0342984, 47.424059700000036], [19.034386299999987, 47.42404560000002], [19.034504099999996, 47.42403510000001], [19.034712300000006, 47.42401640000002], [19.0349415, 47.42399670000003], [19.034993599999993, 47.423979900000035], [19.035022699999995, 47.42395290000005], [19.03503939999999, 47.423913200000065], [19.035035499999992, 47.42323620000004], [19.0343212, 47.42313480000002], [19.03408562731349, 47.42297312209827]], [[19.0327964, 47.42298540000001], [19.032437499999993, 47.42308660000002], [19.031014999999993, 47.42329820000006], [19.030823399999996, 47.42332240000002], [19.030744899999988, 47.42332560000005], [19.030553499999993, 47.42333330000007], [19.0305524, 47.423226], [19.0305856, 47.42314980000001], [19.0314049, 47.42298960000004], [19.032382300000002, 47.42295960000003], [19.032593099999993, 47.422954199999985], [19.032700399999992, 47.4229645], [19.0327964, 47.42298540000001]]]}}, {"id": "224", "type": "Feature", "properties": {"index": 224, "n_sides": 2, "edges": "[(1234, 1265, 0), (1265, 1218, 0), (1218, 1234, 0)]", "area": 4060.144908230453, "roundabout": false}, "geometry": {"type": "Polygon", "coordinates": [[[19.03408562731349, 47.42297312209827], [19.034091099999998, 47.422972700000024], [19.03421069999999, 47.42294480000004], [19.034328799999997, 47.42287300000005], [19.034445799999993, 47.42278580000003], [19.034490699999996, 47.42274630000004], [19.034664499999995, 47.422642499999995], [19.034888799999997, 47.42256949999998], [19.03515289999999, 47.422515700000034], [19.035375000000005, 47.42248470000001], [19.035335600000003, 47.422442800000034], [19.03525919999999, 47.42241720000004], [19.035170699999995, 47.422401000000036], [19.03467159999999, 47.42236370000007], [19.034453399999997, 47.42240750000001], [19.0341622, 47.422518700000026], [19.03376, 47.42268830000002], [19.0335071, 47.42277050000004], [19.033458199999995, 47.42278640000004], [19.0336818, 47.422906800000014], [19.033753600000004, 47.42293490000002], [19.033847199999997, 47.42296340000002], [19.033978299999998, 47.422981400000005], [19.03408562731349, 47.42297312209827]]]}}, {"id": "225", "type": "Feature", "properties": {"index": 225, "n_sides": 4, "edges": "[(1133, 1191, 0), (1191, 1186, 0), (1186, 1154, 0), (1154, 1130, 0), (1130, 1133, 0)]", "area": 26014.65630795349, "roundabout": false}, "geometry": {"type": "Polygon", "coordinates": [[[19.030127700000005, 47.422897300000024], [19.030248399999998, 47.42289210000002], [19.030337299999996, 47.42288330000001], [19.030436599999998, 47.42286429999998], [19.030538599999993, 47.42283880000004], [19.03154759999999, 47.422512100000034], [19.031712, 47.422457200000004], [19.0323167, 47.422196400000026], [19.0322543, 47.42205050000006], [19.031955499999995, 47.4211567], [19.031896299999996, 47.42116530000005], [19.03084339999999, 47.42131889999999], [19.029619700000005, 47.421501800000065], [19.029932099999996, 47.42235700000006], [19.0299869, 47.42251439999998], [19.030072600000004, 47.42275480000004], [19.030127700000005, 47.422897300000024]]]}}, {"id": "226", "type": "Feature", "properties": {"index": 226, "n_sides": 6, "edges": "[(1133, 1076, 0), (1076, 1057, 0), (1057, 1052, 0), (1052, 1080, 0), (1080, 1101, 0), (1101, 1109, 0), (1109, 1133, 0)]", "area": 33299.03665442852, "roundabout": false}, "geometry": {"type": "Polygon", "coordinates": [[[19.030127700000005, 47.422897300000024], [19.0297754, 47.42291640000004], [19.0296353, 47.42292820000003], [19.029461399999995, 47.422950599999986], [19.029208800000006, 47.42298810000005], [19.028900999999998, 47.42304300000002], [19.028317700000002, 47.423148400000024], [19.028064799999992, 47.42319230000001], [19.027820900000002, 47.423227800000035], [19.0273541, 47.42328190000002], [19.0267025, 47.42337260000001], [19.0265356, 47.42343070000001], [19.0265626, 47.42348550000007], [19.02665799999999, 47.42367910000004], [19.027229199999997, 47.42483840000001], [19.027596700000004, 47.42558420000005], [19.027884999999994, 47.42616930000002], [19.028380800000004, 47.42588840000001], [19.028646899999995, 47.42581730000005], [19.028617899999993, 47.42576240000002], [19.0275965, 47.42382970000001], [19.027580400000005, 47.42379920000002], [19.027631300000003, 47.423749499999985], [19.028491199999994, 47.42371830000001], [19.028617499999996, 47.42374330000004], [19.028788499999994, 47.423902899999995], [19.0295395, 47.42363720000005], [19.029740999999998, 47.42354100000008], [19.0298351, 47.42346670000001], [19.029927600000004, 47.423281400000036], [19.030054200000006, 47.42303810000004], [19.030127700000005, 47.422897300000024]]]}}, {"id": "227", "type": "Feature", "properties": {"index": 227, "n_sides": 5, "edges": "[(1133, 1130, 0), (1130, 1120, 0), (1120, 1068, 0), (1068, 1024, 0), (1024, 983, 0), (983, 987, 0), (987, 1059, 0), (1059, 1057, 0), (1057, 1076, 0), (1076, 1133, 0)]", "area": 87262.56371039043, "roundabout": false}, "geometry": {"type": "Polygon", "coordinates": [[[19.030127700000005, 47.422897300000024], [19.030072600000004, 47.42275480000004], [19.0299869, 47.42251439999998], [19.029932099999996, 47.42235700000006], [19.029619700000005, 47.421501800000065], [19.0295014, 47.421334600000044], [19.029366599999996, 47.42117120000004], [19.029100699999994, 47.42089540000001], [19.0288105, 47.42060499999997], [19.028788199999997, 47.42058320000001], [19.0286068, 47.42062530000001], [19.0273458, 47.42083490000008], [19.027251899999996, 47.42083870000002], [19.02713230000001, 47.42083440000002], [19.0270187, 47.42083890000001], [19.026793, 47.42086790000002], [19.02667899999999, 47.42089779999998], [19.026359599999996, 47.42099910000002], [19.026227899999995, 47.42103460000004], [19.0253303, 47.42122010000002], [19.023804399999996, 47.42152220000003], [19.024260300000012, 47.42257910000001], [19.025070500000005, 47.42240990000003], [19.025191900000003, 47.42240750000002], [19.0258421, 47.42238450000004], [19.026649299999992, 47.422300300000046], [19.02672519999999, 47.42230509999999], [19.026784599999992, 47.422315600000005], [19.026811699999996, 47.422366000000046], [19.026658899999997, 47.423034500000036], [19.0266936, 47.42330350000001], [19.0267025, 47.42337260000001], [19.0273541, 47.42328190000002], [19.027820900000002, 47.423227800000035], [19.028064799999992, 47.42319230000001], [19.028317700000002, 47.423148400000024], [19.028900999999998, 47.42304300000002], [19.029208800000006, 47.42298810000005], [19.029461399999995, 47.422950599999986], [19.0296353, 47.42292820000003], [19.0297754, 47.42291640000004], [19.030127700000005, 47.422897300000024]]]}}, {"id": "228", "type": "Feature", "properties": {"index": 228, "n_sides": 2, "edges": "[(1139, 1196, 0), (1196, 1188, 0), (1188, 1139, 0)]", "area": 3457.858577105762, "roundabout": false}, "geometry": {"type": "Polygon", "coordinates": [[[19.030553499999993, 47.42333330000007], [19.030744899999988, 47.42332560000005], [19.030823399999996, 47.42332240000002], [19.031014999999993, 47.42329820000006], [19.032437499999993, 47.42308660000002], [19.0327964, 47.42298540000001], [19.032700399999992, 47.4229645], [19.032593099999993, 47.422954199999985], [19.032382300000002, 47.42295960000003], [19.0314049, 47.42298960000004], [19.0305856, 47.42314980000001], [19.0305524, 47.423226], [19.030553499999993, 47.42333330000007]]]}}, {"id": "229", "type": "Feature", "properties": {"index": 229, "n_sides": 4, "edges": "[(1278, 1277, 0), (1277, 1304, 0), (1304, 1287, 0), (1287, 1281, 0), (1281, 1278, 0)]", "area": 6307.1989424114345, "roundabout": false}, "geometry": {"type": "Polygon", "coordinates": [[[19.036283599999997, 47.42356220000002], [19.036336899999995, 47.423873200000045], [19.0363512, 47.423868900000045], [19.036567499999993, 47.42380420000003], [19.036841900000006, 47.423707800000024], [19.037438599999998, 47.42346780000001], [19.037472000000005, 47.42343020000005], [19.0374897, 47.423240900000025], [19.037465099999988, 47.423133400000026], [19.037453499999998, 47.42298000000001], [19.037348, 47.42304559999999], [19.037227499999997, 47.42318990000003], [19.037136799999992, 47.42324130000001], [19.036999299999998, 47.4232737], [19.036667500000004, 47.4232757], [19.036598199999993, 47.42324380000001], [19.036601100000006, 47.42308070000002], [19.036602400000003, 47.42300760000004], [19.036609600000002, 47.422705600000015], [19.036197899999998, 47.42274619999999], [19.036260300000002, 47.42335039999999], [19.036283599999997, 47.42356220000002]]]}}, {"id": "230", "type": "Feature", "properties": {"index": 230, "n_sides": 4, "edges": "[(1144, 1157, 0), (1157, 1085, 0), (1085, 1060, 0), (1060, 1090, 0), (1090, 1112, 0), (1112, 1144, 1)]", "area": 45212.23906589942, "roundabout": false}, "geometry": {"type": "Polygon", "coordinates": [[[19.032089099999993, 47.430479100000014], [19.0321324, 47.43040720000001], [19.032189200000005, 47.429966900000004], [19.032214100000004, 47.429848200000066], [19.032346299999993, 47.4294909], [19.032256399999998, 47.42948250000001], [19.0320821, 47.42947720000006], [19.0318928, 47.429499800000016], [19.031403500000003, 47.4296033], [19.0309191, 47.42972220000001], [19.030633799999993, 47.42979180000003], [19.030329999999996, 47.429888600000005], [19.030000800000003, 47.43001080000004], [19.029729599999996, 47.430122200000014], [19.0295118, 47.43022279999999], [19.029398599999997, 47.43030820000003], [19.0292964, 47.430400300000045], [19.0289195, 47.4307757], [19.028730699999997, 47.43093580000004], [19.0285707, 47.43105170000001], [19.028288099999997, 47.43122890000004], [19.02884889999999, 47.43170470000004], [19.029411199999988, 47.432181900000025], [19.0294432, 47.43221720000002], [19.030417000000003, 47.43165819999999], [19.030828900000003, 47.431421900000025], [19.030949099999997, 47.43133300000004], [19.031050399999994, 47.431241700000044], [19.031314500000008, 47.43098370000002], [19.0314518, 47.43085350000004], [19.031615499999994, 47.43073970000003], [19.032089099999993, 47.430479100000014]]]}}, {"id": "231", "type": "Feature", "properties": {"index": 231, "n_sides": 2, "edges": "[(1144, 1112, 1), (1112, 1144, 0)]", "area": 9166.0651852716, "roundabout": false}, "geometry": {"type": "Polygon", "coordinates": [[[19.032089099999993, 47.430479100000014], [19.031615499999994, 47.43073970000003], [19.0314518, 47.43085350000004], [19.031314500000008, 47.43098370000002], [19.031050399999994, 47.431241700000044], [19.030949099999997, 47.43133300000004], [19.030828900000003, 47.431421900000025], [19.030417000000003, 47.43165819999999], [19.030453699999995, 47.431694700000044], [19.030698100000002, 47.43192610000002], [19.030766599999993, 47.43195930000003], [19.030832599999993, 47.4319667], [19.030909100000002, 47.431966700000004], [19.030977300000007, 47.43195820000003], [19.031148, 47.43189090000006], [19.0314957, 47.43162940000004], [19.032073499999996, 47.431193700000016], [19.032136500000007, 47.4311462], [19.032185700000003, 47.43108250000004], [19.032173599999993, 47.4309948], [19.0321087, 47.43056510000006], [19.032089099999993, 47.430479100000014]]]}}, {"id": "232", "type": "Feature", "properties": {"index": 232, "n_sides": 5, "edges": "[(1261, 1266, 0), (1266, 1285, 0), (1285, 1292, 0), (1292, 1297, 0), (1297, 1302, 0), (1302, 1300, 0), (1300, 1279, 0), (1279, 1238, 0), (1238, 1241, 0), (1241, 1247, 0), (1247, 1261, 0)]", "area": 28326.39865075616, "roundabout": false}, "geometry": {"type": "Polygon", "coordinates": [[[19.0348238, 47.421140800000025], [19.03505459999999, 47.421214000000035], [19.0352165, 47.42127320000004], [19.0353313, 47.421249900000014], [19.0360961, 47.421061000000044], [19.035963200000005, 47.42045560000003], [19.035964300000003, 47.42036430000002], [19.035980699999996, 47.42031500000003], [19.036015799999994, 47.42026990000005], [19.03607059999999, 47.42020880000002], [19.0361313, 47.420156900000045], [19.036200599999997, 47.42011260000007], [19.036276599999994, 47.42007020000002], [19.0363441, 47.42002550000001], [19.036375399999997, 47.419987300000024], [19.036413899999996, 47.41991120000004], [19.036464600000002, 47.41973580000003], [19.036521599999993, 47.4195385], [19.036539899999998, 47.41939480000003], [19.036578499999994, 47.419282400000014], [19.0366285, 47.41919700000004], [19.0366714, 47.41910630000004], [19.036734099999997, 47.41896490000002], [19.0366507, 47.41900780000004], [19.036271899999992, 47.419214600000025], [19.0359099, 47.41932890000003], [19.035587100000004, 47.41940200000002], [19.035337199999997, 47.419461500000004], [19.0337721, 47.41983400000001], [19.0338349, 47.41991470000004], [19.033870499999992, 47.41996040000006], [19.034228699999996, 47.420420400000054], [19.0342684, 47.42047140000004], [19.034753600000002, 47.421094800000006], [19.0348238, 47.421140800000025]]]}}, {"id": "233", "type": "Feature", "properties": {"index": 233, "n_sides": 4, "edges": "[(1261, 1247, 0), (1247, 1213, 0), (1213, 1222, 0), (1222, 1251, 0), (1251, 1261, 0)]", "area": 10501.140934913077, "roundabout": false}, "geometry": {"type": "Polygon", "coordinates": [[[19.0348238, 47.421140800000025], [19.034753600000002, 47.421094800000006], [19.0342684, 47.42047140000004], [19.032868899999997, 47.42051910000001], [19.0328966, 47.420575599999985], [19.033333600000002, 47.42146569999998], [19.034512800000005, 47.42120860000006], [19.0347447, 47.421158], [19.0348238, 47.421140800000025]]]}}, {"id": "234", "type": "Feature", "properties": {"index": 234, "n_sides": 4, "edges": "[(1292, 1285, 0), (1285, 1322, 0), (1322, 1317, 0), (1317, 1292, 0)]", "area": 11158.17285500871, "roundabout": false}, "geometry": {"type": "Polygon", "coordinates": [[[19.036276599999994, 47.42007020000002], [19.036200599999997, 47.42011260000007], [19.0361313, 47.420156900000045], [19.03607059999999, 47.42020880000002], [19.036015799999994, 47.42026990000005], [19.035980699999996, 47.42031500000003], [19.035964300000003, 47.42036430000002], [19.035963200000005, 47.42045560000003], [19.0360961, 47.421061000000044], [19.036444700000008, 47.42097460000008], [19.0368393, 47.420850699999995], [19.037873499999993, 47.42052600000004], [19.037564899999992, 47.41999440000004], [19.0371257, 47.42003790000005], [19.0364692, 47.42008050000006], [19.036276599999994, 47.42007020000002]]]}}, {"id": "235", "type": "Feature", "properties": {"index": 235, "n_sides": 4, "edges": "[(400, 418, 0), (418, 402, 0), (402, 368, 0), (368, 392, 0), (392, 400, 0)]", "area": 9937.713053548825, "roundabout": false}, "geometry": {"type": "Polygon", "coordinates": [[[19.001724099999997, 47.41657780000003], [19.001826799999996, 47.4164111], [19.00192339999999, 47.416297700000015], [19.002268256865236, 47.415990520730666], [19.00228490000094, 47.41597680000035], [19.002266416721113, 47.41597667869675], [19.001600300000003, 47.41556719999999], [19.0005461, 47.41634430000001], [19.000491899999993, 47.41638420000005], [19.000921800000004, 47.416640200000025], [19.001116399999997, 47.41676210000002], [19.0012602, 47.416852200000044], [19.001495499999997, 47.41699780000001], [19.001679900000006, 47.416661999999974], [19.001724099999997, 47.41657780000003]]]}}, {"id": "236", "type": "Feature", "properties": {"index": 236, "n_sides": 4, "edges": "[(400, 437, 0), (437, 449, 0), (449, 418, 0), (418, 400, 0)]", "area": 8214.022265798982, "roundabout": false}, "geometry": {"type": "Polygon", "coordinates": [[[19.001724099999997, 47.41657780000003], [19.0031625, 47.41695830000007], [19.0031766, 47.4168812], [19.003198699999995, 47.416814500000044], [19.003225600000004, 47.41674820000004], [19.003306399999992, 47.416634100000046], [19.003503399999996, 47.41635580000004], [19.00230566874991, 47.41597460033511], [19.00228490000094, 47.41597680000035], [19.002268256865236, 47.415990520730666], [19.00192339999999, 47.416297700000015], [19.001826799999996, 47.4164111], [19.001724099999997, 47.41657780000003]]]}}, {"id": "237", "type": "Feature", "properties": {"index": 237, "n_sides": 5, "edges": "[(400, 392, 0), (392, 388, 0), (388, 425, 0), (425, 437, 0), (437, 400, 0)]", "area": 8719.330202558307, "roundabout": false}, "geometry": {"type": "Polygon", "coordinates": [[[19.001724099999997, 47.41657780000003], [19.001679900000006, 47.416661999999974], [19.001495499999997, 47.41699780000001], [19.001499600000006, 47.417058200000035], [19.00148679999999, 47.41710030000005], [19.00143179999999, 47.417196500000074], [19.002329400000008, 47.417469200000006], [19.0027716, 47.41760350000003], [19.002835999999995, 47.41753090000003], [19.0028936, 47.417451100000044], [19.003108200000003, 47.417129800000026], [19.0031317, 47.417084499999994], [19.00314509999999, 47.41704780000002], [19.0031625, 47.41695830000007], [19.001724099999997, 47.41657780000003]]]}}, {"id": "238", "type": "Feature", "properties": {"index": 238, "n_sides": 4, "edges": "[(478, 418, 0), (418, 449, 0), (449, 494, 0), (494, 482, 0), (482, 478, 0)]", "area": 14112.193708416415, "roundabout": false}, "geometry": {"type": "Polygon", "coordinates": [[[19.004099799999995, 47.41478390000002], [19.0040215, 47.414816000000016], [19.003186900000003, 47.41518690000005], [19.003142899999993, 47.41521020000002], [19.003108899999997, 47.41523799999999], [19.002906000000003, 47.41544460000004], [19.002895799999994, 47.41545560000003], [19.002700099999995, 47.415654900000035], [19.002541800000003, 47.41579040000003], [19.002390699999996, 47.41589470000006], [19.00230225595712, 47.415963479755085], [19.00228490000094, 47.41597680000035], [19.00230566874991, 47.41597460033511], [19.003503399999996, 47.41635580000004], [19.0037272, 47.416037900000056], [19.003952699999992, 47.41578350000004], [19.0041384, 47.41557660000004], [19.0043947, 47.4153295], [19.0044491, 47.41529230000005], [19.004468399999993, 47.415282000000026], [19.004550199999994, 47.41524979999998], [19.004215599999995, 47.41473020000004], [19.004141199999996, 47.4147652], [19.004099799999995, 47.41478390000002]]]}}, {"id": "239", "type": "Feature", "properties": {"index": 239, "n_sides": 5, "edges": "[(392, 368, 0), (368, 363, 0), (363, 334, 0), (334, 373, 0), (373, 375, 0), (375, 388, 0), (388, 392, 0)]", "area": 20330.31354175049, "roundabout": false}, "geometry": {"type": "Polygon", "coordinates": [[[19.001495499999997, 47.41699780000001], [19.0012602, 47.416852200000044], [19.001116399999997, 47.41676210000002], [19.000921800000004, 47.416640200000025], [19.000491899999993, 47.41638420000005], [19.0001173, 47.41615710000002], [19.000066, 47.41619610000005], [18.9990372, 47.416978799999995], [19.000695799999995, 47.417986800000016], [19.001015399999993, 47.418181100000005], [19.001034200000003, 47.41811540000007], [19.001043599999996, 47.41806130000003], [19.0010382, 47.41798510000001], [19.001020799999992, 47.417933400000024], [19.0010121, 47.41788670000003], [19.001011399999992, 47.417845799999995], [19.0010221, 47.417799099999996], [19.001357399999996, 47.417305900000066], [19.00143179999999, 47.417196500000074], [19.00148679999999, 47.41710030000005], [19.001499600000006, 47.417058200000035], [19.001495499999997, 47.41699780000001]]]}}, {"id": "240", "type": "Feature", "properties": {"index": 240, "n_sides": 6, "edges": "[(449, 437, 0), (437, 425, 0), (425, 406, 0), (406, 374, 0), (374, 397, 0), (397, 423, 0), (423, 469, 0), (469, 470, 0), (470, 530, 0), (530, 498, 0), (498, 499, 0), (499, 497, 0), (497, 494, 0), (494, 449, 0)]", "area": 71819.667577354, "roundabout": false}, "geometry": {"type": "Polygon", "coordinates": [[[19.003503399999996, 47.41635580000004], [19.003306399999992, 47.416634100000046], [19.003225600000004, 47.41674820000004], [19.003198699999995, 47.416814500000044], [19.0031766, 47.4168812], [19.0031625, 47.41695830000007], [19.00314509999999, 47.41704780000002], [19.0031317, 47.417084499999994], [19.003108200000003, 47.417129800000026], [19.0028936, 47.417451100000044], [19.002835999999995, 47.41753090000003], [19.0027716, 47.41760350000003], [19.002635, 47.41773510000002], [19.002139099999997, 47.41814839999997], [19.001843900000004, 47.41844060000003], [19.001244899999996, 47.419033500000026], [19.001224599999993, 47.419079499999995], [19.001284300000002, 47.41908900000005], [19.001309100000004, 47.41909290000001], [19.001836400000002, 47.419340300000044], [19.002036699999998, 47.41943790000004], [19.002128499999994, 47.419471000000016], [19.00219890000001, 47.41948510000001], [19.00233100000001, 47.41949870000004], [19.002508699999996, 47.419502400000006], [19.003060299999994, 47.419468700000046], [19.004093300000005, 47.418358999999995], [19.004144200000002, 47.41832089999999], [19.0042193, 47.41828830000003], [19.0042777, 47.41827959999999], [19.0043328, 47.41827720000004], [19.004367399999996, 47.418544500000046], [19.004423199999994, 47.418725200000026], [19.004452000000004, 47.41879080000004], [19.0053421, 47.41846810000004], [19.006114600000004, 47.41818800000006], [19.006178800000004, 47.41816470000002], [19.006098600000005, 47.41807130000004], [19.006024399999994, 47.41799240000005], [19.005378099999998, 47.417371500000044], [19.005151500000004, 47.41712230000005], [19.0050844, 47.41704540000002], [19.0050169, 47.416939200000016], [19.004975399999996, 47.4168342], [19.004954300000005, 47.41674790000004], [19.004895899999994, 47.41629280000001], [19.004873999999997, 47.416143500000004], [19.004794999999998, 47.41573520000002], [19.00477139999999, 47.41565420000007], [19.004715399999995, 47.41553039999999], [19.004630499999998, 47.41537879999998], [19.004550199999994, 47.41524979999998], [19.004468399999993, 47.415282000000026], [19.0044491, 47.41529230000005], [19.0043947, 47.4153295], [19.0041384, 47.41557660000004], [19.003952699999992, 47.41578350000004], [19.0037272, 47.416037900000056], [19.003503399999996, 47.41635580000004]]]}}, {"id": "241", "type": "Feature", "properties": {"index": 241, "n_sides": 4, "edges": "[(368, 402, 0), (402, 387, 0), (387, 321, 0), (321, 298, 0), (298, 363, 0), (363, 368, 0)]", "area": 48899.065569229264, "roundabout": false}, "geometry": {"type": "Polygon", "coordinates": [[[19.000491899999993, 47.41638420000005], [19.0005461, 47.41634430000001], [19.001600300000003, 47.41556719999999], [19.001073099999992, 47.41524590000003], [19.000284299999997, 47.41476620000004], [18.9979619, 47.41335410000004], [18.9976978, 47.41319350000002], [18.996989499999998, 47.413718200000005], [18.99664929999999, 47.41397020000003], [18.996589000000007, 47.41401490000001], [19.0001173, 47.41615710000002], [19.000491899999993, 47.41638420000005]]]}}, {"id": "242", "type": "Feature", "properties": {"index": 242, "n_sides": 4, "edges": "[(321, 387, 0), (387, 407, 0), (407, 330, 0), (330, 321, 0)]", "area": 19370.115041660425, "roundabout": false}, "geometry": {"type": "Polygon", "coordinates": [[[18.9976978, 47.41319350000002], [18.9979619, 47.41335410000004], [19.000284299999997, 47.41476620000004], [19.001073099999992, 47.41524590000003], [19.001516000000002, 47.41490940000001], [19.0015733, 47.41486970000002], [19.001287699999992, 47.414694800000035], [18.99985789999999, 47.413822400000015], [18.9982057, 47.412814400000016], [18.997849799999994, 47.41308000000004], [18.9976978, 47.41319350000002]]]}}, {"id": "243", "type": "Feature", "properties": {"index": 243, "n_sides": 4, "edges": "[(321, 270, 0), (270, 259, 0), (259, 298, 0), (298, 321, 0)]", "area": 46086.31402511294, "roundabout": false}, "geometry": {"type": "Polygon", "coordinates": [[[18.9976978, 47.41319350000002], [18.99697629999999, 47.41275440000005], [18.995312900000002, 47.41174190000005], [18.994079599999992, 47.41099110000007], [18.994074399999988, 47.41098770000004], [18.9940647, 47.4109817], [18.994015299999994, 47.41095330000003], [18.9937394, 47.411164000000056], [18.992933200000003, 47.411791000000036], [18.992975899999994, 47.41181700000003], [18.993367699999993, 47.412055300000034], [18.996558899999997, 47.41399660000005], [18.996589000000007, 47.41401490000001], [18.99664929999999, 47.41397020000003], [18.996989499999998, 47.413718200000005], [18.9976978, 47.41319350000002]]]}}, {"id": "244", "type": "Feature", "properties": {"index": 244, "n_sides": 4, "edges": "[(321, 330, 0), (330, 350, 0), (350, 347, 0), (347, 286, 0), (286, 278, 0), (278, 270, 0), (270, 321, 0)]", "area": 46032.61038456788, "roundabout": false}, "geometry": {"type": "Polygon", "coordinates": [[[18.9976978, 47.41319350000002], [18.997849799999994, 47.41308000000004], [18.9982057, 47.412814400000016], [18.9984863, 47.41260099999998], [18.998776600000003, 47.41238010000001], [18.998741, 47.4123582], [18.998005999999993, 47.411902900000015], [18.995852199999995, 47.41056890000004], [18.995199400000004, 47.41016550000004], [18.9951908, 47.41016030000004], [18.995118000000005, 47.41011910000004], [18.9946719, 47.41045710000004], [18.994227800000008, 47.41079380000002], [18.994015299999994, 47.41095330000003], [18.9940647, 47.4109817], [18.994074399999988, 47.41098770000004], [18.994079599999992, 47.41099110000007], [18.995312900000002, 47.41174190000005], [18.99697629999999, 47.41275440000005], [18.9976978, 47.41319350000002]]]}}, {"id": "245", "type": "Feature", "properties": {"index": 245, "n_sides": 4, "edges": "[(748, 775, 0), (775, 771, 0), (771, 737, 0), (737, 720, 0), (720, 727, 0), (727, 748, 0)]", "area": 13489.399460445275, "roundabout": false}, "geometry": {"type": "Polygon", "coordinates": [[[19.0152585, 47.42521030000005], [19.016471724268357, 47.42505534674897], [19.016497550000338, 47.425052050000744], [19.0165074093453, 47.425041205555395], [19.016495799999998, 47.424994100000035], [19.016407000000005, 47.42463570000003], [19.0163713, 47.42453600000001], [19.016195300000007, 47.42420480000002], [19.0148149, 47.42452090000001], [19.014199100000003, 47.42466880000005], [19.014518499999998, 47.42524360000003], [19.0145482, 47.42529710000002], [19.015053, 47.42523540000002], [19.015202600000002, 47.42521710000001], [19.0152585, 47.42521030000005]]]}}, {"id": "246", "type": "Feature", "properties": {"index": 246, "n_sides": 4, "edges": "[(748, 751, 0), (751, 778, 0), (778, 775, 0), (775, 748, 0)]", "area": 11883.900824745373, "roundabout": false}, "geometry": {"type": "Polygon", "coordinates": [[[19.0152585, 47.42521030000005], [19.0152724, 47.42525760000002], [19.0152798, 47.4252826], [19.015592199999993, 47.426342400000024], [19.016207399999995, 47.42626340000001], [19.016777000000005, 47.42619100000003], [19.016576699999998, 47.42540790000003], [19.016503999999994, 47.42512370000002], [19.016487860852642, 47.425062874517124], [19.016497550000338, 47.425052050000744], [19.016471724268357, 47.42505534674897], [19.0152585, 47.42521030000005]]]}}, {"id": "247", "type": "Feature", "properties": {"index": 247, "n_sides": 4, "edges": "[(748, 727, 0), (727, 710, 0), (710, 715, 0), (715, 751, 0), (751, 748, 0)]", "area": 13055.164949684808, "roundabout": false}, "geometry": {"type": "Polygon", "coordinates": [[[19.0152585, 47.42521030000005], [19.015202600000002, 47.42521710000001], [19.015053, 47.42523540000002], [19.0145482, 47.42529710000002], [19.013911799999995, 47.42540700000003], [19.0139264, 47.42544950000002], [19.014298299999993, 47.426514399999995], [19.015592199999993, 47.426342400000024], [19.0152798, 47.4252826], [19.0152724, 47.42525760000002], [19.0152585, 47.42521030000005]]]}}, {"id": "248", "type": "Feature", "properties": {"index": 248, "n_sides": 4, "edges": "[(775, 778, 0), (778, 825, 0), (825, 824, 0), (824, 819, 0), (819, 775, 0)]", "area": 15042.401776644185, "roundabout": false}, "geometry": {"type": "Polygon", "coordinates": [[[19.016497550000338, 47.425052050000744], [19.016487860852642, 47.425062874517124], [19.016503999999994, 47.42512370000002], [19.016576699999998, 47.42540790000003], [19.016777000000005, 47.42619100000003], [19.017469900000005, 47.426103], [19.018274399999992, 47.425989099999995], [19.018262, 47.42583630000004], [19.018179399999998, 47.42552260000006], [19.018010699999998, 47.424881600000006], [19.0179995, 47.424839300000066], [19.017029599999994, 47.42498340000005], [19.0166106, 47.42503770000001], [19.01652337859602, 47.42504876476275], [19.016497550000338, 47.425052050000744]]]}}, {"id": "249", "type": "Feature", "properties": {"index": 249, "n_sides": 4, "edges": "[(775, 819, 0), (819, 875, 0), (875, 889, 0), (889, 883, 0), (883, 880, 0), (880, 864, 0), (864, 811, 0), (811, 771, 0), (771, 775, 0)]", "area": 33113.15296570109, "roundabout": false}, "geometry": {"type": "Polygon", "coordinates": [[[19.016497550000338, 47.425052050000744], [19.01652337859602, 47.42504876476275], [19.0166106, 47.42503770000001], [19.017029599999994, 47.42498340000005], [19.0179995, 47.424839300000066], [19.0181024, 47.42482279999998], [19.019040800000003, 47.42465150000002], [19.020270899999986, 47.4244269], [19.020540100000005, 47.42437840000003], [19.0205258, 47.424340500000014], [19.020522, 47.42433030000005], [19.020352099999997, 47.423847599999995], [19.020198099999998, 47.42340980000002], [19.0201269, 47.42342320000007], [19.019579300000004, 47.423529699999975], [19.017547900000007, 47.423935000000014], [19.0167254, 47.42409910000001], [19.016195300000007, 47.42420480000002], [19.0163713, 47.42453600000001], [19.016407000000005, 47.42463570000003], [19.016495799999998, 47.424994100000035], [19.0165074093453, 47.425041205555395], [19.016497550000338, 47.425052050000744]]]}}, {"id": "250", "type": "Feature", "properties": {"index": 250, "n_sides": 4, "edges": "[(778, 751, 0), (751, 715, 0), (715, 693, 0), (693, 695, 0), (695, 705, 0), (705, 759, 0), (759, 779, 0), (779, 778, 0)]", "area": 21140.02696701867, "roundabout": false}, "geometry": {"type": "Polygon", "coordinates": [[[19.016777000000005, 47.42619100000003], [19.016207399999995, 47.42626340000001], [19.015592199999993, 47.426342400000024], [19.014298299999993, 47.426514399999995], [19.013486200000003, 47.42662620000004], [19.013710899999996, 47.42733610000003], [19.0141272, 47.42728060000003], [19.015196299999992, 47.427141900000066], [19.015887300000003, 47.42708880000003], [19.016136199999995, 47.427071400000024], [19.0169721, 47.42701310000001], [19.01683709999999, 47.42644410000001], [19.016777000000005, 47.42619100000003]]]}}, {"id": "251", "type": "Feature", "properties": {"index": 251, "n_sides": 4, "edges": "[(778, 779, 0), (779, 806, 0), (806, 829, 0), (829, 826, 0), (826, 825, 0), (825, 778, 0)]", "area": 11333.929770296148, "roundabout": false}, "geometry": {"type": "Polygon", "coordinates": [[[19.016777000000005, 47.42619100000003], [19.01683709999999, 47.42644410000001], [19.0169721, 47.42701310000001], [19.017688700000004, 47.4269623], [19.0185321, 47.426902599999984], [19.018374, 47.426390400000024], [19.018363299999997, 47.42635710000002], [19.018274399999992, 47.425989099999995], [19.017469900000005, 47.426103], [19.016777000000005, 47.42619100000003]]]}}, {"id": "252", "type": "Feature", "properties": {"index": 252, "n_sides": 4, "edges": "[(819, 824, 0), (824, 879, 0), (879, 875, 0), (875, 819, 0)]", "area": 14108.363677064868, "roundabout": false}, "geometry": {"type": "Polygon", "coordinates": [[[19.0179995, 47.424839300000066], [19.018010699999998, 47.424881600000006], [19.018179399999998, 47.42552260000006], [19.020489700000002, 47.42514540000001], [19.020289699999996, 47.424488499999995], [19.020270899999986, 47.4244269], [19.019040800000003, 47.42465150000002], [19.0181024, 47.42482279999998], [19.0179995, 47.424839300000066]]]}}, {"id": "253", "type": "Feature", "properties": {"index": 253, "n_sides": 4, "edges": "[(771, 766, 0), (766, 729, 0), (729, 737, 0), (737, 771, 0)]", "area": 12812.800186946553, "roundabout": false}, "geometry": {"type": "Polygon", "coordinates": [[[19.016195300000007, 47.42420480000002], [19.015606599999998, 47.423156300000024], [19.014304299999996, 47.42360570000004], [19.0148149, 47.42452090000001], [19.016195300000007, 47.42420480000002]]]}}, {"id": "254", "type": "Feature", "properties": {"index": 254, "n_sides": 4, "edges": "[(771, 811, 0), (811, 804, 0), (804, 766, 0), (766, 771, 0)]", "area": 14104.182340281724, "roundabout": false}, "geometry": {"type": "Polygon", "coordinates": [[[19.016195300000007, 47.42420480000002], [19.0167254, 47.42409910000001], [19.017547900000007, 47.423935000000014], [19.017231699999993, 47.42334210000005], [19.016923899999995, 47.42276490000005], [19.016410099999995, 47.422917600000055], [19.015606599999998, 47.423156300000024], [19.016195300000007, 47.42420480000002]]]}}, {"id": "255", "type": "Feature", "properties": {"index": 255, "n_sides": 4, "edges": "[(806, 779, 0), (779, 759, 0), (759, 757, 0), (757, 801, 0), (801, 806, 0)]", "area": 13554.065484873068, "roundabout": false}, "geometry": {"type": "Polygon", "coordinates": [[[19.017688700000004, 47.4269623], [19.0169721, 47.42701310000001], [19.016136199999995, 47.427071400000024], [19.015887300000003, 47.42708880000003], [19.015969800000004, 47.42796660000005], [19.016037000000004, 47.42796269999998], [19.017783, 47.427861800000024], [19.017688700000004, 47.4269623]]]}}, {"id": "256", "type": "Feature", "properties": {"index": 256, "n_sides": 5, "edges": "[(806, 801, 0), (801, 855, 0), (855, 893, 0), (893, 887, 0), (887, 829, 0), (829, 806, 0)]", "area": 25136.404371296656, "roundabout": false}, "geometry": {"type": "Polygon", "coordinates": [[[19.017688700000004, 47.4269623], [19.017783, 47.427861800000024], [19.019287699999996, 47.42775260000001], [19.0194073, 47.42774880000002], [19.019500399999995, 47.427755100000006], [19.019626699999996, 47.42777390000004], [19.0197211, 47.42779970000001], [19.019806599999995, 47.42783080000001], [19.01990039999999, 47.42787200000005], [19.019966999999998, 47.42790830000002], [19.020041299999995, 47.42794770000001], [19.020208600000007, 47.427836900000024], [19.020534, 47.42764070000006], [19.020754299999997, 47.42750460000004], [19.021097799999996, 47.42730680000002], [19.0211615, 47.427271100000056], [19.021123900000006, 47.42723980000001], [19.021111299999994, 47.427221200000055], [19.021109900000003, 47.42720129999999], [19.0211447, 47.426961400000074], [19.0211411, 47.426938400000026], [19.02112019999999, 47.426921200000024], [19.020955600000004, 47.4268595], [19.020933499999998, 47.42684610000003], [19.0209252, 47.426829500000025], [19.020933799999995, 47.42677130000005], [19.0185321, 47.426902599999984], [19.017688700000004, 47.4269623]]]}}, {"id": "257", "type": "Feature", "properties": {"index": 257, "n_sides": 4, "edges": "[(824, 825, 0), (825, 826, 0), (826, 884, 0), (884, 882, 0), (882, 879, 0), (879, 824, 0)]", "area": 16974.202670145525, "roundabout": false}, "geometry": {"type": "Polygon", "coordinates": [[[19.018179399999998, 47.42552260000006], [19.018262, 47.42583630000004], [19.018274399999992, 47.425989099999995], [19.018363299999997, 47.42635710000002], [19.018374, 47.426390400000024], [19.0207342, 47.42593200000001], [19.020723299999997, 47.42589650000005], [19.020579299999998, 47.42543580000002], [19.020489700000002, 47.42514540000001], [19.018179399999998, 47.42552260000006]]]}}, {"id": "258", "type": "Feature", "properties": {"index": 258, "n_sides": 4, "edges": "[(875, 879, 0), (879, 882, 0), (882, 910, 0), (910, 909, 0), (909, 889, 0), (889, 875, 0)]", "area": 8284.920780978724, "roundabout": false}, "geometry": {"type": "Polygon", "coordinates": [[[19.020270899999986, 47.4244269], [19.020289699999996, 47.424488499999995], [19.020489700000002, 47.42514540000001], [19.020579299999998, 47.42543580000002], [19.020817700000002, 47.4253981], [19.021140399999997, 47.42534710000003], [19.02146709999999, 47.425295400000024], [19.021248500000002, 47.42433640000004], [19.0212319, 47.42425960000001], [19.020540100000005, 47.42437840000003], [19.020270899999986, 47.4244269]]]}}, {"id": "259", "type": "Feature", "properties": {"index": 259, "n_sides": 4, "edges": "[(9, 18, 0), (18, 17, 0), (17, 16, 0), (16, 9, 0)]", "area": 26535.73192379718, "roundabout": false}, "geometry": {"type": "Polygon", "coordinates": [[[18.961516300000007, 47.41483780000004], [18.96166879999999, 47.41492280000002], [18.9618317, 47.41500270000003], [18.962032899999997, 47.41509160000007], [18.962245499999998, 47.41517340000001], [18.962400299999995, 47.415224600000045], [18.962560199999995, 47.415274900000036], [18.962765899999994, 47.415330700000034], [18.9629412, 47.41537070000003], [18.963098399999996, 47.41540240000004], [18.963272299999993, 47.41543200000004], [18.963471200000008, 47.415456400000025], [18.963655600000003, 47.41547280000004], [18.963855100000004, 47.41548270000002], [18.9640918, 47.415484000000035], [18.9644656, 47.415477800000005], [18.9649335, 47.415460100000004], [18.965648099999996, 47.41543330000004], [18.965625399999997, 47.41528519999999], [18.965373599999996, 47.415131200000005], [18.965243399999995, 47.41504140000001], [18.965250800000007, 47.41501540000004], [18.9652305, 47.414966200000045], [18.9649878, 47.41476110000004], [18.964740799999994, 47.41452060000006], [18.9642883, 47.414186199999996], [18.964104200000005, 47.414213500000045], [18.963848300000002, 47.41425960000002], [18.963258000000003, 47.414378300000024], [18.96303939999999, 47.41443920000004], [18.962676499999997, 47.41457740000004], [18.962466899999995, 47.41464150000004], [18.961861899999995, 47.414777200000046], [18.961631499999992, 47.414818300000036], [18.96158509999999, 47.41482660000003], [18.961516300000007, 47.41483780000004]]]}}, {"id": "260", "type": "Feature", "properties": {"index": 260, "n_sides": 5, "edges": "[(139, 174, 0), (174, 166, 0), (166, 144, 0), (144, 131, 0), (131, 116, 0), (116, 113, 0), (113, 118, 0), (118, 134, 0), (134, 139, 0)]", "area": 38281.054598293886, "roundabout": false}, "geometry": {"type": "Polygon", "coordinates": [[[18.983063800000004, 47.39358420000001], [18.9837755, 47.393211700000016], [18.984163700000003, 47.39299830000002], [18.9842262, 47.392952600000044], [18.984278699999994, 47.39291420000001], [18.984524600000007, 47.392668500000035], [18.98453769999999, 47.39265540000003], [18.9845936, 47.392591900000006], [18.984266799999993, 47.39248390000006], [18.983790299999995, 47.39231100000004], [18.983611899999993, 47.39224260000002], [18.983388499999997, 47.392146499999996], [18.983054199999994, 47.39199060000001], [18.982910300000007, 47.391914799999995], [18.9828124, 47.39185420000004], [18.9827026, 47.391775900000056], [18.982243299999997, 47.39143229999998], [18.981924699999997, 47.39121430000006], [18.9818246, 47.39129420000002], [18.981197399999996, 47.39179460000004], [18.980788700000005, 47.392101100000005], [18.980579800000008, 47.392381600000014], [18.980653399999994, 47.39242560000005], [18.980688800000003, 47.39244510000007], [18.981161899999993, 47.392704899999984], [18.981788000000005, 47.39300570000004], [18.982386799999997, 47.39327370000005], [18.983063800000004, 47.39358420000001]]]}}, {"id": "261", "type": "Feature", "properties": {"index": 261, "n_sides": 6, "edges": "[(158, 218, 0), (218, 217, 0), (217, 219, 0), (219, 224, 0), (224, 215, 0), (215, 196, 0), (196, 188, 0), (188, 176, 0), (176, 155, 0), (155, 149, 0), (149, 158, 0)]", "area": 66070.15089168331, "roundabout": false}, "geometry": {"type": "Polygon", "coordinates": [[[18.986500400000004, 47.40754690000003], [18.986838100000003, 47.407463600000035], [18.987327399999998, 47.407381700000045], [18.987741400000004, 47.40737460000006], [18.98814589999999, 47.4074782], [18.988315799999988, 47.407493000000045], [18.988493199999994, 47.40752210000002], [18.988681099999994, 47.40754710000005], [18.9888937, 47.40756590000003], [18.989103200000006, 47.40758250000003], [18.989512999999995, 47.40764089999999], [18.989987499999998, 47.40772640000004], [18.990185999999998, 47.40780800000006], [18.9901579, 47.4076348], [18.9899835, 47.406705200000026], [18.989897000000003, 47.406138900000045], [18.989879599999988, 47.40573500000003], [18.989898399999998, 47.40472450000005], [18.9898923, 47.40470290000005], [18.989873699999993, 47.40467570000003], [18.98972729999999, 47.4047133], [18.989568899999988, 47.40474329999999], [18.98937689999999, 47.40477180000007], [18.987933500000004, 47.40498660000001], [18.987942999999998, 47.405039500000036], [18.9876539, 47.40633250000003], [18.987258999999998, 47.40632320000003], [18.987075700000002, 47.40634970000001], [18.9866047, 47.40633350000002], [18.986147399999997, 47.40642370000004], [18.9860052, 47.40697370000001], [18.985923399999994, 47.407616900000036], [18.986500400000004, 47.40754690000003]]]}}, {"id": "263", "type": "Feature", "properties": {"index": 263, "n_sides": 4, "edges": "[(158, 149, 0), (149, 136, 0), (136, 124, 0), (124, 119, 0), (119, 114, 0), (114, 137, 0), (137, 158, 0)]", "area": 61803.20153179397, "roundabout": false}, "geometry": {"type": "Polygon", "coordinates": [[[18.986500400000004, 47.40754690000003], [18.985923399999994, 47.407616900000036], [18.985612400000004, 47.4076826], [18.985261, 47.407706000000005], [18.98509170000001, 47.40773270000002], [18.984972399999997, 47.40781210000003], [18.9847991, 47.40843420000003], [18.984657299999995, 47.408504200000046], [18.984495799999998, 47.40853940000001], [18.984380000000005, 47.4086105], [18.984278699999994, 47.40876630000004], [18.984119700000004, 47.40948160000001], [18.984025399999993, 47.41070300000001], [18.98399059999999, 47.411153900000016], [18.984450099999997, 47.41128270000006], [18.984600999999994, 47.41131080000002], [18.984743100000003, 47.411322200000036], [18.984903399999993, 47.41132630000004], [18.9852729, 47.411301800000004], [18.985500199999997, 47.411292200000005], [18.9859964, 47.41128720000004], [18.986023899999996, 47.41120329999997], [18.9860447, 47.411111600000005], [18.986068099999994, 47.410904300000034], [18.986109699999997, 47.41057430000003], [18.986141899999996, 47.41047680000001], [18.986187500000003, 47.41040830000003], [18.986329299999998, 47.41023880000006], [18.98635779999999, 47.41019200000005], [18.986370900000004, 47.41015300000002], [18.986380300000008, 47.41009760000005], [18.986385600000002, 47.40982460000003], [18.986357199999993, 47.40930960000005], [18.9864842, 47.4082013], [18.986500400000004, 47.40754690000003]]]}}, {"id": "264", "type": "Feature", "properties": {"index": 264, "n_sides": 4, "edges": "[(218, 216, 0), (216, 229, 0), (229, 233, 0), (233, 239, 0), (239, 246, 0), (246, 252, 0), (252, 254, 0), (254, 253, 0), (253, 224, 0), (224, 219, 0), (219, 217, 0), (217, 218, 0)]", "area": 50100.062676695845, "roundabout": false}, "geometry": {"type": "Polygon", "coordinates": [[[18.990185999999998, 47.40780800000006], [18.990247699999998, 47.40803580000001], [18.990264399999994, 47.40815380000004], [18.990259699999992, 47.408309000000024], [18.990243299999996, 47.40838980000001], [18.990368099999998, 47.40843330000003], [18.990483400000002, 47.408470099999995], [18.99086989999999, 47.408583899999996], [18.990924999999997, 47.40860040000005], [18.990967199999996, 47.40806210000001], [18.9909874, 47.40794050000002], [18.991017499999998, 47.407844800000014], [18.991075900000002, 47.4077054], [18.9913785, 47.407104400000016], [18.991395399999995, 47.40707810000002], [18.991581700000005, 47.40670310000001], [18.991641899999998, 47.406537], [18.9916823, 47.40639470000006], [18.991719499999988, 47.406202300000025], [18.9917311, 47.40606270000003], [18.9917229, 47.40580710000004], [18.991667300000007, 47.40543800000003], [18.991458700000003, 47.40420300000006], [18.9914203, 47.40398950000006], [18.9913278, 47.40403430000003], [18.9910303, 47.40416590000003], [18.990946200000003, 47.40420400000003], [18.990653099999996, 47.40433100000004], [18.98997719999999, 47.40463480000002], [18.989873699999993, 47.40467570000003], [18.9898923, 47.40470290000005], [18.989898399999998, 47.40472450000005], [18.989879599999988, 47.40573500000003], [18.989897000000003, 47.406138900000045], [18.9899835, 47.406705200000026], [18.9901579, 47.4076348], [18.990185999999998, 47.40780800000006]]]}}, {"id": "265", "type": "Feature", "properties": {"index": 265, "n_sides": 5, "edges": "[(149, 155, 0), (155, 162, 0), (162, 150, 0), (150, 127, 0), (127, 112, 0), (112, 106, 0), (106, 101, 0), (101, 136, 0), (136, 149, 0)]", "area": 70948.62148623074, "roundabout": false}, "geometry": {"type": "Polygon", "coordinates": [[[18.985923399999994, 47.407616900000036], [18.9860052, 47.40697370000001], [18.986147399999997, 47.40642370000004], [18.986397699999994, 47.4052734], [18.986407100000005, 47.40522150000003], [18.9862643, 47.40523390000001], [18.9860473, 47.405244500000016], [18.985570500000005, 47.405258600000025], [18.985080700000005, 47.40526850000002], [18.984819199999993, 47.405268700000065], [18.984474299999995, 47.40525890000002], [18.984082499999992, 47.40524440000005], [18.982732000000002, 47.40518150000003], [18.9827134, 47.40523520000005], [18.9824628, 47.40596290000003], [18.98208979999999, 47.40700629999996], [18.982730799999995, 47.407232600000015], [18.982957700000007, 47.407287700000005], [18.983547099999992, 47.40740010000003], [18.985261, 47.407706000000005], [18.985612400000004, 47.4076826], [18.985923399999994, 47.407616900000036]]]}}, {"id": "266", "type": "Feature", "properties": {"index": 266, "n_sides": 3, "edges": "[(284, 294, 0), (294, 293, 0), (293, 284, 0)]", "area": 1556.1328134031482, "roundabout": false}, "geometry": {"type": "Polygon", "coordinates": [[[18.9983253, 47.42947940000001], [18.998877599999993, 47.42968470000006], [18.998941, 47.42970120000006], [18.998996, 47.42970210000002], [18.999058600000005, 47.42969170000005], [18.998909199999996, 47.42926850000003], [18.998899099999992, 47.42917630000001], [18.9983253, 47.42947940000001]]]}}, {"id": "267", "type": "Feature", "properties": {"index": 267, "n_sides": 4, "edges": "[(284, 293, 0), (293, 290, 0), (290, 272, 0), (272, 277, 0), (277, 284, 0)]", "area": 18684.991669250918, "roundabout": false}, "geometry": {"type": "Polygon", "coordinates": [[[18.9983253, 47.42947940000001], [18.998899099999992, 47.42917630000001], [18.998891800000003, 47.4291102], [18.998563499999996, 47.42787360000006], [18.9983743, 47.427181300000015], [18.997129100000002, 47.427439600000014], [18.99769699999999, 47.42854370000002], [18.998053900000002, 47.42924000000003], [18.9981309, 47.42932820000001], [18.9981949, 47.42939700000004], [18.99826420000001, 47.429445000000044], [18.9983253, 47.42947940000001]]]}}, {"id": "268", "type": "Feature", "properties": {"index": 268, "n_sides": 5, "edges": "[(256, 282, 0), (282, 287, 0), (287, 301, 0), (301, 283, 0), (283, 263, 0), (263, 226, 0), (226, 240, 0), (240, 256, 0)]", "area": 59987.033781446255, "roundabout": false}, "geometry": {"type": "Polygon", "coordinates": [[[18.990146099999997, 47.39640280000001], [18.990853599999994, 47.395639700000004], [18.99089409999999, 47.395616800000035], [18.9909354, 47.395612100000015], [18.990981999999992, 47.39561850000004], [18.9920606, 47.39607740000002], [18.992192699999997, 47.39613310000006], [18.992281799999997, 47.39617060000006], [18.992337600000003, 47.39619410000003], [18.9926907, 47.39584190000004], [18.992936699999994, 47.39559500000002], [18.992955300000002, 47.395576400000046], [18.993390899999998, 47.39514080000003], [18.9934032, 47.39512780000004], [18.993476500000003, 47.395050400000024], [18.993145499999997, 47.39490830000001], [18.99262419999999, 47.39468440000003], [18.99217829999999, 47.39449280000002], [18.9902834, 47.39367920000006], [18.990218899999995, 47.39374700000005], [18.990201699999993, 47.39376480000005], [18.989732599999996, 47.39427600000002], [18.9884348, 47.395689299999994], [18.9894164, 47.39609800000001], [18.989663399999994, 47.396200900000025], [18.990146099999997, 47.39640280000001]]]}}, {"id": "269", "type": "Feature", "properties": {"index": 269, "n_sides": 3, "edges": "[(256, 260, 0), (260, 269, 0), (269, 282, 0), (282, 256, 0)]", "area": 13461.147113399642, "roundabout": false}, "geometry": {"type": "Polygon", "coordinates": [[[18.990146099999997, 47.39640280000001], [18.990290799999993, 47.39646330000002], [18.991353199999995, 47.39691490000006], [18.99154419999999, 47.39698410000005], [18.992298, 47.39623370000003], [18.992337600000003, 47.39619410000003], [18.992281799999997, 47.39617060000006], [18.992192699999997, 47.39613310000006], [18.9920606, 47.39607740000002], [18.990981999999992, 47.39561850000004], [18.9909354, 47.395612100000015], [18.99089409999999, 47.395616800000035], [18.990853599999994, 47.395639700000004], [18.990146099999997, 47.39640280000001]]]}}, {"id": "270", "type": "Feature", "properties": {"index": 270, "n_sides": 4, "edges": "[(256, 240, 0), (240, 228, 0), (228, 237, 0), (237, 260, 0), (260, 256, 0)]", "area": 6325.708323322175, "roundabout": false}, "geometry": {"type": "Polygon", "coordinates": [[[18.990146099999997, 47.39640280000001], [18.989663399999994, 47.396200900000025], [18.989620300000002, 47.39624820000005], [18.988868, 47.397074199999985], [18.9894537, 47.39731830000002], [18.9894916, 47.39733410000003], [18.990246300000003, 47.39651179999999], [18.990290799999993, 47.39646330000002], [18.990146099999997, 47.39640280000001]]]}}, {"id": "271", "type": "Feature", "properties": {"index": 271, "n_sides": 4, "edges": "[(282, 269, 0), (269, 281, 0), (281, 300, 0), (300, 287, 0), (287, 282, 0)]", "area": 12848.65454815284, "roundabout": false}, "geometry": {"type": "Polygon", "coordinates": [[[18.992337600000003, 47.39619410000003], [18.992298, 47.39623370000003], [18.99154419999999, 47.39698410000005], [18.991645100000003, 47.397026900000036], [18.992511399999994, 47.39739480000002], [18.992676799999995, 47.39721839999998], [18.992958100000003, 47.39691859999999], [18.993238899999994, 47.39661920000004], [18.9935328, 47.39630600000005], [18.9936039, 47.39623020000001], [18.9927843, 47.395882600000014], [18.9926907, 47.39584190000004], [18.992337600000003, 47.39619410000003]]]}}, {"id": "272", "type": "Feature", "properties": {"index": 272, "n_sides": 4, "edges": "[(240, 226, 0), (226, 200, 0), (200, 177, 0), (177, 210, 0), (210, 228, 0), (228, 240, 0)]", "area": 36018.061174789924, "roundabout": false}, "geometry": {"type": "Polygon", "coordinates": [[[18.989663399999994, 47.396200900000025], [18.9894164, 47.39609800000001], [18.9884348, 47.395689299999994], [18.987047300000004, 47.39721110000003], [18.985840299999992, 47.39852280000002], [18.986166599999994, 47.39855780000001], [18.9863883, 47.398567500000055], [18.9865342, 47.39856250000004], [18.986644100000003, 47.39854260000001], [18.9867445, 47.39851000000002], [18.986831500000005, 47.39845880000001], [18.9868908, 47.39841480000002], [18.986919100000005, 47.398370100000044], [18.986951899999998, 47.39835370000003], [18.986993599999998, 47.39834380000003], [18.987431300000004, 47.39835030000001], [18.987827199999998, 47.39835620000002], [18.9878283, 47.39831930000004], [18.9878297, 47.398270200000034], [18.9878672, 47.398197700000026], [18.988868, 47.397074199999985], [18.989620300000002, 47.39624820000005], [18.989663399999994, 47.396200900000025]]]}}, {"id": "273", "type": "Feature", "properties": {"index": 273, "n_sides": 3, "edges": "[(301, 287, 0), (287, 300, 0), (300, 337, 0), (337, 396, 0), (396, 346, 0), (346, 338, 0), (338, 301, 0)]", "area": 44371.096943286735, "roundabout": false}, "geometry": {"type": "Polygon", "coordinates": [[[18.993476500000003, 47.395050400000024], [18.9934032, 47.39512780000004], [18.993390899999998, 47.39514080000003], [18.992955300000002, 47.395576400000046], [18.992936699999994, 47.39559500000002], [18.9926907, 47.39584190000004], [18.9927843, 47.395882600000014], [18.9936039, 47.39623020000001], [18.995683799999995, 47.39711220000004], [18.997269500000005, 47.397781700000024], [18.997340600000005, 47.39780879999999], [18.997418199999995, 47.397814599999975], [18.997487399999994, 47.39780340000003], [18.9975502, 47.39777020000006], [18.998142799999997, 47.39714920000005], [18.99817099999999, 47.39712020000002], [18.998207900000004, 47.39708240000006], [18.9981432, 47.39705460000003], [18.995885499999996, 47.39608500000005], [18.995510099999994, 47.395923800000034], [18.993476500000003, 47.395050400000024]]]}}, {"id": "274", "type": "Feature", "properties": {"index": 274, "n_sides": 3, "edges": "[(528, 571, 0), (571, 577, 0), (577, 572, 0), (572, 625, 0), (625, 528, 0)]", "area": 52676.775914367456, "roundabout": false}, "geometry": {"type": "Polygon", "coordinates": [[[19.010167099999997, 47.44129180000004], [19.010672700000004, 47.44185760000006], [19.01073119999999, 47.44194390000004], [19.010765, 47.442041699999976], [19.010775799999994, 47.442130800000044], [19.010769999999997, 47.44237120000004], [19.01077589999999, 47.442439000000036], [19.010790399999998, 47.44250210000003], [19.0108205, 47.44257960000004], [19.010853900000008, 47.442642300000024], [19.010920999999993, 47.44272729999999], [19.010991500000006, 47.44279540000003], [19.011155099999993, 47.44293450000001], [19.011534300000005, 47.44318870000001], [19.011764399999993, 47.443344700000054], [19.011824200000003, 47.44337650000003], [19.011850899999995, 47.44339060000003], [19.011954999999993, 47.44342310000001], [19.012022599999998, 47.443439800000036], [19.012090600000008, 47.44344920000002], [19.012158399999993, 47.44344940000002], [19.012241599999992, 47.443437900000006], [19.0124538, 47.44340550000006], [19.012435399999994, 47.44333380000006], [19.012421800000002, 47.44328580000006], [19.012227300000003, 47.44258580000003], [19.0120866, 47.44203290000006], [19.012059, 47.441855000000025], [19.01205469999999, 47.44174170000006], [19.012063500000004, 47.44166330000003], [19.012077599999987, 47.44154970000004], [19.0121038, 47.44142340000003], [19.0121292, 47.44134340000005], [19.0121743, 47.44124790000002], [19.0122722, 47.44105550000003], [19.0125839, 47.44042980000001], [19.012652099999997, 47.440288600000045], [19.012719300000004, 47.440097600000044], [19.012994100000004, 47.439210600000045], [19.013028999999992, 47.439057100000014], [19.0130406, 47.439006100000014], [19.013082599999997, 47.43887060000001], [19.013119099999997, 47.43876900000005], [19.013151300000004, 47.43869220000003], [19.013321499999993, 47.43841740000001], [19.013097200000004, 47.43864520000006], [19.0129881, 47.43874580000006], [19.0128615, 47.43884430000005], [19.012639999999994, 47.438993600000046], [19.012169, 47.439300900000035], [19.0117529, 47.43955070000001], [19.011532699999993, 47.439685700000034], [19.011287600000003, 47.43991410000004], [19.011134299999995, 47.44006100000002], [19.011039900000004, 47.440169699999984], [19.010961500000004, 47.44026660000002], [19.010167099999997, 47.44129180000004]]]}}, {"id": "275", "type": "Feature", "properties": {"index": 275, "n_sides": 4, "edges": "[(572, 577, 0), (577, 745, 0), (745, 739, 0), (739, 572, 0)]", "area": 42798.93740622256, "roundabout": false}, "geometry": {"type": "Polygon", "coordinates": [[[19.012227300000003, 47.44258580000003], [19.012421800000002, 47.44328580000006], [19.012435399999994, 47.44333380000006], [19.0124538, 47.44340550000006], [19.0125965, 47.44338659999999], [19.012861100000002, 47.44334680000004], [19.013177700000004, 47.443285900000035], [19.0181782, 47.44224120000005], [19.0181544, 47.4421867], [19.0181497, 47.44217780000005], [19.017827400000005, 47.44147240000003], [19.017822599999995, 47.441393600000005], [19.01705739999999, 47.441621], [19.016862699999997, 47.44167330000004], [19.0167613, 47.44169790000001], [19.016670800000007, 47.441709600000024], [19.016500100000002, 47.44172490000002], [19.016173299999995, 47.441754300000014], [19.016036299999993, 47.441769800000024], [19.015781999999994, 47.441806500000034], [19.015612699999988, 47.44183440000003], [19.015464699999992, 47.44186050000002], [19.015110899999996, 47.44193310000003], [19.01454770000001, 47.44205650000005], [19.014259200000005, 47.442120800000026], [19.013945599999996, 47.44220270000005], [19.01295800000001, 47.442459100000036], [19.012706099999992, 47.442508700000026], [19.012350799999997, 47.442565600000016], [19.012227300000003, 47.44258580000003]]]}}, {"id": "276", "type": "Feature", "properties": {"index": 276, "n_sides": 4, "edges": "[(593, 659, 0), (659, 661, 0), (661, 624, 0), (624, 593, 0)]", "area": 28343.73518289492, "roundabout": false}, "geometry": {"type": "Polygon", "coordinates": [[[19.01352729999999, 47.44619670000006], [19.0138218, 47.44663219999999], [19.013933299999998, 47.4468094], [19.014026699999995, 47.446960900000036], [19.014598400000008, 47.448215000000026], [19.014752599999998, 47.448543600000015], [19.014861799999995, 47.44851130000004], [19.0158577, 47.44825830000001], [19.0156438, 47.447798400000046], [19.015530299999998, 47.44757840000004], [19.0154832, 47.447425100000004], [19.0154812, 47.44730610000004], [19.0154871, 47.447222300000035], [19.015516299999998, 47.44711629999999], [19.0155511, 47.44702459999997], [19.0156146, 47.44693280000005], [19.015802200000003, 47.44669900000007], [19.015494099999998, 47.44656410000005], [19.015212999999996, 47.4464097], [19.0150301, 47.446298200000015], [19.014872199999996, 47.44616920000003], [19.014697100000003, 47.445985300000025], [19.0145765, 47.44581690000001], [19.0143871, 47.445863999999986], [19.0142326, 47.445914300000034], [19.013785600000006, 47.446089000000015], [19.0136229, 47.44616230000001], [19.01352729999999, 47.44619670000006]]]}}, {"id": "277", "type": "Feature", "properties": {"index": 277, "n_sides": 4, "edges": "[(601, 614, 0), (614, 620, 0), (620, 626, 0), (626, 633, 0), (633, 694, 0), (694, 700, 0), (700, 676, 0), (676, 604, 0), (604, 601, 0)]", "area": 46551.918987092424, "roundabout": false}, "geometry": {"type": "Polygon", "coordinates": [[[19.011453800000005, 47.43273890000004], [19.011455299999998, 47.43278440000002], [19.011464600000007, 47.432852800000006], [19.011481899999996, 47.432936200000015], [19.01149609999999, 47.4329904], [19.0115404, 47.433090500000006], [19.011614999999992, 47.43319650000005], [19.011730399999994, 47.433325500000045], [19.011808, 47.43341220000004], [19.012164399999993, 47.43382020000002], [19.012655499999994, 47.43439860000004], [19.012848499999993, 47.43462910000002], [19.012867999999997, 47.43466040000003], [19.012927799999996, 47.43475610000002], [19.013004999999993, 47.434739500000035], [19.0134884, 47.43460760000001], [19.013681500000004, 47.434539300000004], [19.013796900000003, 47.43448230000002], [19.014077700000005, 47.43429490000002], [19.0143094, 47.434133200000026], [19.014610199999993, 47.43387980000001], [19.0146644, 47.433832000000024], [19.014740399999994, 47.43376500000001], [19.014912299999995, 47.433541600000005], [19.013780299999997, 47.431992200000046], [19.0137477, 47.43194790000003], [19.012956000000003, 47.4322907], [19.012510300000002, 47.4324817], [19.012315500000003, 47.43254810000003], [19.012141300000007, 47.43259850000002], [19.011944399999994, 47.43264550000001], [19.011794899999995, 47.43267090000006], [19.0116735, 47.43267270000004], [19.011561399999994, 47.4326594], [19.011525899999995, 47.4326519], [19.011464599999996, 47.43263960000006], [19.011453800000005, 47.43273890000004]]]}}, {"id": "278", "type": "Feature", "properties": {"index": 278, "n_sides": 3, "edges": "[(659, 684, 0), (684, 661, 0), (661, 659, 0)]", "area": 11953.052032966321, "roundabout": false}, "geometry": {"type": "Polygon", "coordinates": [[[19.0158577, 47.44825830000001], [19.01690849999999, 47.447992400000025], [19.016533100000004, 47.44714150000001], [19.016498899999995, 47.44706790000003], [19.016433199999998, 47.44698410000005], [19.0163759, 47.44693840000005], [19.016301700000003, 47.446889800000065], [19.0162079, 47.44685220000002], [19.015802200000003, 47.44669900000007], [19.0156146, 47.44693280000005], [19.0155511, 47.44702459999997], [19.015516299999998, 47.44711629999999], [19.0154871, 47.447222300000035], [19.0154812, 47.44730610000004], [19.0154832, 47.447425100000004], [19.015530299999998, 47.44757840000004], [19.0156438, 47.447798400000046], [19.0158577, 47.44825830000001]]]}}, {"id": "279", "type": "Feature", "properties": {"index": 279, "n_sides": 4, "edges": "[(660, 624, 0), (624, 661, 0), (661, 684, 0), (684, 704, 0), (704, 672, 0), (672, 660, 0)]", "area": 24140.617301122766, "roundabout": false}, "geometry": {"type": "Polygon", "coordinates": [[[19.015560999999995, 47.44559300000003], [19.0145765, 47.44581690000001], [19.014697100000003, 47.445985300000025], [19.014872199999996, 47.44616920000003], [19.0150301, 47.446298200000015], [19.015212999999996, 47.4464097], [19.015494099999998, 47.44656410000005], [19.015802200000003, 47.44669900000007], [19.0162079, 47.44685220000002], [19.016301700000003, 47.446889800000065], [19.0163759, 47.44693840000005], [19.016433199999998, 47.44698410000005], [19.016498899999995, 47.44706790000003], [19.016533100000004, 47.44714150000001], [19.01690849999999, 47.447992400000025], [19.017660699999993, 47.4477952], [19.0175868, 47.44764020000004], [19.0172871, 47.447011800000055], [19.0171176, 47.446655200000016], [19.016946399999995, 47.4464304], [19.016819699999996, 47.44626399999999], [19.016530799999998, 47.44597810000002], [19.0159727, 47.445451000000006], [19.015780999999997, 47.44552680000006], [19.015560999999995, 47.44559300000003]]]}}, {"id": "280", "type": "Feature", "properties": {"index": 280, "n_sides": 3, "edges": "[(965, 1081, 0), (1081, 949, 0), (949, 965, 0)]", "area": 30029.8150017985, "roundabout": false}, "geometry": {"type": "Polygon", "coordinates": [[[19.026761199999992, 47.44183410000003], [19.0269026, 47.441695999999986], [19.027082199999995, 47.44153059999999], [19.027223099999997, 47.44144290000004], [19.027393999999994, 47.441330600000015], [19.027630199999994, 47.44119570000003], [19.0278548, 47.44109990000004], [19.0293288, 47.440471400000064], [19.030246899999998, 47.43996550000002], [19.0303066, 47.4399326], [19.030194599999998, 47.439867699999986], [19.030105099999997, 47.4398025], [19.0300491, 47.43976180000005], [19.029925400000003, 47.43965660000003], [19.0297682, 47.439473500000055], [19.0297028, 47.43942850000004], [19.0296307, 47.43941030000001], [19.029562200000004, 47.43940820000004], [19.029464600000004, 47.43942940000003], [19.0286022, 47.439753000000024], [19.028338899999998, 47.43987279999999], [19.0270565, 47.4405391], [19.026169299999996, 47.44100970000002], [19.026053299999997, 47.44106240000003], [19.0266476, 47.441737500000016], [19.026676, 47.441772200000024], [19.026718100000004, 47.441802800000005], [19.026761199999992, 47.44183410000003]]]}}, {"id": "281", "type": "Feature", "properties": {"index": 281, "n_sides": 4, "edges": "[(949, 1081, 0), (1081, 1127, 0), (1127, 1102, 0), (1102, 934, 0), (934, 949, 0)]", "area": 52023.217385751006, "roundabout": false}, "geometry": {"type": "Polygon", "coordinates": [[[19.026053299999997, 47.44106240000003], [19.026169299999996, 47.44100970000002], [19.0270565, 47.4405391], [19.028338899999998, 47.43987279999999], [19.0286022, 47.439753000000024], [19.029464600000004, 47.43942940000003], [19.029562200000004, 47.43940820000004], [19.0296307, 47.43941030000001], [19.0297028, 47.43942850000004], [19.0297682, 47.439473500000055], [19.029925400000003, 47.43965660000003], [19.0300491, 47.43976180000005], [19.030105099999997, 47.4398025], [19.030194599999998, 47.439867699999986], [19.0303066, 47.4399326], [19.0309176, 47.43958720000005], [19.0310658, 47.43951430000003], [19.031297200000004, 47.4394355], [19.031790899999997, 47.43930720000005], [19.0319781, 47.43925840000004], [19.032142499999996, 47.439200700000036], [19.032224699999993, 47.439163200000024], [19.032290599999996, 47.43912540000005], [19.032314600000007, 47.43909260000002], [19.032321999999994, 47.43904930000002], [19.032324600000003, 47.43881960000001], [19.032348899999995, 47.43863900000004], [19.0323802, 47.438504100000074], [19.032337500000004, 47.43843870000001], [19.032248699999997, 47.438369700000024], [19.0321222, 47.438312800000006], [19.031970700000002, 47.438277100000015], [19.031811400000002, 47.438273499999994], [19.031628699999995, 47.43827870000002], [19.031470500000005, 47.4382906], [19.031310600000005, 47.43832030000002], [19.030967800000003, 47.43840420000002], [19.030929899999997, 47.438415000000035], [19.030598799999993, 47.43851630000002], [19.030406499999998, 47.438562000000054], [19.028807899999997, 47.438877499999975], [19.02858369999999, 47.438938900000046], [19.028295299999993, 47.43904640000003], [19.0279016, 47.4392217], [19.027098799999997, 47.4396697], [19.026848799999993, 47.43979230000006], [19.026085099999996, 47.440091500000044], [19.0254407, 47.440349600000026], [19.026053299999997, 47.44106240000003]]]}}, {"id": "282", "type": "Feature", "properties": {"index": 282, "n_sides": 4, "edges": "[(1072, 1090, 0), (1090, 1060, 0), (1060, 1044, 0), (1044, 1067, 0), (1067, 1072, 0)]", "area": 9614.901993441777, "roundabout": false}, "geometry": {"type": "Polygon", "coordinates": [[[19.02888829999999, 47.432515900000034], [19.0294432, 47.43221720000002], [19.029411199999988, 47.432181900000025], [19.02884889999999, 47.43170470000004], [19.028288099999997, 47.43122890000004], [19.0279731, 47.4314203], [19.027607100000004, 47.431640800000054], [19.027913199999993, 47.43190730000005], [19.02810929999999, 47.43207810000002], [19.028462500000007, 47.43238570000003], [19.028676699999995, 47.432572200000024], [19.028716899999992, 47.43260719999999], [19.02888829999999, 47.432515900000034]]]}}, {"id": "283", "type": "Feature", "properties": {"index": 283, "n_sides": 7, "edges": "[(1072, 1067, 0), (1067, 1056, 0), (1056, 1073, 0), (1073, 1088, 0), (1088, 1058, 0), (1058, 991, 0), (991, 1023, 0), (1023, 1083, 0), (1083, 1122, 0), (1122, 1072, 0)]", "area": 40516.94345495611, "roundabout": false}, "geometry": {"type": "Polygon", "coordinates": [[[19.02888829999999, 47.432515900000034], [19.028716899999992, 47.43260719999999], [19.028305899999992, 47.432811700000066], [19.028333, 47.43284400000004], [19.029139999999995, 47.43383250000004], [19.029689599999998, 47.43393390000002], [19.029634100000003, 47.434059200000036], [19.029603700000006, 47.43409040000007], [19.0295522, 47.434127700000026], [19.029387799999995, 47.43422280000004], [19.029239699999998, 47.434283500000056], [19.029204699999998, 47.434297800000046], [19.028816499999994, 47.43444400000005], [19.0287677, 47.434434600000024], [19.028627300000004, 47.43429100000004], [19.027491999999995, 47.435072900000065], [19.0273593, 47.435158900000005], [19.027201199999997, 47.4352416], [19.0267117, 47.43542409999999], [19.02663249999999, 47.43545210000002], [19.026796900000004, 47.43556869999999], [19.026870599999988, 47.435608700000046], [19.026946799999997, 47.43563050000006], [19.0270545, 47.43564750000005], [19.027216599999996, 47.435655700000005], [19.027752099999994, 47.43563679999999], [19.0279828, 47.43562200000005], [19.0281526, 47.43559510000005], [19.028336699999993, 47.43555219999999], [19.028493199999996, 47.43550790000003], [19.028604199999997, 47.43546830000002], [19.029031900000003, 47.435257900000046], [19.029521399999993, 47.43498690000001], [19.029831999999992, 47.4348226], [19.029937399999998, 47.43475000000002], [19.030505600000005, 47.43430860000001], [19.0309931, 47.43394520000005], [19.031246599999996, 47.43372580000001], [19.0303145, 47.43333330000002], [19.0294344, 47.43294100000004], [19.029360699999998, 47.432899400000025], [19.0289343, 47.43255490000003], [19.02888829999999, 47.432515900000034]]]}}, {"id": "284", "type": "Feature", "properties": {"index": 284, "n_sides": 4, "edges": "[(1171, 1107, 0), (1107, 1104, 0), (1104, 1175, 0), (1175, 1171, 0)]", "area": 18376.63005316436, "roundabout": false}, "geometry": {"type": "Polygon", "coordinates": [[[19.030736499999996, 47.417569800000024], [19.030024199999996, 47.417652600000004], [19.0299095, 47.41766250000003], [19.029789699999995, 47.41766330000005], [19.0291617, 47.417649300000036], [19.028271, 47.41757970000004], [19.0276178, 47.41752860000004], [19.027480099999995, 47.41812100000002], [19.027556399999995, 47.4181468], [19.0308155, 47.41839770000005], [19.030879100000003, 47.4183994], [19.030958600000005, 47.41838310000001], [19.0309424, 47.41832389999999], [19.030818599999996, 47.41787030000002], [19.030736499999996, 47.417569800000024]]]}}, {"id": "285", "type": "Feature", "properties": {"index": 285, "n_sides": 3, "edges": "[(1171, 1175, 0), (1175, 1192, 0), (1192, 1216, 0), (1216, 1204, 0), (1204, 1193, 0), (1193, 1185, 0), (1185, 1168, 0), (1168, 1171, 0)]", "area": 14881.795280611826, "roundabout": false}, "geometry": {"type": "Polygon", "coordinates": [[[19.030736499999996, 47.417569800000024], [19.030818599999996, 47.41787030000002], [19.0309424, 47.41832389999999], [19.030958600000005, 47.41838310000001], [19.031021300000003, 47.41837209999999], [19.031115200000002, 47.41836309999999], [19.031831199999996, 47.418330100000006], [19.032604799999994, 47.418294400000036], [19.032575599999998, 47.418255800000026], [19.03231039999999, 47.41789240000004], [19.0322641, 47.41783590000001], [19.032135799999995, 47.417714200000006], [19.032112700000006, 47.41769110000003], [19.0316479, 47.41722640000005], [19.0315705, 47.41715659999997], [19.031486300000005, 47.417088300000025], [19.031405400000004, 47.41703810000003], [19.031309099999994, 47.41699979999999], [19.0311852, 47.416969500000015], [19.030553799999993, 47.416900500000025], [19.030567599999994, 47.41695100000003], [19.030736499999996, 47.417569800000024]]]}}, {"id": "286", "type": "Feature", "properties": {"index": 286, "n_sides": 4, "edges": "[(943, 954, 0), (954, 974, 0), (974, 995, 0), (995, 968, 0), (968, 935, 0), (935, 943, 0)]", "area": 9424.369662711833, "roundabout": false}, "geometry": {"type": "Polygon", "coordinates": [[[19.021225899999997, 47.41466350000004], [19.021451999999993, 47.414782600000045], [19.0215312, 47.41482440000002], [19.021575900000006, 47.41478680000002], [19.022215500000005, 47.414249400000074], [19.022581299999995, 47.414003099999995], [19.0228627, 47.4137746], [19.022799, 47.413749800000005], [19.0219566, 47.413421900000024], [19.021003699999998, 47.41454560000002], [19.021225899999997, 47.41466350000004]]]}}, {"id": "287", "type": "Feature", "properties": {"index": 287, "n_sides": 4, "edges": "[(974, 954, 0), (954, 967, 0), (967, 977, 0), (977, 998, 0), (998, 974, 0)]", "area": 8282.36495044543, "roundabout": false}, "geometry": {"type": "Polygon", "coordinates": [[[19.022215500000005, 47.414249400000074], [19.021575900000006, 47.41478680000002], [19.0215312, 47.41482440000002], [19.0216091, 47.414877300000015], [19.02227020000001, 47.41532640000006], [19.022332000000002, 47.41536950000004], [19.022453599999995, 47.4154544], [19.022481199999998, 47.41546950000004], [19.023087600000004, 47.414544400000004], [19.022215500000005, 47.414249400000074]]]}}, {"id": "288", "type": "Feature", "properties": {"index": 288, "n_sides": 4, "edges": "[(974, 998, 0), (998, 1020, 0), (1020, 1011, 0), (1011, 995, 0), (995, 974, 0)]", "area": 7058.442879889767, "roundabout": false}, "geometry": {"type": "Polygon", "coordinates": [[[19.022215500000005, 47.414249400000074], [19.023087600000004, 47.414544400000004], [19.023823499999992, 47.41342259999999], [19.023503700000003, 47.413304000000025], [19.023439099999994, 47.41327890000001], [19.0228627, 47.4137746], [19.022581299999995, 47.414003099999995], [19.022215500000005, 47.414249400000074]]]}}, {"id": "289", "type": "Feature", "properties": {"index": 289, "n_sides": 4, "edges": "[(1028, 1004, 0), (1004, 985, 0), (985, 1011, 0), (1011, 1028, 0)]", "area": 6285.266534996806, "roundabout": false}, "geometry": {"type": "Polygon", "coordinates": [[[19.0239567, 47.412781500000044], [19.023850399999997, 47.41273880000002], [19.02286869999999, 47.41234960000001], [19.022418000000002, 47.41288600000004], [19.023337799999997, 47.413239900000065], [19.023439099999994, 47.41327890000001], [19.023686599999998, 47.4130568], [19.0239567, 47.412781500000044]]]}}, {"id": "290", "type": "Feature", "properties": {"index": 290, "n_sides": 4, "edges": "[(769, 747, 0), (747, 746, 0), (746, 688, 0), (688, 696, 0), (696, 741, 0), (741, 743, 0), (743, 787, 0), (787, 769, 0)]", "area": 37262.63566123961, "roundabout": false}, "geometry": {"type": "Polygon", "coordinates": [[[19.0136429, 47.41053600000005], [19.012560899999993, 47.409884500000025], [19.012524300000003, 47.40986199999999], [19.0119048, 47.41030290000001], [19.010668600000002, 47.41126420000004], [19.010933199999997, 47.41140910000001], [19.011575799999996, 47.41160880000001], [19.0116725, 47.4116457], [19.01261600000001, 47.412213900000005], [19.0126723, 47.41223930000002], [19.012752599999992, 47.41226500000006], [19.012817700000006, 47.41228420000005], [19.013178899999993, 47.411973300000014], [19.014313799999996, 47.4109435], [19.0136429, 47.41053600000005]]]}}, {"id": "291", "type": "Feature", "properties": {"index": 291, "n_sides": 4, "edges": "[(792, 787, 0), (787, 743, 0), (743, 768, 0), (768, 813, 0), (813, 792, 0)]", "area": 22764.528849867707, "roundabout": false}, "geometry": {"type": "Polygon", "coordinates": [[[19.014699899999993, 47.41121620000002], [19.0145193, 47.41108540000002], [19.014313799999996, 47.4109435], [19.013178899999993, 47.411973300000014], [19.012817700000006, 47.41228420000005], [19.0128896, 47.41231190000004], [19.013059900000002, 47.412397200000036], [19.013258999999994, 47.41250710000005], [19.013420600000003, 47.41261950000001], [19.0135917, 47.41273650000005], [19.013708000000005, 47.41283300000004], [19.013807999999994, 47.41292440000005], [19.01389809999999, 47.413010700000044], [19.0139572, 47.41308330000002], [19.01398659999999, 47.41314670000001], [19.01404159999999, 47.41313960000006], [19.0140802, 47.41311700000003], [19.0151627, 47.41198789999998], [19.01543089999999, 47.41172530000003], [19.0151029, 47.41150690000004], [19.014699899999993, 47.41121620000002]]]}}, {"id": "292", "type": "Feature", "properties": {"index": 292, "n_sides": 5, "edges": "[(743, 741, 0), (741, 728, 0), (728, 761, 0), (761, 765, 0), (765, 768, 0), (768, 743, 0)]", "area": 20908.976195776697, "roundabout": false}, "geometry": {"type": "Polygon", "coordinates": [[[19.012817700000006, 47.41228420000005], [19.012752599999992, 47.41226500000006], [19.012330100000003, 47.4125744], [19.0123551, 47.41263990000003], [19.012351299999995, 47.412666300000076], [19.012333199999997, 47.4126885], [19.011881199999998, 47.412995200000026], [19.011866300000005, 47.41301070000004], [19.0118537, 47.41303260000002], [19.011846999999996, 47.41305180000006], [19.0118484, 47.41307410000002], [19.011855399999998, 47.41309500000003], [19.011873599999994, 47.41311750000008], [19.0137469, 47.41436680000004], [19.0140078, 47.41419500000002], [19.013995099999995, 47.41405730000003], [19.013981200000003, 47.41382380000005], [19.01398659999999, 47.41314670000001], [19.0139572, 47.41308330000002], [19.01389809999999, 47.413010700000044], [19.013807999999994, 47.41292440000005], [19.013708000000005, 47.41283300000004], [19.0135917, 47.41273650000005], [19.013420600000003, 47.41261950000001], [19.013258999999994, 47.41250710000005], [19.013059900000002, 47.412397200000036], [19.0128896, 47.41231190000004], [19.012817700000006, 47.41228420000005]]]}}, {"id": "293", "type": "Feature", "properties": {"index": 293, "n_sides": 4, "edges": "[(1011, 985, 0), (985, 968, 0), (968, 995, 0), (995, 1011, 0)]", "area": 5793.393166603958, "roundabout": false}, "geometry": {"type": "Polygon", "coordinates": [[[19.023439099999994, 47.41327890000001], [19.023337799999997, 47.413239900000065], [19.022418000000002, 47.41288600000004], [19.0219566, 47.413421900000024], [19.022799, 47.413749800000005], [19.0228627, 47.4137746], [19.023439099999994, 47.41327890000001]]]}}, {"id": "294", "type": "Feature", "properties": {"index": 294, "n_sides": 3, "edges": "[(382, 436, 0), (436, 409, 0), (409, 382, 0)]", "area": 14588.192115360662, "roundabout": false}, "geometry": {"type": "Polygon", "coordinates": [[[19.0032872, 47.429204400000025], [19.0033335, 47.429258100000034], [19.003659699999996, 47.42977440000001], [19.003720600000005, 47.429847900000055], [19.0037593, 47.42988730000003], [19.0038314, 47.42992089999998], [19.003886599999994, 47.42993030000004], [19.003930399999998, 47.42992690000003], [19.004184399999993, 47.42974970000004], [19.005257099999998, 47.42903530000002], [19.004781200000004, 47.42875140000003], [19.003990600000005, 47.42823150000004], [19.003818299999995, 47.4283703], [19.003756299999992, 47.42844060000006], [19.0034835, 47.428904300000006], [19.0033266, 47.429170900000024], [19.0032872, 47.429204400000025]]]}}, {"id": "295", "type": "Feature", "properties": {"index": 295, "n_sides": 4, "edges": "[(409, 436, 0), (436, 444, 0), (444, 462, 0), (462, 428, 0), (428, 409, 0)]", "area": 9464.925297103135, "roundabout": false}, "geometry": {"type": "Polygon", "coordinates": [[[19.003990600000005, 47.42823150000004], [19.004781200000004, 47.42875140000003], [19.005257099999998, 47.42903530000002], [19.005501099999996, 47.42894810000003], [19.0059775, 47.42866980000003], [19.0045794, 47.42777480000004], [19.003990600000005, 47.42823150000004]]]}}, {"id": "296", "type": "Feature", "properties": {"index": 296, "n_sides": 5, "edges": "[(47, 84, 0), (84, 85, 0), (85, 70, 0), (70, 58, 0), (58, 57, 0), (57, 47, 0)]", "area": 90572.37714940749, "roundabout": false}, "geometry": {"type": "Polygon", "coordinates": [[[18.97583919999999, 47.41136160000003], [18.9761232, 47.411399200000034], [18.976686999999988, 47.41151400000003], [18.9776605, 47.4117265], [18.9779319, 47.41178150000004], [18.978685599999995, 47.41188529999999], [18.979018799999988, 47.41190670000005], [18.979379599999994, 47.411890899999996], [18.979732500000004, 47.411868300000016], [18.98006129999999, 47.411831600000006], [18.980174600000005, 47.41180980000001], [18.9805025, 47.41172850000006], [18.980592899999998, 47.41169730000006], [18.980859600000002, 47.4116267], [18.981025399999996, 47.411605699999996], [18.981371499999998, 47.41162000000003], [18.981425699999992, 47.411258600000046], [18.981003799999996, 47.41096730000002], [18.980838299999995, 47.41091390000003], [18.980530199999997, 47.410632599999985], [18.980328200000002, 47.41045480000002], [18.9801804, 47.410358900000034], [18.980013099999994, 47.41027610000005], [18.9798349, 47.41016879999999], [18.9797265, 47.410039600000026], [18.979681699999993, 47.40992040000005], [18.979662799999993, 47.40981220000002], [18.979618699999996, 47.40946740000002], [18.979424899999994, 47.409425400000046], [18.9787779, 47.40922690000003], [18.9784916, 47.40905319999998], [18.977100800000002, 47.4086133], [18.977062600000007, 47.40873310000002], [18.976873299999998, 47.4092043], [18.976585099999994, 47.40976420000002], [18.976044999999996, 47.41092090000003], [18.97583919999999, 47.41136160000003]]]}}, {"id": "298", "type": "Feature", "properties": {"index": 298, "n_sides": 3, "edges": "[(24, 29, 0), (29, 31, 0), (31, 35, 0), (35, 24, 0)]", "area": 23703.575082562766, "roundabout": false}, "geometry": {"type": "Polygon", "coordinates": [[[18.968548599999995, 47.40666170000005], [18.968720500000003, 47.406696400000016], [18.968850700000004, 47.406669800000046], [18.969132800000004, 47.406561900000014], [18.9694774, 47.40652840000001], [18.969875799999997, 47.4064679], [18.969994699999997, 47.406452600000044], [18.970291899999992, 47.406407900000005], [18.9704578, 47.40623020000001], [18.9708644, 47.40575729999999], [18.971006899999992, 47.40556900000002], [18.9711196, 47.40537020000007], [18.9712076, 47.40518110000004], [18.971395900000005, 47.40473820000002], [18.971469600000006, 47.40457850000003], [18.971582600000005, 47.404385899999994], [18.97187780000001, 47.403967300000005], [18.971747600000004, 47.40392190000007], [18.971664000000004, 47.403908900000054], [18.971564299999997, 47.40390470000001], [18.971468600000005, 47.40392130000006], [18.971389800000008, 47.403954999999996], [18.9712084, 47.4040926], [18.970780799999996, 47.40447580000004], [18.970566799999997, 47.40467820000003], [18.969330700000004, 47.4059659], [18.968548599999995, 47.40666170000005]]]}}, {"id": "299", "type": "Feature", "properties": {"index": 299, "n_sides": 4, "edges": "[(653, 709, 0), (709, 707, 0), (707, 654, 0), (654, 653, 0)]", "area": 28795.690901052712, "roundabout": false}, "geometry": {"type": "Polygon", "coordinates": [[[19.012552199999984, 47.430719800000034], [19.014305799999992, 47.43052340000005], [19.014791100000004, 47.43046990000003], [19.014777999999993, 47.43039830000004], [19.014479100000003, 47.42896320000007], [19.0137769, 47.42903520000005], [19.012289099999997, 47.429187700000014], [19.012326699999992, 47.42940640000002], [19.012449699999994, 47.43012120000004], [19.0125419, 47.43065740000004], [19.012552199999984, 47.430719800000034]]]}}, {"id": "300", "type": "Feature", "properties": {"index": 300, "n_sides": 4, "edges": "[(491, 654, 0), (654, 655, 0), (655, 647, 0), (647, 642, 0), (642, 536, 0), (536, 491, 0)]", "area": 47011.854602574844, "roundabout": false}, "geometry": {"type": "Polygon", "coordinates": [[[19.006956000000002, 47.42967330000004], [19.007060299999996, 47.42966830000002], [19.0071027, 47.42966750000006], [19.0073669, 47.42966220000006], [19.007799999999996, 47.42964950000003], [19.008062799999998, 47.42963440000005], [19.010702299999995, 47.429343300000006], [19.012289099999997, 47.429187700000014], [19.012263300000004, 47.42902550000005], [19.012162799999988, 47.42839399999999], [19.0120753, 47.42788660000001], [19.012024899999993, 47.427825600000034], [19.011941500000002, 47.42777090000005], [19.011883699999995, 47.427797000000034], [19.011301, 47.42805180000004], [19.011150300000004, 47.42810650000001], [19.010985699999992, 47.428153700000024], [19.010747999999996, 47.42820730000001], [19.010439599999998, 47.42826390000004], [19.010213499999995, 47.428295100000035], [19.010115700000007, 47.42830390000002], [19.009728899999995, 47.428334099999994], [19.009381699999995, 47.42833180000005], [19.00867849999999, 47.428322200000025], [19.008524200000004, 47.42832740000002], [19.008347899999993, 47.42834020000005], [19.0083047, 47.428337099999986], [19.0082361, 47.4283236], [19.008075000000005, 47.42847470000004], [19.0079292, 47.4286257], [19.00733739999999, 47.429291700000064], [19.007175399999998, 47.42946060000001], [19.006956000000002, 47.42967330000004]]]}}, {"id": "301", "type": "Feature", "properties": {"index": 301, "n_sides": 4, "edges": "[(709, 754, 0), (754, 755, 0), (755, 756, 0), (756, 752, 0), (752, 707, 0), (707, 709, 0)]", "area": 19942.61475937536, "roundabout": false}, "geometry": {"type": "Polygon", "coordinates": [[[19.014791100000004, 47.43046990000003], [19.016337499999995, 47.43031580000004], [19.016327899999993, 47.43025340000001], [19.0162481, 47.429733099999986], [19.016103099999995, 47.42886770000003], [19.016051499999993, 47.42887170000006], [19.015719300000004, 47.42889100000002], [19.014479100000003, 47.42896320000007], [19.014777999999993, 47.43039830000004], [19.014791100000004, 47.43046990000003]]]}}, {"id": "302", "type": "Feature", "properties": {"index": 302, "n_sides": 4, "edges": "[(654, 707, 0), (707, 706, 0), (706, 655, 0), (655, 654, 0)]", "area": 14370.15911363727, "roundabout": false}, "geometry": {"type": "Polygon", "coordinates": [[[19.012289099999997, 47.429187700000014], [19.0137769, 47.42903520000005], [19.014479100000003, 47.42896320000007], [19.0142994, 47.42817020000004], [19.013694, 47.428268600000045], [19.012162799999988, 47.42839399999999], [19.012263300000004, 47.42902550000005], [19.012289099999997, 47.429187700000014]]]}}, {"id": "303", "type": "Feature", "properties": {"index": 303, "n_sides": 4, "edges": "[(536, 642, 0), (642, 636, 0), (636, 629, 0), (629, 578, 0), (578, 568, 0), (568, 542, 0), (542, 536, 0)]", "area": 33738.3870022341, "roundabout": false}, "geometry": {"type": "Polygon", "coordinates": [[[19.0082361, 47.4283236], [19.0083047, 47.428337099999986], [19.008347899999993, 47.42834020000005], [19.008524200000004, 47.42832740000002], [19.00867849999999, 47.428322200000025], [19.009381699999995, 47.42833180000005], [19.009728899999995, 47.428334099999994], [19.010115700000007, 47.42830390000002], [19.010213499999995, 47.428295100000035], [19.010439599999998, 47.42826390000004], [19.010747999999996, 47.42820730000001], [19.010985699999992, 47.428153700000024], [19.011150300000004, 47.42810650000001], [19.011301, 47.42805180000004], [19.011883699999995, 47.427797000000034], [19.0118082, 47.42770850000004], [19.011771300000003, 47.4276269], [19.0117477, 47.42742300000001], [19.011729899999988, 47.42731940000003], [19.011705100000004, 47.427227300000006], [19.0116287, 47.427051699999986], [19.011311599999992, 47.42644010000001], [19.010975199999997, 47.42656590000001], [19.010629399999992, 47.4266781], [19.0105946, 47.42668569999999], [19.009584200000003, 47.42690510000001], [19.009513600000002, 47.42702280000007], [19.009328300000004, 47.42726540000001], [19.0092477, 47.4273686], [19.009171800000008, 47.42745670000005], [19.009046800000004, 47.42757800000003], [19.008366600000002, 47.428203200000034], [19.00830829999999, 47.428257000000045], [19.0082361, 47.4283236]]]}}, {"id": "304", "type": "Feature", "properties": {"index": 304, "n_sides": 4, "edges": "[(834, 867, 0), (867, 869, 0), (869, 855, 0), (855, 842, 0), (842, 834, 0)]", "area": 18175.091347023277, "roundabout": false}, "geometry": {"type": "Polygon", "coordinates": [[[19.019293799999996, 47.4300031], [19.020283199999994, 47.429864400000014], [19.020600999999996, 47.42982010000001], [19.0206364, 47.42981609999999], [19.020758099999995, 47.429812000000034], [19.020748500000003, 47.42972870000006], [19.020740499999995, 47.42967720000003], [19.020713199999996, 47.429501600000044], [19.020688199999995, 47.4293407], [19.020684400000004, 47.429316200000024], [19.02065989999999, 47.429158400000034], [19.020607100000007, 47.42878830000005], [19.020590399999993, 47.42868210000001], [19.020560099999994, 47.4285997], [19.02052009999999, 47.428508500000056], [19.020483599999995, 47.428433700000035], [19.02044279999999, 47.428361100000025], [19.0203644, 47.42824900000003], [19.020308099999994, 47.42817400000003], [19.020254700000002, 47.42810970000003], [19.020180699999994, 47.42803090000001], [19.020126799999993, 47.42799290000001], [19.020041299999995, 47.42794770000001], [19.0199645, 47.42799779999999], [19.0194087, 47.42837350000004], [19.0194412, 47.42839780000002], [19.019456999999996, 47.42842250000003], [19.01946159999999, 47.42845560000003], [19.0194509, 47.42878680000005], [19.019440499999995, 47.4288827], [19.019330900000003, 47.42954100000004], [19.0192746, 47.42987640000003], [19.019281100000004, 47.42996060000005], [19.019293799999996, 47.4300031]]]}}, {"id": "305", "type": "Feature", "properties": {"index": 305, "n_sides": 4, "edges": "[(834, 842, 0), (842, 800, 0), (800, 797, 0), (797, 793, 0), (793, 834, 0)]", "area": 16387.567823431324, "roundabout": false}, "geometry": {"type": "Polygon", "coordinates": [[[19.019293799999996, 47.4300031], [19.019281100000004, 47.42996060000005], [19.0192746, 47.42987640000003], [19.019330900000003, 47.42954100000004], [19.019440499999995, 47.4288827], [19.0194509, 47.42878680000005], [19.01946159999999, 47.42845560000003], [19.019456999999996, 47.42842250000003], [19.0194412, 47.42839780000002], [19.0194087, 47.42837350000004], [19.019208799999994, 47.428495500000025], [19.019018799999994, 47.428613700000014], [19.018815899999996, 47.42870200000001], [19.0185594, 47.428762500000005], [19.017930399999994, 47.42880080000003], [19.017970199999997, 47.429622099999996], [19.018003200000003, 47.43006320000001], [19.0180079, 47.43012530000001], [19.018039699999992, 47.430122300000015], [19.019293799999996, 47.4300031]]]}}, {"id": "306", "type": "Feature", "properties": {"index": 306, "n_sides": 5, "edges": "[(867, 955, 0), (955, 941, 0), (941, 899, 0), (899, 869, 0), (869, 867, 0)]", "area": 31279.27186340101, "roundabout": false}, "geometry": {"type": "Polygon", "coordinates": [[[19.020758099999995, 47.429812000000034], [19.0209746, 47.42980470000007], [19.021401, 47.42979030000002], [19.021601199999996, 47.42978280000003], [19.0217123, 47.4297723], [19.021866799999994, 47.42975110000001], [19.022008399999997, 47.42971490000002], [19.0221494, 47.42967720000003], [19.022270599999995, 47.42963550000001], [19.0223904, 47.42958770000005], [19.0224905, 47.429538699999995], [19.022591600000002, 47.429481100000054], [19.022694299999998, 47.429415200000015], [19.0228876, 47.429266500000026], [19.0230256, 47.42917910000002], [19.0231816, 47.429088000000014], [19.0234282, 47.42895940000002], [19.023559499999998, 47.42889950000003], [19.0236957, 47.42884280000003], [19.023976700000002, 47.4287365], [19.02369789999999, 47.42823290000006], [19.023536300000004, 47.42794020000003], [19.023506599999997, 47.427877000000045], [19.023446700000004, 47.42788470000002], [19.0233482, 47.42790820000001], [19.023334699999992, 47.42791150000003], [19.023038000000003, 47.42798239999998], [19.0228532, 47.42802610000004], [19.022818399999995, 47.42803430000006], [19.0228087, 47.42803660000005], [19.022678999999997, 47.42806740000005], [19.022661099999997, 47.428071600000024], [19.022548000000004, 47.42809830000004], [19.022390200000007, 47.42813570000001], [19.022350799999998, 47.428144999999994], [19.021777099999994, 47.42827780000001], [19.02172139999999, 47.42828460000002], [19.02164399999999, 47.42828509999999], [19.0216422, 47.42832450000002], [19.02163790000001, 47.42841640000002], [19.0216101, 47.428598500000035], [19.0216047, 47.42862480000001], [19.021596, 47.428646600000036], [19.0215739, 47.42868650000001], [19.021539399999995, 47.42871940000006], [19.02149259999999, 47.42875030000001], [19.021429799999993, 47.42877650000004], [19.021367999999995, 47.42878500000005], [19.021298999999996, 47.42878650000005], [19.0211487, 47.42878690000001], [19.021061499999995, 47.42878710000001], [19.0210449, 47.42878710000001], [19.020658599999994, 47.42878810000004], [19.020607100000007, 47.42878830000005], [19.02065989999999, 47.429158400000034], [19.020684400000004, 47.429316200000024], [19.020688199999995, 47.4293407], [19.020713199999996, 47.429501600000044], [19.020740499999995, 47.42967720000003], [19.020748500000003, 47.42972870000006], [19.020758099999995, 47.429812000000034]]]}}, {"id": "307", "type": "Feature", "properties": {"index": 307, "n_sides": 3, "edges": "[(842, 855, 0), (855, 801, 0), (801, 800, 0), (800, 842, 0)]", "area": 13340.498928997364, "roundabout": false}, "geometry": {"type": "Polygon", "coordinates": [[[19.0194087, 47.42837350000004], [19.0199645, 47.42799779999999], [19.020041299999995, 47.42794770000001], [19.019966999999998, 47.42790830000002], [19.01990039999999, 47.42787200000005], [19.019806599999995, 47.42783080000001], [19.0197211, 47.42779970000001], [19.019626699999996, 47.42777390000004], [19.019500399999995, 47.427755100000006], [19.0194073, 47.42774880000002], [19.019287699999996, 47.42775260000001], [19.017783, 47.427861800000024], [19.0178854, 47.42851440000003], [19.017930399999994, 47.42880080000003], [19.0185594, 47.428762500000005], [19.018815899999996, 47.42870200000001], [19.019018799999994, 47.428613700000014], [19.019208799999994, 47.428495500000025], [19.0194087, 47.42837350000004]]]}}, {"id": "308", "type": "Feature", "properties": {"index": 308, "n_sides": 4, "edges": "[(754, 793, 0), (793, 797, 0), (797, 755, 0), (755, 754, 0)]", "area": 7805.283416739033, "roundabout": false}, "geometry": {"type": "Polygon", "coordinates": [[[19.016337499999995, 47.43031580000004], [19.0180079, 47.43012530000001], [19.018003200000003, 47.43006320000001], [19.017970199999997, 47.429622099999996], [19.0162481, 47.429733099999986], [19.016327899999993, 47.43025340000001], [19.016337499999995, 47.43031580000004]]]}}, {"id": "309", "type": "Feature", "properties": {"index": 309, "n_sides": 4, "edges": "[(941, 955, 0), (955, 1089, 0), (1089, 1094, 0), (1094, 1018, 0), (1018, 941, 0)]", "area": 34926.020220158374, "roundabout": false}, "geometry": {"type": "Polygon", "coordinates": [[[19.023506599999997, 47.427877000000045], [19.023536300000004, 47.42794020000003], [19.02369789999999, 47.42823290000006], [19.023976700000002, 47.4287365], [19.0240371, 47.42871870000005], [19.02405709999999, 47.428712800000014], [19.0247164, 47.4285358], [19.0254738, 47.42838250000001], [19.026236399999995, 47.42823100000004], [19.0274526, 47.42798930000001], [19.0285497, 47.427781800000055], [19.028616199999995, 47.4277814], [19.028705500000004, 47.42703830000002], [19.027919899999997, 47.42710040000006], [19.027745599999996, 47.42712940000002], [19.02691809999999, 47.42734160000004], [19.0262327, 47.427410300000034], [19.026172199999998, 47.4274164], [19.025224800000004, 47.4275014], [19.0235496, 47.42787140000002], [19.023506599999997, 47.427877000000045]]]}}, {"id": "310", "type": "Feature", "properties": {"index": 310, "n_sides": 4, "edges": "[(941, 939, 0), (939, 896, 0), (896, 899, 0), (899, 941, 0)]", "area": 20096.73634155679, "roundabout": false}, "geometry": {"type": "Polygon", "coordinates": [[[19.023506599999997, 47.427877000000045], [19.023457499999996, 47.427730200000006], [19.023394, 47.427491200000006], [19.0232069, 47.42661750000001], [19.023115299999997, 47.426630200000005], [19.022413699999998, 47.42682500000002], [19.0223881, 47.426832200000035], [19.022040099999998, 47.42694370000004], [19.0213862, 47.42717310000001], [19.021228899999997, 47.42723880000003], [19.021258599999992, 47.42726780000006], [19.0212805, 47.42729820000004], [19.021289699999997, 47.427315200000045], [19.021296199999995, 47.427327100000035], [19.0213255, 47.427384200000006], [19.02143540000001, 47.42760630000001], [19.021483799999995, 47.427704000000034], [19.021536699999995, 47.42780730000004], [19.021569899999996, 47.42786759999999], [19.0215872, 47.42790160000002], [19.021610199999994, 47.427953200000054], [19.0216168, 47.427969400000066], [19.0216313, 47.428041500000035], [19.021639699999998, 47.42812710000004], [19.0216419, 47.42820770000002], [19.02164399999999, 47.42828509999999], [19.02172139999999, 47.42828460000002], [19.021777099999994, 47.42827780000001], [19.022350799999998, 47.428144999999994], [19.022390200000007, 47.42813570000001], [19.022548000000004, 47.42809830000004], [19.022661099999997, 47.428071600000024], [19.022678999999997, 47.42806740000005], [19.0228087, 47.42803660000005], [19.022818399999995, 47.42803430000006], [19.0228532, 47.42802610000004], [19.023038000000003, 47.42798239999998], [19.023334699999992, 47.42791150000003], [19.0233482, 47.42790820000001], [19.023446700000004, 47.42788470000002], [19.023506599999997, 47.427877000000045]]]}}, {"id": "311", "type": "Feature", "properties": {"index": 311, "n_sides": 4, "edges": "[(941, 1018, 0), (1018, 1019, 0), (1019, 1008, 0), (1008, 971, 0), (971, 939, 0), (939, 941, 0)]", "area": 28047.511562123284, "roundabout": false}, "geometry": {"type": "Polygon", "coordinates": [[[19.023506599999997, 47.427877000000045], [19.0235496, 47.42787140000002], [19.025224800000004, 47.4275014], [19.026172199999998, 47.4274164], [19.026063099999995, 47.42632590000001], [19.025599999999994, 47.42635300000004], [19.02522769999999, 47.42637609999999], [19.024761, 47.42638880000002], [19.024536499999993, 47.426406800000045], [19.02428709999999, 47.4264391], [19.023294200000006, 47.426603699999994], [19.0232069, 47.42661750000001], [19.023394, 47.427491200000006], [19.023457499999996, 47.427730200000006], [19.023506599999997, 47.427877000000045]]]}}, {"id": "312", "type": "Feature", "properties": {"index": 312, "n_sides": 3, "edges": "[(869, 899, 0), (899, 896, 0), (896, 893, 0), (893, 855, 0), (855, 869, 0)]", "area": 13292.621518972916, "roundabout": false}, "geometry": {"type": "Polygon", "coordinates": [[[19.020607100000007, 47.42878830000005], [19.020658599999994, 47.42878810000004], [19.0210449, 47.42878710000001], [19.021061499999995, 47.42878710000001], [19.0211487, 47.42878690000001], [19.021298999999996, 47.42878650000005], [19.021367999999995, 47.42878500000005], [19.021429799999993, 47.42877650000004], [19.02149259999999, 47.42875030000001], [19.021539399999995, 47.42871940000006], [19.0215739, 47.42868650000001], [19.021596, 47.428646600000036], [19.0216047, 47.42862480000001], [19.0216101, 47.428598500000035], [19.02163790000001, 47.42841640000002], [19.0216422, 47.42832450000002], [19.02164399999999, 47.42828509999999], [19.0216419, 47.42820770000002], [19.021639699999998, 47.42812710000004], [19.0216313, 47.428041500000035], [19.0216168, 47.427969400000066], [19.021610199999994, 47.427953200000054], [19.0215872, 47.42790160000002], [19.021569899999996, 47.42786759999999], [19.021536699999995, 47.42780730000004], [19.021483799999995, 47.427704000000034], [19.02143540000001, 47.42760630000001], [19.0213255, 47.427384200000006], [19.021296199999995, 47.427327100000035], [19.021289699999997, 47.427315200000045], [19.0212805, 47.42729820000004], [19.021258599999992, 47.42726780000006], [19.021228899999997, 47.42723880000003], [19.0211615, 47.427271100000056], [19.021097799999996, 47.42730680000002], [19.020754299999997, 47.42750460000004], [19.020534, 47.42764070000006], [19.020208600000007, 47.427836900000024], [19.020041299999995, 47.42794770000001], [19.020126799999993, 47.42799290000001], [19.020180699999994, 47.42803090000001], [19.020254700000002, 47.42810970000003], [19.020308099999994, 47.42817400000003], [19.0203644, 47.42824900000003], [19.02044279999999, 47.428361100000025], [19.020483599999995, 47.428433700000035], [19.02052009999999, 47.428508500000056], [19.020560099999994, 47.4285997], [19.020590399999993, 47.42868210000001], [19.020607100000007, 47.42878830000005]]]}}, {"id": "313", "type": "Feature", "properties": {"index": 313, "n_sides": 8, "edges": "[(1094, 1089, 0), (1089, 1158, 0), (1158, 1161, 0), (1161, 1169, 0), (1169, 1148, 0), (1148, 1146, 0), (1146, 1119, 0), (1119, 1118, 0), (1118, 1110, 0), (1110, 1094, 0)]", "area": 27937.725792411362, "roundabout": false}, "geometry": {"type": "Polygon", "coordinates": [[[19.028705500000004, 47.42703830000002], [19.028616199999995, 47.4277814], [19.029450999999995, 47.42784759999999], [19.0295568, 47.42786770000002], [19.029663899999992, 47.4278797], [19.0297659, 47.427882100000005], [19.02984099999999, 47.427866000000044], [19.029999500000002, 47.42780130000006], [19.030228799999993, 47.427718400000025], [19.030641800000005, 47.42757610000002], [19.030806100000003, 47.427540100000044], [19.0309656, 47.42752400000002], [19.031133200000003, 47.42752100000003], [19.031332400000004, 47.427535899999995], [19.03205399999999, 47.427657700000026], [19.032129000000005, 47.42767080000004], [19.03219199999999, 47.427661100000016], [19.032407699999993, 47.4273258], [19.0316869, 47.427247200000004], [19.031650299999995, 47.427241200000026], [19.031627399999994, 47.42722309999999], [19.031619700000004, 47.42719970000003], [19.0314949, 47.42689190000004], [19.029873499999997, 47.42682980000002], [19.0297172, 47.42596590000003], [19.029216700000003, 47.426025900000035], [19.028976900000004, 47.426698500000015], [19.028873500000003, 47.42688200000004], [19.028705500000004, 47.42703830000002]]]}}, {"id": "314", "type": "Feature", "properties": {"index": 314, "n_sides": 4, "edges": "[(1094, 1110, 0), (1110, 1080, 0), (1080, 1051, 0), (1051, 1029, 0), (1029, 1019, 0), (1019, 1018, 0), (1018, 1094, 0)]", "area": 24498.92231783661, "roundabout": false}, "geometry": {"type": "Polygon", "coordinates": [[[19.028705500000004, 47.42703830000002], [19.028873500000003, 47.42688200000004], [19.028976900000004, 47.426698500000015], [19.029216700000003, 47.426025900000035], [19.027884999999994, 47.42616930000002], [19.0269997, 47.426252700000035], [19.026332399999998, 47.42630900000006], [19.026063099999995, 47.42632590000001], [19.026172199999998, 47.4274164], [19.0262327, 47.427410300000034], [19.02691809999999, 47.42734160000004], [19.027745599999996, 47.42712940000002], [19.027919899999997, 47.42710040000006], [19.028705500000004, 47.42703830000002]]]}}, {"id": "315", "type": "Feature", "properties": {"index": 315, "n_sides": 4, "edges": "[(800, 801, 0), (801, 757, 0), (757, 752, 0), (752, 756, 0), (756, 800, 0)]", "area": 14345.930592138568, "roundabout": false}, "geometry": {"type": "Polygon", "coordinates": [[[19.017930399999994, 47.42880080000003], [19.0178854, 47.42851440000003], [19.017783, 47.427861800000024], [19.016037000000004, 47.42796269999998], [19.015969800000004, 47.42796660000005], [19.016051499999993, 47.42887170000006], [19.016103099999995, 47.42886770000003], [19.016971999999992, 47.42883590000006], [19.017930399999994, 47.42880080000003]]]}}, {"id": "316", "type": "Feature", "properties": {"index": 316, "n_sides": 4, "edges": "[(800, 756, 0), (756, 755, 0), (755, 797, 0), (797, 800, 0)]", "area": 12622.967189608355, "roundabout": false}, "geometry": {"type": "Polygon", "coordinates": [[[19.017930399999994, 47.42880080000003], [19.016971999999992, 47.42883590000006], [19.016103099999995, 47.42886770000003], [19.0162481, 47.429733099999986], [19.017970199999997, 47.429622099999996], [19.017930399999994, 47.42880080000003]]]}}, {"id": "317", "type": "Feature", "properties": {"index": 317, "n_sides": 3, "edges": "[(896, 939, 0), (939, 888, 0), (888, 887, 0), (887, 893, 0), (893, 896, 0)]", "area": 8414.848276666227, "roundabout": false}, "geometry": {"type": "Polygon", "coordinates": [[[19.021228899999997, 47.42723880000003], [19.0213862, 47.42717310000001], [19.022040099999998, 47.42694370000004], [19.0223881, 47.426832200000035], [19.022413699999998, 47.42682500000002], [19.023115299999997, 47.426630200000005], [19.0232069, 47.42661750000001], [19.0231119, 47.42657970000005], [19.023024399999997, 47.42655650000004], [19.022727800000002, 47.42651350000002], [19.022130899999993, 47.4264266], [19.0220024, 47.42641780000004], [19.021694799999995, 47.426424300000015], [19.0209055, 47.426488400000046], [19.020948999999998, 47.42662950000006], [19.020950800000005, 47.42667250000004], [19.02093299999999, 47.42672450000003], [19.020933799999995, 47.42677130000005], [19.0209252, 47.426829500000025], [19.020933499999998, 47.42684610000003], [19.020955600000004, 47.4268595], [19.02112019999999, 47.426921200000024], [19.0211411, 47.426938400000026], [19.0211447, 47.426961400000074], [19.021109900000003, 47.42720129999999], [19.021111299999994, 47.427221200000055], [19.021123900000006, 47.42723980000001], [19.0211615, 47.427271100000056], [19.021228899999997, 47.42723880000003]]]}}, {"id": "318", "type": "Feature", "properties": {"index": 318, "n_sides": 5, "edges": "[(888, 939, 0), (939, 951, 0), (951, 924, 0), (924, 909, 0), (909, 910, 0), (910, 885, 0), (885, 888, 0)]", "area": 35731.26396446736, "roundabout": false}, "geometry": {"type": "Polygon", "coordinates": [[[19.0209055, 47.426488400000046], [19.021694799999995, 47.426424300000015], [19.0220024, 47.42641780000004], [19.022130899999993, 47.4264266], [19.022727800000002, 47.42651350000002], [19.023024399999997, 47.42655650000004], [19.0231119, 47.42657970000005], [19.0232069, 47.42661750000001], [19.023096799999998, 47.42411870000003], [19.023093699999997, 47.42404799999999], [19.021904300000003, 47.42418100000002], [19.0212319, 47.42425960000001], [19.021248500000002, 47.42433640000004], [19.02146709999999, 47.425295400000024], [19.02161119999999, 47.425910600000016], [19.021583699999997, 47.42599180000001], [19.0214956, 47.42601950000003], [19.020781199999995, 47.42608460000006], [19.0209055, 47.426488400000046]]]}}, {"id": "319", "type": "Feature", "properties": {"index": 319, "n_sides": 4, "edges": "[(888, 885, 0), (885, 884, 0), (884, 826, 0), (826, 829, 0), (829, 887, 0), (887, 888, 0)]", "area": 14110.801707335524, "roundabout": false}, "geometry": {"type": "Polygon", "coordinates": [[[19.0209055, 47.426488400000046], [19.020781199999995, 47.42608460000006], [19.0207342, 47.42593200000001], [19.018374, 47.426390400000024], [19.0185321, 47.426902599999984], [19.020933799999995, 47.42677130000005], [19.02093299999999, 47.42672450000003], [19.020950800000005, 47.42667250000004], [19.020948999999998, 47.42662950000006], [19.0209055, 47.426488400000046]]]}}, {"id": "320", "type": "Feature", "properties": {"index": 320, "n_sides": 4, "edges": "[(951, 939, 0), (939, 971, 0), (971, 973, 0), (973, 951, 0)]", "area": 20005.135108444327, "roundabout": false}, "geometry": {"type": "Polygon", "coordinates": [[[19.023093699999997, 47.42404799999999], [19.023096799999998, 47.42411870000003], [19.0232069, 47.42661750000001], [19.023294200000006, 47.426603699999994], [19.02428709999999, 47.4264391], [19.02388309999999, 47.42401150000003], [19.023873799999997, 47.4239586], [19.023093699999997, 47.42404799999999]]]}}, {"id": "321", "type": "Feature", "properties": {"index": 321, "n_sides": 4, "edges": "[(951, 953, 0), (953, 920, 0), (920, 924, 0), (924, 951, 0)]", "area": 6161.045535458456, "roundabout": false}, "geometry": {"type": "Polygon", "coordinates": [[[19.023093699999997, 47.42404799999999], [19.023089000000002, 47.42397160000005], [19.023032099999998, 47.42343630000005], [19.021732200000002, 47.42364659999999], [19.021886299999995, 47.42412770000004], [19.0218915, 47.42414310000003], [19.021904300000003, 47.42418100000002], [19.023093699999997, 47.42404799999999]]]}}, {"id": "322", "type": "Feature", "properties": {"index": 322, "n_sides": 4, "edges": "[(951, 973, 0), (973, 996, 0), (996, 993, 0), (993, 953, 0), (953, 951, 0)]", "area": 8459.074851767604, "roundabout": false}, "geometry": {"type": "Polygon", "coordinates": [[[19.023093699999997, 47.42404799999999], [19.023873799999997, 47.4239586], [19.024713100000003, 47.42385120000003], [19.024684099999995, 47.42376310000001], [19.0244985, 47.42319910000001], [19.023032099999998, 47.42343630000005], [19.023089000000002, 47.42397160000005], [19.023093699999997, 47.42404799999999]]]}}, {"id": "323", "type": "Feature", "properties": {"index": 323, "n_sides": 3, "edges": "[(1110, 1118, 0), (1118, 1116, 0), (1116, 1101, 0), (1101, 1080, 0), (1080, 1110, 0)]", "area": 3893.248276653002, "roundabout": false}, "geometry": {"type": "Polygon", "coordinates": [[[19.029216700000003, 47.426025900000035], [19.0297172, 47.42596590000003], [19.0296135, 47.425524500000044], [19.029475699999995, 47.42561300000002], [19.029326600000005, 47.42567530000007], [19.028646899999995, 47.42581730000005], [19.028380800000004, 47.42588840000001], [19.027884999999994, 47.42616930000002], [19.029216700000003, 47.426025900000035]]]}}, {"id": "324", "type": "Feature", "properties": {"index": 324, "n_sides": 5, "edges": "[(1169, 1161, 0), (1161, 1187, 0), (1187, 1198, 0), (1198, 1207, 0), (1207, 1211, 0), (1211, 1201, 0), (1201, 1169, 0)]", "area": 13841.822308761657, "roundabout": false}, "geometry": {"type": "Polygon", "coordinates": [[[19.032407699999993, 47.4273258], [19.03219199999999, 47.427661100000016], [19.032202900000005, 47.427708100000004], [19.032234300000002, 47.42772889999999], [19.0323106, 47.42774500000002], [19.0324931, 47.427754700000065], [19.032829100000004, 47.42775250000004], [19.03310099999999, 47.427688599999996], [19.033080599999995, 47.42764720000003], [19.033082299999997, 47.427613000000036], [19.033143599999995, 47.42748299999999], [19.033386699999998, 47.42705040000005], [19.0335317, 47.42683630000003], [19.03380279999999, 47.426541300000004], [19.0338349, 47.42652449999999], [19.0338731, 47.42651530000002], [19.033785999999996, 47.4262187], [19.03373439999999, 47.426054000000036], [19.033715599999994, 47.425828400000064], [19.033699599999995, 47.42535850000004], [19.033538799999995, 47.425398300000005], [19.032691599999996, 47.42684210000002], [19.032407699999993, 47.4273258]]]}}, {"id": "325", "type": "Feature", "properties": {"index": 325, "n_sides": 4, "edges": "[(1169, 1201, 0), (1201, 1181, 0), (1181, 1148, 0), (1148, 1169, 0)]", "area": 13314.744322977334, "roundabout": false}, "geometry": {"type": "Polygon", "coordinates": [[[19.032407699999993, 47.4273258], [19.032691599999996, 47.42684210000002], [19.033538799999995, 47.425398300000005], [19.03291079999999, 47.42552930000005], [19.03250269999999, 47.425590700000065], [19.031619700000004, 47.42719970000003], [19.031627399999994, 47.42722309999999], [19.031650299999995, 47.427241200000026], [19.0316869, 47.427247200000004], [19.032407699999993, 47.4273258]]]}}, {"id": "326", "type": "Feature", "properties": {"index": 326, "n_sides": 4, "edges": "[(1116, 1118, 0), (1118, 1143, 0), (1143, 1156, 0), (1156, 1135, 0), (1135, 1114, 0), (1114, 1116, 0)]", "area": 7810.278167286073, "roundabout": false}, "geometry": {"type": "Polygon", "coordinates": [[[19.0296135, 47.425524500000044], [19.0297172, 47.42596590000003], [19.0312101, 47.42573870000004], [19.0316113, 47.4256899], [19.0307146, 47.425158599999996], [19.029575199999993, 47.42544400000003], [19.0296135, 47.425524500000044]]]}}, {"id": "327", "type": "Feature", "properties": {"index": 327, "n_sides": 3, "edges": "[(1116, 1114, 0), (1114, 1109, 0), (1109, 1101, 0), (1101, 1116, 0)]", "area": 18390.37990768612, "roundabout": false}, "geometry": {"type": "Polygon", "coordinates": [[[19.0296135, 47.425524500000044], [19.029575199999993, 47.42544400000003], [19.029246599999997, 47.42486590000004], [19.028795100000004, 47.42396080000002], [19.028788499999994, 47.423902899999995], [19.028617499999996, 47.42374330000004], [19.028491199999994, 47.42371830000001], [19.027631300000003, 47.423749499999985], [19.027580400000005, 47.42379920000002], [19.0275965, 47.42382970000001], [19.028617899999993, 47.42576240000002], [19.028646899999995, 47.42581730000005], [19.029326600000005, 47.42567530000007], [19.029475699999995, 47.42561300000002], [19.0296135, 47.425524500000044]]]}}, {"id": "328", "type": "Feature", "properties": {"index": 328, "n_sides": 4, "edges": "[(1143, 1118, 0), (1118, 1119, 0), (1119, 1146, 0), (1146, 1143, 0)]", "area": 13326.301306661851, "roundabout": false}, "geometry": {"type": "Polygon", "coordinates": [[[19.0312101, 47.42573870000004], [19.0297172, 47.42596590000003], [19.029873499999997, 47.42682980000002], [19.0314949, 47.42689190000004], [19.0312101, 47.42573870000004]]]}}, {"id": "329", "type": "Feature", "properties": {"index": 329, "n_sides": 3, "edges": "[(1143, 1146, 0), (1146, 1148, 0), (1148, 1181, 0), (1181, 1165, 0), (1165, 1156, 0), (1156, 1143, 0)]", "area": 8410.761609472236, "roundabout": false}, "geometry": {"type": "Polygon", "coordinates": [[[19.0312101, 47.42573870000004], [19.0314949, 47.42689190000004], [19.031619700000004, 47.42719970000003], [19.03250269999999, 47.425590700000065], [19.032009400000003, 47.42564980000002], [19.0316113, 47.4256899], [19.0312101, 47.42573870000004]]]}}, {"id": "330", "type": "Feature", "properties": {"index": 330, "n_sides": 4, "edges": "[(1051, 1080, 0), (1080, 1052, 0), (1052, 1038, 0), (1038, 1051, 0)]", "area": 17313.982595232665, "roundabout": false}, "geometry": {"type": "Polygon", "coordinates": [[[19.0269997, 47.426252700000035], [19.027884999999994, 47.42616930000002], [19.027596700000004, 47.42558420000005], [19.027229199999997, 47.42483840000001], [19.02665799999999, 47.42367910000004], [19.0265626, 47.42348550000007], [19.0265356, 47.42343070000001], [19.026008899999997, 47.42365609999999], [19.026033499999997, 47.42372060000001], [19.026208299999997, 47.42417880000004], [19.026832799999994, 47.4258152], [19.026981299999996, 47.42620460000001], [19.0269997, 47.426252700000035]]]}}, {"id": "331", "type": "Feature", "properties": {"index": 331, "n_sides": 4, "edges": "[(1051, 1038, 0), (1038, 1014, 0), (1014, 1029, 0), (1029, 1051, 0)]", "area": 14312.635876132454, "roundabout": false}, "geometry": {"type": "Polygon", "coordinates": [[[19.0269997, 47.426252700000035], [19.026981299999996, 47.42620460000001], [19.026832799999994, 47.4258152], [19.026208299999997, 47.42417880000004], [19.026033499999997, 47.42372060000001], [19.026008899999997, 47.42365609999999], [19.025861000000003, 47.42369400000002], [19.0254056, 47.42375450000002], [19.025429100000007, 47.423819200000025], [19.0255496, 47.424151300000005], [19.0261829, 47.425897000000006], [19.026332399999998, 47.42630900000006], [19.0269997, 47.426252700000035]]]}}, {"id": "332", "type": "Feature", "properties": {"index": 332, "n_sides": 4, "edges": "[(1019, 1029, 0), (1029, 1014, 0), (1014, 996, 0), (996, 1008, 0), (1008, 1019, 0)]", "area": 15647.542691645975, "roundabout": false}, "geometry": {"type": "Polygon", "coordinates": [[[19.026063099999995, 47.42632590000001], [19.026332399999998, 47.42630900000006], [19.0261829, 47.425897000000006], [19.0255496, 47.424151300000005], [19.025429100000007, 47.423819200000025], [19.0254056, 47.42375450000002], [19.024713100000003, 47.42385120000003], [19.024732399999998, 47.423905800000014], [19.024880899999996, 47.424324600000006], [19.025482999999994, 47.426023099999995], [19.025599999999994, 47.42635300000004], [19.026063099999995, 47.42632590000001]]]}}, {"id": "333", "type": "Feature", "properties": {"index": 333, "n_sides": 5, "edges": "[(711, 694, 0), (694, 633, 0), (633, 639, 0), (639, 682, 0), (682, 711, 0)]", "area": 20033.400469762866, "roundabout": false}, "geometry": {"type": "Polygon", "coordinates": [[[19.015371599999998, 47.433635600000024], [19.014740399999994, 47.43376500000001], [19.0146644, 47.433832000000024], [19.014610199999993, 47.43387980000001], [19.0143094, 47.434133200000026], [19.014077700000005, 47.43429490000002], [19.013796900000003, 47.43448230000002], [19.013681500000004, 47.434539300000004], [19.0134884, 47.43460760000001], [19.013004999999993, 47.434739500000035], [19.012927799999996, 47.43475610000002], [19.013195599999992, 47.435532700000046], [19.013252900000005, 47.435524000000036], [19.013275500000002, 47.43552060000005], [19.01413429999999, 47.43539020000002], [19.0143352, 47.43539300000003], [19.014510899999994, 47.43542659999999], [19.0146751, 47.435459900000026], [19.014858199999992, 47.434898699999984], [19.015001099999996, 47.434618500000056], [19.015058399999997, 47.43451340000002], [19.015269800000002, 47.43419000000006], [19.015353799999993, 47.43402040000002], [19.015402699999996, 47.433863500000044], [19.015407899999992, 47.43374130000001], [19.0153824, 47.433667000000014], [19.015371599999998, 47.433635600000024]]]}}, {"id": "334", "type": "Feature", "properties": {"index": 334, "n_sides": 4, "edges": "[(711, 682, 0), (682, 716, 0), (716, 742, 0), (742, 711, 0)]", "area": 21259.871204590127, "roundabout": false}, "geometry": {"type": "Polygon", "coordinates": [[[19.015371599999998, 47.433635600000024], [19.0153824, 47.433667000000014], [19.015407899999992, 47.43374130000001], [19.015402699999996, 47.433863500000044], [19.015353799999993, 47.43402040000002], [19.015269800000002, 47.43419000000006], [19.015058399999997, 47.43451340000002], [19.015001099999996, 47.434618500000056], [19.014858199999992, 47.434898699999984], [19.0146751, 47.435459900000026], [19.014713499999992, 47.43547739999997], [19.0147752, 47.435515500000044], [19.014839, 47.4355307], [19.015970499999995, 47.43568730000003], [19.016042100000004, 47.435456], [19.016112499999995, 47.435191999999994], [19.016304000000005, 47.43467730000004], [19.0163818, 47.4344351], [19.016423699999994, 47.43423350000002], [19.016436700000003, 47.434101000000005], [19.0164234, 47.43400060000003], [19.016414399999995, 47.43384370000003], [19.016469799999992, 47.43352520000001], [19.0164752, 47.43349530000003], [19.016269500000007, 47.43350840000006], [19.0158768, 47.433555800000036], [19.0157464, 47.4335716], [19.015371599999998, 47.433635600000024]]]}}, {"id": "335", "type": "Feature", "properties": {"index": 335, "n_sides": 5, "edges": "[(682, 639, 0), (639, 641, 0), (641, 652, 0), (652, 702, 0), (702, 716, 0), (716, 682, 0)]", "area": 25931.871950739736, "roundabout": false}, "geometry": {"type": "Polygon", "coordinates": [[[19.0146751, 47.435459900000026], [19.014510899999994, 47.43542659999999], [19.0143352, 47.43539300000003], [19.01413429999999, 47.43539020000002], [19.013275500000002, 47.43552060000005], [19.013252900000005, 47.435524000000036], [19.013195599999992, 47.435532700000046], [19.013282900000007, 47.43579939999999], [19.0136001, 47.43685980000002], [19.013629099999992, 47.436987300000034], [19.013715599999998, 47.43696550000004], [19.01385519999999, 47.43693230000005], [19.014699199999992, 47.436731800000025], [19.01499999999999, 47.4366788], [19.015232200000003, 47.436656800000044], [19.015454099999996, 47.43664750000004], [19.015688600000004, 47.43665399999997], [19.0157085, 47.436591100000044], [19.0157143, 47.43657280000006], [19.015765100000003, 47.436411800000045], [19.0158131, 47.4362598], [19.015979499999993, 47.43573320000002], [19.015970499999995, 47.43568730000003], [19.014839, 47.4355307], [19.0147752, 47.435515500000044], [19.014713499999992, 47.43547739999997], [19.0146751, 47.435459900000026]]]}}, {"id": "336", "type": "Feature", "properties": {"index": 336, "n_sides": 4, "edges": "[(706, 707, 0), (707, 752, 0), (752, 757, 0), (757, 706, 0)]", "area": 11997.1310484113, "roundabout": false}, "geometry": {"type": "Polygon", "coordinates": [[[19.0142994, 47.42817020000004], [19.014479100000003, 47.42896320000007], [19.015719300000004, 47.42889100000002], [19.016051499999993, 47.42887170000006], [19.015969800000004, 47.42796660000005], [19.01539239999999, 47.428008200000065], [19.0149829, 47.428050000000006], [19.0142994, 47.42817020000004]]]}}, {"id": "337", "type": "Feature", "properties": {"index": 337, "n_sides": 4, "edges": "[(706, 705, 0), (705, 695, 0), (695, 647, 0), (647, 655, 0), (655, 706, 0)]", "area": 15444.840166631548, "roundabout": false}, "geometry": {"type": "Polygon", "coordinates": [[[19.0142994, 47.42817020000004], [19.0141272, 47.42728060000003], [19.013710899999996, 47.42733610000003], [19.012719899999993, 47.42749559999999], [19.012503699999996, 47.427546400000054], [19.012171799999994, 47.42766690000002], [19.01209439999999, 47.42770180000005], [19.011941500000002, 47.42777090000005], [19.012024899999993, 47.427825600000034], [19.0120753, 47.42788660000001], [19.012162799999988, 47.42839399999999], [19.013694, 47.428268600000045], [19.0142994, 47.42817020000004]]]}}, {"id": "338", "type": "Feature", "properties": {"index": 338, "n_sides": 4, "edges": "[(706, 757, 0), (757, 759, 0), (759, 705, 0), (705, 706, 0)]", "area": 12801.30102782215, "roundabout": false}, "geometry": {"type": "Polygon", "coordinates": [[[19.0142994, 47.42817020000004], [19.0149829, 47.428050000000006], [19.01539239999999, 47.428008200000065], [19.015969800000004, 47.42796660000005], [19.015887300000003, 47.42708880000003], [19.015196299999992, 47.427141900000066], [19.0141272, 47.42728060000003], [19.0142994, 47.42817020000004]]]}}, {"id": "339", "type": "Feature", "properties": {"index": 339, "n_sides": 4, "edges": "[(642, 647, 0), (647, 695, 0), (695, 693, 0), (693, 636, 0), (636, 642, 0)]", "area": 11730.517653479701, "roundabout": false}, "geometry": {"type": "Polygon", "coordinates": [[[19.011883699999995, 47.427797000000034], [19.011941500000002, 47.42777090000005], [19.01209439999999, 47.42770180000005], [19.012171799999994, 47.42766690000002], [19.012503699999996, 47.427546400000054], [19.012719899999993, 47.42749559999999], [19.013710899999996, 47.42733610000003], [19.013486200000003, 47.42662620000004], [19.012688699999998, 47.42676560000001], [19.0116287, 47.427051699999986], [19.011705100000004, 47.427227300000006], [19.011729899999988, 47.42731940000003], [19.0117477, 47.42742300000001], [19.011771300000003, 47.4276269], [19.0118082, 47.42770850000004], [19.011883699999995, 47.427797000000034]]]}}, {"id": "340", "type": "Feature", "properties": {"index": 340, "n_sides": 5, "edges": "[(892, 835, 0), (835, 827, 0), (827, 833, 0), (833, 840, 0), (840, 891, 0), (891, 892, 0)]", "area": 22808.795935075977, "roundabout": false}, "geometry": {"type": "Polygon", "coordinates": [[[19.022812099999996, 47.43697910000006], [19.021428299999997, 47.4366516], [19.021358100000008, 47.43665540000001], [19.021301399999995, 47.43667070000002], [19.020882300000004, 47.436933500000016], [19.020693699999995, 47.43705180000001], [19.020579699999995, 47.43713120000001], [19.0206122, 47.43715540000004], [19.020621300000006, 47.43719019999998], [19.0203871, 47.43788240000003], [19.020269000000003, 47.438264600000025], [19.0202283, 47.438396100000034], [19.0202321, 47.43843730000004], [19.02026, 47.438480000000006], [19.0208607, 47.43909840000006], [19.021163899999998, 47.439073799999974], [19.02124079999999, 47.438887], [19.0213104, 47.4386485], [19.021288799999997, 47.438378000000036], [19.021307200000006, 47.4381055], [19.021403699999997, 47.43792030000003], [19.021493899999992, 47.43778500000002], [19.021612199999993, 47.43765509999999], [19.0218159, 47.43751409999998], [19.0221804, 47.437287900000044], [19.022374199999994, 47.437194900000044], [19.0225883, 47.43713140000006], [19.022817699999997, 47.437056900000016], [19.022812099999996, 47.43697910000006]]]}}, {"id": "341", "type": "Feature", "properties": {"index": 341, "n_sides": 6, "edges": "[(524, 542, 0), (542, 568, 0), (568, 541, 0), (541, 531, 0), (531, 538, 0), (538, 524, 0)]", "area": 10018.185327902756, "roundabout": false}, "geometry": {"type": "Polygon", "coordinates": [[[19.007709199999997, 47.42793960000003], [19.00831, 47.428179899999996], [19.008366600000002, 47.428203200000034], [19.009046800000004, 47.42757800000003], [19.009171800000008, 47.42745670000005], [19.0092477, 47.4273686], [19.009328300000004, 47.42726540000001], [19.0092429, 47.42723480000002], [19.008121, 47.42683170000003], [19.007771799999993, 47.42727630000004], [19.0081261, 47.427406000000026], [19.007709199999997, 47.42793960000003]]]}}, {"id": "342", "type": "Feature", "properties": {"index": 342, "n_sides": 4, "edges": "[(524, 538, 0), (538, 531, 0), (531, 518, 0), (518, 504, 0), (504, 524, 0)]", "area": 3564.2483786229313, "roundabout": false}, "geometry": {"type": "Polygon", "coordinates": [[[19.007709199999997, 47.42793960000003], [19.0081261, 47.427406000000026], [19.007771799999993, 47.42727630000004], [19.007508899999994, 47.42718010000004], [19.007079000000004, 47.427678300000025], [19.007709199999997, 47.42793960000003]]]}}, {"id": "343", "type": "Feature", "properties": {"index": 343, "n_sides": 4, "edges": "[(689, 693, 0), (693, 715, 0), (715, 710, 0), (710, 698, 0), (698, 689, 0)]", "area": 7515.497252817865, "roundabout": false}, "geometry": {"type": "Polygon", "coordinates": [[[19.013167099999997, 47.425544000000016], [19.013177, 47.42557760000004], [19.013486200000003, 47.42662620000004], [19.014298299999993, 47.426514399999995], [19.0139264, 47.42544950000002], [19.013911799999995, 47.42540700000003], [19.0134826, 47.425486000000035], [19.013167099999997, 47.425544000000016]]]}}, {"id": "344", "type": "Feature", "properties": {"index": 344, "n_sides": 3, "edges": "[(885, 910, 0), (910, 882, 0), (882, 884, 0), (884, 885, 0)]", "area": 5101.330475277359, "roundabout": false}, "geometry": {"type": "Polygon", "coordinates": [[[19.020781199999995, 47.42608460000006], [19.0214956, 47.42601950000003], [19.021583699999997, 47.42599180000001], [19.02161119999999, 47.425910600000016], [19.02146709999999, 47.425295400000024], [19.021140399999997, 47.42534710000003], [19.020817700000002, 47.4253981], [19.020579299999998, 47.42543580000002], [19.020723299999997, 47.42589650000005], [19.0207342, 47.42593200000001], [19.020781199999995, 47.42608460000006]]]}}, {"id": "345", "type": "Feature", "properties": {"index": 345, "n_sides": 4, "edges": "[(973, 971, 0), (971, 1008, 0), (1008, 996, 0), (996, 973, 0)]", "area": 22917.132629619984, "roundabout": false}, "geometry": {"type": "Polygon", "coordinates": [[[19.023873799999997, 47.4239586], [19.02388309999999, 47.42401150000003], [19.02428709999999, 47.4264391], [19.024536499999993, 47.426406800000045], [19.024761, 47.42638880000002], [19.02522769999999, 47.42637609999999], [19.025599999999994, 47.42635300000004], [19.025482999999994, 47.426023099999995], [19.024880899999996, 47.424324600000006], [19.024732399999998, 47.423905800000014], [19.024713100000003, 47.42385120000003], [19.023873799999997, 47.4239586]]]}}, {"id": "346", "type": "Feature", "properties": {"index": 346, "n_sides": 6, "edges": "[(483, 504, 0), (504, 518, 0), (518, 531, 0), (531, 541, 0), (541, 508, 0), (508, 483, 0)]", "area": 9301.596701171315, "roundabout": false}, "geometry": {"type": "Polygon", "coordinates": [[[19.0064611, 47.42743840000004], [19.007079000000004, 47.427678300000025], [19.007508899999994, 47.42718010000004], [19.007771799999993, 47.42727630000004], [19.008121, 47.42683170000003], [19.007009999999998, 47.426432600000005], [19.006965799999993, 47.42641670000005], [19.006729999999994, 47.42678609999998], [19.00653519999999, 47.42723930000005], [19.0064611, 47.42743840000004]]]}}, {"id": "347", "type": "Feature", "properties": {"index": 347, "n_sides": 4, "edges": "[(1020, 998, 0), (998, 977, 0), (977, 992, 0), (992, 1046, 0), (1046, 1020, 0)]", "area": 15373.743398005647, "roundabout": false}, "geometry": {"type": "Polygon", "coordinates": [[[19.023823499999992, 47.41342259999999], [19.023087600000004, 47.414544400000004], [19.022481199999998, 47.41546950000004], [19.022765399999997, 47.415610300000026], [19.023192399999992, 47.415739200000054], [19.024564, 47.41355650000001], [19.024262399999998, 47.413471000000015], [19.023823499999992, 47.41342259999999]]]}}, {"id": "348", "type": "Feature", "properties": {"index": 348, "n_sides": 4, "edges": "[(1046, 992, 0), (992, 1013, 0), (1013, 1065, 0), (1065, 1046, 0)]", "area": 16030.137055320516, "roundabout": false}, "geometry": {"type": "Polygon", "coordinates": [[[19.024564, 47.41355650000001], [19.023192399999992, 47.415739200000054], [19.023927899999993, 47.41594760000005], [19.025313200000006, 47.41377430000004], [19.024564, 47.41355650000001]]]}}, {"id": "349", "type": "Feature", "properties": {"index": 349, "n_sides": 4, "edges": "[(977, 967, 0), (967, 952, 0), (952, 1017, 0), (1017, 1037, 0), (1037, 1013, 0), (1013, 992, 0), (992, 977, 0)]", "area": 19497.049484818388, "roundabout": false}, "geometry": {"type": "Polygon", "coordinates": [[[19.022481199999998, 47.41546950000004], [19.022453599999995, 47.4154544], [19.022332000000002, 47.41536950000004], [19.02227020000001, 47.41532640000006], [19.022184099999993, 47.4153734], [19.022123099999995, 47.41542870000002], [19.021866400000004, 47.41582739999999], [19.021724300000002, 47.4160475], [19.023286599999995, 47.41670270000005], [19.023489799999993, 47.41677370000007], [19.023667699999994, 47.41681440000004], [19.024335100000002, 47.4169371], [19.024564099999996, 47.4162887], [19.024674600000008, 47.41603880000003], [19.0242079, 47.41600800000001], [19.023927899999993, 47.41594760000005], [19.023192399999992, 47.415739200000054], [19.022765399999997, 47.415610300000026], [19.022481199999998, 47.41546950000004]]]}}, {"id": "350", "type": "Feature", "properties": {"index": 350, "n_sides": 4, "edges": "[(1065, 1013, 0), (1013, 1037, 0), (1037, 1042, 0), (1042, 1087, 0), (1087, 1065, 0)]", "area": 16448.56553946171, "roundabout": false}, "geometry": {"type": "Polygon", "coordinates": [[[19.025313200000006, 47.41377430000004], [19.023927899999993, 47.41594760000005], [19.0242079, 47.41600800000001], [19.024674600000008, 47.41603880000003], [19.024760299999993, 47.416044400000025], [19.026116899999998, 47.41401180000001], [19.025724, 47.41389720000003], [19.025313200000006, 47.41377430000004]]]}}, {"id": "351", "type": "Feature", "properties": {"index": 351, "n_sides": 4, "edges": "[(952, 937, 0), (937, 970, 0), (970, 1009, 0), (1009, 1017, 0), (1017, 952, 0)]", "area": 17372.580165765627, "roundabout": false}, "geometry": {"type": "Polygon", "coordinates": [[[19.021724300000002, 47.4160475], [19.021425599999993, 47.4165273], [19.021643499999993, 47.41663370000002], [19.022451600000004, 47.41724390000004], [19.022539800000004, 47.41729089999998], [19.022671099999993, 47.41733930000002], [19.0236648, 47.417586700000044], [19.024074999999993, 47.417633900000034], [19.024335100000002, 47.4169371], [19.023667699999994, 47.41681440000004], [19.023489799999993, 47.41677370000007], [19.023286599999995, 47.41670270000005], [19.021724300000002, 47.4160475]]]}}, {"id": "352", "type": "Feature", "properties": {"index": 352, "n_sides": 4, "edges": "[(970, 937, 0), (937, 923, 0), (923, 947, 0), (947, 970, 0)]", "area": 11756.868312473762, "roundabout": false}, "geometry": {"type": "Polygon", "coordinates": [[[19.022671099999993, 47.41733930000002], [19.022539800000004, 47.41729089999998], [19.022451600000004, 47.41724390000004], [19.021643499999993, 47.41663370000002], [19.021425599999993, 47.4165273], [19.021372200000002, 47.416590300000024], [19.020644899999997, 47.417031800000004], [19.0218984, 47.41801300000002], [19.022065599999994, 47.417830200000004], [19.022231700000003, 47.41768430000001], [19.022506599999996, 47.41748650000001], [19.022593799999996, 47.4174193], [19.022671099999993, 47.41733930000002]]]}}, {"id": "353", "type": "Feature", "properties": {"index": 353, "n_sides": 6, "edges": "[(970, 947, 0), (947, 944, 0), (944, 990, 0), (990, 994, 0), (994, 1050, 0), (1050, 1053, 0), (1053, 1045, 0), (1045, 1009, 0), (1009, 970, 0)]", "area": 23386.39839641498, "roundabout": false}, "geometry": {"type": "Polygon", "coordinates": [[[19.022671099999993, 47.41733930000002], [19.022593799999996, 47.4174193], [19.022506599999996, 47.41748650000001], [19.022231700000003, 47.41768430000001], [19.022065599999994, 47.417830200000004], [19.0218984, 47.41801300000002], [19.021858100000003, 47.41807220000001], [19.0236395, 47.4186765], [19.023649199999998, 47.41864800000002], [19.023672000000005, 47.418623500000045], [19.023681699999997, 47.41859600000003], [19.023660899999992, 47.41833580000006], [19.0237299, 47.41835480000005], [19.025519299999992, 47.41841160000001], [19.025619, 47.417811700000065], [19.025282199999996, 47.41777290000005], [19.024074999999993, 47.417633900000034], [19.0236648, 47.417586700000044], [19.022671099999993, 47.41733930000002]]]}}, {"id": "354", "type": "Feature", "properties": {"index": 354, "n_sides": 4, "edges": "[(1017, 1009, 0), (1009, 1045, 0), (1045, 1062, 0), (1062, 1042, 0), (1042, 1037, 0), (1037, 1017, 0)]", "area": 15816.06577956451, "roundabout": false}, "geometry": {"type": "Polygon", "coordinates": [[[19.024335100000002, 47.4169371], [19.024074999999993, 47.417633900000034], [19.025282199999996, 47.41777290000005], [19.0256609, 47.416206900000034], [19.025673299999998, 47.416084000000026], [19.025448999999995, 47.41605870000006], [19.024760299999993, 47.416044400000025], [19.024674600000008, 47.41603880000003], [19.024564099999996, 47.4162887], [19.024335100000002, 47.4169371]]]}}, {"id": "355", "type": "Feature", "properties": {"index": 355, "n_sides": 4, "edges": "[(731, 753, 0), (753, 782, 0), (782, 749, 0), (749, 725, 0), (725, 681, 0), (681, 731, 0)]", "area": 37983.93504542916, "roundabout": false}, "geometry": {"type": "Polygon", "coordinates": [[[19.013823299999995, 47.420843700000034], [19.0145404, 47.420117600000054], [19.0149294, 47.41971060000002], [19.0151855, 47.419489200000015], [19.015443, 47.41931410000004], [19.015644200000004, 47.419172500000045], [19.015562699999993, 47.41913670000001], [19.0142944, 47.41858000000002], [19.014227999999996, 47.41855950000006], [19.014101300000004, 47.4185287], [19.014016800000004, 47.41850550000002], [19.013536999999996, 47.418297900000034], [19.013397399999995, 47.41824070000001], [19.01330060000001, 47.41819930000002], [19.0133321, 47.418315900000046], [19.013356299999995, 47.41842570000003], [19.013363, 47.41855000000003], [19.01334959999999, 47.41866530000002], [19.0133093, 47.41880320000001], [19.013234200000003, 47.41895470000005], [19.01313359999999, 47.419089200000045], [19.013125600000002, 47.41909990000004], [19.013004900000002, 47.419236900000016], [19.01198979999999, 47.42012860000004], [19.0119414, 47.420171100000005], [19.012816199999996, 47.42048130000003], [19.013823299999995, 47.420843700000034]]]}}, {"id": "356", "type": "Feature", "properties": {"index": 356, "n_sides": 2, "edges": "[(533, 534, 0), (534, 511, 0), (511, 525, 0), (525, 533, 0)]", "area": 1890.800437414247, "roundabout": false}, "geometry": {"type": "Polygon", "coordinates": [[[19.007503199999988, 47.42556580000006], [19.00759759999999, 47.42542690000005], [19.007033200000002, 47.42523060000006], [19.006988700000004, 47.42523020000005], [19.006952599999998, 47.42525000000003], [19.0068838, 47.42534360000001], [19.00678509999999, 47.42547790000002], [19.0067929, 47.42550779999999], [19.006820799999996, 47.42552500000001], [19.007400699999998, 47.42571660000004], [19.007503199999988, 47.42556580000006]]]}}, {"id": "357", "type": "Feature", "properties": {"index": 357, "n_sides": 5, "edges": "[(534, 544, 0), (544, 526, 0), (526, 505, 0), (505, 486, 0), (486, 511, 0), (511, 534, 0)]", "area": 7872.790262415668, "roundabout": false}, "geometry": {"type": "Polygon", "coordinates": [[[19.00759759999999, 47.42542690000005], [19.0079084, 47.42497140000003], [19.007235799999997, 47.42471910000002], [19.0065649, 47.42446740000001], [19.006113699999997, 47.425019100000014], [19.006083300000004, 47.4250563], [19.0068838, 47.42534360000001], [19.006952599999998, 47.42525000000003], [19.006988700000004, 47.42523020000005], [19.007033200000002, 47.42523060000006], [19.00759759999999, 47.42542690000005]]]}}, {"id": "358", "type": "Feature", "properties": {"index": 358, "n_sides": 5, "edges": "[(508, 525, 0), (525, 511, 0), (511, 486, 0), (486, 457, 0), (457, 508, 0)]", "area": 11918.695174341889, "roundabout": false}, "geometry": {"type": "Polygon", "coordinates": [[[19.006965799999993, 47.42641670000005], [19.007400699999998, 47.42571660000004], [19.006820799999996, 47.42552500000001], [19.0067929, 47.42550779999999], [19.00678509999999, 47.42547790000002], [19.0068838, 47.42534360000001], [19.006083300000004, 47.4250563], [19.0057193, 47.42551780000003], [19.00542399999999, 47.42587210000004], [19.006965799999993, 47.42641670000005]]]}}, {"id": "359", "type": "Feature", "properties": {"index": 359, "n_sides": 4, "edges": "[(889, 909, 0), (909, 924, 0), (924, 920, 0), (920, 883, 0), (883, 889, 0)]", "area": 6324.9089830985085, "roundabout": false}, "geometry": {"type": "Polygon", "coordinates": [[[19.020540100000005, 47.42437840000003], [19.0212319, 47.42425960000001], [19.021904300000003, 47.42418100000002], [19.0218915, 47.42414310000003], [19.021886299999995, 47.42412770000004], [19.021732200000002, 47.42364659999999], [19.020352099999997, 47.423847599999995], [19.020522, 47.42433030000005], [19.0205258, 47.424340500000014], [19.020540100000005, 47.42437840000003]]]}}, {"id": "360", "type": "Feature", "properties": {"index": 360, "n_sides": 4, "edges": "[(883, 920, 0), (920, 917, 0), (917, 880, 0), (880, 883, 0)]", "area": 5854.002363478877, "roundabout": false}, "geometry": {"type": "Polygon", "coordinates": [[[19.020352099999997, 47.423847599999995], [19.021732200000002, 47.42364659999999], [19.021565299999992, 47.423125100000014], [19.020198099999998, 47.42340980000002], [19.020352099999997, 47.423847599999995]]]}}, {"id": "361", "type": "Feature", "properties": {"index": 361, "n_sides": 4, "edges": "[(920, 953, 0), (953, 957, 0), (957, 917, 0), (917, 920, 0)]", "area": 6589.4203982374265, "roundabout": false}, "geometry": {"type": "Polygon", "coordinates": [[[19.021732200000002, 47.42364659999999], [19.023032099999998, 47.42343630000005], [19.022968700000003, 47.42283789999999], [19.021565299999992, 47.423125100000014], [19.021732200000002, 47.42364659999999]]]}}, {"id": "362", "type": "Feature", "properties": {"index": 362, "n_sides": 4, "edges": "[(957, 953, 0), (953, 993, 0), (993, 987, 0), (987, 957, 0)]", "area": 7361.110354651759, "roundabout": false}, "geometry": {"type": "Polygon", "coordinates": [[[19.022968700000003, 47.42283789999999], [19.023032099999998, 47.42343630000005], [19.0244985, 47.42319910000001], [19.024260300000012, 47.42257910000001], [19.022968700000003, 47.42283789999999]]]}}, {"id": "363", "type": "Feature", "properties": {"index": 363, "n_sides": 4, "edges": "[(957, 948, 0), (948, 925, 0), (925, 913, 0), (913, 915, 0), (915, 917, 0), (917, 957, 0)]", "area": 13948.96431525191, "roundabout": false}, "geometry": {"type": "Polygon", "coordinates": [[[19.022968700000003, 47.42283789999999], [19.0225858, 47.421765700000044], [19.022198699999993, 47.42183900000001], [19.0218882, 47.42189780000002], [19.0218698, 47.42190130000006], [19.0215812, 47.421955100000034], [19.0211201, 47.42204100000003], [19.0213484, 47.422599100000006], [19.021565299999992, 47.423125100000014], [19.022968700000003, 47.42283789999999]]]}}, {"id": "364", "type": "Feature", "properties": {"index": 364, "n_sides": 4, "edges": "[(957, 987, 0), (987, 983, 0), (983, 948, 0), (948, 957, 0)]", "area": 12092.313290408349, "roundabout": false}, "geometry": {"type": "Polygon", "coordinates": [[[19.022968700000003, 47.42283789999999], [19.024260300000012, 47.42257910000001], [19.023804399999996, 47.42152220000003], [19.0225858, 47.421765700000044], [19.022968700000003, 47.42283789999999]]]}}, {"id": "365", "type": "Feature", "properties": {"index": 365, "n_sides": 4, "edges": "[(880, 917, 0), (917, 915, 0), (915, 876, 0), (876, 880, 0)]", "area": 6507.297453815123, "roundabout": false}, "geometry": {"type": "Polygon", "coordinates": [[[19.020198099999998, 47.42340980000002], [19.021565299999992, 47.423125100000014], [19.0213484, 47.422599100000006], [19.020020699999993, 47.42286500000003], [19.020118300000004, 47.42316480000003], [19.020198099999998, 47.42340980000002]]]}}, {"id": "366", "type": "Feature", "properties": {"index": 366, "n_sides": 4, "edges": "[(996, 1014, 0), (1014, 1038, 0), (1038, 1052, 0), (1052, 1057, 0), (1057, 1059, 0), (1059, 993, 0), (993, 996, 0)]", "area": 10631.95819966364, "roundabout": false}, "geometry": {"type": "Polygon", "coordinates": [[[19.024713100000003, 47.42385120000003], [19.0254056, 47.42375450000002], [19.025861000000003, 47.42369400000002], [19.026008899999997, 47.42365609999999], [19.0265356, 47.42343070000001], [19.0267025, 47.42337260000001], [19.0266936, 47.42330350000001], [19.026658899999997, 47.423034500000036], [19.0261881, 47.42303290000001], [19.025469099999995, 47.42306620000007], [19.025217400000002, 47.42309050000003], [19.0244985, 47.42319910000001], [19.024684099999995, 47.42376310000001], [19.024713100000003, 47.42385120000003]]]}}, {"id": "367", "type": "Feature", "properties": {"index": 367, "n_sides": 3, "edges": "[(993, 1059, 0), (1059, 987, 0), (987, 993, 0)]", "area": 13587.702219462233, "roundabout": false}, "geometry": {"type": "Polygon", "coordinates": [[[19.0244985, 47.42319910000001], [19.025217400000002, 47.42309050000003], [19.025469099999995, 47.42306620000007], [19.0261881, 47.42303290000001], [19.026658899999997, 47.423034500000036], [19.026811699999996, 47.422366000000046], [19.026784599999992, 47.422315600000005], [19.02672519999999, 47.42230509999999], [19.026649299999992, 47.422300300000046], [19.0258421, 47.42238450000004], [19.025191900000003, 47.42240750000002], [19.025070500000005, 47.42240990000003], [19.024260300000012, 47.42257910000001], [19.0244985, 47.42319910000001]]]}}, {"id": "368", "type": "Feature", "properties": {"index": 368, "n_sides": 5, "edges": "[(1120, 1130, 0), (1130, 1154, 0), (1154, 1186, 0), (1186, 1184, 0), (1184, 1179, 0), (1179, 1124, 0), (1124, 1113, 0), (1113, 1120, 0)]", "area": 21844.684927834245, "roundabout": false}, "geometry": {"type": "Polygon", "coordinates": [[[19.028788199999997, 47.42058320000001], [19.0288105, 47.42060499999997], [19.029100699999994, 47.42089540000001], [19.029366599999996, 47.42117120000004], [19.0295014, 47.421334600000044], [19.029619700000005, 47.421501800000065], [19.03084339999999, 47.42131889999999], [19.031896299999996, 47.42116530000005], [19.031955499999995, 47.4211567], [19.0317584, 47.42055900000003], [19.031686499999996, 47.42056040000005], [19.03161369999999, 47.4205468], [19.0315406, 47.420505600000034], [19.031457099999994, 47.42028100000001], [19.0304551, 47.420421999999995], [19.03001399999999, 47.420478000000024], [19.029755099999996, 47.420490800000074], [19.0295821, 47.42047660000004], [19.0294563, 47.42045639999999], [19.029341100000007, 47.42043050000001], [19.029214799999995, 47.42039300000005], [19.0290071, 47.420326300000035], [19.02893, 47.42031270000003], [19.028762400000005, 47.42028880000002], [19.028488499999998, 47.42027420000005], [19.028788199999997, 47.42058320000001]]]}}, {"id": "369", "type": "Feature", "properties": {"index": 369, "n_sides": 4, "edges": "[(1120, 1113, 0), (1113, 1069, 0), (1069, 1068, 0), (1068, 1120, 0)]", "area": 7466.0612700828815, "roundabout": false}, "geometry": {"type": "Polygon", "coordinates": [[[19.028788199999997, 47.42058320000001], [19.028488499999998, 47.42027420000005], [19.027708799999996, 47.420311300000044], [19.027468799999994, 47.42032900000001], [19.0267244, 47.42039930000003], [19.0266428, 47.42041740000002], [19.0266245, 47.42046560000004], [19.0266225, 47.42051050000004], [19.02667899999999, 47.42089779999998], [19.026793, 47.42086790000002], [19.0270187, 47.42083890000001], [19.02713230000001, 47.42083440000002], [19.027251899999996, 47.42083870000002], [19.0273458, 47.42083490000008], [19.0286068, 47.42062530000001], [19.028788199999997, 47.42058320000001]]]}}, {"id": "370", "type": "Feature", "properties": {"index": 370, "n_sides": 4, "edges": "[(948, 983, 0), (983, 980, 0), (980, 979, 0), (979, 919, 0), (919, 925, 0), (925, 948, 0)]", "area": 18973.799868138918, "roundabout": false}, "geometry": {"type": "Polygon", "coordinates": [[[19.0225858, 47.421765700000044], [19.023804399999996, 47.42152220000003], [19.023489499999997, 47.420708200000014], [19.023469399999993, 47.42065880000002], [19.02345289999999, 47.42061840000001], [19.02307379999999, 47.42065550000004], [19.0219797, 47.42083549999999], [19.0212483, 47.42099310000002], [19.021258, 47.42101930000002], [19.0215812, 47.421955100000034], [19.0218698, 47.42190130000006], [19.0218882, 47.42189780000002], [19.022198699999993, 47.42183900000001], [19.0225858, 47.421765700000044]]]}}, {"id": "371", "type": "Feature", "properties": {"index": 371, "n_sides": 4, "edges": "[(983, 1024, 0), (1024, 1027, 0), (1027, 1000, 0), (1000, 980, 0), (980, 983, 0)]", "area": 11215.766535589697, "roundabout": false}, "geometry": {"type": "Polygon", "coordinates": [[[19.023804399999996, 47.42152220000003], [19.0253303, 47.42122010000002], [19.025311500000004, 47.421178100000006], [19.025303199999996, 47.421135099999994], [19.02527089999999, 47.42051780000003], [19.0242144, 47.4205826], [19.024122600000002, 47.420594400000034], [19.023489499999997, 47.420708200000014], [19.023804399999996, 47.42152220000003]]]}}, {"id": "372", "type": "Feature", "properties": {"index": 372, "n_sides": 5, "edges": "[(1334, 1273, 0), (1273, 1258, 0), (1258, 1250, 0), (1250, 1298, 0), (1298, 1299, 0), (1299, 1334, 0)]", "area": 56630.69305530397, "roundabout": false}, "geometry": {"type": "Polygon", "coordinates": [[[19.037257, 47.41381770000004], [19.036825699999998, 47.41363520000003], [19.036424099999994, 47.41347189999999], [19.036124599999997, 47.41335550000001], [19.035217599999992, 47.41298160000004], [19.035066799999996, 47.41292100000002], [19.034772499999992, 47.41281600000007], [19.0344438, 47.41270820000002], [19.034246899999996, 47.41265550000003], [19.034225499999998, 47.41273569999999], [19.03422009999999, 47.4127562], [19.0341162, 47.413146400000045], [19.034087100000004, 47.413255800000016], [19.034005799999996, 47.41356100000003], [19.033859299999992, 47.41411090000001], [19.033732400000005, 47.41456500000003], [19.033661099999996, 47.4148201], [19.033488400000003, 47.41546250000002], [19.0358362, 47.41549100000007], [19.035893899999998, 47.4154547], [19.036030799999992, 47.415289500000036], [19.03681, 47.41434900000003], [19.036862699999997, 47.41428539999999], [19.0372042, 47.41388030000004], [19.037257, 47.41381770000004]]]}}, {"id": "373", "type": "Feature", "properties": {"index": 373, "n_sides": 3, "edges": "[(1126, 1105, 0), (1105, 1062, 0), (1062, 1097, 0), (1097, 1126, 0)]", "area": 16283.959555303552, "roundabout": false}, "geometry": {"type": "Polygon", "coordinates": [[[19.0280094, 47.41407290000003], [19.027959099999993, 47.41405370000003], [19.027226399999996, 47.41380550000003], [19.0269242, 47.41424800000004], [19.025673299999998, 47.416084000000026], [19.025806899999992, 47.416034399999994], [19.026363499999995, 47.415910500000024], [19.026798799999995, 47.415854500000044], [19.0280094, 47.41407290000003]]]}}, {"id": "374", "type": "Feature", "properties": {"index": 374, "n_sides": 4, "edges": "[(1062, 1105, 0), (1105, 1087, 0), (1087, 1042, 0), (1042, 1062, 0)]", "area": 15408.127288552834, "roundabout": false}, "geometry": {"type": "Polygon", "coordinates": [[[19.025673299999998, 47.416084000000026], [19.0269242, 47.41424800000004], [19.026116899999998, 47.41401180000001], [19.024760299999993, 47.416044400000025], [19.025448999999995, 47.41605870000006], [19.025673299999998, 47.416084000000026]]]}}, {"id": "375", "type": "Feature", "properties": {"index": 375, "n_sides": 4, "edges": "[(1062, 1045, 0), (1045, 1053, 0), (1053, 1075, 0), (1075, 1092, 0), (1092, 1062, 0)]", "area": 14603.705335053097, "roundabout": false}, "geometry": {"type": "Polygon", "coordinates": [[[19.025673299999998, 47.416084000000026], [19.0256609, 47.416206900000034], [19.025282199999996, 47.41777290000005], [19.025619, 47.417811700000065], [19.026397599999996, 47.41794350000005], [19.0267292, 47.416553300000025], [19.0257628, 47.41617250000002], [19.025673299999998, 47.416084000000026]]]}}, {"id": "376", "type": "Feature", "properties": {"index": 376, "n_sides": 4, "edges": "[(1166, 1135, 0), (1135, 1156, 0), (1156, 1165, 0), (1165, 1167, 0), (1167, 1166, 0)]", "area": 5108.812455003499, "roundabout": false}, "geometry": {"type": "Polygon", "coordinates": [[[19.0318715, 47.424851000000025], [19.0307146, 47.425158599999996], [19.0316113, 47.4256899], [19.032009400000003, 47.42564980000002], [19.0319499, 47.42527590000002], [19.0318715, 47.424851000000025]]]}}, {"id": "377", "type": "Feature", "properties": {"index": 377, "n_sides": 3, "edges": "[(1184, 1213, 0), (1213, 1247, 0), (1247, 1241, 0), (1241, 1203, 0), (1203, 1179, 0), (1179, 1184, 0)]", "area": 9224.508723039273, "roundabout": false}, "geometry": {"type": "Polygon", "coordinates": [[[19.0317584, 47.42055900000003], [19.031833300000002, 47.420556299999994], [19.032868899999997, 47.42051910000001], [19.0342684, 47.42047140000004], [19.034228699999996, 47.420420400000054], [19.033870499999992, 47.41996040000006], [19.0326782, 47.42010260000004], [19.031543499999994, 47.420246000000034], [19.031457099999994, 47.42028100000001], [19.0315406, 47.420505600000034], [19.03161369999999, 47.4205468], [19.031686499999996, 47.42056040000005], [19.0317584, 47.42055900000003]]]}}, {"id": "378", "type": "Feature", "properties": {"index": 378, "n_sides": 6, "edges": "[(1113, 1103, 0), (1103, 1104, 0), (1104, 1075, 0), (1075, 1053, 0), (1053, 1050, 0), (1050, 1047, 0), (1047, 1074, 0), (1074, 1070, 0), (1070, 1069, 0), (1069, 1113, 0)]", "area": 30603.060730737245, "roundabout": false}, "geometry": {"type": "Polygon", "coordinates": [[[19.028488499999998, 47.42027420000005], [19.02831879999999, 47.42001500000004], [19.028124100000007, 47.41977750000002], [19.027912800000003, 47.41960790000003], [19.027756100000005, 47.41940360000001], [19.027632500000003, 47.419003900000014], [19.027446199999996, 47.41842890000003], [19.027480099999995, 47.41812100000002], [19.026397599999996, 47.41794350000005], [19.025619, 47.417811700000065], [19.025519299999992, 47.41841160000001], [19.025491599999995, 47.418598100000004], [19.0254597, 47.41863270000001], [19.026492099999995, 47.41863660000001], [19.026491799999995, 47.419306100000014], [19.0265547, 47.41975910000001], [19.026648499999997, 47.420361200000016], [19.0266428, 47.42041740000002], [19.0267244, 47.42039930000003], [19.027468799999994, 47.42032900000001], [19.027708799999996, 47.420311300000044], [19.028488499999998, 47.42027420000005]]]}}, {"id": "379", "type": "Feature", "properties": {"index": 379, "n_sides": 4, "edges": "[(1113, 1124, 0), (1124, 1123, 0), (1123, 1103, 0), (1103, 1113, 0)]", "area": 9526.867411110625, "roundabout": false}, "geometry": {"type": "Polygon", "coordinates": [[[19.028488499999998, 47.42027420000005], [19.028762400000005, 47.42028880000002], [19.02893, 47.42031270000003], [19.0290071, 47.420326300000035], [19.028947999999996, 47.42004219999999], [19.0287807, 47.4192378], [19.028737399999997, 47.41915160000004], [19.028685999999993, 47.4189335], [19.028087300000003, 47.41897350000002], [19.027632500000003, 47.419003900000014], [19.027756100000005, 47.41940360000001], [19.027912800000003, 47.41960790000003], [19.028124100000007, 47.41977750000002], [19.02831879999999, 47.42001500000004], [19.028488499999998, 47.42027420000005]]]}}, {"id": "380", "type": "Feature", "properties": {"index": 380, "n_sides": 4, "edges": "[(1024, 1068, 0), (1068, 1069, 0), (1069, 1027, 0), (1027, 1024, 0)]", "area": 6978.998717858161, "roundabout": false}, "geometry": {"type": "Polygon", "coordinates": [[[19.0253303, 47.42122010000002], [19.026227899999995, 47.42103460000004], [19.026359599999996, 47.42099910000002], [19.02667899999999, 47.42089779999998], [19.0266225, 47.42051050000004], [19.0266245, 47.42046560000004], [19.0266428, 47.42041740000002], [19.026573900000002, 47.420427500000024], [19.02527089999999, 47.42051780000003], [19.025303199999996, 47.421135099999994], [19.025311500000004, 47.421178100000006], [19.0253303, 47.42122010000002]]]}}, {"id": "381", "type": "Feature", "properties": {"index": 381, "n_sides": 5, "edges": "[(913, 925, 0), (925, 919, 0), (919, 890, 0), (890, 865, 0), (865, 863, 0), (863, 874, 0), (874, 913, 0)]", "area": 17334.60305704661, "roundabout": false}, "geometry": {"type": "Polygon", "coordinates": [[[19.0211201, 47.42204100000003], [19.0215812, 47.421955100000034], [19.021258, 47.42101930000002], [19.0212483, 47.42099310000002], [19.020486699999992, 47.42112800000002], [19.020418500000005, 47.42113620000004], [19.020347799999993, 47.421125900000014], [19.020051199999997, 47.42104250000002], [19.019968899999995, 47.42101940000005], [19.019344699999998, 47.42196600000002], [19.01933439999999, 47.42198260000004], [19.0193175, 47.42208710000003], [19.019321599999998, 47.42221540000001], [19.019366099999996, 47.422381900000026], [19.01961159999999, 47.42233620000004], [19.019808599999998, 47.42229960000002], [19.0211201, 47.42204100000003]]]}}, {"id": "382", "type": "Feature", "properties": {"index": 382, "n_sides": 4, "edges": "[(913, 874, 0), (874, 876, 0), (876, 915, 0), (915, 913, 0)]", "area": 6703.050677976041, "roundabout": false}, "geometry": {"type": "Polygon", "coordinates": [[[19.0211201, 47.42204100000003], [19.019808599999998, 47.42229960000002], [19.020020699999993, 47.42286500000003], [19.0213484, 47.422599100000006], [19.0211201, 47.42204100000003]]]}}, {"id": "383", "type": "Feature", "properties": {"index": 383, "n_sides": 4, "edges": "[(979, 980, 0), (980, 1000, 0), (1000, 1003, 0), (1003, 972, 0), (972, 975, 0), (975, 979, 0)]", "area": 6126.753894073187, "roundabout": false}, "geometry": {"type": "Polygon", "coordinates": [[[19.02345289999999, 47.42061840000001], [19.023469399999993, 47.42065880000002], [19.023489499999997, 47.420708200000014], [19.024122600000002, 47.420594400000034], [19.0242144, 47.4205826], [19.024172199999995, 47.41981660000004], [19.023140799999993, 47.41984149999998], [19.023251499999994, 47.420117100000034], [19.02345289999999, 47.42061840000001]]]}}, {"id": "384", "type": "Feature", "properties": {"index": 384, "n_sides": 4, "edges": "[(979, 975, 0), (975, 918, 0), (918, 916, 0), (916, 919, 0), (919, 979, 0)]", "area": 9472.70802569839, "roundabout": false}, "geometry": {"type": "Polygon", "coordinates": [[[19.02345289999999, 47.42061840000001], [19.023251499999994, 47.420117100000034], [19.021681799999996, 47.42038940000002], [19.021176399999998, 47.42041920000006], [19.021113499999995, 47.420413900000014], [19.0210746, 47.420404100000056], [19.0212483, 47.42099310000002], [19.0219797, 47.42083549999999], [19.02307379999999, 47.42065550000004], [19.02345289999999, 47.42061840000001]]]}}, {"id": "385", "type": "Feature", "properties": {"index": 385, "n_sides": 4, "edges": "[(890, 919, 0), (919, 916, 0), (916, 906, 0), (906, 901, 0), (901, 890, 0)]", "area": 6266.010716481615, "roundabout": false}, "geometry": {"type": "Polygon", "coordinates": [[[19.019968899999995, 47.42101940000005], [19.020051199999997, 47.42104250000002], [19.020347799999993, 47.421125900000014], [19.020418500000005, 47.42113620000004], [19.020486699999992, 47.42112800000002], [19.0212483, 47.42099310000002], [19.0210746, 47.420404100000056], [19.020456699999993, 47.42023440000003], [19.020324799999997, 47.420446599999984], [19.019968899999995, 47.42101940000005]]]}}, {"id": "386", "type": "Feature", "properties": {"index": 386, "n_sides": 5, "edges": "[(890, 866, 0), (866, 860, 0), (860, 856, 0), (856, 865, 0), (865, 890, 0)]", "area": 6524.876105970986, "roundabout": false}, "geometry": {"type": "Polygon", "coordinates": [[[19.019968899999995, 47.42101940000005], [19.0191486, 47.42076469999999], [19.0189245, 47.42097800000004], [19.018967599999993, 47.42102670000004], [19.01898689999999, 47.421891600000016], [19.019004000000002, 47.421937500000034], [19.019058700000002, 47.42195110000002], [19.01933439999999, 47.42198260000004], [19.019344699999998, 47.42196600000002], [19.019968899999995, 47.42101940000005]]]}}, {"id": "387", "type": "Feature", "properties": {"index": 387, "n_sides": 4, "edges": "[(890, 901, 0), (901, 815, 0), (815, 803, 0), (803, 795, 0), (795, 808, 0), (808, 816, 0), (816, 866, 0), (866, 890, 0)]", "area": 24300.608643415275, "roundabout": false}, "geometry": {"type": "Polygon", "coordinates": [[[19.019968899999995, 47.42101940000005], [19.020324799999997, 47.420446599999984], [19.020238799999994, 47.42042570000005], [19.020179799999998, 47.42042840000003], [19.02009659999999, 47.420442900000054], [19.020046999999998, 47.42045560000003], [19.0199982, 47.42045130000007], [19.016771599999995, 47.41853580000004], [19.016720299999992, 47.418503900000005], [19.016208200000005, 47.41882310000001], [19.016080799999997, 47.418899400000036], [19.016133, 47.418931400000005], [19.016426799999998, 47.41911160000003], [19.016911899999997, 47.41940900000005], [19.017319900000004, 47.4196592], [19.0182228, 47.420212700000064], [19.019027799999996, 47.42070620000002], [19.0191486, 47.42076469999999], [19.019968899999995, 47.42101940000005]]]}}, {"id": "388", "type": "Feature", "properties": {"index": 388, "n_sides": 4, "edges": "[(1027, 1069, 0), (1069, 1070, 0), (1070, 1031, 0), (1031, 1027, 0)]", "area": 7947.573225078031, "roundabout": false}, "geometry": {"type": "Polygon", "coordinates": [[[19.02527089999999, 47.42051780000003], [19.026573900000002, 47.420427500000024], [19.0266428, 47.42041740000002], [19.026648499999997, 47.420361200000016], [19.0265547, 47.41975910000001], [19.025225900000006, 47.41979110000005], [19.02527089999999, 47.42051780000003]]]}}, {"id": "389", "type": "Feature", "properties": {"index": 389, "n_sides": 4, "edges": "[(1027, 1031, 0), (1031, 1003, 0), (1003, 1000, 0), (1000, 1027, 0)]", "area": 6622.8801129461335, "roundabout": false}, "geometry": {"type": "Polygon", "coordinates": [[[19.02527089999999, 47.42051780000003], [19.025225900000006, 47.41979110000005], [19.024172199999995, 47.41981660000004], [19.0242144, 47.4205826], [19.02527089999999, 47.42051780000003]]]}}, {"id": "390", "type": "Feature", "properties": {"index": 390, "n_sides": 4, "edges": "[(906, 916, 0), (916, 918, 0), (918, 942, 0), (942, 927, 0), (927, 921, 0), (921, 911, 0), (911, 906, 0)]", "area": 8796.108343170483, "roundabout": false}, "geometry": {"type": "Polygon", "coordinates": [[[19.020456699999993, 47.42023440000003], [19.0210746, 47.420404100000056], [19.021113499999995, 47.420413900000014], [19.021176599999993, 47.420313199999995], [19.021256099999995, 47.42018630000006], [19.021396699999993, 47.41996200000003], [19.021633400000002, 47.419839599999996], [19.021631299999996, 47.419753600000014], [19.02164829999999, 47.41970880000006], [19.0218669, 47.41937030000003], [19.021917199999994, 47.41931040000005], [19.021994499999998, 47.41919840000003], [19.021226799999997, 47.41897860000004], [19.021203900000003, 47.41901619999999], [19.021052, 47.419265200000055], [19.020995499999994, 47.41935780000001], [19.020625099999993, 47.41996350000002], [19.020456699999993, 47.42023440000003]]]}}, {"id": "391", "type": "Feature", "properties": {"index": 391, "n_sides": 4, "edges": "[(906, 911, 0), (911, 837, 0), (837, 815, 0), (815, 901, 0), (901, 906, 0)]", "area": 24602.343252830346, "roundabout": false}, "geometry": {"type": "Polygon", "coordinates": [[[19.020456699999993, 47.42023440000003], [19.020625099999993, 47.41996350000002], [19.017376, 47.41800040000002], [19.0171631, 47.41820110000001], [19.0169144, 47.41838910000001], [19.016720299999992, 47.418503900000005], [19.016771599999995, 47.41853580000004], [19.0199982, 47.42045130000007], [19.020046999999998, 47.42045560000003], [19.02009659999999, 47.420442900000054], [19.020179799999998, 47.42042840000003], [19.020238799999994, 47.42042570000005], [19.020324799999997, 47.420446599999984], [19.020456699999993, 47.42023440000003]]]}}, {"id": "392", "type": "Feature", "properties": {"index": 392, "n_sides": 3, "edges": "[(1304, 1303, 0), (1303, 1287, 0), (1287, 1304, 0)]", "area": 3841.4905599836443, "roundabout": false}, "geometry": {"type": "Polygon", "coordinates": [[[19.037453499999998, 47.42298000000001], [19.037385599999997, 47.42260950000002], [19.036801799999992, 47.42268670000003], [19.036609600000002, 47.422705600000015], [19.036602400000003, 47.42300760000004], [19.036601100000006, 47.42308070000002], [19.036598199999993, 47.42324380000001], [19.036667500000004, 47.4232757], [19.036999299999998, 47.4232737], [19.037136799999992, 47.42324130000001], [19.037227499999997, 47.42318990000003], [19.037348, 47.42304559999999], [19.037453499999998, 47.42298000000001]]]}}, {"id": "393", "type": "Feature", "properties": {"index": 393, "n_sides": 4, "edges": "[(1192, 1175, 0), (1175, 1176, 0), (1176, 1177, 0), (1177, 1178, 0), (1178, 1179, 0), (1179, 1203, 0), (1203, 1192, 0)]", "area": 16696.41197564736, "roundabout": false}, "geometry": {"type": "Polygon", "coordinates": [[[19.031831199999996, 47.418330100000006], [19.031115200000002, 47.41836309999999], [19.031021300000003, 47.41837209999999], [19.030958600000005, 47.41838310000001], [19.031053099999998, 47.418743000000035], [19.031192899999997, 47.419275299999995], [19.031235299999995, 47.41943640000001], [19.0313515, 47.41987890000001], [19.031442399999992, 47.42022500000006], [19.031457099999994, 47.42028100000001], [19.031543499999994, 47.420246000000034], [19.0326782, 47.42010260000004], [19.032651299999998, 47.4200463], [19.031831199999996, 47.418330100000006]]]}}, {"id": "394", "type": "Feature", "properties": {"index": 394, "n_sides": 4, "edges": "[(1192, 1203, 0), (1203, 1241, 0), (1241, 1238, 0), (1238, 1230, 0), (1230, 1216, 0), (1216, 1192, 0)]", "area": 14920.239920701832, "roundabout": false}, "geometry": {"type": "Polygon", "coordinates": [[[19.031831199999996, 47.418330100000006], [19.032651299999998, 47.4200463], [19.0326782, 47.42010260000004], [19.033870499999992, 47.41996040000006], [19.0338349, 47.41991470000004], [19.0337721, 47.41983400000001], [19.033351699999997, 47.41927670000004], [19.03285159999999, 47.41863270000001], [19.032604799999994, 47.418294400000036], [19.031831199999996, 47.418330100000006]]]}}, {"id": "395", "type": "Feature", "properties": {"index": 395, "n_sides": 4, "edges": "[(1175, 1104, 0), (1104, 1103, 0), (1103, 1123, 0), (1123, 1176, 0), (1176, 1175, 0)]", "area": 17295.21787455494, "roundabout": false}, "geometry": {"type": "Polygon", "coordinates": [[[19.030958600000005, 47.41838310000001], [19.030879100000003, 47.4183994], [19.0308155, 47.41839770000005], [19.027556399999995, 47.4181468], [19.027480099999995, 47.41812100000002], [19.027446199999996, 47.41842890000003], [19.027632500000003, 47.419003900000014], [19.028087300000003, 47.41897350000002], [19.028685999999993, 47.4189335], [19.02880579999999, 47.41892570000003], [19.0294696, 47.41882040000006], [19.029633599999993, 47.41880210000004], [19.030401800000003, 47.418775], [19.031053099999998, 47.418743000000035], [19.030958600000005, 47.41838310000001]]]}}, {"id": "396", "type": "Feature", "properties": {"index": 396, "n_sides": 4, "edges": "[(1177, 1176, 0), (1176, 1123, 0), (1123, 1124, 0), (1124, 1179, 0), (1179, 1178, 0), (1178, 1177, 0)]", "area": 32468.436215204165, "roundabout": false}, "geometry": {"type": "Polygon", "coordinates": [[[19.031192899999997, 47.419275299999995], [19.031053099999998, 47.418743000000035], [19.030401800000003, 47.418775], [19.029633599999993, 47.41880210000004], [19.0294696, 47.41882040000006], [19.02880579999999, 47.41892570000003], [19.028685999999993, 47.4189335], [19.028737399999997, 47.41915160000004], [19.0287807, 47.4192378], [19.028947999999996, 47.42004219999999], [19.0290071, 47.420326300000035], [19.029214799999995, 47.42039300000005], [19.029341100000007, 47.42043050000001], [19.0294563, 47.42045639999999], [19.0295821, 47.42047660000004], [19.029755099999996, 47.420490800000074], [19.03001399999999, 47.420478000000024], [19.0304551, 47.420421999999995], [19.031457099999994, 47.42028100000001], [19.031442399999992, 47.42022500000006], [19.0313515, 47.41987890000001], [19.031235299999995, 47.41943640000001], [19.031192899999997, 47.419275299999995]]]}}, {"id": "397", "type": "Feature", "properties": {"index": 397, "n_sides": 4, "edges": "[(1230, 1238, 0), (1238, 1279, 0), (1279, 1274, 0), (1274, 1230, 0)]", "area": 8032.311078550289, "roundabout": false}, "geometry": {"type": "Polygon", "coordinates": [[[19.033351699999997, 47.41927670000004], [19.0337721, 47.41983400000001], [19.035337199999997, 47.419461500000004], [19.035587100000004, 47.41940200000002], [19.0354655, 47.4191231], [19.035398099999995, 47.41910560000002], [19.035307700000008, 47.41909390000001], [19.034977099999995, 47.419089700000065], [19.0347957, 47.41912299999998], [19.03439389999999, 47.41918080000003], [19.033351699999997, 47.41927670000004]]]}}, {"id": "398", "type": "Feature", "properties": {"index": 398, "n_sides": 3, "edges": "[(1317, 1322, 0), (1322, 1339, 0), (1339, 1350, 1), (1350, 1362, 0), (1362, 1317, 0)]", "area": 13261.651460754269, "roundabout": false}, "geometry": {"type": "Polygon", "coordinates": [[[19.037564899999992, 47.41999440000004], [19.037873499999993, 47.42052600000004], [19.0387105, 47.42033530000001], [19.039481799999997, 47.42017520000003], [19.040226, 47.42002460000004], [19.040253899999993, 47.419998100000036], [19.0402599, 47.41995540000005], [19.0398934, 47.4193316], [19.038361299999995, 47.41980499999999], [19.03814740000001, 47.419864200000056], [19.037564899999992, 47.41999440000004]]]}}, {"id": "399", "type": "Feature", "properties": {"index": 399, "n_sides": 2, "edges": "[(1339, 1350, 0), (1350, 1339, 1)]", "area": 5095.626248105343, "roundabout": false}, "geometry": {"type": "Polygon", "coordinates": [[[19.0387105, 47.42033530000001], [19.039122499999998, 47.42098310000004], [19.0391621, 47.42098730000005], [19.0398394, 47.420932700000016], [19.0398884, 47.42090860000004], [19.03991269999999, 47.42086050000003], [19.039508199999997, 47.42021720000004], [19.039481799999997, 47.42017520000003], [19.0387105, 47.42033530000001]]]}}, {"id": "400", "type": "Feature", "properties": {"index": 400, "n_sides": 4, "edges": "[(1246, 1249, 0), (1249, 1269, 0), (1269, 1267, 0), (1267, 1246, 0)]", "area": 4984.6183793135115, "roundabout": false}, "geometry": {"type": "Polygon", "coordinates": [[[19.033544400000004, 47.416773100000036], [19.0337508, 47.417235500000054], [19.034760999999996, 47.416877200000016], [19.0345714, 47.41667910000003], [19.03444889999999, 47.416275600000034], [19.033544400000004, 47.416773100000036]]]}}, {"id": "401", "type": "Feature", "properties": {"index": 401, "n_sides": 3, "edges": "[(1246, 1267, 0), (1267, 1298, 0), (1298, 1250, 0), (1250, 1244, 0), (1244, 1246, 0)]", "area": 16203.066369529917, "roundabout": false}, "geometry": {"type": "Polygon", "coordinates": [[[19.033544400000004, 47.416773100000036], [19.03444889999999, 47.416275600000034], [19.0349272, 47.41600520000005], [19.035247299999995, 47.415824199999996], [19.035507799999994, 47.41567670000004], [19.0358362, 47.41549100000007], [19.033488400000003, 47.41546250000002], [19.033431699999998, 47.415461800000045], [19.0332171, 47.41545820000005], [19.03308429999999, 47.41609310000002], [19.0330924, 47.4161465], [19.033118, 47.416201400000006], [19.033156, 47.416256800000035], [19.033544400000004, 47.416773100000036]]]}}, {"id": "402", "type": "Feature", "properties": {"index": 402, "n_sides": 4, "edges": "[(1047, 1050, 0), (1050, 994, 0), (994, 990, 0), (990, 988, 0), (988, 1006, 0), (1006, 1035, 0), (1035, 1047, 0)]", "area": 9220.26503247098, "roundabout": false}, "geometry": {"type": "Polygon", "coordinates": [[[19.0254597, 47.41863270000001], [19.025491599999995, 47.418598100000004], [19.025519299999992, 47.41841160000001], [19.0237299, 47.41835480000005], [19.023660899999992, 47.41833580000006], [19.023681699999997, 47.41859600000003], [19.023672000000005, 47.418623500000045], [19.023649199999998, 47.41864800000002], [19.0236395, 47.4186765], [19.023644300000004, 47.419009000000024], [19.024128, 47.41901529999999], [19.025191, 47.419029300000055], [19.025204299999995, 47.418969200000035], [19.0252244, 47.418915199999994], [19.025255899999998, 47.41885860000008], [19.025296799999992, 47.41880950000006], [19.0254597, 47.41863270000001]]]}}, {"id": "403", "type": "Feature", "properties": {"index": 403, "n_sides": 4, "edges": "[(1047, 1035, 0), (1035, 1031, 0), (1031, 1070, 0), (1070, 1074, 0), (1074, 1047, 0)]", "area": 12121.958519361222, "roundabout": false}, "geometry": {"type": "Polygon", "coordinates": [[[19.0254597, 47.41863270000001], [19.025296799999992, 47.41880950000006], [19.025255899999998, 47.41885860000008], [19.0252244, 47.418915199999994], [19.025204299999995, 47.418969200000035], [19.025191, 47.419029300000055], [19.025225900000006, 47.41979110000005], [19.0265547, 47.41975910000001], [19.026491799999995, 47.419306100000014], [19.026492099999995, 47.41863660000001], [19.0254597, 47.41863270000001]]]}}, {"id": "404", "type": "Feature", "properties": {"index": 404, "n_sides": 4, "edges": "[(944, 947, 0), (947, 923, 0), (923, 897, 0), (897, 930, 0), (930, 944, 0)]", "area": 15210.24843007193, "roundabout": false}, "geometry": {"type": "Polygon", "coordinates": [[[19.021858100000003, 47.41807220000001], [19.0218984, 47.41801300000002], [19.020644899999997, 47.417031800000004], [19.019684499999997, 47.41765469999998], [19.021346499999996, 47.41878240000004], [19.021858100000003, 47.41807220000001]]]}}, {"id": "405", "type": "Feature", "properties": {"index": 405, "n_sides": 4, "edges": "[(944, 930, 0), (930, 927, 0), (927, 942, 0), (942, 966, 0), (966, 988, 0), (988, 990, 0), (990, 944, 0)]", "area": 15713.404458790817, "roundabout": false}, "geometry": {"type": "Polygon", "coordinates": [[[19.021858100000003, 47.41807220000001], [19.021346499999996, 47.41878240000004], [19.021226799999997, 47.41897860000004], [19.021994499999998, 47.41919840000003], [19.02253429999999, 47.41936080000002], [19.022617900000004, 47.41936400000001], [19.02271529999999, 47.41934630000002], [19.02291429999999, 47.41927750000004], [19.023644300000004, 47.419009000000024], [19.0236395, 47.4186765], [19.021858100000003, 47.41807220000001]]]}}, {"id": "406", "type": "Feature", "properties": {"index": 406, "n_sides": 4, "edges": "[(923, 904, 0), (904, 872, 0), (872, 897, 0), (897, 923, 0)]", "area": 11509.551044199927, "roundabout": false}, "geometry": {"type": "Polygon", "coordinates": [[[19.020644899999997, 47.417031800000004], [19.019694399999995, 47.41630130000002], [19.019639499999993, 47.41625910000003], [19.018676699999993, 47.41696160000004], [19.018737999999992, 47.41700380000003], [19.019684499999997, 47.41765469999998], [19.020644899999997, 47.417031800000004]]]}}, {"id": "407", "type": "Feature", "properties": {"index": 407, "n_sides": 4, "edges": "[(927, 930, 0), (930, 897, 0), (897, 872, 0), (872, 870, 0), (870, 850, 0), (850, 921, 0), (921, 927, 0)]", "area": 21828.04874351633, "roundabout": false}, "geometry": {"type": "Polygon", "coordinates": [[[19.021226799999997, 47.41897860000004], [19.021346499999996, 47.41878240000004], [19.019684499999997, 47.41765469999998], [19.018737999999992, 47.41700380000003], [19.018676699999993, 47.41696160000004], [19.018611599999996, 47.4170018], [19.01796149999999, 47.41753149999999], [19.018022100000003, 47.41756800000003], [19.020995499999994, 47.41935780000001], [19.021052, 47.419265200000055], [19.021203900000003, 47.41901619999999], [19.021226799999997, 47.41897860000004]]]}}, {"id": "408", "type": "Feature", "properties": {"index": 408, "n_sides": 4, "edges": "[(1031, 1035, 0), (1035, 1006, 0), (1006, 1003, 0), (1003, 1031, 0)]", "area": 6941.256942245756, "roundabout": false}, "geometry": {"type": "Polygon", "coordinates": [[[19.025225900000006, 47.41979110000005], [19.025191, 47.419029300000055], [19.024128, 47.41901529999999], [19.024172199999995, 47.41981660000004], [19.025225900000006, 47.41979110000005]]]}}, {"id": "409", "type": "Feature", "properties": {"index": 409, "n_sides": 5, "edges": "[(1003, 1006, 0), (1006, 988, 0), (988, 966, 0), (966, 969, 0), (969, 972, 0), (972, 1003, 0)]", "area": 7155.846799834346, "roundabout": false}, "geometry": {"type": "Polygon", "coordinates": [[[19.024172199999995, 47.41981660000004], [19.024128, 47.41901529999999], [19.023644300000004, 47.419009000000024], [19.02291429999999, 47.41927750000004], [19.022986899999992, 47.41945820000004], [19.023028799999995, 47.41956250000004], [19.0230706, 47.41966659999999], [19.023140799999993, 47.41984149999998], [19.024172199999995, 47.41981660000004]]]}}, {"id": "410", "type": "Feature", "properties": {"index": 410, "n_sides": 4, "edges": "[(975, 972, 0), (972, 969, 0), (969, 966, 0), (966, 942, 0), (942, 918, 0), (918, 975, 0)]", "area": 12902.260732639514, "roundabout": false}, "geometry": {"type": "Polygon", "coordinates": [[[19.023251499999994, 47.420117100000034], [19.023140799999993, 47.41984149999998], [19.0230706, 47.41966659999999], [19.023028799999995, 47.41956250000004], [19.022986899999992, 47.41945820000004], [19.02291429999999, 47.41927750000004], [19.02271529999999, 47.41934630000002], [19.022617900000004, 47.41936400000001], [19.02253429999999, 47.41936080000002], [19.021994499999998, 47.41919840000003], [19.021917199999994, 47.41931040000005], [19.0218669, 47.41937030000003], [19.02164829999999, 47.41970880000006], [19.021631299999996, 47.419753600000014], [19.021633400000002, 47.419839599999996], [19.021396699999993, 47.41996200000003], [19.021256099999995, 47.42018630000006], [19.021176599999993, 47.420313199999995], [19.021113499999995, 47.420413900000014], [19.021176399999998, 47.42041920000006], [19.021681799999996, 47.42038940000002], [19.023251499999994, 47.420117100000034]]]}}, {"id": "411", "type": "Feature", "properties": {"index": 411, "n_sides": 3, "edges": "[(753, 808, 0), (808, 795, 0), (795, 782, 0), (782, 753, 0)]", "area": 6245.128014554388, "roundabout": false}, "geometry": {"type": "Polygon", "coordinates": [[[19.0145404, 47.420117600000054], [19.014729600000003, 47.420161900000025], [19.01485630000001, 47.420162200000064], [19.014958399999998, 47.42013770000002], [19.01508399999999, 47.42007560000007], [19.015360600000005, 47.419887800000005], [19.016426799999998, 47.41911160000003], [19.016133, 47.418931400000005], [19.016080799999997, 47.418899400000036], [19.015644200000004, 47.419172500000045], [19.015443, 47.41931410000004], [19.0151855, 47.419489200000015], [19.0149294, 47.41971060000002], [19.0145404, 47.420117600000054]]]}}, {"id": "413", "type": "Feature", "properties": {"index": 413, "n_sides": 4, "edges": "[(681, 640, 0), (640, 621, 0), (621, 585, 0), (585, 643, 0), (643, 681, 0)]", "area": 24769.91365122106, "roundabout": false}, "geometry": {"type": "Polygon", "coordinates": [[[19.0119414, 47.420171100000005], [19.010502700000004, 47.419626600000065], [19.01044769999999, 47.41960580000001], [19.009632099999994, 47.41932310000005], [19.0095929, 47.419359000000014], [19.0086311, 47.42023880000004], [19.0093953, 47.42061580000002], [19.009454300000005, 47.42063930000002], [19.009527399999996, 47.42065980000004], [19.0099143, 47.4207505], [19.009976000000005, 47.420767700000034], [19.010173799999993, 47.420829900000015], [19.010250299999996, 47.42085759999999], [19.010719700000003, 47.421064], [19.011294300000003, 47.42059850000002], [19.011396599999998, 47.420527799999995], [19.0119414, 47.420171100000005]]]}}, {"id": "414", "type": "Feature", "properties": {"index": 414, "n_sides": 5, "edges": "[(559, 595, 0), (595, 612, 0), (612, 643, 0), (643, 585, 0), (585, 543, 0), (543, 539, 0), (539, 529, 0), (529, 559, 0)]", "area": 34193.821441640466, "roundabout": false}, "geometry": {"type": "Polygon", "coordinates": [[[19.007750399999992, 47.421006000000006], [19.008091099999998, 47.42124500000005], [19.008227899999998, 47.42132670000003], [19.0083499, 47.42139390000003], [19.008489400000006, 47.4214565], [19.00862819999999, 47.42151230000001], [19.008832099999992, 47.42157940000005], [19.008993699999994, 47.42162250000004], [19.0092756, 47.42167870000003], [19.0094818, 47.421656], [19.009723200000003, 47.42160300000003], [19.009947199999996, 47.4215164], [19.01023559999999, 47.42138020000002], [19.010434, 47.42127040000002], [19.0105695, 47.421176100000054], [19.010719700000003, 47.421064], [19.010250299999996, 47.42085759999999], [19.010173799999993, 47.420829900000015], [19.009976000000005, 47.420767700000034], [19.0099143, 47.4207505], [19.009527399999996, 47.42065980000004], [19.009454300000005, 47.42063930000002], [19.0093953, 47.42061580000002], [19.0086311, 47.42023880000004], [19.007871699999995, 47.4198546], [19.0072348, 47.41953230000007], [19.00713819999999, 47.41948010000001], [19.006989900000004, 47.41939450000002], [19.006939, 47.41936510000004], [19.006869999999996, 47.41932530000005], [19.006856599999995, 47.419317400000025], [19.006827099999995, 47.41930049999999], [19.006720500000004, 47.41930700000002], [19.0067308, 47.41940309999999], [19.006735, 47.419484400000016], [19.006721400000004, 47.41955650000005], [19.006696599999994, 47.419642300000056], [19.00665280000001, 47.41976820000002], [19.006492499999993, 47.420190400000074], [19.006548000000002, 47.420198500000026], [19.006566900000003, 47.42020120000003], [19.006598700000005, 47.420207900000044], [19.0066263, 47.42021930000001], [19.006730099999995, 47.42028940000005], [19.0071751, 47.42060260000002], [19.007750399999992, 47.421006000000006]]]}}, {"id": "415", "type": "Feature", "properties": {"index": 415, "n_sides": 3, "edges": "[(559, 529, 0), (529, 516, 0), (516, 559, 0)]", "area": 4078.259304376323, "roundabout": false}, "geometry": {"type": "Polygon", "coordinates": [[[19.007750399999992, 47.421006000000006], [19.0071751, 47.42060260000002], [19.006730099999995, 47.42028940000005], [19.0066263, 47.42021930000001], [19.006598700000005, 47.420207900000044], [19.006566900000003, 47.42020120000003], [19.006548000000002, 47.420198500000026], [19.006492499999993, 47.420190400000074], [19.0063279, 47.42063930000002], [19.006391600000004, 47.42066820000002], [19.006584299999993, 47.42076710000005], [19.006784199999995, 47.420848500000034], [19.006847200000003, 47.420872600000024], [19.006935699999993, 47.42089890000001], [19.00725359999999, 47.42097830000003], [19.0073474, 47.420993], [19.007460800000004, 47.421003200000065], [19.007750399999992, 47.421006000000006]]]}}, {"id": "416", "type": "Feature", "properties": {"index": 416, "n_sides": 4, "edges": "[(782, 795, 0), (795, 803, 0), (803, 796, 0), (796, 749, 0), (749, 782, 0)]", "area": 13025.00916912997, "roundabout": false}, "geometry": {"type": "Polygon", "coordinates": [[[19.015644200000004, 47.419172500000045], [19.016080799999997, 47.418899400000036], [19.016208200000005, 47.41882310000001], [19.016127899999997, 47.418783800000035], [19.015686399999996, 47.418567900000056], [19.015676799999998, 47.41852150000001], [19.015966599999995, 47.41818330000001], [19.014845400000002, 47.41771430000002], [19.014101300000004, 47.4185287], [19.014227999999996, 47.41855950000006], [19.0142944, 47.41858000000002], [19.015562699999993, 47.41913670000001], [19.015644200000004, 47.419172500000045]]]}}, {"id": "417", "type": "Feature", "properties": {"index": 417, "n_sides": 5, "edges": "[(750, 725, 0), (725, 749, 0), (749, 796, 0), (796, 828, 0), (828, 764, 0), (764, 750, 0)]", "area": 31130.389686844588, "roundabout": false}, "geometry": {"type": "Polygon", "coordinates": [[[19.013935599999993, 47.41700510000001], [19.0136679, 47.41730150000004], [19.013418, 47.4175763], [19.0133643, 47.41765070000004], [19.01332679999999, 47.41772220000006], [19.013306599999993, 47.41780860000006], [19.013294500000008, 47.417939300000036], [19.0132892, 47.41805000000006], [19.01330060000001, 47.41819930000002], [19.013397399999995, 47.41824070000001], [19.013536999999996, 47.418297900000034], [19.014016800000004, 47.41850550000002], [19.014101300000004, 47.4185287], [19.014845400000002, 47.41771430000002], [19.015966599999995, 47.41818330000001], [19.016399899999996, 47.41771960000002], [19.0164892, 47.417609400000046], [19.016763300000004, 47.4171597], [19.0158778, 47.41695430000001], [19.0151924, 47.41681850000002], [19.014648800000003, 47.416691400000055], [19.01428239999999, 47.4165754], [19.014030899999998, 47.416890300000034], [19.013935599999993, 47.41700510000001]]]}}, {"id": "418", "type": "Feature", "properties": {"index": 418, "n_sides": 3, "edges": "[(750, 764, 0), (764, 786, 0), (786, 740, 0), (740, 750, 0)]", "area": 9617.04590876993, "roundabout": false}, "geometry": {"type": "Polygon", "coordinates": [[[19.013935599999993, 47.41700510000001], [19.014030899999998, 47.416890300000034], [19.01428239999999, 47.4165754], [19.014715499999998, 47.416076900000014], [19.0148127, 47.41595380000001], [19.014866400000002, 47.41587570000003], [19.014914599999997, 47.41580040000004], [19.014934999999998, 47.41576650000002], [19.015096499999995, 47.41546830000004], [19.015130500000005, 47.41539020000003], [19.015117099999994, 47.4153648], [19.015076399999995, 47.415337700000045], [19.014617699999995, 47.41564310000002], [19.014116999999995, 47.41597339999998], [19.014006499999997, 47.416021700000066], [19.013881299999998, 47.41605850000002], [19.013770699999988, 47.416080600000036], [19.0136499, 47.41608570000004], [19.01352819999999, 47.416067000000005], [19.013397199999993, 47.41600950000001], [19.013346899999995, 47.416052700000016], [19.013281099999993, 47.41614000000002], [19.013241800000003, 47.416256499999996], [19.0132733, 47.416384100000016], [19.0136414, 47.41685679999998], [19.013748799999995, 47.41692790000004], [19.013935599999993, 47.41700510000001]]]}}, {"id": "419", "type": "Feature", "properties": {"index": 419, "n_sides": 4, "edges": "[(621, 640, 0), (640, 663, 0), (663, 618, 1), (618, 591, 0), (591, 621, 0)]", "area": 14648.62925937001, "roundabout": false}, "geometry": {"type": "Polygon", "coordinates": [[[19.009632099999994, 47.41932310000005], [19.01044769999999, 47.41960580000001], [19.010848699999997, 47.41903690000005], [19.010928700000004, 47.41894420000004], [19.010965399999996, 47.41890170000003], [19.010148, 47.41851349999998], [19.009281099999992, 47.418101800000024], [19.0092399, 47.41815460000002], [19.0086781, 47.41887380000002], [19.008830099999997, 47.418945400000034], [19.008992499999998, 47.419021900000025], [19.009632099999994, 47.41932310000005]]]}}, {"id": "420", "type": "Feature", "properties": {"index": 420, "n_sides": 4, "edges": "[(621, 591, 0), (591, 567, 0), (567, 543, 0), (543, 585, 0), (585, 621, 0)]", "area": 21379.16074610224, "roundabout": false}, "geometry": {"type": "Polygon", "coordinates": [[[19.009632099999994, 47.41932310000005], [19.008992499999998, 47.419021900000025], [19.008830099999997, 47.418945400000034], [19.0086781, 47.41887380000002], [19.008620699999994, 47.41884560000001], [19.008431199999997, 47.41875260000002], [19.007760999999995, 47.418417700000035], [19.007710199999995, 47.41846780000001], [19.007061599999997, 47.419081700000035], [19.006913100000002, 47.41922070000001], [19.0069007, 47.41923280000003], [19.006880400000004, 47.419251300000035], [19.006827099999995, 47.41930049999999], [19.006856599999995, 47.419317400000025], [19.006869999999996, 47.41932530000005], [19.006939, 47.41936510000004], [19.006989900000004, 47.41939450000002], [19.00713819999999, 47.41948010000001], [19.0072348, 47.41953230000007], [19.007871699999995, 47.4198546], [19.0086311, 47.42023880000004], [19.0095929, 47.419359000000014], [19.009632099999994, 47.41932310000005]]]}}, {"id": "421", "type": "Feature", "properties": {"index": 421, "n_sides": 4, "edges": "[(529, 539, 0), (539, 535, 0), (535, 503, 0), (503, 481, 0), (481, 489, 0), (489, 512, 0), (512, 516, 0), (516, 529, 0)]", "area": 16011.20350188879, "roundabout": false}, "geometry": {"type": "Polygon", "coordinates": [[[19.006492499999993, 47.420190400000074], [19.00665280000001, 47.41976820000002], [19.006696599999994, 47.419642300000056], [19.006721400000004, 47.41955650000005], [19.006735, 47.419484400000016], [19.0067308, 47.41940309999999], [19.006720500000004, 47.41930700000002], [19.0067006, 47.41922570000004], [19.0066723, 47.41914450000004], [19.0065964, 47.41896410000002], [19.0065192, 47.41898050000002], [19.006470499999995, 47.41899149999999], [19.006051199999995, 47.419095599999984], [19.005559000000005, 47.41922130000006], [19.005573299999988, 47.41924630000003], [19.0056655, 47.419408099999984], [19.0056691, 47.419449300000046], [19.005659699999995, 47.419499200000054], [19.0055213, 47.419859400000036], [19.005223299999994, 47.42063520000003], [19.005334500000007, 47.42068470000005], [19.006006099999993, 47.420942000000004], [19.0060403, 47.420955100000064], [19.006074399999996, 47.42096820000001], [19.00617859999999, 47.420993], [19.00625180000001, 47.42083360000003], [19.0063279, 47.42063930000002], [19.006492499999993, 47.420190400000074]]]}}, {"id": "422", "type": "Feature", "properties": {"index": 422, "n_sides": 4, "edges": "[(428, 462, 0), (462, 477, 0), (477, 432, 0), (432, 428, 0)]", "area": 8581.556885528058, "roundabout": false}, "geometry": {"type": "Polygon", "coordinates": [[[19.0045794, 47.42777480000004], [19.0059775, 47.42866980000003], [19.0061577, 47.4285189], [19.006252099999994, 47.42836789999999], [19.006320800000005, 47.42821690000004], [19.006333100000006, 47.428004600000044], [19.004775599999988, 47.42739680000003], [19.004701500000003, 47.427596300000026], [19.004610199999995, 47.427729800000066], [19.0045794, 47.42777480000004]]]}}, {"id": "423", "type": "Feature", "properties": {"index": 423, "n_sides": 4, "edges": "[(837, 911, 0), (911, 921, 0), (921, 850, 0), (850, 837, 0)]", "area": 21758.359835625575, "roundabout": false}, "geometry": {"type": "Polygon", "coordinates": [[[19.017376, 47.41800040000002], [19.020625099999993, 47.41996350000002], [19.020995499999994, 47.41935780000001], [19.018022100000003, 47.41756800000003], [19.01796149999999, 47.41753149999999], [19.017376, 47.41800040000002]]]}}, {"id": "424", "type": "Feature", "properties": {"index": 424, "n_sides": 5, "edges": "[(764, 828, 0), (828, 843, 0), (843, 790, 0), (790, 786, 0), (786, 764, 0)]", "area": 24651.963367667282, "roundabout": false}, "geometry": {"type": "Polygon", "coordinates": [[[19.01428239999999, 47.4165754], [19.014648800000003, 47.416691400000055], [19.0151924, 47.41681850000002], [19.0158778, 47.41695430000001], [19.016763300000004, 47.4171597], [19.0173124, 47.41625870000003], [19.016222100000007, 47.41591829999999], [19.016082600000004, 47.41585840000001], [19.0159544, 47.4157866], [19.015824500000004, 47.41567910000003], [19.015344900000006, 47.415224500000015], [19.0152875, 47.41517050000004], [19.0151835, 47.41525860000006], [19.015076399999995, 47.415337700000045], [19.015117099999994, 47.4153648], [19.015130500000005, 47.41539020000003], [19.015096499999995, 47.41546830000004], [19.014934999999998, 47.41576650000002], [19.014914599999997, 47.41580040000004], [19.014866400000002, 47.41587570000003], [19.0148127, 47.41595380000001], [19.014715499999998, 47.416076900000014], [19.01428239999999, 47.4165754]]]}}, {"id": "426", "type": "Feature", "properties": {"index": 426, "n_sides": 6, "edges": "[(631, 718, 0), (718, 761, 0), (761, 728, 0), (728, 741, 0), (741, 696, 0), (696, 631, 0)]", "area": 59681.14372929856, "roundabout": false}, "geometry": {"type": "Polygon", "coordinates": [[[19.009133900000002, 47.41324030000004], [19.010765799999994, 47.41381210000003], [19.011079100000003, 47.41392550000006], [19.011186799999997, 47.413974400000015], [19.0112811, 47.414030200000056], [19.0113734, 47.414098200000026], [19.0119789, 47.41464030000003], [19.0120672, 47.41473870000006], [19.012116299999995, 47.41480250000005], [19.0124465, 47.415231100000064], [19.012485100000003, 47.415205500000056], [19.0137469, 47.41436680000004], [19.011873599999994, 47.41311750000008], [19.011855399999998, 47.41309500000003], [19.0118484, 47.41307410000002], [19.011846999999996, 47.41305180000006], [19.0118537, 47.41303260000002], [19.011866300000005, 47.41301070000004], [19.011881199999998, 47.412995200000026], [19.012333199999997, 47.4126885], [19.012351299999995, 47.412666300000076], [19.0123551, 47.41263990000003], [19.012330100000003, 47.4125744], [19.012752599999992, 47.41226500000006], [19.0126723, 47.41223930000002], [19.01261600000001, 47.412213900000005], [19.0116725, 47.4116457], [19.011575799999996, 47.41160880000001], [19.010933199999997, 47.41140910000001], [19.0099557, 47.41249740000004], [19.009516199999997, 47.412915000000034], [19.009213899999992, 47.41319260000006], [19.009188299999995, 47.41321150000003], [19.009133900000002, 47.41324030000004]]]}}, {"id": "427", "type": "Feature", "properties": {"index": 427, "n_sides": 3, "edges": "[(646, 668, 0), (668, 680, 0), (680, 664, 0), (664, 646, 0)]", "area": 4510.582999241058, "roundabout": false}, "geometry": {"type": "Polygon", "coordinates": [[[19.008908499999997, 47.41053570000003], [19.0097464, 47.41078730000004], [19.0101483, 47.40999490000005], [19.010146999999996, 47.409960400000024], [19.0101204, 47.40993099999999], [19.010044, 47.40995850000003], [19.009586200000005, 47.41004960000003], [19.0095096, 47.410068400000036], [19.009444, 47.41009640000001], [19.009394199999996, 47.41013190000004], [19.008908499999997, 47.41053570000003]]]}}, {"id": "428", "type": "Feature", "properties": {"index": 428, "n_sides": 3, "edges": "[(565, 497, 0), (497, 499, 0), (499, 498, 0), (498, 523, 0), (523, 565, 0)]", "area": 26977.324842643447, "roundabout": false}, "geometry": {"type": "Polygon", "coordinates": [[[19.007052699999996, 47.41463040000005], [19.00483699999999, 47.41562630000002], [19.00477139999999, 47.41565420000007], [19.004794999999998, 47.41573520000002], [19.004873999999997, 47.416143500000004], [19.004895899999994, 47.41629280000001], [19.004997200000005, 47.41629130000005], [19.005064199999996, 47.41630770000005], [19.00511519999999, 47.416345800000016], [19.0051487, 47.41638860000004], [19.005171500000007, 47.4164402], [19.005182199999997, 47.4164901], [19.0051782, 47.41658080000003], [19.005180899999992, 47.41662889999999], [19.005188899999993, 47.41666019999999], [19.005211700000004, 47.41669520000004], [19.005232499999995, 47.416707000000045], [19.005261400000002, 47.4167129], [19.005289500000003, 47.41671100000003], [19.005718699999996, 47.41658810000005], [19.0061029, 47.416416200000036], [19.006584600000004, 47.416193100000015], [19.00687779999999, 47.415969500000045], [19.007149600000005, 47.41581940000002], [19.007342799999996, 47.41571330000004], [19.0074085, 47.41564520000002], [19.007419199999994, 47.41559170000002], [19.007413799999995, 47.415529000000014], [19.0077089, 47.41520140000002], [19.0077049, 47.41513700000002], [19.007659300000004, 47.41507170000005], [19.007052699999996, 47.41463040000005]]]}}, {"id": "429", "type": "Feature", "properties": {"index": 429, "n_sides": 4, "edges": "[(718, 726, 0), (726, 733, 0), (733, 770, 0), (770, 765, 0), (765, 761, 0), (761, 718, 0)]", "area": 10400.185627420356, "roundabout": false}, "geometry": {"type": "Polygon", "coordinates": [[[19.0124465, 47.415231100000064], [19.012778799999996, 47.41561580000006], [19.012819200000003, 47.415659300000016], [19.012864500000003, 47.415697200000004], [19.0129628, 47.41575640000001], [19.014472099999995, 47.41459150000001], [19.0143554, 47.41452990000006], [19.0142509, 47.41446470000003], [19.01416, 47.414400000000015], [19.014068299999998, 47.414315300000005], [19.0140078, 47.41419500000002], [19.0137469, 47.41436680000004], [19.012485100000003, 47.415205500000056], [19.0124465, 47.415231100000064]]]}}, {"id": "430", "type": "Feature", "properties": {"index": 430, "n_sides": 5, "edges": "[(664, 680, 0), (680, 692, 0), (692, 679, 0), (679, 644, 0), (644, 634, 0), (634, 664, 0)]", "area": 8398.012482751448, "roundabout": false}, "geometry": {"type": "Polygon", "coordinates": [[[19.009444, 47.41009640000001], [19.0095096, 47.410068400000036], [19.009586200000005, 47.41004960000003], [19.010044, 47.40995850000003], [19.0101204, 47.40993099999999], [19.010163699999993, 47.40990240000005], [19.010200400000002, 47.40985429999999], [19.010452200000003, 47.40947560000005], [19.010367500000005, 47.40941820000005], [19.010084199999998, 47.40922610000001], [19.009964299999993, 47.409127100000035], [19.008726600000003, 47.40962850000001], [19.00856329999999, 47.409693999999995], [19.0085873, 47.40973069999999], [19.0086249, 47.409755299999986], [19.009444, 47.41009640000001]]]}}, {"id": "431", "type": "Feature", "properties": {"index": 431, "n_sides": 7, "edges": "[(438, 455, 0), (455, 414, 0), (414, 399, 0), (399, 350, 0), (350, 330, 0), (330, 407, 0), (407, 433, 0), (433, 405, 0), (405, 430, 0), (430, 438, 0)]", "area": 59952.30343852912, "roundabout": false}, "geometry": {"type": "Polygon", "coordinates": [[[19.0024423, 47.41259640000002], [19.0029855, 47.41205470000004], [19.0021783, 47.41165650000005], [19.0019542, 47.41157320000005], [19.001396999999997, 47.41129630000001], [19.000869099999996, 47.41172810000002], [19.000668500000003, 47.41191780000002], [18.999670299999988, 47.412861900000024], [18.999471100000008, 47.41304790000003], [18.999408500000005, 47.41306560000006], [18.9992317, 47.412830500000055], [18.999111099999997, 47.41264130000002], [18.9990789, 47.41259550000004], [18.99904059999999, 47.41255420000001], [18.998984299999996, 47.41250840000002], [18.998776600000003, 47.41238010000001], [18.9984863, 47.41260099999998], [18.9982057, 47.412814400000016], [18.99985789999999, 47.413822400000015], [19.001287699999992, 47.414694800000035], [19.0015733, 47.41486970000002], [19.002022999999998, 47.41461300000003], [19.002155400000003, 47.41451900000003], [19.0022713, 47.41442010000008], [19.0024836, 47.414240200000044], [19.001337499999998, 47.41370570000002], [19.00204939999999, 47.412988100000064], [19.0024423, 47.41259640000002]]]}}, {"id": "432", "type": "Feature", "properties": {"index": 432, "n_sides": 4, "edges": "[(532, 530, 0), (530, 470, 0), (470, 479, 0), (479, 503, 0), (503, 535, 0), (535, 532, 0)]", "area": 11935.235232999561, "roundabout": false}, "geometry": {"type": "Polygon", "coordinates": [[[19.006206999999996, 47.41820180000006], [19.006178800000004, 47.41816470000002], [19.006114600000004, 47.41818800000006], [19.0053421, 47.41846810000004], [19.004452000000004, 47.41879080000004], [19.00449699999999, 47.418867800000044], [19.004557399999996, 47.41894100000006], [19.004915300000008, 47.41937360000003], [19.005559000000005, 47.41922130000006], [19.006051199999995, 47.419095599999984], [19.006470499999995, 47.41899149999999], [19.0065192, 47.41898050000002], [19.0065964, 47.41896410000002], [19.006328899999996, 47.41840100000003], [19.006206999999996, 47.41820180000006]]]}}, {"id": "433", "type": "Feature", "properties": {"index": 433, "n_sides": 4, "edges": "[(532, 535, 0), (535, 539, 0), (539, 543, 0), (543, 567, 0), (567, 590, 0), (590, 532, 0)]", "area": 18717.729290527004, "roundabout": false}, "geometry": {"type": "Polygon", "coordinates": [[[19.006206999999996, 47.41820180000006], [19.006328899999996, 47.41840100000003], [19.0065964, 47.41896410000002], [19.0066723, 47.41914450000004], [19.0067006, 47.41922570000004], [19.006720500000004, 47.41930700000002], [19.006827099999995, 47.41930049999999], [19.006880400000004, 47.419251300000035], [19.0069007, 47.41923280000003], [19.006913100000002, 47.41922070000001], [19.007061599999997, 47.419081700000035], [19.007710199999995, 47.41846780000001], [19.007760999999995, 47.418417700000035], [19.007890299999996, 47.4182749], [19.007920800000004, 47.41823830000003], [19.007953599999993, 47.418182500000015], [19.007977099999998, 47.41812350000004], [19.0080191, 47.417988800000046], [19.008053499999995, 47.41787120000006], [19.0080843, 47.41775020000002], [19.0080944, 47.4176621], [19.008110699999992, 47.41750540000003], [19.0081219, 47.417446100000056], [19.008140699999995, 47.4173975], [19.008182299999994, 47.41732680000002], [19.0082118, 47.417271400000004], [19.008233899999997, 47.417213800000056], [19.008247300000004, 47.4171661], [19.008263499999998, 47.4170962], [19.00828489999999, 47.41696420000006], [19.0082976, 47.41692110000007], [19.0082104, 47.41692340000004], [19.00814069999999, 47.41693970000003], [19.008065600000002, 47.41697240000005], [19.007810099999997, 47.41712760000001], [19.007726300000005, 47.41717839999998], [19.007187199999994, 47.41749460000002], [19.007108099999993, 47.41755450000002], [19.006797599999995, 47.41783860000005], [19.006681599999993, 47.41793070000002], [19.00644019999999, 47.418105800000035], [19.0063415, 47.41815640000005], [19.006267799999996, 47.41818240000002], [19.006206999999996, 47.41820180000006]]]}}, {"id": "434", "type": "Feature", "properties": {"index": 434, "n_sides": 4, "edges": "[(303, 290, 0), (290, 293, 0), (293, 317, 0), (317, 303, 0)]", "area": 17247.538813172447, "roundabout": false}, "geometry": {"type": "Polygon", "coordinates": [[[18.99915, 47.42707830000002], [18.999048299999995, 47.42709530000002], [18.9985055, 47.42715980000005], [18.9983743, 47.427181300000015], [18.998563499999996, 47.42787360000006], [18.998891800000003, 47.4291102], [18.998899099999992, 47.42917630000001], [18.999711099999992, 47.428839400000044], [19.0001682, 47.428649700000044], [18.9998734, 47.428188200000015], [18.99915, 47.42707830000002]]]}}, {"id": "435", "type": "Feature", "properties": {"index": 435, "n_sides": 4, "edges": "[(362, 343, 0), (343, 317, 0), (317, 293, 0), (293, 294, 0), (294, 296, 0), (296, 371, 0), (371, 362, 0)]", "area": 37754.62633526153, "roundabout": false}, "geometry": {"type": "Polygon", "coordinates": [[[19.002070000000003, 47.42786070000001], [19.001302999999993, 47.42817890000002], [19.000754800000003, 47.428406400000036], [19.0001682, 47.428649700000044], [18.999711099999992, 47.428839400000044], [18.998899099999992, 47.42917630000001], [18.998909199999996, 47.42926850000003], [18.999058600000005, 47.42969170000005], [18.999185100000002, 47.43000450000005], [18.9992467, 47.43011570000003], [18.99929549999999, 47.430186200000016], [18.9993673, 47.4302701], [18.999663799999993, 47.43014999999999], [19.000631600000002, 47.429758000000035], [19.000869, 47.42966840000003], [19.001180699999995, 47.429564000000006], [19.002102399999995, 47.42928210000002], [19.002851499999995, 47.429052800000065], [19.002254199999996, 47.42814170000004], [19.002070000000003, 47.42786070000001]]]}}, {"id": "436", "type": "Feature", "properties": {"index": 436, "n_sides": 2, "edges": "[(553, 527, 0), (527, 553, 1)]", "area": 18207.450339799834, "roundabout": false}, "geometry": {"type": "Polygon", "coordinates": [[[19.003711699999997, 47.399436700000024], [19.003775199999993, 47.39937400000004], [19.0038378, 47.3993122], [19.004042699999992, 47.39910770000005], [19.005212499999995, 47.39794080000002], [19.005266899999995, 47.397886500000006], [19.004312599999995, 47.397441700000044], [19.004258600000004, 47.397496300000014], [19.003117099999997, 47.39865050000004], [19.0028573, 47.39891340000002], [19.002822899999998, 47.398949499999986], [19.002752599999997, 47.39902310000001], [19.003425399999994, 47.39931139999999], [19.003711699999997, 47.399436700000024]]]}}, {"id": "437", "type": "Feature", "properties": {"index": 437, "n_sides": 4, "edges": "[(144, 166, 0), (166, 182, 0), (182, 153, 0), (153, 144, 0)]", "area": 11018.727733940417, "roundabout": false}, "geometry": {"type": "Polygon", "coordinates": [[[18.982910300000007, 47.391914799999995], [18.983054199999994, 47.39199060000001], [18.983388499999997, 47.392146499999996], [18.983611899999993, 47.39224260000002], [18.983790299999995, 47.39231100000004], [18.984266799999993, 47.39248390000006], [18.984312, 47.39241860000003], [18.984648600000003, 47.3919307], [18.9846835, 47.391848999999986], [18.9847586, 47.39173189999998], [18.984789599999992, 47.39162970000002], [18.984181300000007, 47.3914454], [18.983503199999994, 47.391260300000006], [18.982910300000007, 47.391914799999995]]]}}, {"id": "438", "type": "Feature", "properties": {"index": 438, "n_sides": 3, "edges": "[(144, 153, 0), (153, 160, 0), (160, 156, 0), (156, 138, 0), (138, 122, 0), (122, 115, 0), (115, 131, 0), (131, 144, 0)]", "area": 16356.287256551172, "roundabout": false}, "geometry": {"type": "Polygon", "coordinates": [[[18.982910300000007, 47.391914799999995], [18.983503199999994, 47.391260300000006], [18.983678999999995, 47.39103300000001], [18.983557400000006, 47.39100050000005], [18.982422399999997, 47.390693800000015], [18.981555099999998, 47.39044710000002], [18.98146299999999, 47.390423299999995], [18.9810526, 47.390317399999994], [18.980699799999996, 47.39025230000003], [18.980608100000005, 47.39024610000002], [18.9805482, 47.39026850000004], [18.980465000000002, 47.39036230000001], [18.9804284, 47.39040060000001], [18.980411999999998, 47.390416800000025], [18.980397299999996, 47.390445600000064], [18.9807351, 47.39059220000001], [18.980962, 47.390695800000046], [18.981129000000003, 47.39076430000005], [18.981353499999997, 47.390883400000035], [18.981633599999995, 47.391045200000036], [18.9818232, 47.39115760000008], [18.981924699999997, 47.39121430000006], [18.982243299999997, 47.39143229999998], [18.9827026, 47.391775900000056], [18.9828124, 47.39185420000004], [18.982910300000007, 47.391914799999995]]]}}, {"id": "439", "type": "Feature", "properties": {"index": 439, "n_sides": 4, "edges": "[(153, 182, 0), (182, 187, 0), (187, 160, 0), (160, 153, 0)]", "area": 3249.992587308462, "roundabout": false}, "geometry": {"type": "Polygon", "coordinates": [[[18.983503199999994, 47.391260300000006], [18.984181300000007, 47.3914454], [18.984789599999992, 47.39162970000002], [18.984982600000002, 47.3913576], [18.984758299999985, 47.391292500000034], [18.983678999999995, 47.39103300000001], [18.983503199999994, 47.391260300000006]]]}}, {"id": "440", "type": "Feature", "properties": {"index": 440, "n_sides": 5, "edges": "[(134, 118, 0), (118, 103, 0), (103, 93, 0), (93, 87, 0), (87, 79, 0), (79, 76, 0), (76, 100, 0), (100, 134, 0)]", "area": 53569.33067957067, "roundabout": false}, "geometry": {"type": "Polygon", "coordinates": [[[18.982386799999997, 47.39327370000005], [18.981788000000005, 47.39300570000004], [18.981161899999993, 47.392704899999984], [18.980768799999993, 47.39303440000004], [18.980610199999997, 47.393197900000025], [18.980559600000007, 47.39326120000005], [18.980462599999996, 47.39343550000004], [18.980414699999997, 47.39349870000002], [18.980353300000004, 47.393561800000064], [18.979883599999997, 47.39399389999999], [18.979287900000006, 47.393724900000066], [18.979277699999994, 47.39372030000005], [18.9792065, 47.39368750000002], [18.979093300000002, 47.39381800000004], [18.9788784, 47.39411970000002], [18.9786496, 47.39444750000005], [18.9783794, 47.39496760000003], [18.9781536, 47.39538340000004], [18.977880900000002, 47.39586460000002], [18.9779841, 47.395896799999996], [18.978270400000003, 47.39598630000002], [18.978816699999996, 47.396162900000014], [18.9789268, 47.39616190000004], [18.9790367, 47.39612550000003], [18.980070400000002, 47.395476100000025], [18.980165399999994, 47.3954111], [18.981244899999997, 47.394382200000024], [18.982386799999997, 47.39327370000005]]]}}, {"id": "441", "type": "Feature", "properties": {"index": 441, "n_sides": 4, "edges": "[(116, 131, 0), (131, 115, 0), (115, 109, 0), (109, 99, 0), (99, 97, 0), (97, 89, 0), (89, 116, 0)]", "area": 34181.038631027666, "roundabout": false}, "geometry": {"type": "Polygon", "coordinates": [[[18.980788700000005, 47.392101100000005], [18.981197399999996, 47.39179460000004], [18.9818246, 47.39129420000002], [18.981924699999997, 47.39121430000006], [18.9818232, 47.39115760000008], [18.981633599999995, 47.391045200000036], [18.981353499999997, 47.390883400000035], [18.981129000000003, 47.39076430000005], [18.980962, 47.390695800000046], [18.9807351, 47.39059220000001], [18.980397299999996, 47.390445600000064], [18.98013999999999, 47.39034910000004], [18.979794099999992, 47.390221600000054], [18.978805799999993, 47.38992560000002], [18.978705999999995, 47.38989920000006], [18.978671100000007, 47.38995780000003], [18.978643800000008, 47.39000360000005], [18.978147900000007, 47.3908368], [18.9806878, 47.39205300000001], [18.980736200000003, 47.39208030000001], [18.980788700000005, 47.392101100000005]]]}}, {"id": "442", "type": "Feature", "properties": {"index": 442, "n_sides": 4, "edges": "[(116, 89, 0), (89, 86, 0), (86, 98, 0), (98, 113, 0), (113, 116, 0)]", "area": 8081.126288089865, "roundabout": false}, "geometry": {"type": "Polygon", "coordinates": [[[18.980788700000005, 47.392101100000005], [18.980736200000003, 47.39208030000001], [18.9806878, 47.39205300000001], [18.978147900000007, 47.3908368], [18.9779944, 47.39111310000006], [18.979039999999998, 47.39163080000002], [18.980477999999994, 47.39233200000001], [18.980534499999997, 47.392363600000024], [18.980579800000008, 47.392381600000014], [18.980788700000005, 47.392101100000005]]]}}, {"id": "443", "type": "Feature", "properties": {"index": 443, "n_sides": 4, "edges": "[(113, 93, 0), (93, 103, 0), (103, 118, 0), (118, 113, 0)]", "area": 10238.473788063573, "roundabout": false}, "geometry": {"type": "Polygon", "coordinates": [[[18.980579800000008, 47.392381600000014], [18.9792065, 47.39368750000002], [18.979277699999994, 47.39372030000005], [18.979287900000006, 47.393724900000066], [18.979883599999997, 47.39399389999999], [18.980353300000004, 47.393561800000064], [18.980414699999997, 47.39349870000002], [18.980462599999996, 47.39343550000004], [18.980559600000007, 47.39326120000005], [18.980610199999997, 47.393197900000025], [18.980768799999993, 47.39303440000004], [18.981161899999993, 47.392704899999984], [18.980688800000003, 47.39244510000007], [18.980653399999994, 47.39242560000005], [18.980579800000008, 47.392381600000014]]]}}, {"id": "444", "type": "Feature", "properties": {"index": 444, "n_sides": 4, "edges": "[(113, 98, 0), (98, 75, 0), (75, 87, 0), (87, 93, 0), (93, 113, 0)]", "area": 31219.2266263642, "roundabout": false}, "geometry": {"type": "Polygon", "coordinates": [[[18.980579800000008, 47.392381600000014], [18.980534499999997, 47.392363600000024], [18.980477999999994, 47.39233200000001], [18.979039999999998, 47.39163080000002], [18.977575399999992, 47.39415700000008], [18.9785334, 47.394416800000016], [18.97856999999999, 47.39442650000004], [18.978622899999998, 47.39444570000005], [18.9786496, 47.39444750000005], [18.9788784, 47.39411970000002], [18.979093300000002, 47.39381800000004], [18.9792065, 47.39368750000002], [18.980579800000008, 47.392381600000014]]]}}, {"id": "445", "type": "Feature", "properties": {"index": 445, "n_sides": 4, "edges": "[(86, 89, 0), (89, 97, 0), (97, 88, 0), (88, 69, 0), (69, 59, 0), (59, 63, 0), (63, 67, 0), (67, 86, 0)]", "area": 41952.87592872842, "roundabout": false}, "geometry": {"type": "Polygon", "coordinates": [[[18.9779944, 47.39111310000006], [18.978147900000007, 47.3908368], [18.978643800000008, 47.39000360000005], [18.978671100000007, 47.38995780000003], [18.978705999999995, 47.38989920000006], [18.978053300000003, 47.38970000000005], [18.9778234, 47.38963550000004], [18.977796900000005, 47.38968270000005], [18.9777813, 47.38971050000002], [18.976426600000003, 47.392046599999986], [18.97501099999999, 47.394484900000045], [18.974991899999992, 47.39451780000007], [18.975872599999995, 47.39475890000004], [18.9764088, 47.39383920000003], [18.977917799999993, 47.3912511], [18.9779944, 47.39111310000006]]]}}, {"id": "446", "type": "Feature", "properties": {"index": 446, "n_sides": 4, "edges": "[(86, 67, 0), (67, 75, 0), (75, 98, 0), (98, 86, 0)]", "area": 29687.42590988234, "roundabout": false}, "geometry": {"type": "Polygon", "coordinates": [[[18.9779944, 47.39111310000006], [18.977917799999993, 47.3912511], [18.9764088, 47.39383920000003], [18.977575399999992, 47.39415700000008], [18.979039999999998, 47.39163080000002], [18.9779944, 47.39111310000006]]]}}, {"id": "447", "type": "Feature", "properties": {"index": 447, "n_sides": 3, "edges": "[(479, 470, 0), (470, 469, 0), (469, 423, 0), (423, 460, 0), (460, 479, 0)]", "area": 9440.862528882477, "roundabout": false}, "geometry": {"type": "Polygon", "coordinates": [[[19.004915300000008, 47.41937360000003], [19.004557399999996, 47.41894100000006], [19.00449699999999, 47.418867800000044], [19.004452000000004, 47.41879080000004], [19.004423199999994, 47.418725200000026], [19.004367399999996, 47.418544500000046], [19.0043328, 47.41827720000004], [19.0042777, 47.41827959999999], [19.0042193, 47.41828830000003], [19.004144200000002, 47.41832089999999], [19.004093300000005, 47.418358999999995], [19.003060299999994, 47.419468700000046], [19.003281899999994, 47.41945740000002], [19.003418699999997, 47.41945470000003], [19.00429979999999, 47.419506000000034], [19.00436949999999, 47.419503700000014], [19.0044279, 47.41949420000001], [19.004915300000008, 47.41937360000003]]]}}, {"id": "448", "type": "Feature", "properties": {"index": 448, "n_sides": 2, "edges": "[(663, 618, 0), (618, 663, 1)]", "area": 18217.882551374478, "roundabout": false}, "geometry": {"type": "Polygon", "coordinates": [[[19.010965399999996, 47.41890170000003], [19.010997700000008, 47.418864700000015], [19.01161889999999, 47.41815440000002], [19.011634999999995, 47.418128000000046], [19.011636799999998, 47.41812320000005], [19.01164399999999, 47.41810379999999], [19.011641300000008, 47.4180793], [19.0116293, 47.418057700000034], [19.0116088, 47.41803530000003], [19.011269500000008, 47.41781500000006], [19.01125989999999, 47.41780880000001], [19.010615899999994, 47.417390700000006], [19.010446099999996, 47.417280500000004], [19.010381000000006, 47.417242399999985], [19.010292499999995, 47.41722290000004], [19.010196600000004, 47.417226500000005], [19.010132900000002, 47.417250500000016], [19.009560299999997, 47.41767070000002], [19.009516, 47.41771920000001], [19.009296100000004, 47.418077400000044], [19.009281099999992, 47.418101800000024], [19.010148, 47.41851349999998], [19.010965399999996, 47.41890170000003]]]}}, {"id": "449", "type": "Feature", "properties": {"index": 449, "n_sides": 4, "edges": "[(1099, 1086, 0), (1086, 1012, 0), (1012, 984, 0), (984, 964, 0), (964, 950, 0), (950, 871, 0), (871, 881, 0), (881, 934, 0), (934, 1102, 0), (1102, 1099, 0)]", "area": 38024.33528891368, "roundabout": false}, "geometry": {"type": "Polygon", "coordinates": [[[19.030766900000003, 47.438114700000014], [19.030650200000004, 47.43816050000001], [19.030455499999995, 47.43822940000001], [19.0302551, 47.438289300000044], [19.03003509999999, 47.43834390000004], [19.02979639999999, 47.438391199999984], [19.0289932, 47.438506100000005], [19.028514800000004, 47.43857720000005], [19.028227800000007, 47.43862980000004], [19.027902299999994, 47.43868930000004], [19.027437999999993, 47.438807800000035], [19.02693499999999, 47.43895320000008], [19.026592499999992, 47.43907950000004], [19.02627139999999, 47.43920940000001], [19.0257832, 47.43945280000003], [19.024702499999993, 47.44001320000001], [19.0236136, 47.440572000000024], [19.023075099999993, 47.44084070000003], [19.022862000000003, 47.44095040000004], [19.02290569999999, 47.44099029999999], [19.022962, 47.441041600000005], [19.022997700000005, 47.44107420000005], [19.0230133, 47.44108840000004], [19.0230219, 47.441097800000044], [19.023084000000004, 47.441152999999986], [19.023303199999997, 47.44135620000002], [19.023356, 47.44140540000002], [19.023527199999997, 47.441345500000025], [19.0237098, 47.44127130000003], [19.023956800000008, 47.441150099999994], [19.024718099999994, 47.44069690000004], [19.0250371, 47.44052970000005], [19.0254407, 47.440349600000026], [19.026085099999996, 47.440091500000044], [19.026848799999993, 47.43979230000006], [19.027098799999997, 47.4396697], [19.0279016, 47.4392217], [19.028295299999993, 47.43904640000003], [19.02858369999999, 47.438938900000046], [19.028807899999997, 47.438877499999975], [19.030406499999998, 47.438562000000054], [19.030598799999993, 47.43851630000002], [19.030929899999997, 47.438415000000035], [19.030967800000003, 47.43840420000002], [19.030917099999996, 47.438329100000054], [19.030876099999993, 47.43826830000004], [19.03085429999999, 47.43823600000003], [19.0308288, 47.43820050000004], [19.0308021, 47.43816350000003], [19.030766900000003, 47.438114700000014]]]}}, {"id": "450", "type": "Feature", "properties": {"index": 450, "n_sides": 4, "edges": "[(79, 87, 0), (87, 75, 0), (75, 67, 0), (67, 63, 0), (63, 79, 0)]", "area": 20282.01200210337, "roundabout": false}, "geometry": {"type": "Polygon", "coordinates": [[[18.9781536, 47.39538340000004], [18.9783794, 47.39496760000003], [18.9786496, 47.39444750000005], [18.978622899999998, 47.39444570000005], [18.97856999999999, 47.39442650000004], [18.9785334, 47.394416800000016], [18.977575399999992, 47.39415700000008], [18.9764088, 47.39383920000003], [18.975872599999995, 47.39475890000004], [18.978045299999998, 47.39535370000004], [18.978082800000003, 47.39536400000002], [18.9781536, 47.39538340000004]]]}}, {"id": "451", "type": "Feature", "properties": {"index": 451, "n_sides": 4, "edges": "[(88, 81, 0), (81, 77, 0), (77, 64, 0), (64, 69, 0), (69, 88, 0)]", "area": 20140.505843535164, "roundabout": false}, "geometry": {"type": "Polygon", "coordinates": [[[18.9778234, 47.38963550000004], [18.977724799999994, 47.38960860000003], [18.9774641, 47.38953760000001], [18.9769576, 47.38940010000004], [18.9769306, 47.389446099999994], [18.97691199999999, 47.38947759999997], [18.976864299999995, 47.389562], [18.97661799999999, 47.39000540000003], [18.976346399999994, 47.39049430000006], [18.9755551, 47.3918771], [18.9756283, 47.391891300000026], [18.976426600000003, 47.392046599999986], [18.9777813, 47.38971050000002], [18.977796900000005, 47.38968270000005], [18.9778234, 47.38963550000004]]]}}, {"id": "452", "type": "Feature", "properties": {"index": 452, "n_sides": 3, "edges": "[(130, 68, 0), (68, 73, 0), (73, 91, 0), (91, 96, 0), (96, 130, 0)]", "area": 67397.38774613623, "roundabout": false}, "geometry": {"type": "Polygon", "coordinates": [[[18.983839199999995, 47.40228970000001], [18.9837824, 47.402267100000074], [18.9831249, 47.40200610000002], [18.982612500000002, 47.401805199999984], [18.982304299999992, 47.40165530000003], [18.982244, 47.40163940000002], [18.9822146, 47.40163780000004], [18.9821819, 47.401639900000056], [18.982129999999998, 47.40165530000004], [18.9820883, 47.4016839], [18.981256300000002, 47.402573700000076], [18.978655399999994, 47.405401399999995], [18.9790104, 47.40552040000006], [18.9791675, 47.40557130000003], [18.9792439, 47.40558200000004], [18.979327899999994, 47.405579800000005], [18.979482000000004, 47.40556460000005], [18.9803295, 47.405339500000025], [18.9806326, 47.40526160000003], [18.980953299999996, 47.405183800000046], [18.981146499999998, 47.40513820000003], [18.98131709999999, 47.40512580000002], [18.9813165, 47.405087400000006], [18.981322599999995, 47.4050483], [18.981346799999997, 47.40500150000001], [18.983259299999997, 47.40292060000004], [18.983839199999995, 47.40228970000001]]]}}, {"id": "453", "type": "Feature", "properties": {"index": 453, "n_sides": 4, "edges": "[(130, 145, 0), (145, 178, 0), (178, 159, 0), (159, 130, 0)]", "area": 19777.74283349744, "roundabout": false}, "geometry": {"type": "Polygon", "coordinates": [[[18.983839199999995, 47.40228970000001], [18.983899399999995, 47.40231540000004], [18.984832699999995, 47.40271350000003], [18.9848995, 47.402742000000025], [18.9863661, 47.40115550000001], [18.986305999999995, 47.401128500000034], [18.985497599999995, 47.40076590000002], [18.985322000000004, 47.40068710000001], [18.983839199999995, 47.40228970000001]]]}}, {"id": "454", "type": "Feature", "properties": {"index": 454, "n_sides": 4, "edges": "[(130, 96, 0), (96, 111, 0), (111, 141, 0), (141, 145, 0), (145, 130, 0)]", "area": 32449.501145208043, "roundabout": false}, "geometry": {"type": "Polygon", "coordinates": [[[18.983839199999995, 47.40228970000001], [18.983259299999997, 47.40292060000004], [18.981346799999997, 47.40500150000001], [18.981322599999995, 47.4050483], [18.9813165, 47.405087400000006], [18.98131709999999, 47.40512580000002], [18.9814485, 47.40512980000006], [18.981796, 47.405140100000025], [18.9826851, 47.4051787], [18.9826907, 47.40515120000003], [18.9826948, 47.40513660000005], [18.9827056, 47.405115400000035], [18.9847559, 47.402897400000036], [18.9848995, 47.402742000000025], [18.984832699999995, 47.40271350000003], [18.983899399999995, 47.40231540000004], [18.983839199999995, 47.40228970000001]]]}}, {"id": "455", "type": "Feature", "properties": {"index": 455, "n_sides": 4, "edges": "[(70, 85, 0), (85, 114, 0), (114, 119, 0), (119, 124, 0), (124, 90, 0), (90, 74, 0), (74, 70, 0)]", "area": 96419.52598883348, "roundabout": false}, "geometry": {"type": "Polygon", "coordinates": [[[18.979618699999996, 47.40946740000002], [18.979662799999993, 47.40981220000002], [18.979681699999993, 47.40992040000005], [18.9797265, 47.410039600000026], [18.9798349, 47.41016879999999], [18.980013099999994, 47.41027610000005], [18.9801804, 47.410358900000034], [18.980328200000002, 47.41045480000002], [18.980530199999997, 47.410632599999985], [18.980838299999995, 47.41091390000003], [18.981003799999996, 47.41096730000002], [18.981425699999992, 47.411258600000046], [18.982218799999995, 47.411198899999974], [18.982736999999993, 47.41117460000007], [18.983305800000004, 47.41114920000006], [18.983585899999998, 47.41117280000001], [18.98399059999999, 47.411153900000016], [18.984025399999993, 47.41070300000001], [18.984119700000004, 47.40948160000001], [18.984278699999994, 47.40876630000004], [18.984380000000005, 47.4086105], [18.984495799999998, 47.40853940000001], [18.983663299999996, 47.40849950000001], [18.983058899999996, 47.408364700000014], [18.9814322, 47.408375099999986], [18.981262199999996, 47.408386200000024], [18.981036399999997, 47.40843450000001], [18.9798989, 47.40823280000002], [18.979637799999995, 47.409107], [18.979618699999996, 47.40946740000002]]]}}, {"id": "456", "type": "Feature", "properties": {"index": 456, "n_sides": 3, "edges": "[(91, 73, 0), (73, 82, 0), (82, 91, 0)]", "area": 6559.816174581697, "roundabout": false}, "geometry": {"type": "Polygon", "coordinates": [[[18.980953299999996, 47.405183800000046], [18.9806326, 47.40526160000003], [18.9803295, 47.405339500000025], [18.979482000000004, 47.40556460000005], [18.979327899999994, 47.405579800000005], [18.979412300000007, 47.40562740000002], [18.9798136, 47.40585530000001], [18.980005499999997, 47.40598160000001], [18.980194799999996, 47.406092999999984], [18.980398399999995, 47.40624259999999], [18.980469699999997, 47.406214200000036], [18.980506099999996, 47.4061818], [18.980966300000006, 47.40524390000004], [18.98096659999999, 47.405210200000056], [18.980953299999996, 47.405183800000046]]]}}, {"id": "457", "type": "Feature", "properties": {"index": 457, "n_sides": 4, "edges": "[(91, 82, 0), (82, 83, 0), (83, 94, 0), (94, 101, 0), (101, 106, 0), (106, 112, 0), (112, 111, 0), (111, 96, 0), (96, 91, 0)]", "area": 23624.605719572897, "roundabout": false}, "geometry": {"type": "Polygon", "coordinates": [[[18.980953299999996, 47.405183800000046], [18.98096659999999, 47.405210200000056], [18.980966300000006, 47.40524390000004], [18.980506099999996, 47.4061818], [18.980469699999997, 47.406214200000036], [18.980398399999995, 47.40624259999999], [18.980436599999997, 47.40629830000002], [18.980485100000003, 47.406345800000004], [18.98054640000001, 47.40639070000003], [18.981540299999992, 47.406804900000054], [18.98208979999999, 47.40700629999996], [18.9824628, 47.40596290000003], [18.9827134, 47.40523520000005], [18.982732000000002, 47.40518150000003], [18.9826851, 47.4051787], [18.981796, 47.405140100000025], [18.9814485, 47.40512980000006], [18.98131709999999, 47.40512580000002], [18.981146499999998, 47.40513820000003], [18.980953299999996, 47.405183800000046]]]}}, {"id": "458", "type": "Feature", "properties": {"index": 458, "n_sides": 3, "edges": "[(241, 247, 0), (247, 251, 0), (251, 273, 0), (273, 312, 0), (312, 241, 0)]", "area": 36374.19213143947, "roundabout": false}, "geometry": {"type": "Polygon", "coordinates": [[[18.990753199999993, 47.40206100000004], [18.990777099999992, 47.40213740000006], [18.990808900000005, 47.402214900000025], [18.990865, 47.40233140000001], [18.990960599999994, 47.40250280000006], [18.991112799999996, 47.40278130000003], [18.991183500000005, 47.402936500000045], [18.9912508, 47.403113600000005], [18.991371399999995, 47.40374500000001], [18.99160030000001, 47.403750200000026], [18.993041399999996, 47.40378280000002], [18.995615499999992, 47.40381040000004], [18.9954913, 47.403722800000025], [18.991621099999996, 47.40205550000003], [18.9915576, 47.402033700000004], [18.99149119999999, 47.40202990000005], [18.990860699999995, 47.40205589999999], [18.990753199999993, 47.40206100000004]]]}}, {"id": "460", "type": "Feature", "properties": {"index": 460, "n_sides": 5, "edges": "[(251, 247, 0), (247, 225, 0), (225, 221, 0), (221, 215, 0), (215, 224, 0), (224, 253, 0), (253, 251, 0)]", "area": 29510.72731162237, "roundabout": false}, "geometry": {"type": "Polygon", "coordinates": [[[18.991371399999995, 47.40374500000001], [18.9912508, 47.403113600000005], [18.991183500000005, 47.402936500000045], [18.991112799999996, 47.40278130000003], [18.990960599999994, 47.40250280000006], [18.99091019999999, 47.40251480000003], [18.990853899999998, 47.40252070000004], [18.989762199999998, 47.402499000000006], [18.98970209999999, 47.40250890000003], [18.989624700000004, 47.402558200000016], [18.989685800000004, 47.40258940000004], [18.9897112, 47.40262620000003], [18.989703199999994, 47.40266650000002], [18.989429100000002, 47.40297680000001], [18.989378100000003, 47.40472890000007], [18.98937689999999, 47.40477180000007], [18.989568899999988, 47.40474329999999], [18.98972729999999, 47.4047133], [18.989873699999993, 47.40467570000003], [18.98997719999999, 47.40463480000002], [18.990653099999996, 47.40433100000004], [18.990946200000003, 47.40420400000003], [18.9910303, 47.40416590000003], [18.9913278, 47.40403430000003], [18.9914203, 47.40398950000006], [18.991371399999995, 47.40374500000001]]]}}, {"id": "461", "type": "Feature", "properties": {"index": 461, "n_sides": 5, "edges": "[(251, 253, 0), (253, 254, 0), (254, 302, 0), (302, 318, 0), (318, 273, 0), (273, 251, 0)]", "area": 36573.45889413665, "roundabout": false}, "geometry": {"type": "Polygon", "coordinates": [[[18.991371399999995, 47.40374500000001], [18.9914203, 47.40398950000006], [18.991458700000003, 47.40420300000006], [18.991572699999995, 47.404253600000004], [18.995420199999998, 47.405960700000044], [18.996183099999996, 47.40518390000005], [18.993041399999996, 47.40378280000002], [18.99160030000001, 47.403750200000026], [18.991371399999995, 47.40374500000001]]]}}, {"id": "462", "type": "Feature", "properties": {"index": 462, "n_sides": 4, "edges": "[(312, 273, 0), (273, 318, 0), (318, 336, 0), (336, 312, 0)]", "area": 20969.134796126295, "roundabout": false}, "geometry": {"type": "Polygon", "coordinates": [[[18.995615499999992, 47.40381040000004], [18.993041399999996, 47.40378280000002], [18.996183099999996, 47.40518390000005], [18.9969335, 47.40439650000002], [18.995615499999992, 47.40381040000004]]]}}, {"id": "463", "type": "Feature", "properties": {"index": 463, "n_sides": 3, "edges": "[(312, 336, 0), (336, 393, 0), (393, 413, 0), (413, 357, 0), (357, 335, 0), (335, 312, 0)]", "area": 30162.152291016642, "roundabout": false}, "geometry": {"type": "Polygon", "coordinates": [[[18.995615499999992, 47.40381040000004], [18.9969335, 47.40439650000002], [18.999443999999997, 47.40550930000002], [18.9995071, 47.40553719999999], [18.99959999999999, 47.40557840000005], [19.000206900000002, 47.40495560000003], [19.000108100000006, 47.40491130000004], [19.000091899999997, 47.40490410000002], [18.997693800000004, 47.403831300000014], [18.996757699999993, 47.40340390000005], [18.996285999999998, 47.403193200000025], [18.996220699999995, 47.403199700000044], [18.99618050000001, 47.40322800000002], [18.995615499999992, 47.40381040000004]]]}}, {"id": "464", "type": "Feature", "properties": {"index": 464, "n_sides": 6, "edges": "[(239, 233, 0), (233, 229, 0), (229, 195, 0), (195, 223, 0), (223, 231, 0), (231, 236, 0), (236, 227, 0), (227, 257, 0), (257, 266, 0), (266, 239, 0)]", "area": 68219.77550710135, "roundabout": false}, "geometry": {"type": "Polygon", "coordinates": [[[18.9913785, 47.407104400000016], [18.991075900000002, 47.4077054], [18.991017499999998, 47.407844800000014], [18.9909874, 47.40794050000002], [18.990967199999996, 47.40806210000001], [18.990924999999997, 47.40860040000005], [18.9909055, 47.40906500000004], [18.990891500000004, 47.40916350000004], [18.9908904, 47.40917030000001], [18.990862, 47.40934190000004], [18.990822399999995, 47.4094612], [18.9907741, 47.40958140000002], [18.9907218, 47.40968580000004], [18.990583000000004, 47.409934], [18.9904187, 47.410204500000034], [18.990341599999994, 47.41035110000005], [18.9902839, 47.410501300000035], [18.990219599999996, 47.41071510000001], [18.9901417, 47.410997700000024], [18.990079399999996, 47.411180600000066], [18.990011000000003, 47.4113448], [18.989923099999995, 47.41149920000005], [18.989646800000003, 47.41193739999998], [18.98947589999999, 47.412194400000004], [18.989286, 47.412448000000026], [18.989157299999995, 47.412605300000045], [18.9892252, 47.41263790000004], [18.989508100000002, 47.412779800000024], [18.989712699999995, 47.41287390000002], [18.9898252, 47.412914500000035], [18.989946600000003, 47.41295170000005], [18.990107599999995, 47.41298390000006], [18.9902518, 47.413004400000005], [18.990661000000003, 47.41304980000005], [18.990977899999994, 47.4130842], [18.991055799999994, 47.41308920000004], [18.991126799999996, 47.41308550000004], [18.991220699999996, 47.41306600000004], [18.991837499999995, 47.41261090000004], [18.99196799999999, 47.41251330000001], [18.9919096, 47.41249900000004], [18.990904799999992, 47.41225470000008], [18.990868599999985, 47.41223470000003], [18.990859099999994, 47.41219400000003], [18.991313199999997, 47.411141100000016], [18.991359499999998, 47.41032700000002], [18.991429199999992, 47.410180000000054], [18.991482900000005, 47.41010150000005], [18.99154190000001, 47.41003570000006], [18.992390799999995, 47.4091903], [18.992079600000004, 47.40904960000005], [18.992030699999997, 47.40902200000004], [18.991995199999998, 47.4089874], [18.991991099999993, 47.40895620000004], [18.992009299999992, 47.408923400000056], [18.993047599999997, 47.40788680000001], [18.993080099999997, 47.40785380000005], [18.991846300000006, 47.407301100000026], [18.991492999999995, 47.407150000000016], [18.991456200000002, 47.40713430000004], [18.9913785, 47.407104400000016]]]}}, {"id": "465", "type": "Feature", "properties": {"index": 465, "n_sides": 4, "edges": "[(239, 266, 0), (266, 268, 0), (268, 275, 0), (275, 246, 0), (246, 239, 0)]", "area": 12040.104781041135, "roundabout": false}, "geometry": {"type": "Polygon", "coordinates": [[[18.9913785, 47.407104400000016], [18.991456200000002, 47.40713430000004], [18.991492999999995, 47.407150000000016], [18.991846300000006, 47.407301100000026], [18.993080099999997, 47.40785380000005], [18.99341430000001, 47.40799730000001], [18.9938782, 47.40753190000001], [18.991708999999997, 47.406567300000006], [18.991641899999998, 47.406537], [18.991581700000005, 47.40670310000001], [18.991395399999995, 47.40707810000002], [18.9913785, 47.407104400000016]]]}}, {"id": "466", "type": "Feature", "properties": {"index": 466, "n_sides": 2, "edges": "[(268, 266, 0), (266, 257, 0), (257, 274, 0), (274, 268, 0)]", "area": 12697.48109995067, "roundabout": false}, "geometry": {"type": "Polygon", "coordinates": [[[18.99341430000001, 47.40799730000001], [18.993080099999997, 47.40785380000005], [18.993047599999997, 47.40788680000001], [18.992009299999992, 47.408923400000056], [18.991991099999993, 47.40895620000004], [18.991995199999998, 47.4089874], [18.992030699999997, 47.40902200000004], [18.992079600000004, 47.40904960000005], [18.992390799999995, 47.4091903], [18.992866199999995, 47.40939740000002], [18.993187000000002, 47.40907790000004], [18.993969100000005, 47.40829890000005], [18.994003399999993, 47.408264800000055], [18.99341430000001, 47.40799730000001]]]}}, {"id": "467", "type": "Feature", "properties": {"index": 467, "n_sides": 4, "edges": "[(268, 274, 0), (274, 297, 0), (297, 299, 0), (299, 314, 0), (314, 275, 0), (275, 268, 0)]", "area": 17512.53099920658, "roundabout": false}, "geometry": {"type": "Polygon", "coordinates": [[[18.99341430000001, 47.40799730000001], [18.994003399999993, 47.408264800000055], [18.99452979999999, 47.40849820000001], [18.9946243, 47.40855009999999], [18.9947283, 47.408623000000034], [18.995672199999994, 47.40939640000002], [18.9956951, 47.40941400000004], [18.995772400000003, 47.409473100000014], [18.9958516, 47.40939200000001], [18.996513999999998, 47.40870840000003], [18.996449799999994, 47.40867970000003], [18.996420199999992, 47.40866650000004], [18.9938782, 47.40753190000001], [18.99341430000001, 47.40799730000001]]]}}, {"id": "468", "type": "Feature", "properties": {"index": 468, "n_sides": 4, "edges": "[(246, 275, 0), (275, 289, 0), (289, 252, 0), (252, 246, 0)]", "area": 24176.423042383838, "roundabout": false}, "geometry": {"type": "Polygon", "coordinates": [[[18.991641899999998, 47.406537], [18.991708999999997, 47.406567300000006], [18.9938782, 47.40753190000001], [18.994655200000008, 47.40673690000001], [18.991974299999995, 47.4055714], [18.991759600000005, 47.40547810000006], [18.991667300000007, 47.40543800000003], [18.9917229, 47.40580710000004], [18.9917311, 47.40606270000003], [18.991719499999988, 47.406202300000025], [18.9916823, 47.40639470000006], [18.991641899999998, 47.406537]]]}}, {"id": "469", "type": "Feature", "properties": {"index": 469, "n_sides": 4, "edges": "[(274, 257, 0), (257, 227, 0), (227, 236, 0), (236, 259, 0), (259, 270, 0), (270, 278, 0), (278, 286, 0), (286, 297, 0), (297, 274, 0)]", "area": 83611.92035418542, "roundabout": false}, "geometry": {"type": "Polygon", "coordinates": [[[18.994003399999993, 47.408264800000055], [18.993969100000005, 47.40829890000005], [18.993187000000002, 47.40907790000004], [18.992866199999995, 47.40939740000002], [18.992390799999995, 47.4091903], [18.99154190000001, 47.41003570000006], [18.991482900000005, 47.41010150000005], [18.991429199999992, 47.410180000000054], [18.991359499999998, 47.41032700000002], [18.991313199999997, 47.411141100000016], [18.990859099999994, 47.41219400000003], [18.990868599999985, 47.41223470000003], [18.990904799999992, 47.41225470000008], [18.9919096, 47.41249900000004], [18.99196799999999, 47.41251330000001], [18.992895699999995, 47.41181960000001], [18.992933200000003, 47.411791000000036], [18.9937394, 47.411164000000056], [18.994015299999994, 47.41095330000003], [18.994227800000008, 47.41079380000002], [18.9946719, 47.41045710000004], [18.995118000000005, 47.41011910000004], [18.995269900000004, 47.409986399999994], [18.995772400000003, 47.409473100000014], [18.9956951, 47.40941400000004], [18.995672199999994, 47.40939640000002], [18.9947283, 47.408623000000034], [18.9946243, 47.40855009999999], [18.99452979999999, 47.40849820000001], [18.994003399999993, 47.408264800000055]]]}}, {"id": "470", "type": "Feature", "properties": {"index": 470, "n_sides": 4, "edges": "[(275, 314, 0), (314, 319, 0), (319, 329, 0), (329, 289, 0), (289, 275, 0)]", "area": 25121.318409973064, "roundabout": false}, "geometry": {"type": "Polygon", "coordinates": [[[18.9938782, 47.40753190000001], [18.996420199999992, 47.40866650000004], [18.996449799999994, 47.40867970000003], [18.996513999999998, 47.40870840000003], [18.996760400000003, 47.40845980000001], [18.9972912, 47.407931200000064], [18.997181399999995, 47.40788040000002], [18.994655200000008, 47.40673690000001], [18.9938782, 47.40753190000001]]]}}, {"id": "471", "type": "Feature", "properties": {"index": 471, "n_sides": 4, "edges": "[(254, 252, 0), (252, 289, 0), (289, 302, 0), (302, 254, 0)]", "area": 32888.01746860788, "roundabout": false}, "geometry": {"type": "Polygon", "coordinates": [[[18.991458700000003, 47.40420300000006], [18.991667300000007, 47.40543800000003], [18.991759600000005, 47.40547810000006], [18.991974299999995, 47.4055714], [18.994655200000008, 47.40673690000001], [18.995420199999998, 47.405960700000044], [18.991572699999995, 47.404253600000004], [18.991458700000003, 47.40420300000006]]]}}, {"id": "472", "type": "Feature", "properties": {"index": 472, "n_sides": 4, "edges": "[(319, 314, 0), (314, 299, 0), (299, 360, 0), (360, 381, 0), (381, 319, 0)]", "area": 34830.89339227797, "roundabout": false}, "geometry": {"type": "Polygon", "coordinates": [[[18.996760400000003, 47.40845980000001], [18.996513999999998, 47.40870840000003], [18.9958516, 47.40939200000001], [18.995938199999998, 47.409428599999984], [18.995954799999996, 47.409436000000035], [18.9966189, 47.40973030000006], [18.99868609999999, 47.410646300000025], [18.99898779999999, 47.41078000000001], [18.999096999999995, 47.410631500000044], [18.999171399999998, 47.41052939999998], [18.99925319999999, 47.410433700000056], [18.999352500000004, 47.41033750000002], [18.999667699999993, 47.41002910000002], [18.99987789999999, 47.409828800000014], [18.99684599999999, 47.40849900000005], [18.99681440000001, 47.408484600000016], [18.996760400000003, 47.40845980000001]]]}}, {"id": "473", "type": "Feature", "properties": {"index": 473, "n_sides": 4, "edges": "[(319, 381, 0), (381, 411, 0), (411, 341, 0), (341, 329, 0), (329, 319, 0)]", "area": 34447.54694979114, "roundabout": false}, "geometry": {"type": "Polygon", "coordinates": [[[18.996760400000003, 47.40845980000001], [18.99681440000001, 47.408484600000016], [18.99684599999999, 47.40849900000005], [18.99987789999999, 47.409828800000014], [19.0008197, 47.408924400000025], [18.99776840000001, 47.40759730000003], [18.99775659999999, 47.40759169999998], [18.9977445, 47.40758610000003], [18.997672900000005, 47.40755490000001], [18.9972912, 47.407931200000064], [18.996760400000003, 47.40845980000001]]]}}, {"id": "474", "type": "Feature", "properties": {"index": 474, "n_sides": 4, "edges": "[(289, 329, 0), (329, 341, 0), (341, 353, 0), (353, 365, 0), (365, 370, 0), (370, 390, 0), (390, 393, 0), (393, 336, 0), (336, 318, 0), (318, 302, 0), (302, 289, 0)]", "area": 74945.72755417108, "roundabout": false}, "geometry": {"type": "Polygon", "coordinates": [[[18.994655200000008, 47.40673690000001], [18.997181399999995, 47.40788040000002], [18.9972912, 47.407931200000064], [18.997672900000005, 47.40755490000001], [18.9980669, 47.40714330000005], [18.998358699999994, 47.40685300000002], [18.998571799999997, 47.40661660000003], [18.998840799999996, 47.40635460000003], [18.999162400000007, 47.406024100000025], [18.999255100000006, 47.405927400000046], [18.9994394, 47.40574090000002], [18.999473399999996, 47.40570649999999], [18.99959999999999, 47.40557840000005], [18.9995071, 47.40553719999999], [18.999443999999997, 47.40550930000002], [18.9969335, 47.40439650000002], [18.996183099999996, 47.40518390000005], [18.995420199999998, 47.405960700000044], [18.994655200000008, 47.40673690000001]]]}}, {"id": "475", "type": "Feature", "properties": {"index": 475, "n_sides": 4, "edges": "[(231, 223, 0), (223, 213, 0), (213, 265, 0), (265, 279, 0), (279, 231, 0)]", "area": 45617.25233240937, "roundabout": false}, "geometry": {"type": "Polygon", "coordinates": [[[18.991837499999995, 47.41261090000004], [18.991220699999996, 47.41306600000004], [18.991167, 47.41312120000003], [18.99106439999999, 47.41322670000005], [18.990821899999993, 47.41348510000004], [18.9925903, 47.41455820000001], [18.994063, 47.4154529], [18.994412399999995, 47.415665100000005], [18.995503400000004, 47.41484330000002], [18.99320489999999, 47.41344460000002], [18.991876399999995, 47.41263450000002], [18.991837499999995, 47.41261090000004]]]}}, {"id": "476", "type": "Feature", "properties": {"index": 476, "n_sides": 4, "edges": "[(231, 279, 0), (279, 298, 0), (298, 259, 0), (259, 236, 0), (236, 231, 0)]", "area": 45716.52942228509, "roundabout": false}, "geometry": {"type": "Polygon", "coordinates": [[[18.991837499999995, 47.41261090000004], [18.991876399999995, 47.41263450000002], [18.99320489999999, 47.41344460000002], [18.995503400000004, 47.41484330000002], [18.99652599999999, 47.414063000000034], [18.996589000000007, 47.41401490000001], [18.996558899999997, 47.41399660000005], [18.993367699999993, 47.412055300000034], [18.992975899999994, 47.41181700000003], [18.992933200000003, 47.411791000000036], [18.992895699999995, 47.41181960000001], [18.99196799999999, 47.41251330000001], [18.991837499999995, 47.41261090000004]]]}}, {"id": "477", "type": "Feature", "properties": {"index": 477, "n_sides": 4, "edges": "[(279, 265, 0), (265, 307, 0), (307, 328, 0), (328, 279, 0)]", "area": 41433.51505334582, "roundabout": false}, "geometry": {"type": "Polygon", "coordinates": [[[18.995503400000004, 47.41484330000002], [18.994412399999995, 47.415665100000005], [18.997589699999995, 47.41758940000004], [18.997750399999994, 47.41768670000002], [18.998846000000007, 47.41685880000002], [18.997432499999988, 47.41601780000003], [18.9967601, 47.41561780000001], [18.9958381, 47.4150429], [18.995503400000004, 47.41484330000002]]]}}, {"id": "478", "type": "Feature", "properties": {"index": 478, "n_sides": 4, "edges": "[(279, 328, 0), (328, 334, 0), (334, 363, 0), (363, 298, 0), (298, 279, 0)]", "area": 44006.70046437078, "roundabout": false}, "geometry": {"type": "Polygon", "coordinates": [[[18.995503400000004, 47.41484330000002], [18.9958381, 47.4150429], [18.9967601, 47.41561780000001], [18.997432499999988, 47.41601780000003], [18.998846000000007, 47.41685880000002], [18.9990372, 47.416978799999995], [19.000066, 47.41619610000005], [19.0001173, 47.41615710000002], [18.996589000000007, 47.41401490000001], [18.99652599999999, 47.414063000000034], [18.995503400000004, 47.41484330000002]]]}}, {"id": "479", "type": "Feature", "properties": {"index": 479, "n_sides": 4, "edges": "[(554, 589, 0), (589, 545, 0), (545, 522, 0), (522, 501, 0), (501, 554, 0)]", "area": 25730.109530260976, "roundabout": false}, "geometry": {"type": "Polygon", "coordinates": [[[19.005283100000007, 47.408339200000015], [19.0058132, 47.40794840000002], [19.006212700000003, 47.407642800000026], [19.006512999999995, 47.407413100000014], [19.00648369999999, 47.40739609999999], [19.0064215, 47.40736], [19.005637099999994, 47.40690430000008], [19.005074899999993, 47.406577100000035], [19.004745299999996, 47.40636550000002], [19.00467559999999, 47.40632140000004], [19.0040093, 47.40681550000002], [19.003391099999995, 47.40726560000003], [19.003464599999997, 47.40730680000001], [19.004254199999995, 47.407744900000026], [19.00436549999999, 47.40780800000006], [19.004468800000005, 47.4078384], [19.005283100000007, 47.408339200000015]]]}}, {"id": "480", "type": "Feature", "properties": {"index": 480, "n_sides": 3, "edges": "[(480, 501, 0), (501, 522, 0), (522, 496, 0), (496, 480, 0)]", "area": 8875.654441199182, "roundabout": false}, "geometry": {"type": "Polygon", "coordinates": [[[19.002893999999994, 47.40757800000006], [19.003391099999995, 47.40726560000003], [19.0040093, 47.40681550000002], [19.0039443, 47.40677510000002], [19.003135500000003, 47.40632340000003], [19.002304599999995, 47.407171000000034], [19.0022989, 47.407207800000016], [19.002331099999992, 47.407236300000015], [19.002827700000005, 47.40753700000001], [19.002893999999994, 47.40757800000006]]]}}, {"id": "481", "type": "Feature", "properties": {"index": 481, "n_sides": 5, "edges": "[(480, 496, 0), (496, 476, 0), (476, 420, 0), (420, 413, 0), (413, 393, 0), (393, 390, 0), (390, 370, 0), (370, 365, 0), (365, 441, 0), (441, 480, 0)]", "area": 68903.10888420549, "roundabout": false}, "geometry": {"type": "Polygon", "coordinates": [[[19.002893999999994, 47.40757800000006], [19.002827700000005, 47.40753700000001], [19.002331099999992, 47.407236300000015], [19.0022989, 47.407207800000016], [19.002304599999995, 47.407171000000034], [19.003135500000003, 47.40632340000003], [19.002763099999996, 47.40608940000003], [19.002706400000005, 47.40604160000003], [19.00243839999999, 47.405788400000034], [19.0023989, 47.405735100000015], [19.00233389999999, 47.40567510000007], [19.000457399999995, 47.404834], [19.0004442, 47.40482810000002], [19.000363000000004, 47.40479170000003], [19.000206900000002, 47.40495560000003], [18.99959999999999, 47.40557840000005], [18.999473399999996, 47.40570649999999], [18.9994394, 47.40574090000002], [18.999255100000006, 47.405927400000046], [18.999162400000007, 47.406024100000025], [18.998840799999996, 47.40635460000003], [18.998571799999997, 47.40661660000003], [18.998655999999997, 47.406652999999984], [18.998744999999996, 47.40669130000001], [19.0011806, 47.40778560000001], [19.001330099999993, 47.407863100000014], [19.0014905, 47.40795290000002], [19.001782399999996, 47.40812560000002], [19.0018416, 47.40816070000003], [19.001932600000004, 47.40813160000001], [19.002426099999997, 47.4078626], [19.002893999999994, 47.40757800000006]]]}}, {"id": "482", "type": "Feature", "properties": {"index": 482, "n_sides": 4, "edges": "[(441, 365, 0), (365, 353, 0), (353, 341, 0), (341, 411, 0), (411, 441, 0)]", "area": 34978.06762408211, "roundabout": false}, "geometry": {"type": "Polygon", "coordinates": [[[19.0018416, 47.40816070000003], [19.001782399999996, 47.40812560000002], [19.0014905, 47.40795290000002], [19.001330099999993, 47.407863100000014], [19.0011806, 47.40778560000001], [18.998744999999996, 47.40669130000001], [18.998655999999997, 47.406652999999984], [18.998571799999997, 47.40661660000003], [18.998358699999994, 47.40685300000002], [18.9980669, 47.40714330000005], [18.997672900000005, 47.40755490000001], [18.9977445, 47.40758610000003], [18.99775659999999, 47.40759169999998], [18.99776840000001, 47.40759730000003], [19.0008197, 47.408924400000025], [19.000850699999994, 47.40889010000004], [19.001089299999993, 47.408626200000015], [19.001200499999996, 47.40851820000004], [19.001779399999997, 47.408180500000014], [19.0018416, 47.40816070000003]]]}}, {"id": "483", "type": "Feature", "properties": {"index": 483, "n_sides": 4, "edges": "[(522, 545, 0), (545, 520, 0), (520, 476, 0), (476, 496, 0), (496, 522, 0)]", "area": 16360.320807108417, "roundabout": false}, "geometry": {"type": "Polygon", "coordinates": [[[19.0040093, 47.40681550000002], [19.00467559999999, 47.40632140000004], [19.004599, 47.40624800000007], [19.00438949999999, 47.40604710000004], [19.00420550000001, 47.40586490000005], [19.0040848, 47.40570590000004], [19.0036849, 47.40508390000006], [19.002586999999995, 47.405574000000044], [19.0024959, 47.40563539999998], [19.0023989, 47.405735100000015], [19.00243839999999, 47.405788400000034], [19.002706400000005, 47.40604160000003], [19.002763099999996, 47.40608940000003], [19.003135500000003, 47.40632340000003], [19.0039443, 47.40677510000002], [19.0040093, 47.40681550000002]]]}}, {"id": "484", "type": "Feature", "properties": {"index": 484, "n_sides": 3, "edges": "[(350, 399, 0), (399, 377, 0), (377, 376, 0), (376, 354, 0), (354, 347, 0), (347, 350, 0)]", "area": 14726.731983526786, "roundabout": false}, "geometry": {"type": "Polygon", "coordinates": [[[18.998776600000003, 47.41238010000001], [18.998984299999996, 47.41250840000002], [18.99904059999999, 47.41255420000001], [18.9990789, 47.41259550000004], [18.999111099999997, 47.41264130000002], [18.9992317, 47.412830500000055], [18.999408500000005, 47.41306560000006], [18.999471100000008, 47.41304790000003], [18.999670299999988, 47.412861900000024], [19.000668500000003, 47.41191780000002], [19.000869099999996, 47.41172810000002], [18.999979199999995, 47.41127370000003], [18.9999337, 47.41125000000002], [18.999483499999993, 47.41166840000004], [18.9993949, 47.41175080000003], [18.9991684, 47.41196130000002], [18.998965999999996, 47.412148], [18.998741, 47.4123582], [18.998776600000003, 47.41238010000001]]]}}, {"id": "485", "type": "Feature", "properties": {"index": 485, "n_sides": 4, "edges": "[(476, 520, 0), (520, 519, 0), (519, 446, 0), (446, 420, 0), (420, 476, 0)]", "area": 25205.35148371947, "roundabout": false}, "geometry": {"type": "Polygon", "coordinates": [[[19.0023989, 47.405735100000015], [19.0024959, 47.40563539999998], [19.002586999999995, 47.405574000000044], [19.0036849, 47.40508390000006], [19.00363739999999, 47.40499840000005], [19.0036019, 47.404942700000035], [19.003539999999997, 47.40488970000004], [19.001354399999997, 47.40391190000005], [19.001335199999996, 47.40390360000005], [19.001264700000004, 47.40387340000005], [19.000363000000004, 47.40479170000003], [19.0004442, 47.40482810000002], [19.000457399999995, 47.404834], [19.00233389999999, 47.40567510000007], [19.0023989, 47.405735100000015]]]}}, {"id": "486", "type": "Feature", "properties": {"index": 486, "n_sides": 3, "edges": "[(360, 354, 0), (354, 376, 0), (376, 360, 0)]", "area": 8612.1363829675, "roundabout": false}, "geometry": {"type": "Polygon", "coordinates": [[[18.99898779999999, 47.41078000000001], [18.998745099999997, 47.41107000000004], [18.998673899999996, 47.41116610000006], [18.9986061, 47.41128000000005], [18.99855790000001, 47.41140500000005], [18.998527699999997, 47.41149010000005], [18.998516299999995, 47.41157720000002], [18.998528399999998, 47.411652100000026], [18.9985625, 47.41170790000007], [18.998965999999996, 47.412148], [18.9991684, 47.41196130000002], [18.9993949, 47.41175080000003], [18.999483499999993, 47.41166840000004], [18.9999337, 47.41125000000002], [18.999643900000002, 47.41110600000007], [18.99898779999999, 47.41078000000001]]]}}, {"id": "487", "type": "Feature", "properties": {"index": 487, "n_sides": 5, "edges": "[(360, 299, 0), (299, 297, 0), (297, 286, 0), (286, 347, 0), (347, 354, 0), (354, 360, 0)]", "area": 38177.242548565875, "roundabout": false}, "geometry": {"type": "Polygon", "coordinates": [[[18.99898779999999, 47.41078000000001], [18.99868609999999, 47.410646300000025], [18.9966189, 47.40973030000006], [18.995954799999996, 47.409436000000035], [18.995938199999998, 47.409428599999984], [18.9958516, 47.40939200000001], [18.995772400000003, 47.409473100000014], [18.995269900000004, 47.409986399999994], [18.995118000000005, 47.41011910000004], [18.9951908, 47.41016030000004], [18.995199400000004, 47.41016550000004], [18.995852199999995, 47.41056890000004], [18.998005999999993, 47.411902900000015], [18.998741, 47.4123582], [18.998965999999996, 47.412148], [18.9985625, 47.41170790000007], [18.998528399999998, 47.411652100000026], [18.998516299999995, 47.41157720000002], [18.998527699999997, 47.41149010000005], [18.99855790000001, 47.41140500000005], [18.9986061, 47.41128000000005], [18.998673899999996, 47.41116610000006], [18.998745099999997, 47.41107000000004], [18.99898779999999, 47.41078000000001]]]}}, {"id": "488", "type": "Feature", "properties": {"index": 488, "n_sides": 3, "edges": "[(648, 564, 0), (564, 616, 0), (616, 656, 0), (656, 648, 0)]", "area": 37019.085188923054, "roundabout": false}, "geometry": {"type": "Polygon", "coordinates": [[[19.007760999999995, 47.40373600000003], [19.006925700000004, 47.40399270000006], [19.006850000000004, 47.404025199999985], [19.006810699999992, 47.40404920000003], [19.006753599999993, 47.404094300000004], [19.006332, 47.404604000000006], [19.005457600000007, 47.405652199999984], [19.005523200000006, 47.405682300000024], [19.005592599999996, 47.405700000000046], [19.006152199999992, 47.405703700000046], [19.006286999999993, 47.405703300000056], [19.006550799999992, 47.405701700000044], [19.006551499999997, 47.40580440000004], [19.00683919999999, 47.40611400000009], [19.006892399999995, 47.40614600000005], [19.006960699999993, 47.406155400000024], [19.007119199999998, 47.40615379999999], [19.007215399999996, 47.40615369999999], [19.007499199999998, 47.40615350000001], [19.007598900000005, 47.406153400000015], [19.008143, 47.40615290000001], [19.00817289999999, 47.40615290000002], [19.0082716, 47.406118800000016], [19.0082722, 47.406071400000044], [19.008277499999995, 47.405604200000056], [19.00828209999999, 47.40519630000002], [19.0082856, 47.40489570000003], [19.008287299999996, 47.40474320000004], [19.008279999999992, 47.404670200000005], [19.008257800000003, 47.40458890000005], [19.008218000000003, 47.40449180000005], [19.008167999999998, 47.404393300000024], [19.007846199999996, 47.403872300000025], [19.007804599999993, 47.40380500000002], [19.007760999999995, 47.40373600000003]]]}}, {"id": "489", "type": "Feature", "properties": {"index": 489, "n_sides": 4, "edges": "[(1355, 1351, 0), (1351, 1340, 0), (1340, 1335, 0), (1335, 1352, 0), (1352, 1355, 0)]", "area": 6850.304709313473, "roundabout": false}, "geometry": {"type": "Polygon", "coordinates": [[[19.041007, 47.427014500000034], [19.040964499999994, 47.42701120000001], [19.040745299999998, 47.426985400000014], [19.040372899999994, 47.42694190000001], [19.039972499999998, 47.42689520000002], [19.039909, 47.42716490000005], [19.039793699999993, 47.4276287], [19.039916000000005, 47.42766160000004], [19.040459900000002, 47.427710800000064], [19.040664299999996, 47.42772930000004], [19.040774699999996, 47.42773930000002], [19.0408298, 47.42774420000002], [19.0409, 47.42774990000001], [19.040940599999995, 47.42752940000001], [19.0409591, 47.427405], [19.041007, 47.427014500000034]]]}}, {"id": "490", "type": "Feature", "properties": {"index": 490, "n_sides": 4, "edges": "[(1335, 1329, 0), (1329, 1348, 0), (1348, 1352, 0), (1352, 1335, 0)]", "area": 6371.660067296348, "roundabout": false}, "geometry": {"type": "Polygon", "coordinates": [[[19.039793699999993, 47.4276287], [19.0396316, 47.42828760000003], [19.039752799999995, 47.42830360000002], [19.040300000000002, 47.42837590000005], [19.040510400000002, 47.428403600000024], [19.040766000000005, 47.428426700000045], [19.040875699999997, 47.42785060000002], [19.0409, 47.42774990000001], [19.0408298, 47.42774420000002], [19.040774699999996, 47.42773930000002], [19.040664299999996, 47.42772930000004], [19.040459900000002, 47.427710800000064], [19.039916000000005, 47.42766160000004], [19.039793699999993, 47.4276287]]]}}, {"id": "491", "type": "Feature", "properties": {"index": 491, "n_sides": 4, "edges": "[(745, 802, 0), (802, 780, 0), (780, 739, 0), (739, 745, 0)]", "area": 17017.678764034597, "roundabout": false}, "geometry": {"type": "Polygon", "coordinates": [[[19.0181782, 47.44224120000005], [19.018257699999996, 47.44222490000003], [19.019685399999993, 47.441930299999996], [19.020230199999997, 47.44181600000004], [19.020188399999995, 47.441763400000056], [19.0201711, 47.441741600000036], [19.019433299999996, 47.44081270000004], [19.0194085, 47.440780800000006], [19.0188495, 47.44099840000003], [19.018662799999998, 47.441070400000065], [19.017869400000006, 47.4413762], [19.017822599999995, 47.441393600000005], [19.017827400000005, 47.44147240000003], [19.0181497, 47.44217780000005], [19.0181544, 47.4421867], [19.0181782, 47.44224120000005]]]}}, {"id": "492", "type": "Feature", "properties": {"index": 492, "n_sides": 4, "edges": "[(802, 844, 0), (844, 831, 0), (831, 780, 0), (780, 802, 0)]", "area": 18301.640127982402, "roundabout": false}, "geometry": {"type": "Polygon", "coordinates": [[[19.020230199999997, 47.44181600000004], [19.020494699999997, 47.44175929999999], [19.020807499999993, 47.44168450000001], [19.0212029, 47.4415773], [19.021468699999996, 47.44149940000004], [19.021779400000003, 47.44140080000003], [19.021744500000004, 47.44134939999999], [19.021734000000002, 47.4413392], [19.0209393, 47.44018250000004], [19.0208999, 47.44019300000001], [19.02019539999999, 47.440469500000006], [19.01997529999999, 47.44055930000005], [19.019455499999992, 47.44076240000004], [19.0194085, 47.440780800000006], [19.019433299999996, 47.44081270000004], [19.0201711, 47.441741600000036], [19.020188399999995, 47.441763400000056], [19.020230199999997, 47.44181600000004]]]}}, {"id": "493", "type": "Feature", "properties": {"index": 493, "n_sides": 4, "edges": "[(739, 780, 0), (780, 831, 0), (831, 812, 0), (812, 722, 0), (722, 734, 0), (734, 739, 0)]", "area": 39938.205733325296, "roundabout": false}, "geometry": {"type": "Polygon", "coordinates": [[[19.017822599999995, 47.441393600000005], [19.017869400000006, 47.4413762], [19.018662799999998, 47.441070400000065], [19.0188495, 47.44099840000003], [19.0194085, 47.440780800000006], [19.019455499999992, 47.44076240000004], [19.01997529999999, 47.44055930000005], [19.02019539999999, 47.440469500000006], [19.0208999, 47.44019300000001], [19.0209393, 47.44018250000004], [19.0204676, 47.43950380000003], [19.0202229, 47.43915160000001], [19.019947200000004, 47.439165500000044], [19.0198195, 47.4391779], [19.019236399999997, 47.43931300000002], [19.018549799999995, 47.43948739999999], [19.018457100000003, 47.43951460000005], [19.018162800000006, 47.439623300000015], [19.0178099, 47.43979720000001], [19.017497299999988, 47.43991860000003], [19.016989999999996, 47.44012700000005], [19.017354500000003, 47.44060430000006], [19.017776600000005, 47.44118500000003], [19.017841599999993, 47.44132079999999], [19.017822599999995, 47.441393600000005]]]}}, {"id": "494", "type": "Feature", "properties": {"index": 494, "n_sides": 4, "edges": "[(844, 868, 0), (868, 847, 0), (847, 831, 0), (831, 844, 0)]", "area": 10326.488609436508, "roundabout": false}, "geometry": {"type": "Polygon", "coordinates": [[[19.021779400000003, 47.44140080000003], [19.021946000000003, 47.441344500000014], [19.022140699999998, 47.4412709], [19.0223363, 47.441193899999995], [19.02266729999999, 47.44104480000004], [19.022724399999998, 47.441017200000054], [19.022675699999997, 47.44096930000001], [19.022660499999997, 47.44095460000003], [19.021834599999995, 47.44013300000004], [19.021773699999997, 47.44006419999999], [19.021734400000003, 47.44000430000001], [19.021319199999997, 47.44008570000002], [19.0209393, 47.44018250000004], [19.021734000000002, 47.4413392], [19.021744500000004, 47.44134939999999], [19.021779400000003, 47.44140080000003]]]}}, {"id": "495", "type": "Feature", "properties": {"index": 495, "n_sides": 4, "edges": "[(868, 871, 0), (871, 950, 0), (950, 933, 0), (933, 847, 0), (847, 868, 0)]", "area": 34042.20282381256, "roundabout": false}, "geometry": {"type": "Polygon", "coordinates": [[[19.022724399999998, 47.441017200000054], [19.022862000000003, 47.44095040000004], [19.023075099999993, 47.44084070000003], [19.0236136, 47.440572000000024], [19.024702499999993, 47.44001320000001], [19.0257832, 47.43945280000003], [19.025761299999992, 47.43942590000004], [19.025750499999994, 47.43940970000006], [19.025292299999993, 47.43887130000001], [19.025140099999998, 47.438663500000025], [19.023731200000004, 47.43919420000004], [19.023596799999993, 47.43926430000004], [19.023124, 47.4395185], [19.022974499999993, 47.43958990000001], [19.0228105, 47.43965650000003], [19.022633700000007, 47.43972530000006], [19.022294200000005, 47.43983310000002], [19.0220256, 47.439918300000016], [19.0217627, 47.43999590000001], [19.021734400000003, 47.44000430000001], [19.021773699999997, 47.44006419999999], [19.021834599999995, 47.44013300000004], [19.022660499999997, 47.44095460000003], [19.022675699999997, 47.44096930000001], [19.022724399999998, 47.441017200000054]]]}}, {"id": "496", "type": "Feature", "properties": {"index": 496, "n_sides": 4, "edges": "[(812, 831, 0), (831, 847, 0), (847, 840, 0), (840, 833, 0), (833, 812, 0)]", "area": 7813.168636018313, "roundabout": false}, "geometry": {"type": "Polygon", "coordinates": [[[19.0202229, 47.43915160000001], [19.0204676, 47.43950380000003], [19.0209393, 47.44018250000004], [19.021319199999997, 47.44008570000002], [19.021734400000003, 47.44000430000001], [19.021720999999992, 47.439980400000024], [19.021281599999995, 47.43925890000002], [19.021163899999998, 47.439073799999974], [19.0208607, 47.43909840000006], [19.020816999999997, 47.439102000000055], [19.0202229, 47.43915160000001]]]}}, {"id": "497", "type": "Feature", "properties": {"index": 497, "n_sides": 5, "edges": "[(677, 697, 0), (697, 701, 0), (701, 691, 0), (691, 670, 0), (670, 677, 0)]", "area": 8800.498973927324, "roundabout": false}, "geometry": {"type": "Polygon", "coordinates": [[[19.00964949999999, 47.407872100000034], [19.0103685, 47.407865100000045], [19.010385699999993, 47.40778480000005], [19.010394799999997, 47.40771460000003], [19.0104103, 47.407252099999994], [19.010405099999993, 47.4071678], [19.010393999999994, 47.407092800000015], [19.010370799999997, 47.40701860000004], [19.010253799999997, 47.40680230000002], [19.010160399999997, 47.40682470000001], [19.010083999999996, 47.40682550000005], [19.01002499999999, 47.40681820000003], [19.00997939999999, 47.406790199999996], [19.009928999999993, 47.406702800000005], [19.009845699999996, 47.406729200000015], [19.009628000000006, 47.40680480000001], [19.009246100000002, 47.407218300000004], [19.00921969999999, 47.407261200000015], [19.009209600000002, 47.4073348], [19.00964949999999, 47.407872100000034]]]}}, {"id": "498", "type": "Feature", "properties": {"index": 498, "n_sides": 2, "edges": "[(691, 701, 0), (701, 685, 0), (685, 691, 0)]", "area": 1542.1558390969326, "roundabout": false}, "geometry": {"type": "Polygon", "coordinates": [[[19.009928999999993, 47.406702800000005], [19.00997939999999, 47.406790199999996], [19.01002499999999, 47.40681820000003], [19.010083999999996, 47.40682550000005], [19.010160399999997, 47.40682470000001], [19.010253799999997, 47.40680230000002], [19.009985899999997, 47.40630920000004], [19.009939200000005, 47.406235900000034], [19.0098962, 47.40617709999999], [19.0098117, 47.406142100000025], [19.009714899999995, 47.40612950000002], [19.009607999999993, 47.406123500000014], [19.009928999999993, 47.406702800000005]]]}}, {"id": "499", "type": "Feature", "properties": {"index": 499, "n_sides": 4, "edges": "[(83, 74, 0), (74, 90, 0), (90, 94, 0), (94, 83, 0)]", "area": 20011.527399278522, "roundabout": false}, "geometry": {"type": "Polygon", "coordinates": [[[18.980436599999997, 47.40629830000002], [18.980244399999997, 47.40699160000006], [18.9800893, 47.407600900000034], [18.9798989, 47.40823280000002], [18.981036399999997, 47.40843450000001], [18.981262199999996, 47.408386200000024], [18.9814322, 47.408375099999986], [18.981428999999988, 47.40773900000004], [18.981448600000004, 47.407102600000044], [18.981471499999994, 47.4069425], [18.981491600000002, 47.40687080000005], [18.981517099999994, 47.406832700000045], [18.981540299999992, 47.406804900000054], [18.98054640000001, 47.40639070000003], [18.980485100000003, 47.406345800000004], [18.980436599999997, 47.40629830000002]]]}}, {"id": "500", "type": "Feature", "properties": {"index": 500, "n_sides": 4, "edges": "[(101, 94, 0), (94, 90, 0), (90, 124, 0), (124, 136, 0), (136, 101, 0)]", "area": 33496.10319353878, "roundabout": false}, "geometry": {"type": "Polygon", "coordinates": [[[18.98208979999999, 47.40700629999996], [18.981540299999992, 47.406804900000054], [18.981517099999994, 47.406832700000045], [18.981491600000002, 47.40687080000005], [18.981471499999994, 47.4069425], [18.981448600000004, 47.407102600000044], [18.981428999999988, 47.40773900000004], [18.9814322, 47.408375099999986], [18.983058899999996, 47.408364700000014], [18.983663299999996, 47.40849950000001], [18.984495799999998, 47.40853940000001], [18.984657299999995, 47.408504200000046], [18.9847991, 47.40843420000003], [18.984972399999997, 47.40781210000003], [18.98509170000001, 47.40773270000002], [18.985261, 47.407706000000005], [18.983547099999992, 47.40740010000003], [18.982957700000007, 47.407287700000005], [18.982730799999995, 47.407232600000015], [18.98208979999999, 47.40700629999996]]]}}, {"id": "501", "type": "Feature", "properties": {"index": 501, "n_sides": 4, "edges": "[(192, 162, 0), (162, 155, 0), (155, 176, 0), (176, 188, 0), (188, 196, 0), (196, 192, 0)]", "area": 15584.7657829757, "roundabout": false}, "geometry": {"type": "Polygon", "coordinates": [[[18.98770389999999, 47.40502080000002], [18.986407100000005, 47.40522150000003], [18.986397699999994, 47.4052734], [18.986147399999997, 47.40642370000004], [18.9866047, 47.40633350000002], [18.987075700000002, 47.40634970000001], [18.987258999999998, 47.40632320000003], [18.9876539, 47.40633250000003], [18.987942999999998, 47.405039500000036], [18.987933500000004, 47.40498660000001], [18.98770389999999, 47.40502080000002]]]}}, {"id": "502", "type": "Feature", "properties": {"index": 502, "n_sides": 3, "edges": "[(192, 196, 0), (196, 215, 0), (215, 221, 0), (221, 199, 0), (199, 192, 0)]", "area": 13141.455486032644, "roundabout": false}, "geometry": {"type": "Polygon", "coordinates": [[[18.98770389999999, 47.40502080000002], [18.987933500000004, 47.40498660000001], [18.98937689999999, 47.40477180000007], [18.989378100000003, 47.40472890000007], [18.989429100000002, 47.40297680000001], [18.988132299999993, 47.40445190000005], [18.987737900000003, 47.40489490000002], [18.987719699999996, 47.404929800000055], [18.987707500000003, 47.40496430000004], [18.98770389999999, 47.40502080000002]]]}}, {"id": "503", "type": "Feature", "properties": {"index": 503, "n_sides": 5, "edges": "[(672, 704, 0), (704, 736, 0), (736, 744, 0), (744, 690, 0), (690, 672, 0)]", "area": 26828.492920602894, "roundabout": false}, "geometry": {"type": "Polygon", "coordinates": [[[19.0159727, 47.445451000000006], [19.016530799999998, 47.44597810000002], [19.016819699999996, 47.44626399999999], [19.016946399999995, 47.4464304], [19.0171176, 47.446655200000016], [19.0172871, 47.447011800000055], [19.0175868, 47.44764020000004], [19.017660699999993, 47.4477952], [19.01777069999999, 47.44776130000001], [19.018672800000004, 47.447483600000055], [19.0186373, 47.447404699999986], [19.01861089999999, 47.44733999999998], [19.018588499999993, 47.4472796], [19.018560499999996, 47.44719880000004], [19.018545500000002, 47.447133000000036], [19.018545099999994, 47.447070200000006], [19.0185581, 47.447014300000056], [19.0185839, 47.44693190000003], [19.018624999999997, 47.446840000000066], [19.018671700000002, 47.44677690000003], [19.018772499999994, 47.446678400000074], [19.018866499999998, 47.44660410000006], [19.0182163, 47.446212900000035], [19.01792429999999, 47.4460148], [19.016621399999988, 47.445058100000026], [19.0161789, 47.44533710000002], [19.0159727, 47.445451000000006]]]}}, {"id": "504", "type": "Feature", "properties": {"index": 504, "n_sides": 4, "edges": "[(420, 446, 0), (446, 450, 0), (450, 404, 0), (404, 398, 0), (398, 385, 0), (385, 357, 0), (357, 413, 0), (413, 420, 0)]", "area": 35010.04370592391, "roundabout": false}, "geometry": {"type": "Polygon", "coordinates": [[[19.000363000000004, 47.40479170000003], [19.001264700000004, 47.40387340000005], [19.001328999999995, 47.403808299999994], [19.00122689999999, 47.40376240000003], [19.001210500000006, 47.403755400000016], [18.999463099999993, 47.402967900000036], [18.9993246, 47.402908800000006], [18.998778999999992, 47.40267600000003], [18.997693800000004, 47.403831300000014], [19.000091899999997, 47.40490410000002], [19.000108100000006, 47.40491130000004], [19.000206900000002, 47.40495560000003], [19.000363000000004, 47.40479170000003]]]}}, {"id": "505", "type": "Feature", "properties": {"index": 505, "n_sides": 4, "edges": "[(335, 357, 0), (357, 385, 0), (385, 366, 0), (366, 335, 0)]", "area": 12928.524178533413, "roundabout": false}, "geometry": {"type": "Polygon", "coordinates": [[[18.996757699999993, 47.40340390000005], [18.997693800000004, 47.403831300000014], [18.998778999999992, 47.40267600000003], [18.997824199999993, 47.402260000000005], [18.996757699999993, 47.40340390000005]]]}}, {"id": "506", "type": "Feature", "properties": {"index": 506, "n_sides": 4, "edges": "[(191, 173, 0), (173, 152, 0), (152, 168, 0), (168, 180, 0), (180, 191, 0)]", "area": 11166.023635703275, "roundabout": false}, "geometry": {"type": "Polygon", "coordinates": [[[18.9860844, 47.396134399999994], [18.985129599999997, 47.39571730000001], [18.984220299999997, 47.396717300000034], [18.985188599999997, 47.39712210000003], [18.985609699999994, 47.39666640000002], [18.9860844, 47.396134399999994]]]}}, {"id": "507", "type": "Feature", "properties": {"index": 507, "n_sides": 4, "edges": "[(152, 133, 0), (133, 147, 0), (147, 151, 0), (151, 168, 0), (168, 152, 0)]", "area": 12650.383665175097, "roundabout": false}, "geometry": {"type": "Polygon", "coordinates": [[[18.984220299999997, 47.396717300000034], [18.983182300000003, 47.397853800000014], [18.984134499999996, 47.39824420000004], [18.984402700000004, 47.39797190000005], [18.985188599999997, 47.39712210000003], [18.984220299999997, 47.396717300000034]]]}}, {"id": "508", "type": "Feature", "properties": {"index": 508, "n_sides": 4, "edges": "[(180, 168, 0), (168, 151, 0), (151, 177, 0), (177, 200, 0), (200, 180, 0)]", "area": 21409.27504565735, "roundabout": false}, "geometry": {"type": "Polygon", "coordinates": [[[18.985609699999994, 47.39666640000002], [18.985188599999997, 47.39712210000003], [18.984402700000004, 47.39797190000005], [18.985738399999992, 47.39849570000002], [18.985840299999992, 47.39852280000002], [18.987047300000004, 47.39721110000003], [18.985609699999994, 47.39666640000002]]]}}, {"id": "509", "type": "Feature", "properties": {"index": 509, "n_sides": 4, "edges": "[(228, 210, 0), (210, 222, 0), (222, 237, 0), (237, 228, 0)]", "area": 8201.977235904807, "roundabout": false}, "geometry": {"type": "Polygon", "coordinates": [[[18.988868, 47.397074199999985], [18.9878672, 47.398197700000026], [18.9878297, 47.398270200000034], [18.9878283, 47.39831930000004], [18.987827199999998, 47.39835620000002], [18.988040900000005, 47.3983594], [18.988627299999997, 47.39837280000004], [18.988628599999995, 47.39832900000005], [18.9886307, 47.39829840000002], [18.988641099999995, 47.3982684], [18.989466599999997, 47.39736160000004], [18.9894916, 47.39733410000003], [18.9894537, 47.39731830000002], [18.988868, 47.397074199999985]]]}}, {"id": "510", "type": "Feature", "properties": {"index": 510, "n_sides": 4, "edges": "[(406, 425, 0), (425, 388, 0), (388, 375, 0), (375, 406, 0)]", "area": 7603.185557257894, "roundabout": false}, "geometry": {"type": "Polygon", "coordinates": [[[19.002139099999997, 47.41814839999997], [19.002635, 47.41773510000002], [19.0027716, 47.41760350000003], [19.002329400000008, 47.417469200000006], [19.00143179999999, 47.417196500000074], [19.001357399999996, 47.417305900000066], [19.0010221, 47.417799099999996], [19.0011592, 47.41784200000005], [19.002139099999997, 47.41814839999997]]]}}, {"id": "511", "type": "Feature", "properties": {"index": 511, "n_sides": 2, "edges": "[(324, 355, 0), (355, 324, 1)]", "area": 14153.763918515899, "roundabout": false}, "geometry": {"type": "Polygon", "coordinates": [[[18.994611499999998, 47.39415520000006], [18.996018999999997, 47.39481110000003], [18.996818500000003, 47.39395919999999], [18.99555150000001, 47.39337230000001], [18.995483500000002, 47.39335689999999], [18.995412, 47.39337900000004], [18.994611499999998, 47.39415520000006]]]}}, {"id": "512", "type": "Feature", "properties": {"index": 512, "n_sides": 4, "edges": "[(281, 311, 0), (311, 337, 0), (337, 300, 0), (300, 281, 0)]", "area": 28757.567835323964, "roundabout": false}, "geometry": {"type": "Polygon", "coordinates": [[[18.992511399999994, 47.39739480000002], [18.9946197, 47.39829980000003], [18.995195800000005, 47.39765690000006], [18.995614700000004, 47.39718930000006], [18.995683799999995, 47.39711220000004], [18.9936039, 47.39623020000001], [18.9935328, 47.39630600000005], [18.993238899999994, 47.39661920000004], [18.992958100000003, 47.39691859999999], [18.992676799999995, 47.39721839999998], [18.992511399999994, 47.39739480000002]]]}}, {"id": "513", "type": "Feature", "properties": {"index": 513, "n_sides": 3, "edges": "[(281, 309, 0), (309, 311, 0), (311, 281, 0)]", "area": 15344.367110504238, "roundabout": false}, "geometry": {"type": "Polygon", "coordinates": [[[18.992511399999994, 47.39739480000002], [18.99172829999999, 47.39824390000001], [18.991686500000004, 47.39832400000001], [18.991695900000007, 47.39838570000001], [18.991744399999998, 47.398425500000045], [18.991808499999998, 47.39843659999999], [18.994471399999995, 47.39851650000002], [18.994481599999997, 47.39845539999999], [18.9946197, 47.39829980000003], [18.992511399999994, 47.39739480000002]]]}}, {"id": "514", "type": "Feature", "properties": {"index": 514, "n_sides": 4, "edges": "[(396, 427, 0), (427, 452, 0), (452, 369, 0), (369, 346, 0), (346, 396, 0)]", "area": 35483.500604004636, "roundabout": false}, "geometry": {"type": "Polygon", "coordinates": [[[18.998207900000004, 47.39708240000006], [18.998715899999993, 47.3973005], [18.999291999999997, 47.39754000000002], [18.999364000000007, 47.39746830000003], [18.9994361, 47.397396500000056], [19.000119000000005, 47.39671660000006], [18.996793600000004, 47.395174299999994], [18.99605499999999, 47.395919600000006], [18.9959696, 47.3960029], [18.995941900000002, 47.39602999999999], [18.995885499999996, 47.39608500000005], [18.9981432, 47.39705460000003], [18.998207900000004, 47.39708240000006]]]}}, {"id": "515", "type": "Feature", "properties": {"index": 515, "n_sides": 2, "edges": "[(369, 452, 0), (452, 369, 1)]", "area": 34890.51355558482, "roundabout": false}, "geometry": {"type": "Polygon", "coordinates": [[[18.996793600000004, 47.395174299999994], [19.000119000000005, 47.39671660000006], [19.000426199999996, 47.396410800000034], [19.000953300000003, 47.39588600000005], [18.997663599999996, 47.39429780000005], [18.996793600000004, 47.395174299999994]]]}}, {"id": "516", "type": "Feature", "properties": {"index": 516, "n_sides": 3, "edges": "[(744, 736, 0), (736, 798, 0), (798, 777, 0), (777, 763, 0), (763, 744, 0)]", "area": 16088.071246941294, "roundabout": false}, "geometry": {"type": "Polygon", "coordinates": [[[19.018866499999998, 47.44660410000006], [19.018772499999994, 47.446678400000074], [19.018671700000002, 47.44677690000003], [19.018624999999997, 47.446840000000066], [19.0185839, 47.44693190000003], [19.0185581, 47.447014300000056], [19.018545099999994, 47.447070200000006], [19.018545500000002, 47.447133000000036], [19.018560499999996, 47.44719880000004], [19.018588499999993, 47.4472796], [19.01861089999999, 47.44733999999998], [19.0186373, 47.447404699999986], [19.018672800000004, 47.447483600000055], [19.0192343, 47.44730630000002], [19.019757099999996, 47.44714380000001], [19.020041000000003, 47.4470517], [19.020134199999998, 47.44701480000004], [19.0201803, 47.446996500000054], [19.020463, 47.44686030000005], [19.021025999999996, 47.44658570000003], [19.0201872, 47.44589550000005], [19.019389799999995, 47.4463539], [19.018866499999998, 47.44660410000006]]]}}, {"id": "517", "type": "Feature", "properties": {"index": 517, "n_sides": 4, "edges": "[(950, 964, 0), (964, 956, 0), (956, 933, 0), (933, 950, 0)]", "area": 4417.480363902413, "roundabout": false}, "geometry": {"type": "Polygon", "coordinates": [[[19.0257832, 47.43945280000003], [19.02627139999999, 47.43920940000001], [19.026237799999997, 47.43917120000003], [19.02622529999999, 47.43915580000002], [19.025696999999997, 47.43848730000002], [19.0251821, 47.43865130000003], [19.025140099999998, 47.438663500000025], [19.025292299999993, 47.43887130000001], [19.025750499999994, 47.43940970000006], [19.025761299999992, 47.43942590000004], [19.0257832, 47.43945280000003]]]}}, {"id": "518", "type": "Feature", "properties": {"index": 518, "n_sides": 3, "edges": "[(1073, 1058, 0), (1058, 1088, 0), (1088, 1073, 0)]", "area": 2781.1328523250304, "roundabout": false}, "geometry": {"type": "Polygon", "coordinates": [[[19.029139999999995, 47.43383250000004], [19.028666699999995, 47.43426150000005], [19.028627300000004, 47.43429100000004], [19.0287677, 47.434434600000024], [19.028816499999994, 47.43444400000005], [19.029204699999998, 47.434297800000046], [19.029239699999998, 47.434283500000056], [19.029387799999995, 47.43422280000004], [19.0295522, 47.434127700000026], [19.029603700000006, 47.43409040000007], [19.029634100000003, 47.434059200000036], [19.029689599999998, 47.43393390000002], [19.029139999999995, 47.43383250000004]]]}}, {"id": "519", "type": "Feature", "properties": {"index": 519, "n_sides": 4, "edges": "[(1023, 1033, 0), (1033, 1096, 0), (1096, 1083, 0), (1083, 1023, 0)]", "area": 9432.98543284145, "roundabout": false}, "geometry": {"type": "Polygon", "coordinates": [[[19.027752099999994, 47.43563679999999], [19.028148000000005, 47.43616990000005], [19.028371099999994, 47.43608680000004], [19.028445799999997, 47.436048000000035], [19.028563599999995, 47.43597620000005], [19.028650900000006, 47.4359223], [19.028799600000006, 47.43584730000001], [19.0289567, 47.43579510000006], [19.0290962, 47.43576250000002], [19.029243400000002, 47.43573300000006], [19.0297696, 47.43564610000003], [19.0299038, 47.43561880000001], [19.030011699999992, 47.43558590000002], [19.030120199999992, 47.43554260000002], [19.03021, 47.435474600000035], [19.030186599999997, 47.43545800000004], [19.029724900000005, 47.43513100000006], [19.029548100000003, 47.43500580000003], [19.029521399999993, 47.43498690000001], [19.029031900000003, 47.435257900000046], [19.028604199999997, 47.43546830000002], [19.028493199999996, 47.43550790000003], [19.028336699999993, 47.43555219999999], [19.0281526, 47.43559510000005], [19.0279828, 47.43562200000005], [19.027752099999994, 47.43563679999999]]]}}, {"id": "520", "type": "Feature", "properties": {"index": 520, "n_sides": 3, "edges": "[(1083, 1096, 0), (1096, 1125, 0), (1125, 1122, 0), (1122, 1083, 0)]", "area": 12416.657729886203, "roundabout": false}, "geometry": {"type": "Polygon", "coordinates": [[[19.029521399999993, 47.43498690000001], [19.029548100000003, 47.43500580000003], [19.029724900000005, 47.43513100000006], [19.030186599999997, 47.43545800000004], [19.03021, 47.435474600000035], [19.030345899999997, 47.43536050000002], [19.030922200000006, 47.43492880000004], [19.03126689999999, 47.43464780000007], [19.031356199999994, 47.43452120000003], [19.0314538, 47.434330300000006], [19.031485100000005, 47.43429420000004], [19.0315174, 47.43425400000004], [19.031539, 47.43420650000005], [19.031612399999997, 47.43392210000004], [19.0316072, 47.43388800000005], [19.031596099999998, 47.43387950000002], [19.031579899999997, 47.43386710000004], [19.031246599999996, 47.43372580000001], [19.0309931, 47.43394520000005], [19.030505600000005, 47.43430860000001], [19.029937399999998, 47.43475000000002], [19.029831999999992, 47.4348226], [19.029521399999993, 47.43498690000001]]]}}]}