{"type": "FeatureCollection", "features": [{"id": "(2, 11, 0)", "type": "Feature", "properties": {"_status": "changed", "osmid": 0, "highway": "residential", "lanes": "2", "maxspeed": "70", "name": "Medd\u0151h\u00e1ny\u00f3 utca", "ref": "5", "oneway": false, "reversed": false, "length": 436.93200004201856, "from": "2", "to": "11", "bridge": "yes", "_key": "0", "access": null, "width": null}, "geometry": {"type": "LineString", "coordinates": [[19.097684899999997, 47.42313420000002], [19.09896539999999, 47.42383810000002], [19.099802299999997, 47.424309100000016], [19.10037079999999, 47.424629100000054], [19.1004908, 47.424696600000026], [19.101024999999996, 47.42498409999999], [19.101236299999997, 47.42514330000005], [19.101428099999996, 47.42531870000005], [19.10160829999999, 47.425481300000015], [19.101903399999994, 47.42579700000002], [19.1021233, 47.426042200000055], [19.1021916, 47.42610820000006], [19.102256999999994, 47.42615990000002], [19.102318399999998, 47.42619830000002], [19.10240549999999, 47.42624350000008], [19.102484700000005, 47.42627270000003], [19.102599499999993, 47.426302800000045], [19.1028963, 47.42636910000005], [19.103250899999995, 47.42644760000007], [19.103336699999996, 47.42646660000004], [19.103919299999994, 47.42515860000001], [19.104315099999994, 47.424251100000056], [19.104620999999995, 47.423658300000056], [19.1049445, 47.423127500000064], [19.104989799999995, 47.423053200000005], [19.105092499999998, 47.42289270000002], [19.105179734016186, 47.422893818233305]]}}, {"id": "(2, 0, 0)", "type": "Feature", "properties": {"_status": "original", "osmid": 1, "highway": "residential", "lanes": null, "maxspeed": "30", "name": ["V\u00edzisport utca", "Medd\u0151h\u00e1ny\u00f3 utca"], "ref": null, "oneway": false, "reversed": [false, true], "length": 1000.1166734649328, "from": "2", "to": "0", "bridge": null, "_key": "0", "access": null, "width": null}, "geometry": {"type": "LineString", "coordinates": [[19.097684899999997, 47.42313420000002], [19.0969151, 47.42275490000001], [19.096716599999997, 47.422643300000054], [19.096477899999996, 47.42249320000003], [19.0964002, 47.422398500000035], [19.096294699999994, 47.422375600000045], [19.0962068, 47.422408899999965], [19.096080799999992, 47.42254090000004], [19.0959577, 47.42267490000001], [19.095888700000003, 47.42272570000002], [19.095784300000005, 47.422755800000004], [19.09569099999999, 47.42277670000004], [19.095608599999995, 47.422779000000006], [19.095494799999997, 47.422776500000055], [19.0953645, 47.42274540000006], [19.094993700000003, 47.42263240000005], [19.0949115, 47.4226029], [19.094848699999996, 47.422595700000024], [19.094785499999993, 47.422612600000015], [19.0947238, 47.42273520000004], [19.094313700000008, 47.42368080000003], [19.094079000000004, 47.42443130000002], [19.093790799999994, 47.425588], [19.093453500000003, 47.42683790000002], [19.093407200000005, 47.42702210000006], [19.0929066, 47.42855720000004], [19.092746499999997, 47.428981800000024]]}}, {"id": "(2, 0, 1)", "type": "Feature", "properties": {"_status": "original", "osmid": 2, "highway": "residential", "lanes": null, "maxspeed": null, "name": "Bolg\u00e1rf\u00f6ld d\u0171l\u0151", "ref": null, "oneway": false, "reversed": true, "length": 861.7835744144793, "from": "2", "to": "0", "bridge": null, "_key": "1", "access": null, "width": null}, "geometry": {"type": "LineString", "coordinates": [[19.097684899999997, 47.42313420000002], [19.0972548, 47.42390009999999], [19.097072, 47.42429440000003], [19.097054999999994, 47.42433109999998], [19.096944599999997, 47.42456910000001], [19.09691700000001, 47.424628500000004], [19.096886100000003, 47.42469390000002], [19.0963914, 47.425892700000034], [19.096168799999997, 47.4266744], [19.09607679999999, 47.426851200000016], [19.095844800000002, 47.42729860000002], [19.0955826, 47.42763599999998], [19.094570200000007, 47.4287087], [19.094327599999986, 47.429003700000045], [19.094249299999998, 47.429313], [19.094207, 47.429334700000055], [19.09413, 47.42933190000008], [19.093578799999996, 47.42914600000003], [19.092746499999997, 47.428981800000024]]}}, {"id": "(11, 49, 0)", "type": "Feature", "properties": {"_status": "new", "osmid": 3, "highway": null, "lanes": null, "maxspeed": null, "name": null, "ref": null, "oneway": null, "reversed": null, "length": null, "from": "49", "to": "11", "bridge": null, "_key": "0", "access": null, "width": null}, "geometry": {"type": "LineString", "coordinates": [[19.108863375665194, 47.41889730423421], [19.107999702981342, 47.41990350969795], [19.1063354032597, 47.42146459963165], [19.105835591204546, 47.421986148622025], [19.105465990459116, 47.42242840020452], [19.105179734016186, 47.422893818233305]]}}, {"id": "(11, 13, 0)", "type": "Feature", "properties": {"_status": "new", "osmid": 4, "highway": null, "lanes": null, "maxspeed": null, "name": null, "ref": null, "oneway": null, "reversed": null, "length": null, "from": "13", "to": "11", "bridge": null, "_key": "0", "access": null, "width": null}, "geometry": {"type": "LineString", "coordinates": [[19.105336700000002, 47.423197800000004], [19.105182550172106, 47.42312542066936], [19.105179734016186, 47.422893818233305]]}}, {"id": "(0, 1, 0)", "type": "Feature", "properties": {"_status": "original", "osmid": 109, "highway": "residential", "lanes": "2", "maxspeed": "30", "name": "V\u00edzisport utca", "ref": null, "oneway": false, "reversed": false, "length": 51.805352491088726, "from": "1", "to": "0", "bridge": null, "_key": "0", "access": null, "width": null}, "geometry": {"type": "LineString", "coordinates": [[19.093728700000003, 47.429686200000006], [19.093159999999994, 47.42956170000001], [19.092572800000003, 47.42943260000001], [19.09260460000001, 47.429358199999996], [19.092746499999997, 47.428981800000024]]}}, {"id": "(49, 44, 0)", "type": "Feature", "properties": {"_status": "changed", "osmid": 5, "highway": "residential", "lanes": null, "maxspeed": null, "name": "Nap utca", "ref": null, "oneway": false, "reversed": false, "length": 104.03405290741671, "from": "44", "to": "49", "bridge": null, "_key": "0", "access": null, "width": null}, "geometry": {"type": "LineString", "coordinates": [[19.10778489999999, 47.418277000000025], [19.1088323, 47.418887800000014], [19.108863375665194, 47.41889730423421]]}}, {"id": "(49, 56, 0)", "type": "Feature", "properties": {"_status": "new", "osmid": 6, "highway": null, "lanes": null, "maxspeed": null, "name": null, "ref": null, "oneway": null, "reversed": null, "length": null, "from": "56", "to": "49", "bridge": null, "_key": "0", "access": null, "width": null}, "geometry": {"type": "LineString", "coordinates": [[19.10935938629388, 47.418166359108454], [19.108863375665194, 47.41889730423421]]}}, {"id": "(13, 4, 0)", "type": "Feature", "properties": {"_status": "original", "osmid": 111, "highway": "residential", "lanes": null, "maxspeed": null, "name": "Helsinki \u00fat", "ref": null, "oneway": true, "reversed": false, "length": 236.06572192878554, "from": "13", "to": "4", "bridge": null, "_key": "0", "access": null, "width": null}, "geometry": {"type": "LineString", "coordinates": [[19.105336700000002, 47.423197800000004], [19.105255000000003, 47.423323600000025], [19.105242499999992, 47.423343600000024], [19.104481299999993, 47.42456000000002], [19.10428589999999, 47.42505060000002], [19.104230399999988, 47.42518010000001]]}}, {"id": "(13, 68, 0)", "type": "Feature", "properties": {"_status": "original", "osmid": 110, "highway": "residential", "lanes": "2", "maxspeed": null, "name": "Helsinki \u00fat", "ref": null, "oneway": false, "reversed": true, "length": 72.24705736866302, "from": "68", "to": "13", "bridge": null, "_key": "0", "access": null, "width": null}, "geometry": {"type": "LineString", "coordinates": [[19.1107918, 47.41667730000002], [19.110724599999994, 47.41678370000002], [19.110592999999994, 47.4168976], [19.110446499999995, 47.41713860000001], [19.1093709, 47.418907900000015], [19.1092843, 47.41912410000003], [19.1092199, 47.41928490000002], [19.109173799999997, 47.4193744], [19.108976399999996, 47.41949050000002], [19.108615899999997, 47.41968219999998], [19.1077584, 47.42054170000004], [19.107395700000005, 47.420822300000005], [19.107260499999988, 47.42094840000004], [19.1068934, 47.421290700000036], [19.106799399999996, 47.42138650000003], [19.1065641, 47.421612000000046], [19.1063162, 47.42188469999999], [19.106233499999995, 47.42198140000001], [19.1058626, 47.42245730000002], [19.105436800000003, 47.42305190000003], [19.105417199999998, 47.42307870000003], [19.105336700000002, 47.423197800000004]]}}, {"id": "(56, 53, 0)", "type": "Feature", "properties": {"_status": "changed", "osmid": 7, "highway": "residential", "lanes": null, "maxspeed": null, "name": "Hold utca", "ref": null, "oneway": false, "reversed": true, "length": 26.776117138907452, "from": "53", "to": "56", "bridge": null, "_key": "0", "access": null, "width": null}, "geometry": {"type": "LineString", "coordinates": [[19.109044599999994, 47.418005800000046], [19.109323000000003, 47.41815580000001], [19.10935938629388, 47.418166359108454]]}}, {"id": "(56, 97, 0)", "type": "Feature", "properties": {"_status": "new", "osmid": 10, "highway": null, "lanes": null, "maxspeed": null, "name": null, "ref": null, "oneway": null, "reversed": null, "length": null, "from": "97", "to": "56", "bridge": null, "_key": "0", "access": null, "width": null}, "geometry": {"type": "LineString", "coordinates": [[19.11172486586544, 47.40954805868415], [19.11137994851777, 47.41128419634972], [19.110727784870246, 47.41568683420789], [19.110331483711786, 47.41659082976557], [19.10935938629388, 47.418166359108454]]}}, {"id": "(53, 54, 0)", "type": "Feature", "properties": {"_status": "original", "osmid": 8, "highway": "residential", "lanes": null, "maxspeed": null, "name": null, "ref": null, "oneway": false, "reversed": true, "length": 39.14066947148107, "from": "54", "to": "53", "bridge": null, "_key": "0", "access": null, "width": null}, "geometry": {"type": "LineString", "coordinates": [[19.109044599999997, 47.41765380000002], [19.109044599999994, 47.418005800000046]]}}, {"id": "(53, 28, 0)", "type": "Feature", "properties": {"_status": "original", "osmid": 9, "highway": "residential", "lanes": null, "maxspeed": null, "name": "Hold utca", "ref": null, "oneway": false, "reversed": true, "length": 282.00738522588745, "from": "28", "to": "53", "bridge": null, "_key": "0", "access": null, "width": null}, "geometry": {"type": "LineString", "coordinates": [[19.1064104, 47.41870200000001], [19.10652639999999, 47.41871250000004], [19.106808700000002, 47.41874000000002], [19.106872499999994, 47.418722900000056], [19.106955599999996, 47.418611700000014], [19.107220899999994, 47.418166899999996], [19.1080612, 47.417602400000035], [19.108169700000005, 47.417582000000046], [19.108268199999998, 47.417592900000024], [19.108338599999996, 47.41762550000005], [19.109044599999994, 47.418005800000046]]}}, {"id": "(54, 62, 0)", "type": "Feature", "properties": {"_status": "original", "osmid": 708, "highway": "residential", "lanes": null, "maxspeed": null, "name": null, "ref": null, "oneway": false, "reversed": true, "length": 190.283051986178, "from": "62", "to": "54", "bridge": null, "_key": "0", "access": null, "width": null}, "geometry": {"type": "LineString", "coordinates": [[19.110053599999997, 47.416086000000014], [19.109549100000002, 47.416877200000016], [19.10949009999999, 47.41699690000002], [19.109430999999997, 47.41706230000002], [19.109044599999997, 47.41765380000002]]}}, {"id": "(54, 52, 0)", "type": "Feature", "properties": {"_status": "original", "osmid": 709, "highway": "residential", "lanes": null, "maxspeed": null, "name": null, "ref": null, "oneway": false, "reversed": true, "length": 105.33465804395962, "from": "52", "to": "54", "bridge": null, "_key": "0", "access": null, "width": null}, "geometry": {"type": "LineString", "coordinates": [[19.108819200000003, 47.41690980000004], [19.1086904, 47.4171131], [19.108577700000005, 47.417251000000064], [19.108529400000002, 47.41735620000006], [19.109044599999997, 47.41765380000002]]}}, {"id": "(97, 139, 0)", "type": "Feature", "properties": {"_status": "changed", "osmid": 11, "highway": "secondary", "lanes": "2", "maxspeed": "50", "name": "R\u00e9z\u00f6nt\u0151 utca", "ref": null, "oneway": false, "reversed": true, "length": 126.4578751991761, "from": "97", "to": "139", "bridge": null, "_key": "0", "access": null, "width": null}, "geometry": {"type": "LineString", "coordinates": [[19.11172486586544, 47.40954805868415], [19.111795499999996, 47.409555000000026], [19.111931999999996, 47.40954889999998], [19.111956799999994, 47.409547799999984], [19.112007400000003, 47.409542599999995], [19.112092099999995, 47.409532200000065], [19.112175899999993, 47.40952450000003], [19.112210699999995, 47.40952110000005], [19.1124648, 47.4094982], [19.112607600000008, 47.409479900000036], [19.112806300000003, 47.40945010000002], [19.1134436, 47.40934310000004]]}}, {"id": "(97, 101, 0)", "type": "Feature", "properties": {"_status": "new", "osmid": 12, "highway": null, "lanes": null, "maxspeed": null, "name": null, "ref": null, "oneway": null, "reversed": null, "length": null, "from": "101", "to": "97", "bridge": null, "_key": "0", "access": null, "width": null}, "geometry": {"type": "LineString", "coordinates": [[19.111886400000007, 47.40886560000004], [19.11172486586544, 47.40954805868415]]}}, {"id": "(139, 191, 0)", "type": "Feature", "properties": {"_status": "original", "osmid": 13, "highway": "secondary", "lanes": "2", "maxspeed": "50", "name": "Templom utca", "ref": null, "oneway": false, "reversed": false, "length": 335.6527209992561, "from": "191", "to": "139", "bridge": null, "_key": "0", "access": null, "width": null}, "geometry": {"type": "LineString", "coordinates": [[19.114526899999998, 47.40641490000004], [19.114501499999996, 47.40647970000001], [19.1134436, 47.40934310000004]]}}, {"id": "(139, 171, 0)", "type": "Feature", "properties": {"_status": "original", "osmid": 14, "highway": "secondary", "lanes": null, "maxspeed": "50", "name": "R\u00e9z\u00f6nt\u0151 utca", "ref": null, "oneway": true, "reversed": false, "length": 77.98140512236283, "from": "171", "to": "139", "bridge": null, "_key": "0", "access": null, "width": null}, "geometry": {"type": "LineString", "coordinates": [[19.114451700000004, 47.40918070000005], [19.114424599999992, 47.4091853], [19.1134436, 47.40934310000004]]}}, {"id": "(101, 124, 0)", "type": "Feature", "properties": {"_status": "original", "osmid": 53, "highway": "primary", "lanes": "4", "maxspeed": "70", "name": "Grassalkovich \u00fat", "ref": "5", "oneway": false, "reversed": false, "length": 311.1336997130278, "from": "101", "to": "124", "bridge": null, "_key": "0", "access": null, "width": null}, "geometry": {"type": "LineString", "coordinates": [[19.111886400000007, 47.40886560000004], [19.1122996, 47.40687090000006], [19.1124436, 47.40609310000003]]}}, {"id": "(101, 76, 0)", "type": "Feature", "properties": {"_status": "original", "osmid": 153, "highway": "residential", "lanes": null, "maxspeed": null, "name": "Dob\u00f3 utca", "ref": null, "oneway": false, "reversed": false, "length": 127.93682038153219, "from": "76", "to": "101", "bridge": null, "_key": "0", "access": null, "width": null}, "geometry": {"type": "LineString", "coordinates": [[19.1101925, 47.40883720000005], [19.110405499999995, 47.40882350000002], [19.110752699999995, 47.40881050000002], [19.11103149999999, 47.408810500000016], [19.1112299, 47.4088134], [19.1114302, 47.40882500000003], [19.111886400000007, 47.40886560000004]]}}, {"id": "(191, 211, 0)", "type": "Feature", "properties": {"_status": "original", "osmid": 321, "highway": "secondary", "lanes": null, "maxspeed": "50", "name": "T\u00e1rcs\u00e1s utca", "ref": null, "oneway": true, "reversed": false, "length": 69.73414082424098, "from": "191", "to": "211", "bridge": null, "_key": "0", "access": null, "width": null}, "geometry": {"type": "LineString", "coordinates": [[19.114526899999998, 47.40641490000004], [19.115401800000004, 47.40662150000005]]}}, {"id": "(191, 238, 0)", "type": "Feature", "properties": {"_status": "original", "osmid": 323, "highway": "tertiary", "lanes": null, "maxspeed": "50", "name": "Templom utca", "ref": null, "oneway": false, "reversed": false, "length": 398.2554763892033, "from": "238", "to": "191", "bridge": null, "_key": "0", "access": null, "width": null}, "geometry": {"type": "LineString", "coordinates": [[19.11571019999999, 47.40292410000004], [19.115695199999994, 47.40297270000001], [19.114939800000002, 47.4052425], [19.1145577, 47.4063365], [19.114526899999998, 47.40641490000004]]}}, {"id": "(191, 133, 0)", "type": "Feature", "properties": {"_status": "original", "osmid": 322, "highway": "residential", "lanes": null, "maxspeed": null, "name": "T\u00e1rcs\u00e1s utca", "ref": null, "oneway": false, "reversed": false, "length": 134.56167940876063, "from": "133", "to": "191", "bridge": null, "_key": "0", "access": null, "width": null}, "geometry": {"type": "LineString", "coordinates": [[19.112787199999993, 47.40613539999999], [19.114526899999998, 47.40641490000004]]}}, {"id": "(171, 168, 0)", "type": "Feature", "properties": {"_status": "original", "osmid": 324, "highway": "residential", "lanes": null, "maxspeed": null, "name": "Seb\u00e9sz utca", "ref": null, "oneway": false, "reversed": false, "length": 26.775617201575802, "from": "171", "to": "168", "bridge": null, "_key": "0", "access": null, "width": null}, "geometry": {"type": "LineString", "coordinates": [[19.114451700000004, 47.40918070000005], [19.114448599999996, 47.40920620000006], [19.11440629999999, 47.40941950000001]]}}, {"id": "(171, 179, 0)", "type": "Feature", "properties": {"_status": "original", "osmid": 325, "highway": "secondary", "lanes": null, "maxspeed": "50", "name": "R\u00e9z\u00f6nt\u0151 utca", "ref": null, "oneway": true, "reversed": false, "length": 18.52917909322584, "from": "179", "to": "171", "bridge": null, "_key": "0", "access": null, "width": null}, "geometry": {"type": "LineString", "coordinates": [[19.114687799999995, 47.40913340000004], [19.114451700000004, 47.40918070000005]]}}, {"id": "(289, 295, 0)", "type": "Feature", "properties": {"_status": "changed", "osmid": 15, "highway": "tertiary", "lanes": null, "maxspeed": null, "name": "Templom utca", "ref": null, "oneway": false, "reversed": false, "length": 80.35838275440568, "from": "289", "to": "295", "bridge": null, "_key": "0", "access": null, "width": null}, "geometry": {"type": "LineString", "coordinates": [[19.11650745211626, 47.39408191185663], [19.1164463, 47.3943352], [19.1164475, 47.39447320000001], [19.116467899999993, 47.39456309999998], [19.116513599999998, 47.3946588], [19.116889999999998, 47.39495820000003]]}}, {"id": "(289, 305, 0)", "type": "Feature", "properties": {"_status": "changed", "osmid": 16, "highway": "residential", "lanes": null, "maxspeed": null, "name": null, "ref": null, "oneway": false, "reversed": false, "length": 74.74815094043078, "from": "289", "to": "305", "bridge": null, "_key": "0", "access": null, "width": null}, "geometry": {"type": "LineString", "coordinates": [[19.11650745211626, 47.39408191185663], [19.116567300000003, 47.39410030000004], [19.116846600000002, 47.39418790000004], [19.1169519, 47.39426040000003], [19.117152299999997, 47.39448940000002], [19.117163599999998, 47.39458510000004]]}}, {"id": "(289, 333, 0)", "type": "Feature", "properties": {"_status": "new", "osmid": 17, "highway": null, "lanes": null, "maxspeed": null, "name": null, "ref": null, "oneway": null, "reversed": null, "length": null, "from": "289", "to": "333", "bridge": null, "_key": "0", "access": null, "width": null}, "geometry": {"type": "LineString", "coordinates": [[19.11650745211626, 47.39408191185663], [19.116548304337165, 47.39394717073367], [19.116936009221302, 47.39339134049582], [19.118079596716807, 47.39191429975093], [19.11831500443252, 47.39153598732511]]}}, {"id": "(295, 302, 0)", "type": "Feature", "properties": {"_status": "original", "osmid": 18, "highway": "tertiary", "lanes": null, "maxspeed": null, "name": "Templom utca", "ref": null, "oneway": false, "reversed": false, "length": 249.06266094162328, "from": "295", "to": "302", "bridge": "yes", "_key": "0", "access": null, "width": null}, "geometry": {"type": "LineString", "coordinates": [[19.116889999999998, 47.39495820000003], [19.11696849999999, 47.39502960000002], [19.117108999999992, 47.39515550000003], [19.117224199999992, 47.395274100000044], [19.117494800000003, 47.39559890000002], [19.117651799999994, 47.39585080000003], [19.117719799999996, 47.396002700000004], [19.117753400000005, 47.396182300000014], [19.117731799999998, 47.39640770000004], [19.117532399999998, 47.39703250000002]]}}, {"id": "(295, 305, 0)", "type": "Feature", "properties": {"_status": "original", "osmid": 19, "highway": "residential", "lanes": null, "maxspeed": null, "name": "Batthy\u00e1ny utca", "ref": null, "oneway": false, "reversed": true, "length": 46.52159778278769, "from": "305", "to": "295", "bridge": null, "_key": "0", "access": null, "width": null}, "geometry": {"type": "LineString", "coordinates": [[19.117163599999998, 47.39458510000004], [19.117107399999995, 47.39470180000003], [19.116889999999998, 47.39495820000003]]}}, {"id": "(305, 330, 0)", "type": "Feature", "properties": {"_status": "original", "osmid": 20, "highway": "residential", "lanes": null, "maxspeed": null, "name": "Batthy\u00e1ny utca", "ref": null, "oneway": false, "reversed": true, "length": 128.3503466595758, "from": "330", "to": "305", "bridge": null, "_key": "0", "access": null, "width": null}, "geometry": {"type": "LineString", "coordinates": [[19.118611399999995, 47.39418420000003], [19.11828749999999, 47.39448610000006], [19.118213399999995, 47.394530100000026], [19.1181219, 47.3945488], [19.117163599999998, 47.39458510000004]]}}, {"id": "(333, 338, 0)", "type": "Feature", "properties": {"_status": "new", "osmid": 24, "highway": null, "lanes": null, "maxspeed": null, "name": null, "ref": null, "oneway": null, "reversed": null, "length": null, "from": "333", "to": "338", "bridge": null, "_key": "0", "access": null, "width": null}, "geometry": {"type": "LineString", "coordinates": [[19.11831500443252, 47.39153598732511], [19.11838602780182, 47.39139035020296]]}}, {"id": "(333, 361, 0)", "type": "Feature", "properties": {"_status": "changed", "osmid": 21, "highway": "residential", "lanes": null, "maxspeed": null, "name": "Fodr\u00e1sz utca", "ref": null, "oneway": false, "reversed": true, "length": 90.56765406276534, "from": "361", "to": "333", "bridge": null, "_key": "0", "access": null, "width": null}, "geometry": {"type": "LineString", "coordinates": [[19.119515299999996, 47.39190780000002], [19.118495699999997, 47.39157280000002], [19.118431299999997, 47.391554600000056], [19.11831500443252, 47.39153598732511]]}}, {"id": "(302, 320, 0)", "type": "Feature", "properties": {"_status": "original", "osmid": 213, "highway": "tertiary", "lanes": null, "maxspeed": null, "name": "Vecs\u00e9s \u00fat", "ref": null, "oneway": false, "reversed": false, "length": 88.6017695232328, "from": "302", "to": "320", "bridge": null, "_key": "0", "access": null, "width": null}, "geometry": {"type": "LineString", "coordinates": [[19.117532399999998, 47.39703250000002], [19.11862769999999, 47.39732440000004]]}}, {"id": "(302, 281, 0)", "type": "Feature", "properties": {"_status": "original", "osmid": 97, "highway": "tertiary", "lanes": null, "maxspeed": null, "name": "Templom utca", "ref": null, "oneway": false, "reversed": true, "length": 249.13390509386605, "from": "281", "to": "302", "bridge": null, "_key": "0", "access": null, "width": null}, "geometry": {"type": "LineString", "coordinates": [[19.116840400000005, 47.399223500000055], [19.116869799999993, 47.399130500000055], [19.117532399999998, 47.39703250000002]]}}, {"id": "(302, 260, 0)", "type": "Feature", "properties": {"_status": "original", "osmid": 214, "highway": "residential", "lanes": null, "maxspeed": null, "name": "Vecs\u00e9s \u00fat", "ref": null, "oneway": false, "reversed": false, "length": 142.81164017922598, "from": "260", "to": "302", "bridge": null, "_key": "0", "access": null, "width": null}, "geometry": {"type": "LineString", "coordinates": [[19.1157164, 47.396660500000024], [19.117532399999998, 47.39703250000002]]}}, {"id": "(330, 354, 0)", "type": "Feature", "properties": {"_status": "original", "osmid": 536, "highway": "residential", "lanes": null, "maxspeed": null, "name": "Batthy\u00e1ny utca", "ref": null, "oneway": false, "reversed": false, "length": 180.20988388234895, "from": "330", "to": "354", "bridge": null, "_key": "0", "access": null, "width": null}, "geometry": {"type": "LineString", "coordinates": [[19.118611399999995, 47.39418420000003], [19.11885729999999, 47.39393510000004], [19.118914799999995, 47.39385450000006], [19.1189551, 47.393781400000044], [19.119191699999995, 47.39334760000001], [19.119219499999993, 47.39326350000003], [19.119229499999996, 47.39317650000003], [19.119348099999996, 47.39266510000006]]}}, {"id": "(330, 341, 0)", "type": "Feature", "properties": {"_status": "original", "osmid": 537, "highway": "residential", "lanes": null, "maxspeed": null, "name": "Vir\u00e1gv\u00f6lgy k\u00f6z", "ref": null, "oneway": false, "reversed": true, "length": 34.05270262039191, "from": "341", "to": "330", "bridge": null, "_key": "0", "access": null, "width": null}, "geometry": {"type": "LineString", "coordinates": [[19.11900949999999, 47.39432890000003], [19.118802300000002, 47.394262000000026], [19.118611399999995, 47.39418420000003]]}}, {"id": "(361, 354, 0)", "type": "Feature", "properties": {"_status": "original", "osmid": 22, "highway": "residential", "lanes": null, "maxspeed": null, "name": "Batthy\u00e1ny utca", "ref": null, "oneway": false, "reversed": false, "length": 85.14344271774762, "from": "354", "to": "361", "bridge": null, "_key": "0", "access": null, "width": null}, "geometry": {"type": "LineString", "coordinates": [[19.119348099999996, 47.39266510000006], [19.119515299999996, 47.39190780000002]]}}, {"id": "(361, 382, 0)", "type": "Feature", "properties": {"_status": "original", "osmid": 23, "highway": "residential", "lanes": null, "maxspeed": null, "name": "Fodr\u00e1sz utca", "ref": null, "oneway": false, "reversed": true, "length": 87.46213066703326, "from": "382", "to": "361", "bridge": null, "_key": "0", "access": null, "width": null}, "geometry": {"type": "LineString", "coordinates": [[19.120578899999995, 47.39222440000006], [19.119515299999996, 47.39190780000002]]}}, {"id": "(354, 374, 0)", "type": "Feature", "properties": {"_status": "original", "osmid": 538, "highway": "residential", "lanes": null, "maxspeed": null, "name": "Szakajt\u00f3 k\u00f6z", "ref": null, "oneway": false, "reversed": true, "length": 72.17810719956466, "from": "374", "to": "354", "bridge": null, "_key": "0", "access": null, "width": null}, "geometry": {"type": "LineString", "coordinates": [[19.120290199999996, 47.392785900000014], [19.119348099999996, 47.39266510000006]]}}, {"id": "(382, 400, 0)", "type": "Feature", "properties": {"_status": "original", "osmid": 31, "highway": "residential", "lanes": null, "maxspeed": null, "name": "Csendes utca", "ref": null, "oneway": false, "reversed": true, "length": 67.45297606934976, "from": "400", "to": "382", "bridge": null, "_key": "0", "access": null, "width": null}, "geometry": {"type": "LineString", "coordinates": [[19.121020400000003, 47.39169969999999], [19.1208347, 47.39186950000006], [19.120756400000005, 47.391959200000024], [19.120578899999995, 47.39222440000006]]}}, {"id": "(382, 374, 0)", "type": "Feature", "properties": {"_status": "original", "osmid": 539, "highway": "residential", "lanes": null, "maxspeed": null, "name": "Csendes utca", "ref": null, "oneway": false, "reversed": false, "length": 66.35316008773621, "from": "374", "to": "382", "bridge": null, "_key": "0", "access": null, "width": null}, "geometry": {"type": "LineString", "coordinates": [[19.120290199999996, 47.392785900000014], [19.120319300000002, 47.3926743], [19.120353699999995, 47.392594500000044], [19.120407099999998, 47.39250850000002], [19.120578899999995, 47.39222440000006]]}}, {"id": "(338, 241, 0)", "type": "Feature", "properties": {"_status": "changed", "osmid": 25, "highway": "primary", "lanes": "2", "maxspeed": ["50", "70"], "name": "Grassalkovich \u00fat", "ref": "5", "oneway": false, "reversed": true, "length": 747.2069928364849, "from": "338", "to": "241", "bridge": "yes", "_key": "0", "access": null, "width": null}, "geometry": {"type": "LineString", "coordinates": [[19.11838602780182, 47.39139035020296], [19.118464, 47.39140800000003], [19.117088099999993, 47.39317960000002], [19.1168453, 47.39349990000002], [19.1164122, 47.394080400000036], [19.116236199999996, 47.394357000000014], [19.116105699999984, 47.39463530000003], [19.115920299999996, 47.39515930000001], [19.115521899999994, 47.39641290000002], [19.115290999999992, 47.39713960000002], [19.115110599999998, 47.397676200000035]]}}, {"id": "(338, 347, 0)", "type": "Feature", "properties": {"_status": "new", "osmid": 26, "highway": null, "lanes": null, "maxspeed": null, "name": null, "ref": null, "oneway": null, "reversed": null, "length": null, "from": "338", "to": "347", "bridge": null, "_key": "0", "access": null, "width": null}, "geometry": {"type": "LineString", "coordinates": [[19.11838602780182, 47.39139035020296], [19.118657664533444, 47.391035805348096]]}}, {"id": "(241, 253, 0)", "type": "Feature", "properties": {"_status": "new", "osmid": 27, "highway": null, "lanes": null, "maxspeed": null, "name": null, "ref": null, "oneway": null, "reversed": null, "length": null, "from": "241", "to": "253", "bridge": null, "_key": "0", "access": null, "width": null}, "geometry": {"type": "LineString", "coordinates": [[19.115110599999998, 47.397676200000035], [19.11548853211473, 47.39648975283971]]}}, {"id": "(241, 230, 0)", "type": "Feature", "properties": {"_status": "original", "osmid": 28, "highway": "primary", "lanes": "5", "maxspeed": "70", "name": "Grassalkovich \u00fat", "ref": "5", "oneway": false, "reversed": false, "length": 131.48214152738146, "from": "230", "to": "241", "bridge": null, "_key": "0", "access": null, "width": null}, "geometry": {"type": "LineString", "coordinates": [[19.114720600000002, 47.3988288], [19.114884499999995, 47.3983444], [19.115110599999998, 47.397676200000035]]}}, {"id": "(347, 400, 0)", "type": "Feature", "properties": {"_status": "changed", "osmid": 29, "highway": "residential", "lanes": null, "maxspeed": null, "name": "Szalma utca", "ref": null, "oneway": false, "reversed": true, "length": 185.8591415524695, "from": "347", "to": "400", "bridge": null, "_key": "0", "access": null, "width": null}, "geometry": {"type": "LineString", "coordinates": [[19.118657664533444, 47.391035805348096], [19.118737, 47.391064800000066], [19.1188111, 47.391086700000024], [19.119708900000006, 47.39135229999999], [19.120204799999996, 47.39148710000006], [19.121020400000003, 47.39169969999999]]}}, {"id": "(347, 358, 0)", "type": "Feature", "properties": {"_status": "new", "osmid": 30, "highway": null, "lanes": null, "maxspeed": null, "name": null, "ref": null, "oneway": null, "reversed": null, "length": null, "from": "347", "to": "358", "bridge": null, "_key": "0", "access": null, "width": null}, "geometry": {"type": "LineString", "coordinates": [[19.118657664533444, 47.391035805348096], [19.119151428619425, 47.39043372799102]]}}, {"id": "(253, 265, 0)", "type": "Feature", "properties": {"_status": "changed", "osmid": 63, "highway": "primary", "lanes": "2", "maxspeed": "50", "name": "Haraszti \u00fat", "ref": "510", "oneway": false, "reversed": true, "length": 207.03966114249653, "from": "253", "to": "265", "bridge": null, "_key": "0", "access": null, "width": null}, "geometry": {"type": "LineString", "coordinates": [[19.11548853211473, 47.39648975283971], [19.116015022567332, 47.39492591814035], [19.116068699999992, 47.394170600000045], [19.116046899999994, 47.39403130000005], [19.115990299999996, 47.39384910000003], [19.11544529999999, 47.3928208], [19.115191, 47.392412400000005]]}}, {"id": "(253, 218, 0)", "type": "Feature", "properties": {"_status": "changed", "osmid": 59, "highway": "tertiary", "lanes": null, "maxspeed": null, "name": "Vecs\u00e9s \u00fat", "ref": null, "oneway": false, "reversed": true, "length": 126.1764144016887, "from": "218", "to": "253", "bridge": null, "_key": "0", "access": null, "width": null}, "geometry": {"type": "LineString", "coordinates": [[19.11382379999999, 47.39604970000005], [19.11534019999999, 47.39646400000004], [19.115378500000002, 47.39647400000004], [19.11548853211473, 47.39648975283971]]}}, {"id": "(230, 186, 0)", "type": "Feature", "properties": {"_status": "original", "osmid": 155, "highway": "residential", "lanes": null, "maxspeed": null, "name": "H\u0151s\u00f6k tere", "ref": null, "oneway": true, "reversed": false, "length": 132.20949134830323, "from": "230", "to": "186", "bridge": null, "_key": "0", "access": null, "width": null}, "geometry": {"type": "LineString", "coordinates": [[19.114720600000002, 47.3988288], [19.1146034, 47.398809700000044], [19.1134516, 47.39862400000003], [19.1131162, 47.398569899999984], [19.113011499999995, 47.398554400000044]]}}, {"id": "(230, 223, 0)", "type": "Feature", "properties": {"_status": "original", "osmid": 57, "highway": "primary", "lanes": "6", "maxspeed": "70", "name": "Grassalkovich \u00fat", "ref": "5", "oneway": false, "reversed": false, "length": 51.054075362481164, "from": "223", "to": "230", "bridge": null, "_key": "0", "access": null, "width": null}, "geometry": {"type": "LineString", "coordinates": [[19.1145695, 47.399276400000055], [19.114611699999998, 47.39915470000001], [19.114720600000002, 47.3988288]]}}, {"id": "(400, 407, 0)", "type": "Feature", "properties": {"_status": "original", "osmid": 32, "highway": "residential", "lanes": null, "maxspeed": null, "name": "Csendes utca", "ref": null, "oneway": false, "reversed": false, "length": 42.40772328815021, "from": "400", "to": "407", "bridge": null, "_key": "0", "access": null, "width": null}, "geometry": {"type": "LineString", "coordinates": [[19.121020400000003, 47.39169969999999], [19.121117199999997, 47.39163469999999], [19.121292799999996, 47.39153999999999], [19.121451799999996, 47.39145510000004]]}}, {"id": "(358, 371, 0)", "type": "Feature", "properties": {"_status": "changed", "osmid": 36, "highway": "primary", "lanes": ["3", "4"], "maxspeed": "50", "name": "Grassalkovich \u00fat", "ref": "5", "oneway": false, "reversed": false, "length": 58.409652312726806, "from": "358", "to": "371", "bridge": null, "_key": "0", "access": null, "width": null}, "geometry": {"type": "LineString", "coordinates": [[19.119151428619425, 47.39043372799102], [19.119308499999995, 47.390422300000026], [19.119603999999992, 47.390061100000004], [19.119688100000005, 47.38996420000005]]}}, {"id": "(358, 350, 0)", "type": "Feature", "properties": {"_status": "changed", "osmid": 33, "highway": "tertiary", "lanes": "2", "maxspeed": null, "name": "Hunyadi utca", "ref": null, "oneway": false, "reversed": true, "length": 51.572793226005146, "from": "350", "to": "358", "bridge": null, "_key": "0", "access": null, "width": null}, "geometry": {"type": "LineString", "coordinates": [[19.1185166, 47.39007820000001], [19.1187289, 47.39017430000005], [19.119025499999996, 47.39030860000006], [19.11908529999999, 47.39033680000004], [19.119151428619425, 47.39043372799102]]}}, {"id": "(407, 371, 0)", "type": "Feature", "properties": {"_status": "original", "osmid": 38, "highway": "residential", "lanes": null, "maxspeed": null, "name": "Zsell\u00e9r d\u0171l\u0151", "ref": null, "oneway": false, "reversed": true, "length": 213.11082998346444, "from": "407", "to": "371", "bridge": null, "_key": "0", "access": null, "width": null}, "geometry": {"type": "LineString", "coordinates": [[19.121451799999996, 47.39145510000004], [19.119917899999997, 47.39009200000004], [19.119780700000007, 47.38999990000003], [19.1197665, 47.38999400000001], [19.119688100000005, 47.38996420000005]]}}, {"id": "(407, 424, 0)", "type": "Feature", "properties": {"_status": "original", "osmid": 545, "highway": "residential", "lanes": null, "maxspeed": null, "name": "Zsell\u00e9r d\u0171l\u0151", "ref": null, "oneway": false, "reversed": false, "length": 94.33158953218022, "from": "407", "to": "424", "bridge": null, "_key": "0", "access": null, "width": null}, "geometry": {"type": "LineString", "coordinates": [[19.121451799999996, 47.39145510000004], [19.121665999999998, 47.39160720000003], [19.12186369999999, 47.39174080000001], [19.122061899999995, 47.39185190000005], [19.122219300000005, 47.39193430000007], [19.12239979999999, 47.39200300000002]]}}, {"id": "(407, 435, 0)", "type": "Feature", "properties": {"_status": "original", "osmid": 548, "highway": "residential", "lanes": null, "maxspeed": "50", "name": ["Csendes utca", "Tengelice utca"], "ref": null, "oneway": false, "reversed": false, "length": 530.7871875601465, "from": "407", "to": "435", "bridge": null, "_key": "0", "access": null, "width": null}, "geometry": {"type": "LineString", "coordinates": [[19.121451799999996, 47.39145510000004], [19.1215916, 47.39139060000001], [19.121698899999995, 47.39133450000004], [19.1218177, 47.391279500000046], [19.121970499999993, 47.391212700000054], [19.122247500000007, 47.391109500000084], [19.1232457, 47.390778500000046], [19.123786700000004, 47.39058660000003], [19.124189399999995, 47.39043000000007], [19.124459400000003, 47.390314700000026], [19.1248334, 47.39014300000002], [19.12492310000001, 47.390084000000066], [19.124935599999997, 47.39001950000004], [19.124908899999998, 47.38995749999999], [19.124878700000004, 47.38984270000007], [19.12485029999999, 47.389735100000024], [19.124405599999996, 47.38958750000001], [19.122580499999994, 47.3890323]]}}, {"id": "(350, 346, 0)", "type": "Feature", "properties": {"_status": "original", "osmid": 34, "highway": "tertiary", "lanes": "2", "maxspeed": null, "name": "Hunyadi utca", "ref": null, "oneway": false, "reversed": true, "length": 31.466713600891293, "from": "346", "to": "350", "bridge": null, "_key": "0", "access": null, "width": null}, "geometry": {"type": "LineString", "coordinates": [[19.118292100000005, 47.38984680000004], [19.1183426, 47.389863400000074], [19.1185166, 47.39007820000001]]}}, {"id": "(350, 272, 0)", "type": "Feature", "properties": {"_status": "original", "osmid": 35, "highway": "residential", "lanes": null, "maxspeed": null, "name": "Rian\u00e1s utca", "ref": null, "oneway": false, "reversed": false, "length": 348.3295979622966, "from": "272", "to": "350", "bridge": null, "_key": "0", "access": null, "width": null}, "geometry": {"type": "LineString", "coordinates": [[19.1154298, 47.39239750000003], [19.115861599999988, 47.3921456], [19.116894600000002, 47.3914728], [19.117091500000004, 47.3913252], [19.117270099999995, 47.39117800000004], [19.117703699999993, 47.390761100000056], [19.1185166, 47.39007820000001]]}}, {"id": "(346, 257, 0)", "type": "Feature", "properties": {"_status": "changed", "osmid": 90, "highway": "tertiary", "lanes": "2", "maxspeed": null, "name": "T\u00e1jk\u00e9p utca", "ref": null, "oneway": false, "reversed": false, "length": 330.9906623390642, "from": "257", "to": "346", "bridge": null, "_key": "0", "access": null, "width": null}, "geometry": {"type": "LineString", "coordinates": [[19.11472456695455, 47.39169367966897], [19.114861399999988, 47.391649100000016], [19.114918699999993, 47.39162789999999], [19.1149758, 47.391610000000036], [19.115042799999998, 47.39159029999999], [19.1150818, 47.39157640000001], [19.1156301, 47.391376100000016], [19.116194, 47.391139900000056], [19.116429400000005, 47.39103200000004], [19.1166647, 47.39087630000004], [19.117355499999995, 47.39041860000005], [19.1181379, 47.38987580000006], [19.118216599999993, 47.38984659999998], [19.118292100000005, 47.38984680000004]]}}, {"id": "(346, 329, 0)", "type": "Feature", "properties": {"_status": "original", "osmid": 93, "highway": "residential", "lanes": null, "maxspeed": null, "name": "Hunyadi utca", "ref": null, "oneway": false, "reversed": true, "length": 80.10362761210078, "from": "329", "to": "346", "bridge": null, "_key": "0", "access": null, "width": null}, "geometry": {"type": "LineString", "coordinates": [[19.117702699999995, 47.38928710000007], [19.1179627, 47.389427200000014], [19.118160999999997, 47.38956189999999], [19.118273300000002, 47.389698], [19.118292100000005, 47.38984680000004]]}}, {"id": "(371, 396, 0)", "type": "Feature", "properties": {"_status": "original", "osmid": 37, "highway": "primary", "lanes": ["2", "4"], "maxspeed": "50", "name": "Grassalkovich \u00fat", "ref": "5", "oneway": false, "reversed": false, "length": 113.52980895932235, "from": "371", "to": "396", "bridge": null, "_key": "0", "access": null, "width": null}, "geometry": {"type": "LineString", "coordinates": [[19.119688100000005, 47.38996420000005], [19.119805000000007, 47.3898301], [19.1199168, 47.38970370000002], [19.120032299999995, 47.3895825], [19.120329399999996, 47.38926960000004], [19.120478699999993, 47.389095]]}}, {"id": "(396, 497, 0)", "type": "Feature", "properties": {"_status": "original", "osmid": 100, "highway": "primary", "lanes": ["2", "4"], "maxspeed": ["50", "70"], "name": ["\u00d3csai \u00fat", "Grassalkovich \u00fat"], "ref": "5", "oneway": false, "reversed": true, "length": 914.9642033743572, "from": "497", "to": "396", "bridge": "yes", "_key": "0", "access": null, "width": null}, "geometry": {"type": "LineString", "coordinates": [[19.127119499999992, 47.38220720000002], [19.1270358, 47.38228440000001], [19.125819099999998, 47.383406300000026], [19.125449800000002, 47.38379160000002], [19.125272399999997, 47.383977500000036], [19.1249286, 47.38432540000004], [19.12316729999999, 47.386234800000004], [19.122228799999995, 47.387249700000005], [19.120739300000004, 47.388817100000026], [19.120478699999993, 47.389095]]}}, {"id": "(396, 428, 0)", "type": "Feature", "properties": {"_status": "original", "osmid": 549, "highway": "residential", "lanes": null, "maxspeed": "50", "name": "Ecetfa utca", "ref": null, "oneway": false, "reversed": true, "length": 141.59530302247643, "from": "428", "to": "396", "bridge": null, "_key": "0", "access": null, "width": null}, "geometry": {"type": "LineString", "coordinates": [[19.122181900000005, 47.38963530000001], [19.1206867, 47.38916090000003], [19.120600300000007, 47.389133499999986], [19.120478699999993, 47.389095]]}}, {"id": "(430, 467, 0)", "type": "Feature", "properties": {"_status": "changed", "osmid": 39, "highway": "tertiary", "lanes": null, "maxspeed": null, "name": "Vir\u00e1g Benedek utca", "ref": null, "oneway": false, "reversed": true, "length": 1.5422712909547576, "from": "430", "to": "467", "bridge": null, "_key": "0", "access": null, "width": null}, "geometry": {"type": "LineString", "coordinates": [[19.128351, 47.42431010000003], [19.1295153, 47.424985800000016], [19.12953149999999, 47.42497730000003], [19.131351759851288, 47.423716348110126]]}}, {"id": "(430, 409, 0)", "type": "Feature", "properties": {"_status": "original", "osmid": 40, "highway": "residential", "lanes": null, "maxspeed": null, "name": "Als\u00f3 hat\u00e1r\u00fat", "ref": null, "oneway": false, "reversed": true, "length": 113.52556620995644, "from": "430", "to": "409", "bridge": null, "_key": "0", "access": null, "width": null}, "geometry": {"type": "LineString", "coordinates": [[19.128351, 47.42431010000003], [19.1272165, 47.42363690000005]]}}, {"id": "(430, 457, 0)", "type": "Feature", "properties": {"_status": "original", "osmid": 41, "highway": "residential", "lanes": null, "maxspeed": "30", "name": "Maros utca", "ref": null, "oneway": false, "reversed": true, "length": 197.07232568724686, "from": "430", "to": "457", "bridge": null, "_key": "0", "access": null, "width": null}, "geometry": {"type": "LineString", "coordinates": [[19.128351, 47.42431010000003], [19.1301745, 47.42303770000002]]}}, {"id": "(467, 509, 0)", "type": "Feature", "properties": {"_status": "changed", "osmid": 42, "highway": "tertiary", "lanes": "2", "maxspeed": null, "name": "K\u00f6ves \u00fat", "ref": null, "oneway": false, "reversed": true, "length": 85.21992588049089, "from": "467", "to": "509", "bridge": null, "_key": "0", "access": null, "width": null}, "geometry": {"type": "LineString", "coordinates": [[19.131351759851288, 47.423716348110126], [19.133358833396215, 47.42229953825108], [19.133982399999997, 47.42181460000005], [19.134768800000003, 47.42126300000006]]}}, {"id": "(467, 457, 0)", "type": "Feature", "properties": {"_status": "changed", "osmid": 43, "highway": "tertiary", "lanes": "2", "maxspeed": "50", "name": "Tartsay utca", "ref": null, "oneway": false, "reversed": true, "length": 111.82650747067458, "from": "457", "to": "467", "bridge": null, "_key": "0", "access": null, "width": null}, "geometry": {"type": "LineString", "coordinates": [[19.1301745, 47.42303770000002], [19.131307599999996, 47.42368860000005], [19.131351759851288, 47.423716348110126]]}}, {"id": "(409, 442, 0)", "type": "Feature", "properties": {"_status": "original", "osmid": 285, "highway": "residential", "lanes": null, "maxspeed": "30", "name": "Hrivn\u00e1k P\u00e1l utca", "ref": null, "oneway": false, "reversed": true, "length": 192.64856884575133, "from": "409", "to": "442", "bridge": null, "_key": "0", "access": null, "width": null}, "geometry": {"type": "LineString", "coordinates": [[19.1272165, 47.42363690000005], [19.128977199999998, 47.42237890000002]]}}, {"id": "(409, 388, 0)", "type": "Feature", "properties": {"_status": "original", "osmid": 142, "highway": "residential", "lanes": null, "maxspeed": null, "name": "Als\u00f3 hat\u00e1r\u00fat", "ref": null, "oneway": false, "reversed": false, "length": 108.57370504230357, "from": "388", "to": "409", "bridge": null, "_key": "0", "access": null, "width": null}, "geometry": {"type": "LineString", "coordinates": [[19.1261299, 47.42299430000002], [19.1272165, 47.42363690000005]]}}, {"id": "(457, 442, 0)", "type": "Feature", "properties": {"_status": "original", "osmid": 44, "highway": "tertiary", "lanes": "2", "maxspeed": "50", "name": "Tartsay utca", "ref": null, "oneway": false, "reversed": true, "length": 116.39197388305593, "from": "457", "to": "442", "bridge": null, "_key": "0", "access": null, "width": null}, "geometry": {"type": "LineString", "coordinates": [[19.1301745, 47.42303770000002], [19.129093499999996, 47.422416800000015], [19.128977199999998, 47.42237890000002]]}}, {"id": "(457, 494, 0)", "type": "Feature", "properties": {"_status": "original", "osmid": 45, "highway": "residential", "lanes": null, "maxspeed": "30", "name": "Maros utca", "ref": null, "oneway": false, "reversed": false, "length": 377.1499277282177, "from": "494", "to": "457", "bridge": null, "_key": "0", "access": null, "width": null}, "geometry": {"type": "LineString", "coordinates": [[19.133647700000004, 47.42059190000005], [19.1301745, 47.42303770000002]]}}, {"id": "(509, 524, 0)", "type": "Feature", "properties": {"_status": "original", "osmid": 46, "highway": "tertiary", "lanes": "2", "maxspeed": "50", "name": "K\u00f6ves \u00fat", "ref": null, "oneway": false, "reversed": true, "length": 135.81683411810707, "from": "509", "to": "524", "bridge": null, "_key": "0", "access": null, "width": null}, "geometry": {"type": "LineString", "coordinates": [[19.134768800000003, 47.42126300000006], [19.1360259, 47.420386400000034]]}}, {"id": "(509, 494, 0)", "type": "Feature", "properties": {"_status": "original", "osmid": 47, "highway": "residential", "lanes": null, "maxspeed": "30", "name": "Albert Gyula utca", "ref": null, "oneway": false, "reversed": true, "length": 112.61841594706443, "from": "509", "to": "494", "bridge": null, "_key": "0", "access": null, "width": null}, "geometry": {"type": "LineString", "coordinates": [[19.134768800000003, 47.42126300000006], [19.133647700000004, 47.42059190000005]]}}, {"id": "(442, 427, 0)", "type": "Feature", "properties": {"_status": "original", "osmid": 279, "highway": "tertiary", "lanes": "2", "maxspeed": "50", "name": "Tartsay utca", "ref": null, "oneway": false, "reversed": true, "length": 118.44637328663825, "from": "442", "to": "427", "bridge": null, "_key": "0", "access": null, "width": null}, "geometry": {"type": "LineString", "coordinates": [[19.128977199999998, 47.42237890000002], [19.128871500000002, 47.422344600000024], [19.1277701, 47.421699100000026]]}}, {"id": "(442, 480, 0)", "type": "Feature", "properties": {"_status": "original", "osmid": 286, "highway": "residential", "lanes": null, "maxspeed": "30", "name": "Hrivn\u00e1k P\u00e1l utca", "ref": null, "oneway": false, "reversed": false, "length": 331.81427441044764, "from": "480", "to": "442", "bridge": null, "_key": "0", "access": null, "width": null}, "geometry": {"type": "LineString", "coordinates": [[19.1320532, 47.42024040000006], [19.128977199999998, 47.42237890000002]]}}, {"id": "(494, 482, 0)", "type": "Feature", "properties": {"_status": "original", "osmid": 374, "highway": "residential", "lanes": null, "maxspeed": "30", "name": "Albert Gyula utca", "ref": null, "oneway": false, "reversed": true, "length": 114.50746443011093, "from": "494", "to": "482", "bridge": null, "_key": "0", "access": null, "width": null}, "geometry": {"type": "LineString", "coordinates": [[19.133647700000004, 47.42059190000005], [19.1324734, 47.41993680000001]]}}, {"id": "(494, 514, 0)", "type": "Feature", "properties": {"_status": "original", "osmid": 375, "highway": "residential", "lanes": null, "maxspeed": "30", "name": "Maros utca", "ref": null, "oneway": false, "reversed": true, "length": 136.55585503693487, "from": "494", "to": "514", "bridge": null, "_key": "0", "access": null, "width": null}, "geometry": {"type": "LineString", "coordinates": [[19.133647700000004, 47.42059190000005], [19.134924099999996, 47.41971880000003]]}}, {"id": "(524, 546, 0)", "type": "Feature", "properties": {"_status": "original", "osmid": 235, "highway": "tertiary", "lanes": "2", "maxspeed": "50", "name": "K\u00f6ves \u00fat", "ref": null, "oneway": false, "reversed": true, "length": 272.5978538956798, "from": "524", "to": "546", "bridge": null, "_key": "0", "access": null, "width": null}, "geometry": {"type": "LineString", "coordinates": [[19.1360259, 47.420386400000034], [19.1364782, 47.4200629], [19.138529799999993, 47.41861450000004]]}}, {"id": "(524, 514, 0)", "type": "Feature", "properties": {"_status": "original", "osmid": 388, "highway": "residential", "lanes": null, "maxspeed": null, "name": "Mesgye utca", "ref": null, "oneway": false, "reversed": false, "length": 111.27606668295178, "from": "514", "to": "524", "bridge": null, "_key": "0", "access": null, "width": null}, "geometry": {"type": "LineString", "coordinates": [[19.134924099999996, 47.41971880000003], [19.1359859, 47.42036220000007], [19.1360259, 47.420386400000034]]}}, {"id": "(562, 544, 0)", "type": "Feature", "properties": {"_status": "changed", "osmid": 48, "highway": "primary", "lanes": ["3", "2", "5"], "maxspeed": ["50", "60"], "name": "\u00d3csai \u00fat", "ref": "5", "oneway": false, "reversed": [false, true], "length": 1952.2381831871714, "from": "562", "to": "544", "bridge": "yes", "_key": "0", "access": null, "width": null}, "geometry": {"type": "LineString", "coordinates": [[19.153469, 47.357726200000045], [19.1533553, 47.35818270000001], [19.153282499999996, 47.35845100000004], [19.15325019999999, 47.358567300000004], [19.153218599999995, 47.35866710000003], [19.153163299999992, 47.358816499999996], [19.1531047, 47.35896570000004], [19.1530582, 47.35906700000005], [19.152995799999992, 47.359182400000016], [19.152916799999996, 47.35931889999999], [19.1528662, 47.35940930000004], [19.15279749999999, 47.35951330000002], [19.152712400000002, 47.359627000000046], [19.152575199999998, 47.35981450000003], [19.152510599999992, 47.359893900000024], [19.152428700000005, 47.359994900000025], [19.152288300000006, 47.36014300000001], [19.1520844, 47.360332400000004], [19.151830299999993, 47.36058050000003], [19.151315500000003, 47.361040000000024], [19.150400199999993, 47.36183030000004], [19.149598000000005, 47.36251709999999], [19.149447499999997, 47.36264940000004], [19.14795, 47.36397720000006], [19.14760279772027, 47.36440201593558], [19.147545121683383, 47.36459869584042], [19.14740281159631, 47.36482502645866], [19.147058199999996, 47.365227200000014], [19.1467448, 47.36557310000002], [19.1464263, 47.3658721], [19.146106399999994, 47.366122800000035], [19.145719099999997, 47.36640820000001], [19.145352999999997, 47.36666190000001], [19.1453094, 47.366684900000024], [19.144991499999996, 47.3668542], [19.144796899999996, 47.36695620000004], [19.144486799999996, 47.36713150000003], [19.144213800000003, 47.36730660000002], [19.1440509, 47.367416900000016], [19.1437994, 47.36762590000006], [19.143487899999993, 47.367877100000015], [19.14267339999999, 47.368586000000015], [19.142318, 47.368898300000026], [19.1419626, 47.369210700000004], [19.141228899999998, 47.36985550000003], [19.1410838, 47.369983900000015], [19.140255399999994, 47.370685300000034], [19.139475700000002, 47.37138810000004], [19.138862299999996, 47.37192720000003], [19.136768300000004, 47.37375650000003], [19.136449900000002, 47.374030300000044], [19.1362699, 47.37418710000003], [19.136064500000003, 47.37435089999998], [19.1358995, 47.37447380000002], [19.135708199999996, 47.374605599999995], [19.1356221, 47.374659100000024], [19.1352939, 47.374856700000024], [19.1352027, 47.37491159999999], [19.13493789999999, 47.37507230000003], [19.1344494, 47.37534940000002], [19.1339679, 47.37564560000002], [19.133613299999997, 47.37587040000001], [19.133366299999988, 47.37606280000004], [19.133233299999997, 47.376177400000046], [19.133012200000003, 47.37638640000002], [19.132891499999996, 47.3765006], [19.132781699999995, 47.376609800000054], [19.1326515, 47.37675800000002], [19.1325586, 47.37685810000001], [19.1324611, 47.376979700000014], [19.132385800000005, 47.377079100000046], [19.132151100000005, 47.377383600000016], [19.131916200000003, 47.3777384], [19.131816399999995, 47.3778686], [19.13166959999999, 47.378060200000014], [19.131545000000003, 47.37822270000003], [19.1311078, 47.378699200000014], [19.130940599999988, 47.37885140000003]]}}, {"id": "(544, 497, 0)", "type": "Feature", "properties": {"_status": "original", "osmid": 49, "highway": "primary", "lanes": "2", "maxspeed": "50", "name": "\u00d3csai \u00fat", "ref": "5", "oneway": false, "reversed": true, "length": 471.29172648761823, "from": "544", "to": "497", "bridge": null, "_key": "0", "access": null, "width": null}, "geometry": {"type": "LineString", "coordinates": [[19.130940599999988, 47.37885140000003], [19.130271999999998, 47.37945150000003], [19.13008629999999, 47.37960030000003], [19.129869799999998, 47.37978500000005], [19.128708499999988, 47.3808365], [19.128334, 47.38117550000005], [19.127234999999995, 47.38209380000003], [19.127119499999992, 47.38220720000002]]}}, {"id": "(544, 540, 0)", "type": "Feature", "properties": {"_status": "original", "osmid": 50, "highway": "unclassified", "lanes": null, "maxspeed": null, "name": null, "ref": null, "oneway": false, "reversed": true, "length": 26.05252883602637, "from": "540", "to": "544", "bridge": null, "_key": "0", "access": null, "width": null}, "geometry": {"type": "LineString", "coordinates": [[19.130659700000002, 47.37871460000001], [19.130940599999988, 47.37885140000003]]}}, {"id": "(497, 519, 0)", "type": "Feature", "properties": {"_status": "changed", "osmid": 99, "highway": ["residential", "unclassified"], "lanes": null, "maxspeed": null, "name": "Vir\u00e1gpatak \u00fat", "ref": null, "oneway": false, "reversed": [false, true], "length": 959.9243240525684, "from": "519", "to": "497", "bridge": null, "_key": "0", "access": null, "width": null}, "geometry": {"type": "LineString", "coordinates": [[19.130302299999997, 47.39163270000001], [19.129414799999992, 47.39089780000002], [19.129242199999993, 47.39060340000001], [19.128365, 47.38990560000003], [19.128245, 47.38978310000003], [19.128189599999992, 47.389620900000004], [19.128235200000002, 47.38945570000002], [19.128347899999998, 47.389292300000044], [19.1291233, 47.38852069999999], [19.129455599999993, 47.38819740000005], [19.129753299999997, 47.38798669999999], [19.129847525485467, 47.387933327557896], [19.12990690387605, 47.38789969357145], [19.130085200000003, 47.38779870000002], [19.130578699999997, 47.387519100000006], [19.1321134, 47.38665280000007], [19.133068599999998, 47.38606610000007], [19.133139599999993, 47.3860124], [19.13319479999999, 47.38595880000002], [19.1332416, 47.3859011], [19.133292699999995, 47.38578930000001], [19.133312099999998, 47.385693500000045], [19.133312299999996, 47.38562080000004], [19.13330059999999, 47.38556090000001], [19.133263, 47.38548600000003], [19.132865600000002, 47.385100600000015], [19.1327439, 47.385001900000034], [19.132663300000004, 47.384938600000005], [19.132511799999993, 47.384813], [19.132367399999993, 47.384691799999985], [19.132146, 47.38455740000003], [19.13185809999999, 47.38440259999999], [19.131473199999995, 47.38422589999999], [19.130997499999992, 47.38401760000003], [19.1307537, 47.383909800000026], [19.130401200000005, 47.38375060000001], [19.1300822, 47.38360580000003], [19.129907300000003, 47.38353100000001], [19.12971930000001, 47.38345029999999], [19.1296001, 47.383399100000034], [19.129129099999997, 47.38320190000003], [19.1287857, 47.38305810000003], [19.128533599999987, 47.38295250000007], [19.1281859, 47.38276300000004], [19.1278638, 47.382587400000006], [19.12764639999999, 47.382468900000056], [19.127119499999992, 47.38220720000002]]}}, {"id": "(497, 493, 0)", "type": "Feature", "properties": {"_status": "original", "osmid": 101, "highway": "residential", "lanes": null, "maxspeed": null, "name": "Vir\u00e1gpatak \u00fat", "ref": null, "oneway": false, "reversed": false, "length": 37.82793946624604, "from": "493", "to": "497", "bridge": null, "_key": "0", "access": null, "width": null}, "geometry": {"type": "LineString", "coordinates": [[19.12671599999999, 47.38200450000005], [19.127119499999992, 47.38220720000002]]}}, {"id": "(540, 539, 0)", "type": "Feature", "properties": {"_status": "original", "osmid": 710, "highway": "unclassified", "lanes": null, "maxspeed": null, "name": null, "ref": null, "oneway": false, "reversed": true, "length": 12.480829264455402, "from": "539", "to": "540", "bridge": null, "_key": "0", "access": null, "width": null}, "geometry": {"type": "LineString", "coordinates": [[19.130527600000004, 47.37864680000002], [19.130659700000002, 47.37871460000001]]}}, {"id": "(540, 537, 0)", "type": "Feature", "properties": {"_status": "original", "osmid": 711, "highway": "unclassified", "lanes": null, "maxspeed": null, "name": null, "ref": null, "oneway": true, "reversed": false, "length": 85.12604647202171, "from": "537", "to": "540", "bridge": null, "_key": "0", "access": "no", "width": null}, "geometry": {"type": "LineString", "coordinates": [[19.1303135, 47.3785131], [19.130521300000005, 47.37832589999999], [19.130627000000004, 47.37830810000003], [19.1306899, 47.378331800000026], [19.1307462, 47.37837890000002], [19.1307472, 47.378435700000004], [19.130646899999995, 47.37861900000002], [19.130659700000002, 47.37871460000001]]}}, {"id": "(124, 175, 0)", "type": "Feature", "properties": {"_status": "changed", "osmid": 51, "highway": "primary", "lanes": "4", "maxspeed": "70", "name": "Grassalkovich \u00fat", "ref": "5", "oneway": false, "reversed": false, "length": 58.6902048362214, "from": "124", "to": "175", "bridge": null, "_key": "0", "access": null, "width": null}, "geometry": {"type": "LineString", "coordinates": [[19.1124436, 47.40609310000003], [19.112571200000005, 47.40557240000003], [19.11261189999999, 47.405277400000045], [19.113241499999997, 47.40321540000005], [19.113438999999996, 47.40256840000002]]}}, {"id": "(124, 98, 0)", "type": "Feature", "properties": {"_status": "original", "osmid": 52, "highway": "residential", "lanes": null, "maxspeed": null, "name": "T\u00e1rcs\u00e1s utca", "ref": null, "oneway": false, "reversed": false, "length": 100.75751471091304, "from": "98", "to": "124", "bridge": null, "_key": "0", "access": null, "width": null}, "geometry": {"type": "LineString", "coordinates": [[19.111118800000007, 47.40596230000003], [19.112304299999995, 47.40608120000004], [19.1124436, 47.40609310000003]]}}, {"id": "(175, 223, 0)", "type": "Feature", "properties": {"_status": "changed", "osmid": 54, "highway": "primary", "lanes": "2", "maxspeed": "70", "name": "Grassalkovich \u00fat", "ref": "5", "oneway": true, "reversed": false, "length": 204.13214554407253, "from": "175", "to": "223", "bridge": null, "_key": "0", "access": null, "width": null}, "geometry": {"type": "LineString", "coordinates": [[19.113438999999996, 47.40256840000002], [19.113983699999995, 47.400938100000026], [19.1140795, 47.400787099999995], [19.1143521, 47.399942100000004], [19.11453669999999, 47.39938210000003], [19.1145695, 47.399276400000055]]}}, {"id": "(175, 129, 0)", "type": "Feature", "properties": {"_status": "original", "osmid": 55, "highway": "residential", "lanes": null, "maxspeed": null, "name": "Erzs\u00e9bet utca", "ref": null, "oneway": false, "reversed": false, "length": 112.9762330025639, "from": "129", "to": "175", "bridge": null, "_key": "0", "access": null, "width": null}, "geometry": {"type": "LineString", "coordinates": [[19.111979299999994, 47.402331400000016], [19.113438999999996, 47.40256840000002]]}}, {"id": "(98, 129, 0)", "type": "Feature", "properties": {"_status": "original", "osmid": 151, "highway": "residential", "lanes": null, "maxspeed": null, "name": "T\u00e1ncsics Mih\u00e1ly utca", "ref": null, "oneway": false, "reversed": false, "length": 409.17018397325614, "from": "98", "to": "129", "bridge": null, "_key": "0", "access": null, "width": null}, "geometry": {"type": "LineString", "coordinates": [[19.111118800000007, 47.40596230000003], [19.111313999999993, 47.40477240000005], [19.111344399999997, 47.4046036], [19.111393100000004, 47.404418300000046], [19.111686199999998, 47.40337490000005], [19.111979299999994, 47.402331400000016]]}}, {"id": "(98, 90, 0)", "type": "Feature", "properties": {"_status": "original", "osmid": 152, "highway": "residential", "lanes": null, "maxspeed": null, "name": "T\u00e1ncsics Mih\u00e1ly utca", "ref": null, "oneway": false, "reversed": false, "length": 133.15247496773608, "from": "90", "to": "98", "bridge": null, "_key": "0", "access": null, "width": null}, "geometry": {"type": "LineString", "coordinates": [[19.11088, 47.40714860000002], [19.1109511, 47.406865400000015], [19.111075800000005, 47.40620370000003], [19.111118800000007, 47.40596230000003]]}}, {"id": "(223, 274, 0)", "type": "Feature", "properties": {"_status": "changed", "osmid": 56, "highway": "tertiary", "lanes": ["3", "2"], "maxspeed": null, "name": "H\u0151s\u00f6k tere", "ref": null, "oneway": false, "reversed": true, "length": 141.67147323544765, "from": "223", "to": "274", "bridge": null, "_key": "0", "access": null, "width": null}, "geometry": {"type": "LineString", "coordinates": [[19.1145695, 47.399276400000055], [19.114793899999995, 47.399304700000016], [19.1148357, 47.39930970000002], [19.114861399999995, 47.39931360000002], [19.115075499999993, 47.39933970000003], [19.115230599999993, 47.399347700000014], [19.1153488, 47.399339499999996], [19.115655600000004, 47.39928280000003], [19.115879399999994, 47.39928030000003], [19.116413799999997, 47.39937240000003], [19.116702887775755, 47.39947420974958], [19.1167308, 47.39962910000003]]}}, {"id": "(223, 176, 0)", "type": "Feature", "properties": {"_status": "original", "osmid": 58, "highway": "residential", "lanes": "1", "maxspeed": null, "name": "H\u0151s\u00f6k tere", "ref": null, "oneway": true, "reversed": false, "length": 130.8232229911223, "from": "176", "to": "223", "bridge": null, "_key": "0", "access": null, "width": null}, "geometry": {"type": "LineString", "coordinates": [[19.1128745, 47.39901840000004], [19.114019400000004, 47.399197499999985], [19.114441999999997, 47.39926650000002], [19.1145695, 47.399276400000055]]}}, {"id": "(129, 176, 0)", "type": "Feature", "properties": {"_status": "original", "osmid": 154, "highway": "residential", "lanes": null, "maxspeed": null, "name": "T\u00e1ncsics Mih\u00e1ly utca", "ref": null, "oneway": false, "reversed": false, "length": 374.50750822023474, "from": "129", "to": "176", "bridge": null, "_key": "0", "access": null, "width": null}, "geometry": {"type": "LineString", "coordinates": [[19.111979299999994, 47.402331400000016], [19.11217479999999, 47.401598800000016], [19.112356099999996, 47.40089350000005], [19.112489399999998, 47.40042710000005], [19.112863400000002, 47.39905420000005], [19.1128745, 47.39901840000004]]}}, {"id": "(274, 281, 0)", "type": "Feature", "properties": {"_status": "changed", "osmid": 94, "highway": "tertiary", "lanes": "2", "maxspeed": null, "name": "Templom utca", "ref": null, "oneway": false, "reversed": true, "length": 23.956840597478227, "from": "274", "to": "281", "bridge": null, "_key": "0", "access": null, "width": null}, "geometry": {"type": "LineString", "coordinates": [[19.1167308, 47.39962910000003], [19.1167775, 47.399434700000015], [19.116840400000005, 47.399223500000055]]}}, {"id": "(274, 238, 0)", "type": "Feature", "properties": {"_status": "original", "osmid": 95, "highway": "tertiary", "lanes": null, "maxspeed": "50", "name": "Templom utca", "ref": null, "oneway": false, "reversed": true, "length": 374.36181515786075, "from": "238", "to": "274", "bridge": null, "_key": "0", "access": null, "width": null}, "geometry": {"type": "LineString", "coordinates": [[19.11571019999999, 47.40292410000004], [19.115730499999998, 47.40286060000001], [19.116281500000003, 47.40113310000004], [19.116709599999993, 47.3996961], [19.1167308, 47.39962910000003]]}}, {"id": "(274, 291, 0)", "type": "Feature", "properties": {"_status": "original", "osmid": 96, "highway": "tertiary", "lanes": null, "maxspeed": null, "name": "H\u0151s\u00f6k tere", "ref": null, "oneway": false, "reversed": true, "length": 69.75776623855964, "from": "291", "to": "274", "bridge": null, "_key": "0", "access": null, "width": null}, "geometry": {"type": "LineString", "coordinates": [[19.117621400000004, 47.399798200000035], [19.1167872, 47.399650200000046], [19.1167308, 47.39962910000003]]}}, {"id": "(176, 186, 0)", "type": "Feature", "properties": {"_status": "original", "osmid": 157, "highway": "residential", "lanes": null, "maxspeed": null, "name": "T\u00e1ncsics Mih\u00e1ly utca", "ref": null, "oneway": false, "reversed": false, "length": 52.61531722084177, "from": "176", "to": "186", "bridge": null, "_key": "0", "access": null, "width": null}, "geometry": {"type": "LineString", "coordinates": [[19.1128745, 47.39901840000004], [19.112883299999993, 47.398988900000006], [19.112977899999997, 47.398672600000054], [19.113011499999995, 47.398554400000044]]}}, {"id": "(218, 187, 0)", "type": "Feature", "properties": {"_status": "original", "osmid": 60, "highway": "residential", "lanes": null, "maxspeed": null, "name": "T\u00e1ncsics Mih\u00e1ly utca", "ref": null, "oneway": false, "reversed": true, "length": 281.1238907182462, "from": "218", "to": "187", "bridge": null, "_key": "0", "access": null, "width": null}, "geometry": {"type": "LineString", "coordinates": [[19.11382379999999, 47.39604970000005], [19.113021599999996, 47.398518900000035]]}}, {"id": "(218, 196, 0)", "type": "Feature", "properties": {"_status": "original", "osmid": 61, "highway": "tertiary", "lanes": null, "maxspeed": null, "name": "Vecs\u00e9s \u00fat", "ref": null, "oneway": false, "reversed": true, "length": 87.25144646932735, "from": "196", "to": "218", "bridge": null, "_key": "0", "access": null, "width": null}, "geometry": {"type": "LineString", "coordinates": [[19.112739099999988, 47.39577300000003], [19.11382379999999, 47.39604970000005]]}}, {"id": "(218, 228, 0)", "type": "Feature", "properties": {"_status": "original", "osmid": 62, "highway": "residential", "lanes": null, "maxspeed": null, "name": "T\u00e1ncsics Mih\u00e1ly utca", "ref": null, "oneway": false, "reversed": true, "length": 99.50331321956196, "from": "228", "to": "218", "bridge": null, "_key": "0", "access": null, "width": null}, "geometry": {"type": "LineString", "coordinates": [[19.113983800000007, 47.39516160000002], [19.113899600000003, 47.39570010000003], [19.11382379999999, 47.39604970000005]]}}, {"id": "(187, 186, 0)", "type": "Feature", "properties": {"_status": "original", "osmid": 156, "highway": "residential", "lanes": null, "maxspeed": null, "name": "T\u00e1ncsics Mih\u00e1ly utca", "ref": null, "oneway": false, "reversed": true, "length": 4.019959274941888, "from": "187", "to": "186", "bridge": null, "_key": "0", "access": null, "width": null}, "geometry": {"type": "LineString", "coordinates": [[19.113021599999996, 47.398518900000035], [19.113011499999995, 47.398554400000044]]}}, {"id": "(187, 196, 0)", "type": "Feature", "properties": {"_status": "original", "osmid": 158, "highway": "residential", "lanes": null, "maxspeed": null, "name": ["H\u0151s\u00f6k tere", "Kis-Duna utca"], "ref": null, "oneway": false, "reversed": true, "length": 368.25795787678646, "from": "196", "to": "187", "bridge": null, "_key": "0", "access": null, "width": null}, "geometry": {"type": "LineString", "coordinates": [[19.112739099999988, 47.39577300000003], [19.112673599999997, 47.395954500000045], [19.112650300000002, 47.39605260000003], [19.112586900000004, 47.39658860000002], [19.112572400000005, 47.396682599999984], [19.112529299999995, 47.39675530000003], [19.112397499999997, 47.39694740000004], [19.112356099999996, 47.39701039999999], [19.112290899999998, 47.3971041], [19.112255399999995, 47.39719840000005], [19.11213560000001, 47.398000100000026], [19.1121288, 47.39841310000002], [19.112254699999998, 47.398416400000016], [19.1123629, 47.398428000000024], [19.11250009999999, 47.39844269999998], [19.113021599999996, 47.398518900000035]]}}, {"id": "(196, 159, 0)", "type": "Feature", "properties": {"_status": "original", "osmid": 166, "highway": "tertiary", "lanes": null, "maxspeed": null, "name": "Vecs\u00e9s \u00fat", "ref": null, "oneway": false, "reversed": true, "length": 79.01860243577383, "from": "159", "to": "196", "bridge": null, "_key": "0", "access": null, "width": null}, "geometry": {"type": "LineString", "coordinates": [[19.111759200000005, 47.39563620000005], [19.1118574, 47.39559680000004], [19.111960900000003, 47.395582099999984], [19.1120537, 47.39559130000003], [19.112739099999988, 47.39577300000003]]}}, {"id": "(265, 257, 0)", "type": "Feature", "properties": {"_status": "changed", "osmid": 64, "highway": "primary", "lanes": "2", "maxspeed": "50", "name": "Haraszti \u00fat", "ref": "510", "oneway": false, "reversed": true, "length": 86.09747921244178, "from": "257", "to": "265", "bridge": null, "_key": "0", "access": null, "width": null}, "geometry": {"type": "LineString", "coordinates": [[19.11472456695455, 47.39169367966897], [19.114731399999997, 47.39170340000006], [19.1148213, 47.391848400000015], [19.115191, 47.392412400000005]]}}, {"id": "(265, 232, 0)", "type": "Feature", "properties": {"_status": "original", "osmid": 65, "highway": "residential", "lanes": null, "maxspeed": null, "name": "Rian\u00e1s utca", "ref": null, "oneway": false, "reversed": false, "length": 134.24125372095403, "from": "232", "to": "265", "bridge": null, "_key": "0", "access": null, "width": null}, "geometry": {"type": "LineString", "coordinates": [[19.113778899999996, 47.3931469], [19.113831700000006, 47.39310230000005], [19.115191, 47.392412400000005]]}}, {"id": "(257, 247, 0)", "type": "Feature", "properties": {"_status": "changed", "osmid": 89, "highway": "primary", "lanes": ["3", "4"], "maxspeed": "50", "name": "Haraszti \u00fat", "ref": "510", "oneway": false, "reversed": false, "length": 39.6383765324043, "from": "257", "to": "247", "bridge": null, "_key": "0", "access": null, "width": null}, "geometry": {"type": "LineString", "coordinates": [[19.11472456695455, 47.39169367966897], [19.1146436, 47.39157850000006], [19.114509099999996, 47.39140460000005], [19.114399900000002, 47.39126250000003]]}}, {"id": "(232, 209, 0)", "type": "Feature", "properties": {"_status": "original", "osmid": 168, "highway": "residential", "lanes": null, "maxspeed": null, "name": "L\u00e1va utca", "ref": null, "oneway": false, "reversed": true, "length": 163.82336203193427, "from": "232", "to": "209", "bridge": null, "_key": "0", "access": null, "width": null}, "geometry": {"type": "LineString", "coordinates": [[19.113778899999996, 47.3931469], [19.11282, 47.391896000000045], [19.112774799999997, 47.391839800000035]]}}, {"id": "(232, 231, 0)", "type": "Feature", "properties": {"_status": "original", "osmid": 169, "highway": "residential", "lanes": null, "maxspeed": null, "name": "L\u00e1va utca", "ref": null, "oneway": false, "reversed": false, "length": 60.344012349136676, "from": "232", "to": "231", "bridge": null, "_key": "0", "access": null, "width": null}, "geometry": {"type": "LineString", "coordinates": [[19.113778899999996, 47.3931469], [19.113799099999998, 47.393240700000035], [19.113821199999997, 47.39338960000001], [19.113835299999995, 47.39350080000004], [19.113840699999997, 47.39368740000002]]}}, {"id": "(77, 70, 0)", "type": "Feature", "properties": {"_status": "changed", "osmid": 66, "highway": "residential", "lanes": "2", "maxspeed": "30", "name": "Haraszti \u00fat", "ref": null, "oneway": false, "reversed": true, "length": 69.9169709226229, "from": "77", "to": "70", "bridge": null, "_key": "0", "access": null, "width": null}, "geometry": {"type": "LineString", "coordinates": [[19.10507859999999, 47.379758100000004], [19.104999599999996, 47.37966379999999], [19.104520199999996, 47.37912530000004]]}}, {"id": "(77, 79, 0)", "type": "Feature", "properties": {"_status": "original", "osmid": 67, "highway": "residential", "lanes": null, "maxspeed": "30", "name": "Haraszti \u00fat", "ref": null, "oneway": false, "reversed": false, "length": 76.99212543530906, "from": "77", "to": "79", "bridge": null, "_key": "0", "access": null, "width": null}, "geometry": {"type": "LineString", "coordinates": [[19.10507859999999, 47.379758100000004], [19.105593799999998, 47.380356200000016]]}}, {"id": "(77, 103, 0)", "type": "Feature", "properties": {"_status": "changed", "osmid": 68, "highway": "residential", "lanes": null, "maxspeed": "30", "name": "L\u00f3r\u00e9v utca", "ref": null, "oneway": false, "reversed": false, "length": 146.3069228275567, "from": "103", "to": "77", "bridge": null, "_key": "0", "access": null, "width": null}, "geometry": {"type": "LineString", "coordinates": [[19.106658300000003, 47.37868960000004], [19.105204099999998, 47.379562300000025], [19.10507859999999, 47.379758100000004]]}}, {"id": "(77, 71, 0)", "type": "Feature", "properties": {"_status": "original", "osmid": 69, "highway": "residential", "lanes": "2", "maxspeed": null, "name": null, "ref": null, "oneway": false, "reversed": true, "length": 25.191347052186146, "from": "71", "to": "77", "bridge": null, "_key": "0", "access": null, "width": null}, "geometry": {"type": "LineString", "coordinates": [[19.104791099999996, 47.37987350000006], [19.1049012, 47.37982810000004], [19.104945599999994, 47.37980930000003], [19.1049979, 47.379787100000016], [19.1050396, 47.3797745], [19.10507859999999, 47.379758100000004]]}}, {"id": "(70, 67, 0)", "type": "Feature", "properties": {"_status": "original", "osmid": 70, "highway": "residential", "lanes": "2", "maxspeed": "30", "name": "Haraszti \u00fat", "ref": null, "oneway": false, "reversed": true, "length": 69.08492012895093, "from": "70", "to": "67", "bridge": null, "_key": "0", "access": null, "width": null}, "geometry": {"type": "LineString", "coordinates": [[19.104520199999996, 47.37912530000004], [19.1043562, 47.37895260000004], [19.104152699999997, 47.3787383], [19.104024000000003, 47.37860270000002]]}}, {"id": "(70, 94, 0)", "type": "Feature", "properties": {"_status": "original", "osmid": 71, "highway": "residential", "lanes": null, "maxspeed": "30", "name": "Fels\u0151b\u00fcki Nagy P\u00e1l utca", "ref": null, "oneway": false, "reversed": true, "length": 152.64473457020972, "from": "94", "to": "70", "bridge": null, "_key": "0", "access": null, "width": null}, "geometry": {"type": "LineString", "coordinates": [[19.10602309999999, 47.37820399999998], [19.104520199999996, 47.37912530000004]]}}, {"id": "(79, 117, 0)", "type": "Feature", "properties": {"_status": "original", "osmid": 658, "highway": "residential", "lanes": null, "maxspeed": "30", "name": "R\u00e1ckeve utca", "ref": null, "oneway": true, "reversed": false, "length": 184.92221986001374, "from": "79", "to": "117", "bridge": null, "_key": "0", "access": null, "width": null}, "geometry": {"type": "LineString", "coordinates": [[19.105593799999998, 47.380356200000016], [19.107422799999995, 47.37924630000001]]}}, {"id": "(79, 128, 0)", "type": "Feature", "properties": {"_status": "original", "osmid": 651, "highway": "residential", "lanes": null, "maxspeed": "30", "name": ["Millennium utca", "Haraszti \u00fat"], "ref": null, "oneway": false, "reversed": true, "length": 285.3726990927631, "from": "128", "to": "79", "bridge": null, "_key": "0", "access": null, "width": null}, "geometry": {"type": "LineString", "coordinates": [[19.107938299999997, 47.37963930000002], [19.106774800000004, 47.380535200000025], [19.106172100000002, 47.38099929999999], [19.1061078, 47.38095890000001], [19.105593799999998, 47.380356200000016]]}}, {"id": "(103, 94, 0)", "type": "Feature", "properties": {"_status": "original", "osmid": 72, "highway": "residential", "lanes": null, "maxspeed": "30", "name": "Majosh\u00e1za utca", "ref": null, "oneway": false, "reversed": false, "length": 72.13270616303708, "from": "103", "to": "94", "bridge": null, "_key": "0", "access": null, "width": null}, "geometry": {"type": "LineString", "coordinates": [[19.106658300000003, 47.37868960000004], [19.10602309999999, 47.37820399999998]]}}, {"id": "(103, 117, 0)", "type": "Feature", "properties": {"_status": "original", "osmid": 73, "highway": "residential", "lanes": null, "maxspeed": "30", "name": "Majosh\u00e1za utca", "ref": null, "oneway": false, "reversed": true, "length": 84.53061858936451, "from": "103", "to": "117", "bridge": null, "_key": "0", "access": null, "width": null}, "geometry": {"type": "LineString", "coordinates": [[19.106658300000003, 47.37868960000004], [19.107422799999995, 47.37924630000001]]}}, {"id": "(103, 158, 0)", "type": "Feature", "properties": {"_status": "original", "osmid": 74, "highway": "residential", "lanes": null, "maxspeed": "30", "name": "L\u00f3r\u00e9v utca", "ref": null, "oneway": false, "reversed": true, "length": 185.94902875198792, "from": "103", "to": "158", "bridge": null, "_key": "0", "access": null, "width": null}, "geometry": {"type": "LineString", "coordinates": [[19.106658300000003, 47.37868960000004], [19.108493899999996, 47.37757090000002]]}}, {"id": "(71, 80, 0)", "type": "Feature", "properties": {"_status": "original", "osmid": 659, "highway": "primary", "lanes": ["3", "2"], "maxspeed": ["40", "70"], "name": "Haraszti \u00fat", "ref": "510", "oneway": false, "reversed": false, "length": 138.6012827780482, "from": "80", "to": "71", "bridge": null, "_key": "0", "access": null, "width": null}, "geometry": {"type": "LineString", "coordinates": [[19.10571729999999, 47.38095070000004], [19.105336299999994, 47.3805061], [19.104791099999996, 47.37987350000006]]}}, {"id": "(71, 60, 0)", "type": "Feature", "properties": {"_status": "original", "osmid": 118, "highway": "primary", "lanes": ["3", "2"], "maxspeed": ["40", "70"], "name": "Haraszti \u00fat", "ref": "510", "oneway": false, "reversed": true, "length": 330.98024316531064, "from": "60", "to": "71", "bridge": null, "_key": "0", "access": null, "width": null}, "geometry": {"type": "LineString", "coordinates": [[19.102479599999995, 47.37734190000004], [19.103341199999996, 47.378273500000056], [19.103377000000002, 47.37831240000004], [19.104330300000004, 47.37934940000003], [19.1044738, 47.379515499999975], [19.10465810000001, 47.379728900000046], [19.1047265, 47.37980110000001], [19.104791099999996, 47.37987350000006]]}}, {"id": "(67, 92, 0)", "type": "Feature", "properties": {"_status": "original", "osmid": 119, "highway": "residential", "lanes": "2", "maxspeed": "30", "name": "Haraszti \u00fat", "ref": null, "oneway": false, "reversed": true, "length": 54.940586962903225, "from": "67", "to": "92", "bridge": null, "_key": "0", "access": null, "width": null}, "geometry": {"type": "LineString", "coordinates": [[19.104024000000003, 47.37860270000002], [19.1037608, 47.37833040000005], [19.103626199999997, 47.37818850000002], [19.104918200000004, 47.3773111], [19.1051224, 47.377172400000056], [19.105464599999994, 47.37693999999999], [19.1054927, 47.376920900000016], [19.105720199999997, 47.37676640000003]]}}, {"id": "(67, 84, 0)", "type": "Feature", "properties": {"_status": "original", "osmid": 120, "highway": "residential", "lanes": null, "maxspeed": "30", "name": "D\u00e9l utca", "ref": null, "oneway": false, "reversed": false, "length": 142.10061080641842, "from": "84", "to": "67", "bridge": null, "_key": "0", "access": null, "width": null}, "geometry": {"type": "LineString", "coordinates": [[19.1053957, 47.37772500000002], [19.104024000000003, 47.37860270000002]]}}, {"id": "(94, 84, 0)", "type": "Feature", "properties": {"_status": "original", "osmid": 638, "highway": "residential", "lanes": null, "maxspeed": "30", "name": "Majosh\u00e1za utca", "ref": null, "oneway": false, "reversed": false, "length": 71.19422340800575, "from": "94", "to": "84", "bridge": null, "_key": "0", "access": null, "width": null}, "geometry": {"type": "LineString", "coordinates": [[19.10602309999999, 47.37820399999998], [19.1053957, 47.37772500000002]]}}, {"id": "(94, 143, 0)", "type": "Feature", "properties": {"_status": "original", "osmid": 653, "highway": "residential", "lanes": null, "maxspeed": "30", "name": "Fels\u0151b\u00fcki Nagy P\u00e1l utca", "ref": null, "oneway": false, "reversed": true, "length": 186.65226306255764, "from": "143", "to": "94", "bridge": null, "_key": "0", "access": null, "width": null}, "geometry": {"type": "LineString", "coordinates": [[19.107865399999994, 47.377080900000045], [19.10602309999999, 47.37820399999998]]}}, {"id": "(117, 180, 0)", "type": "Feature", "properties": {"_status": "original", "osmid": 650, "highway": "residential", "lanes": null, "maxspeed": "30", "name": "R\u00e1ckeve utca", "ref": null, "oneway": true, "reversed": false, "length": 184.8001604909791, "from": "117", "to": "180", "bridge": null, "_key": "0", "access": null, "width": null}, "geometry": {"type": "LineString", "coordinates": [[19.107422799999995, 47.37924630000001], [19.109244400000005, 47.37813250000001]]}}, {"id": "(117, 128, 0)", "type": "Feature", "properties": {"_status": "original", "osmid": 652, "highway": "residential", "lanes": null, "maxspeed": "30", "name": "Majosh\u00e1za utca", "ref": null, "oneway": false, "reversed": false, "length": 58.448419178502945, "from": "128", "to": "117", "bridge": null, "_key": "0", "access": null, "width": null}, "geometry": {"type": "LineString", "coordinates": [[19.107938299999997, 47.37963930000002], [19.107422799999995, 47.37924630000001]]}}, {"id": "(158, 233, 0)", "type": "Feature", "properties": {"_status": "original", "osmid": 648, "highway": "residential", "lanes": null, "maxspeed": "30", "name": "L\u00f3r\u00e9v utca", "ref": null, "oneway": false, "reversed": true, "length": 233.21866309691572, "from": "158", "to": "233", "bridge": null, "_key": "0", "access": null, "width": null}, "geometry": {"type": "LineString", "coordinates": [[19.108493899999996, 47.37757090000002], [19.1096221, 47.37688130000003], [19.11078180000001, 47.37615720000003]]}}, {"id": "(158, 143, 0)", "type": "Feature", "properties": {"_status": "original", "osmid": 657, "highway": "residential", "lanes": null, "maxspeed": "30", "name": "Csizmadia utca", "ref": null, "oneway": false, "reversed": true, "length": 72.16852335728703, "from": "158", "to": "143", "bridge": null, "_key": "0", "access": null, "width": null}, "geometry": {"type": "LineString", "coordinates": [[19.108493899999996, 47.37757090000002], [19.107865399999994, 47.377080900000045]]}}, {"id": "(158, 180, 0)", "type": "Feature", "properties": {"_status": "original", "osmid": 649, "highway": "residential", "lanes": null, "maxspeed": "30", "name": "Csizmadia utca", "ref": null, "oneway": false, "reversed": true, "length": 84.2203393939932, "from": "180", "to": "158", "bridge": null, "_key": "0", "access": null, "width": null}, "geometry": {"type": "LineString", "coordinates": [[19.109244400000005, 47.37813250000001], [19.108493899999996, 47.37757090000002]]}}, {"id": "(78, 99, 0)", "type": "Feature", "properties": {"_status": "changed", "osmid": 75, "highway": "residential", "lanes": "1", "maxspeed": "15", "name": "Moln\u00e1r utca", "ref": null, "oneway": false, "reversed": false, "length": 71.05754385848151, "from": "78", "to": "99", "bridge": null, "_key": "0", "access": null, "width": null}, "geometry": {"type": "LineString", "coordinates": [[19.10899939999999, 47.40019380000004], [19.1090144, 47.40016300000003], [19.109129499999995, 47.39991160000003], [19.109189500000003, 47.39977610000001], [19.109395399999997, 47.39936050000003], [19.1094102, 47.39929149999999], [19.109407499999993, 47.399245199999996], [19.109406091361095, 47.39923919173202], [19.1093928, 47.39918250000003], [19.109395064534517, 47.399170130291445], [19.1094021, 47.399131700000034], [19.109420659024977, 47.399090569328884], [19.10943803500241, 47.399052060482155], [19.109439936153844, 47.39904784712459], [19.1095057, 47.39890210000004], [19.109727799999998, 47.39844920000005], [19.1097691, 47.39834940000001], [19.109787799999992, 47.398292600000026]]}}, {"id": "(78, 36, 0)", "type": "Feature", "properties": {"_status": "original", "osmid": 76, "highway": "residential", "lanes": "1", "maxspeed": "15", "name": "Moln\u00e1r utca", "ref": null, "oneway": false, "reversed": false, "length": 898.2633682990099, "from": "78", "to": "36", "bridge": null, "_key": "0", "access": null, "width": null}, "geometry": {"type": "LineString", "coordinates": [[19.10899939999999, 47.40019380000004], [19.1086092, 47.40100800000003], [19.108457, 47.40132550000002], [19.108282299999992, 47.401690099999996], [19.108272899999992, 47.40170970000002], [19.108107599999993, 47.402041600000004], [19.108099199999998, 47.40205840000005], [19.107961500000002, 47.402334800000055], [19.107525700000004, 47.40320950000004], [19.107373899999995, 47.40351020000004], [19.107145799999994, 47.40397520000002], [19.1070547, 47.40416100000004], [19.106836599999998, 47.404621700000035], [19.106765799999998, 47.40475470000002], [19.1065845, 47.40509550000002], [19.1064885, 47.40532330000001], [19.106427599999996, 47.40546760000004], [19.106351200000002, 47.405626300000044], [19.1063039, 47.40572680000001], [19.106136599999996, 47.406032200000055], [19.105901900000003, 47.406417900000065], [19.10569269999999, 47.40678730000006], [19.105393599999996, 47.40732469999999], [19.105132099999988, 47.4077725], [19.105119599999995, 47.4078293]]}}, {"id": "(78, 61, 0)", "type": "Feature", "properties": {"_status": "original", "osmid": 77, "highway": "residential", "lanes": null, "maxspeed": null, "name": null, "ref": null, "oneway": false, "reversed": true, "length": 203.08548294515023, "from": "78", "to": "61", "bridge": null, "_key": "0", "access": null, "width": null}, "geometry": {"type": "LineString", "coordinates": [[19.10899939999999, 47.40019380000004], [19.108601399999998, 47.40008390000005], [19.1084838, 47.400070600000056], [19.1083755, 47.40008850000004], [19.10827919999999, 47.400137700000016], [19.107137100000003, 47.40117990000004]]}}, {"id": "(99, 159, 0)", "type": "Feature", "properties": {"_status": "original", "osmid": 78, "highway": "tertiary", "lanes": null, "maxspeed": null, "name": ["Meder utca", "Fels\u0151 Duna sor"], "ref": null, "oneway": false, "reversed": [false, true], "length": 409.5484349003027, "from": "99", "to": "159", "bridge": "yes", "_key": "0", "access": null, "width": null}, "geometry": {"type": "LineString", "coordinates": [[19.109787799999992, 47.398292600000026], [19.110527299999998, 47.39832210000002], [19.110593900000005, 47.39832310000001], [19.110976600000004, 47.398332000000046], [19.11107049999999, 47.39831849999999], [19.11118149999999, 47.39829610000003], [19.11126549999999, 47.39826030000004], [19.111298, 47.398232800000045], [19.111337699999993, 47.39819910000003], [19.111366100000005, 47.39814740000004], [19.111405200000004, 47.39802610000002], [19.111595899999998, 47.39655830000003], [19.11169359999999, 47.395735900000055], [19.11171280000001, 47.39568400000005], [19.111759200000005, 47.39563620000005]]}}, {"id": "(99, 81, 0)", "type": "Feature", "properties": {"_status": "original", "osmid": 79, "highway": "tertiary", "lanes": null, "maxspeed": "10", "name": "Meder utca", "ref": null, "oneway": false, "reversed": true, "length": 75.6643635207533, "from": "81", "to": "99", "bridge": null, "_key": "0", "access": null, "width": null}, "geometry": {"type": "LineString", "coordinates": [[19.108784899999996, 47.39824750000001], [19.1089214, 47.39824970000001], [19.109558299999986, 47.39828280000007], [19.109787799999992, 47.398292600000026]]}}, {"id": "(36, 31, 0)", "type": "Feature", "properties": {"_status": "original", "osmid": 735, "highway": "residential", "lanes": "1", "maxspeed": null, "name": "F\u0171zf\u00e1s utca", "ref": null, "oneway": false, "reversed": true, "length": 37.68903713528391, "from": "36", "to": "31", "bridge": null, "_key": "0", "access": null, "width": null}, "geometry": {"type": "LineString", "coordinates": [[19.105119599999995, 47.4078293], [19.104975900000003, 47.40777929999999], [19.104644699999998, 47.40772960000006]]}}, {"id": "(36, 30, 0)", "type": "Feature", "properties": {"_status": "original", "osmid": 741, "highway": "residential", "lanes": "1", "maxspeed": "15", "name": "Moln\u00e1r utca", "ref": null, "oneway": false, "reversed": false, "length": 72.37401289788241, "from": "30", "to": "36", "bridge": null, "_key": "0", "access": null, "width": null}, "geometry": {"type": "LineString", "coordinates": [[19.104684399999996, 47.408399300000006], [19.104731800000003, 47.40835709999999], [19.1049586, 47.40811450000007], [19.1050939, 47.40793820000005], [19.105122699999992, 47.40788009999999], [19.105119599999995, 47.4078293]]}}, {"id": "(36, 43, 0)", "type": "Feature", "properties": {"_status": "original", "osmid": 742, "highway": "residential", "lanes": "1", "maxspeed": null, "name": "F\u0171zf\u00e1s utca", "ref": null, "oneway": false, "reversed": true, "length": 53.832533057957065, "from": "43", "to": "36", "bridge": null, "_key": "0", "access": null, "width": null}, "geometry": {"type": "LineString", "coordinates": [[19.105777099999997, 47.408017600000036], [19.105508399999998, 47.40793720000004], [19.105339900000004, 47.40789560000002], [19.10522389999999, 47.407869200000036], [19.105119599999995, 47.4078293]]}}, {"id": "(61, 58, 0)", "type": "Feature", "properties": {"_status": "original", "osmid": 347, "highway": "residential", "lanes": "1", "maxspeed": null, "name": "V\u00f6lgyhaj\u00f3 utca", "ref": null, "oneway": false, "reversed": true, "length": 50.684508594246665, "from": "61", "to": "58", "bridge": null, "_key": "0", "access": null, "width": null}, "geometry": {"type": "LineString", "coordinates": [[19.107137100000003, 47.40117990000004], [19.1065217, 47.40099480000003]]}}, {"id": "(61, 55, 0)", "type": "Feature", "properties": {"_status": "original", "osmid": 696, "highway": "residential", "lanes": "1", "maxspeed": null, "name": "V\u00f6lgyhaj\u00f3 utca", "ref": null, "oneway": false, "reversed": true, "length": 98.67436573820177, "from": "55", "to": "61", "bridge": null, "_key": "0", "access": null, "width": null}, "geometry": {"type": "LineString", "coordinates": [[19.106462499999996, 47.401937000000025], [19.1066233, 47.40170670000002], [19.1067106, 47.401608100000004], [19.106911700000005, 47.40142469999999], [19.107022799999996, 47.40132520000004], [19.107137100000003, 47.40117990000004]]}}, {"id": "(159, 165, 0)", "type": "Feature", "properties": {"_status": "original", "osmid": 167, "highway": "residential", "lanes": null, "maxspeed": null, "name": "Vadevez\u0151s utca", "ref": null, "oneway": false, "reversed": true, "length": 123.07931678834449, "from": "165", "to": "159", "bridge": null, "_key": "0", "access": null, "width": null}, "geometry": {"type": "LineString", "coordinates": [[19.111738000000003, 47.39457250000007], [19.1117471, 47.39463770000003], [19.111752799999998, 47.39467910000002], [19.111701299999996, 47.394829800000025], [19.111626999999995, 47.39528000000001], [19.111602900000005, 47.39540110000002], [19.111610799999994, 47.39550040000002], [19.1116539, 47.39555870000001], [19.111759200000005, 47.39563620000005]]}}, {"id": "(81, 75, 0)", "type": "Feature", "properties": {"_status": "original", "osmid": 343, "highway": "tertiary", "lanes": null, "maxspeed": "10", "name": "Meder utca", "ref": null, "oneway": false, "reversed": false, "length": 39.029493352256424, "from": "81", "to": "75", "bridge": null, "_key": "0", "access": null, "width": null}, "geometry": {"type": "LineString", "coordinates": [[19.108784899999996, 47.39824750000001], [19.108592299999998, 47.39823260000003], [19.108271900000002, 47.398196999999996]]}}, {"id": "(81, 58, 0)", "type": "Feature", "properties": {"_status": "original", "osmid": 344, "highway": "residential", "lanes": null, "maxspeed": null, "name": null, "ref": null, "oneway": false, "reversed": true, "length": 357.4363997706308, "from": "58", "to": "81", "bridge": null, "_key": "0", "access": null, "width": null}, "geometry": {"type": "LineString", "coordinates": [[19.1065217, 47.40099480000003], [19.1074897, 47.399535700000044], [19.107724799999996, 47.39924410000004], [19.10818099999999, 47.3986782], [19.108612, 47.398537400000016], [19.108659199999998, 47.39848719999999], [19.1087584, 47.39831650000005], [19.108784899999996, 47.39824750000001]]}}, {"id": "(114, 153, 0)", "type": "Feature", "properties": {"_status": "changed", "osmid": 80, "highway": "residential", "lanes": "4", "maxspeed": "50", "name": "J\u00e1nos apostol utca", "ref": null, "oneway": false, "reversed": true, "length": 105.00841562508569, "from": "114", "to": "153", "bridge": null, "_key": "0", "access": null, "width": null}, "geometry": {"type": "LineString", "coordinates": [[19.108598499999996, 47.386440300000025], [19.10871639999999, 47.38636530000004], [19.108922700000004, 47.386230500000025], [19.109062299999994, 47.386151100000056], [19.109288899999996, 47.38602219999999], [19.109658300000003, 47.38582760000003], [19.10981322033467, 47.38577130102806]]}}, {"id": "(114, 145, 0)", "type": "Feature", "properties": {"_status": "original", "osmid": 81, "highway": "residential", "lanes": null, "maxspeed": null, "name": "V\u00e1g\u00f3 k\u00f6z", "ref": null, "oneway": false, "reversed": false, "length": 168.2387412668348, "from": "114", "to": "145", "bridge": null, "_key": "0", "access": null, "width": null}, "geometry": {"type": "LineString", "coordinates": [[19.108598499999996, 47.386440300000025], [19.1087489, 47.386565299999994], [19.109837000000006, 47.38769870000006]]}}, {"id": "(114, 96, 0)", "type": "Feature", "properties": {"_status": "original", "osmid": 82, "highway": "residential", "lanes": null, "maxspeed": "50", "name": "J\u00e1nos apostol utca", "ref": null, "oneway": false, "reversed": false, "length": 101.79343655367168, "from": "96", "to": "114", "bridge": null, "_key": "0", "access": null, "width": null}, "geometry": {"type": "LineString", "coordinates": [[19.1077035, 47.38712340000003], [19.108055099999998, 47.386887900000026], [19.1081576, 47.38682489999999], [19.10825579999999, 47.38673670000004], [19.108598499999996, 47.386440300000025]]}}, {"id": "(153, 119, 0)", "type": "Feature", "properties": {"_status": "changed", "osmid": 83, "highway": "primary", "lanes": ["3", "2", "5"], "maxspeed": ["50", "70"], "name": "Haraszti \u00fat", "ref": "510", "oneway": false, "reversed": false, "length": 213.74026736801977, "from": "153", "to": "119", "bridge": null, "_key": "0", "access": null, "width": null}, "geometry": {"type": "LineString", "coordinates": [[19.10981322033467, 47.38577130102806], [19.1097389, 47.38567660000005], [19.1094876, 47.38538290000003], [19.1094187, 47.38529520000004], [19.1092172, 47.38508050000003], [19.10886169999999, 47.3846425], [19.108339099999988, 47.38400480000005]]}}, {"id": "(153, 185, 0)", "type": "Feature", "properties": {"_status": "changed", "osmid": 84, "highway": "primary", "lanes": ["3", "2", "4"], "maxspeed": "50", "name": "Haraszti \u00fat", "ref": "510", "oneway": false, "reversed": true, "length": 166.69175097966, "from": "153", "to": "185", "bridge": null, "_key": "0", "access": null, "width": null}, "geometry": {"type": "LineString", "coordinates": [[19.10981322033467, 47.38577130102806], [19.109835899999993, 47.385800200000034], [19.1098805, 47.385857000000044], [19.1100186, 47.386004600000014], [19.110049999999998, 47.38603820000002], [19.11009779999999, 47.38609150000004], [19.110175099999996, 47.38617650000003], [19.110194300000003, 47.386200400000035], [19.110536699999997, 47.38665000000002], [19.1109182, 47.38707620000002], [19.1109887, 47.387153699999985]]}}, {"id": "(145, 185, 0)", "type": "Feature", "properties": {"_status": "original", "osmid": 87, "highway": "residential", "lanes": null, "maxspeed": null, "name": "P\u00e1l apostol utca", "ref": null, "oneway": false, "reversed": false, "length": 106.7282470509769, "from": "145", "to": "185", "bridge": null, "_key": "0", "access": null, "width": null}, "geometry": {"type": "LineString", "coordinates": [[19.109837000000006, 47.38769870000006], [19.110382599999998, 47.38736360000006], [19.11046199999999, 47.38733370000001], [19.110611599999995, 47.38727750000002], [19.1109887, 47.387153699999985]]}}, {"id": "(145, 113, 0)", "type": "Feature", "properties": {"_status": "original", "osmid": 685, "highway": "residential", "lanes": null, "maxspeed": null, "name": "P\u00e1l apostol utca", "ref": null, "oneway": false, "reversed": true, "length": 102.52644306551831, "from": "145", "to": "113", "bridge": null, "_key": "0", "access": null, "width": null}, "geometry": {"type": "LineString", "coordinates": [[19.109837000000006, 47.38769870000006], [19.109492500000005, 47.387939200000034], [19.109384299999988, 47.38801689999999], [19.109087399999996, 47.38827000000004], [19.1089238, 47.388381300000034]]}}, {"id": "(96, 95, 0)", "type": "Feature", "properties": {"_status": "original", "osmid": 665, "highway": "residential", "lanes": null, "maxspeed": "50", "name": "J\u00e1nos apostol utca", "ref": null, "oneway": false, "reversed": true, "length": 4.584879092457594, "from": "96", "to": "95", "bridge": null, "_key": "0", "access": null, "width": null}, "geometry": {"type": "LineString", "coordinates": [[19.1077035, 47.38712340000003], [19.1076576, 47.38715050000002]]}}, {"id": "(96, 113, 0)", "type": "Feature", "properties": {"_status": "original", "osmid": 683, "highway": "residential", "lanes": null, "maxspeed": null, "name": null, "ref": null, "oneway": false, "reversed": false, "length": 167.34368702904467, "from": "96", "to": "113", "bridge": null, "_key": "0", "access": null, "width": null}, "geometry": {"type": "LineString", "coordinates": [[19.1077035, 47.38712340000003], [19.1089238, 47.388381300000034]]}}, {"id": "(119, 80, 0)", "type": "Feature", "properties": {"_status": "original", "osmid": 85, "highway": "primary", "lanes": ["3", "2"], "maxspeed": "70", "name": "Haraszti \u00fat", "ref": "510", "oneway": false, "reversed": false, "length": 392.83078444923484, "from": "119", "to": "80", "bridge": null, "_key": "0", "access": null, "width": null}, "geometry": {"type": "LineString", "coordinates": [[19.108339099999988, 47.38400480000005], [19.107641599999994, 47.38322180000001], [19.107053699999994, 47.382507900000064], [19.106579199999995, 47.38195380000005], [19.106464700000004, 47.381821599999995], [19.10571729999999, 47.38095070000004]]}}, {"id": "(119, 104, 0)", "type": "Feature", "properties": {"_status": "original", "osmid": 86, "highway": "residential", "lanes": null, "maxspeed": null, "name": "Jakab apostol utca", "ref": null, "oneway": false, "reversed": false, "length": 54.73617275524646, "from": "104", "to": "119", "bridge": null, "_key": "0", "access": null, "width": null}, "geometry": {"type": "LineString", "coordinates": [[19.1077027, 47.384242800000045], [19.1080122, 47.384126800000004], [19.108339099999988, 47.38400480000005]]}}, {"id": "(185, 206, 0)", "type": "Feature", "properties": {"_status": "original", "osmid": 88, "highway": "primary", "lanes": "2", "maxspeed": "70", "name": "Haraszti \u00fat", "ref": "510", "oneway": false, "reversed": false, "length": 139.26027251469668, "from": "206", "to": "185", "bridge": null, "_key": "0", "access": null, "width": null}, "geometry": {"type": "LineString", "coordinates": [[19.111937899999994, 47.38822859999999], [19.111509200000004, 47.387733499999996], [19.1109887, 47.387153699999985]]}}, {"id": "(80, 42, 0)", "type": "Feature", "properties": {"_status": "original", "osmid": 660, "highway": "residential", "lanes": null, "maxspeed": null, "name": ["\u00c9gerfa utca", "F\u0171zfa k\u00f6z"], "ref": null, "oneway": false, "reversed": false, "length": 535.8433509480508, "from": "42", "to": "80", "bridge": null, "_key": "0", "access": null, "width": null}, "geometry": {"type": "LineString", "coordinates": [[19.1008381, 47.38017580000001], [19.1018486, 47.38128860000001], [19.102679000000002, 47.3822253], [19.105224599999996, 47.38115740000002], [19.10571729999999, 47.38095070000004]]}}, {"id": "(104, 73, 0)", "type": "Feature", "properties": {"_status": "original", "osmid": 681, "highway": "residential", "lanes": null, "maxspeed": null, "name": "Jakab apostol utca", "ref": null, "oneway": false, "reversed": true, "length": 173.8697035310264, "from": "73", "to": "104", "bridge": null, "_key": "0", "access": null, "width": null}, "geometry": {"type": "LineString", "coordinates": [[19.105754599999997, 47.385081700000065], [19.1063981, 47.38478320000004], [19.1077027, 47.384242800000045]]}}, {"id": "(104, 108, 0)", "type": "Feature", "properties": {"_status": "original", "osmid": 682, "highway": "residential", "lanes": null, "maxspeed": null, "name": "Csodaszarvas utca", "ref": null, "oneway": false, "reversed": false, "length": 76.5152005559898, "from": "108", "to": "104", "bridge": null, "_key": "0", "access": null, "width": null}, "geometry": {"type": "LineString", "coordinates": [[19.107975399999994, 47.38484040000005], [19.10780449999999, 47.384709000000036], [19.107639599999995, 47.3845178], [19.107603299999994, 47.38447440000002], [19.1076663, 47.384301600000015], [19.1077027, 47.384242800000045]]}}, {"id": "(206, 247, 0)", "type": "Feature", "properties": {"_status": "original", "osmid": 91, "highway": "primary", "lanes": "2", "maxspeed": ["50", "70"], "name": "Haraszti \u00fat", "ref": "510", "oneway": false, "reversed": false, "length": 385.0478012089387, "from": "247", "to": "206", "bridge": null, "_key": "0", "access": null, "width": null}, "geometry": {"type": "LineString", "coordinates": [[19.114399900000002, 47.39126250000003], [19.114236799999993, 47.39106190000002], [19.113963799999997, 47.39066270000004], [19.1129331, 47.38942540000004], [19.111937899999994, 47.38822859999999]]}}, {"id": "(206, 161, 0)", "type": "Feature", "properties": {"_status": "original", "osmid": 686, "highway": "residential", "lanes": null, "maxspeed": null, "name": "P\u00e9ter apostol utca", "ref": null, "oneway": false, "reversed": false, "length": 124.46870134541439, "from": "161", "to": "206", "bridge": null, "_key": "0", "access": null, "width": null}, "geometry": {"type": "LineString", "coordinates": [[19.110579900000005, 47.38884400000002], [19.1108962, 47.388615400000056], [19.110981699999996, 47.388568600000006], [19.11117000000001, 47.38848960000006], [19.111937899999994, 47.38822859999999]]}}, {"id": "(247, 209, 0)", "type": "Feature", "properties": {"_status": "original", "osmid": 92, "highway": "residential", "lanes": null, "maxspeed": null, "name": "V\u00e1g\u00f3 utca", "ref": null, "oneway": false, "reversed": false, "length": 138.1526444033085, "from": "209", "to": "247", "bridge": null, "_key": "0", "access": null, "width": null}, "geometry": {"type": "LineString", "coordinates": [[19.112774799999997, 47.391839800000035], [19.1142154, 47.39132800000003], [19.1142426, 47.39131840000006], [19.114252, 47.391315100000014], [19.114399900000002, 47.39126250000003]]}}, {"id": "(209, 204, 0)", "type": "Feature", "properties": {"_status": "original", "osmid": 691, "highway": "residential", "lanes": null, "maxspeed": null, "name": "V\u00e1g\u00f3 utca", "ref": null, "oneway": false, "reversed": true, "length": 22.232073633867653, "from": "209", "to": "204", "bridge": null, "_key": "0", "access": null, "width": null}, "geometry": {"type": "LineString", "coordinates": [[19.112774799999997, 47.391839800000035], [19.112511599999998, 47.39193050000003]]}}, {"id": "(329, 311, 0)", "type": "Feature", "properties": {"_status": "original", "osmid": 604, "highway": "residential", "lanes": null, "maxspeed": null, "name": "Szent Istv\u00e1n utca", "ref": null, "oneway": false, "reversed": false, "length": 96.5182322871244, "from": "311", "to": "329", "bridge": null, "_key": "0", "access": null, "width": null}, "geometry": {"type": "LineString", "coordinates": [[19.116766699999996, 47.38988029999999], [19.117702699999995, 47.38928710000007]]}}, {"id": "(329, 324, 0)", "type": "Feature", "properties": {"_status": "original", "osmid": 605, "highway": "residential", "lanes": null, "maxspeed": null, "name": "Hunyadi utca", "ref": null, "oneway": false, "reversed": true, "length": 29.26797190365106, "from": "324", "to": "329", "bridge": null, "_key": "0", "access": null, "width": null}, "geometry": {"type": "LineString", "coordinates": [[19.117394900000004, 47.389126300000044], [19.117702699999995, 47.38928710000007]]}}, {"id": "(281, 301, 0)", "type": "Feature", "properties": {"_status": "original", "osmid": 98, "highway": "residential", "lanes": null, "maxspeed": null, "name": "H\u0151s\u00f6k tere", "ref": null, "oneway": true, "reversed": false, "length": 82.28213258807855, "from": "301", "to": "281", "bridge": null, "_key": "0", "access": null, "width": null}, "geometry": {"type": "LineString", "coordinates": [[19.117801899999993, 47.39950320000004], [19.117692199999993, 47.39938220000001], [19.116914499999993, 47.399237299999996], [19.116840400000005, 47.399223500000055]]}}, {"id": "(238, 258, 0)", "type": "Feature", "properties": {"_status": "original", "osmid": 329, "highway": "residential", "lanes": null, "maxspeed": "30", "name": "Erzs\u00e9bet utca", "ref": null, "oneway": false, "reversed": true, "length": 84.59127440565408, "from": "258", "to": "238", "bridge": null, "_key": "0", "access": null, "width": null}, "geometry": {"type": "LineString", "coordinates": [[19.116808100000004, 47.403087], [19.115764700000003, 47.40293190000003], [19.11571019999999, 47.40292410000004]]}}, {"id": "(238, 188, 0)", "type": "Feature", "properties": {"_status": "original", "osmid": 330, "highway": "residential", "lanes": null, "maxspeed": null, "name": "Erzs\u00e9bet utca", "ref": null, "oneway": false, "reversed": false, "length": 149.4575186561225, "from": "188", "to": "238", "bridge": null, "_key": "0", "access": null, "width": null}, "geometry": {"type": "LineString", "coordinates": [[19.113776499999993, 47.402618100000026], [19.115652999999995, 47.40291510000002], [19.11571019999999, 47.40292410000004]]}}, {"id": "(291, 301, 0)", "type": "Feature", "properties": {"_status": "original", "osmid": 224, "highway": "residential", "lanes": null, "maxspeed": null, "name": "Szikes utca", "ref": null, "oneway": false, "reversed": false, "length": 35.50454143847459, "from": "301", "to": "291", "bridge": null, "_key": "0", "access": null, "width": null}, "geometry": {"type": "LineString", "coordinates": [[19.117801899999993, 47.39950320000004], [19.117784599999997, 47.399531400000015], [19.117621400000004, 47.399798200000035]]}}, {"id": "(291, 307, 0)", "type": "Feature", "properties": {"_status": "original", "osmid": 349, "highway": "tertiary", "lanes": null, "maxspeed": null, "name": "H\u0151s\u00f6k tere", "ref": null, "oneway": false, "reversed": true, "length": 59.843281889021114, "from": "307", "to": "291", "bridge": null, "_key": "0", "access": null, "width": null}, "geometry": {"type": "LineString", "coordinates": [[19.118355699999988, 47.400004600000045], [19.117621400000004, 47.399798200000035]]}}, {"id": "(301, 326, 0)", "type": "Feature", "properties": {"_status": "original", "osmid": 218, "highway": "residential", "lanes": null, "maxspeed": null, "name": "Szikes utca", "ref": null, "oneway": false, "reversed": true, "length": 238.88978273846567, "from": "301", "to": "326", "bridge": null, "_key": "0", "access": null, "width": null}, "geometry": {"type": "LineString", "coordinates": [[19.117801899999993, 47.39950320000004], [19.1180944, 47.39895500000005], [19.118293000000005, 47.39859900000001], [19.118485899999992, 47.39833490000005], [19.11908459999999, 47.39754209999999]]}}, {"id": "(531, 538, 0)", "type": "Feature", "properties": {"_status": "changed", "osmid": 102, "highway": "tertiary", "lanes": "2", "maxspeed": "50", "name": "\u00dajtelep \u00fat", "ref": null, "oneway": false, "reversed": false, "length": 92.14949978949241, "from": "531", "to": "538", "bridge": null, "_key": "0", "access": null, "width": null}, "geometry": {"type": "LineString", "coordinates": [[19.136306999999995, 47.417233900000056], [19.136481000000003, 47.41738949999999], [19.137418199999995, 47.41792300000006]]}}, {"id": "(531, 529, 0)", "type": "Feature", "properties": {"_status": "original", "osmid": 103, "highway": "residential", "lanes": null, "maxspeed": null, "name": "Hrivn\u00e1k P\u00e1l utca", "ref": null, "oneway": false, "reversed": false, "length": 11.046057014419727, "from": "531", "to": "529", "bridge": null, "_key": "0", "access": null, "width": null}, "geometry": {"type": "LineString", "coordinates": [[19.136306999999995, 47.417233900000056], [19.1361997, 47.41730170000001]]}}, {"id": "(531, 525, 0)", "type": "Feature", "properties": {"_status": "original", "osmid": 104, "highway": "tertiary", "lanes": null, "maxspeed": "50", "name": "\u00dajtelep \u00fat", "ref": null, "oneway": true, "reversed": false, "length": 86.47362302291327, "from": "525", "to": "531", "bridge": null, "_key": "0", "access": null, "width": null}, "geometry": {"type": "LineString", "coordinates": [[19.135509300000002, 47.416676300000056], [19.1355571, 47.41670720000001], [19.1361126, 47.417065900000054], [19.136306999999995, 47.417233900000056]]}}, {"id": "(531, 545, 0)", "type": "Feature", "properties": {"_status": "original", "osmid": 105, "highway": "residential", "lanes": null, "maxspeed": "30", "name": "Hrivn\u00e1k P\u00e1l utca", "ref": null, "oneway": false, "reversed": false, "length": 146.38648386996354, "from": "545", "to": "531", "bridge": null, "_key": "0", "access": null, "width": null}, "geometry": {"type": "LineString", "coordinates": [[19.1376438, 47.41627740000005], [19.137468899999995, 47.41640119999998], [19.136306999999995, 47.417233900000056]]}}, {"id": "(538, 548, 0)", "type": "Feature", "properties": {"_status": "original", "osmid": 106, "highway": "residential", "lanes": null, "maxspeed": "30", "name": "Maros utca", "ref": null, "oneway": false, "reversed": false, "length": 119.82571453578016, "from": "548", "to": "538", "bridge": null, "_key": "0", "access": null, "width": null}, "geometry": {"type": "LineString", "coordinates": [[19.138522000000002, 47.41714620000004], [19.137418199999995, 47.41792300000006]]}}, {"id": "(538, 546, 0)", "type": "Feature", "properties": {"_status": "original", "osmid": 107, "highway": "tertiary", "lanes": "2", "maxspeed": "50", "name": "\u00dajtelep \u00fat", "ref": null, "oneway": false, "reversed": false, "length": 113.61079834047646, "from": "546", "to": "538", "bridge": null, "_key": "0", "access": null, "width": null}, "geometry": {"type": "LineString", "coordinates": [[19.138529799999993, 47.41861450000004], [19.138427500000002, 47.4185523], [19.137418199999995, 47.41792300000006]]}}, {"id": "(538, 514, 0)", "type": "Feature", "properties": {"_status": "original", "osmid": 108, "highway": "residential", "lanes": null, "maxspeed": "30", "name": "Maros utca", "ref": null, "oneway": false, "reversed": true, "length": 274.0201643231468, "from": "514", "to": "538", "bridge": null, "_key": "0", "access": null, "width": null}, "geometry": {"type": "LineString", "coordinates": [[19.134924099999996, 47.41971880000003], [19.137418199999995, 47.41792300000006]]}}, {"id": "(529, 523, 0)", "type": "Feature", "properties": {"_status": "original", "osmid": 381, "highway": "tertiary", "lanes": null, "maxspeed": "50", "name": "\u00dajtelep \u00fat", "ref": null, "oneway": true, "reversed": false, "length": 84.35033091042456, "from": "529", "to": "523", "bridge": null, "_key": "0", "access": null, "width": null}, "geometry": {"type": "LineString", "coordinates": [[19.1361997, 47.41730170000001], [19.136036400000005, 47.417216600000025], [19.1354017, 47.41683890000002], [19.1353494, 47.416807700000035]]}}, {"id": "(529, 516, 0)", "type": "Feature", "properties": {"_status": "original", "osmid": 390, "highway": "residential", "lanes": null, "maxspeed": "30", "name": "Hrivn\u00e1k P\u00e1l utca", "ref": null, "oneway": false, "reversed": true, "length": 140.91153098668303, "from": "516", "to": "529", "bridge": null, "_key": "0", "access": null, "width": null}, "geometry": {"type": "LineString", "coordinates": [[19.134898599999996, 47.41821319999999], [19.1361997, 47.41730170000001]]}}, {"id": "(525, 504, 0)", "type": "Feature", "properties": {"_status": "original", "osmid": 378, "highway": "tertiary", "lanes": null, "maxspeed": "50", "name": "\u00dajtelep \u00fat", "ref": null, "oneway": true, "reversed": false, "length": 218.8945716876679, "from": "504", "to": "525", "bridge": null, "_key": "0", "access": null, "width": null}, "geometry": {"type": "LineString", "coordinates": [[19.133251600000005, 47.41543480000001], [19.135509300000002, 47.416676300000056]]}}, {"id": "(525, 523, 0)", "type": "Feature", "properties": {"_status": "original", "osmid": 380, "highway": "residential", "lanes": null, "maxspeed": null, "name": "Dinnyehegyi \u00fat", "ref": null, "oneway": false, "reversed": true, "length": 18.92695232855313, "from": "523", "to": "525", "bridge": null, "_key": "0", "access": null, "width": null}, "geometry": {"type": "LineString", "coordinates": [[19.1353494, 47.416807700000035], [19.135509300000002, 47.416676300000056]]}}, {"id": "(525, 530, 0)", "type": "Feature", "properties": {"_status": "original", "osmid": 385, "highway": "residential", "lanes": null, "maxspeed": "30", "name": "Dinnyehegyi \u00fat", "ref": null, "oneway": false, "reversed": false, "length": 68.4011928220577, "from": "530", "to": "525", "bridge": null, "_key": "0", "access": null, "width": null}, "geometry": {"type": "LineString", "coordinates": [[19.136070199999992, 47.41619220000005], [19.135509300000002, 47.416676300000056]]}}, {"id": "(545, 534, 0)", "type": "Feature", "properties": {"_status": "original", "osmid": 405, "highway": "residential", "lanes": null, "maxspeed": "30", "name": "Dinnyehegyi k\u00f6z", "ref": null, "oneway": false, "reversed": true, "length": 95.95343421684761, "from": "534", "to": "545", "bridge": null, "_key": "0", "access": null, "width": null}, "geometry": {"type": "LineString", "coordinates": [[19.136673799999997, 47.41571720000004], [19.1376438, 47.41627740000005]]}}, {"id": "(545, 549, 0)", "type": "Feature", "properties": {"_status": "original", "osmid": 401, "highway": "residential", "lanes": null, "maxspeed": "30", "name": "Hrivn\u00e1k P\u00e1l utca", "ref": null, "oneway": false, "reversed": false, "length": 75.75740332667876, "from": "549", "to": "545", "bridge": null, "_key": "0", "access": null, "width": null}, "geometry": {"type": "LineString", "coordinates": [[19.138346999999996, 47.41578979999999], [19.1376438, 47.41627740000005]]}}, {"id": "(548, 552, 0)", "type": "Feature", "properties": {"_status": "original", "osmid": 144, "highway": "residential", "lanes": null, "maxspeed": "30", "name": "\u00cdrisz utca", "ref": null, "oneway": true, "reversed": false, "length": 115.58689978494647, "from": "548", "to": "552", "bridge": null, "_key": "0", "access": null, "width": null}, "geometry": {"type": "LineString", "coordinates": [[19.138522000000002, 47.41714620000004], [19.13964909999999, 47.41773640000004], [19.1396765, 47.41775330000006], [19.13973119999999, 47.41778700000002]]}}, {"id": "(548, 555, 0)", "type": "Feature", "properties": {"_status": "original", "osmid": 146, "highway": "residential", "lanes": null, "maxspeed": "30", "name": "Maros utca", "ref": null, "oneway": false, "reversed": true, "length": 310.4291426536005, "from": "548", "to": "555", "bridge": null, "_key": "0", "access": null, "width": null}, "geometry": {"type": "LineString", "coordinates": [[19.138522000000002, 47.41714620000004], [19.139894500000008, 47.416144200000055], [19.14130919999999, 47.4150879]]}}, {"id": "(548, 541, 0)", "type": "Feature", "properties": {"_status": "original", "osmid": 232, "highway": "residential", "lanes": null, "maxspeed": "30", "name": "\u00cdrisz utca", "ref": null, "oneway": false, "reversed": false, "length": 108.2228427932161, "from": "541", "to": "548", "bridge": null, "_key": "0", "access": null, "width": null}, "geometry": {"type": "LineString", "coordinates": [[19.137532399999998, 47.416439900000036], [19.138522000000002, 47.41714620000004]]}}, {"id": "(546, 552, 0)", "type": "Feature", "properties": {"_status": "original", "osmid": 145, "highway": "tertiary", "lanes": "2", "maxspeed": "50", "name": "K\u00f6ves \u00fat", "ref": null, "oneway": false, "reversed": true, "length": 128.98589640962092, "from": "546", "to": "552", "bridge": null, "_key": "0", "access": null, "width": null}, "geometry": {"type": "LineString", "coordinates": [[19.138529799999993, 47.41861450000004], [19.13973119999999, 47.41778700000002]]}}, {"id": "(514, 499, 0)", "type": "Feature", "properties": {"_status": "original", "osmid": 389, "highway": "residential", "lanes": null, "maxspeed": "30", "name": "Mesgye utca", "ref": null, "oneway": false, "reversed": false, "length": 117.16733564618467, "from": "499", "to": "514", "bridge": null, "_key": "0", "access": null, "width": null}, "geometry": {"type": "LineString", "coordinates": [[19.1337257, 47.41904590000003], [19.134924099999996, 47.41971880000003]]}}, {"id": "(34, 72, 0)", "type": "Feature", "properties": {"_status": "original", "osmid": 112, "highway": "residential", "lanes": null, "maxspeed": "15", "name": "Horg\u00e1sz part", "ref": null, "oneway": false, "reversed": true, "length": 322.1884290950313, "from": "34", "to": "72", "bridge": null, "_key": "0", "access": null, "width": null}, "geometry": {"type": "LineString", "coordinates": [[19.09974829999999, 47.37886750000004], [19.0996538, 47.37892239999999], [19.0996153, 47.378958400000016], [19.099565, 47.37901560000006], [19.099464399999995, 47.37909009999998], [19.099349999999994, 47.37916350000002], [19.1000678, 47.38014090000005], [19.1002445, 47.38042310000004], [19.100379699999998, 47.38057290000007], [19.1005273, 47.380732200000004], [19.102529099999998, 47.38297850000004], [19.1037717, 47.38437280000006], [19.106059299999995, 47.38682160000003]]}}, {"id": "(34, 60, 0)", "type": "Feature", "properties": {"_status": "original", "osmid": 113, "highway": "residential", "lanes": null, "maxspeed": null, "name": "Horg\u00e1sz part k\u00f6z", "ref": null, "oneway": false, "reversed": false, "length": 267.17028878484297, "from": "34", "to": "60", "bridge": null, "_key": "0", "access": null, "width": null}, "geometry": {"type": "LineString", "coordinates": [[19.09974829999999, 47.37886750000004], [19.100903299999995, 47.37828760000005], [19.101154100000002, 47.378169499999984], [19.1012794, 47.37811040000005], [19.1014048, 47.37803660000002], [19.10202479999999, 47.37764850000003], [19.102479599999995, 47.37734190000004]]}}, {"id": "(34, 37, 0)", "type": "Feature", "properties": {"_status": "original", "osmid": 114, "highway": "residential", "lanes": null, "maxspeed": null, "name": "Sz\u0151l\u0151f\u00fcrt k\u00f6z", "ref": null, "oneway": false, "reversed": false, "length": 79.81651836438667, "from": "37", "to": "34", "bridge": null, "_key": "0", "access": null, "width": null}, "geometry": {"type": "LineString", "coordinates": [[19.1002058, 47.3795032], [19.099778100000005, 47.379009400000015], [19.099761899999997, 47.378983500000025], [19.099751999999995, 47.37896040000004], [19.099745000000006, 47.37889960000005], [19.09974829999999, 47.37886750000004]]}}, {"id": "(72, 89, 0)", "type": "Feature", "properties": {"_status": "original", "osmid": 115, "highway": "residential", "lanes": null, "maxspeed": null, "name": "J\u00e1nos apostol utca", "ref": null, "oneway": true, "reversed": false, "length": 122.7024230871512, "from": "72", "to": "89", "bridge": null, "_key": "0", "access": null, "width": null}, "geometry": {"type": "LineString", "coordinates": [[19.106059299999995, 47.38682160000003], [19.106119400000008, 47.38678120000003], [19.106220000000004, 47.38675970000001], [19.10628700000001, 47.38675280000003], [19.106344399999994, 47.386757000000024], [19.1064041, 47.38677510000006], [19.107130099999996, 47.38728560000002], [19.107225499999995, 47.38732810000006], [19.107311600000003, 47.38733990000001]]}}, {"id": "(72, 86, 0)", "type": "Feature", "properties": {"_status": "original", "osmid": 116, "highway": "residential", "lanes": null, "maxspeed": "20", "name": "Horg\u00e1sz part", "ref": null, "oneway": false, "reversed": true, "length": 183.22118180626745, "from": "86", "to": "72", "bridge": null, "_key": "0", "access": "destination", "width": null}, "geometry": {"type": "LineString", "coordinates": [[19.107330399999995, 47.38822570000005], [19.107151799999993, 47.38801640000001], [19.10687769999999, 47.38772840000001], [19.1065716, 47.38740520000006], [19.1063117, 47.387136800000036], [19.106059299999995, 47.38682160000003]]}}, {"id": "(60, 39, 0)", "type": "Feature", "properties": {"_status": "original", "osmid": 117, "highway": "primary", "lanes": "2", "maxspeed": "70", "name": "Haraszti \u00fat", "ref": "510", "oneway": false, "reversed": true, "length": 83.61870162665029, "from": "39", "to": "60", "bridge": null, "_key": "0", "access": null, "width": null}, "geometry": {"type": "LineString", "coordinates": [[19.1000568, 47.37773650000002], [19.10100909999999, 47.37716070000001], [19.101068500000004, 47.37717530000002], [19.1011242, 47.37716000000001], [19.101824599999986, 47.376740600000026], [19.101881699999996, 47.37670820000003], [19.102479599999995, 47.37734190000004]]}}, {"id": "(89, 86, 0)", "type": "Feature", "properties": {"_status": "original", "osmid": 661, "highway": "residential", "lanes": null, "maxspeed": null, "name": null, "ref": null, "oneway": true, "reversed": false, "length": 109.41692636609991, "from": "89", "to": "86", "bridge": null, "_key": "0", "access": null, "width": null}, "geometry": {"type": "LineString", "coordinates": [[19.107311600000003, 47.38733990000001], [19.107338999999993, 47.387469500000016], [19.107554199999996, 47.38788720000002], [19.107596099999995, 47.38796040000003], [19.107607500000004, 47.387990500000015], [19.107595600000003, 47.38800530000004], [19.107330399999995, 47.38822570000005]]}}, {"id": "(89, 95, 0)", "type": "Feature", "properties": {"_status": "original", "osmid": 663, "highway": "residential", "lanes": null, "maxspeed": "50", "name": "J\u00e1nos apostol utca", "ref": null, "oneway": false, "reversed": true, "length": 33.62189526048867, "from": "95", "to": "89", "bridge": null, "_key": "0", "access": null, "width": null}, "geometry": {"type": "LineString", "coordinates": [[19.1076576, 47.38715050000002], [19.107475700000002, 47.38726670000001], [19.107311600000003, 47.38733990000001]]}}, {"id": "(86, 110, 0)", "type": "Feature", "properties": {"_status": "original", "osmid": 662, "highway": "residential", "lanes": null, "maxspeed": "20", "name": "Horg\u00e1sz part", "ref": null, "oneway": false, "reversed": true, "length": 421.6612102186154, "from": "110", "to": "86", "bridge": null, "_key": "0", "access": "destination", "width": null}, "geometry": {"type": "LineString", "coordinates": [[19.1093485, 47.39175570000001], [19.109287, 47.39156190000004], [19.109246599999995, 47.39143470000004], [19.108207199999992, 47.38952580000005], [19.10795749999999, 47.389147000000015], [19.107753400000004, 47.388834700000004], [19.107548200000004, 47.38853780000002], [19.107330399999995, 47.38822570000005]]}}, {"id": "(84, 123, 0)", "type": "Feature", "properties": {"_status": "original", "osmid": 639, "highway": "residential", "lanes": null, "maxspeed": "30", "name": "D\u00e9l utca", "ref": null, "oneway": false, "reversed": false, "length": 185.38646329163674, "from": "123", "to": "84", "bridge": null, "_key": "0", "access": null, "width": null}, "geometry": {"type": "LineString", "coordinates": [[19.107160800000006, 47.37656270000002], [19.106390300000005, 47.377070100000054], [19.1053957, 47.37772500000002]]}}, {"id": "(69, 83, 0)", "type": "Feature", "properties": {"_status": "original", "osmid": 121, "highway": "residential", "lanes": null, "maxspeed": null, "name": "Bolyai J\u00e1nos utca", "ref": null, "oneway": false, "reversed": false, "length": 170.24260056471593, "from": "69", "to": "83", "bridge": null, "_key": "0", "access": null, "width": null}, "geometry": {"type": "LineString", "coordinates": [[19.1115851, 47.4204517], [19.1114869, 47.420532000000016], [19.1130678, 47.42162740000002]]}}, {"id": "(83, 102, 0)", "type": "Feature", "properties": {"_status": "original", "osmid": 122, "highway": "tertiary", "lanes": "2", "maxspeed": null, "name": "V\u00e1g\u00f3h\u00edd utca", "ref": null, "oneway": false, "reversed": false, "length": 66.88213523387468, "from": "83", "to": "102", "bridge": null, "_key": "0", "access": null, "width": null}, "geometry": {"type": "LineString", "coordinates": [[19.1130678, 47.42162740000002], [19.1136169, 47.42201630000006], [19.11367559999999, 47.422057800000026], [19.114205799999993, 47.42157500000001]]}}, {"id": "(83, 91, 0)", "type": "Feature", "properties": {"_status": "original", "osmid": 123, "highway": "residential", "lanes": null, "maxspeed": null, "name": "Bolyai J\u00e1nos k\u00f6z", "ref": null, "oneway": false, "reversed": false, "length": 54.84974672496887, "from": "91", "to": "83", "bridge": null, "_key": "0", "access": null, "width": null}, "geometry": {"type": "LineString", "coordinates": [[19.1135011, 47.421230700000024], [19.1130678, 47.42162740000002]]}}, {"id": "(102, 91, 0)", "type": "Feature", "properties": {"_status": "original", "osmid": 125, "highway": "residential", "lanes": null, "maxspeed": null, "name": "K\u00e1roly k\u00f6z", "ref": null, "oneway": false, "reversed": false, "length": 65.39569863122692, "from": "91", "to": "102", "bridge": null, "_key": "0", "access": null, "width": null}, "geometry": {"type": "LineString", "coordinates": [[19.1135011, 47.421230700000024], [19.114205799999993, 47.42157500000001]]}}, {"id": "(102, 115, 0)", "type": "Feature", "properties": {"_status": "original", "osmid": 124, "highway": "tertiary", "lanes": "2", "maxspeed": null, "name": "V\u00e1g\u00f3h\u00edd utca", "ref": null, "oneway": false, "reversed": false, "length": 72.46682474621782, "from": "115", "to": "102", "bridge": null, "_key": "0", "access": null, "width": null}, "geometry": {"type": "LineString", "coordinates": [[19.114778300000005, 47.42105090000005], [19.114205799999993, 47.42157500000001]]}}, {"id": "(91, 105, 0)", "type": "Feature", "properties": {"_status": "original", "osmid": 338, "highway": "pedestrian", "lanes": null, "maxspeed": null, "name": "Erd\u0151 s\u00e9t\u00e1ny", "ref": null, "oneway": false, "reversed": true, "length": 81.57956513932588, "from": "105", "to": "91", "bridge": null, "_key": "0", "access": null, "width": null}, "geometry": {"type": "LineString", "coordinates": [[19.114181999999996, 47.420767700000034], [19.1136611, 47.42122830000004], [19.11355869999999, 47.42117620000003], [19.1135011, 47.421230700000024]]}}, {"id": "(115, 134, 0)", "type": "Feature", "properties": {"_status": "original", "osmid": 336, "highway": "tertiary", "lanes": "2", "maxspeed": null, "name": "V\u00e1g\u00f3h\u00edd utca", "ref": null, "oneway": false, "reversed": true, "length": 70.85027894090067, "from": "115", "to": "134", "bridge": null, "_key": "0", "access": null, "width": null}, "geometry": {"type": "LineString", "coordinates": [[19.114778300000005, 47.42105090000005], [19.115343400000004, 47.42054120000001]]}}, {"id": "(115, 105, 0)", "type": "Feature", "properties": {"_status": "original", "osmid": 337, "highway": "residential", "lanes": null, "maxspeed": null, "name": "Pacsirta k\u00f6z", "ref": null, "oneway": false, "reversed": true, "length": 54.81172847556401, "from": "115", "to": "105", "bridge": null, "_key": "0", "access": null, "width": null}, "geometry": {"type": "LineString", "coordinates": [[19.114778300000005, 47.42105090000005], [19.114181999999996, 47.420767700000034]]}}, {"id": "(252, 184, 0)", "type": "Feature", "properties": {"_status": "original", "osmid": 126, "highway": "tertiary", "lanes": "2", "maxspeed": "50", "name": "K\u00f6nyves utca", "ref": null, "oneway": false, "reversed": false, "length": 38.578386688276744, "from": "252", "to": "184", "bridge": null, "_key": "0", "access": null, "width": null}, "geometry": {"type": "LineString", "coordinates": [[19.11847959999999, 47.41343510000004], [19.118493299999997, 47.4135262], [19.118485, 47.41360140000003], [19.118449399999996, 47.41368420000002], [19.1173775, 47.414770600000026], [19.117190699999995, 47.41495450000004], [19.116880000000005, 47.41527330000002], [19.1168341, 47.41531250000001], [19.116737099999998, 47.415369500000054], [19.116403100000007, 47.415570500000015], [19.116053099999995, 47.41577160000001], [19.116026599999994, 47.41580310000006]]}}, {"id": "(252, 249, 0)", "type": "Feature", "properties": {"_status": "original", "osmid": 127, "highway": "tertiary", "lanes": "2", "maxspeed": "50", "name": "K\u00f6nyves utca", "ref": null, "oneway": false, "reversed": true, "length": 60.055625981084376, "from": "252", "to": "249", "bridge": null, "_key": "0", "access": null, "width": null}, "geometry": {"type": "LineString", "coordinates": [[19.11847959999999, 47.41343510000004], [19.118352499999993, 47.412901899999994]]}}, {"id": "(252, 339, 0)", "type": "Feature", "properties": {"_status": "original", "osmid": 128, "highway": "residential", "lanes": null, "maxspeed": null, "name": "K\u0151 utca", "ref": null, "oneway": false, "reversed": false, "length": 428.81222599067775, "from": "339", "to": "252", "bridge": null, "_key": "0", "access": null, "width": null}, "geometry": {"type": "LineString", "coordinates": [[19.121763399999992, 47.410336], [19.121264200000006, 47.41083890000005], [19.121217999999995, 47.41088550000002], [19.120605799999996, 47.411502400000046], [19.1205061, 47.411602799999976], [19.118746100000003, 47.4133761], [19.1186577, 47.41341660000005], [19.11856269999999, 47.41342830000001], [19.11847959999999, 47.41343510000004]]}}, {"id": "(184, 198, 0)", "type": "Feature", "properties": {"_status": "original", "osmid": 129, "highway": "tertiary", "lanes": null, "maxspeed": null, "name": "Als\u00f3 hat\u00e1r\u00fat", "ref": null, "oneway": false, "reversed": true, "length": 314.7345424283467, "from": "198", "to": "184", "bridge": null, "_key": "0", "access": null, "width": null}, "geometry": {"type": "LineString", "coordinates": [[19.116957999999993, 47.41905080000003], [19.1176811, 47.41838480000002], [19.117704200000002, 47.41834350000002], [19.117694499999992, 47.41829920000002], [19.11727399999999, 47.41767220000004], [19.116762699999992, 47.41690300000006], [19.1163694, 47.416330700000046], [19.116275300000005, 47.41619230000004], [19.116053400000002, 47.41586890000004], [19.1160292, 47.41583409999999], [19.116026599999994, 47.41580310000006]]}}, {"id": "(184, 167, 0)", "type": "Feature", "properties": {"_status": "original", "osmid": 130, "highway": "residential", "lanes": null, "maxspeed": null, "name": "T\u00f6r\u00f6k utca", "ref": null, "oneway": false, "reversed": true, "length": 113.63549782558502, "from": "167", "to": "184", "bridge": null, "_key": "0", "access": null, "width": null}, "geometry": {"type": "LineString", "coordinates": [[19.115357, 47.41488730000007], [19.115403, 47.41494070000004], [19.11594120000001, 47.415691200000055], [19.116026599999994, 47.41580310000006]]}}, {"id": "(249, 201, 0)", "type": "Feature", "properties": {"_status": "original", "osmid": 362, "highway": "residential", "lanes": null, "maxspeed": null, "name": "Gombosszeg k\u00f6z", "ref": null, "oneway": false, "reversed": true, "length": 174.14096569117905, "from": "249", "to": "201", "bridge": null, "_key": "0", "access": null, "width": null}, "geometry": {"type": "LineString", "coordinates": [[19.118352499999993, 47.412901899999994], [19.118295599999993, 47.41291199999999], [19.118262599999998, 47.41291780000001], [19.1161139, 47.41329909999998]]}}, {"id": "(249, 256, 0)", "type": "Feature", "properties": {"_status": "original", "osmid": 363, "highway": "tertiary", "lanes": "2", "maxspeed": "50", "name": "K\u00f6nyves utca", "ref": null, "oneway": false, "reversed": false, "length": 72.80478683260925, "from": "256", "to": "249", "bridge": null, "_key": "0", "access": null, "width": null}, "geometry": {"type": "LineString", "coordinates": [[19.1183587, 47.41225010000002], [19.118337900000004, 47.412388900000025], [19.1183159, 47.41253580000002], [19.118311899999995, 47.412640100000026], [19.118325999999996, 47.412742299999984], [19.118352499999993, 47.412901899999994]]}}, {"id": "(339, 349, 0)", "type": "Feature", "properties": {"_status": "original", "osmid": 366, "highway": "residential", "lanes": null, "maxspeed": null, "name": "Ugarsz\u00e9l \u00fat", "ref": null, "oneway": false, "reversed": false, "length": 43.91954944681474, "from": "339", "to": "349", "bridge": null, "_key": "0", "access": null, "width": null}, "geometry": {"type": "LineString", "coordinates": [[19.121763399999992, 47.410336], [19.121875900000003, 47.41019450000001], [19.12203439999999, 47.40998620000002]]}}, {"id": "(339, 269, 0)", "type": "Feature", "properties": {"_status": "original", "osmid": 367, "highway": "residential", "lanes": null, "maxspeed": null, "name": "T\u00f3szeg utca", "ref": null, "oneway": false, "reversed": false, "length": 244.7297454847277, "from": "269", "to": "339", "bridge": null, "_key": "0", "access": null, "width": null}, "geometry": {"type": "LineString", "coordinates": [[19.11863849999999, 47.41090720000002], [19.11870129999999, 47.41091680000003], [19.1215956, 47.41040220000005], [19.1216715, 47.41038020000003], [19.121763399999992, 47.410336]]}}, {"id": "(198, 174, 0)", "type": "Feature", "properties": {"_status": "original", "osmid": 131, "highway": "tertiary", "lanes": "2", "maxspeed": null, "name": "V\u00e1g\u00f3h\u00edd utca", "ref": null, "oneway": false, "reversed": true, "length": 67.99311577766878, "from": "174", "to": "198", "bridge": null, "_key": "0", "access": null, "width": null}, "geometry": {"type": "LineString", "coordinates": [[19.116425200000002, 47.41954470000005], [19.116957999999993, 47.41905080000003]]}}, {"id": "(198, 156, 0)", "type": "Feature", "properties": {"_status": "original", "osmid": 132, "highway": "residential", "lanes": null, "maxspeed": null, "name": "Vez\u00e9r utca", "ref": null, "oneway": false, "reversed": false, "length": 142.5337766156393, "from": "156", "to": "198", "bridge": null, "_key": "0", "access": null, "width": null}, "geometry": {"type": "LineString", "coordinates": [[19.1155814, 47.418170200000056], [19.116890900000005, 47.41900950000004], [19.1169118, 47.41902230000004], [19.116957999999993, 47.41905080000003]]}}, {"id": "(167, 151, 0)", "type": "Feature", "properties": {"_status": "original", "osmid": 170, "highway": "residential", "lanes": null, "maxspeed": null, "name": "T\u00f6ml\u0151s utca", "ref": null, "oneway": false, "reversed": false, "length": 51.415480698893305, "from": "151", "to": "167", "bridge": null, "_key": "0", "access": null, "width": null}, "geometry": {"type": "LineString", "coordinates": [[19.114999599999997, 47.415281400000026], [19.115357, 47.41488730000007]]}}, {"id": "(167, 149, 0)", "type": "Feature", "properties": {"_status": "original", "osmid": 171, "highway": "residential", "lanes": null, "maxspeed": null, "name": "T\u00f6r\u00f6k utca", "ref": null, "oneway": false, "reversed": true, "length": 66.29141261626785, "from": "149", "to": "167", "bridge": null, "_key": "0", "access": null, "width": null}, "geometry": {"type": "LineString", "coordinates": [[19.114802900000004, 47.414423900000045], [19.1153101, 47.41484370000004], [19.115357, 47.41488730000007]]}}, {"id": "(174, 155, 0)", "type": "Feature", "properties": {"_status": "original", "osmid": 174, "highway": "tertiary", "lanes": "2", "maxspeed": null, "name": "V\u00e1g\u00f3h\u00edd utca", "ref": null, "oneway": false, "reversed": true, "length": 66.64831410431435, "from": "155", "to": "174", "bridge": null, "_key": "0", "access": null, "width": null}, "geometry": {"type": "LineString", "coordinates": [[19.1159049, 47.420029800000016], [19.116425200000002, 47.41954470000005]]}}, {"id": "(174, 142, 0)", "type": "Feature", "properties": {"_status": "original", "osmid": 175, "highway": ["residential", "pedestrian"], "lanes": null, "maxspeed": null, "name": ["\u00c1brah\u00e1m G\u00e9za k\u00f6z", "Erd\u0151 s\u00e9t\u00e1ny"], "ref": null, "oneway": false, "reversed": false, "length": 139.2070152762017, "from": "142", "to": "174", "bridge": null, "_key": "0", "access": null, "width": null}, "geometry": {"type": "LineString", "coordinates": [[19.115370300000002, 47.419741400000014], [19.115704800000003, 47.41944530000005], [19.115592999999997, 47.41938060000001], [19.11581379999999, 47.419195200000004], [19.116375599999998, 47.419517800000044], [19.116425200000002, 47.41954470000005]]}}, {"id": "(275, 300, 0)", "type": "Feature", "properties": {"_status": "original", "osmid": 133, "highway": "residential", "lanes": null, "maxspeed": "30", "name": "Als\u00f3 hat\u00e1r\u00fat", "ref": null, "oneway": false, "reversed": true, "length": 52.95568990335714, "from": "275", "to": "300", "bridge": null, "_key": "0", "access": null, "width": null}, "geometry": {"type": "LineString", "coordinates": [[19.120234999999994, 47.41941440000004], [19.119699799999996, 47.419105100000046], [19.1209984, 47.41774450000004]]}}, {"id": "(275, 284, 0)", "type": "Feature", "properties": {"_status": "original", "osmid": 134, "highway": "residential", "lanes": null, "maxspeed": "30", "name": "Als\u00f3 hat\u00e1r\u00fat", "ref": null, "oneway": false, "reversed": true, "length": 57.38172912725754, "from": "275", "to": "284", "bridge": null, "_key": "0", "access": null, "width": null}, "geometry": {"type": "LineString", "coordinates": [[19.120234999999994, 47.41941440000004], [19.1208077, 47.419755200000004]]}}, {"id": "(275, 310, 0)", "type": "Feature", "properties": {"_status": "original", "osmid": 135, "highway": "residential", "lanes": null, "maxspeed": "30", "name": "Borona utca", "ref": null, "oneway": false, "reversed": true, "length": 179.71591405652134, "from": "310", "to": "275", "bridge": null, "_key": "0", "access": null, "width": null}, "geometry": {"type": "LineString", "coordinates": [[19.121682399999994, 47.41812869999998], [19.120234999999994, 47.41941440000004]]}}, {"id": "(300, 310, 0)", "type": "Feature", "properties": {"_status": "original", "osmid": 137, "highway": "residential", "lanes": null, "maxspeed": "30", "name": "Tartsay utca", "ref": null, "oneway": false, "reversed": true, "length": 66.88521576596791, "from": "310", "to": "300", "bridge": null, "_key": "0", "access": null, "width": null}, "geometry": {"type": "LineString", "coordinates": [[19.121682399999994, 47.41812869999998], [19.1209984, 47.41774450000004]]}}, {"id": "(300, 342, 0)", "type": "Feature", "properties": {"_status": "original", "osmid": 136, "highway": "residential", "lanes": null, "maxspeed": "30", "name": "Temet\u0151 sor", "ref": null, "oneway": false, "reversed": true, "length": 261.2135824999082, "from": "342", "to": "300", "bridge": null, "_key": "0", "access": null, "width": null}, "geometry": {"type": "LineString", "coordinates": [[19.122811300000006, 47.415741100000005], [19.12122549999999, 47.41749760000007], [19.1209984, 47.41774450000004]]}}, {"id": "(284, 319, 0)", "type": "Feature", "properties": {"_status": "original", "osmid": 190, "highway": "tertiary", "lanes": "2", "maxspeed": null, "name": "K\u00fcls\u0151 V\u00f6r\u00f6smarty utca", "ref": null, "oneway": false, "reversed": true, "length": 180.58019666476682, "from": "319", "to": "284", "bridge": null, "_key": "0", "access": null, "width": null}, "geometry": {"type": "LineString", "coordinates": [[19.1223465, 47.418508900000056], [19.1208077, 47.419755200000004]]}}, {"id": "(284, 297, 0)", "type": "Feature", "properties": {"_status": "original", "osmid": 370, "highway": "residential", "lanes": null, "maxspeed": "30", "name": "Als\u00f3 hat\u00e1r\u00fat", "ref": null, "oneway": false, "reversed": false, "length": 54.370601176145506, "from": "297", "to": "284", "bridge": null, "_key": "0", "access": null, "width": null}, "geometry": {"type": "LineString", "coordinates": [[19.121352699999996, 47.420076300000034], [19.1208077, 47.419755200000004]]}}, {"id": "(310, 319, 0)", "type": "Feature", "properties": {"_status": "original", "osmid": 192, "highway": "residential", "lanes": null, "maxspeed": "30", "name": "Tartsay utca", "ref": null, "oneway": false, "reversed": false, "length": 65.45167491528258, "from": "310", "to": "319", "bridge": null, "_key": "0", "access": null, "width": null}, "geometry": {"type": "LineString", "coordinates": [[19.121682399999994, 47.41812869999998], [19.1223465, 47.418508900000056]]}}, {"id": "(310, 362, 0)", "type": "Feature", "properties": {"_status": "original", "osmid": 186, "highway": "residential", "lanes": null, "maxspeed": "30", "name": "Borona utca", "ref": null, "oneway": false, "reversed": true, "length": 257.18269979795787, "from": "362", "to": "310", "bridge": null, "_key": "0", "access": null, "width": null}, "geometry": {"type": "LineString", "coordinates": [[19.1238465, 47.416338400000015], [19.121682399999994, 47.41812869999998]]}}, {"id": "(342, 413, 0)", "type": "Feature", "properties": {"_status": "original", "osmid": 185, "highway": "residential", "lanes": null, "maxspeed": "30", "name": ["Temet\u0151 sor", "Fatimai utca"], "ref": null, "oneway": false, "reversed": false, "length": 350.8098881647299, "from": "342", "to": "413", "bridge": null, "_key": "0", "access": null, "width": null}, "geometry": {"type": "LineString", "coordinates": [[19.122811300000006, 47.415741100000005], [19.122939399999996, 47.41560740000008], [19.123539199999996, 47.41503449999998], [19.1244918, 47.41412480000003], [19.12476979999999, 47.413814500000036], [19.125711299999995, 47.41432380000003]]}}, {"id": "(342, 362, 0)", "type": "Feature", "properties": {"_status": "original", "osmid": 187, "highway": "residential", "lanes": null, "maxspeed": "30", "name": "Vasf\u0171 utca", "ref": null, "oneway": false, "reversed": false, "length": 102.36301047164574, "from": "362", "to": "342", "bridge": null, "_key": "0", "access": null, "width": null}, "geometry": {"type": "LineString", "coordinates": [[19.1238465, 47.416338400000015], [19.122811300000006, 47.415741100000005]]}}, {"id": "(372, 388, 0)", "type": "Feature", "properties": {"_status": "original", "osmid": 138, "highway": "residential", "lanes": null, "maxspeed": "50", "name": "Szent L\u00e1szl\u00f3 utca", "ref": null, "oneway": false, "reversed": true, "length": 37.39729063369235, "from": "372", "to": "388", "bridge": null, "_key": "0", "access": null, "width": null}, "geometry": {"type": "LineString", "coordinates": [[19.1253799, 47.42209350000003], [19.125090199999995, 47.422366800000006], [19.12519809999999, 47.42243260000003], [19.12606359999999, 47.42295430000001], [19.1261299, 47.42299430000002]]}}, {"id": "(372, 385, 0)", "type": "Feature", "properties": {"_status": "original", "osmid": 139, "highway": "residential", "lanes": null, "maxspeed": "50", "name": "Szent L\u00e1szl\u00f3 utca", "ref": null, "oneway": false, "reversed": false, "length": 58.397433326900156, "from": "372", "to": "385", "bridge": null, "_key": "0", "access": null, "width": null}, "geometry": {"type": "LineString", "coordinates": [[19.1253799, 47.42209350000003], [19.1258465, 47.421673800000036]]}}, {"id": "(372, 312, 0)", "type": "Feature", "properties": {"_status": "original", "osmid": 140, "highway": "residential", "lanes": null, "maxspeed": "30", "name": "\u00c1rv\u00edz utca", "ref": null, "oneway": false, "reversed": false, "length": 319.16759057236567, "from": "312", "to": "372", "bridge": null, "_key": "0", "access": null, "width": null}, "geometry": {"type": "LineString", "coordinates": [[19.122153499999996, 47.42022980000005], [19.1253799, 47.42209350000003]]}}, {"id": "(388, 427, 0)", "type": "Feature", "properties": {"_status": "original", "osmid": 141, "highway": "residential", "lanes": null, "maxspeed": "30", "name": "Szil\u00e1gyi Dezs\u0151 utca", "ref": null, "oneway": false, "reversed": true, "length": 189.65422850783608, "from": "388", "to": "427", "bridge": null, "_key": "0", "access": null, "width": null}, "geometry": {"type": "LineString", "coordinates": [[19.1261299, 47.42299430000002], [19.1277701, 47.421699100000026]]}}, {"id": "(385, 406, 0)", "type": "Feature", "properties": {"_status": "original", "osmid": 278, "highway": "residential", "lanes": null, "maxspeed": ["50", "30"], "name": "Szent L\u00e1szl\u00f3 utca", "ref": null, "oneway": false, "reversed": false, "length": 92.76900065967425, "from": "385", "to": "406", "bridge": null, "_key": "0", "access": null, "width": null}, "geometry": {"type": "LineString", "coordinates": [[19.1258465, 47.421673800000036], [19.126389999999994, 47.42120920000002], [19.126621099999998, 47.421024800000005]]}}, {"id": "(385, 321, 0)", "type": "Feature", "properties": {"_status": "original", "osmid": 280, "highway": "residential", "lanes": null, "maxspeed": "30", "name": "B\u00e9ke utca", "ref": null, "oneway": false, "reversed": false, "length": 316.44565175814125, "from": "321", "to": "385", "bridge": null, "_key": "0", "access": null, "width": null}, "geometry": {"type": "LineString", "coordinates": [[19.122633199999992, 47.41983750000004], [19.1258465, 47.421673800000036]]}}, {"id": "(312, 321, 0)", "type": "Feature", "properties": {"_status": "original", "osmid": 281, "highway": "residential", "lanes": null, "maxspeed": "30", "name": "Ny\u00edr utca", "ref": null, "oneway": false, "reversed": true, "length": 56.616483327433855, "from": "312", "to": "321", "bridge": null, "_key": "0", "access": null, "width": null}, "geometry": {"type": "LineString", "coordinates": [[19.122153499999996, 47.42022980000005], [19.122633199999992, 47.41983750000004]]}}, {"id": "(312, 297, 0)", "type": "Feature", "properties": {"_status": "original", "osmid": 371, "highway": "residential", "lanes": null, "maxspeed": "30", "name": ["Ny\u00edr utca", "Als\u00f3 hat\u00e1r\u00fat"], "ref": null, "oneway": false, "reversed": false, "length": 82.94646258446306, "from": "312", "to": "297", "bridge": null, "_key": "0", "access": null, "width": null}, "geometry": {"type": "LineString", "coordinates": [[19.122153499999996, 47.42022980000005], [19.121939199999996, 47.42040730000003], [19.121352699999996, 47.420076300000034]]}}, {"id": "(427, 406, 0)", "type": "Feature", "properties": {"_status": "original", "osmid": 277, "highway": "tertiary", "lanes": "2", "maxspeed": "50", "name": "Tartsay utca", "ref": null, "oneway": false, "reversed": true, "length": 114.43128835061866, "from": "427", "to": "406", "bridge": null, "_key": "0", "access": null, "width": null}, "geometry": {"type": "LineString", "coordinates": [[19.1277701, 47.421699100000026], [19.126621099999998, 47.421024800000005]]}}, {"id": "(427, 470, 0)", "type": "Feature", "properties": {"_status": "original", "osmid": 265, "highway": "residential", "lanes": null, "maxspeed": "30", "name": "Szil\u00e1gyi Dezs\u0151 utca", "ref": null, "oneway": false, "reversed": false, "length": 334.9512645727862, "from": "470", "to": "427", "bridge": null, "_key": "0", "access": null, "width": null}, "geometry": {"type": "LineString", "coordinates": [[19.1307078, 47.41943570000002], [19.1277701, 47.421699100000026]]}}, {"id": "(552, 555, 0)", "type": "Feature", "properties": {"_status": "original", "osmid": 143, "highway": "secondary", "lanes": "2", "maxspeed": "70", "name": "Szentl\u0151rinci \u00fat", "ref": null, "oneway": false, "reversed": false, "length": 123.8448094511409, "from": "552", "to": "555", "bridge": null, "_key": "0", "access": null, "width": null}, "geometry": {"type": "LineString", "coordinates": [[19.13973119999999, 47.41778700000002], [19.1412145, 47.416764300000025], [19.141334100000005, 47.41668200000004], [19.141805900000005, 47.416357200000036], [19.142049300000004, 47.416181200000025], [19.142418499999994, 47.415914300000054], [19.142557899999993, 47.41581350000002], [19.14130919999999, 47.4150879]]}}, {"id": "(555, 554, 0)", "type": "Feature", "properties": {"_status": "original", "osmid": 147, "highway": "secondary", "lanes": null, "maxspeed": "70", "name": "Szentl\u0151rinci \u00fat", "ref": null, "oneway": false, "reversed": false, "length": 106.74939204631409, "from": "554", "to": "555", "bridge": null, "_key": "0", "access": null, "width": null}, "geometry": {"type": "LineString", "coordinates": [[19.1402319, 47.4144633], [19.140625899999993, 47.414697000000004], [19.1406649, 47.41472010000004], [19.14130919999999, 47.4150879]]}}, {"id": "(554, 553, 0)", "type": "Feature", "properties": {"_status": "original", "osmid": 233, "highway": "secondary", "lanes": null, "maxspeed": "70", "name": "Szentl\u0151rinci \u00fat", "ref": null, "oneway": false, "reversed": true, "length": 113.95012896871246, "from": "554", "to": "553", "bridge": null, "_key": "0", "access": null, "width": null}, "geometry": {"type": "LineString", "coordinates": [[19.1402319, 47.4144633], [19.139071299999998, 47.41380499999998]]}}, {"id": "(554, 551, 0)", "type": "Feature", "properties": {"_status": "original", "osmid": 234, "highway": "residential", "lanes": null, "maxspeed": "30", "name": "Hrivn\u00e1k P\u00e1l utca", "ref": null, "oneway": false, "reversed": true, "length": 129.06890138609043, "from": "551", "to": "554", "bridge": null, "_key": "0", "access": null, "width": null}, "geometry": {"type": "LineString", "coordinates": [[19.13904159999999, 47.41529909999999], [19.1402319, 47.4144633]]}}, {"id": "(570, 571, 0)", "type": "Feature", "properties": {"_status": "original", "osmid": 148, "highway": "residential", "lanes": null, "maxspeed": null, "name": "Majori \u00fat", "ref": null, "oneway": false, "reversed": true, "length": 16.77663698093262, "from": "570", "to": "571", "bridge": null, "_key": "0", "access": null, "width": null}, "geometry": {"type": "LineString", "coordinates": [[19.162078299999994, 47.38889610000001], [19.162161299999998, 47.38881640000002], [19.16220969999999, 47.388774300000016], [19.162238600000006, 47.388739400000006], [19.162273900000002, 47.38868210000001], [19.162317300000005, 47.38863160000002], [19.162348799999997, 47.38860720000003], [19.162386799999993, 47.38859970000004], [19.162269300000002, 47.38847150000001]]}}, {"id": "(570, 568, 0)", "type": "Feature", "properties": {"_status": "original", "osmid": 149, "highway": "residential", "lanes": null, "maxspeed": null, "name": null, "ref": null, "oneway": false, "reversed": false, "length": 80.3176805056748, "from": "568", "to": "570", "bridge": null, "_key": "0", "access": null, "width": null}, "geometry": {"type": "LineString", "coordinates": [[19.161708699999995, 47.3893339], [19.161972500000005, 47.3892792], [19.162171799999996, 47.38916380000001], [19.162263299999996, 47.38909770000007], [19.162273599999995, 47.38908060000006], [19.162287800000005, 47.389056999999994], [19.1622817, 47.38902690000003], [19.162229599999996, 47.38897210000002], [19.162143999999998, 47.38892340000003], [19.162078299999994, 47.38889610000001]]}}, {"id": "(570, 567, 0)", "type": "Feature", "properties": {"_status": "original", "osmid": 150, "highway": "tertiary", "lanes": null, "maxspeed": null, "name": "Majori \u00fat", "ref": null, "oneway": false, "reversed": false, "length": 54.279800673489035, "from": "567", "to": "570", "bridge": null, "_key": "0", "access": null, "width": null}, "geometry": {"type": "LineString", "coordinates": [[19.161598200000007, 47.389260300000046], [19.161797899999993, 47.38910880000003], [19.1618952, 47.389035000000035], [19.161962300000003, 47.38898410000003], [19.162078299999994, 47.38889610000001]]}}, {"id": "(568, 569, 0)", "type": "Feature", "properties": {"_status": "original", "osmid": 195, "highway": "residential", "lanes": null, "maxspeed": null, "name": "V\u00edztorony t\u00e9r", "ref": null, "oneway": false, "reversed": true, "length": 38.25171825233201, "from": "568", "to": "569", "bridge": null, "_key": "0", "access": null, "width": null}, "geometry": {"type": "LineString", "coordinates": [[19.161708699999995, 47.3893339], [19.162069099999993, 47.3895764]]}}, {"id": "(568, 567, 0)", "type": "Feature", "properties": {"_status": "original", "osmid": 196, "highway": "residential", "lanes": null, "maxspeed": null, "name": "V\u00edztorony t\u00e9r", "ref": null, "oneway": false, "reversed": false, "length": 11.66938988989211, "from": "568", "to": "567", "bridge": null, "_key": "0", "access": null, "width": null}, "geometry": {"type": "LineString", "coordinates": [[19.161708699999995, 47.3893339], [19.161598200000007, 47.389260300000046]]}}, {"id": "(567, 566, 0)", "type": "Feature", "properties": {"_status": "original", "osmid": 197, "highway": "tertiary", "lanes": "2", "maxspeed": null, "name": "Majori \u00fat", "ref": null, "oneway": false, "reversed": false, "length": 126.6603784655268, "from": "566", "to": "567", "bridge": null, "_key": "0", "access": null, "width": null}, "geometry": {"type": "LineString", "coordinates": [[19.160451399999996, 47.39009380000002], [19.1608944, 47.38977190000001], [19.161598200000007, 47.389260300000046]]}}, {"id": "(76, 65, 0)", "type": "Feature", "properties": {"_status": "original", "osmid": 318, "highway": "residential", "lanes": null, "maxspeed": null, "name": "Dob\u00f3 utca", "ref": null, "oneway": false, "reversed": true, "length": 66.42136562801021, "from": "76", "to": "65", "bridge": null, "_key": "0", "access": null, "width": null}, "geometry": {"type": "LineString", "coordinates": [[19.1101925, 47.40883720000005], [19.11005759999999, 47.40885160000006], [19.109766299999997, 47.40889060000001], [19.1096513, 47.408908100000005], [19.109548400000005, 47.408929000000036], [19.109472799999992, 47.408947200000014], [19.10940409999999, 47.40896710000007], [19.109344900000004, 47.408990900000035]]}}, {"id": "(76, 74, 0)", "type": "Feature", "properties": {"_status": "original", "osmid": 319, "highway": "residential", "lanes": null, "maxspeed": null, "name": "Fels\u0151 Duna sor", "ref": null, "oneway": false, "reversed": false, "length": 85.72240401079527, "from": "74", "to": "76", "bridge": null, "_key": "0", "access": null, "width": null}, "geometry": {"type": "LineString", "coordinates": [[19.110184500000003, 47.40960810000006], [19.1101925, 47.40883720000005]]}}, {"id": "(76, 85, 0)", "type": "Feature", "properties": {"_status": "original", "osmid": 320, "highway": "residential", "lanes": null, "maxspeed": null, "name": "Fels\u0151 Duna sor", "ref": null, "oneway": false, "reversed": true, "length": 376.3203070362349, "from": "85", "to": "76", "bridge": null, "_key": "0", "access": null, "width": null}, "geometry": {"type": "LineString", "coordinates": [[19.110320500000004, 47.4054603], [19.1102582, 47.4056753], [19.110218599999993, 47.40580840000002], [19.110186699999993, 47.40616390000003], [19.1101925, 47.40883720000005]]}}, {"id": "(10, 9, 0)", "type": "Feature", "properties": {"_status": "original", "osmid": 159, "highway": "residential", "lanes": "1", "maxspeed": null, "name": "Dara utca", "ref": null, "oneway": false, "reversed": true, "length": 43.216851910599104, "from": "10", "to": "9", "bridge": null, "_key": "0", "access": null, "width": null}, "geometry": {"type": "LineString", "coordinates": [[19.1029745, 47.41046650000003], [19.10277279999999, 47.410830399999995]]}}, {"id": "(10, 16, 0)", "type": "Feature", "properties": {"_status": "original", "osmid": 160, "highway": "residential", "lanes": "1", "maxspeed": null, "name": "Dara utca", "ref": null, "oneway": false, "reversed": true, "length": 66.00563623457093, "from": "16", "to": "10", "bridge": null, "_key": "0", "access": null, "width": null}, "geometry": {"type": "LineString", "coordinates": [[19.103307000000004, 47.40991720000005], [19.1029745, 47.41046650000003]]}}, {"id": "(10, 18, 0)", "type": "Feature", "properties": {"_status": "original", "osmid": 161, "highway": "residential", "lanes": "1", "maxspeed": null, "name": "V\u00f6cs\u00f6k utca", "ref": null, "oneway": false, "reversed": false, "length": 49.808996744275, "from": "18", "to": "10", "bridge": null, "_key": "0", "access": null, "width": null}, "geometry": {"type": "LineString", "coordinates": [[19.10354, 47.41069930000004], [19.1029745, 47.41046650000003]]}}, {"id": "(16, 20, 0)", "type": "Feature", "properties": {"_status": "original", "osmid": 162, "highway": "residential", "lanes": "1", "maxspeed": null, "name": "Dara utca", "ref": null, "oneway": false, "reversed": false, "length": 66.81008148085577, "from": "16", "to": "20", "bridge": null, "_key": "0", "access": null, "width": null}, "geometry": {"type": "LineString", "coordinates": [[19.103307000000004, 47.40991720000005], [19.1033705, 47.40976390000001], [19.1037222, 47.40939190000004]]}}, {"id": "(16, 21, 0)", "type": "Feature", "properties": {"_status": "original", "osmid": 163, "highway": "residential", "lanes": "1", "maxspeed": null, "name": "S\u00e1s utca", "ref": null, "oneway": false, "reversed": false, "length": 61.41239770320791, "from": "16", "to": "21", "bridge": null, "_key": "0", "access": null, "width": null}, "geometry": {"type": "LineString", "coordinates": [[19.103307000000004, 47.40991720000005], [19.10399429999999, 47.41021500000002]]}}, {"id": "(18, 21, 0)", "type": "Feature", "properties": {"_status": "original", "osmid": 164, "highway": "residential", "lanes": "1", "maxspeed": null, "name": "Szajk\u00f3 utca", "ref": null, "oneway": false, "reversed": true, "length": 63.78645936292777, "from": "18", "to": "21", "bridge": null, "_key": "0", "access": null, "width": null}, "geometry": {"type": "LineString", "coordinates": [[19.10354, 47.41069930000004], [19.10399429999999, 47.41021500000002]]}}, {"id": "(18, 14, 0)", "type": "Feature", "properties": {"_status": "original", "osmid": 165, "highway": "residential", "lanes": "1", "maxspeed": null, "name": "Szajk\u00f3 utca", "ref": null, "oneway": false, "reversed": true, "length": 49.87663003475861, "from": "14", "to": "18", "bridge": null, "_key": "0", "access": null, "width": null}, "geometry": {"type": "LineString", "coordinates": [[19.103199899999996, 47.41108430000002], [19.1032184, 47.41106330000002], [19.103286799999996, 47.410986], [19.10354, 47.41069930000004]]}}, {"id": "(20, 26, 0)", "type": "Feature", "properties": {"_status": "original", "osmid": 749, "highway": "residential", "lanes": "1", "maxspeed": null, "name": "Lilik utca", "ref": null, "oneway": false, "reversed": false, "length": 65.63144360590331, "from": "20", "to": "26", "bridge": null, "_key": "0", "access": null, "width": null}, "geometry": {"type": "LineString", "coordinates": [[19.1037222, 47.40939190000004], [19.104464199999995, 47.409702100000075]]}}, {"id": "(20, 22, 0)", "type": "Feature", "properties": {"_status": "original", "osmid": 738, "highway": "residential", "lanes": "1", "maxspeed": null, "name": "Dara utca", "ref": null, "oneway": false, "reversed": true, "length": 39.20043647525934, "from": "22", "to": "20", "bridge": null, "_key": "0", "access": null, "width": null}, "geometry": {"type": "LineString", "coordinates": [[19.103990699999994, 47.409089800000025], [19.1037222, 47.40939190000004]]}}, {"id": "(21, 26, 0)", "type": "Feature", "properties": {"_status": "original", "osmid": 750, "highway": "residential", "lanes": "1", "maxspeed": null, "name": "Szajk\u00f3 utca", "ref": null, "oneway": false, "reversed": true, "length": 67.10447397664313, "from": "21", "to": "26", "bridge": null, "_key": "0", "access": null, "width": null}, "geometry": {"type": "LineString", "coordinates": [[19.10399429999999, 47.41021500000002], [19.104035099999994, 47.4101704], [19.104232099999994, 47.409955200000056], [19.104368100000002, 47.40980660000003], [19.104464199999995, 47.409702100000075]]}}, {"id": "(165, 148, 0)", "type": "Feature", "properties": {"_status": "original", "osmid": 341, "highway": "residential", "lanes": null, "maxspeed": null, "name": "Vadevez\u0151s utca", "ref": null, "oneway": false, "reversed": true, "length": 106.47242296150023, "from": "148", "to": "165", "bridge": "yes", "_key": "0", "access": null, "width": null}, "geometry": {"type": "LineString", "coordinates": [[19.111047, 47.39375400000003], [19.111089800000002, 47.39380530000001], [19.1112433, 47.393885000000026], [19.111313500000005, 47.393943499999985], [19.111373600000004, 47.39400879999998], [19.1114997, 47.39420460000001], [19.111534999999996, 47.394259400000045], [19.111668199999997, 47.39447050000002], [19.111731799999998, 47.394563400000024], [19.111738000000003, 47.39457250000007]]}}, {"id": "(165, 182, 0)", "type": "Feature", "properties": {"_status": "original", "osmid": 342, "highway": "residential", "lanes": null, "maxspeed": null, "name": "Vadevez\u0151s utca", "ref": null, "oneway": false, "reversed": true, "length": 36.85531080419679, "from": "182", "to": "165", "bridge": null, "_key": "0", "access": null, "width": null}, "geometry": {"type": "LineString", "coordinates": [[19.112186799999996, 47.39450220000007], [19.1120259, 47.3944732], [19.111738000000003, 47.39457250000007]]}}, {"id": "(231, 203, 0)", "type": "Feature", "properties": {"_status": "original", "osmid": 677, "highway": "residential", "lanes": null, "maxspeed": null, "name": "L\u00e1va k\u00f6z", "ref": null, "oneway": true, "reversed": false, "length": 85.77030002941027, "from": "231", "to": "203", "bridge": null, "_key": "0", "access": null, "width": null}, "geometry": {"type": "LineString", "coordinates": [[19.113840699999997, 47.39368740000002], [19.1134721, 47.393727800000015], [19.113401299999996, 47.39374020000003], [19.113297399999993, 47.39376430000004], [19.112798500000004, 47.3939686]]}}, {"id": "(231, 221, 0)", "type": "Feature", "properties": {"_status": "original", "osmid": 680, "highway": "residential", "lanes": null, "maxspeed": null, "name": "L\u00e1va utca", "ref": null, "oneway": false, "reversed": true, "length": 119.61437816808053, "from": "221", "to": "231", "bridge": null, "_key": "0", "access": null, "width": null}, "geometry": {"type": "LineString", "coordinates": [[19.1136651, 47.39471060000003], [19.1135786, 47.3945595], [19.1135441, 47.39448190000002], [19.1135263, 47.394416100000036], [19.113533799999995, 47.39434870000004], [19.113573199999998, 47.39426140000003], [19.113765300000004, 47.39394580000001], [19.1138255, 47.39382590000002], [19.113840699999997, 47.39368740000002]]}}, {"id": "(149, 140, 0)", "type": "Feature", "properties": {"_status": "original", "osmid": 172, "highway": "residential", "lanes": null, "maxspeed": null, "name": "T\u00f6r\u00f6k utca", "ref": null, "oneway": false, "reversed": false, "length": 58.06699613367388, "from": "149", "to": "140", "bridge": null, "_key": "0", "access": null, "width": null}, "geometry": {"type": "LineString", "coordinates": [[19.114802900000004, 47.414423900000045], [19.1143507, 47.414075000000004], [19.114301599999997, 47.41402730000004]]}}, {"id": "(149, 138, 0)", "type": "Feature", "properties": {"_status": "original", "osmid": 173, "highway": "residential", "lanes": null, "maxspeed": null, "name": "Pimp\u00f3 utca", "ref": null, "oneway": false, "reversed": true, "length": 50.403406763249286, "from": "149", "to": "138", "bridge": null, "_key": "0", "access": null, "width": null}, "geometry": {"type": "LineString", "coordinates": [[19.114802900000004, 47.414423900000045], [19.114402899999995, 47.41478750000004]]}}, {"id": "(140, 162, 0)", "type": "Feature", "properties": {"_status": "original", "osmid": 360, "highway": "residential", "lanes": null, "maxspeed": null, "name": ["Gombosszeg utca", "T\u00f6r\u00f6k utca"], "ref": null, "oneway": false, "reversed": false, "length": 113.17307423642185, "from": "140", "to": "162", "bridge": null, "_key": "0", "access": null, "width": null}, "geometry": {"type": "LineString", "coordinates": [[19.114301599999997, 47.41402730000004], [19.1141893, 47.413918400000036], [19.114162199999992, 47.413859200000005], [19.114156100000002, 47.41378849999998], [19.1141782, 47.41374090000001], [19.114300899999993, 47.41362180000006], [19.114899900000008, 47.41323960000006]]}}, {"id": "(140, 109, 0)", "type": "Feature", "properties": {"_status": "original", "osmid": 361, "highway": "residential", "lanes": null, "maxspeed": null, "name": "Homokszem utca", "ref": null, "oneway": false, "reversed": false, "length": 111.86581172133693, "from": "109", "to": "140", "bridge": null, "_key": "0", "access": null, "width": null}, "geometry": {"type": "LineString", "coordinates": [[19.113324099999996, 47.41478530000004], [19.114301599999997, 47.41402730000004]]}}, {"id": "(155, 142, 0)", "type": "Feature", "properties": {"_status": "original", "osmid": 229, "highway": "residential", "lanes": null, "maxspeed": null, "name": "Frangep\u00e1n k\u00f6z", "ref": null, "oneway": false, "reversed": false, "length": 51.441610104576235, "from": "142", "to": "155", "bridge": null, "_key": "0", "access": null, "width": null}, "geometry": {"type": "LineString", "coordinates": [[19.115370300000002, 47.419741400000014], [19.115523000000007, 47.419822500000066], [19.1159049, 47.420029800000016]]}}, {"id": "(155, 134, 0)", "type": "Feature", "properties": {"_status": "original", "osmid": 230, "highway": "tertiary", "lanes": "2", "maxspeed": null, "name": "V\u00e1g\u00f3h\u00edd utca", "ref": null, "oneway": false, "reversed": true, "length": 70.83997707305514, "from": "134", "to": "155", "bridge": null, "_key": "0", "access": null, "width": null}, "geometry": {"type": "LineString", "coordinates": [[19.115343400000004, 47.42054120000001], [19.1159049, 47.420029800000016]]}}, {"id": "(142, 121, 0)", "type": "Feature", "properties": {"_status": "original", "osmid": 231, "highway": "pedestrian", "lanes": null, "maxspeed": null, "name": "Erd\u0151 s\u00e9t\u00e1ny", "ref": null, "oneway": false, "reversed": false, "length": 71.35006283755841, "from": "121", "to": "142", "bridge": null, "_key": "0", "access": null, "width": null}, "geometry": {"type": "LineString", "coordinates": [[19.114794400000005, 47.420251199999996], [19.115370300000002, 47.419741400000014]]}}, {"id": "(373, 429, 0)", "type": "Feature", "properties": {"_status": "original", "osmid": 176, "highway": "residential", "lanes": null, "maxspeed": "30", "name": "K\u00fcls\u0151 V\u00f6r\u00f6smarty utca", "ref": null, "oneway": false, "reversed": false, "length": 257.6730105809557, "from": "373", "to": "429", "bridge": null, "_key": "0", "access": null, "width": null}, "geometry": {"type": "LineString", "coordinates": [[19.124506999999998, 47.41675320000003], [19.126687599999993, 47.41496640000003]]}}, {"id": "(373, 362, 0)", "type": "Feature", "properties": {"_status": "original", "osmid": 177, "highway": "residential", "lanes": null, "maxspeed": "30", "name": "Vasf\u0171 utca", "ref": null, "oneway": false, "reversed": true, "length": 67.80265263531325, "from": "362", "to": "373", "bridge": null, "_key": "0", "access": null, "width": null}, "geometry": {"type": "LineString", "coordinates": [[19.1238465, 47.416338400000015], [19.124506999999998, 47.41675320000003]]}}, {"id": "(373, 387, 0)", "type": "Feature", "properties": {"_status": "original", "osmid": 178, "highway": "residential", "lanes": null, "maxspeed": "30", "name": "Vasf\u0171 utca", "ref": null, "oneway": false, "reversed": false, "length": 57.53652835687998, "from": "387", "to": "373", "bridge": null, "_key": "0", "access": null, "width": null}, "geometry": {"type": "LineString", "coordinates": [[19.12506789999999, 47.41710489999999], [19.124506999999998, 47.41675320000003]]}}, {"id": "(373, 319, 0)", "type": "Feature", "properties": {"_status": "original", "osmid": 179, "highway": "residential", "lanes": null, "maxspeed": "30", "name": "K\u00fcls\u0151 V\u00f6r\u00f6smarty utca", "ref": null, "oneway": false, "reversed": false, "length": 254.04213149087346, "from": "319", "to": "373", "bridge": null, "_key": "0", "access": null, "width": null}, "geometry": {"type": "LineString", "coordinates": [[19.1223465, 47.418508900000056], [19.124506999999998, 47.41675320000003]]}}, {"id": "(429, 443, 0)", "type": "Feature", "properties": {"_status": "original", "osmid": 180, "highway": "residential", "lanes": null, "maxspeed": null, "name": "Fatimai utca", "ref": null, "oneway": false, "reversed": true, "length": 105.6486190057314, "from": "443", "to": "429", "bridge": null, "_key": "0", "access": null, "width": null}, "geometry": {"type": "LineString", "coordinates": [[19.127775699999994, 47.41556670000003], [19.127218700000007, 47.41524950000003], [19.126687599999993, 47.41496640000003]]}}, {"id": "(429, 413, 0)", "type": "Feature", "properties": {"_status": "original", "osmid": 181, "highway": "residential", "lanes": null, "maxspeed": null, "name": "Fatimai utca", "ref": null, "oneway": false, "reversed": false, "length": 102.62197871284704, "from": "413", "to": "429", "bridge": null, "_key": "0", "access": null, "width": null}, "geometry": {"type": "LineString", "coordinates": [[19.125711299999995, 47.41432380000003], [19.126274600000002, 47.41466140000006], [19.126515999999995, 47.41483570000002], [19.126687599999993, 47.41496640000003]]}}, {"id": "(387, 328, 0)", "type": "Feature", "properties": {"_status": "original", "osmid": 188, "highway": "residential", "lanes": null, "maxspeed": "30", "name": "Vad\u0151r utca", "ref": null, "oneway": false, "reversed": true, "length": 253.1169688370453, "from": "387", "to": "328", "bridge": null, "_key": "0", "access": null, "width": null}, "geometry": {"type": "LineString", "coordinates": [[19.12506789999999, 47.41710489999999], [19.1229254, 47.418859900000044]]}}, {"id": "(387, 399, 0)", "type": "Feature", "properties": {"_status": "original", "osmid": 189, "highway": "residential", "lanes": null, "maxspeed": "30", "name": "Vasf\u0171 utca", "ref": null, "oneway": false, "reversed": true, "length": 50.63955671145859, "from": "387", "to": "399", "bridge": null, "_key": "0", "access": null, "width": null}, "geometry": {"type": "LineString", "coordinates": [[19.12506789999999, 47.41710489999999], [19.125566499999998, 47.41741079999997]]}}, {"id": "(319, 328, 0)", "type": "Feature", "properties": {"_status": "original", "osmid": 191, "highway": "tertiary", "lanes": null, "maxspeed": "50", "name": "Tartsay utca", "ref": null, "oneway": false, "reversed": true, "length": 58.48411406780843, "from": "328", "to": "319", "bridge": null, "_key": "0", "access": null, "width": null}, "geometry": {"type": "LineString", "coordinates": [[19.1229254, 47.418859900000044], [19.1223465, 47.418508900000056]]}}, {"id": "(443, 446, 0)", "type": "Feature", "properties": {"_status": "original", "osmid": 182, "highway": "residential", "lanes": null, "maxspeed": null, "name": "Ny\u00edr utca", "ref": null, "oneway": false, "reversed": false, "length": 23.34037411749449, "from": "446", "to": "443", "bridge": null, "_key": "0", "access": null, "width": null}, "geometry": {"type": "LineString", "coordinates": [[19.127908799999993, 47.41537710000001], [19.127775699999994, 47.41556670000003]]}}, {"id": "(443, 414, 0)", "type": "Feature", "properties": {"_status": "original", "osmid": 183, "highway": "residential", "lanes": null, "maxspeed": "30", "name": "Ny\u00edr utca", "ref": null, "oneway": false, "reversed": true, "length": 187.95807191869508, "from": "414", "to": "443", "bridge": null, "_key": "0", "access": null, "width": null}, "geometry": {"type": "LineString", "coordinates": [[19.126228099999995, 47.4168932], [19.1263843, 47.41675140000004], [19.1267618, 47.416421000000035], [19.127707600000004, 47.4156166], [19.127775699999994, 47.41556670000003]]}}, {"id": "(413, 377, 0)", "type": "Feature", "properties": {"_status": "original", "osmid": 184, "highway": "residential", "lanes": null, "maxspeed": null, "name": "Sz\u0151l\u0151sor utca", "ref": null, "oneway": false, "reversed": true, "length": 174.40148908262702, "from": "377", "to": "413", "bridge": null, "_key": "0", "access": null, "width": null}, "geometry": {"type": "LineString", "coordinates": [[19.124387400000003, 47.41561120000006], [19.125711299999995, 47.41432380000003]]}}, {"id": "(414, 399, 0)", "type": "Feature", "properties": {"_status": "original", "osmid": 193, "highway": "residential", "lanes": null, "maxspeed": "30", "name": "Ny\u00edr utca", "ref": null, "oneway": false, "reversed": false, "length": 76.0953840082469, "from": "414", "to": "399", "bridge": null, "_key": "0", "access": null, "width": null}, "geometry": {"type": "LineString", "coordinates": [[19.126228099999995, 47.4168932], [19.125566499999998, 47.41741079999997]]}}, {"id": "(414, 433, 0)", "type": "Feature", "properties": {"_status": "original", "osmid": 194, "highway": "residential", "lanes": null, "maxspeed": "30", "name": "Mez\u0151lak utca", "ref": null, "oneway": false, "reversed": true, "length": 105.82645368018801, "from": "433", "to": "414", "bridge": null, "_key": "0", "access": null, "width": "6"}, "geometry": {"type": "LineString", "coordinates": [[19.127302999999994, 47.41750700000005], [19.126228099999995, 47.4168932]]}}, {"id": "(328, 345, 0)", "type": "Feature", "properties": {"_status": "original", "osmid": 276, "highway": "tertiary", "lanes": null, "maxspeed": "50", "name": "Tartsay utca", "ref": null, "oneway": false, "reversed": false, "length": 53.40780394374357, "from": "328", "to": "345", "bridge": null, "_key": "0", "access": null, "width": null}, "geometry": {"type": "LineString", "coordinates": [[19.1229254, 47.418859900000044], [19.123458299999992, 47.41917720000001]]}}, {"id": "(328, 297, 0)", "type": "Feature", "properties": {"_status": "original", "osmid": 284, "highway": "residential", "lanes": null, "maxspeed": "30", "name": "Vad\u0151r utca", "ref": null, "oneway": false, "reversed": true, "length": 179.70998373960856, "from": "328", "to": "297", "bridge": null, "_key": "0", "access": null, "width": null}, "geometry": {"type": "LineString", "coordinates": [[19.1229254, 47.418859900000044], [19.121352699999996, 47.420076300000034]]}}, {"id": "(399, 365, 0)", "type": "Feature", "properties": {"_status": "original", "osmid": 283, "highway": "residential", "lanes": null, "maxspeed": "30", "name": "Ny\u00edr utca", "ref": null, "oneway": false, "reversed": false, "length": 154.96711037952153, "from": "399", "to": "365", "bridge": null, "_key": "0", "access": null, "width": null}, "geometry": {"type": "LineString", "coordinates": [[19.125566499999998, 47.41741079999997], [19.124269100000003, 47.41849320000001]]}}, {"id": "(433, 444, 0)", "type": "Feature", "properties": {"_status": "original", "osmid": 268, "highway": "residential", "lanes": null, "maxspeed": "30", "name": "Mez\u0151lak utca", "ref": null, "oneway": false, "reversed": true, "length": 92.24794294310605, "from": "444", "to": "433", "bridge": null, "_key": "0", "access": null, "width": "6"}, "geometry": {"type": "LineString", "coordinates": [[19.128231599999992, 47.418048700000064], [19.127302999999994, 47.41750700000005]]}}, {"id": "(433, 417, 0)", "type": "Feature", "properties": {"_status": "original", "osmid": 421, "highway": "residential", "lanes": null, "maxspeed": "30", "name": "Apr\u00f3 utca", "ref": null, "oneway": false, "reversed": false, "length": 70.83255978650685, "from": "417", "to": "433", "bridge": null, "_key": "0", "access": null, "width": null}, "geometry": {"type": "LineString", "coordinates": [[19.126654699999992, 47.41796890000001], [19.127302999999994, 47.41750700000005]]}}, {"id": "(569, 563, 0)", "type": "Feature", "properties": {"_status": "original", "osmid": 712, "highway": "residential", "lanes": null, "maxspeed": null, "name": "V\u00edztorony t\u00e9r", "ref": null, "oneway": false, "reversed": [false, true], "length": 410.09395579734763, "from": "569", "to": "563", "bridge": null, "_key": "0", "access": null, "width": null}, "geometry": {"type": "LineString", "coordinates": [[19.162069099999993, 47.3895764], [19.162591200000005, 47.38988790000001], [19.16093889999999, 47.391195300000035], [19.159629999999993, 47.39240100000003]]}}, {"id": "(569, 565, 0)", "type": "Feature", "properties": {"_status": "original", "osmid": 713, "highway": "residential", "lanes": null, "maxspeed": null, "name": "Kiskert utca", "ref": null, "oneway": false, "reversed": false, "length": 227.7945263693418, "from": "565", "to": "569", "bridge": null, "_key": "0", "access": null, "width": null}, "geometry": {"type": "LineString", "coordinates": [[19.160119599999998, 47.3911111], [19.160151999999997, 47.390964400000016], [19.162069099999993, 47.3895764]]}}, {"id": "(566, 564, 0)", "type": "Feature", "properties": {"_status": "original", "osmid": 205, "highway": "tertiary", "lanes": "2", "maxspeed": null, "name": "Majori \u00fat", "ref": null, "oneway": false, "reversed": false, "length": 105.88987611150301, "from": "564", "to": "566", "bridge": null, "_key": "0", "access": null, "width": null}, "geometry": {"type": "LineString", "coordinates": [[19.159506600000004, 47.39079930000001], [19.160451399999996, 47.39009380000002]]}}, {"id": "(566, 560, 0)", "type": "Feature", "properties": {"_status": "original", "osmid": 715, "highway": "residential", "lanes": null, "maxspeed": null, "name": ["\u0150szir\u00f3zsa utca", "Pataksor utca"], "ref": null, "oneway": false, "reversed": [false, true], "length": 674.3625662049094, "from": "560", "to": "566", "bridge": "yes", "_key": "0", "access": null, "width": null}, "geometry": {"type": "LineString", "coordinates": [[19.155746900000004, 47.38578520000003], [19.1557861, 47.38584340000001], [19.155859300000003, 47.38590280000006], [19.15591999999999, 47.385944999999985], [19.1569167, 47.38679270000002], [19.157344400000003, 47.38713570000001], [19.157335500000002, 47.38718939999999], [19.156582999999998, 47.38781050000006], [19.158427500000002, 47.38888420000004], [19.1588628, 47.38913760000002], [19.159763799999997, 47.389675400000044], [19.160073699999998, 47.3898652], [19.160357299999998, 47.39003880000001], [19.160451399999996, 47.39009380000002]]}}, {"id": "(460, 475, 0)", "type": "Feature", "properties": {"_status": "original", "osmid": 198, "highway": "residential", "lanes": null, "maxspeed": null, "name": "Tompah\u00e1z utca", "ref": null, "oneway": false, "reversed": false, "length": 155.75529286907968, "from": "460", "to": "475", "bridge": null, "_key": "0", "access": null, "width": null}, "geometry": {"type": "LineString", "coordinates": [[19.1265524, 47.40018920000002], [19.1276787, 47.399014099999995]]}}, {"id": "(475, 559, 0)", "type": "Feature", "properties": {"_status": "original", "osmid": 199, "highway": "tertiary", "lanes": "2", "maxspeed": null, "name": ["T\u00fari Istv\u00e1n \u00fat", "Vecs\u00e9s \u00fat"], "ref": null, "oneway": false, "reversed": true, "length": 1856.0103740971006, "from": "559", "to": "475", "bridge": null, "_key": "0", "access": null, "width": null}, "geometry": {"type": "LineString", "coordinates": [[19.1491347, 47.39865610000004], [19.1487387, 47.39893130000005], [19.147135999999996, 47.40010490000002], [19.1467679, 47.400361000000025], [19.144145999999992, 47.40228650000004], [19.144095300000007, 47.40231680000002], [19.14404149999999, 47.40234170000001], [19.1440067, 47.40234800000004], [19.14395929999999, 47.40235360000004], [19.1439045, 47.40235270000002], [19.143854500000003, 47.402345000000004], [19.143806100000003, 47.402333100000035], [19.143757999999988, 47.402316600000034], [19.143470600000004, 47.40220650000004], [19.140720199999997, 47.40129430000002], [19.1401826, 47.401112399999974], [19.1397278, 47.40096200000005], [19.1395435, 47.40090580000003], [19.139376500000004, 47.400858299999996], [19.139175199999997, 47.400806500000066], [19.1390206, 47.40077180000002], [19.1388402, 47.400734199999995], [19.138169199999997, 47.40061020000001], [19.13622249999999, 47.4002696], [19.134697899999992, 47.399997100000014], [19.1332535, 47.399752400000004], [19.132925599999993, 47.39970030000003], [19.131786099999996, 47.39952090000003], [19.130493999999995, 47.399324200000045], [19.1288975, 47.39914940000002], [19.1276787, 47.399014099999995]]}}, {"id": "(475, 472, 0)", "type": "Feature", "properties": {"_status": "original", "osmid": 200, "highway": "tertiary", "lanes": "2", "maxspeed": null, "name": "Vecs\u00e9s \u00fat", "ref": null, "oneway": false, "reversed": false, "length": 15.173055010088682, "from": "472", "to": "475", "bridge": null, "_key": "0", "access": null, "width": null}, "geometry": {"type": "LineString", "coordinates": [[19.1274801, 47.398990700000034], [19.1276152, 47.39900620000001], [19.1276787, 47.399014099999995]]}}, {"id": "(559, 564, 0)", "type": "Feature", "properties": {"_status": "original", "osmid": 201, "highway": "tertiary", "lanes": "2", "maxspeed": null, "name": ["T\u00fari Istv\u00e1n \u00fat", "Majori \u00fat"], "ref": null, "oneway": false, "reversed": true, "length": 1176.2190772747363, "from": "564", "to": "559", "bridge": "yes", "_key": "0", "access": null, "width": null}, "geometry": {"type": "LineString", "coordinates": [[19.159506600000004, 47.39079930000001], [19.158968999999992, 47.39120600000002], [19.15741219999999, 47.39238380000004], [19.157210899999995, 47.39250830000003], [19.156915999999995, 47.39265540000003], [19.156681699999996, 47.39275999999999], [19.156279299999998, 47.39296620000003], [19.156128199999998, 47.39306440000001], [19.156005899999997, 47.393146300000076], [19.155835900000003, 47.3932739], [19.155723299999988, 47.39337069999999], [19.155570099999995, 47.39351529999998], [19.155416999999993, 47.393681500000035], [19.155236900000002, 47.39390620000005], [19.1550354, 47.394148300000026], [19.154765800000007, 47.39442429999997], [19.154626399999998, 47.39454130000003], [19.154550499999996, 47.39460500000002], [19.1539888, 47.395023400000035], [19.153467599999992, 47.39541230000004], [19.152765900000002, 47.39593720000001], [19.1518047, 47.396680700000054], [19.1491347, 47.39865610000004]]}}, {"id": "(559, 557, 0)", "type": "Feature", "properties": {"_status": "original", "osmid": 202, "highway": "unclassified", "lanes": null, "maxspeed": null, "name": null, "ref": null, "oneway": false, "reversed": true, "length": 407.36189176735206, "from": "557", "to": "559", "bridge": null, "_key": "0", "access": null, "width": null}, "geometry": {"type": "LineString", "coordinates": [[19.145185600000005, 47.39615130000002], [19.145787999999996, 47.39653090000002], [19.1465551, 47.39703490000003], [19.147601000000005, 47.397684700000006], [19.1491347, 47.39865610000004]]}}, {"id": "(472, 481, 0)", "type": "Feature", "properties": {"_status": "original", "osmid": 203, "highway": "residential", "lanes": null, "maxspeed": null, "name": "Kl\u00e9bl M\u00e1rton utca", "ref": null, "oneway": false, "reversed": true, "length": 103.92229048746955, "from": "481", "to": "472", "bridge": null, "_key": "0", "access": null, "width": null}, "geometry": {"type": "LineString", "coordinates": [[19.1281828, 47.398186200000005], [19.1274801, 47.398990700000034]]}}, {"id": "(472, 463, 0)", "type": "Feature", "properties": {"_status": "original", "osmid": 204, "highway": "tertiary", "lanes": "2", "maxspeed": null, "name": "Vecs\u00e9s \u00fat", "ref": null, "oneway": false, "reversed": false, "length": 65.93526417884873, "from": "463", "to": "472", "bridge": null, "_key": "0", "access": null, "width": null}, "geometry": {"type": "LineString", "coordinates": [[19.126616299999995, 47.39889200000001], [19.1274801, 47.398990700000034]]}}, {"id": "(564, 565, 0)", "type": "Feature", "properties": {"_status": "original", "osmid": 206, "highway": "residential", "lanes": null, "maxspeed": null, "name": null, "ref": null, "oneway": false, "reversed": true, "length": 57.71882659724216, "from": "564", "to": "565", "bridge": null, "_key": "0", "access": null, "width": null}, "geometry": {"type": "LineString", "coordinates": [[19.159506600000004, 47.39079930000001], [19.160119599999998, 47.3911111]]}}, {"id": "(557, 558, 0)", "type": "Feature", "properties": {"_status": "original", "osmid": 207, "highway": "unclassified", "lanes": null, "maxspeed": null, "name": null, "ref": null, "oneway": false, "reversed": true, "length": 251.33658063625447, "from": "558", "to": "557", "bridge": null, "_key": "0", "access": null, "width": null}, "geometry": {"type": "LineString", "coordinates": [[19.147429900000002, 47.39447770000007], [19.145185600000005, 47.39615130000002]]}}, {"id": "(557, 556, 0)", "type": "Feature", "properties": {"_status": "original", "osmid": 208, "highway": "unclassified", "lanes": null, "maxspeed": null, "name": null, "ref": null, "oneway": false, "reversed": false, "length": 322.65999495838633, "from": "556", "to": "557", "bridge": null, "_key": "0", "access": null, "width": null}, "geometry": {"type": "LineString", "coordinates": [[19.142289399999996, 47.39829060000005], [19.144222300000003, 47.39686920000001], [19.145185600000005, 47.39615130000002]]}}, {"id": "(481, 490, 0)", "type": "Feature", "properties": {"_status": "original", "osmid": 209, "highway": "residential", "lanes": null, "maxspeed": null, "name": "Wagner utca", "ref": null, "oneway": false, "reversed": true, "length": 94.43002425394614, "from": "490", "to": "481", "bridge": null, "_key": "0", "access": null, "width": null}, "geometry": {"type": "LineString", "coordinates": [[19.129408400000003, 47.39836770000002], [19.1281828, 47.398186200000005]]}}, {"id": "(481, 495, 0)", "type": "Feature", "properties": {"_status": "original", "osmid": 210, "highway": "residential", "lanes": null, "maxspeed": null, "name": "Kl\u00e9bl M\u00e1rton utca", "ref": null, "oneway": false, "reversed": true, "length": 186.31461798211944, "from": "495", "to": "481", "bridge": null, "_key": "0", "access": null, "width": null}, "geometry": {"type": "LineString", "coordinates": [[19.129487200000003, 47.39676240000003], [19.129274399999993, 47.3970136], [19.1281828, 47.398186200000005]]}}, {"id": "(463, 486, 0)", "type": "Feature", "properties": {"_status": "original", "osmid": 211, "highway": "residential", "lanes": null, "maxspeed": null, "name": "Dunapataj utca", "ref": null, "oneway": false, "reversed": true, "length": 320.5604017227381, "from": "486", "to": "463", "bridge": null, "_key": "0", "access": null, "width": null}, "geometry": {"type": "LineString", "coordinates": [[19.1286484, 47.39636420000005], [19.12739519999999, 47.39774690000001], [19.1272648, 47.39793070000001], [19.126616299999995, 47.39889200000001]]}}, {"id": "(463, 449, 0)", "type": "Feature", "properties": {"_status": "original", "osmid": 212, "highway": "tertiary", "lanes": "2", "maxspeed": null, "name": "Vecs\u00e9s \u00fat", "ref": null, "oneway": false, "reversed": false, "length": 107.60161183162651, "from": "449", "to": "463", "bridge": null, "_key": "0", "access": null, "width": null}, "geometry": {"type": "LineString", "coordinates": [[19.125202200000004, 47.398768100000034], [19.125516400000002, 47.39877760000001], [19.125854900000004, 47.398794400000035], [19.125885499999995, 47.39879620000002], [19.125926300000003, 47.398798700000015], [19.1259836, 47.39880309999999], [19.1259988, 47.398804300000016], [19.1260659, 47.39881170000002], [19.126212499999994, 47.398832900000045], [19.126616299999995, 47.39889200000001]]}}, {"id": "(565, 561, 0)", "type": "Feature", "properties": {"_status": "original", "osmid": 714, "highway": "residential", "lanes": null, "maxspeed": null, "name": "Kiskert utca", "ref": null, "oneway": false, "reversed": true, "length": 292.92798758459946, "from": "565", "to": "561", "bridge": null, "_key": "0", "access": null, "width": null}, "geometry": {"type": "LineString", "coordinates": [[19.160119599999998, 47.3911111], [19.160091399999992, 47.39123890000001], [19.1588897, 47.392386500000036], [19.1581173, 47.39335250000002]]}}, {"id": "(495, 503, 0)", "type": "Feature", "properties": {"_status": "original", "osmid": 460, "highway": "residential", "lanes": null, "maxspeed": null, "name": "Kl\u00e9bl M\u00e1rton utca", "ref": null, "oneway": false, "reversed": false, "length": 52.53900225905844, "from": "495", "to": "503", "bridge": null, "_key": "0", "access": null, "width": null}, "geometry": {"type": "LineString", "coordinates": [[19.129487200000003, 47.39676240000003], [19.1298209, 47.39634740000003]]}}, {"id": "(495, 508, 0)", "type": "Feature", "properties": {"_status": "original", "osmid": 461, "highway": "residential", "lanes": null, "maxspeed": null, "name": "P\u00e1sztort\u00e1ska utca", "ref": null, "oneway": false, "reversed": true, "length": 82.75796883286915, "from": "508", "to": "495", "bridge": null, "_key": "0", "access": null, "width": null}, "geometry": {"type": "LineString", "coordinates": [[19.1304517, 47.397119700000005], [19.129487200000003, 47.39676240000003]]}}, {"id": "(449, 438, 0)", "type": "Feature", "properties": {"_status": "original", "osmid": 453, "highway": "tertiary", "lanes": "2", "maxspeed": null, "name": "Vecs\u00e9s \u00fat", "ref": null, "oneway": false, "reversed": false, "length": 50.58284431595601, "from": "438", "to": "449", "bridge": null, "_key": "0", "access": null, "width": null}, "geometry": {"type": "LineString", "coordinates": [[19.124533600000003, 47.39872210000005], [19.125202200000004, 47.398768100000034]]}}, {"id": "(449, 468, 0)", "type": "Feature", "properties": {"_status": "original", "osmid": 454, "highway": "residential", "lanes": null, "maxspeed": null, "name": "S\u00ednp\u00e1r utca", "ref": null, "oneway": false, "reversed": true, "length": 239.4647705465824, "from": "468", "to": "449", "bridge": null, "_key": "0", "access": null, "width": null}, "geometry": {"type": "LineString", "coordinates": [[19.126610699999997, 47.3968556], [19.125648699999996, 47.39830630000001], [19.125550200000003, 47.39840870000001], [19.125363699999994, 47.39852530000005], [19.1252629, 47.39862750000004], [19.125202200000004, 47.398768100000034]]}}, {"id": "(449, 393, 0)", "type": "Feature", "properties": {"_status": "original", "osmid": 455, "highway": "residential", "lanes": null, "maxspeed": null, "name": ["H\u0151s\u00f6k tere", "P\u00e1lyaudvar sor"], "ref": null, "oneway": false, "reversed": false, "length": 407.52256201799565, "from": "393", "to": "449", "bridge": null, "_key": "0", "access": null, "width": null}, "geometry": {"type": "LineString", "coordinates": [[19.122520599999998, 47.401258500000054], [19.122876700000003, 47.40132650000005], [19.1235144, 47.401474300000054], [19.123545299999996, 47.401433299999994], [19.123761299999998, 47.40117350000003], [19.124013599999998, 47.40069340000001], [19.124209700000005, 47.40036580000001], [19.125173900000004, 47.399047700000025], [19.125202200000004, 47.398768100000034]]}}, {"id": "(320, 326, 0)", "type": "Feature", "properties": {"_status": "original", "osmid": 215, "highway": "tertiary", "lanes": null, "maxspeed": null, "name": "Vecs\u00e9s \u00fat", "ref": null, "oneway": false, "reversed": true, "length": 42.11199419574996, "from": "326", "to": "320", "bridge": null, "_key": "0", "access": null, "width": null}, "geometry": {"type": "LineString", "coordinates": [[19.11908459999999, 47.39754209999999], [19.1188403, 47.397413799999995], [19.11862769999999, 47.39732440000004]]}}, {"id": "(320, 343, 0)", "type": "Feature", "properties": {"_status": "original", "osmid": 216, "highway": "residential", "lanes": null, "maxspeed": null, "name": "Fakop\u00e1cs utca", "ref": null, "oneway": false, "reversed": true, "length": 103.30353103955325, "from": "343", "to": "320", "bridge": null, "_key": "0", "access": null, "width": null}, "geometry": {"type": "LineString", "coordinates": [[19.1194373, 47.396574900000026], [19.1193134, 47.39667300000002], [19.11913109999999, 47.39683620000004], [19.11862769999999, 47.39732440000004]]}}, {"id": "(326, 366, 0)", "type": "Feature", "properties": {"_status": "original", "osmid": 217, "highway": "tertiary", "lanes": null, "maxspeed": null, "name": "Vecs\u00e9s \u00fat", "ref": null, "oneway": false, "reversed": true, "length": 152.1657035729795, "from": "366", "to": "326", "bridge": null, "_key": "0", "access": null, "width": null}, "geometry": {"type": "LineString", "coordinates": [[19.120884600000004, 47.39815160000007], [19.120519300000005, 47.398053600000026], [19.119848299999994, 47.39786579999999], [19.119544099999995, 47.397757300000016], [19.11908459999999, 47.39754209999999]]}}, {"id": "(343, 397, 0)", "type": "Feature", "properties": {"_status": "original", "osmid": 219, "highway": "residential", "lanes": null, "maxspeed": null, "name": "Fakop\u00e1cs utca", "ref": null, "oneway": false, "reversed": true, "length": 202.15780452964557, "from": "397", "to": "343", "bridge": null, "_key": "0", "access": null, "width": null}, "geometry": {"type": "LineString", "coordinates": [[19.121662999999995, 47.395583000000045], [19.121446100000004, 47.395645800000004], [19.121093900000005, 47.39575550000001], [19.120790499999995, 47.39586530000002], [19.1204085, 47.39602360000002], [19.120060499999997, 47.39619410000003], [19.1197813, 47.39635040000003], [19.119575399999995, 47.396474900000044], [19.1194373, 47.396574900000026]]}}, {"id": "(343, 386, 0)", "type": "Feature", "properties": {"_status": "original", "osmid": 220, "highway": "residential", "lanes": null, "maxspeed": null, "name": ["Taling utca", "Vir\u00e1gv\u00f6lgy utca"], "ref": null, "oneway": false, "reversed": true, "length": 350.23599836417236, "from": "386", "to": "343", "bridge": null, "_key": "0", "access": null, "width": null}, "geometry": {"type": "LineString", "coordinates": [[19.121101700000008, 47.394699599999996], [19.120921699999997, 47.394768600000035], [19.1207596, 47.394826100000046], [19.120616599999998, 47.39485430000001], [19.1203998, 47.3948822], [19.120199900000003, 47.394902400000035], [19.119959900000005, 47.39490060000006], [19.119537199999993, 47.39487659999999], [19.11919959999999, 47.39487119999998], [19.1190298, 47.39547950000001], [19.118984700000002, 47.39571970000005], [19.118970700000002, 47.395888600000006], [19.118967499999997, 47.39606070000001], [19.118997900000004, 47.396151300000014], [19.119046799999996, 47.3962333], [19.1191061, 47.39631190000003], [19.119169099999993, 47.39638970000001], [19.1192358, 47.39644530000002], [19.119321699999997, 47.39649990000004], [19.1194373, 47.396574900000026]]}}, {"id": "(366, 402, 0)", "type": "Feature", "properties": {"_status": "original", "osmid": 221, "highway": "tertiary", "lanes": null, "maxspeed": null, "name": "Vecs\u00e9s \u00fat", "ref": null, "oneway": false, "reversed": true, "length": 111.99593482905512, "from": "402", "to": "366", "bridge": null, "_key": "0", "access": null, "width": null}, "geometry": {"type": "LineString", "coordinates": [[19.122304599999996, 47.39845070000002], [19.121649900000005, 47.3983301], [19.120884600000004, 47.39815160000007]]}}, {"id": "(366, 348, 0)", "type": "Feature", "properties": {"_status": "original", "osmid": 222, "highway": "residential", "lanes": null, "maxspeed": null, "name": "Szit\u00e1s utca", "ref": null, "oneway": false, "reversed": true, "length": 93.06202017748876, "from": "348", "to": "366", "bridge": null, "_key": "0", "access": null, "width": null}, "geometry": {"type": "LineString", "coordinates": [[19.120030199999995, 47.39874600000001], [19.120771799999993, 47.39818279999999], [19.120884600000004, 47.39815160000007]]}}, {"id": "(366, 380, 0)", "type": "Feature", "properties": {"_status": "original", "osmid": 223, "highway": "residential", "lanes": null, "maxspeed": null, "name": "Szit\u00e1s utca", "ref": null, "oneway": false, "reversed": false, "length": 75.06884634469755, "from": "380", "to": "366", "bridge": null, "_key": "0", "access": null, "width": null}, "geometry": {"type": "LineString", "coordinates": [[19.121487099999992, 47.397613600000014], [19.120884600000004, 47.39815160000007]]}}, {"id": "(397, 418, 0)", "type": "Feature", "properties": {"_status": "original", "osmid": 225, "highway": "residential", "lanes": null, "maxspeed": null, "name": "Fakop\u00e1cs utca", "ref": null, "oneway": false, "reversed": false, "length": 84.19958630510546, "from": "397", "to": "418", "bridge": null, "_key": "0", "access": null, "width": null}, "geometry": {"type": "LineString", "coordinates": [[19.121662999999995, 47.395583000000045], [19.12231749999999, 47.39547060000001], [19.122545299999995, 47.39544750000004], [19.122756900000002, 47.395464200000006]]}}, {"id": "(397, 386, 0)", "type": "Feature", "properties": {"_status": "original", "osmid": 226, "highway": "residential", "lanes": null, "maxspeed": null, "name": "Vizes utca", "ref": null, "oneway": false, "reversed": false, "length": 107.00481998510944, "from": "386", "to": "397", "bridge": null, "_key": "0", "access": null, "width": null}, "geometry": {"type": "LineString", "coordinates": [[19.121101700000008, 47.394699599999996], [19.121340200000002, 47.39512020000002], [19.121662999999995, 47.395583000000045]]}}, {"id": "(397, 415, 0)", "type": "Feature", "properties": {"_status": "original", "osmid": 227, "highway": "residential", "lanes": null, "maxspeed": null, "name": "Cs\u00faszda t\u00e9r", "ref": null, "oneway": false, "reversed": false, "length": 90.78472343944134, "from": "415", "to": "397", "bridge": null, "_key": "0", "access": null, "width": null}, "geometry": {"type": "LineString", "coordinates": [[19.122393499999998, 47.39493340000004], [19.1217794, 47.39548450000005], [19.121662999999995, 47.395583000000045]]}}, {"id": "(386, 420, 0)", "type": "Feature", "properties": {"_status": "original", "osmid": 228, "highway": "residential", "lanes": null, "maxspeed": null, "name": "Taling utca", "ref": null, "oneway": false, "reversed": true, "length": 181.04457950722013, "from": "420", "to": "386", "bridge": null, "_key": "0", "access": null, "width": null}, "geometry": {"type": "LineString", "coordinates": [[19.122426299999994, 47.39337560000006], [19.12202, 47.39392070000003], [19.121811399999995, 47.39416860000003], [19.121597599999998, 47.39440050000006], [19.121505900000002, 47.394497100000024], [19.12135869999999, 47.39457400000003], [19.121180999999993, 47.394637], [19.121101700000008, 47.394699599999996]]}}, {"id": "(402, 334, 0)", "type": "Feature", "properties": {"_status": "original", "osmid": 488, "highway": "residential", "lanes": null, "maxspeed": "30", "name": "Keny\u00e9r utca", "ref": null, "oneway": false, "reversed": false, "length": 291.9247105004299, "from": "402", "to": "334", "bridge": null, "_key": "0", "access": null, "width": null}, "geometry": {"type": "LineString", "coordinates": [[19.122304599999996, 47.39845070000002], [19.121656999999995, 47.39909550000005], [19.12135059999999, 47.399338500000034], [19.120366, 47.400142000000024], [19.11992190000001, 47.40051910000001]]}}, {"id": "(402, 422, 0)", "type": "Feature", "properties": {"_status": "original", "osmid": 493, "highway": "tertiary", "lanes": null, "maxspeed": null, "name": "Vecs\u00e9s \u00fat", "ref": null, "oneway": false, "reversed": true, "length": 88.40891973763681, "from": "422", "to": "402", "bridge": null, "_key": "0", "access": null, "width": null}, "geometry": {"type": "LineString", "coordinates": [[19.12345609999999, 47.398607600000005], [19.122304599999996, 47.39845070000002]]}}, {"id": "(348, 317, 0)", "type": "Feature", "properties": {"_status": "original", "osmid": 490, "highway": "residential", "lanes": null, "maxspeed": null, "name": "Szit\u00e1s utca", "ref": null, "oneway": false, "reversed": false, "length": 121.0608158868667, "from": "348", "to": "317", "bridge": null, "_key": "0", "access": null, "width": null}, "geometry": {"type": "LineString", "coordinates": [[19.120030199999995, 47.39874600000001], [19.118953, 47.39955450000001]]}}, {"id": "(348, 360, 0)", "type": "Feature", "properties": {"_status": "original", "osmid": 494, "highway": "residential", "lanes": null, "maxspeed": null, "name": "Derce k\u00f6z", "ref": null, "oneway": false, "reversed": true, "length": 71.24939883370205, "from": "360", "to": "348", "bridge": null, "_key": "0", "access": null, "width": null}, "geometry": {"type": "LineString", "coordinates": [[19.120746899999993, 47.39916460000003], [19.120030199999995, 47.39874600000001]]}}, {"id": "(380, 395, 0)", "type": "Feature", "properties": {"_status": "original", "osmid": 495, "highway": "residential", "lanes": null, "maxspeed": null, "name": "Szit\u00e1s utca", "ref": null, "oneway": false, "reversed": false, "length": 46.176992517862864, "from": "395", "to": "380", "bridge": null, "_key": "0", "access": null, "width": null}, "geometry": {"type": "LineString", "coordinates": [[19.121860499999997, 47.39728410000002], [19.121487099999992, 47.397613600000014]]}}, {"id": "(380, 411, 0)", "type": "Feature", "properties": {"_status": "original", "osmid": 496, "highway": "residential", "lanes": null, "maxspeed": null, "name": "Vet\u00e9s utca", "ref": null, "oneway": false, "reversed": true, "length": 308.65526339154354, "from": "411", "to": "380", "bridge": null, "_key": "0", "access": null, "width": null}, "geometry": {"type": "LineString", "coordinates": [[19.122510099999992, 47.39668910000001], [19.122240199999997, 47.39628050000003], [19.1222, 47.39623640000003], [19.122129800000003, 47.396219400000035], [19.122054499999994, 47.396230800000055], [19.120532000000004, 47.39708500000003], [19.121487099999992, 47.397613600000014]]}}, {"id": "(418, 426, 0)", "type": "Feature", "properties": {"_status": "original", "osmid": 522, "highway": "residential", "lanes": null, "maxspeed": null, "name": "Als\u00f3kert utca", "ref": null, "oneway": false, "reversed": true, "length": 74.63679403004022, "from": "418", "to": "426", "bridge": null, "_key": "0", "access": null, "width": null}, "geometry": {"type": "LineString", "coordinates": [[19.122756900000002, 47.395464200000006], [19.123228900000004, 47.39605449999999]]}}, {"id": "(418, 415, 0)", "type": "Feature", "properties": {"_status": "original", "osmid": 525, "highway": "residential", "lanes": null, "maxspeed": null, "name": "Cs\u00faszda t\u00e9r", "ref": null, "oneway": false, "reversed": true, "length": 65.05285107833608, "from": "415", "to": "418", "bridge": null, "_key": "0", "access": null, "width": null}, "geometry": {"type": "LineString", "coordinates": [[19.122393499999998, 47.39493340000004], [19.122756900000002, 47.395464200000006]]}}, {"id": "(415, 436, 0)", "type": "Feature", "properties": {"_status": "original", "osmid": 529, "highway": "residential", "lanes": null, "maxspeed": null, "name": "L\u00e1pos utca", "ref": null, "oneway": false, "reversed": true, "length": 148.81988627240037, "from": "436", "to": "415", "bridge": null, "_key": "0", "access": null, "width": null}, "geometry": {"type": "LineString", "coordinates": [[19.123521799999992, 47.393837799999986], [19.123460800000004, 47.393917200000004], [19.122955099999995, 47.39440630000003], [19.122734399999995, 47.39459010000007], [19.122626899999997, 47.3947212], [19.122499499999993, 47.39485050000001], [19.122393499999998, 47.39493340000004]]}}, {"id": "(420, 436, 0)", "type": "Feature", "properties": {"_status": "original", "osmid": 533, "highway": "residential", "lanes": null, "maxspeed": null, "name": "Mocsaras utca", "ref": null, "oneway": false, "reversed": false, "length": 97.16762358142759, "from": "420", "to": "436", "bridge": null, "_key": "0", "access": null, "width": null}, "geometry": {"type": "LineString", "coordinates": [[19.122426299999994, 47.39337560000006], [19.123521799999992, 47.393837799999986]]}}, {"id": "(420, 431, 0)", "type": "Feature", "properties": {"_status": "original", "osmid": 535, "highway": "residential", "lanes": null, "maxspeed": null, "name": "Taling utca", "ref": null, "oneway": false, "reversed": true, "length": 67.2108666842256, "from": "431", "to": "420", "bridge": null, "_key": "0", "access": null, "width": null}, "geometry": {"type": "LineString", "coordinates": [[19.12286099999999, 47.392848500000035], [19.122766299999995, 47.39293930000003], [19.122426299999994, 47.39337560000006]]}}, {"id": "(134, 121, 0)", "type": "Feature", "properties": {"_status": "original", "osmid": 339, "highway": "residential", "lanes": null, "maxspeed": null, "name": "Kir\u00e1lyh\u00e1g\u00f3 k\u00f6z", "ref": null, "oneway": false, "reversed": false, "length": 52.41360698042114, "from": "121", "to": "134", "bridge": null, "_key": "0", "access": null, "width": null}, "geometry": {"type": "LineString", "coordinates": [[19.114794400000005, 47.420251199999996], [19.114872400000007, 47.420288600000006], [19.1152211, 47.42047290000002], [19.115343400000004, 47.42054120000001]]}}, {"id": "(121, 105, 0)", "type": "Feature", "properties": {"_status": "original", "osmid": 340, "highway": "pedestrian", "lanes": null, "maxspeed": null, "name": "Erd\u0151 s\u00e9t\u00e1ny", "ref": null, "oneway": false, "reversed": true, "length": 73.62964907018511, "from": "121", "to": "105", "bridge": null, "_key": "0", "access": null, "width": null}, "geometry": {"type": "LineString", "coordinates": [[19.114794400000005, 47.420251199999996], [19.114181999999996, 47.420767700000034]]}}, {"id": "(553, 543, 0)", "type": "Feature", "properties": {"_status": "original", "osmid": 240, "highway": "secondary", "lanes": null, "maxspeed": "70", "name": "Szentl\u0151rinci \u00fat", "ref": null, "oneway": false, "reversed": true, "length": 216.14460971200336, "from": "553", "to": "543", "bridge": null, "_key": "0", "access": null, "width": null}, "geometry": {"type": "LineString", "coordinates": [[19.139071299999998, 47.41380499999998], [19.1384, 47.4134234], [19.136904599999998, 47.412529000000035]]}}, {"id": "(553, 550, 0)", "type": "Feature", "properties": {"_status": "original", "osmid": 243, "highway": "residential", "lanes": null, "maxspeed": "30", "name": "Dinnyehegyi \u00fat", "ref": null, "oneway": false, "reversed": true, "length": 75.58279592452828, "from": "550", "to": "553", "bridge": null, "_key": "0", "access": null, "width": null}, "geometry": {"type": "LineString", "coordinates": [[19.138420199999995, 47.414322600000055], [19.139071299999998, 47.41380499999998]]}}, {"id": "(551, 547, 0)", "type": "Feature", "properties": {"_status": "original", "osmid": 399, "highway": "residential", "lanes": null, "maxspeed": "30", "name": null, "ref": null, "oneway": false, "reversed": true, "length": 106.2094897149047, "from": "547", "to": "551", "bridge": null, "_key": "0", "access": null, "width": null}, "geometry": {"type": "LineString", "coordinates": [[19.137951499999996, 47.414692300000034], [19.13904159999999, 47.41529909999999]]}}, {"id": "(551, 549, 0)", "type": "Feature", "properties": {"_status": "original", "osmid": 398, "highway": "residential", "lanes": null, "maxspeed": "30", "name": "Hrivn\u00e1k P\u00e1l utca", "ref": null, "oneway": false, "reversed": true, "length": 75.5557827946607, "from": "549", "to": "551", "bridge": null, "_key": "0", "access": null, "width": null}, "geometry": {"type": "LineString", "coordinates": [[19.138346999999996, 47.41578979999999], [19.13904159999999, 47.41529909999999]]}}, {"id": "(511, 543, 0)", "type": "Feature", "properties": {"_status": "original", "osmid": 236, "highway": "secondary", "lanes": null, "maxspeed": "70", "name": "Szentl\u0151rinci \u00fat", "ref": null, "oneway": false, "reversed": false, "length": 384.65967187534005, "from": "511", "to": "543", "bridge": null, "_key": "0", "access": null, "width": null}, "geometry": {"type": "LineString", "coordinates": [[19.133019999999995, 47.41028039999999], [19.1347957, 47.411308300000044], [19.136904599999998, 47.412529000000035]]}}, {"id": "(511, 487, 0)", "type": "Feature", "properties": {"_status": "original", "osmid": 237, "highway": "residential", "lanes": null, "maxspeed": null, "name": "Ny\u00edr utca", "ref": null, "oneway": false, "reversed": true, "length": 195.16428452157706, "from": "487", "to": "511", "bridge": null, "_key": "0", "access": null, "width": null}, "geometry": {"type": "LineString", "coordinates": [[19.131435700000004, 47.41165680000001], [19.1315744, 47.41157260000006], [19.1319605, 47.41116590000002], [19.132039299999995, 47.41104490000001], [19.132160000000002, 47.41092880000003], [19.132444199999995, 47.4107201], [19.132674499999993, 47.41055400000002], [19.133019999999995, 47.41028039999999]]}}, {"id": "(511, 437, 0)", "type": "Feature", "properties": {"_status": "original", "osmid": 238, "highway": "secondary", "lanes": "2", "maxspeed": "70", "name": "Szentl\u0151rinci \u00fat", "ref": null, "oneway": false, "reversed": false, "length": 660.8656852746016, "from": "437", "to": "511", "bridge": null, "_key": "0", "access": null, "width": null}, "geometry": {"type": "LineString", "coordinates": [[19.125941700000002, 47.406790700000045], [19.126421499999996, 47.40694560000003], [19.12714619999999, 47.407241200000016], [19.1285342, 47.40784689999999], [19.129830300000002, 47.40848050000006], [19.13049569999999, 47.40884220000005], [19.131834199999997, 47.409578], [19.133019999999995, 47.41028039999999]]}}, {"id": "(543, 535, 0)", "type": "Feature", "properties": {"_status": "original", "osmid": 239, "highway": "residential", "lanes": null, "maxspeed": "50", "name": "Szent L\u00e1szl\u00f3 utca", "ref": null, "oneway": false, "reversed": false, "length": 77.53630282633327, "from": "535", "to": "543", "bridge": null, "_key": "0", "access": null, "width": null}, "geometry": {"type": "LineString", "coordinates": [[19.136231399999993, 47.4130568], [19.13641689999999, 47.41290390000005], [19.136904599999998, 47.412529000000035]]}}, {"id": "(487, 478, 0)", "type": "Feature", "properties": {"_status": "original", "osmid": 244, "highway": "residential", "lanes": null, "maxspeed": null, "name": "Ny\u00edr utca", "ref": null, "oneway": false, "reversed": false, "length": 124.9801016225093, "from": "487", "to": "478", "bridge": null, "_key": "0", "access": null, "width": null}, "geometry": {"type": "LineString", "coordinates": [[19.131435700000004, 47.41165680000001], [19.131362699999993, 47.41170110000003], [19.1310125, 47.41203220000003], [19.130828999999995, 47.41225830000003], [19.130659999999992, 47.41242900000002], [19.130589900000007, 47.41260990000007]]}}, {"id": "(487, 496, 0)", "type": "Feature", "properties": {"_status": "original", "osmid": 245, "highway": "residential", "lanes": null, "maxspeed": null, "name": "Zsomb\u00e9kos utca", "ref": null, "oneway": false, "reversed": true, "length": 152.2396154181966, "from": "496", "to": "487", "bridge": null, "_key": "0", "access": null, "width": null}, "geometry": {"type": "LineString", "coordinates": [[19.1324313, 47.412846300000034], [19.132151500000006, 47.412493299999994], [19.131781200000002, 47.41200510000003], [19.13152769999999, 47.4117623], [19.131435700000004, 47.41165680000001]]}}, {"id": "(437, 398, 0)", "type": "Feature", "properties": {"_status": "original", "osmid": 246, "highway": "secondary", "lanes": "2", "maxspeed": ["50", "70"], "name": "Szentl\u0151rinci \u00fat", "ref": null, "oneway": false, "reversed": true, "length": 185.4668110391551, "from": "437", "to": "398", "bridge": null, "_key": "0", "access": null, "width": null}, "geometry": {"type": "LineString", "coordinates": [[19.125941700000002, 47.406790700000045], [19.12484819999999, 47.406527300000015], [19.1240846, 47.4063852], [19.123585999999992, 47.40630689999998]]}}, {"id": "(437, 419, 0)", "type": "Feature", "properties": {"_status": "original", "osmid": 247, "highway": "residential", "lanes": null, "maxspeed": null, "name": "Ugarsz\u00e9l \u00fat", "ref": null, "oneway": false, "reversed": false, "length": 96.97162264951972, "from": "419", "to": "437", "bridge": null, "_key": "0", "access": null, "width": null}, "geometry": {"type": "LineString", "coordinates": [[19.124843799999997, 47.40716120000003], [19.1251522, 47.40707400000006], [19.125713700000002, 47.40698180000003], [19.125791899999996, 47.406954900000045], [19.125872899999997, 47.4068953], [19.125941700000002, 47.406790700000045]]}}, {"id": "(535, 533, 0)", "type": "Feature", "properties": {"_status": "original", "osmid": 241, "highway": "residential", "lanes": null, "maxspeed": "50", "name": "Szent L\u00e1szl\u00f3 utca", "ref": null, "oneway": false, "reversed": false, "length": 47.616113252962805, "from": "533", "to": "535", "bridge": null, "_key": "0", "access": null, "width": null}, "geometry": {"type": "LineString", "coordinates": [[19.135826699999996, 47.41338600000001], [19.136231399999993, 47.4130568]]}}, {"id": "(535, 550, 0)", "type": "Feature", "properties": {"_status": "original", "osmid": 242, "highway": "residential", "lanes": null, "maxspeed": "30", "name": "Eperf\u00f6ld utca", "ref": null, "oneway": false, "reversed": false, "length": 216.64858438774155, "from": "550", "to": "535", "bridge": null, "_key": "0", "access": null, "width": null}, "geometry": {"type": "LineString", "coordinates": [[19.138420199999995, 47.414322600000055], [19.137428500000002, 47.41374509999999], [19.136231399999993, 47.4130568]]}}, {"id": "(533, 532, 0)", "type": "Feature", "properties": {"_status": "original", "osmid": 248, "highway": "residential", "lanes": null, "maxspeed": "50", "name": "Szent L\u00e1szl\u00f3 utca", "ref": null, "oneway": false, "reversed": true, "length": 7.122420233726356, "from": "533", "to": "532", "bridge": null, "_key": "0", "access": null, "width": null}, "geometry": {"type": "LineString", "coordinates": [[19.135826699999996, 47.41338600000001], [19.135764699999996, 47.41343440000008]]}}, {"id": "(533, 522, 0)", "type": "Feature", "properties": {"_status": "original", "osmid": 249, "highway": "residential", "lanes": null, "maxspeed": "30", "name": "Kertv\u00e1rosi k\u00f6r\u00fat", "ref": null, "oneway": false, "reversed": true, "length": 112.24705551525729, "from": "522", "to": "533", "bridge": null, "_key": "0", "access": null, "width": null}, "geometry": {"type": "LineString", "coordinates": [[19.1345809, 47.412841700000044], [19.134858499999993, 47.412924500000045], [19.135100799999996, 47.413011300000036], [19.135321999999995, 47.41310730000007], [19.135826699999996, 47.41338600000001]]}}, {"id": "(550, 547, 0)", "type": "Feature", "properties": {"_status": "original", "osmid": 250, "highway": "residential", "lanes": null, "maxspeed": "30", "name": "Dinnyehegyi \u00fat", "ref": null, "oneway": false, "reversed": true, "length": 54.16368872058215, "from": "547", "to": "550", "bridge": null, "_key": "0", "access": null, "width": null}, "geometry": {"type": "LineString", "coordinates": [[19.137951499999996, 47.414692300000034], [19.138420199999995, 47.414322600000055]]}}, {"id": "(478, 477, 0)", "type": "Feature", "properties": {"_status": "original", "osmid": 413, "highway": "residential", "lanes": null, "maxspeed": null, "name": "Ny\u00edr utca", "ref": null, "oneway": false, "reversed": true, "length": 30.95613915083497, "from": "477", "to": "478", "bridge": null, "_key": "0", "access": null, "width": null}, "geometry": {"type": "LineString", "coordinates": [[19.1304065, 47.41285910000002], [19.130589900000007, 47.41260990000007]]}}, {"id": "(478, 485, 0)", "type": "Feature", "properties": {"_status": "original", "osmid": 414, "highway": "residential", "lanes": null, "maxspeed": null, "name": "Legyez\u0151f\u0171 utca", "ref": null, "oneway": false, "reversed": true, "length": 101.63028266305163, "from": "485", "to": "478", "bridge": null, "_key": "0", "access": null, "width": null}, "geometry": {"type": "LineString", "coordinates": [[19.131550499999996, 47.413252100000044], [19.131028499999996, 47.41288950000005], [19.130589900000007, 47.41260990000007]]}}, {"id": "(496, 485, 0)", "type": "Feature", "properties": {"_status": "original", "osmid": 415, "highway": "residential", "lanes": null, "maxspeed": null, "name": "Kertv\u00e1rosi k\u00f6r\u00fat", "ref": null, "oneway": false, "reversed": false, "length": 80.28023316678033, "from": "496", "to": "485", "bridge": null, "_key": "0", "access": null, "width": null}, "geometry": {"type": "LineString", "coordinates": [[19.1324313, 47.412846300000034], [19.132084199999994, 47.41298800000003], [19.13172219999999, 47.413158600000045], [19.131550499999996, 47.413252100000044]]}}, {"id": "(496, 505, 0)", "type": "Feature", "properties": {"_status": "original", "osmid": 418, "highway": "residential", "lanes": null, "maxspeed": null, "name": "Kertv\u00e1rosi k\u00f6r\u00fat", "ref": null, "oneway": false, "reversed": true, "length": 39.97119441928147, "from": "496", "to": "505", "bridge": null, "_key": "0", "access": null, "width": null}, "geometry": {"type": "LineString", "coordinates": [[19.1324313, 47.412846300000034], [19.132665499999998, 47.41279350000005], [19.132941599999995, 47.41274750000006]]}}, {"id": "(398, 332, 0)", "type": "Feature", "properties": {"_status": "original", "osmid": 288, "highway": "secondary", "lanes": null, "maxspeed": "50", "name": "Wekerle S\u00e1ndor utca", "ref": null, "oneway": true, "reversed": false, "length": 273.15434188916447, "from": "398", "to": "332", "bridge": null, "_key": "0", "access": null, "width": null}, "geometry": {"type": "LineString", "coordinates": [[19.123585999999992, 47.40630689999998], [19.1224968, 47.40717610000005], [19.1219586, 47.407605600000025], [19.12123830000001, 47.40818040000002]]}}, {"id": "(398, 304, 0)", "type": "Feature", "properties": {"_status": "original", "osmid": 289, "highway": "secondary", "lanes": null, "maxspeed": ["50", "30"], "name": ["K\u00f6nyves utca", "Szentl\u0151rinci \u00fat"], "ref": null, "oneway": true, "reversed": false, "length": 446.0677285342566, "from": "304", "to": "398", "bridge": null, "_key": "0", "access": null, "width": null}, "geometry": {"type": "LineString", "coordinates": [[19.119548300000005, 47.40818500000003], [19.119591700000004, 47.408082700000016], [19.122280700000005, 47.40586420000005], [19.1223576, 47.40584060000001], [19.122423199999997, 47.40585090000002], [19.122860100000008, 47.40611980000003], [19.122990000000005, 47.406182800000025], [19.123153900000002, 47.40624140000006], [19.12354549999999, 47.40630080000001], [19.123585999999992, 47.40630689999998]]}}, {"id": "(419, 376, 0)", "type": "Feature", "properties": {"_status": "original", "osmid": 293, "highway": "residential", "lanes": null, "maxspeed": null, "name": "Ugarsz\u00e9l k\u00f6z", "ref": null, "oneway": false, "reversed": false, "length": 147.19566865868057, "from": "376", "to": "419", "bridge": null, "_key": "0", "access": null, "width": null}, "geometry": {"type": "LineString", "coordinates": [[19.122936899999996, 47.40742510000004], [19.123127500000002, 47.407385200000036], [19.1245838, 47.407153], [19.124843799999997, 47.40716120000003]]}}, {"id": "(419, 381, 0)", "type": "Feature", "properties": {"_status": "original", "osmid": 294, "highway": "residential", "lanes": null, "maxspeed": null, "name": "Ugarsz\u00e9l \u00fat", "ref": null, "oneway": false, "reversed": false, "length": 183.10912412655813, "from": "381", "to": "419", "bridge": null, "_key": "0", "access": null, "width": null}, "geometry": {"type": "LineString", "coordinates": [[19.123453, 47.40851220000003], [19.124156900000003, 47.407819900000014], [19.124327000000005, 47.407652400000025], [19.124639200000004, 47.40734540000003], [19.124843799999997, 47.40716120000003]]}}, {"id": "(532, 526, 0)", "type": "Feature", "properties": {"_status": "original", "osmid": 396, "highway": "residential", "lanes": null, "maxspeed": "50", "name": "Szent L\u00e1szl\u00f3 utca", "ref": null, "oneway": false, "reversed": false, "length": 77.55860583077177, "from": "526", "to": "532", "bridge": null, "_key": "0", "access": null, "width": null}, "geometry": {"type": "LineString", "coordinates": [[19.13509739999999, 47.41396600000002], [19.135686699999994, 47.41349650000004], [19.135764699999996, 47.41343440000008]]}}, {"id": "(532, 536, 0)", "type": "Feature", "properties": {"_status": "original", "osmid": 428, "highway": "residential", "lanes": null, "maxspeed": "30", "name": "Pistahegyi \u00fat", "ref": null, "oneway": false, "reversed": true, "length": 71.45808586087968, "from": "536", "to": "532", "bridge": null, "_key": "0", "access": null, "width": null}, "geometry": {"type": "LineString", "coordinates": [[19.136480400000003, 47.41385680000005], [19.135764699999996, 47.41343440000008]]}}, {"id": "(522, 518, 0)", "type": "Feature", "properties": {"_status": "original", "osmid": 430, "highway": "residential", "lanes": null, "maxspeed": null, "name": "Liliomfa utca", "ref": null, "oneway": false, "reversed": true, "length": 83.75210302534697, "from": "518", "to": "522", "bridge": null, "_key": "0", "access": null, "width": null}, "geometry": {"type": "LineString", "coordinates": [[19.1341764, 47.41354339999999], [19.1345809, 47.412841700000044]]}}, {"id": "(522, 513, 0)", "type": "Feature", "properties": {"_status": "original", "osmid": 431, "highway": "residential", "lanes": null, "maxspeed": "30", "name": "Kertv\u00e1rosi k\u00f6r\u00fat", "ref": null, "oneway": false, "reversed": true, "length": 83.0346102362301, "from": "513", "to": "522", "bridge": null, "_key": "0", "access": null, "width": null}, "geometry": {"type": "LineString", "coordinates": [[19.133499799999996, 47.412715900000016], [19.1339531, 47.41273260000002], [19.134257000000005, 47.41277080000002], [19.1345809, 47.412841700000044]]}}, {"id": "(522, 527, 0)", "type": "Feature", "properties": {"_status": "original", "osmid": 432, "highway": "residential", "lanes": null, "maxspeed": null, "name": "Liliomfa utca", "ref": null, "oneway": false, "reversed": false, "length": 118.88101810199936, "from": "527", "to": "522", "bridge": null, "_key": "0", "access": null, "width": null}, "geometry": {"type": "LineString", "coordinates": [[19.134744399999995, 47.41189890000006], [19.134964899999993, 47.412011500000006], [19.134973000000002, 47.412189400000045], [19.1345809, 47.412841700000044]]}}, {"id": "(547, 536, 0)", "type": "Feature", "properties": {"_status": "original", "osmid": 403, "highway": "residential", "lanes": null, "maxspeed": "30", "name": "Pistahegyi \u00fat", "ref": null, "oneway": false, "reversed": true, "length": 144.51278189257414, "from": "547", "to": "536", "bridge": null, "_key": "0", "access": null, "width": null}, "geometry": {"type": "LineString", "coordinates": [[19.137951499999996, 47.414692300000034], [19.137602499999996, 47.41449410000001], [19.136480400000003, 47.41385680000005]]}}, {"id": "(547, 542, 0)", "type": "Feature", "properties": {"_status": "original", "osmid": 404, "highway": "residential", "lanes": null, "maxspeed": "30", "name": "Dinnyehegyi \u00fat", "ref": null, "oneway": false, "reversed": true, "length": 73.91149771320391, "from": "542", "to": "547", "bridge": null, "_key": "0", "access": null, "width": null}, "geometry": {"type": "LineString", "coordinates": [[19.1373217, 47.41520240000005], [19.137951499999996, 47.414692300000034]]}}, {"id": "(479, 474, 0)", "type": "Feature", "properties": {"_status": "original", "osmid": 251, "highway": "residential", "lanes": null, "maxspeed": "30", "name": "Mesgye utca", "ref": null, "oneway": false, "reversed": false, "length": 70.60382095756646, "from": "479", "to": "474", "bridge": null, "_key": "0", "access": null, "width": null}, "geometry": {"type": "LineString", "coordinates": [[19.1315886, 47.417737800000026], [19.130862000000004, 47.417336]]}}, {"id": "(479, 484, 0)", "type": "Feature", "properties": {"_status": "original", "osmid": 252, "highway": "residential", "lanes": null, "maxspeed": "30", "name": "Mesgye utca", "ref": null, "oneway": false, "reversed": false, "length": 74.27009697083028, "from": "484", "to": "479", "bridge": null, "_key": "0", "access": null, "width": null}, "geometry": {"type": "LineString", "coordinates": [[19.132358399999994, 47.41815590000005], [19.1315886, 47.417737800000026]]}}, {"id": "(479, 488, 0)", "type": "Feature", "properties": {"_status": "original", "osmid": 253, "highway": "residential", "lanes": null, "maxspeed": "30", "name": "\u00d6rd\u00f6gszek\u00e9r utca", "ref": null, "oneway": false, "reversed": true, "length": 116.34946423157987, "from": "488", "to": "479", "bridge": null, "_key": "0", "access": null, "width": null}, "geometry": {"type": "LineString", "coordinates": [[19.1326092, 47.41695230000007], [19.132123900000007, 47.417348900000015], [19.1315886, 47.417737800000026]]}}, {"id": "(474, 454, 0)", "type": "Feature", "properties": {"_status": "original", "osmid": 254, "highway": "tertiary", "lanes": null, "maxspeed": "50", "name": "Szent L\u00e1szl\u00f3 utca", "ref": null, "oneway": false, "reversed": false, "length": 188.72272443559507, "from": "454", "to": "474", "bridge": null, "_key": "0", "access": null, "width": null}, "geometry": {"type": "LineString", "coordinates": [[19.129326999999996, 47.418678300000046], [19.130862000000004, 47.417336]]}}, {"id": "(474, 483, 0)", "type": "Feature", "properties": {"_status": "original", "osmid": 255, "highway": "tertiary", "lanes": "2", "maxspeed": "50", "name": "Szent L\u00e1szl\u00f3 utca", "ref": null, "oneway": false, "reversed": true, "length": 116.68280174991662, "from": "483", "to": "474", "bridge": null, "_key": "0", "access": null, "width": null}, "geometry": {"type": "LineString", "coordinates": [[19.131876599999995, 47.416542500000006], [19.131760499999995, 47.41662920000001], [19.131629099999994, 47.4167375], [19.131389200000005, 47.416924600000065], [19.131282199999994, 47.417008100000054], [19.131178000000006, 47.41708940000002], [19.131063599999997, 47.41717870000004], [19.130862000000004, 47.417336]]}}, {"id": "(484, 470, 0)", "type": "Feature", "properties": {"_status": "original", "osmid": 261, "highway": "residential", "lanes": null, "maxspeed": "30", "name": "Szil\u00e1gyi Dezs\u0151 utca", "ref": null, "oneway": false, "reversed": false, "length": 188.87617661794317, "from": "484", "to": "470", "bridge": null, "_key": "0", "access": null, "width": null}, "geometry": {"type": "LineString", "coordinates": [[19.132358399999994, 47.41815590000005], [19.1307078, 47.41943570000002]]}}, {"id": "(484, 498, 0)", "type": "Feature", "properties": {"_status": "original", "osmid": 262, "highway": "residential", "lanes": null, "maxspeed": "30", "name": "Szil\u00e1gyi Dezs\u0151 utca", "ref": null, "oneway": false, "reversed": true, "length": 117.32632878617906, "from": "484", "to": "498", "bridge": null, "_key": "0", "access": null, "width": null}, "geometry": {"type": "LineString", "coordinates": [[19.132358399999994, 47.41815590000005], [19.133356999999997, 47.417345500000025]]}}, {"id": "(484, 492, 0)", "type": "Feature", "properties": {"_status": "original", "osmid": 263, "highway": "residential", "lanes": null, "maxspeed": "30", "name": "Mesgye utca", "ref": null, "oneway": false, "reversed": false, "length": 69.59635307524637, "from": "492", "to": "484", "bridge": null, "_key": "0", "access": null, "width": null}, "geometry": {"type": "LineString", "coordinates": [[19.133052399999997, 47.41856970000005], [19.132358399999994, 47.41815590000005]]}}, {"id": "(488, 483, 0)", "type": "Feature", "properties": {"_status": "original", "osmid": 259, "highway": "residential", "lanes": null, "maxspeed": "30", "name": "Kisk\u00f3csag utca", "ref": null, "oneway": false, "reversed": false, "length": 71.5180667021607, "from": "488", "to": "483", "bridge": null, "_key": "0", "access": null, "width": null}, "geometry": {"type": "LineString", "coordinates": [[19.1326092, 47.41695230000007], [19.131876599999995, 47.416542500000006]]}}, {"id": "(488, 489, 0)", "type": "Feature", "properties": {"_status": "original", "osmid": 264, "highway": "residential", "lanes": null, "maxspeed": "30", "name": "Kisk\u00f3csag utca", "ref": null, "oneway": false, "reversed": false, "length": 4.26897196660503, "from": "489", "to": "488", "bridge": null, "_key": "0", "access": null, "width": null}, "geometry": {"type": "LineString", "coordinates": [[19.132656599999997, 47.41697340000004], [19.1326092, 47.41695230000007]]}}, {"id": "(454, 470, 0)", "type": "Feature", "properties": {"_status": "original", "osmid": 256, "highway": "residential", "lanes": null, "maxspeed": "30", "name": "Mez\u0151lak utca", "ref": null, "oneway": false, "reversed": true, "length": 133.8470604336109, "from": "470", "to": "454", "bridge": null, "_key": "0", "access": null, "width": "6"}, "geometry": {"type": "LineString", "coordinates": [[19.1307078, 47.41943570000002], [19.1294483, 47.418727900000064], [19.129326999999996, 47.418678300000046]]}}, {"id": "(454, 444, 0)", "type": "Feature", "properties": {"_status": "original", "osmid": 257, "highway": "residential", "lanes": null, "maxspeed": "30", "name": "Mez\u0151lak utca", "ref": null, "oneway": false, "reversed": false, "length": 108.25849740842634, "from": "444", "to": "454", "bridge": null, "_key": "0", "access": null, "width": "6"}, "geometry": {"type": "LineString", "coordinates": [[19.128231599999992, 47.418048700000064], [19.1291942, 47.41862079999999], [19.129326999999996, 47.418678300000046]]}}, {"id": "(454, 423, 0)", "type": "Feature", "properties": {"_status": "original", "osmid": 258, "highway": "tertiary", "lanes": null, "maxspeed": "50", "name": "Szent L\u00e1szl\u00f3 utca", "ref": null, "oneway": false, "reversed": false, "length": 234.50605422378294, "from": "423", "to": "454", "bridge": null, "_key": "0", "access": null, "width": null}, "geometry": {"type": "LineString", "coordinates": [[19.1274081, 47.4203402], [19.128346099999998, 47.41952400000003], [19.129326999999996, 47.418678300000046]]}}, {"id": "(483, 491, 0)", "type": "Feature", "properties": {"_status": "original", "osmid": 260, "highway": "tertiary", "lanes": null, "maxspeed": "50", "name": "Szent L\u00e1szl\u00f3 utca", "ref": null, "oneway": false, "reversed": true, "length": 77.82293549391392, "from": "491", "to": "483", "bridge": null, "_key": "0", "access": null, "width": null}, "geometry": {"type": "LineString", "coordinates": [[19.132555, 47.416014200000006], [19.132090800000004, 47.416375700000046], [19.131876599999995, 47.416542500000006]]}}, {"id": "(470, 480, 0)", "type": "Feature", "properties": {"_status": "original", "osmid": 266, "highway": "residential", "lanes": null, "maxspeed": "30", "name": "Mez\u0151lak utca", "ref": null, "oneway": false, "reversed": false, "length": 135.10250616078585, "from": "470", "to": "480", "bridge": null, "_key": "0", "access": null, "width": "6"}, "geometry": {"type": "LineString", "coordinates": [[19.1307078, 47.41943570000002], [19.1320532, 47.42024040000006]]}}, {"id": "(444, 403, 0)", "type": "Feature", "properties": {"_status": "original", "osmid": 267, "highway": "residential", "lanes": null, "maxspeed": "30", "name": "Nevel\u0151 utca", "ref": null, "oneway": false, "reversed": true, "length": 234.81399195922324, "from": "444", "to": "403", "bridge": null, "_key": "0", "access": null, "width": "4.9"}, "geometry": {"type": "LineString", "coordinates": [[19.128231599999992, 47.418048700000064], [19.127242600000002, 47.41888679999998], [19.1262844, 47.419698999999994]]}}, {"id": "(423, 406, 0)", "type": "Feature", "properties": {"_status": "original", "osmid": 269, "highway": "tertiary", "lanes": null, "maxspeed": ["50", "30"], "name": "Szent L\u00e1szl\u00f3 utca", "ref": null, "oneway": false, "reversed": true, "length": 96.45039233601304, "from": "423", "to": "406", "bridge": null, "_key": "0", "access": null, "width": null}, "geometry": {"type": "LineString", "coordinates": [[19.1274081, 47.4203402], [19.126874, 47.4207953], [19.126621099999998, 47.421024800000005]]}}, {"id": "(423, 403, 0)", "type": "Feature", "properties": {"_status": "original", "osmid": 270, "highway": "residential", "lanes": null, "maxspeed": "30", "name": "Kertes utca", "ref": null, "oneway": false, "reversed": false, "length": 110.59403830453046, "from": "403", "to": "423", "bridge": null, "_key": "0", "access": null, "width": null}, "geometry": {"type": "LineString", "coordinates": [[19.1262844, 47.419698999999994], [19.1274081, 47.4203402]]}}, {"id": "(491, 500, 0)", "type": "Feature", "properties": {"_status": "original", "osmid": 271, "highway": "tertiary", "lanes": null, "maxspeed": "50", "name": "Szent L\u00e1szl\u00f3 utca", "ref": null, "oneway": false, "reversed": false, "length": 66.97550783282746, "from": "491", "to": "500", "bridge": null, "_key": "0", "access": null, "width": null}, "geometry": {"type": "LineString", "coordinates": [[19.132555, 47.416014200000006], [19.133124699999996, 47.41555140000002]]}}, {"id": "(491, 501, 0)", "type": "Feature", "properties": {"_status": "original", "osmid": 272, "highway": "residential", "lanes": null, "maxspeed": "30", "name": "\u0150rg\u00e9bics utca", "ref": null, "oneway": false, "reversed": true, "length": 75.49396788987178, "from": "501", "to": "491", "bridge": null, "_key": "0", "access": null, "width": null}, "geometry": {"type": "LineString", "coordinates": [[19.1333166, 47.41645619999999], [19.132555, 47.416014200000006]]}}, {"id": "(498, 507, 0)", "type": "Feature", "properties": {"_status": "original", "osmid": 410, "highway": "residential", "lanes": null, "maxspeed": "30", "name": "Kisk\u00f3csag utca", "ref": null, "oneway": false, "reversed": true, "length": 72.73343053862199, "from": "498", "to": "507", "bridge": null, "_key": "0", "access": null, "width": null}, "geometry": {"type": "LineString", "coordinates": [[19.133356999999997, 47.417345500000025], [19.134098699999996, 47.417765000000024]]}}, {"id": "(498, 489, 0)", "type": "Feature", "properties": {"_status": "original", "osmid": 427, "highway": "residential", "lanes": null, "maxspeed": "30", "name": "Kisk\u00f3csag utca", "ref": null, "oneway": false, "reversed": true, "length": 67.0006984207924, "from": "489", "to": "498", "bridge": null, "_key": "0", "access": null, "width": null}, "geometry": {"type": "LineString", "coordinates": [[19.132656599999997, 47.41697340000004], [19.13295919999999, 47.4171341], [19.133140199999996, 47.41723030000002], [19.133356999999997, 47.417345500000025]]}}, {"id": "(492, 507, 0)", "type": "Feature", "properties": {"_status": "original", "osmid": 409, "highway": "residential", "lanes": null, "maxspeed": "30", "name": "Dinnyehegyi \u00fat", "ref": null, "oneway": false, "reversed": true, "length": 119.1794045206639, "from": "492", "to": "507", "bridge": null, "_key": "0", "access": null, "width": null}, "geometry": {"type": "LineString", "coordinates": [[19.133052399999997, 47.41856970000005], [19.134098699999996, 47.417765000000024]]}}, {"id": "(492, 502, 0)", "type": "Feature", "properties": {"_status": "original", "osmid": 411, "highway": "residential", "lanes": null, "maxspeed": "30", "name": "Mesgye utca", "ref": null, "oneway": false, "reversed": true, "length": 72.79191849009797, "from": "492", "to": "502", "bridge": null, "_key": "0", "access": null, "width": null}, "geometry": {"type": "LineString", "coordinates": [[19.133052399999997, 47.41856970000005], [19.133795499999994, 47.418988900000016]]}}, {"id": "(489, 501, 0)", "type": "Feature", "properties": {"_status": "original", "osmid": 383, "highway": "residential", "lanes": null, "maxspeed": null, "name": "\u00d6rd\u00f6gszek\u00e9r utca", "ref": null, "oneway": false, "reversed": true, "length": 75.9832855065344, "from": "501", "to": "489", "bridge": null, "_key": "0", "access": null, "width": null}, "geometry": {"type": "LineString", "coordinates": [[19.1333166, 47.41645619999999], [19.133086900000006, 47.41663620000005], [19.132656599999997, 47.41697340000004]]}}, {"id": "(480, 482, 0)", "type": "Feature", "properties": {"_status": "original", "osmid": 372, "highway": "residential", "lanes": null, "maxspeed": "30", "name": "Hrivn\u00e1k P\u00e1l utca", "ref": null, "oneway": false, "reversed": false, "length": 46.25072265887592, "from": "482", "to": "480", "bridge": null, "_key": "0", "access": null, "width": null}, "geometry": {"type": "LineString", "coordinates": [[19.1324734, 47.41993680000001], [19.1320532, 47.42024040000006]]}}, {"id": "(403, 379, 0)", "type": "Feature", "properties": {"_status": "original", "osmid": 287, "highway": "residential", "lanes": null, "maxspeed": "30", "name": "Kertes utca", "ref": null, "oneway": false, "reversed": true, "length": 101.10919582627385, "from": "403", "to": "379", "bridge": null, "_key": "0", "access": null, "width": null}, "geometry": {"type": "LineString", "coordinates": [[19.1262844, 47.419698999999994], [19.125284600000004, 47.419091399999985]]}}, {"id": "(406, 345, 0)", "type": "Feature", "properties": {"_status": "original", "osmid": 273, "highway": "tertiary", "lanes": null, "maxspeed": "50", "name": "Tartsay utca", "ref": null, "oneway": false, "reversed": false, "length": 314.3745431083742, "from": "345", "to": "406", "bridge": null, "_key": "0", "access": null, "width": null}, "geometry": {"type": "LineString", "coordinates": [[19.123458299999992, 47.41917720000001], [19.126621099999998, 47.421024800000005]]}}, {"id": "(500, 504, 0)", "type": "Feature", "properties": {"_status": "original", "osmid": 376, "highway": "tertiary", "lanes": null, "maxspeed": "50", "name": "Szent L\u00e1szl\u00f3 utca", "ref": null, "oneway": false, "reversed": true, "length": 16.101903950877578, "from": "504", "to": "500", "bridge": null, "_key": "0", "access": null, "width": null}, "geometry": {"type": "LineString", "coordinates": [[19.133251600000005, 47.41543480000001], [19.133189700000003, 47.41549170000002], [19.133124699999996, 47.41555140000002]]}}, {"id": "(500, 523, 0)", "type": "Feature", "properties": {"_status": "original", "osmid": 377, "highway": "tertiary", "lanes": null, "maxspeed": "50", "name": "\u00dajtelep \u00fat", "ref": null, "oneway": true, "reversed": false, "length": 218.0237339665319, "from": "523", "to": "500", "bridge": null, "_key": "0", "access": null, "width": null}, "geometry": {"type": "LineString", "coordinates": [[19.1353494, 47.416807700000035], [19.133124699999996, 47.41555140000002]]}}, {"id": "(501, 517, 0)", "type": "Feature", "properties": {"_status": "original", "osmid": 384, "highway": "residential", "lanes": null, "maxspeed": "30", "name": "\u0150rg\u00e9bics utca", "ref": null, "oneway": false, "reversed": false, "length": 140.02765327565643, "from": "501", "to": "517", "bridge": null, "_key": "0", "access": null, "width": null}, "geometry": {"type": "LineString", "coordinates": [[19.1333166, 47.41645619999999], [19.133532400000004, 47.41657789999997], [19.1337844, 47.41672000000002], [19.13474639999999, 47.417262300000026]]}}, {"id": "(345, 321, 0)", "type": "Feature", "properties": {"_status": "original", "osmid": 274, "highway": "residential", "lanes": null, "maxspeed": "30", "name": "Ny\u00edr utca", "ref": null, "oneway": false, "reversed": true, "length": 96.14849325999275, "from": "321", "to": "345", "bridge": null, "_key": "0", "access": null, "width": null}, "geometry": {"type": "LineString", "coordinates": [[19.122633199999992, 47.41983750000004], [19.123458299999992, 47.41917720000001]]}}, {"id": "(345, 365, 0)", "type": "Feature", "properties": {"_status": "original", "osmid": 275, "highway": "residential", "lanes": null, "maxspeed": "30", "name": "Ny\u00edr utca", "ref": null, "oneway": false, "reversed": false, "length": 97.49939820512827, "from": "365", "to": "345", "bridge": null, "_key": "0", "access": null, "width": null}, "geometry": {"type": "LineString", "coordinates": [[19.124269100000003, 47.41849320000001], [19.123458299999992, 47.41917720000001]]}}, {"id": "(365, 379, 0)", "type": "Feature", "properties": {"_status": "original", "osmid": 282, "highway": "residential", "lanes": null, "maxspeed": "30", "name": "Kertes utca", "ref": null, "oneway": false, "reversed": true, "length": 101.30234307701663, "from": "379", "to": "365", "bridge": null, "_key": "0", "access": null, "width": null}, "geometry": {"type": "LineString", "coordinates": [[19.125284600000004, 47.419091399999985], [19.124269100000003, 47.41849320000001]]}}, {"id": "(379, 401, 0)", "type": "Feature", "properties": {"_status": "original", "osmid": 412, "highway": "residential", "lanes": null, "maxspeed": "30", "name": "Apr\u00f3 utca", "ref": null, "oneway": false, "reversed": true, "length": 59.15015733985311, "from": "401", "to": "379", "bridge": null, "_key": "0", "access": null, "width": null}, "geometry": {"type": "LineString", "coordinates": [[19.125798100000004, 47.418688599999996], [19.125284600000004, 47.419091399999985]]}}, {"id": "(332, 304, 0)", "type": "Feature", "properties": {"_status": "original", "osmid": 290, "highway": "secondary", "lanes": null, "maxspeed": "50", "name": "Zom\u00e1nc utca", "ref": null, "oneway": true, "reversed": false, "length": 131.73664653868954, "from": "332", "to": "304", "bridge": null, "_key": "0", "access": null, "width": null}, "geometry": {"type": "LineString", "coordinates": [[19.12123830000001, 47.40818040000002], [19.121186, 47.408184900000045], [19.120543499999993, 47.408042800000025], [19.1204428, 47.40803700000007], [19.119548300000005, 47.40818500000003]]}}, {"id": "(332, 323, 0)", "type": "Feature", "properties": {"_status": "original", "osmid": 291, "highway": "residential", "lanes": null, "maxspeed": "30", "name": "Wekerle S\u00e1ndor utca", "ref": null, "oneway": false, "reversed": true, "length": 54.71165623113458, "from": "323", "to": "332", "bridge": null, "_key": "0", "access": null, "width": null}, "geometry": {"type": "LineString", "coordinates": [[19.1207645, 47.40855360000004], [19.12123830000001, 47.40818040000002]]}}, {"id": "(304, 298, 0)", "type": "Feature", "properties": {"_status": "original", "osmid": 292, "highway": "secondary", "lanes": null, "maxspeed": "50", "name": "T\u00e1rcs\u00e1s utca", "ref": null, "oneway": false, "reversed": true, "length": 20.1331379435281, "from": "304", "to": "298", "bridge": null, "_key": "0", "access": null, "width": null}, "geometry": {"type": "LineString", "coordinates": [[19.119548300000005, 47.40818500000003], [19.119353699999998, 47.408205700000025], [19.119284199999996, 47.40819750000001]]}}, {"id": "(323, 287, 0)", "type": "Feature", "properties": {"_status": "original", "osmid": 295, "highway": "residential", "lanes": null, "maxspeed": "30", "name": "Ruca utca", "ref": null, "oneway": false, "reversed": true, "length": 129.8981071039031, "from": "323", "to": "287", "bridge": null, "_key": "0", "access": null, "width": null}, "geometry": {"type": "LineString", "coordinates": [[19.1207645, 47.40855360000004], [19.119104199999995, 47.40887320000002]]}}, {"id": "(323, 313, 0)", "type": "Feature", "properties": {"_status": "original", "osmid": 296, "highway": "residential", "lanes": null, "maxspeed": "30", "name": "Wekerle S\u00e1ndor utca", "ref": null, "oneway": false, "reversed": true, "length": 66.91069214229374, "from": "313", "to": "323", "bridge": null, "_key": "0", "access": null, "width": null}, "geometry": {"type": "LineString", "coordinates": [[19.120225899999994, 47.40902960000002], [19.1202567, 47.40897970000002], [19.120316599999992, 47.40892060000005], [19.1207645, 47.40855360000004]]}}, {"id": "(298, 287, 0)", "type": "Feature", "properties": {"_status": "original", "osmid": 299, "highway": "tertiary", "lanes": "2", "maxspeed": "50", "name": "K\u00f6nyves utca", "ref": null, "oneway": false, "reversed": true, "length": 76.36650228479932, "from": "287", "to": "298", "bridge": null, "_key": "0", "access": null, "width": null}, "geometry": {"type": "LineString", "coordinates": [[19.119104199999995, 47.40887320000002], [19.11919629999999, 47.40848290000002], [19.119284199999996, 47.40819750000001]]}}, {"id": "(298, 288, 0)", "type": "Feature", "properties": {"_status": "original", "osmid": 301, "highway": "secondary", "lanes": null, "maxspeed": "50", "name": "T\u00e1rcs\u00e1s utca", "ref": null, "oneway": false, "reversed": false, "length": 31.073764325363438, "from": "288", "to": "298", "bridge": null, "_key": "0", "access": null, "width": null}, "geometry": {"type": "LineString", "coordinates": [[19.1189552, 47.40802870000003], [19.119042299999997, 47.408073300000034], [19.119123099999992, 47.40811450000006], [19.1191608, 47.40813340000002], [19.119193599999992, 47.40814980000003], [19.119249600000003, 47.40817790000001], [19.119284199999996, 47.40819750000001]]}}, {"id": "(381, 363, 0)", "type": "Feature", "properties": {"_status": "original", "osmid": 297, "highway": "residential", "lanes": null, "maxspeed": null, "name": null, "ref": null, "oneway": false, "reversed": true, "length": 98.31885645957493, "from": "363", "to": "381", "bridge": null, "_key": "0", "access": null, "width": null}, "geometry": {"type": "LineString", "coordinates": [[19.122389400000003, 47.40799869999998], [19.123453, 47.40851220000003]]}}, {"id": "(381, 349, 0)", "type": "Feature", "properties": {"_status": "original", "osmid": 298, "highway": "residential", "lanes": null, "maxspeed": null, "name": "Ugarsz\u00e9l \u00fat", "ref": null, "oneway": false, "reversed": false, "length": 195.64071079882632, "from": "349", "to": "381", "bridge": null, "_key": "0", "access": null, "width": null}, "geometry": {"type": "LineString", "coordinates": [[19.12203439999999, 47.40998620000002], [19.122883799999997, 47.40907210000007], [19.123453, 47.40851220000003]]}}, {"id": "(287, 285, 0)", "type": "Feature", "properties": {"_status": "original", "osmid": 300, "highway": "tertiary", "lanes": "2", "maxspeed": "50", "name": "K\u00f6nyves utca", "ref": null, "oneway": false, "reversed": true, "length": 52.47767162608118, "from": "285", "to": "287", "bridge": null, "_key": "0", "access": null, "width": null}, "geometry": {"type": "LineString", "coordinates": [[19.1189986, 47.40933970000002], [19.119104199999995, 47.40887320000002]]}}, {"id": "(313, 285, 0)", "type": "Feature", "properties": {"_status": "original", "osmid": 304, "highway": "residential", "lanes": null, "maxspeed": "30", "name": "Csillag utca", "ref": null, "oneway": false, "reversed": true, "length": 100.61951158320491, "from": "285", "to": "313", "bridge": null, "_key": "0", "access": null, "width": null}, "geometry": {"type": "LineString", "coordinates": [[19.1189986, 47.40933970000002], [19.1201149, 47.40911770000004], [19.120174299999988, 47.409085800000014], [19.120225899999994, 47.40902960000002]]}}, {"id": "(313, 322, 0)", "type": "Feature", "properties": {"_status": "original", "osmid": 310, "highway": "residential", "lanes": null, "maxspeed": "30", "name": "T\u00f6retlen utca", "ref": null, "oneway": false, "reversed": true, "length": 60.92638296225951, "from": "322", "to": "313", "bridge": null, "_key": "0", "access": null, "width": null}, "geometry": {"type": "LineString", "coordinates": [[19.1208278, 47.40939420000004], [19.120590699999997, 47.40926690000001], [19.120445900000004, 47.40918700000004], [19.120225899999994, 47.40902960000002]]}}, {"id": "(349, 340, 0)", "type": "Feature", "properties": {"_status": "original", "osmid": 433, "highway": "residential", "lanes": null, "maxspeed": "30", "name": "T\u00f6retlen utca", "ref": null, "oneway": false, "reversed": false, "length": 31.943723892339356, "from": "340", "to": "349", "bridge": null, "_key": "0", "access": null, "width": null}, "geometry": {"type": "LineString", "coordinates": [[19.121686700000005, 47.40982140000004], [19.12203439999999, 47.40998620000002]]}}, {"id": "(285, 282, 0)", "type": "Feature", "properties": {"_status": "original", "osmid": 305, "highway": "tertiary", "lanes": "2", "maxspeed": "50", "name": "K\u00f6nyves utca", "ref": null, "oneway": false, "reversed": true, "length": 51.46047525008387, "from": "282", "to": "285", "bridge": null, "_key": "0", "access": null, "width": null}, "geometry": {"type": "LineString", "coordinates": [[19.118881, 47.409795600000045], [19.1189986, 47.40933970000002]]}}, {"id": "(288, 280, 0)", "type": "Feature", "properties": {"_status": "original", "osmid": 302, "highway": "secondary", "lanes": null, "maxspeed": "50", "name": "T\u00e1rcs\u00e1s utca", "ref": null, "oneway": false, "reversed": false, "length": 60.95064786242789, "from": "280", "to": "288", "bridge": null, "_key": "0", "access": null, "width": null}, "geometry": {"type": "LineString", "coordinates": [[19.118300499999997, 47.407706000000005], [19.1189552, 47.40802870000003]]}}, {"id": "(288, 245, 0)", "type": "Feature", "properties": {"_status": "original", "osmid": 303, "highway": ["residential", "pedestrian"], "lanes": null, "maxspeed": "50", "name": "R\u00e9z\u00f6nt\u0151 utca", "ref": null, "oneway": false, "reversed": false, "length": 144.6340911511257, "from": "245", "to": "288", "bridge": null, "_key": "0", "access": null, "width": null}, "geometry": {"type": "LineString", "coordinates": [[19.117360199999997, 47.40859330000006], [19.118687699999995, 47.40835189999999], [19.1189552, 47.40802870000003]]}}, {"id": "(280, 270, 0)", "type": "Feature", "properties": {"_status": "original", "osmid": 306, "highway": "secondary", "lanes": null, "maxspeed": "50", "name": "T\u00e1rcs\u00e1s utca", "ref": null, "oneway": false, "reversed": true, "length": 20.16445732925855, "from": "280", "to": "270", "bridge": null, "_key": "0", "access": null, "width": null}, "geometry": {"type": "LineString", "coordinates": [[19.118300499999997, 47.407706000000005], [19.11808769999999, 47.40759580000001]]}}, {"id": "(280, 290, 0)", "type": "Feature", "properties": {"_status": "original", "osmid": 307, "highway": "residential", "lanes": null, "maxspeed": "30", "name": "Szab\u00f3ky Rezs\u0151 utca", "ref": null, "oneway": true, "reversed": false, "length": 74.09407220133612, "from": "280", "to": "290", "bridge": null, "_key": "0", "access": null, "width": null}, "geometry": {"type": "LineString", "coordinates": [[19.118300499999997, 47.407706000000005], [19.1189222, 47.407189300000034]]}}, {"id": "(245, 239, 0)", "type": "Feature", "properties": {"_status": "original", "osmid": 308, "highway": "secondary", "lanes": null, "maxspeed": "50", "name": "R\u00e9z\u00f6nt\u0151 utca", "ref": null, "oneway": true, "reversed": false, "length": 41.99251134757568, "from": "245", "to": "239", "bridge": null, "_key": "0", "access": null, "width": null}, "geometry": {"type": "LineString", "coordinates": [[19.117360199999997, 47.40859330000006], [19.11683169999999, 47.408714500000045]]}}, {"id": "(245, 270, 0)", "type": "Feature", "properties": {"_status": "original", "osmid": 309, "highway": "secondary", "lanes": null, "maxspeed": "50", "name": "Tisza utca", "ref": null, "oneway": true, "reversed": false, "length": 123.70105238568075, "from": "270", "to": "245", "bridge": null, "_key": "0", "access": null, "width": null}, "geometry": {"type": "LineString", "coordinates": [[19.11808769999999, 47.40759580000001], [19.117645599999996, 47.40821630000001], [19.117360199999997, 47.40859330000006]]}}, {"id": "(282, 322, 0)", "type": "Feature", "properties": {"_status": "original", "osmid": 434, "highway": "residential", "lanes": null, "maxspeed": "30", "name": "Vit\u00e9z utca", "ref": null, "oneway": true, "reversed": false, "length": 153.43152270440441, "from": "322", "to": "282", "bridge": null, "_key": "0", "access": null, "width": null}, "geometry": {"type": "LineString", "coordinates": [[19.1208278, 47.40939420000004], [19.120793399999997, 47.409411300000045], [19.120732799999995, 47.40943270000002], [19.118881, 47.409795600000045]]}}, {"id": "(282, 279, 0)", "type": "Feature", "properties": {"_status": "original", "osmid": 436, "highway": "tertiary", "lanes": "2", "maxspeed": "50", "name": "K\u00f6nyves utca", "ref": null, "oneway": false, "reversed": true, "length": 63.63880464289899, "from": "279", "to": "282", "bridge": null, "_key": "0", "access": null, "width": null}, "geometry": {"type": "LineString", "coordinates": [[19.118755699999998, 47.4103616], [19.118881, 47.409795600000045]]}}, {"id": "(270, 255, 0)", "type": "Feature", "properties": {"_status": "original", "osmid": 311, "highway": "secondary", "lanes": null, "maxspeed": "30", "name": "T\u00e1rcs\u00e1s utca", "ref": null, "oneway": true, "reversed": false, "length": 61.71041180459544, "from": "255", "to": "270", "bridge": null, "_key": "0", "access": null, "width": null}, "geometry": {"type": "LineString", "coordinates": [[19.1174708, 47.40723020000001], [19.117755799999998, 47.40740220000004], [19.11808769999999, 47.40759580000001]]}}, {"id": "(290, 318, 0)", "type": "Feature", "properties": {"_status": "original", "osmid": 314, "highway": "residential", "lanes": null, "maxspeed": "30", "name": ["Erzs\u00e9bet utca", "Szab\u00f3ky Rezs\u0151 utca"], "ref": null, "oneway": true, "reversed": false, "length": 390.75782250624763, "from": "290", "to": "318", "bridge": null, "_key": "0", "access": null, "width": null}, "geometry": {"type": "LineString", "coordinates": [[19.1189222, 47.407189300000034], [19.120337600000003, 47.4060005], [19.12038099999999, 47.40595810000003], [19.120429199999986, 47.405907500000026], [19.1205713, 47.405737999999985], [19.1206219, 47.40566950000005], [19.12065319999999, 47.40562220000002], [19.1208098, 47.405358100000015], [19.120789099999996, 47.40525310000003], [19.120423799999994, 47.4048006], [19.1200848, 47.404530900000005], [19.1198286, 47.404295800000035]]}}, {"id": "(290, 268, 0)", "type": "Feature", "properties": {"_status": "original", "osmid": 315, "highway": "residential", "lanes": null, "maxspeed": "30", "name": "Kal\u00e1ris utca", "ref": null, "oneway": false, "reversed": false, "length": 103.51477556573698, "from": "268", "to": "290", "bridge": null, "_key": "0", "access": null, "width": null}, "geometry": {"type": "LineString", "coordinates": [[19.117845500000005, 47.406611200000036], [19.117907099999993, 47.40663370000003], [19.1189222, 47.407189300000034]]}}, {"id": "(239, 214, 0)", "type": "Feature", "properties": {"_status": "original", "osmid": 316, "highway": "secondary", "lanes": null, "maxspeed": "50", "name": "R\u00e9z\u00f6nt\u0151 utca", "ref": null, "oneway": true, "reversed": false, "length": 68.19794755619021, "from": "239", "to": "214", "bridge": null, "_key": "0", "access": null, "width": null}, "geometry": {"type": "LineString", "coordinates": [[19.11683169999999, 47.408714500000045], [19.1159558, 47.40887190000001]]}}, {"id": "(239, 234, 0)", "type": "Feature", "properties": {"_status": "original", "osmid": 317, "highway": "residential", "lanes": null, "maxspeed": null, "name": "Lovas utca", "ref": null, "oneway": false, "reversed": false, "length": 88.95418124633599, "from": "234", "to": "239", "bridge": null, "_key": "0", "access": null, "width": null}, "geometry": {"type": "LineString", "coordinates": [[19.11669480000001, 47.409509100000015], [19.11683169999999, 47.408714500000045]]}}, {"id": "(322, 340, 0)", "type": "Feature", "properties": {"_status": "original", "osmid": 435, "highway": "residential", "lanes": null, "maxspeed": "30", "name": "T\u00f6retlen utca", "ref": null, "oneway": false, "reversed": true, "length": 80.21214559260316, "from": "340", "to": "322", "bridge": null, "_key": "0", "access": null, "width": null}, "geometry": {"type": "LineString", "coordinates": [[19.121686700000005, 47.40982140000004], [19.1208278, 47.40939420000004]]}}, {"id": "(255, 240, 0)", "type": "Feature", "properties": {"_status": "original", "osmid": 312, "highway": "secondary", "lanes": null, "maxspeed": "50", "name": "T\u00e1rcs\u00e1s utca", "ref": null, "oneway": true, "reversed": false, "length": 76.15056322438383, "from": "240", "to": "255", "bridge": null, "_key": "0", "access": null, "width": null}, "geometry": {"type": "LineString", "coordinates": [[19.1165546, 47.406944900000006], [19.117362100000005, 47.40717550000006], [19.1174708, 47.40723020000001]]}}, {"id": "(255, 268, 0)", "type": "Feature", "properties": {"_status": "original", "osmid": 313, "highway": "residential", "lanes": null, "maxspeed": "30", "name": "L\u00e1ng Endre utca", "ref": null, "oneway": false, "reversed": true, "length": 74.38194449845489, "from": "268", "to": "255", "bridge": null, "_key": "0", "access": null, "width": null}, "geometry": {"type": "LineString", "coordinates": [[19.117845500000005, 47.406611200000036], [19.1174708, 47.40723020000001]]}}, {"id": "(240, 214, 0)", "type": "Feature", "properties": {"_status": "original", "osmid": 332, "highway": "residential", "lanes": null, "maxspeed": "30", "name": "Gy\u00e9k\u00e9ny utca", "ref": null, "oneway": false, "reversed": false, "length": 218.9599945982723, "from": "240", "to": "214", "bridge": null, "_key": "0", "access": null, "width": null}, "geometry": {"type": "LineString", "coordinates": [[19.1165546, 47.406944900000006], [19.116062300000003, 47.40852870000002], [19.1159558, 47.40887190000001]]}}, {"id": "(240, 236, 0)", "type": "Feature", "properties": {"_status": "original", "osmid": 479, "highway": "secondary", "lanes": null, "maxspeed": "50", "name": "T\u00e1rcs\u00e1s utca", "ref": null, "oneway": true, "reversed": false, "length": 15.09765469932645, "from": "236", "to": "240", "bridge": null, "_key": "0", "access": null, "width": null}, "geometry": {"type": "LineString", "coordinates": [[19.1163694, 47.40689270000003], [19.1165546, 47.406944900000006]]}}, {"id": "(268, 314, 0)", "type": "Feature", "properties": {"_status": "original", "osmid": 504, "highway": "residential", "lanes": null, "maxspeed": "30", "name": "L\u00e1ng Endre utca", "ref": null, "oneway": false, "reversed": false, "length": 314.90236130949853, "from": "268", "to": "314", "bridge": null, "_key": "0", "access": null, "width": null}, "geometry": {"type": "LineString", "coordinates": [[19.117845500000005, 47.406611200000036], [19.119563400000008, 47.404028900000014]]}}, {"id": "(318, 314, 0)", "type": "Feature", "properties": {"_status": "original", "osmid": 514, "highway": "residential", "lanes": null, "maxspeed": "30", "name": "Erzs\u00e9bet utca", "ref": null, "oneway": false, "reversed": true, "length": 35.76498968938828, "from": "314", "to": "318", "bridge": null, "_key": "0", "access": null, "width": null}, "geometry": {"type": "LineString", "coordinates": [[19.119563400000008, 47.404028900000014], [19.1198286, 47.404295800000035]]}}, {"id": "(318, 359, 0)", "type": "Feature", "properties": {"_status": "original", "osmid": 516, "highway": "residential", "lanes": null, "maxspeed": null, "name": "Lud\u00e1ny utca", "ref": null, "oneway": false, "reversed": false, "length": 199.59587440301416, "from": "359", "to": "318", "bridge": null, "_key": "0", "access": null, "width": null}, "geometry": {"type": "LineString", "coordinates": [[19.1215149, 47.40368980000008], [19.121264599999996, 47.40394770000007], [19.120947399999988, 47.40424940000001], [19.120576000000003, 47.404612500000006], [19.120498999999995, 47.404647700000055], [19.120418200000003, 47.40466440000005], [19.120333099999996, 47.40463860000002], [19.1202597, 47.404591700000054], [19.119934299999993, 47.404325300000046], [19.1198286, 47.404295800000035]]}}, {"id": "(214, 202, 0)", "type": "Feature", "properties": {"_status": "original", "osmid": 331, "highway": "secondary", "lanes": null, "maxspeed": "50", "name": "R\u00e9z\u00f6nt\u0151 utca", "ref": null, "oneway": true, "reversed": false, "length": 45.3363895187328, "from": "214", "to": "202", "bridge": null, "_key": "0", "access": null, "width": null}, "geometry": {"type": "LineString", "coordinates": [[19.1159558, 47.40887190000001], [19.1153809, 47.408993800000054]]}}, {"id": "(234, 168, 0)", "type": "Feature", "properties": {"_status": "original", "osmid": 335, "highway": "residential", "lanes": null, "maxspeed": null, "name": "Zsar\u00e1tnok utca", "ref": null, "oneway": false, "reversed": false, "length": 172.50160634372384, "from": "168", "to": "234", "bridge": null, "_key": "0", "access": null, "width": null}, "geometry": {"type": "LineString", "coordinates": [[19.11440629999999, 47.40941950000001], [19.11669480000001, 47.409509100000015]]}}, {"id": "(234, 229, 0)", "type": "Feature", "properties": {"_status": "original", "osmid": 333, "highway": "residential", "lanes": null, "maxspeed": null, "name": "Lovas utca", "ref": null, "oneway": false, "reversed": false, "length": 44.368745650233755, "from": "229", "to": "234", "bridge": null, "_key": "0", "access": null, "width": null}, "geometry": {"type": "LineString", "coordinates": [[19.116630000000004, 47.40990570000003], [19.11669480000001, 47.409509100000015]]}}, {"id": "(234, 254, 0)", "type": "Feature", "properties": {"_status": "original", "osmid": 334, "highway": "residential", "lanes": null, "maxspeed": null, "name": "Zsar\u00e1tnok utca", "ref": null, "oneway": false, "reversed": true, "length": 86.80306391752578, "from": "254", "to": "234", "bridge": null, "_key": "0", "access": null, "width": null}, "geometry": {"type": "LineString", "coordinates": [[19.1178425, 47.409430900000004], [19.11669480000001, 47.409509100000015]]}}, {"id": "(65, 64, 0)", "type": "Feature", "properties": {"_status": "original", "osmid": 699, "highway": "residential", "lanes": null, "maxspeed": null, "name": "Dob\u00f3 utca", "ref": null, "oneway": false, "reversed": false, "length": 26.882824472394372, "from": "64", "to": "65", "bridge": null, "_key": "0", "access": null, "width": null}, "geometry": {"type": "LineString", "coordinates": [[19.109017099999992, 47.40889480000004], [19.109344900000004, 47.408990900000035]]}}, {"id": "(65, 50, 0)", "type": "Feature", "properties": {"_status": "original", "osmid": 702, "highway": "residential", "lanes": null, "maxspeed": null, "name": ["Dob\u00f3 utca", "Fels\u0151 Duna part"], "ref": null, "oneway": false, "reversed": [false, true], "length": 585.2266589345109, "from": "50", "to": "65", "bridge": null, "_key": "0", "access": null, "width": null}, "geometry": {"type": "LineString", "coordinates": [[19.1070899, 47.408331800000035], [19.106989499999994, 47.408306000000046], [19.106960599999997, 47.408300199999985], [19.106929800000003, 47.408296500000056], [19.106873599999997, 47.408454000000056], [19.106850599999994, 47.40850559999999], [19.106827699999993, 47.408546400000034], [19.106772999999997, 47.4086322], [19.10671560000001, 47.40871190000003], [19.106670100000002, 47.408764200000014], [19.106449199999997, 47.40897199999999], [19.1062328, 47.4091717], [19.106177399999996, 47.40921570000004], [19.106069099999996, 47.40929300000003], [19.1059705, 47.409358300000044], [19.105898899999996, 47.40941020000006], [19.105844900000008, 47.40945480000006], [19.10578359999999, 47.40951419999999], [19.1057152, 47.40958310000005], [19.105670199999995, 47.40963400000001], [19.1056252, 47.40970230000003], [19.106313900000004, 47.409829900000034], [19.1063652, 47.40983750000006], [19.1064044, 47.40984230000004], [19.106440299999996, 47.40984449999998], [19.106475700000008, 47.40984460000004], [19.10650649999999, 47.40984280000004], [19.106537300000006, 47.40983810000006], [19.106563299999994, 47.4098309], [19.1065872, 47.4098217], [19.1066145, 47.40980730000003], [19.1067051, 47.4097459], [19.106796799999998, 47.40967229999998], [19.106828499999995, 47.40964340000004], [19.1068477, 47.40962309999998], [19.106866300000007, 47.40960120000002], [19.10689819999999, 47.40955780000001], [19.1072852, 47.408887800000045], [19.107297199999998, 47.40887360000002], [19.1073177, 47.40885710000004], [19.107340099999995, 47.40884570000005], [19.107364499999992, 47.40883590000003], [19.107389400000002, 47.408828199999995], [19.107416800000003, 47.40882480000003], [19.1074435, 47.408823100000006], [19.107473900000002, 47.408825000000036], [19.107498999999994, 47.40882940000002], [19.107551000000004, 47.40884410000002], [19.1075954, 47.40885850000002], [19.1076367, 47.40887500000002], [19.107681499999998, 47.408890800000016], [19.10801299999999, 47.408996000000045], [19.109129799999995, 47.40930330000001], [19.109162199999993, 47.409302100000026], [19.1091941, 47.40928720000005], [19.109209999999997, 47.4092616], [19.109344900000004, 47.408990900000035]]}}, {"id": "(211, 225, 0)", "type": "Feature", "properties": {"_status": "original", "osmid": 326, "highway": "secondary", "lanes": null, "maxspeed": "50", "name": "T\u00e1rcs\u00e1s utca", "ref": null, "oneway": true, "reversed": false, "length": 46.42527909235268, "from": "211", "to": "225", "bridge": null, "_key": "0", "access": null, "width": null}, "geometry": {"type": "LineString", "coordinates": [[19.115401800000004, 47.40662150000005], [19.115968100000003, 47.40678710000001]]}}, {"id": "(211, 179, 0)", "type": "Feature", "properties": {"_status": "original", "osmid": 328, "highway": "residential", "lanes": null, "maxspeed": "30", "name": "Szit\u00e1s utca", "ref": null, "oneway": false, "reversed": true, "length": 284.4516394855798, "from": "179", "to": "211", "bridge": null, "_key": "0", "access": null, "width": null}, "geometry": {"type": "LineString", "coordinates": [[19.114687799999995, 47.40913340000004], [19.1150202, 47.40788480000004], [19.115401800000004, 47.40662150000005]]}}, {"id": "(211, 258, 0)", "type": "Feature", "properties": {"_status": "original", "osmid": 327, "highway": "residential", "lanes": null, "maxspeed": "30", "name": "Szit\u00e1s utca", "ref": null, "oneway": false, "reversed": false, "length": 409.14721143506927, "from": "258", "to": "211", "bridge": null, "_key": "0", "access": null, "width": null}, "geometry": {"type": "LineString", "coordinates": [[19.116808100000004, 47.403087], [19.116098799999993, 47.4055027], [19.116061, 47.405599000000024], [19.116005299999998, 47.40571050000003], [19.115958599999995, 47.405802299999976], [19.1159052, 47.405898600000015], [19.115830899999995, 47.40601890000007], [19.115401800000004, 47.40662150000005]]}}, {"id": "(168, 163, 0)", "type": "Feature", "properties": {"_status": "original", "osmid": 481, "highway": "residential", "lanes": null, "maxspeed": null, "name": "Seb\u00e9sz utca", "ref": null, "oneway": false, "reversed": false, "length": 45.67622048664013, "from": "168", "to": "163", "bridge": null, "_key": "0", "access": null, "width": null}, "geometry": {"type": "LineString", "coordinates": [[19.11440629999999, 47.40941950000001], [19.1143298, 47.40982700000001]]}}, {"id": "(179, 202, 0)", "type": "Feature", "properties": {"_status": "original", "osmid": 357, "highway": "secondary", "lanes": null, "maxspeed": "50", "name": "R\u00e9z\u00f6nt\u0151 utca", "ref": null, "oneway": true, "reversed": false, "length": 54.41830374870139, "from": "202", "to": "179", "bridge": null, "_key": "0", "access": null, "width": null}, "geometry": {"type": "LineString", "coordinates": [[19.1153809, 47.408993800000054], [19.114687799999995, 47.40913340000004]]}}, {"id": "(225, 236, 0)", "type": "Feature", "properties": {"_status": "original", "osmid": 355, "highway": "secondary", "lanes": null, "maxspeed": "50", "name": "T\u00e1rcs\u00e1s utca", "ref": null, "oneway": true, "reversed": false, "length": 32.402491041666174, "from": "225", "to": "236", "bridge": null, "_key": "0", "access": null, "width": null}, "geometry": {"type": "LineString", "coordinates": [[19.115968100000003, 47.40678710000001], [19.1163694, 47.40689270000003]]}}, {"id": "(225, 202, 0)", "type": "Feature", "properties": {"_status": "original", "osmid": 356, "highway": "residential", "lanes": null, "maxspeed": "30", "name": "Aranykal\u00e1sz utca", "ref": null, "oneway": false, "reversed": false, "length": 249.32644970725306, "from": "202", "to": "225", "bridge": null, "_key": "0", "access": null, "width": null}, "geometry": {"type": "LineString", "coordinates": [[19.1153809, 47.408993800000054], [19.115662799999996, 47.407894300000024], [19.115968100000003, 47.40678710000001]]}}, {"id": "(258, 266, 0)", "type": "Feature", "properties": {"_status": "original", "osmid": 350, "highway": "residential", "lanes": null, "maxspeed": "30", "name": "Szit\u00e1s utca", "ref": null, "oneway": false, "reversed": false, "length": 59.87570983660316, "from": "266", "to": "258", "bridge": null, "_key": "0", "access": null, "width": null}, "geometry": {"type": "LineString", "coordinates": [[19.116993799999996, 47.402563400000034], [19.116808100000004, 47.403087]]}}, {"id": "(258, 292, 0)", "type": "Feature", "properties": {"_status": "original", "osmid": 351, "highway": "residential", "lanes": null, "maxspeed": "30", "name": "Erzs\u00e9bet utca", "ref": null, "oneway": false, "reversed": true, "length": 119.45500012671322, "from": "292", "to": "258", "bridge": null, "_key": "0", "access": null, "width": null}, "geometry": {"type": "LineString", "coordinates": [[19.11828029999999, 47.4034885], [19.116808100000004, 47.403087]]}}, {"id": "(229, 224, 0)", "type": "Feature", "properties": {"_status": "original", "osmid": 478, "highway": "residential", "lanes": null, "maxspeed": null, "name": "Lovas utca", "ref": null, "oneway": false, "reversed": true, "length": 52.722482445435745, "from": "229", "to": "224", "bridge": null, "_key": "0", "access": null, "width": null}, "geometry": {"type": "LineString", "coordinates": [[19.116630000000004, 47.40990570000003], [19.116534299999998, 47.4103754]]}}, {"id": "(229, 163, 0)", "type": "Feature", "properties": {"_status": "original", "osmid": 480, "highway": "residential", "lanes": null, "maxspeed": null, "name": "Zeller utca", "ref": null, "oneway": false, "reversed": false, "length": 173.31384658687213, "from": "163", "to": "229", "bridge": null, "_key": "0", "access": null, "width": null}, "geometry": {"type": "LineString", "coordinates": [[19.1143298, 47.40982700000001], [19.116630000000004, 47.40990570000003]]}}, {"id": "(148, 110, 0)", "type": "Feature", "properties": {"_status": "original", "osmid": 345, "highway": "residential", "lanes": null, "maxspeed": "20", "name": ["Vadv\u00edz utca", "Forster J\u00e1nos Jakab utca"], "ref": null, "oneway": false, "reversed": true, "length": 314.15969857965524, "from": "148", "to": "110", "bridge": null, "_key": "0", "access": "destination", "width": "3"}, "geometry": {"type": "LineString", "coordinates": [[19.111047, 47.39375400000003], [19.1107478, 47.39379340000003], [19.110627600000004, 47.393783600000035], [19.1103016, 47.39366450000001], [19.1102108, 47.39365429999998], [19.109912699999995, 47.39370130000003], [19.109865600000003, 47.39369700000006], [19.109821, 47.39366340000003], [19.109786500000002, 47.393445100000015], [19.109767399999992, 47.39321840000002], [19.109640300000002, 47.39255850000006], [19.109391700000003, 47.39192450000003], [19.1093485, 47.39175570000001]]}}, {"id": "(148, 154, 0)", "type": "Feature", "properties": {"_status": "original", "osmid": 346, "highway": "residential", "lanes": null, "maxspeed": null, "name": null, "ref": null, "oneway": false, "reversed": true, "length": 13.31246506028789, "from": "154", "to": "148", "bridge": null, "_key": "0", "access": null, "width": null}, "geometry": {"type": "LineString", "coordinates": [[19.111218400000002, 47.39372450000003], [19.111047, 47.39375400000003]]}}, {"id": "(58, 51, 0)", "type": "Feature", "properties": {"_status": "original", "osmid": 348, "highway": "residential", "lanes": null, "maxspeed": null, "name": "H\u00e1zhaj\u00f3 utca", "ref": null, "oneway": false, "reversed": true, "length": 97.86872620367697, "from": "51", "to": "58", "bridge": null, "_key": "0", "access": null, "width": null}, "geometry": {"type": "LineString", "coordinates": [[19.105992600000004, 47.401798800000044], [19.1063708, 47.40122410000003], [19.1065217, 47.40099480000003]]}}, {"id": "(110, 131, 0)", "type": "Feature", "properties": {"_status": "original", "osmid": 664, "highway": "residential", "lanes": null, "maxspeed": null, "name": "Tusa utca", "ref": null, "oneway": false, "reversed": true, "length": 58.741554610163035, "from": "131", "to": "110", "bridge": null, "_key": "0", "access": null, "width": null}, "geometry": {"type": "LineString", "coordinates": [[19.110101200000003, 47.39165160000006], [19.11001269999999, 47.39163400000003], [19.1093485, 47.39175570000001]]}}, {"id": "(154, 146, 0)", "type": "Feature", "properties": {"_status": "original", "osmid": 674, "highway": "residential", "lanes": null, "maxspeed": null, "name": "Vadevez\u0151s utca", "ref": null, "oneway": false, "reversed": false, "length": 148.62724282965456, "from": "146", "to": "154", "bridge": null, "_key": "0", "access": null, "width": null}, "geometry": {"type": "LineString", "coordinates": [[19.11067939999999, 47.39245040000003], [19.110736499999994, 47.39254270000005], [19.1107572, 47.3926774], [19.1107474, 47.39280520000001], [19.110849299999995, 47.39302580000001], [19.111218400000002, 47.39372450000003]]}}, {"id": "(154, 203, 0)", "type": "Feature", "properties": {"_status": "original", "osmid": 675, "highway": "residential", "lanes": null, "maxspeed": null, "name": "Vadevez\u0151s utca", "ref": null, "oneway": false, "reversed": true, "length": 127.94693777886842, "from": "203", "to": "154", "bridge": null, "_key": "0", "access": null, "width": null}, "geometry": {"type": "LineString", "coordinates": [[19.112798500000004, 47.3939686], [19.11263960000001, 47.39400700000002], [19.1124601, 47.39402290000002], [19.1122654, 47.39402180000003], [19.112116699999994, 47.394005600000035], [19.112005000000003, 47.39398990000003], [19.111881300000004, 47.393965400000006], [19.111721599999992, 47.39392730000003], [19.1115769, 47.39389180000005], [19.111464499999997, 47.393850000000015], [19.1113505, 47.39380700000006], [19.111218400000002, 47.39372450000003]]}}, {"id": "(51, 55, 0)", "type": "Feature", "properties": {"_status": "original", "osmid": 697, "highway": "residential", "lanes": null, "maxspeed": null, "name": "Kar\u00f3 utca", "ref": null, "oneway": false, "reversed": false, "length": 38.56029815109305, "from": "55", "to": "51", "bridge": null, "_key": "0", "access": null, "width": null}, "geometry": {"type": "LineString", "coordinates": [[19.106462499999996, 47.401937000000025], [19.105992600000004, 47.401798800000044]]}}, {"id": "(51, 46, 0)", "type": "Feature", "properties": {"_status": "original", "osmid": 698, "highway": "residential", "lanes": null, "maxspeed": null, "name": "H\u00e1zhaj\u00f3 utca", "ref": null, "oneway": false, "reversed": true, "length": 124.90331701905858, "from": "46", "to": "51", "bridge": null, "_key": "0", "access": null, "width": null}, "geometry": {"type": "LineString", "coordinates": [[19.105391100000002, 47.40284570000006], [19.105419199999993, 47.40279480000001], [19.105992600000004, 47.401798800000044]]}}, {"id": "(307, 266, 0)", "type": "Feature", "properties": {"_status": "original", "osmid": 352, "highway": "residential", "lanes": null, "maxspeed": "30", "name": "Szit\u00e1s utca", "ref": null, "oneway": false, "reversed": true, "length": 303.4475513752181, "from": "266", "to": "307", "bridge": null, "_key": "0", "access": null, "width": null}, "geometry": {"type": "LineString", "coordinates": [[19.116993799999996, 47.402563400000034], [19.117135500000003, 47.40211810000003], [19.1171783, 47.40198170000005], [19.117220599999992, 47.40188230000005], [19.117269500000003, 47.401770900000024], [19.117333999999992, 47.40164450000004], [19.1177751, 47.40086700000001], [19.117862, 47.400746500000025], [19.11791839999999, 47.40066120000006], [19.118355699999988, 47.400004600000045]]}}, {"id": "(307, 334, 0)", "type": "Feature", "properties": {"_status": "original", "osmid": 353, "highway": "tertiary", "lanes": null, "maxspeed": null, "name": "H\u0151s\u00f6k tere", "ref": null, "oneway": false, "reversed": true, "length": 131.02915376994392, "from": "334", "to": "307", "bridge": null, "_key": "0", "access": null, "width": null}, "geometry": {"type": "LineString", "coordinates": [[19.11992190000001, 47.40051910000001], [19.118355699999988, 47.400004600000045]]}}, {"id": "(307, 317, 0)", "type": "Feature", "properties": {"_status": "original", "osmid": 354, "highway": "residential", "lanes": null, "maxspeed": null, "name": "Szit\u00e1s utca", "ref": null, "oneway": false, "reversed": false, "length": 67.27587249934763, "from": "317", "to": "307", "bridge": null, "_key": "0", "access": null, "width": null}, "geometry": {"type": "LineString", "coordinates": [[19.118953, 47.39955450000001], [19.118517499999992, 47.39988150000001], [19.118477599999988, 47.399911400000036], [19.1184353, 47.399943200000024], [19.118355699999988, 47.400004600000045]]}}, {"id": "(266, 334, 0)", "type": "Feature", "properties": {"_status": "original", "osmid": 484, "highway": "residential", "lanes": null, "maxspeed": "30", "name": "Keny\u00e9r utca", "ref": null, "oneway": false, "reversed": true, "length": 337.08461238016463, "from": "266", "to": "334", "bridge": null, "_key": "0", "access": null, "width": null}, "geometry": {"type": "LineString", "coordinates": [[19.116993799999996, 47.402563400000034], [19.117347500000005, 47.402660000000026], [19.117406600000002, 47.40265700000005], [19.117432199999996, 47.402640300000016], [19.117464799999997, 47.4026147], [19.11992190000001, 47.40051910000001]]}}, {"id": "(292, 294, 0)", "type": "Feature", "properties": {"_status": "original", "osmid": 485, "highway": "residential", "lanes": null, "maxspeed": "30", "name": "Erzs\u00e9bet utca", "ref": null, "oneway": false, "reversed": true, "length": 6.9346719343298115, "from": "294", "to": "292", "bridge": null, "_key": "0", "access": null, "width": null}, "geometry": {"type": "LineString", "coordinates": [[19.118361, 47.40351860000001], [19.11828029999999, 47.4034885]]}}, {"id": "(292, 344, 0)", "type": "Feature", "properties": {"_status": "original", "osmid": 486, "highway": "residential", "lanes": null, "maxspeed": null, "name": "Csibuk utca", "ref": null, "oneway": false, "reversed": false, "length": 265.117742290403, "from": "344", "to": "292", "bridge": null, "_key": "0", "access": null, "width": null}, "geometry": {"type": "LineString", "coordinates": [[19.120317499999995, 47.401543400000044], [19.11828029999999, 47.4034885]]}}, {"id": "(334, 357, 0)", "type": "Feature", "properties": {"_status": "original", "osmid": 487, "highway": "tertiary", "lanes": null, "maxspeed": null, "name": "H\u0151s\u00f6k tere", "ref": null, "oneway": false, "reversed": true, "length": 89.35684671813962, "from": "357", "to": "334", "bridge": null, "_key": "0", "access": null, "width": null}, "geometry": {"type": "LineString", "coordinates": [[19.120985700000002, 47.40087590000001], [19.11992190000001, 47.40051910000001]]}}, {"id": "(317, 337, 0)", "type": "Feature", "properties": {"_status": "original", "osmid": 489, "highway": "residential", "lanes": null, "maxspeed": null, "name": "Szit\u00e1s k\u00f6z", "ref": null, "oneway": false, "reversed": true, "length": 79.28651657935877, "from": "337", "to": "317", "bridge": null, "_key": "0", "access": null, "width": null}, "geometry": {"type": "LineString", "coordinates": [[19.119883, 47.39988940000001], [19.118953, 47.39955450000001]]}}, {"id": "(236, 294, 0)", "type": "Feature", "properties": {"_status": "original", "osmid": 483, "highway": "residential", "lanes": null, "maxspeed": "30", "name": "Csibuk utca", "ref": null, "oneway": false, "reversed": true, "length": 404.7452687474217, "from": "294", "to": "236", "bridge": null, "_key": "0", "access": null, "width": null}, "geometry": {"type": "LineString", "coordinates": [[19.118361, 47.40351860000001], [19.117718199999995, 47.40487780000005], [19.11759749999999, 47.40508720000005], [19.117503100000004, 47.405239200000025], [19.1174058, 47.40539870000002], [19.1172688, 47.40561419999999], [19.1163694, 47.40689270000003]]}}, {"id": "(162, 199, 0)", "type": "Feature", "properties": {"_status": "original", "osmid": 358, "highway": "residential", "lanes": null, "maxspeed": null, "name": "Gombosszeg utca", "ref": null, "oneway": false, "reversed": false, "length": 104.72049279372396, "from": "162", "to": "199", "bridge": null, "_key": "0", "access": null, "width": null}, "geometry": {"type": "LineString", "coordinates": [[19.114899900000008, 47.41323960000006], [19.1158466, 47.41254930000001]]}}, {"id": "(162, 190, 0)", "type": "Feature", "properties": {"_status": "original", "osmid": 359, "highway": "residential", "lanes": null, "maxspeed": null, "name": "Gombosszeg k\u00f6z", "ref": null, "oneway": false, "reversed": true, "length": 73.78709521023674, "from": "190", "to": "162", "bridge": null, "_key": "0", "access": null, "width": null}, "geometry": {"type": "LineString", "coordinates": [[19.115741399999994, 47.41333100000003], [19.115267999999993, 47.41343659999998], [19.115171899999996, 47.413423000000016], [19.114899900000008, 47.41323960000006]]}}, {"id": "(256, 262, 0)", "type": "Feature", "properties": {"_status": "original", "osmid": 364, "highway": "tertiary", "lanes": "2", "maxspeed": "50", "name": "K\u00f6nyves utca", "ref": null, "oneway": false, "reversed": false, "length": 45.36458518172929, "from": "262", "to": "256", "bridge": null, "_key": "0", "access": null, "width": null}, "geometry": {"type": "LineString", "coordinates": [[19.118451599999993, 47.41184700000004], [19.1183587, 47.41225010000002]]}}, {"id": "(256, 205, 0)", "type": "Feature", "properties": {"_status": "original", "osmid": 365, "highway": "residential", "lanes": null, "maxspeed": null, "name": "Hint\u00f3 utca", "ref": null, "oneway": false, "reversed": false, "length": 164.7539027157049, "from": "205", "to": "256", "bridge": null, "_key": "0", "access": null, "width": null}, "geometry": {"type": "LineString", "coordinates": [[19.1162353, 47.412611400000024], [19.1183587, 47.41225010000002]]}}, {"id": "(262, 263, 0)", "type": "Feature", "properties": {"_status": "original", "osmid": 368, "highway": "tertiary", "lanes": "2", "maxspeed": "50", "name": "K\u00f6nyves utca", "ref": null, "oneway": false, "reversed": true, "length": 49.72958374435153, "from": "262", "to": "263", "bridge": null, "_key": "0", "access": null, "width": null}, "geometry": {"type": "LineString", "coordinates": [[19.118451599999993, 47.41184700000004], [19.118531200000003, 47.411448000000036], [19.1185401, 47.411403800000016]]}}, {"id": "(262, 212, 0)", "type": "Feature", "properties": {"_status": "original", "osmid": 369, "highway": "residential", "lanes": null, "maxspeed": null, "name": "Tekn\u0151 utca", "ref": null, "oneway": false, "reversed": false, "length": 158.2075418767641, "from": "212", "to": "262", "bridge": null, "_key": "0", "access": null, "width": null}, "geometry": {"type": "LineString", "coordinates": [[19.116417999999996, 47.41220820000002], [19.118451599999993, 47.41184700000004]]}}, {"id": "(269, 277, 0)", "type": "Feature", "properties": {"_status": "original", "osmid": 439, "highway": "tertiary", "lanes": "2", "maxspeed": "50", "name": "K\u00f6nyves utca", "ref": null, "oneway": false, "reversed": true, "length": 56.295161184744046, "from": "269", "to": "277", "bridge": null, "_key": "0", "access": null, "width": null}, "geometry": {"type": "LineString", "coordinates": [[19.11863849999999, 47.41090720000002], [19.1187462, 47.41040619999998]]}}, {"id": "(269, 263, 0)", "type": "Feature", "properties": {"_status": "original", "osmid": 440, "highway": "tertiary", "lanes": "2", "maxspeed": "50", "name": "K\u00f6nyves utca", "ref": null, "oneway": false, "reversed": true, "length": 55.71371426645061, "from": "263", "to": "269", "bridge": null, "_key": "0", "access": null, "width": null}, "geometry": {"type": "LineString", "coordinates": [[19.1185401, 47.411403800000016], [19.11863849999999, 47.41090720000002]]}}, {"id": "(269, 235, 0)", "type": "Feature", "properties": {"_status": "original", "osmid": 441, "highway": "residential", "lanes": null, "maxspeed": null, "name": "T\u00f3szeg utca", "ref": null, "oneway": false, "reversed": false, "length": 118.73367727429367, "from": "235", "to": "269", "bridge": null, "_key": "0", "access": null, "width": null}, "geometry": {"type": "LineString", "coordinates": [[19.117121799999993, 47.41118060000006], [19.1185805, 47.41089670000002], [19.11863849999999, 47.41090720000002]]}}, {"id": "(263, 222, 0)", "type": "Feature", "properties": {"_status": "original", "osmid": 443, "highway": "residential", "lanes": null, "maxspeed": null, "name": "P\u00e1zm\u00e1nd utca", "ref": null, "oneway": false, "reversed": false, "length": 139.16765575263253, "from": "222", "to": "263", "bridge": null, "_key": "0", "access": null, "width": null}, "geometry": {"type": "LineString", "coordinates": [[19.116756800000005, 47.411735500000006], [19.1185401, 47.411403800000016]]}}, {"id": "(482, 499, 0)", "type": "Feature", "properties": {"_status": "original", "osmid": 373, "highway": "residential", "lanes": null, "maxspeed": "30", "name": "Hrivn\u00e1k P\u00e1l utca", "ref": null, "oneway": false, "reversed": true, "length": 136.71501017195362, "from": "482", "to": "499", "bridge": null, "_key": "0", "access": null, "width": null}, "geometry": {"type": "LineString", "coordinates": [[19.1324734, 47.41993680000001], [19.1337257, 47.41904590000003]]}}, {"id": "(499, 502, 0)", "type": "Feature", "properties": {"_status": "original", "osmid": 400, "highway": "residential", "lanes": null, "maxspeed": "30", "name": "Hrivn\u00e1k P\u00e1l utca", "ref": null, "oneway": false, "reversed": false, "length": 8.231116242634961, "from": "502", "to": "499", "bridge": null, "_key": "0", "access": null, "width": null}, "geometry": {"type": "LineString", "coordinates": [[19.133795499999994, 47.418988900000016], [19.1337257, 47.41904590000003]]}}, {"id": "(504, 512, 0)", "type": "Feature", "properties": {"_status": "original", "osmid": 379, "highway": "residential", "lanes": null, "maxspeed": "50", "name": "Szent L\u00e1szl\u00f3 utca", "ref": null, "oneway": false, "reversed": true, "length": 73.19983043536574, "from": "512", "to": "504", "bridge": null, "_key": "0", "access": null, "width": null}, "geometry": {"type": "LineString", "coordinates": [[19.133882499999995, 47.41493370000005], [19.133251600000005, 47.41543480000001]]}}, {"id": "(523, 517, 0)", "type": "Feature", "properties": {"_status": "original", "osmid": 382, "highway": "residential", "lanes": null, "maxspeed": "30", "name": "Dinnyehegyi \u00fat", "ref": null, "oneway": false, "reversed": true, "length": 67.92417255449173, "from": "517", "to": "523", "bridge": null, "_key": "0", "access": null, "width": null}, "geometry": {"type": "LineString", "coordinates": [[19.13474639999999, 47.417262300000026], [19.1353494, 47.416807700000035]]}}, {"id": "(512, 521, 0)", "type": "Feature", "properties": {"_status": "original", "osmid": 386, "highway": "residential", "lanes": null, "maxspeed": null, "name": "S\u00f3smocs\u00e1r \u00fat", "ref": null, "oneway": false, "reversed": false, "length": 86.2737908414747, "from": "521", "to": "512", "bridge": null, "_key": "0", "access": null, "width": null}, "geometry": {"type": "LineString", "coordinates": [[19.134768599999994, 47.41542610000004], [19.133882499999995, 47.41493370000005]]}}, {"id": "(512, 526, 0)", "type": "Feature", "properties": {"_status": "original", "osmid": 387, "highway": "residential", "lanes": null, "maxspeed": "50", "name": "Szent L\u00e1szl\u00f3 utca", "ref": null, "oneway": false, "reversed": true, "length": 141.19191966444805, "from": "526", "to": "512", "bridge": null, "_key": "0", "access": null, "width": null}, "geometry": {"type": "LineString", "coordinates": [[19.13509739999999, 47.41396600000002], [19.134522900000004, 47.4144236], [19.133882499999995, 47.41493370000005]]}}, {"id": "(517, 507, 0)", "type": "Feature", "properties": {"_status": "original", "osmid": 408, "highway": "residential", "lanes": null, "maxspeed": "30", "name": "Dinnyehegyi \u00fat", "ref": null, "oneway": false, "reversed": false, "length": 74.15845871398534, "from": "517", "to": "507", "bridge": null, "_key": "0", "access": null, "width": null}, "geometry": {"type": "LineString", "coordinates": [[19.13474639999999, 47.417262300000026], [19.134098699999996, 47.417765000000024]]}}, {"id": "(530, 521, 0)", "type": "Feature", "properties": {"_status": "original", "osmid": 393, "highway": "residential", "lanes": null, "maxspeed": null, "name": "S\u00f3smocs\u00e1r \u00fat", "ref": null, "oneway": false, "reversed": true, "length": 129.80056742851943, "from": "521", "to": "530", "bridge": null, "_key": "0", "access": null, "width": null}, "geometry": {"type": "LineString", "coordinates": [[19.134768599999994, 47.41542610000004], [19.136070199999992, 47.41619220000005]]}}, {"id": "(530, 534, 0)", "type": "Feature", "properties": {"_status": "original", "osmid": 394, "highway": "residential", "lanes": null, "maxspeed": "30", "name": "Dinnyehegyi \u00fat", "ref": null, "oneway": false, "reversed": false, "length": 69.6588244548852, "from": "534", "to": "530", "bridge": null, "_key": "0", "access": null, "width": null}, "geometry": {"type": "LineString", "coordinates": [[19.136673799999997, 47.41571720000004], [19.136070199999992, 47.41619220000005]]}}, {"id": "(521, 528, 0)", "type": "Feature", "properties": {"_status": "original", "osmid": 395, "highway": "residential", "lanes": null, "maxspeed": "30", "name": "Dinnyehegyi k\u00f6z", "ref": null, "oneway": false, "reversed": false, "length": 69.46292482176023, "from": "521", "to": "528", "bridge": null, "_key": "0", "access": null, "width": null}, "geometry": {"type": "LineString", "coordinates": [[19.134768599999994, 47.41542610000004], [19.1353612, 47.414947099999985]]}}, {"id": "(526, 518, 0)", "type": "Feature", "properties": {"_status": "original", "osmid": 397, "highway": "residential", "lanes": null, "maxspeed": null, "name": "Homokliliom utca", "ref": null, "oneway": false, "reversed": true, "length": 83.98733074825445, "from": "518", "to": "526", "bridge": null, "_key": "0", "access": null, "width": null}, "geometry": {"type": "LineString", "coordinates": [[19.1341764, 47.41354339999999], [19.134804, 47.41379750000003], [19.13509739999999, 47.41396600000002]]}}, {"id": "(516, 507, 0)", "type": "Feature", "properties": {"_status": "original", "osmid": 391, "highway": "residential", "lanes": null, "maxspeed": "30", "name": "Kisk\u00f3csag utca", "ref": null, "oneway": false, "reversed": true, "length": 78.14038985864276, "from": "507", "to": "516", "bridge": null, "_key": "0", "access": null, "width": null}, "geometry": {"type": "LineString", "coordinates": [[19.134098699999996, 47.417765000000024], [19.134898599999996, 47.41821319999999]]}}, {"id": "(516, 502, 0)", "type": "Feature", "properties": {"_status": "original", "osmid": 392, "highway": "residential", "lanes": null, "maxspeed": "30", "name": "Hrivn\u00e1k P\u00e1l utca", "ref": null, "oneway": false, "reversed": true, "length": 119.69988381070523, "from": "502", "to": "516", "bridge": null, "_key": "0", "access": null, "width": null}, "geometry": {"type": "LineString", "coordinates": [[19.133795499999994, 47.418988900000016], [19.134898599999996, 47.41821319999999]]}}, {"id": "(534, 542, 0)", "type": "Feature", "properties": {"_status": "original", "osmid": 406, "highway": "residential", "lanes": null, "maxspeed": "30", "name": "Dinnyehegyi \u00fat", "ref": null, "oneway": false, "reversed": true, "length": 75.18880260287273, "from": "534", "to": "542", "bridge": null, "_key": "0", "access": null, "width": null}, "geometry": {"type": "LineString", "coordinates": [[19.136673799999997, 47.41571720000004], [19.1373217, 47.41520240000005]]}}, {"id": "(534, 528, 0)", "type": "Feature", "properties": {"_status": "original", "osmid": 407, "highway": "residential", "lanes": null, "maxspeed": "30", "name": "Dinnyehegyi k\u00f6z", "ref": null, "oneway": false, "reversed": true, "length": 130.7177976409177, "from": "528", "to": "534", "bridge": null, "_key": "0", "access": null, "width": null}, "geometry": {"type": "LineString", "coordinates": [[19.1353612, 47.414947099999985], [19.136673799999997, 47.41571720000004]]}}, {"id": "(528, 536, 0)", "type": "Feature", "properties": {"_status": "original", "osmid": 429, "highway": "residential", "lanes": null, "maxspeed": "30", "name": "Pistahegyi k\u00f6z", "ref": null, "oneway": false, "reversed": false, "length": 153.44885851843796, "from": "528", "to": "536", "bridge": null, "_key": "0", "access": null, "width": null}, "geometry": {"type": "LineString", "coordinates": [[19.1353612, 47.414947099999985], [19.1353372, 47.41492930000003], [19.135324099999995, 47.41491340000006], [19.135314600000008, 47.41489600000002], [19.135307400000002, 47.41487550000001], [19.135309799999995, 47.414853300000026], [19.135317899999993, 47.41482840000001], [19.135333400000004, 47.41481110000001], [19.136480400000003, 47.41385680000005]]}}, {"id": "(518, 506, 0)", "type": "Feature", "properties": {"_status": "original", "osmid": 419, "highway": "residential", "lanes": null, "maxspeed": null, "name": "Homokliliom utca", "ref": null, "oneway": false, "reversed": true, "length": 79.44710060892199, "from": "506", "to": "518", "bridge": null, "_key": "0", "access": null, "width": null}, "geometry": {"type": "LineString", "coordinates": [[19.1331357, 47.41347900000004], [19.13346559999999, 47.413466300000024], [19.133928299999997, 47.413487100000054], [19.1341764, 47.41354339999999]]}}, {"id": "(549, 542, 0)", "type": "Feature", "properties": {"_status": "original", "osmid": 402, "highway": "residential", "lanes": null, "maxspeed": "30", "name": "Micimack\u00f3 utca", "ref": null, "oneway": false, "reversed": true, "length": 101.08316530613463, "from": "549", "to": "542", "bridge": null, "_key": "0", "access": null, "width": null}, "geometry": {"type": "LineString", "coordinates": [[19.138346999999996, 47.41578979999999], [19.1373217, 47.41520240000005]]}}, {"id": "(401, 408, 0)", "type": "Feature", "properties": {"_status": "original", "osmid": 422, "highway": "residential", "lanes": null, "maxspeed": "30", "name": "Apr\u00f3 utca", "ref": null, "oneway": false, "reversed": true, "length": 52.9747653531309, "from": "408", "to": "401", "bridge": null, "_key": "0", "access": null, "width": null}, "geometry": {"type": "LineString", "coordinates": [[19.1262376, 47.41831640000002], [19.125798100000004, 47.418688599999996]]}}, {"id": "(401, 394, 0)", "type": "Feature", "properties": {"_status": "original", "osmid": 423, "highway": "residential", "lanes": null, "maxspeed": null, "name": "Apr\u00f3 utca", "ref": null, "oneway": false, "reversed": false, "length": 66.60271833018419, "from": "394", "to": "401", "bridge": null, "_key": "0", "access": null, "width": null}, "geometry": {"type": "LineString", "coordinates": [[19.1255275, 47.41811830000003], [19.125798100000004, 47.418688599999996]]}}, {"id": "(485, 506, 0)", "type": "Feature", "properties": {"_status": "original", "osmid": 416, "highway": "residential", "lanes": null, "maxspeed": null, "name": ["Legyez\u0151f\u0171 utca", "Homokliliom utca"], "ref": null, "oneway": false, "reversed": [false, true], "length": 153.50034427803828, "from": "506", "to": "485", "bridge": null, "_key": "0", "access": null, "width": null}, "geometry": {"type": "LineString", "coordinates": [[19.1331357, 47.41347900000004], [19.132827200000005, 47.41357250000001], [19.132347100000004, 47.413761200000025], [19.1322599, 47.413779400000024], [19.1321366, 47.41370950000003], [19.131550499999996, 47.413252100000044]]}}, {"id": "(485, 476, 0)", "type": "Feature", "properties": {"_status": "original", "osmid": 417, "highway": "residential", "lanes": null, "maxspeed": null, "name": "Kertv\u00e1rosi k\u00f6r\u00fat", "ref": null, "oneway": false, "reversed": true, "length": 104.81545156886149, "from": "476", "to": "485", "bridge": null, "_key": "0", "access": null, "width": null}, "geometry": {"type": "LineString", "coordinates": [[19.130564299999993, 47.41391640000001], [19.130697199999997, 47.413819700000026], [19.130872199999995, 47.41369450000004], [19.131222499999996, 47.41344480000002], [19.131550499999996, 47.413252100000044]]}}, {"id": "(506, 505, 0)", "type": "Feature", "properties": {"_status": "original", "osmid": 420, "highway": "residential", "lanes": null, "maxspeed": null, "name": "V\u00edzibogl\u00e1rka utca", "ref": null, "oneway": false, "reversed": false, "length": 82.6400777050598, "from": "506", "to": "505", "bridge": null, "_key": "0", "access": null, "width": null}, "geometry": {"type": "LineString", "coordinates": [[19.1331357, 47.41347900000004], [19.132941599999995, 47.41274750000006]]}}, {"id": "(505, 513, 0)", "type": "Feature", "properties": {"_status": "original", "osmid": 762, "highway": "residential", "lanes": null, "maxspeed": null, "name": "Kertv\u00e1rosi k\u00f6r\u00fat", "ref": null, "oneway": false, "reversed": true, "length": 42.4005092659381, "from": "505", "to": "513", "bridge": null, "_key": "0", "access": null, "width": null}, "geometry": {"type": "LineString", "coordinates": [[19.132941599999995, 47.41274750000006], [19.133217499999994, 47.41271110000002], [19.133499799999996, 47.412715900000016]]}}, {"id": "(417, 408, 0)", "type": "Feature", "properties": {"_status": "original", "osmid": 424, "highway": "residential", "lanes": null, "maxspeed": "30", "name": "Apr\u00f3 utca", "ref": null, "oneway": false, "reversed": false, "length": 49.77874219513912, "from": "408", "to": "417", "bridge": null, "_key": "0", "access": null, "width": null}, "geometry": {"type": "LineString", "coordinates": [[19.1262376, 47.41831640000002], [19.126654699999992, 47.41796890000001]]}}, {"id": "(417, 416, 0)", "type": "Feature", "properties": {"_status": "original", "osmid": 425, "highway": "residential", "lanes": null, "maxspeed": null, "name": "Apr\u00f3 utca", "ref": null, "oneway": false, "reversed": false, "length": 57.25768741760957, "from": "416", "to": "417", "bridge": null, "_key": "0", "access": null, "width": null}, "geometry": {"type": "LineString", "coordinates": [[19.126412699999996, 47.417480700000034], [19.126654699999992, 47.41796890000001]]}}, {"id": "(408, 404, 0)", "type": "Feature", "properties": {"_status": "original", "osmid": 426, "highway": "residential", "lanes": null, "maxspeed": null, "name": "Apr\u00f3 utca", "ref": null, "oneway": false, "reversed": false, "length": 59.59514742139825, "from": "404", "to": "408", "bridge": null, "_key": "0", "access": null, "width": null}, "geometry": {"type": "LineString", "coordinates": [[19.125958200000007, 47.41781489999998], [19.1262376, 47.41831640000002]]}}, {"id": "(513, 515, 0)", "type": "Feature", "properties": {"_status": "original", "osmid": 761, "highway": "residential", "lanes": null, "maxspeed": null, "name": "\u00datilapu utca", "ref": null, "oneway": false, "reversed": true, "length": 103.33974179821843, "from": "515", "to": "513", "bridge": null, "_key": "0", "access": null, "width": null}, "geometry": {"type": "LineString", "coordinates": [[19.133632600000002, 47.41179090000003], [19.133499799999996, 47.412715900000016]]}}, {"id": "(340, 279, 0)", "type": "Feature", "properties": {"_status": "original", "osmid": 437, "highway": "residential", "lanes": null, "maxspeed": "30", "name": "L\u00f3\u00e1ll\u00e1s utca", "ref": null, "oneway": true, "reversed": false, "length": 228.99316758518532, "from": "279", "to": "340", "bridge": null, "_key": "0", "access": null, "width": null}, "geometry": {"type": "LineString", "coordinates": [[19.118755699999998, 47.4103616], [19.121576999999995, 47.40986540000003], [19.1216426, 47.40984360000006], [19.121686700000005, 47.40982140000004]]}}, {"id": "(279, 277, 0)", "type": "Feature", "properties": {"_status": "original", "osmid": 438, "highway": "tertiary", "lanes": "2", "maxspeed": "50", "name": "K\u00f6nyves utca", "ref": null, "oneway": false, "reversed": true, "length": 5.010560455175235, "from": "277", "to": "279", "bridge": null, "_key": "0", "access": null, "width": null}, "geometry": {"type": "LineString", "coordinates": [[19.1187462, 47.41040619999998], [19.118755699999998, 47.4103616]]}}, {"id": "(277, 244, 0)", "type": "Feature", "properties": {"_status": "original", "osmid": 442, "highway": "residential", "lanes": null, "maxspeed": null, "name": "L\u00f3\u00e1ll\u00e1s utca", "ref": null, "oneway": false, "reversed": false, "length": 85.32130920194905, "from": "244", "to": "277", "bridge": null, "_key": "0", "access": null, "width": null}, "geometry": {"type": "LineString", "coordinates": [[19.1176522, 47.41060780000006], [19.1187462, 47.41040619999998]]}}, {"id": "(120, 122, 0)", "type": "Feature", "properties": {"_status": "original", "osmid": 444, "highway": "residential", "lanes": null, "maxspeed": null, "name": "T\u00f6r\u00f6k utca", "ref": null, "oneway": false, "reversed": true, "length": 7.039940812034677, "from": "120", "to": "122", "bridge": null, "_key": "0", "access": null, "width": null}, "geometry": {"type": "LineString", "coordinates": [[19.113553399999997, 47.41349030000002], [19.1136121, 47.41353960000003]]}}, {"id": "(120, 112, 0)", "type": "Feature", "properties": {"_status": "original", "osmid": 445, "highway": "residential", "lanes": null, "maxspeed": null, "name": "T\u00f6r\u00f6k utca", "ref": null, "oneway": false, "reversed": true, "length": 28.5939971819064, "from": "112", "to": "120", "bridge": null, "_key": "0", "access": null, "width": null}, "geometry": {"type": "LineString", "coordinates": [[19.113279999999992, 47.41331170000005], [19.113553399999997, 47.41349030000002]]}}, {"id": "(120, 132, 0)", "type": "Feature", "properties": {"_status": "original", "osmid": 446, "highway": "residential", "lanes": null, "maxspeed": null, "name": "T\u00f6r\u00f6k k\u00f6z", "ref": null, "oneway": false, "reversed": true, "length": 52.75897675290772, "from": "132", "to": "120", "bridge": null, "_key": "0", "access": null, "width": null}, "geometry": {"type": "LineString", "coordinates": [[19.114008399999996, 47.41312930000003], [19.113553399999997, 47.41349030000002]]}}, {"id": "(112, 111, 0)", "type": "Feature", "properties": {"_status": "original", "osmid": 447, "highway": "residential", "lanes": null, "maxspeed": null, "name": "T\u00f6r\u00f6k utca", "ref": null, "oneway": false, "reversed": true, "length": 5.633402274371434, "from": "111", "to": "112", "bridge": null, "_key": "0", "access": null, "width": null}, "geometry": {"type": "LineString", "coordinates": [[19.113220899999995, 47.4132806], [19.113279999999992, 47.41331170000005]]}}, {"id": "(112, 130, 0)", "type": "Feature", "properties": {"_status": "original", "osmid": 448, "highway": "residential", "lanes": null, "maxspeed": null, "name": "Seb\u00e9sz utca", "ref": null, "oneway": false, "reversed": false, "length": 100.20137821881946, "from": "130", "to": "112", "bridge": null, "_key": "0", "access": null, "width": null}, "geometry": {"type": "LineString", "coordinates": [[19.113781200000002, 47.4124833], [19.113774200000005, 47.41251900000003], [19.113727799999992, 47.41266690000004], [19.11367209999999, 47.41277750000005], [19.1135894, 47.41288280000005], [19.113538899999995, 47.41296470000005], [19.11348269999999, 47.41303460000003], [19.1134313, 47.41310050000002], [19.1133871, 47.41317050000004], [19.113354200000007, 47.41322120000006], [19.113279999999992, 47.41331170000005]]}}, {"id": "(111, 106, 0)", "type": "Feature", "properties": {"_status": "original", "osmid": 450, "highway": "residential", "lanes": null, "maxspeed": null, "name": "T\u00f6r\u00f6k utca", "ref": null, "oneway": false, "reversed": false, "length": 33.171004442618646, "from": "111", "to": "106", "bridge": null, "_key": "0", "access": null, "width": null}, "geometry": {"type": "LineString", "coordinates": [[19.113220899999995, 47.4132806], [19.112906199999998, 47.413071700000025]]}}, {"id": "(111, 88, 0)", "type": "Feature", "properties": {"_status": "original", "osmid": 452, "highway": "residential", "lanes": null, "maxspeed": null, "name": "\u00c9kes utca", "ref": null, "oneway": false, "reversed": false, "length": 132.52096136651173, "from": "88", "to": "111", "bridge": null, "_key": "0", "access": null, "width": null}, "geometry": {"type": "LineString", "coordinates": [[19.112014699999996, 47.41414900000004], [19.113220899999995, 47.4132806]]}}, {"id": "(130, 135, 0)", "type": "Feature", "properties": {"_status": "original", "osmid": 473, "highway": "residential", "lanes": null, "maxspeed": null, "name": "Seb\u00e9sz utca", "ref": null, "oneway": false, "reversed": false, "length": 45.55439182885902, "from": "135", "to": "130", "bridge": null, "_key": "0", "access": null, "width": null}, "geometry": {"type": "LineString", "coordinates": [[19.113883399999995, 47.41207950000004], [19.113781200000002, 47.4124833]]}}, {"id": "(130, 166, 0)", "type": "Feature", "properties": {"_status": "original", "osmid": 482, "highway": "residential", "lanes": null, "maxspeed": null, "name": "H\u00e1ncs utca", "ref": null, "oneway": false, "reversed": true, "length": 91.53664092276621, "from": "166", "to": "130", "bridge": null, "_key": "0", "access": null, "width": null}, "geometry": {"type": "LineString", "coordinates": [[19.114956999999997, 47.412694400000014], [19.113781200000002, 47.4124833]]}}, {"id": "(106, 87, 0)", "type": "Feature", "properties": {"_status": "original", "osmid": 449, "highway": "residential", "lanes": null, "maxspeed": null, "name": "T\u00f6r\u00f6k utca", "ref": null, "oneway": false, "reversed": false, "length": 134.42654123473477, "from": "106", "to": "87", "bridge": null, "_key": "0", "access": null, "width": null}, "geometry": {"type": "LineString", "coordinates": [[19.112906199999998, 47.413071700000025], [19.111601200000003, 47.412246100000026]]}}, {"id": "(106, 116, 0)", "type": "Feature", "properties": {"_status": "original", "osmid": 451, "highway": "residential", "lanes": null, "maxspeed": null, "name": "Seb\u00e9sz k\u00f6z", "ref": null, "oneway": false, "reversed": true, "length": 76.41553909074037, "from": "116", "to": "106", "bridge": null, "_key": "0", "access": null, "width": null}, "geometry": {"type": "LineString", "coordinates": [[19.113278400000002, 47.41243230000005], [19.112906199999998, 47.413071700000025]]}}, {"id": "(438, 412, 0)", "type": "Feature", "properties": {"_status": "original", "osmid": 456, "highway": "residential", "lanes": null, "maxspeed": null, "name": "Jelz\u0151 utca", "ref": null, "oneway": false, "reversed": false, "length": 246.55914876522397, "from": "438", "to": "412", "bridge": null, "_key": "0", "access": null, "width": null}, "geometry": {"type": "LineString", "coordinates": [[19.124533600000003, 47.39872210000005], [19.12331289999999, 47.40068800000004], [19.1232297, 47.40075150000004]]}}, {"id": "(438, 432, 0)", "type": "Feature", "properties": {"_status": "original", "osmid": 457, "highway": "tertiary", "lanes": "2", "maxspeed": null, "name": "Vecs\u00e9s \u00fat", "ref": null, "oneway": false, "reversed": false, "length": 43.48691974802789, "from": "432", "to": "438", "bridge": null, "_key": "0", "access": null, "width": null}, "geometry": {"type": "LineString", "coordinates": [[19.1239624, 47.39866330000006], [19.124533600000003, 47.39872210000005]]}}, {"id": "(393, 412, 0)", "type": "Feature", "properties": {"_status": "original", "osmid": 458, "highway": "residential", "lanes": null, "maxspeed": null, "name": "Jelz\u0151 utca", "ref": null, "oneway": false, "reversed": false, "length": 77.6308978311901, "from": "412", "to": "393", "bridge": null, "_key": "0", "access": null, "width": null}, "geometry": {"type": "LineString", "coordinates": [[19.1232297, 47.40075150000004], [19.122520599999998, 47.401258500000054]]}}, {"id": "(393, 383, 0)", "type": "Feature", "properties": {"_status": "original", "osmid": 459, "highway": "residential", "lanes": null, "maxspeed": null, "name": "H\u0151s\u00f6k tere", "ref": null, "oneway": false, "reversed": false, "length": 26.279606396231397, "from": "383", "to": "393", "bridge": null, "_key": "0", "access": null, "width": null}, "geometry": {"type": "LineString", "coordinates": [[19.122175, 47.40122480000001], [19.122520599999998, 47.401258500000054]]}}, {"id": "(412, 390, 0)", "type": "Feature", "properties": {"_status": "original", "osmid": 505, "highway": "residential", "lanes": null, "maxspeed": null, "name": "N\u00e1dor \u00d6d\u00f6n utca", "ref": null, "oneway": false, "reversed": false, "length": 91.32453423152529, "from": "390", "to": "412", "bridge": null, "_key": "0", "access": null, "width": null}, "geometry": {"type": "LineString", "coordinates": [[19.122152699999997, 47.400373200000004], [19.1232297, 47.40075150000004]]}}, {"id": "(432, 422, 0)", "type": "Feature", "properties": {"_status": "original", "osmid": 502, "highway": "tertiary", "lanes": "2", "maxspeed": null, "name": "Vecs\u00e9s \u00fat", "ref": null, "oneway": false, "reversed": true, "length": 38.607830169387285, "from": "432", "to": "422", "bridge": null, "_key": "0", "access": null, "width": null}, "geometry": {"type": "LineString", "coordinates": [[19.1239624, 47.39866330000006], [19.12345609999999, 47.398607600000005]]}}, {"id": "(432, 440, 0)", "type": "Feature", "properties": {"_status": "original", "osmid": 512, "highway": "residential", "lanes": null, "maxspeed": null, "name": "K\u00f6z\u00e9ptemet\u0151 utca", "ref": null, "oneway": false, "reversed": false, "length": 97.72719556019464, "from": "440", "to": "432", "bridge": null, "_key": "0", "access": null, "width": null}, "geometry": {"type": "LineString", "coordinates": [[19.124472199999996, 47.39785500000004], [19.1239624, 47.39866330000006]]}}, {"id": "(383, 370, 0)", "type": "Feature", "properties": {"_status": "original", "osmid": 507, "highway": "residential", "lanes": null, "maxspeed": null, "name": "H\u0151s\u00f6k tere", "ref": null, "oneway": false, "reversed": false, "length": 43.859271389968484, "from": "370", "to": "383", "bridge": null, "_key": "0", "access": null, "width": null}, "geometry": {"type": "LineString", "coordinates": [[19.121640999999993, 47.401067200000035], [19.1219187, 47.40115460000003], [19.122175, 47.40122480000001]]}}, {"id": "(383, 364, 0)", "type": "Feature", "properties": {"_status": "original", "osmid": 506, "highway": "residential", "lanes": null, "maxspeed": null, "name": "L\u00e1ng Endre utca", "ref": null, "oneway": false, "reversed": false, "length": 119.03853898303393, "from": "364", "to": "383", "bridge": null, "_key": "0", "access": null, "width": null}, "geometry": {"type": "LineString", "coordinates": [[19.121353200000005, 47.402122800000015], [19.122138599999996, 47.40137579999998], [19.122162499999995, 47.401320500000054], [19.122175, 47.40122480000001]]}}, {"id": "(147, 93, 0)", "type": "Feature", "properties": {"_status": "original", "osmid": 462, "highway": "residential", "lanes": null, "maxspeed": null, "name": "Stef\u00e1nia utca", "ref": null, "oneway": false, "reversed": true, "length": 170.18999357493905, "from": "147", "to": "93", "bridge": null, "_key": "0", "access": null, "width": null}, "geometry": {"type": "LineString", "coordinates": [[19.1140603, 47.41116730000005], [19.111812600000004, 47.41099740000001]]}}, {"id": "(147, 215, 0)", "type": "Feature", "properties": {"_status": "original", "osmid": 463, "highway": "residential", "lanes": null, "maxspeed": null, "name": "Stef\u00e1nia utca", "ref": null, "oneway": false, "reversed": true, "length": 175.51657248703606, "from": "215", "to": "147", "bridge": null, "_key": "0", "access": null, "width": null}, "geometry": {"type": "LineString", "coordinates": [[19.116389099999996, 47.411255799999985], [19.1140603, 47.41116730000005]]}}, {"id": "(147, 144, 0)", "type": "Feature", "properties": {"_status": "original", "osmid": 464, "highway": "residential", "lanes": null, "maxspeed": null, "name": "Seb\u00e9sz utca", "ref": null, "oneway": false, "reversed": true, "length": 50.175071063295604, "from": "144", "to": "147", "bridge": null, "_key": "0", "access": null, "width": null}, "geometry": {"type": "LineString", "coordinates": [[19.1139681, 47.41161420000001], [19.1140603, 47.41116730000005]]}}, {"id": "(147, 150, 0)", "type": "Feature", "properties": {"_status": "original", "osmid": 465, "highway": "residential", "lanes": null, "maxspeed": null, "name": "Seb\u00e9sz utca", "ref": null, "oneway": false, "reversed": false, "length": 52.34550365463053, "from": "150", "to": "147", "bridge": null, "_key": "0", "access": null, "width": null}, "geometry": {"type": "LineString", "coordinates": [[19.11417149999999, 47.41070260000005], [19.1140603, 47.41116730000005]]}}, {"id": "(215, 220, 0)", "type": "Feature", "properties": {"_status": "original", "osmid": 466, "highway": "residential", "lanes": null, "maxspeed": null, "name": "Stef\u00e1nia utca", "ref": null, "oneway": false, "reversed": true, "length": 11.645770347895638, "from": "220", "to": "215", "bridge": null, "_key": "0", "access": null, "width": null}, "geometry": {"type": "LineString", "coordinates": [[19.1165436, 47.411261900000014], [19.116389099999996, 47.411255799999985]]}}, {"id": "(215, 219, 0)", "type": "Feature", "properties": {"_status": "original", "osmid": 467, "highway": "residential", "lanes": null, "maxspeed": null, "name": "Lovas utca", "ref": null, "oneway": false, "reversed": true, "length": 49.43914668583416, "from": "219", "to": "215", "bridge": null, "_key": "0", "access": null, "width": null}, "geometry": {"type": "LineString", "coordinates": [[19.1164589, 47.410813700000006], [19.116389099999996, 47.411255799999985]]}}, {"id": "(144, 135, 0)", "type": "Feature", "properties": {"_status": "original", "osmid": 468, "highway": "residential", "lanes": null, "maxspeed": null, "name": "Seb\u00e9sz utca", "ref": null, "oneway": false, "reversed": true, "length": 52.13015993744511, "from": "135", "to": "144", "bridge": null, "_key": "0", "access": null, "width": null}, "geometry": {"type": "LineString", "coordinates": [[19.113883399999995, 47.41207950000004], [19.1139681, 47.41161420000001]]}}, {"id": "(144, 207, 0)", "type": "Feature", "properties": {"_status": "original", "osmid": 469, "highway": "residential", "lanes": null, "maxspeed": null, "name": "Szap\u00e1ry utca", "ref": null, "oneway": false, "reversed": true, "length": 164.221635504327, "from": "207", "to": "144", "bridge": null, "_key": "0", "access": null, "width": null}, "geometry": {"type": "LineString", "coordinates": [[19.1161461, 47.411707799999995], [19.1139681, 47.41161420000001]]}}, {"id": "(150, 219, 0)", "type": "Feature", "properties": {"_status": "original", "osmid": 470, "highway": "residential", "lanes": null, "maxspeed": null, "name": "Somm\u00e1s utca", "ref": null, "oneway": false, "reversed": true, "length": 172.56939896901048, "from": "219", "to": "150", "bridge": null, "_key": "0", "access": null, "width": null}, "geometry": {"type": "LineString", "coordinates": [[19.1164589, 47.410813700000006], [19.11417149999999, 47.41070260000005]]}}, {"id": "(150, 157, 0)", "type": "Feature", "properties": {"_status": "original", "osmid": 471, "highway": "residential", "lanes": null, "maxspeed": null, "name": "Seb\u00e9sz utca", "ref": null, "oneway": false, "reversed": false, "length": 53.2438091832451, "from": "157", "to": "150", "bridge": null, "_key": "0", "access": null, "width": null}, "geometry": {"type": "LineString", "coordinates": [[19.114252299999993, 47.41022690000001], [19.11417149999999, 47.41070260000005]]}}, {"id": "(219, 224, 0)", "type": "Feature", "properties": {"_status": "original", "osmid": 472, "highway": "residential", "lanes": null, "maxspeed": null, "name": "Lovas utca", "ref": null, "oneway": false, "reversed": true, "length": 49.0659645548944, "from": "224", "to": "219", "bridge": null, "_key": "0", "access": null, "width": null}, "geometry": {"type": "LineString", "coordinates": [[19.116534299999998, 47.4103754], [19.1164589, 47.410813700000006]]}}, {"id": "(135, 195, 0)", "type": "Feature", "properties": {"_status": "original", "osmid": 474, "highway": "residential", "lanes": null, "maxspeed": null, "name": "S\u00e1mfa utca", "ref": null, "oneway": false, "reversed": true, "length": 130.97690368606322, "from": "195", "to": "135", "bridge": null, "_key": "0", "access": null, "width": null}, "geometry": {"type": "LineString", "coordinates": [[19.115622, 47.41213599999999], [19.113883399999995, 47.41207950000004]]}}, {"id": "(157, 224, 0)", "type": "Feature", "properties": {"_status": "original", "osmid": 475, "highway": "residential", "lanes": null, "maxspeed": null, "name": "Domonkos utca", "ref": null, "oneway": false, "reversed": true, "length": 172.513863525084, "from": "157", "to": "224", "bridge": null, "_key": "0", "access": null, "width": null}, "geometry": {"type": "LineString", "coordinates": [[19.114252299999993, 47.41022690000001], [19.116534299999998, 47.4103754]]}}, {"id": "(157, 163, 0)", "type": "Feature", "properties": {"_status": "original", "osmid": 476, "highway": "residential", "lanes": null, "maxspeed": null, "name": "Seb\u00e9sz utca", "ref": null, "oneway": false, "reversed": false, "length": 44.84772088074277, "from": "163", "to": "157", "bridge": null, "_key": "0", "access": null, "width": null}, "geometry": {"type": "LineString", "coordinates": [[19.1143298, 47.40982700000001], [19.114252299999993, 47.41022690000001]]}}, {"id": "(157, 100, 0)", "type": "Feature", "properties": {"_status": "original", "osmid": 477, "highway": "residential", "lanes": null, "maxspeed": null, "name": "Domonkos utca", "ref": null, "oneway": false, "reversed": true, "length": 171.2942891311373, "from": "100", "to": "157", "bridge": null, "_key": "0", "access": null, "width": null}, "geometry": {"type": "LineString", "coordinates": [[19.111989500000004, 47.410059300000036], [19.114252299999993, 47.41022690000001]]}}, {"id": "(294, 315, 0)", "type": "Feature", "properties": {"_status": "original", "osmid": 503, "highway": "residential", "lanes": null, "maxspeed": "30", "name": "Erzs\u00e9bet utca", "ref": null, "oneway": false, "reversed": true, "length": 106.67548863711693, "from": "315", "to": "294", "bridge": null, "_key": "0", "access": null, "width": null}, "geometry": {"type": "LineString", "coordinates": [[19.119586999999996, 47.403964400000014], [19.119502299999997, 47.40387190000003], [19.1192595, 47.40377690000002], [19.118361, 47.40351860000001]]}}, {"id": "(344, 357, 0)", "type": "Feature", "properties": {"_status": "original", "osmid": 492, "highway": "residential", "lanes": null, "maxspeed": null, "name": "Csibuk utca", "ref": null, "oneway": false, "reversed": true, "length": 89.65604951494402, "from": "344", "to": "357", "bridge": null, "_key": "0", "access": null, "width": null}, "geometry": {"type": "LineString", "coordinates": [[19.120317499999995, 47.401543400000044], [19.120985700000002, 47.40087590000001]]}}, {"id": "(344, 364, 0)", "type": "Feature", "properties": {"_status": "original", "osmid": 509, "highway": "residential", "lanes": null, "maxspeed": null, "name": "S\u00fcrg\u00f6ny utca", "ref": null, "oneway": false, "reversed": false, "length": 101.12811485370709, "from": "344", "to": "364", "bridge": null, "_key": "0", "access": null, "width": null}, "geometry": {"type": "LineString", "coordinates": [[19.120317499999995, 47.401543400000044], [19.121353200000005, 47.402122800000015]]}}, {"id": "(357, 370, 0)", "type": "Feature", "properties": {"_status": "original", "osmid": 491, "highway": "tertiary", "lanes": null, "maxspeed": null, "name": "H\u0151s\u00f6k tere", "ref": null, "oneway": false, "reversed": false, "length": 53.71207005480761, "from": "357", "to": "370", "bridge": null, "_key": "0", "access": null, "width": null}, "geometry": {"type": "LineString", "coordinates": [[19.120985700000002, 47.40087590000001], [19.121640999999993, 47.401067200000035]]}}, {"id": "(370, 390, 0)", "type": "Feature", "properties": {"_status": "original", "osmid": 508, "highway": "tertiary", "lanes": null, "maxspeed": null, "name": "Arany J\u00e1nos utca", "ref": null, "oneway": false, "reversed": true, "length": 86.24583386944379, "from": "370", "to": "390", "bridge": null, "_key": "0", "access": null, "width": null}, "geometry": {"type": "LineString", "coordinates": [[19.121640999999993, 47.401067200000035], [19.122152699999997, 47.400373200000004]]}}, {"id": "(422, 390, 0)", "type": "Feature", "properties": {"_status": "original", "osmid": 501, "highway": "tertiary", "lanes": null, "maxspeed": null, "name": "Arany J\u00e1nos utca", "ref": null, "oneway": false, "reversed": true, "length": 219.4717758375163, "from": "390", "to": "422", "bridge": null, "_key": "0", "access": null, "width": null}, "geometry": {"type": "LineString", "coordinates": [[19.122152699999997, 47.400373200000004], [19.12345609999999, 47.398607600000005]]}}, {"id": "(395, 411, 0)", "type": "Feature", "properties": {"_status": "original", "osmid": 497, "highway": "residential", "lanes": null, "maxspeed": null, "name": "Szit\u00e1s utca", "ref": null, "oneway": false, "reversed": false, "length": 82.26798165814336, "from": "411", "to": "395", "bridge": null, "_key": "0", "access": null, "width": null}, "geometry": {"type": "LineString", "coordinates": [[19.122510099999992, 47.39668910000001], [19.121860499999997, 47.39728410000002]]}}, {"id": "(395, 440, 0)", "type": "Feature", "properties": {"_status": "original", "osmid": 498, "highway": "residential", "lanes": null, "maxspeed": null, "name": "Szek\u00e9r utca", "ref": null, "oneway": false, "reversed": true, "length": 206.57524657056763, "from": "440", "to": "395", "bridge": null, "_key": "0", "access": null, "width": null}, "geometry": {"type": "LineString", "coordinates": [[19.124472199999996, 47.39785500000004], [19.121860499999997, 47.39728410000002]]}}, {"id": "(411, 425, 0)", "type": "Feature", "properties": {"_status": "original", "osmid": 499, "highway": "residential", "lanes": null, "maxspeed": null, "name": "Boz\u00f3tos k\u00f6z", "ref": null, "oneway": false, "reversed": true, "length": 98.68618209312314, "from": "425", "to": "411", "bridge": null, "_key": "0", "access": null, "width": null}, "geometry": {"type": "LineString", "coordinates": [[19.123373000000004, 47.397120500000014], [19.12346979999999, 47.396941600000034], [19.122510099999992, 47.39668910000001]]}}, {"id": "(411, 426, 0)", "type": "Feature", "properties": {"_status": "original", "osmid": 500, "highway": "residential", "lanes": null, "maxspeed": null, "name": "Szit\u00e1s utca", "ref": null, "oneway": false, "reversed": false, "length": 88.91918594889714, "from": "426", "to": "411", "bridge": null, "_key": "0", "access": null, "width": null}, "geometry": {"type": "LineString", "coordinates": [[19.123228900000004, 47.39605449999999], [19.122689499999993, 47.396530699999985], [19.122510099999992, 47.39668910000001]]}}, {"id": "(440, 451, 0)", "type": "Feature", "properties": {"_status": "original", "osmid": 513, "highway": "residential", "lanes": null, "maxspeed": null, "name": "K\u00f6z\u00e9ptemet\u0151 utca", "ref": null, "oneway": false, "reversed": true, "length": 130.93791304313507, "from": "440", "to": "451", "bridge": null, "_key": "0", "access": null, "width": null}, "geometry": {"type": "LineString", "coordinates": [[19.124472199999996, 47.39785500000004], [19.12515759999999, 47.39677270000003]]}}, {"id": "(426, 451, 0)", "type": "Feature", "properties": {"_status": "original", "osmid": 524, "highway": "residential", "lanes": null, "maxspeed": "20", "name": "Als\u00f3kert utca", "ref": null, "oneway": false, "reversed": true, "length": 167.43688537068698, "from": "451", "to": "426", "bridge": null, "_key": "0", "access": null, "width": null}, "geometry": {"type": "LineString", "coordinates": [[19.12515759999999, 47.39677270000003], [19.124131499999997, 47.39651440000004], [19.123228900000004, 47.39605449999999]]}}, {"id": "(426, 439, 0)", "type": "Feature", "properties": {"_status": "original", "osmid": 523, "highway": "residential", "lanes": null, "maxspeed": null, "name": "Szit\u00e1s utca", "ref": null, "oneway": false, "reversed": false, "length": 94.02817730388061, "from": "439", "to": "426", "bridge": null, "_key": "0", "access": null, "width": null}, "geometry": {"type": "LineString", "coordinates": [[19.123997699999993, 47.39538800000004], [19.123228900000004, 47.39605449999999]]}}, {"id": "(315, 314, 0)", "type": "Feature", "properties": {"_status": "original", "osmid": 515, "highway": "residential", "lanes": null, "maxspeed": "30", "name": "L\u00e1ng Endre utca", "ref": null, "oneway": false, "reversed": true, "length": 7.388734412001152, "from": "315", "to": "314", "bridge": null, "_key": "0", "access": null, "width": null}, "geometry": {"type": "LineString", "coordinates": [[19.119586999999996, 47.403964400000014], [19.119563400000008, 47.404028900000014]]}}, {"id": "(315, 331, 0)", "type": "Feature", "properties": {"_status": "original", "osmid": 519, "highway": "residential", "lanes": null, "maxspeed": null, "name": "L\u00e1ng Endre utca", "ref": null, "oneway": false, "reversed": true, "length": 104.60135999492284, "from": "331", "to": "315", "bridge": null, "_key": "0", "access": null, "width": null}, "geometry": {"type": "LineString", "coordinates": [[19.1203392, 47.40317380000004], [19.119800399999995, 47.403725300000005], [19.119702500000002, 47.403845100000005], [19.119586999999996, 47.403964400000014]]}}, {"id": "(364, 351, 0)", "type": "Feature", "properties": {"_status": "original", "osmid": 510, "highway": "residential", "lanes": null, "maxspeed": null, "name": "L\u00e1ng Endre utca", "ref": null, "oneway": false, "reversed": false, "length": 69.95585309430267, "from": "351", "to": "364", "bridge": null, "_key": "0", "access": null, "width": null}, "geometry": {"type": "LineString", "coordinates": [[19.1208494, 47.40265150000001], [19.121353200000005, 47.402122800000015]]}}, {"id": "(364, 391, 0)", "type": "Feature", "properties": {"_status": "original", "osmid": 511, "highway": "residential", "lanes": null, "maxspeed": null, "name": "S\u00fcrg\u00f6ny utca", "ref": null, "oneway": false, "reversed": true, "length": 109.55010924120927, "from": "391", "to": "364", "bridge": null, "_key": "0", "access": null, "width": null}, "geometry": {"type": "LineString", "coordinates": [[19.122580499999994, 47.4026525], [19.121353200000005, 47.402122800000015]]}}, {"id": "(351, 331, 0)", "type": "Feature", "properties": {"_status": "original", "osmid": 520, "highway": "residential", "lanes": null, "maxspeed": null, "name": "L\u00e1ng Endre utca", "ref": null, "oneway": false, "reversed": true, "length": 69.62315552533009, "from": "351", "to": "331", "bridge": null, "_key": "0", "access": null, "width": null}, "geometry": {"type": "LineString", "coordinates": [[19.1208494, 47.40265150000001], [19.1203392, 47.40317380000004]]}}, {"id": "(351, 378, 0)", "type": "Feature", "properties": {"_status": "original", "osmid": 521, "highway": "residential", "lanes": null, "maxspeed": null, "name": "Vas\u00fat utca", "ref": null, "oneway": false, "reversed": true, "length": 132.449041932934, "from": "378", "to": "351", "bridge": null, "_key": "0", "access": null, "width": null}, "geometry": {"type": "LineString", "coordinates": [[19.1223664, 47.403255300000005], [19.1208494, 47.40265150000001]]}}, {"id": "(451, 458, 0)", "type": "Feature", "properties": {"_status": "original", "osmid": 528, "highway": "residential", "lanes": null, "maxspeed": "20", "name": "K\u00f6z\u00e9ptemet\u0151 utca", "ref": null, "oneway": false, "reversed": false, "length": 71.78624291151925, "from": "458", "to": "451", "bridge": null, "_key": "0", "access": null, "width": null}, "geometry": {"type": "LineString", "coordinates": [[19.125578500000003, 47.396193799999985], [19.1254002, 47.39646380000005], [19.12515759999999, 47.39677270000003]]}}, {"id": "(359, 367, 0)", "type": "Feature", "properties": {"_status": "original", "osmid": 517, "highway": "residential", "lanes": null, "maxspeed": null, "name": "Lud\u00e1ny k\u00f6z", "ref": null, "oneway": false, "reversed": true, "length": 34.568844467971815, "from": "367", "to": "359", "bridge": null, "_key": "0", "access": null, "width": null}, "geometry": {"type": "LineString", "coordinates": [[19.121898500000004, 47.40386079999998], [19.1215149, 47.40368980000008]]}}, {"id": "(359, 331, 0)", "type": "Feature", "properties": {"_status": "original", "osmid": 518, "highway": "residential", "lanes": null, "maxspeed": null, "name": "Lud\u00e1ny k\u00f6z", "ref": null, "oneway": false, "reversed": false, "length": 105.4601221370782, "from": "331", "to": "359", "bridge": null, "_key": "0", "access": null, "width": null}, "geometry": {"type": "LineString", "coordinates": [[19.1203392, 47.40317380000004], [19.121479699999995, 47.40367550000003], [19.1215149, 47.40368980000008]]}}, {"id": "(439, 458, 0)", "type": "Feature", "properties": {"_status": "original", "osmid": 526, "highway": "residential", "lanes": null, "maxspeed": "20", "name": "T\u0151 utca", "ref": null, "oneway": false, "reversed": false, "length": 148.95196430644472, "from": "458", "to": "439", "bridge": null, "_key": "0", "access": null, "width": null}, "geometry": {"type": "LineString", "coordinates": [[19.125578500000003, 47.396193799999985], [19.123997699999993, 47.39538800000004]]}}, {"id": "(439, 450, 0)", "type": "Feature", "properties": {"_status": "original", "osmid": 527, "highway": "residential", "lanes": null, "maxspeed": null, "name": "Szit\u00e1s utca", "ref": null, "oneway": false, "reversed": false, "length": 89.68443145186279, "from": "450", "to": "439", "bridge": null, "_key": "0", "access": null, "width": null}, "geometry": {"type": "LineString", "coordinates": [[19.124681699999996, 47.394727600000046], [19.1242816, 47.39511500000002], [19.123997699999993, 47.39538800000004]]}}, {"id": "(458, 465, 0)", "type": "Feature", "properties": {"_status": "original", "osmid": 530, "highway": "residential", "lanes": null, "maxspeed": "20", "name": "K\u00f6z\u00e9ptemet\u0151 utca", "ref": null, "oneway": false, "reversed": false, "length": 100.19995422953002, "from": "465", "to": "458", "bridge": null, "_key": "0", "access": null, "width": null}, "geometry": {"type": "LineString", "coordinates": [[19.126090499999993, 47.395362000000006], [19.125578500000003, 47.396193799999985]]}}, {"id": "(450, 455, 0)", "type": "Feature", "properties": {"_status": "original", "osmid": 531, "highway": "residential", "lanes": null, "maxspeed": null, "name": "Szit\u00e1s utca", "ref": null, "oneway": false, "reversed": true, "length": 48.91454243520284, "from": "450", "to": "455", "bridge": null, "_key": "0", "access": null, "width": null}, "geometry": {"type": "LineString", "coordinates": [[19.124681699999996, 47.394727600000046], [19.125045500000002, 47.394363099999985]]}}, {"id": "(450, 465, 0)", "type": "Feature", "properties": {"_status": "original", "osmid": 532, "highway": "residential", "lanes": null, "maxspeed": "20", "name": "Szirmos utca", "ref": null, "oneway": false, "reversed": true, "length": 127.3635055952685, "from": "450", "to": "465", "bridge": null, "_key": "0", "access": null, "width": null}, "geometry": {"type": "LineString", "coordinates": [[19.124681699999996, 47.394727600000046], [19.126090499999993, 47.395362000000006]]}}, {"id": "(436, 447, 0)", "type": "Feature", "properties": {"_status": "original", "osmid": 534, "highway": "residential", "lanes": null, "maxspeed": null, "name": "L\u00e1pos utca", "ref": null, "oneway": false, "reversed": true, "length": 58.71581342220912, "from": "447", "to": "436", "bridge": null, "_key": "0", "access": null, "width": null}, "geometry": {"type": "LineString", "coordinates": [[19.124030499999996, 47.3934375], [19.123521799999992, 47.393837799999986]]}}, {"id": "(465, 471, 0)", "type": "Feature", "properties": {"_status": "original", "osmid": 561, "highway": "residential", "lanes": null, "maxspeed": "20", "name": "K\u00f6z\u00e9ptemet\u0151 utca", "ref": null, "oneway": false, "reversed": true, "length": 167.01520793608702, "from": "465", "to": "471", "bridge": null, "_key": "0", "access": null, "width": null}, "geometry": {"type": "LineString", "coordinates": [[19.126090499999993, 47.395362000000006], [19.126273299999998, 47.394736400000035], [19.126317299999997, 47.39452690000004], [19.126380899999997, 47.394118699999986], [19.126404100000002, 47.393877000000025]]}}, {"id": "(455, 466, 0)", "type": "Feature", "properties": {"_status": "original", "osmid": 559, "highway": "residential", "lanes": null, "maxspeed": null, "name": "Szit\u00e1s utca", "ref": null, "oneway": false, "reversed": true, "length": 143.53270319560775, "from": "455", "to": "466", "bridge": null, "_key": "0", "access": null, "width": null}, "geometry": {"type": "LineString", "coordinates": [[19.125045500000002, 47.394363099999985], [19.124953400000003, 47.394263500000044], [19.125914499999997, 47.39328710000003]]}}, {"id": "(455, 471, 0)", "type": "Feature", "properties": {"_status": "original", "osmid": 560, "highway": "residential", "lanes": "2", "maxspeed": "20", "name": "Szit\u00e1s utca", "ref": null, "oneway": false, "reversed": false, "length": 128.27155741991172, "from": "455", "to": "471", "bridge": null, "_key": "0", "access": null, "width": null}, "geometry": {"type": "LineString", "coordinates": [[19.125045500000002, 47.394363099999985], [19.1254375, 47.39396130000001], [19.1255437, 47.39391100000002], [19.125709999999994, 47.39389180000005], [19.126404100000002, 47.393877000000025]]}}, {"id": "(431, 434, 0)", "type": "Feature", "properties": {"_status": "original", "osmid": 564, "highway": "residential", "lanes": null, "maxspeed": null, "name": "Turj\u00e1n k\u00f6z", "ref": null, "oneway": false, "reversed": false, "length": 38.051026420296445, "from": "434", "to": "431", "bridge": null, "_key": "0", "access": null, "width": null}, "geometry": {"type": "LineString", "coordinates": [[19.123257099999996, 47.39306110000004], [19.12286099999999, 47.392848500000035]]}}, {"id": "(431, 441, 0)", "type": "Feature", "properties": {"_status": "original", "osmid": 565, "highway": "residential", "lanes": null, "maxspeed": null, "name": "Taling utca", "ref": null, "oneway": false, "reversed": true, "length": 73.35839219665515, "from": "441", "to": "431", "bridge": null, "_key": "0", "access": null, "width": null}, "geometry": {"type": "LineString", "coordinates": [[19.12365369999999, 47.392475600000054], [19.1234395, 47.39253500000002], [19.123195000000006, 47.39264760000004], [19.122938799999996, 47.39279300000005], [19.12286099999999, 47.392848500000035]]}}, {"id": "(341, 374, 0)", "type": "Feature", "properties": {"_status": "original", "osmid": 540, "highway": "residential", "lanes": null, "maxspeed": null, "name": "Csendes utca", "ref": null, "oneway": false, "reversed": true, "length": 202.5226143766721, "from": "374", "to": "341", "bridge": null, "_key": "0", "access": null, "width": null}, "geometry": {"type": "LineString", "coordinates": [[19.120290199999996, 47.392785900000014], [19.120234099999994, 47.393036500000015], [19.1201546, 47.39328680000006], [19.120128100000002, 47.39336420000006], [19.120082, 47.39344920000003], [19.1200355, 47.39350220000001], [19.1199566, 47.39357960000005], [19.11900949999999, 47.39432890000003]]}}, {"id": "(341, 355, 0)", "type": "Feature", "properties": {"_status": "original", "osmid": 541, "highway": "residential", "lanes": null, "maxspeed": null, "name": "Vir\u00e1gv\u00f6lgy k\u00f6z", "ref": null, "oneway": false, "reversed": true, "length": 60.519660285834156, "from": "355", "to": "341", "bridge": null, "_key": "0", "access": null, "width": null}, "geometry": {"type": "LineString", "coordinates": [[19.119709599999993, 47.39459410000003], [19.119467399999998, 47.394482600000075], [19.11900949999999, 47.39432890000003]]}}, {"id": "(355, 405, 0)", "type": "Feature", "properties": {"_status": "original", "osmid": 542, "highway": "residential", "lanes": null, "maxspeed": null, "name": "Vir\u00e1gv\u00f6lgy k\u00f6z", "ref": null, "oneway": false, "reversed": true, "length": 203.99537509738892, "from": "405", "to": "355", "bridge": null, "_key": "0", "access": null, "width": null}, "geometry": {"type": "LineString", "coordinates": [[19.121775899999992, 47.39381790000001], [19.121599199999988, 47.39403970000004], [19.121457899999992, 47.39421360000005], [19.121262, 47.39438320000007], [19.121091700000004, 47.3945007], [19.120777, 47.39461810000001], [19.120497499999995, 47.394668100000025], [19.119993300000004, 47.39470070000009], [19.1198875, 47.394679700000054], [19.119709599999993, 47.39459410000003]]}}, {"id": "(355, 424, 0)", "type": "Feature", "properties": {"_status": "original", "osmid": 543, "highway": "residential", "lanes": null, "maxspeed": null, "name": "K\u00e1poszt\u00e1sf\u00f6ld utca", "ref": null, "oneway": false, "reversed": true, "length": 362.21689076513695, "from": "424", "to": "355", "bridge": null, "_key": "0", "access": null, "width": null}, "geometry": {"type": "LineString", "coordinates": [[19.12239979999999, 47.39200300000002], [19.122328700000004, 47.39212150000006], [19.121028900000002, 47.393828300000024], [19.120929699999994, 47.39393020000004], [19.120828199999988, 47.39402180000003], [19.120701899999993, 47.394107200000015], [19.120554699999996, 47.394177300000024], [19.120165299999996, 47.39433980000005], [19.1200214, 47.39439290000002], [19.119894899999995, 47.39443420000002], [19.11978599999999, 47.3944784], [19.11973549999999, 47.394529200000065], [19.119709599999993, 47.39459410000003]]}}, {"id": "(424, 473, 0)", "type": "Feature", "properties": {"_status": "original", "osmid": 544, "highway": "residential", "lanes": null, "maxspeed": null, "name": ["Zsell\u00e9r d\u0171l\u0151", "Szit\u00e1s utca"], "ref": null, "oneway": false, "reversed": true, "length": 334.1076525010632, "from": "473", "to": "424", "bridge": "yes", "_key": "0", "access": null, "width": null}, "geometry": {"type": "LineString", "coordinates": [[19.126449000000004, 47.392495700000005], [19.126400299999993, 47.39242310000006], [19.126293799999992, 47.392287700000054], [19.1262155, 47.39225320000004], [19.1261244, 47.392258600000005], [19.125960899999992, 47.39227310000002], [19.125761700000005, 47.392266500000005], [19.123898099999998, 47.39206120000001], [19.1235952, 47.39198140000006], [19.123460799999997, 47.39193730000002], [19.1233894, 47.391945400000004], [19.1232979, 47.39198380000002], [19.123225600000005, 47.39203129999998], [19.12316129999999, 47.39207840000003], [19.1230872, 47.39210500000001], [19.1230043, 47.3921138], [19.122861800000003, 47.392121800000005], [19.1227006, 47.392094799999995], [19.12239979999999, 47.39200300000002]]}}, {"id": "(473, 469, 0)", "type": "Feature", "properties": {"_status": "original", "osmid": 546, "highway": "residential", "lanes": null, "maxspeed": null, "name": "Szit\u00e1s utca", "ref": null, "oneway": false, "reversed": true, "length": 92.26972595825873, "from": "469", "to": "473", "bridge": null, "_key": "0", "access": null, "width": null}, "geometry": {"type": "LineString", "coordinates": [[19.125985, 47.39322790000003], [19.126415000000005, 47.392819600000045], [19.126441500000002, 47.39275330000006], [19.1264622, 47.392702000000035], [19.126449000000004, 47.392495700000005]]}}, {"id": "(473, 464, 0)", "type": "Feature", "properties": {"_status": "original", "osmid": 547, "highway": "residential", "lanes": null, "maxspeed": null, "name": null, "ref": null, "oneway": false, "reversed": false, "length": 73.86363833267185, "from": "464", "to": "473", "bridge": null, "_key": "0", "access": null, "width": null}, "geometry": {"type": "LineString", "coordinates": [[19.125538099999996, 47.392742200000015], [19.12606579999999, 47.39259130000002], [19.126449000000004, 47.392495700000005]]}}, {"id": "(469, 464, 0)", "type": "Feature", "properties": {"_status": "original", "osmid": 554, "highway": "residential", "lanes": null, "maxspeed": null, "name": "Taling utca", "ref": null, "oneway": false, "reversed": false, "length": 64.13190423384768, "from": "464", "to": "469", "bridge": null, "_key": "0", "access": null, "width": null}, "geometry": {"type": "LineString", "coordinates": [[19.125538099999996, 47.392742200000015], [19.125856799999998, 47.39302210000001], [19.125985, 47.39322790000003]]}}, {"id": "(469, 466, 0)", "type": "Feature", "properties": {"_status": "original", "osmid": 555, "highway": "residential", "lanes": null, "maxspeed": null, "name": "Szit\u00e1s utca", "ref": null, "oneway": false, "reversed": true, "length": 8.455505464315259, "from": "466", "to": "469", "bridge": null, "_key": "0", "access": null, "width": null}, "geometry": {"type": "LineString", "coordinates": [[19.125914499999997, 47.39328710000003], [19.125985, 47.39322790000003]]}}, {"id": "(469, 471, 0)", "type": "Feature", "properties": {"_status": "original", "osmid": 556, "highway": "residential", "lanes": null, "maxspeed": "20", "name": "K\u00f6z\u00e9ptemet\u0151 utca", "ref": null, "oneway": false, "reversed": true, "length": 78.7791393559723, "from": "471", "to": "469", "bridge": null, "_key": "0", "access": null, "width": null}, "geometry": {"type": "LineString", "coordinates": [[19.126404100000002, 47.393877000000025], [19.1262701, 47.39365680000001], [19.126010699999995, 47.39326650000003], [19.125985, 47.39322790000003]]}}, {"id": "(464, 461, 0)", "type": "Feature", "properties": {"_status": "original", "osmid": 557, "highway": "residential", "lanes": null, "maxspeed": null, "name": "Taling utca", "ref": null, "oneway": false, "reversed": false, "length": 7.045388020873342, "from": "461", "to": "464", "bridge": null, "_key": "0", "access": null, "width": null}, "geometry": {"type": "LineString", "coordinates": [[19.125461700000002, 47.392705600000035], [19.125538099999996, 47.392742200000015]]}}, {"id": "(435, 428, 0)", "type": "Feature", "properties": {"_status": "original", "osmid": 550, "highway": "residential", "lanes": null, "maxspeed": "50", "name": "V\u00e9sn\u00f6k utca", "ref": null, "oneway": false, "reversed": true, "length": 73.4588087890745, "from": "435", "to": "428", "bridge": null, "_key": "0", "access": null, "width": null}, "geometry": {"type": "LineString", "coordinates": [[19.122580499999994, 47.3890323], [19.122181900000005, 47.38963530000001]]}}, {"id": "(435, 448, 0)", "type": "Feature", "properties": {"_status": "original", "osmid": 552, "highway": "residential", "lanes": null, "maxspeed": "50", "name": "V\u00e9sn\u00f6k utca", "ref": null, "oneway": false, "reversed": true, "length": 122.37414138198892, "from": "448", "to": "435", "bridge": null, "_key": "0", "access": null, "width": null}, "geometry": {"type": "LineString", "coordinates": [[19.123251500000002, 47.38802990000005], [19.122580499999994, 47.3890323]]}}, {"id": "(435, 410, 0)", "type": "Feature", "properties": {"_status": "original", "osmid": 553, "highway": "residential", "lanes": null, "maxspeed": "50", "name": "Tengelice utca", "ref": null, "oneway": false, "reversed": true, "length": 123.52798297035619, "from": "410", "to": "435", "bridge": null, "_key": "0", "access": null, "width": null}, "geometry": {"type": "LineString", "coordinates": [[19.121075199999996, 47.38859060000002], [19.121112099999994, 47.38860500000003], [19.122580499999994, 47.3890323]]}}, {"id": "(428, 456, 0)", "type": "Feature", "properties": {"_status": "original", "osmid": 551, "highway": "residential", "lanes": null, "maxspeed": "50", "name": "Ecetfa utca", "ref": null, "oneway": false, "reversed": true, "length": 177.81304902589164, "from": "456", "to": "428", "bridge": null, "_key": "0", "access": null, "width": null}, "geometry": {"type": "LineString", "coordinates": [[19.1243434, 47.39028010000001], [19.122181900000005, 47.38963530000001]]}}, {"id": "(466, 462, 0)", "type": "Feature", "properties": {"_status": "original", "osmid": 558, "highway": "residential", "lanes": null, "maxspeed": null, "name": "Selyemk\u00f3r\u00f3 k\u00f6z", "ref": null, "oneway": false, "reversed": false, "length": 25.596290082319953, "from": "462", "to": "466", "bridge": null, "_key": "0", "access": null, "width": null}, "geometry": {"type": "LineString", "coordinates": [[19.125588300000004, 47.393352100000016], [19.125914499999997, 47.39328710000003]]}}, {"id": "(461, 453, 0)", "type": "Feature", "properties": {"_status": "original", "osmid": 562, "highway": "residential", "lanes": null, "maxspeed": null, "name": "Taling utca", "ref": null, "oneway": false, "reversed": true, "length": 72.63861835978948, "from": "461", "to": "453", "bridge": null, "_key": "0", "access": null, "width": null}, "geometry": {"type": "LineString", "coordinates": [[19.125461700000002, 47.392705600000035], [19.1253171, 47.392628000000045], [19.1250361, 47.39252090000001], [19.1245971, 47.39243260000001]]}}, {"id": "(461, 459, 0)", "type": "Feature", "properties": {"_status": "original", "osmid": 563, "highway": "residential", "lanes": null, "maxspeed": null, "name": "B\u00fazaf\u0171 k\u00f6z", "ref": null, "oneway": false, "reversed": false, "length": 32.2582009301936, "from": "459", "to": "461", "bridge": null, "_key": "0", "access": null, "width": null}, "geometry": {"type": "LineString", "coordinates": [[19.1252131, 47.39294190000002], [19.125461700000002, 47.392705600000035]]}}, {"id": "(453, 441, 0)", "type": "Feature", "properties": {"_status": "original", "osmid": 706, "highway": "residential", "lanes": null, "maxspeed": null, "name": "Taling utca", "ref": null, "oneway": false, "reversed": false, "length": 71.94545484851557, "from": "441", "to": "453", "bridge": null, "_key": "0", "access": null, "width": null}, "geometry": {"type": "LineString", "coordinates": [[19.12365369999999, 47.392475600000054], [19.124053300000003, 47.39241510000003], [19.124313800000003, 47.39240820000005], [19.1245971, 47.39243260000001]]}}, {"id": "(453, 452, 0)", "type": "Feature", "properties": {"_status": "original", "osmid": 760, "highway": "residential", "lanes": null, "maxspeed": null, "name": "Vadrezeda k\u00f6z", "ref": null, "oneway": false, "reversed": false, "length": 34.465405764121044, "from": "452", "to": "453", "bridge": null, "_key": "0", "access": null, "width": null}, "geometry": {"type": "LineString", "coordinates": [[19.124527, 47.392738900000026], [19.1245971, 47.39243260000001]]}}, {"id": "(441, 445, 0)", "type": "Feature", "properties": {"_status": "original", "osmid": 707, "highway": "residential", "lanes": null, "maxspeed": null, "name": "Konkoly k\u00f6z", "ref": null, "oneway": false, "reversed": false, "length": 36.64613700613371, "from": "445", "to": "441", "bridge": null, "_key": "0", "access": null, "width": null}, "geometry": {"type": "LineString", "coordinates": [[19.12382729999999, 47.392783500000036], [19.12365369999999, 47.392475600000054]]}}, {"id": "(141, 125, 0)", "type": "Feature", "properties": {"_status": "original", "osmid": 566, "highway": "residential", "lanes": null, "maxspeed": null, "name": null, "ref": null, "oneway": false, "reversed": true, "length": 93.36448543521946, "from": "141", "to": "125", "bridge": null, "_key": "0", "access": null, "width": null}, "geometry": {"type": "LineString", "coordinates": [[19.109083699999996, 47.38437040000002], [19.1087933, 47.38403189999997], [19.108486400000004, 47.38363480000006]]}}, {"id": "(141, 152, 0)", "type": "Feature", "properties": {"_status": "original", "osmid": 567, "highway": "residential", "lanes": null, "maxspeed": null, "name": null, "ref": null, "oneway": false, "reversed": true, "length": 85.26273082719561, "from": "152", "to": "141", "bridge": null, "_key": "0", "access": null, "width": null}, "geometry": {"type": "LineString", "coordinates": [[19.10965919999999, 47.385030800000024], [19.109083699999996, 47.38437040000002]]}}, {"id": "(141, 194, 0)", "type": "Feature", "properties": {"_status": "original", "osmid": 568, "highway": "residential", "lanes": null, "maxspeed": null, "name": "Orb\u00e1n utca", "ref": null, "oneway": false, "reversed": true, "length": 162.06087667425754, "from": "194", "to": "141", "bridge": null, "_key": "0", "access": null, "width": null}, "geometry": {"type": "LineString", "coordinates": [[19.11049149999999, 47.38326790000004], [19.110370699999997, 47.3833616], [19.1099107, 47.38371850000006], [19.109714500000003, 47.383870700000045], [19.109083699999996, 47.38437040000002]]}}, {"id": "(152, 170, 0)", "type": "Feature", "properties": {"_status": "original", "osmid": 569, "highway": "residential", "lanes": null, "maxspeed": null, "name": null, "ref": null, "oneway": false, "reversed": false, "length": 93.06732017262385, "from": "152", "to": "170", "bridge": null, "_key": "0", "access": null, "width": null}, "geometry": {"type": "LineString", "coordinates": [[19.10965919999999, 47.385030800000024], [19.110284499999995, 47.38575280000004]]}}, {"id": "(152, 208, 0)", "type": "Feature", "properties": {"_status": "original", "osmid": 570, "highway": "residential", "lanes": null, "maxspeed": null, "name": "Harm\u00f3nia utca", "ref": null, "oneway": false, "reversed": [false, true], "length": 186.26040190322973, "from": "208", "to": "152", "bridge": null, "_key": "0", "access": null, "width": null}, "geometry": {"type": "LineString", "coordinates": [[19.111284800000004, 47.38376980000006], [19.110397399999997, 47.38450770000001], [19.10965919999999, 47.385030800000024]]}}, {"id": "(194, 208, 0)", "type": "Feature", "properties": {"_status": "original", "osmid": 571, "highway": "residential", "lanes": null, "maxspeed": null, "name": null, "ref": null, "oneway": false, "reversed": false, "length": 81.76842996763321, "from": "194", "to": "208", "bridge": null, "_key": "0", "access": null, "width": null}, "geometry": {"type": "LineString", "coordinates": [[19.11049149999999, 47.38326790000004], [19.110978499999998, 47.38358820000006], [19.111284800000004, 47.38376980000006]]}}, {"id": "(194, 259, 0)", "type": "Feature", "properties": {"_status": "original", "osmid": 572, "highway": "residential", "lanes": null, "maxspeed": null, "name": "Orb\u00e1n utca", "ref": null, "oneway": false, "reversed": true, "length": 287.76142438010714, "from": "259", "to": "194", "bridge": null, "_key": "0", "access": null, "width": null}, "geometry": {"type": "LineString", "coordinates": [[19.112969, 47.38130450000001], [19.112758999999993, 47.38143080000002], [19.1123407, 47.38171700000002], [19.111639499999995, 47.38224510000003], [19.1111809, 47.38267440000002], [19.111119200000005, 47.38272750000002], [19.110693900000005, 47.383093700000025], [19.1106821, 47.38310379999998], [19.11049149999999, 47.38326790000004]]}}, {"id": "(170, 173, 0)", "type": "Feature", "properties": {"_status": "original", "osmid": 573, "highway": "residential", "lanes": null, "maxspeed": null, "name": null, "ref": null, "oneway": false, "reversed": true, "length": 21.531558278245345, "from": "173", "to": "170", "bridge": null, "_key": "0", "access": null, "width": null}, "geometry": {"type": "LineString", "coordinates": [[19.1104262, 47.38592100000001], [19.110284499999995, 47.38575280000004]]}}, {"id": "(170, 227, 0)", "type": "Feature", "properties": {"_status": "original", "osmid": 576, "highway": "residential", "lanes": null, "maxspeed": null, "name": "Orb\u00e1nhegyi d\u0171l\u0151", "ref": null, "oneway": false, "reversed": true, "length": 212.4079583102174, "from": "227", "to": "170", "bridge": null, "_key": "0", "access": null, "width": null}, "geometry": {"type": "LineString", "coordinates": [[19.112050499999988, 47.38426340000006], [19.110463, 47.385587], [19.110284499999995, 47.38575280000004]]}}, {"id": "(208, 227, 0)", "type": "Feature", "properties": {"_status": "original", "osmid": 577, "highway": "residential", "lanes": null, "maxspeed": null, "name": null, "ref": null, "oneway": false, "reversed": false, "length": 79.65717724774609, "from": "208", "to": "227", "bridge": null, "_key": "0", "access": null, "width": null}, "geometry": {"type": "LineString", "coordinates": [[19.111284800000004, 47.38376980000006], [19.111380000000004, 47.383838300000015], [19.111520699999996, 47.38393520000004], [19.111713899999998, 47.384064600000016], [19.112050499999988, 47.38426340000006]]}}, {"id": "(208, 276, 0)", "type": "Feature", "properties": {"_status": "original", "osmid": 583, "highway": "residential", "lanes": null, "maxspeed": null, "name": "Harm\u00f3nia utca", "ref": null, "oneway": false, "reversed": true, "length": 280.59408940667026, "from": "276", "to": "208", "bridge": null, "_key": "0", "access": null, "width": null}, "geometry": {"type": "LineString", "coordinates": [[19.113676200000004, 47.38183520000003], [19.112484299999995, 47.38278910000004], [19.1121541, 47.383032100000044], [19.111516999999996, 47.383572800000046], [19.111482700000007, 47.38360180000003], [19.111284800000004, 47.38376980000006]]}}, {"id": "(173, 193, 0)", "type": "Feature", "properties": {"_status": "original", "osmid": 574, "highway": "residential", "lanes": "3", "maxspeed": null, "name": "Hunyadi utca", "ref": null, "oneway": false, "reversed": true, "length": 68.1204725666229, "from": "193", "to": "173", "bridge": null, "_key": "0", "access": null, "width": null}, "geometry": {"type": "LineString", "coordinates": [[19.111038000000008, 47.38637170000001], [19.11074189999999, 47.38615340000002], [19.110487200000005, 47.38597660000004], [19.1104262, 47.38592100000001]]}}, {"id": "(173, 164, 0)", "type": "Feature", "properties": {"_status": "original", "osmid": 575, "highway": "residential", "lanes": "2", "maxspeed": null, "name": null, "ref": null, "oneway": false, "reversed": false, "length": 22.84770435406969, "from": "164", "to": "173", "bridge": null, "_key": "0", "access": null, "width": null}, "geometry": {"type": "LineString", "coordinates": [[19.110194699999997, 47.3860531], [19.110250799999992, 47.38602870000001], [19.110285200000003, 47.38600660000004], [19.1104262, 47.38592100000001]]}}, {"id": "(193, 213, 0)", "type": "Feature", "properties": {"_status": "original", "osmid": 580, "highway": "residential", "lanes": null, "maxspeed": null, "name": "Hunyadi utca", "ref": null, "oneway": false, "reversed": false, "length": 91.71176353837717, "from": "193", "to": "213", "bridge": null, "_key": "0", "access": null, "width": null}, "geometry": {"type": "LineString", "coordinates": [[19.111038000000008, 47.38637170000001], [19.111220300000003, 47.3864757], [19.111600999999997, 47.38667250000003], [19.112018399999993, 47.38685990000002]]}}, {"id": "(193, 248, 0)", "type": "Feature", "properties": {"_status": "original", "osmid": 581, "highway": "residential", "lanes": null, "maxspeed": null, "name": "Zsilv\u00f6lgy utca", "ref": null, "oneway": false, "reversed": true, "length": 257.28320982777194, "from": "248", "to": "193", "bridge": null, "_key": "0", "access": null, "width": null}, "geometry": {"type": "LineString", "coordinates": [[19.113369099999986, 47.3847401], [19.113343899999997, 47.38481670000007], [19.113270000000007, 47.38490610000001], [19.11237079999999, 47.38560010000003], [19.111697399999997, 47.386131], [19.1115923, 47.38618910000004], [19.111428299999996, 47.3862551], [19.111038000000008, 47.38637170000001]]}}, {"id": "(193, 183, 0)", "type": "Feature", "properties": {"_status": "original", "osmid": 582, "highway": "residential", "lanes": null, "maxspeed": null, "name": "Haraszti \u00fat", "ref": null, "oneway": false, "reversed": true, "length": 23.388141918266697, "from": "183", "to": "193", "bridge": null, "_key": "0", "access": null, "width": null}, "geometry": {"type": "LineString", "coordinates": [[19.110769499999996, 47.38647750000002], [19.111038000000008, 47.38637170000001]]}}, {"id": "(227, 248, 0)", "type": "Feature", "properties": {"_status": "original", "osmid": 578, "highway": "residential", "lanes": null, "maxspeed": null, "name": "H\u00e1zikert utca", "ref": null, "oneway": false, "reversed": true, "length": 112.5390363641158, "from": "248", "to": "227", "bridge": null, "_key": "0", "access": null, "width": null}, "geometry": {"type": "LineString", "coordinates": [[19.113369099999986, 47.3847401], [19.112050499999988, 47.38426340000006]]}}, {"id": "(227, 336, 0)", "type": "Feature", "properties": {"_status": "original", "osmid": 579, "highway": "residential", "lanes": null, "maxspeed": null, "name": ["Sz\u0151l\u0151domb utca", "Orb\u00e1nhegyi d\u0171l\u0151"], "ref": null, "oneway": false, "reversed": [false, true], "length": 521.6392889532837, "from": "336", "to": "227", "bridge": null, "_key": "0", "access": null, "width": null}, "geometry": {"type": "LineString", "coordinates": [[19.1166245, 47.38150659999998], [19.1165087, 47.381436200000024], [19.11624329999999, 47.38133810000002], [19.116132499999996, 47.38129410000003], [19.1158915, 47.38118310000004], [19.115806600000006, 47.38115640000004], [19.115717900000007, 47.38116690000001], [19.1156044, 47.3812464], [19.1148428, 47.38189840000004], [19.114601100000005, 47.38216000000001], [19.114450299999994, 47.382301700000035], [19.114326899999988, 47.38240420000004], [19.114004400000002, 47.38267150000005], [19.113272300000002, 47.38325820000005], [19.112050499999988, 47.38426340000006]]}}, {"id": "(248, 278, 0)", "type": "Feature", "properties": {"_status": "original", "osmid": 584, "highway": "residential", "lanes": null, "maxspeed": null, "name": "H\u00e1zikert utca", "ref": null, "oneway": false, "reversed": false, "length": 78.83142193091675, "from": "248", "to": "278", "bridge": null, "_key": "0", "access": null, "width": null}, "geometry": {"type": "LineString", "coordinates": [[19.113369099999986, 47.3847401], [19.1142858, 47.385082700000005]]}}, {"id": "(248, 336, 0)", "type": "Feature", "properties": {"_status": "original", "osmid": 585, "highway": "residential", "lanes": null, "maxspeed": null, "name": "Zsilv\u00f6lgy utca", "ref": null, "oneway": false, "reversed": false, "length": 436.08589663006205, "from": "248", "to": "336", "bridge": null, "_key": "0", "access": null, "width": null}, "geometry": {"type": "LineString", "coordinates": [[19.113369099999986, 47.3847401], [19.113761699999998, 47.38425569999999], [19.1139601, 47.38403800000004], [19.114101600000005, 47.383832300000066], [19.114400499999995, 47.383516200000024], [19.1166245, 47.38150659999998]]}}, {"id": "(336, 353, 0)", "type": "Feature", "properties": {"_status": "original", "osmid": 586, "highway": "residential", "lanes": null, "maxspeed": null, "name": null, "ref": null, "oneway": false, "reversed": false, "length": 57.67549603501793, "from": "336", "to": "353", "bridge": null, "_key": "0", "access": null, "width": null}, "geometry": {"type": "LineString", "coordinates": [[19.1166245, 47.38150659999998], [19.116661099999995, 47.38151990000003], [19.116873800000004, 47.38161930000004], [19.116919099999993, 47.38164050000004], [19.117231399999998, 47.3818214]]}}, {"id": "(213, 242, 0)", "type": "Feature", "properties": {"_status": "original", "osmid": 589, "highway": "residential", "lanes": null, "maxspeed": null, "name": "Hunyadi utca", "ref": null, "oneway": false, "reversed": false, "length": 110.2904967044173, "from": "213", "to": "242", "bridge": null, "_key": "0", "access": null, "width": null}, "geometry": {"type": "LineString", "coordinates": [[19.112018399999993, 47.38685990000002], [19.112685000000006, 47.38711750000004], [19.112985, 47.3872099], [19.113162, 47.387262000000064], [19.113331200000005, 47.38729190000005]]}}, {"id": "(213, 278, 0)", "type": "Feature", "properties": {"_status": "original", "osmid": 595, "highway": "residential", "lanes": null, "maxspeed": null, "name": "Sz\u0151l\u0151domb utca", "ref": null, "oneway": false, "reversed": true, "length": 264.94798255013774, "from": "278", "to": "213", "bridge": null, "_key": "0", "access": null, "width": null}, "geometry": {"type": "LineString", "coordinates": [[19.1142858, 47.385082700000005], [19.112981, 47.386320000000055], [19.112716299999995, 47.38653990000001], [19.112590100000002, 47.38661690000002], [19.112321199999993, 47.38670650000002], [19.1121413, 47.38676670000004], [19.112018399999993, 47.38685990000002]]}}, {"id": "(278, 293, 0)", "type": "Feature", "properties": {"_status": "original", "osmid": 590, "highway": "residential", "lanes": null, "maxspeed": null, "name": "H\u00e1zikert utca", "ref": null, "oneway": false, "reversed": false, "length": 76.82052139236659, "from": "278", "to": "293", "bridge": null, "_key": "0", "access": null, "width": null}, "geometry": {"type": "LineString", "coordinates": [[19.1142858, 47.385082700000005], [19.115136299999996, 47.385464400000025]]}}, {"id": "(278, 353, 0)", "type": "Feature", "properties": {"_status": "original", "osmid": 596, "highway": "residential", "lanes": null, "maxspeed": null, "name": "Sz\u0151l\u0151domb utca", "ref": null, "oneway": false, "reversed": true, "length": 426.38581364403774, "from": "353", "to": "278", "bridge": null, "_key": "0", "access": null, "width": null}, "geometry": {"type": "LineString", "coordinates": [[19.117231399999998, 47.3818214], [19.117200500000006, 47.38193490000001], [19.116977099999993, 47.38225830000005], [19.1166321, 47.38264990000001], [19.1164061, 47.382882499999994], [19.116263500000002, 47.38302920000004], [19.115737600000003, 47.38357249999998], [19.115338799999993, 47.38399560000003], [19.114758400000003, 47.384629100000005], [19.1142858, 47.385082700000005]]}}, {"id": "(353, 375, 0)", "type": "Feature", "properties": {"_status": "original", "osmid": 598, "highway": "residential", "lanes": null, "maxspeed": null, "name": null, "ref": null, "oneway": false, "reversed": false, "length": 169.32408348323065, "from": "375", "to": "353", "bridge": null, "_key": "0", "access": null, "width": null}, "geometry": {"type": "LineString", "coordinates": [[19.1183768, 47.381733600000004], [19.1183451, 47.38164360000005], [19.11826269999999, 47.381521100000015], [19.118146999999997, 47.381365599999995], [19.1179571, 47.38116520000001], [19.117888899999993, 47.381146700000045], [19.117805199999996, 47.381150800000015], [19.1177443, 47.38119690000003], [19.117658399999993, 47.38130360000003], [19.117532899999993, 47.38147700000004], [19.117231399999998, 47.3818214]]}}, {"id": "(242, 293, 0)", "type": "Feature", "properties": {"_status": "original", "osmid": 587, "highway": "residential", "lanes": null, "maxspeed": null, "name": "Elvira utca", "ref": null, "oneway": true, "reversed": false, "length": 244.4621795087232, "from": "242", "to": "293", "bridge": null, "_key": "0", "access": null, "width": null}, "geometry": {"type": "LineString", "coordinates": [[19.113331200000005, 47.38729190000005], [19.115136299999996, 47.385464400000025]]}}, {"id": "(242, 251, 0)", "type": "Feature", "properties": {"_status": "original", "osmid": 588, "highway": "residential", "lanes": null, "maxspeed": null, "name": "Hunyadi utca", "ref": null, "oneway": false, "reversed": true, "length": 42.81934157295197, "from": "251", "to": "242", "bridge": null, "_key": "0", "access": null, "width": null}, "geometry": {"type": "LineString", "coordinates": [[19.113870199999994, 47.38741329999999], [19.113619699999994, 47.38734660000003], [19.113331200000005, 47.38729190000005]]}}, {"id": "(293, 375, 0)", "type": "Feature", "properties": {"_status": "original", "osmid": 591, "highway": "residential", "lanes": null, "maxspeed": null, "name": "Elvira utca", "ref": null, "oneway": false, "reversed": true, "length": 482.40079188182017, "from": "375", "to": "293", "bridge": null, "_key": "0", "access": null, "width": null}, "geometry": {"type": "LineString", "coordinates": [[19.1183768, 47.381733600000004], [19.118354999999998, 47.38178760000003], [19.118257099999994, 47.38198110000002], [19.1180194, 47.382263100000046], [19.117758199999994, 47.382573100000016], [19.117186699999998, 47.38332840000008], [19.116488000000004, 47.38406840000006], [19.1159446, 47.3846331], [19.115136299999996, 47.385464400000025]]}}, {"id": "(293, 309, 0)", "type": "Feature", "properties": {"_status": "original", "osmid": 592, "highway": "residential", "lanes": null, "maxspeed": null, "name": "H\u00e1zikert utca", "ref": null, "oneway": false, "reversed": true, "length": 76.13810623073786, "from": "309", "to": "293", "bridge": null, "_key": "0", "access": null, "width": null}, "geometry": {"type": "LineString", "coordinates": [[19.115909300000002, 47.38590510000003], [19.11560279999999, 47.38571310000004], [19.115136299999996, 47.385464400000025]]}}, {"id": "(251, 264, 0)", "type": "Feature", "properties": {"_status": "original", "osmid": 593, "highway": "residential", "lanes": null, "maxspeed": null, "name": "Hunyadi utca", "ref": null, "oneway": false, "reversed": true, "length": 37.12774773968383, "from": "264", "to": "251", "bridge": null, "_key": "0", "access": null, "width": null}, "geometry": {"type": "LineString", "coordinates": [[19.114323199999998, 47.387545300000035], [19.113870199999994, 47.38741329999999]]}}, {"id": "(251, 210, 0)", "type": "Feature", "properties": {"_status": "original", "osmid": 594, "highway": "residential", "lanes": null, "maxspeed": null, "name": "Vad\u00e1szk\u00fcrt utca", "ref": null, "oneway": false, "reversed": false, "length": 148.88888871079197, "from": "210", "to": "251", "bridge": null, "_key": "0", "access": null, "width": null}, "geometry": {"type": "LineString", "coordinates": [[19.112102899999996, 47.38799600000007], [19.1137453, 47.38750100000003], [19.113870199999994, 47.38741329999999]]}}, {"id": "(375, 389, 0)", "type": "Feature", "properties": {"_status": "original", "osmid": 597, "highway": "residential", "lanes": null, "maxspeed": null, "name": "Weiss M\u00e1rton utca", "ref": null, "oneway": false, "reversed": true, "length": 115.55505441015802, "from": "375", "to": "389", "bridge": null, "_key": "0", "access": null, "width": null}, "geometry": {"type": "LineString", "coordinates": [[19.1183768, 47.381733600000004], [19.118435800000004, 47.38175910000003], [19.1185111, 47.381852800000026], [19.119016200000004, 47.38266920000004]]}}, {"id": "(309, 264, 0)", "type": "Feature", "properties": {"_status": "original", "osmid": 599, "highway": "residential", "lanes": null, "maxspeed": null, "name": "Karmazsin utca", "ref": null, "oneway": false, "reversed": true, "length": 217.99451592020188, "from": "309", "to": "264", "bridge": null, "_key": "0", "access": null, "width": null}, "geometry": {"type": "LineString", "coordinates": [[19.115909300000002, 47.38590510000003], [19.114323199999998, 47.387545300000035]]}}, {"id": "(309, 325, 0)", "type": "Feature", "properties": {"_status": "original", "osmid": 600, "highway": "residential", "lanes": null, "maxspeed": null, "name": "H\u00e1zikert utca", "ref": null, "oneway": false, "reversed": false, "length": 106.73193333037163, "from": "309", "to": "325", "bridge": null, "_key": "0", "access": null, "width": null}, "geometry": {"type": "LineString", "coordinates": [[19.115909300000002, 47.38590510000003], [19.116952199999997, 47.38655530000005]]}}, {"id": "(309, 389, 0)", "type": "Feature", "properties": {"_status": "original", "osmid": 601, "highway": "residential", "lanes": null, "maxspeed": null, "name": "Karmazsin utca", "ref": null, "oneway": false, "reversed": true, "length": 431.71142313976156, "from": "389", "to": "309", "bridge": null, "_key": "0", "access": null, "width": null}, "geometry": {"type": "LineString", "coordinates": [[19.119016200000004, 47.38266920000004], [19.1189119, 47.3827565], [19.118871699999996, 47.382789200000055], [19.118788500000008, 47.382883600000014], [19.118574, 47.383234100000024], [19.118321799999997, 47.383590100000006], [19.1181502, 47.38382260000002], [19.117989199999997, 47.38399690000001], [19.117705600000004, 47.38430790000001], [19.117004999999995, 47.38503190000004], [19.116897500000004, 47.38513840000002], [19.116773000000002, 47.38524840000004], [19.115909300000002, 47.38590510000003]]}}, {"id": "(264, 296, 0)", "type": "Feature", "properties": {"_status": "original", "osmid": 602, "highway": "residential", "lanes": null, "maxspeed": null, "name": "Zsell\u00e9r d\u0171l\u0151", "ref": null, "oneway": false, "reversed": false, "length": 105.97384003723693, "from": "264", "to": "296", "bridge": null, "_key": "0", "access": null, "width": null}, "geometry": {"type": "LineString", "coordinates": [[19.114323199999998, 47.387545300000035], [19.115645799999996, 47.38787160000002]]}}, {"id": "(264, 271, 0)", "type": "Feature", "properties": {"_status": "original", "osmid": 603, "highway": "residential", "lanes": null, "maxspeed": null, "name": "Hunyadi utca", "ref": null, "oneway": false, "reversed": true, "length": 32.25681638552592, "from": "264", "to": "271", "bridge": null, "_key": "0", "access": null, "width": null}, "geometry": {"type": "LineString", "coordinates": [[19.114323199999998, 47.387545300000035], [19.1143951, 47.38763790000005], [19.114595999999995, 47.38776400000003]]}}, {"id": "(389, 384, 0)", "type": "Feature", "properties": {"_status": "original", "osmid": 634, "highway": "residential", "lanes": null, "maxspeed": null, "name": "Sodronyos utca", "ref": null, "oneway": false, "reversed": true, "length": 189.58682721580914, "from": "389", "to": "384", "bridge": null, "_key": "0", "access": null, "width": null}, "geometry": {"type": "LineString", "coordinates": [[19.119016200000004, 47.38266920000004], [19.11969589999999, 47.38360310000006], [19.119182100000003, 47.384168500000015]]}}, {"id": "(325, 296, 0)", "type": "Feature", "properties": {"_status": "original", "osmid": 627, "highway": "residential", "lanes": null, "maxspeed": null, "name": "Sodronyos utca", "ref": null, "oneway": false, "reversed": true, "length": 176.34011895881105, "from": "325", "to": "296", "bridge": null, "_key": "0", "access": null, "width": null}, "geometry": {"type": "LineString", "coordinates": [[19.116952199999997, 47.38655530000005], [19.115645799999996, 47.38787160000002]]}}, {"id": "(325, 327, 0)", "type": "Feature", "properties": {"_status": "original", "osmid": 629, "highway": "residential", "lanes": null, "maxspeed": null, "name": "Sodronyos utca", "ref": null, "oneway": false, "reversed": true, "length": 20.49828558049543, "from": "327", "to": "325", "bridge": null, "_key": "0", "access": null, "width": null}, "geometry": {"type": "LineString", "coordinates": [[19.117116499999987, 47.38640830000001], [19.116952199999997, 47.38655530000005]]}}, {"id": "(296, 286, 0)", "type": "Feature", "properties": {"_status": "original", "osmid": 624, "highway": "residential", "lanes": null, "maxspeed": null, "name": "Sodronyos utca", "ref": null, "oneway": false, "reversed": true, "length": 46.89873343580266, "from": "296", "to": "286", "bridge": null, "_key": "0", "access": null, "width": null}, "geometry": {"type": "LineString", "coordinates": [[19.115645799999996, 47.38787160000002], [19.115338799999993, 47.38823860000004]]}}, {"id": "(296, 316, 0)", "type": "Feature", "properties": {"_status": "original", "osmid": 618, "highway": "residential", "lanes": null, "maxspeed": null, "name": "Zsell\u00e9r d\u0171l\u0151", "ref": null, "oneway": false, "reversed": true, "length": 93.79460221613914, "from": "316", "to": "296", "bridge": null, "_key": "0", "access": null, "width": null}, "geometry": {"type": "LineString", "coordinates": [[19.116803199999996, 47.38818340000001], [19.116396599999998, 47.388065300000044], [19.115645799999996, 47.38787160000002]]}}, {"id": "(271, 286, 0)", "type": "Feature", "properties": {"_status": "original", "osmid": 626, "highway": "residential", "lanes": null, "maxspeed": null, "name": "Hunyadi utca", "ref": null, "oneway": false, "reversed": true, "length": 76.90372034537182, "from": "271", "to": "286", "bridge": null, "_key": "0", "access": null, "width": null}, "geometry": {"type": "LineString", "coordinates": [[19.114595999999995, 47.38776400000003], [19.115048599999994, 47.38804430000001], [19.115338799999993, 47.38823860000004]]}}, {"id": "(271, 217, 0)", "type": "Feature", "properties": {"_status": "original", "osmid": 628, "highway": "residential", "lanes": null, "maxspeed": null, "name": "Sisak utca", "ref": null, "oneway": false, "reversed": false, "length": 177.34269225345136, "from": "217", "to": "271", "bridge": null, "_key": "0", "access": null, "width": null}, "geometry": {"type": "LineString", "coordinates": [[19.112467800000005, 47.388447800000016], [19.114595999999995, 47.38776400000003]]}}, {"id": "(311, 267, 0)", "type": "Feature", "properties": {"_status": "original", "osmid": 606, "highway": "residential", "lanes": null, "maxspeed": null, "name": "Szent Istv\u00e1n utca", "ref": null, "oneway": false, "reversed": true, "length": 172.8636224093908, "from": "311", "to": "267", "bridge": null, "_key": "0", "access": null, "width": null}, "geometry": {"type": "LineString", "coordinates": [[19.116766699999996, 47.38988029999999], [19.11598499999999, 47.390408], [19.115814700000005, 47.390500200000034], [19.1156102, 47.39059249999999], [19.114994700000008, 47.39085640000002]]}}, {"id": "(311, 303, 0)", "type": "Feature", "properties": {"_status": "original", "osmid": 607, "highway": "residential", "lanes": null, "maxspeed": null, "name": "Szent Istv\u00e1n k\u00f6z", "ref": null, "oneway": false, "reversed": false, "length": 47.93229161396508, "from": "303", "to": "311", "bridge": null, "_key": "0", "access": null, "width": null}, "geometry": {"type": "LineString", "coordinates": [[19.11624569999999, 47.3896325], [19.116766699999996, 47.38988029999999]]}}, {"id": "(324, 308, 0)", "type": "Feature", "properties": {"_status": "original", "osmid": 608, "highway": "residential", "lanes": null, "maxspeed": null, "name": "Hunyadi utca", "ref": null, "oneway": false, "reversed": true, "length": 88.64522673864447, "from": "308", "to": "324", "bridge": null, "_key": "0", "access": null, "width": null}, "geometry": {"type": "LineString", "coordinates": [[19.116402599999997, 47.38869710000004], [19.117394900000004, 47.389126300000044]]}}, {"id": "(324, 335, 0)", "type": "Feature", "properties": {"_status": "original", "osmid": 609, "highway": "residential", "lanes": null, "maxspeed": null, "name": "Hung\u00e1ria k\u00f6z", "ref": null, "oneway": false, "reversed": true, "length": 67.94681564188333, "from": "335", "to": "324", "bridge": null, "_key": "0", "access": null, "width": null}, "geometry": {"type": "LineString", "coordinates": [[19.1178565, 47.388601200000025], [19.117394900000004, 47.389126300000044]]}}, {"id": "(267, 250, 0)", "type": "Feature", "properties": {"_status": "original", "osmid": 610, "highway": "residential", "lanes": null, "maxspeed": null, "name": "Szent Istv\u00e1n utca", "ref": null, "oneway": false, "reversed": true, "length": 44.82411704265694, "from": "267", "to": "250", "bridge": null, "_key": "0", "access": null, "width": null}, "geometry": {"type": "LineString", "coordinates": [[19.114994700000008, 47.39085640000002], [19.114540299999994, 47.39107300000006], [19.114508499999996, 47.391089100000045]]}}, {"id": "(267, 308, 0)", "type": "Feature", "properties": {"_status": "original", "osmid": 611, "highway": "residential", "lanes": null, "maxspeed": null, "name": "Kelep utca", "ref": null, "oneway": false, "reversed": true, "length": 263.5387105335097, "from": "308", "to": "267", "bridge": null, "_key": "0", "access": null, "width": null}, "geometry": {"type": "LineString", "coordinates": [[19.116402599999997, 47.38869710000004], [19.115229200000005, 47.390285299999995], [19.1151423, 47.3904778], [19.1150869, 47.39068480000004], [19.114994700000008, 47.39085640000002]]}}, {"id": "(308, 306, 0)", "type": "Feature", "properties": {"_status": "original", "osmid": 612, "highway": "residential", "lanes": null, "maxspeed": null, "name": "Hunyadi utca", "ref": null, "oneway": false, "reversed": true, "length": 5.369917223410568, "from": "306", "to": "308", "bridge": null, "_key": "0", "access": null, "width": null}, "geometry": {"type": "LineString", "coordinates": [[19.116344800000004, 47.38866880000004], [19.116402599999997, 47.38869710000004]]}}, {"id": "(335, 316, 0)", "type": "Feature", "properties": {"_status": "original", "osmid": 613, "highway": "residential", "lanes": null, "maxspeed": null, "name": "Zsell\u00e9r d\u0171l\u0151", "ref": null, "oneway": false, "reversed": true, "length": 91.9395158682827, "from": "335", "to": "316", "bridge": null, "_key": "0", "access": null, "width": null}, "geometry": {"type": "LineString", "coordinates": [[19.1178565, 47.388601200000025], [19.117478799999997, 47.38843810000004], [19.116803199999996, 47.38818340000001]]}}, {"id": "(335, 368, 0)", "type": "Feature", "properties": {"_status": "original", "osmid": 614, "highway": "residential", "lanes": null, "maxspeed": null, "name": "Hung\u00e1ria k\u00f6z", "ref": null, "oneway": false, "reversed": false, "length": 172.1761341113546, "from": "335", "to": "368", "bridge": null, "_key": "0", "access": null, "width": null}, "geometry": {"type": "LineString", "coordinates": [[19.1178565, 47.388601200000025], [19.119071600000005, 47.38728940000002]]}}, {"id": "(335, 356, 0)", "type": "Feature", "properties": {"_status": "original", "osmid": 615, "highway": "residential", "lanes": null, "maxspeed": null, "name": "Zsell\u00e9r d\u0171l\u0151", "ref": null, "oneway": false, "reversed": true, "length": 95.6881219294595, "from": "356", "to": "335", "bridge": null, "_key": "0", "access": null, "width": null}, "geometry": {"type": "LineString", "coordinates": [[19.118833800000004, 47.38914560000004], [19.1186094, 47.38898540000004], [19.118352399999996, 47.38883000000001], [19.1180434, 47.388680200000046], [19.1178565, 47.388601200000025]]}}, {"id": "(306, 316, 0)", "type": "Feature", "properties": {"_status": "original", "osmid": 616, "highway": "residential", "lanes": null, "maxspeed": null, "name": "Kelep utca", "ref": null, "oneway": false, "reversed": true, "length": 64.06314453387728, "from": "316", "to": "306", "bridge": null, "_key": "0", "access": null, "width": null}, "geometry": {"type": "LineString", "coordinates": [[19.116803199999996, 47.38818340000001], [19.116344800000004, 47.38866880000004]]}}, {"id": "(306, 299, 0)", "type": "Feature", "properties": {"_status": "original", "osmid": 617, "highway": "residential", "lanes": null, "maxspeed": null, "name": "Hunyadi utca", "ref": null, "oneway": false, "reversed": true, "length": 49.756297157909344, "from": "299", "to": "306", "bridge": null, "_key": "0", "access": null, "width": null}, "geometry": {"type": "LineString", "coordinates": [[19.115792899999995, 47.388422600000034], [19.116344800000004, 47.38866880000004]]}}, {"id": "(316, 352, 0)", "type": "Feature", "properties": {"_status": "original", "osmid": 619, "highway": "residential", "lanes": null, "maxspeed": null, "name": "Kelep utca", "ref": null, "oneway": false, "reversed": true, "length": 175.27400579389425, "from": "352", "to": "316", "bridge": null, "_key": "0", "access": null, "width": null}, "geometry": {"type": "LineString", "coordinates": [[19.118087399999993, 47.38686860000006], [19.116803199999996, 47.38818340000001]]}}, {"id": "(368, 352, 0)", "type": "Feature", "properties": {"_status": "original", "osmid": 633, "highway": "residential", "lanes": null, "maxspeed": null, "name": "H\u00e1zikert utca", "ref": null, "oneway": false, "reversed": true, "length": 87.65131686158657, "from": "368", "to": "352", "bridge": null, "_key": "0", "access": null, "width": null}, "geometry": {"type": "LineString", "coordinates": [[19.119071600000005, 47.38728940000002], [19.118786999999994, 47.387175499999984], [19.11854969999999, 47.38706840000004], [19.1183499, 47.3869801], [19.118087399999993, 47.38686860000006]]}}, {"id": "(368, 421, 0)", "type": "Feature", "properties": {"_status": "original", "osmid": 635, "highway": "residential", "lanes": null, "maxspeed": null, "name": "Hung\u00e1ria k\u00f6z", "ref": null, "oneway": false, "reversed": true, "length": 272.94447873827056, "from": "421", "to": "368", "bridge": null, "_key": "0", "access": null, "width": null}, "geometry": {"type": "LineString", "coordinates": [[19.1210472, 47.385231699999984], [19.1201048, 47.38623140000006], [19.119610900000005, 47.38676150000004], [19.11934129999999, 47.38703230000002], [19.119071600000005, 47.38728940000002]]}}, {"id": "(356, 392, 0)", "type": "Feature", "properties": {"_status": "original", "osmid": 636, "highway": "residential", "lanes": null, "maxspeed": null, "name": "Kert\u00e9szf\u00f6ld utca", "ref": null, "oneway": false, "reversed": true, "length": 168.8745613633376, "from": "392", "to": "356", "bridge": null, "_key": "0", "access": null, "width": null}, "geometry": {"type": "LineString", "coordinates": [[19.120019100000004, 47.38785620000004], [19.118833800000004, 47.38914560000004]]}}, {"id": "(356, 369, 0)", "type": "Feature", "properties": {"_status": "original", "osmid": 637, "highway": "residential", "lanes": null, "maxspeed": null, "name": "Zsell\u00e9r d\u0171l\u0151", "ref": null, "oneway": false, "reversed": true, "length": 84.85455534143297, "from": "369", "to": "356", "bridge": null, "_key": "0", "access": null, "width": null}, "geometry": {"type": "LineString", "coordinates": [[19.119582800000003, 47.389714800000036], [19.1195676, 47.38970490000002], [19.1194418, 47.389627100000034], [19.1189526, 47.38923680000002], [19.118833800000004, 47.38914560000004]]}}, {"id": "(299, 283, 0)", "type": "Feature", "properties": {"_status": "original", "osmid": 620, "highway": "residential", "lanes": null, "maxspeed": null, "name": "K\u00f6r utca", "ref": null, "oneway": false, "reversed": true, "length": 66.15043774362468, "from": "299", "to": "283", "bridge": null, "_key": "0", "access": null, "width": null}, "geometry": {"type": "LineString", "coordinates": [[19.115792899999995, 47.388422600000034], [19.115357399999994, 47.38893930000001]]}}, {"id": "(299, 286, 0)", "type": "Feature", "properties": {"_status": "original", "osmid": 621, "highway": "residential", "lanes": null, "maxspeed": null, "name": "Hunyadi utca", "ref": null, "oneway": false, "reversed": true, "length": 39.84040648179091, "from": "286", "to": "299", "bridge": null, "_key": "0", "access": null, "width": null}, "geometry": {"type": "LineString", "coordinates": [[19.115338799999993, 47.38823860000004], [19.115792899999995, 47.388422600000034]]}}, {"id": "(352, 327, 0)", "type": "Feature", "properties": {"_status": "original", "osmid": 630, "highway": "residential", "lanes": null, "maxspeed": null, "name": "H\u00e1zikert utca", "ref": null, "oneway": false, "reversed": true, "length": 89.23218273660986, "from": "352", "to": "327", "bridge": null, "_key": "0", "access": null, "width": null}, "geometry": {"type": "LineString", "coordinates": [[19.118087399999993, 47.38686860000006], [19.117116499999987, 47.38640830000001]]}}, {"id": "(352, 384, 0)", "type": "Feature", "properties": {"_status": "original", "osmid": 632, "highway": "residential", "lanes": null, "maxspeed": null, "name": null, "ref": null, "oneway": false, "reversed": true, "length": 373.9788068245201, "from": "384", "to": "352", "bridge": null, "_key": "0", "access": null, "width": null}, "geometry": {"type": "LineString", "coordinates": [[19.119182100000003, 47.384168500000015], [19.1198625, 47.38453930000004], [19.120077399999996, 47.384703200000004], [19.120014799999993, 47.38481370000004], [19.1197981, 47.38503160000001], [19.118961899999995, 47.385919100000045], [19.118087399999993, 47.38686860000006]]}}, {"id": "(283, 246, 0)", "type": "Feature", "properties": {"_status": "original", "osmid": 622, "highway": "residential", "lanes": null, "maxspeed": null, "name": "K\u00f6r utca", "ref": null, "oneway": false, "reversed": true, "length": 222.07861427625986, "from": "283", "to": "246", "bridge": null, "_key": "0", "access": null, "width": null}, "geometry": {"type": "LineString", "coordinates": [[19.115357399999994, 47.38893930000001], [19.1151862, 47.38918640000001], [19.1150086, 47.389450300000014], [19.114856099999997, 47.38971450000002], [19.114694099999998, 47.39001410000005], [19.114540099999992, 47.390315400000034], [19.114512799999996, 47.39043720000005], [19.114504, 47.39050399999998], [19.11449779999999, 47.390584800000035], [19.114498300000005, 47.39061790000003], [19.1144861, 47.39064740000003], [19.114411800000003, 47.39069310000004], [19.1142656, 47.39074080000004]]}}, {"id": "(283, 237, 0)", "type": "Feature", "properties": {"_status": "original", "osmid": 623, "highway": "residential", "lanes": null, "maxspeed": null, "name": "Bercs\u00e9nyi utca", "ref": null, "oneway": false, "reversed": false, "length": 166.5156516841518, "from": "237", "to": "283", "bridge": null, "_key": "0", "access": null, "width": null}, "geometry": {"type": "LineString", "coordinates": [[19.113290599999996, 47.389472800000014], [19.115357399999994, 47.38893930000001]]}}, {"id": "(286, 226, 0)", "type": "Feature", "properties": {"_status": "original", "osmid": 625, "highway": "residential", "lanes": null, "maxspeed": null, "name": "Sodronyos utca", "ref": null, "oneway": false, "reversed": false, "length": 203.56969185009405, "from": "226", "to": "286", "bridge": null, "_key": "0", "access": null, "width": null}, "geometry": {"type": "LineString", "coordinates": [[19.112838699999998, 47.38893620000005], [19.115338799999993, 47.38823860000004]]}}, {"id": "(327, 384, 0)", "type": "Feature", "properties": {"_status": "original", "osmid": 631, "highway": "residential", "lanes": null, "maxspeed": null, "name": "Sodronyos utca", "ref": null, "oneway": false, "reversed": true, "length": 293.9442672844959, "from": "384", "to": "327", "bridge": null, "_key": "0", "access": null, "width": null}, "geometry": {"type": "LineString", "coordinates": [[19.119182100000003, 47.384168500000015], [19.118782199999988, 47.38457900000003], [19.11862639999999, 47.38474700000006], [19.1184522, 47.38492750000002], [19.1183462, 47.38502539999999], [19.118134700000002, 47.38523900000004], [19.117914599999988, 47.385465400000044], [19.1176602, 47.38571640000001], [19.117327900000003, 47.3861444], [19.117116499999987, 47.38640830000001]]}}, {"id": "(123, 216, 0)", "type": "Feature", "properties": {"_status": "original", "osmid": 654, "highway": "residential", "lanes": null, "maxspeed": "30", "name": ["Gombk\u00f6t\u0151 utca", "D\u00e9l utca"], "ref": null, "oneway": false, "reversed": true, "length": 313.1030652222666, "from": "123", "to": "216", "bridge": null, "_key": "0", "access": null, "width": null}, "geometry": {"type": "LineString", "coordinates": [[19.107160800000006, 47.37656270000002], [19.1093005, 47.37516339999998], [19.109345499999996, 47.375144100000014], [19.109385899999996, 47.37515000000005], [19.110127900000002, 47.375689700000024]]}}, {"id": "(123, 143, 0)", "type": "Feature", "properties": {"_status": "original", "osmid": 655, "highway": "residential", "lanes": null, "maxspeed": "30", "name": "Csizmadia utca", "ref": null, "oneway": false, "reversed": false, "length": 78.32670091046636, "from": "123", "to": "143", "bridge": null, "_key": "0", "access": null, "width": null}, "geometry": {"type": "LineString", "coordinates": [[19.107160800000006, 47.37656270000002], [19.107865399999994, 47.377080900000045]]}}, {"id": "(243, 261, 0)", "type": "Feature", "properties": {"_status": "original", "osmid": 640, "highway": "residential", "lanes": null, "maxspeed": "30", "name": "Gombk\u00f6t\u0151 utca", "ref": null, "oneway": false, "reversed": true, "length": 93.64106438214164, "from": "243", "to": "261", "bridge": null, "_key": "0", "access": null, "width": null}, "geometry": {"type": "LineString", "coordinates": [[19.11152399999999, 47.376735100000005], [19.112342699999996, 47.377369000000044]]}}, {"id": "(243, 233, 0)", "type": "Feature", "properties": {"_status": "original", "osmid": 641, "highway": "residential", "lanes": null, "maxspeed": "30", "name": "Gombk\u00f6t\u0151 utca", "ref": null, "oneway": false, "reversed": true, "length": 85.1624464436684, "from": "233", "to": "243", "bridge": null, "_key": "0", "access": null, "width": null}, "geometry": {"type": "LineString", "coordinates": [[19.11078180000001, 47.37615720000003], [19.11152399999999, 47.376735100000005]]}}, {"id": "(243, 180, 0)", "type": "Feature", "properties": {"_status": "original", "osmid": 642, "highway": "residential", "lanes": null, "maxspeed": "30", "name": "R\u00e1ckeve utca", "ref": null, "oneway": true, "reversed": false, "length": 231.53249778643695, "from": "180", "to": "243", "bridge": null, "_key": "0", "access": null, "width": null}, "geometry": {"type": "LineString", "coordinates": [[19.109244400000005, 47.37813250000001], [19.11152399999999, 47.376735100000005]]}}, {"id": "(261, 273, 0)", "type": "Feature", "properties": {"_status": "original", "osmid": 643, "highway": "residential", "lanes": null, "maxspeed": null, "name": "Millennium utca", "ref": null, "oneway": false, "reversed": true, "length": 35.59197208456961, "from": "273", "to": "261", "bridge": null, "_key": "0", "access": null, "width": null}, "geometry": {"type": "LineString", "coordinates": [[19.1127502, 47.37720680000001], [19.112342699999996, 47.377369000000044]]}}, {"id": "(261, 189, 0)", "type": "Feature", "properties": {"_status": "original", "osmid": 644, "highway": "residential", "lanes": null, "maxspeed": "30", "name": "Millennium utca", "ref": null, "oneway": false, "reversed": false, "length": 239.2078121081678, "from": "189", "to": "261", "bridge": null, "_key": "0", "access": null, "width": null}, "geometry": {"type": "LineString", "coordinates": [[19.109533499999994, 47.37836590000002], [19.109872, 47.37820310000003], [19.1115659, 47.37765680000001], [19.112342699999996, 47.377369000000044]]}}, {"id": "(233, 216, 0)", "type": "Feature", "properties": {"_status": "original", "osmid": 647, "highway": "residential", "lanes": null, "maxspeed": "30", "name": "Gombk\u00f6t\u0151 utca", "ref": null, "oneway": false, "reversed": false, "length": 71.60119132620879, "from": "233", "to": "216", "bridge": null, "_key": "0", "access": null, "width": null}, "geometry": {"type": "LineString", "coordinates": [[19.11078180000001, 47.37615720000003], [19.1107424, 47.37612900000001], [19.110127900000002, 47.375689700000024]]}}, {"id": "(180, 189, 0)", "type": "Feature", "properties": {"_status": "original", "osmid": 645, "highway": "residential", "lanes": null, "maxspeed": "30", "name": "Csizmadia utca", "ref": null, "oneway": false, "reversed": false, "length": 33.87341292302211, "from": "180", "to": "189", "bridge": null, "_key": "0", "access": null, "width": null}, "geometry": {"type": "LineString", "coordinates": [[19.109244400000005, 47.37813250000001], [19.109533499999994, 47.37836590000002]]}}, {"id": "(189, 128, 0)", "type": "Feature", "properties": {"_status": "original", "osmid": 646, "highway": "residential", "lanes": null, "maxspeed": "30", "name": "Millennium utca", "ref": null, "oneway": false, "reversed": false, "length": 185.71060792215917, "from": "128", "to": "189", "bridge": null, "_key": "0", "access": null, "width": null}, "geometry": {"type": "LineString", "coordinates": [[19.107938299999997, 47.37963930000002], [19.109100100000003, 47.378733900000036], [19.109533499999994, 47.37836590000002]]}}, {"id": "(216, 143, 0)", "type": "Feature", "properties": {"_status": "original", "osmid": 656, "highway": "residential", "lanes": null, "maxspeed": "30", "name": "Fels\u0151b\u00fcki Nagy P\u00e1l utca", "ref": null, "oneway": false, "reversed": false, "length": 230.1180443996864, "from": "143", "to": "216", "bridge": null, "_key": "0", "access": null, "width": null}, "geometry": {"type": "LineString", "coordinates": [[19.107865399999994, 47.377080900000045], [19.110127900000002, 47.375689700000024]]}}, {"id": "(95, 82, 0)", "type": "Feature", "properties": {"_status": "original", "osmid": 666, "highway": "residential", "lanes": null, "maxspeed": null, "name": "Homokk\u00fap utca", "ref": null, "oneway": false, "reversed": false, "length": 96.57816520379865, "from": "82", "to": "95", "bridge": null, "_key": "0", "access": null, "width": null}, "geometry": {"type": "LineString", "coordinates": [[19.106788099999996, 47.38651230000003], [19.107569800000004, 47.387095800000026], [19.1076576, 47.38715050000002]]}}, {"id": "(131, 197, 0)", "type": "Feature", "properties": {"_status": "original", "osmid": 667, "highway": "residential", "lanes": null, "maxspeed": null, "name": "Tusa utca", "ref": null, "oneway": false, "reversed": true, "length": 153.19272872585054, "from": "197", "to": "131", "bridge": null, "_key": "0", "access": null, "width": null}, "geometry": {"type": "LineString", "coordinates": [[19.111983500000004, 47.39116159999999], [19.1119214, 47.39118120000004], [19.110609499999995, 47.39159450000004], [19.110255499999997, 47.3916551], [19.110101200000003, 47.39165160000006]]}}, {"id": "(131, 136, 0)", "type": "Feature", "properties": {"_status": "original", "osmid": 668, "highway": "residential", "lanes": null, "maxspeed": null, "name": "Vadevez\u0151s utca", "ref": null, "oneway": false, "reversed": true, "length": 53.62170606021301, "from": "136", "to": "131", "bridge": null, "_key": "0", "access": null, "width": null}, "geometry": {"type": "LineString", "coordinates": [[19.11035259999999, 47.392054400000006], [19.110275699999995, 47.392054800000025], [19.110224899999995, 47.392016100000056], [19.110095800000003, 47.39174680000004], [19.110101200000003, 47.39165160000006]]}}, {"id": "(131, 126, 0)", "type": "Feature", "properties": {"_status": "original", "osmid": 669, "highway": "residential", "lanes": null, "maxspeed": null, "name": "Orsz\u00e1gh Tivadar utca", "ref": null, "oneway": false, "reversed": true, "length": 47.45263379862612, "from": "126", "to": "131", "bridge": null, "_key": "0", "access": null, "width": null}, "geometry": {"type": "LineString", "coordinates": [[19.109913099999996, 47.39124810000004], [19.1100962, 47.391567899999984], [19.110101200000003, 47.39165160000006]]}}, {"id": "(197, 192, 0)", "type": "Feature", "properties": {"_status": "original", "osmid": 670, "highway": "residential", "lanes": null, "maxspeed": null, "name": "V\u00e1g\u00f3 k\u00f6z", "ref": null, "oneway": false, "reversed": true, "length": 26.742364059780904, "from": "197", "to": "192", "bridge": null, "_key": "0", "access": null, "width": null}, "geometry": {"type": "LineString", "coordinates": [[19.111983500000004, 47.39116159999999], [19.111828500000005, 47.39094520000001]]}}, {"id": "(197, 200, 0)", "type": "Feature", "properties": {"_status": "original", "osmid": 671, "highway": "residential", "lanes": null, "maxspeed": null, "name": "V\u00e1g\u00f3 k\u00f6z", "ref": null, "oneway": false, "reversed": true, "length": 47.100880489482634, "from": "200", "to": "197", "bridge": null, "_key": "0", "access": null, "width": null}, "geometry": {"type": "LineString", "coordinates": [[19.1122551, 47.39154320000002], [19.111983500000004, 47.39116159999999]]}}, {"id": "(136, 200, 0)", "type": "Feature", "properties": {"_status": "original", "osmid": 672, "highway": "residential", "lanes": null, "maxspeed": null, "name": "H\u00e1l\u00f3 utca", "ref": null, "oneway": true, "reversed": false, "length": 154.0829332365487, "from": "200", "to": "136", "bridge": null, "_key": "0", "access": null, "width": null}, "geometry": {"type": "LineString", "coordinates": [[19.1122551, 47.39154320000002], [19.112199500000003, 47.39155780000003], [19.11035259999999, 47.392054400000006]]}}, {"id": "(136, 137, 0)", "type": "Feature", "properties": {"_status": "original", "osmid": 673, "highway": "residential", "lanes": null, "maxspeed": null, "name": "Vadevez\u0151s utca", "ref": null, "oneway": false, "reversed": true, "length": 5.9911810988083625, "from": "137", "to": "136", "bridge": null, "_key": "0", "access": null, "width": null}, "geometry": {"type": "LineString", "coordinates": [[19.1103745, 47.39210620000006], [19.11035259999999, 47.392054400000006]]}}, {"id": "(192, 172, 0)", "type": "Feature", "properties": {"_status": "original", "osmid": 689, "highway": "residential", "lanes": null, "maxspeed": null, "name": "V\u00e1g\u00f3 k\u00f6z", "ref": null, "oneway": false, "reversed": true, "length": 126.36447540412345, "from": "192", "to": "172", "bridge": null, "_key": "0", "access": null, "width": null}, "geometry": {"type": "LineString", "coordinates": [[19.111828500000005, 47.39094520000001], [19.111694000000004, 47.39076400000001], [19.111573200000002, 47.39058740000002], [19.111423399999996, 47.39036830000004], [19.11111449999999, 47.38991680000005]]}}, {"id": "(192, 169, 0)", "type": "Feature", "properties": {"_status": "original", "osmid": 692, "highway": "residential", "lanes": null, "maxspeed": null, "name": "V\u00edzi utca", "ref": null, "oneway": false, "reversed": false, "length": 53.54046017210335, "from": "169", "to": "192", "bridge": null, "_key": "0", "access": null, "width": null}, "geometry": {"type": "LineString", "coordinates": [[19.1112115, 47.3911808], [19.11140560000001, 47.391129200000066], [19.111828500000005, 47.39094520000001]]}}, {"id": "(200, 204, 0)", "type": "Feature", "properties": {"_status": "original", "osmid": 693, "highway": "residential", "lanes": null, "maxspeed": null, "name": "V\u00e1g\u00f3 k\u00f6z", "ref": null, "oneway": false, "reversed": true, "length": 47.19628055955141, "from": "204", "to": "200", "bridge": null, "_key": "0", "access": null, "width": null}, "geometry": {"type": "LineString", "coordinates": [[19.112511599999998, 47.39193050000003], [19.112381199999998, 47.391733600000016], [19.1122551, 47.39154320000002]]}}, {"id": "(203, 178, 0)", "type": "Feature", "properties": {"_status": "original", "osmid": 676, "highway": "residential", "lanes": null, "maxspeed": null, "name": "D\u00e9litemet\u0151 utca", "ref": null, "oneway": false, "reversed": false, "length": 212.55956493123597, "from": "178", "to": "203", "bridge": null, "_key": "0", "access": null, "width": null}, "geometry": {"type": "LineString", "coordinates": [[19.111677499999992, 47.392214100000025], [19.111716100000002, 47.392276400000014], [19.112798500000004, 47.3939686]]}}, {"id": "(178, 181, 0)", "type": "Feature", "properties": {"_status": "original", "osmid": 678, "highway": "residential", "lanes": null, "maxspeed": null, "name": "V\u00e1g\u00f3 utca", "ref": null, "oneway": false, "reversed": false, "length": 7.437022286291175, "from": "178", "to": "181", "bridge": null, "_key": "0", "access": null, "width": null}, "geometry": {"type": "LineString", "coordinates": [[19.111677499999992, 47.392214100000025], [19.111765799999997, 47.39218410000001]]}}, {"id": "(178, 160, 0)", "type": "Feature", "properties": {"_status": "original", "osmid": 679, "highway": "residential", "lanes": null, "maxspeed": null, "name": "V\u00e1g\u00f3 utca", "ref": null, "oneway": false, "reversed": true, "length": 40.3290348014711, "from": "178", "to": "160", "bridge": null, "_key": "0", "access": null, "width": null}, "geometry": {"type": "LineString", "coordinates": [[19.111677499999992, 47.392214100000025], [19.111187600000004, 47.392360900000014]]}}, {"id": "(181, 204, 0)", "type": "Feature", "properties": {"_status": "original", "osmid": 694, "highway": "residential", "lanes": null, "maxspeed": null, "name": "V\u00e1g\u00f3 utca", "ref": null, "oneway": false, "reversed": false, "length": 62.825427910529285, "from": "181", "to": "204", "bridge": null, "_key": "0", "access": null, "width": null}, "geometry": {"type": "LineString", "coordinates": [[19.111765799999997, 47.39218410000001], [19.11245789999999, 47.3919488], [19.112511599999998, 47.39193050000003]]}}, {"id": "(181, 177, 0)", "type": "Feature", "properties": {"_status": "original", "osmid": 695, "highway": "residential", "lanes": null, "maxspeed": null, "name": null, "ref": null, "oneway": false, "reversed": true, "length": 21.171966685517965, "from": "177", "to": "181", "bridge": null, "_key": "0", "access": null, "width": null}, "geometry": {"type": "LineString", "coordinates": [[19.111641800000005, 47.39201320000006], [19.111765799999997, 47.39218410000001]]}}, {"id": "(113, 107, 0)", "type": "Feature", "properties": {"_status": "original", "osmid": 684, "highway": "residential", "lanes": null, "maxspeed": null, "name": "P\u00e1l apostol utca", "ref": null, "oneway": false, "reversed": true, "length": 40.71739101001736, "from": "113", "to": "107", "bridge": null, "_key": "0", "access": null, "width": null}, "geometry": {"type": "LineString", "coordinates": [[19.1089238, 47.388381300000034], [19.108598799999992, 47.388674]]}}, {"id": "(161, 118, 0)", "type": "Feature", "properties": {"_status": "original", "osmid": 687, "highway": "residential", "lanes": null, "maxspeed": null, "name": "P\u00e9ter apostol utca", "ref": null, "oneway": false, "reversed": [false, true], "length": 164.7750955271684, "from": "118", "to": "161", "bridge": null, "_key": "0", "access": null, "width": null}, "geometry": {"type": "LineString", "coordinates": [[19.109356999999996, 47.38991130000002], [19.109270500000008, 47.38968350000002], [19.109306999999994, 47.3895657], [19.1095783, 47.389425300000006], [19.109810299999992, 47.38929920000003], [19.1099638, 47.3891806], [19.110579900000005, 47.38884400000002]]}}, {"id": "(161, 172, 0)", "type": "Feature", "properties": {"_status": "original", "osmid": 688, "highway": "residential", "lanes": null, "maxspeed": null, "name": "V\u00e1g\u00f3 k\u00f6z", "ref": null, "oneway": false, "reversed": true, "length": 126.05587786704145, "from": "172", "to": "161", "bridge": null, "_key": "0", "access": null, "width": null}, "geometry": {"type": "LineString", "coordinates": [[19.11111449999999, 47.38991680000005], [19.111016899999996, 47.389725700000014], [19.110892899999996, 47.38952800000005], [19.1107571, 47.389268000000044], [19.110636900000003, 47.38900620000001], [19.110579900000005, 47.38884400000002]]}}, {"id": "(172, 127, 0)", "type": "Feature", "properties": {"_status": "original", "osmid": 690, "highway": "residential", "lanes": null, "maxspeed": null, "name": "Sportp\u00e1lya utca", "ref": null, "oneway": false, "reversed": true, "length": 116.56111889445347, "from": "127", "to": "172", "bridge": null, "_key": "0", "access": null, "width": null}, "geometry": {"type": "LineString", "coordinates": [[19.1097686, 47.39042950000006], [19.1100288, 47.39034830000001], [19.110620999999995, 47.39014650000003], [19.11111449999999, 47.38991680000005]]}}, {"id": "(55, 47, 0)", "type": "Feature", "properties": {"_status": "original", "osmid": 751, "highway": "residential", "lanes": "1", "maxspeed": null, "name": "V\u00f6lgyhaj\u00f3 utca", "ref": null, "oneway": false, "reversed": false, "length": 123.47433937659923, "from": "55", "to": "47", "bridge": null, "_key": "0", "access": null, "width": null}, "geometry": {"type": "LineString", "coordinates": [[19.106462499999996, 47.401937000000025], [19.106446, 47.40196580000003], [19.106289700000005, 47.40223960000005], [19.106088699999994, 47.40259160000004], [19.1060419, 47.4026728], [19.105869299999995, 47.40297230000004]]}}, {"id": "(46, 41, 0)", "type": "Feature", "properties": {"_status": "original", "osmid": 753, "highway": "residential", "lanes": null, "maxspeed": null, "name": "H\u00e1zhaj\u00f3 utca", "ref": null, "oneway": false, "reversed": true, "length": 126.06220761339394, "from": "41", "to": "46", "bridge": null, "_key": "0", "access": null, "width": null}, "geometry": {"type": "LineString", "coordinates": [[19.104871100000004, 47.403923300000024], [19.1048841, 47.40388860000001], [19.105391100000002, 47.40284570000006]]}}, {"id": "(46, 47, 0)", "type": "Feature", "properties": {"_status": "original", "osmid": 752, "highway": "residential", "lanes": null, "maxspeed": null, "name": "Gerenda utca", "ref": null, "oneway": false, "reversed": true, "length": 38.64506470434472, "from": "47", "to": "46", "bridge": null, "_key": "0", "access": null, "width": null}, "geometry": {"type": "LineString", "coordinates": [[19.105869299999995, 47.40297230000004], [19.105391100000002, 47.40284570000006]]}}, {"id": "(64, 59, 0)", "type": "Feature", "properties": {"_status": "original", "osmid": 700, "highway": "residential", "lanes": null, "maxspeed": null, "name": "Dob\u00f3 utca", "ref": null, "oneway": false, "reversed": false, "length": 85.3862670204577, "from": "59", "to": "64", "bridge": null, "_key": "0", "access": null, "width": null}, "geometry": {"type": "LineString", "coordinates": [[19.1079781, 47.40858620000005], [19.109017099999992, 47.40889480000004]]}}, {"id": "(64, 66, 0)", "type": "Feature", "properties": {"_status": "original", "osmid": 701, "highway": "residential", "lanes": null, "maxspeed": null, "name": "\u00daj \u00e9let utca", "ref": null, "oneway": false, "reversed": false, "length": 145.11258591176207, "from": "66", "to": "64", "bridge": null, "_key": "0", "access": null, "width": null}, "geometry": {"type": "LineString", "coordinates": [[19.1091191, 47.40759160000001], [19.109017099999992, 47.40889480000004]]}}, {"id": "(59, 50, 0)", "type": "Feature", "properties": {"_status": "original", "osmid": 703, "highway": "residential", "lanes": null, "maxspeed": null, "name": "Dob\u00f3 utca", "ref": null, "oneway": false, "reversed": true, "length": 72.57949584514475, "from": "59", "to": "50", "bridge": null, "_key": "0", "access": null, "width": null}, "geometry": {"type": "LineString", "coordinates": [[19.1079781, 47.40858620000005], [19.1070899, 47.408331800000035]]}}, {"id": "(59, 63, 0)", "type": "Feature", "properties": {"_status": "original", "osmid": 705, "highway": "residential", "lanes": null, "maxspeed": null, "name": "Kov\u00e1sz utca", "ref": null, "oneway": false, "reversed": true, "length": 124.89839072866589, "from": "63", "to": "59", "bridge": null, "_key": "0", "access": null, "width": null}, "geometry": {"type": "LineString", "coordinates": [[19.108615499999992, 47.407549100000004], [19.1079781, 47.40858620000005]]}}, {"id": "(50, 57, 0)", "type": "Feature", "properties": {"_status": "original", "osmid": 704, "highway": "residential", "lanes": null, "maxspeed": null, "name": "Szigetcs\u00e1rda utca", "ref": null, "oneway": false, "reversed": true, "length": 82.77657460456109, "from": "57", "to": "50", "bridge": null, "_key": "0", "access": null, "width": null}, "geometry": {"type": "LineString", "coordinates": [[19.107654200000002, 47.40769280000004], [19.1070899, 47.408331800000035]]}}, {"id": "(23, 19, 0)", "type": "Feature", "properties": {"_status": "original", "osmid": 716, "highway": "residential", "lanes": "1", "maxspeed": null, "name": "F\u0171zf\u00e1s utca", "ref": null, "oneway": false, "reversed": true, "length": 36.98908344752835, "from": "23", "to": "19", "bridge": null, "_key": "0", "access": null, "width": null}, "geometry": {"type": "LineString", "coordinates": [[19.103798300000005, 47.407552100000075], [19.1033269, 47.407457900000004]]}}, {"id": "(23, 27, 0)", "type": "Feature", "properties": {"_status": "original", "osmid": 717, "highway": "residential", "lanes": "1", "maxspeed": null, "name": "F\u0171zf\u00e1s utca", "ref": null, "oneway": false, "reversed": true, "length": 30.583820381562568, "from": "27", "to": "23", "bridge": null, "_key": "0", "access": null, "width": null}, "geometry": {"type": "LineString", "coordinates": [[19.104186499999997, 47.40763350000002], [19.103798300000005, 47.407552100000075]]}}, {"id": "(23, 17, 0)", "type": "Feature", "properties": {"_status": "original", "osmid": 718, "highway": "residential", "lanes": "1", "maxspeed": null, "name": "Liszt utca", "ref": null, "oneway": false, "reversed": true, "length": 159.60247341812385, "from": "17", "to": "23", "bridge": null, "_key": "0", "access": null, "width": null}, "geometry": {"type": "LineString", "coordinates": [[19.1031975, 47.40892840000001], [19.1035499, 47.408095300000056], [19.103675799999998, 47.40779770000007], [19.103798300000005, 47.407552100000075]]}}, {"id": "(19, 12, 0)", "type": "Feature", "properties": {"_status": "original", "osmid": 719, "highway": "residential", "lanes": null, "maxspeed": null, "name": "H\u00e1zhaj\u00f3 utca", "ref": null, "oneway": false, "reversed": true, "length": 158.91386726876263, "from": "12", "to": "19", "bridge": null, "_key": "0", "access": null, "width": null}, "geometry": {"type": "LineString", "coordinates": [[19.102720099999992, 47.40882560000002], [19.102741499999997, 47.408734600000074], [19.102758299999998, 47.40868100000002], [19.1033269, 47.407457900000004]]}}, {"id": "(19, 25, 0)", "type": "Feature", "properties": {"_status": "original", "osmid": 720, "highway": "residential", "lanes": null, "maxspeed": null, "name": "H\u00e1zhaj\u00f3 utca", "ref": null, "oneway": false, "reversed": false, "length": 133.080924478189, "from": "25", "to": "19", "bridge": null, "_key": "0", "access": null, "width": null}, "geometry": {"type": "LineString", "coordinates": [[19.1038221, 47.40630970000005], [19.103482399999994, 47.407066300000054], [19.103355499999996, 47.40734900000002], [19.1033269, 47.407457900000004]]}}, {"id": "(27, 35, 0)", "type": "Feature", "properties": {"_status": "original", "osmid": 725, "highway": "residential", "lanes": "1", "maxspeed": null, "name": "V\u00f6lgyhaj\u00f3 utca", "ref": null, "oneway": false, "reversed": false, "length": 132.88921767226623, "from": "35", "to": "27", "bridge": null, "_key": "0", "access": null, "width": null}, "geometry": {"type": "LineString", "coordinates": [[19.1046412, 47.40647870000001], [19.10455569999999, 47.40669580000003], [19.104545199999997, 47.406722500000065], [19.1044481, 47.4069691], [19.104186499999997, 47.40763350000002]]}}, {"id": "(27, 31, 0)", "type": "Feature", "properties": {"_status": "original", "osmid": 726, "highway": "residential", "lanes": "1", "maxspeed": null, "name": "F\u0171zf\u00e1s utca", "ref": null, "oneway": false, "reversed": true, "length": 36.09934575087584, "from": "31", "to": "27", "bridge": null, "_key": "0", "access": null, "width": null}, "geometry": {"type": "LineString", "coordinates": [[19.104644699999998, 47.40772960000006], [19.104186499999997, 47.40763350000002]]}}, {"id": "(17, 12, 0)", "type": "Feature", "properties": {"_status": "original", "osmid": 721, "highway": "residential", "lanes": "1", "maxspeed": null, "name": "Fogasker\u00e9k utca", "ref": null, "oneway": false, "reversed": true, "length": 37.700298023111856, "from": "17", "to": "12", "bridge": null, "_key": "0", "access": null, "width": null}, "geometry": {"type": "LineString", "coordinates": [[19.1031975, 47.40892840000001], [19.102720099999992, 47.40882560000002]]}}, {"id": "(17, 15, 0)", "type": "Feature", "properties": {"_status": "original", "osmid": 727, "highway": "residential", "lanes": "1", "maxspeed": null, "name": "Liszt utca", "ref": null, "oneway": false, "reversed": true, "length": 65.99402258239637, "from": "15", "to": "17", "bridge": null, "_key": "0", "access": null, "width": null}, "geometry": {"type": "LineString", "coordinates": [[19.10294369999999, 47.40949650000004], [19.1031975, 47.40892840000001]]}}, {"id": "(17, 22, 0)", "type": "Feature", "properties": {"_status": "original", "osmid": 728, "highway": "residential", "lanes": "1", "maxspeed": null, "name": "Fogasker\u00e9k utca", "ref": null, "oneway": false, "reversed": true, "length": 62.32986457860586, "from": "22", "to": "17", "bridge": null, "_key": "0", "access": null, "width": null}, "geometry": {"type": "LineString", "coordinates": [[19.103990699999994, 47.409089800000025], [19.1031975, 47.40892840000001]]}}, {"id": "(12, 8, 0)", "type": "Feature", "properties": {"_status": "original", "osmid": 722, "highway": "residential", "lanes": null, "maxspeed": null, "name": "H\u00e1zhaj\u00f3 utca", "ref": null, "oneway": false, "reversed": true, "length": 66.91737224318936, "from": "8", "to": "12", "bridge": null, "_key": "0", "access": null, "width": null}, "geometry": {"type": "LineString", "coordinates": [[19.1024673, 47.40940180000001], [19.10260529999999, 47.40903660000003], [19.102682699999992, 47.40889440000007], [19.102720099999992, 47.40882560000002]]}}, {"id": "(25, 33, 0)", "type": "Feature", "properties": {"_status": "original", "osmid": 723, "highway": "residential", "lanes": null, "maxspeed": null, "name": "H\u00e1zhaj\u00f3 utca", "ref": null, "oneway": false, "reversed": false, "length": 125.98953225628222, "from": "33", "to": "25", "bridge": null, "_key": "0", "access": null, "width": null}, "geometry": {"type": "LineString", "coordinates": [[19.104301, 47.40522400000002], [19.103844900000002, 47.40625679999999], [19.1038221, 47.40630970000005]]}}, {"id": "(25, 35, 0)", "type": "Feature", "properties": {"_status": "original", "osmid": 724, "highway": "residential", "lanes": null, "maxspeed": null, "name": "Haj\u00f3malom utca", "ref": null, "oneway": false, "reversed": true, "length": 65.07953578914137, "from": "35", "to": "25", "bridge": null, "_key": "0", "access": null, "width": null}, "geometry": {"type": "LineString", "coordinates": [[19.1046412, 47.40647870000001], [19.104527200000003, 47.4064334], [19.103906300000002, 47.40630720000005], [19.1038221, 47.40630970000005]]}}, {"id": "(8, 15, 0)", "type": "Feature", "properties": {"_status": "original", "osmid": 729, "highway": "residential", "lanes": null, "maxspeed": null, "name": "Vadr\u00e9ce utca", "ref": null, "oneway": false, "reversed": false, "length": 37.510495157879674, "from": "15", "to": "8", "bridge": null, "_key": "0", "access": null, "width": null}, "geometry": {"type": "LineString", "coordinates": [[19.10294369999999, 47.40949650000004], [19.1025498, 47.409406700000005], [19.1024673, 47.40940180000001]]}}, {"id": "(8, 6, 0)", "type": "Feature", "properties": {"_status": "original", "osmid": 730, "highway": "residential", "lanes": null, "maxspeed": null, "name": "H\u00e1zhaj\u00f3 utca", "ref": null, "oneway": false, "reversed": true, "length": 101.33244281014308, "from": "6", "to": "8", "bridge": null, "_key": "0", "access": null, "width": null}, "geometry": {"type": "LineString", "coordinates": [[19.102105000000005, 47.41027950000004], [19.102261799999997, 47.40989970000005], [19.1024673, 47.40940180000001]]}}, {"id": "(33, 41, 0)", "type": "Feature", "properties": {"_status": "original", "osmid": 731, "highway": "residential", "lanes": null, "maxspeed": null, "name": "H\u00e1zhaj\u00f3 utca", "ref": null, "oneway": false, "reversed": true, "length": 150.88448041108003, "from": "33", "to": "41", "bridge": null, "_key": "0", "access": null, "width": null}, "geometry": {"type": "LineString", "coordinates": [[19.104301, 47.40522400000002], [19.104321300000002, 47.405159700000034], [19.104480400000003, 47.404801100000014], [19.1045832, 47.40456970000006], [19.104871100000004, 47.403923300000024]]}}, {"id": "(33, 40, 0)", "type": "Feature", "properties": {"_status": "original", "osmid": 732, "highway": "residential", "lanes": null, "maxspeed": null, "name": "K\u00f6t\u00e9l utca", "ref": null, "oneway": false, "reversed": true, "length": 60.55392076229962, "from": "40", "to": "33", "bridge": null, "_key": "0", "access": null, "width": null}, "geometry": {"type": "LineString", "coordinates": [[19.105068499999998, 47.405387500000046], [19.104301, 47.40522400000002]]}}, {"id": "(35, 40, 0)", "type": "Feature", "properties": {"_status": "original", "osmid": 733, "highway": "residential", "lanes": "1", "maxspeed": null, "name": "V\u00f6lgyhaj\u00f3 utca", "ref": null, "oneway": false, "reversed": true, "length": 125.56090850083342, "from": "35", "to": "40", "bridge": null, "_key": "0", "access": null, "width": null}, "geometry": {"type": "LineString", "coordinates": [[19.1046412, 47.40647870000001], [19.1046855, 47.406366199999994], [19.1047911, 47.40606070000005], [19.104831699999995, 47.405943200000046], [19.105068499999998, 47.405387500000046]]}}, {"id": "(31, 29, 0)", "type": "Feature", "properties": {"_status": "original", "osmid": 734, "highway": "residential", "lanes": null, "maxspeed": null, "name": "Dara utca", "ref": null, "oneway": false, "reversed": true, "length": 92.14378235076839, "from": "29", "to": "31", "bridge": null, "_key": "0", "access": null, "width": null}, "geometry": {"type": "LineString", "coordinates": [[19.104628899999998, 47.40842520000003], [19.104575499999996, 47.408417900000025], [19.1045158, 47.408397], [19.1044676, 47.40839660000005], [19.10442599999999, 47.40838270000001], [19.1044018, 47.4083659], [19.104398500000002, 47.40834230000005], [19.104403, 47.40832100000004], [19.104644699999998, 47.40772960000006]]}}, {"id": "(15, 7, 0)", "type": "Feature", "properties": {"_status": "original", "osmid": 736, "highway": "residential", "lanes": "1", "maxspeed": null, "name": "Liszt utca", "ref": null, "oneway": false, "reversed": false, "length": 101.10560317962506, "from": "15", "to": "7", "bridge": null, "_key": "0", "access": null, "width": null}, "geometry": {"type": "LineString", "coordinates": [[19.10294369999999, 47.40949650000004], [19.102853400000004, 47.4096751], [19.102554399999995, 47.41036660000004]]}}, {"id": "(22, 24, 0)", "type": "Feature", "properties": {"_status": "original", "osmid": 737, "highway": "residential", "lanes": "1", "maxspeed": null, "name": "Dara utca", "ref": null, "oneway": false, "reversed": false, "length": 27.358248563362345, "from": "22", "to": "24", "bridge": null, "_key": "0", "access": null, "width": null}, "geometry": {"type": "LineString", "coordinates": [[19.103990699999994, 47.409089800000025], [19.104214300000002, 47.40889580000008]]}}, {"id": "(6, 7, 0)", "type": "Feature", "properties": {"_status": "original", "osmid": 757, "highway": "residential", "lanes": null, "maxspeed": null, "name": "N\u00e1dv\u00e1g\u00f3 utca", "ref": null, "oneway": false, "reversed": true, "length": 35.17712791982678, "from": "7", "to": "6", "bridge": null, "_key": "0", "access": null, "width": null}, "geometry": {"type": "LineString", "coordinates": [[19.102554399999995, 47.41036660000004], [19.102105000000005, 47.41027950000004]]}}, {"id": "(6, 3, 0)", "type": "Feature", "properties": {"_status": "original", "osmid": 758, "highway": "residential", "lanes": null, "maxspeed": null, "name": "H\u00e1zhaj\u00f3 utca", "ref": null, "oneway": false, "reversed": true, "length": 202.96455144319333, "from": "3", "to": "6", "bridge": null, "_key": "0", "access": null, "width": null}, "geometry": {"type": "LineString", "coordinates": [[19.10133160000001, 47.412028000000014], [19.101816, 47.410894100000014], [19.102105000000005, 47.41027950000004]]}}, {"id": "(41, 45, 0)", "type": "Feature", "properties": {"_status": "original", "osmid": 755, "highway": "residential", "lanes": null, "maxspeed": null, "name": "Lap\u00e1tos utca", "ref": null, "oneway": false, "reversed": true, "length": 50.6929360198158, "from": "45", "to": "41", "bridge": null, "_key": "0", "access": null, "width": null}, "geometry": {"type": "LineString", "coordinates": [[19.105518899999993, 47.40404820000005], [19.105303600000003, 47.404007299999996], [19.104871100000004, 47.403923300000024]]}}, {"id": "(40, 45, 0)", "type": "Feature", "properties": {"_status": "original", "osmid": 756, "highway": "residential", "lanes": "1", "maxspeed": null, "name": "V\u00f6lgyhaj\u00f3 utca", "ref": null, "oneway": false, "reversed": true, "length": 152.80470349062503, "from": "40", "to": "45", "bridge": null, "_key": "0", "access": null, "width": null}, "geometry": {"type": "LineString", "coordinates": [[19.105068499999998, 47.405387500000046], [19.1051254, 47.40523250000001], [19.1053466, 47.40465480000005], [19.105417600000003, 47.40440540000003], [19.105518899999993, 47.40404820000005]]}}, {"id": "(29, 24, 0)", "type": "Feature", "properties": {"_status": "original", "osmid": 740, "highway": "residential", "lanes": "1", "maxspeed": null, "name": "Dara utca", "ref": null, "oneway": false, "reversed": false, "length": 60.92366921055499, "from": "24", "to": "29", "bridge": null, "_key": "0", "access": null, "width": null}, "geometry": {"type": "LineString", "coordinates": [[19.104214300000002, 47.40889580000008], [19.104480199999994, 47.408594], [19.1044992, 47.4085725], [19.104628899999998, 47.40842520000003]]}}, {"id": "(29, 30, 0)", "type": "Feature", "properties": {"_status": "original", "osmid": 739, "highway": "residential", "lanes": "1", "maxspeed": "15", "name": "Moln\u00e1r utca", "ref": null, "oneway": false, "reversed": true, "length": 5.073238383672083, "from": "30", "to": "29", "bridge": null, "_key": "0", "access": null, "width": null}, "geometry": {"type": "LineString", "coordinates": [[19.104684399999996, 47.408399300000006], [19.104628899999998, 47.40842520000003]]}}, {"id": "(7, 5, 0)", "type": "Feature", "properties": {"_status": "original", "osmid": 759, "highway": "residential", "lanes": "1", "maxspeed": null, "name": ["N\u00e1daspart utca", "Liszt utca"], "ref": null, "oneway": false, "reversed": true, "length": 166.6941219867209, "from": "5", "to": "7", "bridge": null, "_key": "0", "access": null, "width": null}, "geometry": {"type": "LineString", "coordinates": [[19.1018948, 47.41179750000006], [19.102324899999996, 47.410825400000064], [19.102554399999995, 47.41036660000004]]}}, {"id": "(24, 32, 0)", "type": "Feature", "properties": {"_status": "original", "osmid": 744, "highway": "residential", "lanes": "1", "maxspeed": null, "name": "L\u00fad utca", "ref": null, "oneway": false, "reversed": false, "length": 63.45081817650577, "from": "24", "to": "32", "bridge": null, "_key": "0", "access": null, "width": null}, "geometry": {"type": "LineString", "coordinates": [[19.104214300000002, 47.40889580000008], [19.104929799999997, 47.409197700000014]]}}, {"id": "(30, 38, 0)", "type": "Feature", "properties": {"_status": "original", "osmid": 743, "highway": "residential", "lanes": "1", "maxspeed": null, "name": "Posz\u00e1ta utca", "ref": null, "oneway": false, "reversed": false, "length": 62.643143278086725, "from": "30", "to": "38", "bridge": null, "_key": "0", "access": null, "width": null}, "geometry": {"type": "LineString", "coordinates": [[19.104684399999996, 47.408399300000006], [19.10539009999999, 47.40869810000003]]}}, {"id": "(43, 38, 0)", "type": "Feature", "properties": {"_status": "original", "osmid": 745, "highway": "residential", "lanes": "1", "maxspeed": null, "name": ["F\u0171zf\u00e1s utca", "Szajk\u00f3 utca"], "ref": null, "oneway": false, "reversed": false, "length": 92.50941806430062, "from": "43", "to": "38", "bridge": null, "_key": "0", "access": null, "width": null}, "geometry": {"type": "LineString", "coordinates": [[19.105777099999997, 47.408017600000036], [19.105850899999997, 47.40805170000005], [19.10589979999999, 47.40807890000006], [19.1059059, 47.40810160000004], [19.1059053, 47.408134600000025], [19.1059032, 47.40818240000007], [19.105892499999996, 47.40821780000003], [19.105822999999997, 47.408285900000074], [19.105576000000003, 47.408510900000046], [19.10539009999999, 47.40869810000003]]}}, {"id": "(43, 48, 0)", "type": "Feature", "properties": {"_status": "original", "osmid": 746, "highway": "residential", "lanes": null, "maxspeed": null, "name": "Szajk\u00f3 utca", "ref": null, "oneway": false, "reversed": true, "length": 115.21012335936945, "from": "48", "to": "43", "bridge": null, "_key": "0", "access": null, "width": null}, "geometry": {"type": "LineString", "coordinates": [[19.10667909999999, 47.407184700000045], [19.106571099999996, 47.407273399999994], [19.106415100000007, 47.407401700000015], [19.1063609, 47.40744620000002], [19.106286599999997, 47.40750720000001], [19.106268000000004, 47.40752250000004], [19.1061138, 47.40769410000002], [19.106029, 47.40779150000004], [19.105842899999995, 47.407977699999996], [19.105777099999997, 47.408017600000036]]}}, {"id": "(38, 32, 0)", "type": "Feature", "properties": {"_status": "original", "osmid": 747, "highway": "residential", "lanes": "1", "maxspeed": null, "name": "Szajk\u00f3 utca", "ref": null, "oneway": false, "reversed": true, "length": 65.46742831571626, "from": "32", "to": "38", "bridge": null, "_key": "0", "access": null, "width": null}, "geometry": {"type": "LineString", "coordinates": [[19.104929799999997, 47.409197700000014], [19.105109999999996, 47.40900210000006], [19.105261800000005, 47.40883730000003], [19.10539009999999, 47.40869810000003]]}}, {"id": "(32, 26, 0)", "type": "Feature", "properties": {"_status": "original", "osmid": 748, "highway": "residential", "lanes": "1", "maxspeed": null, "name": "Szajk\u00f3 utca", "ref": null, "oneway": false, "reversed": true, "length": 66.13121043599325, "from": "26", "to": "32", "bridge": null, "_key": "0", "access": null, "width": null}, "geometry": {"type": "LineString", "coordinates": [[19.104464199999995, 47.409702100000075], [19.104783799999993, 47.40935570000005], [19.104929799999997, 47.409197700000014]]}}, {"id": "(47, 45, 0)", "type": "Feature", "properties": {"_status": "original", "osmid": 754, "highway": "residential", "lanes": "1", "maxspeed": null, "name": "V\u00f6lgyhaj\u00f3 utca", "ref": null, "oneway": false, "reversed": true, "length": 122.9719196677438, "from": "45", "to": "47", "bridge": null, "_key": "0", "access": null, "width": null}, "geometry": {"type": "LineString", "coordinates": [[19.105518899999993, 47.40404820000005], [19.105647099999995, 47.4034598], [19.105710499999997, 47.40326860000005], [19.105869299999995, 47.40297230000004]]}}, {"id": "(515, 520, 0)", "type": "Feature", "properties": {"_status": "original", "osmid": 763, "highway": "residential", "lanes": null, "maxspeed": null, "name": "\u00datilapu utca", "ref": null, "oneway": false, "reversed": true, "length": 41.07557164178729, "from": "520", "to": "515", "bridge": null, "_key": "0", "access": null, "width": null}, "geometry": {"type": "LineString", "coordinates": [[19.133912999999996, 47.411483800000035], [19.133903, 47.411491600000055], [19.133713, 47.41163970000001], [19.133656899999995, 47.411705400000045], [19.133632600000002, 47.41179090000003]]}}, {"id": "(515, 510, 0)", "type": "Feature", "properties": {"_status": "original", "osmid": 764, "highway": "residential", "lanes": null, "maxspeed": null, "name": "Sportcsarnok utca", "ref": null, "oneway": false, "reversed": true, "length": 38.63915125375586, "from": "510", "to": "515", "bridge": null, "_key": "0", "access": null, "width": null}, "geometry": {"type": "LineString", "coordinates": [[19.133120500000004, 47.411810700000046], [19.133473, 47.41178960000004], [19.133632600000002, 47.41179090000003]]}}]}