{"type": "FeatureCollection", "features": [{"id": "144", "type": "Feature", "properties": {"x": 4992715.023756824, "y": 2757338.7734211152, "bearings": {"144_172_0": 40.26641828014545, "144_169_0": -50.941035725152666, "144_129_0": 128.30744643642163, "144_132_0": -141.36088992725007}, "angles": {"144_132_0": 90.3316636363283, "144_169_0": 90.41985420209741, "144_172_0": 91.20745400529812, "144_129_0": 88.04102815627618}, "adj_sorted": [[144, 132, 0], [144, 169, 0], [144, 172, 0], [144, 129, 0]], "type": "X", "n_corners": 4}, "geometry": {"type": "Point", "coordinates": [18.945159200000006, 47.56364110000005]}}, {"id": "172", "type": "Feature", "properties": {"x": 4992819.496955038, "y": 2757427.216327722, "bearings": {"172_144_0": -142.0482574918645, "172_198_0": -51.30384323879678, "172_167_0": 125.91818313171798}, "angles": {"172_144_0": 92.03355937641754, "172_198_0": 90.7444142530677, "172_167_0": 177.22202637051475}, "adj_sorted": [[172, 144, 0], [172, 198, 0], [172, 167, 0]], "type": "T", "n_corners": 2}, "geometry": {"type": "Point", "coordinates": [18.94667610534888, 47.564316983443135]}}, {"id": "169", "type": "Feature", "properties": {"x": 4992809.002709791, "y": 2757224.1246485943, "bearings": {"169_144_0": 131.86934003286942, "169_191_0": 36.00898508765102, "169_145_0": -143.85434088424586}, "angles": {"169_145_0": 84.2763190828847, "169_191_0": 179.86332597189687, "169_144_0": 95.8603549452184}, "adj_sorted": [[169, 145, 0], [169, 191, 0], [169, 144, 0]], "type": "T", "n_corners": 2}, "geometry": {"type": "Point", "coordinates": [18.946221599999998, 47.56251580000007]}}, {"id": "129", "type": "Feature", "properties": {"x": 4992621.474607404, "y": 2757457.1955434866, "bearings": {"129_144_0": -51.692553563578365, "129_111_0": 129.61068868606262, "129_146_0": 38.450394414651804, "129_112_0": -140.44798556496488}, "angles": {"129_112_0": 89.94132574897253, "129_144_0": 88.75543200138651, "129_146_0": 90.14294797823017, "129_111_0": 91.1602942714108}, "adj_sorted": [[129, 112, 0], [129, 144, 0], [129, 146, 0], [129, 111, 0]], "type": "X", "n_corners": 4}, "geometry": {"type": "Point", "coordinates": [18.9441083, 47.564799600000015]}}, {"id": "132", "type": "Feature", "properties": {"x": 4992630.792081322, "y": 2757271.4379695486, "bearings": {"132_144_0": 38.63911007274994, "132_135_0": -52.413108626332125, "132_121_0": 129.13496354195817}, "angles": {"132_135_0": 178.4519278317097, "132_144_0": 91.05221869908206, "132_121_0": 90.49585346920823}, "adj_sorted": [[132, 135, 0], [132, 144, 0], [132, 121, 0]], "type": "T", "n_corners": 2}, "geometry": {"type": "Point", "coordinates": [18.943942399999994, 47.56313160000007]}}, {"id": "198", "type": "Feature", "properties": {"x": 4992908.6705696555, "y": 2757315.560381053, "bearings": {"198_172_0": 128.19996819500477, "198_191_0": -118.12116654270226, "198_208_0": 60.71821354993476}, "angles": {"198_191_0": 113.67886526229296, "198_208_0": 178.83938009263701, "198_172_0": 67.48175464507001}, "adj_sorted": [[198, 191, 0], [198, 208, 0], [198, 172, 0]], "type": "T", "n_corners": 2}, "geometry": {"type": "Point", "coordinates": [18.947679700000002, 47.56322359999999]}}, {"id": "167", "type": "Feature", "properties": {"x": 4992804.570937898, "y": 2757447.822041097, "bearings": {"167_172_0": -54.08181686828203, "167_188_0": 38.57857912984956, "167_146_0": 130.45785420061608}, "angles": {"167_172_0": 175.46032893110188, "167_188_0": 92.66039599813159, "167_146_0": 91.87927507076652}, "adj_sorted": [[167, 172, 0], [167, 188, 0], [167, 146, 0]], "type": "T", "n_corners": 2}, "geometry": {"type": "Point", "coordinates": [18.9465111, 47.5645171]}}, {"id": "191", "type": "Feature", "properties": {"x": 4992895.405218447, "y": 2757284.410576434, "bearings": {"191_169_0": -151.47577928470636, "191_198_0": 76.3144098083132, "191_201_0": -83.05345002524022}, "angles": {"191_169_0": 132.20981090698044, "191_201_0": 68.42232925946614, "191_198_0": 159.36785983355344}, "adj_sorted": [[191, 169, 0], [191, 201, 0], [191, 198, 0]], "type": "Y", "n_corners": 3}, "geometry": {"type": "Point", "coordinates": [18.947456099999997, 47.56295999999999]}}, {"id": "208", "type": "Feature", "properties": {"x": 4992952.445214369, "y": 2757387.1972859767, "bearings": {"208_198_0": -122.49730244417154, "208_219_0": 56.81625879003276, "208_221_0": -30.463732550326828}, "angles": {"208_198_0": 180.68643876579569, "208_221_0": 92.03356989384471, "208_219_0": 87.27999134035959}, "adj_sorted": [[208, 198, 0], [208, 221, 0], [208, 219, 0]], "type": "T", "n_corners": 2}, "geometry": {"type": "Point", "coordinates": [18.9483691, 47.563815400000024]}}, {"id": "127", "type": "Feature", "properties": {"x": 4992611.312383731, "y": 2755359.848182683, "bearings": {"127_318_0": -30.884994973869382, "127_133_0": 88.98061164181678, "127_106_0": 147.4630596197652}, "angles": {"127_318_0": 181.65194540636543, "127_133_0": 119.86560661568616, "127_106_0": 58.482447977948425}, "adj_sorted": [[127, 318, 0], [127, 133, 0], [127, 106, 0]], "type": "Y", "n_corners": 2}, "geometry": {"type": "Point", "coordinates": [18.940713500000005, 47.546091699999984]}}, {"id": "318", "type": "Feature", "properties": {"x": 4993415.454961625, "y": 2755005.963814145, "bearings": {"318_127_0": 152.35151402921727, "318_338_0": 80.9870980302095, "318_603_0": -32.56123195581351, "318_245_0": -125.83311449220804}, "angles": {"318_245_0": 81.81537147857466, "318_603_0": 93.27188253639453, "318_338_0": 113.548329986023, "318_127_0": 71.36441599900778}, "adj_sorted": [[318, 245, 0], [318, 603, 0], [318, 338, 0], [318, 127, 0]], "type": "other", "n_corners": 4}, "geometry": {"type": "Point", "coordinates": [18.950776031656144, 47.54205997813417]}}, {"id": "133", "type": "Feature", "properties": {"x": 4992637.52965695, "y": 2755443.770124874, "bearings": {"133_127_0": -78.08187369608126, "133_136_0": 11.430577132613008, "133_97_0": 101.9181263022706}, "angles": {"133_127_0": 180.00000000164815, "133_136_0": 89.51245082869427, "133_97_0": 90.48754916965758}, "adj_sorted": [[133, 127, 0], [133, 136, 0], [133, 97, 0]], "type": "T", "n_corners": 2}, "geometry": {"type": "Point", "coordinates": [18.94118993510987, 47.54681225701841]}}, {"id": "106", "type": "Feature", "properties": {"x": 4992510.562240645, "y": 2755419.909473417, "bearings": {"106_127_0": -25.61058062498592, "106_81_0": 156.79100835120198, "106_82_0": -111.58131044198812}, "angles": {"106_82_0": 91.62768120680988, "106_127_0": 85.9707298170022, "106_81_0": 182.4015889761879}, "adj_sorted": [[106, 82, 0], [106, 127, 0], [106, 81, 0]], "type": "T", "n_corners": 2}, "geometry": {"type": "Point", "coordinates": [18.939477099999998, 47.54673710000004]}}, {"id": "338", "type": "Feature", "properties": {"x": 4993504.235212709, "y": 2755339.9036598653, "bearings": {"338_318_0": -111.97713134434755, "338_373_0": 1.1702561020556126, "338_343_0": 70.74463291775776, "338_284_0": -155.18173973916535}, "angles": {"338_284_0": 134.0736273430769, "338_318_0": 43.2046083948178, "338_373_0": 113.14738744640317, "338_343_0": 69.57437681570214}, "adj_sorted": [[338, 284, 0], [338, 318, 0], [338, 373, 0], [338, 343, 0]], "type": "other", "n_corners": 4}, "geometry": {"type": "Point", "coordinates": [18.952467199999997, 47.54494390000001]}}, {"id": "603", "type": "Feature", "properties": {"x": 4994820.2610764345, "y": 2754588.888889508, "bearings": {"603_318_0": 158.4083974029181, "603_597_0": 150.24131063695384, "603_612_0": 42.89124665875762, "603_607_0": -20.82128790827294}, "angles": {"603_607_0": 180.77031468880895, "603_612_0": 63.71253456703056, "603_597_0": 107.35006397819622, "603_318_0": 8.167086765964257}, "adj_sorted": [[603, 607, 0], [603, 612, 0], [603, 597, 0], [603, 318, 0]], "type": "other", "n_corners": 3}, "geometry": {"type": "Point", "coordinates": [18.968664699999998, 47.53680970000001]}}, {"id": "245", "type": "Feature", "properties": {"x": 4993125.330425789, "y": 2754598.2625948326, "bearings": {"245_318_0": 161.20427877160023, "245_246_0": -18.086472727920686, "245_162_0": -166.95395145709227}, "angles": {"245_162_0": 31.841769771307497, "245_246_0": 148.86747872917158, "245_318_0": 179.29075149952092}, "adj_sorted": [[245, 162, 0], [245, 246, 0], [245, 318, 0]], "type": "Y", "n_corners": 2}, "geometry": {"type": "Point", "coordinates": [18.946313399999998, 47.53873640000005]}}, {"id": "246", "type": "Feature", "properties": {"x": 4993135.828134637, "y": 2754594.8341577156, "bearings": {"246_245_0": 161.9135272720793, "246_285_0": -18.89927292034081, "246_194_0": -84.20210106757355}, "angles": {"246_194_0": 113.88437166034714, "246_285_0": 65.30282814723274, "246_245_0": 180.81280019242013}, "adj_sorted": [[246, 194, 0], [246, 285, 0], [246, 245, 0]], "type": "T", "n_corners": 2}, "geometry": {"type": "Point", "coordinates": [18.946446600000005, 47.5386944]}}, {"id": "373", "type": "Feature", "properties": {"x": 4993608.926109541, "y": 2755342.0422502016, "bearings": {"373_338_0": -178.8297438979444, "373_442_0": -1.298386035260395, "373_368_0": 122.95706738309708}, "angles": {"373_338_0": 58.21318871895852, "373_442_0": 177.53135786268402, "373_368_0": 124.25545341835748}, "adj_sorted": [[373, 338, 0], [373, 442, 0], [373, 368, 0]], "type": "Y", "n_corners": 2}, "geometry": {"type": "Point", "coordinates": [18.953852199999993, 47.544849200000016]}}, {"id": "343", "type": "Feature", "properties": {"x": 4993530.887845547, "y": 2755451.116536662, "bearings": {"343_338_0": -94.95584322670675, "343_345_0": 88.4774313275395, "343_273_0": -160.45185704658883}, "angles": {"343_273_0": 111.07071162587167, "343_338_0": 65.49601381988208, "343_345_0": 183.43327455424625}, "adj_sorted": [[343, 273, 0], [343, 338, 0], [343, 345, 0]], "type": "T", "n_corners": 2}, "geometry": {"type": "Point", "coordinates": [18.952992, 47.54590750000003]}}, {"id": "284", "type": "Feature", "properties": {"x": 4993288.624394722, "y": 2755235.344539632, "bearings": {"284_338_0": 25.951851081533963, "284_273_0": 109.08034297755462, "284_256_0": -155.4029061641587}, "angles": {"284_256_0": 95.51675085828668, "284_338_0": 181.35475724569267, "284_273_0": 83.12849189602066}, "adj_sorted": [[284, 256, 0], [284, 338, 0], [284, 273, 0]], "type": "T", "n_corners": 2}, "geometry": {"type": "Point", "coordinates": [18.949458999999997, 47.544245000000004]}}, {"id": "597", "type": "Feature", "properties": {"x": 4994695.90520665, "y": 2754709.4328586017, "bearings": {"597_603_0": -68.97834708670554, "597_608_0": 7.909686627334597, "597_589_0": 113.92866251220079}, "angles": {"597_603_0": 177.0929904010937, "597_608_0": 76.88803371404013, "597_589_0": 106.0189758848662}, "adj_sorted": [[597, 603, 0], [597, 608, 0], [597, 589, 0]], "type": "T", "n_corners": 2}, "geometry": {"type": "Point", "coordinates": [18.967211599999988, 47.5380209]}}, {"id": "607", "type": "Feature", "properties": {"x": 4994921.672831288, "y": 2754550.9960661633, "bearings": {"607_603_0": 160.28410802713756, "607_613_0": -21.50010502224011, "607_616_0": 43.0984904632648}, "angles": {"607_613_0": 178.21578695062232, "607_616_0": 64.59859548550492, "607_603_0": 117.18561756387277}, "adj_sorted": [[607, 613, 0], [607, 616, 0], [607, 603, 0]], "type": "T", "n_corners": 2}, "geometry": {"type": "Point", "coordinates": [18.9699438, 47.536361099999986]}}, {"id": "311", "type": "Feature", "properties": {"x": 4993391.637617267, "y": 2755513.668053672, "bearings": {"311_346_0": -30.179580691444947, "311_265_0": -160.03446039060503, "311_271_0": 131.98621184386843}, "angles": {"311_265_0": 67.97932776552653, "311_346_0": 129.85487969916008, "311_271_0": 162.1657925353134}, "adj_sorted": [[311, 265, 0], [311, 346, 0], [311, 271, 0]], "type": "Y", "n_corners": 3}, "geometry": {"type": "Point", "coordinates": [18.951251499999998, 47.54661710000005]}}, {"id": "346", "type": "Feature", "properties": {"x": 4993534.828909769, "y": 2755548.0141170644, "bearings": {"346_311_0": -138.48652766509645, "346_297_0": 146.11263311488693, "346_345_0": -93.85997128227962, "346_358_0": 84.61121324164446, "346_451_0": 54.827504071988635}, "angles": {"346_311_0": 75.40083922001662, "346_345_0": 44.62655638281683, "346_451_0": 148.68747535426826, "346_358_0": 29.78370916965583, "346_297_0": 61.50141987324247}, "adj_sorted": [[346, 311, 0], [346, 345, 0], [346, 451, 0], [346, 358, 0], [346, 297, 0]], "type": "other", "n_corners": 5}, "geometry": {"type": "Point", "coordinates": [18.95319479466351, 47.546768019450575]}}, {"id": "265", "type": "Feature", "properties": {"x": 4993213.655665166, "y": 2755449.009122062, "bearings": {"265_311_0": 19.965539609394963, "265_273_0": -70.36713615905603, "265_240_0": -160.3760827416419, "265_251_0": 109.64109052961564}, "angles": {"265_240_0": 89.98282672874245, "265_273_0": 90.00894658258588, "265_311_0": 90.332675768451, "265_251_0": 89.67555092022067}, "adj_sorted": [[265, 240, 0], [265, 273, 0], [265, 311, 0], [265, 251, 0]], "type": "X", "n_corners": 4}, "geometry": {"type": "Point", "coordinates": [18.948801899999996, 47.54623340000004]}}, {"id": "271", "type": "Feature", "properties": {"x": 4993243.639588868, "y": 2755678.1160833305, "bearings": {"271_311_0": -48.01378815613158, "271_251_0": -149.44093184024874, "271_297_0": 42.40187190927098, "271_243_0": 131.44301398914428}, "angles": {"271_251_0": 79.11605417060696, "271_311_0": 101.42714368411715, "271_297_0": 90.41566006540256, "271_243_0": 89.0411420798733}, "adj_sorted": [[271, 251, 0], [271, 311, 0], [271, 297, 0], [271, 243, 0]], "type": "X", "n_corners": 4}, "geometry": {"type": "Point", "coordinates": [18.949554000000003, 47.548245600000044]}}, {"id": "297", "type": "Feature", "properties": {"x": 4993336.311912252, "y": 2755762.743095478, "bearings": {"297_346_0": -48.11394531310118, "297_271_0": -137.59812809072903, "297_260_0": 131.43064328753275}, "angles": {"297_271_0": 90.97122862173819, "297_346_0": 89.48418277762785, "297_260_0": 179.54458860063392}, "adj_sorted": [[297, 271, 0], [297, 346, 0], [297, 260, 0]], "type": "T", "n_corners": 2}, "geometry": {"type": "Point", "coordinates": [18.950908799999997, 47.548900200000034]}}, {"id": "345", "type": "Feature", "properties": {"x": 4993531.891467673, "y": 2755488.8749489803, "bearings": {"345_343_0": -91.52256867246051, "345_346_0": 88.06462255803719, "345_377_0": -19.728059044481366}, "angles": {"345_343_0": 180.4128087695023, "345_377_0": 71.79450962797914, "345_346_0": 107.79268160251856}, "adj_sorted": [[345, 343, 0], [345, 377, 0], [345, 346, 0]], "type": "T", "n_corners": 2}, "geometry": {"type": "Point", "coordinates": [18.95306400000001, 47.54624340000007]}}, {"id": "358", "type": "Feature", "properties": {"x": 4993571.560527395, "y": 2755672.3633896806, "bearings": {"358_346_0": -119.92064134402119, "358_364_0": -17.7428896640348, "358_317_0": 161.59633063759577}, "angles": {"358_346_0": 78.48302801838304, "358_364_0": 102.17775167998639, "358_317_0": 179.33922030163058}, "adj_sorted": [[358, 346, 0], [358, 364, 0], [358, 317, 0]], "type": "T", "n_corners": 2}, "geometry": {"type": "Point", "coordinates": [18.9538731, 47.54783790000001]}}, {"id": "451", "type": "Feature", "properties": {"x": 4993944.389527353, "y": 2755539.550408536, "bearings": {"451_346_0": 168.38343666938172, "451_455_0": 72.14700729126008, "451_467_0": -12.66447785745127}, "angles": {"451_467_0": 178.95208547316702, "451_455_0": 84.81148514871136, "451_346_0": 96.23642937812164}, "adj_sorted": [[451, 467, 0], [451, 455, 0], [451, 346, 0]], "type": "T", "n_corners": 2}, "geometry": {"type": "Point", "coordinates": [18.958587, 47.54624720000004]}}, {"id": "260", "type": "Feature", "properties": {"x": 4993199.687260718, "y": 2755921.315739818, "bearings": {"260_297_0": -64.23442559417207, "260_243_0": -137.57799709424765, "260_247_0": 114.08653110033202, "260_270_0": 41.986386563048015}, "angles": {"260_243_0": 108.33547180542033, "260_297_0": 73.34357150007558, "260_270_0": 106.22081215722008, "260_247_0": 72.10014453728401}, "adj_sorted": [[260, 243, 0], [260, 297, 0], [260, 270, 0], [260, 247, 0]], "type": "X", "n_corners": 4}, "geometry": {"type": "Point", "coordinates": [18.949352199999996, 47.5504639]}}, {"id": "377", "type": "Feature", "properties": {"x": 4993619.985689262, "y": 2755457.283969976, "bearings": {"377_345_0": 160.27194095551863, "377_384_0": 55.59727777681976, "377_386_0": -22.547373405805462}, "angles": {"377_386_0": 177.1806856386759, "377_384_0": 78.14465118262522, "377_345_0": 104.67466317869886}, "adj_sorted": [[377, 386, 0], [377, 384, 0], [377, 345, 0]], "type": "T", "n_corners": 2}, "geometry": {"type": "Point", "coordinates": [18.954177499999997, 47.5458657]}}, {"id": "364", "type": "Feature", "properties": {"x": 4993586.575806392, "y": 2755667.559015208, "bearings": {"364_358_0": 162.2571103359652, "364_371_0": 64.26371928004933, "364_435_0": -16.80369661340623}, "angles": {"364_435_0": 180.93919305062857, "364_371_0": 81.06741589345556, "364_358_0": 97.99339105591586}, "adj_sorted": [[364, 435, 0], [364, 371, 0], [364, 358, 0]], "type": "T", "n_corners": 2}, "geometry": {"type": "Point", "coordinates": [18.9540638, 47.54777870000005]}}, {"id": "317", "type": "Feature", "properties": {"x": 4993414.207240845, "y": 2755752.1937316675, "bearings": {"317_358_0": -52.3267466070423, "317_389_0": 44.31225781522531, "317_294_0": 127.07604657498017}, "angles": {"317_358_0": 180.59720681797754, "317_389_0": 96.63900442226762, "317_294_0": 82.76378875975486}, "adj_sorted": [[317, 358, 0], [317, 389, 0], [317, 294, 0]], "type": "T", "n_corners": 2}, "geometry": {"type": "Point", "coordinates": [18.95192049999999, 47.54872140000003]}}, {"id": "455", "type": "Feature", "properties": {"x": 4993963.8291211305, "y": 2755600.3294247696, "bearings": {"455_451_0": -106.8951999741358, "455_435_0": 172.02158303774868, "455_490_0": -10.038098451855541}, "angles": {"455_451_0": 81.08321698811551, "455_490_0": 96.85710152228026, "455_435_0": 182.05968148960423}, "adj_sorted": [[455, 451, 0], [455, 490, 0], [455, 435, 0]], "type": "T", "n_corners": 2}, "geometry": {"type": "Point", "coordinates": [18.958938199999988, 47.546768499999985]}}, {"id": "467", "type": "Feature", "properties": {"x": 4994014.190517217, "y": 2755523.865542666, "bearings": {"467_451_0": 167.33552214254874, "467_484_0": -15.737027393884976, "467_457_0": -110.00363488564884}, "angles": {"467_457_0": 82.66084297180242, "467_484_0": 94.26660749176386, "467_451_0": 183.0725495364337}, "adj_sorted": [[467, 457, 0], [467, 484, 0], [467, 451, 0]], "type": "T", "n_corners": 2}, "geometry": {"type": "Point", "coordinates": [18.9594838, 47.546031300000024]}}, {"id": "715", "type": "Feature", "properties": {"x": 4996642.419159968, "y": 2753175.0381670636, "bearings": {"715_737_0": 45.179468254161776, "715_713_0": -134.0398762923515, "715_725_0": -43.46858153381634, "715_700_0": 124.30175625021157}, "angles": {"715_713_0": 101.65836745743695, "715_725_0": 90.57129475853515, "715_737_0": 88.64804978797812, "715_700_0": 79.12228799604979}, "adj_sorted": [[715, 713, 0], [715, 725, 0], [715, 737, 0], [715, 700, 0]], "type": "X", "n_corners": 4}, "geometry": {"type": "Point", "coordinates": [18.99049949999999, 47.52220550000001]}}, {"id": "737", "type": "Feature", "properties": {"x": 4996840.638436299, "y": 2753390.734214155, "bearings": {"737_715_0": -109.32942447180342, "737_722_0": 143.3574159286281, "737_740_0": 76.88595691865416, "737_745_0": -14.600827925776365}, "angles": {"737_715_0": 107.31315959956851, "737_745_0": 94.72859654602706, "737_740_0": 91.48678484443053, "737_722_0": 66.47145900997393}, "adj_sorted": [[737, 715, 0], [737, 745, 0], [737, 740, 0], [737, 722, 0]], "type": "other", "n_corners": 4}, "geometry": {"type": "Point", "coordinates": [18.993451153600066, 47.52391409507268]}}, {"id": "713", "type": "Feature", "properties": {"x": 4996604.42740408, "y": 2753142.603521554, "bearings": {"713_715_0": 20.80974927820366, "713_710_0": -149.59923521752899, "713_729_0": -39.09679680955094, "713_706_0": 141.44192940645118}, "angles": {"713_710_0": 68.9588353760198, "713_729_0": 110.50243840797805, "713_715_0": 59.9065460877546, "713_706_0": 120.63218012824751}, "adj_sorted": [[713, 710, 0], [713, 729, 0], [713, 715, 0], [713, 706, 0]], "type": "X", "n_corners": 4}, "geometry": {"type": "Point", "coordinates": [18.9899477, 47.52195750000005]}}, {"id": "725", "type": "Feature", "properties": {"x": 4996710.222855974, "y": 2753109.453880133, "bearings": {"725_715_0": 135.90172178371162, "725_745_0": 49.476856259614785, "725_733_0": -42.30419942516676}, "angles": {"725_733_0": 181.79407879112162, "725_745_0": 91.78105568478153, "725_715_0": 86.42486552409684}, "adj_sorted": [[725, 733, 0], [725, 745, 0], [725, 715, 0]], "type": "T", "n_corners": 2}, "geometry": {"type": "Point", "coordinates": [18.9912915, 47.52154620000006]}}, {"id": "700", "type": "Feature", "properties": {"x": 4996415.473246775, "y": 2753401.0541423988, "bearings": {"700_715_0": -48.87229320170853, "700_709_0": 46.14187275943286, "700_695_0": 130.9642773331249}, "angles": {"700_715_0": 180.1634294651666, "700_709_0": 95.01416596114139, "700_695_0": 84.82240457369204}, "adj_sorted": [[700, 715, 0], [700, 709, 0], [700, 695, 0]], "type": "T", "n_corners": 2}, "geometry": {"type": "Point", "coordinates": [18.9878586, 47.524470199999996]}}, {"id": "722", "type": "Feature", "properties": {"x": 4996679.736419791, "y": 2753463.419369766, "bearings": {"722_737_0": -20.61131033421378, "722_726_0": 80.28785210094445, "722_709_0": 159.4653030622111}, "angles": {"722_737_0": 179.92338660357512, "722_726_0": 100.89916243515823, "722_709_0": 79.17745096126664}, "adj_sorted": [[722, 737, 0], [722, 726, 0], [722, 709, 0]], "type": "T", "n_corners": 2}, "geometry": {"type": "Point", "coordinates": [18.991442100000004, 47.524738400000025]}}, {"id": "740", "type": "Feature", "properties": {"x": 4996864.952447794, "y": 2753489.066263148, "bearings": {"740_737_0": -113.11634724371348, "740_739_0": 76.48247600537542, "740_754_0": -17.011580751002406}, "angles": {"740_737_0": 170.4011767509111, "740_754_0": 96.10476649271106, "740_739_0": 93.49405675637783}, "adj_sorted": [[740, 737, 0], [740, 754, 0], [740, 739, 0]], "type": "T", "n_corners": 2}, "geometry": {"type": "Point", "coordinates": [18.993925500000003, 47.52476510000005]}}, {"id": "745", "type": "Feature", "properties": {"x": 4996924.549026303, "y": 2753353.691114724, "bearings": {"745_737_0": 149.72238356632246, "745_725_0": -132.5138801350509, "745_747_0": -29.06685995012938}, "angles": {"745_725_0": 77.76373629862667, "745_747_0": 103.44702018492151, "745_737_0": 178.78924351645185}, "adj_sorted": [[745, 725, 0], [745, 747, 0], [745, 737, 0]], "type": "T", "n_corners": 2}, "geometry": {"type": "Point", "coordinates": [18.994500199999994, 47.52349189999998]}}, {"id": "726", "type": "Feature", "properties": {"x": 4996730.488817903, "y": 2753568.1546386704, "bearings": {"726_722_0": -122.83121457675314, "726_734_0": 38.983152563948714, "726_712_0": 126.01074919876564}, "angles": {"726_722_0": 111.15803622448124, "726_734_0": 161.81436714070185, "726_712_0": 87.02759663481692}, "adj_sorted": [[726, 722, 0], [726, 734, 0], [726, 712, 0]], "type": "Y", "n_corners": 3}, "geometry": {"type": "Point", "coordinates": [18.992275199999998, 47.52561770000001]}}, {"id": "709", "type": "Feature", "properties": {"x": 4996532.578797527, "y": 2753521.372990835, "bearings": {"709_700_0": -134.57938790144138, "709_722_0": -23.923444526541676, "709_698_0": 154.03906668078866}, "angles": {"709_700_0": 71.38154541776998, "709_722_0": 110.6559433748997, "709_698_0": 177.96251120733035}, "adj_sorted": [[709, 700, 0], [709, 722, 0], [709, 698, 0]], "type": "T", "n_corners": 2}, "geometry": {"type": "Point", "coordinates": [18.9895913, 47.52541620000003]}}, {"id": "739", "type": "Feature", "properties": {"x": 4996857.717444091, "y": 2753541.5857020533, "bearings": {"739_740_0": -70.52262803879633, "739_738_0": 116.45061554870858, "739_752_0": 34.96381534408168}, "angles": {"739_740_0": 173.0267564124951, "739_752_0": 105.48644338287801, "739_738_0": 81.4868002046269}, "adj_sorted": [[739, 740, 0], [739, 752, 0], [739, 738, 0]], "type": "T", "n_corners": 2}, "geometry": {"type": "Point", "coordinates": [18.9939121, 47.52524170000003]}}, {"id": "754", "type": "Feature", "properties": {"x": 4997004.068849519, "y": 2753446.507898884, "bearings": {"754_740_0": 162.990242324072, "754_747_0": -117.72407971732416, "754_756_0": -14.944540236684329}, "angles": {"754_747_0": 79.28567795860386, "754_756_0": 102.77953948063983, "754_740_0": 177.93478256075633}, "adj_sorted": [[754, 747, 0], [754, 756, 0], [754, 740, 0]], "type": "T", "n_corners": 2}, "geometry": {"type": "Point", "coordinates": [18.9956942, 47.52423340000003]}}, {"id": "747", "type": "Feature", "properties": {"x": 4996948.341650419, "y": 2753340.4663292733, "bearings": {"747_745_0": 150.93314004987064, "747_754_0": 62.27857764172285, "747_755_0": -28.8229805944429}, "angles": {"747_755_0": 180.24387935568646, "747_754_0": 91.10155823616574, "747_745_0": 88.6545624081478}, "adj_sorted": [[747, 755, 0], [747, 754, 0], [747, 745, 0]], "type": "T", "n_corners": 2}, "geometry": {"type": "Point", "coordinates": [18.994793400000002, 47.52334790000005]}}, {"id": "808", "type": "Feature", "properties": {"x": 4997436.115310238, "y": 2754023.089574796, "bearings": {"808_823_0": 30.23404363123128, "808_811_0": -83.09518562814539, "808_780_0": -155.06598387268232}, "angles": {"808_780_0": 174.6999724960864, "808_811_0": 71.97079824453694, "808_823_0": 113.32922925937666}, "adj_sorted": [[808, 780, 0], [808, 811, 0], [808, 823, 0]], "type": "T", "n_corners": 2}, "geometry": {"type": "Point", "coordinates": [19.002295099999998, 47.52890700000005]}}, {"id": "823", "type": "Feature", "properties": {"x": 4997503.34623688, "y": 2754067.767917748, "bearings": {"823_808_0": -134.78445205311198, "823_730_0": 136.07838425856986, "823_824_0": 23.06613320418787}, "angles": {"823_808_0": 89.1371636883182, "823_824_0": 157.85058525729985, "823_730_0": 113.01225105438198}, "adj_sorted": [[823, 808, 0], [823, 824, 0], [823, 730, 0]], "type": "Y", "n_corners": 3}, "geometry": {"type": "Point", "coordinates": [19.003251933254383, 47.529232244563254]}}, {"id": "811", "type": "Feature", "properties": {"x": 4997444.254996667, "y": 2753954.1638739947, "bearings": {"811_808_0": 96.49647794560968, "811_814_0": -84.00970746915125, "811_842_0": -1.4500949665067966}, "angles": {"811_814_0": 179.49381458523908, "811_842_0": 82.55961250264446, "811_808_0": 97.94657291211648}, "adj_sorted": [[811, 814, 0], [811, 842, 0], [811, 808, 0]], "type": "T", "n_corners": 2}, "geometry": {"type": "Point", "coordinates": [19.002294699999997, 47.528283000000044]}}, {"id": "780", "type": "Feature", "properties": {"x": 4997214.904742955, "y": 2753949.9633407597, "bearings": {"780_808_0": 17.52204264993382, "780_779_0": -160.7132426329106, "780_753_0": 96.26890858332207}, "angles": {"780_779_0": 103.0178487837673, "780_808_0": 178.23528528284442, "780_753_0": 78.74686593338825}, "adj_sorted": [[780, 779, 0], [780, 808, 0], [780, 753, 0]], "type": "T", "n_corners": 2}, "geometry": {"type": "Point", "coordinates": [18.9992624, 47.52849609999999]}}, {"id": "730", "type": "Feature", "properties": {"x": 4996784.182436801, "y": 2754391.792918883, "bearings": {"730_823_0": -32.0876251205019, "730_728_0": 142.44878277855815, "730_743_0": -110.57035195989386}, "angles": {"730_743_0": 106.98086526154799, "730_823_0": 78.48272683939196, "730_728_0": 174.53640789906007}, "adj_sorted": [[730, 743, 0], [730, 823, 0], [730, 728, 0]], "type": "T", "n_corners": 2}, "geometry": {"type": "Point", "coordinates": [18.994270299999997, 47.532909500000024]}}, {"id": "824", "type": "Feature", "properties": {"x": 4997520.834652833, "y": 2754075.2151445174, "bearings": {"824_823_0": -156.93386679581215, "824_831_0": -4.490227374613458, "824_807_0": 97.03913002396969}, "angles": {"824_823_0": 106.02700318021817, "824_831_0": 152.4436394211987, "824_807_0": 101.52935739858314}, "adj_sorted": [[824, 823, 0], [824, 831, 0], [824, 807, 0]], "type": "Y", "n_corners": 3}, "geometry": {"type": "Point", "coordinates": [19.003494301846462, 47.52927959151513]}}, {"id": "728", "type": "Feature", "properties": {"x": 4996736.528549411, "y": 2754436.107025874, "bearings": {"728_730_0": -50.340610046986434, "728_723_0": 131.78059491704266, "728_720_0": -122.30622641446575}, "angles": {"728_720_0": 105.91317866849158, "728_730_0": 71.96561636747933, "728_723_0": 182.1212049640291}, "adj_sorted": [[728, 720, 0], [728, 730, 0], [728, 723, 0]], "type": "T", "n_corners": 2}, "geometry": {"type": "Point", "coordinates": [18.993710799999995, 47.53335700000002]}}, {"id": "743", "type": "Feature", "properties": {"x": 4996886.90551123, "y": 2754225.8593666237, "bearings": {"743_730_0": 128.21299595597216, "743_720_0": 165.82931698242456, "743_753_0": -47.83417761220343}, "angles": {"743_753_0": 146.336505405372, "743_730_0": 176.0471735681756, "743_720_0": 37.6163210264524}, "adj_sorted": [[743, 753, 0], [743, 730, 0], [743, 720, 0]], "type": "Y", "n_corners": 2}, "geometry": {"type": "Point", "coordinates": [18.9953663, 47.53131650000004]}}, {"id": "807", "type": "Feature", "properties": {"x": 4997434.658102046, "y": 2754233.866379749, "bearings": {"807_824_0": -51.987798770569775, "807_826_0": 37.28018834539425, "807_802_0": 130.59188534369568}, "angles": {"807_824_0": 177.42031588573454, "807_826_0": 89.26798711596402, "807_802_0": 93.31169699830143}, "adj_sorted": [[807, 824, 0], [807, 826, 0], [807, 802, 0]], "type": "T", "n_corners": 2}, "geometry": {"type": "Point", "coordinates": [19.002605499999998, 47.530789600000006]}}, {"id": "826", "type": "Feature", "properties": {"x": 4997531.04766939, "y": 2754306.4385528928, "bearings": {"826_807_0": -140.8137243820015, "826_876_0": 44.16339106861048, "826_840_0": -31.573696893006755}, "angles": {"826_807_0": 175.022884549388, "826_840_0": 109.24002748899476, "826_876_0": 75.73708796161723}, "adj_sorted": [[826, 807, 0], [826, 840, 0], [826, 876, 0]], "type": "T", "n_corners": 2}, "geometry": {"type": "Point", "coordinates": [19.0039907, 47.531331900000026]}}, {"id": "802", "type": "Feature", "properties": {"x": 4997369.477001067, "y": 2754308.9066289943, "bearings": {"802_807_0": -48.39200462356007, "802_855_0": 60.134268485263725, "802_796_0": 130.7758446356495, "802_774_0": -139.25581188625992}, "angles": {"802_774_0": 89.96834347809056, "802_807_0": 90.86380726269985, "802_855_0": 108.5262731088238, "802_796_0": 70.64157615038576}, "adj_sorted": [[802, 774, 0], [802, 807, 0], [802, 855, 0], [802, 796, 0]], "type": "other", "n_corners": 4}, "geometry": {"type": "Point", "coordinates": [19.001862899999992, 47.53153050000001]}}, {"id": "831", "type": "Feature", "properties": {"x": 4997542.078261548, "y": 2754073.546882052, "bearings": {"831_824_0": 175.50977262538655, "831_884_0": -40.39041022870505, "831_844_0": 46.50694417222598}, "angles": {"831_884_0": 144.0998171459084, "831_844_0": 86.89735440093102, "831_824_0": 129.00282845316056}, "adj_sorted": [[831, 884, 0], [831, 844, 0], [831, 824, 0]], "type": "Y", "n_corners": 3}, "geometry": {"type": "Point", "coordinates": [19.00377195527664, 47.52924148567991]}}, {"id": "821", "type": "Feature", "properties": {"x": 4997491.279770642, "y": 2752497.699367634, "bearings": {"821_833_0": -39.49580233948194, "821_805_0": 140.50576810726568, "821_852_0": 51.535863123398784}, "angles": {"821_833_0": 179.99842955325238, "821_852_0": 91.03166546288072, "821_805_0": 88.9699049838669}, "adj_sorted": [[821, 833, 0], [821, 852, 0], [821, 805, 0]], "type": "T", "n_corners": 2}, "geometry": {"type": "Point", "coordinates": [19.000638099999996, 47.515233800000004]}}, {"id": "833", "type": "Feature", "properties": {"x": 4997560.28869641, "y": 2752446.90100259, "bearings": {"833_821_0": -175.05343764682058, "833_839_0": -84.20087145085982, "833_847_0": 49.86788263217095}, "angles": {"833_821_0": 135.07867972100848, "833_839_0": 90.85256619596076, "833_847_0": 134.06875408303077}, "adj_sorted": [[833, 821, 0], [833, 839, 0], [833, 847, 0]], "type": "Y", "n_corners": 3}, "geometry": {"type": "Point", "coordinates": [19.001468880639216, 47.514705063828025]}}, {"id": "805", "type": "Feature", "properties": {"x": 4997428.631820877, "y": 2752549.3290659576, "bearings": {"805_821_0": -39.49213701365341, "805_841_0": 51.38331752265804, "805_778_0": 143.60236852871577}, "angles": {"805_821_0": 176.90549445763082, "805_841_0": 90.87545453631145, "805_778_0": 92.21905100605773}, "adj_sorted": [[805, 821, 0], [805, 841, 0], [805, 778, 0]], "type": "T", "n_corners": 2}, "geometry": {"type": "Point", "coordinates": [18.999892499999998, 47.515763000000014]}}, {"id": "852", "type": "Feature", "properties": {"x": 4997690.059277447, "y": 2752737.5303446096, "bearings": {"852_821_0": -129.84714661263618, "852_863_0": -48.25108971343803, "852_841_0": 135.5760811700325}, "angles": {"852_821_0": 94.57677221733132, "852_863_0": 81.59605689919815, "852_841_0": 183.82717088347053}, "adj_sorted": [[852, 821, 0], [852, 863, 0], [852, 841, 0]], "type": "T", "n_corners": 2}, "geometry": {"type": "Point", "coordinates": [19.003634799999997, 47.51715690000003]}}, {"id": "839", "type": "Feature", "properties": {"x": 4997617.226205468, "y": 2752393.9050184516, "bearings": {"839_833_0": 140.5043016249202, "839_848_0": -39.49050905656273, "839_859_0": 51.082504816029825}, "angles": {"839_848_0": 180.00518931851707, "839_859_0": 90.57301387259255, "839_833_0": 89.42179680889038}, "adj_sorted": [[839, 848, 0], [839, 859, 0], [839, 833, 0]], "type": "T", "n_corners": 2}, "geometry": {"type": "Point", "coordinates": [19.002136999999998, 47.51416990000005]}}, {"id": "847", "type": "Feature", "properties": {"x": 4997662.479336351, "y": 2752568.1183136385, "bearings": {"847_833_0": -130.13211736782907, "847_859_0": -40.201620790948176, "847_863_0": 49.816564632495826}, "angles": {"847_833_0": 180.05131799967512, "847_859_0": 89.9304965768809, "847_863_0": 90.01818542344401}, "adj_sorted": [[847, 833, 0], [847, 859, 0], [847, 863, 0]], "type": "T", "n_corners": 2}, "geometry": {"type": "Point", "coordinates": [19.003006178146517, 47.515675170527324]}}, {"id": "848", "type": "Feature", "properties": {"x": 4997673.306271963, "y": 2752347.6917790947, "bearings": {"848_839_0": 140.50949094343727, "848_870_0": -34.17548107732, "848_867_0": 52.01382425674966}, "angles": {"848_870_0": 185.31502797924273, "848_867_0": 86.18930533406966, "848_839_0": 88.49566668668761}, "adj_sorted": [[848, 870, 0], [848, 867, 0], [848, 839, 0]], "type": "T", "n_corners": 2}, "geometry": {"type": "Point", "coordinates": [19.002804400000006, 47.51369620000003]}}, {"id": "859", "type": "Feature", "properties": {"x": 4997719.473212406, "y": 2752520.855493568, "bearings": {"859_839_0": -129.84815350830354, "859_847_0": 140.13533896105434, "859_869_0": 51.32919605727492, "859_867_0": -38.75573973064303}, "angles": {"859_839_0": 90.01650753064212, "859_867_0": 91.09241377766051, "859_869_0": 90.08493578791794, "859_847_0": 88.80614290377943}, "adj_sorted": [[859, 839, 0], [859, 867, 0], [859, 869, 0], [859, 847, 0]], "type": "X", "n_corners": 4}, "geometry": {"type": "Point", "coordinates": [19.003683999999996, 47.51519110000003]}}, {"id": "884", "type": "Feature", "properties": {"x": 4997840.621886904, "y": 2753925.4287729124, "bearings": {"884_831_0": 125.33864974592558, "884_891_0": 77.91672000751446, "884_885_0": -54.58957177231084}, "angles": {"884_885_0": 180.07177848176357, "884_891_0": 132.5062917798253, "884_831_0": 47.42192973841112}, "adj_sorted": [[884, 885, 0], [884, 891, 0], [884, 831, 0]], "type": "Y", "n_corners": 2}, "geometry": {"type": "Point", "coordinates": [19.007478799999994, 47.52759330000004]}}, {"id": "844", "type": "Feature", "properties": {"x": 4997638.152180853, "y": 2754131.9596480215, "bearings": {"844_831_0": -151.5439449864594, "844_860_0": 28.456055011170285, "844_891_0": -60.228642487752275}, "angles": {"844_831_0": 180.0000000023703, "844_891_0": 91.31530249870713, "844_860_0": 88.68469749892256}, "adj_sorted": [[844, 831, 0], [844, 891, 0], [844, 860, 0]], "type": "T", "n_corners": 2}, "geometry": {"type": "Point", "coordinates": [19.005130810771906, 47.52965775644975]}}, {"id": "891", "type": "Feature", "properties": {"x": 4997874.9407148445, "y": 2754074.8811533903, "bearings": {"891_884_0": -104.43626113711913, "891_844_0": 173.6160105666501, "891_890_0": 86.62933602968448, "891_1045_0": -5.471043832001867}, "angles": {"891_884_0": 81.94772829623076, "891_1045_0": 98.96521730511726, "891_890_0": 92.10037986168635, "891_844_0": 86.98667453696561}, "adj_sorted": [[891, 884, 0], [891, 1045, 0], [891, 890, 0], [891, 844, 0]], "type": "X", "n_corners": 4}, "geometry": {"type": "Point", "coordinates": [19.0081654, 47.52888949999999]}}, {"id": "885", "type": "Feature", "properties": {"x": 4997845.7076319195, "y": 2753918.275192202, "bearings": {"885_884_0": 125.41042822768917, "885_895_0": -55.79291901786588, "885_842_0": -136.36508181044718}, "angles": {"885_842_0": 98.22448996186364, "885_895_0": 80.57216279258131, "885_884_0": 181.20334724555505}, "adj_sorted": [[885, 842, 0], [885, 895, 0], [885, 884, 0]], "type": "T", "n_corners": 2}, "geometry": {"type": "Point", "coordinates": [19.007534700000004, 47.527523900000034]}}, {"id": "860", "type": "Feature", "properties": {"x": 4997729.495765299, "y": 2754181.499649885, "bearings": {"860_844_0": -151.52504252765164, "860_890_0": 14.430860655260137, "860_849_0": 126.67845427081566}, "angles": {"860_844_0": 81.79650320153269, "860_890_0": 165.95590318291178, "860_849_0": 112.24759361555553}, "adj_sorted": [[860, 844, 0], [860, 890, 0], [860, 849, 0]], "type": "T", "n_corners": 2}, "geometry": {"type": "Point", "coordinates": [19.006413399999996, 47.530000000000044]}}, {"id": "863", "type": "Feature", "properties": {"x": 4997744.925329129, "y": 2752669.5652432046, "bearings": {"863_852_0": 128.7537529012865, "863_847_0": -118.78871757996932, "863_869_0": -56.08842994997652, "863_878_0": 60.93826897857076}, "angles": {"863_847_0": 112.4575295187442, "863_869_0": 62.70028762999279, "863_878_0": 117.02669892854729, "863_852_0": 67.81548392271574}, "adj_sorted": [[863, 847, 0], [863, 869, 0], [863, 878, 0], [863, 852, 0]], "type": "X", "n_corners": 4}, "geometry": {"type": "Point", "coordinates": [19.004252200000003, 47.51649040000004]}}, {"id": "869", "type": "Feature", "properties": {"x": 4997787.471100024, "y": 2752605.828752589, "bearings": {"869_859_0": -128.59755826264563, "869_863_0": 131.4286041347532, "869_883_0": -44.17460281538254}, "angles": {"869_859_0": 99.97383760260118, "869_883_0": 84.42295544726309, "869_863_0": 175.60320695013573}, "adj_sorted": [[869, 859, 0], [869, 883, 0], [869, 863, 0]], "type": "T", "n_corners": 2}, "geometry": {"type": "Point", "coordinates": [19.004713699999993, 47.515875100000066]}}, {"id": "867", "type": "Feature", "properties": {"x": 4997774.131490215, "y": 2752476.979182034, "bearings": {"867_848_0": -127.94274601141701, "867_859_0": 141.24499080278864, "867_883_0": 52.05247301731048, "867_881_0": -38.03325293564682}, "angles": {"867_848_0": 90.81226318579434, "867_881_0": 89.9094930757702, "867_883_0": 90.0857259529573, "867_859_0": 89.19251778547815}, "adj_sorted": [[867, 848, 0], [867, 881, 0], [867, 883, 0], [867, 859, 0]], "type": "X", "n_corners": 4}, "geometry": {"type": "Point", "coordinates": [19.004336300000002, 47.514739800000044]}}, {"id": "904", "type": "Feature", "properties": {"x": 4997949.798777122, "y": 2754225.5033780104, "bearings": {"904_905_0": -79.39492829503361, "904_928_0": 12.717453015293875, "904_899_0": -168.8954901437793}, "angles": {"904_899_0": 178.38705684092682, "904_905_0": 89.5005618487457, "904_928_0": 92.11238131032748}, "adj_sorted": [[904, 899, 0], [904, 905, 0], [904, 928, 0]], "type": "T", "n_corners": 2}, "geometry": {"type": "Point", "coordinates": [19.009388699999995, 47.53015180000005]}}, {"id": "905", "type": "Feature", "properties": {"x": 4997952.224500854, "y": 2754191.120768654, "bearings": {"905_904_0": 77.35790060956464, "905_931_0": -11.43843752974418, "905_890_0": 170.54819508745354}, "angles": {"905_931_0": 178.01336738280227, "905_904_0": 88.79633813930882, "905_890_0": 93.1902944778889}, "adj_sorted": [[905, 931, 0], [905, 904, 0], [905, 890, 0]], "type": "T", "n_corners": 2}, "geometry": {"type": "Point", "coordinates": [19.00936689129997, 47.529842315025185]}}, {"id": "928", "type": "Feature", "properties": {"x": 4998043.698960748, "y": 2754246.8950701957, "bearings": {"928_904_0": -167.10903003936144, "928_931_0": -83.47345055278038, "928_921_0": 106.329284130459, "928_986_0": 17.882841764962247}, "angles": {"928_904_0": 86.56168583017956, "928_931_0": 83.63557948658107, "928_986_0": 101.35629231774263, "928_921_0": 88.44644236549675}, "adj_sorted": [[928, 904, 0], [928, 931, 0], [928, 986, 0], [928, 921, 0]], "type": "X", "n_corners": 4}, "geometry": {"type": "Point", "coordinates": [19.010661000000006, 47.53024000000005]}}, {"id": "931", "type": "Feature", "properties": {"x": 4998052.498533612, "y": 2754170.8319625724, "bearings": {"931_905_0": 168.5615624702558, "931_928_0": 100.00946725105518, "931_934_0": -81.349190285099, "931_994_0": -1.0974691707317228}, "angles": {"931_934_0": 110.08924724464521, "931_994_0": 80.25172111436727, "931_928_0": 101.10693642178691, "931_905_0": 68.55209521920062}, "adj_sorted": [[931, 934, 0], [931, 994, 0], [931, 928, 0], [931, 905, 0]], "type": "X", "n_corners": 4}, "geometry": {"type": "Point", "coordinates": [19.010658031156733, 47.52955158575794]}}, {"id": "890", "type": "Feature", "properties": {"x": 4997867.515132472, "y": 2754205.2230159063, "bearings": {"890_891_0": -85.63764008929654, "890_860_0": -175.76925355430015, "890_905_0": -9.451804912546459, "890_888_0": 94.89518033709781}, "angles": {"890_860_0": 89.33556610860205, "890_891_0": 90.13161346500361, "890_905_0": 76.18583517675007, "890_888_0": 104.34698524964428}, "adj_sorted": [[890, 860, 0], [890, 891, 0], [890, 905, 0], [890, 888, 0]], "type": "X", "n_corners": 4}, "geometry": {"type": "Point", "coordinates": [19.0082714, 47.53006080000001]}}, {"id": "921", "type": "Feature", "properties": {"x": 4998018.975840093, "y": 2754315.0434860103, "bearings": {"921_928_0": -69.0170111017507, "921_908_0": 126.04152382143707, "921_951_0": 18.454109184051028}, "angles": {"921_928_0": 164.94146507681222, "921_951_0": 87.47112028580173, "921_908_0": 107.58741463738605}, "adj_sorted": [[921, 928, 0], [921, 951, 0], [921, 908, 0]], "type": "Y", "n_corners": 3}, "geometry": {"type": "Point", "coordinates": [19.010441499999995, 47.530875200000025]}}, {"id": "986", "type": "Feature", "properties": {"x": 4998418.585686958, "y": 2754350.129838308, "bearings": {"986_928_0": -166.97065283075761, "986_994_0": -63.938265676929475, "986_1006_0": 10.607490357743911, "986_975_0": 113.73745869703225}, "angles": {"986_928_0": 79.29188847221013, "986_994_0": 103.03238715382814, "986_1006_0": 74.54575603467339, "986_975_0": 103.12996833928834}, "adj_sorted": [[986, 928, 0], [986, 994, 0], [986, 1006, 0], [986, 975, 0]], "type": "X", "n_corners": 4}, "geometry": {"type": "Point", "coordinates": [19.015768500000004, 47.53075110000003]}}, {"id": "994", "type": "Feature", "properties": {"x": 4998465.168367791, "y": 2754208.759471391, "bearings": {"994_931_0": -173.41550067022146, "994_986_0": 99.69436538621524, "994_1008_0": 9.366746979971346}, "angles": {"994_931_0": 86.89013394356328, "994_1008_0": 182.7822476501928, "994_986_0": 90.32761840624389}, "adj_sorted": [[994, 931, 0], [994, 1008, 0], [994, 986, 0]], "type": "T", "n_corners": 2}, "geometry": {"type": "Point", "coordinates": [19.016161640138208, 47.529438537946746]}}, {"id": "1006", "type": "Feature", "properties": {"x": 4998550.704868944, "y": 2754374.873148644, "bearings": {"1006_986_0": -169.3925096422561, "1006_1008_0": -77.4346140201097, "1006_1000_0": 102.56132795868416}, "angles": {"1006_986_0": 88.04616239905977, "1006_1008_0": 91.9578956221464, "1006_1000_0": 179.99594197879387}, "adj_sorted": [[1006, 986, 0], [1006, 1008, 0], [1006, 1000, 0]], "type": "T", "n_corners": 2}, "geometry": {"type": "Point", "coordinates": [19.0175503, 47.53082730000003]}}, {"id": "975", "type": "Feature", "properties": {"x": 4998358.931876251, "y": 2754485.8228302887, "bearings": {"975_986_0": -66.26914435115796, "975_980_0": 44.71893591048204, "975_951_0": -155.53583424991336}, "angles": {"975_951_0": 159.7452298396046, "975_986_0": 89.2666898987554, "975_980_0": 110.98808026164}, "adj_sorted": [[975, 951, 0], [975, 986, 0], [975, 980, 0]], "type": "Y", "n_corners": 3}, "geometry": {"type": "Point", "coordinates": [19.015194000000005, 47.53202730000005]}}, {"id": "1008", "type": "Feature", "properties": {"x": 4998573.495677137, "y": 2754229.695447479, "bearings": {"1008_994_0": -163.25678407121802, "1008_1006_0": 60.59116306611844, "1008_1021_0": -20.565768243125447}, "angles": {"1008_994_0": 136.15205286266354, "1008_1021_0": 142.6910158280926, "1008_1006_0": 81.15693130924389}, "adj_sorted": [[1008, 994, 0], [1008, 1021, 0], [1008, 1006, 0]], "type": "Y", "n_corners": 3}, "geometry": {"type": "Point", "coordinates": [19.01762355424439, 47.52950679978507]}}, {"id": "1001", "type": "Feature", "properties": {"x": 4998518.452710259, "y": 2753531.534912793, "bearings": {"1001_1011_0": -18.633472585475534, "1001_1003_0": 85.17589154275673, "1001_990_0": 159.79410337219386}, "angles": {"1001_1011_0": 181.5724240423306, "1001_1003_0": 103.80936412823226, "1001_990_0": 74.61821182943713}, "adj_sorted": [[1001, 1011, 0], [1001, 1003, 0], [1001, 990, 0]], "type": "T", "n_corners": 2}, "geometry": {"type": "Point", "coordinates": [19.015804, 47.52333670000001]}}, {"id": "1011", "type": "Feature", "properties": {"x": 4998584.675415022, "y": 2753507.238548576, "bearings": {"1011_1001_0": 154.14671752691717, "1011_984_0": -132.98801845512568, "1011_1013_0": 13.104016263134241}, "angles": {"1011_984_0": 72.86526401795714, "1011_1013_0": 146.09203471825992, "1011_1001_0": 141.04270126378293}, "adj_sorted": [[1011, 984, 0], [1011, 1013, 0], [1011, 1001, 0]], "type": "Y", "n_corners": 3}, "geometry": {"type": "Point", "coordinates": [19.0166395001556, 47.52304740292469]}}, {"id": "1003", "type": "Feature", "properties": {"x": 4998534.127033725, "y": 2753717.579364959, "bearings": {"1003_1001_0": -94.81518043341866, "1003_1016_0": -9.765899422515199, "1003_993_0": 173.65562969996222, "1003_1004_0": 85.56154922020139}, "angles": {"1003_1001_0": 91.5291898666191, "1003_1016_0": 85.04928101090346, "1003_1004_0": 95.32744864271659, "1003_993_0": 88.09408047976083}, "adj_sorted": [[1003, 1001, 0], [1003, 1016, 0], [1003, 1004, 0], [1003, 993, 0]], "type": "X", "n_corners": 4}, "geometry": {"type": "Point", "coordinates": [19.016302100000008, 47.52497980000005]}}, {"id": "990", "type": "Feature", "properties": {"x": 4998437.518664846, "y": 2753561.368136783, "bearings": {"990_1001_0": -20.230071093567155, "990_988_0": 159.10096821761496, "990_993_0": 83.51877777838408}, "angles": {"990_1001_0": 180.6689606888179, "990_993_0": 103.74884887195122, "990_988_0": 75.58219043923089}, "adj_sorted": [[990, 1001, 0], [990, 993, 0], [990, 988, 0]], "type": "T", "n_corners": 2}, "geometry": {"type": "Point", "coordinates": [19.014783100000002, 47.52369150000005]}}, {"id": "984", "type": "Feature", "properties": {"x": 4998402.5468415, "y": 2753351.6789173796, "bearings": {"984_1011_0": 33.590776470116225, "984_963_0": -145.67534285463856, "984_1023_0": -29.54191885823073, "984_970_0": 150.25296050168663}, "angles": {"984_963_0": 64.07169664367484, "984_1023_0": 116.13342399640783, "984_1011_0": 63.132695328346955, "984_970_0": 116.6621840315704}, "adj_sorted": [[984, 963, 0], [984, 1023, 0], [984, 1011, 0], [984, 970, 0]], "type": "X", "n_corners": 4}, "geometry": {"type": "Point", "coordinates": [19.013993500000005, 47.5218585]}}, {"id": "1013", "type": "Feature", "properties": {"x": 4998602.335494522, "y": 2753511.3494827864, "bearings": {"1013_1011_0": -166.89598373686576, "1013_1016_0": 112.17099023986324, "1013_1015_0": -8.149693370414857}, "angles": {"1013_1011_0": 80.933026023271, "1013_1015_0": 158.7462903664509, "1013_1016_0": 120.3206836102781}, "adj_sorted": [[1013, 1011, 0], [1013, 1015, 0], [1013, 1016, 0]], "type": "Y", "n_corners": 3}, "geometry": {"type": "Point", "coordinates": [19.016878892036132, 47.523064759614904]}}, {"id": "963", "type": "Feature", "properties": {"x": 4998243.950591122, "y": 2753224.470857677, "bearings": {"963_984_0": 51.3822754356562, "963_894_0": 131.39127004767298, "963_957_0": 91.49382706687722, "963_971_0": -44.697672307482414, "963_946_0": -125.82953747759554}, "angles": {"963_946_0": 102.77919247473147, "963_971_0": 81.13186517011312, "963_984_0": 96.0799477431386, "963_957_0": 40.11155163122102, "963_894_0": 39.89744298079576}, "adj_sorted": [[963, 946, 0], [963, 971, 0], [963, 984, 0], [963, 957, 0], [963, 894, 0]], "type": "other", "n_corners": 5}, "geometry": {"type": "Point", "coordinates": [19.011702399999997, 47.520896800000045]}}, {"id": "1023", "type": "Feature", "properties": {"x": 4998663.570147677, "y": 2753250.8669800046, "bearings": {"1023_984_0": 175.46250020861984, "1023_1017_0": -99.83306400206153, "1023_1039_0": 1.0604266265631415}, "angles": {"1023_1017_0": 84.70443578931861, "1023_1039_0": 100.89349062862468, "1023_984_0": 174.40207358205672}, "adj_sorted": [[1023, 1017, 0], [1023, 1039, 0], [1023, 984, 0]], "type": "T", "n_corners": 2}, "geometry": {"type": "Point", "coordinates": [19.01727869999999, 47.52067320000006]}}, {"id": "970", "type": "Feature", "properties": {"x": 4998293.59267669, "y": 2753484.5555135477, "bearings": {"970_984_0": -57.52802667181806, "970_988_0": 2.3419879887597306, "970_957_0": -175.23169020283575}, "angles": {"970_957_0": 182.4263218084045, "970_984_0": 117.7036635310177, "970_988_0": 59.870014660577795}, "adj_sorted": [[970, 957, 0], [970, 984, 0], [970, 988, 0]], "type": "Y", "n_corners": 2}, "geometry": {"type": "Point", "coordinates": [19.0127643, 47.52316350000003]}}, {"id": "1000", "type": "Feature", "properties": {"x": 4998515.001260525, "y": 2754535.062906401, "bearings": {"1000_1006_0": -77.4485330351936, "1000_972_0": 102.572518364482, "1000_980_0": -171.8210457759919}, "angles": {"1000_980_0": 85.60643585952607, "1000_1006_0": 94.3725127407983, "1000_972_0": 180.0210513996756}, "adj_sorted": [[1000, 980, 0], [1000, 1006, 0], [1000, 972, 0]], "type": "T", "n_corners": 2}, "geometry": {"type": "Point", "coordinates": [19.017330199999993, 47.532295900000015]}}, {"id": "1021", "type": "Feature", "properties": {"x": 4998629.306132368, "y": 2754232.3278043633, "bearings": {"1021_1008_0": -113.71063095524454, "1021_1072_0": 66.28936901181247, "1021_1045_0": -23.710630958271732}, "angles": {"1021_1008_0": 180.00000003294298, "1021_1045_0": 89.9999999969728, "1021_1072_0": 89.9999999700842}, "adj_sorted": [[1021, 1008, 0], [1021, 1045, 0], [1021, 1072, 0]], "type": "T", "n_corners": 2}, "geometry": {"type": "Point", "coordinates": [19.018363963295123, 47.52946919613311]}}, {"id": "1072", "type": "Feature", "properties": {"x": 4999015.48287087, "y": 2754371.4028838333, "bearings": {"1072_1021_0": -138.9761013016627, "1072_1180_0": 67.41719727037147, "1072_1082_0": -25.502915704099426}, "angles": {"1072_1021_0": 153.60670142796582, "1072_1082_0": 113.47318559756329, "1072_1180_0": 92.9201129744709}, "adj_sorted": [[1072, 1021, 0], [1072, 1082, 0], [1072, 1180, 0]], "type": "Y", "n_corners": 3}, "geometry": {"type": "Point", "coordinates": [19.023676599999998, 47.5302874]}}, {"id": "1045", "type": "Feature", "properties": {"x": 4998836.855321133, "y": 2754156.155282554, "bearings": {"1045_891_0": -145.20214642884795, "1045_1021_0": 150.10367613519296, "1045_1078_0": -1.0246101601915676}, "angles": {"1045_891_0": 64.69417743595909, "1045_1078_0": 144.17753626865638, "1045_1021_0": 151.12828629538453}, "adj_sorted": [[1045, 891, 0], [1045, 1078, 0], [1045, 1021, 0]], "type": "Y", "n_corners": 3}, "geometry": {"type": "Point", "coordinates": [19.020982699999994, 47.528562200000025]}}, {"id": "1016", "type": "Feature", "properties": {"x": 4998620.0082796905, "y": 2753703.2134542107, "bearings": {"1016_1003_0": 172.5709349074213, "1016_1013_0": -97.04777792821999, "1016_1019_0": 24.27450613062937}, "angles": {"1016_1013_0": 90.3812871643587, "1016_1019_0": 121.32228405884936, "1016_1003_0": 148.29642877679194}, "adj_sorted": [[1016, 1013, 0], [1016, 1019, 0], [1016, 1003, 0]], "type": "Y", "n_corners": 3}, "geometry": {"type": "Point", "coordinates": [19.017412499999992, 47.52475760000002]}}, {"id": "1019", "type": "Feature", "properties": {"x": 4998623.865018127, "y": 2753704.952772888, "bearings": {"1019_1016_0": -155.72549386937064, "1019_1028_0": 25.109165027055457, "1019_1020_0": 87.47537796095784}, "angles": {"1019_1016_0": 116.79912816967152, "1019_1028_0": 180.8346588964261, "1019_1020_0": 62.36621293390239}, "adj_sorted": [[1019, 1016, 0], [1019, 1028, 0], [1019, 1020, 0]], "type": "T", "n_corners": 2}, "geometry": {"type": "Point", "coordinates": [19.017466099999996, 47.52476890000005]}}, {"id": "1015", "type": "Feature", "properties": {"x": 4998619.253104882, "y": 2753508.9267783645, "bearings": {"1015_1013_0": 171.85030662958516, "1015_1027_0": -45.54476990736978, "1015_1048_0": 48.11192253023688}, "angles": {"1015_1027_0": 142.60492346304505, "1015_1048_0": 93.65669243760667, "1015_1013_0": 123.73838409934828}, "adj_sorted": [[1015, 1027, 0], [1015, 1048, 0], [1015, 1013, 0]], "type": "Y", "n_corners": 3}, "geometry": {"type": "Point", "coordinates": [19.01709825801492, 47.523024622555695]}}, {"id": "1027", "type": "Feature", "properties": {"x": 4998681.39426679, "y": 2753473.5160983414, "bearings": {"1027_1015_0": 156.62254055390585, "1027_1039_0": -123.8940003892976, "1027_1057_0": -20.455220563571952}, "angles": {"1027_1039_0": 79.48345905679656, "1027_1057_0": 103.43877982572565, "1027_1015_0": 177.0777611174778}, "adj_sorted": [[1027, 1039, 0], [1027, 1057, 0], [1027, 1015, 0]], "type": "T", "n_corners": 2}, "geometry": {"type": "Point", "coordinates": [19.017862500000003, 47.522640600000045]}}, {"id": "1048", "type": "Feature", "properties": {"x": 4998838.907501136, "y": 2753589.6583728073, "bearings": {"1048_1015_0": -162.63017575718501, "1048_1055_0": -72.2810180350072, "1048_1061_0": 20.232053151604052, "1048_1044_0": 110.56066283261805}, "angles": {"1048_1015_0": 86.80916141019691, "1048_1055_0": 90.34915772217782, "1048_1061_0": 92.51307118661124, "1048_1044_0": 90.328609681014}, "adj_sorted": [[1048, 1015, 0], [1048, 1055, 0], [1048, 1061, 0], [1048, 1044, 0]], "type": "X", "n_corners": 4}, "geometry": {"type": "Point", "coordinates": [19.020122177101726, 47.52350460231163]}}, {"id": "1039", "type": "Feature", "properties": {"x": 4998799.806959399, "y": 2753222.576181036, "bearings": {"1039_1023_0": 163.4830242553661, "1039_1027_0": 89.5545070721517, "1039_1037_0": -102.84393716240558, "1039_1068_0": -4.639044083534914}, "angles": {"1039_1037_0": 93.67303858222829, "1039_1068_0": 98.20489307887067, "1039_1027_0": 94.1935511556866, "1039_1023_0": 73.92851718321441}, "adj_sorted": [[1039, 1037, 0], [1039, 1068, 0], [1039, 1027, 0], [1039, 1023, 0]], "type": "X", "n_corners": 4}, "geometry": {"type": "Point", "coordinates": [19.01903139999999, 47.52027160000003]}}, {"id": "1057", "type": "Feature", "properties": {"x": 4998914.642262017, "y": 2753376.794470113, "bearings": {"1057_1027_0": 152.93200044767255, "1057_1059_0": -43.99966087399301, "1057_1055_0": 71.74855673176933}, "angles": {"1057_1059_0": 163.06833867833444, "1057_1055_0": 115.74821760576233, "1057_1027_0": 81.18344371590322}, "adj_sorted": [[1057, 1059, 0], [1057, 1055, 0], [1057, 1027, 0]], "type": "Y", "n_corners": 3}, "geometry": {"type": "Point", "coordinates": [19.020787700000007, 47.521522100000055]}}, {"id": "1044", "type": "Feature", "properties": {"x": 4998835.185950268, "y": 2753625.0938780657, "bearings": {"1044_1048_0": -85.8337143498112, "1044_1042_0": 95.99365070691064, "1044_1028_0": 139.4464330725923}, "angles": {"1044_1048_0": 134.7198525775965, "1044_1042_0": 181.82736505672185, "1044_1028_0": 43.45278236568166}, "adj_sorted": [[1044, 1048, 0], [1044, 1042, 0], [1044, 1028, 0]], "type": "Y", "n_corners": 2}, "geometry": {"type": "Point", "coordinates": [19.020128599999993, 47.52382490000004]}}, {"id": "1042", "type": "Feature", "properties": {"x": 4998823.8014487475, "y": 2753733.5257608043, "bearings": {"1042_1044_0": -84.00634929308937, "1042_1060_0": 8.109484857421698, "1042_1047_0": 84.22659850446317, "1042_1028_0": -172.45861930585596}, "angles": {"1042_1028_0": 103.31478218968084, "1042_1044_0": 88.45227001276659, "1042_1060_0": 92.11583415051106, "1042_1047_0": 76.11711364704146}, "adj_sorted": [[1042, 1028, 0], [1042, 1044, 0], [1042, 1060, 0], [1042, 1047, 0]], "type": "X", "n_corners": 4}, "geometry": {"type": "Point", "coordinates": [19.020148299999995, 47.52480500000008]}}, {"id": "1028", "type": "Feature", "properties": {"x": 4998686.386010301, "y": 2753715.333699883, "bearings": {"1028_1019_0": -174.85610543708145, "1028_1044_0": -71.13493524862177, "1028_1042_0": 7.541380694144052}, "angles": {"1028_1019_0": 177.6025138687745, "1028_1044_0": 103.72117018845968, "1028_1042_0": 78.67631594276583}, "adj_sorted": [[1028, 1019, 0], [1028, 1044, 0], [1028, 1042, 0]], "type": "T", "n_corners": 2}, "geometry": {"type": "Point", "coordinates": [19.018307099999994, 47.52479310000002]}}, {"id": "1055", "type": "Feature", "properties": {"x": 4998888.582488928, "y": 2753472.824809665, "bearings": {"1055_1048_0": 109.57978966821246, "1055_1057_0": -70.92197422063806, "1055_1088_0": 20.07804694366926}, "angles": {"1055_1057_0": 179.49823611114948, "1055_1088_0": 91.00002116430733, "1055_1048_0": 89.50174272454319}, "adj_sorted": [[1055, 1057, 0], [1055, 1088, 0], [1055, 1048, 0]], "type": "T", "n_corners": 2}, "geometry": {"type": "Point", "coordinates": [19.020594399999993, 47.52240760000004]}}, {"id": "1061", "type": "Feature", "properties": {"x": 4998940.659546987, "y": 2753639.179111248, "bearings": {"1061_1048_0": -150.82020909537164, "1061_1066_0": -55.04563348220324, "1061_1064_0": 37.44861471621329}, "angles": {"1061_1048_0": 171.73117618841508, "1061_1066_0": 95.7745756131684, "1061_1064_0": 92.49424819841653}, "adj_sorted": [[1061, 1048, 0], [1061, 1066, 0], [1061, 1064, 0]], "type": "T", "n_corners": 2}, "geometry": {"type": "Point", "coordinates": [19.02154198346363, 47.52383510090411]}}, {"id": "1088", "type": "Feature", "properties": {"x": 4999124.8245188305, "y": 2753559.348368505, "bearings": {"1088_1055_0": -159.88738271568667, "1088_1097_0": -64.85876056177058, "1088_1075_0": 115.47733499201033}, "angles": {"1088_1055_0": 84.63528229230303, "1088_1097_0": 95.02862215391609, "1088_1075_0": 180.33609555378092}, "adj_sorted": [[1088, 1055, 0], [1088, 1097, 0], [1088, 1075, 0]], "type": "T", "n_corners": 2}, "geometry": {"type": "Point", "coordinates": [19.0238462, 47.522921]}}, {"id": "1064", "type": "Feature", "properties": {"x": 4998964.886057261, "y": 2753657.7342699063, "bearings": {"1064_1061_0": -142.55138528378671, "1064_1060_0": 129.31008736867207, "1064_1075_0": 44.82136351841136}, "angles": {"1064_1061_0": 88.13852734754119, "1064_1075_0": 187.3727488021981, "1064_1060_0": 84.48872385026071}, "adj_sorted": [[1064, 1061, 0], [1064, 1075, 0], [1064, 1060, 0]], "type": "T", "n_corners": 2}, "geometry": {"type": "Point", "coordinates": [19.021890632793998, 47.523974154014255]}}, {"id": "1060", "type": "Feature", "properties": {"x": 4998929.87445469, "y": 2753744.3451647824, "bearings": {"1060_1042_0": 178.571782675139, "1060_1064_0": -69.95453498015253, "1060_1047_0": 18.102172821719225}, "angles": {"1060_1064_0": 111.4736823447085, "1060_1047_0": 88.05670780187175, "1060_1042_0": 160.46960985341977}, "adj_sorted": [[1060, 1064, 0], [1060, 1047, 0], [1060, 1042, 0]], "type": "Y", "n_corners": 3}, "geometry": {"type": "Point", "coordinates": [19.021564500000004, 47.5247854]}}, {"id": "1047", "type": "Feature", "properties": {"x": 4998836.949460987, "y": 2753863.5135536697, "bearings": {"1047_1042_0": -95.7785454282975, "1047_1060_0": 3.10710550797446, "1047_1025_0": -177.81172638454262, "1047_1040_0": 108.12749051302778}, "angles": {"1047_1025_0": 74.06078310242958, "1047_1042_0": 82.03318095624512, "1047_1060_0": 98.88565093627197, "1047_1040_0": 105.02038500505331}, "adj_sorted": [[1047, 1025, 0], [1047, 1042, 0], [1047, 1060, 0], [1047, 1040, 0]], "type": "other", "n_corners": 4}, "geometry": {"type": "Point", "coordinates": [19.020525400000004, 47.5259506]}}, {"id": "1075", "type": "Feature", "properties": {"x": 4999030.345975409, "y": 2753722.787274229, "bearings": {"1075_1088_0": -40.44113825504182, "1075_1064_0": -135.17863648158863, "1075_1081_0": 51.20044657186091}, "angles": {"1075_1064_0": 173.62091694655047, "1075_1088_0": 94.7374982265468, "1075_1081_0": 91.64158482690273}, "adj_sorted": [[1075, 1064, 0], [1075, 1088, 0], [1075, 1081, 0]], "type": "T", "n_corners": 2}, "geometry": {"type": "Point", "coordinates": [19.022856068417358, 47.52448298661793]}}, {"id": "1068", "type": "Feature", "properties": {"x": 4998992.521792088, "y": 2753259.310041932, "bearings": {"1068_1039_0": -140.82380083357648, "1068_1077_0": -55.57843176274997, "1068_1059_0": 116.1270185494256}, "angles": {"1068_1039_0": 103.04918061699789, "1068_1077_0": 85.24536907082651, "1068_1059_0": 171.70545031217557}, "adj_sorted": [[1068, 1039, 0], [1068, 1077, 0], [1068, 1059, 0]], "type": "T", "n_corners": 2}, "geometry": {"type": "Point", "coordinates": [19.02163090000001, 47.52038840000001]}}, {"id": "1077", "type": "Feature", "properties": {"x": 4999034.220454054, "y": 2753198.001782202, "bearings": {"1077_1068_0": 123.46248108987254, "1077_1089_0": 38.723373382664406, "1077_1095_0": -14.90333873211382, "1077_1071_0": -111.1172901525134}, "angles": {"1077_1071_0": 125.42022875761404, "1077_1095_0": 96.21395142039958, "1077_1089_0": 53.62671211477823, "1077_1068_0": 84.73910770720813}, "adj_sorted": [[1077, 1071, 0], [1077, 1095, 0], [1077, 1089, 0], [1077, 1068, 0]], "type": "other", "n_corners": 4}, "geometry": {"type": "Point", "coordinates": [19.022084856760063, 47.51979562701956]}}, {"id": "1059", "type": "Feature", "properties": {"x": 4998925.645117179, "y": 2753365.3474686337, "bearings": {"1059_1057_0": 128.92053340101867, "1059_1068_0": -51.93920363613385, "1059_1094_0": 12.806997043017963}, "angles": {"1059_1068_0": 179.1402629628475, "1059_1094_0": 64.74620067915181, "1059_1057_0": 116.11353635800072}, "adj_sorted": [[1059, 1068, 0], [1059, 1094, 0], [1059, 1057, 0]], "type": "T", "n_corners": 2}, "geometry": {"type": "Point", "coordinates": [19.020914900000005, 47.52140790000001]}}, {"id": "1089", "type": "Feature", "properties": {"x": 4999126.4939832715, "y": 2753316.770396593, "bearings": {"1089_1077_0": -129.73059871511876, "1089_1115_0": -39.73059871837844, "1089_1094_0": 50.269401276376975}, "angles": {"1089_1077_0": 180.00000000850426, "1089_1115_0": 89.99999999674031, "1089_1094_0": 89.99999999475541}, "adj_sorted": [[1089, 1077, 0], [1089, 1115, 0], [1089, 1094, 0]], "type": "T", "n_corners": 2}, "geometry": {"type": "Point", "coordinates": [19.023488064053208, 47.52075444220315]}}, {"id": "1095", "type": "Feature", "properties": {"x": 4999160.820318889, "y": 2753092.3783171424, "bearings": {"1095_1077_0": 142.3545263398671, "1095_1142_0": -51.996330032021746, "1095_1083_0": -113.80072486522269, "1095_1150_0": -13.444174393556754, "1095_1101_0": 63.26863602060695}, "angles": {"1095_1083_0": 103.84474879491017, "1095_1142_0": 61.804394833200945, "1095_1150_0": 38.552155638464995, "1095_1101_0": 76.7128104141637, "1095_1077_0": 79.08589031926016}, "adj_sorted": [[1095, 1083, 0], [1095, 1142, 0], [1095, 1150, 0], [1095, 1101, 0], [1095, 1077, 0]], "type": "other", "n_corners": 5}, "geometry": {"type": "Point", "coordinates": [19.0235892, 47.51871440000006]}}, {"id": "1071", "type": "Feature", "properties": {"x": 4999011.255060573, "y": 2753133.8283367828, "bearings": {"1071_1077_0": 71.40676292900747, "1071_1065_0": -108.50092097886048, "1071_1037_0": 174.03028424792953}, "angles": {"1071_1065_0": 77.46879477320999, "1071_1077_0": 179.90768390786795, "1071_1037_0": 102.62352131892206}, "adj_sorted": [[1071, 1065, 0], [1071, 1077, 0], [1071, 1037, 0]], "type": "T", "n_corners": 2}, "geometry": {"type": "Point", "coordinates": [19.021681399999995, 47.51924810000001]}}, {"id": "1065", "type": "Feature", "properties": {"x": 4998972.008576799, "y": 2753016.5392263625, "bearings": {"1065_1071_0": 71.49907902113954, "1065_1063_0": -109.99788026117379, "1065_1035_0": -179.90273156325216}, "angles": {"1065_1035_0": 108.59818941560832, "1065_1063_0": 69.90485130207837, "1065_1071_0": 181.49695928231333}, "adj_sorted": [[1065, 1035, 0], [1065, 1063, 0], [1065, 1071, 0]], "type": "T", "n_corners": 2}, "geometry": {"type": "Point", "coordinates": [19.020979999999994, 47.51824440000006]}}, {"id": "1037", "type": "Feature", "properties": {"x": 4998766.480813622, "y": 2753076.409514323, "bearings": {"1037_1039_0": 77.15606283759442, "1037_1071_0": -5.6641436040283315, "1037_1017_0": 168.75041146965032}, "angles": {"1037_1071_0": 185.58544492632134, "1037_1039_0": 82.82020644162274, "1037_1017_0": 91.5943486320559}, "adj_sorted": [[1037, 1071, 0], [1037, 1039, 0], [1037, 1017, 0]], "type": "T", "n_corners": 2}, "geometry": {"type": "Point", "coordinates": [19.018362899999993, 47.51900369999999]}}, {"id": "1081", "type": "Feature", "properties": {"x": 4999096.726320079, "y": 2753805.3490899764, "bearings": {"1081_1075_0": -128.7995534281391, "1081_1091_0": 49.393941120044204, "1081_1058_0": 139.35775945363403}, "angles": {"1081_1075_0": 91.84268711822688, "1081_1091_0": 178.1934945481833, "1081_1058_0": 89.96381833358983}, "adj_sorted": [[1081, 1075, 0], [1081, 1091, 0], [1081, 1058, 0]], "type": "T", "n_corners": 2}, "geometry": {"type": "Point", "coordinates": [19.02386110771791, 47.52514704766638]}}, {"id": "1097", "type": "Feature", "properties": {"x": 4999169.997069788, "y": 2753457.683295496, "bearings": {"1097_1088_0": 105.05065138120936, "1097_1094_0": -137.76325328776494, "1097_1109_0": -26.28278547190522}, "angles": {"1097_1094_0": 117.18609533102568, "1097_1109_0": 111.48046781585973, "1097_1088_0": 131.3334368531146}, "adj_sorted": [[1097, 1094, 0], [1097, 1109, 0], [1097, 1088, 0]], "type": "Y", "n_corners": 3}, "geometry": {"type": "Point", "coordinates": [19.024282723563378, 47.521964275632115]}}, {"id": "1115", "type": "Feature", "properties": {"x": 4999246.649457789, "y": 2753320.1856925986, "bearings": {"1115_1089_0": -162.40529634064137, "1115_1112_0": -99.09050763873992, "1115_1109_0": 85.57497883230064, "1115_1124_0": -1.306779882507558}, "angles": {"1115_1089_0": 112.01972482705798, "1115_1112_0": 63.31478870190145, "1115_1124_0": 97.78372775623237, "1115_1109_0": 86.8817587148082}, "adj_sorted": [[1115, 1089, 0], [1115, 1112, 0], [1115, 1124, 0], [1115, 1109, 0]], "type": "X", "n_corners": 4}, "geometry": {"type": "Point", "coordinates": [19.025078299999993, 47.52065330000004]}}, {"id": "1094", "type": "Feature", "properties": {"x": 4999133.646023951, "y": 2753419.505354892, "bearings": {"1094_1059_0": -159.42224650617857, "1094_1089_0": -84.6963613422566, "1094_1097_0": 48.71308984090096}, "angles": {"1094_1059_0": 151.86466365292046, "1094_1089_0": 74.72588516392197, "1094_1097_0": 133.40945118315756}, "adj_sorted": [[1094, 1059, 0], [1094, 1089, 0], [1094, 1097, 0]], "type": "Y", "n_corners": 3}, "geometry": {"type": "Point", "coordinates": [19.0237434, 47.52166340000003]}}, {"id": "1142", "type": "Feature", "properties": {"x": 4999432.255873706, "y": 2752792.844019024, "bearings": {"1142_1095_0": 97.01609715753315, "1142_1139_0": -159.26992958439652, "1142_1179_0": -72.10395736856388, "1142_1148_0": 32.95976191351904}, "angles": {"1142_1139_0": 103.71397325807033, "1142_1179_0": 87.16597221583264, "1142_1148_0": 105.06371928208293, "1142_1095_0": 64.05633524401412}, "adj_sorted": [[1142, 1139, 0], [1142, 1179, 0], [1142, 1148, 0], [1142, 1095, 0]], "type": "X", "n_corners": 4}, "geometry": {"type": "Point", "coordinates": [19.02669983809206, 47.515744042556356]}}, {"id": "1150", "type": "Feature", "properties": {"x": 4999475.976110853, "y": 2752977.8056322704, "bearings": {"1150_1095_0": 158.50113830844452, "1150_1148_0": -100.88152219873189, "1150_1153_0": 79.05176281031433}, "angles": {"1150_1148_0": 100.61733949282359, "1150_1153_0": 179.93328500904622, "1150_1095_0": 79.4493754981302}, "adj_sorted": [[1150, 1148, 0], [1150, 1153, 0], [1150, 1095, 0]], "type": "T", "n_corners": 2}, "geometry": {"type": "Point", "coordinates": [19.027566399999998, 47.517346700000004]}}, {"id": "1101", "type": "Feature", "properties": {"x": 4999196.197750176, "y": 2753162.6226904755, "bearings": {"1101_1095_0": -116.73136397939305, "1101_1154_0": -21.896335443000858, "1101_1104_0": 64.6680219446544}, "angles": {"1101_1095_0": 178.60061407595254, "1101_1154_0": 94.8350285363922, "1101_1104_0": 86.56435738765526}, "adj_sorted": [[1101, 1095, 0], [1101, 1154, 0], [1101, 1104, 0]], "type": "T", "n_corners": 2}, "geometry": {"type": "Point", "coordinates": [19.02416589999999, 47.51930250000002]}}, {"id": "1058", "type": "Feature", "properties": {"x": 4998917.563975682, "y": 2753945.6838204097, "bearings": {"1058_1081_0": -44.245492107322065, "1058_1056_0": 153.1823230764174, "1058_1079_0": 24.117324011594707}, "angles": {"1058_1081_0": 162.57218481626055, "1058_1079_0": 68.36281611891677, "1058_1056_0": 129.06499906482267}, "adj_sorted": [[1058, 1081, 0], [1058, 1079, 0], [1058, 1056, 0]], "type": "Y", "n_corners": 3}, "geometry": {"type": "Point", "coordinates": [19.021717599999988, 47.526595600000036]}}, {"id": "1056", "type": "Feature", "properties": {"x": 4998908.128221734, "y": 2753950.4538172036, "bearings": {"1056_1058_0": -26.81767692358261, "1056_1040_0": 165.77932703449443, "1056_1051_0": 105.20940241243562}, "angles": {"1056_1058_0": 167.40299604192296, "1056_1051_0": 132.02707933601823, "1056_1040_0": 60.56992462205881}, "adj_sorted": [[1056, 1058, 0], [1056, 1051, 0], [1056, 1040, 0]], "type": "Y", "n_corners": 2}, "geometry": {"type": "Point", "coordinates": [19.021600599999996, 47.52664850000007]}}, {"id": "1079", "type": "Feature", "properties": {"x": 4999044.576476915, "y": 2754019.7447424703, "bearings": {"1079_1058_0": -141.327848302421, "1079_1076_0": 89.75207095731437, "1079_1090_0": 9.147545868526496}, "angles": {"1079_1058_0": 128.92008074026464, "1079_1090_0": 150.47539417094748, "1079_1076_0": 80.60452508878788}, "adj_sorted": [[1079, 1058, 0], [1079, 1090, 0], [1079, 1076, 0]], "type": "Y", "n_corners": 3}, "geometry": {"type": "Point", "coordinates": [19.023509199999996, 47.52711740000005]}}, {"id": "1091", "type": "Feature", "properties": {"x": 4999128.472135691, "y": 2753842.379642802, "bearings": {"1091_1081_0": -130.6060588799558, "1091_1099_0": -38.49472672610405, "1091_1102_0": 50.280395597868115}, "angles": {"1091_1081_0": 179.11354552217608, "1091_1099_0": 92.11133215385176, "1091_1102_0": 88.77512232397217}, "adj_sorted": [[1091, 1081, 0], [1091, 1099, 0], [1091, 1102, 0]], "type": "T", "n_corners": 2}, "geometry": {"type": "Point", "coordinates": [19.024337922087444, 47.525442727278275]}}, {"id": "1099", "type": "Feature", "properties": {"x": 4999181.133578135, "y": 2753786.7489249073, "bearings": {"1099_1091_0": 132.70428334340315, "1099_1172_0": 28.10336725247948, "1099_1120_0": -47.61102443952092}, "angles": {"1099_1120_0": 179.68469221707593, "1099_1172_0": 75.71439169200039, "1099_1091_0": 104.60091609092368}, "adj_sorted": [[1099, 1120, 0], [1099, 1172, 0], [1099, 1091, 0]], "type": "T", "n_corners": 2}, "geometry": {"type": "Point", "coordinates": [19.024945400000004, 47.524888600000025]}}, {"id": "1102", "type": "Feature", "properties": {"x": 4999197.589815931, "y": 2753925.5743541643, "bearings": {"1102_1091_0": -129.7196044021319, "1102_1105_0": 51.781443807897894, "1102_1146_0": -39.810378662685714}, "angles": {"1102_1091_0": 178.49895178997022, "1102_1146_0": 89.90922573944619, "1102_1105_0": 91.59182247058361}, "adj_sorted": [[1102, 1091, 0], [1102, 1146, 0], [1102, 1105, 0]], "type": "T", "n_corners": 2}, "geometry": {"type": "Point", "coordinates": [19.025380102785146, 47.526109422651956]}}, {"id": "1172", "type": "Feature", "properties": {"x": 4999607.026586488, "y": 2753810.182287449, "bearings": {"1172_1099_0": 155.39806054852218, "1172_1176_0": 75.37695805889622, "1172_1182_0": -23.678143460210293, "1172_1160_0": -119.08096373656353}, "angles": {"1172_1160_0": 85.5209757149143, "1172_1182_0": 95.40282027635324, "1172_1176_0": 99.05510151910651, "1172_1099_0": 80.02110248962596}, "adj_sorted": [[1172, 1160, 0], [1172, 1182, 0], [1172, 1176, 0], [1172, 1099, 0]], "type": "X", "n_corners": 4}, "geometry": {"type": "Point", "coordinates": [19.030600200000002, 47.52463100000003]}}, {"id": "1120", "type": "Feature", "properties": {"x": 4999268.891751503, "y": 2753708.77153268, "bearings": {"1120_1099_0": 147.76466434348933, "1120_1127_0": -20.637119931928698, "1120_1114_0": -117.1635280564139}, "angles": {"1120_1114_0": 95.0718076000968, "1120_1127_0": 96.5264081244852, "1120_1099_0": 168.40178427541804}, "adj_sorted": [[1120, 1114, 0], [1120, 1127, 0], [1120, 1099, 0]], "type": "T", "n_corners": 2}, "geometry": {"type": "Point", "coordinates": [19.025980799999996, 47.52409660000004]}}, {"id": "1067", "type": "Feature", "properties": {"x": 4998983.815945784, "y": 2752929.954930385, "bearings": {"1067_1119_0": 18.116382788224097, "1067_1063_0": -169.86969125900316, "1067_1113_0": -75.19548432640995}, "angles": {"1067_1063_0": 172.01392595277275, "1067_1113_0": 94.67420693259321, "1067_1119_0": 93.31186711463405}, "adj_sorted": [[1067, 1063, 0], [1067, 1113, 0], [1067, 1119, 0]], "type": "T", "n_corners": 2}, "geometry": {"type": "Point", "coordinates": [19.0210001, 47.517458800000014]}}, {"id": "1119", "type": "Feature", "properties": {"x": 4999268.394181199, "y": 2752852.229356969, "bearings": {"1119_1067_0": 139.33561779362438, "1119_1139_0": -21.094159337378557, "1119_1113_0": -107.43160902683977}, "angles": {"1119_1113_0": 113.23277317953585, "1119_1139_0": 86.33744968946121, "1119_1067_0": 160.42977713100294}, "adj_sorted": [[1119, 1113, 0], [1119, 1139, 0], [1119, 1067, 0]], "type": "Y", "n_corners": 3}, "geometry": {"type": "Point", "coordinates": [19.024631723141827, 47.5164535091497]}}, {"id": "1063", "type": "Feature", "properties": {"x": 4998953.18091701, "y": 2752937.144061576, "bearings": {"1063_1065_0": 114.37595081303175, "1063_1067_0": -44.32092335487315, "1063_1035_0": -155.18818797459568}, "angles": {"1063_1035_0": 90.43586121237257, "1063_1067_0": 110.86726461972253, "1063_1065_0": 158.6968741679049}, "adj_sorted": [[1063, 1035, 0], [1063, 1067, 0], [1063, 1065, 0]], "type": "Y", "n_corners": 3}, "geometry": {"type": "Point", "coordinates": [19.0206073, 47.51755650000003]}}, {"id": "1113", "type": "Feature", "properties": {"x": 4999236.868865138, "y": 2752788.1380472006, "bearings": {"1113_1067_0": 162.08899653675027, "1113_1119_0": 60.799512623436556, "1113_1103_0": -122.33473449687746}, "angles": {"1113_1103_0": 75.57626896637225, "1113_1119_0": 183.134247120314, "1113_1067_0": 101.28948391331372}, "adj_sorted": [[1113, 1103, 0], [1113, 1119, 0], [1113, 1067, 0]], "type": "T", "n_corners": 2}, "geometry": {"type": "Point", "coordinates": [19.024115500000008, 47.51591610000001]}}, {"id": "1139", "type": "Feature", "properties": {"x": 4999406.698526582, "y": 2752787.5721897637, "bearings": {"1139_1142_0": 14.360491499937876, "1139_1119_0": 152.94613996252974, "1139_1133_0": -109.66424032783088}, "angles": {"1139_1133_0": 97.38961970963936, "1139_1142_0": 124.02473182776876, "1139_1119_0": 138.58564846259188}, "adj_sorted": [[1139, 1133, 0], [1139, 1142, 0], [1139, 1119, 0]], "type": "Y", "n_corners": 3}, "geometry": {"type": "Point", "coordinates": [19.026354499999993, 47.51572500000008]}}, {"id": "1105", "type": "Feature", "properties": {"x": 4999214.558672592, "y": 2754217.801073947, "bearings": {"1105_1102_0": -94.7149170224564, "1105_1126_0": 23.337708557580658, "1105_1085_0": 159.87626215417762}, "angles": {"1105_1102_0": 105.40882082336597, "1105_1126_0": 118.05262558003706, "1105_1085_0": 136.53855359659696}, "adj_sorted": [[1105, 1102, 0], [1105, 1126, 0], [1105, 1085, 0]], "type": "Y", "n_corners": 3}, "geometry": {"type": "Point", "coordinates": [19.026062099999997, 47.528698600000034]}}, {"id": "1087", "type": "Feature", "properties": {"x": 4999122.9812512295, "y": 2751922.9709713594, "bearings": {"1087_1106_0": -29.31205823906702, "1087_1074_0": 150.68794175958953, "1087_1092_0": 60.68794176104338}, "angles": {"1087_1106_0": 180.00000000134344, "1087_1092_0": 90.0000000001104, "1087_1074_0": 89.99999999854614}, "adj_sorted": [[1087, 1106, 0], [1087, 1092, 0], [1087, 1074, 0]], "type": "T", "n_corners": 2}, "geometry": {"type": "Point", "coordinates": [19.021258228317116, 47.50832015096624]}}, {"id": "1106", "type": "Feature", "properties": {"x": 4999219.929556392, "y": 2751862.3762034266, "bearings": {"1106_1087_0": -173.59853288006278, "1106_1130_0": 4.777893440158916, "1106_1156_0": -93.28578466615394}, "angles": {"1106_1087_0": 181.6235736797783, "1106_1156_0": 80.31274821390883, "1106_1130_0": 98.06367810631286}, "adj_sorted": [[1106, 1087, 0], [1106, 1156, 0], [1106, 1130, 0]], "type": "T", "n_corners": 2}, "geometry": {"type": "Point", "coordinates": [19.022441792407175, 47.50767324039737]}}, {"id": "1074", "type": "Feature", "properties": {"x": 4999027.474714893, "y": 2751938.129683707, "bearings": {"1074_1087_0": -3.6617174950431557, "1074_1053_0": 176.4403861419732, "1074_1086_0": 82.44037686899445}, "angles": {"1074_1087_0": 179.89789636298366, "1074_1086_0": 86.1020943640376, "1074_1053_0": 94.00000927297874}, "adj_sorted": [[1074, 1087, 0], [1074, 1086, 0], [1074, 1053, 0]], "type": "T", "n_corners": 2}, "geometry": {"type": "Point", "coordinates": [19.0200225, 47.508560000000045]}}, {"id": "1092", "type": "Feature", "properties": {"x": 4999132.005169259, "y": 2751939.043477384, "bearings": {"1092_1087_0": -119.31205823895662, "1092_1100_0": 89.37554825202338, "1092_1125_0": 2.956112975885483}, "angles": {"1092_1087_0": 151.31239350902, "1092_1125_0": 122.26817121484211, "1092_1100_0": 86.41943527613789}, "adj_sorted": [[1092, 1087, 0], [1092, 1125, 0], [1092, 1100, 0]], "type": "Y", "n_corners": 3}, "geometry": {"type": "Point", "coordinates": [19.0214024, 47.50845370000003]}}, {"id": "1130", "type": "Feature", "properties": {"x": 4999330.9875640785, "y": 2751871.6588543784, "bearings": {"1130_1106_0": -175.22210655984108, "1130_1156_0": 4.093544994161074, "1130_1129_0": 92.71320953437969}, "angles": {"1130_1106_0": 92.06468390577925, "1130_1156_0": 179.31565155400216, "1130_1129_0": 88.61966454021861}, "adj_sorted": [[1130, 1106, 0], [1130, 1156, 0], [1130, 1129, 0]], "type": "T", "n_corners": 2}, "geometry": {"type": "Point", "coordinates": [19.023920853480444, 47.507634443302]}}, {"id": "1156", "type": "Feature", "properties": {"x": 4999527.8388237525, "y": 2751916.4855838646, "bearings": {"1156_1106_0": -32.383689660970745, "1156_1130_0": -151.8415464387387, "1156_1161_0": 79.27238419532692}, "angles": {"1156_1130_0": 128.88606936593436, "1156_1106_0": 119.45785677776796, "1156_1161_0": 111.65607385629767}, "adj_sorted": [[1156, 1130, 0], [1156, 1106, 0], [1156, 1161, 0]], "type": "Y", "n_corners": 3}, "geometry": {"type": "Point", "coordinates": [19.026586958291276, 47.50781882413378]}}, {"id": "1161", "type": "Feature", "properties": {"x": 4999552.385158394, "y": 2751958.5355746765, "bearings": {"1161_1156_0": -133.6724603297984, "1161_1158_0": 149.33064973393007, "1161_1208_0": -13.796874217005263, "1161_1170_0": 76.64872048686155}, "angles": {"1161_1156_0": 76.99688993627149, "1161_1208_0": 119.87558611279314, "1161_1170_0": 90.44559470386682, "1161_1158_0": 72.68192924706852}, "adj_sorted": [[1161, 1156, 0], [1161, 1208, 0], [1161, 1170, 0], [1161, 1158, 0]], "type": "X", "n_corners": 4}, "geometry": {"type": "Point", "coordinates": [19.02697654516712, 47.508167177888886]}}, {"id": "1103", "type": "Feature", "properties": {"x": 4999200.719720999, "y": 2752688.876787169, "bearings": {"1103_1113_0": 119.48447130523256, "1103_1128_0": -42.5560777596075, "1103_1093_0": -159.77106225726362}, "angles": {"1103_1093_0": 80.74446643750383, "1103_1128_0": 117.21498449765613, "1103_1113_0": 162.04054906484006}, "adj_sorted": [[1103, 1093, 0], [1103, 1128, 0], [1103, 1113, 0]], "type": "Y", "n_corners": 3}, "geometry": {"type": "Point", "coordinates": [19.023483200000005, 47.5150699]}}, {"id": "1126", "type": "Feature", "properties": {"x": 4999301.100531484, "y": 2754211.7301337603, "bearings": {"1126_1105_0": 134.5671039510888, "1126_1173_0": 32.06048627342499, "1126_1175_0": -82.15197679043746}, "angles": {"1126_1175_0": 143.28091925847374, "1126_1173_0": 114.21246306386246, "1126_1105_0": 102.5066176776638}, "adj_sorted": [[1126, 1175, 0], [1126, 1173, 0], [1126, 1105, 0]], "type": "Y", "n_corners": 3}, "geometry": {"type": "Point", "coordinates": [19.027194261598236, 47.52854959859011]}}, {"id": "1085", "type": "Feature", "properties": {"x": 4999105.445943484, "y": 2754213.4934646627, "bearings": {"1085_1105_0": 6.998592964038157, "1085_1078_0": -172.77267977116634, "1085_1084_0": 94.85205772485696}, "angles": {"1085_1078_0": 92.37526250397673, "1085_1105_0": 179.7712727352045, "1085_1084_0": 87.85346476081881}, "adj_sorted": [[1085, 1078, 0], [1085, 1105, 0], [1085, 1084, 0]], "type": "T", "n_corners": 2}, "geometry": {"type": "Point", "coordinates": [19.0246159, 47.528779699999994]}}, {"id": "1173", "type": "Feature", "properties": {"x": 4999607.87198036, "y": 2754175.1411366295, "bearings": {"1173_1126_0": -158.5513743201455, "1173_1207_0": 24.078370307731433, "1173_1180_0": 88.31717377751195, "1173_1175_0": -79.95913235340751}, "angles": {"1173_1126_0": 113.13145190234255, "1173_1175_0": 78.59224196673799, "1173_1207_0": 104.03750266113894, "1173_1180_0": 64.23880346978052}, "adj_sorted": [[1173, 1126, 0], [1173, 1175, 0], [1173, 1207, 0], [1173, 1180, 0]], "type": "X", "n_corners": 4}, "geometry": {"type": "Point", "coordinates": [19.031183831585754, 47.52788685781015]}}, {"id": "1175", "type": "Feature", "properties": {"x": 4999616.991398541, "y": 2754025.9670453747, "bearings": {"1175_1126_0": -169.28028075513504, "1175_1173_0": 51.107593219273475, "1175_1176_0": -105.42613339230653, "1175_1204_0": -5.779767928807841}, "angles": {"1175_1126_0": 139.6121260255915, "1175_1176_0": 63.85414736282851, "1175_1204_0": 99.64636546349868, "1175_1173_0": 56.88736114808132}, "adj_sorted": [[1175, 1126, 0], [1175, 1176, 0], [1175, 1204, 0], [1175, 1173, 0]], "type": "other", "n_corners": 4}, "geometry": {"type": "Point", "coordinates": [19.03107012379192, 47.5265456765133]}}, {"id": "1133", "type": "Feature", "properties": {"x": 4999361.556740159, "y": 2752752.3342619333, "bearings": {"1133_1139_0": 39.341158912150064, "1133_1144_0": -53.89291004174615, "1133_1123_0": -149.347845857707}, "angles": {"1133_1123_0": 171.31099523014294, "1133_1144_0": 95.45493581596085, "1133_1139_0": 93.23406895389621}, "adj_sorted": [[1133, 1123, 0], [1133, 1144, 0], [1133, 1139, 0]], "type": "T", "n_corners": 2}, "geometry": {"type": "Point", "coordinates": [19.02570389999999, 47.51546]}}, {"id": "1128", "type": "Feature", "properties": {"x": 4999322.648764373, "y": 2752606.5364893074, "bearings": {"1128_1103_0": 154.79255734120875, "1128_1132_0": 3.040486260662053, "1128_1080_0": -116.48144008846893}, "angles": {"1128_1080_0": 88.7260025703223, "1128_1132_0": 119.52192634913098, "1128_1103_0": 151.7520710805467}, "adj_sorted": [[1128, 1080, 0], [1128, 1132, 0], [1128, 1103, 0]], "type": "Y", "n_corners": 3}, "geometry": {"type": "Point", "coordinates": [19.024962270223014, 47.51420154607474]}}, {"id": "1093", "type": "Feature", "properties": {"x": 4999132.694564352, "y": 2752684.584484976, "bearings": {"1093_1103_0": 16.31204566758911, "1093_1080_0": -135.83386182698175, "1093_1054_0": 127.04724280172613}, "angles": {"1093_1080_0": 97.11889537129213, "1093_1103_0": 152.14590749457085, "1093_1054_0": 110.73519713413702}, "adj_sorted": [[1093, 1080, 0], [1093, 1103, 0], [1093, 1054, 0]], "type": "Y", "n_corners": 3}, "geometry": {"type": "Point", "coordinates": [19.02257929999999, 47.51510609999999]}}, {"id": "1132", "type": "Feature", "properties": {"x": 4999360.713712004, "y": 2752608.5583609585, "bearings": {"1132_1128_0": -176.95951373933795, "1132_1136_0": -83.74804781077833, "1132_1144_0": 7.610877418909925}, "angles": {"1132_1128_0": 175.42960884175213, "1132_1136_0": 93.21146592855962, "1132_1144_0": 91.35892522968825}, "adj_sorted": [[1132, 1128, 0], [1132, 1136, 0], [1132, 1144, 0]], "type": "T", "n_corners": 2}, "geometry": {"type": "Point", "coordinates": [19.02546746227262, 47.51417788867737]}}, {"id": "1080", "type": "Feature", "properties": {"x": 4999056.858433203, "y": 2752561.818941363, "bearings": {"1080_1128_0": 4.959600342423296, "1080_1093_0": 65.76406895721307, "1080_1054_0": 118.82655891349403, "1080_1069_0": -129.86705800516668, "1080_1116_0": -34.49956563565561}, "angles": {"1080_1069_0": 111.30638308133928, "1080_1116_0": 95.36749236951107, "1080_1128_0": 39.4591659780789, "1080_1093_0": 60.804468614789776, "1080_1054_0": 53.062489956280956}, "adj_sorted": [[1080, 1069, 0], [1080, 1116, 0], [1080, 1128, 0], [1080, 1093, 0], [1080, 1054, 0]], "type": "other", "n_corners": 5}, "geometry": {"type": "Point", "coordinates": [19.02138679999999, 47.51409360000001]}}, {"id": "1207", "type": "Feature", "properties": {"x": 4999766.604019133, "y": 2754179.912217957, "bearings": {"1207_1173_0": -142.62753198002954, "1207_1210_0": -40.327178285470346, "1207_1193_0": 138.51394879662783}, "angles": {"1207_1173_0": 78.85851922334263, "1207_1210_0": 102.30035369455919, "1207_1193_0": 178.84112708209818}, "adj_sorted": [[1207, 1173, 0], [1207, 1210, 0], [1207, 1193, 0]], "type": "T", "n_corners": 2}, "geometry": {"type": "Point", "coordinates": [19.033285300000003, 47.527755400000004]}}, {"id": "1180", "type": "Feature", "properties": {"x": 4999645.804272821, "y": 2754273.1531165815, "bearings": {"1180_1072_0": 154.42890352408537, "1180_1173_0": -117.80935629970955, "1180_1193_0": -29.45398785934729}, "angles": {"1180_1173_0": 87.76174017620508, "1180_1193_0": 88.35536844036226, "1180_1072_0": 183.88289138343265}, "adj_sorted": [[1180, 1173, 0], [1180, 1193, 0], [1180, 1072, 0]], "type": "T", "n_corners": 2}, "geometry": {"type": "Point", "coordinates": [19.031838, 47.5287199]}}, {"id": "1054", "type": "Feature", "properties": {"x": 4998887.679296645, "y": 2752716.6341808126, "bearings": {"1054_1093_0": 76.65012848633808, "1054_1080_0": -56.049385011578366, "1054_1036_0": 141.79377109112136, "1054_1050_0": -130.70805393388767}, "angles": {"1054_1050_0": 87.498174974991, "1054_1080_0": 74.6586689223093, "1054_1093_0": 132.69951349791643, "1054_1036_0": 65.14364260478328}, "adj_sorted": [[1054, 1050, 0], [1054, 1080, 0], [1054, 1093, 0], [1054, 1036, 0]], "type": "other", "n_corners": 4}, "geometry": {"type": "Point", "coordinates": [19.019398, 47.5156604]}}, {"id": "1069", "type": "Feature", "properties": {"x": 4998993.785740512, "y": 2752485.421779489, "bearings": {"1069_1080_0": 50.77975707965113, "1069_1049_0": 179.71645734208306, "1069_1070_0": -87.8517354989421}, "angles": {"1069_1070_0": 92.43180715897483, "1069_1080_0": 138.63149257859322, "1069_1049_0": 128.93670026243194}, "adj_sorted": [[1069, 1070, 0], [1069, 1080, 0], [1069, 1049, 0]], "type": "Y", "n_corners": 3}, "geometry": {"type": "Point", "coordinates": [19.020435299999995, 47.51348090000003]}}, {"id": "1116", "type": "Feature", "properties": {"x": 4999250.868815609, "y": 2752443.4713475895, "bearings": {"1116_1080_0": 163.5476966090398, "1116_1096_0": -128.1776511544813, "1116_1118_0": -2.0968798032823193}, "angles": {"1116_1096_0": 68.27465223647891, "1116_1118_0": 126.08077135119899, "1116_1080_0": 165.64457641232212}, "adj_sorted": [[1116, 1096, 0], [1116, 1118, 0], [1116, 1080, 0]], "type": "Y", "n_corners": 2}, "geometry": {"type": "Point", "coordinates": [19.0237601, 47.51282500000001]}}, {"id": "1129", "type": "Feature", "properties": {"x": 4999330.493582459, "y": 2751955.894940244, "bearings": {"1129_1130_0": -89.80147380747532, "1129_1125_0": 162.5301734225735, "1129_1138_0": 92.93368738205966, "1129_1158_0": -22.036163747449645}, "angles": {"1129_1130_0": 107.66835276995118, "1129_1158_0": 67.76531006002567, "1129_1138_0": 114.96985112950931, "1129_1125_0": 69.59648604051385}, "adj_sorted": [[1129, 1130, 0], [1129, 1158, 0], [1129, 1138, 0], [1129, 1125, 0]], "type": "X", "n_corners": 4}, "geometry": {"type": "Point", "coordinates": [19.0240463, 47.50838670000003]}}, {"id": "1125", "type": "Feature", "properties": {"x": 4999286.673897304, "y": 2751956.825462305, "bearings": {"1125_1092_0": -143.0236287055362, "1125_1129_0": 14.70087013099372, "1125_1110_0": 111.41968853211884}, "angles": {"1125_1092_0": 105.55668276234496, "1125_1129_0": 157.7244988365299, "1125_1110_0": 96.71881840112512}, "adj_sorted": [[1125, 1092, 0], [1125, 1129, 0], [1125, 1110, 0]], "type": "Y", "n_corners": 3}, "geometry": {"type": "Point", "coordinates": [19.02346989999999, 47.50844300000007]}}, {"id": "1138", "type": "Feature", "properties": {"x": 4999397.556958107, "y": 2752091.1566680544, "bearings": {"1138_1129_0": -126.87011831748407, "1138_1145_0": 55.845443625784505, "1138_1158_0": -38.86332235324739, "1138_1121_0": 144.64465485345048}, "angles": {"1138_1129_0": 88.48522682906548, "1138_1158_0": 88.00679596423669, "1138_1145_0": 94.7087659790319, "1138_1121_0": 88.79921122766598}, "adj_sorted": [[1138, 1129, 0], [1138, 1158, 0], [1138, 1145, 0], [1138, 1121, 0]], "type": "X", "n_corners": 4}, "geometry": {"type": "Point", "coordinates": [19.025142599999995, 47.50952030000005]}}, {"id": "1158", "type": "Feature", "properties": {"x": 4999538.292417411, "y": 2751966.893038656, "bearings": {"1158_1161_0": -30.669350266069912, "1158_1129_0": -149.7933216361803, "1158_1138_0": 141.09280034132073}, "angles": {"1158_1129_0": 69.11387802249897, "1158_1161_0": 119.1239713701104, "1158_1138_0": 171.76215060739065}, "adj_sorted": [[1158, 1129, 0], [1158, 1161, 0], [1158, 1138, 0]], "type": "Y", "n_corners": 2}, "geometry": {"type": "Point", "coordinates": [19.026803800000007, 47.508257200000024]}}, {"id": "1144", "type": "Feature", "properties": {"x": 4999450.304882123, "y": 2752617.041722964, "bearings": {"1144_1133_0": 79.30498191402343, "1144_1132_0": 178.76247142187214, "1144_1181_0": -26.93490612210027}, "angles": {"1144_1181_0": 154.3026224560276, "1144_1133_0": 106.2398880361237, "1144_1132_0": 99.4574895078487}, "adj_sorted": [[1144, 1181, 0], [1144, 1133, 0], [1144, 1132, 0]], "type": "Y", "n_corners": 3}, "geometry": {"type": "Point", "coordinates": [19.02666233839013, 47.51415543621688]}}, {"id": "1181", "type": "Feature", "properties": {"x": 4999653.227541518, "y": 2752568.635708816, "bearings": {"1181_1144_0": 173.8399166776843, "1181_1185_0": -7.554650570146385, "1181_1174_0": -105.04515938143548}, "angles": {"1181_1174_0": 81.1149239408802, "1181_1185_0": 97.4905088112891, "1181_1144_0": 181.39456724783068}, "adj_sorted": [[1181, 1174, 0], [1181, 1185, 0], [1181, 1144, 0]], "type": "T", "n_corners": 2}, "geometry": {"type": "Point", "coordinates": [19.0292627, 47.513501100000035]}}, {"id": "1185", "type": "Feature", "properties": {"x": 4999682.046409806, "y": 2752564.1333616306, "bearings": {"1185_1181_0": 164.26025801556838, "1185_1201_0": -15.739741993230934, "1185_1179_0": 74.26025801309083}, "angles": {"1185_1201_0": 179.9999999912007, "1185_1179_0": 90.00000000632177, "1185_1181_0": 90.00000000247755}, "adj_sorted": [[1185, 1201, 0], [1185, 1179, 0], [1185, 1181, 0]], "type": "T", "n_corners": 2}, "geometry": {"type": "Point", "coordinates": [19.029635714729537, 47.513429336100515]}}, {"id": "1174", "type": "Feature", "properties": {"x": 4999609.4295616215, "y": 2752410.3176373877, "bearings": {"1174_1181_0": 60.92787112328966, "1174_1196_0": -0.8317539614752988, "1174_1166_0": -107.3068513965526, "1174_1140_0": 167.59976313195907}, "angles": {"1174_1166_0": 85.09338547148832, "1174_1196_0": 106.4750974350773, "1174_1181_0": 61.75962508476496, "1174_1140_0": 106.6718920086694}, "adj_sorted": [[1174, 1166, 0], [1174, 1196, 0], [1174, 1181, 0], [1174, 1140, 0]], "type": "other", "n_corners": 4}, "geometry": {"type": "Point", "coordinates": [19.0284369, 47.51213629999999]}}, {"id": "1208", "type": "Feature", "properties": {"x": 4999780.705674533, "y": 2751962.741610623, "bearings": {"1208_1161_0": -177.11788768864017, "1208_1209_0": 87.62770718671779, "1208_1235_0": 0.7833996102028603}, "angles": {"1208_1161_0": 95.25440512464206, "1208_1235_0": 177.90128729884302, "1208_1209_0": 86.84430757651492}, "adj_sorted": [[1208, 1161, 0], [1208, 1235, 0], [1208, 1209, 0]], "type": "T", "n_corners": 2}, "geometry": {"type": "Point", "coordinates": [19.029994, 47.50795449999999]}}, {"id": "1209", "type": "Feature", "properties": {"x": 4999781.750036683, "y": 2752082.493702867, "bearings": {"1209_1208_0": -89.86254320053041, "1209_1241_0": 20.194272887888598, "1209_1195_0": -159.80346481252263, "1209_1205_0": 91.39027655721965}, "angles": {"1209_1195_0": 108.80625863025773, "1209_1208_0": 69.94092161199222, "1209_1241_0": 110.05681608841901, "1209_1205_0": 71.19600366933105}, "adj_sorted": [[1209, 1195, 0], [1209, 1208, 0], [1209, 1241, 0], [1209, 1205, 0]], "type": "X", "n_corners": 4}, "geometry": {"type": "Point", "coordinates": [19.0301955, 47.509022000000016]}}, {"id": "1235", "type": "Feature", "properties": {"x": 4999898.64793719, "y": 2751963.2551955287, "bearings": {"1235_1208_0": -179.9938820282818, "1235_1239_0": 87.38829276639788, "1235_1256_0": 1.8378068826924596}, "angles": {"1235_1208_0": 92.61782520532029, "1235_1256_0": 181.83168891097426, "1235_1239_0": 85.55048588370542}, "adj_sorted": [[1235, 1208, 0], [1235, 1256, 0], [1235, 1239, 0]], "type": "T", "n_corners": 2}, "geometry": {"type": "Point", "coordinates": [19.0315501, 47.507829800000046]}}, {"id": "1170", "type": "Feature", "properties": {"x": 4999602.533835363, "y": 2752056.103940518, "bearings": {"1170_1161_0": -120.10705115164238, "1170_1178_0": 58.10032150405897, "1170_1145_0": 147.36477498053475}, "angles": {"1170_1161_0": 92.52817386782289, "1170_1178_0": 178.20737265570136, "1170_1145_0": 89.26445347647578}, "adj_sorted": [[1170, 1161, 0], [1170, 1178, 0], [1170, 1145, 0]], "type": "T", "n_corners": 2}, "geometry": {"type": "Point", "coordinates": [19.02779076971701, 47.508982913393424]}}, {"id": "1145", "type": "Feature", "properties": {"x": 4999454.970101594, "y": 2752182.3948279503, "bearings": {"1145_1138_0": -131.332605919969, "1145_1170_0": -45.08561567012247, "1145_1159_0": 48.59105020892033}, "angles": {"1145_1138_0": 180.07634387111065, "1145_1170_0": 86.24699024984653, "1145_1159_0": 93.6766658790428}, "adj_sorted": [[1145, 1138, 0], [1145, 1170, 0], [1145, 1159, 0]], "type": "T", "n_corners": 2}, "geometry": {"type": "Point", "coordinates": [19.026042699999994, 47.51027160000004]}}, {"id": "1159", "type": "Feature", "properties": {"x": 4999548.622587571, "y": 2752281.38937193, "bearings": {"1159_1145_0": -122.12791573593852, "1159_1163_0": -29.794171949742395, "1159_1141_0": 151.98958401129033}, "angles": {"1159_1145_0": 85.88250025277114, "1159_1163_0": 92.33374378619612, "1159_1141_0": 181.78375596103274}, "adj_sorted": [[1159, 1145, 0], [1159, 1163, 0], [1159, 1141, 0]], "type": "T", "n_corners": 2}, "geometry": {"type": "Point", "coordinates": [19.027432899999997, 47.51105240000003]}}, {"id": "1178", "type": "Feature", "properties": {"x": 4999632.512210242, "y": 2752104.2668162496, "bearings": {"1178_1170_0": -121.89967849594105, "1178_1189_0": -31.748760030933468, "1178_1190_0": 55.135970789036804}, "angles": {"1178_1170_0": 182.96435071502214, "1178_1189_0": 90.15091846500758, "1178_1190_0": 86.88473081997027}, "adj_sorted": [[1178, 1170, 0], [1178, 1189, 0], [1178, 1190, 0]], "type": "T", "n_corners": 2}, "geometry": {"type": "Point", "coordinates": [19.028261589550404, 47.50937986003683]}}, {"id": "1210", "type": "Feature", "properties": {"x": 4999783.509731456, "y": 2754165.5613389984, "bearings": {"1210_1207_0": 139.67282171452968, "1210_1213_0": 68.08972599705872, "1210_1212_0": -40.711482990836835}, "angles": {"1210_1212_0": 179.6156952946335, "1210_1213_0": 108.80120898789556, "1210_1207_0": 71.58309571747095}, "adj_sorted": [[1210, 1212, 0], [1210, 1213, 0], [1210, 1207, 0]], "type": "T", "n_corners": 2}, "geometry": {"type": "Point", "coordinates": [19.0334858, 47.52760879999999]}}, {"id": "1193", "type": "Feature", "properties": {"x": 4999718.910121446, "y": 2754234.5980648636, "bearings": {"1193_1207_0": -81.25858645165874, "1193_1180_0": 157.46100979795503, "1193_1213_0": -22.53899021441214}, "angles": {"1193_1207_0": 121.28040375038623, "1193_1213_0": 58.719596237246606, "1193_1180_0": 180.00000001236717}, "adj_sorted": [[1193, 1207, 0], [1193, 1213, 0], [1193, 1180, 0]], "type": "Y", "n_corners": 2}, "geometry": {"type": "Point", "coordinates": [19.03274192893902, 47.528295693803905]}}, {"id": "1176", "type": "Feature", "properties": {"x": 4999621.093336202, "y": 2753979.4079105416, "bearings": {"1176_1172_0": -84.722009973083, "1176_1175_0": 99.15298996047505, "1176_1186_0": 7.5337149878471745}, "angles": {"1176_1172_0": 176.12500006644194, "1176_1186_0": 92.25572496093018, "1176_1175_0": 91.61927497262788}, "adj_sorted": [[1176, 1172, 0], [1176, 1186, 0], [1176, 1175, 0]], "type": "T", "n_corners": 2}, "geometry": {"type": "Point", "coordinates": [19.031051199999997, 47.526125700000044]}}, {"id": "1204", "type": "Feature", "properties": {"x": 4999753.066913117, "y": 2753987.038146298, "bearings": {"1204_1175_0": -174.0403245780048, "1204_1216_0": -10.365963061489179, "1204_1183_0": 141.81670091681013}, "angles": {"1204_1175_0": 44.142974505185066, "1204_1216_0": 163.67436151651563, "1204_1183_0": 152.1826639782993}, "adj_sorted": [[1204, 1175, 0], [1204, 1216, 0], [1204, 1183, 0]], "type": "Y", "n_corners": 3}, "geometry": {"type": "Point", "coordinates": [19.032804100000003, 47.52604910000004]}}, {"id": "1216", "type": "Feature", "properties": {"x": 4999805.042109923, "y": 2754006.2669046083, "bearings": {"1216_1204_0": -103.712880128163, "1216_1221_0": 38.78742210257421, "1216_1191_0": 141.37340935277854}, "angles": {"1216_1204_0": 114.91371051905847, "1216_1221_0": 142.5003022307372, "1216_1191_0": 102.58598725020433}, "adj_sorted": [[1216, 1204, 0], [1216, 1221, 0], [1216, 1191, 0]], "type": "Y", "n_corners": 3}, "geometry": {"type": "Point", "coordinates": [19.033519899999995, 47.52616370000003]}}, {"id": "1189", "type": "Feature", "properties": {"x": 4999688.324160183, "y": 2752048.1254578433, "bearings": {"1189_1178_0": 125.00878960083568, "1189_1195_0": 20.197422934414416, "1189_1171_0": -155.88115082680625}, "angles": {"1189_1171_0": 79.11005957235807, "1189_1195_0": 176.07857376122067, "1189_1178_0": 104.81136666642126}, "adj_sorted": [[1189, 1171, 0], [1189, 1195, 0], [1189, 1178, 0]], "type": "T", "n_corners": 2}, "geometry": {"type": "Point", "coordinates": [19.0289096, 47.508817700000016]}}, {"id": "1190", "type": "Feature", "properties": {"x": 4999706.8702079905, "y": 2752186.3358098194, "bearings": {"1190_1178_0": -138.64377423067108, "1190_1198_0": 36.71989661995351, "1190_1163_0": 127.17444536267809}, "angles": {"1190_1178_0": 94.18178040665083, "1190_1198_0": 175.3636708506246, "1190_1163_0": 90.45454874272457}, "adj_sorted": [[1190, 1178, 0], [1190, 1198, 0], [1190, 1163, 0]], "type": "T", "n_corners": 2}, "geometry": {"type": "Point", "coordinates": [19.029370819954845, 47.510030738454184]}}, {"id": "1195", "type": "Feature", "properties": {"x": 4999724.128136695, "y": 2752061.29692784, "bearings": {"1195_1209_0": 20.196535187477362, "1195_1189_0": -159.8025770655856, "1195_1192_0": 107.40503569124553}, "angles": {"1195_1189_0": 92.79238724316883, "1195_1209_0": 179.99911225306298, "1195_1192_0": 87.20850050376816}, "adj_sorted": [[1195, 1189, 0], [1195, 1209, 0], [1195, 1192, 0]], "type": "T", "n_corners": 2}, "geometry": {"type": "Point", "coordinates": [19.0294024, 47.508896000000036]}}, {"id": "1163", "type": "Feature", "properties": {"x": 4999575.562820399, "y": 2752265.9611021415, "bearings": {"1163_1159_0": 150.19468280179606, "1163_1190_0": -29.7867015335793, "1163_1166_0": 58.59929999533584}, "angles": {"1163_1190_0": 180.01861566462463, "1163_1166_0": 88.38600152891514, "1163_1159_0": 91.59538280646022}, "adj_sorted": [[1163, 1190, 0], [1163, 1166, 0], [1163, 1159, 0]], "type": "T", "n_corners": 2}, "geometry": {"type": "Point", "coordinates": [19.027764, 47.51088520000003]}}, {"id": "1166", "type": "Feature", "properties": {"x": 4999590.917852135, "y": 2752329.188020316, "bearings": {"1166_1174_0": 79.0361430715463, "1166_1163_0": -102.0030916270235, "1166_1197_0": -5.689337851047063}, "angles": {"1166_1163_0": 178.9607653014302, "1166_1197_0": 96.31375377597644, "1166_1174_0": 84.72548092259336}, "adj_sorted": [[1166, 1163, 0], [1166, 1197, 0], [1166, 1174, 0]], "type": "T", "n_corners": 2}, "geometry": {"type": "Point", "coordinates": [19.0280656, 47.51143260000004]}}, {"id": "1198", "type": "Feature", "properties": {"x": 4999741.269334894, "y": 2752211.9947158676, "bearings": {"1198_1190_0": -143.2801033800465, "1198_1197_0": 102.34652391109108, "1198_1205_0": -77.22099549615892, "1198_1225_0": 33.386218759116204}, "angles": {"1198_1190_0": 114.3733727088624, "1198_1205_0": 66.05910788388759, "1198_1225_0": 110.60721425527512, "1198_1197_0": 68.96030515197488}, "adj_sorted": [[1198, 1190, 0], [1198, 1205, 0], [1198, 1225, 0], [1198, 1197, 0]], "type": "X", "n_corners": 4}, "geometry": {"type": "Point", "coordinates": [19.029864682262453, 47.51022201134662]}}, {"id": "1197", "type": "Feature", "properties": {"x": 4999727.883487143, "y": 2752315.551153959, "bearings": {"1197_1166_0": 174.27622348146537, "1197_1198_0": -86.3687258848535, "1197_1196_0": 94.60892746792541}, "angles": {"1197_1198_0": 99.35505063368112, "1197_1196_0": 180.97765335277893, "1197_1166_0": 79.66729601353995}, "adj_sorted": [[1197, 1198, 0], [1197, 1196, 0], [1197, 1166, 0]], "type": "T", "n_corners": 2}, "geometry": {"type": "Point", "coordinates": [19.0298505, 47.51116080000002]}}, {"id": "1196", "type": "Feature", "properties": {"x": 4999727.637179659, "y": 2752387.9788551955, "bearings": {"1196_1174_0": 168.913572301215, "1196_1197_0": -124.50807849575669, "1196_1201_0": 48.346827729111396}, "angles": {"1196_1197_0": 66.57834920302832, "1196_1201_0": 172.8549062248681, "1196_1174_0": 120.5667445721036}, "adj_sorted": [[1196, 1197, 0], [1196, 1201, 0], [1196, 1174, 0]], "type": "T", "n_corners": 2}, "geometry": {"type": "Point", "coordinates": [19.029960799999994, 47.51180740000004]}}, {"id": "1205", "type": "Feature", "properties": {"x": 4999760.906944508, "y": 2752148.4918261995, "bearings": {"1205_1209_0": -71.58065444470965, "1205_1198_0": 108.14584011211518, "1205_1223_0": 17.709192498304102}, "angles": {"1205_1209_0": 180.27350544317517, "1205_1223_0": 89.28984694301376, "1205_1198_0": 90.43664761381108}, "adj_sorted": [[1205, 1209, 0], [1205, 1223, 0], [1205, 1198, 0]], "type": "T", "n_corners": 2}, "geometry": {"type": "Point", "coordinates": [19.0300241, 47.50963380000004]}}, {"id": "1225", "type": "Feature", "properties": {"x": 4999858.327140232, "y": 2752289.139726319, "bearings": {"1225_1198_0": -146.61378124088378, "1225_1241_0": -57.25491546379777, "1225_1243_0": 33.01744734735973}, "angles": {"1225_1198_0": 180.36877141175648, "1225_1241_0": 89.35886577708601, "1225_1243_0": 90.2723628111575}, "adj_sorted": [[1225, 1198, 0], [1225, 1241, 0], [1225, 1243, 0]], "type": "T", "n_corners": 2}, "geometry": {"type": "Point", "coordinates": [19.031529342096633, 47.51078212348762]}}, {"id": "1241", "type": "Feature", "properties": {"x": 4999906.0539522935, "y": 2752128.209846353, "bearings": {"1241_1209_0": -159.8158361663431, "1241_1225_0": 106.39337232714358, "1241_1239_0": -81.3657452069246, "1241_1253_0": 20.20255930672343}, "angles": {"1241_1209_0": 93.7907915065133, "1241_1239_0": 78.4500909594185, "1241_1253_0": 101.56830451364803, "1241_1225_0": 86.19081302042015}, "adj_sorted": [[1241, 1209, 0], [1241, 1239, 0], [1241, 1253, 0], [1241, 1225, 0]], "type": "X", "n_corners": 4}, "geometry": {"type": "Point", "coordinates": [19.031906399999997, 47.509293700000015]}}, {"id": "1243", "type": "Feature", "properties": {"x": 4999912.455611219, "y": 2752324.3146052, "bearings": {"1243_1225_0": -146.9825526526403, "1243_1253_0": -55.030645815186325, "1243_1245_0": 52.09769031208392}, "angles": {"1243_1225_0": 160.91975703527578, "1243_1253_0": 91.95190683745398, "1243_1245_0": 107.12833612727025}, "adj_sorted": [[1243, 1225, 0], [1243, 1253, 0], [1243, 1245, 0]], "type": "Y", "n_corners": 3}, "geometry": {"type": "Point", "coordinates": [19.032298326566266, 47.51103667457764]}}, {"id": "1239", "type": "Feature", "properties": {"x": 4999905.106843752, "y": 2752076.9268079842, "bearings": {"1239_1235_0": -92.3568073290135, "1239_1241_0": 87.65397205523017, "1239_1260_0": 1.8306633003225476}, "angles": {"1239_1235_0": 179.98922061575632, "1239_1260_0": 94.18747062933605, "1239_1241_0": 85.82330875490763}, "adj_sorted": [[1239, 1235, 0], [1239, 1260, 0], [1239, 1241, 0]], "type": "T", "n_corners": 2}, "geometry": {"type": "Point", "coordinates": [19.031813499999995, 47.50883710000004]}}, {"id": "1253", "type": "Feature", "properties": {"x": 4999963.884823387, "y": 2752149.490396877, "bearings": {"1253_1241_0": -159.7974406932766, "1253_1243_0": 101.70562852204846, "1253_1264_0": 19.35757467156982}, "angles": {"1253_1241_0": 98.49693078467493, "1253_1264_0": 179.1550153648464, "1253_1243_0": 82.34805385047864}, "adj_sorted": [[1253, 1241, 0], [1253, 1264, 0], [1253, 1243, 0]], "type": "T", "n_corners": 2}, "geometry": {"type": "Point", "coordinates": [19.0327024, 47.50942020000004]}}, {"id": "1201", "type": "Feature", "properties": {"x": 4999749.1903195875, "y": 2752413.0830078907, "bearings": {"1201_1185_0": 111.31104637192503, "1201_1196_0": -127.98922728790045, "1201_1234_0": -68.6752522290913, "1201_1218_0": 62.72683710406047}, "angles": {"1201_1196_0": 120.69972634017452, "1201_1234_0": 59.31397505880915, "1201_1218_0": 131.40208933315176, "1201_1185_0": 48.58420926786456}, "adj_sorted": [[1201, 1196, 0], [1201, 1234, 0], [1201, 1218, 0], [1201, 1185, 0]], "type": "X", "n_corners": 4}, "geometry": {"type": "Point", "coordinates": [19.0302844, 47.51200780000001]}}, {"id": "1234", "type": "Feature", "properties": {"x": 4999894.835289691, "y": 2752351.8441140964, "bearings": {"1234_1201_0": 176.78338006668457, "1234_1245_0": -38.455093571958294, "1234_1259_0": 77.39858244739597}, "angles": {"1234_1245_0": 144.76152636135714, "1234_1259_0": 115.85367601935425, "1234_1201_0": 99.3847976192886}, "adj_sorted": [[1234, 1245, 0], [1234, 1259, 0], [1234, 1201, 0]], "type": "Y", "n_corners": 3}, "geometry": {"type": "Point", "coordinates": [19.032109124504032, 47.51130165912993]}}, {"id": "1218", "type": "Feature", "properties": {"x": 4999817.001137107, "y": 2752551.2905372563, "bearings": {"1218_1201_0": -118.65528044792939, "1218_1188_0": 146.61188163911498, "1218_1226_0": 59.359181559115996}, "angles": {"1218_1201_0": 94.73283791295563, "1218_1226_0": 178.01446200704538, "1218_1188_0": 87.25270007999899}, "adj_sorted": [[1218, 1201, 0], [1218, 1226, 0], [1218, 1188, 0]], "type": "T", "n_corners": 2}, "geometry": {"type": "Point", "coordinates": [19.031395399999997, 47.513166799999986]}}, {"id": "1245", "type": "Feature", "properties": {"x": 4999918.967764695, "y": 2752332.6791390292, "bearings": {"1245_1243_0": -127.9023096879161, "1245_1234_0": 141.5449064280417, "1245_1255_0": 20.45319537273481}, "angles": {"1245_1243_0": 90.55278388404219, "1245_1255_0": 148.3555050606509, "1245_1234_0": 121.0917110553069}, "adj_sorted": [[1245, 1243, 0], [1245, 1255, 0], [1245, 1234, 0]], "type": "Y", "n_corners": 3}, "geometry": {"type": "Point", "coordinates": [19.03239732369271, 47.51110417799688]}}, {"id": "1264", "type": "Feature", "properties": {"x": 5000029.613815555, "y": 2752172.58253765, "bearings": {"1264_1253_0": -160.6424253284302, "1264_1278_0": 14.428893602271106, "1264_1260_0": -82.43346695089933, "1264_1255_0": 99.56915831372712}, "angles": {"1264_1253_0": 99.78841635784272, "1264_1260_0": 78.20895837753086, "1264_1278_0": 96.86236055317043, "1264_1255_0": 85.14026471145601}, "adj_sorted": [[1264, 1253, 0], [1264, 1260, 0], [1264, 1278, 0], [1264, 1255, 0]], "type": "X", "n_corners": 4}, "geometry": {"type": "Point", "coordinates": [19.033605399999995, 47.5095542]}}, {"id": "1255", "type": "Feature", "properties": {"x": 4999974.679205105, "y": 2752368.8751250254, "bearings": {"1255_1245_0": -143.81145929151398, "1255_1264_0": -54.205622595707034, "1255_1266_0": 36.01609509145867}, "angles": {"1255_1245_0": 180.17244561702734, "1255_1264_0": 89.60583669580694, "1255_1266_0": 90.22171768716571}, "adj_sorted": [[1255, 1245, 0], [1255, 1264, 0], [1255, 1266, 0]], "type": "T", "n_corners": 2}, "geometry": {"type": "Point", "coordinates": [19.033188794793876, 47.51136609920418]}}, {"id": "1266", "type": "Feature", "properties": {"x": 5000040.9636042835, "y": 2752417.06201477, "bearings": {"1266_1255_0": -143.98390490854135, "1266_1274_0": 113.66458157430398, "1266_1267_0": 5.48398418163844}, "angles": {"1266_1255_0": 102.35151351715467, "1266_1267_0": 149.4678890901798, "1266_1274_0": 108.18059739266555}, "adj_sorted": [[1266, 1255, 0], [1266, 1267, 0], [1266, 1274, 0]], "type": "Y", "n_corners": 3}, "geometry": {"type": "Point", "coordinates": [19.03413851589833, 47.51172342406659]}}, {"id": "1278", "type": "Feature", "properties": {"x": 5000096.597100505, "y": 2752189.397374836, "bearings": {"1278_1264_0": -167.02750338064885, "1278_1279_0": -86.97688704650251, "1278_1276_0": 93.07020964342435}, "angles": {"1278_1264_0": 99.90228697592681, "1278_1279_0": 80.05061633414634, "1278_1276_0": 180.04709668992686}, "adj_sorted": [[1278, 1264, 0], [1278, 1279, 0], [1278, 1276, 0]], "type": "T", "n_corners": 2}, "geometry": {"type": "Point", "coordinates": [19.034515099999997, 47.50963080000002]}}, {"id": "1260", "type": "Feature", "properties": {"x": 5000009.40355765, "y": 2752080.2603373844, "bearings": {"1260_1239_0": -178.16933669967744, "1260_1264_0": 70.25873762912815, "1260_1256_0": -109.022766858007}, "angles": {"1260_1239_0": 111.5719256711944, "1260_1256_0": 69.14656984167044, "1260_1264_0": 179.28150448713515}, "adj_sorted": [[1260, 1239, 0], [1260, 1256, 0], [1260, 1264, 0]], "type": "T", "n_corners": 2}, "geometry": {"type": "Point", "coordinates": [19.0331941, 47.508752499999986]}}, {"id": "1274", "type": "Feature", "properties": {"x": 5000084.8607310355, "y": 2752599.050739393, "bearings": {"1274_1266_0": -101.93603293654543, "1274_1290_0": -24.53519649559371, "1274_1282_0": 75.58144926530966, "1274_1244_0": 153.6074842381284}, "angles": {"1274_1266_0": 104.45648282532619, "1274_1290_0": 77.40083644095172, "1274_1282_0": 100.11664576090337, "1274_1244_0": 78.02603497281874}, "adj_sorted": [[1274, 1266, 0], [1274, 1290, 0], [1274, 1282, 0], [1274, 1244, 0]], "type": "X", "n_corners": 4}, "geometry": {"type": "Point", "coordinates": [19.035002899999995, 47.513299300000014]}}, {"id": "1290", "type": "Feature", "properties": {"x": 5000164.460140756, "y": 2752545.4630720946, "bearings": {"1290_1274_0": 171.4143055441584, "1290_1300_0": 79.77621505618028, "1290_1285_0": -100.16284102428031, "1290_1307_0": -7.239579360384656}, "angles": {"1290_1285_0": 88.4228534315613, "1290_1307_0": 92.92326166389566, "1290_1300_0": 87.01579441656493, "1290_1274_0": 91.63809048797812}, "adj_sorted": [[1290, 1285, 0], [1290, 1307, 0], [1290, 1300, 0], [1290, 1274, 0]], "type": "X", "n_corners": 4}, "geometry": {"type": "Point", "coordinates": [19.03596859999999, 47.512733800000014]}}, {"id": "1282", "type": "Feature", "properties": {"x": 5000123.744188244, "y": 2752733.9887050022, "bearings": {"1282_1274_0": -102.13975255372677, "1282_1300_0": 0.9332852726352436, "1282_1240_0": -179.56605167436103, "1282_1283_0": 78.81363580555248}, "angles": {"1282_1240_0": 101.62031252008649, "1282_1274_0": 77.42629912063427, "1282_1300_0": 103.07303782636201, "1282_1283_0": 77.88035053291723}, "adj_sorted": [[1282, 1240, 0], [1282, 1274, 0], [1282, 1300, 0], [1282, 1283, 0]], "type": "X", "n_corners": 4}, "geometry": {"type": "Point", "coordinates": [19.035727399999995, 47.51446080000001]}}, {"id": "1244", "type": "Feature", "properties": {"x": 4999918.634471789, "y": 2752716.7732419837, "bearings": {"1244_1274_0": -37.50465787395228, "1244_1226_0": -122.48263638256512, "1244_1227_0": 144.08654614869215}, "angles": {"1244_1226_0": 93.4308174687427, "1244_1274_0": 84.97797850861284, "1244_1227_0": 181.59120402264443}, "adj_sorted": [[1244, 1226, 0], [1244, 1274, 0], [1244, 1227, 0]], "type": "T", "n_corners": 2}, "geometry": {"type": "Point", "coordinates": [19.032995300000003, 47.51453210000002]}}, {"id": "1267", "type": "Feature", "properties": {"x": 5000057.741019785, "y": 2752418.6727630156, "bearings": {"1267_1266_0": -174.51601581836155, "1267_1276_0": -67.70012749673354, "1267_1285_0": 31.772238160989847}, "angles": {"1267_1266_0": 153.7117460206486, "1267_1276_0": 106.81588832162801, "1267_1285_0": 99.47236565772339}, "adj_sorted": [[1267, 1266, 0], [1267, 1276, 0], [1267, 1285, 0]], "type": "Y", "n_corners": 3}, "geometry": {"type": "Point", "coordinates": [19.034362299999987, 47.51171940000002]}}, {"id": "1263", "type": "Feature", "properties": {"x": 5000017.907391549, "y": 2753939.4949724497, "bearings": {"1263_1270_0": -67.72315946430716, "1263_1252_0": 122.31293319556622, "1263_1271_0": 16.862092334815728}, "angles": {"1263_1270_0": 169.96390734012664, "1263_1271_0": 84.58525179912289, "1263_1252_0": 105.45084086075049}, "adj_sorted": [[1263, 1270, 0], [1263, 1271, 0], [1263, 1252, 0]], "type": "T", "n_corners": 2}, "geometry": {"type": "Point", "coordinates": [19.03622309999999, 47.525334400000034]}}, {"id": "1270", "type": "Feature", "properties": {"x": 5000076.798786675, "y": 2753829.869726037, "bearings": {"1270_1263_0": 136.4868049328724, "1270_1271_0": 85.21402432204236, "1270_1281_0": -40.33839591641205}, "angles": {"1270_1281_0": 183.17479915071556, "1270_1271_0": 125.5524202384544, "1270_1263_0": 51.272780610830026}, "adj_sorted": [[1270, 1281, 0], [1270, 1271, 0], [1270, 1263, 0]], "type": "Y", "n_corners": 2}, "geometry": {"type": "Point", "coordinates": [19.036827883133796, 47.52429154812026]}}, {"id": "1252", "type": "Feature", "properties": {"x": 4999950.6428765915, "y": 2754023.7345821997, "bearings": {"1252_1263_0": -42.834063567018404, "1252_1233_0": 145.05410925611616, "1252_1237_0": -140.91134012525447}, "angles": {"1252_1237_0": 74.0345506186294, "1252_1263_0": 98.07727655823606, "1252_1233_0": 187.88817282313457}, "adj_sorted": [[1252, 1237, 0], [1252, 1263, 0], [1252, 1233, 0]], "type": "Y", "n_corners": 2}, "geometry": {"type": "Point", "coordinates": [19.035468000000005, 47.526159899999996]}}, {"id": "1271", "type": "Feature", "properties": {"x": 5000079.116334504, "y": 2753940.3736929074, "bearings": {"1271_1263_0": 178.51480014184483, "1271_1270_0": -91.87388635509484, "1271_1286_0": -1.7959815342140812, "1271_1272_0": 88.95629506413032}, "angles": {"1271_1270_0": 89.61131350306033, "1271_1286_0": 90.07790482088076, "1271_1272_0": 90.7522765983444, "1271_1263_0": 89.55850507771451}, "adj_sorted": [[1271, 1270, 0], [1271, 1286, 0], [1271, 1272, 0], [1271, 1263, 0]], "type": "X", "n_corners": 4}, "geometry": {"type": "Point", "coordinates": [19.037031900000002, 47.52527510000001]}}, {"id": "1281", "type": "Feature", "properties": {"x": 5000100.448535389, "y": 2753814.616074697, "bearings": {"1281_1270_0": 173.68460943251083, "1281_1302_0": 16.126809775710555, "1281_1286_0": 40.62895608746562, "1281_1280_0": -91.87485182585193}, "angles": {"1281_1280_0": 94.44053874163723, "1281_1302_0": 108.00166160156249, "1281_1286_0": 24.502146311755062, "1281_1270_0": 133.05565334504522}, "adj_sorted": [[1281, 1280, 0], [1281, 1302, 0], [1281, 1286, 0], [1281, 1270, 0]], "type": "other", "n_corners": 4}, "geometry": {"type": "Point", "coordinates": [19.03711590386591, 47.52412948767305]}}, {"id": "1280", "type": "Feature", "properties": {"x": 5000099.777937394, "y": 2753794.1298049204, "bearings": {"1280_1281_0": 88.12514817414807, "1280_1261_0": -169.8295797297796, "1280_1284_0": -77.18236544921625}, "angles": {"1280_1261_0": 102.04527209607232, "1280_1284_0": 92.64721428056335, "1280_1281_0": 165.30751362336431}, "adj_sorted": [[1280, 1261, 0], [1280, 1284, 0], [1280, 1281, 0]], "type": "T", "n_corners": 2}, "geometry": {"type": "Point", "coordinates": [19.037074903172883, 47.52394741183154]}}, {"id": "1284", "type": "Feature", "properties": {"x": 5000126.459632699, "y": 2753711.2350709583, "bearings": {"1284_1280_0": 113.5071070081424, "1284_1291_0": -124.85832990142856, "1284_1297_0": -19.255796953936816}, "angles": {"1284_1291_0": 121.63456309042903, "1284_1297_0": 105.60253294749174, "1284_1280_0": 132.7629039620792}, "adj_sorted": [[1284, 1291, 0], [1284, 1297, 0], [1284, 1280, 0]], "type": "Y", "n_corners": 3}, "geometry": {"type": "Point", "coordinates": [19.037296745704197, 47.523178422171775]}}, {"id": "1286", "type": "Feature", "properties": {"x": 5000142.775837998, "y": 2753941.1733448636, "bearings": {"1286_1271_0": -170.4938650390535, "1286_1281_0": -92.69197835284099, "1286_1287_0": 86.94658561220929, "1286_1303_0": 9.522701072468378}, "angles": {"1286_1271_0": 102.55954934873722, "1286_1281_0": 77.80188668621251, "1286_1303_0": 102.21467942530937, "1286_1287_0": 77.42388453974091}, "adj_sorted": [[1286, 1271, 0], [1286, 1281, 0], [1286, 1303, 0], [1286, 1287, 0]], "type": "X", "n_corners": 4}, "geometry": {"type": "Point", "coordinates": [19.0378729, 47.525212400000036]}}, {"id": "1272", "type": "Feature", "properties": {"x": 5000081.9848261755, "y": 2754096.112070376, "bearings": {"1272_1271_0": -91.05588780899951, "1272_1287_0": 0.3228421794631052, "1272_1273_0": 88.78703686481124}, "angles": {"1272_1271_0": 180.15707532618924, "1272_1287_0": 91.37872998846262, "1272_1273_0": 88.46419468534813}, "adj_sorted": [[1272, 1271, 0], [1272, 1287, 0], [1272, 1273, 0]], "type": "T", "n_corners": 2}, "geometry": {"type": "Point", "coordinates": [19.037314199999994, 47.526661700000005]}}, {"id": "1291", "type": "Feature", "properties": {"x": 5000165.922927574, "y": 2753542.836635829, "bearings": {"1291_1284_0": 140.75195374183767, "1291_1292_0": -85.50558099645994, "1291_1297_0": 49.88202827413946}, "angles": {"1291_1292_0": 133.7424652617024, "1291_1297_0": 135.3876092705994, "1291_1284_0": 90.86992546769821}, "adj_sorted": [[1291, 1292, 0], [1291, 1297, 0], [1291, 1284, 0]], "type": "Y", "n_corners": 3}, "geometry": {"type": "Point", "coordinates": [19.037552973303033, 47.52163240830134]}}, {"id": "1292", "type": "Feature", "properties": {"x": 5000168.704907099, "y": 2753507.444159218, "bearings": {"1292_1291_0": 94.49441900354005, "1292_1293_0": -86.97024792240838, "1292_1265_0": -176.24814825887458}, "angles": {"1292_1265_0": 89.25743273758536, "1292_1293_0": 89.2779003364662, "1292_1291_0": 181.46466692594842}, "adj_sorted": [[1292, 1265, 0], [1292, 1293, 0], [1292, 1291, 0]], "type": "T", "n_corners": 2}, "geometry": {"type": "Point", "coordinates": [19.037534118371784, 47.521313527583565]}}, {"id": "1297", "type": "Feature", "properties": {"x": 5000188.335521274, "y": 2753695.280414555, "bearings": {"1297_1284_0": 172.12973447514358, "1297_1291_0": -65.93966249024406, "1297_1302_0": 52.58993806794096}, "angles": {"1297_1291_0": 121.93060303461237, "1297_1302_0": 118.52960055818502, "1297_1284_0": 119.53979640720262}, "adj_sorted": [[1297, 1291, 0], [1297, 1302, 0], [1297, 1284, 0]], "type": "Y", "n_corners": 3}, "geometry": {"type": "Point", "coordinates": [19.038087885131635, 47.522968168659915]}}, {"id": "1293", "type": "Feature", "properties": {"x": 5000169.421569474, "y": 2753493.903958924, "bearings": {"1293_1292_0": 93.02975207759162, "1293_1294_0": -134.3467034890692, "1293_1318_0": -38.750107513361584}, "angles": {"1293_1294_0": 132.6235444333392, "1293_1318_0": 95.59659597570761, "1293_1292_0": 131.7798595909532}, "adj_sorted": [[1293, 1294, 0], [1293, 1318, 0], [1293, 1292, 0]], "type": "Y", "n_corners": 3}, "geometry": {"type": "Point", "coordinates": [19.03752231957228, 47.52119191384065]}}, {"id": "1294", "type": "Feature", "properties": {"x": 5000172.733842787, "y": 2752967.406082733, "bearings": {"1294_1293_0": 108.23893872411617, "1294_1296_0": -8.820979717161832, "1294_1289_0": -111.50211104931084}, "angles": {"1294_1289_0": 140.258950226573, "1294_1296_0": 102.68113133214901, "1294_1293_0": 117.059918441278}, "adj_sorted": [[1294, 1289, 0], [1294, 1296, 0], [1294, 1293, 0]], "type": "Y", "n_corners": 3}, "geometry": {"type": "Point", "coordinates": [19.03673975071739, 47.516490005297214]}}, {"id": "1318", "type": "Feature", "properties": {"x": 5000326.364577107, "y": 2753070.650960072, "bearings": {"1318_1293_0": 108.08727549852654, "1318_1304_0": 161.02660704653036, "1318_1304_1": -125.47027257630934, "1318_1332_0": -70.88819302142352}, "angles": {"1318_1304_1": 73.50312037716031, "1318_1332_0": 54.58207955488582, "1318_1293_0": 178.97546851995006, "1318_1304_0": 52.93933154800382}, "adj_sorted": [[1318, 1304, 1], [1318, 1332, 0], [1318, 1293, 0], [1318, 1304, 0]], "type": "other", "n_corners": 3}, "geometry": {"type": "Point", "coordinates": [19.03892802617196, 47.51724278577134]}}, {"id": "1296", "type": "Feature", "properties": {"x": 5000181.157579591, "y": 2752966.098860798, "bearings": {"1296_1294_0": 171.1790202828382, "1296_1315_0": -72.0086024504856, "1296_1304_0": 18.406725851817292}, "angles": {"1296_1315_0": 116.81237726667621, "1296_1304_0": 90.4153283023029, "1296_1294_0": 152.7722944310209}, "adj_sorted": [[1296, 1315, 0], [1296, 1304, 0], [1296, 1294, 0]], "type": "Y", "n_corners": 3}, "geometry": {"type": "Point", "coordinates": [19.0368488, 47.51646910000004]}}, {"id": "1289", "type": "Feature", "properties": {"x": 5000162.225437798, "y": 2752940.731824699, "bearings": {"1289_1294_0": 68.49788895068917, "1289_1283_0": -101.9590892171559, "1289_1254_0": -177.09770199794957}, "angles": {"1289_1254_0": 114.40440905136126, "1289_1283_0": 75.13861278079366, "1289_1294_0": 170.45697816784508}, "adj_sorted": [[1289, 1254, 0], [1289, 1283, 0], [1289, 1294, 0]], "type": "T", "n_corners": 2}, "geometry": {"type": "Point", "coordinates": [19.036559299999993, 47.51626350000003]}}, {"id": "1302", "type": "Feature", "properties": {"x": 5000225.916924014, "y": 2753808.728380363, "bearings": {"1302_1281_0": 175.8395179514944, "1302_1297_0": -99.35398726430036, "1302_1309_0": 79.86912873029459}, "angles": {"1302_1297_0": 84.80649478420526, "1302_1309_0": 179.22311599459493, "1302_1281_0": 95.97038922119981}, "adj_sorted": [[1302, 1297, 0], [1302, 1309, 0], [1302, 1281, 0]], "type": "T", "n_corners": 2}, "geometry": {"type": "Point", "coordinates": [19.038761699999995, 47.52393930000004]}}, {"id": "1309", "type": "Feature", "properties": {"x": 5000264.994102324, "y": 2754090.0818880275, "bearings": {"1309_1302_0": -95.78780210474535, "1309_1288_0": 84.41225917331603, "1309_1287_0": 176.84730840273858}, "angles": {"1309_1302_0": 87.36488949251606, "1309_1288_0": 180.20006127806138, "1309_1287_0": 92.43504922942255}, "adj_sorted": [[1309, 1302, 0], [1309, 1288, 0], [1309, 1287, 0]], "type": "T", "n_corners": 2}, "geometry": {"type": "Point", "coordinates": [19.039718899999997, 47.526407100000064]}}, {"id": "1287", "type": "Feature", "properties": {"x": 5000150.842538, "y": 2754095.9598053857, "bearings": {"1287_1286_0": -92.7385409718139, "1287_1272_0": 179.2209933693362, "1287_1309_0": -3.8298438948786306, "1287_1288_0": 85.82529402977167}, "angles": {"1287_1286_0": 88.04046565884988, "1287_1309_0": 88.90869707693527, "1287_1288_0": 89.6551379246503, "1287_1272_0": 93.39569933956454}, "adj_sorted": [[1287, 1286, 0], [1287, 1309, 0], [1287, 1288, 0], [1287, 1272, 0]], "type": "X", "n_corners": 4}, "geometry": {"type": "Point", "coordinates": [19.038222300000005, 47.526584800000016]}}, {"id": "1304", "type": "Feature", "properties": {"x": 5000241.807090589, "y": 2752986.2958390443, "bearings": {"1304_1318_0": 96.97013419558354, "1304_1318_1": 17.52348580745106, "1304_1296_0": -161.57745693811944}, "angles": {"1304_1296_0": 101.45240886629699, "1304_1318_1": 179.1009427455705, "1304_1318_0": 79.44664838813247}, "adj_sorted": [[1304, 1296, 0], [1304, 1318, 1], [1304, 1318, 0]], "type": "T", "n_corners": 2}, "geometry": {"type": "Point", "coordinates": [19.037680400000003, 47.516582799999995]}}, {"id": "1332", "type": "Feature", "properties": {"x": 5000418.716201174, "y": 2752533.5405884576, "bearings": {"1332_1318_0": 93.85486328825449, "1332_1325_0": 174.2417838298981, "1332_1333_0": -86.14513671046608}, "angles": {"1332_1333_0": 99.6130794596358, "1332_1318_0": 179.99999999872057, "1332_1325_0": 80.38692054164362}, "adj_sorted": [[1332, 1333, 0], [1332, 1318, 0], [1332, 1325, 0]], "type": "T", "n_corners": 2}, "geometry": {"type": "Point", "coordinates": [19.039303014326602, 47.512348488518526]}}, {"id": "1325", "type": "Feature", "properties": {"x": 5000371.155942477, "y": 2752532.333686463, "bearings": {"1325_1332_0": 7.954630192803457, "1325_1321_0": 102.95760353905223, "1325_1317_0": -172.89474317856542}, "angles": {"1325_1317_0": 84.14765328238235, "1325_1332_0": 180.84937337136887, "1325_1321_0": 95.00297334624878}, "adj_sorted": [[1325, 1317, 0], [1325, 1332, 0], [1325, 1321, 0]], "type": "T", "n_corners": 2}, "geometry": {"type": "Point", "coordinates": [19.038673900000006, 47.51238990000006]}}, {"id": "1333", "type": "Feature", "properties": {"x": 5000420.550904625, "y": 2752502.3421657104, "bearings": {"1333_1332_0": 92.95273174023785, "1333_1334_0": -87.04726826149033, "1333_1322_0": -145.80143935410018}, "angles": {"1333_1322_0": 121.24582890566197, "1333_1334_0": 58.75417109260985, "1333_1332_0": 180.00000000172818}, "adj_sorted": [[1333, 1322, 0], [1333, 1334, 0], [1333, 1332, 0]], "type": "Y", "n_corners": 2}, "geometry": {"type": "Point", "coordinates": [19.03927824718194, 47.512068072213644]}}, {"id": "1321", "type": "Feature", "properties": {"x": 5000338.684661387, "y": 2752649.6036710558, "bearings": {"1321_1325_0": -74.82208680767091, "1321_1320_0": 102.73494719913361, "1321_1311_0": -162.91219999905067}, "angles": {"1321_1311_0": 94.35285280181574, "1321_1325_0": 88.09011319137976, "1321_1320_0": 177.55703400680454}, "adj_sorted": [[1321, 1311, 0], [1321, 1325, 0], [1321, 1320, 0]], "type": "T", "n_corners": 2}, "geometry": {"type": "Point", "coordinates": [19.0384297, 47.51347200000003]}}, {"id": "1317", "type": "Feature", "properties": {"x": 5000324.926597331, "y": 2752526.706198493, "bearings": {"1317_1325_0": 6.685401458997283, "1317_1322_0": -72.20860114290588, "1317_1307_0": -178.3706267831322, "1317_1311_0": 108.74005701132617}, "angles": {"1317_1307_0": 72.8893162055416, "1317_1322_0": 106.16202564022632, "1317_1325_0": 78.89400260190317, "1317_1311_0": 102.05465555232888}, "adj_sorted": [[1317, 1307, 0], [1317, 1322, 0], [1317, 1325, 0], [1317, 1311, 0]], "type": "X", "n_corners": 4}, "geometry": {"type": "Point", "coordinates": [19.038055399999998, 47.5123904]}}, {"id": "1334", "type": "Feature", "properties": {"x": 5000430.461966524, "y": 2752388.633160538, "bearings": {"1334_1333_0": 95.53437382354544, "1334_1324_0": -165.97641354046382, "1334_1335_0": -84.46529745011868}, "angles": {"1334_1324_0": 98.48921263599073, "1334_1335_0": 81.51111609034514, "1334_1333_0": 179.99967127366412}, "adj_sorted": [[1334, 1324, 0], [1334, 1335, 0], [1334, 1333, 0]], "type": "T", "n_corners": 2}, "geometry": {"type": "Point", "coordinates": [19.0392305, 47.511042499999995]}}, {"id": "1324", "type": "Feature", "properties": {"x": 5000363.707785542, "y": 2752372.1445744517, "bearings": {"1324_1334_0": 13.869495863515137, "1324_1326_0": -81.94426840145881, "1324_1322_0": 100.33183430572254}, "angles": {"1324_1326_0": 177.72389729281866, "1324_1334_0": 95.81376426497395, "1324_1322_0": 86.4623384422074}, "adj_sorted": [[1324, 1326, 0], [1324, 1334, 0], [1324, 1322, 0]], "type": "T", "n_corners": 2}, "geometry": {"type": "Point", "coordinates": [19.038324299999992, 47.51096859999998]}}, {"id": "1335", "type": "Feature", "properties": {"x": 5000438.275197631, "y": 2752308.001571141, "bearings": {"1335_1334_0": 95.53470254988133, "1335_1336_0": -83.62546035866806, "1335_1326_0": -163.8245490704779}, "angles": {"1335_1326_0": 100.64074837964074, "1335_1336_0": 80.19908871180984, "1335_1334_0": 179.1601629085494}, "adj_sorted": [[1335, 1326, 0], [1335, 1336, 0], [1335, 1334, 0]], "type": "T", "n_corners": 2}, "geometry": {"type": "Point", "coordinates": [19.039206999999998, 47.51031440000006]}}, {"id": "1322", "type": "Feature", "properties": {"x": 5000347.430331524, "y": 2752462.7400165875, "bearings": {"1322_1333_0": 23.01863371295187, "1322_1317_0": 116.3923289462818, "1322_1324_0": -80.69196734241055, "1322_1306_0": -172.83008362228858}, "angles": {"1322_1306_0": 70.77758743142965, "1322_1324_0": 92.13811627987803, "1322_1333_0": 103.71060105536242, "1322_1317_0": 93.37369523332993}, "adj_sorted": [[1322, 1306, 0], [1322, 1324, 0], [1322, 1333, 0], [1322, 1317, 0]], "type": "other", "n_corners": 4}, "geometry": {"type": "Point", "coordinates": [19.038251799999998, 47.51179490000002]}}, {"id": "81", "type": "Feature", "properties": {"x": 4992393.5335462075, "y": 2755469.982200414, "bearings": {"81_106_0": -23.09348333193436, "81_97_0": 63.56553589121744, "81_40_0": 156.02769184559307, "81_64_0": -116.39735491386924}, "angles": {"81_64_0": 87.5749532405377, "81_106_0": 93.30387158193487, "81_97_0": 86.6590192231518, "81_40_0": 92.46215595437562}, "adj_sorted": [[81, 64, 0], [81, 106, 0], [81, 97, 0], [81, 40, 0]], "type": "X", "n_corners": 4}, "geometry": {"type": "Point", "coordinates": [18.9380103, 47.54731099999999]}}, {"id": "97", "type": "Feature", "properties": {"x": 4992473.982035071, "y": 2755576.5010688663, "bearings": {"97_133_0": -36.506954101243096, "97_81_0": 119.10595017609063, "97_120_0": 28.68276813254795}, "angles": {"97_133_0": 204.3870957226663, "97_120_0": 65.18972223379104, "97_81_0": 90.42318204354268}, "adj_sorted": [[97, 133, 0], [97, 120, 0], [97, 81, 0]], "type": "other", "n_corners": 3}, "geometry": {"type": "Point", "coordinates": [18.93923759999999, 47.548174400000015]}}, {"id": "40", "type": "Feature", "properties": {"x": 4992200.930127532, "y": 2755362.314598586, "bearings": {"40_81_0": 56.85098694300273, "40_54_0": -32.251170093667376, "40_25_0": -122.60228473779281, "40_32_0": 148.27007343355896}, "angles": {"40_25_0": 89.12764182864822, "40_54_0": 90.35111464412543, "40_81_0": 89.1021570366701, "40_32_0": 91.41908649055623}, "adj_sorted": [[40, 25, 0], [40, 54, 0], [40, 81, 0], [40, 32, 0]], "type": "X", "n_corners": 4}, "geometry": {"type": "Point", "coordinates": [18.935301, 47.546559]}}, {"id": "64", "type": "Feature", "properties": {"x": 4992313.817434312, "y": 2755323.991848535, "bearings": {"64_81_0": 58.70880052046594, "64_66_0": -78.74374123641203, "64_54_0": -168.12084410774452}, "angles": {"64_54_0": 133.17035537178953, "64_66_0": 89.37710287133248, "64_81_0": 137.45254175687796}, "adj_sorted": [[64, 54, 0], [64, 66, 0], [64, 81, 0]], "type": "Y", "n_corners": 3}, "geometry": {"type": "Point", "coordinates": [18.936731400000003, 47.5460945]}}, {"id": "120", "type": "Feature", "properties": {"x": 4992569.801494342, "y": 2755628.3089409107, "bearings": {"120_97_0": -151.70476117849748, "120_136_0": -61.60189320965993, "120_138_0": 30.00967645068779, "120_118_0": 117.7154339042435}, "angles": {"120_97_0": 90.57980491725903, "120_136_0": 90.10286796883756, "120_138_0": 91.61156966034773, "120_118_0": 87.7057574535557}, "adj_sorted": [[120, 97, 0], [120, 136, 0], [120, 138, 0], [120, 118, 0]], "type": "X", "n_corners": 4}, "geometry": {"type": "Point", "coordinates": [18.940582800000005, 47.5485328]}}, {"id": "136", "type": "Feature", "properties": {"x": 4992643.430285927, "y": 2755444.963177757, "bearings": {"136_133_0": -168.569422867387, "136_120_0": 48.34052040624074, "136_139_0": -19.793082192100503}, "angles": {"136_133_0": 143.09005672637227, "136_139_0": 148.7763406752865, "136_120_0": 68.13360259834124}, "adj_sorted": [[136, 133, 0], [136, 139, 0], [136, 120, 0]], "type": "Y", "n_corners": 3}, "geometry": {"type": "Point", "coordinates": [18.94126966760656, 47.546816500342224]}}, {"id": "139", "type": "Feature", "properties": {"x": 4992663.935877792, "y": 2755429.6058839806, "bearings": {"139_136_0": 135.7438254466784, "139_155_0": 28.24072835115278, "139_163_0": -47.19106252973737}, "angles": {"139_163_0": 177.06511202358425, "139_155_0": 75.43179088089015, "139_136_0": 107.5030970955256}, "adj_sorted": [[139, 163, 0], [139, 155, 0], [139, 136, 0]], "type": "T", "n_corners": 2}, "geometry": {"type": "Point", "coordinates": [18.941516440325557, 47.54665717666798]}}, {"id": "138", "type": "Feature", "properties": {"x": 4992656.964388531, "y": 2755675.37961044, "bearings": {"138_120_0": -151.7114053906443, "138_150_0": 26.717373992051193, "138_118_0": 118.16696704076071, "138_155_0": -61.38287996024907}, "angles": {"138_120_0": 90.12162756859499, "138_155_0": 90.32852543039523, "138_150_0": 88.10025395230026, "138_118_0": 91.44959304870952}, "adj_sorted": [[138, 120, 0], [138, 155, 0], [138, 150, 0], [138, 118, 0]], "type": "X", "n_corners": 4}, "geometry": {"type": "Point", "coordinates": [18.941806400000008, 47.54885830000002]}}, {"id": "118", "type": "Feature", "properties": {"x": 4992555.492973824, "y": 2755864.885263246, "bearings": {"118_120_0": -123.38279254149539, "118_138_0": -61.8330329592393, "118_128_0": 52.27057216828799}, "angles": {"118_120_0": 184.34663529021662, "118_138_0": 61.549759582256094, "118_128_0": 114.10360512752729}, "adj_sorted": [[118, 120, 0], [118, 138, 0], [118, 128, 0]], "type": "T", "n_corners": 2}, "geometry": {"type": "Point", "coordinates": [18.94076159999999, 47.55065980000001]}}, {"id": "155", "type": "Feature", "properties": {"x": 4992759.318988371, "y": 2755482.856561253, "bearings": {"155_139_0": -150.69032225242367, "155_138_0": 117.84705489243464, "155_179_0": 27.473528326229555, "155_180_0": -61.54814333333615}, "angles": {"155_139_0": 91.46262285514172, "155_180_0": 89.14217891908751, "155_179_0": 89.0216716595657, "155_138_0": 90.37352656620509}, "adj_sorted": [[155, 139, 0], [155, 180, 0], [155, 179, 0], [155, 138, 0]], "type": "X", "n_corners": 4}, "geometry": {"type": "Point", "coordinates": [18.9428581, 47.54702890000004]}}, {"id": "179", "type": "Feature", "properties": {"x": 4992846.741639205, "y": 2755528.3145887507, "bearings": {"179_155_0": -152.52647167377046, "179_178_0": 116.38420698382441, "179_204_0": -62.9241359261214}, "angles": {"179_155_0": 91.08932134240513, "179_204_0": 89.60233574764905, "179_178_0": 179.30834290994582}, "adj_sorted": [[179, 155, 0], [179, 204, 0], [179, 178, 0]], "type": "T", "n_corners": 2}, "geometry": {"type": "Point", "coordinates": [18.9440826, 47.54733969999999]}}, {"id": "180", "type": "Feature", "properties": {"x": 4992849.559137546, "y": 2755317.3873313405, "bearings": {"180_155_0": 118.46324682770009, "180_176_0": -124.27968097430866, "180_204_0": 30.103957016249684}, "angles": {"180_176_0": 117.25707219799125, "180_204_0": 154.38363799055836, "180_155_0": 88.35928981145041}, "adj_sorted": [[180, 176, 0], [180, 204, 0], [180, 155, 0]], "type": "Y", "n_corners": 3}, "geometry": {"type": "Point", "coordinates": [18.9437919, 47.545454100000036]}}, {"id": "163", "type": "Feature", "properties": {"x": 4992789.895750049, "y": 2755329.8267841195, "bearings": {"163_139_0": 144.12893636528443, "163_176_0": -33.95338799837645, "163_157_0": -122.34246958759093}, "angles": {"163_157_0": 93.52859404712467, "163_176_0": 88.38908158921447, "163_139_0": 178.0823243636609}, "adj_sorted": [[163, 157, 0], [163, 176, 0], [163, 139, 0]], "type": "T", "n_corners": 2}, "geometry": {"type": "Point", "coordinates": [18.943023799999995, 47.54562990000002]}}, {"id": "176", "type": "Feature", "properties": {"x": 4992836.56679492, "y": 2755298.326752685, "bearings": {"176_180_0": 55.720319025691346, "176_163_0": 145.7203190256581, "176_202_0": -34.27968097532277}, "angles": {"176_202_0": 179.9999999990191, "176_180_0": 90.00000000101412, "176_163_0": 89.99999999996678}, "adj_sorted": [[176, 202, 0], [176, 180, 0], [176, 163, 0]], "type": "T", "n_corners": 2}, "geometry": {"type": "Point", "coordinates": [18.943590800198272, 47.54529808908437]}}, {"id": "150", "type": "Feature", "properties": {"x": 4992744.596716657, "y": 2755721.3997197533, "bearings": {"150_138_0": -152.21059138834133, "150_154_0": -62.2105913899294, "150_128_0": 117.78940861276536}, "angles": {"150_138_0": 89.99999999889332, "150_154_0": 89.99999999841194, "150_128_0": 180.00000000269475}, "adj_sorted": [[150, 138, 0], [150, 154, 0], [150, 128, 0]], "type": "T", "n_corners": 2}, "geometry": {"type": "Point", "coordinates": [18.943034578996365, 47.54917389997736]}}, {"id": "154", "type": "Feature", "properties": {"x": 4992755.278312646, "y": 2755701.287477905, "bearings": {"154_150_0": 118.31581048235994, "154_175_0": 19.414258213378446, "154_178_0": -61.96817690156775}, "angles": {"154_178_0": 179.7160126160723, "154_175_0": 81.38243511494619, "154_150_0": 98.90155226898149}, "adj_sorted": [[154, 178, 0], [154, 175, 0], [154, 150, 0]], "type": "T", "n_corners": 2}, "geometry": {"type": "Point", "coordinates": [18.943144299999993, 47.548982800000054]}}, {"id": "128", "type": "Feature", "properties": {"x": 4992618.772276674, "y": 2755952.356305952, "bearings": {"128_118_0": -125.62781271240631, "128_150_0": -61.48183103782003, "128_126_0": 118.42165635699449}, "angles": {"128_118_0": 115.9505309305992, "128_150_0": 64.14598167458628, "128_126_0": 179.90348739481453}, "adj_sorted": [[128, 118, 0], [128, 150, 0], [128, 126, 0]], "type": "T", "n_corners": 2}, "geometry": {"type": "Point", "coordinates": [18.941732800000008, 47.5513718]}}, {"id": "126", "type": "Feature", "properties": {"x": 4992603.240798719, "y": 2755981.0552410325, "bearings": {"126_128_0": -61.57834364300551, "126_115_0": -150.67811124924157, "126_84_0": 117.93424089974606}, "angles": {"126_115_0": 91.38764785101239, "126_128_0": 89.09976760623606, "126_84_0": 179.51258454275157}, "adj_sorted": [[126, 115, 0], [126, 128, 0], [126, 84, 0]], "type": "T", "n_corners": 2}, "geometry": {"type": "Point", "coordinates": [18.941572400000002, 47.55164480000005]}}, {"id": "175", "type": "Feature", "properties": {"x": 4992835.093571608, "y": 2755729.4171949322, "bearings": {"175_154_0": -160.58574178662155, "175_174_0": 109.14803757774395, "175_189_0": 19.63230346987342}, "angles": {"175_154_0": 90.26622063563451, "175_189_0": 180.21804525649497, "175_174_0": 89.51573410787053}, "adj_sorted": [[175, 154, 0], [175, 189, 0], [175, 174, 0]], "type": "T", "n_corners": 2}, "geometry": {"type": "Point", "coordinates": [18.9442415, 47.54914720000002]}}, {"id": "178", "type": "Feature", "properties": {"x": 4992844.744539663, "y": 2755532.340505656, "bearings": {"178_179_0": -63.615793016175594, "178_154_0": 117.81987655208965, "178_192_0": 20.41588516400818}, "angles": {"178_179_0": 178.56433043173476, "178_192_0": 84.03167818018377, "178_154_0": 97.40399138808147}, "adj_sorted": [[178, 179, 0], [178, 192, 0], [178, 154, 0]], "type": "T", "n_corners": 2}, "geometry": {"type": "Point", "coordinates": [18.944062499999998, 47.54737780000001]}}, {"id": "202", "type": "Feature", "properties": {"x": 4992927.198450675, "y": 2755235.707450431, "bearings": {"202_176_0": 146.06622275427105, "202_225_0": -33.43473717718926, "202_195_0": -121.65513542378804}, "angles": {"202_195_0": 92.27864182194094, "202_225_0": 88.22039824659878, "202_176_0": 179.50095993146033}, "adj_sorted": [[202, 195, 0], [202, 225, 0], [202, 176, 0]], "type": "T", "n_corners": 2}, "geometry": {"type": "Point", "coordinates": [18.944689599999997, 47.54464080000001]}}, {"id": "225", "type": "Feature", "properties": {"x": 4993019.051765604, "y": 2755198.6260073804, "bearings": {"225_202_0": -161.43578953653116, "225_256_0": -64.3518220982521, "225_204_0": 116.16852508184697}, "angles": {"225_202_0": 82.39568538162189, "225_256_0": 97.08396743827906, "225_204_0": 180.52034718009907}, "adj_sorted": [[225, 202, 0], [225, 256, 0], [225, 204, 0]], "type": "T", "n_corners": 2}, "geometry": {"type": "Point", "coordinates": [18.9458442, 47.54421010000003]}}, {"id": "391", "type": "Feature", "properties": {"x": 4993679.091797532, "y": 2756302.7597454707, "bearings": {"391_323_0": -160.33212980396726, "391_399_0": 25.408797416991664, "391_385_0": -95.1276407394519}, "angles": {"391_323_0": 174.25907277904108, "391_385_0": 65.20448906451536, "391_399_0": 120.53643815644357}, "adj_sorted": [[391, 323, 0], [391, 385, 0], [391, 399, 0]], "type": "T", "n_corners": 2}, "geometry": {"type": "Point", "coordinates": [18.95627369999999, 47.55334720000003]}}, {"id": "323", "type": "Feature", "properties": {"x": 4993419.352813153, "y": 2756216.0183705953, "bearings": {"323_391_0": 16.833215983978892, "323_313_0": 103.72555049823931, "323_326_0": -74.37371215248353, "323_286_0": -164.064560923034}, "angles": {"323_286_0": 92.20988857872669, "323_326_0": 89.69084877055047, "323_391_0": 91.20692813646242, "323_313_0": 86.89233451426043}, "adj_sorted": [[323, 286, 0], [323, 326, 0], [323, 391, 0], [323, 313, 0]], "type": "X", "n_corners": 4}, "geometry": {"type": "Point", "coordinates": [18.9527102, 47.552855400000006]}}, {"id": "399", "type": "Feature", "properties": {"x": 4993729.2160449745, "y": 2756326.5699202693, "bearings": {"399_391_0": -154.59120258300834, "399_359_0": 109.53426955278104, "399_423_0": 22.281939970879005}, "angles": {"399_391_0": 95.87452786421062, "399_423_0": 176.87314255388733, "399_359_0": 87.25232958190203}, "adj_sorted": [[399, 391, 0], [399, 423, 0], [399, 359, 0]], "type": "T", "n_corners": 2}, "geometry": {"type": "Point", "coordinates": [18.9569724, 47.553505200000004]}}, {"id": "385", "type": "Feature", "properties": {"x": 4993653.94271763, "y": 2756205.038773546, "bearings": {"385_391_0": 66.09189024737438, "385_326_0": -163.6536159821077, "385_381_0": -120.55910220627443}, "angles": {"385_326_0": 130.2544937705179, "385_381_0": 43.09451377583328, "385_391_0": 186.65099245364883}, "adj_sorted": [[385, 326, 0], [385, 381, 0], [385, 391, 0]], "type": "Y", "n_corners": 2}, "geometry": {"type": "Point", "coordinates": [18.955789600000006, 47.55250240000005]}}, {"id": "313", "type": "Feature", "properties": {"x": 4993396.961782748, "y": 2756291.488701025, "bearings": {"313_323_0": -86.50127598257384, "313_305_0": 94.4984198338529, "313_359_0": 18.032317122129374, "313_298_0": -160.80766407470415}, "angles": {"313_298_0": 104.69391609144293, "313_323_0": 74.3063880921303, "313_359_0": 104.53359310470321, "313_305_0": 76.46610271172354}, "adj_sorted": [[313, 298, 0], [313, 323, 0], [313, 359, 0], [313, 305, 0]], "type": "X", "n_corners": 4}, "geometry": {"type": "Point", "coordinates": [18.952532100000003, 47.553553300000026]}}, {"id": "326", "type": "Feature", "properties": {"x": 4993439.928220842, "y": 2756142.455864451, "bearings": {"326_323_0": 105.62628784751647, "326_385_0": 15.29791129322398, "326_289_0": -163.6834748911676, "326_329_0": -72.4230115188352}, "angles": {"326_289_0": 90.69023726131593, "326_329_0": 91.26046337233241, "326_385_0": 87.72092281205917, "326_323_0": 90.32837655429249}, "adj_sorted": [[326, 289, 0], [326, 329, 0], [326, 385, 0], [326, 323, 0]], "type": "X", "n_corners": 4}, "geometry": {"type": "Point", "coordinates": [18.95286729999999, 47.55217650000001]}}, {"id": "286", "type": "Feature", "properties": {"x": 4993291.611483828, "y": 2756179.5448576934, "bearings": {"286_323_0": 15.935439076966002, "286_257_0": -159.40492547588312, "286_289_0": -72.36727585867203, "286_278_0": 108.08155271269617}, "angles": {"286_257_0": 92.51352181142073, "286_289_0": 87.03764961721109, "286_323_0": 88.30271493563804, "286_278_0": 92.14611363573016}, "adj_sorted": [[286, 257, 0], [286, 289, 0], [286, 323, 0], [286, 278, 0]], "type": "X", "n_corners": 4}, "geometry": {"type": "Point", "coordinates": [18.9509673, 47.552668700000034]}}, {"id": "289", "type": "Feature", "properties": {"x": 4993315.352061602, "y": 2756105.1461926633, "bearings": {"289_326_0": 17.09026694024865, "289_286_0": 107.72526976619784, "289_296_0": -79.84068790219797}, "angles": {"289_296_0": 172.4340423316042, "289_326_0": 96.93095484244662, "289_286_0": 90.63500282594919}, "adj_sorted": [[289, 296, 0], [289, 326, 0], [289, 286, 0]], "type": "T", "n_corners": 2}, "geometry": {"type": "Point", "coordinates": [18.951164899999988, 47.55197890000003]}}, {"id": "329", "type": "Feature", "properties": {"x": 4993460.0033416655, "y": 2756071.2750845808, "bearings": {"329_326_0": 100.66583729497623, "329_354_0": -88.34353123067577, "329_327_0": -159.21349836041006, "329_374_0": 17.33749074195746}, "angles": {"329_327_0": 100.12066434461372, "329_354_0": 70.86996712973429, "329_374_0": 105.68102197263323, "329_326_0": 83.32834655301878}, "adj_sorted": [[329, 327, 0], [329, 354, 0], [329, 374, 0], [329, 326, 0]], "type": "X", "n_corners": 4}, "geometry": {"type": "Point", "coordinates": [18.9530215, 47.551519400000046]}}, {"id": "381", "type": "Feature", "properties": {"x": 4993643.100491441, "y": 2756186.6756673255, "bearings": {"381_385_0": 59.440897793725576, "381_436_0": 21.383922266868563, "381_374_0": -113.61881682833996}, "angles": {"381_374_0": 186.94028537793446, "381_436_0": 135.0027390952085, "381_385_0": 38.056975526857016}, "adj_sorted": [[381, 374, 0], [381, 436, 0], [381, 385, 0]], "type": "Y", "n_corners": 2}, "geometry": {"type": "Point", "coordinates": [18.955617900000007, 47.55235030000002]}}, {"id": "336", "type": "Feature", "properties": {"x": 4993496.741674886, "y": 2757852.9503023773, "bearings": {"336_355_0": -52.43815588868004, "336_332_0": 128.77927547390578, "336_365_0": 40.636751241306484}, "angles": {"336_355_0": 178.78256863741416, "336_365_0": 93.07490712998653, "336_332_0": 88.1425242325993}, "adj_sorted": [[336, 355, 0], [336, 365, 0], [336, 332, 0]], "type": "T", "n_corners": 2}, "geometry": {"type": "Point", "coordinates": [18.956280500000005, 47.56738060000004]}}, {"id": "355", "type": "Feature", "properties": {"x": 4993566.268192227, "y": 2757711.669239049, "bearings": {"355_336_0": 113.21722911044218, "355_353_0": -114.77947714835166, "355_414_0": 15.931813851105133}, "angles": {"355_353_0": 132.00329374120616, "355_414_0": 130.7112909994568, "355_336_0": 97.28541525933704}, "adj_sorted": [[355, 353, 0], [355, 414, 0], [355, 336, 0]], "type": "Y", "n_corners": 3}, "geometry": {"type": "Point", "coordinates": [18.956978399999997, 47.566044100000056]}}, {"id": "332", "type": "Feature", "properties": {"x": 4993479.235514253, "y": 2757874.739709735, "bearings": {"332_336_0": -51.22072452609423, "332_303_0": 151.82400533556338, "332_320_0": 116.39716014028328}, "angles": {"332_336_0": 156.95527013834237, "332_320_0": 167.6178846663775, "332_303_0": 35.42684519528011}, "adj_sorted": [[332, 336, 0], [332, 320, 0], [332, 303, 0]], "type": "Y", "n_corners": 2}, "geometry": {"type": "Point", "coordinates": [18.956083299999996, 47.56759410000002]}}, {"id": "353", "type": "Feature", "properties": {"x": 4993553.438070558, "y": 2757687.9765438493, "bearings": {"353_355_0": 57.573141076526994, "353_408_0": -33.964282711943504, "353_301_0": 144.21399831746123}, "angles": {"353_408_0": 181.82171897059527, "353_355_0": 91.5374237884705, "353_301_0": 86.64085724093424}, "adj_sorted": [[353, 408, 0], [353, 355, 0], [353, 301, 0]], "type": "T", "n_corners": 2}, "geometry": {"type": "Point", "coordinates": [18.95677209999999, 47.56584660000004]}}, {"id": "414", "type": "Feature", "properties": {"x": 4993797.404922285, "y": 2757679.150916174, "bearings": {"414_355_0": -176.82174427865976, "414_408_0": -124.90735390855232, "414_439_0": 51.68409853116825}, "angles": {"414_355_0": 131.494157190172, "414_408_0": 51.91439037010744, "414_439_0": 176.59145243972057}, "adj_sorted": [[414, 355, 0], [414, 408, 0], [414, 439, 0]], "type": "Y", "n_corners": 2}, "geometry": {"type": "Point", "coordinates": [18.959979399999998, 47.565502499999994]}}, {"id": "408", "type": "Feature", "properties": {"x": 4993763.056699382, "y": 2757590.188723033, "bearings": {"408_353_0": 162.77865670823456, "408_414_0": 70.4062968513257, "408_456_0": -17.48796422833081}, "angles": {"408_456_0": 179.73337906343463, "408_414_0": 87.89426107965652, "408_353_0": 92.37235985690886}, "adj_sorted": [[408, 456, 0], [408, 414, 0], [408, 353, 0]], "type": "T", "n_corners": 2}, "geometry": {"type": "Point", "coordinates": [18.959387299999992, 47.564745900000034]}}, {"id": "439", "type": "Feature", "properties": {"x": 4993894.979699422, "y": 2757791.473944035, "bearings": {"439_414_0": -127.5177340318984, "439_459_0": 55.00040156893572, "439_420_0": 139.55265485597715}, "angles": {"439_414_0": 92.92961111212446, "439_459_0": 182.5181356008341, "439_420_0": 84.55225328704142}, "adj_sorted": [[439, 414, 0], [439, 459, 0], [439, 420, 0]], "type": "T", "n_corners": 2}, "geometry": {"type": "Point", "coordinates": [18.961442699999996, 47.566398799999995]}}, {"id": "354", "type": "Feature", "properties": {"x": 4993565.268244328, "y": 2756011.769459291, "bearings": {"354_329_0": 155.10216677652014, "354_404_0": -24.188058669959492, "354_362_0": 66.85426784088202}, "angles": {"354_404_0": 180.70977455352036, "354_362_0": 91.0423265108415, "354_329_0": 88.24789893563812}, "adj_sorted": [[354, 404, 0], [354, 362, 0], [354, 329, 0]], "type": "T", "n_corners": 2}, "geometry": {"type": "Point", "coordinates": [18.954318300000004, 47.55087390000005]}}, {"id": "404", "type": "Feature", "properties": {"x": 4993741.190074113, "y": 2755975.296656434, "bearings": {"404_354_0": -130.2843131418348, "404_454_0": 49.71568685793757, "404_401_0": -74.49442169632079}, "angles": {"404_354_0": 180.00000000022766, "404_401_0": 55.789891445514, "404_454_0": 124.21010855425835}, "adj_sorted": [[404, 354, 0], [404, 401, 0], [404, 454, 0]], "type": "Y", "n_corners": 2}, "geometry": {"type": "Point", "coordinates": [18.95658352349851, 47.550357127041885]}}, {"id": "362", "type": "Feature", "properties": {"x": 4993581.50304853, "y": 2756049.7473987304, "bearings": {"362_354_0": -113.14573215911798, "362_445_0": 21.271020630250053, "362_374_0": 65.2004304454138}, "angles": {"362_354_0": 181.6538373954682, "362_445_0": 134.41675278936805, "362_374_0": 43.92940981516375}, "adj_sorted": [[362, 354, 0], [362, 445, 0], [362, 374, 0]], "type": "Y", "n_corners": 2}, "geometry": {"type": "Point", "coordinates": [18.954591700000005, 47.55119520000004]}}, {"id": "454", "type": "Feature", "properties": {"x": 4993953.274459009, "y": 2756075.7820957727, "bearings": {"454_404_0": -158.45248693829882, "454_445_0": 111.20596894312457, "454_465_0": 21.39147397164247}, "angles": {"454_404_0": 90.34154411857662, "454_465_0": 179.8439609099413, "454_445_0": 89.8144949714821}, "adj_sorted": [[454, 404, 0], [454, 465, 0], [454, 445, 0]], "type": "T", "n_corners": 2}, "geometry": {"type": "Point", "coordinates": [18.9595393, 47.55102330000003]}}, {"id": "401", "type": "Feature", "properties": {"x": 4993733.581199388, "y": 2755937.6601057868, "bearings": {"401_404_0": 65.60149089610758, "401_392_0": -115.7256982762534, "401_428_0": -25.206310807309066}, "angles": {"401_392_0": 178.672810827639, "401_428_0": 90.51938746894433, "401_404_0": 90.80780170341664}, "adj_sorted": [[401, 392, 0], [401, 428, 0], [401, 404, 0]], "type": "T", "n_corners": 2}, "geometry": {"type": "Point", "coordinates": [18.9564245, 47.55002950000001]}}, {"id": "392", "type": "Feature", "properties": {"x": 4993682.816732899, "y": 2755854.107628762, "bearings": {"392_401_0": 56.76445656953732, "392_389_0": -119.71099904981257, "392_302_0": 163.89561537299087}, "angles": {"392_389_0": 76.39338557719657, "392_401_0": 176.4754556193499, "392_302_0": 107.13115880345356}, "adj_sorted": [[392, 389, 0], [392, 401, 0], [392, 302, 0]], "type": "T", "n_corners": 2}, "geometry": {"type": "Point", "coordinates": [18.9556244, 47.549339000000025]}}, {"id": "428", "type": "Feature", "properties": {"x": 4993855.504384554, "y": 2755905.4553297786, "bearings": {"428_401_0": -164.35944941310478, "428_468_0": 21.657590250683633, "428_433_0": -67.86851679775745}, "angles": {"428_401_0": 173.9829603362116, "428_433_0": 96.49093261534733, "428_468_0": 89.52610704844108}, "adj_sorted": [[428, 401, 0], [428, 433, 0], [428, 468, 0]], "type": "T", "n_corners": 2}, "geometry": {"type": "Point", "coordinates": [18.9579836, 47.54960950000001]}}, {"id": "445", "type": "Feature", "properties": {"x": 4993914.362462165, "y": 2756179.35625764, "bearings": {"445_362_0": -158.7236676284759, "445_454_0": -67.90122744816716, "445_495_0": 21.858773273176993, "445_436_0": 114.96645556607317}, "angles": {"445_362_0": 86.30987680545093, "445_454_0": 90.82244018030875, "445_495_0": 89.76000072134416, "445_436_0": 93.10768229289617}, "adj_sorted": [[445, 362, 0], [445, 454, 0], [445, 495, 0], [445, 436, 0]], "type": "X", "n_corners": 4}, "geometry": {"type": "Point", "coordinates": [18.959187, 47.55199]}}, {"id": "465", "type": "Feature", "properties": {"x": 4994006.319465719, "y": 2756096.555504683, "bearings": {"465_454_0": -158.66105622592687, "465_488_0": 22.330879785092044, "465_468_0": -73.27929482525964}, "angles": {"465_454_0": 179.0080639889811, "465_468_0": 85.38176140066723, "465_488_0": 95.61017461035169}, "adj_sorted": [[465, 454, 0], [465, 468, 0], [465, 488, 0]], "type": "T", "n_corners": 2}, "geometry": {"type": "Point", "coordinates": [18.960271799999997, 47.551151000000026]}}, {"id": "577", "type": "Feature", "properties": {"x": 4994549.794587891, "y": 2756463.70950462, "bearings": {"577_569_0": -130.64390726694882, "577_579_0": 49.356092735617395, "577_587_0": -40.64390726673729}, "angles": {"577_569_0": 179.9999999974338, "577_587_0": 90.00000000021153, "577_579_0": 90.00000000235468}, "adj_sorted": [[577, 569, 0], [577, 587, 0], [577, 579, 0]], "type": "T", "n_corners": 2}, "geometry": {"type": "Point", "coordinates": [18.968017460771332, 47.553836309636374]}}, {"id": "569", "type": "Feature", "properties": {"x": 4994502.322957078, "y": 2756411.6524267914, "bearings": {"569_577_0": 38.554028758676154, "569_550_0": -127.29964320979657, "569_551_0": 139.07539278250735, "569_571_0": -59.34499270078775}, "angles": {"569_550_0": 93.62496400769606, "569_571_0": 67.95465050900881, "569_577_0": 97.89902145946391, "569_551_0": 100.5213640238312}, "adj_sorted": [[569, 550, 0], [569, 571, 0], [569, 577, 0], [569, 551, 0]], "type": "X", "n_corners": 4}, "geometry": {"type": "Point", "coordinates": [18.96730970000001, 47.55342340000005]}}, {"id": "579", "type": "Feature", "properties": {"x": 4994572.293653976, "y": 2756489.4680998013, "bearings": {"579_577_0": -131.73217277922137, "579_555_0": 140.94036949614127, "579_588_0": 48.26365293720548}, "angles": {"579_577_0": 87.32745772463738, "579_588_0": 179.99582571642685, "579_555_0": 92.6767165589358}, "adj_sorted": [[579, 577, 0], [579, 588, 0], [579, 555, 0]], "type": "T", "n_corners": 2}, "geometry": {"type": "Point", "coordinates": [18.9683546, 47.55404169999999]}}, {"id": "550", "type": "Feature", "properties": {"x": 4994416.956815074, "y": 2756300.0150927585, "bearings": {"550_569_0": 52.466093108097716, "550_527_0": -140.7620589464827, "550_558_0": -48.683533030010395, "550_546_0": 133.94349370413295}, "angles": {"550_527_0": 85.29444734938431, "550_558_0": 92.07852591647232, "550_569_0": 101.14962613810812, "550_546_0": 81.47740059603524}, "adj_sorted": [[550, 527, 0], [550, 558, 0], [550, 569, 0], [550, 546, 0]], "type": "other", "n_corners": 4}, "geometry": {"type": "Point", "coordinates": [18.966008899999988, 47.55252000000003]}}, {"id": "551", "type": "Feature", "properties": {"x": 4994433.231463982, "y": 2756453.916158792, "bearings": {"551_569_0": -21.5964146929238, "551_555_0": 80.51552736441117, "551_548_0": -99.50108158475189}, "angles": {"551_548_0": 179.98339105083693, "551_569_0": 77.90466689182809, "551_555_0": 102.11194205733497}, "adj_sorted": [[551, 548, 0], [551, 569, 0], [551, 555, 0]], "type": "T", "n_corners": 2}, "geometry": {"type": "Point", "coordinates": [18.966463600000004, 47.553875800000064]}}, {"id": "555", "type": "Feature", "properties": {"x": 4994450.670132515, "y": 2756558.299302407, "bearings": {"555_579_0": -13.614287212594123, "555_551_0": -99.48447263558883, "555_559_0": 80.82589373220245}, "angles": {"555_551_0": 179.6896336322087, "555_579_0": 85.87018542299471, "555_559_0": 94.44018094479657}, "adj_sorted": [[555, 551, 0], [555, 579, 0], [555, 559, 0]], "type": "T", "n_corners": 2}, "geometry": {"type": "Point", "coordinates": [18.9668565, 47.554788399999985]}}, {"id": "588", "type": "Feature", "properties": {"x": 4994643.477256652, "y": 2756569.954067873, "bearings": {"588_579_0": -131.40430364529956, "588_565_0": 46.522611203198764, "588_560_0": 142.6803106685535}, "angles": {"588_579_0": 85.91538568614692, "588_565_0": 177.9269148484983, "588_560_0": 96.15769946535472}, "adj_sorted": [[588, 579, 0], [588, 565, 0], [588, 560, 0]], "type": "T", "n_corners": 2}, "geometry": {"type": "Point", "coordinates": [18.9694197, 47.554682500000055]}}, {"id": "608", "type": "Feature", "properties": {"x": 4994951.168010359, "y": 2754891.985606977, "bearings": {"608_597_0": -101.69789536961501, "608_589_0": 167.93600006332255, "608_621_0": -12.419577107313897}, "angles": {"608_597_0": 90.36610456706245, "608_621_0": 89.27831826230111, "608_589_0": 180.35557717063645}, "adj_sorted": [[608, 597, 0], [608, 621, 0], [608, 589, 0]], "type": "T", "n_corners": 2}, "geometry": {"type": "Point", "coordinates": [18.970864499999998, 47.53937220000002]}}, {"id": "589", "type": "Feature", "properties": {"x": 4994650.548981149, "y": 2754811.1646527285, "bearings": {"589_597_0": -65.98108706237504, "589_608_0": 20.346930880884145, "589_562_0": 113.68183485817175}, "angles": {"589_597_0": 180.3370780794532, "589_608_0": 86.32801794325918, "589_562_0": 93.33490397728761}, "adj_sorted": [[589, 597, 0], [589, 608, 0], [589, 562, 0]], "type": "T", "n_corners": 2}, "geometry": {"type": "Point", "coordinates": [18.96677160000001, 47.538978200000024]}}, {"id": "670", "type": "Feature", "properties": {"x": 4996207.061617402, "y": 2752946.345850128, "bearings": {"670_702_0": 49.3466735614007, "670_681_0": -23.34050629059207, "670_627_0": 159.42875743367756}, "angles": {"670_681_0": 177.23073627573038, "670_702_0": 72.68717985199277, "670_627_0": 110.08208387227685}, "adj_sorted": [[670, 681, 0], [670, 702, 0], [670, 627, 0]], "type": "T", "n_corners": 2}, "geometry": {"type": "Point", "coordinates": [18.9843997, 47.520639500000044]}}, {"id": "702", "type": "Feature", "properties": {"x": 4996438.455770416, "y": 2752969.349775256, "bearings": {"702_670_0": -70.47062999398504, "702_731_0": -33.325725780113316, "702_710_0": 47.329474375222944, "702_656_0": 146.1124442559119}, "angles": {"702_670_0": 143.41692575010308, "702_731_0": 37.144904213871726, "702_710_0": 80.65520015533626, "702_656_0": 98.78296988068895}, "adj_sorted": [[702, 670, 0], [702, 731, 0], [702, 710, 0], [702, 656, 0]], "type": "other", "n_corners": 4}, "geometry": {"type": "Point", "coordinates": [18.98748790000001, 47.52059240000004]}}, {"id": "681", "type": "Feature", "properties": {"x": 4996284.838310114, "y": 2752788.793989054, "bearings": {"681_670_0": 82.95126853412458, "681_680_0": -97.30321462143256, "681_736_0": -5.628144538050365, "681_653_0": 173.6857296731479}, "angles": {"681_680_0": 89.01105570541955, "681_736_0": 91.6750700833822, "681_670_0": 88.57941307217494, "681_653_0": 90.73446113902332}, "adj_sorted": [[681, 680, 0], [681, 736, 0], [681, 670, 0], [681, 653, 0]], "type": "X", "n_corners": 4}, "geometry": {"type": "Point", "coordinates": [18.9851798, 47.519148600000065]}}, {"id": "627", "type": "Feature", "properties": {"x": 4995347.544576451, "y": 2753420.077844708, "bearings": {"627_670_0": -25.472318709249134, "627_625_0": -117.41528444127853, "627_618_0": 67.4389708668547}, "angles": {"627_625_0": 175.14574469186675, "627_670_0": 91.94296573202939, "627_618_0": 92.91128957610384}, "adj_sorted": [[627, 625, 0], [627, 670, 0], [627, 618, 0]], "type": "T", "n_corners": 2}, "geometry": {"type": "Point", "coordinates": [18.973800000000004, 47.52580420000004]}}, {"id": "731", "type": "Feature", "properties": {"x": 4996796.431958918, "y": 2752982.419523015, "bearings": {"731_702_0": -130.7587227396121, "731_766_0": -37.673919394088976, "731_729_0": 141.6584200427235}, "angles": {"731_702_0": 87.58285721766441, "731_766_0": 93.08480334552311, "731_729_0": 179.33233943681248}, "adj_sorted": [[731, 702, 0], [731, 766, 0], [731, 729, 0]], "type": "T", "n_corners": 2}, "geometry": {"type": "Point", "coordinates": [18.992230299999992, 47.52031840000003]}}, {"id": "710", "type": "Feature", "properties": {"x": 4996560.734166817, "y": 2753102.8049916844, "bearings": {"710_713_0": 44.38294810512145, "710_702_0": -131.57196015476416, "710_729_0": -28.891652659311024, "710_669_0": 152.72211865223753}, "angles": {"710_702_0": 75.70592119299829, "710_729_0": 102.68030749545314, "710_713_0": 73.27460076443248, "710_669_0": 108.33917054711608}, "adj_sorted": [[710, 702, 0], [710, 729, 0], [710, 713, 0], [710, 669, 0]], "type": "X", "n_corners": 4}, "geometry": {"type": "Point", "coordinates": [18.989309199999994, 47.52165000000001]}}, {"id": "656", "type": "Feature", "properties": {"x": 4996027.713612077, "y": 2753217.679568341, "bearings": {"656_702_0": -29.36443933165811, "656_664_0": 58.07210338207546, "656_642_0": 151.42511913810162}, "angles": {"656_702_0": 179.21044153024027, "656_664_0": 87.43654271373357, "656_642_0": 93.35301575602617}, "adj_sorted": [[656, 702, 0], [656, 664, 0], [656, 642, 0]], "type": "T", "n_corners": 2}, "geometry": {"type": "Point", "coordinates": [18.982457199999992, 47.523256600000025]}}, {"id": "766", "type": "Feature", "properties": {"x": 4997128.997936391, "y": 2752721.2899719807, "bearings": {"766_731_0": 141.7258809597506, "766_772_0": -39.68522682228581, "766_769_0": 51.494006669613505}, "angles": {"766_772_0": 178.58889221796358, "766_769_0": 91.17923349189931, "766_731_0": 90.23187429013711}, "adj_sorted": [[766, 772, 0], [766, 769, 0], [766, 731, 0]], "type": "T", "n_corners": 2}, "geometry": {"type": "Point", "coordinates": [18.996209099999994, 47.51762490000004]}}, {"id": "729", "type": "Feature", "properties": {"x": 4996752.151490558, "y": 2753018.8073059823, "bearings": {"729_713_0": 139.4125741929261, "729_731_0": -40.58742580538254, "729_710_0": -166.01848571544994}, "angles": {"729_710_0": 54.56894009162397, "729_731_0": 125.4310599100674, "729_713_0": 179.99999999830862}, "adj_sorted": [[729, 710, 0], [729, 731, 0], [729, 713, 0]], "type": "Y", "n_corners": 2}, "geometry": {"type": "Point", "coordinates": [18.9917030291946, 47.5206914710564]}}, {"id": "723", "type": "Feature", "properties": {"x": 4996689.6794958785, "y": 2754499.8715533153, "bearings": {"723_728_0": -54.204037254414686, "723_711_0": 120.3205099009735, "723_704_0": -126.84966274928918}, "angles": {"723_704_0": 112.82982734973731, "723_728_0": 72.6456254948745, "723_711_0": 174.52454715538818}, "adj_sorted": [[723, 704, 0], [723, 728, 0], [723, 711, 0]], "type": "T", "n_corners": 2}, "geometry": {"type": "Point", "coordinates": [18.993192300000004, 47.53397720000002]}}, {"id": "711", "type": "Feature", "properties": {"x": 4996567.787501734, "y": 2754686.826149815, "bearings": {"711_723_0": -56.35375289083069, "711_705_0": 123.65358031973223, "711_703_0": -146.58411474192567}, "angles": {"711_703_0": 89.76230493834208, "711_723_0": 90.23036185109498, "711_705_0": 180.00733321056293}, "adj_sorted": [[711, 703, 0], [711, 723, 0], [711, 705, 0]], "type": "T", "n_corners": 2}, "geometry": {"type": "Point", "coordinates": [18.9918761, 47.535778699999995]}}, {"id": "704", "type": "Feature", "properties": {"x": 4996477.603096367, "y": 2754308.621190009, "bearings": {"704_723_0": 37.60723520038684, "704_720_0": -60.25581993160635, "704_690_0": -162.1165606433246}, "angles": {"704_690_0": 160.27620415628857, "704_720_0": 101.86074071171825, "704_723_0": 97.86305513199318}, "adj_sorted": [[704, 690, 0], [704, 720, 0], [704, 723, 0]], "type": "Y", "n_corners": 3}, "geometry": {"type": "Point", "coordinates": [18.990095399999994, 47.53250190000003]}}, {"id": "705", "type": "Feature", "properties": {"x": 4996485.042535714, "y": 2754811.1364436606, "bearings": {"705_711_0": -56.35193211745541, "705_699_0": -145.9462785641251, "705_686_0": 123.65524998379865}, "angles": {"705_699_0": 90.39847145207625, "705_711_0": 89.59434644666968, "705_686_0": 180.00718210125407}, "adj_sorted": [[705, 699, 0], [705, 711, 0], [705, 686, 0]], "type": "T", "n_corners": 2}, "geometry": {"type": "Point", "coordinates": [18.990978500000004, 47.53697840000003]}}, {"id": "703", "type": "Feature", "properties": {"x": 4996459.300434569, "y": 2754674.37609776, "bearings": {"703_711_0": -53.45223340852066, "703_699_0": 122.62067316582042, "703_692_0": -141.00615897885504}, "angles": {"703_692_0": 96.37316785532454, "703_711_0": 87.55392557033437, "703_699_0": 176.0729065743411}, "adj_sorted": [[703, 692, 0], [703, 711, 0], [703, 699, 0]], "type": "T", "n_corners": 2}, "geometry": {"type": "Point", "coordinates": [18.990425200000004, 47.53578600000002]}}, {"id": "720", "type": "Feature", "properties": {"x": 4996661.261783889, "y": 2754278.1153522255, "bearings": {"720_728_0": 71.45732246681297, "720_743_0": -7.152089779169242, "720_704_0": -173.12345429696927, "720_716_0": -99.54933465821857}, "angles": {"720_704_0": 115.41922323621776, "720_716_0": 73.5741196387507, "720_743_0": 92.39724487904932, "720_728_0": 78.60941224598221}, "adj_sorted": [[720, 704, 0], [720, 716, 0], [720, 743, 0], [720, 728, 0]], "type": "other", "n_corners": 4}, "geometry": {"type": "Point", "coordinates": [18.992470900000004, 47.532029200000046]}}, {"id": "669", "type": "Feature", "properties": {"x": 4996192.2742799, "y": 2753252.2083039465, "bearings": {"669_710_0": -23.145174272501873, "669_664_0": 153.72999248252432, "669_683_0": 54.04743197230331}, "angles": {"669_710_0": 183.12483324497381, "669_683_0": 77.19260624480518, "669_664_0": 99.68256051022101}, "adj_sorted": [[669, 710, 0], [669, 683, 0], [669, 664, 0]], "type": "T", "n_corners": 2}, "geometry": {"type": "Point", "coordinates": [18.9846819, 47.523385300000065]}}, {"id": "706", "type": "Feature", "properties": {"x": 4996502.146016741, "y": 2753223.773059545, "bearings": {"706_713_0": -38.24307179746811, "706_677_0": 51.89438826046252, "706_683_0": 141.33687390597396}, "angles": {"706_713_0": 180.42005429655794, "706_677_0": 90.13746005793064, "706_683_0": 89.44248564551144}, "adj_sorted": [[706, 713, 0], [706, 677, 0], [706, 683, 0]], "type": "T", "n_corners": 2}, "geometry": {"type": "Point", "coordinates": [18.988725199999998, 47.52279350000003]}}, {"id": "680", "type": "Feature", "properties": {"x": 4996274.796401867, "y": 2752710.8343456266, "bearings": {"680_681_0": 82.31603879503295, "680_736_0": -5.14715718418544, "680_653_0": 174.61865577978386}, "angles": {"680_736_0": 180.2341870360307, "680_681_0": 87.4631959792184, "680_653_0": 92.30261698475091}, "adj_sorted": [[680, 736, 0], [680, 681, 0], [680, 653, 0]], "type": "T", "n_corners": 2}, "geometry": {"type": "Point", "coordinates": [18.9849257, 47.5184638]}}, {"id": "736", "type": "Feature", "properties": {"x": 4996826.101677924, "y": 2752678.715757131, "bearings": {"736_681_0": 96.46436336450209, "736_680_0": -173.53563663480824, "736_772_0": 6.46436336508803}, "angles": {"736_680_0": 90.00000000068968, "736_772_0": 179.99999999989626, "736_681_0": 89.99999999941406}, "adj_sorted": [[736, 680, 0], [736, 772, 0], [736, 681, 0]], "type": "T", "n_corners": 2}, "geometry": {"type": "Point", "coordinates": [18.992147400841965, 47.5175756417544]}}, {"id": "653", "type": "Feature", "properties": {"x": 4996003.712948016, "y": 2752737.3233646965, "bearings": {"653_681_0": 87.66869257196443, "653_680_0": -5.9047156413018245, "653_635_0": 174.71223455222477}, "angles": {"653_680_0": 179.3830498064734, "653_681_0": 93.57340821326625, "653_635_0": 87.04354198026034}, "adj_sorted": [[653, 680, 0], [653, 681, 0], [653, 635, 0]], "type": "T", "n_corners": 2}, "geometry": {"type": "Point", "coordinates": [18.981391299999995, 47.518995800000006]}}, {"id": "772", "type": "Feature", "properties": {"x": 4997172.825071996, "y": 2752684.946729218, "bearings": {"772_766_0": 140.32743842458993, "772_736_0": 163.92668274920246, "772_778_0": -39.056545304049195}, "angles": {"772_778_0": 157.01677194674835, "772_766_0": 179.38398372863912, "772_736_0": 23.599244324612528}, "adj_sorted": [[772, 778, 0], [772, 766, 0], [772, 736, 0]], "type": "Y", "n_corners": 2}, "geometry": {"type": "Point", "coordinates": [18.996730400000008, 47.51725270000003]}}, {"id": "778", "type": "Feature", "properties": {"x": 4997199.687539275, "y": 2752669.577070674, "bearings": {"778_805_0": -21.37871405445999, "778_772_0": 155.71650231558198, "778_781_0": 50.9905315740001}, "angles": {"778_805_0": 182.90478362995805, "778_781_0": 72.36924562846009, "778_772_0": 104.72597074158188}, "adj_sorted": [[778, 805, 0], [778, 781, 0], [778, 772, 0]], "type": "T", "n_corners": 2}, "geometry": {"type": "Point", "coordinates": [18.997060699999995, 47.51708619999999]}}, {"id": "724", "type": "Feature", "properties": {"x": 4996698.864751895, "y": 2753952.4716573455, "bearings": {"724_742_0": -79.86749132332541, "724_727_0": 85.08916513204738, "724_714_0": -155.9662635958469}, "angles": {"724_714_0": 118.94457127210572, "724_742_0": 76.09877227252149, "724_727_0": 164.9566564553728}, "adj_sorted": [[724, 714, 0], [724, 742, 0], [724, 727, 0]], "type": "Y", "n_corners": 3}, "geometry": {"type": "Point", "coordinates": [18.992458300000003, 47.52908200000002]}}, {"id": "742", "type": "Feature", "properties": {"x": 4996886.395724205, "y": 2753907.4299914273, "bearings": {"742_724_0": 158.91201106295526, "742_749_0": -9.753741430288148, "742_721_0": -142.05607133999206, "742_757_0": 33.51720739947675}, "angles": {"742_721_0": 59.03191759705271, "742_749_0": 132.3023299097039, "742_757_0": 43.270948829764905, "742_724_0": 125.39480366347851}, "adj_sorted": [[742, 721, 0], [742, 749, 0], [742, 757, 0], [742, 724, 0]], "type": "other", "n_corners": 4}, "geometry": {"type": "Point", "coordinates": [18.99486200000001, 47.52847530000002]}}, {"id": "727", "type": "Feature", "properties": {"x": 4996735.750395292, "y": 2754118.4970662016, "bearings": {"727_724_0": -83.24675404131926, "727_719_0": -172.08714818213542, "727_753_0": 7.294762259401263}, "angles": {"727_719_0": 180.6180895584633, "727_724_0": 88.84039414081616, "727_753_0": 90.54151630072053}, "adj_sorted": [[727, 719, 0], [727, 724, 0], [727, 753, 0]], "type": "T", "n_corners": 2}, "geometry": {"type": "Point", "coordinates": [18.993204299999988, 47.5305234]}}, {"id": "714", "type": "Feature", "properties": {"x": 4996618.330875094, "y": 2753858.47001599, "bearings": {"714_724_0": 29.35275130687795, "714_721_0": -59.14509289084197, "714_707_0": 120.8321232814004}, "angles": {"714_721_0": 180.02278382775762, "714_724_0": 88.49784419771993, "714_707_0": 91.47937197452245}, "adj_sorted": [[714, 721, 0], [714, 724, 0], [714, 707, 0]], "type": "T", "n_corners": 2}, "geometry": {"type": "Point", "coordinates": [18.991249000000003, 47.52833100000004]}}, {"id": "749", "type": "Feature", "properties": {"x": 4996961.337600676, "y": 2753892.0149552906, "bearings": {"749_742_0": 138.41740339262594, "749_738_0": -130.29865246499713, "749_757_0": 46.18374104905273}, "angles": {"749_738_0": 91.28394414237692, "749_757_0": 176.48239351404987, "749_742_0": 92.23366234357322}, "adj_sorted": [[749, 738, 0], [749, 757, 0], [749, 742, 0]], "type": "T", "n_corners": 2}, "geometry": {"type": "Point", "coordinates": [18.995826600000004, 47.52825589999998]}}, {"id": "721", "type": "Feature", "properties": {"x": 4996673.801496375, "y": 2753813.0712455916, "bearings": {"721_742_0": 59.49043743628977, "721_714_0": 153.038984129613, "721_734_0": -18.91491524204326, "721_712_0": -109.76846237742991}, "angles": {"721_712_0": 97.19255349295707, "721_734_0": 90.85354713538665, "721_742_0": 78.40535267833303, "721_714_0": 93.54854669332323}, "adj_sorted": [[721, 712, 0], [721, 734, 0], [721, 742, 0], [721, 714, 0]], "type": "other", "n_corners": 4}, "geometry": {"type": "Point", "coordinates": [18.991909900000007, 47.52786530000001]}}, {"id": "757", "type": "Feature", "properties": {"x": 4997027.277882822, "y": 2753930.51779113, "bearings": {"757_742_0": 113.43836167361164, "757_749_0": -158.56889729385196, "757_779_0": 17.185422798622735}, "angles": {"757_749_0": 87.9927410325364, "757_779_0": 175.7543200924747, "757_742_0": 96.2529388749889}, "adj_sorted": [[757, 749, 0], [757, 779, 0], [757, 742, 0]], "type": "T", "n_corners": 2}, "geometry": {"type": "Point", "coordinates": [18.99675670000001, 47.52852750000002]}}, {"id": "734", "type": "Feature", "properties": {"x": 4996814.095121076, "y": 2753625.4884413113, "bearings": {"734_726_0": -148.4732679649416, "734_721_0": 115.82612421688277, "734_738_0": -63.11029474644608}, "angles": {"734_726_0": 95.70060781817563, "734_738_0": 85.36297321849554, "734_721_0": 178.93641896332886}, "adj_sorted": [[734, 726, 0], [734, 738, 0], [734, 721, 0]], "type": "T", "n_corners": 2}, "geometry": {"type": "Point", "coordinates": [18.9934677, 47.52603810000005]}}, {"id": "712", "type": "Feature", "properties": {"x": 4996582.4389288835, "y": 2753771.8451530635, "bearings": {"712_726_0": -54.03124797075997, "712_721_0": 20.14381006110227, "712_691_0": -160.60119613724942}, "angles": {"712_691_0": 179.2549938016483, "712_726_0": 106.56994816648944, "712_721_0": 74.17505803186224}, "adj_sorted": [[712, 691, 0], [712, 726, 0], [712, 721, 0]], "type": "T", "n_corners": 2}, "geometry": {"type": "Point", "coordinates": [18.99064020000001, 47.52759710000004]}}, {"id": "789", "type": "Feature", "properties": {"x": 4997290.928062256, "y": 2753320.9629920814, "bearings": {"789_801_0": -34.320338054263885, "789_777_0": -122.58586125127373, "789_771_0": 146.96261529789723}, "angles": {"789_777_0": 90.45152345082903, "789_801_0": 88.26552319700984, "789_771_0": 181.28295335216112}, "adj_sorted": [[789, 777, 0], [789, 801, 0], [789, 771, 0]], "type": "T", "n_corners": 2}, "geometry": {"type": "Point", "coordinates": [18.99928209999999, 47.522799700000036]}}, {"id": "801", "type": "Feature", "properties": {"x": 4997369.212937555, "y": 2753269.3533200114, "bearings": {"801_789_0": 150.11920002424696, "801_790_0": -137.74351174486074, "801_816_0": 54.27303033989636, "801_817_0": -31.5870663546866}, "angles": {"801_790_0": 72.1372882308923, "801_817_0": 106.15644539017414, "801_816_0": 85.86009669458295, "801_789_0": 95.8461696843506}, "adj_sorted": [[801, 790, 0], [801, 817, 0], [801, 816, 0], [801, 789, 0]], "type": "X", "n_corners": 4}, "geometry": {"type": "Point", "coordinates": [19.00023409999999, 47.52225360000004]}}, {"id": "777", "type": "Feature", "properties": {"x": 4997195.660415082, "y": 2753171.991645596, "bearings": {"777_789_0": 57.01812754143258, "777_787_0": -43.70494169972786, "777_763_0": 139.1367865450107}, "angles": {"777_787_0": 177.15827175526144, "777_789_0": 100.72306924116043, "777_763_0": 82.11865900357812}, "adj_sorted": [[777, 787, 0], [777, 789, 0], [777, 763, 0]], "type": "T", "n_corners": 2}, "geometry": {"type": "Point", "coordinates": [18.997792599999997, 47.52157430000004]}}, {"id": "771", "type": "Feature", "properties": {"x": 4997161.21306139, "y": 2753389.3733660593, "bearings": {"771_789_0": -21.832413648882582, "771_785_0": 55.44439550981309, "771_770_0": 158.19735864448577}, "angles": {"771_789_0": 179.97022770663165, "771_785_0": 77.27680915869567, "771_770_0": 102.75296313467268}, "adj_sorted": [[771, 789, 0], [771, 785, 0], [771, 770, 0]], "type": "T", "n_corners": 2}, "geometry": {"type": "Point", "coordinates": [18.9976779, 47.52355190000006]}}, {"id": "790", "type": "Feature", "properties": {"x": 4997294.399635687, "y": 2753157.811398689, "bearings": {"790_801_0": 57.500680554166024, "790_787_0": -110.7122356295006, "790_806_0": -40.70449120119666}, "angles": {"790_787_0": 191.7870838163334, "790_806_0": 70.00774442830394, "790_801_0": 98.20517175536268}, "adj_sorted": [[790, 787, 0], [790, 806, 0], [790, 801, 0]], "type": "Y", "n_corners": 2}, "geometry": {"type": "Point", "coordinates": [18.9990729, 47.521339899999994]}}, {"id": "816", "type": "Feature", "properties": {"x": 4997471.506435963, "y": 2753418.1579468213, "bearings": {"816_801_0": -113.53990711635375, "816_791_0": 157.26785568457294, "816_818_0": -18.339922447659873}, "angles": {"816_801_0": 89.1922371990733, "816_818_0": 95.19998466869387, "816_791_0": 175.6077781322328}, "adj_sorted": [[816, 801, 0], [816, 818, 0], [816, 791, 0]], "type": "T", "n_corners": 2}, "geometry": {"type": "Point", "coordinates": [19.001816099999996, 47.52346980000003]}}, {"id": "817", "type": "Feature", "properties": {"x": 4997472.084782159, "y": 2753206.098145128, "bearings": {"817_801_0": 148.4129336453134, "817_832_0": 64.55315103954798, "817_836_0": -30.459571372411, "817_806_0": -117.50528796596264}, "angles": {"817_806_0": 94.08177838872399, "817_836_0": 87.04571659355165, "817_832_0": 95.01272241195898, "817_801_0": 83.8597826057654}, "adj_sorted": [[817, 806, 0], [817, 836, 0], [817, 832, 0], [817, 801, 0]], "type": "X", "n_corners": 4}, "geometry": {"type": "Point", "coordinates": [19.0014922, 47.52157670000004]}}, {"id": "787", "type": "Feature", "properties": {"x": 4997273.070867077, "y": 2753100.955419031, "bearings": {"787_777_0": 138.1775826587852, "787_790_0": 72.48115126946577, "787_799_0": -40.1402637145661}, "angles": {"787_799_0": 181.6821536266487, "787_790_0": 112.62141498403187, "787_777_0": 65.69643138931944}, "adj_sorted": [[787, 799, 0], [787, 790, 0], [787, 777, 0]], "type": "T", "n_corners": 2}, "geometry": {"type": "Point", "coordinates": [18.9987027, 47.52085580000001]}}, {"id": "806", "type": "Feature", "properties": {"x": 4997431.061065132, "y": 2753127.3100726167, "bearings": {"806_790_0": 164.82855025123652, "806_817_0": 62.49471203403737, "806_827_0": -22.710098010364586, "806_799_0": -129.9912367413476}, "angles": {"806_799_0": 65.18021300741589, "806_827_0": 107.281138730983, "806_817_0": 85.20481004440195, "806_790_0": 102.33383821719914}, "adj_sorted": [[806, 799, 0], [806, 827, 0], [806, 817, 0], [806, 790, 0]], "type": "other", "n_corners": 4}, "geometry": {"type": "Point", "coordinates": [19.000827900000008, 47.52091840000004]}}, {"id": "820", "type": "Feature", "properties": {"x": 4997488.52227273, "y": 2753771.1517363125, "bearings": {"820_804_0": -172.8026619986595, "820_835_0": -47.92894655313727, "820_814_0": 80.10392063373807}, "angles": {"820_804_0": 107.09341736760246, "820_835_0": 124.87371544552221, "820_814_0": 128.03286718687534}, "adj_sorted": [[820, 804, 0], [820, 835, 0], [820, 814, 0]], "type": "Y", "n_corners": 3}, "geometry": {"type": "Point", "coordinates": [19.002592505790496, 47.52660139182341]}}, {"id": "835", "type": "Feature", "properties": {"x": 4997573.8437936995, "y": 2753718.4133453616, "bearings": {"835_820_0": 163.24714423586397, "835_842_0": 63.19715220027968, "835_865_0": -19.044990817437156}, "angles": {"835_865_0": 177.70786494669886, "835_842_0": 82.24214301771684, "835_820_0": 100.0499920355843}, "adj_sorted": [[835, 865, 0], [835, 842, 0], [835, 820, 0]], "type": "T", "n_corners": 2}, "geometry": {"type": "Point", "coordinates": [19.0036356, 47.52603750000005]}}, {"id": "814", "type": "Feature", "properties": {"x": 4997448.136109192, "y": 2753920.0140872374, "bearings": {"814_811_0": 97.23431038803265, "814_820_0": -81.18786513725401, "814_793_0": -114.403351807001}, "angles": {"814_793_0": 148.36233780496633, "814_820_0": 33.215486669746994, "814_811_0": 178.42217552528666}, "adj_sorted": [[814, 793, 0], [814, 820, 0], [814, 811, 0]], "type": "Y", "n_corners": 2}, "geometry": {"type": "Point", "coordinates": [19.00229249999999, 47.52797400000002]}}, {"id": "793", "type": "Feature", "properties": {"x": 4997306.509814057, "y": 2753764.3309926614, "bearings": {"793_814_0": 20.08996393935697, "793_764_0": -166.6921974250929, "793_792_0": -88.74262175001155}, "angles": {"793_764_0": 173.21783863555012, "793_792_0": 77.94957567508135, "793_814_0": 108.83258568936853}, "adj_sorted": [[793, 764, 0], [793, 792, 0], [793, 814, 0]], "type": "T", "n_corners": 2}, "geometry": {"type": "Point", "coordinates": [19.00018069999999, 47.526739400000025]}}, {"id": "842", "type": "Feature", "properties": {"x": 4997635.1653820975, "y": 2753839.794465454, "bearings": {"842_811_0": 150.29415654146862, "842_885_0": -14.15065475621538, "842_835_0": -116.80284779972034, "842_857_0": 64.0195425903513}, "angles": {"842_835_0": 92.90299565881105, "842_885_0": 102.65219304350497, "842_857_0": 78.17019734656668, "842_811_0": 86.27461395111732}, "adj_sorted": [[842, 835, 0], [842, 885, 0], [842, 857, 0], [842, 811, 0]], "type": "X", "n_corners": 4}, "geometry": {"type": "Point", "coordinates": [19.004634399999997, 47.527053700000025]}}, {"id": "865", "type": "Feature", "properties": {"x": 4997752.226883643, "y": 2753691.551982754, "bearings": {"865_835_0": 173.44521729976398, "865_915_0": -10.808680849088814, "865_861_0": -100.46595452496852}, "angles": {"865_861_0": 86.08882817526751, "865_915_0": 89.65727367587971, "865_835_0": 184.25389814885278}, "adj_sorted": [[865, 861, 0], [865, 915, 0], [865, 835, 0]], "type": "T", "n_corners": 2}, "geometry": {"type": "Point", "coordinates": [19.0059468, 47.52560280000006]}}, {"id": "775", "type": "Feature", "properties": {"x": 4997179.867595766, "y": 2755379.710307965, "bearings": {"775_837_0": -14.844275244171216, "775_735_0": 164.2649744799077, "775_784_0": 71.91782935925649}, "angles": {"775_837_0": 180.89075027592108, "775_784_0": 86.7621046034277, "775_735_0": 92.3471451206512}, "adj_sorted": [[775, 837, 0], [775, 784, 0], [775, 735, 0]], "type": "T", "n_corners": 2}, "geometry": {"type": "Point", "coordinates": [19.0010358, 47.54129370000004]}}, {"id": "837", "type": "Feature", "properties": {"x": 4997592.997462636, "y": 2755308.428274735, "bearings": {"837_775_0": 171.22569033643055, "837_955_0": -8.774309658797298, "837_846_0": 81.22569033666285}, "angles": {"837_955_0": 180.00000000477215, "837_846_0": 89.99999999546014, "837_775_0": 89.9999999997677}, "adj_sorted": [[837, 955, 0], [837, 846, 0], [837, 775, 0]], "type": "T", "n_corners": 2}, "geometry": {"type": "Point", "coordinates": [19.006375814261926, 47.54020602722913]}}, {"id": "735", "type": "Feature", "properties": {"x": 4996823.832543581, "y": 2755529.0203897567, "bearings": {"735_775_0": -24.741447258883504, "735_744_0": 78.83691640206493, "735_701_0": 154.32351806046867}, "angles": {"735_775_0": 180.93503468064782, "735_744_0": 103.57836366094844, "735_701_0": 75.48660165840374}, "adj_sorted": [[735, 775, 0], [735, 744, 0], [735, 701, 0]], "type": "T", "n_corners": 2}, "geometry": {"type": "Point", "coordinates": [18.996570999999992, 47.543015100000055]}}, {"id": "784", "type": "Feature", "properties": {"x": 4997239.6948672505, "y": 2755562.8068167972, "bearings": {"784_775_0": -108.08187871358734, "784_846_0": -19.757952990514127, "784_750_0": 161.9961085566545}, "angles": {"784_775_0": 89.9220127297582, "784_846_0": 88.32392572307322, "784_750_0": 181.75406154716862}, "adj_sorted": [[784, 775, 0], [784, 846, 0], [784, 750, 0]], "type": "T", "n_corners": 2}, "geometry": {"type": "Point", "coordinates": [19.0021117, 47.542862299999996]}}, {"id": "955", "type": "Feature", "properties": {"x": 4998178.024746242, "y": 2755077.897579222, "bearings": {"955_837_0": 136.63993871781284, "955_967_0": -43.102192765216095, "955_948_0": -147.6917204704811}, "angles": {"955_948_0": 75.66834081170606, "955_967_0": 104.589527705265, "955_837_0": 179.74213148302894}, "adj_sorted": [[955, 948, 0], [955, 967, 0], [955, 837, 0]], "type": "T", "n_corners": 2}, "geometry": {"type": "Point", "coordinates": [19.013734399999993, 47.53750890000006]}}, {"id": "846", "type": "Feature", "properties": {"x": 4997650.3992504245, "y": 2755417.1944974014, "bearings": {"846_837_0": -116.51227480874051, "846_784_0": 160.888217306707, "846_748_0": 60.73145564269555}, "angles": {"846_837_0": 82.59950788455251, "846_748_0": 177.24373045143608, "846_784_0": 100.15676166401144}, "adj_sorted": [[846, 837, 0], [846, 748, 0], [846, 784, 0]], "type": "T", "n_corners": 2}, "geometry": {"type": "Point", "coordinates": [19.007303499999995, 47.5411139]}}, {"id": "967", "type": "Feature", "properties": {"x": 4998270.129802633, "y": 2754977.984900657, "bearings": {"967_955_0": 122.23038127409474, "967_972_0": -64.41014509395036, "967_949_0": -149.32573955202378}, "angles": {"967_949_0": 88.4438791738815, "967_972_0": 84.91559445807341, "967_955_0": 186.6405263680451}, "adj_sorted": [[967, 949, 0], [967, 972, 0], [967, 955, 0]], "type": "T", "n_corners": 2}, "geometry": {"type": "Point", "coordinates": [19.014793199999996, 47.5365165]}}, {"id": "948", "type": "Feature", "properties": {"x": 4998144.47211744, "y": 2755053.389131763, "bearings": {"948_955_0": 50.00279993699755, "948_917_0": -146.03158635973878, "948_922_0": -96.86720141666386}, "angles": {"948_917_0": 163.96561370326367, "948_922_0": 49.16438494307492, "948_955_0": 146.8700013536614}, "adj_sorted": [[948, 917, 0], [948, 922, 0], [948, 955, 0]], "type": "Y", "n_corners": 3}, "geometry": {"type": "Point", "coordinates": [19.013253300000002, 47.53732690000002]}}, {"id": "849", "type": "Feature", "properties": {"x": 4997676.816843671, "y": 2754252.252867994, "bearings": {"849_860_0": -53.333891443388836, "849_888_0": 26.613317570840753, "849_840_0": 126.46337988370404}, "angles": {"849_860_0": 180.20272867290714, "849_888_0": 79.94720901422959, "849_840_0": 99.85006231286329}, "adj_sorted": [[849, 860, 0], [849, 888, 0], [849, 840, 0]], "type": "T", "n_corners": 2}, "geometry": {"type": "Point", "coordinates": [19.005829099999996, 47.530689]}}, {"id": "927", "type": "Feature", "properties": {"x": 4998042.797481912, "y": 2752390.3306511077, "bearings": {"927_910_0": 96.19636331926291, "927_929_0": -83.80363667565014, "927_952_0": -17.890840372056406}, "angles": {"927_929_0": 180.00000000508695, "927_952_0": 65.91279630359374, "927_910_0": 114.08720369131932}, "adj_sorted": [[927, 929, 0], [927, 952, 0], [927, 910, 0]], "type": "T", "n_corners": 2}, "geometry": {"type": "Point", "coordinates": [19.007744224886558, 47.51367283098962]}}, {"id": "910", "type": "Feature", "properties": {"x": 4997968.969163705, "y": 2752471.0160262454, "bearings": {"910_927_0": -43.95331186526941, "910_906_0": 138.40651298518557, "910_924_0": 49.38709360205776}, "angles": {"910_927_0": 177.64017514954503, "910_924_0": 93.34040546732717, "910_906_0": 89.01941938312781}, "adj_sorted": [[910, 927, 0], [910, 924, 0], [910, 906, 0]], "type": "T", "n_corners": 2}, "geometry": {"type": "Point", "coordinates": [19.00689669999999, 47.514473599999995]}}, {"id": "929", "type": "Feature", "properties": {"x": 4998048.963582919, "y": 2752278.5342897004, "bearings": {"929_927_0": 104.49754806091808, "929_933_0": -69.15081816198258, "929_893_0": -159.93859763484622}, "angles": {"929_893_0": 95.56385430423569, "929_933_0": 90.78777947286363, "929_927_0": 173.64836622290068}, "adj_sorted": [[929, 893, 0], [929, 933, 0], [929, 927, 0]], "type": "T", "n_corners": 2}, "geometry": {"type": "Point", "coordinates": [19.007650699999992, 47.51266840000006]}}, {"id": "952", "type": "Feature", "properties": {"x": 4998167.03435686, "y": 2752447.9955708655, "bearings": {"952_927_0": 143.21540698423686, "952_977_0": -36.78459301441575, "952_956_0": 53.215406985086446}, "angles": {"952_977_0": 180.0000000013474, "952_956_0": 89.9999999995022, "952_927_0": 89.99999999915042}, "adj_sorted": [[952, 977, 0], [952, 956, 0], [952, 927, 0]], "type": "T", "n_corners": 2}, "geometry": {"type": "Point", "coordinates": [19.009472959672248, 47.514051588895875]}}, {"id": "906", "type": "Feature", "properties": {"x": 4997953.427906133, "y": 2752484.811041527, "bearings": {"906_910_0": -41.59348701481442, "906_893_0": -126.97641992853269, "906_897_0": 145.87545186299414}, "angles": {"906_893_0": 87.14812820847317, "906_910_0": 85.38293291371826, "906_897_0": 187.46893887780857}, "adj_sorted": [[906, 893, 0], [906, 910, 0], [906, 897, 0]], "type": "T", "n_corners": 2}, "geometry": {"type": "Point", "coordinates": [19.0067133, 47.514613700000034]}}, {"id": "933", "type": "Feature", "properties": {"x": 4998053.522047514, "y": 2752266.5650070445, "bearings": {"933_929_0": 110.84918183801742, "933_909_0": -151.74509565563432, "933_947_0": -62.44720230525001}, "angles": {"933_909_0": 97.4057225063483, "933_947_0": 89.2978933503843, "933_929_0": 173.29638414326743}, "adj_sorted": [[933, 909, 0], [933, 947, 0], [933, 929, 0]], "type": "T", "n_corners": 2}, "geometry": {"type": "Point", "coordinates": [19.0076921, 47.512556600000025]}}, {"id": "893", "type": "Feature", "properties": {"x": 4997883.307247635, "y": 2752391.586171409, "bearings": {"893_929_0": -38.60382402925374, "893_906_0": 53.05188211307028, "893_870_0": -125.39820764848793, "893_881_0": 141.97176471678745}, "angles": {"893_870_0": 92.63002763472463, "893_929_0": 86.7943836192342, "893_906_0": 91.65570614232402, "893_881_0": 88.91988260371717}, "adj_sorted": [[893, 870, 0], [893, 929, 0], [893, 906, 0], [893, 881, 0]], "type": "X", "n_corners": 4}, "geometry": {"type": "Point", "coordinates": [19.00564269999999, 47.51385840000001]}}, {"id": "977", "type": "Feature", "properties": {"x": 4998370.007325023, "y": 2752319.4575218027, "bearings": {"977_952_0": 156.87631930574096, "977_1010_0": -22.741861516813227, "977_989_0": 60.494654212806}, "angles": {"977_1010_0": 180.3818191774458, "977_989_0": 83.23651572961923, "977_952_0": 96.38166509293497}, "adj_sorted": [[977, 1010, 0], [977, 989, 0], [977, 952, 0]], "type": "T", "n_corners": 2}, "geometry": {"type": "Point", "coordinates": [19.011948799999995, 47.512682500000004]}}, {"id": "956", "type": "Feature", "properties": {"x": 4998180.602730673, "y": 2752466.1429621293, "bearings": {"956_952_0": -126.78459301491357, "956_914_0": 106.1202362947623, "956_962_0": 26.310221672949055}, "angles": {"956_952_0": 127.09517069032415, "956_962_0": 153.09481468786262, "956_914_0": 79.81001462181324}, "adj_sorted": [[956, 952, 0], [956, 962, 0], [956, 914, 0]], "type": "Y", "n_corners": 3}, "geometry": {"type": "Point", "coordinates": [19.009680300000003, 47.51419870000004]}}, {"id": "932", "type": "Feature", "properties": {"x": 4998053.104977334, "y": 2752070.4509594897, "bearings": {"932_954_0": -42.91085697912973, "932_909_0": 139.19865932386546, "932_947_0": 50.84082102909261}, "angles": {"932_954_0": 177.8904836970048, "932_947_0": 93.75167800822234, "932_909_0": 88.35783829477285}, "adj_sorted": [[932, 954, 0], [932, 947, 0], [932, 909, 0]], "type": "T", "n_corners": 2}, "geometry": {"type": "Point", "coordinates": [19.007379900000007, 47.510806900000034]}}, {"id": "954", "type": "Feature", "properties": {"x": 4998174.4191056425, "y": 2751989.674094261, "bearings": {"954_932_0": -177.60252934333502, "954_961_0": 92.39747065133962, "954_982_0": 2.397470649879696}, "angles": {"954_932_0": 90.00000000532538, "954_982_0": 179.99999999321471, "954_961_0": 90.00000000145992}, "adj_sorted": [[954, 932, 0], [954, 982, 0], [954, 961, 0]], "type": "T", "n_corners": 2}, "geometry": {"type": "Point", "coordinates": [19.008853454708827, 47.50995338577447]}}, {"id": "909", "type": "Feature", "properties": {"x": 4997958.547719652, "y": 2752152.074456038, "bearings": {"909_933_0": 49.36648362310505, "909_932_0": -40.80134067613455, "909_870_0": 141.10057235934525}, "angles": {"909_932_0": 178.0980869645202, "909_933_0": 90.1678242992396, "909_870_0": 91.73408873624021}, "adj_sorted": [[909, 932, 0], [909, 933, 0], [909, 870, 0]], "type": "T", "n_corners": 2}, "geometry": {"type": "Point", "coordinates": [19.006260499999993, 47.511638700000006]}}, {"id": "947", "type": "Feature", "properties": {"x": 4998140.468960748, "y": 2752177.6346384604, "bearings": {"947_933_0": 144.83683151331675, "947_932_0": -129.1791920640436, "947_961_0": -28.630141214041146}, "angles": {"947_932_0": 85.98397642263967, "947_961_0": 100.54905085000246, "947_933_0": 173.4669727273579}, "adj_sorted": [[947, 932, 0], [947, 961, 0], [947, 933, 0]], "type": "T", "n_corners": 2}, "geometry": {"type": "Point", "coordinates": [19.008699699999994, 47.51166790000003]}}, {"id": "961", "type": "Feature", "properties": {"x": 4998240.23375958, "y": 2752124.49789028, "bearings": {"961_954_0": -126.99883489605577, "961_947_0": 151.9663689029852, "961_966_0": -29.2707646448376, "961_983_0": 56.81937633475419}, "angles": {"961_954_0": 81.03479620095902, "961_966_0": 97.72807025121817, "961_983_0": 86.0901409795918, "961_947_0": 95.14699256823101}, "adj_sorted": [[961, 954, 0], [961, 966, 0], [961, 983, 0], [961, 947, 0]], "type": "X", "n_corners": 4}, "geometry": {"type": "Point", "coordinates": [19.009932300000006, 47.51108459999999]}}, {"id": "982", "type": "Feature", "properties": {"x": 4998400.737951276, "y": 2752012.560076811, "bearings": {"982_954_0": -177.96165055232612, "982_966_0": 141.90000170709584, "982_1046_0": -2.208179683519617}, "angles": {"982_954_0": 40.13834774057807, "982_1046_0": 175.75347086880652, "982_966_0": 144.10818139061544}, "adj_sorted": [[982, 954, 0], [982, 1046, 0], [982, 966, 0]], "type": "Y", "n_corners": 2}, "geometry": {"type": "Point", "coordinates": [19.011873899999998, 47.5099101]}}, {"id": "966", "type": "Feature", "properties": {"x": 4998269.418405331, "y": 2752108.139806457, "bearings": {"966_961_0": 150.72923535516242, "966_982_0": -29.823182353956113, "966_983_0": 55.19147276741416}, "angles": {"966_982_0": 179.44758229088148, "966_983_0": 85.01465512137028, "966_961_0": 95.53776258774826}, "adj_sorted": [[966, 982, 0], [966, 983, 0], [966, 961, 0]], "type": "T", "n_corners": 2}, "geometry": {"type": "Point", "coordinates": [19.010291599999995, 47.51090670000003]}}, {"id": "983", "type": "Feature", "properties": {"x": 4998401.403894215, "y": 2752148.0054174988, "bearings": {"983_961_0": 93.81479976560291, "983_966_0": 179.28273771128855, "983_1002_0": -15.034617958052237}, "angles": {"983_1002_0": 165.68264433065923, "983_961_0": 108.84941772365515, "983_966_0": 85.46793794568563}, "adj_sorted": [[983, 1002, 0], [983, 961, 0], [983, 966, 0]], "type": "T", "n_corners": 2}, "geometry": {"type": "Point", "coordinates": [19.0120946, 47.51111810000002]}}, {"id": "1046", "type": "Feature", "properties": {"x": 4998836.900318643, "y": 2751953.3108575707, "bearings": {"1046_982_0": 173.39480747036734, "1046_1041_0": 111.45569002523587, "1046_1053_0": -5.929986171529441}, "angles": {"1046_1053_0": 180.67520635810322, "1046_1041_0": 117.3856761967653, "1046_982_0": 61.93911744513147}, "adj_sorted": [[1046, 1053, 0], [1046, 1041, 0], [1046, 982, 0]], "type": "T", "n_corners": 2}, "geometry": {"type": "Point", "coordinates": [19.017533099999994, 47.50890410000006]}}, {"id": "1010", "type": "Feature", "properties": {"x": 4998580.135046195, "y": 2752230.999115791, "bearings": {"1010_977_0": 156.8124061810657, "1010_1002_0": -111.83963547758977, "1010_1018_0": 64.55610050781817}, "angles": {"1010_1002_0": 91.34795834134451, "1010_1018_0": 176.39573598540795, "1010_977_0": 92.25630567324754}, "adj_sorted": [[1010, 1002, 0], [1010, 1018, 0], [1010, 977, 0]], "type": "T", "n_corners": 2}, "geometry": {"type": "Point", "coordinates": [19.014581599999993, 47.51166320000001]}}, {"id": "989", "type": "Feature", "properties": {"x": 4998427.291784039, "y": 2752420.6854221122, "bearings": {"989_977_0": -119.50534578719402, "989_1018_0": -29.582481879339618, "989_991_0": 60.88182332887485}, "angles": {"989_977_0": 179.61283088393114, "989_1018_0": 89.9228639078544, "989_991_0": 90.46430520821447}, "adj_sorted": [[989, 977, 0], [989, 1018, 0], [989, 991, 0]], "type": "T", "n_corners": 2}, "geometry": {"type": "Point", "coordinates": [19.012862699999992, 47.51352320000003]}}, {"id": "894", "type": "Feature", "properties": {"x": 4997888.6771984715, "y": 2753424.1621359843, "bearings": {"894_963_0": -32.05355699974386, "894_889_0": 142.1354889479912, "894_886_0": -123.68952794189558}, "angles": {"894_886_0": 94.1749831101132, "894_963_0": 91.63597094215172, "894_889_0": 174.18904594773505}, "adj_sorted": [[894, 886, 0], [894, 963, 0], [894, 889, 0]], "type": "T", "n_corners": 2}, "geometry": {"type": "Point", "coordinates": [19.007328500000003, 47.5230674]}}, {"id": "889", "type": "Feature", "properties": {"x": 4997863.90042793, "y": 2753443.4256902155, "bearings": {"889_894_0": -37.864511052008815, "889_918_0": 52.431065805442394, "889_879_0": 143.01744707424723}, "angles": {"889_894_0": 179.11804187374395, "889_918_0": 90.29557685745121, "889_879_0": 90.58638126880484}, "adj_sorted": [[889, 894, 0], [889, 918, 0], [889, 879, 0]], "type": "T", "n_corners": 2}, "geometry": {"type": "Point", "coordinates": [19.007031800000007, 47.523266400000004]}}, {"id": "886", "type": "Feature", "properties": {"x": 4997846.308679074, "y": 2753325.2591946684, "bearings": {"886_894_0": 74.69167070006156, "886_877_0": -99.34467947485214, "886_900_0": -25.995365332569047}, "angles": {"886_877_0": 185.9636498250863, "886_900_0": 73.34931414228309, "886_894_0": 100.68703603263062}, "adj_sorted": [[886, 877, 0], [886, 900, 0], [886, 894, 0]], "type": "T", "n_corners": 2}, "geometry": {"type": "Point", "coordinates": [19.006614900000002, 47.52223110000005]}}, {"id": "957", "type": "Feature", "properties": {"x": 4998190.35168525, "y": 2753475.3960098308, "bearings": {"957_963_0": -75.70634988286395, "957_970_0": 5.098865274287651, "957_918_0": -177.25262943744744}, "angles": {"957_918_0": 177.64850528826491, "957_963_0": 101.54627955458349, "957_970_0": 80.8052151571516}, "adj_sorted": [[957, 918, 0], [957, 963, 0], [957, 970, 0]], "type": "T", "n_corners": 2}, "geometry": {"type": "Point", "coordinates": [19.011388100000005, 47.52319470000001]}}, {"id": "971", "type": "Feature", "properties": {"x": 4998321.057773631, "y": 2753148.132310618, "bearings": {"971_963_0": 135.28327378748372, "971_978_0": -56.69609037895377, "971_1017_0": 37.22543387730922}, "angles": {"971_978_0": 168.0206358335625, "971_1017_0": 93.92152425626298, "971_963_0": 98.0578399101745}, "adj_sorted": [[971, 978, 0], [971, 1017, 0], [971, 963, 0]], "type": "T", "n_corners": 2}, "geometry": {"type": "Point", "coordinates": [19.012599999999996, 47.52013120000004]}}, {"id": "946", "type": "Feature", "properties": {"x": 4998140.373002911, "y": 2753081.028245405, "bearings": {"946_963_0": 54.15963311705693, "946_941_0": -127.34998900691852, "946_960_0": -20.66671623020724, "946_880_0": 161.5061285285343}, "angles": {"946_941_0": 71.14388246454718, "946_960_0": 106.68327277671128, "946_963_0": 74.82634934726417, "946_880_0": 107.34649541147738}, "adj_sorted": [[946, 941, 0], [946, 960, 0], [946, 963, 0], [946, 880, 0]], "type": "X", "n_corners": 4}, "geometry": {"type": "Point", "coordinates": [19.010111699999996, 47.51973000000002]}}, {"id": "918", "type": "Feature", "properties": {"x": 4997989.408582114, "y": 2753624.3555957987, "bearings": {"918_889_0": -122.38680396593205, "918_957_0": -45.21735701887577, "918_915_0": 150.4527976612586}, "angles": {"918_889_0": 87.16039837280937, "918_957_0": 77.16944694705629, "918_915_0": 195.67015468013435}, "adj_sorted": [[918, 889, 0], [918, 957, 0], [918, 915, 0]], "type": "other", "n_corners": 3}, "geometry": {"type": "Point", "coordinates": [19.008970499999997, 47.5247438]}}, {"id": "1078", "type": "Feature", "properties": {"x": 4999041.502228193, "y": 2754205.6889847186, "bearings": {"1078_1045_0": -171.70111231800087, "1078_1085_0": 6.787624837578689, "1078_1076_0": -97.20615082714154}, "angles": {"1078_1045_0": 181.51126284442046, "1078_1076_0": 74.49496149085932, "1078_1085_0": 103.99377566472023}, "adj_sorted": [[1078, 1045, 0], [1078, 1076, 0], [1078, 1085, 0]], "type": "T", "n_corners": 2}, "geometry": {"type": "Point", "coordinates": [19.0237601, 47.52878010000002]}}, {"id": "1049", "type": "Feature", "properties": {"x": 4998859.052553353, "y": 2752599.943873306, "bearings": {"1049_1069_0": -40.90441879821578, "1049_1038_0": -132.69395132441537, "1049_1031_0": 140.94433020326434}, "angles": {"1049_1038_0": 86.36171847232026, "1049_1069_0": 91.7895325261996, "1049_1031_0": 181.84874900148012}, "adj_sorted": [[1049, 1038, 0], [1049, 1069, 0], [1049, 1031, 0]], "type": "T", "n_corners": 2}, "geometry": {"type": "Point", "coordinates": [19.0188377, 47.514650399999994]}}, {"id": "1070", "type": "Feature", "properties": {"x": 4998994.852485525, "y": 2752458.625118092, "bearings": {"1070_1069_0": 92.52886264292968, "1070_1096_0": 5.249015763718614, "1070_1062_0": -103.32078823823423}, "angles": {"1070_1062_0": 164.1503491188361, "1070_1096_0": 108.56980400195285, "1070_1069_0": 87.27984687921106}, "adj_sorted": [[1070, 1062, 0], [1070, 1096, 0], [1070, 1069, 0]], "type": "Y", "n_corners": 3}, "geometry": {"type": "Point", "coordinates": [19.020407399999996, 47.513240600000024]}}, {"id": "1053", "type": "Feature", "properties": {"x": 4998880.347743091, "y": 2751949.249589595, "bearings": {"1053_1074_0": -4.390154416166401, "1053_1046_0": 175.8041561743166, "1053_1073_0": 64.84638105116669}, "angles": {"1053_1074_0": 179.805689409517, "1053_1073_0": 69.23653546733308, "1053_1046_0": 110.95777512314991}, "adj_sorted": [[1053, 1074, 0], [1053, 1073, 0], [1053, 1046, 0]], "type": "T", "n_corners": 2}, "geometry": {"type": "Point", "coordinates": [19.018099699999997, 47.50882030000004]}}, {"id": "1086", "type": "Feature", "properties": {"x": 4999109.872229484, "y": 2752143.220281077, "bearings": {"1086_1074_0": -116.1337213249727, "1086_1100_0": -44.73345055637743, "1086_1073_0": 145.21247908191216}, "angles": {"1086_1074_0": 98.65379959311514, "1086_1100_0": 71.40027076859528, "1086_1073_0": 189.94592963828958}, "adj_sorted": [[1086, 1074, 0], [1086, 1100, 0], [1086, 1073, 0]], "type": "Y", "n_corners": 2}, "geometry": {"type": "Point", "coordinates": [19.02143029999999, 47.51030000000003]}}, {"id": "1112", "type": "Feature", "properties": {"x": 4999233.362255138, "y": 2753245.637476358, "bearings": {"1112_1115_0": 81.629708526633, "1112_1155_0": -8.202497995692141, "1112_1107_0": -112.16523959785337}, "angles": {"1112_1107_0": 166.20505187551362, "1112_1155_0": 103.96274160216123, "1112_1115_0": 89.83220652232514}, "adj_sorted": [[1112, 1107, 0], [1112, 1155, 0], [1112, 1115, 0]], "type": "T", "n_corners": 2}, "geometry": {"type": "Point", "coordinates": [19.024786199999994, 47.520002600000026]}}, {"id": "1109", "type": "Feature", "properties": {"x": 4999231.484119636, "y": 2753438.496600336, "bearings": {"1109_1097_0": 161.38742623864835, "1109_1115_0": -39.173196512844164, "1109_1127_0": 63.90144526031299}, "angles": {"1109_1115_0": 159.4393772485075, "1109_1127_0": 103.07464177315715, "1109_1097_0": 97.48598097833536}, "adj_sorted": [[1109, 1115, 0], [1109, 1127, 0], [1109, 1097, 0]], "type": "Y", "n_corners": 3}, "geometry": {"type": "Point", "coordinates": [19.025063700000004, 47.521725700000005]}}, {"id": "1124", "type": "Feature", "properties": {"x": 4999280.456282044, "y": 2753313.4101851364, "bearings": {"1124_1115_0": 164.74782639696235, "1124_1135_0": -12.719807343285007, "1124_1137_0": 77.87168545704151}, "angles": {"1124_1135_0": 182.53236625975265, "1124_1137_0": 90.59149280032652, "1124_1115_0": 86.87614093992084}, "adj_sorted": [[1124, 1135, 0], [1124, 1137, 0], [1124, 1115, 0]], "type": "T", "n_corners": 2}, "geometry": {"type": "Point", "coordinates": [19.0255136, 47.52055580000003]}}, {"id": "1127", "type": "Feature", "properties": {"x": 4999317.41180397, "y": 2753689.806697494, "bearings": {"1127_1120_0": 157.90371769174857, "1127_1109_0": -108.62321897788755, "1127_1151_0": -18.51561642299196}, "angles": {"1127_1109_0": 93.47306333036386, "1127_1151_0": 90.10760255489558, "1127_1120_0": 176.41933411474054}, "adj_sorted": [[1127, 1109, 0], [1127, 1151, 0], [1127, 1120, 0]], "type": "T", "n_corners": 2}, "geometry": {"type": "Point", "coordinates": [19.0265911, 47.52387420000003]}}, {"id": "1179", "type": "Feature", "properties": {"x": 4999632.752136306, "y": 2752667.210274646, "bearings": {"1179_1142_0": 138.0502617486589, "1179_1185_0": -72.94261952590267, "1179_1188_0": -29.10253257217199}, "angles": {"1179_1185_0": 149.00711872543843, "1179_1188_0": 43.840086953730676, "1179_1142_0": 167.15279432083088}, "adj_sorted": [[1179, 1185, 0], [1179, 1188, 0], [1179, 1142, 0]], "type": "Y", "n_corners": 2}, "geometry": {"type": "Point", "coordinates": [19.029147200000008, 47.51440320000002]}}, {"id": "1148", "type": "Feature", "properties": {"x": 4999470.200530813, "y": 2752937.09108199, "bearings": {"1148_1142_0": -101.80277917706123, "1148_1150_0": 82.93096847997406, "1148_1162_0": -14.74157901839955}, "angles": {"1148_1142_0": 175.26625234296472, "1148_1162_0": 87.06120015866168, "1148_1150_0": 97.6725474983736}, "adj_sorted": [[1148, 1142, 0], [1148, 1162, 0], [1148, 1150, 0]], "type": "T", "n_corners": 2}, "geometry": {"type": "Point", "coordinates": [19.027426399999996, 47.5169897]}}, {"id": "1188", "type": "Feature", "properties": {"x": 4999687.016037826, "y": 2752636.682249178, "bearings": {"1188_1218_0": -32.47239601417578, "1188_1179_0": 150.2770167854808, "1188_1200_0": 55.57338659888381}, "angles": {"1188_1218_0": 177.2505872003434, "1188_1200_0": 88.04578261305959, "1188_1179_0": 94.703630186597}, "adj_sorted": [[1188, 1218, 0], [1188, 1200, 0], [1188, 1179, 0]], "type": "T", "n_corners": 2}, "geometry": {"type": "Point", "coordinates": [19.029815, 47.514071300000055]}}, {"id": "1162", "type": "Feature", "properties": {"x": 4999555.268992143, "y": 2752910.2439901545, "bearings": {"1162_1148_0": 161.8068881190246, "1162_1164_0": 77.68914081260532, "1162_1184_0": -18.02189315413754}, "angles": {"1162_1184_0": 180.17121872683788, "1162_1164_0": 95.71103396674286, "1162_1148_0": 84.11774730641928}, "adj_sorted": [[1162, 1184, 0], [1162, 1164, 0], [1162, 1148, 0]], "type": "T", "n_corners": 2}, "geometry": {"type": "Point", "coordinates": [19.028506299999997, 47.51665690000005]}}, {"id": "1182", "type": "Feature", "properties": {"x": 4999659.863453494, "y": 2753786.50349362, "bearings": {"1182_1172_0": 154.08343775727113, "1182_1206_0": -115.91656224320957, "1182_1220_0": -25.916562245757518}, "angles": {"1182_1206_0": 89.99999999951933, "1182_1220_0": 89.99999999745205, "1182_1172_0": 180.00000000302865}, "adj_sorted": [[1182, 1206, 0], [1182, 1220, 0], [1182, 1172, 0]], "type": "T", "n_corners": 2}, "geometry": {"type": "Point", "coordinates": [19.031260036233192, 47.52436177597473]}}, {"id": "1206", "type": "Feature", "properties": {"x": 4999762.961598987, "y": 2753597.047780983, "bearings": {"1206_1182_0": 94.70079549785878, "1206_1220_0": 20.610775525747403, "1206_1169_0": 143.08718890164263, "1206_1165_0": -154.4569711634988}, "angles": {"1206_1165_0": 62.455839934858545, "1206_1220_0": 175.0677466892462, "1206_1182_0": 74.09001997211138, "1206_1169_0": 48.386393403783856}, "adj_sorted": [[1206, 1165, 0], [1206, 1220, 0], [1206, 1182, 0], [1206, 1169, 0]], "type": "X", "n_corners": 3}, "geometry": {"type": "Point", "coordinates": [19.0323228, 47.52255809999999]}}, {"id": "1220", "type": "Feature", "properties": {"x": 4999830.512280107, "y": 2753622.4594419072, "bearings": {"1220_1182_0": 51.65992733726097, "1220_1206_0": -159.37381121375424, "1220_1199_0": -117.42203626550129, "1220_1249_0": 10.729502156051069}, "angles": {"1220_1206_0": 148.9662614489848, "1220_1199_0": 41.95177494825295, "1220_1249_0": 128.15153842155235, "1220_1182_0": 40.9304251812099}, "adj_sorted": [[1220, 1206, 0], [1220, 1199, 0], [1220, 1249, 0], [1220, 1182, 0]], "type": "other", "n_corners": 4}, "geometry": {"type": "Point", "coordinates": [19.033253699999992, 47.52271080000003]}}, {"id": "1160", "type": "Feature", "properties": {"x": 4999548.8294309005, "y": 2753705.540836613, "bearings": {"1160_1172_0": 60.919036263436475, "1160_1169_0": -28.93572116184619, "1160_1151_0": 166.61329125432903}, "angles": {"1160_1169_0": 164.45098758382477, "1160_1172_0": 89.85475742528266, "1160_1151_0": 105.69425499089255}, "adj_sorted": [[1160, 1169, 0], [1160, 1172, 0], [1160, 1151, 0]], "type": "Y", "n_corners": 3}, "geometry": {"type": "Point", "coordinates": [19.029668400000002, 47.523761]}}, {"id": "1169", "type": "Feature", "properties": {"x": 4999599.0209730305, "y": 2753665.962715982, "bearings": {"1169_1206_0": -11.630484651423952, "1169_1160_0": 136.32288785648302, "1169_1168_0": -95.92965126046796}, "angles": {"1169_1168_0": 127.74746088304903, "1169_1206_0": 84.29916660904401, "1169_1160_0": 147.95337250790698}, "adj_sorted": [[1169, 1168, 0], [1169, 1206, 0], [1169, 1160, 0]], "type": "Y", "n_corners": 3}, "geometry": {"type": "Point", "coordinates": [19.0302684, 47.52335280000002]}}, {"id": "1165", "type": "Feature", "properties": {"x": 4999588.784675555, "y": 2753489.3528186483, "bearings": {"1165_1206_0": 39.51876401200344, "1165_1168_0": 73.78114707402845, "1165_1157_0": -114.00629160927376}, "angles": {"1165_1157_0": 172.2125613166978, "1165_1206_0": 153.5250556212772, "1165_1168_0": 34.262383062025016}, "adj_sorted": [[1165, 1157, 0], [1165, 1206, 0], [1165, 1168, 0]], "type": "Y", "n_corners": 2}, "geometry": {"type": "Point", "coordinates": [19.0298564, 47.52178800000001]}}, {"id": "1199", "type": "Feature", "properties": {"x": 4999744.041331105, "y": 2753434.2069866103, "bearings": {"1199_1220_0": 88.38131247294275, "1199_1203_0": -79.14435685393136, "1199_1219_0": 49.541457952639135}, "angles": {"1199_1203_0": 192.4743306731259, "1199_1219_0": 128.68581480657048, "1199_1220_0": 38.83985452030362}, "adj_sorted": [[1199, 1203, 0], [1199, 1219, 0], [1199, 1220, 0]], "type": "Y", "n_corners": 2}, "geometry": {"type": "Point", "coordinates": [19.0318178, 47.521125700000006]}}, {"id": "1249", "type": "Feature", "properties": {"x": 4999939.6378962705, "y": 2753635.376362578, "bearings": {"1249_1220_0": -174.38847487674138, "1249_1247_0": -99.5304950353191, "1249_1248_0": 80.6872327332557}, "angles": {"1249_1220_0": 104.9242923900029, "1249_1247_0": 74.85797984142228, "1249_1248_0": 180.2177277685748}, "adj_sorted": [[1249, 1220, 0], [1249, 1247, 0], [1249, 1248, 0]], "type": "T", "n_corners": 2}, "geometry": {"type": "Point", "coordinates": [19.034713399999994, 47.52270640000005]}}, {"id": "1213", "type": "Feature", "properties": {"x": 4999802.116559761, "y": 2754212.044976105, "bearings": {"1213_1210_0": -111.38965941883643, "1213_1193_0": 168.96179653947527, "1213_1275_0": -10.489387111731164}, "angles": {"1213_1210_0": 79.6485440416883, "1213_1275_0": 100.90027230710527, "1213_1193_0": 179.45118365120643}, "adj_sorted": [[1213, 1210, 0], [1213, 1275, 0], [1213, 1193, 0]], "type": "T", "n_corners": 2}, "geometry": {"type": "Point", "coordinates": [19.0338042, 47.52800320000005]}}, {"id": "1275", "type": "Feature", "properties": {"x": 5000084.877922273, "y": 2754200.607456699, "bearings": {"1275_1213_0": -178.49779378589753, "1275_1288_0": -1.940500331514629, "1275_1273_0": -89.34679242851506}, "angles": {"1275_1213_0": 183.4427065456171, "1275_1273_0": 89.15100135738247, "1275_1288_0": 87.40629209700043}, "adj_sorted": [[1275, 1213, 0], [1275, 1273, 0], [1275, 1288, 0]], "type": "T", "n_corners": 2}, "geometry": {"type": "Point", "coordinates": [19.037516399999998, 47.527591000000015]}}, {"id": "1168", "type": "Feature", "properties": {"x": 4999599.010246021, "y": 2753533.4271890493, "bearings": {"1168_1169_0": 93.54648355228949, "1168_1165_0": -88.24697896671522, "1168_1152_0": 163.74849053968862}, "angles": {"1168_1165_0": 108.00453049359618, "1168_1169_0": 181.79346251900472, "1168_1152_0": 70.20200698739913}, "adj_sorted": [[1168, 1165, 0], [1168, 1169, 0], [1168, 1152, 0]], "type": "T", "n_corners": 2}, "geometry": {"type": "Point", "coordinates": [19.0300604, 47.52217010000004]}}, {"id": "1203", "type": "Feature", "properties": {"x": 4999750.394235171, "y": 2753406.221427307, "bearings": {"1203_1199_0": 106.87585988701406, "1203_1177_0": -159.21740443092236, "1203_1232_0": -60.43721022921522, "1203_1258_0": 15.497299414368799}, "angles": {"1203_1177_0": 93.90673568206358, "1203_1232_0": 98.78019420170713, "1203_1258_0": 75.93450964358402, "1203_1199_0": 91.37856047264526}, "adj_sorted": [[1203, 1177, 0], [1203, 1232, 0], [1203, 1258, 0], [1203, 1199, 0]], "type": "other", "n_corners": 4}, "geometry": {"type": "Point", "coordinates": [19.0318577, 47.52086900000001]}}, {"id": "1276", "type": "Feature", "properties": {"x": 5000094.909275905, "y": 2752216.0845561153, "bearings": {"1276_1278_0": -85.91680333151285, "1276_1267_0": 99.11782972601864, "1276_1295_0": 8.775133446714067}, "angles": {"1276_1278_0": 174.9653669424685, "1276_1295_0": 94.69193677822692, "1276_1267_0": 90.34269627930458}, "adj_sorted": [[1276, 1278, 0], [1276, 1295, 0], [1276, 1267, 0]], "type": "T", "n_corners": 2}, "geometry": {"type": "Point", "coordinates": [19.03453469999999, 47.50987079999999]}}, {"id": "1285", "type": "Feature", "properties": {"x": 5000128.269367738, "y": 2752436.831765706, "bearings": {"1285_1290_0": 29.292687790907557, "1285_1267_0": -173.1599729684428, "1285_1306_0": 6.0832003714905545}, "angles": {"1285_1267_0": 157.54733924064965, "1285_1306_0": 179.24317333993335, "1285_1290_0": 23.209487419417}, "adj_sorted": [[1285, 1267, 0], [1285, 1306, 0], [1285, 1290, 0]], "type": "Y", "n_corners": 2}, "geometry": {"type": "Point", "coordinates": [19.03532089999999, 47.5118041]}}, {"id": "1295", "type": "Feature", "properties": {"x": 5000179.8614002885, "y": 2752229.1582436753, "bearings": {"1295_1276_0": -171.2530035646056, "1295_1298_0": -82.50662329161406, "1295_1310_0": 13.419833703435716, "1295_1308_0": 105.68074682838014}, "angles": {"1295_1276_0": 83.06624960701424, "1295_1298_0": 88.74638027299153, "1295_1310_0": 95.92645699504978, "1295_1308_0": 92.26091312494442}, "adj_sorted": [[1295, 1276, 0], [1295, 1298, 0], [1295, 1310, 0], [1295, 1308, 0]], "type": "X", "n_corners": 4}, "geometry": {"type": "Point", "coordinates": [19.035675499999996, 47.509894300000006]}}, {"id": "1306", "type": "Feature", "properties": {"x": 5000254.41913471, "y": 2752451.339638225, "bearings": {"1306_1322_0": 7.27650002549966, "1306_1285_0": -173.94174205810694, "1306_1308_0": -83.26266804131207}, "angles": {"1306_1285_0": 178.7817579163934, "1306_1308_0": 90.67907401679487, "1306_1322_0": 90.53916806681173}, "adj_sorted": [[1306, 1285, 0], [1306, 1308, 0], [1306, 1322, 0]], "type": "T", "n_corners": 2}, "geometry": {"type": "Point", "coordinates": [19.037007300000003, 47.51179519999999]}}, {"id": "2", "type": "Feature", "properties": {"x": 4991658.522917707, "y": 2757923.2279553046, "bearings": {"2_12_0": 121.37171181776425, "2_4_0": -55.961848187311645, "2_0_0": -146.31921870527572}, "angles": {"2_0_0": 92.30906947696002, "2_4_0": 90.35737051796407, "2_12_0": 177.3335600050759}, "adj_sorted": [[2, 0, 0], [2, 4, 0], [2, 12, 0]], "type": "T", "n_corners": 2}, "geometry": {"type": "Point", "coordinates": [18.9321183, 47.57000390000003]}}, {"id": "12", "type": "Feature", "properties": {"x": 4991986.946254162, "y": 2757880.767133033, "bearings": {"12_2_0": 135.84675499596813, "12_20_0": 39.92924489416584, "12_13_0": -52.95787847199354}, "angles": {"12_13_0": 171.19536653203835, "12_20_0": 92.88712336615939, "12_2_0": 95.91751010180229}, "adj_sorted": [[12, 13, 0], [12, 20, 0], [12, 2, 0]], "type": "T", "n_corners": 2}, "geometry": {"type": "Point", "coordinates": [18.936388900000004, 47.56926870000005]}}, {"id": "4", "type": "Feature", "properties": {"x": 4991701.497887259, "y": 2757861.593564733, "bearings": {"4_2_0": 128.3539218276857, "4_10_0": -44.739742773645645, "4_5_0": 31.81382922317103, "4_1_0": -145.34769247018565}, "angles": {"4_1_0": 86.29838570212866, "4_10_0": 100.60794969654, "4_5_0": 76.55357199681667, "4_2_0": 96.54009260451467}, "adj_sorted": [[4, 1, 0], [4, 10, 0], [4, 5, 0], [4, 2, 0]], "type": "X", "n_corners": 4}, "geometry": {"type": "Point", "coordinates": [18.932589999999998, 47.56940720000001]}}, {"id": "20", "type": "Feature", "properties": {"x": 4992078.720303085, "y": 2757957.5817746217, "bearings": {"20_12_0": -140.07075510583414, "20_35_0": -50.4438512450674, "20_31_0": 36.80961816975738, "20_7_0": 129.699435017162}, "angles": {"20_12_0": 90.22980987700385, "20_35_0": 89.62690386076673, "20_31_0": 87.25346941482478, "20_7_0": 92.8898168474046}, "adj_sorted": [[20, 12, 0], [20, 35, 0], [20, 31, 0], [20, 7, 0]], "type": "X", "n_corners": 4}, "geometry": {"type": "Point", "coordinates": [18.937720099999996, 47.56985470000001]}}, {"id": "54", "type": "Feature", "properties": {"x": 4992274.704510947, "y": 2755315.764322773, "bearings": {"54_40_0": 147.74882990633262, "54_64_0": 11.879155892255477, "54_57_0": -78.71962103057157}, "angles": {"54_57_0": 133.5315490630958, "54_64_0": 90.59877692282706, "54_40_0": 135.86967401407713}, "adj_sorted": [[54, 57, 0], [54, 64, 0], [54, 40, 0]], "type": "Y", "n_corners": 3}, "geometry": {"type": "Point", "coordinates": [18.936202399999996, 47.54606350000006]}}, {"id": "25", "type": "Feature", "properties": {"x": 4992124.699241083, "y": 2755243.126155086, "bearings": {"25_40_0": 57.39771526220719, "25_39_0": -78.19264809579987, "25_24_0": 156.6976559279858}, "angles": {"25_39_0": 125.10969597621431, "25_40_0": 135.59036335800707, "25_24_0": 99.29994066577862}, "adj_sorted": [[25, 39, 0], [25, 40, 0], [25, 24, 0]], "type": "Y", "n_corners": 3}, "geometry": {"type": "Point", "coordinates": [18.934109799999998, 47.54557790000006]}}, {"id": "32", "type": "Feature", "properties": {"x": 4992163.873850962, "y": 2755385.2277681357, "bearings": {"32_40_0": -31.729926566441037, "32_24_0": -122.3695108190664, "32_26_0": 148.51356713486587}, "angles": {"32_24_0": 89.11692204606771, "32_40_0": 90.63958425262537, "32_26_0": 180.2434937013069}, "adj_sorted": [[32, 24, 0], [32, 40, 0], [32, 26, 0]], "type": "T", "n_corners": 2}, "geometry": {"type": "Point", "coordinates": [18.9348475, 47.54680369999999]}}, {"id": "148", "type": "Feature", "properties": {"x": 4992731.753436588, "y": 2758149.3532099314, "bearings": {"148_173_0": -115.92196558928032, "148_161_0": 62.73711315284443, "148_182_0": -28.615330179034014}, "angles": {"148_173_0": 181.34092125787527, "148_182_0": 87.3066354102463, "148_161_0": 91.35244333187845}, "adj_sorted": [[148, 173, 0], [148, 182, 0], [148, 161, 0]], "type": "T", "n_corners": 2}, "geometry": {"type": "Point", "coordinates": [18.946641199999995, 47.57085730000003]}}, {"id": "173", "type": "Feature", "properties": {"x": 4992827.1511087185, "y": 2758025.1080290955, "bearings": {"173_148_0": 157.04817515716007, "173_177_0": -23.839916084368664, "173_182_0": 65.56579532474066}, "angles": {"173_177_0": 179.11190875847126, "173_182_0": 89.40571140910933, "173_148_0": 91.48237983241941}, "adj_sorted": [[173, 177, 0], [173, 182, 0], [173, 148, 0]], "type": "T", "n_corners": 2}, "geometry": {"type": "Point", "coordinates": [18.947707499999996, 47.56964480000003]}}, {"id": "161", "type": "Feature", "properties": {"x": 4992777.267374878, "y": 2758237.5266205035, "bearings": {"161_148_0": -117.34125471850817, "161_196_0": -28.232298799576583, "161_206_0": 63.06201306058073}, "angles": {"161_148_0": 179.5967322209111, "161_196_0": 89.10895591893158, "161_206_0": 91.29431186015731}, "adj_sorted": [[161, 148, 0], [161, 196, 0], [161, 206, 0]], "type": "T", "n_corners": 2}, "geometry": {"type": "Point", "coordinates": [18.947379400000003, 47.57159479999999]}}, {"id": "182", "type": "Feature", "properties": {"x": 4992855.725476165, "y": 2758081.7184229726, "bearings": {"182_148_0": 151.384669820966, "182_173_0": -117.48764166126158, "182_196_0": 61.90083249769055}, "angles": {"182_173_0": 91.12768851777241, "182_196_0": 179.38847415895214, "182_148_0": 89.48383732327545}, "adj_sorted": [[182, 173, 0], [182, 196, 0], [182, 148, 0]], "type": "T", "n_corners": 2}, "geometry": {"type": "Point", "coordinates": [18.948172899999996, 47.57011900000006]}}, {"id": "177", "type": "Feature", "properties": {"x": 4992841.948728125, "y": 2758018.561712085, "bearings": {"177_173_0": 156.1196454409267, "177_301_0": -23.051449972914668, "177_168_0": -111.69204922705946}, "angles": {"177_168_0": 92.18830533201384, "177_301_0": 88.64059925414479, "177_173_0": 179.17109541384136}, "adj_sorted": [[177, 168, 0], [177, 301, 0], [177, 173, 0]], "type": "T", "n_corners": 2}, "geometry": {"type": "Point", "coordinates": [18.947892699999993, 47.569570300000045]}}, {"id": "319", "type": "Feature", "properties": {"x": 4993416.864770642, "y": 2753459.846793993, "bearings": {"319_500_0": -107.66853733350678, "319_285_0": 66.19822982587327, "319_153_0": 132.24699322558376}, "angles": {"319_500_0": 120.08446944090946, "319_285_0": 173.86676715938006, "319_153_0": 66.0487633997105}, "adj_sorted": [[319, 500, 0], [319, 285, 0], [319, 153, 0]], "type": "T", "n_corners": 2}, "geometry": {"type": "Point", "coordinates": [18.948390499999995, 47.528259300000045]}}, {"id": "500", "type": "Feature", "properties": {"x": 4994225.906331843, "y": 2753147.0648811003, "bearings": {"500_319_0": 177.9291771819149, "500_609_0": 0.09256070917037638, "500_512_0": 81.92289691248413}, "angles": {"500_609_0": 182.1633835272555, "500_512_0": 81.83033620331376, "500_319_0": 96.00628026943076}, "adj_sorted": [[500, 609, 0], [500, 512, 0], [500, 319, 0]], "type": "T", "n_corners": 2}, "geometry": {"type": "Point", "coordinates": [18.958577699999992, 47.52458840000004]}}, {"id": "285", "type": "Feature", "properties": {"x": 4993290.718353185, "y": 2753737.679426434, "bearings": {"285_246_0": 99.69075417944401, "285_319_0": -76.33537590297334, "285_187_0": 171.94552452437597}, "angles": {"285_319_0": 111.71909957265069, "285_246_0": 176.02613008241735, "285_187_0": 72.25477034493196}, "adj_sorted": [[285, 319, 0], [285, 246, 0], [285, 187, 0]], "type": "T", "n_corners": 2}, "geometry": {"type": "Point", "coordinates": [18.94715800000001, 47.530876000000035]}}, {"id": "609", "type": "Feature", "properties": {"x": 4994981.706192628, "y": 2752913.1395163285, "bearings": {"609_500_0": 172.65520550356732, "609_614_0": -6.500987947624167, "609_611_0": 69.92140630760136}, "angles": {"609_614_0": 180.84380654880852, "609_611_0": 76.42239425522553, "609_500_0": 102.73379919596596}, "adj_sorted": [[609, 614, 0], [609, 611, 0], [609, 500, 0]], "type": "T", "n_corners": 2}, "geometry": {"type": "Point", "coordinates": [18.968184, 47.52167830000001]}}, {"id": "489", "type": "Feature", "properties": {"x": 4994120.904894456, "y": 2755848.487359792, "bearings": {"489_498_0": 129.29357179215265, "489_499_0": -2.321449792041487, "489_476_0": 179.3785999907954}, "angles": {"489_499_0": 178.29995021716311, "489_498_0": 131.61502158419412, "489_476_0": 50.08502819864276}, "adj_sorted": [[489, 499, 0], [489, 498, 0], [489, 476, 0]], "type": "Y", "n_corners": 2}, "geometry": {"type": "Point", "coordinates": [18.961397799999997, 47.54881240000004]}}, {"id": "498", "type": "Feature", "properties": {"x": 4994216.883503994, "y": 2755989.4014809234, "bearings": {"498_489_0": -128.5112481503982, "498_487_0": 143.7578328505048, "498_532_0": -35.12970819675133}, "angles": {"498_489_0": 87.73091899909701, "498_532_0": 93.38153995364686, "498_487_0": 178.88754104725612}, "adj_sorted": [[498, 489, 0], [498, 532, 0], [498, 487, 0]], "type": "T", "n_corners": 2}, "geometry": {"type": "Point", "coordinates": [18.962884099999993, 47.549965600000014]}}, {"id": "499", "type": "Feature", "properties": {"x": 4994220.506679914, "y": 2755844.4495902588, "bearings": {"499_489_0": 177.67855020795852, "499_540_0": -2.0653747350506193, "499_507_0": -75.80103638964326}, "angles": {"499_507_0": 106.52041340239822, "499_540_0": 73.73566165459263, "499_489_0": 179.74392494300915}, "adj_sorted": [[499, 507, 0], [499, 540, 0], [499, 489, 0]], "type": "T", "n_corners": 2}, "geometry": {"type": "Point", "coordinates": [18.962706099999995, 47.54866800000004]}}, {"id": "476", "type": "Feature", "properties": {"x": 4994077.68557142, "y": 2755848.9561123075, "bearings": {"476_489_0": -0.6214000092045883, "476_468_0": 105.931991112894, "476_433_0": 178.7487544980244, "476_480_0": -77.92908099194635}, "angles": {"476_480_0": 103.32216451002927, "476_489_0": 77.30768098274176, "476_468_0": 106.55339112209859, "476_433_0": 72.8167633851304}, "adj_sorted": [[476, 480, 0], [476, 489, 0], [476, 468, 0], [476, 433, 0]], "type": "X", "n_corners": 4}, "geometry": {"type": "Point", "coordinates": [18.9608281, 47.54886360000003]}}, {"id": "487", "type": "Feature", "properties": {"x": 4994118.140395985, "y": 2756062.57636585, "bearings": {"487_498_0": -42.360130327056005, "487_488_0": 126.47472995337465, "487_468_0": -130.87139772310047}, "angles": {"487_468_0": 102.65387232352487, "487_498_0": 88.51126739604447, "487_488_0": 168.83486028043066}, "adj_sorted": [[487, 468, 0], [487, 498, 0], [487, 488, 0]], "type": "T", "n_corners": 2}, "geometry": {"type": "Point", "coordinates": [18.961694799999997, 47.55072610000004]}}, {"id": "532", "type": "Feature", "properties": {"x": 4994353.579498853, "y": 2755890.434715338, "bearings": {"532_498_0": 144.8861223257661, "532_536_0": -50.920430674667905, "532_531_0": 91.53627627079976}, "angles": {"532_536_0": 164.193446999566, "532_531_0": 142.45670694546766, "532_498_0": 53.34984605496635}, "adj_sorted": [[532, 536, 0], [532, 531, 0], [532, 498, 0]], "type": "Y", "n_corners": 3}, "geometry": {"type": "Point", "coordinates": [18.964534099999998, 47.548933600000005]}}, {"id": "484", "type": "Feature", "properties": {"x": 4994110.287812886, "y": 2755496.786789261, "bearings": {"484_467_0": 164.26297260611503, "484_522_0": -18.872602689325348, "484_474_0": -107.70775264839067}, "angles": {"484_474_0": 88.02927474549432, "484_522_0": 88.83514995906532, "484_467_0": 183.1355752954404}, "adj_sorted": [[484, 474, 0], [484, 522, 0], [484, 467, 0]], "type": "T", "n_corners": 2}, "geometry": {"type": "Point", "coordinates": [18.960709899999994, 47.54568510000005]}}, {"id": "522", "type": "Feature", "properties": {"x": 4994330.274368768, "y": 2755419.1756044463, "bearings": {"522_484_0": 161.55400756369195, "522_524_0": 88.17388018446421, "522_523_0": -88.29918637966469}, "angles": {"522_523_0": 110.14680605664336, "522_524_0": 176.47306656412889, "522_484_0": 73.38012737922774}, "adj_sorted": [[522, 523, 0], [522, 524, 0], [522, 484, 0]], "type": "T", "n_corners": 2}, "geometry": {"type": "Point", "coordinates": [18.963492299999995, 47.54475310000002]}}, {"id": "474", "type": "Feature", "properties": {"x": 4994069.111277075, "y": 2755370.4321698793, "bearings": {"474_484_0": 64.33492766698724, "474_523_0": -7.06253256839757, "474_457_0": 165.49114340165556}, "angles": {"474_523_0": 187.44632402994688, "474_484_0": 71.39746023538481, "474_457_0": 101.15621573466832}, "adj_sorted": [[474, 523, 0], [474, 484, 0], [474, 457, 0]], "type": "T", "n_corners": 2}, "geometry": {"type": "Point", "coordinates": [18.9599697, 47.5446022]}}, {"id": "524", "type": "Feature", "properties": {"x": 4994334.9469791, "y": 2755483.3885667766, "bearings": {"524_522_0": -94.39084288137688, "524_525_0": 85.65722909542767, "524_557_0": -29.08699261786169}, "angles": {"524_522_0": 179.95192802319545, "524_557_0": 65.30385026351519, "524_525_0": 114.74422171328936}, "adj_sorted": [[524, 522, 0], [524, 557, 0], [524, 525, 0]], "type": "T", "n_corners": 2}, "geometry": {"type": "Point", "coordinates": [18.963654, 47.54532110000004]}}, {"id": "523", "type": "Feature", "properties": {"x": 4994334.826133737, "y": 2755382.732338609, "bearings": {"523_522_0": 106.72051212629941, "523_474_0": -170.01834261252546, "523_562_0": -60.773114861210544}, "angles": {"523_474_0": 83.2611452611751, "523_562_0": 109.24522775131491, "523_522_0": 167.49362698750997}, "adj_sorted": [[523, 474, 0], [523, 562, 0], [523, 522, 0]], "type": "T", "n_corners": 2}, "geometry": {"type": "Point", "coordinates": [18.9634956, 47.54442290000003]}}, {"id": "614", "type": "Feature", "properties": {"x": 4995115.612853572, "y": 2752875.635843168, "bearings": {"614_609_0": 163.69455837847477, "614_635_0": -17.393279549730927, "614_615_0": 72.48526803425402}, "angles": {"614_635_0": 178.9121620717943, "614_615_0": 89.87854758398495, "614_609_0": 91.20929034422075}, "adj_sorted": [[614, 635, 0], [614, 615, 0], [614, 609, 0]], "type": "T", "n_corners": 2}, "geometry": {"type": "Point", "coordinates": [18.96989199999999, 47.521197799999996]}}, {"id": "611", "type": "Feature", "properties": {"x": 4995053.575272706, "y": 2753053.047094721, "bearings": {"611_609_0": -117.89352456261439, "611_615_0": -26.227724613138403, "611_605_0": 150.13407038850167}, "angles": {"611_609_0": 91.97240504888396, "611_615_0": 91.66579994947598, "611_605_0": 176.36179500164008}, "adj_sorted": [[611, 609, 0], [611, 615, 0], [611, 605, 0]], "type": "T", "n_corners": 2}, "geometry": {"type": "Point", "coordinates": [18.969349999999995, 47.522848700000054]}}, {"id": "635", "type": "Feature", "properties": {"x": 4995538.558888846, "y": 2752782.94446427, "bearings": {"635_653_0": -2.8600599176274546, "635_614_0": 177.47984324594273, "635_615_0": 79.64219429812634}, "angles": {"635_653_0": 179.6600968364298, "635_615_0": 82.5022542157538, "635_614_0": 97.83764894781639}, "adj_sorted": [[635, 653, 0], [635, 615, 0], [635, 614, 0]], "type": "T", "n_corners": 2}, "geometry": {"type": "Point", "coordinates": [18.975326699999997, 47.519909900000066]}}, {"id": "615", "type": "Feature", "properties": {"x": 4995160.158083062, "y": 2753000.536153864, "bearings": {"615_614_0": -110.31991403971945, "615_611_0": 153.7626597663224, "615_635_0": -26.580276507434057}, "angles": {"615_614_0": 95.91742619395814, "615_635_0": 83.7396375322854, "615_611_0": 180.34293627375646}, "adj_sorted": [[615, 614, 0], [615, 635, 0], [615, 611, 0]], "type": "T", "n_corners": 2}, "geometry": {"type": "Point", "coordinates": [18.970674200000005, 47.52226399999999]}}, {"id": "781", "type": "Feature", "properties": {"x": 4997229.669619789, "y": 2752706.470018208, "bearings": {"781_778_0": -129.20582219774755, "781_769_0": 151.1283898642271, "781_782_0": 50.827805326330704}, "angles": {"781_778_0": 79.66578793802535, "781_782_0": 180.03362752407827, "781_769_0": 100.3005845378964}, "adj_sorted": [[781, 778, 0], [781, 782, 0], [781, 769, 0]], "type": "T", "n_corners": 2}, "geometry": {"type": "Point", "coordinates": [18.997513799999997, 47.517382700000006]}}, {"id": "841", "type": "Feature", "properties": {"x": 4997623.577465659, "y": 2752791.119915445, "bearings": {"841_805_0": -128.48691728287625, "841_852_0": -35.66376731586823, "841_834_0": 144.19442880456015}, "angles": {"841_805_0": 87.3186539125636, "841_852_0": 92.82314996700802, "841_834_0": 179.85819612042837}, "adj_sorted": [[841, 805, 0], [841, 852, 0], [841, 834, 0]], "type": "T", "n_corners": 2}, "geometry": {"type": "Point", "coordinates": [19.002841699999998, 47.51770780000003]}}, {"id": "834", "type": "Feature", "properties": {"x": 4997564.417584924, "y": 2752833.7961123763, "bearings": {"834_841_0": -35.805571195439846, "834_843_0": 62.688196370889465, "834_829_0": 144.76737880592188}, "angles": {"834_841_0": 179.42704999863827, "834_843_0": 98.49376756632931, "834_829_0": 82.07918243503241}, "adj_sorted": [[834, 841, 0], [834, 843, 0], [834, 829, 0]], "type": "T", "n_corners": 2}, "geometry": {"type": "Point", "coordinates": [19.002128100000004, 47.51815330000007]}}, {"id": "878", "type": "Feature", "properties": {"x": 4997826.639848563, "y": 2752775.8626066297, "bearings": {"878_863_0": -136.27938606742163, "878_907_0": -45.708643484715516, "878_882_0": 42.85201556389644}, "angles": {"878_863_0": 180.86859836868194, "878_907_0": 90.57074258270612, "878_882_0": 88.56065904861195}, "adj_sorted": [[878, 863, 0], [878, 907, 0], [878, 882, 0]], "type": "T", "n_corners": 2}, "geometry": {"type": "Point", "coordinates": [19.0054962, 47.51734969999999]}}, {"id": "907", "type": "Feature", "properties": {"x": 4997953.639527241, "y": 2752696.5878499784, "bearings": {"907_878_0": 155.85479589775954, "907_883_0": -130.06529250090526, "907_914_0": -36.575370342017784}, "angles": {"907_883_0": 74.0799116013352, "907_914_0": 93.48992215888748, "907_878_0": 192.43016623977732}, "adj_sorted": [[907, 883, 0], [907, 914, 0], [907, 878, 0]], "type": "Y", "n_corners": 2}, "geometry": {"type": "Point", "coordinates": [19.007047300000004, 47.516503400000005]}}, {"id": "882", "type": "Feature", "properties": {"x": 4997840.027360649, "y": 2752788.2821732895, "bearings": {"882_878_0": -137.14798443610357, "882_903_0": 37.525412207459226, "882_843_0": 140.8294552043283}, "angles": {"882_878_0": 82.02256035956816, "882_903_0": 174.6733966435628, "882_843_0": 103.30404299686907}, "adj_sorted": [[882, 878, 0], [882, 903, 0], [882, 843, 0]], "type": "T", "n_corners": 2}, "geometry": {"type": "Point", "coordinates": [19.005692199999995, 47.517445900000006]}}, {"id": "883", "type": "Feature", "properties": {"x": 4997840.275569091, "y": 2752561.793278654, "bearings": {"883_869_0": 141.2792451795533, "883_867_0": -127.95845639809332, "883_907_0": 49.78429712183802, "883_897_0": -38.69446144138405}, "angles": {"883_867_0": 90.76229842235341, "883_897_0": 89.26399495670927, "883_907_0": 88.47875856322207, "883_869_0": 91.49494805771528}, "adj_sorted": [[883, 867, 0], [883, 897, 0], [883, 907, 0], [883, 869, 0]], "type": "X", "n_corners": 4}, "geometry": {"type": "Point", "coordinates": [19.005341300000005, 47.515424400000015]}}, {"id": "914", "type": "Feature", "properties": {"x": 4997978.837049991, "y": 2752677.891318567, "bearings": {"914_956_0": -37.80967039194953, "914_907_0": 143.42462965798222, "914_936_0": 48.01017972157729}, "angles": {"914_956_0": 178.76569995006824, "914_936_0": 85.81985011352683, "914_907_0": 95.41444993640494}, "adj_sorted": [[914, 956, 0], [914, 936, 0], [914, 907, 0]], "type": "T", "n_corners": 2}, "geometry": {"type": "Point", "coordinates": [19.007350400000004, 47.51630900000004]}}, {"id": "870", "type": "Feature", "properties": {"x": 4997799.849420556, "y": 2752271.9874473615, "bearings": {"870_848_0": 149.76816718653737, "870_893_0": 56.72505526055117, "870_909_0": -31.318051933505206}, "angles": {"870_909_0": 178.91378087995741, "870_893_0": 88.04310719405638, "870_848_0": 93.0431119259862}, "adj_sorted": [[870, 909, 0], [870, 893, 0], [870, 848, 0]], "type": "T", "n_corners": 2}, "geometry": {"type": "Point", "coordinates": [19.004354999999997, 47.512882299999994]}}, {"id": "972", "type": "Feature", "properties": {"x": 4998328.394727066, "y": 2754830.018807925, "bearings": {"972_1000_0": -72.57066639845206, "972_967_0": 107.21064991024818, "972_949_0": -163.0441959655295}, "angles": {"972_949_0": 89.74515412422232, "972_1000_0": 90.47352956707743, "972_967_0": 179.78131630870024}, "adj_sorted": [[972, 949, 0], [972, 1000, 0], [972, 967, 0]], "type": "T", "n_corners": 2}, "geometry": {"type": "Point", "coordinates": [19.015330200000005, 47.535132299999994]}}, {"id": "949", "type": "Feature", "properties": {"x": 4998148.590393676, "y": 2754789.762291177, "bearings": {"949_967_0": 66.64523781358231, "949_972_0": -31.326031117585078, "949_938_0": -115.38238471109594}, "angles": {"949_938_0": 177.97237747532176, "949_972_0": 84.05635359351086, "949_967_0": 97.97126893116739}, "adj_sorted": [[949, 938, 0], [949, 972, 0], [949, 967, 0]], "type": "T", "n_corners": 2}, "geometry": {"type": "Point", "coordinates": [19.0128948, 47.53496979999999]}}, {"id": "980", "type": "Feature", "properties": {"x": 4998387.587938699, "y": 2754514.1915299264, "bearings": {"980_975_0": -135.30719823916823, "980_1000_0": 9.594551043292139, "980_953_0": 153.07285427535209}, "angles": {"980_975_0": 71.61994748547966, "980_1000_0": 144.90174928246037, "980_953_0": 143.47830323205994}, "adj_sorted": [[980, 975, 0], [980, 1000, 0], [980, 953, 0]], "type": "Y", "n_corners": 3}, "geometry": {"type": "Point", "coordinates": [19.0156165, 47.53224910000002]}}, {"id": "1256", "type": "Feature", "properties": {"x": 4999978.279696473, "y": 2751965.8103227555, "bearings": {"1256_1235_0": -178.16219311730754, "1256_1260_0": 51.43694663949812, "1256_1277_0": 2.780297182237959}, "angles": {"1256_1235_0": 130.40086024319436, "1256_1277_0": 180.9424902995455, "1256_1260_0": 48.65664945726016}, "adj_sorted": [[1256, 1235, 0], [1256, 1277, 0], [1256, 1260, 0]], "type": "Y", "n_corners": 2}, "geometry": {"type": "Point", "coordinates": [19.032604199999994, 47.50776530000004]}}, {"id": "1288", "type": "Feature", "properties": {"x": 5000155.96616996, "y": 2754198.4547718223, "bearings": {"1288_1309_0": -4.715864210032157, "1288_1287_0": -92.86070804382561, "1288_1275_0": 178.28034078176395}, "angles": {"1288_1287_0": 88.85895117441044, "1288_1309_0": 88.14484383379346, "1288_1275_0": 182.9962049917961}, "adj_sorted": [[1288, 1287, 0], [1288, 1309, 0], [1288, 1275, 0]], "type": "T", "n_corners": 2}, "geometry": {"type": "Point", "coordinates": [19.038450799999993, 47.5274938]}}, {"id": "1273", "type": "Feature", "properties": {"x": 5000083.334870536, "y": 2754159.873520031, "bearings": {"1273_1272_0": -91.21296313518874, "1273_1275_0": 86.76197834159122, "1273_1246_0": 177.29347726621637}, "angles": {"1273_1272_0": 91.49355959859486, "1273_1275_0": 177.97494147677997, "1273_1246_0": 90.53149892462515}, "adj_sorted": [[1273, 1272, 0], [1273, 1275, 0], [1273, 1246, 0]], "type": "T", "n_corners": 2}, "geometry": {"type": "Point", "coordinates": [19.037432099999997, 47.52722920000003]}}, {"id": "1246", "type": "Feature", "properties": {"x": 4999923.288710499, "y": 2754091.2406333606, "bearings": {"1246_1273_0": 34.1166627958763, "1246_1233_0": -148.6677497877157, "1246_1242_0": 119.17663293145735}, "angles": {"1246_1233_0": 92.15561728082696, "1246_1273_0": 182.784412583592, "1246_1242_0": 85.05997013558104}, "adj_sorted": [[1246, 1233, 0], [1246, 1273, 0], [1246, 1242, 0]], "type": "T", "n_corners": 2}, "geometry": {"type": "Point", "coordinates": [19.0352131, 47.526792300000025]}}, {"id": "1233", "type": "Feature", "properties": {"x": 4999888.506041188, "y": 2754070.492690573, "bearings": {"1233_1252_0": -39.21084020750758, "1233_1246_0": 27.717922930895114, "1233_1212_0": 137.56774271949303, "1233_1221_0": -149.5364970570034}, "angles": {"1233_1221_0": 72.89576022350354, "1233_1252_0": 110.32565684949583, "1233_1246_0": 66.9287631384027, "1233_1212_0": 109.84981978859791}, "adj_sorted": [[1233, 1221, 0], [1233, 1252, 0], [1233, 1246, 0], [1233, 1212, 0]], "type": "X", "n_corners": 4}, "geometry": {"type": "Point", "coordinates": [19.034721699999995, 47.52664529999999]}}, {"id": "1277", "type": "Feature", "properties": {"x": 5000096.05456367, "y": 2751980.4271422094, "bearings": {"1277_1256_0": -174.86009380234503, "1277_1279_0": 89.55865453425388, "1277_1301_0": 4.634463600125267}, "angles": {"1277_1256_0": 95.58125166340108, "1277_1301_0": 179.4945574024703, "1277_1279_0": 84.9241909341286}, "adj_sorted": [[1277, 1256, 0], [1277, 1301, 0], [1277, 1279, 0]], "type": "T", "n_corners": 2}, "geometry": {"type": "Point", "coordinates": [19.0341802, 47.50776660000006]}}, {"id": "1279", "type": "Feature", "properties": {"x": 5000096.762263395, "y": 2752129.734103878, "bearings": {"1279_1278_0": 89.78482909484238, "1279_1277_0": -90.21749731068059, "1279_1299_0": 1.59759383545957}, "angles": {"1279_1277_0": 179.99767359447702, "1279_1299_0": 91.81509114614016, "1279_1278_0": 88.1872352593828}, "adj_sorted": [[1279, 1277, 0], [1279, 1299, 0], [1279, 1278, 0]], "type": "T", "n_corners": 2}, "geometry": {"type": "Point", "coordinates": [19.034423699999994, 47.50909820000002]}}, {"id": "1301", "type": "Feature", "properties": {"x": 5000200.29458823, "y": 2751990.9513337677, "bearings": {"1301_1277_0": -170.49686909834463, "1301_1316_0": 7.334033352087802, "1301_1299_0": 77.34309173152532}, "angles": {"1301_1277_0": 112.16003917013006, "1301_1316_0": 177.83090245043243, "1301_1299_0": 70.00905837943752}, "adj_sorted": [[1301, 1277, 0], [1301, 1316, 0], [1301, 1299, 0]], "type": "T", "n_corners": 2}, "geometry": {"type": "Point", "coordinates": [19.035571300000004, 47.50774620000002]}}, {"id": "1300", "type": "Feature", "properties": {"x": 5000199.593807851, "y": 2752746.135585299, "bearings": {"1300_1290_0": -121.35127220296961, "1300_1282_0": -170.9314249891465, "1300_1307_0": -63.25114354439796}, "angles": {"1300_1282_0": 252.31971855525146, "1300_1290_0": 49.580152786176896, "1300_1307_0": 58.10012865857165}, "adj_sorted": [[1300, 1282, 0], [1300, 1290, 0], [1300, 1307, 0]], "type": "other", "n_corners": 3}, "geometry": {"type": "Point", "coordinates": [19.036746799999996, 47.51448599999997]}}, {"id": "1307", "type": "Feature", "properties": {"x": 5000257.341252375, "y": 2752533.6606271057, "bearings": {"1307_1290_0": 172.75951018349335, "1307_1317_0": -7.231283253563199, "1307_1300_0": 93.7213838519447}, "angles": {"1307_1317_0": 180.00920656294346, "1307_1300_0": 100.9526671055079, "1307_1290_0": 79.03812633154865}, "adj_sorted": [[1307, 1317, 0], [1307, 1300, 0], [1307, 1290, 0]], "type": "T", "n_corners": 2}, "geometry": {"type": "Point", "coordinates": [19.037175000000005, 47.512526600000015]}}, {"id": "1308", "type": "Feature", "properties": {"x": 5000263.908552515, "y": 2752370.81330764, "bearings": {"1308_1295_0": -175.58328783638095, "1308_1306_0": 96.71879749042733, "1308_1310_0": -82.64863690650019, "1308_1314_0": -0.4184877079002036}, "angles": {"1308_1295_0": 87.69791467319169, "1308_1310_0": 92.93465092988076, "1308_1314_0": 82.23014919859999, "1308_1306_0": 97.13728519832753}, "adj_sorted": [[1308, 1295, 0], [1308, 1310, 0], [1308, 1314, 0], [1308, 1306, 0]], "type": "X", "n_corners": 4}, "geometry": {"type": "Point", "coordinates": [19.037006099999996, 47.51106620000001]}}, {"id": "1310", "type": "Feature", "properties": {"x": 5000278.378808223, "y": 2752261.550391295, "bearings": {"1310_1295_0": -164.73684843181408, "1310_1308_0": 97.71957483656887, "1310_1327_0": 11.065405321817167, "1310_1312_0": -82.40782829876574}, "angles": {"1310_1295_0": 97.54357673161707, "1310_1312_0": 82.32902013304835, "1310_1327_0": 93.4732336205829, "1310_1308_0": 86.6541695147517}, "adj_sorted": [[1310, 1295, 0], [1310, 1312, 0], [1310, 1327, 0], [1310, 1308, 0]], "type": "X", "n_corners": 4}, "geometry": {"type": "Point", "coordinates": [19.0370255, 47.5100753]}}, {"id": "1298", "type": "Feature", "properties": {"x": 5000190.7767156735, "y": 2752145.9385132305, "bearings": {"1298_1295_0": 97.41733641636138, "1298_1299_0": -85.4872444967787, "1298_1312_0": 6.671805737577186}, "angles": {"1298_1299_0": 177.09541908685992, "1298_1312_0": 92.15905023435589, "1298_1295_0": 90.74553067878419}, "adj_sorted": [[1298, 1299, 0], [1298, 1312, 0], [1298, 1295, 0]], "type": "T", "n_corners": 2}, "geometry": {"type": "Point", "coordinates": [19.035688900000007, 47.50913970000001]}}, {"id": "1329", "type": "Feature", "properties": {"x": 5000395.035688855, "y": 2752017.017928018, "bearings": {"1329_1337_0": 5.8888893564096785, "1329_1316_0": -172.60001075239006, "1329_1331_0": 89.5295736026595}, "angles": {"1329_1316_0": 97.87041564495041, "1329_1337_0": 178.48890010879975, "1329_1331_0": 83.64068424624982}, "adj_sorted": [[1329, 1316, 0], [1329, 1337, 0], [1329, 1331, 0]], "type": "T", "n_corners": 2}, "geometry": {"type": "Point", "coordinates": [19.038180200000003, 47.507765200000016]}}, {"id": "1337", "type": "Feature", "properties": {"x": 5000459.3780930955, "y": 2752117.1551572974, "bearings": {"1337_1329_0": -83.3078923392019, "1337_1336_0": 96.93403613574866, "1337_1330_0": -175.03179545652708}, "angles": {"1337_1330_0": 88.03416840772428, "1337_1329_0": 91.72390311732518, "1337_1336_0": 180.24192847495056}, "adj_sorted": [[1337, 1330, 0], [1337, 1329, 0], [1337, 1336, 0]], "type": "T", "n_corners": 2}, "geometry": {"type": "Point", "coordinates": [19.0391858, 47.508588200000034]}}, {"id": "1316", "type": "Feature", "properties": {"x": 5000308.820070685, "y": 2752005.803165712, "bearings": {"1316_1301_0": -172.13141818338926, "1316_1329_0": 7.39368442074254, "1316_1313_0": 99.90614119268528}, "angles": {"1316_1301_0": 87.96244062392543, "1316_1329_0": 179.5251026041318, "1316_1313_0": 92.51245677194274}, "adj_sorted": [[1316, 1301, 0], [1316, 1329, 0], [1316, 1313, 0]], "type": "T", "n_corners": 2}, "geometry": {"type": "Point", "coordinates": [19.0370257, 47.50775970000001]}}, {"id": "1331", "type": "Feature", "properties": {"x": 5000396.933463551, "y": 2752095.839967356, "bearings": {"1331_1329_0": -91.18900692126057, "1331_1313_0": -176.23592839163783, "1331_1330_0": 90.66437083643933}, "angles": {"1331_1313_0": 93.09970077192281, "1331_1329_0": 85.04692147037726, "1331_1330_0": 181.8533777576999}, "adj_sorted": [[1331, 1313, 0], [1331, 1329, 0], [1331, 1330, 0]], "type": "T", "n_corners": 2}, "geometry": {"type": "Point", "coordinates": [19.038328899999996, 47.50846649999998]}}, {"id": "1336", "type": "Feature", "properties": {"x": 5000453.03752041, "y": 2752169.291129587, "bearings": {"1336_1335_0": 96.03068022607617, "1336_1337_0": -83.06596386425134, "1336_1328_0": -175.3977220988272}, "angles": {"1336_1328_0": 88.57159767509665, "1336_1337_0": 92.33175823457584, "1336_1335_0": 179.09664409032752}, "adj_sorted": [[1336, 1328, 0], [1336, 1337, 0], [1336, 1335, 0]], "type": "T", "n_corners": 2}, "geometry": {"type": "Point", "coordinates": [19.039183999999995, 47.50906040000005]}}, {"id": "1330", "type": "Feature", "properties": {"x": 5000396.650931249, "y": 2752111.6619415507, "bearings": {"1330_1337_0": 5.412275715107084, "1330_1331_0": -88.59207894936326, "1330_1328_0": 93.41712992997157}, "angles": {"1330_1331_0": 177.99079112066516, "1330_1337_0": 94.00435466447034, "1330_1328_0": 88.00485421486448}, "adj_sorted": [[1330, 1331, 0], [1330, 1337, 0], [1330, 1328, 0]], "type": "T", "n_corners": 2}, "geometry": {"type": "Point", "coordinates": [19.038349999999994, 47.508608000000024]}}, {"id": "1100", "type": "Feature", "properties": {"x": 4999191.37950927, "y": 2752062.4664633954, "bearings": {"1100_1092_0": -121.5669882050817, "1100_1086_0": 135.25490351319476, "1100_1110_0": -46.5907103949623, "1100_1108_0": 59.23616953058087}, "angles": {"1100_1092_0": 103.17810828172355, "1100_1110_0": 74.9762778101194, "1100_1108_0": 105.82687992554317, "1100_1086_0": 76.0187339826139}, "adj_sorted": [[1100, 1092, 0], [1100, 1110, 0], [1100, 1108, 0], [1100, 1086, 0]], "type": "X", "n_corners": 4}, "geometry": {"type": "Point", "coordinates": [19.022378699999994, 47.50949010000002]}}, {"id": "1110", "type": "Feature", "properties": {"x": 4999231.56572827, "y": 2752020.0424321117, "bearings": {"1110_1125_0": -46.54632475483546, "1110_1100_0": 133.45190386841816, "1110_1122_0": 46.67650412969344}, "angles": {"1110_1125_0": 180.00177137674638, "1110_1122_0": 93.2228288845289, "1110_1100_0": 86.77539973872472}, "adj_sorted": [[1110, 1125, 0], [1110, 1122, 0], [1110, 1100, 0]], "type": "T", "n_corners": 2}, "geometry": {"type": "Point", "coordinates": [19.022842199999996, 47.50906749999999]}}, {"id": "1108", "type": "Feature", "properties": {"x": 4999225.336119034, "y": 2752119.3459612275, "bearings": {"1108_1100_0": -120.84627253750536, "1108_1122_0": -44.21128985024676, "1108_1111_0": 59.191243322633696}, "angles": {"1108_1100_0": 179.96248413986095, "1108_1122_0": 76.6349826872586, "1108_1111_0": 103.40253317288045}, "adj_sorted": [[1108, 1100, 0], [1108, 1122, 0], [1108, 1111, 0]], "type": "T", "n_corners": 2}, "geometry": {"type": "Point", "coordinates": [19.022915599999997, 47.5099605]}}, {"id": "1041", "type": "Feature", "properties": {"x": 4998818.705513979, "y": 2752001.8859313233, "bearings": {"1041_1046_0": -69.67693739019545, "1041_1062_0": 68.16481823448979, "1041_1034_0": 161.3450389650164}, "angles": {"1041_1046_0": 128.97802364478815, "1041_1062_0": 137.84175562468522, "1041_1034_0": 93.18022073052663}, "adj_sorted": [[1041, 1046, 0], [1041, 1062, 0], [1041, 1034, 0]], "type": "Y", "n_corners": 3}, "geometry": {"type": "Point", "coordinates": [19.0173692, 47.50935750000005]}}, {"id": "1062", "type": "Feature", "properties": {"x": 4998947.81675376, "y": 2752255.005048701, "bearings": {"1062_1070_0": 67.77292369168934, "1062_1041_0": -112.20710310983146, "1062_1073_0": -32.15776189030469, "1062_1052_0": 150.3522536092829}, "angles": {"1062_1041_0": 97.44064328088564, "1062_1073_0": 80.04934121952678, "1062_1070_0": 99.93068558199403, "1062_1052_0": 82.57932991759357}, "adj_sorted": [[1062, 1041, 0], [1062, 1073, 0], [1062, 1070, 0], [1062, 1052, 0]], "type": "X", "n_corners": 4}, "geometry": {"type": "Point", "coordinates": [19.0194682, 47.51147500000002]}}, {"id": "1034", "type": "Feature", "properties": {"x": 4998741.655054554, "y": 2752027.890980824, "bearings": {"1034_1041_0": -18.646549880939624, "1034_1002_0": 160.95931061043714, "1034_1043_0": 65.86397845422566}, "angles": {"1034_1041_0": 180.39413950862323, "1034_1043_0": 84.51052833516528, "1034_1002_0": 95.09533215621148}, "adj_sorted": [[1034, 1041, 0], [1034, 1043, 0], [1034, 1002, 0]], "type": "T", "n_corners": 2}, "geometry": {"type": "Point", "coordinates": [19.016393799999996, 47.5096739]}}, {"id": "1073", "type": "Feature", "properties": {"x": 4999023.996684949, "y": 2752202.7979929894, "bearings": {"1073_1053_0": -119.69647749672215, "1073_1086_0": -34.76048454322713, "1073_1062_0": 145.30528267927133}, "angles": {"1073_1053_0": 94.99823982400653, "1073_1086_0": 84.93599295349503, "1073_1062_0": 180.06576722249847}, "adj_sorted": [[1073, 1053, 0], [1073, 1086, 0], [1073, 1062, 0]], "type": "T", "n_corners": 2}, "geometry": {"type": "Point", "coordinates": [19.02039110000001, 47.51092570000001]}}, {"id": "1002", "type": "Feature", "properties": {"x": 4998528.279459144, "y": 2752101.524721599, "bearings": {"1002_983_0": 162.66586702269362, "1002_1010_0": 67.56672255242488, "1002_1034_0": -19.042362667448792}, "angles": {"1002_1034_0": 178.29177030985758, "1002_1010_0": 86.60908521987366, "1002_983_0": 95.09914447026874}, "adj_sorted": [[1002, 1034, 0], [1002, 1010, 0], [1002, 983, 0]], "type": "T", "n_corners": 2}, "geometry": {"type": "Point", "coordinates": [19.013695099999996, 47.51056450000005]}}, {"id": "658", "type": "Feature", "properties": {"x": 4996057.767627593, "y": 2753775.9139832053, "bearings": {"658_645_0": -143.45772100396465, "658_652_0": 125.22665537844273, "658_661_0": 39.148694463829536, "658_677_0": -49.98153536751794}, "angles": {"658_645_0": 91.31562361759262, "658_677_0": 93.4761856364467, "658_661_0": 89.13022983134748, "658_652_0": 86.07796091461319}, "adj_sorted": [[658, 645, 0], [658, 677, 0], [658, 661, 0], [658, 652, 0]], "type": "X", "n_corners": 4}, "geometry": {"type": "Point", "coordinates": [18.9837247, 47.528205799999974]}}, {"id": "645", "type": "Feature", "properties": {"x": 4995937.150990415, "y": 2753683.7382650226, "bearings": {"645_658_0": 34.297903382303396, "645_655_0": -44.45113551129088, "645_643_0": 133.61342391787932}, "angles": {"645_655_0": 181.9354405708298, "645_658_0": 78.74903889359427, "645_643_0": 99.31552053557593}, "adj_sorted": [[645, 655, 0], [645, 658, 0], [645, 643, 0]], "type": "T", "n_corners": 2}, "geometry": {"type": "Point", "coordinates": [18.981989600000006, 47.52751470000005]}}, {"id": "652", "type": "Feature", "properties": {"x": 4995988.975387334, "y": 2753873.23970866, "bearings": {"652_658_0": -54.69913566669928, "652_643_0": -136.16637664820115, "652_640_0": 124.23472921584064}, "angles": {"652_643_0": 99.59889413595818, "652_658_0": 81.46724098150187, "652_640_0": 178.93386488253992}, "adj_sorted": [[652, 643, 0], [652, 658, 0], [652, 640, 0]], "type": "T", "n_corners": 2}, "geometry": {"type": "Point", "coordinates": [18.982969, 47.529149400000016]}}, {"id": "661", "type": "Feature", "properties": {"x": 4996077.985891872, "y": 2753793.063304969, "bearings": {"661_658_0": -137.173487621355, "661_657_0": 130.86492985015096, "661_665_0": -37.866804026275965}, "angles": {"661_658_0": 91.96158252849403, "661_665_0": 99.30668359507905, "661_657_0": 168.73173387642692}, "adj_sorted": [[661, 658, 0], [661, 665, 0], [661, 657, 0]], "type": "T", "n_corners": 2}, "geometry": {"type": "Point", "coordinates": [18.9840182, 47.528336800000005]}}, {"id": "677", "type": "Feature", "properties": {"x": 4996239.373269201, "y": 2753559.628927829, "bearings": {"677_706_0": -50.70149089007871, "677_658_0": 130.020618772758, "677_678_0": 42.938638743233135}, "angles": {"677_706_0": 179.27789033716329, "677_678_0": 93.64012963331184, "677_658_0": 87.08198002952489}, "adj_sorted": [[677, 706, 0], [677, 678, 0], [677, 658, 0]], "type": "T", "n_corners": 2}, "geometry": {"type": "Point", "coordinates": [18.985782999999994, 47.52607750000006]}}, {"id": "655", "type": "Feature", "properties": {"x": 4996016.313250154, "y": 2753612.4309304464, "bearings": {"655_645_0": 139.76887403079982, "655_660_0": -39.122002661352106, "655_639_0": -133.38829076105606}, "angles": {"655_639_0": 86.84283520814415, "655_660_0": 94.26628809970396, "655_645_0": 178.89087669215192}, "adj_sorted": [[655, 639, 0], [655, 660, 0], [655, 645, 0]], "type": "T", "n_corners": 2}, "geometry": {"type": "Point", "coordinates": [18.9829227, 47.526792000000036]}}, {"id": "643", "type": "Feature", "properties": {"x": 4995867.69092808, "y": 2753756.791949173, "bearings": {"643_645_0": -46.45993886200635, "643_652_0": 43.836736604016124, "643_639_0": -137.3451983980602, "643_637_0": 132.81595338259564}, "angles": {"643_639_0": 89.83884821934419, "643_645_0": 90.88525953605387, "643_652_0": 90.29667546602246, "643_637_0": 88.97921677857951}, "adj_sorted": [[643, 639, 0], [643, 645, 0], [643, 652, 0], [643, 637, 0]], "type": "X", "n_corners": 4}, "geometry": {"type": "Point", "coordinates": [18.981187200000004, 47.52824240000007]}}, {"id": "660", "type": "Feature", "properties": {"x": 4996075.231100867, "y": 2753564.5121117393, "bearings": {"660_655_0": 140.8779973386479, "660_644_0": -134.6870932987668, "660_671_0": -37.126102755086876}, "angles": {"660_644_0": 84.4349093625853, "660_671_0": 97.56099054367992, "660_655_0": 178.0041000937348}, "adj_sorted": [[660, 644, 0], [660, 671, 0], [660, 655, 0]], "type": "T", "n_corners": 2}, "geometry": {"type": "Point", "coordinates": [18.983625199999995, 47.526300100000064]}}, {"id": "639", "type": "Feature", "properties": {"x": 4995763.1924719345, "y": 2753660.52753134, "bearings": {"639_655_0": -33.11574012901395, "639_643_0": 42.651104897330924, "639_638_0": -138.56834677553914}, "angles": {"639_638_0": 178.78054832712994, "639_655_0": 105.4526066465252, "639_643_0": 75.76684502634487}, "adj_sorted": [[639, 638, 0], [639, 655, 0], [639, 643, 0]], "type": "T", "n_corners": 2}, "geometry": {"type": "Point", "coordinates": [18.979658399999998, 47.52749720000002]}}, {"id": "637", "type": "Feature", "properties": {"x": 4995636.181736752, "y": 2754006.5232668333, "bearings": {"637_643_0": -47.3911738459584, "637_633_0": -142.314301229544, "637_640_0": 38.1710366995437, "637_620_0": 133.45248536302557}, "angles": {"637_633_0": 84.23321340743041, "637_643_0": 94.92312738358558, "637_640_0": 85.5622105455021, "637_620_0": 95.28144866348188}, "adj_sorted": [[637, 633, 0], [637, 643, 0], [637, 640, 0], [637, 620, 0]], "type": "X", "n_corners": 4}, "geometry": {"type": "Point", "coordinates": [18.978522400000003, 47.53072350000002]}}, {"id": "657", "type": "Feature", "properties": {"x": 4996045.109357392, "y": 2753858.1927116583, "bearings": {"657_661_0": -76.365422240206, "657_662_0": 1.1107036357586915, "657_654_0": 102.8139604732942}, "angles": {"657_661_0": 180.82061728649978, "657_662_0": 77.4761258759647, "657_654_0": 101.7032568375355}, "adj_sorted": [[657, 661, 0], [657, 662, 0], [657, 654, 0]], "type": "T", "n_corners": 2}, "geometry": {"type": "Point", "coordinates": [18.9836861, 47.52895390000005]}}, {"id": "665", "type": "Feature", "properties": {"x": 4996115.161896573, "y": 2753758.937389046, "bearings": {"665_661_0": 134.7623377440447, "665_678_0": -57.014294348505636, "665_672_0": -25.312329580304848}, "angles": {"665_678_0": 168.22336790744967, "665_672_0": 31.70196476820079, "665_661_0": 160.07466732434955}, "adj_sorted": [[665, 678, 0], [665, 672, 0], [665, 661, 0]], "type": "Y", "n_corners": 2}, "geometry": {"type": "Point", "coordinates": [18.984455399999998, 47.52799170000002]}}, {"id": "640", "type": "Feature", "properties": {"x": 4995793.743914106, "y": 2754151.824821416, "bearings": {"640_652_0": -53.66482669653268, "640_637_0": -137.03216059654332, "640_641_0": 43.09198730401525}, "angles": {"640_637_0": 179.87585209944143, "640_652_0": 83.36733390001064, "640_641_0": 96.75681400054793}, "adj_sorted": [[640, 637, 0], [640, 652, 0], [640, 641, 0]], "type": "T", "n_corners": 2}, "geometry": {"type": "Point", "coordinates": [18.980827899999998, 47.531848500000024]}}, {"id": "678", "type": "Feature", "properties": {"x": 4996253.096539945, "y": 2753573.88962376, "bearings": {"678_677_0": -131.30713466166952, "678_665_0": 127.12661561594996, "678_685_0": -52.25453013098901}, "angles": {"678_677_0": 101.56624972238052, "678_685_0": 79.05260453068051, "678_665_0": 179.38114574693896}, "adj_sorted": [[678, 677, 0], [678, 685, 0], [678, 665, 0]], "type": "T", "n_corners": 2}, "geometry": {"type": "Point", "coordinates": [18.985986300000004, 47.52618980000002]}}, {"id": "644", "type": "Feature", "properties": {"x": 4995933.057246558, "y": 2753419.5941826035, "bearings": {"644_660_0": 45.55443028954263, "644_638_0": 132.38122784301765, "644_664_0": -43.81700030778072, "644_642_0": -134.7783392493306}, "angles": {"644_642_0": 92.84043290765175, "644_664_0": 90.96133894154988, "644_660_0": 89.37143059732335, "644_638_0": 86.82679755347502}, "adj_sorted": [[644, 642, 0], [644, 664, 0], [644, 660, 0], [644, 638, 0]], "type": "X", "n_corners": 4}, "geometry": {"type": "Point", "coordinates": [18.9815235, 47.525161800000014]}}, {"id": "671", "type": "Feature", "properties": {"x": 4996214.145725323, "y": 2753455.643359411, "bearings": {"671_660_0": 140.13487551481327, "671_664_0": -131.37374700549165, "671_683_0": -38.75433294467513}, "angles": {"671_664_0": 88.49137747969507, "671_683_0": 92.61941406081652, "671_660_0": 178.8892084594884}, "adj_sorted": [[671, 664, 0], [671, 683, 0], [671, 660, 0]], "type": "T", "n_corners": 2}, "geometry": {"type": "Point", "coordinates": [18.9852879, 47.52517700000003]}}, {"id": "638", "type": "Feature", "properties": {"x": 4995736.47894085, "y": 2753636.9501442625, "bearings": {"638_639_0": 41.431653224460874, "638_644_0": -48.40091942472928, "638_633_0": 133.00486951236687, "638_636_0": -137.1623004147295}, "angles": {"638_636_0": 89.83283007290368, "638_644_0": 88.7613809900002, "638_639_0": 89.83257264919015, "638_633_0": 91.57321628790599}, "adj_sorted": [[638, 636, 0], [638, 644, 0], [638, 639, 0], [638, 633, 0]], "type": "X", "n_corners": 4}, "geometry": {"type": "Point", "coordinates": [18.9792692, 47.52731590000005]}}, {"id": "633", "type": "Feature", "properties": {"x": 4995502.193087314, "y": 2753887.759324732, "bearings": {"633_637_0": 44.429637304470006, "633_638_0": -46.05030910798701, "633_632_0": -136.9102584229625}, "angles": {"633_632_0": 178.66010427256748, "633_638_0": 90.8599493149755, "633_637_0": 90.47994641245702}, "adj_sorted": [[633, 632, 0], [633, 638, 0], [633, 637, 0]], "type": "T", "n_corners": 2}, "geometry": {"type": "Point", "coordinates": [18.976569400000002, 47.529809600000014]}}, {"id": "620", "type": "Feature", "properties": {"x": 4995268.434841473, "y": 2754381.518770904, "bearings": {"620_637_0": -39.26981798264779, "620_613_0": 141.22624155636586, "620_629_0": 43.93305519625477, "620_617_0": -138.37786761434705}, "angles": {"620_617_0": 80.39589082928705, "620_637_0": 99.10804963169926, "620_629_0": 83.20287317890256, "620_613_0": 97.2931863601111}, "adj_sorted": [[620, 617, 0], [620, 637, 0], [620, 629, 0], [620, 613, 0]], "type": "X", "n_corners": 4}, "geometry": {"type": "Point", "coordinates": [18.9742551, 47.53447090000006]}}, {"id": "769", "type": "Feature", "properties": {"x": 4997152.338802315, "y": 2752753.8289735396, "bearings": {"769_766_0": -125.63965782973564, "769_781_0": -36.85028329981839, "769_799_0": 54.34982107341034}, "angles": {"769_766_0": 180.010521096854, "769_781_0": 88.78937452991724, "769_799_0": 91.20010437322873}, "adj_sorted": [[769, 766, 0], [769, 781, 0], [769, 799, 0]], "type": "T", "n_corners": 2}, "geometry": {"type": "Point", "coordinates": [18.996567800000005, 47.51788980000005]}}, {"id": "782", "type": "Feature", "properties": {"x": 4997232.833607429, "y": 2752710.35329647, "bearings": {"782_781_0": -129.1721946736693, "782_795_0": -19.272223834499982, "782_810_0": 50.79596014177778}, "angles": {"782_781_0": 180.0318451845529, "782_795_0": 109.89997083916933, "782_810_0": 70.06818397627777}, "adj_sorted": [[782, 781, 0], [782, 795, 0], [782, 810, 0]], "type": "T", "n_corners": 2}, "geometry": {"type": "Point", "coordinates": [18.997561599999994, 47.51741389999998]}}, {"id": "799", "type": "Feature", "properties": {"x": 4997353.322369721, "y": 2753033.8535394985, "bearings": {"799_787_0": 141.62305426931667, "799_806_0": 51.23374876248641, "799_769_0": -128.83929137471242, "799_810_0": -38.33305722675968}, "angles": {"799_769_0": 89.53765435597091, "799_810_0": 90.50623414795274, "799_806_0": 89.56680598924609, "799_787_0": 90.38930550683025}, "adj_sorted": [[799, 769, 0], [799, 810, 0], [799, 806, 0], [799, 787, 0]], "type": "X", "n_corners": 4}, "geometry": {"type": "Point", "coordinates": [18.999656399999992, 47.520169300000056]}}, {"id": "738", "type": "Feature", "properties": {"x": 4996852.5335100405, "y": 2753552.0111774993, "bearings": {"738_739_0": -63.59054711663846, "738_749_0": 85.58550661951952, "738_734_0": 120.49035157632524}, "angles": {"738_739_0": 175.9191013070363, "738_749_0": 149.176053736158, "738_734_0": 34.90484495680572}, "adj_sorted": [[738, 739, 0], [738, 749, 0], [738, 734, 0]], "type": "Y", "n_corners": 2}, "geometry": {"type": "Point", "coordinates": [18.993860000000005, 47.5253404]}}, {"id": "752", "type": "Feature", "properties": {"x": 4996993.554845992, "y": 2753618.478582627, "bearings": {"752_739_0": -157.27788828741737, "752_751_0": 109.93660967864928, "752_759_0": -66.15141905380017}, "angles": {"752_739_0": 92.78550203393337, "752_759_0": 91.1264692336172, "752_751_0": 176.08802873244946}, "adj_sorted": [[752, 739, 0], [752, 759, 0], [752, 751, 0]], "type": "T", "n_corners": 2}, "geometry": {"type": "Point", "coordinates": [18.995824200000005, 47.52577960000003]}}, {"id": "779", "type": "Feature", "properties": {"x": 4997209.074436109, "y": 2753947.92741655, "bearings": {"779_780_0": 19.129314713662808, "779_757_0": -165.5484655710975, "779_764_0": -100.47282460486589}, "angles": {"779_757_0": 175.3222197152397, "779_764_0": 65.0756409662316, "779_780_0": 119.6021393185287}, "adj_sorted": [[779, 757, 0], [779, 764, 0], [779, 780, 0]], "type": "T", "n_corners": 2}, "geometry": {"type": "Point", "coordinates": [18.99918229999999, 47.52848430000004]}}, {"id": "759", "type": "Feature", "properties": {"x": 4997050.278424671, "y": 2753501.62269344, "bearings": {"759_752_0": 121.13004435845458, "759_756_0": -122.08232023468108, "759_761_0": 55.426769518205695}, "angles": {"759_756_0": 116.78763540686435, "759_761_0": 177.50908975288678, "759_752_0": 65.7032748402489}, "adj_sorted": [[759, 756, 0], [759, 761, 0], [759, 752, 0]], "type": "T", "n_corners": 2}, "geometry": {"type": "Point", "coordinates": [18.996389900000004, 47.52467480000003]}}, {"id": "764", "type": "Feature", "properties": {"x": 4997103.406786017, "y": 2753653.8838383, "bearings": {"764_793_0": 67.81235460617357, "764_779_0": 119.95961249053673, "764_786_0": -10.43308984262529, "764_785_0": -68.85224486521886}, "angles": {"764_785_0": 171.1881426442444, "764_786_0": 58.41915502259357, "764_793_0": 78.24544444879886, "764_779_0": 52.14725788436316}, "adj_sorted": [[764, 785, 0], [764, 786, 0], [764, 793, 0], [764, 779, 0]], "type": "other", "n_corners": 3}, "geometry": {"type": "Point", "coordinates": [18.997328700000008, 47.52597560000002]}}, {"id": "888", "type": "Feature", "properties": {"x": 4997855.815366855, "y": 2754341.9439245313, "bearings": {"888_890_0": -85.1119147887955, "888_849_0": -153.37321173225666, "888_908_0": 28.894309685609773}, "angles": {"888_849_0": 177.73247858213355, "888_890_0": 68.26129694346116, "888_908_0": 114.00622447440527}, "adj_sorted": [[888, 849, 0], [888, 890, 0], [888, 908, 0]], "type": "T", "n_corners": 2}, "geometry": {"type": "Point", "coordinates": [19.008331000000005, 47.53129370000003]}}, {"id": "908", "type": "Feature", "properties": {"x": 4997958.262722946, "y": 2754398.480693549, "bearings": {"908_921_0": -53.95847617856294, "908_888_0": -151.11564465386442, "908_896_0": 127.3528160523888, "908_937_0": 40.211754240945034}, "angles": {"908_888_0": 81.53153929374679, "908_921_0": 97.15716847530149, "908_937_0": 94.17023041950797, "908_896_0": 87.14106181144376}, "adj_sorted": [[908, 888, 0], [908, 921, 0], [908, 937, 0], [908, 896, 0]], "type": "X", "n_corners": 4}, "geometry": {"type": "Point", "coordinates": [19.009771100000002, 47.53168620000006]}}, {"id": "896", "type": "Feature", "properties": {"x": 4997899.650609851, "y": 2754475.273137253, "bearings": {"896_908_0": -52.64718394761121, "896_938_0": 37.71232977100535, "896_840_0": -152.4931089361287, "896_876_0": 127.03914431394684}, "angles": {"896_840_0": 80.46774674992446, "896_908_0": 99.84592498851748, "896_938_0": 90.35951371861657, "896_876_0": 89.32681454294149}, "adj_sorted": [[896, 840, 0], [896, 908, 0], [896, 938, 0], [896, 876, 0]], "type": "X", "n_corners": 4}, "geometry": {"type": "Point", "coordinates": [19.009118000000004, 47.53243560000001]}}, {"id": "937", "type": "Feature", "properties": {"x": 4998081.793853571, "y": 2754503.569973204, "bearings": {"937_908_0": -138.84175960440828, "937_953_0": 41.98081862661588, "937_939_0": -57.63244485415591, "937_935_0": 120.67085801158201}, "angles": {"937_908_0": 100.48738238400972, "937_939_0": 81.20931475025237, "937_953_0": 99.61326348077179, "937_935_0": 78.69003938496613}, "adj_sorted": [[937, 908, 0], [937, 939, 0], [937, 953, 0], [937, 935, 0]], "type": "X", "n_corners": 4}, "geometry": {"type": "Point", "coordinates": [19.0115654, 47.5324889]}}, {"id": "840", "type": "Feature", "properties": {"x": 4997620.353264642, "y": 2754328.661101491, "bearings": {"840_826_0": -149.33387924421447, "840_849_0": -53.536620116295964, "840_896_0": 28.500701657546326}, "angles": {"840_826_0": 182.1654190982392, "840_849_0": 95.79725912791851, "840_896_0": 82.0373217738423}, "adj_sorted": [[840, 826, 0], [840, 849, 0], [840, 896, 0]], "type": "T", "n_corners": 2}, "geometry": {"type": "Point", "coordinates": [19.005203700000006, 47.53143260000003]}}, {"id": "756", "type": "Feature", "properties": {"x": 4997014.057400831, "y": 2753443.8418345805, "bearings": {"756_754_0": 165.0554597633157, "756_759_0": 57.917679765318944, "756_770_0": -20.272426316972382}, "angles": {"756_770_0": 174.67211391971193, "756_759_0": 78.19010608229132, "756_754_0": 107.13777999799674}, "adj_sorted": [[756, 770, 0], [756, 759, 0], [756, 754, 0]], "type": "T", "n_corners": 2}, "geometry": {"type": "Point", "coordinates": [18.995821799999998, 47.52419870000002]}}, {"id": "442", "type": "Feature", "properties": {"x": 4993906.481797231, "y": 2755424.901244321, "bearings": {"442_373_0": 164.0739196960505, "442_457_0": -19.910912982107085, "442_448_0": 72.56859447059601, "442_426_0": -102.5435214418447}, "angles": {"442_426_0": 93.38255886210482, "442_457_0": 82.63260845973761, "442_448_0": 92.4795074527031, "442_373_0": 91.50532522545448}, "adj_sorted": [[442, 426, 0], [442, 457, 0], [442, 448, 0], [442, 373, 0]], "type": "X", "n_corners": 4}, "geometry": {"type": "Point", "coordinates": [18.957908200000002, 47.54526520000006]}}, {"id": "273", "type": "Feature", "properties": {"x": 4993248.652468539, "y": 2755350.9047807106, "bearings": {"273_343_0": 19.548142953411176, "273_284_0": -70.91965702244538, "273_265_0": 109.63286384094397}, "angles": {"273_284_0": 179.44747913661064, "273_343_0": 90.46779997585655, "273_265_0": 90.0847208875328}, "adj_sorted": [[273, 284, 0], [273, 343, 0], [273, 265, 0]], "type": "T", "n_corners": 2}, "geometry": {"type": "Point", "coordinates": [18.949111199999997, 47.54531980000002]}}, {"id": "256", "type": "Feature", "properties": {"x": 4993173.974423375, "y": 2755182.9357780684, "bearings": {"256_284_0": 24.560859984948284, "256_225_0": -155.6212234438504, "256_240_0": 109.73440385574258}, "angles": {"256_225_0": 94.64437270040702, "256_284_0": 180.18208342879868, "256_240_0": 85.1735438707943}, "adj_sorted": [[256, 225, 0], [256, 284, 0], [256, 240, 0]], "type": "T", "n_corners": 2}, "geometry": {"type": "Point", "coordinates": [18.947864400000004, 47.54390180000001]}}, {"id": "457", "type": "Feature", "properties": {"x": 4993969.812564351, "y": 2755401.9621826075, "bearings": {"457_467_0": 69.99636511435116, "457_474_0": -18.104758708175524, "457_442_0": 160.08908701789292}, "angles": {"457_474_0": 181.80615427393155, "457_467_0": 88.10112382252669, "457_442_0": 90.09272190354176}, "adj_sorted": [[457, 474, 0], [457, 467, 0], [457, 442, 0]], "type": "T", "n_corners": 2}, "geometry": {"type": "Point", "coordinates": [18.9587083, 47.544991599999996]}}, {"id": "240", "type": "Feature", "properties": {"x": 4993083.676173977, "y": 2755433.884107724, "bearings": {"240_265_0": -50.55094303630608, "240_256_0": -70.20903767583657, "240_227_0": 109.24079311434743}, "angles": {"240_256_0": 180.550169209816, "240_265_0": 19.65809463953049, "240_227_0": 159.7917361506535}, "adj_sorted": [[240, 256, 0], [240, 265, 0], [240, 227, 0]], "type": "Y", "n_corners": 2}, "geometry": {"type": "Point", "coordinates": [18.9470629, 47.546239600000035]}}, {"id": "251", "type": "Feature", "properties": {"x": 4993145.524658096, "y": 2755639.909876692, "bearings": {"251_265_0": -70.35890947038436, "251_271_0": 20.05606109617465, "251_227_0": -160.34695924274519, "251_239_0": 109.56501181331602}, "angles": {"251_227_0": 90.08802894393881, "251_265_0": 89.98804977236082, "251_271_0": 90.414970566559, "251_239_0": 89.50895071714137}, "adj_sorted": [[251, 227, 0], [251, 265, 0], [251, 271, 0], [251, 239, 0]], "type": "X", "n_corners": 4}, "geometry": {"type": "Point", "coordinates": [18.948199600000002, 47.54801120000005]}}, {"id": "371", "type": "Feature", "properties": {"x": 4993603.319396833, "y": 2755700.3998195324, "bearings": {"371_364_0": -117.16936900154805, "371_376_0": 62.566764500936486, "371_342_0": 108.64759439838217}, "angles": {"371_364_0": 134.18303660006978, "371_376_0": 179.73613350248453, "371_342_0": 46.08082989744568}, "adj_sorted": [[371, 364, 0], [371, 376, 0], [371, 342, 0]], "type": "Y", "n_corners": 2}, "geometry": {"type": "Point", "coordinates": [18.954335899999997, 47.54805360000006]}}, {"id": "435", "type": "Feature", "properties": {"x": 4993877.01743135, "y": 2755612.4966664296, "bearings": {"435_364_0": 172.6465577753264, "435_455_0": -7.9784169622513135, "435_430_0": 98.33966079832578}, "angles": {"435_455_0": 179.3750252624223, "435_430_0": 106.3180777605771, "435_364_0": 74.3068969770006}, "adj_sorted": [[435, 455, 0], [435, 430, 0], [435, 364, 0]], "type": "T", "n_corners": 2}, "geometry": {"type": "Point", "coordinates": [18.957811399999997, 47.54697150000002]}}, {"id": "389", "type": "Feature", "properties": {"x": 4993667.238966074, "y": 2755826.809074221, "bearings": {"389_317_0": -174.97019341456198, "389_392_0": 60.28900095018745, "389_433_0": 1.8344638520351872, "389_376_0": -118.11495671929647}, "angles": {"389_317_0": 124.74080563525058, "389_376_0": 56.8552366952655, "389_433_0": 119.94942057133166, "389_392_0": 58.454537098152265}, "adj_sorted": [[389, 317, 0], [389, 376, 0], [389, 433, 0], [389, 392, 0]], "type": "X", "n_corners": 4}, "geometry": {"type": "Point", "coordinates": [18.955376299999998, 47.549112300000026]}}, {"id": "294", "type": "Feature", "properties": {"x": 4993329.949909125, "y": 2755895.4484370044, "bearings": {"294_317_0": -59.07527714184081, "294_261_0": 129.78053455636925, "294_296_0": 34.73378412690186}, "angles": {"294_317_0": 171.14418830178994, "294_296_0": 93.80906126874267, "294_261_0": 95.04675042946738}, "adj_sorted": [[294, 317, 0], [294, 296, 0], [294, 261, 0]], "type": "T", "n_corners": 2}, "geometry": {"type": "Point", "coordinates": [18.9510313, 47.55009150000003]}}, {"id": "621", "type": "Feature", "properties": {"x": 4995277.760320067, "y": 2754699.063181938, "bearings": {"621_608_0": 134.37345878355222, "621_613_0": -137.84668253558422, "621_624_0": -45.11008330395348}, "angles": {"621_613_0": 87.77985868086353, "621_624_0": 92.73659923163075, "621_608_0": 179.4835420875057}, "adj_sorted": [[621, 613, 0], [621, 624, 0], [621, 608, 0]], "type": "T", "n_corners": 2}, "geometry": {"type": "Point", "coordinates": [18.974873299999995, 47.537294700000054]}}, {"id": "562", "type": "Feature", "properties": {"x": 4994486.560975304, "y": 2755158.549115072, "bearings": {"562_589_0": -74.64180998828631, "562_523_0": 108.28999254274216, "562_573_0": 20.90750392904853}, "angles": {"562_589_0": 177.06819746897153, "562_573_0": 95.54931391733484, "562_523_0": 87.38248861369362}, "adj_sorted": [[562, 589, 0], [562, 573, 0], [562, 523, 0]], "type": "T", "n_corners": 2}, "geometry": {"type": "Point", "coordinates": [18.965148799999994, 47.542257000000035]}}, {"id": "613", "type": "Feature", "properties": {"x": 4995064.317880552, "y": 2754498.7632948933, "bearings": {"613_607_0": 160.20824716320908, "613_620_0": -19.780854503494545, "613_621_0": 43.43428374591682}, "angles": {"613_620_0": 180.01089833329638, "613_621_0": 63.21513824941137, "613_607_0": 116.77396341729226}, "adj_sorted": [[613, 620, 0], [613, 621, 0], [613, 607, 0]], "type": "T", "n_corners": 2}, "geometry": {"type": "Point", "coordinates": [18.971744599999997, 47.53573960000006]}}, {"id": "204", "type": "Feature", "properties": {"x": 4992933.154986031, "y": 2755364.027903121, "bearings": {"204_179_0": 117.80960985372029, "204_180_0": -150.89278949785202, "204_225_0": -62.32262699906802}, "angles": {"204_180_0": 91.2976006484277, "204_225_0": 88.570162498784, "204_179_0": 180.1322368527883}, "adj_sorted": [[204, 180, 0], [204, 225, 0], [204, 179, 0]], "type": "T", "n_corners": 2}, "geometry": {"type": "Point", "coordinates": [18.944967699999992, 47.545779600000024]}}, {"id": "227", "type": "Feature", "properties": {"x": 4993026.5909903115, "y": 2755597.4354001167, "bearings": {"227_240_0": -70.75920688565257, "227_251_0": 19.65304075725483, "227_210_0": 109.69342536495633, "227_211_0": -160.75212065387336}, "angles": {"227_211_0": 89.5544539811703, "227_240_0": 89.99291376822079, "227_251_0": 90.4122476429074, "227_210_0": 90.0403846077015}, "adj_sorted": [[227, 211, 0], [227, 240, 0], [227, 251, 0], [227, 210, 0]], "type": "X", "n_corners": 4}, "geometry": {"type": "Point", "coordinates": [18.946563800000003, 47.54776130000002]}}, {"id": "691", "type": "Feature", "properties": {"x": 4996350.663945424, "y": 2753871.144768062, "bearings": {"691_712_0": -34.181309035185066, "691_694_0": 69.08791909398074, "691_687_0": 149.22754619333202}, "angles": {"691_712_0": 176.5911447714829, "691_694_0": 103.26922812916581, "691_687_0": 80.13962709935127}, "adj_sorted": [[691, 712, 0], [691, 694, 0], [691, 687, 0]], "type": "T", "n_corners": 2}, "geometry": {"type": "Point", "coordinates": [18.987737499999994, 47.528736200000026]}}, {"id": "707", "type": "Feature", "properties": {"x": 4996510.605861147, "y": 2753939.1516392743, "bearings": {"707_714_0": -35.07506578609333, "707_694_0": 145.23270230349394, "707_708_0": 37.736213762488724}, "angles": {"707_714_0": 179.69223191041272, "707_708_0": 72.81127954858206, "707_694_0": 107.49648854100522}, "adj_sorted": [[707, 714, 0], [707, 708, 0], [707, 694, 0]], "type": "T", "n_corners": 2}, "geometry": {"type": "Point", "coordinates": [18.989953799999995, 47.52916860000001]}}, {"id": "663", "type": "Feature", "properties": {"x": 4996080.13833366, "y": 2753849.0046150405, "bearings": {"663_662_0": 97.87775709974154, "663_667_0": 9.244610704073038, "663_676_0": -77.82957057169659}, "angles": {"663_676_0": 184.29267232856188, "663_667_0": 87.07418127576963, "663_662_0": 88.6331463956685}, "adj_sorted": [[663, 676, 0], [663, 667, 0], [663, 662, 0]], "type": "T", "n_corners": 2}, "geometry": {"type": "Point", "coordinates": [18.98413389999999, 47.52883370000004]}}, {"id": "662", "type": "Feature", "properties": {"x": 4996078.779890201, "y": 2753858.8223839193, "bearings": {"662_657_0": -178.97373773517296, "662_663_0": -82.12224290025844, "662_650_0": 87.73152810481481}, "angles": {"662_657_0": 93.29473416001224, "662_663_0": 96.85149483491452, "662_650_0": 169.85377100507327}, "adj_sorted": [[662, 657, 0], [662, 663, 0], [662, 650, 0]], "type": "T", "n_corners": 2}, "geometry": {"type": "Point", "coordinates": [18.984131299999998, 47.52892280000003]}}, {"id": "676", "type": "Feature", "properties": {"x": 4996237.623720597, "y": 2753787.630548696, "bearings": {"676_663_0": 148.48384676730166, "676_672_0": -122.7126944606524, "676_682_0": 46.643278278504305, "676_696_0": -37.78249172654294}, "angles": {"676_672_0": 88.80345877204593, "676_696_0": 84.93020273410946, "676_682_0": 84.42577000504724, "676_663_0": 101.84056848879735}, "adj_sorted": [[676, 672, 0], [676, 696, 0], [676, 682, 0], [676, 663, 0]], "type": "X", "n_corners": 4}, "geometry": {"type": "Point", "coordinates": [18.986115799999997, 47.528114200000005]}}, {"id": "650", "type": "Feature", "properties": {"x": 4995974.146576753, "y": 2754324.3165935767, "bearings": {"650_662_0": -56.869886757392514, "650_646_0": 124.17061025855101, "650_647_0": -137.94259894212678}, "angles": {"650_647_0": 97.88679079932223, "650_662_0": 81.07271218473426, "650_646_0": 181.04049701594352}, "adj_sorted": [[650, 647, 0], [650, 662, 0], [650, 646, 0]], "type": "T", "n_corners": 2}, "geometry": {"type": "Point", "coordinates": [18.983477300000004, 47.53319120000001]}}, {"id": "654", "type": "Feature", "properties": {"x": 4996005.708129522, "y": 2754040.772648758, "bearings": {"654_657_0": -77.58899119208054, "654_647_0": 101.98794056546942, "654_648_0": -140.18360567390178}, "angles": {"654_648_0": 117.8284537606288, "654_657_0": 62.59461448182124, "654_647_0": 179.57693175754997}, "adj_sorted": [[654, 648, 0], [654, 657, 0], [654, 647, 0]], "type": "T", "n_corners": 2}, "geometry": {"type": "Point", "coordinates": [18.983451199999998, 47.530626300000044]}}, {"id": "646", "type": "Feature", "properties": {"x": 4995942.673440375, "y": 2754369.3364730873, "bearings": {"646_650_0": -54.25798813226403, "646_649_0": 127.70519313541399, "646_659_0": 38.03152649760698}, "angles": {"646_650_0": 178.036818732322, "646_659_0": 92.28951462987101, "646_649_0": 89.673666637807}, "adj_sorted": [[646, 650, 0], [646, 659, 0], [646, 649, 0]], "type": "T", "n_corners": 2}, "geometry": {"type": "Point", "coordinates": [18.9831323, 47.53362729999997]}}, {"id": "647", "type": "Feature", "properties": {"x": 4995943.734729776, "y": 2754295.904423974, "bearings": {"647_650_0": 44.103088119972206, "647_654_0": -58.572250981744254, "647_641_0": -136.48902840671232}, "angles": {"647_641_0": 179.40788347331548, "647_654_0": 77.91677742496807, "647_650_0": 102.67533910171646}, "adj_sorted": [[647, 641, 0], [647, 654, 0], [647, 650, 0]], "type": "T", "n_corners": 2}, "geometry": {"type": "Point", "coordinates": [18.983031699999998, 47.53297080000001]}}, {"id": "672", "type": "Feature", "properties": {"x": 4996220.903663593, "y": 2753760.5209679054, "bearings": {"672_665_0": 136.4722298682143, "672_676_0": 57.59228258006368, "672_693_0": -56.211354922520464}, "angles": {"672_693_0": 167.31641520926524, "672_676_0": 113.80363750258414, "672_665_0": 78.87994728815062}, "adj_sorted": [[672, 693, 0], [672, 676, 0], [672, 665, 0]], "type": "T", "n_corners": 2}, "geometry": {"type": "Point", "coordinates": [18.9858529, 47.52789050000001]}}, {"id": "682", "type": "Feature", "properties": {"x": 4996284.8737606965, "y": 2753837.6216849443, "bearings": {"682_676_0": -134.87545548903134, "682_696_0": -42.870512609333865, "682_684_0": 46.32791601409009}, "angles": {"682_676_0": 178.79662849687855, "682_696_0": 92.00494287969747, "682_684_0": 89.19842862342395}, "adj_sorted": [[682, 676, 0], [682, 696, 0], [682, 684, 0]], "type": "T", "n_corners": 2}, "geometry": {"type": "Point", "coordinates": [18.9868172, 47.5285088]}}, {"id": "696", "type": "Feature", "properties": {"x": 4996389.224392622, "y": 2753620.3690342614, "bearings": {"696_676_0": 114.00608653519375, "696_682_0": 44.78850590761344, "696_698_0": -86.81137550595375}, "angles": {"696_698_0": 159.1825379588525, "696_682_0": 131.59988141356718, "696_676_0": 69.2175806275803}, "adj_sorted": [[696, 698, 0], [696, 682, 0], [696, 676, 0]], "type": "Y", "n_corners": 3}, "geometry": {"type": "Point", "coordinates": [18.9878547, 47.526456100000026]}}, {"id": "649", "type": "Feature", "properties": {"x": 4995955.855842404, "y": 2754657.7544386196, "bearings": {"649_646_0": -146.08873032602617, "649_659_0": -44.25624483118109, "649_651_0": 33.33852036164321}, "angles": {"649_646_0": 180.57274931233061, "649_659_0": 101.83248549484507, "649_651_0": 77.5947651928243}, "adj_sorted": [[649, 646, 0], [649, 659, 0], [649, 651, 0]], "type": "T", "n_corners": 2}, "geometry": {"type": "Point", "coordinates": [18.983756400000004, 47.53618690000005]}}, {"id": "659", "type": "Feature", "properties": {"x": 4996061.449515859, "y": 2754477.178854788, "bearings": {"659_646_0": -131.2763829847736, "659_649_0": 48.29488265341683, "659_675_0": 17.72198963202926}, "angles": {"659_646_0": 180.42873436180957, "659_675_0": 148.99837261680284, "659_649_0": 30.572893021387568}, "adj_sorted": [[659, 646, 0], [659, 675, 0], [659, 649, 0]], "type": "Y", "n_corners": 2}, "geometry": {"type": "Point", "coordinates": [18.984867799999993, 47.534460200000034]}}, {"id": "641", "type": "Feature", "properties": {"x": 4995797.914452867, "y": 2754155.718216516, "bearings": {"641_640_0": -137.03007389693994, "641_647_0": 42.95188437612345, "641_629_0": 130.08837249370455}, "angles": {"641_640_0": 92.88155360935548, "641_647_0": 179.98195827306338, "641_629_0": 87.13648811758111}, "adj_sorted": [[641, 640, 0], [641, 647, 0], [641, 629, 0]], "type": "T", "n_corners": 2}, "geometry": {"type": "Point", "coordinates": [18.980889, 47.531878700000064]}}, {"id": "693", "type": "Feature", "properties": {"x": 4996364.574086499, "y": 2753590.90011547, "bearings": {"693_672_0": 130.59621644132292, "693_698_0": -3.501769192461739, "693_688_0": -142.73852014274956}, "angles": {"693_688_0": 86.66526341592748, "693_698_0": 139.2367509502878, "693_672_0": 134.09798563378467}, "adj_sorted": [[693, 688, 0], [693, 698, 0], [693, 672, 0]], "type": "Y", "n_corners": 3}, "geometry": {"type": "Point", "coordinates": [18.987483500000007, 47.526220000000016]}}, {"id": "675", "type": "Feature", "properties": {"x": 4996234.863903292, "y": 2754625.1176441307, "bearings": {"675_659_0": -96.91629883082332, "675_666_0": 143.85549635464093, "675_679_0": 64.7172042066036}, "angles": {"675_659_0": 119.22820481453573, "675_679_0": 161.63350303742692, "675_666_0": 79.13829214803734}, "adj_sorted": [[675, 659, 0], [675, 679, 0], [675, 666, 0]], "type": "Y", "n_corners": 3}, "geometry": {"type": "Point", "coordinates": [18.987386899999997, 47.5355913]}}, {"id": "629", "type": "Feature", "properties": {"x": 4995432.014018883, "y": 2754539.7250861274, "bearings": {"629_620_0": -134.994448719631, "629_641_0": -45.191599529987975, "629_630_0": 42.584398341825725}, "angles": {"629_620_0": 182.42115293854326, "629_641_0": 89.80284918964304, "629_630_0": 87.7759978718137}, "adj_sorted": [[629, 620, 0], [629, 641, 0], [629, 630, 0]], "type": "T", "n_corners": 2}, "geometry": {"type": "Point", "coordinates": [18.97666019999999, 47.53570460000004]}}, {"id": "525", "type": "Feature", "properties": {"x": 4994336.3915779255, "y": 2755502.411180213, "bearings": {"525_524_0": -94.34277090457235, "525_528_0": 84.23811273617561, "525_510_0": 160.32253616572157}, "angles": {"525_524_0": 105.33469292970608, "525_528_0": 178.58088364074797, "525_510_0": 76.08442342954596}, "adj_sorted": [[525, 524, 0], [525, 528, 0], [525, 510, 0]], "type": "T", "n_corners": 2}, "geometry": {"type": "Point", "coordinates": [18.963702699999992, 47.54548930000002]}}, {"id": "528", "type": "Feature", "properties": {"x": 4994342.340186833, "y": 2755547.0817329437, "bearings": {"528_525_0": -101.79857535941095, "528_570_0": -28.63254217116746, "528_535_0": 72.69335193166974}, "angles": {"528_525_0": 185.50807270891931, "528_570_0": 73.16603318824349, "528_535_0": 101.3258941028372}, "adj_sorted": [[528, 525, 0], [528, 570, 0], [528, 535, 0]], "type": "T", "n_corners": 2}, "geometry": {"type": "Point", "coordinates": [18.963850799999992, 47.54588150000003]}}, {"id": "510", "type": "Feature", "properties": {"x": 4994266.313109197, "y": 2755524.153762226, "bearings": {"510_525_0": -16.578863250857626, "510_490_0": 162.56161251079547, "510_508_0": 87.0795571255181}, "angles": {"510_525_0": 180.8595242383469, "510_508_0": 103.65842037637572, "510_490_0": 75.48205538527738}, "adj_sorted": [[510, 525, 0], [510, 508, 0], [510, 490, 0]], "type": "T", "n_corners": 2}, "geometry": {"type": "Point", "coordinates": [18.96281169999999, 47.54575960000004]}}, {"id": "570", "type": "Feature", "properties": {"x": 4994513.698202739, "y": 2755447.917866392, "bearings": {"570_528_0": 149.89836785192202, "570_576_0": 65.36676906857636, "570_564_0": -112.91242324253321}, "angles": {"570_564_0": 97.18920890554477, "570_576_0": 178.27919231110957, "570_528_0": 84.53159878334566}, "adj_sorted": [[570, 564, 0], [570, 576, 0], [570, 528, 0]], "type": "T", "n_corners": 2}, "geometry": {"type": "Point", "coordinates": [18.96595779999999, 47.54480999999997]}}, {"id": "535", "type": "Feature", "properties": {"x": 4994364.550293226, "y": 2755610.161389182, "bearings": {"535_528_0": -110.10652427072235, "535_576_0": -26.264833633060128, "535_542_0": 70.4333829576026}, "angles": {"535_528_0": 179.46009277167505, "535_576_0": 83.84169063766223, "535_542_0": 96.69821659066272}, "adj_sorted": [[535, 528, 0], [535, 576, 0], [535, 542, 0]], "type": "T", "n_corners": 2}, "geometry": {"type": "Point", "coordinates": [18.964242200000005, 47.54642030000006]}}, {"id": "490", "type": "Feature", "properties": {"x": 4994127.004813845, "y": 2755567.9128583353, "bearings": {"490_455_0": 165.51186060884663, "490_510_0": -17.43838748920455, "490_486_0": 96.35933342177057}, "angles": {"490_510_0": 177.0497519019488, "490_486_0": 113.79772091097513, "490_455_0": 69.15252718707606}, "adj_sorted": [[490, 510, 0], [490, 486, 0], [490, 455, 0]], "type": "T", "n_corners": 2}, "geometry": {"type": "Point", "coordinates": [18.961041299999998, 47.54630170000004]}}, {"id": "508", "type": "Feature", "properties": {"x": 4994261.130428232, "y": 2755639.446691575, "bearings": {"508_510_0": -85.6406930318582, "508_507_0": 98.07377636606189, "508_486_0": 175.9387539743715}, "angles": {"508_510_0": 98.42055299377029, "508_507_0": 183.71446939792008, "508_486_0": 77.86497760830962}, "adj_sorted": [[508, 510, 0], [508, 507, 0], [508, 486, 0]], "type": "T", "n_corners": 2}, "geometry": {"type": "Point", "coordinates": [18.9629229, 47.546794200000065]}}, {"id": "576", "type": "Feature", "properties": {"x": 4994548.773149098, "y": 2755524.4109487007, "bearings": {"576_570_0": -114.63323093142365, "576_535_0": 155.0392669572038, "576_581_0": 65.2581946286139}, "angles": {"576_570_0": 90.32750211137255, "576_581_0": 179.89142556003753, "576_535_0": 89.78107232858991}, "adj_sorted": [[576, 570, 0], [576, 581, 0], [576, 535, 0]], "type": "T", "n_corners": 2}, "geometry": {"type": "Point", "coordinates": [18.966539900000004, 47.54545450000002]}}, {"id": "542", "type": "Feature", "properties": {"x": 4994384.606476268, "y": 2755687.7577608516, "bearings": {"542_535_0": -100.59927554458598, "542_581_0": -24.49646157575441, "542_543_0": 84.35373925148578}, "angles": {"542_535_0": 175.04698520392824, "542_581_0": 76.10281396883157, "542_543_0": 108.85020082724019}, "adj_sorted": [[542, 535, 0], [542, 581, 0], [542, 543, 0]], "type": "T", "n_corners": 2}, "geometry": {"type": "Point", "coordinates": [18.9646278, 47.547091000000044]}}, {"id": "486", "type": "Feature", "properties": {"x": 4994117.022365237, "y": 2755649.678517427, "bearings": {"486_490_0": -82.89638067374574, "486_508_0": -4.061246025628498, "486_480_0": 98.81977718982934}, "angles": {"486_490_0": 178.28384213642494, "486_508_0": 78.83513464811725, "486_480_0": 102.88102321545783}, "adj_sorted": [[486, 490, 0], [486, 508, 0], [486, 480, 0]], "type": "T", "n_corners": 2}, "geometry": {"type": "Point", "coordinates": [18.96103690000001, 47.54704230000003]}}, {"id": "507", "type": "Feature", "properties": {"x": 4994249.559088782, "y": 2755728.044106586, "bearings": {"507_499_0": 103.91229361448126, "507_508_0": -82.96063304151241, "507_480_0": -178.70596502674468}, "angles": {"507_480_0": 77.3817413587741, "507_508_0": 95.74533198523227, "507_499_0": 186.87292665599367}, "adj_sorted": [[507, 480, 0], [507, 508, 0], [507, 499, 0]], "type": "T", "n_corners": 2}, "geometry": {"type": "Point", "coordinates": [18.962908199999994, 47.54759750000002]}}, {"id": "953", "type": "Feature", "properties": {"x": 4998169.282610038, "y": 2754591.3347653905, "bearings": {"953_980_0": -16.943681144103078, "953_937_0": -129.63408748645998, "953_938_0": 142.76138115999873}, "angles": {"953_937_0": 87.60453135354129, "953_980_0": 112.6904063423569, "953_938_0": 159.7050623041018}, "adj_sorted": [[953, 937, 0], [953, 980, 0], [953, 938, 0]], "type": "Y", "n_corners": 3}, "geometry": {"type": "Point", "coordinates": [19.01285710000001, 47.53317640000004]}}, {"id": "938", "type": "Feature", "properties": {"x": 4998088.538750055, "y": 2754663.1934104105, "bearings": {"938_949_0": 64.61761528890406, "938_896_0": -127.93974624984168, "938_953_0": -48.26279654727639, "938_919_0": 126.93179458713196}, "angles": {"938_896_0": 105.12845916302638, "938_953_0": 79.67694970256528, "938_949_0": 112.88041183618046, "938_919_0": 62.3141792982279}, "adj_sorted": [[938, 896, 0], [938, 953, 0], [938, 949, 0], [938, 919, 0]], "type": "X", "n_corners": 4}, "geometry": {"type": "Point", "coordinates": [19.011904299999998, 47.533906000000016]}}, {"id": "210", "type": "Feature", "properties": {"x": 4992963.163145399, "y": 2755774.646572072, "bearings": {"210_227_0": -70.30657463504369, "210_193_0": 109.08913626487981, "210_200_0": -160.92316129260357}, "angles": {"210_200_0": 89.98770244251659, "210_227_0": 90.61658665755988, "210_193_0": 179.3957108999235}, "adj_sorted": [[210, 200, 0], [210, 227, 0], [210, 193, 0]], "type": "T", "n_corners": 2}, "geometry": {"type": "Point", "coordinates": [18.9460022, 47.549411800000044]}}, {"id": "211", "type": "Feature", "properties": {"x": 4992964.38486358, "y": 2755575.7146313125, "bearings": {"211_227_0": 19.247879346126666, "211_203_0": 110.374782510262, "211_232_0": -70.3913104833558}, "angles": {"211_232_0": 179.2339070063822, "211_227_0": 89.63918982948246, "211_203_0": 91.12690316413533}, "adj_sorted": [[211, 232, 0], [211, 227, 0], [211, 203, 0]], "type": "T", "n_corners": 2}, "geometry": {"type": "Point", "coordinates": [18.945709, 47.54763499999997]}}, {"id": "193", "type": "Feature", "properties": {"x": 4992896.426371258, "y": 2755967.4891226958, "bearings": {"193_210_0": -70.9108637351202, "193_223_0": 19.456328333017964, "193_174_0": 109.62768944385024}, "angles": {"193_210_0": 179.46144682102954, "193_223_0": 90.36719206813817, "193_174_0": 90.17136111083228}, "adj_sorted": [[193, 210, 0], [193, 223, 0], [193, 174, 0]], "type": "T", "n_corners": 2}, "geometry": {"type": "Point", "coordinates": [18.945421200000006, 47.55120540000001]}}, {"id": "239", "type": "Feature", "properties": {"x": 4993082.549134716, "y": 2755817.108031855, "bearings": {"239_251_0": -70.434988186684, "239_243_0": 38.25321508119839, "239_220_0": -160.63706121940388}, "angles": {"239_220_0": 161.10972369939773, "239_251_0": 90.20207303271988, "239_243_0": 108.68820326788239}, "adj_sorted": [[239, 220, 0], [239, 251, 0], [239, 243, 0]], "type": "Y", "n_corners": 3}, "geometry": {"type": "Point", "coordinates": [18.947644, 47.549661100000016]}}, {"id": "223", "type": "Feature", "properties": {"x": 4993017.048222135, "y": 2756010.1001192993, "bearings": {"223_193_0": -160.54367166698205, "223_207_0": 108.85823055744825, "223_243_0": -70.01382082772591, "223_247_0": 19.45585689492793}, "angles": {"223_193_0": 90.59809777556973, "223_243_0": 90.52985083925614, "223_247_0": 89.46967772265384, "223_207_0": 89.40237366252032}, "adj_sorted": [[223, 193, 0], [223, 243, 0], [223, 247, 0], [223, 207, 0]], "type": "X", "n_corners": 4}, "geometry": {"type": "Point", "coordinates": [18.947079599999995, 47.5514547]}}, {"id": "174", "type": "Feature", "properties": {"x": 4992829.2159711635, "y": 2756155.9495976064, "bearings": {"174_175_0": -160.7879341047391, "174_193_0": -70.37231055614977, "174_156_0": 109.4566336105329, "174_207_0": 19.54575452559283}, "angles": {"174_175_0": 89.75543228472799, "174_193_0": 90.41562354858932, "174_207_0": 89.9180650817426, "174_156_0": 89.91087908494008}, "adj_sorted": [[174, 175, 0], [174, 193, 0], [174, 207, 0], [174, 156, 0]], "type": "X", "n_corners": 4}, "geometry": {"type": "Point", "coordinates": [18.9448271, 47.5529604]}}, {"id": "243", "type": "Feature", "properties": {"x": 4993105.169251156, "y": 2755834.9423520267, "bearings": {"243_271_0": -48.556986010855724, "243_260_0": 42.422002905752336, "243_239_0": -141.7467849188016, "243_223_0": 131.36183857537898}, "angles": {"243_239_0": 86.89137650581938, "243_271_0": 93.18979890794589, "243_260_0": 90.97898891660806, "243_223_0": 88.93983566962665}, "adj_sorted": [[243, 239, 0], [243, 271, 0], [243, 260, 0], [243, 223, 0]], "type": "X", "n_corners": 4}, "geometry": {"type": "Point", "coordinates": [18.947970299999994, 47.54979570000007]}}, {"id": "632", "type": "Feature", "properties": {"x": 4995495.497803577, "y": 2753881.496237122, "bearings": {"632_633_0": 43.08974157703749, "632_634_0": -95.18608865790772, "632_626_0": -138.61172475727676}, "angles": {"632_626_0": 178.29853366568574, "632_634_0": 43.425636099369044, "632_633_0": 138.2758302349452}, "adj_sorted": [[632, 626, 0], [632, 634, 0], [632, 633, 0]], "type": "Y", "n_corners": 2}, "geometry": {"type": "Point", "coordinates": [18.976471300000004, 47.52976100000005]}}, {"id": "636", "type": "Feature", "properties": {"x": 4995540.517082026, "y": 2753498.729681802, "bearings": {"636_638_0": 29.511419818992668, "636_642_0": -31.603787500144513, "636_622_0": 149.34479757746178}, "angles": {"636_642_0": 179.05141492239372, "636_638_0": 61.115207319137184, "636_622_0": 119.83337775846911}, "adj_sorted": [[636, 642, 0], [636, 638, 0], [636, 622, 0]], "type": "T", "n_corners": 2}, "geometry": {"type": "Point", "coordinates": [18.976468400000005, 47.52629590000001]}}, {"id": "630", "type": "Feature", "properties": {"x": 4995434.967251063, "y": 2754542.4387325696, "bearings": {"630_629_0": -137.43179525640096, "630_628_0": 135.4266352213008, "630_631_0": 41.50380807472736}, "angles": {"630_629_0": 87.14156952229825, "630_631_0": 178.93560333112833, "630_628_0": 93.92282714657345}, "adj_sorted": [[630, 629, 0], [630, 631, 0], [630, 628, 0]], "type": "T", "n_corners": 2}, "geometry": {"type": "Point", "coordinates": [18.9767034, 47.535725600000035]}}, {"id": "1076", "type": "Feature", "properties": {"x": 4999032.5958433775, "y": 2754137.550448784, "bearings": {"1076_1079_0": -72.32223939160284, "1076_1078_0": 90.10126732114867, "1076_1051_0": -169.12972196850106}, "angles": {"1076_1051_0": 100.76901071035024, "1076_1079_0": 96.80748257689822, "1076_1078_0": 162.4235067127515}, "adj_sorted": [[1076, 1051, 0], [1076, 1079, 0], [1076, 1078, 0]], "type": "Y", "n_corners": 3}, "geometry": {"type": "Point", "coordinates": [19.023535800000005, 47.5281818]}}, {"id": "897", "type": "Feature", "properties": {"x": 4997905.468744192, "y": 2752514.569472713, "bearings": {"897_906_0": -31.06142050190149, "897_883_0": 146.01001171984484, "897_881_0": -128.20646739411544}, "angles": {"897_881_0": 85.7835208860397, "897_906_0": 97.14504689221394, "897_883_0": 177.07143222174633}, "adj_sorted": [[897, 881, 0], [897, 906, 0], [897, 883, 0]], "type": "T", "n_corners": 2}, "geometry": {"type": "Point", "coordinates": [19.006127299999992, 47.514931700000005]}}, {"id": "903", "type": "Feature", "properties": {"x": 4997935.678490686, "y": 2752864.4203279656, "bearings": {"903_882_0": -139.72838614565484, "903_925_0": 40.122957677564834, "903_853_0": 142.96824549399813}, "angles": {"903_882_0": 77.30336836034701, "903_925_0": 179.85134382321968, "903_853_0": 102.84528781643328}, "adj_sorted": [[903, 882, 0], [903, 925, 0], [903, 853, 0]], "type": "T", "n_corners": 2}, "geometry": {"type": "Point", "coordinates": [19.007072899999994, 47.518020800000045]}}, {"id": "843", "type": "Feature", "properties": {"x": 4997637.356780782, "y": 2752975.0418121135, "bearings": {"843_834_0": -117.31180362911054, "843_882_0": -39.62382743814233, "843_838_0": 135.07288922523256}, "angles": {"843_834_0": 107.61530714565691, "843_882_0": 77.68797619096821, "843_838_0": 174.6967166633749}, "adj_sorted": [[843, 834, 0], [843, 882, 0], [843, 838, 0]], "type": "T", "n_corners": 2}, "geometry": {"type": "Point", "coordinates": [19.003311000000004, 47.519334099999995]}}, {"id": "1017", "type": "Feature", "properties": {"x": 4998620.137226423, "y": 2753105.5126740234, "bearings": {"1017_1023_0": 54.9534437552647, "1017_1037_0": -11.241410797114106, "1017_971_0": -161.8278973215696}, "angles": {"1017_971_0": 143.21865892316572, "1017_1037_0": 150.5864865244555, "1017_1023_0": 66.19485455237881}, "adj_sorted": [[1017, 971, 0], [1017, 1037, 0], [1017, 1023, 0]], "type": "Y", "n_corners": 3}, "geometry": {"type": "Point", "coordinates": [19.0164782, 47.51942360000007]}}, {"id": "988", "type": "Feature", "properties": {"x": 4998423.924193807, "y": 2753566.559097251, "bearings": {"988_990_0": -20.89903178238504, "988_970_0": -115.70748614701994, "988_976_0": 160.85101461413973}, "angles": {"988_970_0": 83.44149923884032, "988_990_0": 94.8084543646349, "988_976_0": 181.75004639652477}, "adj_sorted": [[988, 970, 0], [988, 990, 0], [988, 976, 0]], "type": "T", "n_corners": 2}, "geometry": {"type": "Point", "coordinates": [19.014611899999995, 47.52375270000003]}}, {"id": "978", "type": "Feature", "properties": {"x": 4998374.604738016, "y": 2753009.493567656, "bearings": {"978_971_0": 81.45928121390372, "978_960_0": 165.6868392816293, "978_995_0": -13.589349883689174}, "angles": {"978_995_0": 180.72381083468153, "978_971_0": 95.0486310975929, "978_960_0": 84.22755806772557}, "adj_sorted": [[978, 995, 0], [978, 971, 0], [978, 960, 0]], "type": "T", "n_corners": 2}, "geometry": {"type": "Point", "coordinates": [19.013089299999994, 47.518835400000036]}}, {"id": "941", "type": "Feature", "properties": {"x": 4998110.254817741, "y": 2753052.4383102073, "bearings": {"941_946_0": 34.583794782582146, "941_943_0": -79.2399033963643, "941_930_0": -146.1170411589744}, "angles": {"941_930_0": 179.29916405844347, "941_943_0": 66.87713776261009, "941_946_0": 113.82369817894644}, "adj_sorted": [[941, 930, 0], [941, 943, 0], [941, 946, 0]], "type": "T", "n_corners": 2}, "geometry": {"type": "Point", "coordinates": [19.009669700000003, 47.51950780000006]}}, {"id": "960", "type": "Feature", "properties": {"x": 4998236.86470115, "y": 2753044.6367590027, "bearings": {"960_946_0": 159.34972212284057, "960_978_0": -14.313160718370728, "960_973_0": -102.47946081582937}, "angles": {"960_973_0": 98.17081706133007, "960_978_0": 88.16630009745865, "960_946_0": 173.6628828412113}, "adj_sorted": [[960, 973, 0], [960, 978, 0], [960, 946, 0]], "type": "T", "n_corners": 2}, "geometry": {"type": "Point", "coordinates": [19.011327499999997, 47.519299700000055]}}, {"id": "880", "type": "Feature", "properties": {"x": 4997831.992154934, "y": 2753209.892179324, "bearings": {"880_946_0": -76.73664561122347, "880_877_0": 102.26579933555753, "880_871_0": -117.17609191730362}, "angles": {"880_871_0": 140.55810874713885, "880_946_0": 40.43944630608016, "880_877_0": 179.002444946781}, "adj_sorted": [[880, 871, 0], [880, 946, 0], [880, 877, 0]], "type": "Y", "n_corners": 2}, "geometry": {"type": "Point", "coordinates": [19.0062456, 47.52121720000003]}}, {"id": "943", "type": "Feature", "properties": {"x": 4998111.903232208, "y": 2752939.6653700573, "bearings": {"943_941_0": 75.83010038654739, "943_926_0": -107.7894121260075, "943_925_0": 152.55916119411702}, "angles": {"943_926_0": 99.6514266798755, "943_941_0": 183.61951251255488, "943_925_0": 76.72906080756964}, "adj_sorted": [[943, 926, 0], [943, 941, 0], [943, 925, 0]], "type": "T", "n_corners": 2}, "geometry": {"type": "Point", "coordinates": [19.009514999999997, 47.51849960000009]}}, {"id": "930", "type": "Feature", "properties": {"x": 4998049.921628743, "y": 2753017.2886094246, "bearings": {"930_941_0": 33.18147021579332, "930_862_0": 165.43666323531906, "930_925_0": -120.13047658664128}, "angles": {"930_925_0": 74.43286017803968, "930_941_0": 153.3119468024346, "930_862_0": 132.25519301952573}, "adj_sorted": [[930, 925, 0], [930, 941, 0], [930, 862, 0]], "type": "Y", "n_corners": 3}, "geometry": {"type": "Point", "coordinates": [19.0088189, 47.519260100000025]}}, {"id": "862", "type": "Feature", "properties": {"x": 4997732.546021666, "y": 2753159.611908408, "bearings": {"862_930_0": -22.96670008586193, "862_858_0": -122.91987161065929, "862_845_0": 142.06649718088568}, "angles": {"862_858_0": 95.01363120845502, "862_930_0": 99.95317152479736, "862_845_0": 165.0331972667476}, "adj_sorted": [[862, 858, 0], [862, 930, 0], [862, 845, 0]], "type": "T", "n_corners": 2}, "geometry": {"type": "Point", "coordinates": [19.00485520000001, 47.52087720000001]}}, {"id": "925", "type": "Feature", "properties": {"x": 4998033.698142764, "y": 2752980.271984592, "bearings": {"925_903_0": -102.29673585259357, "925_943_0": -27.428273895815167, "925_930_0": 72.08179926721998}, "angles": {"925_903_0": 185.62146488018647, "925_943_0": 74.8684619567784, "925_930_0": 99.51007316303514}, "adj_sorted": [[925, 903, 0], [925, 943, 0], [925, 930, 0]], "type": "T", "n_corners": 2}, "geometry": {"type": "Point", "coordinates": [19.008547, 47.51894750000005]}}, {"id": "926", "type": "Feature", "properties": {"x": 4998035.396493273, "y": 2752799.364322036, "bearings": {"926_943_0": 56.686091559437074, "926_936_0": -35.255236374036464, "926_911_0": 139.7190360358825}, "angles": {"926_936_0": 185.02572759008103, "926_943_0": 91.94132793347353, "926_911_0": 83.03294447644544}, "adj_sorted": [[926, 936, 0], [926, 943, 0], [926, 911, 0]], "type": "T", "n_corners": 2}, "geometry": {"type": "Point", "coordinates": [19.00828639999999, 47.51733120000007]}}, {"id": "973", "type": "Feature", "properties": {"x": 4998336.098218301, "y": 2752843.7475681826, "bearings": {"973_960_0": 150.56956247113723, "973_959_0": -131.9632787504423, "973_987_0": -48.3272363910806, "973_985_0": 56.6817480905768}, "angles": {"973_959_0": 77.46715877842047, "973_987_0": 83.6360423593617, "973_985_0": 105.0089844816574, "973_960_0": 93.88781438056043}, "adj_sorted": [[973, 959, 0], [973, 987, 0], [973, 985, 0], [973, 960, 0]], "type": "other", "n_corners": 4}, "geometry": {"type": "Point", "coordinates": [19.012322000000008, 47.51739840000004]}}, {"id": "877", "type": "Feature", "properties": {"x": 4997824.433112552, "y": 2753234.257110874, "bearings": {"877_886_0": 53.834411574939615, "877_880_0": -66.57720668289335, "877_856_0": 128.92887373371025}, "angles": {"877_880_0": 164.4939195833964, "877_886_0": 120.41161825783297, "877_856_0": 75.09446215877063}, "adj_sorted": [[877, 880, 0], [877, 886, 0], [877, 856, 0]], "type": "Y", "n_corners": 3}, "geometry": {"type": "Point", "coordinates": [19.006183999999994, 47.521442900000025]}}, {"id": "845", "type": "Feature", "properties": {"x": 4997638.845753493, "y": 2753229.3646528735, "bearings": {"845_862_0": -35.376048309745734, "845_856_0": 77.60179638352898, "845_836_0": -120.18365678450628, "845_853_0": -100.42644398897065}, "angles": {"845_836_0": 162.21454683196475, "845_853_0": 19.757212795535636, "845_862_0": 65.05039567922492, "845_856_0": 112.9778446932747}, "adj_sorted": [[845, 836, 0], [845, 853, 0], [845, 862, 0], [845, 856, 0]], "type": "other", "n_corners": 4}, "geometry": {"type": "Point", "coordinates": [19.003728299999995, 47.52160210000005]}}, {"id": "936", "type": "Feature", "properties": {"x": 4998067.646000046, "y": 2752776.568204282, "bearings": {"936_914_0": -131.98451324196785, "936_926_0": 144.74476362596354, "936_959_0": -33.9155290903816}, "angles": {"936_914_0": 83.27072313206861, "936_959_0": 98.06898415158625, "936_926_0": 178.66029271634514}, "adj_sorted": [[936, 914, 0], [936, 959, 0], [936, 926, 0]], "type": "T", "n_corners": 2}, "geometry": {"type": "Point", "coordinates": [19.008676100000002, 47.517092500000004]}}, {"id": "856", "type": "Feature", "properties": {"x": 4997695.240842909, "y": 2753315.3713118033, "bearings": {"856_877_0": -28.074289046870845, "856_845_0": -143.08244436340684, "856_850_0": 147.87034501381626}, "angles": {"856_845_0": 69.0472106227769, "856_877_0": 115.00815531653599, "856_850_0": 175.94463406068712}, "adj_sorted": [[856, 845, 0], [856, 877, 0], [856, 850, 0]], "type": "T", "n_corners": 2}, "geometry": {"type": "Point", "coordinates": [19.004606700000004, 47.522308000000045]}}, {"id": "836", "type": "Feature", "properties": {"x": 4997585.063332382, "y": 2753139.6560281143, "bearings": {"836_817_0": 149.540428627589, "836_845_0": 58.486607107645895, "836_827_0": -124.81133999740857}, "angles": {"836_827_0": 85.64823137500241, "836_845_0": 183.29794710505445, "836_817_0": 91.0538215199431}, "adj_sorted": [[836, 827, 0], [836, 845, 0], [836, 817, 0]], "type": "T", "n_corners": 2}, "geometry": {"type": "Point", "coordinates": [19.0028786, 47.52086030000003]}}, {"id": "853", "type": "Feature", "properties": {"x": 4997690.108572096, "y": 2753044.039991351, "bearings": {"853_903_0": -34.5934916725615, "853_845_0": 80.16670981856288, "853_838_0": -126.86457622278081}, "angles": {"853_838_0": 152.9687139586563, "853_903_0": 92.27108455021931, "853_845_0": 114.76020149112438}, "adj_sorted": [[853, 838, 0], [853, 903, 0], [853, 845, 0]], "type": "Y", "n_corners": 3}, "geometry": {"type": "Point", "coordinates": [19.0041147, 47.519892200000044]}}, {"id": "993", "type": "Feature", "properties": {"x": 4998457.783142642, "y": 2753726.067656031, "bearings": {"993_1003_0": -6.344370300037789, "993_990_0": -97.06284476538741, "993_979_0": 172.67841672017633, "993_996_0": 84.70575890375554}, "angles": {"993_990_0": 90.25873851443623, "993_1003_0": 90.71847446534962, "993_996_0": 91.05012920379333, "993_979_0": 87.97265781642079}, "adj_sorted": [[993, 990, 0], [993, 1003, 0], [993, 996, 0], [993, 979, 0]], "type": "X", "n_corners": 4}, "geometry": {"type": "Point", "coordinates": [19.0153083, 47.52513910000002]}}, {"id": "82", "type": "Feature", "properties": {"x": 4992394.514967461, "y": 2755241.164814237, "bearings": {"82_106_0": 56.74692107771565, "82_66_0": 147.3702587947995, "82_67_0": -122.11614033016586}, "angles": {"82_67_0": 90.51360087503463, "82_106_0": 178.8630614078815, "82_66_0": 90.62333771708384}, "adj_sorted": [[82, 67, 0], [82, 106, 0], [82, 66, 0]], "type": "T", "n_corners": 2}, "geometry": {"type": "Point", "coordinates": [18.937667799999993, 47.54526769999998]}}, {"id": "66", "type": "Feature", "properties": {"x": 4992321.307209459, "y": 2755286.359690628, "bearings": {"66_64_0": 101.25625876358798, "66_82_0": -31.635037989836317, "66_57_0": -168.55072637917434}, "angles": {"66_57_0": 90.1930148572377, "66_82_0": 136.91568838933802, "66_64_0": 132.89129675342429}, "adj_sorted": [[66, 57, 0], [66, 82, 0], [66, 64, 0]], "type": "Y", "n_corners": 3}, "geometry": {"type": "Point", "coordinates": [18.936771799999995, 47.545750500000054]}}, {"id": "67", "type": "Feature", "properties": {"x": 4992322.513087606, "y": 2755114.95831747, "bearings": {"67_82_0": 61.3684157676354, "67_43_0": 150.11264995618853, "67_55_0": -119.74563573553024}, "angles": {"67_55_0": 90.14171430828122, "67_82_0": 181.11405150316563, "67_43_0": 88.74423418855314}, "adj_sorted": [[67, 55, 0], [67, 82, 0], [67, 43, 0]], "type": "T", "n_corners": 2}, "geometry": {"type": "Point", "coordinates": [18.936521500000005, 47.54421940000003]}}, {"id": "57", "type": "Feature", "properties": {"x": 4992282.151458181, "y": 2755278.4294576813, "bearings": {"57_54_0": 101.28037896942843, "57_66_0": 11.449273620825684, "57_43_0": -121.61326308693043}, "angles": {"57_43_0": 137.10635794364114, "57_66_0": 133.06253670775612, "57_54_0": 89.83110534860275}, "adj_sorted": [[57, 43, 0], [57, 66, 0], [57, 54, 0]], "type": "Y", "n_corners": 3}, "geometry": {"type": "Point", "coordinates": [18.9362427, 47.54572220000004]}}, {"id": "43", "type": "Feature", "properties": {"x": 4992218.396520463, "y": 2755174.851017505, "bearings": {"43_67_0": -29.910413106440306, "43_57_0": 58.38673691306958, "43_39_0": -121.61010884129276}, "angles": {"43_39_0": 180.00315424563766, "43_67_0": 91.69969573485245, "43_57_0": 88.29715001950989}, "adj_sorted": [[43, 39, 0], [43, 67, 0], [43, 57, 0]], "type": "T", "n_corners": 2}, "geometry": {"type": "Point", "coordinates": [18.935240399999998, 47.54486690000002]}}, {"id": "55", "type": "Feature", "properties": {"x": 4992278.425045271, "y": 2755016.9295756747, "bearings": {"55_67_0": 77.80487253630469, "55_39_0": -168.44244309752258, "55_58_0": -88.83161088517518}, "angles": {"55_39_0": 113.75268436617273, "55_58_0": 79.6108322123474, "55_67_0": 166.63648342147985}, "adj_sorted": [[55, 39, 0], [55, 58, 0], [55, 67, 0]], "type": "T", "n_corners": 2}, "geometry": {"type": "Point", "coordinates": [18.93578739999999, 47.54339230000005]}}, {"id": "881", "type": "Feature", "properties": {"x": 4997837.076418963, "y": 2752427.742356573, "bearings": {"881_867_0": 141.9667470643532, "881_893_0": -38.02823528321255, "881_897_0": 51.772334013785226}, "angles": {"881_893_0": 180.00501765243425, "881_897_0": 89.80056929699778, "881_867_0": 90.19441305056797}, "adj_sorted": [[881, 893, 0], [881, 897, 0], [881, 867, 0]], "type": "T", "n_corners": 2}, "geometry": {"type": "Point", "coordinates": [19.0050895, 47.51423160000002]}}, {"id": "829", "type": "Feature", "properties": {"x": 4997538.229101669, "y": 2752853.964084588, "bearings": {"829_834_0": -38.580493130319944, "829_819_0": 141.2655226286948, "829_795_0": -124.25271663227805}, "angles": {"829_795_0": 94.48176073902715, "829_834_0": 85.67222350195811, "829_819_0": 179.84601575901476}, "adj_sorted": [[829, 795, 0], [829, 834, 0], [829, 819, 0]], "type": "T", "n_corners": 2}, "geometry": {"type": "Point", "coordinates": [19.0018142, 47.518361900000016]}}, {"id": "819", "type": "Feature", "properties": {"x": 4997485.381731313, "y": 2752902.624397187, "bearings": {"819_829_0": -48.352615916381005, "819_810_0": 126.95568176533844, "819_795_0": -124.96776009748505}, "angles": {"819_795_0": 108.0765581371765, "819_829_0": 76.61514418110406, "819_810_0": 175.30829768171944}, "adj_sorted": [[819, 795, 0], [819, 829, 0], [819, 810, 0]], "type": "T", "n_corners": 2}, "geometry": {"type": "Point", "coordinates": [19.001193199999996, 47.51885390000001]}}, {"id": "795", "type": "Feature", "properties": {"x": 4997319.757696049, "y": 2752665.480488453, "bearings": {"795_782_0": 150.1771918409993, "795_829_0": -31.53075099055167, "795_819_0": 44.74602726868747}, "angles": {"795_829_0": 178.29205716844902, "795_819_0": 76.27677825923914, "795_782_0": 105.43116457231184}, "adj_sorted": [[795, 829, 0], [795, 819, 0], [795, 782, 0]], "type": "T", "n_corners": 2}, "geometry": {"type": "Point", "coordinates": [18.998637999999993, 47.51691850000003]}}, {"id": "1283", "type": "Feature", "properties": {"x": 5000125.16769811, "y": 2752746.4343845467, "bearings": {"1283_1282_0": -92.90541117970773, "1283_1289_0": 85.71628476501468, "1283_1268_0": -163.80409304764777}, "angles": {"1283_1268_0": 110.47962218733755, "1283_1282_0": 70.89868186794004, "1283_1289_0": 178.6216959447224}, "adj_sorted": [[1283, 1268, 0], [1283, 1282, 0], [1283, 1289, 0]], "type": "T", "n_corners": 2}, "geometry": {"type": "Point", "coordinates": [19.035765700000006, 47.51457030000005]}}, {"id": "1268", "type": "Feature", "properties": {"x": 5000067.463985734, "y": 2752738.3563691657, "bearings": {"1268_1283_0": 5.900606047957304, "1268_1240_0": 179.33553134886125, "1268_1269_0": 94.81233225037016}, "angles": {"1268_1283_0": 186.56507469909604, "1268_1269_0": 88.91172620241286, "1268_1240_0": 84.52319909849109}, "adj_sorted": [[1268, 1283, 0], [1268, 1269, 0], [1268, 1240, 0]], "type": "T", "n_corners": 2}, "geometry": {"type": "Point", "coordinates": [19.034992000000006, 47.51456150000002]}}, {"id": "156", "type": "Feature", "properties": {"x": 4992760.624227441, "y": 2756350.1136252778, "bearings": {"156_174_0": -70.5433663894671, "156_142_0": 109.3847874421343, "156_186_0": 19.44281616273202, "156_137_0": -160.6320579099971}, "angles": {"156_137_0": 89.98315464786862, "156_174_0": 90.08869152052999, "156_186_0": 89.98618255219911, "156_142_0": 89.94197127940228}, "adj_sorted": [[156, 137, 0], [156, 174, 0], [156, 186, 0], [156, 142, 0]], "type": "X", "n_corners": 4}, "geometry": {"type": "Point", "coordinates": [18.944223599999997, 47.55476780000005]}}, {"id": "142", "type": "Feature", "properties": {"x": 4992694.804788013, "y": 2756537.1644520117, "bearings": {"142_156_0": -70.62233825426216, "142_186_0": -23.04524448794378, "142_113_0": 156.68942106040154}, "angles": {"142_156_0": 132.6882406853363, "142_186_0": 47.577093766318384, "142_113_0": 179.73466554834533}, "adj_sorted": [[142, 156, 0], [142, 186, 0], [142, 113, 0]], "type": "Y", "n_corners": 2}, "geometry": {"type": "Point", "coordinates": [18.943645600000004, 47.55650870000003]}}, {"id": "186", "type": "Feature", "properties": {"x": 4992882.878159635, "y": 2756393.2687459374, "bearings": {"186_156_0": -160.55718383726798, "186_142_0": 109.74888458281931, "186_217_0": 20.80721381640857, "186_207_0": -70.27443118745602}, "angles": {"186_156_0": 89.69393157991271, "186_207_0": 90.28275264981197, "186_217_0": 91.0816450038646, "186_142_0": 88.94167076641074}, "adj_sorted": [[186, 156, 0], [186, 207, 0], [186, 217, 0], [186, 142, 0]], "type": "X", "n_corners": 4}, "geometry": {"type": "Point", "coordinates": [18.9459045, 47.555020200000016]}}, {"id": "137", "type": "Feature", "properties": {"x": 4992643.455510996, "y": 2756308.92453489, "bearings": {"137_156_0": 19.369683892513642, "137_122_0": 109.79954363867446, "137_143_0": -70.62007460186892}, "angles": {"137_143_0": 179.5803817594566, "137_156_0": 89.98975849438256, "137_122_0": 90.42985974616082}, "adj_sorted": [[137, 143, 0], [137, 156, 0], [137, 122, 0]], "type": "T", "n_corners": 2}, "geometry": {"type": "Point", "coordinates": [18.942612900000004, 47.55452740000003]}}, {"id": "113", "type": "Feature", "properties": {"x": 4992537.117350371, "y": 2756606.1844895054, "bearings": {"113_142_0": -24.524943836057197, "113_122_0": -70.51620207953582, "113_88_0": -138.9698370932847, "113_91_0": 152.95722769811684}, "angles": {"113_88_0": 68.07293520859844, "113_122_0": 68.45363501374888, "113_142_0": 45.99125824347862, "113_91_0": 177.48217153417403}, "adj_sorted": [[113, 88, 0], [113, 122, 0], [113, 142, 0], [113, 91, 0]], "type": "other", "n_corners": 3}, "geometry": {"type": "Point", "coordinates": [18.941671300000007, 47.557295900000035]}}, {"id": "122", "type": "Feature", "properties": {"x": 4992575.803424315, "y": 2756496.8401307687, "bearings": {"122_137_0": -70.20045636132555, "122_113_0": 109.4837979204642, "122_105_0": -140.20296233433325}, "angles": {"122_105_0": 110.31323974520257, "122_137_0": 70.0025059730077, "122_113_0": 179.68425428178975}, "adj_sorted": [[122, 105, 0], [122, 137, 0], [122, 113, 0]], "type": "T", "n_corners": 2}, "geometry": {"type": "Point", "coordinates": [18.942011999999995, 47.55627800000003]}}, {"id": "88", "type": "Feature", "properties": {"x": 4992426.62926775, "y": 2756510.0364989, "bearings": {"88_113_0": 41.03016290671529, "88_101_0": -47.56248725970174, "88_75_0": 133.8548520981015}, "angles": {"88_101_0": 178.58266064219674, "88_113_0": 88.59265016641703, "88_75_0": 92.82468919138621}, "adj_sorted": [[88, 101, 0], [88, 113, 0], [88, 75, 0]], "type": "T", "n_corners": 2}, "geometry": {"type": "Point", "coordinates": [18.9400633, 47.55655769999999]}}, {"id": "91", "type": "Feature", "properties": {"x": 4992435.5822605295, "y": 2756658.01471418, "bearings": {"91_113_0": -27.042772301883154, "91_83_0": 154.9103758426555, "91_44_0": -139.80439193764897}, "angles": {"91_44_0": 65.28523221969556, "91_113_0": 112.76161963576581, "91_83_0": 181.95314814453866}, "adj_sorted": [[91, 44, 0], [91, 113, 0], [91, 83, 0]], "type": "T", "n_corners": 2}, "geometry": {"type": "Point", "coordinates": [18.940411500000003, 47.557868700000014]}}, {"id": "217", "type": "Feature", "properties": {"x": 4992977.26310446, "y": 2756429.1358220438, "bearings": {"217_186_0": -159.19278618359144, "217_236_0": -51.89164816761784, "217_109_0": 128.490784279163}, "angles": {"217_186_0": 72.31642953724554, "217_236_0": 107.3011380159736, "217_109_0": 180.38243244678083}, "adj_sorted": [[217, 186, 0], [217, 236, 0], [217, 109, 0]], "type": "T", "n_corners": 2}, "geometry": {"type": "Point", "coordinates": [18.947206199999997, 47.555237800000064]}}, {"id": "207", "type": "Feature", "properties": {"x": 4992952.384179257, "y": 2756199.4185856055, "bearings": {"207_223_0": -71.14176944255175, "207_174_0": -160.6277091924388, "207_186_0": 109.72556881254398, "207_236_0": 19.544980616963787}, "angles": {"207_174_0": 89.64672199501723, "207_223_0": 89.48593974988705, "207_236_0": 90.68675005951553, "207_186_0": 90.1805881955802}, "adj_sorted": [[207, 174, 0], [207, 223, 0], [207, 236, 0], [207, 186, 0]], "type": "X", "n_corners": 4}, "geometry": {"type": "Point", "coordinates": [18.946520499999995, 47.55321460000004]}}, {"id": "105", "type": "Feature", "properties": {"x": 4992509.439012262, "y": 2756441.5531999976, "bearings": {"105_122_0": 39.79703766566675, "105_101_0": -146.73632780498716, "105_119_0": -70.22825849340461}, "angles": {"105_101_0": 173.4666345293461, "105_119_0": 76.50806931158255, "105_122_0": 110.02529615907136}, "adj_sorted": [[105, 101, 0], [105, 119, 0], [105, 122, 0]], "type": "T", "n_corners": 2}, "geometry": {"type": "Point", "coordinates": [18.941049999999997, 47.55585660000005]}}, {"id": "101", "type": "Feature", "properties": {"x": 4992496.816188158, "y": 2756433.273006323, "bearings": {"101_88_0": 132.43751274029827, "101_105_0": 33.263672195012845, "101_95_0": -138.6180278896681}, "angles": {"101_95_0": 88.94445937003366, "101_105_0": 171.88170008468094, "101_88_0": 99.17384054528543}, "adj_sorted": [[101, 95, 0], [101, 105, 0], [101, 88, 0]], "type": "T", "n_corners": 2}, "geometry": {"type": "Point", "coordinates": [18.940870499999992, 47.55579640000002]}}, {"id": "83", "type": "Feature", "properties": {"x": 4992397.741707233, "y": 2756675.7321689962, "bearings": {"83_91_0": -25.089624157344524, "83_109_0": 13.248360664565546, "83_73_0": 155.6383382767999}, "angles": {"83_91_0": 179.27203756585556, "83_109_0": 38.33798482191007, "83_73_0": 142.38997761223436}, "adj_sorted": [[83, 91, 0], [83, 109, 0], [83, 73, 0]], "type": "Y", "n_corners": 2}, "geometry": {"type": "Point", "coordinates": [18.939939499999994, 47.55806790000004]}}, {"id": "236", "type": "Feature", "properties": {"x": 4993074.467765344, "y": 2756242.7585424795, "bearings": {"236_217_0": 110.42640755164362, "236_207_0": -160.45501938303622, "236_247_0": -70.64537399645418, "236_248_0": 17.141746016593782}, "angles": {"236_207_0": 89.11857306532016, "236_247_0": 89.80964538658203, "236_248_0": 87.78712001304797, "236_217_0": 93.28466153504984}, "adj_sorted": [[236, 207, 0], [236, 247, 0], [236, 248, 0], [236, 217, 0]], "type": "X", "n_corners": 4}, "geometry": {"type": "Point", "coordinates": [18.9481994, 47.553468800000026]}}, {"id": "109", "type": "Feature", "properties": {"x": 4992518.552200266, "y": 2756694.424529585, "bearings": {"109_217_0": -33.86844032351029, "109_83_0": -130.06911803751973, "109_108_0": 98.02825822542243}, "angles": {"109_83_0": 131.90262373705784, "109_217_0": 96.20067771400943, "109_108_0": 131.89669854893273}, "adj_sorted": [[109, 83, 0], [109, 217, 0], [109, 108, 0]], "type": "Y", "n_corners": 3}, "geometry": {"type": "Point", "coordinates": [18.9415634, 47.55810360000005]}}, {"id": "247", "type": "Feature", "properties": {"x": 4993140.832846893, "y": 2756053.8272549724, "bearings": {"247_260_0": -67.97704447676115, "247_223_0": -160.54414310507207, "247_236_0": 109.35462600354583, "247_261_0": 18.911278566866148}, "angles": {"247_223_0": 90.1012308913821, "247_260_0": 92.56709862831092, "247_261_0": 86.8883230436273, "247_236_0": 90.44334743667969}, "adj_sorted": [[247, 223, 0], [247, 260, 0], [247, 261, 0], [247, 236, 0]], "type": "X", "n_corners": 4}, "geometry": {"type": "Point", "coordinates": [18.948781499999996, 47.551710500000034]}}, {"id": "248", "type": "Feature", "properties": {"x": 4993141.373173442, "y": 2756265.6139788507, "bearings": {"248_236_0": -160.11315291292044, "248_241_0": 108.07733296051038, "248_253_0": -71.52351784392386}, "angles": {"248_236_0": 91.80951412656918, "248_253_0": 88.58963506899659, "248_241_0": 179.60085080443423}, "adj_sorted": [[248, 236, 0], [248, 253, 0], [248, 241, 0]], "type": "T", "n_corners": 2}, "geometry": {"type": "Point", "coordinates": [18.9491181, 47.55360009999998]}}, {"id": "261", "type": "Feature", "properties": {"x": 4993204.835522554, "y": 2756075.7471769773, "bearings": {"261_294_0": -72.65350755943525, "261_247_0": -161.07340857616003, "261_257_0": 108.86281234697351}, "angles": {"261_247_0": 90.06377907686647, "261_294_0": 88.41990101672478, "261_257_0": 181.51631990640877}, "adj_sorted": [[261, 247, 0], [261, 294, 0], [261, 257, 0]], "type": "T", "n_corners": 2}, "geometry": {"type": "Point", "coordinates": [18.949660400000006, 47.55183660000005]}}, {"id": "241", "type": "Feature", "properties": {"x": 4993096.291406256, "y": 2756427.970470918, "bearings": {"241_248_0": -78.40584190306429, "241_224_0": -162.19947195159628, "241_238_0": 100.17863831253605}, "angles": {"241_224_0": 97.62188973586768, "241_248_0": 83.793630048532, "241_238_0": 178.58448021560034}, "adj_sorted": [[241, 224, 0], [241, 248, 0], [241, 238, 0]], "type": "T", "n_corners": 2}, "geometry": {"type": "Point", "coordinates": [18.94877560000001, 47.55509810000001]}}, {"id": "253", "type": "Feature", "properties": {"x": 4993155.742402156, "y": 2756223.0155365113, "bearings": {"253_248_0": 109.24795863130235, "253_257_0": -71.88469101823735, "253_277_0": 45.21181039588764}, "angles": {"253_257_0": 178.8673503504603, "253_277_0": 117.09650141412499, "253_248_0": 64.03614823541471}, "adj_sorted": [[253, 257, 0], [253, 277, 0], [253, 248, 0]], "type": "T", "n_corners": 2}, "geometry": {"type": "Point", "coordinates": [18.949241499999996, 47.553204300000004]}}, {"id": "584", "type": "Feature", "properties": {"x": 4994625.726889464, "y": 2755838.1446815543, "bearings": {"584_596_0": -24.916958547747203, "584_593_0": 57.819504415792494, "584_526_0": 159.61237779224626}, "angles": {"584_596_0": 175.47066366000652, "584_593_0": 82.7364629635397, "584_526_0": 101.79287337645377}, "adj_sorted": [[584, 596, 0], [584, 593, 0], [584, 526, 0]], "type": "T", "n_corners": 2}, "geometry": {"type": "Point", "coordinates": [18.968044499999998, 47.54817070000004]}}, {"id": "596", "type": "Feature", "properties": {"x": 4994695.511979795, "y": 2755805.726412, "bearings": {"596_584_0": 155.08304145225281, "596_600_0": 84.07786190096637, "596_592_0": -78.74841550667821}, "angles": {"596_592_0": 126.16854304106897, "596_600_0": 162.82627740764457, "596_584_0": 71.00517955128645}, "adj_sorted": [[596, 592, 0], [596, 600, 0], [596, 584, 0]], "type": "Y", "n_corners": 3}, "geometry": {"type": "Point", "coordinates": [18.968915, 47.54780540000003]}}, {"id": "593", "type": "Feature", "properties": {"x": 4994680.965697341, "y": 2755925.928677604, "bearings": {"593_584_0": -122.18049558420752, "593_600_0": -34.65012293573947, "593_599_0": 57.01621629998623, "593_554_0": 145.85954533983752}, "angles": {"593_584_0": 91.95995907595494, "593_600_0": 87.53037264846805, "593_599_0": 91.6663392357257, "593_554_0": 88.84332903985128}, "adj_sorted": [[593, 584, 0], [593, 600, 0], [593, 599, 0], [593, 554, 0]], "type": "X", "n_corners": 4}, "geometry": {"type": "Point", "coordinates": [18.9689104, 47.548893999999976]}}, {"id": "526", "type": "Feature", "properties": {"x": 4994340.503552254, "y": 2755988.742657828, "bearings": {"526_584_0": -3.914629816215481, "526_520_0": -160.86190940103876, "526_554_0": 43.959873210382625}, "angles": {"526_520_0": 155.17821738857862, "526_584_0": 156.94727958482326, "526_554_0": 47.874503026598106}, "adj_sorted": [[526, 520, 0], [526, 584, 0], [526, 554, 0]], "type": "Y", "n_corners": 3}, "geometry": {"type": "Point", "coordinates": [18.96451469999999, 47.54982520000003]}}, {"id": "600", "type": "Feature", "properties": {"x": 4994739.295057754, "y": 2755885.6145908083, "bearings": {"600_596_0": -119.85568052841472, "600_593_0": 145.34987706426054, "600_601_0": 59.87389767127021}, "angles": {"600_596_0": 94.79444240732471, "600_601_0": 179.72957819968494, "600_593_0": 85.47597939299033}, "adj_sorted": [[600, 596, 0], [600, 601, 0], [600, 593, 0]], "type": "T", "n_corners": 2}, "geometry": {"type": "Point", "coordinates": [18.9696174, 47.548470700000045]}}, {"id": "592", "type": "Feature", "properties": {"x": 4994674.837924803, "y": 2755759.639497463, "bearings": {"592_596_0": 57.71062996001491, "592_585_0": -119.9576871577753, "592_531_0": 154.9521177258739}, "angles": {"592_585_0": 85.0901951163508, "592_596_0": 177.6683171177902, "592_531_0": 97.24148776585899}, "adj_sorted": [[592, 585, 0], [592, 596, 0], [592, 531, 0]], "type": "T", "n_corners": 2}, "geometry": {"type": "Point", "coordinates": [18.968570299999996, 47.54741659999999]}}, {"id": "585", "type": "Feature", "properties": {"x": 4994628.766506334, "y": 2755681.6579777203, "bearings": {"585_592_0": 58.4399023630916, "585_581_0": -120.78267458857452, "585_541_0": 156.18386592963793}, "angles": {"585_581_0": 83.03345948178753, "585_592_0": 179.22257695166613, "585_541_0": 97.74396356654634}, "adj_sorted": [[585, 581, 0], [585, 592, 0], [585, 541, 0]], "type": "T", "n_corners": 2}, "geometry": {"type": "Point", "coordinates": [18.967840699999996, 47.546770800000026]}}, {"id": "531", "type": "Feature", "properties": {"x": 4994347.83715937, "y": 2755919.629025375, "bearings": {"531_532_0": -73.95880060515435, "531_592_0": 19.533731510220466, "531_520_0": 106.0978942381827}, "angles": {"531_532_0": 179.94330515666294, "531_592_0": 93.49253211537481, "531_520_0": 86.56416272796224}, "adj_sorted": [[531, 532, 0], [531, 592, 0], [531, 520, 0]], "type": "T", "n_corners": 2}, "geometry": {"type": "Point", "coordinates": [18.964503799999992, 47.549200400000004]}}, {"id": "599", "type": "Feature", "properties": {"x": 4994738.482512461, "y": 2756014.551708999, "bearings": {"599_593_0": -122.98378370001379, "599_604_0": -29.708269333717745, "599_602_0": 58.359811151521214, "599_575_0": 141.06675793439072}, "angles": {"599_593_0": 95.94945836559549, "599_604_0": 93.27551436629605, "599_602_0": 88.06808048523897, "599_575_0": 82.70694678286951}, "adj_sorted": [[599, 593, 0], [599, 604, 0], [599, 602, 0], [599, 575, 0]], "type": "X", "n_corners": 4}, "geometry": {"type": "Point", "coordinates": [18.969807699999993, 47.54962230000001]}}, {"id": "554", "type": "Feature", "properties": {"x": 4994449.627854258, "y": 2756093.9751763702, "bearings": {"554_593_0": -52.90528001543547, "554_526_0": -136.04012678961737, "554_544_0": 126.35104336508319, "554_575_0": 43.45781375147724}, "angles": {"554_526_0": 97.60882984529945, "554_593_0": 83.13484677418191, "554_575_0": 96.36309376691271, "554_544_0": 82.89322961360594}, "adj_sorted": [[554, 526, 0], [554, 593, 0], [554, 575, 0], [554, 544, 0]], "type": "X", "n_corners": 4}, "geometry": {"type": "Point", "coordinates": [18.966118999999996, 47.55064560000002]}}, {"id": "520", "type": "Feature", "properties": {"x": 4994328.951029495, "y": 2755985.070584144, "bearings": {"520_526_0": 16.815901653769604, "520_531_0": -73.9021057618173, "520_519_0": 106.04793009443495}, "angles": {"520_531_0": 180.04996414374776, "520_526_0": 90.7180074155869, "520_519_0": 89.23202844066535}, "adj_sorted": [[520, 531, 0], [520, 526, 0], [520, 519, 0]], "type": "T", "n_corners": 2}, "geometry": {"type": "Point", "coordinates": [18.964356500000005, 47.54980500000004]}}, {"id": "581", "type": "Feature", "properties": {"x": 4994584.039800891, "y": 2755600.9390162667, "bearings": {"581_576_0": -114.74180537138612, "581_542_0": 156.4542457408626, "581_585_0": 62.65857185635346}, "angles": {"581_576_0": 88.80394888775129, "581_585_0": 177.40037722773957, "581_542_0": 93.79567388450914}, "adj_sorted": [[581, 576, 0], [581, 585, 0], [581, 542, 0]], "type": "T", "n_corners": 2}, "geometry": {"type": "Point", "coordinates": [18.96712459999999, 47.546099100000006]}}, {"id": "541", "type": "Feature", "properties": {"x": 4994378.971672381, "y": 2755791.8358876747, "bearings": {"541_585_0": -23.431545751434754, "541_543_0": -79.46779555647115, "541_540_0": 100.26071383157671}, "angles": {"541_543_0": 180.27149061195215, "541_585_0": 56.03624980503639, "541_540_0": 123.69225958301146}, "adj_sorted": [[541, 543, 0], [541, 585, 0], [541, 540, 0]], "type": "Y", "n_corners": 2}, "geometry": {"type": "Point", "coordinates": [18.9647156, 47.548026000000036]}}, {"id": "917", "type": "Feature", "properties": {"x": 4997988.336642928, "y": 2754958.519703225, "bearings": {"917_948_0": 28.522339212961043, "917_922_0": -90.32032544891413, "917_898_0": -152.51131298870067, "917_912_0": 86.61634768435017}, "angles": {"917_898_0": 120.87233932694915, "917_922_0": 62.19098753978653, "917_948_0": 118.84266466187518, "917_912_0": 58.09400847138913}, "adj_sorted": [[917, 898, 0], [917, 922, 0], [917, 948, 0], [917, 912, 0]], "type": "X", "n_corners": 4}, "geometry": {"type": "Point", "coordinates": [19.011044599999998, 47.536651100000036]}}, {"id": "922", "type": "Feature", "properties": {"x": 4998023.801087263, "y": 2754766.8222129173, "bearings": {"922_948_0": 58.7842252066658, "922_917_0": 106.26402711031272, "922_919_0": -128.36767036668255}, "angles": {"922_919_0": 125.36830252300473, "922_948_0": 187.15189557334836, "922_917_0": 47.47980190364692}, "adj_sorted": [[922, 919, 0], [922, 948, 0], [922, 917, 0]], "type": "Y", "n_corners": 2}, "geometry": {"type": "Point", "coordinates": [19.01121240000001, 47.534901600000026]}}, {"id": "898", "type": "Feature", "properties": {"x": 4997913.854338751, "y": 2754855.7778644483, "bearings": {"898_917_0": 61.28614613423818, "898_901_0": -40.207330672237966, "898_892_0": 142.25708601531866, "898_868_0": -120.52529158922934}, "angles": {"898_868_0": 97.217622395452, "898_901_0": 80.31796091699138, "898_917_0": 101.49347680647614, "898_892_0": 80.97093988108048}, "adj_sorted": [[898, 868, 0], [898, 901, 0], [898, 917, 0], [898, 892, 0]], "type": "X", "n_corners": 4}, "geometry": {"type": "Point", "coordinates": [19.009901000000003, 47.535815699999986]}}, {"id": "912", "type": "Feature", "properties": {"x": 4997973.805680861, "y": 2755038.2492302503, "bearings": {"912_917_0": -55.38046802861991, "912_913_0": 75.91544768020553, "912_874_0": 140.41419427691403}, "angles": {"912_917_0": 164.20533769446607, "912_913_0": 131.29591570882545, "912_874_0": 64.4987465967085}, "adj_sorted": [[912, 917, 0], [912, 913, 0], [912, 874, 0]], "type": "Y", "n_corners": 3}, "geometry": {"type": "Point", "coordinates": [19.010977700000005, 47.537378500000045]}}, {"id": "919", "type": "Feature", "properties": {"x": 4998017.552603145, "y": 2754758.929443235, "bearings": {"919_938_0": -53.90505937389163, "919_922_0": 51.632329633317475, "919_875_0": -131.88467618040485, "919_916_0": 127.35870043284898}, "angles": {"919_875_0": 100.75662338674618, "919_938_0": 77.97961680651322, "919_922_0": 105.5373890072091, "919_916_0": 75.72637079953151}, "adj_sorted": [[919, 875, 0], [919, 938, 0], [919, 922, 0], [919, 916, 0]], "type": "X", "n_corners": 4}, "geometry": {"type": "Point", "coordinates": [19.011117599999995, 47.53483799999999]}}, {"id": "965", "type": "Feature", "properties": {"x": 4998266.5522291735, "y": 2753875.1214297754, "bearings": {"965_923_0": -146.42365889251624, "965_969_0": 33.36293480394084, "965_964_0": 127.94222836727512}, "angles": {"965_923_0": 85.63411274020865, "965_969_0": 179.7865936964571, "965_964_0": 94.57929356333429}, "adj_sorted": [[965, 923, 0], [965, 969, 0], [965, 964, 0]], "type": "T", "n_corners": 2}, "geometry": {"type": "Point", "coordinates": [19.013018999999996, 47.5266785]}}, {"id": "923", "type": "Feature", "properties": {"x": 4998029.333521441, "y": 2753816.2705530766, "bearings": {"923_965_0": 16.85254113334684, "923_902_0": -163.5590779424458, "923_979_0": -48.39628020261297}, "angles": {"923_902_0": 179.58838092420734, "923_979_0": 115.16279773983284, "923_965_0": 65.2488213359598}, "adj_sorted": [[923, 902, 0], [923, 979, 0], [923, 965, 0]], "type": "T", "n_corners": 2}, "geometry": {"type": "Point", "coordinates": [19.009797499999998, 47.5264128]}}, {"id": "902", "type": "Feature", "properties": {"x": 4997934.133378157, "y": 2753791.2695449814, "bearings": {"902_923_0": 13.103208788115577, "902_895_0": 126.43012774629933, "902_920_0": -54.77114773416602}, "angles": {"902_920_0": 178.79872451953463, "902_923_0": 67.8743565222816, "902_895_0": 113.32691895818375}, "adj_sorted": [[902, 920, 0], [902, 923, 0], [902, 895, 0]], "type": "T", "n_corners": 2}, "geometry": {"type": "Point", "coordinates": [19.008502499999988, 47.5262938]}}, {"id": "979", "type": "Feature", "properties": {"x": 4998383.70536337, "y": 2753735.5856027645, "bearings": {"979_993_0": -7.321583279823693, "979_923_0": 170.8664795901097, "979_981_0": 80.99848890767278, "979_976_0": -97.82853790979605}, "angles": {"979_976_0": 91.30498250009424, "979_993_0": 90.50695462997236, "979_981_0": 88.32007218749648, "979_923_0": 89.86799068243691}, "adj_sorted": [[979, 976, 0], [979, 993, 0], [979, 981, 0], [979, 923, 0]], "type": "X", "n_corners": 4}, "geometry": {"type": "Point", "coordinates": [19.014345999999996, 47.52530510000002]}}, {"id": "895", "type": "Feature", "properties": {"x": 4997896.15702488, "y": 2753846.286162, "bearings": {"895_885_0": 125.60091746853976, "895_902_0": -56.09848140300454, "895_944_0": -8.111232483332131}, "angles": {"895_902_0": 178.3006011284557, "895_944_0": 47.98724891967241, "895_885_0": 133.71214995187188}, "adj_sorted": [[895, 902, 0], [895, 944, 0], [895, 885, 0]], "type": "Y", "n_corners": 2}, "geometry": {"type": "Point", "coordinates": [19.008087599999993, 47.52682630000001]}}, {"id": "920", "type": "Feature", "properties": {"x": 4998018.72086506, "y": 2753716.3938080403, "bearings": {"920_902_0": 156.58277870804673, "920_915_0": -113.6867488758181, "920_958_0": -21.21477891747865}, "angles": {"920_915_0": 89.73047241613517, "920_958_0": 92.47196995833944, "920_902_0": 177.79755762552537}, "adj_sorted": [[920, 915, 0], [920, 958, 0], [920, 902, 0]], "type": "T", "n_corners": 2}, "geometry": {"type": "Point", "coordinates": [19.009501200000003, 47.52553310000006]}}, {"id": "976", "type": "Feature", "properties": {"x": 4998362.252296719, "y": 2753587.9753154963, "bearings": {"976_988_0": -19.15280267628907, "976_979_0": 80.96015183384677, "976_958_0": 160.46737024564152}, "angles": {"976_988_0": 180.3798270780694, "976_979_0": 100.11295451013584, "976_958_0": 79.50721841179475}, "adj_sorted": [[976, 988, 0], [976, 979, 0], [976, 958, 0]], "type": "T", "n_corners": 2}, "geometry": {"type": "Point", "coordinates": [19.013831899999996, 47.524011300000026]}}, {"id": "915", "type": "Feature", "properties": {"x": 4997980.007544298, "y": 2753629.6692335405, "bearings": {"915_865_0": 155.9830651731521, "915_918_0": -29.46751401431084, "915_920_0": 65.95598802585008}, "angles": {"915_918_0": 174.54942081253705, "915_920_0": 95.42350204016091, "915_865_0": 90.02707714730204}, "adj_sorted": [[915, 918, 0], [915, 920, 0], [915, 865, 0]], "type": "T", "n_corners": 2}, "geometry": {"type": "Point", "coordinates": [19.008854800000005, 47.5248015]}}, {"id": "958", "type": "Feature", "properties": {"x": 4998192.245817841, "y": 2753649.125765714, "bearings": {"958_920_0": 158.86687018809354, "958_976_0": -20.835117306324687, "958_940_0": -119.86157157641934}, "angles": {"958_940_0": 81.27155823548713, "958_976_0": 99.02645427009465, "958_920_0": 179.70198749441823}, "adj_sorted": [[958, 940, 0], [958, 976, 0], [958, 920, 0]], "type": "T", "n_corners": 2}, "geometry": {"type": "Point", "coordinates": [19.011685000000003, 47.52474300000005]}}, {"id": "1212", "type": "Feature", "properties": {"x": 4999800.449266581, "y": 2754150.990533574, "bearings": {"1212_1210_0": 139.3038543046909, "1212_1233_0": -42.43225728050699, "1212_1202_0": -143.12015798327357}, "angles": {"1212_1202_0": 77.5759877120355, "1212_1233_0": 100.68790070276658, "1212_1210_0": 181.73611158519788}, "adj_sorted": [[1212, 1202, 0], [1212, 1233, 0], [1212, 1210, 0]], "type": "T", "n_corners": 2}, "geometry": {"type": "Point", "coordinates": [19.033686399999997, 47.52746020000004]}}, {"id": "1221", "type": "Feature", "properties": {"x": 4999840.350758414, "y": 2754034.643027223, "bearings": {"1221_1216_0": -141.2125778974258, "1221_1233_0": 37.820444860512985, "1221_1202_0": 139.21915921973448, "1221_1237_0": -40.48484726258528}, "angles": {"1221_1216_0": 79.56826288283969, "1221_1237_0": 100.72773063484053, "1221_1233_0": 78.30529212309827, "1221_1202_0": 101.39871435922149}, "adj_sorted": [[1221, 1216, 0], [1221, 1237, 0], [1221, 1233, 0], [1221, 1202, 0]], "type": "X", "n_corners": 4}, "geometry": {"type": "Point", "coordinates": [19.0340302, 47.52637820000005]}}, {"id": "1202", "type": "Feature", "properties": {"x": 4999749.323136919, "y": 2754113.162859628, "bearings": {"1202_1212_0": 35.573960412669145, "1202_1221_0": -40.780840780265535, "1202_1191_0": -143.8887461499856}, "angles": {"1202_1191_0": 180.53729343734526, "1202_1221_0": 103.10790536972006, "1202_1212_0": 76.35480119293467}, "adj_sorted": [[1202, 1191, 0], [1202, 1221, 0], [1202, 1212, 0]], "type": "T", "n_corners": 2}, "geometry": {"type": "Point", "coordinates": [19.032952599999998, 47.527178700000015]}}, {"id": "1191", "type": "Feature", "properties": {"x": 4999708.517670497, "y": 2754083.394723167, "bearings": {"1191_1216_0": -38.62659064722147, "1191_1202_0": 36.11125385001441, "1191_1187_0": -146.05948163030638}, "angles": {"1191_1187_0": 177.8292645196792, "1191_1216_0": 107.43289098308492, "1191_1202_0": 74.73784449723587}, "adj_sorted": [[1191, 1187, 0], [1191, 1216, 0], [1191, 1202, 0]], "type": "T", "n_corners": 2}, "geometry": {"type": "Point", "coordinates": [19.0323676, 47.52695779999999]}}, {"id": "1237", "type": "Feature", "properties": {"x": 4999900.678381396, "y": 2753983.1459560683, "bearings": {"1237_1252_0": 39.088659874745545, "1237_1221_0": 139.51515273741472, "1237_1222_0": -140.46660223660928, "1237_1251_0": -62.18741635305609}, "angles": {"1237_1222_0": 80.018245025976, "1237_1251_0": 78.27918588355318, "1237_1252_0": 101.27607622780164, "1237_1221_0": 100.42649286266918}, "adj_sorted": [[1237, 1222, 0], [1237, 1251, 0], [1237, 1252, 0], [1237, 1221, 0]], "type": "other", "n_corners": 4}, "geometry": {"type": "Point", "coordinates": [19.034745200000007, 47.52585250000001]}}, {"id": "744", "type": "Feature", "properties": {"x": 4996914.372596211, "y": 2755573.146364875, "bearings": {"744_735_0": -173.02197349515507, "744_746_0": 22.666504845648785, "744_760_0": -76.21104246706106}, "angles": {"744_735_0": 164.31152165919616, "744_760_0": 96.810931028094, "744_746_0": 98.87754731270985}, "adj_sorted": [[744, 735, 0], [744, 760, 0], [744, 746, 0]], "type": "Y", "n_corners": 3}, "geometry": {"type": "Point", "coordinates": [18.9978348, 47.54331000000002]}}, {"id": "701", "type": "Feature", "properties": {"x": 4996431.425387849, "y": 2755813.341835666, "bearings": {"701_735_0": -40.72683688324073, "701_741_0": 49.063399924258185, "701_668_0": 144.52201502374172}, "angles": {"701_735_0": 174.75114809301755, "701_741_0": 89.79023680749891, "701_668_0": 95.45861509948352}, "adj_sorted": [[701, 735, 0], [701, 741, 0], [701, 668, 0]], "type": "T", "n_corners": 2}, "geometry": {"type": "Point", "coordinates": [18.991836899999996, 47.54598090000005]}}, {"id": "750", "type": "Feature", "properties": {"x": 4996976.4148903005, "y": 2755648.3210403305, "bearings": {"750_784_0": -17.993498230515307, "750_746_0": -126.448630879405, "750_758_0": 50.20232985485935}, "angles": {"750_746_0": 183.34903926573566, "750_784_0": 108.4551326488897, "750_758_0": 68.19582808537466}, "adj_sorted": [[750, 746, 0], [750, 784, 0], [750, 758, 0]], "type": "T", "n_corners": 2}, "geometry": {"type": "Point", "coordinates": [18.998771099999992, 47.54391310000006]}}, {"id": "746", "type": "Feature", "properties": {"x": 4996939.938235952, "y": 2755598.9331276775, "bearings": {"746_744_0": -126.4381693822071, "746_750_0": 53.55136912059501, "746_762_0": -18.84357843435278}, "angles": {"746_744_0": 180.01046149719787, "746_762_0": 107.59459094785433, "746_750_0": 72.39494755494779}, "adj_sorted": [[746, 744, 0], [746, 762, 0], [746, 750, 0]], "type": "T", "n_corners": 2}, "geometry": {"type": "Point", "coordinates": [18.998212499999994, 47.54351220000004]}}, {"id": "758", "type": "Feature", "properties": {"x": 4997046.361630666, "y": 2755680.57217456, "bearings": {"758_750_0": -172.26815201550983, "758_768_0": 29.091467025491347, "758_765_0": -2.2555873498944146}, "angles": {"758_750_0": 158.64038095899883, "758_765_0": 170.0125646656154, "758_768_0": 31.347054375385763}, "adj_sorted": [[758, 750, 0], [758, 765, 0], [758, 768, 0]], "type": "Y", "n_corners": 2}, "geometry": {"type": "Point", "coordinates": [18.999744600000003, 47.54412450000002]}}, {"id": "868", "type": "Feature", "properties": {"x": 4997779.244439391, "y": 2754639.5518701873, "bearings": {"868_898_0": 55.8235588010998, "868_854_0": 143.67316481800393, "868_872_0": -41.366420652154446}, "angles": {"868_872_0": 174.96041452984161, "868_898_0": 97.18997945325424, "868_854_0": 87.84960601690412}, "adj_sorted": [[868, 872, 0], [868, 898, 0], [868, 854, 0]], "type": "T", "n_corners": 2}, "geometry": {"type": "Point", "coordinates": [19.007786499999995, 47.53403330000003]}}, {"id": "874", "type": "Feature", "properties": {"x": 4997816.514955357, "y": 2754901.031572119, "bearings": {"874_912_0": 68.2542465875742, "874_873_0": -120.18984875346771, "874_887_0": -21.12059171069304}, "angles": {"874_873_0": 171.55590465895807, "874_887_0": 99.06925704277467, "874_912_0": 89.37483829826724}, "adj_sorted": [[874, 873, 0], [874, 887, 0], [874, 912, 0]], "type": "T", "n_corners": 2}, "geometry": {"type": "Point", "coordinates": [19.008687499999997, 47.536326000000045]}}, {"id": "875", "type": "Feature", "properties": {"x": 4997819.429514667, "y": 2754598.0843702317, "bearings": {"875_919_0": 33.192140638930134, "875_876_0": -108.37947400868171, "875_872_0": 121.46615954824904}, "angles": {"875_876_0": 130.15436644306925, "875_919_0": 141.57161464761185, "875_872_0": 88.2740189093189}, "adj_sorted": [[875, 876, 0], [875, 919, 0], [875, 872, 0]], "type": "Y", "n_corners": 3}, "geometry": {"type": "Point", "coordinates": [19.00825179999999, 47.53361930000005]}}, {"id": "854", "type": "Feature", "properties": {"x": 4997692.989461401, "y": 2754702.974669529, "bearings": {"854_868_0": -36.32683518199609, "854_864_0": 62.90761195298511, "854_830_0": -125.91413861347303}, "angles": {"854_830_0": 171.17824943354185, "854_868_0": 89.58730343147694, "854_864_0": 99.2344471349812}, "adj_sorted": [[854, 830, 0], [854, 868, 0], [854, 864, 0]], "type": "T", "n_corners": 2}, "geometry": {"type": "Point", "coordinates": [19.0067477, 47.534693600000026]}}, {"id": "872", "type": "Feature", "properties": {"x": 4997811.372386758, "y": 2754611.2498558727, "bearings": {"872_868_0": 138.61342565775985, "872_875_0": -58.53384045175097, "872_855_0": -131.98612338625134}, "angles": {"872_855_0": 89.40045095598884, "872_875_0": 73.45228293450037, "872_868_0": 197.1472661095108}, "adj_sorted": [[872, 855, 0], [872, 875, 0], [872, 868, 0]], "type": "other", "n_corners": 3}, "geometry": {"type": "Point", "coordinates": [19.008166099999997, 47.53374560000003]}}, {"id": "873", "type": "Feature", "properties": {"x": 4997811.3906015605, "y": 2754892.2234615632, "bearings": {"873_874_0": 59.81015124653229, "873_864_0": -139.114663591195, "873_828_0": 166.35834192464233}, "angles": {"873_864_0": 54.52699448416263, "873_874_0": 198.9248148377273, "873_828_0": 106.54819067811005}, "adj_sorted": [[873, 864, 0], [873, 874, 0], [873, 828, 0]], "type": "other", "n_corners": 3}, "geometry": {"type": "Point", "coordinates": [19.0086061, 47.53625300000003]}}, {"id": "876", "type": "Feature", "properties": {"x": 4997820.025885175, "y": 2754580.7886525225, "bearings": {"876_826_0": -104.4734943777231, "876_896_0": -52.96085568605318, "876_875_0": 112.04226023599666}, "angles": {"876_826_0": 143.48424538628024, "876_896_0": 51.51263869166992, "876_875_0": 165.00311592204986}, "adj_sorted": [[876, 826, 0], [876, 896, 0], [876, 875, 0]], "type": "Y", "n_corners": 2}, "geometry": {"type": "Point", "coordinates": [19.008232600000003, 47.533464300000006]}}, {"id": "951", "type": "Feature", "properties": {"x": 4998160.152372738, "y": 2754386.931763532, "bearings": {"951_921_0": -149.93154284656964, "951_975_0": 28.442725325548455, "951_942_0": 124.61611597731381}, "angles": {"951_921_0": 85.45234117611653, "951_975_0": 178.3742681721181, "951_942_0": 96.17339065176536}, "adj_sorted": [[951, 921, 0], [951, 975, 0], [951, 942, 0]], "type": "T", "n_corners": 2}, "geometry": {"type": "Point", "coordinates": [19.012416599999995, 47.531362300000026]}}, {"id": "1051", "type": "Feature", "properties": {"x": 4998873.159835726, "y": 2754037.434846321, "bearings": {"1051_1056_0": -52.27358086940374, "1051_1076_0": 20.54390329245138, "1051_1009_0": 166.27784459663607}, "angles": {"1051_1056_0": 141.4485745339602, "1051_1076_0": 72.81748416185512, "1051_1009_0": 145.7339413041847}, "adj_sorted": [[1051, 1056, 0], [1051, 1076, 0], [1051, 1009, 0]], "type": "Y", "n_corners": 3}, "geometry": {"type": "Point", "coordinates": [19.021275600000003, 47.527463]}}, {"id": "605", "type": "Feature", "properties": {"x": 4994867.232113205, "y": 2753181.6597923813, "bearings": {"605_611_0": -55.507490880948254, "605_610_0": 104.35611162622308, "605_578_0": 137.95208359125166}, "angles": {"605_611_0": 166.5404255278001, "605_610_0": 159.86360250717132, "605_578_0": 33.59597196502858}, "adj_sorted": [[605, 611, 0], [605, 610, 0], [605, 578, 0]], "type": "Y", "n_corners": 2}, "geometry": {"type": "Point", "coordinates": [18.96709209999999, 47.524199400000064]}}, {"id": "1151", "type": "Feature", "properties": {"x": 4999487.393792793, "y": 2753651.333261667, "bearings": {"1151_1127_0": -115.7062200408006, "1151_1160_0": 83.31651605460863, "1151_1152_0": -74.2957303489397}, "angles": {"1151_1127_0": 160.97726390459076, "1151_1152_0": 41.4104896918609, "1151_1160_0": 157.61224640354834}, "adj_sorted": [[1151, 1127, 0], [1151, 1152, 0], [1151, 1160, 0]], "type": "Y", "n_corners": 3}, "geometry": {"type": "Point", "coordinates": [19.028773000000005, 47.52334460000002]}}, {"id": "1157", "type": "Feature", "properties": {"x": 4999532.587863625, "y": 2753297.3044407465, "bearings": {"1157_1165_0": 105.59557227955374, "1157_1177_0": 5.4929997262943795, "1157_1135_0": 172.12854067643525, "1157_1155_0": -52.77470222494694}, "angles": {"1157_1155_0": 135.09675709861781, "1157_1177_0": 58.26770195124132, "1157_1165_0": 100.10257255325935, "1157_1135_0": 66.53296839688151}, "adj_sorted": [[1157, 1155, 0], [1157, 1177, 0], [1157, 1165, 0], [1157, 1135, 0]], "type": "other", "n_corners": 4}, "geometry": {"type": "Point", "coordinates": [19.028813999999997, 47.520135800000055]}}, {"id": "1177", "type": "Feature", "properties": {"x": 4999631.479171438, "y": 2753326.842319054, "bearings": {"1177_1203_0": 59.738256980591345, "1177_1157_0": -156.42479219220886, "1177_1214_0": -1.2901860350929713}, "angles": {"1177_1157_0": 143.83695082719981, "1177_1214_0": 155.13460615711588, "1177_1203_0": 61.02844301568432}, "adj_sorted": [[1177, 1157, 0], [1177, 1214, 0], [1177, 1203, 0]], "type": "Y", "n_corners": 3}, "geometry": {"type": "Point", "coordinates": [19.030164699999997, 47.52029100000004]}}, {"id": "1135", "type": "Feature", "properties": {"x": 4999382.683918752, "y": 2753311.3040080774, "bearings": {"1135_1124_0": -164.86584783785065, "1135_1157_0": 10.981354579871276, "1135_1152_0": 74.70383384967532}, "angles": {"1135_1124_0": 120.43031831247401, "1135_1157_0": 175.84720241772192, "1135_1152_0": 63.72247926980404}, "adj_sorted": [[1135, 1124, 0], [1135, 1157, 0], [1135, 1152, 0]], "type": "T", "n_corners": 2}, "geometry": {"type": "Point", "coordinates": [19.026858700000002, 47.52042500000004]}}, {"id": "1155", "type": "Feature", "properties": {"x": 4999520.3101929, "y": 2753204.086538719, "bearings": {"1155_1112_0": 172.30530944289853, "1155_1157_0": 77.98334079973756, "1155_1154_0": -100.61502245968457, "1155_1167_0": -9.20821179418303}, "angles": {"1155_1154_0": 87.07966809741691, "1155_1167_0": 91.40681066550154, "1155_1157_0": 87.19155259392059, "1155_1112_0": 94.32196864316097}, "adj_sorted": [[1155, 1154, 0], [1155, 1167, 0], [1155, 1157, 0], [1155, 1112, 0]], "type": "X", "n_corners": 4}, "geometry": {"type": "Point", "coordinates": [19.0285059, 47.51931740000002]}}, {"id": "1152", "type": "Feature", "properties": {"x": 4999492.236527022, "y": 2753567.6137510333, "bearings": {"1152_1168_0": -17.831722851553387, "1152_1151_0": 83.41961746818129, "1152_1135_0": -112.48665128751541}, "angles": {"1152_1135_0": 164.09373124430329, "1152_1168_0": 94.65492843596203, "1152_1151_0": 101.25134031973468}, "adj_sorted": [[1152, 1135, 0], [1152, 1168, 0], [1152, 1151, 0]], "type": "Y", "n_corners": 3}, "geometry": {"type": "Point", "coordinates": [19.0287056, 47.522592200000005]}}, {"id": "1214", "type": "Feature", "properties": {"x": 4999802.19488732, "y": 2753235.9663013513, "bearings": {"1214_1177_0": 149.91749680122254, "1214_1232_0": -32.40489961662901, "1214_1211_0": -92.72354280020045}, "angles": {"1214_1211_0": 117.35896039857701, "1214_1232_0": 60.31864318357144, "1214_1177_0": 182.32239641785156}, "adj_sorted": [[1214, 1211, 0], [1214, 1232, 0], [1214, 1177, 0]], "type": "T", "n_corners": 2}, "geometry": {"type": "Point", "coordinates": [19.032273899999996, 47.5192929]}}, {"id": "1154", "type": "Feature", "properties": {"x": 4999503.469717944, "y": 2753114.230560919, "bearings": {"1154_1101_0": 169.51332139751992, "1154_1155_0": 79.38497754031543, "1154_1153_0": -103.06701479703877}, "angles": {"1154_1153_0": 87.4196638054413, "1154_1155_0": 182.4519923373542, "1154_1101_0": 90.12834385720448}, "adj_sorted": [[1154, 1153, 0], [1154, 1155, 0], [1154, 1101, 0]], "type": "T", "n_corners": 2}, "geometry": {"type": "Point", "coordinates": [19.028142900000006, 47.518534000000066]}}, {"id": "1232", "type": "Feature", "properties": {"x": 4999888.386027876, "y": 2753181.62826056, "bearings": {"1232_1203_0": 91.36953224290286, "1232_1214_0": 149.16827479230295, "1232_1238_0": -86.55548036495179, "1232_1250_0": -39.15350571843904}, "angles": {"1232_1238_0": 124.27624484274526, "1232_1250_0": 47.40197464651275, "1232_1203_0": 130.5230379613419, "1232_1214_0": 57.79874254940009}, "adj_sorted": [[1232, 1238, 0], [1232, 1250, 0], [1232, 1203, 0], [1232, 1214, 0]], "type": "X", "n_corners": 4}, "geometry": {"type": "Point", "coordinates": [19.0333255, 47.51871350000002]}}, {"id": "1211", "type": "Feature", "properties": {"x": 4999791.031072914, "y": 2753015.2020609323, "bearings": {"1211_1214_0": 86.51350157089462, "1211_1194_0": 166.24606007347685, "1211_1228_0": -21.618323020497755}, "angles": {"1211_1228_0": 172.1356169060254, "1211_1214_0": 108.13182459139237, "1211_1194_0": 79.73255850258224}, "adj_sorted": [[1211, 1228, 0], [1211, 1214, 0], [1211, 1194, 0]], "type": "T", "n_corners": 2}, "geometry": {"type": "Point", "coordinates": [19.0317804, 47.51733510000001]}}, {"id": "1153", "type": "Feature", "properties": {"x": 4999496.846261792, "y": 2753085.6935422374, "bearings": {"1153_1150_0": -100.94823718968567, "1153_1154_0": 76.93298520296125, "1153_1164_0": -10.916469535759322}, "angles": {"1153_1150_0": 182.11877760735308, "1153_1164_0": 90.03176765392635, "1153_1154_0": 87.84945473872057}, "adj_sorted": [[1153, 1150, 0], [1153, 1164, 0], [1153, 1154, 0]], "type": "T", "n_corners": 2}, "geometry": {"type": "Point", "coordinates": [19.0280108, 47.518286600000046]}}, {"id": "1238", "type": "Feature", "properties": {"x": 4999900.835026479, "y": 2752974.634704511, "bearings": {"1238_1232_0": 98.29785823582208, "1238_1250_0": -3.2361124943881023, "1238_1228_0": 178.20153640866064, "1238_1236_0": -72.60645615487917}, "angles": {"1238_1236_0": 109.19200743646019, "1238_1250_0": 69.37034366049107, "1238_1232_0": 101.53397073021017, "1238_1228_0": 79.90367817283857}, "adj_sorted": [[1238, 1236, 0], [1238, 1250, 0], [1238, 1232, 0], [1238, 1228, 0]], "type": "X", "n_corners": 4}, "geometry": {"type": "Point", "coordinates": [19.033164999999997, 47.5168527]}}, {"id": "1250", "type": "Feature", "properties": {"x": 4999944.654019682, "y": 2752984.5574839646, "bearings": {"1250_1232_0": 11.354621123834537, "1250_1238_0": -163.55751760419625, "1250_1257_0": -75.80947222340117}, "angles": {"1250_1238_0": 185.08786127196922, "1250_1257_0": 87.74804538079508, "1250_1232_0": 87.1640933472357}, "adj_sorted": [[1250, 1238, 0], [1250, 1257, 0], [1250, 1232, 0]], "type": "T", "n_corners": 2}, "geometry": {"type": "Point", "coordinates": [19.03375849999999, 47.51689320000002]}}, {"id": "1194", "type": "Feature", "properties": {"x": 4999722.5055964, "y": 2753031.975132724, "bearings": {"1194_1211_0": -13.75393992652315, "1194_1164_0": 166.44705118570414, "1194_1184_0": -106.0242006961108}, "angles": {"1194_1184_0": 87.52874811818504, "1194_1211_0": 92.27026076958765, "1194_1164_0": 180.20099111222729}, "adj_sorted": [[1194, 1184, 0], [1194, 1211, 0], [1194, 1164, 0]], "type": "T", "n_corners": 2}, "geometry": {"type": "Point", "coordinates": [19.030902899999997, 47.51755990000004]}}, {"id": "1228", "type": "Feature", "properties": {"x": 4999885.521194723, "y": 2752976.7872785907, "bearings": {"1228_1211_0": 157.18849046765726, "1228_1238_0": -16.35476681996859, "1228_1229_0": -108.10473693687622}, "angles": {"1228_1229_0": 94.70677259546653, "1228_1238_0": 91.74997011690763, "1228_1211_0": 173.54325728762586}, "adj_sorted": [[1228, 1229, 0], [1228, 1238, 0], [1228, 1211, 0]], "type": "T", "n_corners": 2}, "geometry": {"type": "Point", "coordinates": [19.032966399999996, 47.51688870000004]}}, {"id": "1236", "type": "Feature", "properties": {"x": 4999899.503810412, "y": 2752869.604521984, "bearings": {"1236_1238_0": 87.53899683690726, "1236_1257_0": -0.39841852294307056, "1236_1231_0": -94.29955384962429}, "angles": {"1236_1231_0": 178.16144931346844, "1236_1257_0": 93.90113532668121, "1236_1238_0": 87.93741535985033}, "adj_sorted": [[1236, 1231, 0], [1236, 1257, 0], [1236, 1238, 0]], "type": "T", "n_corners": 2}, "geometry": {"type": "Point", "coordinates": [19.0329827, 47.515916900000036]}}, {"id": "1257", "type": "Feature", "properties": {"x": 4999982.782544897, "y": 2752925.412807973, "bearings": {"1257_1250_0": 145.6473215366318, "1257_1236_0": -79.46922572573611, "1257_1262_0": -18.59308841140885}, "angles": {"1257_1236_0": 134.88345273763207, "1257_1262_0": 60.87613731432726, "1257_1250_0": 164.24040994804065}, "adj_sorted": [[1257, 1236, 0], [1257, 1262, 0], [1257, 1250, 0]], "type": "Y", "n_corners": 3}, "geometry": {"type": "Point", "coordinates": [19.03416859999999, 47.516323600000014]}}, {"id": "1164", "type": "Feature", "properties": {"x": 4999587.862143915, "y": 2753063.9703175556, "bearings": {"1164_1162_0": -101.94038729235733, "1164_1153_0": 165.76869559923125, "1164_1194_0": -12.961022731389185}, "angles": {"1164_1162_0": 92.2909171084114, "1164_1194_0": 88.97936456096815, "1164_1153_0": 178.72971833062044}, "adj_sorted": [[1164, 1162, 0], [1164, 1194, 0], [1164, 1153, 0]], "type": "T", "n_corners": 2}, "geometry": {"type": "Point", "coordinates": [19.0291772, 47.51799300000004]}}, {"id": "1184", "type": "Feature", "properties": {"x": 4999676.240620356, "y": 2752870.8868149165, "bearings": {"1184_1162_0": 161.97810684586244, "1184_1194_0": 73.9757993038892, "1184_1217_0": -18.359482518734673}, "angles": {"1184_1217_0": 179.6624106354029, "1184_1194_0": 92.33528182262387, "1184_1162_0": 88.00230754197324}, "adj_sorted": [[1184, 1217, 0], [1184, 1194, 0], [1184, 1162, 0]], "type": "T", "n_corners": 2}, "geometry": {"type": "Point", "coordinates": [19.030040100000004, 47.51617310000004]}}, {"id": "1229", "type": "Feature", "properties": {"x": 4999885.984924393, "y": 2752965.492484282, "bearings": {"1229_1228_0": 106.84065834567106, "1229_1230_0": -58.213063562103464, "1229_1224_0": -157.85631279658}, "angles": {"1229_1224_0": 95.30302885774893, "1229_1230_0": 99.64324923447654, "1229_1228_0": 165.05372190777453}, "adj_sorted": [[1229, 1224, 0], [1229, 1230, 0], [1229, 1228, 0]], "type": "T", "n_corners": 2}, "geometry": {"type": "Point", "coordinates": [19.0329548, 47.516787400000034]}}, {"id": "1231", "type": "Feature", "properties": {"x": 4999886.321402471, "y": 2752766.7379006925, "bearings": {"1231_1236_0": 21.884974057745026, "1231_1240_0": -56.049338896608624, "1231_1217_0": 106.63824262165087, "1231_1227_0": 173.04952116113088}, "angles": {"1231_1240_0": 130.9011399422605, "1231_1236_0": 77.93431295435366, "1231_1217_0": 84.75326856390585, "1231_1227_0": 66.41127853948001}, "adj_sorted": [[1231, 1240, 0], [1231, 1236, 0], [1231, 1217, 0], [1231, 1227, 0]], "type": "other", "n_corners": 4}, "geometry": {"type": "Point", "coordinates": [19.032647499999996, 47.51501340000003]}}, {"id": "1240", "type": "Feature", "properties": {"x": 4999905.2584417015, "y": 2752747.4480888275, "bearings": {"1240_1282_0": -45.29779970264991, "1240_1268_0": 11.310685535953034, "1240_1231_0": 142.37799464509953}, "angles": {"1240_1282_0": 172.32420565225055, "1240_1268_0": 56.608485238602945, "1240_1231_0": 131.0673091091465}, "adj_sorted": [[1240, 1282, 0], [1240, 1268, 0], [1240, 1231, 0]], "type": "Y", "n_corners": 2}, "geometry": {"type": "Point", "coordinates": [19.032867, 47.51482050000003]}}, {"id": "1217", "type": "Feature", "properties": {"x": 4999809.326364193, "y": 2752820.278968547, "bearings": {"1217_1184_0": 151.31400934489503, "1217_1231_0": -28.686583026747716, "1217_1215_0": -111.21379492991228}, "angles": {"1217_1215_0": 97.4721957251927, "1217_1231_0": 82.52721190316457, "1217_1184_0": 180.00059237164274}, "adj_sorted": [[1217, 1215, 0], [1217, 1231, 0], [1217, 1184, 0]], "type": "T", "n_corners": 2}, "geometry": {"type": "Point", "coordinates": [19.031715999999996, 47.515575600000055]}}, {"id": "1227", "type": "Feature", "properties": {"x": 4999874.832255407, "y": 2752753.492698586, "bearings": {"1227_1244_0": -40.33408770956617, "1227_1231_0": 106.25630074130058, "1227_1215_0": 139.17834966710322}, "angles": {"1227_1244_0": 180.4875626233306, "1227_1231_0": 146.59038845086675, "1227_1215_0": 32.92204892580264}, "adj_sorted": [[1227, 1244, 0], [1227, 1231, 0], [1227, 1215, 0]], "type": "Y", "n_corners": 2}, "geometry": {"type": "Point", "coordinates": [19.032475199999997, 47.51490780000003]}}, {"id": "1326", "type": "Feature", "properties": {"x": 5000375.447155696, "y": 2752293.8783483203, "bearings": {"1326_1324_0": 99.52688495367921, "1326_1335_0": -15.940592112621546, "1326_1327_0": -82.86171713790422}, "angles": {"1326_1327_0": 177.61139790841656, "1326_1335_0": 66.92112502528268, "1326_1324_0": 115.46747706630076}, "adj_sorted": [[1326, 1327, 0], [1326, 1335, 0], [1326, 1324, 0]], "type": "T", "n_corners": 2}, "geometry": {"type": "Point", "coordinates": [19.0383563, 47.51025730000004]}}, {"id": "1311", "type": "Feature", "properties": {"x": 5000287.498157457, "y": 2752632.115915152, "bearings": {"1311_1321_0": 20.53863570173042, "1311_1317_0": -70.28435364709625, "1311_1305_0": 108.86585294642066}, "angles": {"1311_1317_0": 180.8497934064831, "1311_1321_0": 90.82298934882667, "1311_1305_0": 88.32721724469025}, "adj_sorted": [[1311, 1317, 0], [1311, 1321, 0], [1311, 1305, 0]], "type": "T", "n_corners": 2}, "geometry": {"type": "Point", "coordinates": [19.037727199999996, 47.5133721]}}, {"id": "1320", "type": "Feature", "properties": {"x": 5000330.757521773, "y": 2752684.6793948803, "bearings": {"1320_1321_0": -77.2650528008664, "1320_1323_0": 42.26060249398423, "1320_1319_0": 90.03618904163649}, "angles": {"1320_1321_0": 192.6987581574971, "1320_1323_0": 119.52565529485062, "1320_1319_0": 47.77558654765226}, "adj_sorted": [[1320, 1321, 0], [1320, 1323, 0], [1320, 1319, 0]], "type": "Y", "n_corners": 2}, "geometry": {"type": "Point", "coordinates": [19.038380200000002, 47.51379370000004]}}, {"id": "1215", "type": "Feature", "properties": {"x": 4999804.753324605, "y": 2752811.61518678, "bearings": {"1215_1217_0": 57.137587105621634, "1215_1227_0": -58.664737060550806, "1215_1200_0": -123.14635658180578}, "angles": {"1215_1200_0": 179.7160563125726, "1215_1227_0": 64.48161952125497, "1215_1217_0": 115.80232416617244}, "adj_sorted": [[1215, 1200, 0], [1215, 1227, 0], [1215, 1217, 0]], "type": "T", "n_corners": 2}, "geometry": {"type": "Point", "coordinates": [19.03164209999999, 47.51550330000001]}}, {"id": "1200", "type": "Feature", "properties": {"x": 4999744.853604043, "y": 2752721.0632044007, "bearings": {"1200_1188_0": -124.44118581678796, "1200_1215_0": 56.50202185072946, "1200_1226_0": -35.65640652057584}, "angles": {"1200_1188_0": 179.0567923324826, "1200_1226_0": 88.78477929621212, "1200_1215_0": 92.1584283713053}, "adj_sorted": [[1200, 1188, 0], [1200, 1226, 0], [1200, 1215, 0]], "type": "T", "n_corners": 2}, "geometry": {"type": "Point", "coordinates": [19.0307101, 47.51476090000004]}}, {"id": "1226", "type": "Feature", "properties": {"x": 4999866.053816678, "y": 2752634.1117704534, "bearings": {"1226_1218_0": -120.62081332943397, "1226_1244_0": 57.56865630635791, "1226_1200_0": 144.34359347942416}, "angles": {"1226_1218_0": 95.03559319114186, "1226_1244_0": 178.18946963579188, "1226_1200_0": 86.77493717306625}, "adj_sorted": [[1226, 1218, 0], [1226, 1244, 0], [1226, 1200, 0]], "type": "T", "n_corners": 2}, "geometry": {"type": "Point", "coordinates": [19.032172199999994, 47.513852100000044]}}, {"id": "1328", "type": "Feature", "properties": {"x": 5000393.887853913, "y": 2752165.347131923, "bearings": {"1328_1336_0": -5.460233455695511, "1328_1330_0": -86.81849752844711, "1328_1312_0": 171.75684448581697, "1328_1327_0": 97.12672148386147}, "angles": {"1328_1330_0": 101.4246579857359, "1328_1336_0": 81.3582640727516, "1328_1327_0": 102.58695493955699, "1328_1312_0": 74.6301230019555}, "adj_sorted": [[1328, 1330, 0], [1328, 1336, 0], [1328, 1327, 0], [1328, 1312, 0]], "type": "X", "n_corners": 4}, "geometry": {"type": "Point", "coordinates": [19.0383978, 47.50909009999998]}}, {"id": "1312", "type": "Feature", "properties": {"x": 5000292.194204064, "y": 2752157.8549248455, "bearings": {"1312_1310_0": 97.58738623648921, "1312_1298_0": -173.05562921711825, "1312_1328_0": 5.0511128902880005, "1312_1313_0": -91.44136748407288}, "angles": {"1312_1298_0": 89.35698454639254, "1312_1313_0": 81.61426173304537, "1312_1328_0": 96.49248037436088, "1312_1310_0": 92.53627334620121}, "adj_sorted": [[1312, 1298, 0], [1312, 1313, 0], [1312, 1328, 0], [1312, 1310, 0]], "type": "X", "n_corners": 4}, "geometry": {"type": "Point", "coordinates": [19.037045000000006, 47.509134800000034]}}, {"id": "1327", "type": "Feature", "properties": {"x": 5000377.112465338, "y": 2752280.456385359, "bearings": {"1327_1310_0": -170.45753680322193, "1327_1326_0": 97.130440566181, "1327_1328_0": -81.61244665512088}, "angles": {"1327_1310_0": 92.41202263059711, "1327_1328_0": 88.84509014810105, "1327_1326_0": 178.74288722130188}, "adj_sorted": [[1327, 1310, 0], [1327, 1328, 0], [1327, 1326, 0]], "type": "T", "n_corners": 2}, "geometry": {"type": "Point", "coordinates": [19.038357199999993, 47.51013570000002]}}, {"id": "1313", "type": "Feature", "properties": {"x": 5000298.771051479, "y": 2752088.6138542956, "bearings": {"1313_1316_0": -83.53342179820422, "1313_1331_0": 6.554004531798845, "1313_1312_0": 96.39441100617165}, "angles": {"1313_1316_0": 180.07216719562413, "1313_1331_0": 90.08742633000305, "1313_1312_0": 89.84040647437281}, "adj_sorted": [[1313, 1316, 0], [1313, 1331, 0], [1313, 1312, 0]], "type": "T", "n_corners": 2}, "geometry": {"type": "Point", "coordinates": [19.037023100000006, 47.50850970000003]}}, {"id": "962", "type": "Feature", "properties": {"x": 4998243.559003871, "y": 2752576.064726808, "bearings": {"962_956_0": -116.9134384732195, "962_991_0": -31.85807998778812, "962_968_0": 68.13390494998134}, "angles": {"962_956_0": 174.95265657679914, "962_991_0": 85.05535848543138, "962_968_0": 99.99198493776946}, "adj_sorted": [[962, 956, 0], [962, 991, 0], [962, 968, 0]], "type": "T", "n_corners": 2}, "geometry": {"type": "Point", "coordinates": [19.0106826, 47.515110800000016]}}, {"id": "959", "type": "Feature", "properties": {"x": 4998234.690872036, "y": 2752675.6826552297, "bearings": {"959_973_0": 60.395417664789115, "959_936_0": 159.9160743974549, "959_968_0": -17.858306495358473}, "angles": {"959_968_0": 182.22561910718662, "959_973_0": 78.25372416014758, "959_936_0": 99.5206567326658}, "adj_sorted": [[959, 968, 0], [959, 973, 0], [959, 936, 0]], "type": "T", "n_corners": 2}, "geometry": {"type": "Point", "coordinates": [19.010721499999992, 47.5160095]}}, {"id": "1299", "type": "Feature", "properties": {"x": 5000191.83837024, "y": 2752132.487199373, "bearings": {"1299_1279_0": -178.33473047539601, "1299_1301_0": -85.76334496553261, "1299_1298_0": 94.51275550322131}, "angles": {"1299_1279_0": 87.15251402138267, "1299_1301_0": 92.5713855098634, "1299_1298_0": 180.27610046875392}, "adj_sorted": [[1299, 1279, 0], [1299, 1301, 0], [1299, 1298, 0]], "type": "T", "n_corners": 2}, "geometry": {"type": "Point", "coordinates": [19.035681800000003, 47.509018500000025]}}, {"id": "495", "type": "Feature", "properties": {"x": 4994183.78049046, "y": 2756287.492532089, "bearings": {"495_445_0": -157.7876335182099, "495_513_0": -39.259407603422986, "495_509_0": 96.8596109778323, "495_477_0": 141.3580778543269}, "angles": {"495_445_0": 60.854288627463234, "495_513_0": 118.52822591478692, "495_509_0": 136.1190185812553, "495_477_0": 44.49846687649459}, "adj_sorted": [[495, 445, 0], [495, 513, 0], [495, 509, 0], [495, 477, 0]], "type": "other", "n_corners": 4}, "geometry": {"type": "Point", "coordinates": [18.96291159999999, 47.55266200000005]}}, {"id": "436", "type": "Feature", "properties": {"x": 4993877.262527879, "y": 2756278.3669746164, "bearings": {"436_381_0": -158.61607773313145, "436_445_0": -68.51361889407113, "436_423_0": 111.48818748215996, "436_477_0": 21.068838145466778}, "angles": {"436_381_0": 89.89573478470857, "436_445_0": 90.10245883906032, "436_477_0": 89.5824570395379, "436_423_0": 90.41934933669319}, "adj_sorted": [[436, 381, 0], [436, 445, 0], [436, 477, 0], [436, 423, 0]], "type": "X", "n_corners": 4}, "geometry": {"type": "Point", "coordinates": [18.958851500000005, 47.552914000000044]}}, {"id": "488", "type": "Feature", "properties": {"x": 4994118.745540178, "y": 2756135.8286754745, "bearings": {"488_465_0": 171.06719458035667, "488_487_0": -123.09920767684724, "488_502_0": 39.8655415357008}, "angles": {"488_487_0": 65.83359774279609, "488_502_0": 162.96474921254804, "488_465_0": 131.20165304465587}, "adj_sorted": [[488, 487, 0], [488, 502, 0], [488, 465, 0]], "type": "Y", "n_corners": 3}, "geometry": {"type": "Point", "coordinates": [18.961816899999995, 47.551379200000014]}}, {"id": "468", "type": "Feature", "properties": {"x": 4994040.578363216, "y": 2755978.94646539, "bearings": {"468_428_0": -158.3424698726343, "468_465_0": 106.20827186837369, "468_476_0": -74.06800888710602, "468_487_0": 20.274002541396538}, "angles": {"468_428_0": 95.44925825899202, "468_476_0": 84.27446098552828, "468_487_0": 94.34201142850256, "468_465_0": 85.93426932697714}, "adj_sorted": [[468, 428, 0], [468, 476, 0], [468, 487, 0], [468, 465, 0]], "type": "X", "n_corners": 4}, "geometry": {"type": "Point", "coordinates": [18.9605408, 47.550064100000036]}}, {"id": "502", "type": "Feature", "properties": {"x": 4994229.949175286, "y": 2756184.613855134, "bearings": {"502_488_0": -158.98138713577407, "502_519_0": -73.88403167470545, "502_513_0": 21.763030816625953}, "angles": {"502_488_0": 179.25558204759997, "502_519_0": 85.09735546106862, "502_513_0": 95.64706249133141}, "adj_sorted": [[502, 488, 0], [502, 519, 0], [502, 513, 0]], "type": "T", "n_corners": 2}, "geometry": {"type": "Point", "coordinates": [18.963360700000006, 47.55169360000002]}}, {"id": "519", "type": "Feature", "properties": {"x": 4994294.807488501, "y": 2756103.7684160545, "bearings": {"519_520_0": -73.95206990556505, "519_502_0": -162.2926946368479, "519_516_0": 101.64707807996005, "519_544_0": 39.93444778185666}, "angles": {"519_502_0": 96.06022728319203, "519_520_0": 88.34062473128284, "519_544_0": 113.88651768742172, "519_516_0": 61.71263029810339}, "adj_sorted": [[519, 502, 0], [519, 520, 0], [519, 544, 0], [519, 516, 0]], "type": "other", "n_corners": 4}, "geometry": {"type": "Point", "coordinates": [18.964090799999994, 47.55090150000004]}}, {"id": "513", "type": "Feature", "properties": {"x": 4994279.611418405, "y": 2756209.7061572056, "bearings": {"513_495_0": 144.3429545765784, "513_502_0": -140.20832364647245, "513_539_0": 59.899392976068405, "513_516_0": -47.5317425574356}, "angles": {"513_502_0": 75.44872177694913, "513_516_0": 92.67658108903686, "513_539_0": 107.431135533504, "513_495_0": 84.44356160050998}, "adj_sorted": [[513, 502, 0], [513, 516, 0], [513, 539, 0], [513, 495, 0]], "type": "other", "n_corners": 4}, "geometry": {"type": "Point", "coordinates": [18.9640553, 47.551863500000024]}}, {"id": "539", "type": "Feature", "properties": {"x": 4994371.367500776, "y": 2756629.0558999637, "bearings": {"539_513_0": -103.13611361302773, "539_549_0": 76.78874623213964, "539_509_0": 167.75785591975546, "539_559_0": -13.477588419723814}, "angles": {"539_513_0": 89.10603046721678, "539_559_0": 89.65852519330392, "539_549_0": 90.26633465186346, "539_509_0": 90.96910968761581}, "adj_sorted": [[539, 513, 0], [539, 559, 0], [539, 549, 0], [539, 509, 0]], "type": "X", "n_corners": 4}, "geometry": {"type": "Point", "coordinates": [18.965920000000004, 47.5555062]}}, {"id": "516", "type": "Feature", "properties": {"x": 4994287.056978777, "y": 2756201.571710873, "bearings": {"516_519_0": -87.04731082400993, "516_513_0": 132.4682574425644, "516_527_0": 11.742626552265495}, "angles": {"516_519_0": 140.48443173342565, "516_527_0": 98.78993737627542, "516_513_0": 120.72563089029892}, "adj_sorted": [[516, 519, 0], [516, 527, 0], [516, 513, 0]], "type": "Y", "n_corners": 3}, "geometry": {"type": "Point", "coordinates": [18.9641409, 47.551782799999984]}}, {"id": "544", "type": "Feature", "properties": {"x": 4994386.692987627, "y": 2756179.4908365896, "bearings": {"544_554_0": -53.64895663491683, "544_519_0": -135.9166543967879, "544_527_0": 127.29761964608934, "544_558_0": 46.84149129974764}, "angles": {"544_519_0": 96.78572595712274, "544_554_0": 82.26769776187106, "544_558_0": 100.49044793466447, "544_527_0": 80.4561283463417}, "adj_sorted": [[544, 519, 0], [544, 554, 0], [544, 558, 0], [544, 527, 0]], "type": "X", "n_corners": 4}, "geometry": {"type": "Point", "coordinates": [18.965421599999992, 47.55147730000004]}}, {"id": "433", "type": "Feature", "properties": {"x": 4993874.636214344, "y": 2755846.8105163695, "bearings": {"433_428_0": 103.7875932282204, "433_476_0": 3.895984397523573, "433_389_0": -174.16780023432665, "433_441_0": -79.78683097426067}, "angles": {"433_389_0": 82.04460653745298, "433_441_0": 94.38096926006598, "433_476_0": 83.68281537178424, "433_428_0": 99.89160883069682}, "adj_sorted": [[433, 389, 0], [433, 441, 0], [433, 476, 0], [433, 428, 0]], "type": "X", "n_corners": 4}, "geometry": {"type": "Point", "coordinates": [18.958144800000003, 47.549065299999995]}}, {"id": "533", "type": "Feature", "properties": {"x": 4994355.6273113685, "y": 2756963.1383542847, "bearings": {"533_549_0": -49.380863764104774, "533_529_0": 130.01761607836164, "533_566_0": 36.2716375661455}, "angles": {"533_549_0": 180.60152015753357, "533_566_0": 85.65250133025027, "533_529_0": 93.74597851221614}, "adj_sorted": [[533, 549, 0], [533, 566, 0], [533, 529, 0]], "type": "T", "n_corners": 2}, "geometry": {"type": "Point", "coordinates": [18.966233, 47.55850490000003]}}, {"id": "549", "type": "Feature", "properties": {"x": 4994416.41341381, "y": 2756875.7586659268, "bearings": {"549_539_0": -79.46163129219549, "549_533_0": 108.53936617568328, "549_553_0": -0.6393686218494573}, "angles": {"549_539_0": 171.9990025321212, "549_553_0": 78.82226267034603, "549_533_0": 109.17873479753274}, "adj_sorted": [[549, 539, 0], [549, 553, 0], [549, 533, 0]], "type": "T", "n_corners": 2}, "geometry": {"type": "Point", "coordinates": [18.966899199999997, 47.55765890000004]}}, {"id": "529", "type": "Feature", "properties": {"x": 4994343.048187458, "y": 2756978.1202132613, "bearings": {"529_533_0": -49.982383921638366, "529_509_0": -141.7455010913475, "529_517_0": 129.97972005550588}, "angles": {"529_509_0": 88.27477885314659, "529_533_0": 91.76311716970915, "529_517_0": 179.96210397714424}, "adj_sorted": [[529, 509, 0], [529, 533, 0], [529, 517, 0]], "type": "T", "n_corners": 2}, "geometry": {"type": "Point", "coordinates": [18.966090299999994, 47.55865230000001]}}, {"id": "566", "type": "Feature", "properties": {"x": 4994494.914915626, "y": 2757059.650379324, "bearings": {"566_533_0": -145.3817009856103, "566_553_0": -97.07231473121708, "566_567_0": 83.02577079536228}, "angles": {"566_533_0": 131.59252821902743, "566_553_0": 48.30938625439323, "566_567_0": 180.09808552657935}, "adj_sorted": [[566, 533, 0], [566, 553, 0], [566, 567, 0]], "type": "Y", "n_corners": 2}, "geometry": {"type": "Point", "coordinates": [18.968222200000003, 47.55921460000002]}}, {"id": "553", "type": "Feature", "properties": {"x": 4994436.286142295, "y": 2756873.364559326, "bearings": {"553_549_0": 161.39916378965054, "553_566_0": 61.53099242100452, "553_565_0": -43.75955575472929}, "angles": {"553_565_0": 154.84128045562016, "553_566_0": 105.29054817573382, "553_549_0": 99.86817136864602}, "adj_sorted": [[553, 565, 0], [553, 566, 0], [553, 549, 0]], "type": "Y", "n_corners": 3}, "geometry": {"type": "Point", "coordinates": [18.9671578, 47.55761590000004]}}, {"id": "565", "type": "Feature", "properties": {"x": 4994493.966238781, "y": 2756818.134623101, "bearings": {"565_588_0": -46.63354257283983, "565_553_0": 136.26928556627058, "565_560_0": -99.31273934664414}, "angles": {"565_560_0": 124.41797508708527, "565_588_0": 52.67919677380431, "565_553_0": 182.9028281391104}, "adj_sorted": [[565, 560, 0], [565, 588, 0], [565, 553, 0]], "type": "Y", "n_corners": 2}, "geometry": {"type": "Point", "coordinates": [18.9678331, 47.55706020000003]}}, {"id": "509", "type": "Feature", "properties": {"x": 4994264.914773868, "y": 2756652.982745733, "bearings": {"509_495_0": -102.68776431434107, "509_539_0": -12.727381569676407, "509_529_0": 77.49083250905932, "509_492_0": 166.67121250469503}, "angles": {"509_495_0": 90.64102318096388, "509_539_0": 89.96038274466466, "509_529_0": 90.21821407873573, "509_492_0": 89.18037999563572}, "adj_sorted": [[509, 495, 0], [509, 539, 0], [509, 529, 0], [509, 492, 0]], "type": "X", "n_corners": 4}, "geometry": {"type": "Point", "coordinates": [18.9645521, 47.55583560000002]}}, {"id": "559", "type": "Feature", "properties": {"x": 4994458.713028053, "y": 2756608.1002338342, "bearings": {"559_555_0": -99.17410626779757, "559_539_0": 166.50723446988542, "559_560_0": 79.71690108182162}, "angles": {"559_555_0": 94.318659262317, "559_560_0": 178.8910073496192, "559_539_0": 86.7903333880638}, "adj_sorted": [[559, 555, 0], [559, 560, 0], [559, 539, 0]], "type": "T", "n_corners": 2}, "geometry": {"type": "Point", "coordinates": [18.967040299999997, 47.555224100000046]}}, {"id": "517", "type": "Feature", "properties": {"x": 4994292.789292599, "y": 2757042.7609540457, "bearings": {"517_529_0": -55.36797946694965, "517_515_0": 123.69133327744609, "517_556_0": 35.25406975232577}, "angles": {"517_529_0": 180.94068725560425, "517_556_0": 90.62204921927543, "517_515_0": 88.43726352512033}, "adj_sorted": [[517, 529, 0], [517, 556, 0], [517, 515, 0]], "type": "T", "n_corners": 2}, "geometry": {"type": "Point", "coordinates": [18.965527599999994, 47.55928390000001]}}, {"id": "567", "type": "Feature", "properties": {"x": 4994499.030823177, "y": 2757093.296861586, "bearings": {"567_566_0": -96.97422920463774, "567_563_0": 87.09014682661461, "567_556_0": 124.28715408486568}, "angles": {"567_566_0": 138.7386167104966, "567_563_0": 184.06437603125235, "567_556_0": 37.19700725825106}, "adj_sorted": [[567, 566, 0], [567, 563, 0], [567, 556, 0]], "type": "Y", "n_corners": 2}, "geometry": {"type": "Point", "coordinates": [18.968328999999997, 47.55951040000006]}}, {"id": "560", "type": "Feature", "properties": {"x": 4994467.147020086, "y": 2756654.5874386653, "bearings": {"560_588_0": -10.183344201838631, "560_565_0": 80.68726065335588, "560_559_0": -100.28309891817838}, "angles": {"560_559_0": 179.02964042846574, "560_588_0": 90.09975471633975, "560_565_0": 90.87060485519451}, "adj_sorted": [[560, 559, 0], [560, 588, 0], [560, 565, 0]], "type": "T", "n_corners": 2}, "geometry": {"type": "Point", "coordinates": [18.967224100000003, 47.55562980000001]}}, {"id": "492", "type": "Feature", "properties": {"x": 4994162.031514703, "y": 2756677.3579049963, "bearings": {"492_509_0": -13.328787495304955, "492_477_0": -102.86679091025489, "492_473_0": 167.7169957638174, "492_506_0": 77.56685393721092}, "angles": {"492_477_0": 89.41621332592769, "492_509_0": 89.53800341494994, "492_506_0": 90.89564143251587, "492_473_0": 90.15014182660649}, "adj_sorted": [[492, 477, 0], [492, 509, 0], [492, 506, 0], [492, 473, 0]], "type": "X", "n_corners": 4}, "geometry": {"type": "Point", "coordinates": [18.963231999999998, 47.55616510000003]}}, {"id": "431", "type": "Feature", "properties": {"x": 4993862.210267091, "y": 2757429.69677356, "bearings": {"431_456_0": 32.50748279932496, "431_421_0": 153.16003121144806, "431_411_0": -128.3773380838712}, "angles": {"431_411_0": 78.46263070468075, "431_456_0": 160.88482088319614, "431_421_0": 120.6525484121231}, "adj_sorted": [[431, 411, 0], [431, 456, 0], [431, 421, 0]], "type": "Y", "n_corners": 3}, "geometry": {"type": "Point", "coordinates": [18.960446300000005, 47.56320570000004]}}, {"id": "456", "type": "Feature", "properties": {"x": 4993966.857265341, "y": 2757526.164775565, "bearings": {"456_408_0": 152.1209298273318, "456_431_0": -118.20539021344754, "456_460_0": -30.18752518227499}, "angles": {"456_431_0": 89.67367995922064, "456_460_0": 88.01786503117256, "456_408_0": 182.30845500960677}, "adj_sorted": [[456, 431, 0], [456, 460, 0], [456, 408, 0]], "type": "T", "n_corners": 2}, "geometry": {"type": "Point", "coordinates": [18.961978200000004, 47.56395280000002]}}, {"id": "421", "type": "Feature", "properties": {"x": 4993827.305446335, "y": 2757447.359040168, "bearings": {"421_431_0": -26.839968788551964, "421_350_0": 160.21100445793337, "421_427_0": 59.92284178754265, "421_405_0": -122.50364136642439}, "angles": {"421_405_0": 77.28535417564223, "421_431_0": 95.66367257787243, "421_427_0": 86.76281057609461, "421_350_0": 100.28816267039072}, "adj_sorted": [[421, 405, 0], [421, 431, 0], [421, 427, 0], [421, 350, 0]], "type": "X", "n_corners": 4}, "geometry": {"type": "Point", "coordinates": [18.960012999999996, 47.56340130000002]}}, {"id": "411", "type": "Feature", "properties": {"x": 4993779.411124937, "y": 2757303.7136495644, "bearings": {"411_431_0": 57.17668134694718, "411_405_0": 153.00086308984507, "411_415_0": -43.776161433202894}, "angles": {"411_415_0": 163.22297547695203, "411_431_0": 100.95284278015006, "411_405_0": 95.82418174289789}, "adj_sorted": [[411, 415, 0], [411, 431, 0], [411, 405, 0]], "type": "Y", "n_corners": 3}, "geometry": {"type": "Point", "coordinates": [18.959156899999993, 47.5621714]}}, {"id": "460", "type": "Feature", "properties": {"x": 4993985.091828013, "y": 2757514.269627343, "bearings": {"460_456_0": 143.39576366144223, "460_466_0": 52.28029188200147, "460_470_0": -45.16179579694249}, "angles": {"460_470_0": 171.44244054161527, "460_466_0": 97.44208767894396, "460_456_0": 91.11547177944075}, "adj_sorted": [[460, 470, 0], [460, 466, 0], [460, 456, 0]], "type": "T", "n_corners": 2}, "geometry": {"type": "Point", "coordinates": [18.9622004, 47.563826800000044]}}, {"id": "466", "type": "Feature", "properties": {"x": 4994012.374463955, "y": 2757560.3425078546, "bearings": {"466_460_0": -114.1241827848817, "466_449_0": 151.33124385974696, "466_518_0": 63.613544742416046}, "angles": {"466_460_0": 94.54457335537131, "466_518_0": 177.73772752729775, "466_449_0": 87.71769911733091}, "adj_sorted": [[466, 460, 0], [466, 518, 0], [466, 449, 0]], "type": "T", "n_corners": 2}, "geometry": {"type": "Point", "coordinates": [18.962632400000007, 47.56420830000001]}}, {"id": "470", "type": "Feature", "properties": {"x": 4994050.120472826, "y": 2757412.109706766, "bearings": {"470_460_0": 122.96323537481277, "470_432_0": -132.21464524851746, "470_472_0": -56.24536441377072}, "angles": {"470_432_0": 104.82211937666978, "470_472_0": 75.96928083474674, "470_460_0": 179.20859978858348}, "adj_sorted": [[470, 432, 0], [470, 472, 0], [470, 460, 0]], "type": "T", "n_corners": 2}, "geometry": {"type": "Point", "coordinates": [18.962899699999987, 47.56284430000003]}}, {"id": "350", "type": "Feature", "properties": {"x": 4993544.449185472, "y": 2757531.885651336, "bearings": {"350_421_0": -21.479800331720348, "350_279_0": 150.72623212009043, "350_333_0": -126.50503631976395, "350_363_0": 56.48566903873832}, "angles": {"350_333_0": 82.76873156014562, "350_421_0": 105.02523598804359, "350_363_0": 77.96546937045866, "350_279_0": 94.24056308135211}, "adj_sorted": [[350, 333, 0], [350, 421, 0], [350, 363, 0], [350, 279, 0]], "type": "X", "n_corners": 4}, "geometry": {"type": "Point", "coordinates": [18.956410299999998, 47.56446329999999]}}, {"id": "405", "type": "Feature", "properties": {"x": 4993746.473254657, "y": 2757320.4957077475, "bearings": {"405_421_0": 57.496358633575625, "405_411_0": -26.99913691015492, "405_383_0": 153.92323741584028, "405_348_0": -134.91348898894205}, "angles": {"405_348_0": 71.16327359521767, "405_411_0": 107.91435207878713, "405_421_0": 84.49549554373054, "405_383_0": 96.42687878226465}, "adj_sorted": [[405, 348, 0], [405, 411, 0], [405, 421, 0], [405, 383, 0]], "type": "X", "n_corners": 4}, "geometry": {"type": "Point", "coordinates": [18.9587482, 47.56235700000005]}}, {"id": "415", "type": "Feature", "properties": {"x": 4993800.567617221, "y": 2757282.7843363816, "bearings": {"415_411_0": 132.74286729740902, "415_432_0": -45.51882280218849, "415_388_0": -136.59408299703637}, "angles": {"415_388_0": 90.66304970555461, "415_432_0": 91.07526019484789, "415_411_0": 178.2616900995975}, "adj_sorted": [[415, 388, 0], [415, 432, 0], [415, 411, 0]], "type": "T", "n_corners": 2}, "geometry": {"type": "Point", "coordinates": [18.9594036, 47.561961600000046]}}, {"id": "301", "type": "Feature", "properties": {"x": 4993361.27382222, "y": 2757801.7239883663, "bearings": {"301_353_0": -23.037593371810665, "301_177_0": 149.41975768351205, "301_279_0": -131.01646853120917}, "angles": {"301_279_0": 79.56377378527878, "301_353_0": 107.97887515939851, "301_177_0": 172.4573510553227}, "adj_sorted": [[301, 279, 0], [301, 353, 0], [301, 177, 0]], "type": "T", "n_corners": 2}, "geometry": {"type": "Point", "coordinates": [18.954412099999992, 47.56707070000001]}}, {"id": "449", "type": "Feature", "properties": {"x": 4993940.214652387, "y": 2757602.6171551677, "bearings": {"449_466_0": -33.56093631213703, "449_461_0": 64.99609034729932, "449_444_0": 105.24831055931666}, "angles": {"449_466_0": 221.1907531285463, "449_461_0": 98.55702665943635, "449_444_0": 40.25222021201735}, "adj_sorted": [[449, 466, 0], [449, 461, 0], [449, 444, 0]], "type": "other", "n_corners": 3}, "geometry": {"type": "Point", "coordinates": [18.961745600000008, 47.56466410000003]}}, {"id": "518", "type": "Feature", "properties": {"x": 4994293.404974943, "y": 2757692.297980835, "bearings": {"518_466_0": -173.59062691407354, "518_530_0": -5.203127329316919, "518_514_0": 75.99645624989417}, "angles": {"518_466_0": 110.41291683603231, "518_530_0": 168.38749958475663, "518_514_0": 81.19958357921108}, "adj_sorted": [[518, 466, 0], [518, 530, 0], [518, 514, 0]], "type": "T", "n_corners": 2}, "geometry": {"type": "Point", "coordinates": [18.966548399999997, 47.565080100000024]}}, {"id": "432", "type": "Feature", "properties": {"x": 4993869.618473493, "y": 2757212.1837897194, "bearings": {"432_470_0": 47.97777154402003, "432_415_0": 134.36059279500518, "432_419_0": -133.86864065473884, "432_446_0": -47.00441562418476}, "angles": {"432_419_0": 91.77076655025598, "432_446_0": 86.86422503055408, "432_470_0": 94.98218716820479, "432_415_0": 86.38282125098515}, "adj_sorted": [[432, 419, 0], [432, 446, 0], [432, 470, 0], [432, 415, 0]], "type": "X", "n_corners": 4}, "geometry": {"type": "Point", "coordinates": [18.9602052, 47.56125640000002]}}, {"id": "472", "type": "Feature", "properties": {"x": 4994056.870870705, "y": 2757401.895910998, "bearings": {"472_470_0": 123.05549110787743, "472_479_0": -56.4789041174411, "472_497_0": 32.78955959798956}, "angles": {"472_479_0": 180.46560477468148, "472_497_0": 89.26846371543066, "472_470_0": 90.26593150988788}, "adj_sorted": [[472, 479, 0], [472, 497, 0], [472, 470, 0]], "type": "T", "n_corners": 2}, "geometry": {"type": "Point", "coordinates": [18.962972900000004, 47.56274580000003]}}, {"id": "279", "type": "Feature", "properties": {"x": 4993269.506294414, "y": 2757723.968374238, "bearings": {"279_350_0": -45.19175109715171, "279_301_0": 36.030691408521086, "279_276_0": -145.44864628505087}, "angles": {"279_276_0": 178.52066230642805, "279_350_0": 100.25689518789916, "279_301_0": 81.2224425056728}, "adj_sorted": [[279, 276, 0], [279, 350, 0], [279, 301, 0]], "type": "T", "n_corners": 2}, "geometry": {"type": "Point", "coordinates": [18.953079399999996, 47.56647650000001]}}, {"id": "276", "type": "Feature", "properties": {"x": 4993257.961847788, "y": 2757716.0188517636, "bearings": {"276_279_0": 34.55135371494913, "276_254_0": -143.99631448984584, "276_226_0": 139.5883590451474}, "angles": {"276_254_0": 76.41532646500673, "276_279_0": 178.54766820479497, "276_226_0": 105.03700533019827}, "adj_sorted": [[276, 254, 0], [276, 279, 0], [276, 226, 0]], "type": "T", "n_corners": 2}, "geometry": {"type": "Point", "coordinates": [18.952914599999996, 47.56641810000002]}}, {"id": "254", "type": "Feature", "properties": {"x": 4993156.455945707, "y": 2757640.9227629933, "bearings": {"254_276_0": 37.611014310686144, "254_237_0": -139.90243474814577, "254_331_0": -43.01128544064285}, "angles": {"254_237_0": 182.4865509411681, "254_331_0": 96.89114930750291, "254_276_0": 80.622299751329}, "adj_sorted": [[254, 237, 0], [254, 331, 0], [254, 276, 0]], "type": "T", "n_corners": 2}, "geometry": {"type": "Point", "coordinates": [18.951457500000004, 47.56585820000001]}}, {"id": "226", "type": "Feature", "properties": {"x": 4993024.613969721, "y": 2757827.9547110135, "bearings": {"226_276_0": -22.17245374092662, "226_199_0": -132.86141925114939, "226_158_0": 158.89733444547468}, "angles": {"226_199_0": 68.24124630337593, "226_276_0": 110.68896551022277, "226_158_0": 181.0697881864013}, "adj_sorted": [[226, 199, 0], [226, 276, 0], [226, 158, 0]], "type": "T", "n_corners": 2}, "geometry": {"type": "Point", "coordinates": [18.950007899999992, 47.5676707]}}, {"id": "333", "type": "Feature", "properties": {"x": 4993490.38818614, "y": 2757455.4378269133, "bearings": {"333_350_0": 55.995467779806084, "333_331_0": 151.353700927798, "333_383_0": -28.811642240454145}, "angles": {"333_383_0": 179.83465683174785, "333_350_0": 84.80711002026023, "333_331_0": 95.35823314799191}, "adj_sorted": [[333, 383, 0], [333, 350, 0], [333, 331, 0]], "type": "T", "n_corners": 2}, "geometry": {"type": "Point", "coordinates": [18.955577500000004, 47.56383980000003]}}, {"id": "238", "type": "Feature", "properties": {"x": 4993080.6852867855, "y": 2756514.878105714, "bearings": {"238_241_0": -79.81970096088075, "238_235_0": 99.07826524912633, "238_209_0": -161.0021585862757}, "angles": {"238_209_0": 99.91957616459797, "238_241_0": 81.18245762539495, "238_235_0": 178.8979662100071}, "adj_sorted": [[238, 209, 0], [238, 241, 0], [238, 235, 0]], "type": "T", "n_corners": 2}, "geometry": {"type": "Point", "coordinates": [18.948704799999998, 47.555890700000006]}}, {"id": "257", "type": "Feature", "properties": {"x": 4993183.287841049, "y": 2756138.8163509374, "bearings": {"257_286_0": 18.730158947588222, "257_261_0": -71.1371876530265, "257_253_0": 108.11530898176265}, "angles": {"257_261_0": 180.74750336521083, "257_286_0": 89.86734660061472, "257_253_0": 89.38515003417443}, "adj_sorted": [[257, 261, 0], [257, 286, 0], [257, 253, 0]], "type": "T", "n_corners": 2}, "geometry": {"type": "Point", "coordinates": [18.949474099999993, 47.55242290000003]}}, {"id": "277", "type": "Feature", "properties": {"x": 4993267.114949353, "y": 2756722.327155773, "bearings": {"277_253_0": -104.58597666753451, "277_275_0": 107.15169394255402, "277_322_0": 24.39919828611498}, "angles": {"277_253_0": 148.26232938991149, "277_322_0": 128.9851749536495, "277_275_0": 82.75249565643904}, "adj_sorted": [[277, 253, 0], [277, 322, 0], [277, 275, 0]], "type": "Y", "n_corners": 3}, "geometry": {"type": "Point", "coordinates": [18.9514886, 47.557539600000005]}}, {"id": "235", "type": "Feature", "properties": {"x": 4993071.360536606, "y": 2756605.3739201557, "bearings": {"235_238_0": -89.81956707119592, "235_234_0": 91.82741241337584, "235_185_0": -160.15773795957006}, "angles": {"235_185_0": 108.0148496270541, "235_238_0": 70.33817088837414, "235_234_0": 181.64697948457177}, "adj_sorted": [[235, 185, 0], [235, 238, 0], [235, 234, 0]], "type": "T", "n_corners": 2}, "geometry": {"type": "Point", "coordinates": [18.948722499999995, 47.55670850000002]}}, {"id": "275", "type": "Feature", "properties": {"x": 4993252.503882358, "y": 2756769.6691468405, "bearings": {"275_277_0": -72.84830605744598, "275_269_0": 107.04950118619342, "275_234_0": -158.91762621772196}, "angles": {"275_234_0": 94.03287259608464, "275_277_0": 86.06932016027598, "275_269_0": 179.89780724363942}, "adj_sorted": [[275, 234, 0], [275, 277, 0], [275, 269, 0]], "type": "T", "n_corners": 2}, "geometry": {"type": "Point", "coordinates": [18.951369399999994, 47.557978000000034]}}, {"id": "322", "type": "Feature", "properties": {"x": 4993417.337179749, "y": 2756757.685457703, "bearings": {"322_277_0": 140.04129200536147, "322_324_0": 46.69619901025381, "322_349_0": -51.201771101786214}, "angles": {"322_349_0": 168.7569368928523, "322_324_0": 97.89797011204001, "322_277_0": 93.34509299510766}, "adj_sorted": [[322, 349, 0], [322, 324, 0], [322, 277, 0]], "type": "T", "n_corners": 2}, "geometry": {"type": "Point", "coordinates": [18.953526699999998, 47.55769190000004]}}, {"id": "376", "type": "Feature", "properties": {"x": 4993615.488484147, "y": 2755723.8430753727, "bearings": {"376_371_0": -117.43323549906353, "376_389_0": 64.07302911106824, "376_430_0": -0.4337850642724943}, "angles": {"376_371_0": 178.49373538986822, "376_430_0": 116.99945043479103, "376_389_0": 64.50681417534074}, "adj_sorted": [[376, 371, 0], [376, 430, 0], [376, 389, 0]], "type": "T", "n_corners": 2}, "geometry": {"type": "Point", "coordinates": [18.954533, 47.54824960000003]}}, {"id": "296", "type": "Feature", "properties": {"x": 4993335.532591265, "y": 2756036.9136190456, "bearings": {"296_289_0": 113.99094200586217, "296_294_0": -73.3499142638337, "296_327_0": -34.499914435182674}, "angles": {"296_294_0": 172.65914373030415, "296_327_0": 38.84999982865102, "296_289_0": 148.49085644104485}, "adj_sorted": [[296, 294, 0], [296, 327, 0], [296, 289, 0]], "type": "Y", "n_corners": 2}, "geometry": {"type": "Point", "coordinates": [18.951325100000002, 47.551348000000004]}}, {"id": "430", "type": "Feature", "properties": {"x": 4993859.940955773, "y": 2755721.9922958193, "bearings": {"430_435_0": -81.10607325831108, "430_376_0": 179.5662149357275, "430_441_0": 0.29354994703627013}, "angles": {"430_435_0": 99.32771180596143, "430_441_0": 81.39962320534735, "430_376_0": 179.27266498869122}, "adj_sorted": [[430, 435, 0], [430, 441, 0], [430, 376, 0]], "type": "T", "n_corners": 2}, "geometry": {"type": "Point", "coordinates": [18.957756499999988, 47.5479673]}}, {"id": "441", "type": "Feature", "properties": {"x": 4993897.089884429, "y": 2755722.182626792, "bearings": {"441_433_0": 100.21316902573935, "441_430_0": -179.70645005296373, "441_480_0": -0.07526948310057517}, "angles": {"441_430_0": 80.08038092129692, "441_480_0": 179.63118056986315, "441_433_0": 100.28843850883992}, "adj_sorted": [[441, 430, 0], [441, 480, 0], [441, 433, 0]], "type": "T", "n_corners": 2}, "geometry": {"type": "Point", "coordinates": [18.958247099999998, 47.547928600000056]}}, {"id": "327", "type": "Feature", "properties": {"x": 4993440.967909012, "y": 2756064.0493332585, "bearings": {"327_329_0": 20.786501639589936, "327_296_0": -143.88538330741832, "327_306_0": -165.34549433609163}, "angles": {"327_306_0": 173.86800402431842, "327_296_0": 21.46011102867331, "327_329_0": 164.67188494700827}, "adj_sorted": [[327, 306, 0], [327, 296, 0], [327, 329, 0]], "type": "Y", "n_corners": 2}, "geometry": {"type": "Point", "coordinates": [18.952759000000004, 47.551475600000046]}}, {"id": "108", "type": "Feature", "properties": {"x": 4992516.854048611, "y": 2756706.464417425, "bearings": {"108_109_0": -81.97174177457757, "108_107_0": 113.5396822254134, "108_116_0": 13.509008250979635}, "angles": {"108_109_0": 164.48857600000903, "108_116_0": 95.4807500255572, "108_107_0": 100.03067397443377}, "adj_sorted": [[108, 109, 0], [108, 116, 0], [108, 107, 0]], "type": "Y", "n_corners": 3}, "geometry": {"type": "Point", "coordinates": [18.941559699999992, 47.55821289999999]}}, {"id": "107", "type": "Feature", "properties": {"x": 4992516.036307144, "y": 2756782.555018643, "bearings": {"107_108_0": -91.38625089445046, "107_130_0": -1.980113809360313, "107_69_0": 178.92207242526288, "107_149_0": 70.08498442375713}, "angles": {"107_108_0": 89.69167668028666, "107_130_0": 89.40613708509014, "107_149_0": 72.06509823311745, "107_69_0": 108.83708800150575}, "adj_sorted": [[107, 108, 0], [107, 130, 0], [107, 149, 0], [107, 69, 0]], "type": "other", "n_corners": 4}, "geometry": {"type": "Point", "coordinates": [18.941667199999994, 47.55889289999999]}}, {"id": "73", "type": "Feature", "properties": {"x": 4992344.7128161965, "y": 2756713.0145576335, "bearings": {"73_83_0": -55.048827763482834, "73_62_0": -143.7469069742798, "73_69_0": 117.83653113708219}, "angles": {"73_62_0": 98.416561888638, "73_83_0": 88.69807921079696, "73_69_0": 172.88535890056502}, "adj_sorted": [[73, 62, 0], [73, 83, 0], [73, 69, 0]], "type": "T", "n_corners": 2}, "geometry": {"type": "Point", "coordinates": [18.939297399999997, 47.55845820000004]}}, {"id": "69", "type": "Feature", "properties": {"x": 4992337.267316562, "y": 2756742.5402951874, "bearings": {"69_107_0": 27.166619307050563, "69_73_0": -81.04485634226525, "69_29_0": -160.77892128639851, "69_70_0": 92.30556652989777}, "angles": {"69_29_0": 106.9155121837037, "69_73_0": 79.73406494413327, "69_107_0": 108.21147564931582, "69_70_0": 65.13894722284721}, "adj_sorted": [[69, 29, 0], [69, 73, 0], [69, 107, 0], [69, 70, 0]], "type": "X", "n_corners": 4}, "geometry": {"type": "Point", "coordinates": [18.939244999999996, 47.55872980000004]}}, {"id": "70", "type": "Feature", "properties": {"x": 4992339.056749853, "y": 2756765.5587807936, "bearings": {"70_69_0": -101.32394773300248, "70_63_0": 128.68211083457354, "70_96_0": 74.33209919824534}, "angles": {"70_69_0": 129.99394143242398, "70_96_0": 175.65604693124783, "70_63_0": 54.35001163632819}, "adj_sorted": [[70, 69, 0], [70, 96, 0], [70, 63, 0]], "type": "Y", "n_corners": 2}, "geometry": {"type": "Point", "coordinates": [18.939304400000005, 47.5589333]}}, {"id": "480", "type": "Feature", "properties": {"x": 4994104.244642548, "y": 2755724.7615968366, "bearings": {"480_476_0": 102.07091900805365, "480_486_0": -79.14149928720107, "480_507_0": 1.294034973255329, "480_441_0": -178.9512387470508}, "angles": {"480_441_0": 78.97784224489556, "480_486_0": 99.80973945984974, "480_507_0": 80.43553426045641, "480_476_0": 100.77688403479831}, "adj_sorted": [[480, 441, 0], [480, 486, 0], [480, 507, 0], [480, 476, 0]], "type": "X", "n_corners": 4}, "geometry": {"type": "Point", "coordinates": [18.9609852, 47.547726299999994]}}, {"id": "543", "type": "Feature", "properties": {"x": 4994386.023796257, "y": 2755745.5794768375, "bearings": {"543_542_0": -86.87293227620849, "543_541_0": 96.29339154820599, "543_574_0": -22.488204303041716}, "angles": {"543_542_0": 176.83367617558554, "543_574_0": 64.38472797316678, "543_541_0": 118.7815958512477}, "adj_sorted": [[543, 542, 0], [543, 574, 0], [543, 541, 0]], "type": "T", "n_corners": 2}, "geometry": {"type": "Point", "coordinates": [18.964736600000002, 47.547605500000024]}}, {"id": "540", "type": "Feature", "properties": {"x": 4994371.493327754, "y": 2755837.659370156, "bearings": {"540_499_0": 168.61116371482305, "540_541_0": -81.23341655042374, "540_536_0": 97.97088081981794, "540_580_0": -25.636354719423277}, "angles": {"540_541_0": 110.1554197347532, "540_580_0": 55.59706183100046, "540_536_0": 123.60723553924122, "540_499_0": 70.64028289500511}, "adj_sorted": [[540, 541, 0], [540, 580, 0], [540, 536, 0], [540, 499, 0]], "type": "X", "n_corners": 4}, "geometry": {"type": "Point", "coordinates": [18.964688299999995, 47.54844310000004]}}, {"id": "536", "type": "Feature", "properties": {"x": 4994367.5059113, "y": 2755862.641752581, "bearings": {"536_532_0": 107.39902883336745, "536_540_0": -78.34625532495559, "536_583_0": 14.734207326365974}, "angles": {"536_540_0": 174.25471584167695, "536_583_0": 93.08046265132157, "536_532_0": 92.66482150700148}, "adj_sorted": [[536, 540, 0], [536, 583, 0], [536, 532, 0]], "type": "T", "n_corners": 2}, "geometry": {"type": "Point", "coordinates": [18.9646746, 47.548670400000034]}}, {"id": "602", "type": "Feature", "properties": {"x": 4994812.039906011, "y": 2756133.929841007, "bearings": {"602_599_0": -121.64018884847879, "602_595_0": 138.59329483251187, "602_606_0": 48.359242331253}, "angles": {"602_599_0": 99.76651631900933, "602_606_0": 169.9994311797318, "602_595_0": 90.23405250125887}, "adj_sorted": [[602, 599, 0], [602, 606, 0], [602, 595, 0]], "type": "T", "n_corners": 2}, "geometry": {"type": "Point", "coordinates": [18.970964699999993, 47.550607600000056]}}, {"id": "575", "type": "Feature", "properties": {"x": 4994537.315952385, "y": 2756177.065454433, "bearings": {"575_599_0": -38.933242065609285, "575_554_0": -136.54218624852277, "575_568_0": 139.86070841079325}, "angles": {"575_554_0": 83.59710534068398, "575_599_0": 97.60894418291349, "575_568_0": 178.79395047640253}, "adj_sorted": [[575, 554, 0], [575, 599, 0], [575, 568, 0]], "type": "T", "n_corners": 2}, "geometry": {"type": "Point", "coordinates": [18.967405900000003, 47.55129170000004]}}, {"id": "595", "type": "Feature", "properties": {"x": 4994694.813024098, "y": 2756233.827056433, "bearings": {"595_602_0": -38.38096302377997, "595_590_0": 142.28746241376103, "595_598_0": 77.2211638503151}, "angles": {"595_602_0": 179.331574562459, "595_598_0": 115.60212687409506, "595_590_0": 65.06629856344594}, "adj_sorted": [[595, 602, 0], [595, 598, 0], [595, 590, 0]], "type": "T", "n_corners": 2}, "geometry": {"type": "Point", "coordinates": [18.969573200000003, 47.55162680000001]}}, {"id": "568", "type": "Feature", "properties": {"x": 4994500.377476172, "y": 2756208.2138581555, "bearings": {"568_575_0": -40.13929158920677, "568_558_0": 133.16574871038895, "568_586_0": -5.270162091627029}, "angles": {"568_575_0": 186.69495970040427, "568_586_0": 34.86912949757974, "568_558_0": 138.435910802016}, "adj_sorted": [[568, 575, 0], [568, 586, 0], [568, 558, 0]], "type": "Y", "n_corners": 2}, "geometry": {"type": "Point", "coordinates": [18.966966899999996, 47.551609900000024]}}, {"id": "527", "type": "Feature", "properties": {"x": 4994341.701672639, "y": 2756238.5554698138, "bearings": {"527_550_0": 39.2379410535173, "527_516_0": -144.18846377644905, "527_544_0": -52.70238035391064}, "angles": {"527_516_0": 176.57359517003366, "527_544_0": 91.48608342253841, "527_550_0": 91.94032140742794}, "adj_sorted": [[527, 516, 0], [527, 544, 0], [527, 550, 0]], "type": "T", "n_corners": 2}, "geometry": {"type": "Point", "coordinates": [18.964919799999997, 47.55205340000003]}}, {"id": "477", "type": "Feature", "properties": {"x": 4994092.028296084, "y": 2756360.8473257497, "bearings": {"477_495_0": -38.641922145673114, "477_436_0": -159.26083779433355, "477_492_0": 83.82540136449086, "477_462_0": 140.84266260419275}, "angles": {"477_436_0": 59.89649960147369, "477_495_0": 120.61891564866045, "477_492_0": 122.46732351016396, "477_462_0": 57.017261239701895}, "adj_sorted": [[477, 436, 0], [477, 495, 0], [477, 492, 0], [477, 462, 0]], "type": "other", "n_corners": 4}, "geometry": {"type": "Point", "coordinates": [18.961814799999996, 47.553416500000054]}}, {"id": "462", "type": "Feature", "properties": {"x": 4993999.229087896, "y": 2756436.417522032, "bearings": {"462_477_0": -39.15733739580726, "462_423_0": -152.81272020702596, "462_443_0": 140.75251990940822, "462_473_0": 100.13163588779446}, "angles": {"462_423_0": 66.43475988356579, "462_477_0": 113.6553828112187, "462_473_0": 139.2889732836017, "462_443_0": 40.62088402161376}, "adj_sorted": [[462, 423, 0], [462, 477, 0], [462, 473, 0], [462, 443, 0]], "type": "other", "n_corners": 4}, "geometry": {"type": "Point", "coordinates": [18.960707599999992, 47.55419190000005]}}, {"id": "558", "type": "Feature", "properties": {"x": 4994456.996538019, "y": 2756254.465241422, "bearings": {"558_550_0": 131.31646696998962, "558_544_0": -133.15850870025236, "558_568_0": -46.83425128961107, "558_572_0": 44.128430593735395}, "angles": {"558_544_0": 95.52502432975803, "558_568_0": 86.32425741064128, "558_572_0": 90.96268188334646, "558_550_0": 87.18803637625422}, "adj_sorted": [[558, 544, 0], [558, 568, 0], [558, 572, 0], [558, 550, 0]], "type": "X", "n_corners": 4}, "geometry": {"type": "Point", "coordinates": [18.9664664, 47.55206990000003]}}, {"id": "1121", "type": "Feature", "properties": {"x": 4999269.784872936, "y": 2752197.7513222555, "bearings": {"1121_1138_0": -33.83165721990221, "1121_1111_0": -107.50877634672962, "1121_1098_0": 122.16130671917571}, "angles": {"1121_1111_0": 130.32991693409468, "1121_1138_0": 73.6771191268274, "1121_1098_0": 155.99296393907792}, "adj_sorted": [[1121, 1111, 0], [1121, 1138, 0], [1121, 1098, 0]], "type": "Y", "n_corners": 3}, "geometry": {"type": "Point", "coordinates": [19.0236246, 47.510611500000024]}}, {"id": "1111", "type": "Feature", "properties": {"x": 4999232.380303114, "y": 2752131.1585848574, "bearings": {"1111_1108_0": -120.8087566773663, "1111_1121_0": 59.16385886461332, "1111_1098_0": 149.16747731188573}, "angles": {"1111_1108_0": 90.02376601074798, "1111_1121_0": 179.97261554197962, "1111_1098_0": 90.00361844727242}, "adj_sorted": [[1111, 1108, 0], [1111, 1121, 0], [1111, 1098, 0]], "type": "T", "n_corners": 2}, "geometry": {"type": "Point", "coordinates": [19.023027000000003, 47.5100582]}}, {"id": "1098", "type": "Feature", "properties": {"x": 4999171.308736744, "y": 2752287.5600969647, "bearings": {"1098_1121_0": -41.93533839357327, "1098_1111_0": -123.92765738282596, "1098_1096_0": 135.991037711451}, "angles": {"1098_1111_0": 100.08130490572302, "1098_1121_0": 81.99231898925268, "1098_1096_0": 177.92637610502427}, "adj_sorted": [[1098, 1111, 0], [1098, 1121, 0], [1098, 1096, 0]], "type": "T", "n_corners": 2}, "geometry": {"type": "Point", "coordinates": [19.022466600000005, 47.51152080000004]}}, {"id": "1031", "type": "Feature", "properties": {"x": 4998708.70842782, "y": 2752728.8134090225, "bearings": {"1031_1049_0": -41.198541481700836, "1031_1036_0": 53.85657291852239, "1031_1022_0": 138.5171934065389, "1031_1007_0": -133.18091036875023}, "angles": {"1031_1007_0": 88.30189622471084, "1031_1049_0": 91.9823688870494, "1031_1036_0": 95.05511440022323, "1031_1022_0": 84.6606204880165}, "adj_sorted": [[1031, 1007, 0], [1031, 1049, 0], [1031, 1036, 0], [1031, 1022, 0]], "type": "X", "n_corners": 4}, "geometry": {"type": "Point", "coordinates": [19.0170566, 47.51596500000005]}}, {"id": "1036", "type": "Feature", "properties": {"x": 4998760.498283254, "y": 2752799.722071568, "bearings": {"1036_1054_0": -31.43383497128696, "1036_1031_0": -126.14342708147763, "1036_1024_0": 145.70345863020663}, "angles": {"1036_1031_0": 88.15311428831575, "1036_1054_0": 94.70959211019067, "1036_1024_0": 177.13729360149358}, "adj_sorted": [[1036, 1031, 0], [1036, 1054, 0], [1036, 1024, 0]], "type": "T", "n_corners": 2}, "geometry": {"type": "Point", "coordinates": [19.017850699999997, 47.516541100000005]}}, {"id": "1022", "type": "Feature", "properties": {"x": 4998632.325056525, "y": 2752817.8767117662, "bearings": {"1022_1031_0": -53.25873863641192, "1022_1024_0": 55.691500305790626, "1022_1012_0": 128.4440171537154}, "angles": {"1022_1031_0": 178.29724420987267, "1022_1024_0": 108.95023894220255, "1022_1012_0": 72.75251684792478}, "adj_sorted": [[1022, 1031, 0], [1022, 1024, 0], [1022, 1012, 0]], "type": "T", "n_corners": 2}, "geometry": {"type": "Point", "coordinates": [19.016188599999996, 47.51684340000001]}}, {"id": "1007", "type": "Feature", "properties": {"x": 4998572.405114838, "y": 2752583.568177469, "bearings": {"1007_1031_0": 46.819089631249774, "1007_1029_0": -50.26735919066842, "1007_1005_0": 132.75582534708033}, "angles": {"1007_1029_0": 176.97681546225124, "1007_1031_0": 97.0864488219182, "1007_1005_0": 85.93673571583057}, "adj_sorted": [[1007, 1029, 0], [1007, 1031, 0], [1007, 1005, 0]], "type": "T", "n_corners": 2}, "geometry": {"type": "Point", "coordinates": [19.0150315, 47.51481800000003]}}, {"id": "1024", "type": "Feature", "properties": {"x": 4998664.577817591, "y": 2752865.1424278757, "bearings": {"1024_1036_0": -34.29529674270664, "1024_1022_0": -124.30849969420939, "1024_1030_0": 62.575988505229475}, "angles": {"1024_1022_0": 173.11551180056114, "1024_1036_0": 90.01320295150275, "1024_1030_0": 96.87128524793611}, "adj_sorted": [[1024, 1022, 0], [1024, 1036, 0], [1024, 1030, 0]], "type": "T", "n_corners": 2}, "geometry": {"type": "Point", "coordinates": [19.016687999999995, 47.51722989999999]}}, {"id": "1012", "type": "Feature", "properties": {"x": 4998600.053491487, "y": 2752858.529097397, "bearings": {"1012_1022_0": -51.555982846284614, "1012_997_0": -127.98654474303981, "1012_998_0": 127.15729536711285}, "angles": {"1012_997_0": 104.85615988984733, "1012_1022_0": 76.4305618967552, "1012_998_0": 178.71327821339747}, "adj_sorted": [[1012, 997, 0], [1012, 1022, 0], [1012, 998, 0]], "type": "T", "n_corners": 2}, "geometry": {"type": "Point", "coordinates": [19.015826600000004, 47.51724150000005]}}, {"id": "1029", "type": "Feature", "properties": {"x": 4998694.8694131235, "y": 2752436.226502243, "bearings": {"1029_1007_0": 129.73293769114247, "1029_1032_0": -47.84674921331369, "1029_1033_0": 43.6880362502264}, "angles": {"1029_1032_0": 182.42031309554383, "1029_1033_0": 91.53478546354009, "1029_1007_0": 86.04490144091606}, "adj_sorted": [[1029, 1032, 0], [1029, 1033, 0], [1029, 1007, 0]], "type": "T", "n_corners": 2}, "geometry": {"type": "Point", "coordinates": [19.016415999999996, 47.513369100000034]}}, {"id": "1005", "type": "Feature", "properties": {"x": 4998544.395346033, "y": 2752613.862794824, "bearings": {"1005_1007_0": -47.24417465291967, "1005_997_0": 130.87734852443572, "1005_999_0": -165.93602709620646}, "angles": {"1005_999_0": 63.186624379357795, "1005_1007_0": 118.69185244328679, "1005_997_0": 178.12152317735539}, "adj_sorted": [[1005, 999, 0], [1005, 1007, 0], [1005, 997, 0]], "type": "T", "n_corners": 2}, "geometry": {"type": "Point", "coordinates": [19.014709500000002, 47.515119000000006]}}, {"id": "1096", "type": "Feature", "properties": {"x": 4999163.85679435, "y": 2752294.758607096, "bearings": {"1096_1116_0": 54.190105910248114, "1096_1070_0": 137.08899640650066, "1096_1098_0": -44.008962288548986}, "angles": {"1096_1098_0": 178.90204130495036, "1096_1116_0": 98.19906819879711, "1096_1070_0": 82.89889049625253}, "adj_sorted": [[1096, 1098, 0], [1096, 1116, 0], [1096, 1070, 0]], "type": "T", "n_corners": 2}, "geometry": {"type": "Point", "coordinates": [19.022379600000004, 47.51159320000002]}}, {"id": "1030", "type": "Feature", "properties": {"x": 4998707.157133937, "y": 2752947.2698915848, "bearings": {"1030_1024_0": -117.14121731483306, "1030_998_0": 167.36726667687083, "1030_1035_0": -21.320154603127573}, "angles": {"1030_1024_0": 75.49151600829612, "1030_1035_0": 95.82106271170548, "1030_998_0": 188.6874212799984}, "adj_sorted": [[1030, 1024, 0], [1030, 1035, 0], [1030, 998, 0]], "type": "T", "n_corners": 2}, "geometry": {"type": "Point", "coordinates": [19.017378200000003, 47.51791620000003]}}, {"id": "997", "type": "Feature", "properties": {"x": 4998473.213638833, "y": 2752696.1028804663, "bearings": {"997_1012_0": 52.0134552569602, "997_1005_0": -49.1226514755643, "997_987_0": 132.60006646406387}, "angles": {"997_1005_0": 178.27728206037182, "997_1012_0": 101.1361067325245, "997_987_0": 80.58661120710367}, "adj_sorted": [[997, 1005, 0], [997, 1012, 0], [997, 987, 0]], "type": "T", "n_corners": 2}, "geometry": {"type": "Point", "coordinates": [19.013899400000003, 47.51593080000002]}}, {"id": "998", "type": "Feature", "properties": {"x": 4998483.010111775, "y": 2752984.539619091, "bearings": {"998_1012_0": -101.67669159625935, "998_1030_0": -13.17983712402967, "998_995_0": 167.03407865388652}, "angles": {"998_1012_0": 91.28922974985414, "998_1030_0": 88.49685447222967, "998_995_0": 180.21391577791618}, "adj_sorted": [[998, 1012, 0], [998, 1030, 0], [998, 995, 0]], "type": "T", "n_corners": 2}, "geometry": {"type": "Point", "coordinates": [19.01448009999999, 47.51849409999999]}}, {"id": "1035", "type": "Feature", "properties": {"x": 4998743.290211779, "y": 2752933.167548797, "bearings": {"1035_1065_0": 63.21280041900258, "1035_1063_0": -22.901588600959865, "1035_1030_0": 158.67984539687245}, "angles": {"1035_1063_0": 178.4185660021677, "1035_1065_0": 86.11438901996245, "1035_1030_0": 95.46704497786988}, "adj_sorted": [[1035, 1063, 0], [1035, 1065, 0], [1035, 1030, 0]], "type": "T", "n_corners": 2}, "geometry": {"type": "Point", "coordinates": [19.0178327, 47.5177508]}}, {"id": "987", "type": "Feature", "properties": {"x": 4998420.041614201, "y": 2752753.926888225, "bearings": {"987_973_0": 133.0892190693079, "987_997_0": -47.39993353593615, "987_974_0": -123.16466442032132}, "angles": {"987_974_0": 103.74611651037083, "987_997_0": 75.76473088438516, "987_973_0": 180.48915260524404}, "adj_sorted": [[987, 974, 0], [987, 997, 0], [987, 973, 0]], "type": "T", "n_corners": 2}, "geometry": {"type": "Point", "coordinates": [19.013288599999992, 47.51650500000002]}}, {"id": "995", "type": "Feature", "properties": {"x": 4998466.337565705, "y": 2752988.3783359462, "bearings": {"995_978_0": 168.24636389987631, "995_998_0": -12.965921346113479, "995_992_0": -119.91321836337839}, "angles": {"995_992_0": 71.84041773674528, "995_998_0": 106.94729701726492, "995_978_0": 181.2122852459898}, "adj_sorted": [[995, 992, 0], [995, 998, 0], [995, 978, 0]], "type": "T", "n_corners": 2}, "geometry": {"type": "Point", "coordinates": [19.0142662, 47.51854660000002]}}, {"id": "1122", "type": "Feature", "properties": {"x": 4999277.144965468, "y": 2752068.577180503, "bearings": {"1122_1110_0": -133.15951046350827, "1122_1108_0": 135.35408250080894, "1122_1131_0": 45.96843973695308}, "angles": {"1122_1110_0": 91.48640703568276, "1122_1131_0": 179.12795020046136, "1122_1108_0": 89.38564276385586}, "adj_sorted": [[1122, 1110, 0], [1122, 1131, 0], [1122, 1108, 0]], "type": "T", "n_corners": 2}, "geometry": {"type": "Point", "coordinates": [19.023519300000004, 47.50945070000003]}}, {"id": "1118", "type": "Feature", "properties": {"x": 4999265.9172686655, "y": 2752442.9203664702, "bearings": {"1118_1116_0": 177.90312019671768, "1118_1140_0": 3.0171127501993866, "1118_1117_0": 91.1200266557543, "1118_1134_0": -85.44628647776483}, "angles": {"1118_1134_0": 96.65059332551749, "1118_1140_0": 88.46339922796422, "1118_1117_0": 88.10291390555491, "1118_1116_0": 86.78309354096338}, "adj_sorted": [[1118, 1134, 0], [1118, 1140, 0], [1118, 1117, 0], [1118, 1116, 0]], "type": "X", "n_corners": 4}, "geometry": {"type": "Point", "coordinates": [19.023957699999997, 47.512803600000005]}}, {"id": "1140", "type": "Feature", "properties": {"x": 4999410.167513467, "y": 2752445.0854267636, "bearings": {"1140_1174_0": -9.867329142872155, "1140_1118_0": 179.2927971170294, "1140_1134_0": -119.66256506735786}, "angles": {"1140_1134_0": 61.04463781561276, "1140_1174_0": 109.79523592448571, "1140_1118_0": 189.16012625990157}, "adj_sorted": [[1140, 1134, 0], [1140, 1174, 0], [1140, 1118, 0]], "type": "Y", "n_corners": 2}, "geometry": {"type": "Point", "coordinates": [19.025863500000003, 47.51266490000001]}}, {"id": "1134", "type": "Feature", "properties": {"x": 4999370.787660096, "y": 2752375.940261393, "bearings": {"1134_1118_0": 151.8115419247688, "1134_1140_0": 60.33743493264215, "1134_1141_0": -27.90941360453498}, "angles": {"1134_1141_0": 180.27904447069622, "1134_1140_0": 88.24684853717713, "1134_1118_0": 91.47410699212665}, "adj_sorted": [[1134, 1141, 0], [1134, 1140, 0], [1134, 1118, 0]], "type": "T", "n_corners": 2}, "geometry": {"type": "Point", "coordinates": [19.025235800000004, 47.51209099999998]}}, {"id": "1052", "type": "Feature", "properties": {"x": 4998879.861073619, "y": 2752297.2850099523, "bearings": {"1052_1062_0": -32.09296460018543, "1052_1032_0": 145.92523813584427, "1052_1043_0": -125.29872766837741}, "angles": {"1052_1043_0": 88.77603419577832, "1052_1062_0": 93.20576306819197, "1052_1032_0": 178.0182027360297}, "adj_sorted": [[1052, 1043, 0], [1052, 1062, 0], [1052, 1032, 0]], "type": "T", "n_corners": 2}, "geometry": {"type": "Point", "coordinates": [19.01863819999999, 47.51192670000002]}}, {"id": "1032", "type": "Feature", "properties": {"x": 4998725.063641057, "y": 2752402.8722584513, "bearings": {"1032_1029_0": 132.1532507866863, "1032_1052_0": -38.49495078917816, "1032_1026_0": -132.59207826968677}, "angles": {"1032_1026_0": 95.25467094362693, "1032_1052_0": 94.0971274805086, "1032_1029_0": 170.64820157586445}, "adj_sorted": [[1032, 1026, 0], [1032, 1052, 0], [1032, 1029, 0]], "type": "T", "n_corners": 2}, "geometry": {"type": "Point", "coordinates": [19.016762000000003, 47.51303840000005]}}, {"id": "1026", "type": "Feature", "properties": {"x": 4998677.4397854265, "y": 2752348.3092661435, "bearings": {"1026_1032_0": 49.03084916259255, "1026_1043_0": -37.39792296989806, "1026_1018_0": -144.54325174828384}, "angles": {"1026_1018_0": 166.42589908912362, "1026_1043_0": 107.14532877838577, "1026_1032_0": 86.42877213249062}, "adj_sorted": [[1026, 1018, 0], [1026, 1043, 0], [1026, 1032, 0]], "type": "T", "n_corners": 2}, "geometry": {"type": "Point", "coordinates": [19.016048500000004, 47.51260360000002]}}, {"id": "1043", "type": "Feature", "properties": {"x": 4998832.209755351, "y": 2752229.9875790877, "bearings": {"1043_1034_0": -114.13602154577435, "1043_1052_0": 57.70073201586586, "1043_1026_0": 142.60207703010195}, "angles": {"1043_1034_0": 103.26190142412372, "1043_1052_0": 171.83675356164022, "1043_1026_0": 84.90134501423609}, "adj_sorted": [[1043, 1034, 0], [1043, 1052, 0], [1043, 1026, 0]], "type": "T", "n_corners": 2}, "geometry": {"type": "Point", "coordinates": [19.0179044, 47.51137830000003]}}, {"id": "1018", "type": "Feature", "properties": {"x": 4998620.453888932, "y": 2752311.032178891, "bearings": {"1018_1010_0": -122.77096169129685, "1018_989_0": 150.4175181206604, "1018_1026_0": 31.180093079177713}, "angles": {"1018_1010_0": 86.81152018804278, "1018_1026_0": 153.95105477047457, "1018_989_0": 119.23742504148268}, "adj_sorted": [[1018, 1010, 0], [1018, 1026, 0], [1018, 989, 0]], "type": "Y", "n_corners": 3}, "geometry": {"type": "Point", "coordinates": [19.015238600000007, 47.512333300000044]}}, {"id": "999", "type": "Feature", "properties": {"x": 4998496.821045178, "y": 2752548.348165956, "bearings": {"999_1005_0": 60.89383141809511, "999_991_0": -117.89989355458923, "999_974_0": 152.47139008089755}, "angles": {"999_991_0": 89.62871636451325, "999_1005_0": 178.79372497268434, "999_974_0": 91.57755866280243}, "adj_sorted": [[999, 991, 0], [999, 1005, 0], [999, 974, 0]], "type": "T", "n_corners": 2}, "geometry": {"type": "Point", "coordinates": [19.013979500000005, 47.514586400000034]}}, {"id": "991", "type": "Feature", "properties": {"x": 4998444.568731506, "y": 2752451.7028102153, "bearings": {"991_989_0": -119.11817667112517, "991_962_0": 148.75490368342244, "991_999_0": 61.583364091412236}, "angles": {"991_989_0": 92.1269196454524, "991_999_0": 180.7015407625374, "991_962_0": 87.1715395920102}, "adj_sorted": [[991, 989, 0], [991, 999, 0], [991, 962, 0]], "type": "T", "n_corners": 2}, "geometry": {"type": "Point", "coordinates": [19.0131391, 47.51378110000003]}}, {"id": "974", "type": "Feature", "properties": {"x": 4998338.229622673, "y": 2752617.464279028, "bearings": {"974_987_0": 60.69321033185112, "974_999_0": -33.92712806901341, "974_968_0": 146.0829434443351}, "angles": {"974_999_0": 179.9899284866515, "974_987_0": 94.62033840086454, "974_968_0": 85.38973311248397}, "adj_sorted": [[974, 999, 0], [974, 987, 0], [974, 968, 0]], "type": "T", "n_corners": 2}, "geometry": {"type": "Point", "coordinates": [19.011996000000003, 47.515376700000004]}}, {"id": "968", "type": "Feature", "properties": {"x": 4998274.472049705, "y": 2752662.9096069117, "bearings": {"968_962_0": -109.4906210371816, "968_959_0": 162.15957537474276, "968_974_0": -36.66568719247314}, "angles": {"968_962_0": 88.34980358807564, "968_974_0": 72.82493384470845, "968_959_0": 198.8252625672159}, "adj_sorted": [[968, 962, 0], [968, 974, 0], [968, 959, 0]], "type": "other", "n_corners": 3}, "geometry": {"type": "Point", "coordinates": [19.011226199999996, 47.51585200000002]}}, {"id": "1141", "type": "Feature", "properties": {"x": 4999425.591048599, "y": 2752346.809316538, "bearings": {"1141_1159_0": -28.01123036782289, "1141_1134_0": 151.99120884858198, "1141_1143_0": 64.28686027670274}, "angles": {"1141_1159_0": 179.99756078359513, "1141_1143_0": 92.29809064452563, "1141_1134_0": 87.70434857187924}, "adj_sorted": [[1141, 1159, 0], [1141, 1143, 0], [1141, 1134, 0]], "type": "T", "n_corners": 2}, "geometry": {"type": "Point", "coordinates": [19.025912899999998, 47.511771000000024]}}, {"id": "1143", "type": "Feature", "properties": {"x": 4999449.444098912, "y": 2752396.343220278, "bearings": {"1143_1141_0": -115.71313972329726, "1143_1147_0": 61.33625733083847, "1143_1149_0": -27.018045123179384}, "angles": {"1143_1141_0": 182.95060294586426, "1143_1149_0": 88.69509460011787, "1143_1147_0": 88.35430245401785}, "adj_sorted": [[1143, 1141, 0], [1143, 1149, 0], [1143, 1147, 0]], "type": "T", "n_corners": 2}, "geometry": {"type": "Point", "coordinates": [19.0263051, 47.512186900000046]}}, {"id": "879", "type": "Feature", "properties": {"x": 4997830.950544244, "y": 2753472.2885231916, "bearings": {"879_889_0": -48.075643597154375, "879_861_0": 101.43946660242737, "879_866_0": -150.70288693105329}, "angles": {"879_866_0": 107.85764646651933, "879_889_0": 102.62724333389892, "879_861_0": 149.51511019958176}, "adj_sorted": [[879, 866, 0], [879, 889, 0], [879, 861, 0]], "type": "Y", "n_corners": 3}, "geometry": {"type": "Point", "coordinates": [19.006642299999996, 47.523559999999996]}}, {"id": "1040", "type": "Feature", "properties": {"x": 4998812.074063624, "y": 2753939.496453287, "bearings": {"1040_1047_0": -71.87250948697223, "1040_1056_0": 9.070988720394059, "1040_1014_0": -171.43993850248714}, "angles": {"1040_1014_0": 179.4890727771188, "1040_1047_0": 99.5674290155149, "1040_1056_0": 80.94349820736629}, "adj_sorted": [[1040, 1014, 0], [1040, 1047, 0], [1040, 1056, 0]], "type": "T", "n_corners": 2}, "geometry": {"type": "Point", "coordinates": [19.020316299999998, 47.52665590000002]}}, {"id": "861", "type": "Feature", "properties": {"x": 4997731.372257134, "y": 2753578.656145952, "bearings": {"861_865_0": 79.53404547503148, "861_879_0": -21.656791770470722, "861_786_0": 159.63519510788188}, "angles": {"861_879_0": 178.70801312164738, "861_865_0": 101.1908372455022, "861_786_0": 80.10114963285041}, "adj_sorted": [[861, 879, 0], [861, 865, 0], [861, 786, 0]], "type": "T", "n_corners": 2}, "geometry": {"type": "Point", "coordinates": [19.005495099999997, 47.52461810000002]}}, {"id": "864", "type": "Feature", "properties": {"x": 4997746.810090545, "y": 2754838.1090340647, "bearings": {"864_854_0": -75.53473824373991, "864_873_0": 41.67546484815713, "864_828_0": 148.66554365330018}, "angles": {"864_854_0": 135.7997181029599, "864_873_0": 117.21020309189703, "864_828_0": 106.99007880514304}, "adj_sorted": [[864, 854, 0], [864, 873, 0], [864, 828, 0]], "type": "Y", "n_corners": 3}, "geometry": {"type": "Point", "coordinates": [19.0076693, 47.535840700000016]}}, {"id": "830", "type": "Feature", "properties": {"x": 4997539.2731048195, "y": 2754571.079734605, "bearings": {"830_854_0": 40.46611437704872, "830_825_0": -134.26610085754368, "830_822_0": 124.83278920592578}, "angles": {"830_825_0": 100.90110993653053, "830_854_0": 174.7322152345924, "830_822_0": 84.36667482887705}, "adj_sorted": [[830, 825, 0], [830, 854, 0], [830, 822, 0]], "type": "T", "n_corners": 2}, "geometry": {"type": "Point", "coordinates": [19.0045132, 47.53368460000002]}}, {"id": "855", "type": "Feature", "properties": {"x": 4997693.168064584, "y": 2754579.1517767957, "bearings": {"855_802_0": -149.61106666812412, "855_872_0": 9.194106919332917, "855_825_0": -171.68358995374095}, "angles": {"855_825_0": 179.12230312692614, "855_802_0": 22.072523285616825, "855_872_0": 158.80517358745703}, "adj_sorted": [[855, 825, 0], [855, 802, 0], [855, 872, 0]], "type": "Y", "n_corners": 2}, "geometry": {"type": "Point", "coordinates": [19.00655629999999, 47.53358840000001]}}, {"id": "828", "type": "Feature", "properties": {"x": 4997537.981563146, "y": 2754719.720725329, "bearings": {"828_873_0": 52.313685466054544, "828_864_0": -27.668279859094017, "828_812_0": 138.93214156601027}, "angles": {"828_864_0": 193.3995785748957, "828_873_0": 79.98196532514856, "828_812_0": 86.61845609995572}, "adj_sorted": [[828, 864, 0], [828, 873, 0], [828, 812, 0]], "type": "T", "n_corners": 2}, "geometry": {"type": "Point", "coordinates": [19.004728699999998, 47.53501250000002]}}, {"id": "825", "type": "Feature", "properties": {"x": 4997521.93392732, "y": 2754553.290575159, "bearings": {"825_830_0": 45.73389914245631, "825_855_0": 8.685167077529604, "825_788_0": -159.4515583215808}, "angles": {"825_788_0": 154.81454253596291, "825_855_0": 168.1367253991104, "825_830_0": 37.0487320649267}, "adj_sorted": [[825, 788, 0], [825, 855, 0], [825, 830, 0]], "type": "Y", "n_corners": 2}, "geometry": {"type": "Point", "coordinates": [19.004256600000005, 47.53354480000001]}}, {"id": "788", "type": "Feature", "properties": {"x": 4997285.660855201, "y": 2754478.134124487, "bearings": {"788_825_0": 32.783148255230856, "788_796_0": -68.55879502897635, "788_794_0": 126.01854308208142, "788_776_0": -145.7179078607568}, "angles": {"788_776_0": 88.26354905716175, "788_796_0": 77.15911283178046, "788_825_0": 101.3419432842072, "788_794_0": 93.23539482685057}, "adj_sorted": [[788, 776, 0], [788, 796, 0], [788, 825, 0], [788, 794, 0]], "type": "X", "n_corners": 4}, "geometry": {"type": "Point", "coordinates": [19.001021699999995, 47.53313229999999]}}, {"id": "796", "type": "Feature", "properties": {"x": 4997320.893662791, "y": 2754384.545336949, "bearings": {"796_802_0": -68.29488757091367, "796_788_0": 115.31562946949249, "796_798_0": 62.537643279097324}, "angles": {"796_802_0": 176.38948295959383, "796_798_0": 130.83253085001098, "796_788_0": 52.77798619039517}, "adj_sorted": [[796, 802, 0], [796, 798, 0], [796, 788, 0]], "type": "Y", "n_corners": 2}, "geometry": {"type": "Point", "coordinates": [19.001340199999998, 47.53225860000005]}}, {"id": "786", "type": "Feature", "properties": {"x": 4997269.587998588, "y": 2753627.867021817, "bearings": {"786_764_0": 172.47290007592645, "786_861_0": -1.8484910813235764, "786_791_0": -119.80880807256158}, "angles": {"786_791_0": 67.71829185151199, "786_861_0": 117.960316991238, "786_764_0": 174.32139115725002}, "adj_sorted": [[786, 791, 0], [786, 861, 0], [786, 764, 0]], "type": "T", "n_corners": 2}, "geometry": {"type": "Point", "coordinates": [18.9994803, 47.52556190000001]}}, {"id": "753", "type": "Feature", "properties": {"x": 4996999.358236849, "y": 2754082.576072954, "bearings": {"753_780_0": -16.90477431049269, "753_743_0": 126.15868157250964, "753_727_0": 161.8451743993361}, "angles": {"753_780_0": 181.25005129017123, "753_743_0": 143.06345588300232, "753_727_0": 35.68649282682645}, "adj_sorted": [[753, 780, 0], [753, 743, 0], [753, 727, 0]], "type": "Y", "n_corners": 2}, "geometry": {"type": "Point", "coordinates": [18.996626, 47.529915000000045]}}, {"id": "791", "type": "Feature", "properties": {"x": 4997297.755685054, "y": 2753485.599625919, "bearings": {"791_816_0": -19.817350149780673, "791_786_0": 69.82061904641748, "791_785_0": 155.3194085631319}, "angles": {"791_816_0": 184.86324128708742, "791_786_0": 89.63796919619816, "791_785_0": 85.49878951671442}, "adj_sorted": [[791, 816, 0], [791, 786, 0], [791, 785, 0]], "type": "T", "n_corners": 2}, "geometry": {"type": "Point", "coordinates": [18.999629499999994, 47.52426150000001]}}, {"id": "785", "type": "Feature", "properties": {"x": 4997243.752215708, "y": 2753509.075731283, "bearings": {"785_771_0": -124.64867228686491, "785_764_0": 151.048152214027, "785_791_0": -22.328124912274617}, "angles": {"785_771_0": 84.30317549910808, "785_791_0": 102.32054737459029, "785_764_0": 173.3762771263016}, "adj_sorted": [[785, 771, 0], [785, 791, 0], [785, 764, 0]], "type": "T", "n_corners": 2}, "geometry": {"type": "Point", "coordinates": [18.998953799999992, 47.52453000000003]}}, {"id": "818", "type": "Feature", "properties": {"x": 4997478.81325879, "y": 2753415.735796823, "bearings": {"818_816_0": 161.66007755234014, "818_803_0": 75.94237914610034, "818_832_0": -18.653240936085663}, "angles": {"818_832_0": 179.6866815115742, "818_803_0": 94.595620082186, "818_816_0": 85.7176984062398}, "adj_sorted": [[818, 832, 0], [818, 803, 0], [818, 816, 0]], "type": "T", "n_corners": 2}, "geometry": {"type": "Point", "coordinates": [19.00190870000001, 47.52344020000003]}}, {"id": "832", "type": "Feature", "properties": {"x": 4997560.0812423155, "y": 2753391.028563832, "bearings": {"832_817_0": -115.4463806257764, "832_818_0": 160.02914024638616, "832_850_0": -28.506075432450512}, "angles": {"832_817_0": 84.52447912783742, "832_850_0": 86.94030519332588, "832_818_0": 188.53521567883666}, "adj_sorted": [[832, 817, 0], [832, 850, 0], [832, 818, 0]], "type": "T", "n_corners": 2}, "geometry": {"type": "Point", "coordinates": [19.0029421, 47.52313090000007]}}, {"id": "770", "type": "Feature", "properties": {"x": 4997157.480865078, "y": 2753390.8663376668, "bearings": {"770_771_0": -21.80264135551421, "770_756_0": 159.7275736830276, "770_763_0": -116.06819603962882}, "angles": {"770_763_0": 84.20423027734358, "770_771_0": 94.2655546841146, "770_756_0": 181.53021503854183}, "adj_sorted": [[770, 763, 0], [770, 771, 0], [770, 756, 0]], "type": "T", "n_corners": 2}, "geometry": {"type": "Point", "coordinates": [18.997631, 47.52356930000004]}}, {"id": "850", "type": "Feature", "properties": {"x": 4997677.622550287, "y": 2753326.4359571766, "bearings": {"850_856_0": -32.12965498618375, "850_832_0": 150.15256910642844, "850_851_0": 55.252103182744484}, "angles": {"850_856_0": 177.71777590738782, "850_851_0": 87.38175816892823, "850_832_0": 94.90046592368395}, "adj_sorted": [[850, 856, 0], [850, 851, 0], [850, 832, 0]], "type": "T", "n_corners": 2}, "geometry": {"type": "Point", "coordinates": [19.00439159999999, 47.52242600000003]}}, {"id": "763", "type": "Feature", "properties": {"x": 4997090.722969478, "y": 2753255.403718327, "bearings": {"763_777_0": -35.46552811292585, "763_770_0": 62.48461528200642, "763_755_0": 146.63644060132947}, "angles": {"763_777_0": 177.89803128574468, "763_770_0": 97.95014339493227, "763_755_0": 84.15182531932305}, "adj_sorted": [[763, 777, 0], [763, 770, 0], [763, 755, 0]], "type": "T", "n_corners": 2}, "geometry": {"type": "Point", "coordinates": [18.99653869999999, 47.52243330000001]}}, {"id": "810", "type": "Feature", "properties": {"x": 4997437.487836557, "y": 2752961.2480526934, "bearings": {"810_782_0": -129.20403985822222, "810_799_0": 137.1046190051595, "810_819_0": -47.856981374550024, "810_827_0": 50.46595944517207}, "angles": {"810_782_0": 93.69134113661829, "810_819_0": 81.34705848367219, "810_827_0": 98.32294081972209, "810_799_0": 86.63865955998742}, "adj_sorted": [[810, 782, 0], [810, 819, 0], [810, 827, 0], [810, 799, 0]], "type": "X", "n_corners": 4}, "geometry": {"type": "Point", "coordinates": [19.000653099999997, 47.519429400000035]}}, {"id": "827", "type": "Feature", "properties": {"x": 4997531.7507546935, "y": 2753062.981667733, "bearings": {"827_806_0": 137.02583116513208, "827_836_0": 55.188660002591455, "827_838_0": -39.56075666244396, "827_810_0": -130.37305956474188}, "angles": {"827_810_0": 92.60110927012602, "827_838_0": 90.81230290229792, "827_836_0": 94.74941666503541, "827_806_0": 81.83717116254061}, "adj_sorted": [[827, 810, 0], [827, 838, 0], [827, 836, 0], [827, 806, 0]], "type": "X", "n_corners": 4}, "geometry": {"type": "Point", "coordinates": [19.002055500000004, 47.52023429999999]}}, {"id": "755", "type": "Feature", "properties": {"x": 4997013.800124454, "y": 2753304.1805743896, "bearings": {"755_747_0": 150.1984058541701, "755_763_0": -30.356490697086567, "755_733_0": -130.10856239728173}, "angles": {"755_733_0": 79.69303174854815, "755_763_0": 99.75207170019516, "755_747_0": 180.55489655125666}, "adj_sorted": [[755, 733, 0], [755, 763, 0], [755, 747, 0]], "type": "T", "n_corners": 2}, "geometry": {"type": "Point", "coordinates": [18.9956002, 47.5229526]}}, {"id": "733", "type": "Feature", "properties": {"x": 4996800.462421515, "y": 2753027.3301023096, "bearings": {"733_725_0": 137.69580057483324, "733_755_0": 52.12942268517684, "733_732_0": -126.97316008674738}, "angles": {"733_732_0": 95.33103933841937, "733_755_0": 179.10258277192423, "733_725_0": 85.5663778896564}, "adj_sorted": [[733, 732, 0], [733, 755, 0], [733, 725, 0]], "type": "T", "n_corners": 2}, "geometry": {"type": "Point", "coordinates": [18.992353599999998, 47.52071480000001]}}, {"id": "812", "type": "Feature", "properties": {"x": 4997445.477088718, "y": 2754699.0902306484, "bearings": {"812_828_0": 25.997837614855886, "812_800_0": -155.96670733065486, "812_815_0": -53.598382397600986}, "angles": {"812_800_0": 178.03545505448926, "812_815_0": 102.36832493305387, "812_828_0": 79.59622001245687}, "adj_sorted": [[812, 800, 0], [812, 815, 0], [812, 828, 0]], "type": "T", "n_corners": 2}, "geometry": {"type": "Point", "coordinates": [19.00347590000001, 47.53492949999998]}}, {"id": "794", "type": "Feature", "properties": {"x": 4997310.123937716, "y": 2754607.3260135693, "bearings": {"794_788_0": -109.64125753310465, "794_800_0": 48.9084538495824, "794_783_0": -141.57399897717323}, "angles": {"794_783_0": 169.51754717324437, "794_788_0": 31.932741444068583, "794_800_0": 158.54971138268706}, "adj_sorted": [[794, 783, 0], [794, 788, 0], [794, 800, 0]], "type": "Y", "n_corners": 2}, "geometry": {"type": "Point", "coordinates": [19.001546500000003, 47.53425850000004]}}, {"id": "776", "type": "Feature", "properties": {"x": 4997185.571483272, "y": 2754511.6885870104, "bearings": {"776_788_0": -147.09378508724888, "776_783_0": 36.77920850824299, "776_767_0": 127.71418062854464}, "angles": {"776_788_0": 85.1920342842065, "776_783_0": 183.87299359549186, "776_767_0": 90.93497212030165}, "adj_sorted": [[776, 788, 0], [776, 783, 0], [776, 767, 0]], "type": "T", "n_corners": 2}, "geometry": {"type": "Point", "coordinates": [18.9997536, 47.53354110000002]}}, {"id": "800", "type": "Feature", "properties": {"x": 4997369.201524591, "y": 2754679.0143514955, "bearings": {"800_812_0": -30.813596431409387, "800_794_0": -132.82029018610075, "800_809_0": 68.45536992809664}, "angles": {"800_794_0": 158.7243398858026, "800_812_0": 102.00669375469136, "800_809_0": 99.26896635950604}, "adj_sorted": [[800, 794, 0], [800, 812, 0], [800, 809, 0]], "type": "Y", "n_corners": 3}, "geometry": {"type": "Point", "coordinates": [19.002438100000003, 47.53483370000002]}}, {"id": "783", "type": "Feature", "properties": {"x": 4997236.480623993, "y": 2754549.7446851535, "bearings": {"783_794_0": 37.816287454045714, "783_776_0": -143.220791491757, "783_773_0": 135.87249068211193}, "angles": {"783_776_0": 80.90671782613106, "783_794_0": 181.03707894580273, "783_773_0": 98.05620322806621}, "adj_sorted": [[783, 776, 0], [783, 794, 0], [783, 773, 0]], "type": "T", "n_corners": 2}, "geometry": {"type": "Point", "coordinates": [19.000484799999995, 47.533825100000016]}}, {"id": "809", "type": "Feature", "properties": {"x": 4997436.331454366, "y": 2754812.4127966026, "bearings": {"809_800_0": -117.59542188345274, "809_813_0": 61.954045132459385, "809_797_0": 149.57855189782475}, "angles": {"809_800_0": 92.82602621872252, "809_813_0": 179.54946701591211, "809_797_0": 87.62450676536537}, "adj_sorted": [[809, 800, 0], [809, 813, 0], [809, 797, 0]], "type": "T", "n_corners": 2}, "geometry": {"type": "Point", "coordinates": [19.003532499999995, 47.5359508]}}, {"id": "664", "type": "Feature", "properties": {"x": 4996082.875770912, "y": 2753306.205178436, "bearings": {"664_656_0": -121.92789661792455, "664_669_0": -26.270007517475698, "664_644_0": 144.6250964290623, "664_671_0": 48.70684458692358}, "angles": {"664_656_0": 93.44700695301316, "664_669_0": 95.65788910044884, "664_671_0": 74.97685210439928, "664_644_0": 95.91825184213872}, "adj_sorted": [[664, 656, 0], [664, 669, 0], [664, 671, 0], [664, 644, 0]], "type": "other", "n_corners": 4}, "geometry": {"type": "Point", "coordinates": [18.983322999999995, 47.52398650000005]}}, {"id": "642", "type": "Feature", "properties": {"x": 4995836.177532366, "y": 2753321.9854673417, "bearings": {"642_656_0": -28.527065104423166, "642_644_0": 45.210423647588115, "642_636_0": 151.50409733138372}, "angles": {"642_656_0": 179.9688375641931, "642_644_0": 73.73748875201127, "642_636_0": 106.2936736837956}, "adj_sorted": [[642, 656, 0], [642, 644, 0], [642, 636, 0]], "type": "T", "n_corners": 2}, "geometry": {"type": "Point", "coordinates": [18.980093199999992, 47.52439629999999]}}, {"id": "259", "type": "Feature", "properties": {"x": 4993194.506512294, "y": 2756954.2289415724, "bearings": {"259_267_0": -72.44606367469157, "259_244_0": -162.09871631426424, "259_280_0": 17.38839232904073, "259_250_0": 107.76602027419824}, "angles": {"259_244_0": 90.1352634115375, "259_267_0": 89.65265263957266, "259_280_0": 89.8344560037323, "259_250_0": 90.37762794515751}, "adj_sorted": [[259, 244, 0], [259, 267, 0], [259, 280, 0], [259, 250, 0]], "type": "X", "n_corners": 4}, "geometry": {"type": "Point", "coordinates": [18.950891, 47.55968819999999]}}, {"id": "267", "type": "Feature", "properties": {"x": 4993226.711116584, "y": 2756852.423256836, "bearings": {"267_259_0": 107.55393632530844, "267_269_0": -72.304997496344, "267_249_0": -161.55579991702746}, "angles": {"267_249_0": 90.89026375766412, "267_269_0": 89.25080242068346, "267_259_0": 179.85893382165244}, "adj_sorted": [[267, 249, 0], [267, 269, 0], [267, 259, 0]], "type": "T", "n_corners": 2}, "geometry": {"type": "Point", "coordinates": [18.951157699999996, 47.55874460000005]}}, {"id": "244", "type": "Feature", "properties": {"x": 4993109.108716343, "y": 2756926.644092121, "bearings": {"244_259_0": 17.901283685735777, "244_249_0": -72.09184069655862, "244_222_0": -162.0700071153243, "244_233_0": 107.29415582601138}, "angles": {"244_222_0": 90.63583705866432, "244_249_0": 89.97816641876568, "244_259_0": 89.9931243822944, "244_233_0": 89.3928721402756}, "adj_sorted": [[244, 222, 0], [244, 249, 0], [244, 259, 0], [244, 233, 0]], "type": "X", "n_corners": 4}, "geometry": {"type": "Point", "coordinates": [18.949720699999997, 47.55953480000006]}}, {"id": "280", "type": "Feature", "properties": {"x": 4993275.645589856, "y": 2756979.6383358277, "bearings": {"280_259_0": -162.61160767095927, "280_288_0": -23.982750933639803, "280_274_0": 108.24737476478649, "280_309_0": -72.24355211370776}, "angles": {"280_259_0": 89.14101756425424, "280_309_0": 90.36805555725151, "280_288_0": 48.26080118006796, "280_274_0": 132.2301256984263}, "adj_sorted": [[280, 259, 0], [280, 309, 0], [280, 288, 0], [280, 274, 0]], "type": "other", "n_corners": 4}, "geometry": {"type": "Point", "coordinates": [18.952001700000007, 47.55982679999999]}}, {"id": "250", "type": "Feature", "properties": {"x": 4993144.269333484, "y": 2757111.016441779, "bearings": {"250_259_0": -72.23582586868974, "250_242_0": 108.16990699356792, "250_233_0": -161.96531322288843, "250_262_0": 16.90629158024136}, "angles": {"250_233_0": 89.86477978354367, "250_259_0": 89.72948735419868, "250_262_0": 89.1421174489311, "250_242_0": 91.26361541332656}, "adj_sorted": [[250, 233, 0], [250, 259, 0], [250, 262, 0], [250, 242, 0]], "type": "X", "n_corners": 4}, "geometry": {"type": "Point", "coordinates": [18.950471799999992, 47.5611421]}}, {"id": "269", "type": "Feature", "properties": {"x": 4993237.392288921, "y": 2756818.944639268, "bearings": {"269_275_0": -72.95049881380659, "269_267_0": 107.69500250365601, "269_287_0": 17.43156534265422}, "angles": {"269_275_0": 179.35449868253738, "269_287_0": 90.38206415646081, "269_267_0": 90.26343716100179}, "adj_sorted": [[269, 275, 0], [269, 287, 0], [269, 267, 0]], "type": "T", "n_corners": 2}, "geometry": {"type": "Point", "coordinates": [18.9512466, 47.55843419999998]}}, {"id": "249", "type": "Feature", "properties": {"x": 4993142.200367582, "y": 2756824.2402302762, "bearings": {"249_267_0": 18.43632476100452, "249_244_0": 107.90815930344138, "249_231_0": -161.94707282798416}, "angles": {"249_231_0": 90.14476786857449, "249_267_0": 180.3833975889887, "249_244_0": 89.47183454243685}, "adj_sorted": [[249, 231, 0], [249, 267, 0], [249, 244, 0]], "type": "T", "n_corners": 2}, "geometry": {"type": "Point", "coordinates": [18.9499982, 47.558584900000014]}}, {"id": "231", "type": "Feature", "properties": {"x": 4993050.394551102, "y": 2756794.319053578, "bearings": {"231_249_0": 16.71301032785851, "231_222_0": 103.03796017086079, "231_234_0": -78.08442538072754, "231_164_0": -162.49272136643296}, "angles": {"231_164_0": 94.46931846270627, "231_234_0": 84.40829598570542, "231_249_0": 94.79743570858605, "231_222_0": 86.32494984300227}, "adj_sorted": [[231, 164, 0], [231, 234, 0], [231, 249, 0], [231, 222, 0]], "type": "X", "n_corners": 4}, "geometry": {"type": "Point", "coordinates": [18.948739700000004, 47.55841760000002]}}, {"id": "222", "type": "Feature", "properties": {"x": 4993015.406481732, "y": 2756896.245892984, "bearings": {"222_244_0": 19.52502364031586, "222_231_0": -70.22484439110517, "222_205_0": -162.6627451296722, "222_216_0": 110.24705224576716}, "angles": {"222_205_0": 87.09020262456062, "222_231_0": 92.43790073856704, "222_244_0": 89.74986803142103, "222_216_0": 90.7220286054513}, "adj_sorted": [[222, 205, 0], [222, 231, 0], [222, 244, 0], [222, 216, 0]], "type": "X", "n_corners": 4}, "geometry": {"type": "Point", "coordinates": [18.948436400000002, 47.55936530000002]}}, {"id": "233", "type": "Feature", "properties": {"x": 4993060.2264655335, "y": 2757083.6529966732, "bearings": {"233_244_0": -72.7121039736644, "233_250_0": 18.03468677711157, "233_221_0": 108.55550256525568, "233_212_0": -162.1038136874414}, "angles": {"233_212_0": 89.34068374730293, "233_244_0": 89.391709713777, "233_250_0": 90.74679075077597, "233_221_0": 90.5208157881441}, "adj_sorted": [[233, 212, 0], [233, 244, 0], [233, 250, 0], [233, 221, 0]], "type": "X", "n_corners": 4}, "geometry": {"type": "Point", "coordinates": [18.9493197, 47.56098920000001]}}, {"id": "288", "type": "Feature", "properties": {"x": 4993313.314617526, "y": 2756962.880590701, "bearings": {"288_280_0": 156.01724906636022, "288_300_0": -28.692901929767604, "288_310_0": 45.80009669555356}, "angles": {"288_300_0": 175.28984900387218, "288_310_0": 74.49299862532116, "288_280_0": 110.21715237080666}, "adj_sorted": [[288, 300, 0], [288, 310, 0], [288, 280, 0]], "type": "T", "n_corners": 2}, "geometry": {"type": "Point", "coordinates": [18.952472899999997, 47.559636300000065]}}, {"id": "274", "type": "Feature", "properties": {"x": 4993252.4040329885, "y": 2757050.1314347647, "bearings": {"274_280_0": -71.7526252352135, "274_310_0": 16.132433880174354, "274_266_0": 106.96359247274732}, "angles": {"274_280_0": 181.28378229203918, "274_310_0": 87.88505911538786, "274_266_0": 90.83115859257296}, "adj_sorted": [[274, 280, 0], [274, 310, 0], [274, 266, 0]], "type": "T", "n_corners": 2}, "geometry": {"type": "Point", "coordinates": [18.951804600000003, 47.56048120000002]}}, {"id": "309", "type": "Feature", "properties": {"x": 4993389.764810267, "y": 2756881.847749247, "bearings": {"309_280_0": -136.64030109329295, "309_300_0": 128.98912376259563, "309_325_0": 44.64756917633756, "309_324_0": -58.00162341051872}, "angles": {"309_280_0": 94.3705751441114, "309_324_0": 78.63867768277423, "309_325_0": 102.64919258685629, "309_300_0": 84.34155458625807}, "adj_sorted": [[309, 280, 0], [309, 324, 0], [309, 325, 0], [309, 300, 0]], "type": "X", "n_corners": 4}, "geometry": {"type": "Point", "coordinates": [18.953355999999996, 47.55883000000004]}}, {"id": "242", "type": "Feature", "properties": {"x": 4993096.859222847, "y": 2757242.87075732, "bearings": {"242_250_0": -71.4778533410884, "242_230_0": 106.60231511840581, "242_252_0": 18.94782982477582}, "angles": {"242_250_0": 181.91983154050578, "242_252_0": 90.42568316586423, "242_230_0": 87.65448529362999}, "adj_sorted": [[242, 250, 0], [242, 252, 0], [242, 230, 0]], "type": "T", "n_corners": 2}, "geometry": {"type": "Point", "coordinates": [18.950051099999992, 47.56237040000002]}}, {"id": "234", "type": "Feature", "properties": {"x": 4993068.108279859, "y": 2756698.5921614687, "bearings": {"234_235_0": -86.3395795446412, "234_275_0": 21.005962266563785, "234_231_0": 96.77213270805419, "234_166_0": -159.86922567700654}, "angles": {"234_166_0": 103.3586416149393, "234_235_0": 73.52964613236534, "234_275_0": 107.34554181120498, "234_231_0": 75.7661704414904}, "adj_sorted": [[234, 166, 0], [234, 235, 0], [234, 275, 0], [234, 231, 0]], "type": "X", "n_corners": 4}, "geometry": {"type": "Point", "coordinates": [18.948824599999995, 47.55754400000007]}}, {"id": "164", "type": "Feature", "properties": {"x": 4992797.046247713, "y": 2756713.6932530967, "bearings": {"164_231_0": 17.66985735592097, "164_171_0": -74.29168003392256, "164_159_0": 106.8132906996764, "164_152_0": -161.43856182089814}, "angles": {"164_152_0": 91.74814747942548, "164_171_0": 87.14688178697558, "164_231_0": 91.96153738984353, "164_159_0": 89.14343334375543}, "adj_sorted": [[164, 152, 0], [164, 171, 0], [164, 231, 0], [164, 159, 0]], "type": "X", "n_corners": 4}, "geometry": {"type": "Point", "coordinates": [18.945269800000002, 47.557973200000006]}}, {"id": "159", "type": "Feature", "properties": {"x": 4992766.06870668, "y": 2756816.209868783, "bearings": {"159_164_0": -73.18670930032361, "159_130_0": -161.81387263315503, "159_181_0": 18.150175433026327, "159_149_0": 108.1680140159555}, "angles": {"159_130_0": 90.01811335088945, "159_164_0": 88.62716333283142, "159_181_0": 91.33688473334993, "159_149_0": 90.01783858292919}, "adj_sorted": [[159, 130, 0], [159, 164, 0], [159, 181, 0], [159, 149, 0]], "type": "X", "n_corners": 4}, "geometry": {"type": "Point", "coordinates": [18.945020299999996, 47.558921800000064]}}, {"id": "152", "type": "Feature", "properties": {"x": 4992750.577847863, "y": 2756698.0897176536, "bearings": {"152_164_0": 18.561438179101863, "152_130_0": 149.43778524290573, "152_151_0": -91.96767744274005}, "angles": {"152_151_0": 118.59453731435423, "152_164_0": 110.52911562184192, "152_130_0": 130.87634706380388}, "adj_sorted": [[152, 151, 0], [152, 164, 0], [152, 130, 0]], "type": "Y", "n_corners": 3}, "geometry": {"type": "Point", "coordinates": [18.944632099999996, 47.55788440000002]}}, {"id": "205", "type": "Feature", "properties": {"x": 4992933.3233226985, "y": 2756868.742507552, "bearings": {"205_222_0": 18.57665612718762, "205_181_0": -163.29574261211803, "205_190_0": 108.43310494340245}, "angles": {"205_181_0": 88.27115244447953, "205_222_0": 181.87239873930565, "205_190_0": 89.85644881621484}, "adj_sorted": [[205, 181, 0], [205, 222, 0], [205, 190, 0]], "type": "T", "n_corners": 2}, "geometry": {"type": "Point", "coordinates": [18.947309999999998, 47.55920900000004]}}, {"id": "216", "type": "Feature", "properties": {"x": 4992976.15157952, "y": 2757013.687251431, "bearings": {"216_222_0": -76.08232175266575, "216_190_0": -160.9236966507014, "216_212_0": 104.69549038211225}, "angles": {"216_190_0": 94.38081296718633, "216_222_0": 84.84137489803565, "216_212_0": 180.777812134778}, "adj_sorted": [[216, 190, 0], [216, 222, 0], [216, 212, 0]], "type": "T", "n_corners": 2}, "geometry": {"type": "Point", "coordinates": [18.948100899999993, 47.56045610000006]}}, {"id": "130", "type": "Feature", "properties": {"x": 4992626.4136112165, "y": 2756771.409763236, "bearings": {"130_107_0": 159.84196600579088, "130_159_0": 13.724366599943973, "130_152_0": -30.562214757094257}, "angles": {"130_152_0": 169.59581923711485, "130_159_0": 44.28658135703823, "130_107_0": 146.1175994058469}, "adj_sorted": [[130, 152, 0], [130, 159, 0], [130, 107, 0]], "type": "Y", "n_corners": 2}, "geometry": {"type": "Point", "coordinates": [18.94310700000001, 47.55867360000002]}}, {"id": "181", "type": "Feature", "properties": {"x": 4992850.481289413, "y": 2756843.8819966572, "bearings": {"181_159_0": -161.8498245669737, "181_205_0": 16.704257387881974, "181_170_0": 108.8461685982227}, "angles": {"181_159_0": 89.3040068348036, "181_205_0": 178.55408195485566, "181_170_0": 92.14191121034074}, "adj_sorted": [[181, 159, 0], [181, 205, 0], [181, 170, 0]], "type": "T", "n_corners": 2}, "geometry": {"type": "Point", "coordinates": [18.946177700000003, 47.55907710000005]}}, {"id": "149", "type": "Feature", "properties": {"x": 4992738.23887549, "y": 2756901.014312067, "bearings": {"149_107_0": -153.45837277336204, "149_159_0": -71.8319859840445, "149_147_0": 106.22159819176241}, "angles": {"149_107_0": 100.32002903487557, "149_159_0": 81.62638678931755, "149_147_0": 178.05358417580692}, "adj_sorted": [[149, 107, 0], [149, 159, 0], [149, 147, 0]], "type": "T", "n_corners": 2}, "geometry": {"type": "Point", "coordinates": [18.944784799999994, 47.5597089]}}, {"id": "190", "type": "Feature", "properties": {"x": 4992893.049021916, "y": 2756989.5783721316, "bearings": {"190_205_0": -71.56689505659755, "190_216_0": 17.775324152204462, "190_170_0": -159.95237097278834}, "angles": {"190_170_0": 182.2723048750072, "190_205_0": 88.3854759161908, "190_216_0": 89.342219208802}, "adj_sorted": [[190, 170, 0], [190, 205, 0], [190, 216, 0]], "type": "T", "n_corners": 2}, "geometry": {"type": "Point", "coordinates": [18.9469663, 47.560331199999986]}}, {"id": "212", "type": "Feature", "properties": {"x": 4992966.466821569, "y": 2757050.615194244, "bearings": {"212_233_0": 19.02280271885148, "212_216_0": -75.30450961788776, "212_201_0": 103.49370291338634}, "angles": {"212_216_0": 181.2017874687259, "212_233_0": 94.32731233673924, "212_201_0": 84.47090019453486}, "adj_sorted": [[212, 216, 0], [212, 233, 0], [212, 201, 0]], "type": "T", "n_corners": 2}, "geometry": {"type": "Point", "coordinates": [18.9480305, 47.56079620000004]}}, {"id": "300", "type": "Feature", "properties": {"x": 4993354.573616182, "y": 2756925.3162256014, "bearings": {"300_288_0": 122.77340663021226, "300_309_0": -51.00293479537991, "300_328_0": 45.81665709115739}, "angles": {"300_309_0": 186.22365857440784, "300_328_0": 96.8195918865373, "300_288_0": 76.95674953905487}, "adj_sorted": [[300, 309, 0], [300, 328, 0], [300, 288, 0]], "type": "T", "n_corners": 2}, "geometry": {"type": "Point", "coordinates": [18.9529591, 47.559256200000036]}}, {"id": "310", "type": "Feature", "properties": {"x": 4993391.3810317805, "y": 2757043.055817828, "bearings": {"310_288_0": -134.23190580328227, "310_274_0": 151.73635455582738, "310_316_0": 45.9261163021469}, "angles": {"310_288_0": 74.03173964089035, "310_316_0": 180.15802210542918, "310_274_0": 105.81023825368047}, "adj_sorted": [[310, 288, 0], [310, 316, 0], [310, 274, 0]], "type": "T", "n_corners": 2}, "geometry": {"type": "Point", "coordinates": [18.953628300000002, 47.56026700000002]}}, {"id": "266", "type": "Feature", "properties": {"x": 4993225.620330868, "y": 2757137.88541774, "bearings": {"266_274_0": -73.0259600516896, "266_282_0": 18.29766654396388, "266_258_0": 108.08010176001126}, "angles": {"266_274_0": 178.89393818829916, "266_282_0": 91.32362659565348, "266_258_0": 89.78243521604738}, "adj_sorted": [[266, 274, 0], [266, 282, 0], [266, 258, 0]], "type": "T", "n_corners": 2}, "geometry": {"type": "Point", "coordinates": [18.9515876, 47.56129350000004]}}, {"id": "325", "type": "Feature", "properties": {"x": 4993439.591942355, "y": 2756931.0656399652, "bearings": {"325_309_0": -135.35243082366244, "325_341_0": -45.02262711372119, "325_335_0": 45.89610138734563}, "angles": {"325_309_0": 178.75146778899193, "325_341_0": 90.32980370994125, "325_335_0": 90.91872850106682}, "adj_sorted": [[325, 309, 0], [325, 341, 0], [325, 335, 0]], "type": "T", "n_corners": 2}, "geometry": {"type": "Point", "coordinates": [18.95409039999999, 47.55921509999999]}}, {"id": "324", "type": "Feature", "properties": {"x": 4993436.997009261, "y": 2756778.5451892917, "bearings": {"324_322_0": -133.30380098974618, "324_309_0": 139.79790061383508, "324_341_0": 46.3582718535345}, "angles": {"324_322_0": 86.89829839641874, "324_341_0": 179.66207284328067, "324_309_0": 93.4396287603006}, "adj_sorted": [[324, 322, 0], [324, 341, 0], [324, 309, 0]], "type": "T", "n_corners": 2}, "geometry": {"type": "Point", "coordinates": [18.953818700000003, 47.55785670000001]}}, {"id": "328", "type": "Feature", "properties": {"x": 4993453.585972335, "y": 2757027.192107059, "bearings": {"328_300_0": -134.1833429088426, "328_316_0": 137.35512363855153, "328_335_0": -43.9590748310452, "328_348_0": 44.92505017911824}, "angles": {"328_300_0": 88.46153345260586, "328_335_0": 90.2242680777974, "328_348_0": 88.88412501016344, "328_316_0": 92.43007345943329}, "adj_sorted": [[328, 300, 0], [328, 335, 0], [328, 348, 0], [328, 316, 0]], "type": "X", "n_corners": 4}, "geometry": {"type": "Point", "coordinates": [18.954424799999998, 47.56005780000002]}}, {"id": "316", "type": "Feature", "properties": {"x": 4993412.583547631, "y": 2757064.955081994, "bearings": {"316_310_0": -134.0738836978531, "316_328_0": -42.64487636144847, "316_307_0": 110.15879858059141}, "angles": {"316_310_0": 115.76731772155551, "316_328_0": 91.42900733640462, "316_307_0": 152.8036749420399}, "adj_sorted": [[316, 310, 0], [316, 328, 0], [316, 307, 0]], "type": "Y", "n_corners": 3}, "geometry": {"type": "Point", "coordinates": [18.953942299999994, 47.5604394]}}, {"id": "258", "type": "Feature", "properties": {"x": 4993186.493675554, "y": 2757275.2745870505, "bearings": {"258_266_0": -108.52469428072705, "258_263_0": 46.52082133085151, "258_255_0": -165.02220491758004}, "angles": {"258_255_0": 148.45697375156846, "258_266_0": 56.497510636852994, "258_263_0": 155.04551561157857}, "adj_sorted": [[258, 255, 0], [258, 266, 0], [258, 263, 0]], "type": "Y", "n_corners": 3}, "geometry": {"type": "Point", "coordinates": [18.951284900000005, 47.56256220000002]}}, {"id": "341", "type": "Feature", "properties": {"x": 4993512.743148532, "y": 2756857.8566335565, "bearings": {"341_325_0": 134.9773728862788, "341_324_0": -133.68246014252566, "341_352_0": -44.46318259362691, "341_361_0": 46.4702933037258}, "angles": {"341_324_0": 91.34016697119557, "341_352_0": 89.21927754889875, "341_361_0": 90.93347589735271, "341_325_0": 88.50707958255299}, "adj_sorted": [[341, 324, 0], [341, 352, 0], [341, 361, 0], [341, 325, 0]], "type": "X", "n_corners": 4}, "geometry": {"type": "Point", "coordinates": [18.954942099999997, 47.55848220000005]}}, {"id": "335", "type": "Feature", "properties": {"x": 4993494.798374191, "y": 2756987.4605079433, "bearings": {"335_325_0": -134.74569608887828, "335_328_0": 136.05606004367908, "335_339_0": 45.23097643914455}, "angles": {"335_325_0": 89.19824386744267, "335_339_0": 179.97667252802282, "335_328_0": 90.82508360453454}, "adj_sorted": [[335, 325, 0], [335, 339, 0], [335, 328, 0]], "type": "T", "n_corners": 2}, "geometry": {"type": "Point", "coordinates": [18.954907000000006, 47.55965840000005]}}, {"id": "221", "type": "Feature", "properties": {"x": 4993015.087682339, "y": 2757218.1035968233, "bearings": {"221_208_0": 105.36335598927418, "221_233_0": -71.43943086689832, "221_201_0": -161.92790634163055}, "angles": {"221_201_0": 92.70873766909529, "221_233_0": 90.48847547473223, "221_208_0": 176.8027868561725}, "adj_sorted": [[221, 201, 0], [221, 233, 0], [221, 208, 0]], "type": "T", "n_corners": 2}, "geometry": {"type": "Point", "coordinates": [18.948932999999997, 47.56223820000005]}}, {"id": "170", "type": "Feature", "properties": {"x": 4992811.04515372, "y": 2756959.4196285885, "bearings": {"170_181_0": -71.15383140177731, "170_190_0": 20.22921872549343, "170_147_0": -160.17618806902018}, "angles": {"170_147_0": 179.59459320548638, "170_181_0": 89.02235666724287, "170_190_0": 91.38305012727074}, "adj_sorted": [[170, 147, 0], [170, 181, 0], [170, 190, 0]], "type": "T", "n_corners": 2}, "geometry": {"type": "Point", "coordinates": [18.945836800000002, 47.560151100000006]}}, {"id": "201", "type": "Feature", "properties": {"x": 4992924.527358164, "y": 2757188.6601484623, "bearings": {"201_191_0": 109.2574075602318, "201_212_0": -71.09022753673511, "201_221_0": 17.370829766668678}, "angles": {"201_212_0": 179.6523649030331, "201_221_0": 88.46105730340379, "201_191_0": 91.88657779356312}, "adj_sorted": [[201, 212, 0], [201, 221, 0], [201, 191, 0]], "type": "T", "n_corners": 2}, "geometry": {"type": "Point", "coordinates": [18.947691600000002, 47.56207380000004]}}, {"id": "147", "type": "Feature", "properties": {"x": 4992729.990222071, "y": 2756929.366466935, "bearings": {"147_149_0": -73.7784018082376, "147_170_0": 19.659132703906746, "147_131_0": 128.70245848251818}, "angles": {"147_149_0": 157.5191397092442, "147_170_0": 93.43753451214435, "147_131_0": 109.04332577861143}, "adj_sorted": [[147, 149, 0], [147, 170, 0], [147, 131, 0]], "type": "Y", "n_corners": 3}, "geometry": {"type": "Point", "coordinates": [18.94472, 47.559970900000046]}}, {"id": "237", "type": "Feature", "properties": {"x": 4993075.368128585, "y": 2757556.247381538, "bearings": {"237_254_0": 47.30821045060232, "237_228_0": -132.30446592559983, "237_218_0": 134.40059046181221}, "angles": {"237_228_0": 93.29494361258799, "237_254_0": 179.61267637620216, "237_218_0": 87.0923800112099}, "adj_sorted": [[237, 228, 0], [237, 254, 0], [237, 218, 0]], "type": "T", "n_corners": 2}, "geometry": {"type": "Point", "coordinates": [18.950255100000003, 47.56519060000003]}}, {"id": "228", "type": "Feature", "properties": {"x": 4993032.965860565, "y": 2757509.6839871295, "bearings": {"228_237_0": 47.675864162794085, "228_219_0": -122.58477132150557, "228_215_0": 129.47781333804969}, "angles": {"228_219_0": 107.93741534044474, "228_237_0": 170.26063548429966, "228_215_0": 81.8019491752556}, "adj_sorted": [[228, 219, 0], [228, 237, 0], [228, 215, 0]], "type": "T", "n_corners": 2}, "geometry": {"type": "Point", "coordinates": [18.9496228, 47.56482110000002]}}, {"id": "218", "type": "Feature", "properties": {"x": 4992987.748386119, "y": 2757658.8816290977, "bearings": {"218_237_0": -57.59964293063702, "218_197_0": 173.60612976658877, "218_213_0": 118.83918254633419}, "angles": {"218_237_0": 128.79422730277423, "218_213_0": 176.4388254769712, "218_197_0": 54.76694722025458}, "adj_sorted": [[218, 237, 0], [218, 213, 0], [218, 197, 0]], "type": "Y", "n_corners": 2}, "geometry": {"type": "Point", "coordinates": [18.949258000000004, 47.566201799999995]}}, {"id": "331", "type": "Feature", "properties": {"x": 4993467.883674378, "y": 2757467.9683930385, "bearings": {"331_254_0": 150.11137197576036, "331_333_0": -31.73496990771496, "331_314_0": -134.91987948076908}, "angles": {"331_314_0": 74.96874854347055, "331_333_0": 103.18490957305413, "331_254_0": 181.84634188347533}, "adj_sorted": [[331, 314, 0], [331, 333, 0], [331, 254, 0]], "type": "T", "n_corners": 2}, "geometry": {"type": "Point", "coordinates": [18.95529989999999, 47.563976100000026]}}, {"id": "314", "type": "Feature", "properties": {"x": 4993405.5786067825, "y": 2757406.753039779, "bearings": {"314_331_0": 43.82168078938279, "314_351_0": -44.823050778987515, "314_293_0": -133.77059444850673}, "angles": {"314_293_0": 182.4077247621105, "314_351_0": 88.9475436695192, "314_331_0": 88.6447315683703}, "adj_sorted": [[314, 293, 0], [314, 351, 0], [314, 331, 0]], "type": "T", "n_corners": 2}, "geometry": {"type": "Point", "coordinates": [18.954381999999995, 47.56349749999998]}}, {"id": "219", "type": "Feature", "properties": {"x": 4993007.187344016, "y": 2757470.9038616912, "bearings": {"219_208_0": -123.18374120996725, "219_228_0": 56.082479364327575, "219_230_0": -34.91949485995071}, "angles": {"219_208_0": 180.73377942570517, "219_230_0": 88.26424635001655, "219_228_0": 91.00197422427829}, "adj_sorted": [[219, 208, 0], [219, 230, 0], [219, 228, 0]], "type": "T", "n_corners": 2}, "geometry": {"type": "Point", "coordinates": [18.949222099999997, 47.56450300000006]}}, {"id": "215", "type": "Feature", "properties": {"x": 4992973.23778642, "y": 2757582.279505136, "bearings": {"215_228_0": -50.55469539976478, "215_197_0": 129.44169078363265, "215_188_0": -141.45522081944083}, "angles": {"215_188_0": 89.10308839692652, "215_228_0": 90.90052541967604, "215_197_0": 179.99638618339742}, "adj_sorted": [[215, 188, 0], [215, 228, 0], [215, 197, 0]], "type": "T", "n_corners": 2}, "geometry": {"type": "Point", "coordinates": [18.948947199999992, 47.56553390000003]}}, {"id": "197", "type": "Feature", "properties": {"x": 4992907.568884336, "y": 2757662.1076361546, "bearings": {"197_218_0": -1.717284791072581, "197_215_0": -50.55830921636735, "197_183_0": 177.7778186416682}, "angles": {"197_215_0": 131.66387214196445, "197_218_0": 48.84102442529477, "197_183_0": 179.4951034327408}, "adj_sorted": [[197, 215, 0], [197, 218, 0], [197, 183, 0]], "type": "Y", "n_corners": 2}, "geometry": {"type": "Point", "coordinates": [18.948204400000005, 47.566317700000035]}}, {"id": "213", "type": "Feature", "properties": {"x": 4992967.3113311445, "y": 2757685.761069768, "bearings": {"213_218_0": -49.79766420314158, "213_199_0": 128.77730094847155, "213_229_0": 40.23314622874533}, "angles": {"213_218_0": 181.42503484838687, "213_229_0": 90.03081043188692, "213_199_0": 88.54415471972621}, "adj_sorted": [[213, 218, 0], [213, 229, 0], [213, 199, 0]], "type": "T", "n_corners": 2}, "geometry": {"type": "Point", "coordinates": [18.949029999999993, 47.5664639]}}, {"id": "351", "type": "Feature", "properties": {"x": 4993545.643128093, "y": 2757262.231707448, "bearings": {"351_314_0": 133.87767294292905, "351_383_0": 45.965622007579434, "351_330_0": -135.17110224607694}, "angles": {"351_330_0": 90.951224810994, "351_383_0": 181.13672425365638, "351_314_0": 87.91205093534961}, "adj_sorted": [[351, 330, 0], [351, 383, 0], [351, 314, 0]], "type": "T", "n_corners": 2}, "geometry": {"type": "Point", "coordinates": [18.956006099999993, 47.562055399999984]}}, {"id": "293", "type": "Feature", "properties": {"x": 4993325.958440764, "y": 2757324.392997152, "bearings": {"293_314_0": 45.386978172803, "293_272_0": -136.89642277123102, "293_330_0": -45.0862438089971}, "angles": {"293_272_0": 177.716599055966, "293_330_0": 91.81017896223392, "293_314_0": 90.4732219818001}, "adj_sorted": [[293, 272, 0], [293, 330, 0], [293, 314, 0]], "type": "T", "n_corners": 2}, "geometry": {"type": "Point", "coordinates": [18.95320259999999, 47.56284900000003]}}, {"id": "383", "type": "Feature", "properties": {"x": 4993648.384159128, "y": 2757368.4997401205, "bearings": {"383_405_0": -26.07676258415974, "383_333_0": 151.1828436698716, "383_351_0": -134.0321269031553}, "angles": {"383_351_0": 74.7850294269731, "383_405_0": 107.95536431899556, "383_333_0": 177.25960625403135}, "adj_sorted": [[383, 351, 0], [383, 405, 0], [383, 333, 0]], "type": "T", "n_corners": 2}, "geometry": {"type": "Point", "coordinates": [18.957527999999993, 47.56289210000004]}}, {"id": "199", "type": "Feature", "properties": {"x": 4992921.705286676, "y": 2757742.5295893503, "bearings": {"199_226_0": 39.6628503027834, "199_213_0": -51.222699051528465, "199_184_0": -141.5939345005926, "199_158_0": 129.18162485306337}, "angles": {"199_184_0": 89.22444064634402, "199_213_0": 90.37123544906414, "199_226_0": 90.88554935431186, "199_158_0": 89.51877455027997}, "adj_sorted": [[199, 184, 0], [199, 213, 0], [199, 226, 0], [199, 158, 0]], "type": "X", "n_corners": 4}, "geometry": {"type": "Point", "coordinates": [18.94851619999999, 47.567020099999986]}}, {"id": "158", "type": "Feature", "properties": {"x": 4992765.67835477, "y": 2757865.40051483, "bearings": {"158_226_0": 57.6018412582095, "158_199_0": -34.52435444232543, "158_140_0": -124.28822005835843}, "angles": {"158_140_0": 178.10993868343206, "158_199_0": 89.763865616033, "158_226_0": 92.12619570053494}, "adj_sorted": [[158, 140, 0], [158, 199, 0], [158, 226, 0]], "type": "T", "n_corners": 2}, "geometry": {"type": "Point", "coordinates": [18.946647299999995, 47.56828620000002]}}, {"id": "348", "type": "Feature", "properties": {"x": 4993536.868819516, "y": 2757110.2573506604, "bearings": {"348_405_0": 45.08651101105795, "348_328_0": -135.07494982088178, "348_330_0": 133.90320837170736, "348_360_0": -46.69090691660372}, "angles": {"348_328_0": 91.02184180741085, "348_360_0": 88.38404290427806, "348_405_0": 91.77741792766167, "348_330_0": 88.81669736064941}, "adj_sorted": [[348, 328, 0], [348, 360, 0], [348, 405, 0], [348, 330, 0]], "type": "X", "n_corners": 4}, "geometry": {"type": "Point", "coordinates": [18.95565359999999, 47.5607086]}}, {"id": "388", "type": "Feature", "properties": {"x": 4993662.702048672, "y": 2757152.378645201, "bearings": {"388_415_0": 43.40366171714168, "388_360_0": -135.56154272108103, "388_402_0": -45.8726185214372}, "angles": {"388_360_0": 181.0347955617773, "388_402_0": 89.68892419964382, "388_415_0": 89.27628023857888}, "adj_sorted": [[388, 360, 0], [388, 402, 0], [388, 415, 0]], "type": "T", "n_corners": 2}, "geometry": {"type": "Point", "coordinates": [18.957380400000005, 47.56094770000006]}}, {"id": "330", "type": "Feature", "properties": {"x": 4993466.408176532, "y": 2757183.4685865464, "bearings": {"330_351_0": 44.82889775392305, "330_293_0": 134.88798956279112, "330_348_0": -46.09679162829264, "330_307_0": -136.7974837674786}, "angles": {"330_307_0": 88.3145266697303, "330_348_0": 90.70069213918597, "330_351_0": 90.9256893822157, "330_293_0": 90.05909180886806}, "adj_sorted": [[330, 307, 0], [330, 348, 0], [330, 351, 0], [330, 293, 0]], "type": "X", "n_corners": 4}, "geometry": {"type": "Point", "coordinates": [18.9548374, 47.56143860000002]}}, {"id": "360", "type": "Feature", "properties": {"x": 4993576.663478412, "y": 2757068.034239048, "bearings": {"360_348_0": 133.29807749573806, "360_388_0": 44.411218054159306, "360_339_0": -135.57055078866057, "360_407_0": -44.6335877235263}, "angles": {"360_339_0": 91.1313717156014, "360_407_0": 90.93696306513428, "360_388_0": 89.04480577768561, "360_348_0": 88.88685944157875}, "adj_sorted": [[360, 339, 0], [360, 407, 0], [360, 388, 0], [360, 348, 0]], "type": "X", "n_corners": 4}, "geometry": {"type": "Point", "coordinates": [18.956113200000004, 47.560288500000055]}}, {"id": "419", "type": "Feature", "properties": {"x": 4993819.963665103, "y": 2757160.5282527246, "bearings": {"419_432_0": 46.131359345261146, "419_447_0": -46.36164454367485, "419_402_0": -134.89033136911482}, "angles": {"419_402_0": 178.97830928562405, "419_447_0": 88.52868682543996, "419_432_0": 92.49300388893599}, "adj_sorted": [[419, 402, 0], [419, 447, 0], [419, 432, 0]], "type": "T", "n_corners": 2}, "geometry": {"type": "Point", "coordinates": [18.959469200000004, 47.56084940000003]}}, {"id": "446", "type": "Feature", "properties": {"x": 4993920.500799938, "y": 2757157.61074343, "bearings": {"446_432_0": 132.99558437581524, "446_479_0": 44.78519142877833, "446_464_0": -51.1779176394615}, "angles": {"446_464_0": 175.82649798472326, "446_479_0": 95.96310906823983, "446_432_0": 88.21039294703691}, "adj_sorted": [[446, 464, 0], [446, 479, 0], [446, 432, 0]], "type": "T", "n_corners": 2}, "geometry": {"type": "Point", "coordinates": [18.9607919, 47.560714000000054]}}, {"id": "402", "type": "Feature", "properties": {"x": 4993736.280511583, "y": 2757076.5241321744, "bearings": {"402_388_0": 134.1273814785628, "402_419_0": 45.109668630885196, "402_424_0": -45.7118521234598}, "angles": {"402_424_0": 180.1607663979774, "402_419_0": 90.82152075434499, "402_388_0": 89.0177128476776}, "adj_sorted": [[402, 424, 0], [402, 419, 0], [402, 388, 0]], "type": "T", "n_corners": 2}, "geometry": {"type": "Point", "coordinates": [18.9582336, 47.56019070000001]}}, {"id": "479", "type": "Feature", "properties": {"x": 4994100.404751581, "y": 2757336.175979086, "bearings": {"479_472_0": 123.5210958825589, "479_446_0": -135.1754920156617, "479_485_0": -55.931511607433706}, "angles": {"479_446_0": 101.30341210177943, "479_485_0": 79.24398040822798, "479_472_0": 179.4526074899926}, "adj_sorted": [[479, 446, 0], [479, 485, 0], [479, 472, 0]], "type": "T", "n_corners": 2}, "geometry": {"type": "Point", "coordinates": [18.9634452, 47.56211190000007]}}, {"id": "464", "type": "Feature", "properties": {"x": 4994001.32967575, "y": 2757036.792748905, "bearings": {"464_446_0": 108.15432581677305, "464_469_0": -61.30693702458291, "464_483_0": 44.77032686695738, "464_458_0": -136.2685271968252}, "angles": {"464_458_0": 115.57714698640174, "464_469_0": 74.9615901722423, "464_483_0": 106.0772638915403, "464_446_0": 63.38399894981567}, "adj_sorted": [[464, 458, 0], [464, 469, 0], [464, 483, 0], [464, 446, 0]], "type": "X", "n_corners": 4}, "geometry": {"type": "Point", "coordinates": [18.961670699999992, 47.55954780000004]}}, {"id": "447", "type": "Feature", "properties": {"x": 4993926.969384125, "y": 2757048.3116956996, "bearings": {"447_419_0": 133.63835545632517, "447_458_0": -43.77708829669134, "447_424_0": -136.7971658017775}, "angles": {"447_424_0": 89.56447874189735, "447_458_0": 93.02007750508616, "447_419_0": 177.41544375301652}, "adj_sorted": [[447, 424, 0], [447, 458, 0], [447, 419, 0]], "type": "T", "n_corners": 2}, "geometry": {"type": "Point", "coordinates": [18.960706999999996, 47.55973150000001]}}, {"id": "497", "type": "Feature", "properties": {"x": 4994210.781083059, "y": 2757500.9916519234, "bearings": {"497_472_0": -147.22500647265576, "497_511_0": -53.93279533149238, "497_538_0": 33.22604818513749}, "angles": {"497_472_0": 179.54894534220674, "497_511_0": 93.29221114116339, "497_538_0": 87.15884351662987}, "adj_sorted": [[497, 472, 0], [497, 511, 0], [497, 538, 0]], "type": "T", "n_corners": 2}, "geometry": {"type": "Point", "coordinates": [18.965159299999996, 47.56346270000003]}}, {"id": "485", "type": "Feature", "properties": {"x": 4994116.400000267, "y": 2757312.523084717, "bearings": {"485_479_0": 124.0684883925663, "485_511_0": 35.246636888705105, "485_493_0": -56.7598537368115}, "angles": {"485_493_0": 179.1716578706222, "485_511_0": 92.0064906255166, "485_479_0": 88.82185150386118}, "adj_sorted": [[485, 493, 0], [485, 511, 0], [485, 479, 0]], "type": "T", "n_corners": 2}, "geometry": {"type": "Point", "coordinates": [18.963619499999997, 47.56188340000004]}}, {"id": "511", "type": "Feature", "properties": {"x": 4994268.096878547, "y": 2757422.29750068, "bearings": {"511_497_0": 126.06720466850764, "511_485_0": -144.06684232891845, "511_521_0": -55.00277035496462, "511_547_0": 34.886340546151935}, "angles": {"511_485_0": 89.86595300257392, "511_521_0": 89.06407197395384, "511_547_0": 89.88911090111655, "511_497_0": 91.1808641223557}, "adj_sorted": [[511, 485, 0], [511, 521, 0], [511, 547, 0], [511, 497, 0]], "type": "X", "n_corners": 4}, "geometry": {"type": "Point", "coordinates": [18.96579330000001, 47.562698000000005]}}, {"id": "493", "type": "Feature", "properties": {"x": 4994175.6408059755, "y": 2757222.140710591, "bearings": {"493_485_0": 123.24437919764756, "493_494_0": -56.939691016808005, "493_521_0": 36.46946996601757}, "angles": {"493_494_0": 179.81592978554443, "493_521_0": 93.40916098282557, "493_485_0": 86.77490923162999}, "adj_sorted": [[493, 494, 0], [493, 521, 0], [493, 485, 0]], "type": "T", "n_corners": 2}, "geometry": {"type": "Point", "coordinates": [18.9642607, 47.561012300000016]}}, {"id": "538", "type": "Feature", "properties": {"x": 4994369.356341645, "y": 2757604.8633877514, "bearings": {"538_497_0": -146.77395181486253, "538_547_0": -76.51538807832193, "538_537_0": 53.40169184123095}, "angles": {"538_497_0": 159.82435634390652, "538_547_0": 70.2585637365406, "538_537_0": 129.9170799195529}, "adj_sorted": [[538, 497, 0], [538, 547, 0], [538, 537, 0]], "type": "Y", "n_corners": 3}, "geometry": {"type": "Point", "coordinates": [18.967414799999993, 47.564217100000036]}}, {"id": "521", "type": "Feature", "properties": {"x": 4994330.169340668, "y": 2757333.4831987997, "bearings": {"521_511_0": 124.49100791445306, "521_493_0": -144.31350223599566, "521_545_0": -54.42192696163788, "521_561_0": 35.78605330001668}, "angles": {"521_493_0": 91.19548984955128, "521_545_0": 89.89157527435778, "521_561_0": 90.20798026165457, "521_511_0": 88.70495461443639}, "adj_sorted": [[521, 493, 0], [521, 545, 0], [521, 561, 0], [521, 511, 0]], "type": "X", "n_corners": 4}, "geometry": {"type": "Point", "coordinates": [18.966474300000005, 47.56183779999999]}}, {"id": "547", "type": "Feature", "properties": {"x": 4994413.535371141, "y": 2757523.705260229, "bearings": {"547_511_0": -145.11365945384807, "547_538_0": 126.89284147078553, "547_552_0": -55.685018051030106}, "angles": {"547_511_0": 87.9934990753664, "547_552_0": 89.42864140281796, "547_538_0": 182.57785952181564}, "adj_sorted": [[547, 511, 0], [547, 552, 0], [547, 538, 0]], "type": "T", "n_corners": 2}, "geometry": {"type": "Point", "coordinates": [18.9678715, 47.563444700000026]}}, {"id": "494", "type": "Feature", "properties": {"x": 4994180.850467504, "y": 2757214.1369917793, "bearings": {"494_493_0": 123.060308983192, "494_501_0": -56.78759662728805, "494_483_0": -143.4612499863442}, "angles": {"494_483_0": 93.47844103046378, "494_501_0": 86.67365335905615, "494_493_0": 179.84790561048004}, "adj_sorted": [[494, 483, 0], [494, 501, 0], [494, 493, 0]], "type": "T", "n_corners": 2}, "geometry": {"type": "Point", "coordinates": [18.964316999999994, 47.56093520000003]}}, {"id": "469", "type": "Feature", "properties": {"x": 4994047.139122621, "y": 2756964.1225626455, "bearings": {"469_464_0": 125.85532395217498, "469_434_0": -134.55920246507807, "469_482_0": -53.912527099578455, "469_501_0": 45.08600949975604}, "angles": {"469_434_0": 99.58547358274694, "469_482_0": 80.64667536549962, "469_501_0": 98.9985365993345, "469_464_0": 80.76931445241894}, "adj_sorted": [[469, 434, 0], [469, 482, 0], [469, 501, 0], [469, 464, 0]], "type": "X", "n_corners": 4}, "geometry": {"type": "Point", "coordinates": [18.962162200000005, 47.5588494]}}, {"id": "483", "type": "Feature", "properties": {"x": 4994106.875192855, "y": 2757141.495470419, "bearings": {"483_464_0": -135.2296731330426, "483_494_0": 44.98638745709553, "483_471_0": 135.4157183993743}, "angles": {"483_464_0": 89.35460846758309, "483_494_0": 180.21606059013814, "483_471_0": 90.42933094227877}, "adj_sorted": [[483, 464, 0], [483, 494, 0], [483, 471, 0]], "type": "T", "n_corners": 2}, "geometry": {"type": "Point", "coordinates": [18.963227200000002, 47.56036740000003]}}, {"id": "458", "type": "Feature", "properties": {"x": 4993970.13542413, "y": 2757006.9500742275, "bearings": {"458_464_0": 43.7314728031748, "458_447_0": 136.22291170330865, "458_438_0": -134.62672160202976}, "angles": {"458_438_0": 89.15036669466156, "458_464_0": 178.35819440520456, "458_447_0": 92.49143890013386}, "adj_sorted": [[458, 438, 0], [458, 464, 0], [458, 447, 0]], "type": "T", "n_corners": 2}, "geometry": {"type": "Point", "coordinates": [18.961212400000004, 47.5593154]}}, {"id": "263", "type": "Feature", "properties": {"x": 4993209.014389621, "y": 2757286.117776442, "bearings": {"263_258_0": -159.9780228543954, "263_230_0": 137.58068939146267, "263_272_0": -44.49328481870301}, "angles": {"263_258_0": 62.44128775414197, "263_272_0": 115.48473803569237, "263_230_0": 182.0739742101657}, "adj_sorted": [[263, 258, 0], [263, 272, 0], [263, 230, 0]], "type": "T", "n_corners": 2}, "geometry": {"type": "Point", "coordinates": [18.9515991, 47.562634500000016]}}, {"id": "230", "type": "Feature", "properties": {"x": 4993045.558420569, "y": 2757435.821068109, "bearings": {"230_242_0": -98.05740322258093, "230_219_0": 137.37440694517628, "230_263_0": -41.662462924239385}, "angles": {"230_242_0": 124.56818983224281, "230_263_0": 56.394940298341545, "230_219_0": 179.03686986941565}, "adj_sorted": [[230, 242, 0], [230, 263, 0], [230, 219, 0]], "type": "Y", "n_corners": 2}, "geometry": {"type": "Point", "coordinates": [18.949674099999992, 47.56414820000001]}}, {"id": "272", "type": "Feature", "properties": {"x": 4993245.637612163, "y": 2757250.139748589, "bearings": {"272_293_0": 42.66625185912385, "272_263_0": 135.5941228047872, "272_307_0": -48.951063861406624}, "angles": {"272_307_0": 175.4548133338062, "272_293_0": 91.61731572053047, "272_263_0": 92.92787094566334}, "adj_sorted": [[272, 307, 0], [272, 293, 0], [272, 263, 0]], "type": "T", "n_corners": 2}, "geometry": {"type": "Point", "coordinates": [18.95202659999999, 47.562273600000005]}}, {"id": "307", "type": "Feature", "properties": {"x": 4993386.0751886135, "y": 2757108.024250312, "bearings": {"307_316_0": -50.64425178912684, "307_330_0": 43.202516232521376, "307_272_0": 134.63489931068887}, "angles": {"307_316_0": 174.7208489001843, "307_330_0": 93.84676802164822, "307_272_0": 91.43238307816749}, "adj_sorted": [[307, 316, 0], [307, 330, 0], [307, 272, 0]], "type": "T", "n_corners": 2}, "geometry": {"type": "Point", "coordinates": [18.953659399999996, 47.56085260000002]}}, {"id": "349", "type": "Feature", "properties": {"x": 4993541.778858145, "y": 2756681.42365381, "bearings": {"349_322_0": 150.9572352254183, "349_321_0": -163.60342849094508, "349_379_0": -16.260020618616057}, "angles": {"349_321_0": 45.439336283636635, "349_379_0": 147.343407872329, "349_322_0": 167.21725584403436}, "adj_sorted": [[349, 321, 0], [349, 379, 0], [349, 322, 0]], "type": "Y", "n_corners": 2}, "geometry": {"type": "Point", "coordinates": [18.955050699999997, 47.55687600000001]}}, {"id": "382", "type": "Feature", "properties": {"x": 4993643.215064696, "y": 2756626.373141338, "bearings": {"382_379_0": 124.2126885350942, "382_395_0": -42.27950383055292, "382_304_0": -162.84279553834727}, "angles": {"382_304_0": 72.94451592655855, "382_395_0": 120.56329170779435, "382_379_0": 166.49219236564713}, "adj_sorted": [[382, 304, 0], [382, 395, 0], [382, 379, 0]], "type": "Y", "n_corners": 2}, "geometry": {"type": "Point", "coordinates": [18.956304000000003, 47.556274400000056]}}, {"id": "390", "type": "Feature", "properties": {"x": 4993668.528631018, "y": 2756704.237474441, "bearings": {"390_379_0": -137.99558890301685, "390_403_0": -38.36132191440233, "390_378_0": 136.46635581972998, "390_400_0": 46.22288814824101}, "angles": {"390_379_0": 85.53805527725319, "390_403_0": 99.63426698861451, "390_400_0": 84.58421006264334, "390_378_0": 90.24346767148897}, "adj_sorted": [[390, 379, 0], [390, 403, 0], [390, 400, 0], [390, 378, 0]], "type": "X", "n_corners": 4}, "geometry": {"type": "Point", "coordinates": [18.956759399999992, 47.556941800000075]}}, {"id": "395", "type": "Feature", "properties": {"x": 4993712.153123348, "y": 2756563.6893992466, "bearings": {"395_382_0": 137.7204961694471, "395_409_0": 5.255538204290451, "395_369_0": -162.3026031189191}, "angles": {"395_369_0": 59.97690071163379, "395_409_0": 167.55814132320955, "395_382_0": 132.46495796515666}, "adj_sorted": [[395, 369, 0], [395, 409, 0], [395, 382, 0]], "type": "Y", "n_corners": 2}, "geometry": {"type": "Point", "coordinates": [18.957116400000004, 47.55564]}}, {"id": "403", "type": "Feature", "properties": {"x": 4993736.960868454, "y": 2756651.296615489, "bearings": {"403_390_0": 143.5008236296215, "403_418_0": -39.251165311810816, "403_434_0": 44.99790274165071}, "angles": {"403_418_0": 177.2480110585677, "403_434_0": 84.24906805346153, "403_390_0": 98.50292088797079}, "adj_sorted": [[403, 418, 0], [403, 434, 0], [403, 390, 0]], "type": "T", "n_corners": 2}, "geometry": {"type": "Point", "coordinates": [18.957580300000004, 47.55639490000004]}}, {"id": "378", "type": "Feature", "properties": {"x": 4993625.179970987, "y": 2756745.4222207633, "bearings": {"378_390_0": -43.53364418027004, "378_352_0": 134.80981364482727, "378_393_0": 46.19805168510704, "378_356_0": -134.62746010783238}, "angles": {"378_356_0": 90.56272624734038, "378_390_0": 91.09381592756233, "378_393_0": 89.73169586537708, "378_352_0": 88.61176195972024}, "adj_sorted": [[378, 356, 0], [378, 390, 0], [378, 393, 0], [378, 352, 0]], "type": "X", "n_corners": 4}, "geometry": {"type": "Point", "coordinates": [18.956251300000005, 47.5573565]}}, {"id": "400", "type": "Feature", "properties": {"x": 4993732.430182928, "y": 2756770.926704163, "bearings": {"400_390_0": -133.777111851759, "400_393_0": 135.35841175989495, "400_417_0": 44.28405935048298}, "angles": {"400_390_0": 90.86447638834602, "400_417_0": 178.06117120224198, "400_393_0": 91.07435240941197}, "adj_sorted": [[400, 390, 0], [400, 417, 0], [400, 393, 0]], "type": "T", "n_corners": 2}, "geometry": {"type": "Point", "coordinates": [18.9577068, 47.557467499999994]}}, {"id": "305", "type": "Feature", "properties": {"x": 4993379.373325171, "y": 2756365.3590118242, "bearings": {"305_313_0": -75.8739455534896, "305_291_0": 110.82980689375036, "305_292_0": -168.70295667894516, "305_344_0": 17.60108398847383}, "angles": {"305_292_0": 80.4672364273045, "305_313_0": 92.82901112545555, "305_344_0": 93.47502954196344, "305_291_0": 93.22872290527653}, "adj_sorted": [[305, 292, 0], [305, 313, 0], [305, 344, 0], [305, 291, 0]], "type": "X", "n_corners": 4}, "geometry": {"type": "Point", "coordinates": [18.9524149, 47.55423170000001]}}, {"id": "344", "type": "Feature", "properties": {"x": 4993531.003760037, "y": 2756413.462176481, "bearings": {"344_305_0": -162.39891601152615, "344_337_0": 108.24442569599236, "344_359_0": -71.88056486424429, "344_413_0": 18.332353579535397}, "angles": {"344_305_0": 89.35665829248148, "344_359_0": 90.51835114728186, "344_413_0": 90.21291844377969, "344_337_0": 89.91207211645697}, "adj_sorted": [[344, 305, 0], [344, 359, 0], [344, 413, 0], [344, 337, 0]], "type": "X", "n_corners": 4}, "geometry": {"type": "Point", "coordinates": [18.954491299999994, 47.55449620000006]}}, {"id": "337", "type": "Feature", "properties": {"x": 4993503.7323739845, "y": 2756496.192319026, "bearings": {"337_344_0": -71.75557430400764, "337_357_0": 19.06537868097245, "337_308_0": -161.53913998960783}, "angles": {"337_308_0": 179.3954813294197, "337_344_0": 89.7835656856002, "337_357_0": 90.8209529849801}, "adj_sorted": [[337, 308, 0], [337, 344, 0], [337, 357, 0]], "type": "T", "n_corners": 2}, "geometry": {"type": "Point", "coordinates": [18.9542601, 47.55526420000002]}}, {"id": "359", "type": "Feature", "properties": {"x": 4993575.795551319, "y": 2756349.70685374, "bearings": {"359_399_0": 16.484960281024446, "359_313_0": -161.96768287787063, "359_344_0": 169.35024074368434}, "angles": {"359_313_0": 28.682076378445004, "359_399_0": 178.45264315889509, "359_344_0": 152.86528046265988}, "adj_sorted": [[359, 313, 0], [359, 399, 0], [359, 344, 0]], "type": "Y", "n_corners": 2}, "geometry": {"type": "Point", "coordinates": [18.954983300000006, 47.55387850000002]}}, {"id": "413", "type": "Feature", "properties": {"x": 4993790.228343945, "y": 2756499.340928185, "bearings": {"413_344_0": -161.66935225818955, "413_423_0": -68.50386958519404, "413_409_0": 111.49617545891225}, "angles": {"413_344_0": 86.83447228289822, "413_423_0": 93.16548267299551, "413_409_0": 180.0000450441063}, "adj_sorted": [[413, 344, 0], [413, 423, 0], [413, 409, 0]], "type": "T", "n_corners": 2}, "geometry": {"type": "Point", "coordinates": [18.958046800000005, 47.5549808]}}, {"id": "423", "type": "Feature", "properties": {"x": 4993839.117371724, "y": 2756371.603275872, "bearings": {"423_399_0": -157.718060029121, "423_436_0": -68.71037533697094, "423_462_0": 22.782332674085925, "423_413_0": 111.68404813404696}, "angles": {"423_399_0": 90.59789183683205, "423_436_0": 89.00768469215006, "423_462_0": 91.49270801105686, "423_413_0": 88.90171545996104}, "adj_sorted": [[423, 399, 0], [423, 436, 0], [423, 462, 0], [423, 413, 0]], "type": "X", "n_corners": 4}, "geometry": {"type": "Point", "coordinates": [18.9584932, 47.55378760000003]}}, {"id": "409", "type": "Feature", "properties": {"x": 4993771.226560472, "y": 2756547.5813468555, "bearings": {"409_395_0": 141.9223434541356, "409_413_0": -68.49182351660848, "409_418_0": 46.723538889072366}, "angles": {"409_413_0": 149.58583302925592, "409_418_0": 115.21536240568085, "409_395_0": 95.19880456506326}, "adj_sorted": [[409, 413, 0], [409, 418, 0], [409, 395, 0]], "type": "Y", "n_corners": 3}, "geometry": {"type": "Point", "coordinates": [18.95787109999999, 47.55543200000001]}}, {"id": "374", "type": "Feature", "properties": {"x": 4993613.606725489, "y": 2756119.227492287, "bearings": {"374_329_0": -162.66250925804255, "374_381_0": 66.38118317166006, "374_362_0": -114.7995695545862}, "angles": {"374_329_0": 130.95630757029738, "374_362_0": 47.86293970345635, "374_381_0": 181.18075272624625}, "adj_sorted": [[374, 329, 0], [374, 362, 0], [374, 381, 0]], "type": "Y", "n_corners": 2}, "geometry": {"type": "Point", "coordinates": [18.955123599999997, 47.55178040000003]}}, {"id": "622", "type": "Feature", "properties": {"x": 4995281.883656244, "y": 2753651.131275253, "bearings": {"622_636_0": -30.512765388491545, "622_619_0": -124.45515466368558, "622_623_0": 147.62737882506406}, "angles": {"622_619_0": 87.91746651125038, "622_636_0": 93.94238927519403, "622_623_0": 178.1401442135556}, "adj_sorted": [[622, 619, 0], [622, 636, 0], [622, 623, 0]], "type": "T", "n_corners": 2}, "geometry": {"type": "Point", "coordinates": [18.9732939, 47.527937800000025]}}, {"id": "683", "type": "Feature", "properties": {"x": 4996293.172440759, "y": 2753391.045669815, "bearings": {"683_669_0": -127.45139894641693, "683_706_0": -38.68021487779672, "683_671_0": 140.5681156350166}, "angles": {"683_669_0": 91.98048541856645, "683_706_0": 88.77118406862022, "683_671_0": 179.2483305128133}, "adj_sorted": [[683, 669, 0], [683, 706, 0], [683, 671, 0]], "type": "T", "n_corners": 2}, "geometry": {"type": "Point", "coordinates": [18.986229599999994, 47.52451429999999]}}, {"id": "443", "type": "Feature", "properties": {"x": 4993908.513547169, "y": 2756510.528574794, "bearings": {"443_462_0": -39.24748009059178, "443_418_0": 139.90387795911943, "443_453_0": 89.63266426786026}, "angles": {"443_462_0": 180.8486419502888, "443_453_0": 128.88014435845204, "443_418_0": 50.27121369125916}, "adj_sorted": [[443, 462, 0], [443, 453, 0], [443, 418, 0]], "type": "Y", "n_corners": 2}, "geometry": {"type": "Point", "coordinates": [18.959625599999995, 47.554951999999986]}}, {"id": "473", "type": "Feature", "properties": {"x": 4994059.365442902, "y": 2756699.7108289488, "bearings": {"473_492_0": -12.283004236182599, "473_462_0": -103.24744037147491, "473_453_0": 166.79375677662443, "473_478_0": 78.00697745775865}, "angles": {"473_462_0": 89.95880285190066, "473_492_0": 90.96443613529232, "473_478_0": 90.28998169394126, "473_453_0": 88.78677931886578}, "adj_sorted": [[473, 462, 0], [473, 492, 0], [473, 478, 0], [473, 453, 0]], "type": "X", "n_corners": 4}, "geometry": {"type": "Point", "coordinates": [18.961911599999993, 47.55647630000002]}}, {"id": "418", "type": "Feature", "properties": {"x": 4993811.886767642, "y": 2756590.0718897926, "bearings": {"418_403_0": 140.74336124756016, "418_409_0": -137.34637233786887, "418_443_0": -37.26346325759672, "418_450_0": 49.129731082398415}, "angles": {"418_409_0": 81.91026641457097, "418_443_0": 100.08290908027215, "418_450_0": 86.39319433999513, "418_403_0": 91.61363016516174}, "adj_sorted": [[418, 409, 0], [418, 443, 0], [418, 450, 0], [418, 403, 0]], "type": "X", "n_corners": 4}, "geometry": {"type": "Point", "coordinates": [18.958474, 47.55576700000004]}}, {"id": "453", "type": "Feature", "properties": {"x": 4993951.771271029, "y": 2756724.803886055, "bearings": {"453_443_0": -101.1092684662899, "453_473_0": -12.521255743787364, "453_452_0": 169.93117843550527}, "angles": {"453_443_0": 88.95955309820482, "453_473_0": 88.58801272250254, "453_452_0": 182.45243417929265}, "adj_sorted": [[453, 443, 0], [453, 473, 0], [453, 452, 0]], "type": "T", "n_corners": 2}, "geometry": {"type": "Point", "coordinates": [18.960530399999996, 47.556817300000006]}}, {"id": "478", "type": "Feature", "properties": {"x": 4994095.245408104, "y": 2756875.3399415417, "bearings": {"478_473_0": -100.12449568414335, "478_452_0": -135.09631988525163, "478_482_0": 46.82166505907793}, "angles": {"478_452_0": 178.08201505567044, "478_473_0": 34.97182420110828, "478_482_0": 146.9461607432213}, "adj_sorted": [[478, 452, 0], [478, 473, 0], [478, 482, 0]], "type": "Y", "n_corners": 2}, "geometry": {"type": "Point", "coordinates": [18.962658899999997, 47.558004699999984]}}, {"id": "145", "type": "Feature", "properties": {"x": 4992722.773686635, "y": 2757161.1947710766, "bearings": {"145_169_0": 35.26034374934923, "145_123_0": -144.68612286525385, "145_135_0": 130.15151741584148}, "angles": {"145_123_0": 85.16235971890467, "145_169_0": 179.94646661460308, "145_135_0": 94.89117366649225}, "adj_sorted": [[145, 123, 0], [145, 169, 0], [145, 135, 0]], "type": "T", "n_corners": 2}, "geometry": {"type": "Point", "coordinates": [18.9449853, 47.56204780000002]}}, {"id": "123", "type": "Feature", "properties": {"x": 4992575.9574008575, "y": 2757056.755920872, "bearings": {"123_145_0": 36.066467038843605, "123_104_0": -144.48523144395762, "123_131_0": -63.87497990528596, "123_103_0": 132.0256026642601}, "angles": {"123_104_0": 83.48916589178225, "123_131_0": 80.61025153867166, "123_145_0": 99.94144694412957, "123_103_0": 95.95913562541651}, "adj_sorted": [[123, 104, 0], [123, 131, 0], [123, 145, 0], [123, 103, 0]], "type": "other", "n_corners": 4}, "geometry": {"type": "Point", "coordinates": [18.942884600000003, 47.561275100000024]}}, {"id": "135", "type": "Feature", "properties": {"x": 4992641.800981168, "y": 2757257.135854037, "bearings": {"135_132_0": 127.58689137366787, "135_145_0": -49.83582470480587, "135_103_0": -144.09559680655005}, "angles": {"135_103_0": 88.31751181978211, "135_145_0": 94.25977210174418, "135_132_0": 177.42271607847374}, "adj_sorted": [[135, 103, 0], [135, 145, 0], [135, 132, 0]], "type": "T", "n_corners": 2}, "geometry": {"type": "Point", "coordinates": [18.944065500000004, 47.562992000000065]}}, {"id": "506", "type": "Feature", "properties": {"x": 4994238.322333026, "y": 2757018.717347519, "bearings": {"506_492_0": -101.43234212828847, "506_515_0": 42.89096870289238, "506_482_0": -135.0825650068484}, "angles": {"506_482_0": 182.02646629025924, "506_492_0": 33.65022287855993, "506_515_0": 144.32331083118083}, "adj_sorted": [[506, 482, 0], [506, 492, 0], [506, 515, 0]], "type": "Y", "n_corners": 2}, "geometry": {"type": "Point", "coordinates": [18.964771100000004, 47.5591286]}}, {"id": "450", "type": "Feature", "properties": {"x": 4993944.279510739, "y": 2756723.196042004, "bearings": {"450_418_0": -134.78024796279584, "450_434_0": 135.6980887259045, "450_452_0": 45.23435947510016}, "angles": {"450_418_0": 89.52166331129968, "450_452_0": 180.01460743789602, "450_434_0": 90.46372925080435}, "adj_sorted": [[450, 418, 0], [450, 452, 0], [450, 434, 0]], "type": "T", "n_corners": 2}, "geometry": {"type": "Point", "coordinates": [18.960429, 47.55681110000002]}}, {"id": "434", "type": "Feature", "properties": {"x": 4993875.746459615, "y": 2756790.0722269835, "bearings": {"434_469_0": 45.44079753492193, "434_403_0": -134.99920849101002, "434_450_0": -44.3027607491531, "434_417_0": 137.78522481163375}, "angles": {"434_403_0": 87.21556669735622, "434_450_0": 90.69644774185693, "434_469_0": 89.74355828407502, "434_417_0": 92.34442727671183}, "adj_sorted": [[434, 403, 0], [434, 450, 0], [434, 469, 0], [434, 417, 0]], "type": "X", "n_corners": 4}, "geometry": {"type": "Point", "coordinates": [18.959628499999997, 47.55748250000002]}}, {"id": "452", "type": "Feature", "properties": {"x": 4993946.757309224, "y": 2756725.694193954, "bearings": {"452_453_0": -10.068821564494726, "452_478_0": 45.70474418637471, "452_450_0": -134.76564052489985}, "angles": {"452_450_0": 179.52961528872544, "452_453_0": 124.69681896040512, "452_478_0": 55.77356575086944}, "adj_sorted": [[452, 450, 0], [452, 453, 0], [452, 478, 0]], "type": "Y", "n_corners": 2}, "geometry": {"type": "Point", "coordinates": [18.960465599999992, 47.556830700000006]}}, {"id": "352", "type": "Feature", "properties": {"x": 4993548.23598526, "y": 2756823.0197063927, "bearings": {"352_341_0": 135.5215492590029, "352_378_0": -45.49757892889115, "352_375_0": 44.41162536657519}, "angles": {"352_378_0": 178.98087181210593, "352_375_0": 89.90920429546634, "352_341_0": 91.10992389242773}, "adj_sorted": [[352, 378, 0], [352, 375, 0], [352, 341, 0]], "type": "T", "n_corners": 2}, "geometry": {"type": "Point", "coordinates": [18.9553564, 47.55813270000001]}}, {"id": "393", "type": "Feature", "properties": {"x": 4993689.910366337, "y": 2756812.9178584144, "bearings": {"393_378_0": -133.80194831489297, "393_400_0": -44.64158824010507, "393_375_0": 135.61781154379307, "393_407_0": 48.402259757703504}, "angles": {"393_378_0": 90.580240141314, "393_400_0": 89.16036007478789, "393_407_0": 93.04384799780857, "393_375_0": 87.21555178608956}, "adj_sorted": [[393, 378, 0], [393, 400, 0], [393, 407, 0], [393, 375, 0]], "type": "X", "n_corners": 4}, "geometry": {"type": "Point", "coordinates": [18.957210899999996, 47.55788849999998]}}, {"id": "417", "type": "Feature", "properties": {"x": 4993808.891420148, "y": 2756845.50058063, "bearings": {"417_400_0": -135.71594064951702, "417_434_0": -13.250667452967129, "417_407_0": 166.97231528599352, "417_438_0": 44.66966017426364}, "angles": {"417_400_0": 57.31174406448946, "417_434_0": 122.4652731965499, "417_438_0": 57.92032762723077, "417_407_0": 122.30265511172988}, "adj_sorted": [[417, 400, 0], [417, 434, 0], [417, 438, 0], [417, 407, 0]], "type": "X", "n_corners": 4}, "geometry": {"type": "Point", "coordinates": [18.958832299999997, 47.55804990000005]}}, {"id": "361", "type": "Feature", "properties": {"x": 4993577.839214301, "y": 2756926.5496589635, "bearings": {"361_341_0": -133.43843623910715, "361_339_0": 134.66377113638353, "361_375_0": -47.433682705725545}, "angles": {"361_341_0": 91.8977926245093, "361_375_0": 86.0047535333816, "361_339_0": 182.09745384210908}, "adj_sorted": [[361, 341, 0], [361, 375, 0], [361, 339, 0]], "type": "T", "n_corners": 2}, "geometry": {"type": "Point", "coordinates": [18.95590839999999, 47.55902450000001]}}, {"id": "339", "type": "Feature", "properties": {"x": 4993506.239711871, "y": 2756998.994466422, "bearings": {"339_335_0": -134.76902356085543, "339_360_0": 44.45092851809351, "339_361_0": -45.33622886361647}, "angles": {"339_335_0": 180.78004792105105, "339_361_0": 89.43279469723896, "339_360_0": 89.78715738170999}, "adj_sorted": [[339, 335, 0], [339, 361, 0], [339, 360, 0]], "type": "T", "n_corners": 2}, "geometry": {"type": "Point", "coordinates": [18.955076000000005, 47.55974890000002]}}, {"id": "375", "type": "Feature", "properties": {"x": 4993613.630207044, "y": 2756887.5812933557, "bearings": {"375_352_0": -135.26581562263627, "375_393_0": -44.39076470445856, "375_361_0": 132.56631729427446}, "angles": {"375_352_0": 92.16786708308928, "375_393_0": 90.8750509181777, "375_361_0": 176.95708199873303}, "adj_sorted": [[375, 352, 0], [375, 393, 0], [375, 361, 0]], "type": "T", "n_corners": 2}, "geometry": {"type": "Point", "coordinates": [18.956320200000004, 47.558637800000014]}}, {"id": "407", "type": "Feature", "properties": {"x": 4993761.494460955, "y": 2756885.5522916825, "bearings": {"407_360_0": 135.3664122764737, "407_393_0": -134.8400434628239, "407_417_0": -44.50359141856315, "407_424_0": 45.61098960842221}, "angles": {"407_393_0": 89.79354426070239, "407_417_0": 90.33645204426075, "407_424_0": 90.11458102698535, "407_360_0": 89.7554226680515}, "adj_sorted": [[407, 393, 0], [407, 417, 0], [407, 424, 0], [407, 360, 0]], "type": "X", "n_corners": 4}, "geometry": {"type": "Point", "coordinates": [18.958269000000005, 47.558458900000026]}}, {"id": "438", "type": "Feature", "properties": {"x": 4993886.566893506, "y": 2756922.2855000054, "bearings": {"438_458_0": 45.37327839797025, "438_417_0": -135.33033982573636, "438_424_0": 134.18093470901476}, "angles": {"438_417_0": 90.48872546524888, "438_458_0": 180.7036182237066, "438_424_0": 88.80765631104451}, "adj_sorted": [[438, 417, 0], [438, 458, 0], [438, 424, 0]], "type": "T", "n_corners": 2}, "geometry": {"type": "Point", "coordinates": [18.95997729999999, 47.55865070000003]}}, {"id": "424", "type": "Feature", "properties": {"x": 4993842.17154935, "y": 2756967.9686385775, "bearings": {"424_402_0": 134.2881478765402, "424_447_0": 43.458699382324376, "424_407_0": -134.38901039157778, "424_438_0": -45.81906529098524}, "angles": {"424_407_0": 91.32284173188202, "424_438_0": 88.56994510059255, "424_447_0": 89.27776467330962, "424_402_0": 90.82944849421582}, "adj_sorted": [[424, 407, 0], [424, 438, 0], [424, 447, 0], [424, 402, 0]], "type": "X", "n_corners": 4}, "geometry": {"type": "Point", "coordinates": [18.959462399999992, 47.559106700000015]}}, {"id": "482", "type": "Feature", "properties": {"x": 4994106.785302148, "y": 2756887.6379960724, "bearings": {"482_469_0": 129.1987891202414, "482_478_0": -133.17833494092207, "482_506_0": 44.87860515346061}, "angles": {"482_478_0": 97.6228759388365, "482_506_0": 178.0569400943827, "482_469_0": 84.32018396678079}, "adj_sorted": [[482, 478, 0], [482, 506, 0], [482, 469, 0]], "type": "T", "n_corners": 2}, "geometry": {"type": "Point", "coordinates": [18.962830399999994, 47.558101900000025]}}, {"id": "501", "type": "Feature", "properties": {"x": 4994227.188250321, "y": 2757143.3588830046, "bearings": {"501_494_0": 123.21240337271196, "501_469_0": -143.4882731628823, "501_503_0": -56.82051826289256}, "angles": {"501_469_0": 93.29932346440575, "501_503_0": 86.66775489998975, "501_494_0": 180.0329216356045}, "adj_sorted": [[501, 469, 0], [501, 503, 0], [501, 494, 0]], "type": "T", "n_corners": 2}, "geometry": {"type": "Point", "coordinates": [18.964818400000002, 47.56025310000004]}}, {"id": "503", "type": "Feature", "properties": {"x": 4994232.494512385, "y": 2757135.2437233566, "bearings": {"503_501_0": 123.17948173710745, "503_515_0": -57.0501889499343, "503_545_0": 34.78834735957647}, "angles": {"503_515_0": 179.77032931295824, "503_545_0": 91.83853630951077, "503_501_0": 88.39113437753099}, "adj_sorted": [[503, 515, 0], [503, 545, 0], [503, 501, 0]], "type": "T", "n_corners": 2}, "geometry": {"type": "Point", "coordinates": [18.964875799999994, 47.56017490000004]}}, {"id": "515", "type": "Feature", "properties": {"x": 4994281.908269573, "y": 2757059.0817073807, "bearings": {"515_517_0": -56.30866672255392, "515_506_0": -137.60305257649784, "515_503_0": 123.35799512579587}, "angles": {"515_506_0": 99.03895229770626, "515_517_0": 81.29438585394392, "515_503_0": 179.6666618483498}, "adj_sorted": [[515, 506, 0], [515, 517, 0], [515, 503, 0]], "type": "T", "n_corners": 2}, "geometry": {"type": "Point", "coordinates": [18.965409399999995, 47.55944140000006]}}, {"id": "556", "type": "Feature", "properties": {"x": 4994454.052714447, "y": 2757159.2640689216, "bearings": {"556_517_0": -144.1154820228287, "556_567_0": -55.71284591513433, "556_545_0": 125.25291303697365}, "angles": {"556_517_0": 90.63160494019763, "556_567_0": 88.40263610769438, "556_545_0": 180.965758952108}, "adj_sorted": [[556, 517, 0], [556, 567, 0], [556, 545, 0]], "type": "T", "n_corners": 2}, "geometry": {"type": "Point", "coordinates": [18.967838099999994, 47.560148099999985]}}, {"id": "545", "type": "Feature", "properties": {"x": 4994392.471970415, "y": 2757246.3894076385, "bearings": {"545_521_0": 125.57807303836213, "545_503_0": -145.2411607323185, "545_556_0": -54.747086963026355, "545_563_0": 35.82261006598266}, "angles": {"545_503_0": 89.18076622931937, "545_556_0": 90.49407376929213, "545_563_0": 90.569697029009, "545_521_0": 89.75546297237948}, "adj_sorted": [[545, 503, 0], [545, 556, 0], [545, 563, 0], [545, 521, 0]], "type": "X", "n_corners": 4}, "geometry": {"type": "Point", "coordinates": [18.967160999999994, 47.56099270000001]}}, {"id": "563", "type": "Feature", "properties": {"x": 4994492.317714821, "y": 2757318.4603428054, "bearings": {"563_567_0": -82.75140401852596, "563_545_0": -144.17738993401736, "563_561_0": 96.239733716288}, "angles": {"563_545_0": 119.58287634969463, "563_567_0": 61.425985915491395, "563_561_0": 178.99113773481395}, "adj_sorted": [[563, 545, 0], [563, 567, 0], [563, 561, 0]], "type": "T", "n_corners": 2}, "geometry": {"type": "Point", "coordinates": [18.9685915, 47.561527200000015]}}, {"id": "188", "type": "Feature", "properties": {"x": 4992886.980394549, "y": 2757513.5496890075, "bearings": {"188_167_0": -141.4334669640482, "188_215_0": 38.55005466747581, "188_160_0": 128.76288587589715}, "angles": {"188_167_0": 89.80364716005465, "188_215_0": 179.983521631524, "188_160_0": 90.21283120842133}, "adj_sorted": [[188, 167, 0], [188, 215, 0], [188, 160, 0]], "type": "T", "n_corners": 2}, "geometry": {"type": "Point", "coordinates": [18.947701400000003, 47.565014200000036]}}, {"id": "561", "type": "Feature", "properties": {"x": 4994469.093355624, "y": 2757433.62696115, "bearings": {"561_521_0": -144.21394669998332, "561_563_0": -68.5701710381893, "561_552_0": 116.47978730206621}, "angles": {"561_521_0": 99.30626599795045, "561_563_0": 75.64377566179402, "561_552_0": 185.0499583402555}, "adj_sorted": [[561, 521, 0], [561, 563, 0], [561, 552, 0]], "type": "T", "n_corners": 2}, "geometry": {"type": "Point", "coordinates": [18.968464500000007, 47.5625803]}}, {"id": "552", "type": "Feature", "properties": {"x": 4994434.538827449, "y": 2757492.9326326093, "bearings": {"552_547_0": 124.31498194896989, "552_561_0": -58.52675142545748, "552_582_0": 34.53164882301648}, "angles": {"552_561_0": 177.15826662557262, "552_582_0": 93.05840024847396, "552_547_0": 89.7833331259534}, "adj_sorted": [[552, 561, 0], [552, 582, 0], [552, 547, 0]], "type": "T", "n_corners": 2}, "geometry": {"type": "Point", "coordinates": [18.968100800000002, 47.5631472]}}, {"id": "39", "type": "Feature", "properties": {"x": 4992190.145826587, "y": 2755129.5476309555, "bearings": {"39_25_0": 117.68491182230954, "39_43_0": 57.942434686854995, "39_55_0": -62.739802231377446}, "angles": {"39_55_0": 179.57528594631302, "39_43_0": 120.68223691823243, "39_25_0": 59.74247713545455}, "adj_sorted": [[39, 55, 0], [39, 43, 0], [39, 25, 0]], "type": "Y", "n_corners": 2}, "geometry": {"type": "Point", "coordinates": [18.934797199999995, 47.544493200000005]}}, {"id": "24", "type": "Feature", "properties": {"x": 4992091.820199638, "y": 2755271.5557233626, "bearings": {"24_25_0": -44.182459072969735, "24_32_0": 57.6304891809336, "24_18_0": 135.9033470796584}, "angles": {"24_25_0": 179.91419384737185, "24_32_0": 101.81294825390333, "24_18_0": 78.2728578987248}, "adj_sorted": [[24, 25, 0], [24, 32, 0], [24, 18, 0]], "type": "T", "n_corners": 2}, "geometry": {"type": "Point", "coordinates": [18.93372, 47.545867300000026]}}, {"id": "96", "type": "Feature", "properties": {"x": 4992472.139603957, "y": 2756870.80660684, "bearings": {"96_70_0": -152.21988544129903, "96_117_0": 26.3631242142082, "96_90_0": 115.07281070952196}, "angles": {"96_70_0": 92.70730384917903, "96_117_0": 178.58300965550723, "96_90_0": 88.70968649531376}, "adj_sorted": [[96, 70, 0], [96, 117, 0], [96, 90, 0]], "type": "T", "n_corners": 2}, "geometry": {"type": "Point", "coordinates": [18.9412249, 47.55972820000006]}}, {"id": "117", "type": "Feature", "properties": {"x": 4992550.846082168, "y": 2756909.8137238277, "bearings": {"117_96_0": -153.6368757857918, "117_104_0": 116.3036409890834, "117_131_0": 26.183931711911853}, "angles": {"117_96_0": 90.05948322512478, "117_131_0": 179.82080749770364, "117_104_0": 90.11970927717155}, "adj_sorted": [[117, 96, 0], [117, 131, 0], [117, 104, 0]], "type": "T", "n_corners": 2}, "geometry": {"type": "Point", "coordinates": [18.942324599999996, 47.55999090000005]}}, {"id": "90", "type": "Feature", "properties": {"x": 4992432.074067741, "y": 2756956.44313405, "bearings": {"90_96_0": -64.92718929047804, "90_98_0": 33.42209020236231, "90_87_0": -147.5377206321224}, "angles": {"90_87_0": 179.0401891655153, "90_96_0": 82.61053134164435, "90_98_0": 98.34927949284035}, "adj_sorted": [[90, 87, 0], [90, 96, 0], [90, 98, 0]], "type": "T", "n_corners": 2}, "geometry": {"type": "Point", "coordinates": [18.94082909999999, 47.56053600000002]}}, {"id": "104", "type": "Feature", "properties": {"x": 4992503.701535196, "y": 2757005.1882069577, "bearings": {"104_123_0": 35.5147685560424, "104_117_0": -63.696359010916595, "104_98_0": -144.63212825495344}, "angles": {"104_98_0": 179.85310318900417, "104_117_0": 80.93576924403685, "104_123_0": 99.211127566959}, "adj_sorted": [[104, 98, 0], [104, 117, 0], [104, 123, 0]], "type": "T", "n_corners": 2}, "geometry": {"type": "Point", "coordinates": [18.9418505, 47.56089330000002]}}, {"id": "98", "type": "Feature", "properties": {"x": 4992474.118467689, "y": 2756984.1895716554, "bearings": {"98_90_0": -146.5779097976377, "98_104_0": 35.36787174504657, "98_86_0": 125.04122460785577}, "angles": {"98_90_0": 88.38086559450653, "98_104_0": 181.94578154268424, "98_86_0": 89.6733528628092}, "adj_sorted": [[98, 90, 0], [98, 104, 0], [98, 86, 0]], "type": "T", "n_corners": 2}, "geometry": {"type": "Point", "coordinates": [18.941427299999994, 47.560738000000036]}}, {"id": "131", "type": "Feature", "properties": {"x": 4992629.141887308, "y": 2756948.3127658507, "bearings": {"131_147_0": 27.43348934179717, "131_123_0": 116.12502009471405, "131_117_0": -153.81606828808816}, "angles": {"131_117_0": 90.0589116171978, "131_147_0": 181.24955762988532, "131_123_0": 88.69153075291688}, "adj_sorted": [[131, 117, 0], [131, 147, 0], [131, 123, 0]], "type": "T", "n_corners": 2}, "geometry": {"type": "Point", "coordinates": [18.943418100000002, 47.56024950000004]}}, {"id": "86", "type": "Feature", "properties": {"x": 4992405.485573716, "y": 2757082.5309375245, "bearings": {"86_98_0": -55.099317943190435, "86_103_0": 37.23806231041153, "86_68_0": -147.61199318991467, "86_76_0": 123.7983132860621}, "angles": {"86_68_0": 88.58969352402323, "86_98_0": 92.51267524672423, "86_103_0": 92.33738025360196, "86_76_0": 86.56025097565058}, "adj_sorted": [[86, 68, 0], [86, 98, 0], [86, 103, 0], [86, 76, 0]], "type": "X", "n_corners": 4}, "geometry": {"type": "Point", "coordinates": [18.940674099999992, 47.561690199999994]}}, {"id": "103", "type": "Feature", "properties": {"x": 4992502.830242496, "y": 2757156.5215391177, "bearings": {"103_123_0": -54.12386208159371, "103_135_0": 35.904403193449966, "103_86_0": -142.76193768958848, "103_92_0": 126.25157807066662}, "angles": {"103_86_0": 90.98648423974487, "103_123_0": 88.63807560799478, "103_135_0": 90.02826527504368, "103_92_0": 90.34717487721666}, "adj_sorted": [[103, 86, 0], [103, 123, 0], [103, 135, 0], [103, 92, 0]], "type": "X", "n_corners": 4}, "geometry": {"type": "Point", "coordinates": [18.942074299999994, 47.562244900000046]}}, {"id": "87", "type": "Feature", "properties": {"x": 4992410.34160228, "y": 2756942.6181325745, "bearings": {"87_90_0": 32.462279367877606, "87_74_0": -147.26483379756323, "87_59_0": 124.60664093060313}, "angles": {"87_74_0": 88.12852527183361, "87_90_0": 179.72711316544084, "87_59_0": 92.14436156272552}, "adj_sorted": [[87, 74, 0], [87, 90, 0], [87, 59, 0]], "type": "T", "n_corners": 2}, "geometry": {"type": "Point", "coordinates": [18.940520700000004, 47.56043620000003]}}, {"id": "68", "type": "Feature", "properties": {"x": 4992337.23859748, "y": 2757039.2401256124, "bearings": {"68_86_0": 32.388006810085336, "68_60_0": 124.46231975092812, "68_50_0": -147.0989290596826}, "angles": {"68_50_0": 88.43875118938928, "68_86_0": 179.48693586976793, "68_60_0": 92.07431294084279}, "adj_sorted": [[68, 50, 0], [68, 86, 0], [68, 60, 0]], "type": "T", "n_corners": 2}, "geometry": {"type": "Point", "coordinates": [18.9397058, 47.561377900000025]}}, {"id": "76", "type": "Feature", "properties": {"x": 4992364.593182802, "y": 2757143.6191519587, "bearings": {"76_86_0": -56.20168671393791, "76_71_0": 123.85649050261499, "76_60_0": -144.27586742250426}, "angles": {"76_60_0": 91.86764207488073, "76_86_0": 88.07418070856636, "76_71_0": 180.0581772165529}, "adj_sorted": [[76, 60, 0], [76, 86, 0], [76, 71, 0]], "type": "T", "n_corners": 2}, "geometry": {"type": "Point", "coordinates": [18.94022919999999, 47.56227980000002]}}, {"id": "92", "type": "Feature", "properties": {"x": 4992437.317934634, "y": 2757245.863892926, "bearings": {"92_103_0": -53.74842192933339, "92_121_0": 35.80355229279073, "92_78_0": 126.31933933461912, "92_71_0": -143.23249358937997}, "angles": {"92_71_0": 90.44816707600091, "92_103_0": 89.48407166004658, "92_121_0": 89.55197422212412, "92_78_0": 90.51578704182839}, "adj_sorted": [[92, 71, 0], [92, 103, 0], [92, 121, 0], [92, 78, 0]], "type": "X", "n_corners": 4}, "geometry": {"type": "Point", "coordinates": [18.941348299999994, 47.56311340000005]}}, {"id": "121", "type": "Feature", "properties": {"x": 4992572.34821723, "y": 2757343.263531197, "bearings": {"121_132_0": -50.86503645804186, "121_92_0": -144.1964477072093, "121_112_0": 130.21224420793178}, "angles": {"121_92_0": 85.59130808485895, "121_132_0": 93.33141124916745, "121_112_0": 181.07728066597363}, "adj_sorted": [[121, 92, 0], [121, 132, 0], [121, 112, 0]], "type": "T", "n_corners": 2}, "geometry": {"type": "Point", "coordinates": [18.943282500000002, 47.56383610000002]}}, {"id": "78", "type": "Feature", "properties": {"x": 4992367.717014672, "y": 2757340.547064318, "bearings": {"78_92_0": -53.68066066538088, "78_65_0": 125.95823843328071, "78_102_0": 35.88239692578199, "78_52_0": -143.40117701979793}, "angles": {"78_52_0": 90.64058454692133, "78_92_0": 89.72051635441704, "78_102_0": 89.56305759116287, "78_65_0": 90.07584150749872}, "adj_sorted": [[78, 52, 0], [78, 92, 0], [78, 102, 0], [78, 65, 0]], "type": "X", "n_corners": 4}, "geometry": {"type": "Point", "coordinates": [18.9405766, 47.56403400000003]}}, {"id": "71", "type": "Feature", "properties": {"x": 4992342.233624239, "y": 2757174.8158077933, "bearings": {"71_76_0": -54.11533094358289, "71_92_0": 36.76750641062002, "71_52_0": 125.46780061452455}, "angles": {"71_76_0": 180.41686844189257, "71_92_0": 90.8828373542029, "71_52_0": 88.70029420390452}, "adj_sorted": [[71, 76, 0], [71, 92, 0], [71, 52, 0]], "type": "T", "n_corners": 2}, "geometry": {"type": "Point", "coordinates": [18.9399825, 47.56258250000003]}}, {"id": "111", "type": "Feature", "properties": {"x": 4992529.251612296, "y": 2757568.6316608093, "bearings": {"111_129_0": -50.389311313937384, "111_99_0": 128.23626263921105, "111_93_0": -144.04744369901937}, "angles": {"111_93_0": 87.71629366176956, "111_129_0": 93.65813238508198, "111_99_0": 178.62557395314843}, "adj_sorted": [[111, 93, 0], [111, 129, 0], [111, 99, 0]], "type": "T", "n_corners": 2}, "geometry": {"type": "Point", "coordinates": [18.943064000000003, 47.56589430000002]}}, {"id": "146", "type": "Feature", "properties": {"x": 4992725.8793829745, "y": 2757540.0953692775, "bearings": {"146_129_0": -141.54960558534822, "146_167_0": -49.54214579938392, "146_134_0": 130.45571563429422}, "angles": {"146_129_0": 87.99467878035756, "146_167_0": 92.0074597859643, "146_134_0": 179.99786143367814}, "adj_sorted": [[146, 129, 0], [146, 167, 0], [146, 134, 0]], "type": "T", "n_corners": 2}, "geometry": {"type": "Point", "coordinates": [18.945615699999994, 47.56542610000001]}}, {"id": "112", "type": "Feature", "properties": {"x": 4992535.826705664, "y": 2757386.4621750964, "bearings": {"112_129_0": 39.55201443503511, "112_121_0": -49.787755792068225, "112_102_0": 129.19141539722287}, "angles": {"112_121_0": 181.0208288107089, "112_129_0": 89.33977022710334, "112_102_0": 89.63940096218775}, "adj_sorted": [[112, 121, 0], [112, 129, 0], [112, 102, 0]], "type": "T", "n_corners": 2}, "geometry": {"type": "Point", "coordinates": [18.942867499999988, 47.56426129999999]}}, {"id": "51", "type": "Feature", "properties": {"x": 4992259.040990089, "y": 2757893.7265506764, "bearings": {"51_99_0": -52.00661148319467, "51_35_0": -144.6258293416593, "51_72_0": 37.244442871089625, "51_31_0": 127.20675906567642}, "angles": {"51_35_0": 88.16741159266428, "51_99_0": 92.61921785846465, "51_72_0": 89.25105435428429, "51_31_0": 89.9623161945868}, "adj_sorted": [[51, 35, 0], [51, 99, 0], [51, 72, 0], [51, 31, 0]], "type": "X", "n_corners": 4}, "geometry": {"type": "Point", "coordinates": [18.940001799999997, 47.569089100000035]}}, {"id": "99", "type": "Feature", "properties": {"x": 4992484.388216972, "y": 2757607.8801016295, "bearings": {"99_111_0": -13.884891048132209, "99_51_0": 130.54132988470187, "99_125_0": 15.142502209966649, "99_80_0": -164.07095927085024}, "angles": {"99_80_0": 65.3877108444479, "99_111_0": 150.18606822271803, "99_125_0": 29.027393258098858, "99_51_0": 115.39882767473522}, "adj_sorted": [[99, 80, 0], [99, 111, 0], [99, 125, 0], [99, 51, 0]], "type": "other", "n_corners": 4}, "geometry": {"type": "Point", "coordinates": [18.942532699999997, 47.566293300000005]}}, {"id": "35", "type": "Feature", "properties": {"x": 4992178.623415048, "y": 2757836.6312993187, "bearings": {"35_20_0": 129.55614875493262, "35_51_0": 35.374170658340695, "35_47_0": -50.41110717413023, "35_21_0": -143.0365126342864}, "angles": {"35_21_0": 87.40733861078098, "35_47_0": 92.62540546015617, "35_51_0": 85.78527783247092, "35_20_0": 94.18197809659193}, "adj_sorted": [[35, 21, 0], [35, 47, 0], [35, 51, 0], [35, 20, 0]], "type": "X", "n_corners": 4}, "geometry": {"type": "Point", "coordinates": [18.938851200000002, 47.56866680000001]}}, {"id": "72", "type": "Feature", "properties": {"x": 4992344.059621842, "y": 2757958.363207411, "bearings": {"72_51_0": -142.7555571289104, "72_36_0": 128.08902235501324, "72_89_0": -51.9234505081648, "72_94_0": 36.88316463299224}, "angles": {"72_51_0": 89.15542051607633, "72_89_0": 90.8321066207456, "72_94_0": 88.80661514115704, "72_36_0": 91.205857722021}, "adj_sorted": [[72, 51, 0], [72, 89, 0], [72, 94, 0], [72, 36, 0]], "type": "X", "n_corners": 4}, "geometry": {"type": "Point", "coordinates": [18.941224900000005, 47.56957370000002]}}, {"id": "31", "type": "Feature", "properties": {"x": 4992162.628915072, "y": 2758020.71365924, "bearings": {"31_20_0": -142.88109801176955, "31_51_0": -52.79324093432358, "31_14_0": 129.5846404638989}, "angles": {"31_20_0": 87.53426152433155, "31_51_0": 90.08785707744597, "31_14_0": 182.37788139822248}, "adj_sorted": [[31, 20, 0], [31, 51, 0], [31, 14, 0]], "type": "T", "n_corners": 2}, "geometry": {"type": "Point", "coordinates": [18.93892619999999, 47.57032710000003]}}, {"id": "125", "type": "Feature", "properties": {"x": 4992595.467906742, "y": 2757637.897596283, "bearings": {"125_99_0": -164.87734087423433, "125_134_0": 5.808388594807965, "125_110_0": 127.48354984822792}, "angles": {"125_99_0": 67.63910927753773, "125_134_0": 170.68572946904231, "125_110_0": 121.67516125341996}, "adj_sorted": [[125, 99, 0], [125, 134, 0], [125, 110, 0]], "type": "Y", "n_corners": 2}, "geometry": {"type": "Point", "coordinates": [18.944046, 47.5664406]}}, {"id": "80", "type": "Feature", "properties": {"x": 4992383.858194783, "y": 2757579.9211736093, "bearings": {"80_99_0": 15.51795110207496, "80_77_0": 126.36604605707441, "80_85_0": -57.69402642729386}, "angles": {"80_85_0": 175.93992751563172, "80_99_0": 73.21197752936882, "80_77_0": 110.84809495499945}, "adj_sorted": [[80, 85, 0], [80, 99, 0], [80, 77, 0]], "type": "T", "n_corners": 2}, "geometry": {"type": "Point", "coordinates": [18.941161900000008, 47.56615290000001]}}, {"id": "93", "type": "Feature", "properties": {"x": 4992440.192885179, "y": 2757504.0393126355, "bearings": {"93_111_0": 35.952556300980646, "93_102_0": -50.922118048114136, "93_85_0": 128.76384386156937, "93_65_0": -143.58826067459128}, "angles": {"93_65_0": 87.64789546383935, "93_102_0": 92.66614262647715, "93_111_0": 86.87467434909479, "93_85_0": 92.81128756058872}, "adj_sorted": [[93, 65, 0], [93, 102, 0], [93, 111, 0], [93, 85, 0]], "type": "X", "n_corners": 4}, "geometry": {"type": "Point", "coordinates": [18.9417877, 47.56541450000004]}}, {"id": "134", "type": "Feature", "properties": {"x": 4992638.726572328, "y": 2757642.2980501777, "bearings": {"134_146_0": -49.544284365705806, "134_125_0": -174.19161140519205, "134_141_0": 6.833309487215625}, "angles": {"134_125_0": 178.97507910759234, "134_146_0": 124.64732703948624, "134_141_0": 56.37759385292143}, "adj_sorted": [[134, 125, 0], [134, 146, 0], [134, 141, 0]], "type": "Y", "n_corners": 2}, "geometry": {"type": "Point", "coordinates": [18.944624, 47.566432900000045]}}, {"id": "110", "type": "Feature", "properties": {"x": 4992525.544761394, "y": 2757729.0774056166, "bearings": {"110_125_0": -52.516450151772084, "110_89_0": 128.61113745282117, "110_124_0": 38.48364667788133}, "angles": {"110_125_0": 178.87241239540674, "110_124_0": 91.00009682965342, "110_89_0": 90.12749077493984}, "adj_sorted": [[110, 125, 0], [110, 124, 0], [110, 89, 0]], "type": "T", "n_corners": 2}, "geometry": {"type": "Point", "coordinates": [18.943264600000003, 47.56733030000001]}}, {"id": "77", "type": "Feature", "properties": {"x": 4992365.745379776, "y": 2757604.5193038713, "bearings": {"77_80_0": -53.633953942925594, "77_48_0": -143.61882251623848, "77_61_0": 128.48493845450994}, "angles": {"77_48_0": 87.89623902925155, "77_80_0": 89.9848685733129, "77_61_0": 182.11889239743553}, "adj_sorted": [[77, 48, 0], [77, 80, 0], [77, 61, 0]], "type": "T", "n_corners": 2}, "geometry": {"type": "Point", "coordinates": [18.94096099999999, 47.56639210000001]}}, {"id": "85", "type": "Feature", "properties": {"x": 4992400.89082993, "y": 2757552.984427279, "bearings": {"85_80_0": 122.30597357270615, "85_93_0": -51.23615613843062, "85_56_0": -144.13097062279772}, "angles": {"85_56_0": 93.56305580449612, "85_93_0": 92.89481448436709, "85_80_0": 173.54212971113677}, "adj_sorted": [[85, 56, 0], [85, 93, 0], [85, 80, 0]], "type": "T", "n_corners": 2}, "geometry": {"type": "Point", "coordinates": [18.941344899999997, 47.56589400000006]}}, {"id": "47", "type": "Feature", "properties": {"x": 4992244.652772087, "y": 2757756.7840065695, "bearings": {"47_35_0": 129.58889282586978, "47_27_0": -142.2260437400962, "47_61_0": -51.49382813728528}, "angles": {"47_27_0": 88.18506343403402, "47_61_0": 90.73221560281092, "47_35_0": 181.08272096315505}, "adj_sorted": [[47, 27, 0], [47, 61, 0], [47, 35, 0]], "type": "T", "n_corners": 2}, "geometry": {"type": "Point", "coordinates": [18.939598899999996, 47.56788250000002]}}, {"id": "21", "type": "Feature", "properties": {"x": 4992079.324119719, "y": 2757761.903078746, "bearings": {"21_35_0": 36.963487365713604, "21_11_0": -144.09943545889715, "21_27_0": -54.999200913693734, "21_16_0": 128.82150736588568}, "angles": {"21_11_0": 87.07905717521714, "21_27_0": 89.10023454520342, "21_35_0": 91.96268827940733, "21_16_0": 91.85802000017208}, "adj_sorted": [[21, 11, 0], [21, 27, 0], [21, 35, 0], [21, 16, 0]], "type": "X", "n_corners": 4}, "geometry": {"type": "Point", "coordinates": [18.93742389999999, 47.568107600000005]}}, {"id": "89", "type": "Feature", "properties": {"x": 4992427.953699669, "y": 2757851.2788905543, "bearings": {"89_72_0": 128.0765494918352, "89_110_0": -51.38886254717884, "89_100_0": 28.901257982590618}, "angles": {"89_110_0": 180.53458796098596, "89_100_0": 80.29012052976945, "89_72_0": 99.17529150924459}, "adj_sorted": [[89, 110, 0], [89, 100, 0], [89, 72, 0]], "type": "T", "n_corners": 2}, "geometry": {"type": "Point", "coordinates": [18.942166099999998, 47.56852690000002]}}, {"id": "94", "type": "Feature", "properties": {"x": 4992445.443204619, "y": 2758034.4375815424, "bearings": {"94_72_0": -143.11683536700775, "94_114_0": -53.033964833843996, "94_46_0": 129.76699799622747}, "angles": {"94_72_0": 87.11616663676477, "94_114_0": 90.08287053316376, "94_46_0": 182.80096283007146}, "adj_sorted": [[94, 72, 0], [94, 114, 0], [94, 46, 0]], "type": "T", "n_corners": 2}, "geometry": {"type": "Point", "coordinates": [18.9426819, 47.57014260000003]}}, {"id": "102", "type": "Feature", "properties": {"x": 4992497.0057268515, "y": 2757434.075961493, "bearings": {"102_78_0": -144.117603074218, "102_112_0": -50.80858460277714, "102_93_0": 129.07788195188587}, "angles": {"102_78_0": 86.80451497389612, "102_112_0": 93.30901847144088, "102_93_0": 179.886466554663}, "adj_sorted": [[102, 78, 0], [102, 112, 0], [102, 93, 0]], "type": "T", "n_corners": 2}, "geometry": {"type": "Point", "coordinates": [18.942429000000004, 47.56472840000003]}}, {"id": "65", "type": "Feature", "properties": {"x": 4992315.71716792, "y": 2757412.2285265257, "bearings": {"65_78_0": -54.04176156671929, "65_93_0": 36.4117393254087, "65_56_0": 123.9011053440926, "65_42_0": -144.09957792554468}, "angles": {"65_42_0": 91.9993167303627, "65_78_0": 90.05781635882539, "65_93_0": 90.45350089212799, "65_56_0": 87.4893660186839}, "adj_sorted": [[65, 42, 0], [65, 78, 0], [65, 93, 0], [65, 56, 0]], "type": "X", "n_corners": 4}, "geometry": {"type": "Point", "coordinates": [18.940001499999997, 47.564730200000014]}}, {"id": "141", "type": "Feature", "properties": {"x": 4992687.331266561, "y": 2757648.1224696776, "bearings": {"141_134_0": -173.16669051278438, "141_160_0": 4.740962265395901, "141_124_0": 128.56949048644083}, "angles": {"141_134_0": 58.26381900077479, "141_160_0": 177.90765277818028, "141_124_0": 123.82852822104492}, "adj_sorted": [[141, 134, 0], [141, 160, 0], [141, 124, 0]], "type": "Y", "n_corners": 2}, "geometry": {"type": "Point", "coordinates": [18.945274800000004, 47.56643210000002]}}, {"id": "124", "type": "Feature", "properties": {"x": 4992585.052799209, "y": 2757776.3845112175, "bearings": {"124_110_0": -141.51635332211868, "124_141_0": -51.43050951355916, "124_100_0": 129.33162368982968}, "angles": {"124_110_0": 89.15202298805161, "124_141_0": 90.08584380855952, "124_100_0": 180.76213320338883}, "adj_sorted": [[124, 110, 0], [124, 141, 0], [124, 100, 0]], "type": "T", "n_corners": 2}, "geometry": {"type": "Point", "coordinates": [18.944123900000005, 47.56768790000002]}}, {"id": "48", "type": "Feature", "properties": {"x": 4992246.278154987, "y": 2757516.5010344, "bearings": {"48_77_0": 36.381177483761526, "48_56_0": -56.59102263830034, "48_38_0": 123.49937362154218, "48_28_0": -143.05264234386095}, "angles": {"48_28_0": 93.44798403459686, "48_56_0": 86.46161970556062, "48_77_0": 92.97220012206186, "48_38_0": 87.11819613778064}, "adj_sorted": [[48, 28, 0], [48, 56, 0], [48, 77, 0], [48, 38, 0]], "type": "X", "n_corners": 4}, "geometry": {"type": "Point", "coordinates": [18.939246799999992, 47.5657362]}}, {"id": "61", "type": "Feature", "properties": {"x": 4992298.744508775, "y": 2757688.79640733, "bearings": {"61_77_0": -51.51506154549005, "61_47_0": 128.50617186271472, "61_38_0": -142.79538865506754}, "angles": {"61_38_0": 88.69843948221774, "61_77_0": 91.28032710957748, "61_47_0": 180.02123340820478}, "adj_sorted": [[61, 38, 0], [61, 77, 0], [61, 47, 0]], "type": "T", "n_corners": 2}, "geometry": {"type": "Point", "coordinates": [18.940207399999995, 47.567217]}}, {"id": "56", "type": "Feature", "properties": {"x": 4992279.912016514, "y": 2757465.5099926055, "bearings": {"56_85_0": 35.869029377202274, "56_65_0": -56.098894655907394, "56_48_0": 123.40897736169968, "56_34_0": -143.79447240263403}, "angles": {"56_34_0": 92.7965502356663, "56_65_0": 87.69557774672663, "56_85_0": 91.96792403310967, "56_48_0": 87.53994798449742}, "adj_sorted": [[56, 34, 0], [56, 65, 0], [56, 85, 0], [56, 48, 0]], "type": "X", "n_corners": 4}, "geometry": {"type": "Point", "coordinates": [18.939611600000003, 47.56524460000001]}}, {"id": "27", "type": "Feature", "properties": {"x": 4992139.804069201, "y": 2757675.5313232862, "bearings": {"27_47_0": 37.773956259903805, "27_21_0": 125.00079908630627, "27_38_0": -55.82195038777704, "27_17_0": -145.67022943573602}, "angles": {"27_17_0": 89.32897147795768, "27_38_0": 89.84827904795898, "27_47_0": 93.59590664768085, "27_21_0": 87.22684282640247}, "adj_sorted": [[27, 17, 0], [27, 38, 0], [27, 47, 0], [27, 21, 0]], "type": "X", "n_corners": 4}, "geometry": {"type": "Point", "coordinates": [18.938088200000003, 47.56727110000002]}}, {"id": "11", "type": "Feature", "properties": {"x": 4991986.765637067, "y": 2757695.066351723, "bearings": {"11_21_0": 21.379254505536746, "11_8_0": 131.156922543149, "11_10_0": -164.9814616241965}, "angles": {"11_10_0": 63.86161583265448, "11_21_0": 186.36071612973325, "11_8_0": 109.77766803761224}, "adj_sorted": [[11, 10, 0], [11, 21, 0], [11, 8, 0]], "type": "T", "n_corners": 2}, "geometry": {"type": "Point", "coordinates": [18.936097899999996, 47.56761150000004]}}, {"id": "100", "type": "Feature", "properties": {"x": 4992493.866741613, "y": 2757887.6667327583, "bearings": {"100_89_0": -151.0987420174094, "100_124_0": -50.668376310170316, "100_114_0": 28.47054050481689}, "angles": {"100_89_0": 180.43071747777373, "100_124_0": 100.43036570723908, "100_114_0": 79.1389168149872}, "adj_sorted": [[100, 89, 0], [100, 124, 0], [100, 114, 0]], "type": "T", "n_corners": 2}, "geometry": {"type": "Point", "coordinates": [18.943093, 47.568780100000055]}}, {"id": "114", "type": "Feature", "properties": {"x": 4992537.924740039, "y": 2757911.558951062, "bearings": {"114_94_0": 126.966035166156, "114_100_0": -151.52945949518312, "114_140_0": -47.80362258978073}, "angles": {"114_100_0": 81.50450533866086, "114_140_0": 103.72583690540239, "114_94_0": 174.76965775593675}, "adj_sorted": [[114, 100, 0], [114, 140, 0], [114, 94, 0]], "type": "T", "n_corners": 2}, "geometry": {"type": "Point", "coordinates": [18.94371189999999, 47.56894550000007]}}, {"id": "10", "type": "Feature", "properties": {"x": 4991977.014096443, "y": 2757693.1079104263, "bearings": {"10_4_0": -175.95063915388943, "10_11_0": 8.267010470016157, "10_9_0": -92.65548800487332}, "angles": {"10_4_0": 175.78235037609443, "10_9_0": 83.2951511490161, "10_11_0": 100.92249847488948}, "adj_sorted": [[10, 4, 0], [10, 9, 0], [10, 11, 0]], "type": "T", "n_corners": 2}, "geometry": {"type": "Point", "coordinates": [18.9359661, 47.56760460000004]}}, {"id": "9", "type": "Feature", "properties": {"x": 4991976.303351038, "y": 2757677.7835897524, "bearings": {"9_10_0": 87.34451199512668, "9_17_0": -40.82266627134237, "9_6_0": 176.41034286437755}, "angles": {"9_17_0": 142.76699086428007, "9_10_0": 128.16717826646905, "9_6_0": 89.06583086925087}, "adj_sorted": [[9, 17, 0], [9, 10, 0], [9, 6, 0]], "type": "Y", "n_corners": 3}, "geometry": {"type": "Point", "coordinates": [18.9359329, 47.56746860000006]}}, {"id": "17", "type": "Feature", "properties": {"x": 4992033.677066191, "y": 2757603.055558728, "bearings": {"17_27_0": 34.329770564263974, "17_9_0": 126.42076545068875, "17_22_0": -56.688741180252734}, "angles": {"17_22_0": 176.8904933690585, "17_27_0": 91.0185117445167, "17_9_0": 92.09099488642477}, "adj_sorted": [[17, 22, 0], [17, 27, 0], [17, 9, 0]], "type": "T", "n_corners": 2}, "geometry": {"type": "Point", "coordinates": [18.936574299999997, 47.566739400000024]}}, {"id": "6", "type": "Feature", "properties": {"x": 4991895.477909509, "y": 2757676.878289693, "bearings": {"6_9_0": 6.1070950698008595, "6_15_0": -105.05033716396018, "6_3_0": 178.40851824421603}, "angles": {"6_15_0": 76.54114459182381, "6_9_0": 111.15743223376104, "6_3_0": 172.30142317441516}, "adj_sorted": [[6, 15, 0], [6, 9, 0], [6, 3, 0]], "type": "T", "n_corners": 2}, "geometry": {"type": "Point", "coordinates": [18.934864299999997, 47.567548200000026]}}, {"id": "38", "type": "Feature", "properties": {"x": 4992187.9247205015, "y": 2757604.6655510436, "bearings": {"38_48_0": -56.50062637845782, "38_61_0": 37.20461134493249, "38_27_0": 124.17804961222296, "38_22_0": -144.64363177384084}, "angles": {"38_22_0": 91.1783186139362, "38_48_0": 88.14300539538303, "38_61_0": 93.7052377233903, "38_27_0": 86.97343826729048}, "adj_sorted": [[38, 22, 0], [38, 48, 0], [38, 61, 0], [38, 27, 0]], "type": "X", "n_corners": 4}, "geometry": {"type": "Point", "coordinates": [18.938613399999994, 47.56658640000006]}}, {"id": "22", "type": "Feature", "properties": {"x": 4992082.005516587, "y": 2757529.514020966, "bearings": {"22_17_0": 123.31125881974728, "22_38_0": 35.35636822615918, "22_28_0": -55.226760778259916, "22_15_0": -143.86087277734504}, "angles": {"22_15_0": 92.82786840290771, "22_28_0": 88.63411199908512, "22_38_0": 90.58312900441909, "22_17_0": 87.9548905935881}, "adj_sorted": [[22, 15, 0], [22, 28, 0], [22, 38, 0], [22, 17, 0]], "type": "X", "n_corners": 4}, "geometry": {"type": "Point", "coordinates": [18.937098099999996, 47.566030600000026]}}, {"id": "15", "type": "Feature", "properties": {"x": 4992015.114088982, "y": 2757480.6659476105, "bearings": {"15_6_0": 124.59836318122193, "15_22_0": 36.13912722265498, "15_23_0": -57.991509265704856}, "angles": {"15_23_0": 177.4101275530732, "15_22_0": 94.13063648835984, "15_6_0": 88.45923595856695}, "adj_sorted": [[15, 23, 0], [15, 22, 0], [15, 6, 0]], "type": "T", "n_corners": 2}, "geometry": {"type": "Point", "coordinates": [18.936139000000004, 47.56566720000002]}}, {"id": "183", "type": "Feature", "properties": {"x": 4992862.197983941, "y": 2757663.868201307, "bearings": {"183_197_0": -2.222181358331803, "183_160_0": -179.26789932076838, "183_184_0": 87.38814761338203}, "angles": {"183_160_0": 93.34395306584958, "183_197_0": 177.04571796243658, "183_184_0": 89.61032897171384}, "adj_sorted": [[183, 160, 0], [183, 197, 0], [183, 184, 0]], "type": "T", "n_corners": 2}, "geometry": {"type": "Point", "coordinates": [18.947608100000004, 47.56638270000005]}}, {"id": "160", "type": "Feature", "properties": {"x": 4992773.205726394, "y": 2757655.2446936, "bearings": {"160_188_0": -51.237114124102845, "160_141_0": -175.2587500075476, "160_183_0": 7.089782167155446, "160_140_0": 130.8935510401116}, "angles": {"160_141_0": 53.84769895234081, "160_188_0": 124.02163588344476, "160_183_0": 58.326896291258294, "160_140_0": 123.80376887295614}, "adj_sorted": [[160, 141, 0], [160, 188, 0], [160, 183, 0], [160, 140, 0]], "type": "X", "n_corners": 4}, "geometry": {"type": "Point", "coordinates": [18.946419699999993, 47.5664024]}}, {"id": "184", "type": "Feature", "properties": {"x": 4992863.68799511, "y": 2757696.531689055, "bearings": {"184_199_0": 38.41071029030277, "184_183_0": -92.61185238661798, "184_165_0": 131.0282957086979}, "angles": {"184_183_0": 136.35985190468412, "184_199_0": 131.02256267692076, "184_165_0": 92.61758541839512}, "adj_sorted": [[184, 183, 0], [184, 199, 0], [184, 165, 0]], "type": "Y", "n_corners": 3}, "geometry": {"type": "Point", "coordinates": [18.947678599999996, 47.566672600000004]}}, {"id": "140", "type": "Feature", "properties": {"x": 4992680.950749696, "y": 2757761.7333536707, "bearings": {"140_158_0": 47.70484123071449, "140_114_0": 131.72458273459938, "140_160_0": -49.100410135545914}, "angles": {"140_160_0": 179.1750071298547, "140_158_0": 96.8052513662604, "140_114_0": 84.01974150388489}, "adj_sorted": [[140, 160, 0], [140, 158, 0], [140, 114, 0]], "type": "T", "n_corners": 2}, "geometry": {"type": "Point", "coordinates": [18.945367299999997, 47.56745300000006]}}, {"id": "537", "type": "Feature", "properties": {"x": 4994368.132330775, "y": 2757709.2343842518, "bearings": {"537_538_0": -62.348443756967946, "537_591_0": 28.37765277639753, "537_530_0": -174.12077642725458}, "angles": {"537_530_0": 157.5015707963479, "537_538_0": 111.77233267028663, "537_591_0": 90.72609653336548}, "adj_sorted": [[537, 530, 0], [537, 538, 0], [537, 591, 0]], "type": "Y", "n_corners": 3}, "geometry": {"type": "Point", "coordinates": [18.9675614, 47.56514990000004]}}, {"id": "530", "type": "Feature", "properties": {"x": 4994346.953232544, "y": 2757707.0654164446, "bearings": {"530_518_0": -132.3088803420063, "530_537_0": 5.8313256981734245, "530_534_0": 90.3937925931589}, "angles": {"530_518_0": 137.2973270648348, "530_537_0": 138.14020604017972, "530_534_0": 84.56246689498548}, "adj_sorted": [[530, 518, 0], [530, 537, 0], [530, 534, 0]], "type": "Y", "n_corners": 3}, "geometry": {"type": "Point", "coordinates": [18.967278399999994, 47.56515360000005]}}, {"id": "534", "type": "Feature", "properties": {"x": 4994356.310765516, "y": 2757924.284469012, "bearings": {"534_530_0": -97.92657581436998, "534_504_0": 159.64003438185716, "534_594_0": -17.703417507636107}, "angles": {"534_530_0": 102.43338980377285, "534_594_0": 80.22315830673388, "534_504_0": 177.34345188949328}, "adj_sorted": [[534, 530, 0], [534, 594, 0], [534, 504, 0]], "type": "T", "n_corners": 2}, "geometry": {"type": "Point", "coordinates": [18.967740700000004, 47.56708200000002]}}, {"id": "461", "type": "Feature", "properties": {"x": 4993996.56022118, "y": 2757723.4290937674, "bearings": {"461_449_0": -115.0039096527007, "461_514_0": -19.351958315212823, "461_505_0": 64.0228388474931}, "angles": {"461_449_0": 180.9732514998062, "461_514_0": 95.65195133748787, "461_505_0": 83.37479716270593}, "adj_sorted": [[461, 449, 0], [461, 514, 0], [461, 505, 0]], "type": "T", "n_corners": 2}, "geometry": {"type": "Point", "coordinates": [18.962677799999994, 47.565681000000055]}}, {"id": "514", "type": "Feature", "properties": {"x": 4994281.2454886325, "y": 2757797.2398625803, "bearings": {"514_518_0": -73.14164253793324, "514_461_0": -162.47094179985638, "514_505_0": 114.30762743801853}, "angles": {"514_461_0": 83.22143076212512, "514_518_0": 89.32929926192314, "514_505_0": 187.44926997595178}, "adj_sorted": [[514, 461, 0], [514, 518, 0], [514, 505, 0]], "type": "T", "n_corners": 2}, "geometry": {"type": "Point", "coordinates": [18.966551499999994, 47.56602990000002]}}, {"id": "505", "type": "Feature", "properties": {"x": 4994234.889390969, "y": 2757899.8708079006, "bearings": {"505_461_0": -111.43221384159243, "505_514_0": -65.69237256198149, "505_504_0": 96.91318674929252}, "angles": {"505_461_0": 151.65459940911506, "505_514_0": 45.73984127961094, "505_504_0": 162.60555931127402}, "adj_sorted": [[505, 461, 0], [505, 514, 0], [505, 504, 0]], "type": "Y", "n_corners": 3}, "geometry": {"type": "Point", "coordinates": [18.9660995, 47.5669963]}}, {"id": "698", "type": "Feature", "properties": {"x": 4996394.714951764, "y": 2753590.113926731, "bearings": {"698_709_0": -36.41063783151068, "698_696_0": 109.41074659304358, "698_693_0": -166.8588064845727}, "angles": {"698_693_0": 83.73044692238369, "698_709_0": 130.44816865306203, "698_696_0": 145.82138442455425}, "adj_sorted": [[698, 693, 0], [698, 709, 0], [698, 696, 0]], "type": "Y", "n_corners": 3}, "geometry": {"type": "Point", "coordinates": [18.987879899999992, 47.526180100000026]}}, {"id": "694", "type": "Feature", "properties": {"x": 4996383.998918469, "y": 2753958.385233382, "bearings": {"694_691_0": -110.91208090601927, "694_707_0": 9.416199714413146, "694_673_0": 171.9376038982368}, "angles": {"694_691_0": 77.15031519574393, "694_707_0": 120.32828062043242, "694_673_0": 162.52140418382365}, "adj_sorted": [[694, 691, 0], [694, 707, 0], [694, 673, 0]], "type": "Y", "n_corners": 3}, "geometry": {"type": "Point", "coordinates": [18.988313500000004, 47.52947840000004]}}, {"id": "679", "type": "Feature", "properties": {"x": 4996271.354287796, "y": 2754663.1047920915, "bearings": {"679_675_0": -143.03584993482227, "679_689_0": 36.08026356891584, "679_674_0": 138.7062777578663, "679_692_0": -42.121598445920775}, "angles": {"679_675_0": 78.25787230731146, "679_692_0": 100.9142514889015, "679_689_0": 78.20186201483662, "679_674_0": 102.62601418895046}, "adj_sorted": [[679, 675, 0], [679, 692, 0], [679, 689, 0], [679, 674, 0]], "type": "X", "n_corners": 4}, "geometry": {"type": "Point", "coordinates": [18.987927699999997, 47.53589050000004]}}, {"id": "689", "type": "Feature", "properties": {"x": 4996336.303280701, "y": 2754710.4321515244, "bearings": {"689_679_0": -143.91973643108417, "689_699_0": 34.08671385485024, "689_674_0": 128.96629705677714}, "angles": {"689_679_0": 87.11396651213869, "689_699_0": 178.00645028593442, "689_674_0": 94.87958320192689}, "adj_sorted": [[689, 679, 0], [689, 699, 0], [689, 674, 0]], "type": "T", "n_corners": 2}, "geometry": {"type": "Point", "coordinates": [18.98885859999999, 47.536242000000016]}}, {"id": "674", "type": "Feature", "properties": {"x": 4996226.425832028, "y": 2754836.403196011, "bearings": {"674_679_0": -144.57064227080843, "674_689_0": -9.084401552155116, "674_686_0": 33.055933127169105}, "angles": {"674_679_0": 182.37342460202245, "674_689_0": 135.4862407186533, "674_686_0": 42.14033467932422}, "adj_sorted": [[674, 679, 0], [674, 689, 0], [674, 686, 0]], "type": "Y", "n_corners": 2}, "geometry": {"type": "Point", "coordinates": [18.9876055, 47.53748610000003]}}, {"id": "692", "type": "Feature", "properties": {"x": 4996353.576050407, "y": 2754588.7706053136, "bearings": {"692_703_0": 38.99879397362857, "692_679_0": 137.88194775518414, "692_697_0": -45.74772892407099}, "angles": {"692_697_0": 176.37032332074486, "692_703_0": 84.74652289769956, "692_679_0": 98.88315378155556}, "adj_sorted": [[692, 697, 0], [692, 703, 0], [692, 679, 0]], "type": "T", "n_corners": 2}, "geometry": {"type": "Point", "coordinates": [18.988896499999992, 47.53513740000002]}}, {"id": "699", "type": "Feature", "properties": {"x": 4996406.048781662, "y": 2754757.629822626, "bearings": {"699_705_0": 34.09850587259508, "699_703_0": -57.39670019558116, "699_689_0": -145.91328614514978, "699_686_0": 124.0731174298664}, "angles": {"699_689_0": 90.0135964249838, "699_703_0": 88.51658594956862, "699_705_0": 91.49520606817623, "699_686_0": 89.97461155727132}, "adj_sorted": [[699, 689, 0], [699, 703, 0], [699, 705, 0], [699, 686, 0]], "type": "X", "n_corners": 4}, "geometry": {"type": "Point", "coordinates": [18.989852600000003, 47.5365871]}}, {"id": "686", "type": "Feature", "properties": {"x": 4996313.311181774, "y": 2754895.074115563, "bearings": {"686_705_0": 33.50069475598184, "686_674_0": -144.4055484075316, "686_699_0": -56.54094553971836}, "angles": {"686_674_0": 182.09375683648656, "686_699_0": 87.86460286781323, "686_705_0": 90.0416402957002}, "adj_sorted": [[686, 674, 0], [686, 699, 0], [686, 705, 0]], "type": "T", "n_corners": 2}, "geometry": {"type": "Point", "coordinates": [18.988843600000006, 47.537914900000054]}}, {"id": "690", "type": "Feature", "properties": {"x": 4996338.597352461, "y": 2754229.0994649874, "bearings": {"690_704_0": 62.97678207855811, "690_716_0": -19.71032723961412, "690_719_0": -118.4321689317773}, "angles": {"690_719_0": 178.59104898966459, "690_716_0": 98.72184169216318, "690_704_0": 82.68710931817223}, "adj_sorted": [[690, 719, 0], [690, 716, 0], [690, 704, 0]], "type": "T", "n_corners": 2}, "geometry": {"type": "Point", "coordinates": [18.988137199999997, 47.53194390000002]}}, {"id": "28", "type": "Feature", "properties": {"x": 4992144.296732261, "y": 2757439.7993236175, "bearings": {"28_48_0": 36.947357656139054, "28_22_0": 124.77323922174008, "28_23_0": -144.5836306244749, "28_34_0": -56.24406488202438}, "angles": {"28_23_0": 90.64313015378502, "28_34_0": 88.3395657424505, "28_48_0": 93.19142253816344, "28_22_0": 87.82588156560104}, "adj_sorted": [[28, 23, 0], [28, 34, 0], [28, 48, 0], [28, 22, 0]], "type": "X", "n_corners": 4}, "geometry": {"type": "Point", "coordinates": [18.9377811, 47.565162300000026]}}, {"id": "23", "type": "Feature", "properties": {"x": 4992084.827377121, "y": 2757397.5110763228, "bearings": {"23_15_0": 141.30696952487523, "23_28_0": 35.41636937552511, "23_30_0": -46.68008337121659}, "angles": {"23_30_0": 172.01294710390817, "23_28_0": 82.0964527467417, "23_15_0": 105.89060014935012}, "adj_sorted": [[23, 30, 0], [23, 28, 0], [23, 15, 0]], "type": "T", "n_corners": 2}, "geometry": {"type": "Point", "coordinates": [18.936930199999992, 47.56484940000003]}}, {"id": "34", "type": "Feature", "properties": {"x": 4992177.310488339, "y": 2757390.401823898, "bearings": {"34_56_0": 36.20552759736597, "34_28_0": 123.75593511797562, "34_42_0": -55.2981716399961}, "angles": {"34_42_0": 180.94589324202826, "34_56_0": 91.50369923736207, "34_28_0": 87.55040752060965}, "adj_sorted": [[34, 42, 0], [34, 56, 0], [34, 28, 0]], "type": "T", "n_corners": 2}, "geometry": {"type": "Point", "coordinates": [18.938140199999992, 47.564685600000026]}}, {"id": "30", "type": "Feature", "properties": {"x": 4992159.560066911, "y": 2757298.048483144, "bearings": {"30_23_0": 124.76379291416404, "30_42_0": 36.68724923998289, "30_41_0": -56.20348136410885}, "angles": {"30_41_0": 179.0327257217271, "30_42_0": 92.89073060409174, "30_23_0": 88.07654367418115}, "adj_sorted": [[30, 41, 0], [30, 42, 0], [30, 23, 0]], "type": "T", "n_corners": 2}, "geometry": {"type": "Point", "coordinates": [18.9377623, 47.56388059999999]}}, {"id": "42", "type": "Feature", "properties": {"x": 4992213.456920911, "y": 2757338.2033048407, "bearings": {"42_65_0": 35.90042207445535, "42_34_0": 124.70182836000392, "42_30_0": -143.31275076001714, "42_52_0": -55.9451016105822}, "angles": {"42_30_0": 91.98542087997896, "42_52_0": 87.36764914943494, "42_65_0": 91.84552368503755, "42_34_0": 88.80140628554857}, "adj_sorted": [[42, 30, 0], [42, 52, 0], [42, 65, 0], [42, 34, 0]], "type": "X", "n_corners": 4}, "geometry": {"type": "Point", "coordinates": [18.938536300000003, 47.56418050000003]}}, {"id": "52", "type": "Feature", "properties": {"x": 4992266.791678097, "y": 2757265.5965113537, "bearings": {"52_78_0": 36.598822980202094, "52_71_0": -29.438080564988997, "52_42_0": 145.13239287546932, "52_41_0": -143.37056704768068}, "angles": {"52_41_0": 71.49704007685, "52_71_0": 113.93248648269169, "52_78_0": 66.0369035451911, "52_42_0": 108.53356989526722}, "adj_sorted": [[52, 41, 0], [52, 71, 0], [52, 78, 0], [52, 42, 0]], "type": "X", "n_corners": 4}, "geometry": {"type": "Point", "coordinates": [18.939127599999996, 47.56347460000004]}}, {"id": "41", "type": "Feature", "properties": {"x": 4992209.695321405, "y": 2757223.147489507, "bearings": {"41_30_0": 123.79651863589116, "41_52_0": 36.62943295231933, "41_49_0": -56.6507549874825}, "angles": {"41_49_0": 179.55272637662634, "41_52_0": 93.28018793980183, "41_30_0": 87.16708568357183}, "adj_sorted": [[41, 49, 0], [41, 52, 0], [41, 30, 0]], "type": "T", "n_corners": 2}, "geometry": {"type": "Point", "coordinates": [18.9383078, 47.56315769999999]}}, {"id": "49", "type": "Feature", "properties": {"x": 4992254.489813969, "y": 2757155.081952213, "bearings": {"49_41_0": 123.3492450125175, "49_37_0": -144.38904207944404, "49_60_0": -51.019054662667514}, "angles": {"49_37_0": 92.26171290803848, "49_60_0": 93.36998741677652, "49_41_0": 174.36829967518503}, "adj_sorted": [[49, 37, 0], [49, 60, 0], [49, 41, 0]], "type": "T", "n_corners": 2}, "geometry": {"type": "Point", "coordinates": [18.9387934, 47.562501600000026]}}, {"id": "60", "type": "Feature", "properties": {"x": 4992298.316412743, "y": 2757095.9521192787, "bearings": {"60_68_0": -55.537680249071876, "60_76_0": 35.72413257749574, "60_49_0": 123.57769801578517, "60_45_0": -145.10426840976223}, "angles": {"60_45_0": 91.31803357445261, "60_68_0": 89.56658816069034, "60_76_0": 91.26181282656762, "60_49_0": 87.85356543828944}, "adj_sorted": [[60, 45, 0], [60, 68, 0], [60, 76, 0], [60, 49, 0]], "type": "X", "n_corners": 4}, "geometry": {"type": "Point", "coordinates": [18.939280099999998, 47.56192630000001]}}, {"id": "74", "type": "Feature", "properties": {"x": 4992355.550000287, "y": 2756907.3950410485, "bearings": {"74_87_0": 32.735166202436794, "74_79_0": -61.5664623186771, "74_53_0": -143.6674053320521}, "angles": {"74_53_0": 183.5974284655111, "74_79_0": 82.10094301337502, "74_87_0": 94.30162852111388}, "adj_sorted": [[74, 53, 0], [74, 79, 0], [74, 87, 0]], "type": "T", "n_corners": 2}, "geometry": {"type": "Point", "coordinates": [18.939742599999995, 47.56018130000002]}}, {"id": "504", "type": "Feature", "properties": {"x": 4994233.032666244, "y": 2757969.204957641, "bearings": {"504_534_0": -19.415406469456716, "504_505_0": -102.84594916844708, "504_496_0": 154.5031254871891}, "angles": {"504_505_0": 102.65092534436383, "504_534_0": 83.43054269899037, "504_496_0": 173.9185319566458}, "adj_sorted": [[504, 505, 0], [504, 534, 0], [504, 496, 0]], "type": "T", "n_corners": 2}, "geometry": {"type": "Point", "coordinates": [18.9661831, 47.56761710000003]}}, {"id": "496", "type": "Feature", "properties": {"x": 4994199.972768695, "y": 2757987.6723636845, "bearings": {"496_504_0": -34.538563728207876, "496_481_0": 142.50013679939718, "496_491_0": -112.27034750014437}, "angles": {"496_491_0": 105.22951570045845, "496_504_0": 77.73178377193649, "496_481_0": 177.03870052760504}, "adj_sorted": [[496, 491, 0], [496, 504, 0], [496, 481, 0]], "type": "T", "n_corners": 2}, "geometry": {"type": "Point", "coordinates": [18.9657754, 47.56781790000003]}}, {"id": "481", "type": "Feature", "properties": {"x": 4994106.041864326, "y": 2758059.7611913104, "bearings": {"481_496_0": -37.5057033614416, "481_475_0": 142.48017210259695, "481_459_0": -123.60138521671014}, "angles": {"481_459_0": 93.91844268069292, "481_496_0": 86.09568185526854, "481_475_0": 179.98587546403854}, "adj_sorted": [[481, 459, 0], [481, 496, 0], [481, 475, 0]], "type": "T", "n_corners": 2}, "geometry": {"type": "Point", "coordinates": [18.964647600000003, 47.56856350000001]}}, {"id": "475", "type": "Feature", "properties": {"x": 4994077.406840957, "y": 2758081.7493390674, "bearings": {"475_481_0": -37.51937174308808, "475_459_0": -127.75781353755285, "475_463_0": 140.7249595788434}, "angles": {"475_459_0": 91.51722688360377, "475_481_0": 90.23844179446476, "475_463_0": 178.24433132193147}, "adj_sorted": [[475, 459, 0], [475, 481, 0], [475, 463, 0]], "type": "T", "n_corners": 2}, "geometry": {"type": "Point", "coordinates": [18.964303799999996, 47.568790900000046]}}, {"id": "459", "type": "Feature", "properties": {"x": 4993971.042024253, "y": 2757912.8295705286, "bearings": {"459_439_0": -123.07082918087478, "459_481_0": 13.461000244205344, "459_475_0": 61.2919060872777}, "angles": {"459_439_0": 175.63726473184752, "459_481_0": 136.53182942508013, "459_475_0": 47.83090584307236}, "adj_sorted": [[459, 439, 0], [459, 481, 0], [459, 475, 0]], "type": "Y", "n_corners": 2}, "geometry": {"type": "Point", "coordinates": [18.9626361, 47.56739910000003]}}, {"id": "295", "type": "Feature", "properties": {"x": 4993330.307002118, "y": 2758279.5550243496, "bearings": {"295_334_0": 55.332144767296626, "295_281_0": 158.52844012532802, "295_299_0": -63.14913082445764, "295_290_0": 100.83575097308189}, "angles": {"295_299_0": 138.32242905021434, "295_334_0": 118.48127559175427, "295_290_0": 45.50360620578526, "295_281_0": 57.69268915224613}, "adj_sorted": [[295, 299, 0], [295, 334, 0], [295, 290, 0], [295, 281, 0]], "type": "other", "n_corners": 4}, "geometry": {"type": "Point", "coordinates": [18.9547474, 47.571368899999996]}}, {"id": "334", "type": "Feature", "properties": {"x": 4993493.536221132, "y": 2758515.548745997, "bearings": {"334_295_0": -124.66838518733483, "334_281_0": 149.9275657659445, "334_367_0": -31.50951564876484}, "angles": {"334_295_0": 85.40404904672067, "334_367_0": 93.15886953857, "334_281_0": 181.43708141470935}, "adj_sorted": [[334, 295, 0], [334, 367, 0], [334, 281, 0]], "type": "T", "n_corners": 2}, "geometry": {"type": "Point", "coordinates": [18.957270399999988, 47.5732976]}}, {"id": "281", "type": "Feature", "properties": {"x": 4993279.459534859, "y": 2758631.779902066, "bearings": {"281_295_0": 155.95449008320563, "281_334_0": 57.22382210385143, "281_290_0": -76.18976249892656}, "angles": {"281_290_0": 127.8557474178678, "281_334_0": 133.41358460277797, "281_295_0": 98.7306679793542}, "adj_sorted": [[281, 290, 0], [281, 334, 0], [281, 295, 0]], "type": "Y", "n_corners": 3}, "geometry": {"type": "Point", "coordinates": [18.954624599999992, 47.574567700000024]}}, {"id": "299", "type": "Feature", "properties": {"x": 4993343.626953913, "y": 2758253.244072139, "bearings": {"299_295_0": 116.85086917554236, "299_312_0": -64.56761629652082, "299_268_0": -179.60224441783572}, "angles": {"299_268_0": 63.54688640662192, "299_312_0": 115.0346281213149, "299_295_0": 181.4184854720632}, "adj_sorted": [[299, 268, 0], [299, 312, 0], [299, 295, 0]], "type": "T", "n_corners": 2}, "geometry": {"type": "Point", "coordinates": [18.954882299999998, 47.571119600000024]}}, {"id": "290", "type": "Feature", "properties": {"x": 4993322.454762448, "y": 2758433.4374424517, "bearings": {"290_295_0": -83.67718517791971, "290_281_0": 96.29469160312821, "290_264_0": -155.37223955325692}, "angles": {"290_264_0": 108.33306884361485, "290_295_0": 71.69505437533721, "290_281_0": 179.9718767810479}, "adj_sorted": [[290, 264, 0], [290, 295, 0], [290, 281, 0]], "type": "T", "n_corners": 2}, "geometry": {"type": "Point", "coordinates": [18.954883399999996, 47.57275080000001]}}, {"id": "367", "type": "Feature", "properties": {"x": 4993595.849021768, "y": 2758450.467560199, "bearings": {"367_334_0": 142.9220405510711, "367_380_0": -40.602191936354565, "367_340_0": -124.2541066329982}, "angles": {"367_340_0": 92.8238528159307, "367_380_0": 83.65191469664364, "367_334_0": 183.52423248742565}, "adj_sorted": [[367, 340, 0], [367, 380, 0], [367, 334, 0]], "type": "T", "n_corners": 2}, "geometry": {"type": "Point", "coordinates": [18.958519999999996, 47.572605500000016]}}, {"id": "380", "type": "Feature", "properties": {"x": 4993638.995749574, "y": 2758413.48347849, "bearings": {"380_367_0": 139.39780806364544, "380_394_0": -42.9100713518377, "380_366_0": -124.20507323969693}, "angles": {"380_366_0": 96.39711869665763, "380_394_0": 81.29500188785923, "380_367_0": 182.30787941548314}, "adj_sorted": [[380, 366, 0], [380, 394, 0], [380, 367, 0]], "type": "T", "n_corners": 2}, "geometry": {"type": "Point", "coordinates": [18.959032099999998, 47.57222850000002]}}, {"id": "340", "type": "Feature", "properties": {"x": 4993510.4898007205, "y": 2758325.137779242, "bearings": {"340_367_0": 55.731016574221734, "340_312_0": -123.71856935223038, "340_422_0": -35.50751095933494}, "angles": {"340_312_0": 180.5504140735479, "340_422_0": 88.21105839289544, "340_367_0": 91.23852753355666}, "adj_sorted": [[340, 312, 0], [340, 422, 0], [340, 367, 0]], "type": "T", "n_corners": 2}, "geometry": {"type": "Point", "coordinates": [18.9571976, 47.57157979999999]}}, {"id": "312", "type": "Feature", "properties": {"x": 4993393.089769531, "y": 2758149.227393322, "bearings": {"312_299_0": 115.43238370347919, "312_340_0": 56.28143064776962, "312_315_0": -61.74976526813771}, "angles": {"312_315_0": 182.8178510283831, "312_340_0": 118.03119591590732, "312_299_0": 59.15095305570957}, "adj_sorted": [[312, 315, 0], [312, 340, 0], [312, 299, 0]], "type": "Y", "n_corners": 2}, "geometry": {"type": "Point", "coordinates": [18.955373399999996, 47.57013750000003]}}, {"id": "394", "type": "Feature", "properties": {"x": 4993696.758043066, "y": 2758357.260660937, "bearings": {"394_380_0": 135.22525732114946, "394_429_0": 69.50491424278728, "394_440_0": -43.608073103091}, "angles": {"394_440_0": 181.16666957575956, "394_429_0": 113.11298734587828, "394_380_0": 65.72034307836218}, "adj_sorted": [[394, 440, 0], [394, 429, 0], [394, 380, 0]], "type": "T", "n_corners": 2}, "geometry": {"type": "Point", "coordinates": [18.9597072, 47.571663900000026]}}, {"id": "422", "type": "Feature", "properties": {"x": 4993834.477845714, "y": 2758100.0542733315, "bearings": {"422_340_0": 146.2467364705951, "422_412_0": -121.71025948844597, "422_440_0": 55.71520141603949}, "angles": {"422_412_0": 92.04300404095892, "422_440_0": 177.42546090448548, "422_340_0": 90.5315350545556}, "adj_sorted": [[422, 412, 0], [422, 440, 0], [422, 340, 0]], "type": "T", "n_corners": 2}, "geometry": {"type": "Point", "coordinates": [18.961124799999997, 47.569218600000056]}}, {"id": "320", "type": "Feature", "properties": {"x": 4993417.091627284, "y": 2758019.206608496, "bearings": {"320_332_0": -76.98884481485777, "320_347_0": 12.548159614645005, "320_315_0": 101.65003604999914}, "angles": {"320_332_0": 181.3611191351431, "320_347_0": 89.53700442950277, "320_315_0": 89.10187643535414}, "adj_sorted": [[320, 332, 0], [320, 347, 0], [320, 315, 0]], "type": "T", "n_corners": 2}, "geometry": {"type": "Point", "coordinates": [18.955487799999997, 47.568951000000034]}}, {"id": "315", "type": "Feature", "properties": {"x": 4993406.853102426, "y": 2758122.499948942, "bearings": {"315_312_0": 115.37264777528009, "315_320_0": -68.83952522505365, "315_398_0": -24.34061846549788}, "angles": {"315_320_0": 175.78782699966627, "315_398_0": 44.498906759555766, "315_312_0": 139.71326624077795}, "adj_sorted": [[315, 320, 0], [315, 398, 0], [315, 312, 0]], "type": "Y", "n_corners": 2}, "geometry": {"type": "Point", "coordinates": [18.95551349999999, 47.56988400000005]}}, {"id": "716", "type": "Feature", "properties": {"x": 4996646.602287195, "y": 2754188.6966569764, "bearings": {"716_720_0": 81.55337137624238, "716_690_0": -179.0752302183776, "716_717_0": -85.84352199602469}, "angles": {"716_690_0": 99.37139840537998, "716_717_0": 93.23170822235292, "716_720_0": 167.39689337226707}, "adj_sorted": [[716, 690, 0], [716, 717, 0], [716, 720, 0]], "type": "T", "n_corners": 2}, "geometry": {"type": "Point", "coordinates": [18.992137799999995, 47.531247200000045]}}, {"id": "719", "type": "Feature", "properties": {"x": 4996652.404861874, "y": 2754106.912862222, "bearings": {"719_727_0": 7.912851817864601, "719_690_0": -173.91215783656, "719_718_0": 94.21160488448531}, "angles": {"719_690_0": 91.8762372789547, "719_727_0": 181.8250096544246, "719_718_0": 86.2987530666207}, "adj_sorted": [[719, 690, 0], [719, 727, 0], [719, 718, 0]], "type": "T", "n_corners": 2}, "geometry": {"type": "Point", "coordinates": [18.9920866, 47.53051100000003]}}, {"id": "53", "type": "Feature", "properties": {"x": 4992272.004865774, "y": 2756852.7326747053, "bearings": {"53_74_0": 13.687374330263898, "53_19_0": 178.1943833059147, "53_33_0": 50.74184074733473}, "angles": {"53_74_0": 195.4929910243492, "53_33_0": 37.05446641707083, "53_19_0": 127.45254255857998}, "adj_sorted": [[53, 74, 0], [53, 33, 0], [53, 19, 0]], "type": "other", "n_corners": 3}, "geometry": {"type": "Point", "coordinates": [18.938554699999997, 47.55978410000004]}}, {"id": "196", "type": "Feature", "properties": {"x": 4992902.8985774815, "y": 2758170.0725508714, "bearings": {"196_161_0": 151.76770120042343, "196_182_0": -118.09376120983694, "196_206_0": 60.75635729751005, "196_283_0": -34.77825936339571}, "angles": {"196_182_0": 90.1385375897396, "196_283_0": 83.31550184644124, "196_206_0": 95.53461666090575, "196_161_0": 91.01134390291338}, "adj_sorted": [[196, 182, 0], [196, 283, 0], [196, 206, 0], [196, 161, 0]], "type": "X", "n_corners": 4}, "geometry": {"type": "Point", "coordinates": [18.948933300000004, 47.57085630000004]}}, {"id": "206", "type": "Feature", "properties": {"x": 4992949.0743083805, "y": 2758252.546714992, "bearings": {"206_161_0": 141.70214844266087, "206_196_0": -119.24364270248996, "206_214_0": -34.54590248744771}, "angles": {"206_196_0": 99.05420885484915, "206_214_0": 84.69774021504224, "206_161_0": 176.24805093010858}, "adj_sorted": [[206, 196, 0], [206, 214, 0], [206, 161, 0]], "type": "T", "n_corners": 2}, "geometry": {"type": "Point", "coordinates": [18.9496714, 47.5715422]}}, {"id": "420", "type": "Feature", "properties": {"x": 4993824.750166919, "y": 2757856.43951406, "bearings": {"420_439_0": -45.76005603174202, "420_397_0": 149.53792902461174, "420_437_0": 57.36699071654452, "420_387_0": -122.09556684355576}, "angles": {"420_387_0": 88.36650413183247, "420_439_0": 76.33551081181375, "420_437_0": 103.12704674828655, "420_397_0": 92.17093830806722}, "adj_sorted": [[420, 387, 0], [420, 439, 0], [420, 437, 0], [420, 397, 0]], "type": "X", "n_corners": 4}, "geometry": {"type": "Point", "coordinates": [18.9606167, 47.567055]}}, {"id": "397", "type": "Feature", "properties": {"x": 4993718.4134041015, "y": 2757916.6913451534, "bearings": {"397_420_0": -28.34877954257293, "397_410_0": 56.96313173547577, "397_396_0": 151.93839506107176}, "angles": {"397_420_0": 179.7128253963553, "397_410_0": 85.3119112780487, "397_396_0": 94.97526332559599}, "adj_sorted": [[397, 420, 0], [397, 410, 0], [397, 396, 0]], "type": "T", "n_corners": 2}, "geometry": {"type": "Point", "coordinates": [18.959306599999994, 47.56770840000005]}}, {"id": "437", "type": "Feature", "properties": {"x": 4993880.822304902, "y": 2757944.0058836974, "bearings": {"437_420_0": -122.63300928345548, "437_463_0": 57.287750415417456, "437_425_0": 144.24029768474637}, "angles": {"437_420_0": 93.12669303179814, "437_463_0": 179.92075969887293, "437_425_0": 86.9525472693289}, "adj_sorted": [[437, 420, 0], [437, 463, 0], [437, 425, 0]], "type": "T", "n_corners": 2}, "geometry": {"type": "Point", "coordinates": [18.9614935, 47.56777550000005]}}, {"id": "387", "type": "Feature", "properties": {"x": 4993660.599303264, "y": 2757825.766167753, "bearings": {"387_420_0": -29.67089815842343, "387_396_0": 60.023578925534665, "387_372_0": -124.25303884897481}, "angles": {"387_372_0": 175.72338222549052, "387_420_0": 94.58214069055138, "387_396_0": 89.69447708395809}, "adj_sorted": [[387, 372, 0], [387, 420, 0], [387, 396, 0]], "type": "T", "n_corners": 2}, "geometry": {"type": "Point", "coordinates": [18.958401600000002, 47.56695980000003]}}, {"id": "463", "type": "Feature", "properties": {"x": 4994000.679097811, "y": 2758130.6142562474, "bearings": {"463_475_0": -25.977715117704467, "463_437_0": -122.71224958458255, "463_440_0": 151.75205333794295}, "angles": {"463_437_0": 85.53569707747448, "463_475_0": 96.73453446687809, "463_440_0": 177.72976845564742}, "adj_sorted": [[463, 437, 0], [463, 475, 0], [463, 440, 0]], "type": "T", "n_corners": 2}, "geometry": {"type": "Point", "coordinates": [18.963366900000004, 47.5693105]}}, {"id": "440", "type": "Feature", "properties": {"x": 4993895.439981613, "y": 2758189.4723746884, "bearings": {"440_394_0": 147.90799621372682, "440_422_0": -124.28479858396052, "440_463_0": -35.23113640803401}, "angles": {"440_422_0": 87.80720520231267, "440_463_0": 89.05366217592652, "440_394_0": 183.13913262176084}, "adj_sorted": [[440, 422, 0], [440, 463, 0], [440, 394, 0]], "type": "T", "n_corners": 2}, "geometry": {"type": "Point", "coordinates": [18.962069099999994, 47.569950299999995]}}, {"id": "410", "type": "Feature", "properties": {"x": 4993779.145973343, "y": 2758010.0796860713, "bearings": {"410_397_0": -123.03686826452423, "410_416_0": -31.637621505998762, "410_412_0": 60.072453846823024}, "angles": {"410_397_0": 176.89067788865276, "410_416_0": 91.39924675852546, "410_412_0": 91.71007535282179}, "adj_sorted": [[410, 397, 0], [410, 416, 0], [410, 412, 0]], "type": "T", "n_corners": 2}, "geometry": {"type": "Point", "coordinates": [18.960254, 47.56847580000002]}}, {"id": "412", "type": "Feature", "properties": {"x": 4993782.690786847, "y": 2758016.237453023, "bearings": {"412_422_0": 58.289740511554044, "412_410_0": -119.92754615317698, "412_406_0": 145.01433076095165}, "angles": {"412_410_0": 95.05812308587139, "412_422_0": 178.21728666473103, "412_406_0": 86.72459024939761}, "adj_sorted": [[412, 410, 0], [412, 422, 0], [412, 406, 0]], "type": "T", "n_corners": 2}, "geometry": {"type": "Point", "coordinates": [18.960310400000004, 47.56852690000002]}}, {"id": "396", "type": "Feature", "properties": {"x": 4993714.307585, "y": 2757918.8801138266, "bearings": {"396_397_0": -28.061604938928248, "396_387_0": -119.97642107446535, "396_370_0": 150.20411094971428}, "angles": {"396_387_0": 89.81946797582037, "396_397_0": 91.91481613553711, "396_370_0": 178.26571588864252}, "adj_sorted": [[396, 387, 0], [396, 397, 0], [396, 370, 0]], "type": "T", "n_corners": 2}, "geometry": {"type": "Point", "coordinates": [18.959255799999998, 47.56773240000003]}}]}