{"type": "FeatureCollection", "features": [{"id": "26", "type": "Feature", "properties": {"x": 4996511.493690343, "y": 2760022.461128312, "bearings": {"26_20_0": 121.76843017577458, "26_93_0": -89.36258516028464, "26_33_0": -22.841213118167268}, "angles": {"26_93_0": 148.86898466394078, "26_33_0": 66.52137204211738, "26_20_0": 144.60964329394184}, "adj_sorted": [[26, 93, 0], [26, 33, 0], [26, 20, 0]], "type": "Y", "n_corners": 3}, "geometry": {"type": "Point", "coordinates": [18.999478371780313, 47.5834560802408]}}, {"id": "93", "type": "Feature", "properties": {"x": 4997312.058936501, "y": 2759406.830292533, "bearings": {"93_26_0": 158.789600918222, "93_82_0": -106.50618838265525, "93_149_0": -21.830372751776757}, "angles": {"93_82_0": 94.70421069912277, "93_149_0": 84.6758156308785, "93_26_0": 180.61997366999876}, "adj_sorted": [[93, 82, 0], [93, 149, 0], [93, 26, 0]], "type": "T", "n_corners": 2}, "geometry": {"type": "Point", "coordinates": [19.009085999999996, 47.577087100000014]}}, {"id": "33", "type": "Feature", "properties": {"x": 4996618.0472952165, "y": 2759939.2074669385, "bearings": {"33_26_0": 134.71652447057835, "33_36_0": -114.80187594819576, "33_35_0": -45.35233845657453}, "angles": {"33_36_0": 110.48159958122591, "33_35_0": 69.44953749162123, "33_26_0": 180.06886292715288}, "adj_sorted": [[33, 36, 0], [33, 35, 0], [33, 26, 0]], "type": "T", "n_corners": 2}, "geometry": {"type": "Point", "coordinates": [19.0007552, 47.58259670000006]}}, {"id": "82", "type": "Feature", "properties": {"x": 4997227.509290306, "y": 2759137.431669119, "bearings": {"82_93_0": 66.45677726534514, "82_77_0": 157.62840313950582, "82_68_0": -140.86410648993788, "82_125_0": -22.177444875304673}, "angles": {"82_68_0": 61.5074903705563, "82_125_0": 118.68666161463321, "82_93_0": 88.63422214064981, "82_77_0": 91.17162587416068}, "adj_sorted": [[82, 68, 0], [82, 125, 0], [82, 93, 0], [82, 77, 0]], "type": "other", "n_corners": 4}, "geometry": {"type": "Point", "coordinates": [19.007547399999993, 47.57477550000004]}}, {"id": "149", "type": "Feature", "properties": {"x": 4997737.863510004, "y": 2759200.7023674557, "bearings": {"149_93_0": 152.86000060629956, "149_168_0": -32.71868542959034, "149_134_0": -133.2271476968479}, "angles": {"149_134_0": 73.9128516968525, "149_168_0": 100.50846226725757, "149_93_0": 185.57868603588992}, "adj_sorted": [[149, 134, 0], [149, 168, 0], [149, 93, 0]], "type": "T", "n_corners": 2}, "geometry": {"type": "Point", "coordinates": [19.014385399999995, 47.574781800000025]}}, {"id": "35", "type": "Feature", "properties": {"x": 4996675.891730819, "y": 2759880.6471955073, "bearings": {"35_33_0": 134.6476615434255, "35_42_0": 49.4705093263358, "35_107_0": -40.68310025612169}, "angles": {"35_107_0": 184.6692382004528, "35_42_0": 90.15360958245749, "35_33_0": 85.1771522170897}, "adj_sorted": [[35, 107, 0], [35, 42, 0], [35, 33, 0]], "type": "T", "n_corners": 2}, "geometry": {"type": "Point", "coordinates": [19.001427399999997, 47.58201089999997]}}, {"id": "430", "type": "Feature", "properties": {"x": 4999089.117336808, "y": 2756664.761741364, "bearings": {"430_446_0": -68.18193832944172, "430_413_0": 112.55755880089771, "430_390_0": -171.38911756083797}, "angles": {"430_390_0": 76.05332363826432, "430_446_0": 103.20717923139625, "430_413_0": 180.73949713033943}, "adj_sorted": [[430, 390, 0], [430, 446, 0], [430, 413, 0]], "type": "T", "n_corners": 2}, "geometry": {"type": "Point", "coordinates": [19.0282452, 47.55067200000003]}}, {"id": "446", "type": "Feature", "properties": {"x": 4999151.339580297, "y": 2756525.7926571397, "bearings": {"446_430_0": 114.2397692565426, "446_475_0": 51.95059911278196, "446_461_0": -47.57177919956631}, "angles": {"446_461_0": 198.1884515438911, "446_475_0": 99.52237831234827, "446_430_0": 62.28917014376064}, "adj_sorted": [[446, 461, 0], [446, 475, 0], [446, 430, 0]], "type": "other", "n_corners": 3}, "geometry": {"type": "Point", "coordinates": [19.02884829765934, 47.54936369545989]}}, {"id": "413", "type": "Feature", "properties": {"x": 4999049.885048332, "y": 2756811.059105939, "bearings": {"413_430_0": -78.04037236376243, "413_392_0": 101.07577025038533, "413_415_0": -6.48530864641436, "413_342_0": -168.87755142204998}, "angles": {"413_342_0": 90.04667832756468, "413_430_0": 90.83717905828755, "413_415_0": 71.55506371734808, "413_392_0": 107.5610788967997}, "adj_sorted": [[413, 342, 0], [413, 430, 0], [413, 415, 0], [413, 392, 0]], "type": "other", "n_corners": 4}, "geometry": {"type": "Point", "coordinates": [19.027956999999994, 47.55202050000002]}}, {"id": "390", "type": "Feature", "properties": {"x": 4998937.518613267, "y": 2756567.163661979, "bearings": {"390_430_0": 36.227551195687944, "390_434_0": -33.82586320030602, "390_309_0": -122.85037038732554, "390_337_0": 145.46574665030545}, "angles": {"390_309_0": 91.68388296236901, "390_434_0": 89.02450718701952, "390_430_0": 70.05341439599397, "390_337_0": 109.23819545461751}, "adj_sorted": [[390, 309, 0], [390, 434, 0], [390, 430, 0], [390, 337, 0]], "type": "other", "n_corners": 4}, "geometry": {"type": "Point", "coordinates": [19.026091299999997, 47.54996720000006]}}, {"id": "475", "type": "Feature", "properties": {"x": 4999276.7784571545, "y": 2756671.575422039, "bearings": {"475_446_0": -139.6786730350344, "475_516_0": -52.74923512099693, "475_520_0": 41.23601143488989}, "angles": {"475_446_0": 179.08531553007572, "475_516_0": 86.92943791403746, "475_520_0": 93.98524655588682}, "adj_sorted": [[475, 446, 0], [475, 516, 0], [475, 520, 0]], "type": "T", "n_corners": 2}, "geometry": {"type": "Point", "coordinates": [19.0307326, 47.55052710000004]}}, {"id": "461", "type": "Feature", "properties": {"x": 4999209.66517916, "y": 2756428.2170236325, "bearings": {"461_446_0": 118.66801223080837, "461_504_0": -13.25871067125715, "461_458_0": -125.81206327561232}, "angles": {"461_458_0": 115.51992449357931, "461_504_0": 112.55335260435517, "461_446_0": 131.92672290206553}, "adj_sorted": [[461, 458, 0], [461, 504, 0], [461, 446, 0]], "type": "Y", "n_corners": 3}, "geometry": {"type": "Point", "coordinates": [19.029464906454596, 47.548429037589926]}}, {"id": "434", "type": "Feature", "properties": {"x": 4999099.626075484, "y": 2756422.6761278794, "bearings": {"434_390_0": 146.55972651353702, "434_458_0": -33.478798491863074, "434_453_0": -126.40349593361793}, "angles": {"434_453_0": 87.03677755284502, "434_458_0": 92.92469744175486, "434_390_0": 180.0385250054001}, "adj_sorted": [[434, 453, 0], [434, 458, 0], [434, 390, 0]], "type": "T", "n_corners": 2}, "geometry": {"type": "Point", "coordinates": [19.028004000000003, 47.54850020000005]}}, {"id": "458", "type": "Feature", "properties": {"x": 4999192.793877565, "y": 2756404.8347651022, "bearings": {"458_461_0": 54.1879367243877, "458_434_0": -170.0693953370549, "458_471_0": -112.03274999239434}, "angles": {"458_434_0": 135.7426679385574, "458_471_0": 58.03664534466057, "458_461_0": 166.22068671678204}, "adj_sorted": [[458, 434, 0], [458, 471, 0], [458, 461, 0]], "type": "Y", "n_corners": 2}, "geometry": {"type": "Point", "coordinates": [19.029205556976734, 47.548238876115796]}}, {"id": "453", "type": "Feature", "properties": {"x": 4999184.844774132, "y": 2756027.4785625944, "bearings": {"453_434_0": 135.45438060038106, "453_471_0": 38.01041575839967, "453_429_0": -132.37347681217568}, "angles": {"453_429_0": 92.17214258744326, "453_471_0": 170.38389257057534, "453_434_0": 97.4439648419814}, "adj_sorted": [[453, 429, 0], [453, 471, 0], [453, 434, 0]], "type": "T", "n_corners": 2}, "geometry": {"type": "Point", "coordinates": [19.028508499999994, 47.54488020000001]}}, {"id": "471", "type": "Feature", "properties": {"x": 4999262.494910914, "y": 2756065.875842663, "bearings": {"471_458_0": 106.98350704868412, "471_453_0": -163.9099915643942, "471_494_0": -73.39460207809977}, "angles": {"471_453_0": 89.10650138692165, "471_494_0": 90.51538948629444, "471_458_0": 180.3781091267839}, "adj_sorted": [[471, 453, 0], [471, 494, 0], [471, 458, 0]], "type": "T", "n_corners": 2}, "geometry": {"type": "Point", "coordinates": [19.029593450382357, 47.545137733670245]}}, {"id": "516", "type": "Feature", "properties": {"x": 4999380.611990973, "y": 2756535.0313426857, "bearings": {"516_475_0": 127.25084236754273, "516_549_0": -53.75563057483288, "516_520_0": 35.95309650233437}, "angles": {"516_549_0": 178.9935270576244, "516_520_0": 89.70872707716725, "516_475_0": 91.29774586520836}, "adj_sorted": [[516, 549, 0], [516, 520, 0], [516, 475, 0]], "type": "T", "n_corners": 2}, "geometry": {"type": "Point", "coordinates": [19.03188859999999, 47.549194800000045]}}, {"id": "520", "type": "Feature", "properties": {"x": 4999388.847805603, "y": 2756763.194787274, "bearings": {"520_475_0": -145.11348485674137, "520_516_0": -79.2944807003383, "520_566_0": 35.1756524959085}, "angles": {"520_475_0": 179.71086264735013, "520_516_0": 65.81900415640307, "520_566_0": 114.47013319624679}, "adj_sorted": [[520, 475, 0], [520, 516, 0], [520, 566, 0]], "type": "T", "n_corners": 2}, "geometry": {"type": "Point", "coordinates": [19.0323555, 47.55122180000002]}}, {"id": "429", "type": "Feature", "properties": {"x": 4999088.585765375, "y": 2755917.3117573387, "bearings": {"429_453_0": 41.01066063392297, "429_353_0": -94.24277284457948, "429_409_0": -175.3071174754812}, "angles": {"429_409_0": 143.68222189059583, "429_353_0": 81.06434463090172, "429_453_0": 135.25343347850244}, "adj_sorted": [[429, 409, 0], [429, 353, 0], [429, 453, 0]], "type": "Y", "n_corners": 3}, "geometry": {"type": "Point", "coordinates": [19.027065399999994, 47.54400260000002]}}, {"id": "494", "type": "Feature", "properties": {"x": 4999322.651245434, "y": 2755864.1548471907, "bearings": {"494_471_0": 106.60539792190025, "494_578_0": 19.824763960748868, "494_455_0": -160.7844536900723, "494_518_0": -73.15188884215938}, "angles": {"494_455_0": 92.61014838802748, "494_518_0": 87.63256484791292, "494_578_0": 92.97665280290825, "494_471_0": 86.78063396115138}, "adj_sorted": [[494, 455, 0], [494, 518, 0], [494, 578, 0], [494, 471, 0]], "type": "X", "n_corners": 4}, "geometry": {"type": "Point", "coordinates": [19.030070724993788, 47.5432717092752]}}, {"id": "578", "type": "Feature", "properties": {"x": 4999522.14253176, "y": 2755937.7465602434, "bearings": {"578_494_0": -159.2295908036085, "578_613_0": -72.41163674127226, "578_625_0": 25.969679095994564}, "angles": {"578_494_0": 174.80073010039695, "578_613_0": 86.81795406233623, "578_625_0": 98.38131583726683}, "adj_sorted": [[578, 494, 0], [578, 613, 0], [578, 625, 0]], "type": "T", "n_corners": 2}, "geometry": {"type": "Point", "coordinates": [19.0328187, 47.54370970000004]}}, {"id": "518", "type": "Feature", "properties": {"x": 4999382.903008684, "y": 2755665.1953218477, "bearings": {"518_494_0": 106.84811115784062, "518_557_0": 20.295869109624626, "518_536_0": -67.77885855001449}, "angles": {"518_536_0": 185.3730302921449, "518_557_0": 88.07472765963911, "518_494_0": 86.55224204821599}, "adj_sorted": [[518, 536, 0], [518, 557, 0], [518, 494, 0]], "type": "T", "n_corners": 2}, "geometry": {"type": "Point", "coordinates": [19.030553564457804, 47.541430219210206]}}, {"id": "575", "type": "Feature", "properties": {"x": 4999516.78241873, "y": 2756194.9890879025, "bearings": {"575_504_0": -141.6528163332437, "575_625_0": -42.532697304946986, "575_574_0": 93.25504985257274}, "angles": {"575_504_0": 125.09213381418357, "575_625_0": 99.1201190282967, "575_574_0": 135.78774715751973}, "adj_sorted": [[575, 504, 0], [575, 625, 0], [575, 574, 0]], "type": "Y", "n_corners": 3}, "geometry": {"type": "Point", "coordinates": [19.0331518, 47.54601110000003]}}, {"id": "504", "type": "Feature", "properties": {"x": 4999345.161720308, "y": 2756351.269633845, "bearings": {"504_461_0": 140.24106839285704, "504_575_0": -129.92281715869754, "504_550_0": 45.81570018882285, "504_574_0": -39.45444240540372}, "angles": {"504_575_0": 89.83611444844541, "504_574_0": 90.46837475329383, "504_550_0": 85.27014259422657, "504_461_0": 94.42536820403419}, "adj_sorted": [[504, 575, 0], [504, 574, 0], [504, 550, 0], [504, 461, 0]], "type": "X", "n_corners": 4}, "geometry": {"type": "Point", "coordinates": [19.031132294166646, 47.547593854563324]}}, {"id": "625", "type": "Feature", "properties": {"x": 4999660.098300926, "y": 2756063.244453614, "bearings": {"625_578_0": -131.22664851607763, "625_575_0": 139.17198141070787, "625_634_0": 5.57589392168833}, "angles": {"625_578_0": 89.60137007321453, "625_634_0": 136.80254243776596, "625_575_0": 133.59608748901954}, "adj_sorted": [[625, 578, 0], [625, 634, 0], [625, 575, 0]], "type": "Y", "n_corners": 3}, "geometry": {"type": "Point", "coordinates": [19.034836199999994, 47.54467830000003]}}, {"id": "574", "type": "Feature", "properties": {"x": 4999515.8852683455, "y": 2756210.7638439164, "bearings": {"574_575_0": -86.74495014742726, "574_504_0": 140.5455575945963, "574_584_0": 3.6087583746844696}, "angles": {"574_575_0": 132.70949225797645, "574_584_0": 90.35370852211173, "574_504_0": 136.93679921991182}, "adj_sorted": [[574, 575, 0], [574, 584, 0], [574, 504, 0]], "type": "Y", "n_corners": 3}, "geometry": {"type": "Point", "coordinates": [19.033164726167342, 47.54615285082415]}}, {"id": "550", "type": "Feature", "properties": {"x": 4999467.849895052, "y": 2756430.314748879, "bearings": {"550_504_0": -146.8512619074891, "550_609_0": -40.76121044164209, "550_549_0": 133.60653328827905}, "angles": {"550_504_0": 79.54220480423186, "550_609_0": 106.090051465847, "550_549_0": 174.36774372992113}, "adj_sorted": [[550, 504, 0], [550, 609, 0], [550, 549, 0]], "type": "T", "n_corners": 2}, "geometry": {"type": "Point", "coordinates": [19.0328755, 47.54816470000001]}}, {"id": "613", "type": "Feature", "properties": {"x": 4999623.227261265, "y": 2755861.7296319106, "bearings": {"613_578_0": -169.86520265114783, "613_665_0": 21.302211585600126, "613_622_0": -128.93168270113645, "613_650_0": 9.55453235845717, "613_517_0": -158.24752549709294}, "angles": {"613_578_0": 168.83258576325204, "613_517_0": 11.617677154054888, "613_622_0": 29.315842795956485, "613_650_0": 138.48621505959363, "613_665_0": 11.747679227142957}, "adj_sorted": [[613, 578, 0], [613, 517, 0], [613, 622, 0], [613, 650, 0], [613, 665, 0]], "type": "other", "n_corners": 4}, "geometry": {"type": "Point", "coordinates": [19.034033262274562, 47.54292050873108]}}, {"id": "609", "type": "Feature", "properties": {"x": 4999612.406103626, "y": 2756307.0147150913, "bearings": {"609_550_0": 140.92966804266504, "609_672_0": -40.34200512481059, "609_611_0": 48.34007214074489, "609_584_0": -130.15386655525685}, "angles": {"609_584_0": 88.91646540207807, "609_672_0": 89.81186143044627, "609_611_0": 88.68207726555548, "609_550_0": 92.58959590192015}, "adj_sorted": [[609, 584, 0], [609, 672, 0], [609, 611, 0], [609, 550, 0]], "type": "X", "n_corners": 4}, "geometry": {"type": "Point", "coordinates": [19.03458959999999, 47.546905900000006]}}, {"id": "549", "type": "Feature", "properties": {"x": 4999461.944527873, "y": 2756436.514579577, "bearings": {"549_516_0": 130.0128871407513, "549_550_0": -46.393466711720954, "549_598_0": 41.36940424154331}, "angles": {"549_550_0": 183.59364614752775, "549_598_0": 87.76287095326427, "549_516_0": 88.643482899208}, "adj_sorted": [[549, 550, 0], [549, 598, 0], [549, 516, 0]], "type": "T", "n_corners": 2}, "geometry": {"type": "Point", "coordinates": [19.032807300000005, 47.548226500000034]}}, {"id": "557", "type": "Feature", "properties": {"x": 4999485.793925968, "y": 2755693.1976870983, "bearings": {"557_518_0": -164.9013303169649, "557_605_0": 16.638443488342407, "557_577_0": -76.27417182558158}, "angles": {"557_518_0": 178.4602261946927, "557_577_0": 88.62715849138333, "557_605_0": 92.91261531392398}, "adj_sorted": [[557, 518, 0], [557, 577, 0], [557, 605, 0]], "type": "T", "n_corners": 2}, "geometry": {"type": "Point", "coordinates": [19.031955200000002, 47.54156730000001]}}, {"id": "536", "type": "Feature", "properties": {"x": 4999438.613625549, "y": 2755528.824482456, "bearings": {"536_518_0": 112.22114144998552, "536_577_0": 13.129206478491275, "536_572_0": -66.94742704389782, "536_465_0": -163.8543540071993}, "angles": {"536_465_0": 83.92450454281516, "536_572_0": 96.90692696330149, "536_577_0": 80.07663352238909, "536_518_0": 99.09193497149425}, "adj_sorted": [[536, 465, 0], [536, 572, 0], [536, 577, 0], [536, 518, 0]], "type": "X", "n_corners": 4}, "geometry": {"type": "Point", "coordinates": [19.03107467493819, 47.54015222251258]}}, {"id": "605", "type": "Feature", "properties": {"x": 4999606.249901159, "y": 2755729.212431535, "bearings": {"605_557_0": -163.35172213953575, "605_622_0": 15.985349336694672, "605_623_0": -71.70042482856957}, "angles": {"605_557_0": 180.66292852376958, "605_623_0": 91.65129731096619, "605_622_0": 87.68577416526423}, "adj_sorted": [[605, 557, 0], [605, 623, 0], [605, 622, 0]], "type": "T", "n_corners": 2}, "geometry": {"type": "Point", "coordinates": [19.033601199999996, 47.541756600000014]}}, {"id": "577", "type": "Feature", "properties": {"x": 4999521.262070421, "y": 2755547.986025497, "bearings": {"577_557_0": 103.72582817441844, "577_536_0": -166.93377184208535, "577_623_0": 13.33594956916046}, "angles": {"577_536_0": 89.34039998349624, "577_623_0": 180.2697214112458, "577_557_0": 90.38987860525798}, "adj_sorted": [[577, 536, 0], [577, 623, 0], [577, 557, 0]], "type": "T", "n_corners": 2}, "geometry": {"type": "Point", "coordinates": [19.032195300000005, 47.540232600000024]}}, {"id": "450", "type": "Feature", "properties": {"x": 4999171.701134424, "y": 2757302.8256913135, "bearings": {"450_535_0": -17.89598431337694, "450_445_0": 152.4258387564248, "450_462_0": -98.32218407068328}, "angles": {"450_462_0": 109.25197717289191, "450_535_0": 80.42619975730634, "450_445_0": 170.32182306980175}, "adj_sorted": [[450, 462, 0], [450, 535, 0], [450, 445, 0]], "type": "T", "n_corners": 2}, "geometry": {"type": "Point", "coordinates": [19.030336699999996, 47.55627530000004]}}, {"id": "535", "type": "Feature", "properties": {"x": 4999437.693629611, "y": 2757226.5006301594, "bearings": {"535_450_0": -172.86404118043836, "535_542_0": 84.72029117351336, "535_540_0": -39.90380089069412}, "angles": {"535_450_0": 102.41566764604829, "535_540_0": 132.96024028974423, "535_542_0": 124.62409206420747}, "adj_sorted": [[535, 450, 0], [535, 540, 0], [535, 542, 0]], "type": "Y", "n_corners": 3}, "geometry": {"type": "Point", "coordinates": [19.033727696418364, 47.55530255985228]}}, {"id": "445", "type": "Feature", "properties": {"x": 4999147.361504555, "y": 2757319.491445098, "bearings": {"445_450_0": -45.88786662036947, "445_421_0": 129.70294482874834, "445_416_0": -170.4336362506074}, "angles": {"445_416_0": 59.86341892064422, "445_450_0": 124.54576963023794, "445_421_0": 175.5908114491178}, "adj_sorted": [[445, 416, 0], [445, 450, 0], [445, 421, 0]], "type": "Y", "n_corners": 2}, "geometry": {"type": "Point", "coordinates": [19.030041600000004, 47.556450700000006]}}, {"id": "462", "type": "Feature", "properties": {"x": 4999213.316276145, "y": 2757206.465245222, "bearings": {"462_450_0": 119.10695529123328, "462_436_0": -153.84747535656004, "462_470_0": -63.783202914106226}, "angles": {"462_436_0": 87.04556935220671, "462_470_0": 90.06427244245381, "462_450_0": 182.8901582053395}, "adj_sorted": [[462, 436, 0], [462, 470, 0], [462, 450, 0]], "type": "T", "n_corners": 2}, "geometry": {"type": "Point", "coordinates": [19.030734699999996, 47.55536979999999]}}, {"id": "542", "type": "Feature", "properties": {"x": 4999454.175523857, "y": 2757469.759090801, "bearings": {"542_535_0": -93.7106630054714, "542_551_0": 86.54729023221147, "542_712_0": 3.0427077438673855}, "angles": {"542_535_0": 179.74204676231713, "542_712_0": 96.75337074933879, "542_551_0": 83.50458248834408}, "adj_sorted": [[542, 535, 0], [542, 712, 0], [542, 551, 0]], "type": "T", "n_corners": 2}, "geometry": {"type": "Point", "coordinates": [19.034327299999998, 47.55745520000005]}}, {"id": "540", "type": "Feature", "properties": {"x": 4999449.995426206, "y": 2757216.2133449633, "bearings": {"540_535_0": 140.0961991093059, "540_548_0": -109.64408960579858, "540_712_0": 1.7995840529171818}, "angles": {"540_548_0": 110.2597112848955, "540_712_0": 111.44367365871577, "540_535_0": 138.29661505638873}, "adj_sorted": [[540, 548, 0], [540, 712, 0], [540, 535, 0]], "type": "Y", "n_corners": 3}, "geometry": {"type": "Point", "coordinates": [19.033873910073726, 47.55519727012647]}}, {"id": "487", "type": "Feature", "properties": {"x": 4999306.396121286, "y": 2757762.4176614587, "bearings": {"487_551_0": -3.2605100246532577, "487_422_0": 176.7472452798732, "487_486_0": 86.74554468305541}, "angles": {"487_551_0": 179.99224469547354, "487_486_0": 90.00605470770867, "487_422_0": 90.00170059681778}, "adj_sorted": [[487, 551, 0], [487, 486, 0], [487, 422, 0]], "type": "T", "n_corners": 2}, "geometry": {"type": "Point", "coordinates": [19.032836299999996, 47.56022880000003]}}, {"id": "551", "type": "Feature", "properties": {"x": 4999468.973888224, "y": 2757753.387947686, "bearings": {"551_542_0": -90.20420957101719, "551_487_0": 177.0058771391151, "551_560_0": 81.39814921193901, "551_821_0": -2.7198934728862922}, "angles": {"551_542_0": 92.78991328986768, "551_821_0": 87.48431609813089, "551_560_0": 84.11804268482531, "551_487_0": 95.6077279271761}, "adj_sorted": [[551, 542, 0], [551, 821, 0], [551, 560, 0], [551, 487, 0]], "type": "X", "n_corners": 4}, "geometry": {"type": "Point", "coordinates": [19.034968157711635, 47.559969923972005]}}, {"id": "422", "type": "Feature", "properties": {"x": 4999077.331819669, "y": 2757769.4838773496, "bearings": {"422_487_0": 12.231744947693237, "422_423_0": 90.42347116705699, "422_421_0": -162.2984573163678}, "angles": {"422_421_0": 107.27807151657521, "422_487_0": 174.53020226406105, "422_423_0": 78.19172621936374}, "adj_sorted": [[422, 421, 0], [422, 487, 0], [422, 423, 0]], "type": "T", "n_corners": 2}, "geometry": {"type": "Point", "coordinates": [19.029823700000005, 47.56054300000002]}}, {"id": "560", "type": "Feature", "properties": {"x": 4999489.9794210885, "y": 2758031.9704122143, "bearings": {"560_551_0": -93.65095086971829, "560_562_0": 86.66698140125783, "560_442_0": 176.67632324797742}, "angles": {"560_551_0": 89.67272588230429, "560_562_0": 180.31793227097612, "560_442_0": 90.0093418467196}, "adj_sorted": [[560, 551, 0], [560, 562, 0], [560, 442, 0]], "type": "T", "n_corners": 2}, "geometry": {"type": "Point", "coordinates": [19.03568309999999, 47.56243280000002]}}, {"id": "821", "type": "Feature", "properties": {"x": 5000016.403719446, "y": 2757724.485272462, "bearings": {"821_551_0": 178.4095674584253, "821_830_0": 62.19719729432313, "821_815_0": -78.45840066574593}, "angles": {"821_815_0": 103.13203187582877, "821_830_0": 140.65559796006906, "821_551_0": 116.21237016410217}, "adj_sorted": [[821, 815, 0], [821, 830, 0], [821, 551, 0]], "type": "Y", "n_corners": 3}, "geometry": {"type": "Point", "coordinates": [19.04214873714279, 47.55911133820599]}}, {"id": "572", "type": "Feature", "properties": {"x": 4999513.792288212, "y": 2755352.1655110894, "bearings": {"572_536_0": 113.05257295610218, "572_604_0": -60.071754875286175, "572_474_0": -161.09512772986898, "572_642_0": 20.171958292803325}, "angles": {"572_474_0": 85.85229931402887, "572_604_0": 101.0233728545828, "572_642_0": 80.2437131680895, "572_536_0": 92.88061466329886}, "adj_sorted": [[572, 474, 0], [572, 604, 0], [572, 642, 0], [572, 536, 0]], "type": "X", "n_corners": 4}, "geometry": {"type": "Point", "coordinates": [19.031789412034186, 47.538493362496894]}}, {"id": "712", "type": "Feature", "properties": {"x": 4999836.996046632, "y": 2757332.712073053, "bearings": {"712_542_0": 88.70458303126772, "712_540_0": -161.48960910105657, "712_792_0": 18.49115349759743}, "angles": {"712_540_0": 109.8058078676757, "712_792_0": 179.980762598654, "712_542_0": 70.21342953367028}, "adj_sorted": [[712, 540, 0], [712, 792, 0], [712, 542, 0]], "type": "T", "n_corners": 2}, "geometry": {"type": "Point", "coordinates": [19.039164899999996, 47.55581230000003]}}, {"id": "548", "type": "Feature", "properties": {"x": 4999461.278572218, "y": 2757057.7671413063, "bearings": {"548_540_0": 100.15839263378341, "548_481_0": -155.35997264068106, "548_561_0": -78.87654024070297, "548_569_0": 28.15061438030122}, "angles": {"548_481_0": 104.48163472553551, "548_561_0": 76.4834323999781, "548_569_0": 107.02715462100419, "548_540_0": 72.00777825348219}, "adj_sorted": [[548, 481, 0], [548, 561, 0], [548, 569, 0], [548, 540, 0]], "type": "X", "n_corners": 4}, "geometry": {"type": "Point", "coordinates": [19.033774000000005, 47.553771000000026]}}, {"id": "481", "type": "Feature", "properties": {"x": 4999291.973128575, "y": 2756980.113223506, "bearings": {"481_548_0": 23.8761470810556, "481_454_0": -155.359952789171, "481_470_0": 105.63662832973509}, "angles": {"481_454_0": 99.00341888109392, "481_548_0": 179.23609987022658, "481_470_0": 81.7604812486795}, "adj_sorted": [[481, 454, 0], [481, 548, 0], [481, 470, 0]], "type": "T", "n_corners": 2}, "geometry": {"type": "Point", "coordinates": [19.031417499999996, 47.553263700000045]}}, {"id": "561", "type": "Feature", "properties": {"x": 4999492.26916677, "y": 2756900.148397767, "bearings": {"561_548_0": 101.12345975929705, "561_616_0": 11.843155787207465, "561_566_0": -79.0215320721411}, "angles": {"561_566_0": 179.85500816856185, "561_616_0": 90.86468785934856, "561_548_0": 89.28030397208958}, "adj_sorted": [[561, 566, 0], [561, 616, 0], [561, 548, 0]], "type": "T", "n_corners": 2}, "geometry": {"type": "Point", "coordinates": [19.033935499999995, 47.552330500000004]}}, {"id": "623", "type": "Feature", "properties": {"x": 4999651.805101534, "y": 2755578.931587967, "bearings": {"623_605_0": 106.37482957918274, "623_577_0": -166.66405043083955, "623_642_0": -74.01302526113695, "623_670_0": 13.772508521341123}, "angles": {"623_577_0": 86.9611199899777, "623_642_0": 92.6510251697026, "623_670_0": 87.78553378247807, "623_605_0": 92.60232105784162}, "adj_sorted": [[623, 577, 0], [623, 642, 0], [623, 670, 0], [623, 605, 0]], "type": "X", "n_corners": 4}, "geometry": {"type": "Point", "coordinates": [19.033966399999997, 47.540365600000015]}}, {"id": "562", "type": "Feature", "properties": {"x": 4999495.889988293, "y": 2758119.4685209384, "bearings": {"562_560_0": -94.49510379777796, "562_597_0": 86.74008617261566, "562_689_0": -8.767051097604156}, "angles": {"562_560_0": 178.7648100296064, "562_689_0": 85.7280527001738, "562_597_0": 95.50713727021981}, "adj_sorted": [[562, 560, 0], [562, 689, 0], [562, 597, 0]], "type": "T", "n_corners": 2}, "geometry": {"type": "Point", "coordinates": [19.0358986, 47.56320710000003]}}, {"id": "442", "type": "Feature", "properties": {"x": 4999127.3601374775, "y": 2758487.0763827073, "bearings": {"442_560_0": -12.282168043936261, "442_383_0": 168.92523772706699, "442_433_0": -104.04158593858591}, "angles": {"442_433_0": 87.0331763343471, "442_560_0": 91.75941789464964, "442_383_0": 181.20740577100324}, "adj_sorted": [[442, 433, 0], [442, 560, 0], [442, 383, 0]], "type": "T", "n_corners": 2}, "geometry": {"type": "Point", "coordinates": [19.031611, 47.56689160000002]}}, {"id": "792", "type": "Feature", "properties": {"x": 4999982.737770924, "y": 2757361.966577586, "bearings": {"792_712_0": 172.76519608577186, "792_815_0": 82.76519608524941, "792_788_0": -97.2348039138293}, "angles": {"792_788_0": 90.00000000039881, "792_815_0": 179.9999999990787, "792_712_0": 90.00000000052245}, "adj_sorted": [[792, 788, 0], [792, 815, 0], [792, 712, 0]], "type": "T", "n_corners": 2}, "geometry": {"type": "Point", "coordinates": [19.041134508069927, 47.555913405875515]}}, {"id": "474", "type": "Feature", "properties": {"x": 4999275.486729248, "y": 2755327.535512036, "bearings": {"474_572_0": -42.48849954193707, "474_449_0": 134.5500273893554, "474_532_0": -106.09491419180138}, "angles": {"474_532_0": 119.35505841884321, "474_572_0": 63.60641464986431, "474_449_0": 177.03852693129247}, "adj_sorted": [[474, 532, 0], [474, 572, 0], [474, 449, 0]], "type": "T", "n_corners": 2}, "geometry": {"type": "Point", "coordinates": [19.0286064, 47.53853479999999]}}, {"id": "449", "type": "Feature", "properties": {"x": 4999168.795607334, "y": 2754981.8808686486, "bearings": {"449_474_0": 92.69880977949337, "449_489_0": -13.60219683543215, "449_440_0": -102.6026075370022, "449_443_0": 179.29368079544193}, "angles": {"449_440_0": 78.1037116675559, "449_489_0": 89.00041070157005, "449_474_0": 106.30100661492553, "449_443_0": 86.59487101594856}, "adj_sorted": [[449, 440, 0], [449, 489, 0], [449, 474, 0], [449, 443, 0]], "type": "other", "n_corners": 4}, "geometry": {"type": "Point", "coordinates": [19.0266565, 47.535567200000024]}}, {"id": "604", "type": "Feature", "properties": {"x": 4999605.331386194, "y": 2755193.15558623, "bearings": {"604_572_0": 119.92824512471383, "604_660_0": 31.405035968434955, "604_632_0": -57.30997394759192}, "angles": {"604_632_0": 182.76178092769425, "604_660_0": 88.71500991602687, "604_572_0": 88.52320915627887}, "adj_sorted": [[604, 632, 0], [604, 660, 0], [604, 572, 0]], "type": "T", "n_corners": 2}, "geometry": {"type": "Point", "coordinates": [19.032747670617034, 47.536974051613804]}}, {"id": "642", "type": "Feature", "properties": {"x": 4999699.591313347, "y": 2755412.138164295, "bearings": {"642_572_0": -162.1690051045516, "642_623_0": 105.98697473886304, "642_660_0": -73.12170615047467, "642_696_0": 18.4950775705446}, "angles": {"642_572_0": 91.84402015658537, "642_660_0": 89.04729895407692, "642_696_0": 91.61678372101926, "642_623_0": 87.49189716831845}, "adj_sorted": [[642, 572, 0], [642, 660, 0], [642, 696, 0], [642, 623, 0]], "type": "X", "n_corners": 4}, "geometry": {"type": "Point", "coordinates": [19.034335099999996, 47.53882479999999]}}, {"id": "660", "type": "Feature", "properties": {"x": 4999751.283134915, "y": 2755241.7683247696, "bearings": {"660_604_0": -162.06786323368132, "660_642_0": 106.87829384952533, "660_716_0": 18.001776131917804, "660_690_0": -73.13879814364313}, "angles": {"660_604_0": 91.05384291679331, "660_690_0": 88.9290650900382, "660_716_0": 91.14057427556094, "660_642_0": 88.87651771760753}, "adj_sorted": [[660, 604, 0], [660, 690, 0], [660, 716, 0], [660, 642, 0]], "type": "X", "n_corners": 4}, "geometry": {"type": "Point", "coordinates": [19.034749699999992, 47.537247800000024]}}, {"id": "696", "type": "Feature", "properties": {"x": 4999803.96480423, "y": 2755447.9505362804, "bearings": {"696_642_0": -163.01211768336594, "696_670_0": 104.1054158540031, "696_716_0": -74.34143495250017, "696_732_0": 18.71754394417339}, "angles": {"696_642_0": 92.88246646263099, "696_716_0": 88.67068273086578, "696_732_0": 93.05897889667355, "696_670_0": 85.38787190982971}, "adj_sorted": [[696, 642, 0], [696, 716, 0], [696, 732, 0], [696, 670, 0]], "type": "X", "n_corners": 4}, "geometry": {"type": "Point", "coordinates": [19.035768500000003, 47.53902990000004]}}, {"id": "830", "type": "Feature", "properties": {"x": 5000038.878598207, "y": 2757805.837449385, "bearings": {"830_821_0": -96.71222609766428, "830_834_0": 82.32429229592543, "830_897_0": -7.9707922636202975}, "angles": {"830_821_0": 180.96348160641028, "830_897_0": 88.74143383404399, "830_834_0": 90.29508455954573}, "adj_sorted": [[830, 821, 0], [830, 897, 0], [830, 834, 0]], "type": "T", "n_corners": 2}, "geometry": {"type": "Point", "coordinates": [19.0425733, 47.55981260000002]}}, {"id": "815", "type": "Feature", "properties": {"x": 5000010.824462328, "y": 2757591.0978669855, "bearings": {"815_821_0": 82.73921249852498, "815_792_0": -97.24500473315891, "815_867_0": -7.561458791111475}, "angles": {"815_792_0": 180.01578276831611, "815_867_0": 89.68354594204743, "815_821_0": 90.30067128963645}, "adj_sorted": [[815, 792, 0], [815, 867, 0], [815, 821, 0]], "type": "T", "n_corners": 2}, "geometry": {"type": "Point", "coordinates": [19.0418654, 47.55792720000007]}}, {"id": "632", "type": "Feature", "properties": {"x": 4999674.643471358, "y": 2755085.149565897, "bearings": {"632_604_0": 122.69002605240809, "632_661_0": -55.25744458557701, "632_690_0": 21.840920835332135, "632_590_0": -158.85848254672896}, "angles": {"632_590_0": 78.45149140086295, "632_661_0": 103.60103796115195, "632_690_0": 77.09836542090915, "632_604_0": 100.84910521707596}, "adj_sorted": [[632, 590, 0], [632, 661, 0], [632, 690, 0], [632, 604, 0]], "type": "X", "n_corners": 4}, "geometry": {"type": "Point", "coordinates": [19.03349266836048, 47.53593424470081]}}, {"id": "716", "type": "Feature", "properties": {"x": 4999846.1282965895, "y": 2755272.58863646, "bearings": {"716_660_0": -161.9982238680822, "716_696_0": 103.10546133192312, "716_806_0": 18.05128894451447, "716_735_0": -75.36824965208864}, "angles": {"716_660_0": 94.89631479999468, "716_735_0": 86.62997421599356, "716_806_0": 93.4195385966031, "716_696_0": 85.05417238740866}, "adj_sorted": [[716, 660, 0], [716, 735, 0], [716, 806, 0], [716, 696, 0]], "type": "X", "n_corners": 4}, "geometry": {"type": "Point", "coordinates": [19.036049499999994, 47.53741880000002]}}, {"id": "690", "type": "Feature", "properties": {"x": 4999787.46631778, "y": 2755121.175924655, "bearings": {"690_660_0": 106.54602477350369, "690_632_0": -162.25334796237973, "690_700_0": -72.35522953446132, "690_735_0": 18.366715869642317}, "angles": {"690_632_0": 91.20062726411658, "690_700_0": 89.89811842791842, "690_735_0": 90.72194540410364, "690_660_0": 88.17930890386137}, "adj_sorted": [[690, 632, 0], [690, 700, 0], [690, 735, 0], [690, 660, 0]], "type": "X", "n_corners": 4}, "geometry": {"type": "Point", "coordinates": [19.035037799999994, 47.53613200000004]}}, {"id": "661", "type": "Feature", "properties": {"x": 4999751.443388398, "y": 2754974.412223388, "bearings": {"661_632_0": 124.742555414423, "661_708_0": 34.579462539787926, "661_697_0": -54.382182853689656}, "angles": {"661_697_0": 180.87526173188735, "661_708_0": 88.96164539347758, "661_632_0": 90.16309287463507}, "adj_sorted": [[661, 697, 0], [661, 708, 0], [661, 632, 0]], "type": "T", "n_corners": 2}, "geometry": {"type": "Point", "coordinates": [19.03433214332244, 47.5348618476673]}}, {"id": "700", "type": "Feature", "properties": {"x": 4999807.990210176, "y": 2755056.6513961167, "bearings": {"700_690_0": 107.6447704655387, "700_708_0": -72.67251293126891, "700_747_0": 16.8856188448175}, "angles": {"700_708_0": 179.68271660319238, "700_747_0": 89.55813177608641, "700_690_0": 90.7591516207212}, "adj_sorted": [[700, 708, 0], [700, 747, 0], [700, 690, 0]], "type": "T", "n_corners": 2}, "geometry": {"type": "Point", "coordinates": [19.03520729999999, 47.53553370000003]}}, {"id": "735", "type": "Feature", "properties": {"x": 4999877.825721041, "y": 2755151.176208594, "bearings": {"735_716_0": 104.63175034791136, "735_690_0": -161.63328413035768, "735_773_0": 19.07033123822404, "735_747_0": -76.34985229826968}, "angles": {"735_690_0": 93.73496552173094, "735_747_0": 85.283431832088, "735_773_0": 95.42018353649372, "735_716_0": 85.56141910968732}, "adj_sorted": [[735, 690, 0], [735, 747, 0], [735, 773, 0], [735, 716, 0]], "type": "X", "n_corners": 4}, "geometry": {"type": "Point", "coordinates": [19.036277099999996, 47.536300600000054]}}, {"id": "665", "type": "Feature", "properties": {"x": 4999758.1716208905, "y": 2755917.992944837, "bearings": {"665_613_0": -172.8030686696095, "665_701_0": -116.63768557068398, "665_691_0": 33.29801526367154}, "angles": {"665_613_0": 153.89891606671895, "665_701_0": 56.16538309892552, "665_691_0": 149.93570083435552}, "adj_sorted": [[665, 613, 0], [665, 701, 0], [665, 691, 0]], "type": "Y", "n_corners": 3}, "geometry": {"type": "Point", "coordinates": [19.03590229541617, 47.54327457319381]}}, {"id": "622", "type": "Feature", "properties": {"x": 4999648.17684519, "y": 2755741.223187812, "bearings": {"622_613_0": 106.54403685946943, "622_605_0": -164.01465066330533, "622_650_0": 15.018694243262415}, "angles": {"622_605_0": 89.44131247722521, "622_650_0": 179.03334490656775, "622_613_0": 91.52534261620701}, "adj_sorted": [[622, 605, 0], [622, 650, 0], [622, 613, 0]], "type": "T", "n_corners": 2}, "geometry": {"type": "Point", "coordinates": [19.0341733, 47.54181779999998]}}, {"id": "650", "type": "Feature", "properties": {"x": 4999725.868297897, "y": 2755762.0677210307, "bearings": {"650_613_0": 105.11734631173522, "650_622_0": -164.98130575673758, "650_679_0": -76.18270636345164}, "angles": {"650_622_0": 89.9013479315272, "650_679_0": 88.79859939328594, "650_613_0": 181.30005267518686}, "adj_sorted": [[650, 622, 0], [650, 679, 0], [650, 613, 0]], "type": "T", "n_corners": 2}, "geometry": {"type": "Point", "coordinates": [19.03523119999999, 47.54191860000005]}}, {"id": "701", "type": "Feature", "properties": {"x": 4999808.00032664, "y": 2755624.747611035, "bearings": {"701_665_0": 104.55056362677999, "701_679_0": -165.62877260985394, "701_710_0": 14.157998249506445}, "angles": {"701_679_0": 89.82066376336604, "701_710_0": 179.7867708593604, "701_665_0": 90.39256537727354}, "adj_sorted": [[701, 679, 0], [701, 710, 0], [701, 665, 0]], "type": "T", "n_corners": 2}, "geometry": {"type": "Point", "coordinates": [19.036099342241684, 47.54060313075083]}}, {"id": "691", "type": "Feature", "properties": {"x": 4999788.515513827, "y": 2755937.923652318, "bearings": {"691_665_0": -146.70198473632848, "691_718_0": -16.16793124558484, "691_634_0": 97.54747294299237}, "angles": {"691_665_0": 115.75054232067913, "691_718_0": 130.53405349074364, "691_634_0": 113.71540418857721}, "adj_sorted": [[691, 665, 0], [691, 718, 0], [691, 634, 0]], "type": "Y", "n_corners": 3}, "geometry": {"type": "Point", "coordinates": [19.036334005135892, 47.543419140662024]}}, {"id": "679", "type": "Feature", "properties": {"x": 4999769.149274839, "y": 2755614.793149975, "bearings": {"679_650_0": 149.18523368582143, "679_701_0": 14.371227390146078, "679_670_0": -121.06184015251691}, "angles": {"679_670_0": 89.75292616166166, "679_701_0": 135.433067542663, "679_650_0": 134.81400629567534}, "adj_sorted": [[679, 670, 0], [679, 701, 0], [679, 650, 0]], "type": "Y", "n_corners": 3}, "geometry": {"type": "Point", "coordinates": [19.03557106853274, 47.54055691637296]}}, {"id": "710", "type": "Feature", "properties": {"x": 4999829.281776586, "y": 2755630.1160491514, "bearings": {"710_701_0": -165.84200175049358, "710_732_0": -75.92729249751403, "710_754_0": 14.836723932952172}, "angles": {"710_701_0": 179.32127431655425, "710_732_0": 89.91470925297955, "710_754_0": 90.7640164304662}, "adj_sorted": [[710, 701, 0], [710, 732, 0], [710, 754, 0]], "type": "T", "n_corners": 2}, "geometry": {"type": "Point", "coordinates": [19.036388582892194, 47.540627692090226]}}, {"id": "708", "type": "Feature", "properties": {"x": 4999825.718211226, "y": 2754999.8293636516, "bearings": {"708_661_0": -164.11098336449425, "708_700_0": 107.32748706873109, "708_753_0": 16.425423146743558, "708_723_0": -71.61321971816324}, "angles": {"708_661_0": 88.56152956677465, "708_723_0": 92.49776364633101, "708_753_0": 88.03864286490679, "708_700_0": 90.90206392198753}, "adj_sorted": [[708, 661, 0], [708, 723, 0], [708, 753, 0], [708, 700, 0]], "type": "X", "n_corners": 4}, "geometry": {"type": "Point", "coordinates": [19.035351999999996, 47.53500720000005]}}, {"id": "697", "type": "Feature", "properties": {"x": 4999804.360114039, "y": 2754900.5474620666, "bearings": {"697_661_0": 125.61781714631034, "697_723_0": 34.16030566451381, "697_727_0": -54.84182834513142}, "angles": {"697_727_0": 179.54035450855824, "697_723_0": 89.00213400964523, "697_661_0": 91.45751148179653}, "adj_sorted": [[697, 727, 0], [697, 723, 0], [697, 661, 0]], "type": "T", "n_corners": 2}, "geometry": {"type": "Point", "coordinates": [19.034914363008344, 47.534144674051376]}}, {"id": "753", "type": "Feature", "properties": {"x": 4999908.389391774, "y": 2755024.2006806564, "bearings": {"753_708_0": -163.57457685325645, "753_747_0": 103.39854484710334, "753_782_0": 17.46321852354657, "753_766_0": -76.16691681563603}, "angles": {"753_708_0": 93.0268782996402, "753_766_0": 87.40766003762042, "753_782_0": 93.6301353391826, "753_747_0": 85.93532632355677}, "adj_sorted": [[753, 708, 0], [753, 766, 0], [753, 782, 0], [753, 747, 0]], "type": "X", "n_corners": 4}, "geometry": {"type": "Point", "coordinates": [19.036480999999995, 47.53513400000002]}}, {"id": "723", "type": "Feature", "properties": {"x": 4999852.834349737, "y": 2754918.2524063834, "bearings": {"723_708_0": 108.38678028183678, "723_697_0": -161.78180171653864, "723_739_0": -70.98299240447037, "723_766_0": 18.190401522402922}, "angles": {"723_697_0": 89.83141800162457, "723_739_0": 90.79880931206827, "723_766_0": 89.17339392687329, "723_708_0": 90.19637875943386}, "adj_sorted": [[723, 697, 0], [723, 739, 0], [723, 766, 0], [723, 708, 0]], "type": "X", "n_corners": 4}, "geometry": {"type": "Point", "coordinates": [19.035581699999998, 47.534249500000044]}}, {"id": "670", "type": "Feature", "properties": {"x": 4999764.132847307, "y": 2755606.464786946, "bearings": {"670_623_0": -166.2274914786589, "670_696_0": -75.89458414599692, "670_679_0": 58.93815984748309}, "angles": {"670_623_0": 134.83434867385802, "670_696_0": 90.33290733266197, "670_679_0": 134.83274399348}, "adj_sorted": [[670, 623, 0], [670, 696, 0], [670, 679, 0]], "type": "Y", "n_corners": 3}, "geometry": {"type": "Point", "coordinates": [19.035491799999996, 47.54048810000003]}}, {"id": "739", "type": "Feature", "properties": {"x": 4999879.850820979, "y": 2754838.1537079653, "bearings": {"739_723_0": 106.9661323497806, "739_777_0": 7.389204181108763, "739_727_0": -147.72426274389852}, "angles": {"739_727_0": 105.30960490632089, "739_777_0": 155.1134669250073, "739_723_0": 99.57692816867183}, "adj_sorted": [[739, 727, 0], [739, 777, 0], [739, 723, 0]], "type": "Y", "n_corners": 3}, "geometry": {"type": "Point", "coordinates": [19.035812399999998, 47.53350510000004]}}, {"id": "766", "type": "Feature", "properties": {"x": 4999928.36697932, "y": 2754943.0687732943, "bearings": {"766_753_0": 103.83308318436397, "766_723_0": -161.81608931568258, "766_777_0": -75.66830794897535, "766_790_0": 16.78659445564518}, "angles": {"766_723_0": 94.35082749995343, "766_777_0": 86.14778136670722, "766_790_0": 92.45490240462053, "766_753_0": 87.0464887287188}, "adj_sorted": [[766, 723, 0], [766, 777, 0], [766, 790, 0], [766, 753, 0]], "type": "X", "n_corners": 4}, "geometry": {"type": "Point", "coordinates": [19.036617199999995, 47.534388100000044]}}, {"id": "727", "type": "Feature", "properties": {"x": 4999860.973874235, "y": 2754820.1678255727, "bearings": {"727_697_0": 125.1581716548686, "727_739_0": 44.354515830429676, "727_740_0": -50.50509969821614}, "angles": {"727_740_0": 184.33672864691528, "727_739_0": 94.85961552864582, "727_697_0": 80.80365582443892}, "adj_sorted": [[727, 740, 0], [727, 739, 0], [727, 697, 0]], "type": "T", "n_corners": 2}, "geometry": {"type": "Point", "coordinates": [19.03553511691452, 47.53336530627275]}}, {"id": "732", "type": "Feature", "properties": {"x": 4999869.209805086, "y": 2755470.0570198414, "bearings": {"732_696_0": -161.2824560558266, "732_710_0": 104.00407817459558, "732_776_0": 17.681168630551266}, "angles": {"732_696_0": 94.71346576957785, "732_776_0": 178.96362468637787, "732_710_0": 86.32290954404431}, "adj_sorted": [[732, 696, 0], [732, 776, 0], [732, 710, 0]], "type": "T", "n_corners": 2}, "geometry": {"type": "Point", "coordinates": [19.036664100000007, 47.5391556]}}, {"id": "754", "type": "Feature", "properties": {"x": 4999908.715179378, "y": 2755651.1577359335, "bearings": {"754_710_0": -165.16327606704783, "754_776_0": -73.6170191365997, "754_729_0": 104.37333838987536}, "angles": {"754_710_0": 90.46338554307681, "754_776_0": 91.54625693044814, "754_729_0": 177.99035752647507}, "adj_sorted": [[754, 710, 0], [754, 776, 0], [754, 729, 0]], "type": "T", "n_corners": 2}, "geometry": {"type": "Point", "coordinates": [19.037469758134684, 47.5407283191638]}}, {"id": "776", "type": "Feature", "properties": {"x": 4999949.03029202, "y": 2755514.028360327, "bearings": {"776_732_0": -123.75487504144154, "776_754_0": 106.38298086340032, "776_784_0": -34.65299734420165}, "angles": {"776_732_0": 129.86214409515816, "776_784_0": 89.10187769723989, "776_754_0": 141.03597820760197}, "adj_sorted": [[776, 732, 0], [776, 784, 0], [776, 754, 0]], "type": "Y", "n_corners": 3}, "geometry": {"type": "Point", "coordinates": [19.037786361503922, 47.53946041340446]}}, {"id": "672", "type": "Feature", "properties": {"x": 4999764.5988443615, "y": 2756174.3577717207, "bearings": {"672_609_0": 138.8975814458405, "672_731_0": 36.07247889312461, "672_730_0": -41.823836800292106, "672_633_0": -132.7875074707453}, "angles": {"672_633_0": 88.31491108341419, "672_730_0": 90.96367067045321, "672_731_0": 77.89631569341671, "672_609_0": 102.82510255271589}, "adj_sorted": [[672, 633, 0], [672, 730, 0], [672, 731, 0], [672, 609, 0]], "type": "X", "n_corners": 4}, "geometry": {"type": "Point", "coordinates": [19.0363897, 47.54555519999999]}}, {"id": "731", "type": "Feature", "properties": {"x": 4999868.757594379, "y": 2756245.018431728, "bearings": {"731_672_0": -163.02160518612646, "731_805_0": 7.4484523519076875, "731_733_0": 86.4612733281934, "731_730_0": -92.02709758098337, "731_668_0": 152.32219026844882}, "angles": {"731_672_0": 44.656204545424714, "731_730_0": 70.9945076051431, "731_805_0": 99.47554993289106, "731_733_0": 79.01282097628571, "731_668_0": 65.86091694025542}, "adj_sorted": [[731, 672, 0], [731, 730, 0], [731, 805, 0], [731, 733, 0], [731, 668, 0]], "type": "other", "n_corners": 5}, "geometry": {"type": "Point", "coordinates": [19.037875202470364, 47.546071473059676]}}, {"id": "730", "type": "Feature", "properties": {"x": 4999863.3744139895, "y": 2756092.926682943, "bearings": {"730_672_0": 166.25890195619687, "730_731_0": 87.97290241901663, "730_728_0": -92.26237158853712, "730_801_0": -12.956837831610912}, "angles": {"730_728_0": 101.47872645526604, "730_801_0": 79.30553375692621, "730_731_0": 100.92974025062755, "730_672_0": 78.28599953718023}, "adj_sorted": [[730, 728, 0], [730, 801, 0], [730, 731, 0], [730, 672, 0]], "type": "X", "n_corners": 4}, "geometry": {"type": "Point", "coordinates": [19.03756527390157, 47.54472018992426]}}, {"id": "633", "type": "Feature", "properties": {"x": 4999678.210010004, "y": 2756083.7480462, "bearings": {"633_672_0": 45.00341957922674, "633_584_0": 138.19428280831826, "633_634_0": -86.06990421986761}, "angles": {"633_634_0": 135.73581297181414, "633_672_0": 131.07332379909434, "633_584_0": 93.19086322909152}, "adj_sorted": [[633, 634, 0], [633, 672, 0], [633, 584, 0]], "type": "Y", "n_corners": 3}, "geometry": {"type": "Point", "coordinates": [19.035107399999994, 47.54484140000002]}}, {"id": "805", "type": "Feature", "properties": {"x": 4999999.430209884, "y": 2756242.845118032, "bearings": {"805_731_0": 177.64169927193777, "805_807_0": 86.2643346715586, "805_914_0": -1.0437633096932144, "805_804_0": -92.2061446871771}, "angles": {"805_804_0": 90.15215604088513, "805_914_0": 91.16238137748388, "805_807_0": 87.30809798125182, "805_731_0": 91.37736460037917}, "adj_sorted": [[805, 804, 0], [805, 914, 0], [805, 807, 0], [805, 731, 0]], "type": "X", "n_corners": 4}, "geometry": {"type": "Point", "coordinates": [19.039596199999995, 47.54590870000005]}}, {"id": "733", "type": "Feature", "properties": {"x": 4999873.965098732, "y": 2756329.2262747427, "bearings": {"733_731_0": -93.5387266718066, "733_738_0": 85.55776933796876, "733_807_0": -3.196003836593505}, "angles": {"733_731_0": 180.90350399022464, "733_807_0": 90.3427228352131, "733_738_0": 88.75377317456227}, "adj_sorted": [[733, 731, 0], [733, 807, 0], [733, 738, 0]], "type": "T", "n_corners": 2}, "geometry": {"type": "Point", "coordinates": [19.038076196763324, 47.54681718661842]}}, {"id": "668", "type": "Feature", "properties": {"x": 4999759.816594393, "y": 2756274.6494981674, "bearings": {"668_731_0": -13.671630173408552, "668_611_0": 167.50475765894365, "668_678_0": 86.13930566482037}, "angles": {"668_731_0": 178.8236121676478, "668_678_0": 99.81093583822891, "668_611_0": 81.36545199412328}, "adj_sorted": [[668, 731, 0], [668, 678, 0], [668, 611, 0]], "type": "T", "n_corners": 2}, "geometry": {"type": "Point", "coordinates": [19.0364841, 47.5464554]}}, {"id": "728", "type": "Feature", "properties": {"x": 4999861.140642222, "y": 2756036.384613145, "bearings": {"728_730_0": 87.73762841146288, "728_798_0": -2.820593150987932, "728_726_0": -90.19473117546711}, "angles": {"728_726_0": 182.06764041307002, "728_798_0": 87.37413802447918, "728_730_0": 90.55822156245081}, "adj_sorted": [[728, 726, 0], [728, 798, 0], [728, 730, 0]], "type": "T", "n_corners": 2}, "geometry": {"type": "Point", "coordinates": [19.03744699084299, 47.544218087532414]}}, {"id": "801", "type": "Feature", "properties": {"x": 4999994.91182439, "y": 2756082.26189801, "bearings": {"801_730_0": 176.78655164581224, "801_804_0": 89.41567135031083, "801_800_0": -91.11950547106007}, "angles": {"801_800_0": 92.09394288312768, "801_804_0": 180.5351768213709, "801_730_0": 87.37088029550141}, "adj_sorted": [[801, 800, 0], [801, 804, 0], [801, 730, 0]], "type": "T", "n_corners": 2}, "geometry": {"type": "Point", "coordinates": [19.0392843, 47.54448070000005]}}, {"id": "611", "type": "Feature", "properties": {"x": 4999620.409776782, "y": 2756316.0105001135, "bearings": {"611_609_0": -131.6599278592551, "611_668_0": -25.344270446175383, "611_602_0": 119.38694073504355}, "angles": {"611_609_0": 108.95313140570136, "611_668_0": 106.31565741307972, "611_602_0": 144.73121118121892}, "adj_sorted": [[611, 609, 0], [611, 668, 0], [611, 602, 0]], "type": "Y", "n_corners": 3}, "geometry": {"type": "Point", "coordinates": [19.03470934793957, 47.546977396153544]}}, {"id": "678", "type": "Feature", "properties": {"x": 4999768.9274198385, "y": 2756436.2222923078, "bearings": {"678_668_0": -94.20248849595505, "678_738_0": -18.121370243712825, "678_602_0": 162.2330895910606, "678_686_0": 83.87385346899431}, "angles": {"678_668_0": 103.56442191298436, "678_738_0": 76.08111825224222, "678_686_0": 101.99522371270714, "678_602_0": 78.35923612206629}, "adj_sorted": [[678, 668, 0], [678, 738, 0], [678, 686, 0], [678, 602, 0]], "type": "X", "n_corners": 4}, "geometry": {"type": "Point", "coordinates": [19.036858100000003, 47.54788720000003]}}, {"id": "703", "type": "Feature", "properties": {"x": 4999817.207019496, "y": 2754787.5566701908, "bearings": {"703_740_0": -1.3181102154949158, "703_746_0": -63.17865167225925, "703_624_0": 164.2430583624589, "703_714_0": -165.56626070100847}, "angles": {"703_714_0": 30.190680936532658, "703_746_0": 102.38760902874922, "703_740_0": 61.86054145676433, "703_624_0": 165.56116857795382}, "adj_sorted": [[703, 714, 0], [703, 746, 0], [703, 740, 0], [703, 624, 0]], "type": "other", "n_corners": 3}, "geometry": {"type": "Point", "coordinates": [19.03490649999999, 47.53312230000001]}}, {"id": "740", "type": "Feature", "properties": {"x": 4999880.708716788, "y": 2754796.223205279, "bearings": {"740_727_0": 129.49490030178384, "740_703_0": -153.50266293175017, "740_787_0": -29.14663943347282}, "angles": {"740_703_0": 77.00243676646596, "740_787_0": 124.35602349827735, "740_727_0": 158.64153973525666}, "adj_sorted": [[740, 703, 0], [740, 787, 0], [740, 727, 0]], "type": "Y", "n_corners": 3}, "geometry": {"type": "Point", "coordinates": [19.035757896178406, 47.53312998865209]}}, {"id": "746", "type": "Feature", "properties": {"x": 4999890.437991962, "y": 2754653.9354814, "bearings": {"746_703_0": 119.66397485865201, "746_787_0": 30.787710316830772, "746_714_0": -153.27057888063374, "746_781_0": -60.920377882972595}, "angles": {"746_714_0": 87.06544626071422, "746_781_0": 92.35020099766115, "746_787_0": 91.70808819980337, "746_703_0": 88.87626454182124}, "adj_sorted": [[746, 714, 0], [746, 781, 0], [746, 787, 0], [746, 703, 0]], "type": "X", "n_corners": 4}, "geometry": {"type": "Point", "coordinates": [19.035662900000002, 47.531849600000044]}}, {"id": "714", "type": "Feature", "properties": {"x": 4999842.135686617, "y": 2754628.354192399, "bearings": {"714_703_0": 119.84317354399118, "714_746_0": 28.913284041387225, "714_704_0": -148.98429452420837}, "angles": {"714_704_0": 91.17253193180045, "714_746_0": 177.89757856559558, "714_703_0": 90.92988950260396}, "adj_sorted": [[714, 704, 0], [714, 746, 0], [714, 703, 0]], "type": "T", "n_corners": 2}, "geometry": {"type": "Point", "coordinates": [19.034985500000005, 47.53167430000003]}}, {"id": "787", "type": "Feature", "properties": {"x": 4999977.0420401795, "y": 2754710.8141106362, "bearings": {"787_740_0": 137.22338654674797, "787_746_0": -131.40714339660164, "787_795_0": -33.77538779364545}, "angles": {"787_746_0": 91.36947005665036, "787_795_0": 97.63175560295619, "787_740_0": 170.99877434039342}, "adj_sorted": [[787, 746, 0], [787, 795, 0], [787, 740, 0]], "type": "T", "n_corners": 2}, "geometry": {"type": "Point", "coordinates": [19.036894751121256, 47.53226216511502]}}, {"id": "726", "type": "Feature", "properties": {"x": 4999860.954797241, "y": 2755981.7036303165, "bearings": {"726_728_0": 89.80526882453289, "726_796_0": -1.184951547767928, "726_718_0": -87.86621620164766}, "angles": {"726_718_0": 182.32851497381944, "726_796_0": 86.68126465387974, "726_728_0": 90.99022037230081}, "adj_sorted": [[726, 718, 0], [726, 796, 0], [726, 728, 0]], "type": "T", "n_corners": 2}, "geometry": {"type": "Point", "coordinates": [19.03735865769416, 47.5437303455513]}}, {"id": "796", "type": "Feature", "properties": {"x": 4999991.0155284675, "y": 2755967.8136934405, "bearings": {"796_726_0": -94.1196535412354, "796_914_0": -1.9393831222893239, "796_798_0": 88.14644074674773}, "angles": {"796_726_0": 177.73390571201688, "796_914_0": 92.18027041894607, "796_798_0": 90.08582386903706}, "adj_sorted": [[796, 726, 0], [796, 914, 0], [796, 798, 0]], "type": "T", "n_corners": 2}, "geometry": {"type": "Point", "coordinates": [19.039053100000004, 47.54346370000002]}}, {"id": "718", "type": "Feature", "properties": {"x": 4999846.950717286, "y": 2755909.941705427, "bearings": {"718_691_0": 143.28498707073908, "718_726_0": 55.933864799478116, "718_729_0": -56.46376567744937}, "angles": {"718_729_0": 160.25124725181155, "718_726_0": 112.39763047692749, "718_691_0": 87.35112227126096}, "adj_sorted": [[718, 729, 0], [718, 726, 0], [718, 691, 0]], "type": "Y", "n_corners": 3}, "geometry": {"type": "Point", "coordinates": [19.03706115921992, 47.54310534059315]}}, {"id": "914", "type": "Feature", "properties": {"x": 5000170.151510635, "y": 2756238.3920751205, "bearings": {"914_805_0": 178.23037110150085, "914_796_0": -89.69720067350924, "914_946_0": -3.4533407529553104, "914_919_0": 87.3497946564165}, "angles": {"914_796_0": 92.07242822498989, "914_946_0": 86.24385992055393, "914_919_0": 90.80313540937182, "914_805_0": 90.88057644508434}, "adj_sorted": [[914, 796, 0], [914, 946, 0], [914, 919, 0], [914, 805, 0]], "type": "X", "n_corners": 4}, "geometry": {"type": "Point", "coordinates": [19.04184209999999, 47.54568159999999]}}, {"id": "798", "type": "Feature", "properties": {"x": 4999993.033792486, "y": 2756030.178932736, "bearings": {"798_728_0": 177.31178268717815, "798_796_0": -91.85355925325227, "798_800_0": 87.58573305863847}, "angles": {"798_796_0": 90.83465805956956, "798_800_0": 179.43929231189074, "798_728_0": 89.72604962853968}, "adj_sorted": [[798, 796, 0], [798, 800, 0], [798, 728, 0]], "type": "T", "n_corners": 2}, "geometry": {"type": "Point", "coordinates": [19.039177699999996, 47.54401800000001]}}, {"id": "777", "type": "Feature", "properties": {"x": 4999952.755754494, "y": 2754847.6084373053, "bearings": {"777_739_0": -172.61079581889123, "777_766_0": 104.33169205102465, "777_803_0": 6.704326569833694, "777_841_0": -74.98190018958205}, "angles": {"777_739_0": 83.05751213008409, "777_841_0": 97.62889562930918, "777_803_0": 81.68622675941575, "777_766_0": 97.62736548119095}, "adj_sorted": [[777, 739, 0], [777, 841, 0], [777, 803, 0], [777, 766, 0]], "type": "X", "n_corners": 4}, "geometry": {"type": "Point", "coordinates": [19.036789100000004, 47.53350949999997]}}, {"id": "800", "type": "Feature", "properties": {"x": 4999994.63720743, "y": 2756068.2089158315, "bearings": {"800_801_0": 88.88049452893995, "800_798_0": -92.41426694136155, "800_846_0": -7.954466122178329}, "angles": {"800_798_0": 178.7052385296985, "800_846_0": 84.45980081918322, "800_801_0": 96.83496065111828}, "adj_sorted": [[800, 798, 0], [800, 846, 0], [800, 801, 0]], "type": "T", "n_corners": 2}, "geometry": {"type": "Point", "coordinates": [19.039258599999997, 47.54435560000006]}}, {"id": "804", "type": "Feature", "properties": {"x": 4999998.548364078, "y": 2756219.9540217067, "bearings": {"804_805_0": 87.79385531282291, "804_801_0": -92.24188440582189, "804_742_0": 177.50584956122327}, "angles": {"804_801_0": 90.25226603295482, "804_805_0": 180.0357397186448, "804_742_0": 89.71199424840036}, "adj_sorted": [[804, 801, 0], [804, 805, 0], [804, 742, 0]], "type": "T", "n_corners": 2}, "geometry": {"type": "Point", "coordinates": [19.0395486, 47.54570540000006]}}, {"id": "738", "type": "Feature", "properties": {"x": 4999879.061423414, "y": 2756394.826781037, "bearings": {"738_733_0": -94.44223066203124, "738_678_0": 131.161760104476, "738_809_0": -17.861701997605714, "738_744_0": 71.46443969281972}, "angles": {"738_733_0": 134.39600923349275, "738_809_0": 76.58052866442551, "738_744_0": 89.32614169042543, "738_678_0": 59.69732041165628}, "adj_sorted": [[738, 733, 0], [738, 809, 0], [738, 744, 0], [738, 678, 0]], "type": "other", "n_corners": 4}, "geometry": {"type": "Point", "coordinates": [19.038246500579337, 47.54739697941076]}}, {"id": "602", "type": "Feature", "properties": {"x": 4999586.526294344, "y": 2756497.1318875216, "bearings": {"602_611_0": -132.76147705028845, "602_678_0": -17.93327450684328, "602_598_0": 139.48405123027013}, "angles": {"602_611_0": 87.75447171944143, "602_678_0": 114.82820254344517, "602_598_0": 157.4173257371134}, "adj_sorted": [[602, 611, 0], [602, 678, 0], [602, 598, 0]], "type": "Y", "n_corners": 3}, "geometry": {"type": "Point", "coordinates": [19.03454659999999, 47.5486308]}}, {"id": "686", "type": "Feature", "properties": {"x": 4999779.836437007, "y": 2756607.94532406, "bearings": {"686_678_0": -92.7530625306683, "686_760_0": 114.93604742622796, "686_752_0": -7.984956481631965, "686_657_0": 171.83235503470024}, "angles": {"686_678_0": 95.41458243463148, "686_752_0": 84.76810604903633, "686_760_0": 122.92100390785993, "686_657_0": 56.896307608472284}, "adj_sorted": [[686, 678, 0], [686, 752, 0], [686, 760, 0], [686, 657, 0]], "type": "other", "n_corners": 4}, "geometry": {"type": "Point", "coordinates": [19.0372718, 47.549407600000045]}}, {"id": "809", "type": "Feature", "properties": {"x": 5000005.672581293, "y": 2756388.6800052817, "bearings": {"809_738_0": 177.7425873820577, "809_807_0": -91.93737477355806, "809_813_0": 87.37494024079449}, "angles": {"809_807_0": 90.32003784438422, "809_813_0": 179.31231501435255, "809_738_0": 90.36764714126322}, "adj_sorted": [[809, 807, 0], [809, 813, 0], [809, 738, 0]], "type": "T", "n_corners": 2}, "geometry": {"type": "Point", "coordinates": [19.0399077, 47.547203200000034]}}, {"id": "744", "type": "Feature", "properties": {"x": 4999888.082049228, "y": 2756470.7410063725, "bearings": {"744_738_0": -94.00697989430917, "744_813_0": -2.743283792060127, "744_752_0": 84.47373831971295}, "angles": {"744_738_0": 181.51928178597788, "744_813_0": 91.26369610224904, "744_752_0": 87.21702211177308}, "adj_sorted": [[744, 738, 0], [744, 813, 0], [744, 752, 0]], "type": "T", "n_corners": 2}, "geometry": {"type": "Point", "coordinates": [19.0384848, 47.5480645]}}, {"id": "807", "type": "Feature", "properties": {"x": 5000003.4594386965, "y": 2756323.2536350517, "bearings": {"807_805_0": -92.11155741853129, "807_733_0": 177.31872675690818, "807_809_0": 88.06262522644195}, "angles": {"807_805_0": 90.56971582456055, "807_809_0": 180.17418264497326, "807_733_0": 89.25610153046622}, "adj_sorted": [[807, 805, 0], [807, 809, 0], [807, 733, 0]], "type": "T", "n_corners": 2}, "geometry": {"type": "Point", "coordinates": [19.039775700000003, 47.54662180000003]}}, {"id": "813", "type": "Feature", "properties": {"x": 5000009.192300131, "y": 2756467.3786411854, "bearings": {"813_809_0": -92.44488769294246, "813_744_0": 178.5761332493367, "813_898_0": 80.47495163166131}, "angles": {"813_809_0": 88.97897905772084, "813_898_0": 172.91983932460377, "813_744_0": 98.10118161767538}, "adj_sorted": [[813, 809, 0], [813, 898, 0], [813, 744, 0]], "type": "T", "n_corners": 2}, "geometry": {"type": "Point", "coordinates": [19.04007779999999, 47.54790160000001]}}, {"id": "752", "type": "Feature", "properties": {"x": 4999907.503749736, "y": 2756589.765559675, "bearings": {"752_686_0": 171.78855365957287, "752_744_0": -110.63797849319029, "752_760_0": 72.30083073055869, "752_898_0": -9.179931165195699}, "angles": {"752_744_0": 77.57346784723683, "752_898_0": 101.45804732799459, "752_760_0": 81.48076189575438, "752_686_0": 99.48772292901418}, "adj_sorted": [[752, 744, 0], [752, 898, 0], [752, 760, 0], [752, 686, 0]], "type": "X", "n_corners": 4}, "geometry": {"type": "Point", "coordinates": [19.0389281, 47.54910530000005]}}, {"id": "737", "type": "Feature", "properties": {"x": 4999878.998375184, "y": 2762558.630993959, "bearings": {"737_767_0": 67.02563366421772, "737_1088_0": -15.620067537168497, "737_705_0": -109.75106410321985}, "angles": {"737_705_0": 183.22330223256245, "737_1088_0": 94.13099656605135, "737_767_0": 82.64570120138622}, "adj_sorted": [[737, 705, 0], [737, 1088, 0], [737, 767, 0]], "type": "T", "n_corners": 2}, "geometry": {"type": "Point", "coordinates": [19.0479415, 47.60239820000002]}}, {"id": "767", "type": "Feature", "properties": {"x": 4999928.997720693, "y": 2762641.9513947065, "bearings": {"767_737_0": -132.48899055095947, "767_877_0": -1.377107375640378, "767_757_0": 124.12574828150285}, "angles": {"767_737_0": 103.38526116753769, "767_877_0": 131.1118831753191, "767_757_0": 125.50285565714323}, "adj_sorted": [[767, 737, 0], [767, 877, 0], [767, 757, 0]], "type": "Y", "n_corners": 3}, "geometry": {"type": "Point", "coordinates": [19.04873327561327, 47.60308674064458]}}, {"id": "1088", "type": "Feature", "properties": {"x": 5000413.2540957425, "y": 2762559.7997191725, "bearings": {"1088_737_0": -151.689295529169, "1088_1066_0": 160.5656284727416, "1088_1102_0": -22.109678649316105}, "angles": {"1088_737_0": 47.74507599808942, "1088_1102_0": 129.5796168798529, "1088_1066_0": 182.6753071220577}, "adj_sorted": [[1088, 737, 0], [1088, 1102, 0], [1088, 1066, 0]], "type": "Y", "n_corners": 2}, "geometry": {"type": "Point", "coordinates": [19.0550011, 47.60182150000003]}}, {"id": "705", "type": "Feature", "properties": {"x": 4999819.385074139, "y": 2762378.7725774534, "bearings": {"705_737_0": 71.10455474985245, "705_702_0": -103.07999615379606, "705_903_0": -13.755575298246441}, "angles": {"705_702_0": 185.81544909635147, "705_903_0": 89.32442085554962, "705_737_0": 84.8601300480989}, "adj_sorted": [[705, 702, 0], [705, 903, 0], [705, 737, 0]], "type": "T", "n_corners": 2}, "geometry": {"type": "Point", "coordinates": [19.046870700000003, 47.60085880000007]}}, {"id": "877", "type": "Feature", "properties": {"x": 5000123.908702569, "y": 2762598.426196135, "bearings": {"877_767_0": 162.09579299365714, "877_957_0": -17.367775519599085, "877_915_0": 75.60021444904191}, "angles": {"877_957_0": 180.53643148674377, "877_915_0": 92.967989968641, "877_767_0": 86.49557854461523}, "adj_sorted": [[877, 957, 0], [877, 915, 0], [877, 767, 0]], "type": "T", "n_corners": 2}, "geometry": {"type": "Point", "coordinates": [19.051239599999988, 47.6024842]}}, {"id": "757", "type": "Feature", "properties": {"x": 4999914.026971079, "y": 2762664.0417093053, "bearings": {"757_767_0": -55.87425171849716, "757_820_0": 37.65090999413164, "757_743_0": 128.6914035567623}, "angles": {"757_767_0": 175.43434472474053, "757_820_0": 93.5251617126288, "757_743_0": 91.04049356263067}, "adj_sorted": [[757, 767, 0], [757, 820, 0], [757, 743, 0]], "type": "T", "n_corners": 2}, "geometry": {"type": "Point", "coordinates": [19.048570300000005, 47.60330030000002]}}, {"id": "784", "type": "Feature", "properties": {"x": 4999973.647642134, "y": 2755497.01235958, "bearings": {"784_776_0": 145.34700265579835, "784_806_0": -77.7259172951166, "784_963_0": 1.8089092146627446}, "angles": {"784_806_0": 136.92708004908505, "784_963_0": 79.53482650977935, "784_776_0": 143.5380934411356}, "adj_sorted": [[784, 806, 0], [784, 963, 0], [784, 776, 0]], "type": "Y", "n_corners": 3}, "geometry": {"type": "Point", "coordinates": [19.038084458780453, 47.53928156254362]}}, {"id": "915", "type": "Feature", "properties": {"x": 5000171.276663154, "y": 2762785.646342039, "bearings": {"915_877_0": -101.94134211066043, "915_943_0": -25.507376702171562, "915_916_0": 89.77393608400466, "915_820_0": 165.99608109791657}, "angles": {"915_877_0": 92.062576791423, "915_943_0": 76.43396540848886, "915_916_0": 115.28131278617622, "915_820_0": 76.22214501391191}, "adj_sorted": [[915, 877, 0], [915, 943, 0], [915, 916, 0], [915, 820, 0]], "type": "other", "n_corners": 4}, "geometry": {"type": "Point", "coordinates": [19.052160399999995, 47.604102700000006]}}, {"id": "781", "type": "Feature", "properties": {"x": 4999965.216767928, "y": 2754511.5962024694, "bearings": {"781_746_0": 117.0364741074137, "781_774_0": -103.9376747010435, "781_822_0": -37.5607101576568}, "angles": {"781_774_0": 139.0258511915428, "781_822_0": 66.3769645433867, "781_746_0": 154.5971842650705}, "adj_sorted": [[781, 774, 0], [781, 822, 0], [781, 746, 0]], "type": "Y", "n_corners": 3}, "geometry": {"type": "Point", "coordinates": [19.036425999999988, 47.5304974]}}, {"id": "795", "type": "Feature", "properties": {"x": 4999989.505434115, "y": 2754702.478346542, "bearings": {"795_787_0": 146.22461220635455, "795_843_0": 4.087989522790884, "795_832_0": -67.49114988936331}, "angles": {"795_832_0": 146.28423790428212, "795_843_0": 71.57913941215419, "795_787_0": 142.13662268356367}, "adj_sorted": [[795, 832, 0], [795, 843, 0], [795, 787, 0]], "type": "Y", "n_corners": 3}, "geometry": {"type": "Point", "coordinates": [19.03704609355961, 47.53217410819317]}}, {"id": "806", "type": "Feature", "properties": {"x": 5000000.6073042, "y": 2755322.9348357683, "bearings": {"806_716_0": -161.94871105548555, "806_784_0": 96.40596417709395, "806_817_0": -83.86093914268595}, "angles": {"806_716_0": 101.6453247674205, "806_817_0": 78.0877719127996, "806_784_0": 180.26690331977989}, "adj_sorted": [[806, 716, 0], [806, 817, 0], [806, 784, 0]], "type": "T", "n_corners": 2}, "geometry": {"type": "Point", "coordinates": [19.0381668, 47.537698600000006]}}, {"id": "963", "type": "Feature", "properties": {"x": 5000239.013363839, "y": 2755485.873624928, "bearings": {"963_784_0": -178.0560877101364, "963_973_0": 86.12199116613841, "963_962_0": -93.28381451776477}, "angles": {"963_784_0": 95.82192112372519, "963_962_0": 84.77227319237164, "963_973_0": 179.40580568390317}, "adj_sorted": [[963, 784, 0], [963, 962, 0], [963, 973, 0]], "type": "T", "n_corners": 2}, "geometry": {"type": "Point", "coordinates": [19.04156837235468, 47.538890966513875]}}, {"id": "817", "type": "Feature", "properties": {"x": 5000013.969350775, "y": 2755198.696936341, "bearings": {"817_806_0": 96.12878999698927, "817_899_0": 18.95440077489132, "817_773_0": -160.6170976315431, "817_825_0": -84.72433142247263}, "angles": {"817_773_0": 103.25411237146761, "817_825_0": 75.89276620907046, "817_899_0": 103.67873219736396, "817_806_0": 77.17438922209794}, "adj_sorted": [[817, 773, 0], [817, 825, 0], [817, 899, 0], [817, 806, 0]], "type": "X", "n_corners": 4}, "geometry": {"type": "Point", "coordinates": [19.038147999999996, 47.53657530000001]}}, {"id": "832", "type": "Feature", "properties": {"x": 5000045.346951218, "y": 2754568.5914488565, "bearings": {"832_795_0": 112.66758499742366, "832_859_0": -66.40833837146661, "832_855_0": 6.224782462721322}, "angles": {"832_859_0": 180.92407663110973, "832_855_0": 72.63312083418793, "832_795_0": 106.44280253470234}, "adj_sorted": [[832, 859, 0], [832, 855, 0], [832, 795, 0]], "type": "T", "n_corners": 2}, "geometry": {"type": "Point", "coordinates": [19.037572599999997, 47.530918100000015]}}, {"id": "859", "type": "Feature", "properties": {"x": 5000084.877922273, "y": 2754200.607456699, "bearings": {"859_832_0": 87.981689741434, "859_890_0": -1.940500331514629, "859_816_0": -178.49779378589753}, "angles": {"859_816_0": 93.52051647266848, "859_890_0": 176.5572934543829, "859_832_0": 89.92219007294862}, "adj_sorted": [[859, 816, 0], [859, 890, 0], [859, 832, 0]], "type": "T", "n_corners": 2}, "geometry": {"type": "Point", "coordinates": [19.037516399999998, 47.527591000000015]}}, {"id": "855", "type": "Feature", "properties": {"x": 5000081.383207296, "y": 2754572.5959866177, "bearings": {"855_832_0": -173.64051207795643, "855_843_0": 97.95297714699852, "855_936_0": 6.481011097449231, "855_864_0": -84.53725839347415}, "angles": {"855_832_0": 88.40651077504504, "855_864_0": 89.10325368448228, "855_936_0": 91.01826949092337, "855_843_0": 91.4719660495493}, "adj_sorted": [[855, 832, 0], [855, 864, 0], [855, 936, 0], [855, 843, 0]], "type": "X", "n_corners": 4}, "geometry": {"type": "Point", "coordinates": [19.038054299999995, 47.530914300000006]}}, {"id": "843", "type": "Feature", "properties": {"x": 5000061.766283501, "y": 2754707.6428435394, "bearings": {"843_795_0": -175.91201047720912, "843_855_0": -87.6922819688548, "843_841_0": 92.44974620029456, "843_931_0": -3.0889407021188537}, "angles": {"843_795_0": 91.63824332249635, "843_855_0": 88.21972850835432, "843_931_0": 84.60334126673595, "843_841_0": 95.5386869024134}, "adj_sorted": [[843, 795, 0], [843, 855, 0], [843, 931, 0], [843, 841, 0]], "type": "X", "n_corners": 4}, "geometry": {"type": "Point", "coordinates": [19.03800753527042, 47.532140920008274]}}, {"id": "973", "type": "Feature", "properties": {"x": 5000246.843538717, "y": 2755601.3841090784, "bearings": {"973_963_0": -93.8780088338616, "973_925_0": 123.98475457234058, "973_1042_0": 27.115159616970697}, "angles": {"973_963_0": 142.1372365937978, "973_1042_0": 120.9931684508323, "973_925_0": 96.86959495536988}, "adj_sorted": [[973, 963, 0], [973, 1042, 0], [973, 925, 0]], "type": "Y", "n_corners": 3}, "geometry": {"type": "Point", "coordinates": [19.041853168680728, 47.539913124545926]}}, {"id": "962", "type": "Feature", "properties": {"x": 5000238.14695564, "y": 2755470.7731475965, "bearings": {"962_963_0": 86.71618548223525, "962_947_0": -95.93067203096344, "962_1072_0": -6.3979418200358}, "angles": {"962_947_0": 177.35314248680132, "962_1072_0": 89.53273021092764, "962_963_0": 93.11412730227104}, "adj_sorted": [[962, 947, 0], [962, 1072, 0], [962, 963, 0]], "type": "T", "n_corners": 2}, "geometry": {"type": "Point", "coordinates": [19.04153321682452, 47.53875716897528]}}, {"id": "824", "type": "Feature", "properties": {"x": 5000025.724947082, "y": 2755799.4764109044, "bearings": {"824_925_0": -108.17163046803408, "824_908_0": -14.836362868164034, "824_729_0": 144.07268343586074}, "angles": {"824_925_0": 107.7556860961052, "824_908_0": 93.33526759987005, "824_729_0": 158.90904630402477}, "adj_sorted": [[824, 925, 0], [824, 908, 0], [824, 729, 0]], "type": "Y", "n_corners": 3}, "geometry": {"type": "Point", "coordinates": [19.03924668344511, 47.54192345977771]}}, {"id": "925", "type": "Feature", "properties": {"x": 5000192.996771803, "y": 2755681.261061882, "bearings": {"925_973_0": -56.01524542765943, "925_824_0": 177.36821119707258, "925_946_0": -129.30177920236721, "925_908_0": 122.18278628831408}, "angles": {"925_946_0": 53.330009600560174, "925_973_0": 73.28653377470778, "925_908_0": 178.1980317159735, "925_824_0": 55.185424908758506}, "adj_sorted": [[925, 946, 0], [925, 973, 0], [925, 908, 0], [925, 824, 0]], "type": "other", "n_corners": 3}, "geometry": {"type": "Point", "coordinates": [19.04126816074079, 47.54068500294036]}}, {"id": "908", "type": "Feature", "properties": {"x": 5000166.211892524, "y": 2755723.82308117, "bearings": {"908_824_0": 147.68724953760253, "908_925_0": -57.81721371168593, "908_912_0": 85.62673156226512}, "angles": {"908_925_0": 154.49553675071155, "908_912_0": 143.44394527395104, "908_824_0": 62.060517975337405}, "adj_sorted": [[908, 925, 0], [908, 912, 0], [908, 824, 0]], "type": "Y", "n_corners": 3}, "geometry": {"type": "Point", "coordinates": [19.0409816, 47.54109420000001]}}, {"id": "729", "type": "Feature", "properties": {"x": 4999861.616084843, "y": 2755887.815167622, "bearings": {"729_754_0": -98.3024173961928, "729_718_0": 123.53623432255063, "729_824_0": -2.0321484015946676}, "angles": {"729_754_0": 138.16134828125658, "729_824_0": 96.27026899459813, "729_718_0": 125.5683827241453}, "adj_sorted": [[729, 754, 0], [729, 824, 0], [729, 718, 0]], "type": "Y", "n_corners": 3}, "geometry": {"type": "Point", "coordinates": [19.037219929527744, 47.542891805683055]}}, {"id": "946", "type": "Feature", "properties": {"x": 5000222.3693276495, "y": 2756235.2225863696, "bearings": {"946_914_0": 176.5212628089136, "946_925_0": -93.02594521284587, "946_954_0": 42.688888355437705}, "angles": {"946_925_0": 90.4527919782405, "946_954_0": 135.71483356828358, "946_914_0": 133.8323744534759}, "adj_sorted": [[946, 925, 0], [946, 954, 0], [946, 914, 0]], "type": "Y", "n_corners": 3}, "geometry": {"type": "Point", "coordinates": [19.042526199999998, 47.54559600000001]}}, {"id": "867", "type": "Feature", "properties": {"x": 5000101.173887204, "y": 2757579.104531774, "bearings": {"867_815_0": 172.43854120888852, "867_831_0": -93.82195669628737, "867_868_0": 82.35620305734021}, "angles": {"867_831_0": 93.7395020948241, "867_868_0": 176.1781597536276, "867_815_0": 90.08233815154831}, "adj_sorted": [[867, 831, 0], [867, 868, 0], [867, 815, 0]], "type": "T", "n_corners": 2}, "geometry": {"type": "Point", "coordinates": [19.0430391, 47.557721]}}, {"id": "834", "type": "Feature", "properties": {"x": 5000048.288800763, "y": 2757878.717219589, "bearings": {"834_830_0": -97.23456913712472, "834_849_0": 82.79609025024857, "834_748_0": 171.6147794928145}, "angles": {"834_830_0": 91.15065137006076, "834_849_0": 180.0306593873733, "834_748_0": 88.81868924256594}, "adj_sorted": [[834, 830, 0], [834, 849, 0], [834, 748, 0]], "type": "T", "n_corners": 2}, "geometry": {"type": "Point", "coordinates": [19.04281209999999, 47.56045260000007]}}, {"id": "897", "type": "Feature", "properties": {"x": 5000141.330627802, "y": 2757753.466231961, "bearings": {"897_830_0": 128.04743185905895, "897_895_0": -96.52261670697452, "897_926_0": -6.85285698673028}, "angles": {"897_895_0": 135.42995143396655, "897_926_0": 89.66975972024424, "897_830_0": 134.90028884578922}, "adj_sorted": [[897, 895, 0], [897, 926, 0], [897, 830, 0]], "type": "Y", "n_corners": 3}, "geometry": {"type": "Point", "coordinates": [19.0438433, 47.55923280000001]}}, {"id": "841", "type": "Feature", "properties": {"x": 5000058.119577274, "y": 2754754.24751271, "bearings": {"841_777_0": -170.7758848551779, "841_843_0": -83.44994874396225, "841_835_0": 94.98172431240357}, "angles": {"841_777_0": 94.24239083241855, "841_843_0": 87.32593611121565, "841_835_0": 178.4316730563658}, "adj_sorted": [[841, 777, 0], [841, 843, 0], [841, 835, 0]], "type": "T", "n_corners": 2}, "geometry": {"type": "Point", "coordinates": [19.038032600000005, 47.53256080000003]}}, {"id": "835", "type": "Feature", "properties": {"x": 5000049.029718765, "y": 2754858.2002733834, "bearings": {"835_841_0": -84.99724926082014, "835_920_0": 5.101853733509173, "835_828_0": 95.96544521179024, "835_803_0": -174.1087576475729}, "angles": {"835_803_0": 89.92579714063686, "835_841_0": 89.11150838675276, "835_920_0": 90.09910299432931, "835_828_0": 90.86359147828107}, "adj_sorted": [[835, 803, 0], [835, 841, 0], [835, 920, 0], [835, 828, 0]], "type": "X", "n_corners": 4}, "geometry": {"type": "Point", "coordinates": [19.03807589999999, 47.53349840000001]}}, {"id": "931", "type": "Feature", "properties": {"x": 5000202.7704444025, "y": 2754690.7051670975, "bearings": {"931_843_0": 170.35385957767414, "931_939_0": 62.16775978180625, "931_936_0": -81.92763220454391}, "angles": {"931_936_0": 107.71850821778196, "931_939_0": 144.09539198635017, "931_843_0": 108.1860997958679}, "adj_sorted": [[931, 936, 0], [931, 939, 0], [931, 843, 0]], "type": "Y", "n_corners": 3}, "geometry": {"type": "Point", "coordinates": [19.039841188762626, 47.53183506339626]}}, {"id": "936", "type": "Feature", "properties": {"x": 5000209.353646842, "y": 2754566.8259475706, "bearings": {"936_855_0": 171.23795690200188, "936_931_0": 80.53437876555972, "936_922_0": -98.45663549227183, "936_1017_0": -9.792835805364904}, "angles": {"936_922_0": 90.30540760572626, "936_1017_0": 88.66379968690693, "936_931_0": 90.32721457092462, "936_855_0": 90.70357813644216}, "adj_sorted": [[936, 922, 0], [936, 1017, 0], [936, 931, 0], [936, 855, 0]], "type": "X", "n_corners": 4}, "geometry": {"type": "Point", "coordinates": [19.039733499999993, 47.53072240000004]}}, {"id": "864", "type": "Feature", "properties": {"x": 5000098.997709034, "y": 2754428.8557312815, "bearings": {"864_855_0": 98.71190107838034, "864_878_0": -78.74961898914474, "864_922_0": -5.219052039800309}, "angles": {"864_878_0": 182.53847993247493, "864_922_0": 73.53056694934443, "864_855_0": 103.93095311818064}, "adj_sorted": [[864, 878, 0], [864, 922, 0], [864, 855, 0]], "type": "T", "n_corners": 2}, "geometry": {"type": "Point", "coordinates": [19.038060999999995, 47.52961229999999]}}, {"id": "899", "type": "Feature", "properties": {"x": 5000141.674323431, "y": 2755241.539075235, "bearings": {"899_817_0": -170.72502516997366, "899_906_0": -82.62309258191092, "899_947_0": 91.28517367473464}, "angles": {"899_817_0": 97.98980115529173, "899_906_0": 88.10193258806274, "899_947_0": 173.90826625664556}, "adj_sorted": [[899, 817, 0], [899, 906, 0], [899, 947, 0]], "type": "T", "n_corners": 2}, "geometry": {"type": "Point", "coordinates": [19.039900232109545, 47.53681747836735]}}, {"id": "773", "type": "Feature", "properties": {"x": 4999942.214769435, "y": 2755173.4355825866, "bearings": {"773_735_0": -160.92966876177599, "773_817_0": 19.39587731562151, "773_782_0": -79.67365127941953}, "angles": {"773_735_0": 179.6744539226025, "773_782_0": 81.25601748235646, "773_817_0": 99.06952859504105}, "adj_sorted": [[773, 735, 0], [773, 782, 0], [773, 817, 0]], "type": "T", "n_corners": 2}, "geometry": {"type": "Point", "coordinates": [19.037161599999994, 47.53642860000001]}}, {"id": "825", "type": "Feature", "properties": {"x": 5000026.467112358, "y": 2755063.3146223356, "bearings": {"825_817_0": 95.27422046467078, "825_828_0": -83.06626268534966, "825_782_0": -160.85379197900406}, "angles": {"825_782_0": 103.87198755632517, "825_828_0": 77.7875292936544, "825_817_0": 178.34048315002042}, "adj_sorted": [[825, 782, 0], [825, 828, 0], [825, 817, 0]], "type": "T", "n_corners": 2}, "geometry": {"type": "Point", "coordinates": [19.0381003, 47.535353500000014]}}, {"id": "906", "type": "Feature", "properties": {"x": 5000163.205804147, "y": 2755014.3579917927, "bearings": {"906_899_0": 95.67834337608582, "906_920_0": -83.6357301165783, "906_1019_0": 13.212172007526007, "906_828_0": -163.1583865237243}, "angles": {"906_828_0": 101.16327010018989, "906_920_0": 79.52265640714599, "906_1019_0": 96.84790212410431, "906_899_0": 82.46617136855981}, "adj_sorted": [[906, 828, 0], [906, 920, 0], [906, 1019, 0], [906, 899, 0]], "type": "X", "n_corners": 4}, "geometry": {"type": "Point", "coordinates": [19.039827499999998, 47.534766600000005]}}, {"id": "947", "type": "Feature", "properties": {"x": 5000222.415845235, "y": 2755319.339227518, "bearings": {"947_962_0": 84.06932796903658, "947_899_0": -141.5240969246844, "947_1021_0": -52.02195423637241}, "angles": {"947_899_0": 134.40657510627904, "947_1021_0": 89.50214268831198, "947_962_0": 136.091282205409}, "adj_sorted": [[947, 899, 0], [947, 1021, 0], [947, 962, 0]], "type": "Y", "n_corners": 3}, "geometry": {"type": "Point", "coordinates": [19.041087755385714, 47.53742311892224]}}, {"id": "920", "type": "Feature", "properties": {"x": 5000179.614119899, "y": 2754874.480927127, "bearings": {"920_835_0": -174.85264978378595, "920_906_0": 96.58012032950258, "920_939_0": -82.95642336046369}, "angles": {"920_835_0": 88.56722988671146, "920_939_0": 91.89622642332226, "920_906_0": 179.53654368996627}, "adj_sorted": [[920, 835, 0], [920, 939, 0], [920, 906, 0]], "type": "T", "n_corners": 2}, "geometry": {"type": "Point", "coordinates": [19.039824299999996, 47.533500400000044]}}, {"id": "1019", "type": "Feature", "properties": {"x": 5000294.131102159, "y": 2755029.3390351813, "bearings": {"1019_906_0": -174.34093503686893, "1019_1014_0": -83.34522516238276, "1019_1075_0": -6.918317051742583, "1019_1021_0": 96.09450523775583}, "angles": {"1019_906_0": 89.56455972537526, "1019_1014_0": 90.99570987448617, "1019_1075_0": 76.42690811064018, "1019_1021_0": 103.0128222894984}, "adj_sorted": [[1019, 906, 0], [1019, 1014, 0], [1019, 1075, 0], [1019, 1021, 0]], "type": "X", "n_corners": 4}, "geometry": {"type": "Point", "coordinates": [19.041578399999995, 47.5347566]}}, {"id": "828", "type": "Feature", "properties": {"x": 5000036.944826413, "y": 2754977.1263048793, "bearings": {"828_835_0": -84.8770864595195, "828_825_0": 96.90490794638909, "828_906_0": 16.392192864922567, "828_790_0": -163.23818815542595}, "angles": {"828_790_0": 99.85690389818495, "828_835_0": 78.36110169590644, "828_906_0": 101.26927932444207, "828_825_0": 80.51271508146652}, "adj_sorted": [[828, 790, 0], [828, 835, 0], [828, 906, 0], [828, 825, 0]], "type": "X", "n_corners": 4}, "geometry": {"type": "Point", "coordinates": [19.0381032, 47.53457290000001]}}, {"id": "954", "type": "Feature", "properties": {"x": 5000232.344830023, "y": 2756244.4241337352, "bearings": {"954_946_0": -137.31111164456232, "954_966_0": -47.311425213149455, "954_964_0": 87.55804430520554}, "angles": {"954_946_0": 135.13084405023216, "954_966_0": 89.99968643141287, "954_964_0": 134.869469518355}, "adj_sorted": [[954, 946, 0], [954, 966, 0], [954, 964, 0]], "type": "Y", "n_corners": 3}, "geometry": {"type": "Point", "coordinates": [19.042672300160323, 47.545667158937434]}}, {"id": "939", "type": "Feature", "properties": {"x": 5000214.1193964, "y": 2754721.598145899, "bearings": {"939_931_0": -102.22703581876706, "939_920_0": 127.80091039947978, "939_969_0": 33.34588501612451}, "angles": {"939_931_0": 129.97205378175317, "939_969_0": 135.5729208348916, "939_920_0": 94.45502538335526}, "adj_sorted": [[939, 931, 0], [939, 969, 0], [939, 920, 0]], "type": "Y", "n_corners": 3}, "geometry": {"type": "Point", "coordinates": [19.04003942969612, 47.532098283828375]}}, {"id": "969", "type": "Feature", "properties": {"x": 5000244.764695663, "y": 2754741.7634952036, "bearings": {"969_939_0": -146.6541149838755, "969_1078_0": -11.005145244841348, "969_1014_0": 71.30323818004692}, "angles": {"969_939_0": 142.04264683607758, "969_1078_0": 135.64896973903416, "969_1014_0": 82.30838342488826}, "adj_sorted": [[969, 939, 0], [969, 1078, 0], [969, 1014, 0]], "type": "Y", "n_corners": 3}, "geometry": {"type": "Point", "coordinates": [19.0404754, 47.53224460000005]}}, {"id": "847", "type": "Feature", "properties": {"x": 5000067.572098603, "y": 2761235.378828857, "bearings": {"847_959_0": -8.06093981064379, "847_940_0": 71.0391152027956, "847_839_0": -108.96088479575181}, "angles": {"847_839_0": 180.00000000145258, "847_959_0": 100.89994498510802, "847_940_0": 79.10005501343939}, "adj_sorted": [[847, 839, 0], [847, 959, 0], [847, 940, 0]], "type": "T", "n_corners": 2}, "geometry": {"type": "Point", "coordinates": [19.048348362056572, 47.59038359525239]}}, {"id": "959", "type": "Feature", "properties": {"x": 5000236.1049044095, "y": 2761314.9308189484, "bearings": {"959_847_0": -177.21291084140142, "959_999_0": 64.93213002785541, "959_965_0": -83.60054455559407}, "angles": {"959_847_0": 117.85495913074317, "959_965_0": 93.61236628580735, "959_999_0": 148.53267458344948}, "adj_sorted": [[959, 847, 0], [959, 965, 0], [959, 999, 0]], "type": "Y", "n_corners": 3}, "geometry": {"type": "Point", "coordinates": [19.050699556506515, 47.59090827653468]}}, {"id": "940", "type": "Feature", "properties": {"x": 5000217.14427562, "y": 2761649.2219278277, "bearings": {"940_847_0": -109.52708937816689, "940_905_0": 171.2032914602651, "940_1011_0": 72.75373118034126}, "angles": {"940_847_0": 79.26961916156802, "940_1011_0": 182.28082055850814, "940_905_0": 98.44956027992383}, "adj_sorted": [[940, 847, 0], [940, 1011, 0], [940, 905, 0]], "type": "T", "n_corners": 2}, "geometry": {"type": "Point", "coordinates": [19.050975699999995, 47.59391200000005]}}, {"id": "839", "type": "Feature", "properties": {"x": 5000057.114095703, "y": 2761207.8565240665, "bearings": {"839_847_0": 67.9164805918781, "839_741_0": -112.09948114940694, "839_924_0": 11.670015699604752}, "angles": {"839_741_0": 179.98403825871497, "839_924_0": 123.76949684901169, "839_847_0": 56.246464892273345}, "adj_sorted": [[839, 741, 0], [839, 924, 0], [839, 847, 0]], "type": "Y", "n_corners": 2}, "geometry": {"type": "Point", "coordinates": [19.04816689999999, 47.59014950000004]}}, {"id": "999", "type": "Feature", "properties": {"x": 5000269.855101851, "y": 2761413.9576420765, "bearings": {"999_959_0": -110.1233959504158, "999_1070_0": 68.05400477380049, "999_1020_0": -37.440905510799965}, "angles": {"999_959_0": 181.82259927578372, "999_1020_0": 72.68249043961583, "999_1070_0": 105.49491028460045}, "adj_sorted": [[999, 959, 0], [999, 1020, 0], [999, 1070, 0]], "type": "T", "n_corners": 2}, "geometry": {"type": "Point", "coordinates": [19.051301304425337, 47.59175480858011]}}, {"id": "965", "type": "Feature", "properties": {"x": 5000240.592103395, "y": 2761218.5712358085, "bearings": {"965_959_0": 104.48742720381226, "965_958_0": -103.23240014043785, "965_1049_0": 19.16634724964119}, "angles": {"965_958_0": 152.28017265574988, "965_1049_0": 122.39874739007904, "965_959_0": 85.32107995417107}, "adj_sorted": [[965, 958, 0], [965, 1049, 0], [965, 959, 0]], "type": "Y", "n_corners": 3}, "geometry": {"type": "Point", "coordinates": [19.050607047513274, 47.590043525503]}}, {"id": "922", "type": "Feature", "properties": {"x": 5000187.005007701, "y": 2754416.4906562725, "bearings": {"922_936_0": 81.48889177098066, "922_864_0": 164.76063572777045, "922_911_0": -97.94260373586357, "922_968_0": -15.187830847085202}, "angles": {"922_911_0": 97.29676053636598, "922_968_0": 82.75477288877838, "922_936_0": 96.67672261806587, "922_864_0": 83.27174395678979}, "adj_sorted": [[922, 911, 0], [922, 968, 0], [922, 936, 0], [922, 864, 0]], "type": "X", "n_corners": 4}, "geometry": {"type": "Point", "coordinates": [19.039202599999992, 47.52940540000001]}}, {"id": "921", "type": "Feature", "properties": {"x": 5000183.096155858, "y": 2760410.4649334718, "bearings": {"921_961_0": -46.505097299213375, "921_891_0": 131.31101526866078, "921_861_0": -172.63330798470633}, "angles": {"921_861_0": 56.05567674663291, "921_961_0": 126.12821068549296, "921_891_0": 177.81611256787414}, "adj_sorted": [[921, 861, 0], [921, 961, 0], [921, 891, 0]], "type": "Y", "n_corners": 2}, "geometry": {"type": "Point", "coordinates": [19.048575199999988, 47.58289590000004]}}, {"id": "961", "type": "Feature", "properties": {"x": 5000237.956200058, "y": 2760371.71073365, "bearings": {"961_921_0": 163.76018606682908, "961_955_0": 75.31659739241508, "961_985_0": -70.42874513601282}, "angles": {"961_985_0": 125.8110687971581, "961_955_0": 145.7453425284279, "961_921_0": 88.443588674414}, "adj_sorted": [[961, 985, 0], [961, 955, 0], [961, 921, 0]], "type": "Y", "n_corners": 3}, "geometry": {"type": "Point", "coordinates": [19.049238642889733, 47.58248982324494]}}, {"id": "891", "type": "Feature", "properties": {"x": 5000132.8821805725, "y": 2760483.3922482487, "bearings": {"891_921_0": -60.54355077029881, "891_900_0": 57.716049383656, "891_845_0": 119.12298389454094, "891_827_0": -171.48475935836063}, "angles": {"891_827_0": 69.39225674709843, "891_921_0": 110.94120858806183, "891_900_0": 118.2596001539548, "891_845_0": 61.40693451088494}, "adj_sorted": [[891, 827, 0], [891, 921, 0], [891, 900, 0], [891, 845, 0]], "type": "other", "n_corners": 4}, "geometry": {"type": "Point", "coordinates": [19.048026899999996, 47.58360180000004]}}, {"id": "861", "type": "Feature", "properties": {"x": 5000090.636954542, "y": 2760398.511232065, "bearings": {"861_921_0": 7.3666920152936655, "861_789_0": -172.6259861955958, "861_929_0": -51.85852438018845, "861_827_0": 131.01495994355432}, "angles": {"861_789_0": 56.35905386084988, "861_929_0": 120.76746181540736, "861_921_0": 59.225216395482114, "861_827_0": 123.64826792826065}, "adj_sorted": [[861, 789, 0], [861, 929, 0], [861, 921, 0], [861, 827, 0]], "type": "X", "n_corners": 4}, "geometry": {"type": "Point", "coordinates": [19.047335399999994, 47.582890799999994]}}, {"id": "955", "type": "Feature", "properties": {"x": 5000233.29229309, "y": 2760611.531206932, "bearings": {"955_961_0": -87.07152841502035, "955_953_0": 90.9695041142892, "955_1067_0": 1.4861127967768148}, "angles": {"955_961_0": 181.95896747069045, "955_1067_0": 88.55764121179716, "955_953_0": 89.48339131751239}, "adj_sorted": [[955, 961, 0], [955, 1067, 0], [955, 953, 0]], "type": "T", "n_corners": 2}, "geometry": {"type": "Point", "coordinates": [19.049554657081597, 47.5846348883926]}}, {"id": "985", "type": "Feature", "properties": {"x": 5000254.91768219, "y": 2760324.0016296376, "bearings": {"985_961_0": 109.57125486398719, "985_1002_0": -105.58008461116322, "985_1083_0": -6.186982920500741}, "angles": {"985_1002_0": 144.8486605248496, "985_1083_0": 99.39310169066248, "985_961_0": 115.75823778448793}, "adj_sorted": [[985, 1002, 0], [985, 1083, 0], [985, 961, 0]], "type": "Y", "n_corners": 3}, "geometry": {"type": "Point", "coordinates": [19.049387511001406, 47.5820454753827]}}, {"id": "900", "type": "Feature", "properties": {"x": 5000141.963563662, "y": 2760721.8154201275, "bearings": {"900_891_0": -87.06738691209927, "900_953_0": 0.2800209514977784, "900_845_0": 179.74244939212917, "900_881_0": 92.36125720518784}, "angles": {"900_891_0": 93.19016369577156, "900_953_0": 87.34740786359704, "900_881_0": 92.08123625369007, "900_845_0": 87.38119218694133}, "adj_sorted": [[900, 891, 0], [900, 953, 0], [900, 881, 0], [900, 845, 0]], "type": "X", "n_corners": 4}, "geometry": {"type": "Point", "coordinates": [19.048522199999997, 47.58571930000002]}}, {"id": "953", "type": "Feature", "properties": {"x": 5000231.417617123, "y": 2760722.3102822998, "bearings": {"953_955_0": -89.03049588571079, "953_900_0": -179.09056154730703, "953_958_0": 90.66648028009988, "953_1059_0": -0.36903100482254625}, "angles": {"953_900_0": 90.24295817259309, "953_955_0": 90.06006566159624, "953_1059_0": 88.66146488088825, "953_958_0": 91.03551128492242}, "adj_sorted": [[953, 900, 0], [953, 955, 0], [953, 1059, 0], [953, 958, 0]], "type": "X", "n_corners": 4}, "geometry": {"type": "Point", "coordinates": [19.049704337555283, 47.585625439086634]}}, {"id": "845", "type": "Feature", "properties": {"x": 5000064.588129101, "y": 2760722.163233258, "bearings": {"845_891_0": -91.54546405244412, "845_900_0": -0.25755060787084194, "845_785_0": 177.41060524392273, "845_881_0": 78.34678876384687}, "angles": {"845_891_0": 91.04393070363312, "845_900_0": 91.28791344457328, "845_881_0": 78.60433937171771, "845_785_0": 99.06381648007586}, "adj_sorted": [[845, 891, 0], [845, 900, 0], [845, 881, 0], [845, 785, 0]], "type": "X", "n_corners": 4}, "geometry": {"type": "Point", "coordinates": [19.047500899999996, 47.58580740000004]}}, {"id": "881", "type": "Feature", "properties": {"x": 5000127.9834531685, "y": 2760939.9723097044, "bearings": {"881_900_0": -16.382327607501427, "881_845_0": -106.3823276069555, "881_924_0": 73.6176723925569}, "angles": {"881_845_0": 180.0000000004876, "881_900_0": 89.99999999945408, "881_924_0": 90.00000000005832}, "adj_sorted": [[881, 845, 0], [881, 900, 0], [881, 924, 0]], "type": "T", "n_corners": 2}, "geometry": {"type": "Point", "coordinates": [19.048681067566015, 47.587681292465426]}}, {"id": "958", "type": "Feature", "properties": {"x": 5000235.086109774, "y": 2760834.3038193067, "bearings": {"958_965_0": 101.64699478805159, "958_953_0": -96.9853451020012, "958_1050_0": 2.458251416815599}, "angles": {"958_953_0": 161.36766010994722, "958_1050_0": 99.4435965188168, "958_965_0": 99.18874337123599}, "adj_sorted": [[958, 953, 0], [958, 1050, 0], [958, 965, 0]], "type": "Y", "n_corners": 3}, "geometry": {"type": "Point", "coordinates": [19.0499291442116, 47.58662073529667]}}, {"id": "1059", "type": "Feature", "properties": {"x": 5000344.794063335, "y": 2760722.807606201, "bearings": {"1059_953_0": -179.72034619956355, "1059_1062_0": 89.03210244717934, "1059_1065_0": 0.5259424236898707}, "angles": {"1059_953_0": 91.24755135325711, "1059_1065_0": 180.24628862325343, "1059_1062_0": 88.50616002348947}, "adj_sorted": [[1059, 953, 0], [1059, 1065, 0], [1059, 1062, 0]], "type": "T", "n_corners": 2}, "geometry": {"type": "Point", "coordinates": [19.051202400000005, 47.58550530000003]}}, {"id": "919", "type": "Feature", "properties": {"x": 5000179.3712537885, "y": 2756427.2122687, "bearings": {"919_914_0": -92.25126302888019, "919_964_0": -2.942933050890047, "919_898_0": 88.1164786083935}, "angles": {"919_914_0": 179.6322583627263, "919_964_0": 89.30832997799014, "919_898_0": 91.05941165928355}, "adj_sorted": [[919, 914, 0], [919, 964, 0], [919, 898, 0]], "type": "T", "n_corners": 2}, "geometry": {"type": "Point", "coordinates": [19.0422605, 47.54735640000002]}}, {"id": "964", "type": "Feature", "properties": {"x": 5000240.014051956, "y": 2756424.258663716, "bearings": {"964_954_0": -92.44195569479447, "964_919_0": 177.45958699090164, "964_970_0": 87.77003802479052}, "angles": {"964_954_0": 90.09845731430391, "964_970_0": 180.211993719585, "964_919_0": 89.68954896611112}, "adj_sorted": [[964, 954, 0], [964, 970, 0], [964, 919, 0]], "type": "T", "n_corners": 2}, "geometry": {"type": "Point", "coordinates": [19.043056142359326, 47.54726347490747]}}, {"id": "898", "type": "Feature", "properties": {"x": 5000141.608997231, "y": 2756619.274692207, "bearings": {"898_813_0": -92.95282974999203, "898_752_0": 164.26763708893012, "898_919_0": -10.012114555035954, "898_896_0": 89.21164971755486}, "angles": {"898_813_0": 102.77953316107784, "898_919_0": 82.94071519495608, "898_896_0": 99.22376427259081, "898_752_0": 75.05598737137525}, "adj_sorted": [[898, 813, 0], [898, 919, 0], [898, 896, 0], [898, 752, 0]], "type": "X", "n_corners": 4}, "geometry": {"type": "Point", "coordinates": [19.042063999999996, 47.54911169999998]}}, {"id": "970", "type": "Feature", "properties": {"x": 5000245.054395968, "y": 2756553.6979140877, "bearings": {"970_964_0": -92.22996197520949, "970_1041_0": -2.4840906553768143, "970_977_0": 87.5311824245757}, "angles": {"970_964_0": 180.2388556002148, "970_1041_0": 89.74587131983267, "970_977_0": 90.01527307995252}, "adj_sorted": [[970, 964, 0], [970, 1041, 0], [970, 977, 0]], "type": "T", "n_corners": 2}, "geometry": {"type": "Point", "coordinates": [19.043326106757878, 47.54841297780137]}}, {"id": "1062", "type": "Feature", "properties": {"x": 5000345.758088376, "y": 2760779.8687195177, "bearings": {"1062_1059_0": -90.96789755282067, "1062_1050_0": 92.05275842739421, "1062_1165_0": -0.2927642986198067}, "angles": {"1062_1059_0": 176.97934401978512, "1062_1165_0": 90.67513325420087, "1062_1050_0": 92.34552272601401}, "adj_sorted": [[1062, 1059, 0], [1062, 1165, 0], [1062, 1050, 0]], "type": "T", "n_corners": 2}, "geometry": {"type": "Point", "coordinates": [19.051304999999992, 47.586013400000056]}}, {"id": "1065", "type": "Feature", "properties": {"x": 5000354.823796673, "y": 2760722.899675992, "bearings": {"1065_1059_0": -179.47405757631014, "1065_1133_0": 0.5596881182380022, "1065_1067_0": -87.26607167855965}, "angles": {"1065_1059_0": 179.96625430545186, "1065_1067_0": 92.20798589775049, "1065_1133_0": 87.82575979679766}, "adj_sorted": [[1065, 1059, 0], [1065, 1067, 0], [1065, 1133, 0]], "type": "T", "n_corners": 2}, "geometry": {"type": "Point", "coordinates": [19.051334999999998, 47.5854951]}}, {"id": "1067", "type": "Feature", "properties": {"x": 5000359.982244328, "y": 2760614.435559541, "bearings": {"1067_955_0": -178.5791811489606, "1067_1065_0": 92.72159088298302, "1067_1128_0": -0.18837132644627805}, "angles": {"1067_955_0": 88.69922796805639, "1067_1128_0": 178.3908098225143, "1067_1065_0": 92.9099622094293}, "adj_sorted": [[1067, 955, 0], [1067, 1128, 0], [1067, 1065, 0]], "type": "T", "n_corners": 2}, "geometry": {"type": "Point", "coordinates": [19.051232299999995, 47.58452160000003]}}, {"id": "1128", "type": "Feature", "properties": {"x": 5000468.62009093, "y": 2760614.0757388594, "bearings": {"1128_1067_0": 179.78930374199527, "1128_1130_0": 83.99478342194712, "1128_1126_0": -95.09512052687276}, "angles": {"1128_1126_0": 85.11557573113197, "1128_1130_0": 179.08990394881988, "1128_1067_0": 95.79452032004815}, "adj_sorted": [[1128, 1126, 0], [1128, 1130, 0], [1128, 1067, 0]], "type": "T", "n_corners": 2}, "geometry": {"type": "Point", "coordinates": [19.052666399999996, 47.58439900000004]}}, {"id": "896", "type": "Feature", "properties": {"x": 5000141.169226198, "y": 2756707.5278086234, "bearings": {"896_898_0": -86.01978244361958, "896_979_0": -0.9092037801345468, "896_838_0": 179.5933265078892}, "angles": {"896_898_0": 94.38689104849124, "896_979_0": 85.11057866348503, "896_838_0": 180.50253028802373}, "adj_sorted": [[896, 898, 0], [896, 979, 0], [896, 838, 0]], "type": "T", "n_corners": 2}, "geometry": {"type": "Point", "coordinates": [19.0421969, 47.54989970000002]}}, {"id": "979", "type": "Feature", "properties": {"x": 5000251.54320276, "y": 2756703.468168878, "bearings": {"979_896_0": 176.99760542892156, "979_1026_0": -2.5947896296171282, "979_977_0": -92.5081361732954, "979_988_0": 88.63097929595065}, "angles": {"979_977_0": 90.49425839778303, "979_1026_0": 89.91334654367827, "979_988_0": 91.22576892556778, "979_896_0": 88.36662613297091}, "adj_sorted": [[979, 977, 0], [979, 1026, 0], [979, 988, 0], [979, 896, 0]], "type": "X", "n_corners": 4}, "geometry": {"type": "Point", "coordinates": [19.043647160240237, 47.549742309988105]}}, {"id": "838", "type": "Feature", "properties": {"x": 5000054.26213136, "y": 2756708.4479000303, "bearings": {"838_896_0": -0.6458174423051084, "838_761_0": 178.63906791157342, "838_840_0": 89.77732609549888}, "angles": {"838_896_0": 180.71511464612146, "838_840_0": 90.42314353780398, "838_761_0": 88.86174181607454}, "adj_sorted": [[838, 896, 0], [838, 840, 0], [838, 761, 0]], "type": "T", "n_corners": 2}, "geometry": {"type": "Point", "coordinates": [19.041051399999997, 47.550003299999986]}}, {"id": "1026", "type": "Feature", "properties": {"x": 5000302.502673423, "y": 2756703.1586315604, "bearings": {"1026_979_0": -179.86293819560845, "1026_1037_0": -51.70976689226173, "1026_1089_0": 2.046866761841075}, "angles": {"1026_979_0": 178.09019504255048, "1026_1037_0": 128.1531713033467, "1026_1089_0": 53.75663365410281}, "adj_sorted": [[1026, 979, 0], [1026, 1037, 0], [1026, 1089, 0]], "type": "Y", "n_corners": 2}, "geometry": {"type": "Point", "coordinates": [19.044319200000004, 47.54968360000006]}}, {"id": "977", "type": "Feature", "properties": {"x": 5000249.5452373205, "y": 2756657.8558702115, "bearings": {"977_970_0": -92.4688175754243, "977_979_0": 87.4918638267046, "977_1037_0": -2.5748178722838784}, "angles": {"977_970_0": 180.0393185978711, "977_1037_0": 89.89399970314042, "977_979_0": 90.06668169898848}, "adj_sorted": [[977, 970, 0], [977, 1037, 0], [977, 979, 0]], "type": "T", "n_corners": 2}, "geometry": {"type": "Point", "coordinates": [19.043549093970377, 47.549337488100825]}}, {"id": "988", "type": "Feature", "properties": {"x": 5000255.627062475, "y": 2756874.3519210587, "bearings": {"988_979_0": -91.36902070404936, "988_1012_0": 86.24534432554334, "988_1048_0": -2.099270197443682}, "angles": {"988_979_0": 182.3856349704073, "988_1048_0": 89.26975050660567, "988_1012_0": 88.34461452298703}, "adj_sorted": [[988, 979, 0], [988, 1048, 0], [988, 1012, 0]], "type": "T", "n_corners": 2}, "geometry": {"type": "Point", "coordinates": [19.043969685572897, 47.55126268363672]}}, {"id": "917", "type": "Feature", "properties": {"x": 5000174.176912217, "y": 2760089.535040896, "bearings": {"917_1010_0": -57.159660789059984, "917_1002_0": 8.219877096752539, "917_856_0": 124.14746766660167}, "angles": {"917_1010_0": 178.69287154433835, "917_1002_0": 65.37953788581252, "917_856_0": 115.92759056984913}, "adj_sorted": [[917, 1010, 0], [917, 1002, 0], [917, 856, 0]], "type": "T", "n_corners": 2}, "geometry": {"type": "Point", "coordinates": [19.0479522, 47.580042000000034]}}, {"id": "1010", "type": "Feature", "properties": {"x": 5000282.198673635, "y": 2759943.705469554, "bearings": {"1010_917_0": 156.04621914036812, "1010_1015_0": 62.0377829167243, "1010_1025_0": -86.9318880281519}, "angles": {"1010_1025_0": 117.02189283147999, "1010_1015_0": 148.9696709448762, "1010_917_0": 94.00843622364383}, "adj_sorted": [[1010, 1025, 0], [1010, 1015, 0], [1010, 917, 0]], "type": "Y", "n_corners": 3}, "geometry": {"type": "Point", "coordinates": [19.04914903398088, 47.578622077459734]}}, {"id": "1002", "type": "Feature", "properties": {"x": 5000271.220128521, "y": 2760103.2276847707, "bearings": {"1002_985_0": 96.03947025885388, "1002_917_0": -174.827589431158, "1002_1008_0": -85.36573374392479}, "angles": {"1002_917_0": 89.1329403099881, "1002_1008_0": 89.46185568723321, "1002_985_0": 181.40520400277867}, "adj_sorted": [[1002, 917, 0], [1002, 1008, 0], [1002, 985, 0]], "type": "T", "n_corners": 2}, "geometry": {"type": "Point", "coordinates": [19.049255200850098, 47.58005757468601]}}, {"id": "856", "type": "Feature", "properties": {"x": 5000083.039816092, "y": 2760229.5054262024, "bearings": {"856_917_0": -56.085488078430764, "856_929_0": 33.91451192356387, "856_789_0": 123.9145119230905}, "angles": {"856_917_0": 179.99999999847873, "856_929_0": 90.00000000199464, "856_789_0": 89.99999999952664}, "adj_sorted": [[856, 917, 0], [856, 929, 0], [856, 789, 0]], "type": "T", "n_corners": 2}, "geometry": {"type": "Point", "coordinates": [19.046969048708146, 47.58139108180029]}}, {"id": "1015", "type": "Feature", "properties": {"x": 5000289.531533297, "y": 2759957.5185395805, "bearings": {"1015_1010_0": -117.9622170832757, "1015_1008_0": 109.82143819181981, "1015_1091_0": 6.302025395915398}, "angles": {"1015_1010_0": 132.2163447249045, "1015_1091_0": 124.2642424791911, "1015_1008_0": 103.51941279590442}, "adj_sorted": [[1015, 1010, 0], [1015, 1091, 0], [1015, 1008, 0]], "type": "Y", "n_corners": 3}, "geometry": {"type": "Point", "coordinates": [19.049267606452432, 47.57873727720428]}}, {"id": "1025", "type": "Feature", "properties": {"x": 5000301.470712181, "y": 2759684.2979583116, "bearings": {"1025_1010_0": 108.2379801623467, "1025_1100_0": 8.752465547908928, "1025_1022_0": -99.54651119721132}, "angles": {"1025_1022_0": 152.21550864044198, "1025_1100_0": 108.29897674512024, "1025_1010_0": 99.48551461443778}, "adj_sorted": [[1025, 1022, 0], [1025, 1100, 0], [1025, 1010, 0]], "type": "Y", "n_corners": 3}, "geometry": {"type": "Point", "coordinates": [19.04899515098552, 47.57628617764605]}}, {"id": "1041", "type": "Feature", "properties": {"x": 5000318.70674562, "y": 2756543.397145808, "bearings": {"1041_970_0": -178.7444984931281, "1041_1032_0": -92.94142090961681, "1041_1038_0": 91.2075279168914, "1041_1093_0": 2.404361396951676}, "angles": {"1041_970_0": 90.04797358998053, "1041_1032_0": 85.8030775835113, "1041_1093_0": 95.34578230656848, "1041_1038_0": 88.80316651993972}, "adj_sorted": [[1041, 970, 0], [1041, 1032, 0], [1041, 1093, 0], [1041, 1038, 0]], "type": "X", "n_corners": 4}, "geometry": {"type": "Point", "coordinates": [19.044281899999998, 47.548240200000016]}}, {"id": "1032", "type": "Feature", "properties": {"x": 5000311.790745111, "y": 2756409.7824648917, "bearings": {"1032_1041_0": 87.04708210460232, "1032_1063_0": -92.97068471479994, "1032_1006_0": 179.29959000857593}, "angles": {"1032_1063_0": 87.7297252766241, "1032_1041_0": 180.01776681940225, "1032_1006_0": 92.25250790397361}, "adj_sorted": [[1032, 1063, 0], [1032, 1041, 0], [1032, 1006, 0]], "type": "T", "n_corners": 2}, "geometry": {"type": "Point", "coordinates": [19.0439806, 47.547055500000006]}}, {"id": "1038", "type": "Feature", "properties": {"x": 5000316.654056971, "y": 2756643.151131631, "bearings": {"1038_1041_0": -88.83007763365221, "1038_1037_0": 91.16992236198466, "1038_1090_0": 2.488105170573046}, "angles": {"1038_1041_0": 180.00000000436313, "1038_1090_0": 91.31818280422526, "1038_1037_0": 88.68181719141161}, "adj_sorted": [[1038, 1041, 0], [1038, 1090, 0], [1038, 1037, 0]], "type": "T", "n_corners": 2}, "geometry": {"type": "Point", "coordinates": [19.044411624300096, 47.54913259442466]}}, {"id": "1093", "type": "Feature", "properties": {"x": 5000419.491723701, "y": 2756547.62897327, "bearings": {"1093_1041_0": -177.59563860304834, "1093_1090_0": 91.60755900576301, "1093_1097_0": -89.28315944692804}, "angles": {"1093_1041_0": 90.79680239118863, "1093_1097_0": 88.3124791561203, "1093_1090_0": 180.89071845269103}, "adj_sorted": [[1093, 1041, 0], [1093, 1097, 0], [1093, 1090, 0]], "type": "T", "n_corners": 2}, "geometry": {"type": "Point", "coordinates": [19.045618599999994, 47.54816730000002]}}, {"id": "1050", "type": "Feature", "properties": {"x": 5000340.663522, "y": 2760827.8569761734, "bearings": {"1050_958_0": 137.38213620343834, "1050_1062_0": -56.09678274137794, "1050_1060_0": 60.85805848412275}, "angles": {"1050_1062_0": 166.5210810551837, "1050_1060_0": 116.9548412255007, "1050_958_0": 76.52407771931559}, "adj_sorted": [[1050, 1062, 0], [1050, 1060, 0], [1050, 958, 0]], "type": "T", "n_corners": 2}, "geometry": {"type": "Point", "coordinates": [19.051313299999997, 47.586447200000016]}}, {"id": "1060", "type": "Feature", "properties": {"x": 5000344.836597651, "y": 2760835.3416149523, "bearings": {"1060_1050_0": -119.14194151587725, "1060_1170_0": -0.7689628135619702, "1060_1058_0": 91.81845866588165}, "angles": {"1060_1050_0": 149.0395998182411, "1060_1170_0": 118.37297870231528, "1060_1058_0": 92.58742147944362}, "adj_sorted": [[1060, 1050, 0], [1060, 1170, 0], [1060, 1058, 0]], "type": "Y", "n_corners": 3}, "geometry": {"type": "Point", "coordinates": [19.0513802, 47.58650940000001]}}, {"id": "1037", "type": "Feature", "properties": {"x": 5000316.356336986, "y": 2756657.5939820837, "bearings": {"1037_1026_0": 92.07857752847521, "1037_977_0": -179.8332710101803, "1037_1038_0": -88.80840616158359}, "angles": {"1037_977_0": 88.08815146134447, "1037_1038_0": 91.02486484859672, "1037_1026_0": 180.8869836900588}, "adj_sorted": [[1037, 977, 0], [1037, 1038, 0], [1037, 1026, 0]], "type": "T", "n_corners": 2}, "geometry": {"type": "Point", "coordinates": [19.044430399999996, 47.549261800000046]}}, {"id": "1089", "type": "Feature", "properties": {"x": 5000414.559291581, "y": 2756707.1414886373, "bearings": {"1089_1026_0": -177.96442162080427, "1089_1090_0": -88.20725592538851, "1089_1122_0": 2.2084085007593144}, "angles": {"1089_1026_0": 179.82716987843642, "1089_1090_0": 89.75716569541576, "1089_1122_0": 90.41566442614783}, "adj_sorted": [[1089, 1026, 0], [1089, 1090, 0], [1089, 1122, 0]], "type": "T", "n_corners": 2}, "geometry": {"type": "Point", "coordinates": [19.045804299999997, 47.549596100000024]}}, {"id": "1049", "type": "Feature", "properties": {"x": 5000340.350953426, "y": 2761282.876787791, "bearings": {"1049_965_0": -144.83339900109348, "1049_1117_0": 35.42715980033488, "1049_1051_0": -89.01603863315002}, "angles": {"1049_965_0": 179.73944119857163, "1049_1051_0": 55.817360367943465, "1049_1117_0": 124.4431984334849}, "adj_sorted": [[1049, 965, 0], [1049, 1051, 0], [1049, 1117, 0]], "type": "Y", "n_corners": 2}, "geometry": {"type": "Point", "coordinates": [19.052025899999993, 47.59050770000002]}}, {"id": "1117", "type": "Feature", "properties": {"x": 5000452.115751093, "y": 2761362.383658694, "bearings": {"1117_1049_0": -144.57284019966514, "1117_1140_0": 35.96824838303623, "1117_1184_0": -74.40511386051482}, "angles": {"1117_1049_0": 179.45891141729862, "1117_1184_0": 70.16772633915032, "1117_1140_0": 110.37336224355104}, "adj_sorted": [[1117, 1049, 0], [1117, 1184, 0], [1117, 1140, 0]], "type": "T", "n_corners": 2}, "geometry": {"type": "Point", "coordinates": [19.053627299999988, 47.591094300000066]}}, {"id": "1051", "type": "Feature", "properties": {"x": 5000340.817117136, "y": 2761255.7348813647, "bearings": {"1051_1049_0": 90.98396136684998, "1051_1054_0": -88.95680145784037, "1051_1182_0": 0.5424077034781513}, "angles": {"1051_1054_0": 180.05923717530965, "1051_1182_0": 89.49920916131852, "1051_1049_0": 90.44155366337183}, "adj_sorted": [[1051, 1054, 0], [1051, 1182, 0], [1051, 1049, 0]], "type": "T", "n_corners": 2}, "geometry": {"type": "Point", "coordinates": [19.0519893, 47.590265000000024]}}, {"id": "1012", "type": "Feature", "properties": {"x": 5000287.591303835, "y": 2757224.939455179, "bearings": {"1012_988_0": -119.88371777930024, "1012_1086_0": -66.39166093931722, "1012_1095_0": -18.817279099442207, "1012_1029_0": 56.23583243543177, "1012_982_0": 119.14998396086199, "1012_1087_0": 100.45609720323883}, "angles": {"1012_988_0": 120.96629825983777, "1012_1086_0": 53.49205683998302, "1012_1095_0": 47.57438183987502, "1012_1029_0": 75.05311153487398, "1012_1087_0": 44.22026476780706, "1012_982_0": 18.69388675762316}, "adj_sorted": [[1012, 988, 0], [1012, 1086, 0], [1012, 1095, 0], [1012, 1029, 0], [1012, 1087, 0], [1012, 982, 0]], "type": "other", "n_corners": 6}, "geometry": {"type": "Point", "coordinates": [19.04494275141501, 47.5543559989797]}}, {"id": "1008", "type": "Feature", "properties": {"x": 5000278.210079931, "y": 2760016.9959160993, "bearings": {"1008_1002_0": 94.63426625607522, "1008_1015_0": -86.25631678690206, "1008_1155_0": 5.1360551628525215}, "angles": {"1008_1015_0": 179.10941695702272, "1008_1155_0": 91.39237194975459, "1008_1002_0": 89.4982110932227}, "adj_sorted": [[1008, 1015, 0], [1008, 1155, 0], [1008, 1002, 0]], "type": "T", "n_corners": 2}, "geometry": {"type": "Point", "coordinates": [19.049211745461808, 47.579280439067276]}}, {"id": "1083", "type": "Feature", "properties": {"x": 5000402.663476736, "y": 2760209.160361093, "bearings": {"1083_985_0": 138.5728880928415, "1083_1160_0": -44.548307825078524, "1083_1113_0": 67.32324191387764}, "angles": {"1083_1160_0": 176.87880408207997, "1083_1113_0": 111.87154973895616, "1083_985_0": 71.24964617896387}, "adj_sorted": [[1083, 1160, 0], [1083, 1113, 0], [1083, 985, 0]], "type": "T", "n_corners": 2}, "geometry": {"type": "Point", "coordinates": [19.051157699999997, 47.58085840000004]}}, {"id": "1160", "type": "Feature", "properties": {"x": 5000542.9933066275, "y": 2760071.0258546374, "bearings": {"1160_1083_0": 135.45169217492148, "1160_1155_0": -111.96607116977759, "1160_1214_0": -23.38151648540993, "1160_1197_0": 62.40922495293792}, "angles": {"1160_1155_0": 112.58223665530093, "1160_1214_0": 88.58455468436766, "1160_1197_0": 85.79074143834785, "1160_1083_0": 73.04246722198356}, "adj_sorted": [[1160, 1155, 0], [1160, 1214, 0], [1160, 1197, 0], [1160, 1083, 0]], "type": "other", "n_corners": 4}, "geometry": {"type": "Point", "coordinates": [19.052793199999993, 47.57947160000003]}}, {"id": "1113", "type": "Feature", "properties": {"x": 5000446.500797871, "y": 2760314.076373524, "bearings": {"1113_1083_0": -112.67675808612236, "1113_1197_0": -39.02626169054319, "1113_997_0": 144.22029847758515, "1113_1213_0": 0.6824176836094983, "1113_1115_0": 87.58717669561243}, "angles": {"1113_1083_0": 103.10294343629249, "1113_1197_0": 73.65049639557918, "1113_1213_0": 39.70867937415269, "1113_1115_0": 86.90475901200293, "1113_997_0": 56.63312178197272}, "adj_sorted": [[1113, 1083, 0], [1113, 1197, 0], [1113, 1213, 0], [1113, 1115, 0], [1113, 997, 0]], "type": "other", "n_corners": 5}, "geometry": {"type": "Point", "coordinates": [19.0519018, 47.58174640000001]}}, {"id": "982", "type": "Feature", "properties": {"x": 5000253.985741991, "y": 2757499.736594391, "bearings": {"982_1012_0": -20.35157516459023, "982_984_0": 80.5174529824018, "982_976_0": -99.47148340340135}, "angles": {"982_976_0": 180.01106361419684, "982_1012_0": 79.11990823881112, "982_984_0": 100.86902814699204}, "adj_sorted": [[982, 976, 0], [982, 1012, 0], [982, 984, 0]], "type": "T", "n_corners": 2}, "geometry": {"type": "Point", "coordinates": [19.04493129999999, 47.55684500000006]}}, {"id": "984", "type": "Feature", "properties": {"x": 5000254.3472520495, "y": 2757769.8829947007, "bearings": {"984_982_0": -98.47804937365052, "984_1004_0": 81.49010172122259, "984_937_0": 173.00335813607947}, "angles": {"984_982_0": 88.51859249027001, "984_1004_0": 179.96815109487312, "984_937_0": 91.51325641485688}, "adj_sorted": [[984, 982, 0], [984, 1004, 0], [984, 937, 0]], "type": "T", "n_corners": 2}, "geometry": {"type": "Point", "coordinates": [19.0453609, 47.55925520000004]}}, {"id": "976", "type": "Feature", "properties": {"x": 5000249.246301034, "y": 2757474.2075012308, "bearings": {"976_982_0": 77.67084928003003, "976_951_0": -101.44404836422837, "976_934_0": 176.3773117792444}, "angles": {"976_951_0": 82.17863985652724, "976_982_0": 179.1148976442584, "976_934_0": 98.70646249921437}, "adj_sorted": [[976, 951, 0], [976, 982, 0], [976, 934, 0]], "type": "T", "n_corners": 2}, "geometry": {"type": "Point", "coordinates": [19.0448286, 47.55662240000005]}}, {"id": "1086", "type": "Feature", "properties": {"x": 5000405.51127973, "y": 2757143.286984668, "bearings": {"1086_1012_0": -176.25547171148753, "1086_1123_0": -1.2203124637276952, "1086_1095_0": 73.32428599745994}, "angles": {"1086_1012_0": 110.42024229105255, "1086_1123_0": 175.03515924775982, "1086_1095_0": 74.54459846118763}, "adj_sorted": [[1086, 1012, 0], [1086, 1123, 0], [1086, 1095, 0]], "type": "T", "n_corners": 2}, "geometry": {"type": "Point", "coordinates": [19.046370699999994, 47.55349790000004]}}, {"id": "1095", "type": "Feature", "properties": {"x": 5000421.305703329, "y": 2757224.069423491, "bearings": {"1095_1012_0": -178.79429779278604, "1095_1086_0": -100.61077340851848, "1095_1177_0": 2.2797415842143622, "1095_1108_0": 77.31467873209978}, "angles": {"1095_1012_0": 103.8910234751142, "1095_1086_0": 78.18352438426756, "1095_1177_0": 102.89051499273285, "1095_1108_0": 75.03493714788542}, "adj_sorted": [[1095, 1012, 0], [1095, 1086, 0], [1095, 1177, 0], [1095, 1108, 0]], "type": "X", "n_corners": 4}, "geometry": {"type": "Point", "coordinates": [19.046706200000003, 47.55420140000003]}}, {"id": "1029", "type": "Feature", "properties": {"x": 5000308.294280069, "y": 2757286.6915865997, "bearings": {"1029_1012_0": -102.05976043435605, "1029_1118_0": 79.79618441754437, "1029_1108_0": 4.3719277517873625}, "angles": {"1029_1012_0": 178.1440551480996, "1029_1108_0": 106.43168818614342, "1029_1118_0": 75.424256665757}, "adj_sorted": [[1029, 1012, 0], [1029, 1108, 0], [1029, 1118, 0]], "type": "T", "n_corners": 2}, "geometry": {"type": "Point", "coordinates": [19.0453131, 47.554884300000026]}}, {"id": "1087", "type": "Feature", "properties": {"x": 5000410.885353742, "y": 2758046.308194533, "bearings": {"1087_1012_0": -112.93298214844303, "1087_1120_0": 122.41123630129545, "1087_1178_0": 16.328632831675357}, "angles": {"1087_1012_0": 124.65578155026151, "1087_1178_0": 129.2616149801184, "1087_1120_0": 106.0826034696201}, "adj_sorted": [[1087, 1012, 0], [1087, 1178, 0], [1087, 1120, 0]], "type": "Y", "n_corners": 3}, "geometry": {"type": "Point", "coordinates": [19.047861997394918, 47.5615498975907]}}, {"id": "1020", "type": "Feature", "properties": {"x": 5000295.286867042, "y": 2761390.4049797067, "bearings": {"1020_999_0": 164.07340772327626, "1020_1018_0": -141.61275547450103, "1020_1103_0": 38.394755664644755}, "angles": {"1020_1018_0": 54.31383680222268, "1020_1103_0": 180.00751113914578, "1020_999_0": 125.67865205863151}, "adj_sorted": [[1020, 1018, 0], [1020, 1103, 0], [1020, 999, 0]], "type": "Y", "n_corners": 2}, "geometry": {"type": "Point", "coordinates": [19.0516001, 47.59151670000002]}}, {"id": "1103", "type": "Feature", "properties": {"x": 5000432.908508728, "y": 2761490.321544661, "bearings": {"1103_1020_0": -144.65366241835883, "1103_1260_0": 38.55386105038694, "1103_1140_0": -47.910878207541955}, "angles": {"1103_1020_0": 176.79247653125424, "1103_1140_0": 96.74278421081688, "1103_1260_0": 86.4647392579289}, "adj_sorted": [[1103, 1020, 0], [1103, 1140, 0], [1103, 1260, 0]], "type": "T", "n_corners": 2}, "geometry": {"type": "Point", "coordinates": [19.0535752, 47.592257000000004]}}, {"id": "1070", "type": "Feature", "properties": {"x": 5000371.485692301, "y": 2761736.3554187883, "bearings": {"1070_999_0": -118.10314523191711, "1070_1245_0": -25.15446830432325, "1070_1077_0": 75.10809536094739}, "angles": {"1070_999_0": 166.7887594071355, "1070_1245_0": 92.94867692759387, "1070_1077_0": 100.26256366527063}, "adj_sorted": [[1070, 999, 0], [1070, 1245, 0], [1070, 1077, 0]], "type": "T", "n_corners": 2}, "geometry": {"type": "Point", "coordinates": [19.05315158697443, 47.59451986885229]}}, {"id": "1155", "type": "Feature", "properties": {"x": 5000535.701939381, "y": 2760047.6467094533, "bearings": {"1155_1008_0": 175.78027311707498, "1155_1160_0": 74.57223395019545, "1155_1147_0": -104.39159467841655}, "angles": {"1155_1147_0": 79.82813220450845, "1155_1160_0": 178.96382862861202, "1155_1008_0": 101.20803916687953}, "adj_sorted": [[1155, 1147, 0], [1155, 1160, 0], [1155, 1008, 0]], "type": "T", "n_corners": 2}, "geometry": {"type": "Point", "coordinates": [19.052660099999997, 47.57927100000003]}}, {"id": "1147", "type": "Feature", "properties": {"x": 5000519.940471884, "y": 2759973.051046176, "bearings": {"1147_1155_0": 95.10586740179794, "1147_1091_0": -174.70501384150595, "1147_1214_0": 5.085238711938122}, "angles": {"1147_1091_0": 90.18911875669613, "1147_1214_0": 179.79025255344408, "1147_1155_0": 90.02062868985982}, "adj_sorted": [[1147, 1091, 0], [1147, 1214, 0], [1147, 1155, 0]], "type": "T", "n_corners": 2}, "geometry": {"type": "Point", "coordinates": [19.052334500000004, 47.57862270000002]}}, {"id": "1123", "type": "Feature", "properties": {"x": 5000455.649574728, "y": 2757130.8659404735, "bearings": {"1123_1086_0": 143.1183942294207, "1123_1171_0": 37.77279996977577, "1123_1156_0": -43.39675917169021}, "angles": {"1123_1156_0": 173.4848465988891, "1123_1171_0": 81.16955914146598, "1123_1086_0": 105.34559425964491}, "adj_sorted": [[1123, 1156, 0], [1123, 1171, 0], [1123, 1086, 0]], "type": "T", "n_corners": 2}, "geometry": {"type": "Point", "coordinates": [19.047012899999988, 47.55333200000002]}}, {"id": "1108", "type": "Feature", "properties": {"x": 5000437.624357176, "y": 2757296.5675990162, "bearings": {"1108_1095_0": -102.68532126790022, "1108_1029_0": -175.64921385171021, "1108_1118_0": 80.46625354565532, "1108_1187_0": 3.6924128990822433}, "angles": {"1108_1029_0": 103.88453260263447, "1108_1095_0": 72.96389258381, "1108_1187_0": 106.37773416698246, "1108_1118_0": 76.77384064657308}, "adj_sorted": [[1108, 1029, 0], [1108, 1095, 0], [1108, 1187, 0], [1108, 1118, 0]], "type": "X", "n_corners": 4}, "geometry": {"type": "Point", "coordinates": [19.047035599999994, 47.55483040000004]}}, {"id": "1118", "type": "Feature", "properties": {"x": 5000452.507816424, "y": 2757384.9820213383, "bearings": {"1118_1029_0": -175.70968674374205, "1118_1108_0": -99.58984506833835, "1118_1194_0": 3.4541538463024284}, "angles": {"1118_1029_0": 180.8361594099555, "1118_1108_0": 76.1198416754037, "1118_1194_0": 103.04399891464078}, "adj_sorted": [[1118, 1029, 0], [1118, 1108, 0], [1118, 1194, 0]], "type": "T", "n_corners": 2}, "geometry": {"type": "Point", "coordinates": [19.047371100000003, 47.55560299999999]}}, {"id": "1022", "type": "Feature", "properties": {"x": 5000299.614414197, "y": 2759513.6091407733, "bearings": {"1022_1025_0": 91.24326063796408, "1022_1323_0": 0.3055757878933914, "1022_1045_0": -89.80292246787312}, "angles": {"1022_1045_0": 178.9538168941628, "1022_1323_0": 90.1084982557665, "1022_1025_0": 90.9376848500707}, "adj_sorted": [[1022, 1045, 0], [1022, 1323, 0], [1022, 1025, 0]], "type": "T", "n_corners": 2}, "geometry": {"type": "Point", "coordinates": [19.04870196735627, 47.574765135609475]}}, {"id": "1323", "type": "Feature", "properties": {"x": 5000844.9997129245, "y": 2759540.453152213, "bearings": {"1323_1022_0": -177.82282472615665, "1323_1326_0": -89.1508024960509, "1323_1387_0": 0.28088586659580905, "1323_1322_0": 90.13889023243685}, "angles": {"1323_1022_0": 92.03828504140648, "1323_1326_0": 88.67202223010575, "1323_1387_0": 89.43168836264671, "1323_1322_0": 89.85800436584104}, "adj_sorted": [[1323, 1022, 0], [1323, 1326, 0], [1323, 1387, 0], [1323, 1322, 0]], "type": "X", "n_corners": 4}, "geometry": {"type": "Point", "coordinates": [19.055945200000004, 47.5744053]}}, {"id": "1045", "type": "Feature", "properties": {"x": 5000329.615229511, "y": 2759318.62573047, "bearings": {"1045_1022_0": 134.66968249712386, "1045_1040_0": -105.80929204447881, "1045_1079_0": 13.520952050207516}, "angles": {"1045_1040_0": 119.52102545839733, "1045_1079_0": 119.33024409468632, "1045_1022_0": 121.14873044691635}, "adj_sorted": [[1045, 1040, 0], [1045, 1079, 0], [1045, 1022, 0]], "type": "Y", "n_corners": 3}, "geometry": {"type": "Point", "coordinates": [19.04879118200185, 47.57299231091312]}}, {"id": "1326", "type": "Feature", "properties": {"x": 5000847.617485583, "y": 2759358.7188439695, "bearings": {"1326_1323_0": 90.82451556017631, "1326_1390_0": 1.879248171095878, "1326_1267_0": -178.2427588314257, "1326_1325_0": -92.93915579779421}, "angles": {"1326_1267_0": 90.93272560839796, "1326_1325_0": 85.30360303363149, "1326_1390_0": 94.8184039688901, "1326_1323_0": 88.94526738908043}, "adj_sorted": [[1326, 1267, 0], [1326, 1325, 0], [1326, 1390, 0], [1326, 1323, 0]], "type": "X", "n_corners": 4}, "geometry": {"type": "Point", "coordinates": [19.0556935, 47.57278079999999]}}, {"id": "1387", "type": "Feature", "properties": {"x": 5000972.264239418, "y": 2759541.0168305403, "bearings": {"1387_1323_0": 178.26456658390623, "1387_1389_0": -88.58934830354264, "1387_1459_0": 2.5853549638425295, "1387_1385_0": 90.10390338168568}, "angles": {"1387_1389_0": 93.14608511255113, "1387_1459_0": 91.17470326738517, "1387_1385_0": 87.51854841784315, "1387_1323_0": 88.16066320222055}, "adj_sorted": [[1387, 1389, 0], [1387, 1459, 0], [1387, 1385, 0], [1387, 1323, 0]], "type": "X", "n_corners": 4}, "geometry": {"type": "Point", "coordinates": [19.057626400000004, 47.574270400000046]}}, {"id": "1322", "type": "Feature", "properties": {"x": 5000844.555573435, "y": 2759694.1803478873, "bearings": {"1322_1323_0": -89.8660519881778, "1322_1385_0": 0.6191243397666253, "1322_1259_0": -179.51483792824098, "1322_1321_0": 90.30580026695057}, "angles": {"1322_1259_0": 90.17936180480842, "1322_1323_0": 89.64878594006318, "1322_1385_0": 90.48517632794443, "1322_1321_0": 89.68667592718394}, "adj_sorted": [[1322, 1259, 0], [1322, 1323, 0], [1322, 1385, 0], [1322, 1321, 0]], "type": "X", "n_corners": 4}, "geometry": {"type": "Point", "coordinates": [19.056181499999994, 47.57577750000003]}}, {"id": "1091", "type": "Feature", "properties": {"x": 5000416.900598586, "y": 2759963.45440724, "bearings": {"1091_1015_0": -178.62783164299543, "1091_1147_0": 5.830967590963743, "1091_1094_0": -89.10903874945465}, "angles": {"1091_1015_0": 175.54120076604082, "1091_1094_0": 89.51879289354078, "1091_1147_0": 94.94000634041839}, "adj_sorted": [[1091, 1015, 0], [1091, 1094, 0], [1091, 1147, 0]], "type": "T", "n_corners": 2}, "geometry": {"type": "Point", "coordinates": [19.050958799999997, 47.57865030000004]}}, {"id": "1094", "type": "Feature", "properties": {"x": 5000420.365583045, "y": 2759809.596142203, "bearings": {"1094_1091_0": 91.8523029515632, "1094_1100_0": -87.82024853097305, "1094_1162_0": 0.7005577792858241}, "angles": {"1094_1100_0": 180.32744851746375, "1094_1162_0": 88.52080631025888, "1094_1091_0": 91.15174517227737}, "adj_sorted": [[1094, 1100, 0], [1094, 1162, 0], [1094, 1091, 0]], "type": "T", "n_corners": 2}, "geometry": {"type": "Point", "coordinates": [19.050762299999995, 47.577273600000005]}}, {"id": "1100", "type": "Feature", "properties": {"x": 5000424.933971531, "y": 2759688.205678503, "bearings": {"1100_1025_0": -179.94721530775522, "1100_1094_0": 91.82131533535609, "1100_1172_0": 1.2755827430915303}, "angles": {"1100_1025_0": 88.23146935688868, "1100_1172_0": 181.22279805084673, "1100_1094_0": 90.54573259226456}, "adj_sorted": [[1100, 1025, 0], [1100, 1172, 0], [1100, 1094, 0]], "type": "T", "n_corners": 2}, "geometry": {"type": "Point", "coordinates": [19.050631500000005, 47.57618539999998]}}, {"id": "1172", "type": "Feature", "properties": {"x": 5000551.462518468, "y": 2759691.0230640597, "bearings": {"1172_1100_0": -178.72441725690848, "1172_1259_0": 0.724283818266027, "1172_1169_0": 90.28755300381931}, "angles": {"1172_1100_0": 90.98802973927218, "1172_1259_0": 179.4487010751745, "1172_1169_0": 89.56326918555328}, "adj_sorted": [[1172, 1100, 0], [1172, 1259, 0], [1172, 1169, 0]], "type": "T", "n_corners": 2}, "geometry": {"type": "Point", "coordinates": [19.0523066, 47.57607150000005]}}, {"id": "1047", "type": "Feature", "properties": {"x": 5000337.22270821, "y": 2755700.7834180268, "bearings": {"1047_1042_0": -93.22410712689114, "1047_1116_0": -1.3628416473447915, "1047_1056_0": 86.57368433935483}, "angles": {"1047_1042_0": 180.20220853375403, "1047_1116_0": 91.86126547954635, "1047_1056_0": 87.93652598669962}, "adj_sorted": [[1047, 1042, 0], [1047, 1116, 0], [1047, 1056, 0]], "type": "T", "n_corners": 2}, "geometry": {"type": "Point", "coordinates": [19.043201899999996, 47.54070090000007]}}, {"id": "1042", "type": "Feature", "properties": {"x": 5000324.689990354, "y": 2755628.1397143467, "bearings": {"1042_973_0": -170.834066370583, "1042_1047_0": 74.9730924389799, "1042_1112_0": -11.679711542979637}, "angles": {"1042_973_0": 114.1928411904371, "1042_1112_0": 159.15435482760336, "1042_1047_0": 86.65280398195954}, "adj_sorted": [[1042, 973, 0], [1042, 1112, 0], [1042, 1047, 0]], "type": "Y", "n_corners": 3}, "geometry": {"type": "Point", "coordinates": [19.04292238016126, 47.54006642718343]}}, {"id": "1116", "type": "Feature", "properties": {"x": 5000451.026739335, "y": 2755730.5972428545, "bearings": {"1116_1047_0": 154.8004711144684, "1116_1110_0": 101.5198084669725, "1116_1112_0": -73.38911165128928}, "angles": {"1116_1112_0": 131.81041723424232, "1116_1110_0": 174.9089201182618, "1116_1047_0": 53.28066264749589}, "adj_sorted": [[1116, 1112, 0], [1116, 1110, 0], [1116, 1047, 0]], "type": "Y", "n_corners": 2}, "geometry": {"type": "Point", "coordinates": [19.044750400000005, 47.54084200000001]}}, {"id": "1056", "type": "Feature", "properties": {"x": 5000342.74791176, "y": 2755824.039532789, "bearings": {"1056_1047_0": -92.21007154675833, "1056_1106_0": -6.467437879006968, "1056_1044_0": 153.56110437472518}, "angles": {"1056_1047_0": 114.22882407851648, "1056_1106_0": 85.74263366775136, "1056_1044_0": 160.02854225373216}, "adj_sorted": [[1056, 1047, 0], [1056, 1106, 0], [1056, 1044, 0]], "type": "Y", "n_corners": 3}, "geometry": {"type": "Point", "coordinates": [19.043468500000003, 47.54179470000002]}}, {"id": "1112", "type": "Feature", "properties": {"x": 5000444.066652896, "y": 2755603.4620769476, "bearings": {"1112_1042_0": 168.32028845702038, "1112_1116_0": 78.85924097351676, "1112_1212_0": -10.911883806628715}, "angles": {"1112_1212_0": 180.7678277363509, "1112_1116_0": 89.77112478014547, "1112_1042_0": 89.46104748350362}, "adj_sorted": [[1112, 1212, 0], [1112, 1116, 0], [1112, 1042, 0]], "type": "T", "n_corners": 2}, "geometry": {"type": "Point", "coordinates": [19.044458750405546, 47.53971516397185]}}, {"id": "1040", "type": "Feature", "properties": {"x": 5000317.735830327, "y": 2759194.7026024153, "bearings": {"1040_1045_0": 80.99483935794785, "1040_1098_0": 1.1848867675029269, "1040_1092_0": -88.47574152512487}, "angles": {"1040_1092_0": 190.52941911692727, "1040_1098_0": 89.6606282926278, "1040_1045_0": 79.80995259044492}, "adj_sorted": [[1040, 1092, 0], [1040, 1098, 0], [1040, 1045, 0]], "type": "T", "n_corners": 2}, "geometry": {"type": "Point", "coordinates": [19.048439300013868, 47.57189957407352]}}, {"id": "1098", "type": "Feature", "properties": {"x": 5000423.114332333, "y": 2759198.075080924, "bearings": {"1098_1040_0": -157.91907707245838, "1098_1131_0": -72.67617224180309, "1098_1079_0": 107.21234510338662}, "angles": {"1098_1040_0": 94.86857782415501, "1098_1131_0": 85.24290483065529, "1098_1079_0": 179.8885173451897}, "adj_sorted": [[1098, 1040, 0], [1098, 1131, 0], [1098, 1079, 0]], "type": "T", "n_corners": 2}, "geometry": {"type": "Point", "coordinates": [19.049835899999994, 47.57181390000003]}}, {"id": "1092", "type": "Feature", "properties": {"x": 5000419.129927707, "y": 2758924.039504, "bearings": {"1092_1040_0": 141.58849027383312, "1092_1109_0": -84.22634774465882, "1092_1107_0": 44.98136269576839}, "angles": {"1092_1109_0": 134.18516198150806, "1092_1107_0": 129.2077104404272, "1092_1040_0": 96.60712757806473}, "adj_sorted": [[1092, 1109, 0], [1092, 1107, 0], [1092, 1040, 0]], "type": "Y", "n_corners": 3}, "geometry": {"type": "Point", "coordinates": [19.049351977589097, 47.56937301445562]}}, {"id": "1131", "type": "Feature", "properties": {"x": 5000473.389035257, "y": 2759026.8829570604, "bearings": {"1131_1098_0": 96.6251645806853, "1131_1107_0": -102.4510814286006, "1131_1143_0": 39.488387297057756}, "angles": {"1131_1107_0": 160.9237539907141, "1131_1143_0": 141.93946872565834, "1131_1098_0": 57.13677728362754}, "adj_sorted": [[1131, 1107, 0], [1131, 1143, 0], [1131, 1098, 0]], "type": "Y", "n_corners": 3}, "geometry": {"type": "Point", "coordinates": [19.05023019130568, 47.57023109081181]}}, {"id": "1079", "type": "Feature", "properties": {"x": 5000392.961827285, "y": 2759324.3605388748, "bearings": {"1079_1045_0": 179.41071266477147, "1079_1098_0": -47.37529541982308, "1079_1185_0": 44.23570073097748}, "angles": {"1079_1098_0": 133.21399191540544, "1079_1185_0": 91.61099615080056, "1079_1045_0": 135.175011933794}, "adj_sorted": [[1079, 1098, 0], [1079, 1185, 0], [1079, 1045, 0]], "type": "Y", "n_corners": 3}, "geometry": {"type": "Point", "coordinates": [19.049636579455274, 47.57297389105009]}}, {"id": "1011", "type": "Feature", "properties": {"x": 5000283.720551734, "y": 2761829.314229738, "bearings": {"1011_940_0": -111.91927614489734, "1011_1077_0": -9.604926491469211, "1011_1153_0": 81.57646177804203}, "angles": {"1011_940_0": 166.50426207706062, "1011_1077_0": 102.31434965342812, "1011_1153_0": 91.18138826951125}, "adj_sorted": [[1011, 940, 0], [1011, 1077, 0], [1011, 1153, 0]], "type": "T", "n_corners": 2}, "geometry": {"type": "Point", "coordinates": [19.0521388, 47.59544580000001]}}, {"id": "1077", "type": "Feature", "properties": {"x": 5000389.361795822, "y": 2761803.576975783, "bearings": {"1077_1070_0": -104.89190463905263, "1077_1011_0": 128.28365512778095, "1077_1096_0": 38.662684959122295}, "angles": {"1077_1070_0": 126.82444023316643, "1077_1096_0": 143.5545895981749, "1077_1011_0": 89.62097016865866}, "adj_sorted": [[1077, 1070, 0], [1077, 1096, 0], [1077, 1011, 0]], "type": "Y", "n_corners": 3}, "geometry": {"type": "Point", "coordinates": [19.053493628638694, 47.595100036123426]}}, {"id": "1153", "type": "Feature", "properties": {"x": 5000533.820902026, "y": 2762516.97294652, "bearings": {"1153_1011_0": -108.96290389586636, "1153_1189_0": 70.2045292146643, "1153_1137_0": 160.99700946878357}, "angles": {"1153_1011_0": 90.04008663535006, "1153_1189_0": 179.16743311053068, "1153_1137_0": 90.79248025411927}, "adj_sorted": [[1153, 1011, 0], [1153, 1189, 0], [1153, 1137, 0]], "type": "T", "n_corners": 2}, "geometry": {"type": "Point", "coordinates": [19.056526299999994, 47.6013068]}}, {"id": "1096", "type": "Feature", "properties": {"x": 5000421.392824549, "y": 2761829.20443634, "bearings": {"1096_1077_0": -141.3373150408777, "1096_1152_0": 0.8128864614915311, "1096_1134_0": 72.85097629426838}, "angles": {"1096_1077_0": 145.8117086648539, "1096_1152_0": 142.15020150236924, "1096_1134_0": 72.03808983277685}, "adj_sorted": [[1096, 1077, 0], [1096, 1152, 0], [1096, 1134, 0]], "type": "Y", "n_corners": 3}, "geometry": {"type": "Point", "coordinates": [19.0539571, 47.59529350000001]}}, {"id": "987", "type": "Feature", "properties": {"x": 5000255.3392921025, "y": 2758797.959988608, "bearings": {"987_1109_0": -3.1238484610588695, "987_893_0": 176.85115704188473, "987_978_0": 89.54084219213668}, "angles": {"987_1109_0": 180.0249944970564, "987_978_0": 92.66469065319555, "987_893_0": 87.31031484974805}, "adj_sorted": [[987, 1109, 0], [987, 978, 0], [987, 893, 0]], "type": "T", "n_corners": 2}, "geometry": {"type": "Point", "coordinates": [19.0469912, 47.56842790000005]}}, {"id": "1109", "type": "Feature", "properties": {"x": 5000437.625253657, "y": 2758815.027947951, "bearings": {"1109_1092_0": 108.32206212237446, "1109_987_0": -158.79785666397035, "1109_1132_0": -55.252347781419736}, "angles": {"1109_987_0": 92.88008121365522, "1109_1132_0": 103.54550888255062, "1109_1092_0": 163.5744099037942}, "adj_sorted": [[1109, 987, 0], [1109, 1132, 0], [1109, 1092, 0]], "type": "Y", "n_corners": 3}, "geometry": {"type": "Point", "coordinates": [19.049424587696276, 47.56837996662998]}}, {"id": "893", "type": "Feature", "properties": {"x": 5000134.442782631, "y": 2758805.1915885624, "bearings": {"893_987_0": -1.0625817764128591, "893_888_0": 97.54967424255952, "893_819_0": 176.89849702431133}, "angles": {"893_987_0": 182.03892119927582, "893_888_0": 98.61225601897237, "893_819_0": 79.3488227817518}, "adj_sorted": [[893, 987, 0], [893, 888, 0], [893, 819, 0]], "type": "T", "n_corners": 2}, "geometry": {"type": "Point", "coordinates": [19.045406499999995, 47.568625200000064]}}, {"id": "978", "type": "Feature", "properties": {"x": 5000249.846028651, "y": 2758831.1505734185, "bearings": {"978_987_0": -67.5462420325525, "978_888_0": 125.73901501760922, "978_887_0": 64.0604236590981}, "angles": {"978_987_0": 166.7147429498383, "978_887_0": 131.60666569165062, "978_888_0": 61.67859135851111}, "adj_sorted": [[978, 987, 0], [978, 887, 0], [978, 888, 0]], "type": "Y", "n_corners": 2}, "geometry": {"type": "Point", "coordinates": [19.0469709, 47.56873010000004]}}, {"id": "1132", "type": "Feature", "properties": {"x": 5000477.82023223, "y": 2758769.396450805, "bearings": {"1132_1109_0": 137.52756090592283, "1132_1202_0": 42.84487594479001, "1132_1145_0": -71.92431496366123}, "angles": {"1132_1145_0": 150.54812413041594, "1132_1202_0": 114.76919090845124, "1132_1109_0": 94.68268496113282}, "adj_sorted": [[1132, 1145, 0], [1132, 1202, 0], [1132, 1109, 0]], "type": "Y", "n_corners": 3}, "geometry": {"type": "Point", "coordinates": [19.04988341916107, 47.56792862938632]}}, {"id": "1245", "type": "Feature", "properties": {"x": 5000691.647515728, "y": 2761722.7070487416, "bearings": {"1245_1070_0": -178.7301313363506, "1245_1240_0": 91.99187796892255, "1245_1260_0": 1.3415504347959915}, "angles": {"1245_1070_0": 89.27799069472684, "1245_1260_0": 180.07168177114661, "1245_1240_0": 90.65032753412656}, "adj_sorted": [[1245, 1070, 0], [1245, 1260, 0], [1245, 1240, 0]], "type": "T", "n_corners": 2}, "geometry": {"type": "Point", "coordinates": [19.057358899999997, 47.59404610000002]}}, {"id": "1240", "type": "Feature", "properties": {"x": 5000687.512966967, "y": 2761830.615129088, "bearings": {"1240_1245_0": -85.06776189174693, "1240_1315_0": -0.7040012389660928, "1240_1193_0": -179.50501289411824}, "angles": {"1240_1193_0": 181.19898834484786, "1240_1245_0": 94.43725100237131, "1240_1315_0": 84.36376065278084}, "adj_sorted": [[1240, 1193, 0], [1240, 1245, 0], [1240, 1315, 0]], "type": "T", "n_corners": 2}, "geometry": {"type": "Point", "coordinates": [19.0574744, 47.59501350000005]}}, {"id": "1260", "type": "Feature", "properties": {"x": 5000713.31572564, "y": 2761723.214491176, "bearings": {"1260_1103_0": -82.76430792597567, "1260_1245_0": -178.65844956520402, "1260_1343_0": 0.2891512131911212}, "angles": {"1260_1245_0": 181.05239922160484, "1260_1103_0": 95.89414163922835, "1260_1343_0": 83.05345913916679}, "adj_sorted": [[1260, 1245, 0], [1260, 1103, 0], [1260, 1343, 0]], "type": "T", "n_corners": 2}, "geometry": {"type": "Point", "coordinates": [19.0576459, 47.594026799999995]}}, {"id": "1185", "type": "Feature", "properties": {"x": 5000560.45100486, "y": 2759352.9764787033, "bearings": {"1185_1079_0": 179.47592740593663, "1185_1267_0": 1.35328820085884, "1185_1206_0": -95.4292490982496}, "angles": {"1185_1206_0": 85.09482349581378, "1185_1267_0": 96.78253729910844, "1185_1079_0": 178.1226392050778}, "adj_sorted": [[1185, 1206, 0], [1185, 1267, 0], [1185, 1079, 0]], "type": "T", "n_corners": 2}, "geometry": {"type": "Point", "coordinates": [19.051892999999996, 47.57304520000006]}}, {"id": "1267", "type": "Feature", "properties": {"x": 5000720.765537254, "y": 2759356.7637056126, "bearings": {"1267_1326_0": 0.7015829698530371, "1267_1185_0": -178.64671179914117, "1267_1263_0": -93.5434530625307}, "angles": {"1267_1185_0": 180.6517052310058, "1267_1263_0": 85.10325873661047, "1267_1326_0": 94.24503603238374}, "adj_sorted": [[1267, 1185, 0], [1267, 1263, 0], [1267, 1326, 0]], "type": "T", "n_corners": 2}, "geometry": {"type": "Point", "coordinates": [19.054015599999996, 47.57290280000004]}}, {"id": "1206", "type": "Feature", "properties": {"x": 5000627.226559323, "y": 2759168.644187395, "bearings": {"1206_1185_0": 88.81470832032474, "1206_1198_0": -149.4047600175502, "1206_1237_0": 15.120885970700481}, "angles": {"1206_1198_0": 121.78053166212507, "1206_1237_0": 164.52564598825066, "1206_1185_0": 73.69382234962426}, "adj_sorted": [[1206, 1198, 0], [1206, 1237, 0], [1206, 1185, 0]], "type": "Y", "n_corners": 3}, "geometry": {"type": "Point", "coordinates": [19.052484399999997, 47.57132700000004]}}, {"id": "1212", "type": "Feature", "properties": {"x": 5000642.485696711, "y": 2755286.319025074, "bearings": {"1212_1112_0": 77.32404037376945, "1212_1141_0": 163.71694550373903, "1212_1144_0": -106.68104989919574}, "angles": {"1212_1144_0": 89.60200459706522, "1212_1112_0": 184.0050902729652, "1212_1141_0": 86.39290512996958}, "adj_sorted": [[1212, 1144, 0], [1212, 1112, 0], [1212, 1141, 0]], "type": "T", "n_corners": 2}, "geometry": {"type": "Point", "coordinates": [19.046578300000004, 47.536667300000026]}}, {"id": "1110", "type": "Feature", "properties": {"x": 5000439.956514314, "y": 2755789.3692231416, "bearings": {"1110_1116_0": -79.77374063752917, "1110_1106_0": 99.93160650985574, "1110_1136_0": 3.2001936599224483}, "angles": {"1110_1116_0": 180.2946528526151, "1110_1136_0": 82.97393429745162, "1110_1106_0": 96.73141284993329}, "adj_sorted": [[1110, 1116, 0], [1110, 1136, 0], [1110, 1106, 0]], "type": "T", "n_corners": 2}, "geometry": {"type": "Point", "coordinates": [19.0446967, 47.54137860000005]}}, {"id": "1107", "type": "Feature", "properties": {"x": 5000437.357929575, "y": 2758942.2556512305, "bearings": {"1107_1092_0": -135.01863730423162, "1107_1131_0": 52.5512448237063, "1107_1201_0": -6.970010809577411}, "angles": {"1107_1092_0": 172.43011787206208, "1107_1201_0": 128.0486264946542, "1107_1131_0": 59.52125563328371}, "adj_sorted": [[1107, 1092, 0], [1107, 1201, 0], [1107, 1131, 0]], "type": "Y", "n_corners": 2}, "geometry": {"type": "Point", "coordinates": [19.049621297074136, 47.56951553453234]}}, {"id": "1143", "type": "Feature", "properties": {"x": 5000511.8945427295, "y": 2759058.611342567, "bearings": {"1143_1131_0": -140.51161270294224, "1143_1154_0": -6.497082862643334, "1143_1168_0": 82.62888153726801}, "angles": {"1143_1131_0": 136.85950575978973, "1143_1154_0": 134.0145298402989, "1143_1168_0": 89.12596439991135}, "adj_sorted": [[1143, 1131, 0], [1143, 1154, 0], [1143, 1168, 0]], "type": "Y", "n_corners": 3}, "geometry": {"type": "Point", "coordinates": [19.050788499999992, 47.57047190000001]}}, {"id": "1120", "type": "Feature", "properties": {"x": 5000453.509015257, "y": 2758525.602902761, "bearings": {"1120_1087_0": -112.66148918691867, "1120_1221_0": 10.377078943429927, "1120_1148_0": 102.90330960578413}, "angles": {"1120_1087_0": 144.4352012072972, "1120_1221_0": 123.0385681303486, "1120_1148_0": 92.52623066235421}, "adj_sorted": [[1120, 1087, 0], [1120, 1221, 0], [1120, 1148, 0]], "type": "Y", "n_corners": 3}, "geometry": {"type": "Point", "coordinates": [19.049178800794998, 47.565779924650975]}}, {"id": "1221", "type": "Feature", "properties": {"x": 5000660.52324671, "y": 2758520.8769002133, "bearings": {"1221_1120_0": 176.71892641618965, "1221_1205_0": -103.11474898957044, "1221_1244_0": -1.1822169605142099}, "angles": {"1221_1205_0": 80.16632459423988, "1221_1244_0": 101.93253202905623, "1221_1120_0": 177.90114337670386}, "adj_sorted": [[1221, 1205, 0], [1221, 1244, 0], [1221, 1120, 0]], "type": "T", "n_corners": 2}, "geometry": {"type": "Point", "coordinates": [19.051904199999996, 47.56551030000003]}}, {"id": "1148", "type": "Feature", "properties": {"x": 5000522.320711259, "y": 2758653.2936170693, "bearings": {"1148_1120_0": -132.8911897209045, "1148_1233_0": -36.818369545173205, "1148_1145_0": 98.31055355278787}, "angles": {"1148_1120_0": 128.79825672630764, "1148_1233_0": 96.0728201757313, "1148_1145_0": 135.12892309796106}, "adj_sorted": [[1148, 1120, 0], [1148, 1233, 0], [1148, 1145, 0]], "type": "Y", "n_corners": 3}, "geometry": {"type": "Point", "coordinates": [19.050288166773697, 47.566843732424445]}}, {"id": "1205", "type": "Feature", "properties": {"x": 5000626.625293678, "y": 2758374.9364698255, "bearings": {"1205_1221_0": 76.84910651219904, "1205_1232_0": -12.305028839533286, "1205_1178_0": -102.2761226512701}, "angles": {"1205_1178_0": 180.87477083653084, "1205_1232_0": 89.97109381173681, "1205_1221_0": 89.15413535173232}, "adj_sorted": [[1205, 1178, 0], [1205, 1232, 0], [1205, 1221, 0]], "type": "T", "n_corners": 2}, "geometry": {"type": "Point", "coordinates": [19.051227, 47.56424530000004]}}, {"id": "1201", "type": "Feature", "properties": {"x": 5000617.564405429, "y": 2758944.090508946, "bearings": {"1201_1107_0": -154.41091928108844, "1201_1202_0": -88.77462618766772, "1201_1296_0": 31.557531057984512, "1201_1200_0": 90.8373728203442}, "angles": {"1201_1107_0": 114.75170789856736, "1201_1202_0": 65.63629309342072, "1201_1296_0": 120.33215724565224, "1201_1200_0": 59.27984176235969}, "adj_sorted": [[1201, 1107, 0], [1201, 1202, 0], [1201, 1296, 0], [1201, 1200, 0]], "type": "X", "n_corners": 4}, "geometry": {"type": "Point", "coordinates": [19.052003299999992, 47.569333900000004]}}, {"id": "1202", "type": "Feature", "properties": {"x": 5000618.867723655, "y": 2758883.2970437366, "bearings": {"1202_1132_0": -146.55450299002206, "1202_1201_0": 91.25638753003611, "1202_1203_0": -88.02219594552353, "1202_1228_0": 32.183432913723706}, "angles": {"1202_1132_0": 122.18910947994183, "1202_1203_0": 58.53230704449852, "1202_1228_0": 120.20562885924724, "1202_1201_0": 59.0729546163124}, "adj_sorted": [[1202, 1132, 0], [1202, 1203, 0], [1202, 1228, 0], [1202, 1201, 0]], "type": "X", "n_corners": 4}, "geometry": {"type": "Point", "coordinates": [19.051924799999995, 47.56878999999999]}}, {"id": "1296", "type": "Feature", "properties": {"x": 5000777.30860864, "y": 2759043.503096736, "bearings": {"1296_1201_0": -148.01981147028246, "1296_1310_0": 34.579048941163016, "1296_1295_0": -90.36027544216864}, "angles": {"1296_1201_0": 177.4011395885545, "1296_1295_0": 57.65953602811382, "1296_1310_0": 124.93932438333167}, "adj_sorted": [[1296, 1201, 0], [1296, 1295, 0], [1296, 1310, 0]], "type": "Y", "n_corners": 2}, "geometry": {"type": "Point", "coordinates": [19.054268800000003, 47.5700454]}}, {"id": "1200", "type": "Feature", "properties": {"x": 5000616.785010112, "y": 2758996.487358863, "bearings": {"1200_1201_0": -89.17988783413611, "1200_1191_0": -178.76286314896652, "1200_1208_0": 34.72857612643003}, "angles": {"1200_1191_0": 146.50856072460346, "1200_1201_0": 89.5829753148304, "1200_1208_0": 123.90846396056614}, "adj_sorted": [[1200, 1191, 0], [1200, 1201, 0], [1200, 1208, 0]], "type": "Y", "n_corners": 3}, "geometry": {"type": "Point", "coordinates": [19.052075500000008, 47.56980229999999]}}, {"id": "1178", "type": "Feature", "properties": {"x": 5000554.725409443, "y": 2758045.4885261194, "bearings": {"1178_1087_0": 170.59672394504227, "1178_1205_0": 80.04743828574097, "1178_1217_0": -9.303287830364546}, "angles": {"1178_1217_0": 180.09998822459318, "1178_1205_0": 89.3507261161055, "1178_1087_0": 90.5492856593013}, "adj_sorted": [[1178, 1217, 0], [1178, 1205, 0], [1178, 1087, 0]], "type": "T", "n_corners": 2}, "geometry": {"type": "Point", "coordinates": [19.04975942173515, 47.56138457350849]}}, {"id": "1217", "type": "Feature", "properties": {"x": 5000652.577597351, "y": 2758029.458850102, "bearings": {"1217_1178_0": 170.69671216963548, "1217_1242_0": 80.99121618300164, "1217_1282_0": -9.372413229631805}, "angles": {"1217_1282_0": 179.93087460073272, "1217_1242_0": 90.36362941263344, "1217_1178_0": 89.70549598663384}, "adj_sorted": [[1217, 1282, 0], [1217, 1242, 0], [1217, 1178, 0]], "type": "T", "n_corners": 2}, "geometry": {"type": "Point", "coordinates": [19.05102585488232, 47.56113402716798]}}, {"id": "1232", "type": "Feature", "properties": {"x": 5000676.8121662885, "y": 2758364.004011596, "bearings": {"1232_1205_0": 167.720278759531, "1232_1249_0": -12.290276504244423, "1232_1286_0": 77.73986233892168}, "angles": {"1232_1249_0": 179.98944473622458, "1232_1286_0": 90.0301388431661, "1232_1205_0": 89.98041642060932}, "adj_sorted": [[1232, 1249, 0], [1232, 1286, 0], [1232, 1205, 0]], "type": "T", "n_corners": 2}, "geometry": {"type": "Point", "coordinates": [19.051872300000003, 47.56409260000004]}}, {"id": "1145", "type": "Feature", "properties": {"x": 5000517.286396326, "y": 2758687.7581491466, "bearings": {"1145_1132_0": 121.74585370813811, "1145_1148_0": -81.68944644721215, "1145_1181_0": 33.75019709508092}, "angles": {"1145_1148_0": 156.56469984464974, "1145_1181_0": 115.43964354229307, "1145_1132_0": 87.99565661305719}, "adj_sorted": [[1145, 1148, 0], [1145, 1181, 0], [1145, 1132, 0]], "type": "Y", "n_corners": 3}, "geometry": {"type": "Point", "coordinates": [19.0502759497038, 47.567156796383316]}}, {"id": "1203", "type": "Feature", "properties": {"x": 5000620.803800204, "y": 2758827.232363696, "bearings": {"1203_1202_0": 91.97780405447648, "1203_1224_0": -3.440362093082747, "1203_1181_0": -156.07247182722466}, "angles": {"1203_1181_0": 111.94972411829886, "1203_1224_0": 152.63210973414192, "1203_1202_0": 95.41816614755922}, "adj_sorted": [[1203, 1181, 0], [1203, 1224, 0], [1203, 1202, 0]], "type": "Y", "n_corners": 3}, "geometry": {"type": "Point", "coordinates": [19.051862099999997, 47.568287600000055]}}, {"id": "1228", "type": "Feature", "properties": {"x": 5000667.39945455, "y": 2758913.839511399, "bearings": {"1228_1202_0": -147.81656708627628, "1228_1229_0": -92.41249233731062, "1228_1264_0": 32.17195175809233}, "angles": {"1228_1202_0": 180.0114811556314, "1228_1229_0": 55.404074748965655, "1228_1264_0": 124.58444409540294}, "adj_sorted": [[1228, 1202, 0], [1228, 1229, 0], [1228, 1264, 0]], "type": "Y", "n_corners": 2}, "geometry": {"type": "Point", "coordinates": [19.052613600000004, 47.56900920000002]}}, {"id": "1181", "type": "Feature", "properties": {"x": 5000558.521341525, "y": 2758715.3106638407, "bearings": {"1181_1145_0": -146.2498029049191, "1181_1203_0": 41.946988972342176, "1181_1199_0": 0.02832726601879959}, "angles": {"1181_1145_0": 171.8032081227387, "1181_1199_0": 146.2781301709379, "1181_1203_0": 41.91866170632338}, "adj_sorted": [[1181, 1145, 0], [1181, 1199, 0], [1181, 1203, 0]], "type": "Y", "n_corners": 2}, "geometry": {"type": "Point", "coordinates": [19.05086368412421, 47.56735734523129]}}, {"id": "1224", "type": "Feature", "properties": {"x": 5000662.1398692615, "y": 2758824.747325424, "bearings": {"1224_1203_0": 176.55963790691726, "1224_1229_0": 81.00201438433879, "1224_1238_0": -14.738527694525558}, "angles": {"1224_1238_0": 168.7018343985572, "1224_1229_0": 95.74054207886435, "1224_1203_0": 95.55762352257847}, "adj_sorted": [[1224, 1238, 0], [1224, 1229, 0], [1224, 1203, 0]], "type": "T", "n_corners": 2}, "geometry": {"type": "Point", "coordinates": [19.052403899999995, 47.56821999999999]}}, {"id": "1242", "type": "Feature", "properties": {"x": 5000689.512972793, "y": 2758196.5584333935, "bearings": {"1242_1217_0": -102.5735296504982, "1242_1249_0": 164.7149004424178, "1242_1257_0": -11.606839662358594}, "angles": {"1242_1217_0": 92.71156990708403, "1242_1257_0": 90.9666899881396, "1242_1249_0": 176.32174010477638}, "adj_sorted": [[1242, 1217, 0], [1242, 1257, 0], [1242, 1249, 0]], "type": "T", "n_corners": 2}, "geometry": {"type": "Point", "coordinates": [19.051776399999994, 47.56258450000001]}}, {"id": "1282", "type": "Feature", "properties": {"x": 5000753.427719166, "y": 2758012.813104826, "bearings": {"1282_1217_0": 170.6275867703682, "1282_1222_0": -56.802284340255724, "1282_1285_0": 32.18023187425316}, "angles": {"1282_1222_0": 132.57012888937606, "1282_1285_0": 88.98251621450888, "1282_1217_0": 138.44735489611503}, "adj_sorted": [[1282, 1222, 0], [1282, 1285, 0], [1282, 1217, 0]], "type": "Y", "n_corners": 3}, "geometry": {"type": "Point", "coordinates": [19.05233087926884, 47.56087467441962]}}, {"id": "1249", "type": "Feature", "properties": {"x": 5000697.647675423, "y": 2758359.464839827, "bearings": {"1249_1232_0": 167.70972349575558, "1249_1242_0": -101.64808392842504, "1249_1280_0": -12.284420207350648}, "angles": {"1249_1242_0": 90.64219257581937, "1249_1280_0": 89.36366372107439, "1249_1232_0": 179.99414370310623}, "adj_sorted": [[1249, 1242, 0], [1249, 1280, 0], [1249, 1232, 0]], "type": "T", "n_corners": 2}, "geometry": {"type": "Point", "coordinates": [19.052140199999997, 47.56402920000002]}}, {"id": "1257", "type": "Feature", "properties": {"x": 5000712.025787797, "y": 2758191.934415378, "bearings": {"1257_1242_0": 168.3931603376414, "1257_1280_0": 77.47629964482667, "1257_1303_0": -11.498317363296081}, "angles": {"1257_1303_0": 180.1085222990625, "1257_1280_0": 88.97461700812275, "1257_1242_0": 90.91686069281474}, "adj_sorted": [[1257, 1303, 0], [1257, 1280, 0], [1257, 1242, 0]], "type": "T", "n_corners": 2}, "geometry": {"type": "Point", "coordinates": [19.052066300000003, 47.562518500000024]}}, {"id": "1141", "type": "Feature", "properties": {"x": 5000507.755354718, "y": 2755316.1796643026, "bearings": {"1141_1212_0": -14.435174765075104, "1141_1163_0": 74.07928746520486, "1141_1129_0": -107.24080617078508}, "angles": {"1141_1129_0": 178.67990636401007, "1141_1212_0": 92.80563140570997, "1141_1163_0": 88.51446223027996}, "adj_sorted": [[1141, 1129, 0], [1141, 1212, 0], [1141, 1163, 0]], "type": "T", "n_corners": 2}, "geometry": {"type": "Point", "coordinates": [19.0448476, 47.53708170000005]}}, {"id": "1144", "type": "Feature", "properties": {"x": 5000512.877791952, "y": 2754969.689748379, "bearings": {"1144_1212_0": 63.89506573308158, "1144_1114_0": -117.62480017264377, "1144_1075_0": 153.4180435265823}, "angles": {"1144_1114_0": 88.95715630077393, "1144_1212_0": 181.51986590572534, "1144_1075_0": 89.52297779350071}, "adj_sorted": [[1144, 1114, 0], [1144, 1212, 0], [1144, 1075, 0]], "type": "T", "n_corners": 2}, "geometry": {"type": "Point", "coordinates": [19.044370699999998, 47.533984200000035]}}, {"id": "1234", "type": "Feature", "properties": {"x": 5000683.768576418, "y": 2758666.9404439405, "bearings": {"1234_1233_0": -93.47579669474052, "1234_1241_0": 86.54359589321636, "1234_1243_0": -1.6812937073591152}, "angles": {"1234_1233_0": 179.98060741204313, "1234_1243_0": 91.7945029873814, "1234_1241_0": 88.22488960057548}, "adj_sorted": [[1234, 1233, 0], [1234, 1243, 0], [1234, 1241, 0]], "type": "T", "n_corners": 2}, "geometry": {"type": "Point", "coordinates": [19.052440999999998, 47.566788100000046]}}, {"id": "1233", "type": "Feature", "properties": {"x": 5000678.173367942, "y": 2758595.8168245065, "bearings": {"1233_1148_0": 172.75218932680716, "1233_1234_0": 85.69761343526105, "1233_1298_0": -2.6538439138673913}, "angles": {"1233_1298_0": 184.59396675932544, "1233_1234_0": 88.35145734912844, "1233_1148_0": 87.05457589154611}, "adj_sorted": [[1233, 1298, 0], [1233, 1234, 0], [1233, 1148, 0]], "type": "T", "n_corners": 2}, "geometry": {"type": "Point", "coordinates": [19.052255170375155, 47.566159603386026]}}, {"id": "1241", "type": "Feature", "properties": {"x": 5000689.021203819, "y": 2758753.9360272684, "bearings": {"1241_1234_0": -93.4477133268715, "1241_1238_0": 88.89106331909063, "1241_1269_0": -5.609074017972262}, "angles": {"1241_1234_0": 177.66122335403787, "1241_1269_0": 87.83863930889923, "1241_1238_0": 94.5001373370629}, "adj_sorted": [[1241, 1234, 0], [1241, 1269, 0], [1241, 1238, 0]], "type": "T", "n_corners": 2}, "geometry": {"type": "Point", "coordinates": [19.052647299999993, 47.56755860000004]}}, {"id": "1298", "type": "Feature", "properties": {"x": 5000783.67211828, "y": 2758590.9268027525, "bearings": {"1298_1233_0": 177.3461560861326, "1298_1299_0": 87.2621235203183, "1298_1401_0": -2.6274451442764106}, "angles": {"1298_1401_0": 180.026398769591, "1298_1299_0": 89.8895686645947, "1298_1233_0": 90.0840325658143}, "adj_sorted": [[1298, 1401, 0], [1298, 1299, 0], [1298, 1233, 0]], "type": "T", "n_corners": 2}, "geometry": {"type": "Point", "coordinates": [19.05364018978389, 47.56600002309764]}}, {"id": "1222", "type": "Feature", "properties": {"x": 5000660.607901189, "y": 2757599.332309479, "bearings": {"1222_1282_0": 77.81723791477823, "1222_1171_0": -101.51036136525929, "1222_1266_0": -7.775418005376577}, "angles": {"1222_1171_0": 180.67240071996247, "1222_1266_0": 93.7349433598827, "1222_1282_0": 85.59265592015481}, "adj_sorted": [[1222, 1171, 0], [1222, 1266, 0], [1222, 1282, 0]], "type": "T", "n_corners": 2}, "geometry": {"type": "Point", "coordinates": [19.050454999999992, 47.557287099999975]}}, {"id": "1171", "type": "Feature", "properties": {"x": 5000551.411471089, "y": 2757138.95485118, "bearings": {"1171_1123_0": 167.74047400967655, "1171_1222_0": 77.14771545358043, "1171_1159_0": -99.8209322623593}, "angles": {"1171_1159_0": 92.43859372796413, "1171_1222_0": 176.96864771593974, "1171_1123_0": 90.59275855609611}, "adj_sorted": [[1171, 1159, 0], [1171, 1222, 0], [1171, 1123, 0]], "type": "T", "n_corners": 2}, "geometry": {"type": "Point", "coordinates": [19.048289499999992, 47.55329900000001]}}, {"id": "1266", "type": "Feature", "properties": {"x": 5000720.474599736, "y": 2757587.2041745414, "bearings": {"1266_1222_0": 167.6315754263198, "1266_1278_0": 74.9824584265632, "1266_1262_0": -106.41430805949787}, "angles": {"1266_1262_0": 85.95411651418232, "1266_1278_0": 181.39676648606107, "1266_1222_0": 92.64911699975661}, "adj_sorted": [[1266, 1262, 0], [1266, 1278, 0], [1266, 1222, 0]], "type": "T", "n_corners": 2}, "geometry": {"type": "Point", "coordinates": [19.051226100000004, 47.5571131]}}, {"id": "1285", "type": "Feature", "properties": {"x": 5000759.722170466, "y": 2758016.7739000907, "bearings": {"1285_1282_0": -147.81976812574683, "1285_1487_0": 13.835840772827881, "1285_1307_0": -8.699024469711935}, "angles": {"1285_1282_0": 198.3443911014253, "1285_1307_0": 139.1207436560349, "1285_1487_0": 22.534865242539816}, "adj_sorted": [[1285, 1282, 0], [1285, 1307, 0], [1285, 1487, 0]], "type": "other", "n_corners": 3}, "geometry": {"type": "Point", "coordinates": [19.0524202, 47.56090309999998]}}, {"id": "1299", "type": "Feature", "properties": {"x": 5000784.271224141, "y": 2758673.749426212, "bearings": {"1299_1298_0": -89.06474893138123, "1299_1279_0": 175.20156120386758, "1299_1319_0": 34.23897928209657}, "angles": {"1299_1298_0": 95.73368986475117, "1299_1319_0": 123.3037282134778, "1299_1279_0": 140.962581921771}, "adj_sorted": [[1299, 1298, 0], [1299, 1319, 0], [1299, 1279, 0]], "type": "Y", "n_corners": 3}, "geometry": {"type": "Point", "coordinates": [19.053778500000004, 47.5667384]}}, {"id": "1401", "type": "Feature", "properties": {"x": 5001003.910257537, "y": 2758580.820131666, "bearings": {"1401_1298_0": 177.3725548557236, "1401_1482_0": 3.7968730478729973, "1401_1400_0": 91.91258645601317}, "angles": {"1401_1482_0": 186.4243181921494, "1401_1400_0": 88.11571340814018, "1401_1298_0": 85.45996839971042}, "adj_sorted": [[1401, 1482, 0], [1401, 1400, 0], [1401, 1298, 0]], "type": "T", "n_corners": 2}, "geometry": {"type": "Point", "coordinates": [19.056531676973673, 47.56566773580885]}}, {"id": "1279", "type": "Feature", "properties": {"x": 5000745.892785848, "y": 2758748.4115193035, "bearings": {"1279_1299_0": -91.01079696972168, "1279_1269_0": 174.45271024920157, "1279_1300_0": 3.86449249215401}, "angles": {"1279_1299_0": 94.53649278107673, "1279_1300_0": 94.8752894618757, "1279_1269_0": 170.58821775704757}, "adj_sorted": [[1279, 1299, 0], [1279, 1300, 0], [1279, 1269, 0]], "type": "T", "n_corners": 2}, "geometry": {"type": "Point", "coordinates": [19.053389399999997, 47.5674468]}}, {"id": "1319", "type": "Feature", "properties": {"x": 5000840.006934237, "y": 2758711.669377446, "bearings": {"1319_1299_0": -145.80103370344855, "1319_1340_0": 30.7671062246245, "1319_1378_0": -46.17616792647447}, "angles": {"1319_1299_0": 183.43186007192696, "1319_1378_0": 99.62486577697408, "1319_1340_0": 76.94327415109896}, "adj_sorted": [[1319, 1299, 0], [1319, 1378, 0], [1319, 1340, 0]], "type": "T", "n_corners": 2}, "geometry": {"type": "Point", "coordinates": [19.054574, 47.56701550000007]}}, {"id": "1400", "type": "Feature", "properties": {"x": 5001001.2979575675, "y": 2758693.336671936, "bearings": {"1400_1401_0": -88.52058958977146, "1400_1399_0": 91.10194786826177, "1400_1378_0": 178.66351810848616, "1400_1424_0": 0.5636060853726385}, "angles": {"1400_1401_0": 92.8158923017424, "1400_1424_0": 89.0841956751441, "1400_1399_0": 90.53834178288913, "1400_1378_0": 87.56157024022438}, "adj_sorted": [[1400, 1401, 0], [1400, 1424, 0], [1400, 1399, 0], [1400, 1378, 0]], "type": "X", "n_corners": 4}, "geometry": {"type": "Point", "coordinates": [19.0566744, 47.566674600000006]}}, {"id": "1399", "type": "Feature", "properties": {"x": 5001000.625171268, "y": 2758728.690059025, "bearings": {"1399_1400_0": -88.97100900106865, "1399_1405_0": -0.9460760170052044, "1399_1377_0": 179.08606458463683}, "angles": {"1399_1400_0": 91.9429264142945, "1399_1405_0": 88.02493298406344, "1399_1377_0": 180.03214060164203}, "adj_sorted": [[1399, 1400, 0], [1399, 1405, 0], [1399, 1377, 0]], "type": "T", "n_corners": 2}, "geometry": {"type": "Point", "coordinates": [19.0567212, 47.566990800000035]}}, {"id": "1378", "type": "Feature", "properties": {"x": 5000963.207138542, "y": 2758694.0674802894, "bearings": {"1378_1319_0": 179.587284227668, "1378_1400_0": -0.64942907658735, "1378_1377_0": 93.87988412754653}, "angles": {"1378_1400_0": 179.76328669574465, "1378_1377_0": 94.52931320413389, "1378_1319_0": 85.70740010012146}, "adj_sorted": [[1378, 1400, 0], [1378, 1377, 0], [1378, 1319, 0]], "type": "T", "n_corners": 2}, "geometry": {"type": "Point", "coordinates": [19.056172700000005, 47.56672300000004]}}, {"id": "1482", "type": "Feature", "properties": {"x": 5001201.836898696, "y": 2758604.4961013654, "bearings": {"1482_1401_0": -170.41187745421428, "1482_1491_0": 9.35197980684814, "1482_1472_0": 112.21963293781572}, "angles": {"1482_1401_0": 77.36848960796999, "1482_1491_0": 179.7638572610624, "1482_1472_0": 102.86765313096758}, "adj_sorted": [[1482, 1401, 0], [1482, 1491, 0], [1482, 1472, 0]], "type": "T", "n_corners": 2}, "geometry": {"type": "Point", "coordinates": [19.059181816034194, 47.56566135339059]}}, {"id": "1472", "type": "Feature", "properties": {"x": 5001177.139231582, "y": 2758725.877080424, "bearings": {"1472_1482_0": -89.57491678056692, "1472_1431_0": 179.10651495129073, "1472_1474_0": 89.85608492460945}, "angles": {"1472_1482_0": 91.31856826814237, "1472_1474_0": 179.43100170517636, "1472_1431_0": 89.25043002668129}, "adj_sorted": [[1472, 1482, 0], [1472, 1474, 0], [1472, 1431, 0]], "type": "T", "n_corners": 2}, "geometry": {"type": "Point", "coordinates": [19.059047000000003, 47.5667716]}}, {"id": "1431", "type": "Feature", "properties": {"x": 5001096.395210313, "y": 2758727.1664990312, "bearings": {"1431_1472_0": -0.9183740490680558, "1431_1405_0": 179.09427964424813, "1431_1434_0": 90.07042213718005}, "angles": {"1431_1472_0": 179.9873463066838, "1431_1434_0": 90.9887961862481, "1431_1405_0": 89.02385750706809}, "adj_sorted": [[1431, 1472, 0], [1431, 1434, 0], [1431, 1405, 0]], "type": "T", "n_corners": 2}, "geometry": {"type": "Point", "coordinates": [19.057983099999998, 47.56687190000004]}}, {"id": "1474", "type": "Feature", "properties": {"x": 5001177.228292743, "y": 2758757.8839656897, "bearings": {"1474_1472_0": -90.16539458879508, "1474_1475_0": 89.85420759979135, "1474_1434_0": 178.89261501308474}, "angles": {"1474_1472_0": 90.9419903981202, "1474_1475_0": 180.01960218858642, "1474_1434_0": 89.03840741329338}, "adj_sorted": [[1474, 1472, 0], [1474, 1475, 0], [1474, 1434, 0]], "type": "T", "n_corners": 2}, "geometry": {"type": "Point", "coordinates": [19.059098599999995, 47.567057100000035]}}, {"id": "1491", "type": "Feature", "properties": {"x": 5001232.188648703, "y": 2758609.494669327, "bearings": {"1491_1482_0": -170.64802019315186, "1491_1516_0": 10.842539368502734, "1491_1487_0": -92.80153156137179}, "angles": {"1491_1482_0": 178.5094404383454, "1491_1487_0": 77.84648863178008, "1491_1516_0": 103.64407092987452}, "adj_sorted": [[1491, 1482, 0], [1491, 1487, 0], [1491, 1516, 0]], "type": "T", "n_corners": 2}, "geometry": {"type": "Point", "coordinates": [19.059590366006137, 47.56567257468498]}}, {"id": "1487", "type": "Feature", "properties": {"x": 5001217.238164231, "y": 2758503.676522589, "bearings": {"1487_1285_0": 176.4900811126554, "1487_1491_0": 71.1784045427522, "1487_1516_0": -2.471382512177521}, "angles": {"1487_1516_0": 181.0385363751671, "1487_1491_0": 73.64978705492973, "1487_1285_0": 105.31167656990318}, "adj_sorted": [[1487, 1516, 0], [1487, 1491, 0], [1487, 1285, 0]], "type": "T", "n_corners": 2}, "geometry": {"type": "Point", "coordinates": [19.05922629999999, 47.56474480000005]}}, {"id": "1516", "type": "Feature", "properties": {"x": 5001290.083014632, "y": 2758620.5831645443, "bearings": {"1516_1491_0": -169.15746063149726, "1516_1487_0": -48.55300406095632, "1516_1517_0": 55.50616108724154, "1516_1504_0": 111.71230066780342}, "angles": {"1516_1491_0": 79.13023870069935, "1516_1487_0": 120.60445657054095, "1516_1517_0": 104.05916514819785, "1516_1504_0": 56.20613958056188}, "adj_sorted": [[1516, 1491, 0], [1516, 1487, 0], [1516, 1517, 0], [1516, 1504, 0]], "type": "other", "n_corners": 4}, "geometry": {"type": "Point", "coordinates": [19.060372102651414, 47.565707840703624]}}, {"id": "1504", "type": "Feature", "properties": {"x": 5001259.032001289, "y": 2758720.740732455, "bearings": {"1504_1516_0": -89.72849175753296, "1504_1503_0": 90.26846242666699, "1504_1513_0": 1.0645357445865813}, "angles": {"1504_1516_0": 180.00304581580005, "1504_1513_0": 90.79302750211954, "1504_1503_0": 89.20392668208041}, "adj_sorted": [[1504, 1516, 0], [1504, 1513, 0], [1504, 1503, 0]], "type": "T", "n_corners": 2}, "geometry": {"type": "Point", "coordinates": [19.06012, 47.566635700000035]}}, {"id": "1503", "type": "Feature", "properties": {"x": 5001258.795206793, "y": 2758771.2775100255, "bearings": {"1503_1504_0": -89.73153757333303, "1503_1475_0": -179.78369353464603, "1503_1502_0": 90.25696368283666}, "angles": {"1503_1475_0": 89.9593427825173, "1503_1504_0": 90.052155961313, "1503_1502_0": 179.98850125616968}, "adj_sorted": [[1503, 1475, 0], [1503, 1504, 0], [1503, 1502, 0]], "type": "T", "n_corners": 2}, "geometry": {"type": "Point", "coordinates": [19.060196500000004, 47.56708690000005]}}, {"id": "1517", "type": "Feature", "properties": {"x": 5001306.834699356, "y": 2758644.9626327795, "bearings": {"1517_1516_0": -124.49383891275846, "1517_1527_0": 55.942082549603235, "1517_1551_0": -2.398378538164242}, "angles": {"1517_1516_0": 179.5640785376383, "1517_1551_0": 122.09546037459423, "1517_1527_0": 58.34046108776748}, "adj_sorted": [[1517, 1516, 0], [1517, 1551, 0], [1517, 1527, 0]], "type": "Y", "n_corners": 2}, "geometry": {"type": "Point", "coordinates": [19.060631655500373, 47.56590695277095]}}, {"id": "1521", "type": "Feature", "properties": {"x": 5001322.951546735, "y": 2758791.9958486794, "bearings": {"1521_1527_0": -72.14726160602625, "1521_1505_0": 79.89509438083755, "1521_1502_0": -139.08164511906227}, "angles": {"1521_1502_0": 141.02326050010018, "1521_1527_0": 66.93438351303602, "1521_1505_0": 152.0423559868638}, "adj_sorted": [[1521, 1502, 0], [1521, 1527, 0], [1521, 1505, 0]], "type": "Y", "n_corners": 3}, "geometry": {"type": "Point", "coordinates": [19.061076099999994, 47.56720120000001]}}, {"id": "1527", "type": "Feature", "properties": {"x": 5001339.980774355, "y": 2758693.99671929, "bearings": {"1527_1517_0": -124.05791745039677, "1527_1521_0": 113.16366853475891, "1527_1534_0": 58.82510039574831}, "angles": {"1527_1517_0": 122.77841401484432, "1527_1534_0": 182.8830178461451, "1527_1521_0": 54.338568139010604}, "adj_sorted": [[1527, 1517, 0], [1527, 1534, 0], [1527, 1521, 0]], "type": "Y", "n_corners": 2}, "geometry": {"type": "Point", "coordinates": [19.061146484347233, 47.56630802308715]}}, {"id": "1505", "type": "Feature", "properties": {"x": 5001259.316188689, "y": 2758856.526154678, "bearings": {"1505_1521_0": -38.07169206593665, "1505_1502_0": -90.48855136904534, "1505_1486_0": 142.6938844208727}, "angles": {"1505_1502_0": 126.81756421008197, "1505_1521_0": 52.41685930310869, "1505_1486_0": 180.76557648680935}, "adj_sorted": [[1505, 1502, 0], [1505, 1521, 0], [1505, 1486, 0]], "type": "Y", "n_corners": 2}, "geometry": {"type": "Point", "coordinates": [19.060337699999994, 47.56784700000001]}}, {"id": "1502", "type": "Feature", "properties": {"x": 5001258.724225567, "y": 2758787.1042500464, "bearings": {"1502_1503_0": -89.74303631716336, "1502_1521_0": 0.3864480636012281, "1502_1505_0": 89.51144863095466}, "angles": {"1502_1503_0": 180.74551505188197, "1502_1521_0": 90.12948438076458, "1502_1505_0": 89.12500056735344}, "adj_sorted": [[1502, 1503, 0], [1502, 1521, 0], [1502, 1505, 0]], "type": "T", "n_corners": 2}, "geometry": {"type": "Point", "coordinates": [19.060220500000003, 47.567228200000024]}}, {"id": "1534", "type": "Feature", "properties": {"x": 5001368.488376421, "y": 2758752.1764727007, "bearings": {"1534_1527_0": -83.69649968447487, "1534_1525_0": 97.78203319346967, "1534_1552_0": 6.051555969310248}, "angles": {"1534_1527_0": 178.52146712205547, "1534_1552_0": 89.74805565378512, "1534_1525_0": 91.73047722415943}, "adj_sorted": [[1534, 1527, 0], [1534, 1552, 0], [1534, 1525, 0]], "type": "T", "n_corners": 2}, "geometry": {"type": "Point", "coordinates": [19.0616145, 47.566795800000044]}}, {"id": "1525", "type": "Feature", "properties": {"x": 5001334.905890935, "y": 2759001.393621954, "bearings": {"1525_1534_0": -82.42244013804446, "1525_1522_0": 94.92298441729908, "1525_1563_0": 1.9562191489266552}, "angles": {"1525_1534_0": 182.65457544465647, "1525_1563_0": 84.37865928697111, "1525_1522_0": 92.96676526837243}, "adj_sorted": [[1525, 1534, 0], [1525, 1563, 0], [1525, 1522, 0]], "type": "T", "n_corners": 2}, "geometry": {"type": "Point", "coordinates": [19.061563899999992, 47.56905649999999]}}, {"id": "329", "type": "Feature", "properties": {"x": 4998670.6356093325, "y": 2758515.9763927916, "bearings": {"329_345_0": 53.022074639223376, "329_276_0": -126.85248094171703, "329_347_0": -47.93322430840112}, "angles": {"329_276_0": 180.1254444190596, "329_347_0": 78.91925663331591, "329_345_0": 100.9552989476245}, "adj_sorted": [[329, 276, 0], [329, 347, 0], [329, 345, 0]], "type": "T", "n_corners": 2}, "geometry": {"type": "Point", "coordinates": [19.025626699999997, 47.56765010000003]}}, {"id": "345", "type": "Feature", "properties": {"x": 4998749.497891668, "y": 2758625.419499549, "bearings": {"345_329_0": -127.0210694360093, "345_597_0": 34.92134830842502, "345_346_0": -55.863110106159695}, "angles": {"345_329_0": 198.05758225556568, "345_346_0": 71.1579593298496, "345_597_0": 90.78445841458472}, "adj_sorted": [[345, 329, 0], [345, 346, 0], [345, 597, 0]], "type": "other", "n_corners": 3}, "geometry": {"type": "Point", "coordinates": [19.02683966147742, 47.568540305746495]}}, {"id": "276", "type": "Feature", "properties": {"x": 4998449.7814425845, "y": 2758232.7896230533, "bearings": {"276_329_0": 45.975164950325535, "276_283_0": -63.70426703306368, "276_222_0": 115.10492836242885}, "angles": {"276_283_0": 181.19080460450746, "276_329_0": 109.67943198338921, "276_222_0": 69.12976341210332}, "adj_sorted": [[276, 283, 0], [276, 329, 0], [276, 222, 0]], "type": "T", "n_corners": 2}, "geometry": {"type": "Point", "coordinates": [19.022266600000002, 47.56536500000005]}}, {"id": "597", "type": "Feature", "properties": {"x": 4999570.133734035, "y": 2758558.4769213963, "bearings": {"597_562_0": -141.82096217215565, "597_345_0": 124.76205973342032, "597_645_0": -60.846579897563245, "597_871_0": 37.45796600168764}, "angles": {"597_562_0": 93.41697809442405, "597_645_0": 80.9743822745924, "597_871_0": 98.30454589925088, "597_345_0": 87.30409373173268}, "adj_sorted": [[597, 562, 0], [597, 645, 0], [597, 871, 0], [597, 345, 0]], "type": "X", "n_corners": 4}, "geometry": {"type": "Point", "coordinates": [19.037568599999993, 47.56704310000007]}}, {"id": "346", "type": "Feature", "properties": {"x": 4998752.1284610955, "y": 2758621.5395481233, "bearings": {"346_345_0": 124.13688989384032, "346_388_0": 52.34809796293633, "346_383_0": -36.19809277302171}, "angles": {"346_383_0": 199.66501733313797, "346_388_0": 88.54619073595805, "346_345_0": 71.78879193090398}, "adj_sorted": [[346, 383, 0], [346, 388, 0], [346, 345, 0]], "type": "other", "n_corners": 3}, "geometry": {"type": "Point", "coordinates": [19.0268683, 47.56850280000005]}}, {"id": "645", "type": "Feature", "properties": {"x": 4999705.184596526, "y": 2758453.571119365, "bearings": {"645_597_0": 144.90765954144948, "645_680_0": -36.60593842465827, "645_643_0": -94.16682554468655}, "angles": {"645_643_0": 120.92551491386399, "645_680_0": 57.560887120028276, "645_597_0": 181.51359796610774}, "adj_sorted": [[645, 643, 0], [645, 680, 0], [645, 597, 0]], "type": "Y", "n_corners": 2}, "geometry": {"type": "Point", "coordinates": [19.0391866, 47.565958800000004]}}, {"id": "871", "type": "Feature", "properties": {"x": 5000116.286210676, "y": 2758551.6026984253, "bearings": {"871_597_0": -179.38528910530255, "871_1053_0": 3.02198454279577, "871_972_0": -92.97002547164148}, "angles": {"871_597_0": 177.5927263519017, "871_972_0": 86.41526363366107, "871_1053_0": 95.99201001443724}, "adj_sorted": [[871, 597, 0], [871, 972, 0], [871, 1053, 0]], "type": "T", "n_corners": 2}, "geometry": {"type": "Point", "coordinates": [19.044767899999997, 47.56638230000003]}}, {"id": "741", "type": "Feature", "properties": {"x": 4999885.508422065, "y": 2760731.186799312, "bearings": {"741_839_0": 75.19734594994272, "741_779_0": 131.31631944996371, "741_695_0": -171.30218308220722, "741_785_0": -0.16728415428671367, "741_772_0": -110.21135508267427}, "angles": {"741_695_0": 57.381497467829035, "741_772_0": 61.09082799953295, "741_785_0": 110.04407092838755, "741_839_0": 75.36463010422943, "741_779_0": 56.118973500021}, "adj_sorted": [[741, 695, 0], [741, 772, 0], [741, 785, 0], [741, 839, 0], [741, 779, 0]], "type": "other", "n_corners": 5}, "geometry": {"type": "Point", "coordinates": [19.0451501, 47.58608460000003]}}, {"id": "924", "type": "Feature", "properties": {"x": 5000190.249639853, "y": 2761150.787186251, "bearings": {"924_839_0": 147.39432248869986, "924_881_0": -105.62511338572902, "924_938_0": 55.5806342468136}, "angles": {"924_881_0": 106.9805641255711, "924_938_0": 161.20574763254263, "924_839_0": 91.81368824188625}, "adj_sorted": [[924, 881, 0], [924, 938, 0], [924, 839, 0]], "type": "Y", "n_corners": 3}, "geometry": {"type": "Point", "coordinates": [19.0498354, 47.58949400000004]}}, {"id": "905", "type": "Feature", "properties": {"x": 5000159.506174353, "y": 2761650.8766756468, "bearings": {"905_940_0": 3.5236256933760286, "905_775_0": -176.52319783990768, "905_904_0": 91.89178745796687}, "angles": {"905_775_0": 91.58501470212548, "905_940_0": 180.0468235332837, "905_904_0": 88.36816176459084}, "adj_sorted": [[905, 775, 0], [905, 940, 0], [905, 904, 0]], "type": "T", "n_corners": 2}, "geometry": {"type": "Point", "coordinates": [19.050216999999993, 47.59399010000003]}}, {"id": "388", "type": "Feature", "properties": {"x": 4998935.768039106, "y": 2759045.002695291, "bearings": {"388_346_0": -100.05444976181755, "388_378_0": -165.31767180342567, "388_407_0": 81.81297374546308, "388_373_0": -10.508501717759653}, "angles": {"388_378_0": 112.86935445111123, "388_346_0": 65.26322204160812, "388_373_0": 89.5459480440579, "388_407_0": 92.32147546322274}, "adj_sorted": [[388, 378, 0], [388, 346, 0], [388, 373, 0], [388, 407, 0]], "type": "other", "n_corners": 4}, "geometry": {"type": "Point", "coordinates": [19.0299578, 47.57208030000001]}}, {"id": "383", "type": "Feature", "properties": {"x": 4998917.832717685, "y": 2758528.001798624, "bearings": {"383_442_0": -11.152519607037792, "383_346_0": 167.6334863212295, "383_368_0": -101.10215933914954}, "angles": {"383_368_0": 91.26435433962098, "383_442_0": 89.94963973211175, "383_346_0": 178.7860059282673}, "adj_sorted": [[383, 368, 0], [383, 442, 0], [383, 346, 0]], "type": "T", "n_corners": 2}, "geometry": {"type": "Point", "coordinates": [19.028909099999993, 47.56748650000003]}}, {"id": "378", "type": "Feature", "properties": {"x": 4998899.052386801, "y": 2758948.57760473, "bearings": {"378_388_0": 74.22849607558719, "378_373_0": -105.87091231428752, "378_336_0": 163.92171762630625}, "angles": {"378_373_0": 90.20737005940623, "378_388_0": 180.09940838987472, "378_336_0": 89.69322155071906}, "adj_sorted": [[378, 373, 0], [378, 388, 0], [378, 336, 0]], "type": "T", "n_corners": 2}, "geometry": {"type": "Point", "coordinates": [19.029321599999992, 47.57126009999999]}}, {"id": "407", "type": "Feature", "properties": {"x": 4999027.698631077, "y": 2759701.967495463, "bearings": {"407_388_0": -104.54894338605371, "407_344_0": 159.11892383034285, "407_419_0": 73.25491597880202}, "angles": {"407_388_0": 96.33213278360347, "407_419_0": 177.80385936485573, "407_344_0": 85.86400785154083}, "adj_sorted": [[407, 388, 0], [407, 419, 0], [407, 344, 0]], "type": "T", "n_corners": 2}, "geometry": {"type": "Point", "coordinates": [19.032203699999993, 47.57784190000002]}}, {"id": "373", "type": "Feature", "properties": {"x": 4998872.539147801, "y": 2758855.322495723, "bearings": {"373_388_0": -9.41562977205676, "373_378_0": 74.12908768571248, "373_186_0": 167.1831214604902}, "angles": {"373_388_0": 183.401248767453, "373_378_0": 83.54471745776924, "373_186_0": 93.05403377477774}, "adj_sorted": [[373, 388, 0], [373, 378, 0], [373, 186, 0]], "type": "T", "n_corners": 2}, "geometry": {"type": "Point", "coordinates": [19.028825100000002, 47.57045699999998]}}, {"id": "186", "type": "Feature", "properties": {"x": 4997972.684353325, "y": 2759139.5649953703, "bearings": {"186_373_0": -22.30926759248352, "186_144_0": 158.35278273639273, "186_190_0": 68.24727621279992}, "angles": {"186_373_0": 179.33794967112377, "186_190_0": 90.55654380528344, "186_144_0": 90.10550652359281}, "adj_sorted": [[186, 373, 0], [186, 190, 0], [186, 144, 0]], "type": "T", "n_corners": 2}, "geometry": {"type": "Point", "coordinates": [19.017390099999997, 47.57397920000004]}}, {"id": "695", "type": "Feature", "properties": {"x": 4999801.066122109, "y": 2760739.1856917823, "bearings": {"695_741_0": -7.00308667793321, "695_693_0": 173.36491241144157, "695_721_0": 72.4462776351184}, "angles": {"695_741_0": 179.63200091062524, "695_721_0": 79.44936431305162, "695_693_0": 100.91863477632316}, "adj_sorted": [[695, 741, 0], [695, 721, 0], [695, 693, 0]], "type": "T", "n_corners": 2}, "geometry": {"type": "Point", "coordinates": [19.04404749999999, 47.586248700000006]}}, {"id": "693", "type": "Feature", "properties": {"x": 4999789.50240308, "y": 2760740.5308365882, "bearings": {"693_695_0": -6.63508758855844, "693_641_0": 170.0071892580896, "693_688_0": -95.99252619230006}, "angles": {"693_688_0": 94.00028454961034, "693_695_0": 89.35743860374163, "693_641_0": 176.64227684664803}, "adj_sorted": [[693, 688, 0], [693, 695, 0], [693, 641, 0]], "type": "T", "n_corners": 2}, "geometry": {"type": "Point", "coordinates": [19.04389689999999, 47.586273400000024]}}, {"id": "721", "type": "Feature", "properties": {"x": 4999850.152971484, "y": 2760877.0180679373, "bearings": {"721_695_0": -109.64048320080971, "721_745_0": 70.90295473970701, "721_654_0": 159.57198375258352}, "angles": {"721_695_0": 90.78753304660677, "721_745_0": 180.54343794051672, "721_654_0": 88.6690290128765}, "adj_sorted": [[721, 695, 0], [721, 745, 0], [721, 654, 0]], "type": "T", "n_corners": 2}, "geometry": {"type": "Point", "coordinates": [19.0449127, 47.587424700000035]}}, {"id": "779", "type": "Feature", "properties": {"x": 4999957.7393123945, "y": 2760968.590906802, "bearings": {"779_741_0": -109.5779958524622, "779_745_0": 160.38543731282633, "779_836_0": 70.36864527376153}, "angles": {"779_741_0": 90.0365668347115, "779_836_0": 179.9466411262237, "779_745_0": 90.0167920390648}, "adj_sorted": [[779, 741, 0], [779, 836, 0], [779, 745, 0]], "type": "T", "n_corners": 2}, "geometry": {"type": "Point", "coordinates": [19.046477726637974, 47.58812366359822]}}, {"id": "785", "type": "Feature", "properties": {"x": 4999975.301406959, "y": 2760726.2011589925, "bearings": {"785_845_0": -2.589394756077286, "785_741_0": 176.3138386177841, "785_827_0": -95.00588539938353}, "angles": {"785_827_0": 88.68027598283237, "785_845_0": 92.41649064330625, "785_741_0": 178.9032333738614}, "adj_sorted": [[785, 827, 0], [785, 845, 0], [785, 741, 0]], "type": "T", "n_corners": 2}, "geometry": {"type": "Point", "coordinates": [19.0463281, 47.58594150000003]}}, {"id": "772", "type": "Feature", "properties": {"x": 4999936.607480139, "y": 2760454.2125970176, "bearings": {"772_741_0": 123.29729519398835, "772_827_0": 8.391132012015495, "772_789_0": -57.41307909783042}, "angles": {"772_789_0": 179.28962570818123, "772_827_0": 65.80421110984591, "772_741_0": 114.90616318197286}, "adj_sorted": [[772, 789, 0], [772, 827, 0], [772, 741, 0]], "type": "T", "n_corners": 2}, "geometry": {"type": "Point", "coordinates": [19.045388999999997, 47.58355700000002]}}, {"id": "788", "type": "Feature", "properties": {"x": 4999978.110332055, "y": 2757325.4910746366, "bearings": {"788_792_0": 82.77902343528069, "788_778_0": -97.19964176042343, "788_826_0": -5.976088476124525}, "angles": {"788_778_0": 180.02133480429586, "788_826_0": 91.2235532842989, "788_792_0": 88.75511191140522}, "adj_sorted": [[788, 778, 0], [788, 826, 0], [788, 792, 0]], "type": "T", "n_corners": 2}, "geometry": {"type": "Point", "coordinates": [19.041016099999993, 47.55559300000001]}}, {"id": "745", "type": "Feature", "properties": {"x": 4999890.072511302, "y": 2760992.31805045, "bearings": {"745_721_0": -109.09704526029299, "745_779_0": -19.2693739623284, "745_764_0": 70.57938085432569}, "angles": {"745_721_0": 180.32357388538134, "745_779_0": 89.82767129796459, "745_764_0": 89.8487548166541}, "adj_sorted": [[745, 721, 0], [745, 779, 0], [745, 764, 0]], "type": "T", "n_corners": 2}, "geometry": {"type": "Point", "coordinates": [19.045621399999995, 47.58840970000002]}}, {"id": "764", "type": "Feature", "properties": {"x": 4999926.747424794, "y": 2761096.326236694, "bearings": {"764_745_0": -109.42420012352319, "764_783_0": 70.42906461863613, "764_694_0": 159.3359354132276}, "angles": {"764_745_0": 91.2398644632492, "764_783_0": 179.85326474215933, "764_694_0": 88.90687079459146}, "adj_sorted": [[764, 745, 0], [764, 783, 0], [764, 694, 0]], "type": "T", "n_corners": 2}, "geometry": {"type": "Point", "coordinates": [19.046269499999998, 47.58929750000002]}}, {"id": "836", "type": "Feature", "properties": {"x": 5000052.462808232, "y": 2761445.889962109, "bearings": {"836_779_0": -64.64228168583898, "836_786_0": 160.61837158430848, "836_783_0": -110.06673734831013, "836_874_0": 70.1297887125262}, "angles": {"836_783_0": 89.31489106738138, "836_779_0": 45.424455662471146, "836_874_0": 134.7720703983652, "836_786_0": 90.48858287178227}, "adj_sorted": [[836, 783, 0], [836, 779, 0], [836, 874, 0], [836, 786, 0]], "type": "other", "n_corners": 4}, "geometry": {"type": "Point", "coordinates": [19.048480300000005, 47.5922786]}}, {"id": "778", "type": "Feature", "properties": {"x": 4999957.680444432, "y": 2757165.6278127637, "bearings": {"778_788_0": 82.48347107524565, "778_771_0": -97.74476859707137, "778_852_0": -7.322955632539944}, "angles": {"778_771_0": 179.77176032768298, "778_852_0": 90.42181296453143, "778_788_0": 89.80642670778559}, "adj_sorted": [[778, 771, 0], [778, 852, 0], [778, 788, 0]], "type": "T", "n_corners": 2}, "geometry": {"type": "Point", "coordinates": [19.0404952, 47.554188900000035]}}, {"id": "826", "type": "Feature", "properties": {"x": 5000029.920438742, "y": 2757320.06333832, "bearings": {"826_788_0": 174.01820039150118, "826_831_0": 83.07369048194639, "826_850_0": -8.254081186159526}, "angles": {"826_850_0": 177.72771842233928, "826_831_0": 91.32777166810591, "826_788_0": 90.9445099095548}, "adj_sorted": [[826, 850, 0], [826, 831, 0], [826, 788, 0]], "type": "T", "n_corners": 2}, "geometry": {"type": "Point", "coordinates": [19.041691400000005, 47.55548770000006]}}, {"id": "827", "type": "Feature", "properties": {"x": 5000030.18535925, "y": 2760468.016176917, "bearings": {"827_891_0": 8.515240641639373, "827_861_0": -48.98504005644568, "827_785_0": 126.63771467915535, "827_772_0": -171.60886798798452}, "angles": {"827_772_0": 61.753417332860124, "827_861_0": 122.62382793153884, "827_891_0": 57.50028069808506, "827_785_0": 118.12247403751599}, "adj_sorted": [[827, 772, 0], [827, 861, 0], [827, 891, 0], [827, 785, 0]], "type": "X", "n_corners": 4}, "geometry": {"type": "Point", "coordinates": [19.046646499999994, 47.58357740000006]}}, {"id": "1216", "type": "Feature", "properties": {"x": 5000652.270519167, "y": 2762176.1247213767, "bearings": {"1216_1265_0": 72.59660323049958, "1216_1250_0": -16.72288902428814, "1216_1207_0": -109.03420684928325}, "angles": {"1216_1207_0": 178.36918992021717, "1216_1250_0": 92.31131782499511, "1216_1265_0": 89.31949225478772}, "adj_sorted": [[1216, 1207, 0], [1216, 1250, 0], [1216, 1265, 0]], "type": "T", "n_corners": 2}, "geometry": {"type": "Point", "coordinates": [19.0575536, 47.59813520000001]}}, {"id": "1265", "type": "Feature", "properties": {"x": 5000720.187451052, "y": 2762222.956331892, "bearings": {"1265_1216_0": -157.55378706307675, "1265_1283_0": 70.53409784656549, "1265_1250_0": -109.4659021119364}, "angles": {"1265_1216_0": 131.91211509035776, "1265_1250_0": 48.08788495114035, "1265_1283_0": 179.9999999585019}, "adj_sorted": [[1265, 1216, 0], [1265, 1250, 0], [1265, 1283, 0]], "type": "Y", "n_corners": 2}, "geometry": {"type": "Point", "coordinates": [19.058524580534563, 47.59847838105069]}}, {"id": "1250", "type": "Feature", "properties": {"x": 5000700.984826793, "y": 2762161.4850931074, "bearings": {"1250_1216_0": 163.22982820606123, "1250_1265_0": 73.28177615108503, "1250_1230_0": -108.79371500552455}, "angles": {"1250_1230_0": 87.97645678841423, "1250_1265_0": 182.0754911566096, "1250_1216_0": 89.9480520549762}, "adj_sorted": [[1250, 1230, 0], [1250, 1265, 0], [1250, 1216, 0]], "type": "T", "n_corners": 2}, "geometry": {"type": "Point", "coordinates": [19.058174000000005, 47.59795100000002]}}, {"id": "1207", "type": "Feature", "properties": {"x": 5000631.274061298, "y": 2762115.708283803, "bearings": {"1207_1216_0": 70.82624951595399, "1207_1204_0": -108.57515696233853, "1207_1157_0": 161.68942674235265}, "angles": {"1207_1204_0": 89.73541629530882, "1207_1216_0": 179.40140647829253, "1207_1157_0": 90.86317722639866}, "adj_sorted": [[1207, 1204, 0], [1207, 1216, 0], [1207, 1157, 0]], "type": "T", "n_corners": 2}, "geometry": {"type": "Point", "coordinates": [19.057180999999996, 47.59761920000006]}}, {"id": "1283", "type": "Feature", "properties": {"x": 5000755.819254046, "y": 2762335.4857049757, "bearings": {"1283_1265_0": -108.64849557156793, "1283_1395_0": 71.35150441962536, "1283_1302_0": 103.3796933533918}, "angles": {"1283_1265_0": 147.97181107504025, "1283_1395_0": 179.9999999911933, "1283_1302_0": 32.028188933766444}, "adj_sorted": [[1283, 1265, 0], [1283, 1395, 0], [1283, 1302, 0]], "type": "Y", "n_corners": 2}, "geometry": {"type": "Point", "coordinates": [19.059172707239348, 47.59944327495456]}}, {"id": "1230", "type": "Feature", "properties": {"x": 5000674.95744441, "y": 2762077.7651238046, "bearings": {"1230_1250_0": 84.26323250072541, "1230_1314_0": 0.544736099459346, "1230_1142_0": -179.58452838813267}, "angles": {"1230_1142_0": 96.15223911114191, "1230_1314_0": 180.12926448759202, "1230_1250_0": 83.71849640126607}, "adj_sorted": [[1230, 1142, 0], [1230, 1314, 0], [1230, 1250, 0]], "type": "T", "n_corners": 2}, "geometry": {"type": "Point", "coordinates": [19.057698199999994, 47.597232600000005]}}, {"id": "1395", "type": "Feature", "properties": {"x": 5000988.076553877, "y": 2762260.4112090445, "bearings": {"1395_1283_0": 162.44539464503598, "1395_1422_0": -18.27233224317034, "1395_1415_0": 70.99510245762634}, "angles": {"1395_1422_0": 179.2822731117937, "1395_1415_0": 89.26743470079668, "1395_1283_0": 91.45029218740963}, "adj_sorted": [[1395, 1422, 0], [1395, 1415, 0], [1395, 1283, 0]], "type": "T", "n_corners": 2}, "geometry": {"type": "Point", "coordinates": [19.0621223, 47.598517900000004]}}, {"id": "1302", "type": "Feature", "properties": {"x": 5000787.073753041, "y": 2762459.5826865654, "bearings": {"1302_1283_0": -107.71065339073596, "1302_1309_0": 70.99142757690454, "1302_1258_0": 162.34711092600574}, "angles": {"1302_1283_0": 89.94223568325833, "1302_1309_0": 178.70208096764048, "1302_1258_0": 91.3556833491012}, "adj_sorted": [[1302, 1283, 0], [1302, 1309, 0], [1302, 1258, 0]], "type": "T", "n_corners": 2}, "geometry": {"type": "Point", "coordinates": [19.059781280118173, 47.60051619488814]}}, {"id": "1422", "type": "Feature", "properties": {"x": 5001070.663943764, "y": 2762234.5977031896, "bearings": {"1422_1395_0": 163.3266818049527, "1422_1446_0": -18.755742011209993, "1422_1443_0": 73.1286793433782}, "angles": {"1422_1446_0": 177.9175761838373, "1422_1443_0": 91.88442135458818, "1422_1395_0": 90.1980024615745}, "adj_sorted": [[1422, 1446, 0], [1422, 1443, 0], [1422, 1395, 0]], "type": "T", "n_corners": 2}, "geometry": {"type": "Point", "coordinates": [19.063172499999993, 47.59819670000002]}}, {"id": "1258", "type": "Feature", "properties": {"x": 5000712.778681086, "y": 2762482.443936884, "bearings": {"1258_1302_0": -17.771050725351593, "1258_1209_0": 162.83195609884325, "1258_1271_0": 71.63756224219252, "1258_1210_0": -107.90060076280675}, "angles": {"1258_1210_0": 89.26744313835002, "1258_1302_0": 90.12955003745515, "1258_1271_0": 89.40861296754412, "1258_1209_0": 91.19439385665073}, "adj_sorted": [[1258, 1210, 0], [1258, 1302, 0], [1258, 1271, 0], [1258, 1209, 0]], "type": "X", "n_corners": 4}, "geometry": {"type": "Point", "coordinates": [19.05883589999999, 47.60080189999997]}}, {"id": "1209", "type": "Feature", "properties": {"x": 5000636.527233208, "y": 2762505.960972812, "bearings": {"1209_1258_0": -16.83432063519839, "1209_1180_0": -108.08451177318702, "1209_1226_0": 72.74023975306453}, "angles": {"1209_1180_0": 179.17524847374847, "1209_1258_0": 91.25019113798862, "1209_1226_0": 89.57456038826292}, "adj_sorted": [[1209, 1180, 0], [1209, 1258, 0], [1209, 1226, 0]], "type": "T", "n_corners": 2}, "geometry": {"type": "Point", "coordinates": [19.057865699999994, 47.601095599999994]}}, {"id": "1309", "type": "Feature", "properties": {"x": 5000815.603229626, "y": 2762542.3980494253, "bearings": {"1309_1302_0": -109.00857242309546, "1309_1301_0": 117.91963140092982, "1309_1332_0": -16.794942822136598}, "angles": {"1309_1302_0": 133.07179617597473, "1309_1332_0": 92.21362960095885, "1309_1301_0": 134.71457422306642}, "adj_sorted": [[1309, 1302, 0], [1309, 1332, 0], [1309, 1301, 0]], "type": "Y", "n_corners": 3}, "geometry": {"type": "Point", "coordinates": [19.06028877025396, 47.601223759664606]}}, {"id": "1301", "type": "Feature", "properties": {"x": 5000784.716046456, "y": 2762562.6566835083, "bearings": {"1301_1309_0": -18.064107165902808, "1301_1290_0": 163.46371035810176, "1301_1305_0": 71.69746512015529}, "angles": {"1301_1309_0": 178.47218247599542, "1301_1305_0": 89.7615722860581, "1301_1290_0": 91.76624523794648}, "adj_sorted": [[1301, 1309, 0], [1301, 1305, 0], [1301, 1290, 0]], "type": "T", "n_corners": 2}, "geometry": {"type": "Point", "coordinates": [19.059912699999998, 47.60143850000001]}}, {"id": "1290", "type": "Feature", "properties": {"x": 5000765.511657838, "y": 2762568.35843501, "bearings": {"1290_1301_0": -16.535759274144656, "1290_1226_0": 163.18900126483206, "1290_1305_0": 74.2017828298579}, "angles": {"1290_1301_0": 180.2752394610233, "1290_1305_0": 90.73754210400256, "1290_1226_0": 88.98721843497415}, "adj_sorted": [[1290, 1301, 0], [1290, 1305, 0], [1290, 1226, 0]], "type": "T", "n_corners": 2}, "geometry": {"type": "Point", "coordinates": [19.059668000000002, 47.601510500000025]}}, {"id": "1305", "type": "Feature", "properties": {"x": 5000793.35235773, "y": 2762661.190534955, "bearings": {"1305_1301_0": -16.685946154685073, "1305_1290_0": -106.74364284107449, "1305_1312_0": 72.61653689729555}, "angles": {"1305_1290_0": 180.63982026162995, "1305_1301_0": 90.05769668638942, "1305_1312_0": 89.30248305198062}, "adj_sorted": [[1305, 1290, 0], [1305, 1301, 0], [1305, 1312, 0]], "type": "T", "n_corners": 2}, "geometry": {"type": "Point", "coordinates": [19.0601822, 47.60230820000002]}}, {"id": "1332", "type": "Feature", "properties": {"x": 5000860.75846398, "y": 2762528.769229183, "bearings": {"1332_1309_0": 163.2050571778634, "1332_1393_0": -107.76367125817033, "1332_1425_0": -18.174544178086133}, "angles": {"1332_1393_0": 89.03127156396624, "1332_1425_0": 89.5891270800842, "1332_1309_0": 181.37960135594955}, "adj_sorted": [[1332, 1393, 0], [1332, 1425, 0], [1332, 1309, 0]], "type": "T", "n_corners": 2}, "geometry": {"type": "Point", "coordinates": [19.060863776055363, 47.60105247855454]}}, {"id": "1425", "type": "Feature", "properties": {"x": 5001083.593376244, "y": 2762448.6484907037, "bearings": {"1425_1332_0": 163.6328539526788, "1425_1442_0": 71.4988148503051, "1425_1480_0": -16.316291576930855}, "angles": {"1425_1480_0": 180.05085447039033, "1425_1442_0": 87.81510642723595, "1425_1332_0": 92.1340391023737}, "adj_sorted": [[1425, 1480, 0], [1425, 1442, 0], [1425, 1332, 0]], "type": "T", "n_corners": 2}, "geometry": {"type": "Point", "coordinates": [19.063680999999992, 47.60009240000003]}}, {"id": "1442", "type": "Feature", "properties": {"x": 5001118.032864397, "y": 2762557.123866047, "bearings": {"1442_1425_0": -107.00170729633093, "1442_1441_0": 70.8073536486781, "1442_1428_0": 162.02282730697493}, "angles": {"1442_1425_0": 90.97546539669412, "1442_1441_0": 177.80906094500904, "1442_1428_0": 91.21547365829683}, "adj_sorted": [[1442, 1425, 0], [1442, 1441, 0], [1442, 1428, 0]], "type": "T", "n_corners": 2}, "geometry": {"type": "Point", "coordinates": [19.0643071, 47.60102239999999]}}, {"id": "1480", "type": "Feature", "properties": {"x": 5001192.822595991, "y": 2762411.3964302335, "bearings": {"1480_1425_0": 161.0797898253347, "1480_1446_0": -104.79248587834454, "1480_1481_0": 75.4852846217752}, "angles": {"1480_1446_0": 94.12772429632076, "1480_1481_0": 180.27777050011974, "1480_1425_0": 85.5945052035595}, "adj_sorted": [[1480, 1446, 0], [1480, 1481, 0], [1480, 1425, 0]], "type": "T", "n_corners": 2}, "geometry": {"type": "Point", "coordinates": [19.065065099999995, 47.599639800000006]}}, {"id": "1494", "type": "Feature", "properties": {"x": 5001234.063475416, "y": 2759180.041756591, "bearings": {"1494_1522_0": -0.15261670758761045, "1494_1492_0": 90.48147393952974, "1494_1464_0": 179.51589894974546, "1494_1495_0": -88.15943228955098}, "angles": {"1494_1495_0": 92.32466876070356, "1494_1522_0": 88.00681558196337, "1494_1492_0": 90.63409064711735, "1494_1464_0": 89.03442501021573}, "adj_sorted": [[1494, 1495, 0], [1494, 1522, 0], [1494, 1492, 0], [1494, 1464, 0]], "type": "X", "n_corners": 4}, "geometry": {"type": "Point", "coordinates": [19.060514100000006, 47.57076150000004]}}, {"id": "1522", "type": "Feature", "properties": {"x": 5001323.361124539, "y": 2759180.717545998, "bearings": {"1522_1525_0": -87.31938542841024, "1522_1494_0": -177.4321856704416, "1522_1520_0": 93.66470924837785, "1522_1518_0": -132.3776910329935, "1522_1562_0": 0.9738650085950232}, "angles": {"1522_1494_0": 88.90310508118057, "1522_1518_0": 45.0544946374481, "1522_1525_0": 45.05830560458327, "1522_1562_0": 88.29325043700527, "1522_1520_0": 92.69084423978282}, "adj_sorted": [[1522, 1494, 0], [1522, 1518, 0], [1522, 1525, 0], [1522, 1562, 0], [1522, 1520, 0]], "type": "other", "n_corners": 5}, "geometry": {"type": "Point", "coordinates": [19.061694099999997, 47.57066929999999]}}, {"id": "1492", "type": "Feature", "properties": {"x": 5001232.664249217, "y": 2759367.598343886, "bearings": {"1492_1494_0": -91.9472564033081, "1492_1520_0": 2.470243681243351, "1492_1458_0": -179.55895211204546}, "angles": {"1492_1458_0": 177.9708042067112, "1492_1494_0": 87.61169570873736, "1492_1520_0": 94.41750008455145}, "adj_sorted": [[1492, 1458, 0], [1492, 1494, 0], [1492, 1520, 0]], "type": "T", "n_corners": 2}, "geometry": {"type": "Point", "coordinates": [19.060791199999997, 47.57243659999999]}}, {"id": "1464", "type": "Feature", "properties": {"x": 5001148.361165952, "y": 2759180.785553975, "bearings": {"1464_1494_0": -0.48521942642913163, "1464_1417_0": -179.89847840612126, "1464_1461_0": -89.08851733950483, "1464_1458_0": 88.91942387883147}, "angles": {"1464_1417_0": 91.18209771504729, "1464_1461_0": 90.80996106661642, "1464_1494_0": 88.6032979130757, "1464_1458_0": 89.40464330526059}, "adj_sorted": [[1464, 1417, 0], [1464, 1461, 0], [1464, 1494, 0], [1464, 1458, 0]], "type": "X", "n_corners": 4}, "geometry": {"type": "Point", "coordinates": [19.059383800000003, 47.57086239999999]}}, {"id": "1495", "type": "Feature", "properties": {"x": 5001234.320722856, "y": 2759101.1648040283, "bearings": {"1495_1494_0": 90.0138533206736, "1495_1518_0": -0.3587456882174307, "1495_1493_0": -90.90750185935445, "1495_1469_0": 179.65472877250556}, "angles": {"1495_1493_0": 89.43776936813998, "1495_1518_0": 90.54875617113703, "1495_1494_0": 90.37259900889103, "1495_1469_0": 89.64087545183196}, "adj_sorted": [[1495, 1493, 0], [1495, 1518, 0], [1495, 1494, 0], [1495, 1469, 0]], "type": "X", "n_corners": 4}, "geometry": {"type": "Point", "coordinates": [19.0603932, 47.570057400000074]}}, {"id": "1520", "type": "Feature", "properties": {"x": 5001318.872393001, "y": 2759371.0988312173, "bearings": {"1520_1522_0": -89.76264871568546, "1520_1492_0": -178.34078879401002, "1520_1519_0": 90.28303706456894}, "angles": {"1520_1492_0": 91.37617414142102, "1520_1522_0": 88.57814007832457, "1520_1519_0": 180.04568578025442}, "adj_sorted": [[1520, 1492, 0], [1520, 1522, 0], [1520, 1519, 0]], "type": "T", "n_corners": 2}, "geometry": {"type": "Point", "coordinates": [19.061934899999994, 47.572373000000006]}}, {"id": "1518", "type": "Feature", "properties": {"x": 5001318.322677805, "y": 2759083.1616788334, "bearings": {"1518_1522_0": 92.89452149837918, "1518_1495_0": -166.43613362925328, "1518_1493_0": -73.94671272544383}, "angles": {"1518_1495_0": 100.66934487236756, "1518_1493_0": 92.48942090380945, "1518_1522_0": 166.841234223823}, "adj_sorted": [[1518, 1495, 0], [1518, 1493, 0], [1518, 1522, 0]], "type": "T", "n_corners": 2}, "geometry": {"type": "Point", "coordinates": [19.06147383227672, 47.56980435599928]}}, {"id": "1562", "type": "Feature", "properties": {"x": 5001566.619592073, "y": 2759184.8704538024, "bearings": {"1562_1522_0": -179.0217968900017, "1562_1560_0": 8.965545918037026, "1562_1564_0": -89.53107218897361}, "angles": {"1562_1522_0": 172.01265719196127, "1562_1564_0": 89.49072470102809, "1562_1560_0": 98.49661810701063}, "adj_sorted": [[1562, 1522, 0], [1562, 1564, 0], [1562, 1560, 0]], "type": "T", "n_corners": 2}, "geometry": {"type": "Point", "coordinates": [19.064912199999995, 47.57043870000004]}}, {"id": "1493", "type": "Feature", "properties": {"x": 5001232.894569781, "y": 2759011.1311384384, "bearings": {"1493_1495_0": 89.09249814064555, "1493_1518_0": 0.02542526164778737, "1493_1484_0": -179.96959222627862}, "angles": {"1493_1484_0": 90.93790963307583, "1493_1518_0": 179.99501748792642, "1493_1495_0": 89.06707287899776}, "adj_sorted": [[1493, 1484, 0], [1493, 1518, 0], [1493, 1495, 0]], "type": "T", "n_corners": 2}, "geometry": {"type": "Point", "coordinates": [19.06023250000001, 47.569255600000034]}}, {"id": "1469", "type": "Feature", "properties": {"x": 5001158.006431132, "y": 2759092.083802942, "bearings": {"1469_1495_0": 44.67163985088979, "1469_1461_0": 130.11357959298917, "1469_1456_0": -135.32836014985435}, "angles": {"1469_1456_0": 94.55806025715651, "1469_1495_0": 180.00000000074414, "1469_1461_0": 85.44193974209938}, "adj_sorted": [[1469, 1456, 0], [1469, 1495, 0], [1469, 1461, 0]], "type": "T", "n_corners": 2}, "geometry": {"type": "Point", "coordinates": [19.05937137735224, 47.57006030687545]}}, {"id": "1484", "type": "Feature", "properties": {"x": 5001206.597107465, "y": 2759011.117181959, "bearings": {"1484_1493_0": 0.03040777372139671, "1484_1471_0": -179.95202947100503, "1484_1486_0": -89.6272983987691}, "angles": {"1484_1471_0": 180.01756275527356, "1484_1486_0": 90.32473107223593, "1484_1493_0": 89.65770617249049}, "adj_sorted": [[1484, 1471, 0], [1484, 1486, 0], [1484, 1493, 0]], "type": "T", "n_corners": 2}, "geometry": {"type": "Point", "coordinates": [19.059885299999994, 47.56928440000001]}}, {"id": "1563", "type": "Feature", "properties": {"x": 5001571.989456976, "y": 2759009.4913861062, "bearings": {"1563_1525_0": -178.04378085107336, "1563_1564_0": 90.4157251933619, "1563_1557_0": -89.86590342355042}, "angles": {"1563_1525_0": 91.54049395556473, "1563_1557_0": 88.17787742752294, "1563_1564_0": 180.28162861691231}, "adj_sorted": [[1563, 1525, 0], [1563, 1557, 0], [1563, 1564, 0]], "type": "T", "n_corners": 2}, "geometry": {"type": "Point", "coordinates": [19.064706600000004, 47.56886790000002]}}, {"id": "178", "type": "Feature", "properties": {"x": 4997938.4823540095, "y": 2756727.7470121295, "bearings": {"178_204_0": -143.50798422568616, "178_210_0": -51.114755586516665, "178_194_0": 32.54631562205216, "178_139_0": 130.23941006798984}, "angles": {"178_204_0": 86.252605706324, "178_210_0": 92.3932286391695, "178_194_0": 83.66107120856883, "178_139_0": 97.69309444593767}, "adj_sorted": [[178, 204, 0], [178, 210, 0], [178, 194, 0], [178, 139, 0]], "type": "X", "n_corners": 4}, "geometry": {"type": "Point", "coordinates": [19.0131577, 47.55249410000002]}}, {"id": "204", "type": "Feature", "properties": {"x": 4998092.2187209865, "y": 2756379.638528906, "bearings": {"204_178_0": -171.86960004613994, "204_230_0": -81.57268773774118, "204_219_0": 80.4889788742762}, "angles": {"204_178_0": 107.64142107958386, "204_230_0": 90.29691230839876, "204_219_0": 162.06166661201738}, "adj_sorted": [[204, 178, 0], [204, 230, 0], [204, 219, 0]], "type": "Y", "n_corners": 3}, "geometry": {"type": "Point", "coordinates": [19.014641300000005, 47.54921939999998]}}, {"id": "210", "type": "Feature", "properties": {"x": 4998118.207046835, "y": 2756587.1768407715, "bearings": {"210_178_0": -152.5363266237956, "210_194_0": 114.29323444627397, "210_214_0": -56.41498094660772}, "angles": {"210_178_0": 93.17043892993047, "210_214_0": 96.12134567718786, "210_194_0": 170.7082153928817}, "adj_sorted": [[210, 178, 0], [210, 214, 0], [210, 194, 0]], "type": "T", "n_corners": 2}, "geometry": {"type": "Point", "coordinates": [19.015309499999994, 47.55104300000006]}}, {"id": "194", "type": "Feature", "properties": {"x": 4998022.857236033, "y": 2756781.594397034, "bearings": {"194_178_0": -147.4647257214743, "194_210_0": -62.3007989374803, "194_191_0": 114.38419314020598}, "angles": {"194_178_0": 98.15108113831968, "194_210_0": 85.16392678399401, "194_191_0": 176.68499207768627}, "adj_sorted": [[194, 178, 0], [194, 210, 0], [194, 191, 0]], "type": "T", "n_corners": 2}, "geometry": {"type": "Point", "coordinates": [19.014355699999996, 47.55288230000003]}}, {"id": "139", "type": "Feature", "properties": {"x": 4997625.968409789, "y": 2757066.559190268, "bearings": {"139_178_0": -48.883478810848395, "139_147_0": 33.357137274496026, "139_135_0": -146.68600593598796}, "angles": {"139_135_0": 179.956856789516, "139_178_0": 97.80252712513956, "139_147_0": 82.24061608534441}, "adj_sorted": [[139, 135, 0], [139, 178, 0], [139, 147, 0]], "type": "T", "n_corners": 2}, "geometry": {"type": "Point", "coordinates": [19.009563600000003, 47.55585950000005]}}, {"id": "230", "type": "Feature", "properties": {"x": 4998228.959242019, "y": 2756262.1952228784, "bearings": {"230_204_0": 179.9459914727796, "230_248_0": -17.66027600396839, "230_224_0": 105.39949377344546}, "angles": {"230_248_0": 162.393732523252, "230_224_0": 123.05976977741385, "230_204_0": 74.54649769933415}, "adj_sorted": [[230, 248, 0], [230, 224, 0], [230, 204, 0]], "type": "Y", "n_corners": 3}, "geometry": {"type": "Point", "coordinates": [19.0162619, 47.54802170000003]}}, {"id": "219", "type": "Feature", "properties": {"x": 4998172.73914456, "y": 2756433.9561244473, "bearings": {"219_204_0": -120.39158241231465, "219_225_0": 67.85975936868532, "219_223_0": -66.02515102014563}, "angles": {"219_204_0": 171.74865821900005, "219_223_0": 54.36643139216902, "219_225_0": 133.88491038883095}, "adj_sorted": [[219, 204, 0], [219, 223, 0], [219, 225, 0]], "type": "Y", "n_corners": 2}, "geometry": {"type": "Point", "coordinates": [19.015789099999996, 47.549616000000015]}}, {"id": "147", "type": "Feature", "properties": {"x": 4997724.061289845, "y": 2757134.6904822052, "bearings": {"147_139_0": -142.87964142036608, "147_164_0": -52.06193018936324, "147_143_0": 125.45748174822569}, "angles": {"147_139_0": 91.6628768314082, "147_164_0": 90.81771123100285, "147_143_0": 177.51941193758893}, "adj_sorted": [[147, 139, 0], [147, 164, 0], [147, 143, 0]], "type": "T", "n_corners": 2}, "geometry": {"type": "Point", "coordinates": [19.010965099999993, 47.55636020000007]}}, {"id": "135", "type": "Feature", "properties": {"x": 4997598.697255604, "y": 2757050.9576316904, "bearings": {"135_139_0": 25.681991114892597, "135_126_0": -151.274533476359, "135_84_0": 138.33252921141306}, "angles": {"135_126_0": 70.3929373122279, "135_139_0": 176.9565245912516, "135_84_0": 112.65053809652046}, "adj_sorted": [[135, 126, 0], [135, 139, 0], [135, 84, 0]], "type": "T", "n_corners": 2}, "geometry": {"type": "Point", "coordinates": [19.00917919999999, 47.55575010000001]}}, {"id": "199", "type": "Feature", "properties": {"x": 4998054.783885565, "y": 2758175.6811326323, "bearings": {"199_231_0": -12.764131520072118, "199_158_0": 143.82947861454244, "199_148_0": -130.02862164787223}, "angles": {"199_148_0": 86.14189973758533, "199_231_0": 117.26449012780012, "199_158_0": 156.59361013461455}, "adj_sorted": [[199, 148, 0], [199, 231, 0], [199, 158, 0]], "type": "Y", "n_corners": 3}, "geometry": {"type": "Point", "coordinates": [19.016962399999997, 47.56528790000003]}}, {"id": "231", "type": "Feature", "properties": {"x": 4998237.841522453, "y": 2758152.1025524233, "bearings": {"231_199_0": -115.8585084984613, "231_170_0": 154.14149150159085, "231_258_0": -25.858508499255024}, "angles": {"231_199_0": 89.99999999994782, "231_258_0": 89.99999999920628, "231_170_0": 180.0000000008459}, "adj_sorted": [[231, 199, 0], [231, 258, 0], [231, 170, 0]], "type": "T", "n_corners": 2}, "geometry": {"type": "Point", "coordinates": [19.0193420819581, 47.56487707738519]}}, {"id": "158", "type": "Feature", "properties": {"x": 4997844.920938351, "y": 2758297.1772005004, "bearings": {"158_199_0": -93.88628360179248, "158_170_0": -16.57275347241046, "158_153_0": -178.8961955902641}, "angles": {"158_153_0": 197.67655788214634, "158_199_0": 85.00991198847163, "158_170_0": 77.31353012938203}, "adj_sorted": [[158, 153, 0], [158, 199, 0], [158, 170, 0]], "type": "other", "n_corners": 3}, "geometry": {"type": "Point", "coordinates": [19.0143823, 47.56660180000007]}}, {"id": "170", "type": "Feature", "properties": {"x": 4997909.933904963, "y": 2758290.7954857075, "bearings": {"170_231_0": 6.992236786049511, "170_158_0": -171.67799579217595, "170_181_0": 70.0262187242082}, "angles": {"170_158_0": 118.29578548361584, "170_231_0": 178.67023257822547, "170_181_0": 63.033981938158696}, "adj_sorted": [[170, 158, 0], [170, 231, 0], [170, 181, 0]], "type": "T", "n_corners": 2}, "geometry": {"type": "Point", "coordinates": [19.015230599999995, 47.566473699999996]}}, {"id": "258", "type": "Feature", "properties": {"x": 4998401.481568909, "y": 2758151.0965430983, "bearings": {"258_231_0": -163.67108466098102, "258_283_0": 13.693647457849744, "258_237_0": 126.3611971611268}, "angles": {"258_231_0": 69.96771817789215, "258_283_0": 177.36473211883077, "258_237_0": 112.66754970327705}, "adj_sorted": [[258, 231, 0], [258, 283, 0], [258, 237, 0]], "type": "T", "n_corners": 2}, "geometry": {"type": "Point", "coordinates": [19.02150079999999, 47.564688900000014]}}, {"id": "181", "type": "Feature", "properties": {"x": 4997943.350275007, "y": 2758368.6297596376, "bearings": {"181_170_0": -115.67853291374705, "181_156_0": 152.9105067978141, "181_200_0": -25.293724988292862}, "angles": {"181_170_0": 91.41096028843884, "181_200_0": 90.38480792545418, "181_156_0": 178.20423178610696}, "adj_sorted": [[181, 170, 0], [181, 200, 0], [181, 156, 0]], "type": "T", "n_corners": 2}, "geometry": {"type": "Point", "coordinates": [19.015793799999994, 47.567131700000026]}}, {"id": "283", "type": "Feature", "properties": {"x": 4998475.793304102, "y": 2758172.051186299, "bearings": {"283_276_0": 112.26342388048467, "283_258_0": -164.16714303951224, "283_295_0": -67.42222999149274}, "angles": {"283_258_0": 83.56943308000308, "283_295_0": 96.7449130480195, "283_276_0": 179.68565387197742}, "adj_sorted": [[283, 258, 0], [283, 295, 0], [283, 276, 0]], "type": "T", "n_corners": 2}, "geometry": {"type": "Point", "coordinates": [19.022514699999995, 47.56479450000004]}}, {"id": "237", "type": "Feature", "properties": {"x": 4998267.667860932, "y": 2758301.1980268904, "bearings": {"237_258_0": -34.019128443932324, "237_175_0": 149.89090996292245, "237_245_0": 46.11516770867781}, "angles": {"237_258_0": 176.08996159314523, "237_245_0": 80.13429615261013, "237_175_0": 103.77574225424465}, "adj_sorted": [[237, 258, 0], [237, 245, 0], [237, 175, 0]], "type": "T", "n_corners": 2}, "geometry": {"type": "Point", "coordinates": [19.019969699999997, 47.566174900000014]}}, {"id": "295", "type": "Feature", "properties": {"x": 4998519.543115771, "y": 2758071.3773312047, "bearings": {"295_283_0": 114.07208051604232, "295_316_0": -67.10585071573622, "295_272_0": -153.69371690514433}, "angles": {"295_272_0": 92.23420257881332, "295_316_0": 86.5878661894081, "295_283_0": 181.17793123177853}, "adj_sorted": [[295, 272, 0], [295, 316, 0], [295, 283, 0]], "type": "T", "n_corners": 2}, "geometry": {"type": "Point", "coordinates": [19.022934299999992, 47.56384820000002]}}, {"id": "222", "type": "Feature", "properties": {"x": 4998197.789826923, "y": 2758611.5612419993, "bearings": {"222_276_0": -52.58530436554444, "222_207_0": -134.3261733478707, "222_193_0": 126.97764232747895}, "angles": {"222_207_0": 98.69618432465035, "222_276_0": 81.74086898232628, "222_193_0": 179.56294669302338}, "adj_sorted": [[222, 207, 0], [222, 276, 0], [222, 193, 0]], "type": "T", "n_corners": 2}, "geometry": {"type": "Point", "coordinates": [19.019533999999997, 47.56902100000001]}}, {"id": "227", "type": "Feature", "properties": {"x": 4998224.951365304, "y": 2757361.728069906, "bearings": {"227_287_0": 1.162503888844639, "227_278_0": 86.8540975252381, "227_202_0": -172.95329065466797}, "angles": {"227_202_0": 100.19261182009393, "227_287_0": 174.1157945435126, "227_278_0": 85.69159363639346}, "adj_sorted": [[227, 202, 0], [227, 287, 0], [227, 278, 0]], "type": "T", "n_corners": 2}, "geometry": {"type": "Point", "coordinates": [19.0179325, 47.55783810000001]}}, {"id": "287", "type": "Feature", "properties": {"x": 4998483.77033128, "y": 2757273.715213755, "bearings": {"287_227_0": 160.0275240101979, "287_327_0": 68.12332625788646, "287_306_0": -37.16352960827081}, "angles": {"287_306_0": 162.80894638153129, "287_327_0": 105.28685586615727, "287_227_0": 91.90419775231145}, "adj_sorted": [[287, 306, 0], [287, 327, 0], [287, 227, 0]], "type": "Y", "n_corners": 3}, "geometry": {"type": "Point", "coordinates": [19.02121079999999, 47.55676930000004]}}, {"id": "278", "type": "Feature", "properties": {"x": 4998455.564458028, "y": 2757651.9898168147, "bearings": {"278_227_0": -134.04650414880135, "278_262_0": 178.89440038709336, "278_296_0": -5.772046823408943}, "angles": {"278_227_0": 47.059095464105326, "278_296_0": 128.2744573253924, "278_262_0": 184.6664472105023}, "adj_sorted": [[278, 227, 0], [278, 296, 0], [278, 262, 0]], "type": "Y", "n_corners": 2}, "geometry": {"type": "Point", "coordinates": [19.02143179999999, 47.56017580000007]}}, {"id": "202", "type": "Feature", "properties": {"x": 4998065.656237787, "y": 2757319.9218545747, "bearings": {"202_227_0": 45.416593229784645, "202_211_0": -35.4431613209844, "202_157_0": 150.56961863175547, "202_177_0": -142.7780189174493}, "angles": {"202_177_0": 66.65236245079524, "202_211_0": 107.33485759646489, "202_227_0": 80.85975455076905, "202_157_0": 105.15302540197084}, "adj_sorted": [[202, 177, 0], [202, 211, 0], [202, 227, 0], [202, 157, 0]], "type": "X", "n_corners": 4}, "geometry": {"type": "Point", "coordinates": [19.015764299999994, 47.557639400000056]}}, {"id": "327", "type": "Feature", "properties": {"x": 4998652.477054555, "y": 2757115.53866531, "bearings": {"327_287_0": 38.779409163382816, "327_306_0": 136.28032527193835, "327_325_0": -74.35883119261649}, "angles": {"327_325_0": 149.36084353544516, "327_287_0": 113.1382403559993, "327_306_0": 97.50091610855554}, "adj_sorted": [[327, 325, 0], [327, 287, 0], [327, 306, 0]], "type": "Y", "n_corners": 3}, "geometry": {"type": "Point", "coordinates": [19.02318949999999, 47.55517300000003]}}, {"id": "306", "type": "Feature", "properties": {"x": 4998567.752126902, "y": 2757185.5991363674, "bearings": {"306_287_0": 136.71502977168583, "306_327_0": -39.47879405372466, "306_269_0": -136.90001085425587}, "angles": {"306_269_0": 86.38495937405833, "306_327_0": 97.4212168005312, "306_287_0": 176.1938238254105}, "adj_sorted": [[306, 269, 0], [306, 327, 0], [306, 287, 0]], "type": "T", "n_corners": 2}, "geometry": {"type": "Point", "coordinates": [19.022181099999997, 47.55589100000003]}}, {"id": "325", "type": "Feature", "properties": {"x": 4998650.493873696, "y": 2757098.1834684256, "bearings": {"325_327_0": 72.01353843133525, "325_342_0": -58.24308108491151, "325_271_0": -175.7578677359681}, "angles": {"325_271_0": 112.22859383269667, "325_342_0": 117.51478665105658, "325_327_0": 130.25661951624676}, "adj_sorted": [[325, 271, 0], [325, 342, 0], [325, 327, 0]], "type": "Y", "n_corners": 3}, "geometry": {"type": "Point", "coordinates": [19.0231361, 47.55502030000001]}}, {"id": "247", "type": "Feature", "properties": {"x": 4998325.900073455, "y": 2754838.072431993, "bearings": {"247_307_0": -72.78935008975184, "247_221_0": 106.51646236299436, "247_249_0": 22.072211496699754}, "angles": {"247_307_0": 180.69418754725382, "247_249_0": 94.86156158645159, "247_221_0": 84.44425086629461}, "adj_sorted": [[247, 307, 0], [247, 249, 0], [247, 221, 0]], "type": "T", "n_corners": 2}, "geometry": {"type": "Point", "coordinates": [19.015309899999995, 47.535206900000034]}}, {"id": "307", "type": "Feature", "properties": {"x": 4998570.74111814, "y": 2754549.811606301, "bearings": {"307_247_0": 154.91658232231526, "307_432_0": 79.98238749166487, "307_301_0": -165.17925335395128, "307_319_0": -21.137148044044743}, "angles": {"307_301_0": 39.904164323733426, "307_319_0": 144.04210530990653, "307_432_0": 101.11953553570962, "307_247_0": 74.9341948306504}, "adj_sorted": [[307, 301, 0], [307, 319, 0], [307, 432, 0], [307, 247, 0]], "type": "other", "n_corners": 4}, "geometry": {"type": "Point", "coordinates": [19.0180887, 47.53236650000002]}}, {"id": "221", "type": "Feature", "properties": {"x": 4998185.382585514, "y": 2755071.0117068114, "bearings": {"221_247_0": -40.86808429954778, "221_172_0": 136.8978072347839, "221_238_0": 81.32105785413256}, "angles": {"221_247_0": 182.23410846566833, "221_238_0": 122.18914215368034, "221_172_0": 55.576749380651336}, "adj_sorted": [[221, 247, 0], [221, 238, 0], [221, 172, 0]], "type": "Y", "n_corners": 2}, "geometry": {"type": "Point", "coordinates": [19.013820699999997, 47.53743940000004]}}, {"id": "432", "type": "Feature", "properties": {"x": 4999094.417287647, "y": 2754648.5015833434, "bearings": {"432_307_0": -146.27301464105514, "432_441_0": 39.42343100294069, "432_466_0": -65.51608420019299}, "angles": {"432_307_0": 174.30355435600416, "432_466_0": 80.75693044086215, "432_441_0": 104.93951520313368}, "adj_sorted": [[432, 307, 0], [432, 466, 0], [432, 441, 0]], "type": "T", "n_corners": 2}, "geometry": {"type": "Point", "coordinates": [19.0251524, 47.532673700000046]}}, {"id": "301", "type": "Feature", "properties": {"x": 4998550.704868944, "y": 2754374.873148644, "bearings": {"301_307_0": 102.56132795868416, "301_361_0": -77.4346140201097, "301_323_0": 16.836728338694854}, "angles": {"301_361_0": 180.00405802120613, "301_323_0": 94.27134235880456, "301_307_0": 85.7245996199893}, "adj_sorted": [[301, 361, 0], [301, 323, 0], [301, 307, 0]], "type": "T", "n_corners": 2}, "geometry": {"type": "Point", "coordinates": [19.0175503, 47.53082730000003]}}, {"id": "319", "type": "Feature", "properties": {"x": 4998606.276101307, "y": 2754536.07332112, "bearings": {"319_307_0": 158.86285195595528, "319_355_0": -22.447559764091995, "319_323_0": -109.53999820913354}, "angles": {"319_323_0": 91.59714983491119, "319_355_0": 87.09243844504155, "319_307_0": 181.31041172004728}, "adj_sorted": [[319, 323, 0], [319, 355, 0], [319, 307, 0]], "type": "T", "n_corners": 2}, "geometry": {"type": "Point", "coordinates": [19.018536, 47.53220500000003]}}, {"id": "269", "type": "Feature", "properties": {"x": 4998426.143278334, "y": 2757038.5660913084, "bearings": {"269_306_0": 42.52569667664844, "269_271_0": -48.91697917390257, "269_233_0": 132.15005451638217}, "angles": {"269_271_0": 178.93296630971525, "269_306_0": 91.44267585055101, "269_233_0": 89.62435783973373}, "adj_sorted": [[269, 271, 0], [269, 306, 0], [269, 233, 0]], "type": "T", "n_corners": 2}, "geometry": {"type": "Point", "coordinates": [19.020081399999995, 47.55473400000004]}}, {"id": "361", "type": "Feature", "properties": {"x": 4998815.489562125, "y": 2754302.079146115, "bearings": {"361_301_0": -162.16505452721532, "361_389_0": 17.574229432469657, "361_358_0": 103.0938872827811}, "angles": {"361_301_0": 94.74105819000357, "361_389_0": 179.73928395968497, "361_358_0": 85.51965785031143}, "adj_sorted": [[361, 301, 0], [361, 389, 0], [361, 358, 0]], "type": "T", "n_corners": 2}, "geometry": {"type": "Point", "coordinates": [19.020929500000005, 47.52988780000005]}}, {"id": "323", "type": "Feature", "properties": {"x": 4998627.985659396, "y": 2754398.2596604447, "bearings": {"323_301_0": -163.16327166130517, "323_319_0": 102.40558137114117, "323_354_0": 15.244443942636714}, "angles": {"323_301_0": 94.43114696755367, "323_354_0": 178.40771560394188, "323_319_0": 87.16113742850445}, "adj_sorted": [[323, 301, 0], [323, 354, 0], [323, 319, 0]], "type": "T", "n_corners": 2}, "geometry": {"type": "Point", "coordinates": [19.018606499999997, 47.530951399999985]}}, {"id": "279", "type": "Feature", "properties": {"x": 4998456.273418319, "y": 2757765.0458316603, "bearings": {"279_316_0": 46.8703703154151, "279_262_0": -128.8787999454457, "279_239_0": 141.40614891074998}, "angles": {"279_262_0": 89.71505114380432, "279_316_0": 175.7491702608608, "279_239_0": 94.53577859533488}, "adj_sorted": [[279, 262, 0], [279, 316, 0], [279, 239, 0]], "type": "T", "n_corners": 2}, "geometry": {"type": "Point", "coordinates": [19.021618499999995, 47.56118390000002]}}, {"id": "316", "type": "Feature", "properties": {"x": 4998596.79688014, "y": 2757885.919111676, "bearings": {"316_295_0": 113.55619446728767, "316_279_0": -156.4438055352683, "316_343_0": -66.44380561258782}, "angles": {"316_279_0": 89.99999999744404, "316_343_0": 89.99999992268047, "316_295_0": 180.0000000798755}, "adj_sorted": [[316, 279, 0], [316, 343, 0], [316, 295, 0]], "type": "T", "n_corners": 2}, "geometry": {"type": "Point", "coordinates": [19.023663137514397, 47.56210861067049]}}, {"id": "262", "type": "Feature", "properties": {"x": 4998410.1676740525, "y": 2757652.46981288, "bearings": {"262_278_0": -0.1285624435813386, "262_279_0": 99.12895139302915, "262_203_0": -175.47392343182975}, "angles": {"262_203_0": 85.39712517514113, "262_278_0": 175.34536098824842, "262_279_0": 99.2575138366105}, "adj_sorted": [[262, 203, 0], [262, 278, 0], [262, 279, 0]], "type": "T", "n_corners": 2}, "geometry": {"type": "Point", "coordinates": [19.020833299999996, 47.56022980000003]}}, {"id": "343", "type": "Feature", "properties": {"x": 4998725.737143266, "y": 2757597.1522651203, "bearings": {"343_316_0": 112.6948985914989, "343_365_0": -68.03736090348075, "343_296_0": -178.5072583740203, "343_374_0": 25.912253550586453}, "angles": {"343_296_0": 68.79784303448082, "343_365_0": 110.46989747053955, "343_374_0": 93.9496144540672, "343_316_0": 86.78264504091244}, "adj_sorted": [[343, 296, 0], [343, 365, 0], [343, 374, 0], [343, 316, 0]], "type": "other", "n_corners": 4}, "geometry": {"type": "Point", "coordinates": [19.024912099999998, 47.55939050000003]}}, {"id": "365", "type": "Feature", "properties": {"x": 4998841.190950714, "y": 2757351.7295218976, "bearings": {"365_343_0": 121.13302648044973, "365_392_0": -58.866973522693606, "365_376_0": 22.650744435353534}, "angles": {"365_392_0": 179.99999999685667, "365_376_0": 81.51771795804714, "365_343_0": 98.4822820450962}, "adj_sorted": [[365, 392, 0], [365, 376, 0], [365, 343, 0]], "type": "T", "n_corners": 2}, "geometry": {"type": "Point", "coordinates": [19.02605094896324, 47.55707393753934]}}, {"id": "296", "type": "Feature", "properties": {"x": 4998524.148746217, "y": 2757637.625431466, "bearings": {"296_278_0": 162.55919878385066, "296_343_0": -21.300633517521977, "296_281_0": -118.60067668741107}, "angles": {"296_281_0": 78.84012452873827, "296_343_0": 97.3000431698891, "296_278_0": 183.85983230137265}, "adj_sorted": [[296, 281, 0], [296, 343, 0], [296, 278, 0]], "type": "T", "n_corners": 2}, "geometry": {"type": "Point", "coordinates": [19.022314600000005, 47.5599725]}}, {"id": "374", "type": "Feature", "properties": {"x": 4998885.894218705, "y": 2757678.082695817, "bearings": {"374_343_0": -153.12300252809933, "374_372_0": 113.29934493565773, "374_421_0": 26.244847091591314, "374_384_0": -65.27153903954485}, "angles": {"374_343_0": 93.57765253624291, "374_384_0": 87.85146348855449, "374_421_0": 91.51638613113616, "374_372_0": 87.05449784406642}, "adj_sorted": [[374, 343, 0], [374, 384, 0], [374, 421, 0], [374, 372, 0]], "type": "X", "n_corners": 4}, "geometry": {"type": "Point", "coordinates": [19.027153199999994, 47.55993719999998]}}, {"id": "355", "type": "Feature", "properties": {"x": 4998786.239770268, "y": 2754463.5688849413, "bearings": {"355_319_0": 173.11479552270023, "355_427_0": -6.885204477905078, "355_354_0": -96.88520447755785}, "angles": {"355_354_0": 89.99999999974193, "355_427_0": 89.99999999965277, "355_319_0": 180.00000000060533}, "adj_sorted": [[355, 354, 0], [355, 427, 0], [355, 319, 0]], "type": "T", "n_corners": 2}, "geometry": {"type": "Point", "coordinates": [19.020796679865196, 47.531360939855126]}}, {"id": "427", "type": "Feature", "properties": {"x": 4999083.90373956, "y": 2754483.311643498, "bearings": {"427_355_0": 170.85347205291762, "427_424_0": -116.94714223603688, "427_467_0": -8.940967491439121}, "angles": {"427_424_0": 72.19938571104547, "427_467_0": 108.00617474459776, "427_355_0": 179.79443954435675}, "adj_sorted": [[427, 424, 0], [427, 467, 0], [427, 355, 0]], "type": "T", "n_corners": 2}, "geometry": {"type": "Point", "coordinates": [19.0247547, 47.531211100000014]}}, {"id": "354", "type": "Feature", "properties": {"x": 4998783.4702852825, "y": 2754440.6334370314, "bearings": {"354_323_0": -164.7555560573633, "354_355_0": 83.11479552244217, "354_358_0": -77.06855425007838}, "angles": {"354_323_0": 112.12964842019454, "354_358_0": 87.68700180728491, "354_355_0": 160.18334977252056}, "adj_sorted": [[354, 323, 0], [354, 358, 0], [354, 355, 0]], "type": "Y", "n_corners": 3}, "geometry": {"type": "Point", "coordinates": [19.020724199999997, 47.53115930000001]}}, {"id": "392", "type": "Feature", "properties": {"x": 4998946.141158946, "y": 2757154.7543292153, "bearings": {"392_413_0": -67.8382872999629, "392_365_0": 115.7779447692073, "392_411_0": -29.633156233338227}, "angles": {"392_413_0": 176.3837679308298, "392_411_0": 38.20513106662467, "392_365_0": 145.41110100254554}, "adj_sorted": [[392, 413, 0], [392, 411, 0], [392, 365, 0]], "type": "Y", "n_corners": 2}, "geometry": {"type": "Point", "coordinates": [19.027127100000005, 47.555201200000035]}}, {"id": "376", "type": "Feature", "properties": {"x": 4998898.196211694, "y": 2757353.4584382987, "bearings": {"376_365_0": 167.36013119594128, "376_387_0": -13.531058494380561, "376_367_0": 120.65503497246597}, "angles": {"376_387_0": 179.10881030967815, "376_367_0": 134.18609346684653, "376_365_0": 46.70509622347531}, "adj_sorted": [[376, 387, 0], [376, 367, 0], [376, 365, 0]], "type": "Y", "n_corners": 2}, "geometry": {"type": "Point", "coordinates": [19.0268061, 47.5570269]}}, {"id": "424", "type": "Feature", "properties": {"x": 4999079.079837169, "y": 2754476.95956421, "bearings": {"424_427_0": 44.35977360673248, "424_467_0": -32.94042691128684, "424_389_0": -143.13365092549952}, "angles": {"424_389_0": 172.506575467768, "424_467_0": 110.19322401421269, "424_427_0": 77.30020051801932}, "adj_sorted": [[424, 389, 0], [424, 467, 0], [424, 427, 0]], "type": "T", "n_corners": 2}, "geometry": {"type": "Point", "coordinates": [19.024681099999988, 47.53115970000002]}}, {"id": "467", "type": "Feature", "properties": {"x": 4999240.169761508, "y": 2754449.0669979816, "bearings": {"467_427_0": 158.26063172345957, "467_424_0": -127.5707940491081, "467_480_0": -21.716859466216775}, "angles": {"467_424_0": 74.16857422743232, "467_480_0": 105.85393458289133, "467_427_0": 179.97749118967636}, "adj_sorted": [[467, 424, 0], [467, 480, 0], [467, 427, 0]], "type": "T", "n_corners": 2}, "geometry": {"type": "Point", "coordinates": [19.026762599999994, 47.53073430000005]}}, {"id": "411", "type": "Feature", "properties": {"x": 4999036.728474611, "y": 2757017.475526382, "bearings": {"411_392_0": 119.09380169435447, "411_412_0": -69.22494252549447, "411_436_0": 54.90746746296106}, "angles": {"411_412_0": 171.68125578015105, "411_436_0": 124.13240998845552, "411_392_0": 64.1863342313934}, "adj_sorted": [[411, 412, 0], [411, 436, 0], [411, 392, 0]], "type": "Y", "n_corners": 2}, "geometry": {"type": "Point", "coordinates": [19.02810729999999, 47.55387690000005]}}, {"id": "387", "type": "Feature", "properties": {"x": 4998930.508521363, "y": 2757345.6824114844, "bearings": {"387_376_0": 166.46894150561945, "387_416_0": -9.956343126220943, "387_404_0": 70.53400420843523, "387_394_0": -110.66197989114691}, "angles": {"387_394_0": 82.86907860323362, "387_416_0": 100.70563676492597, "387_404_0": 80.49034733465618, "387_376_0": 95.93493729718422}, "adj_sorted": [[387, 394, 0], [387, 416, 0], [387, 404, 0], [387, 376, 0]], "type": "X", "n_corners": 4}, "geometry": {"type": "Point", "coordinates": [19.027220400000004, 47.55692210000002]}}, {"id": "367", "type": "Feature", "properties": {"x": 4998847.705574686, "y": 2757453.2802974107, "bearings": {"367_376_0": -63.59629099164353, "367_384_0": 116.07163224477014, "367_396_0": 26.0487336761917}, "angles": {"367_376_0": 180.33207676358631, "367_396_0": 89.64502466783523, "367_384_0": 90.02289856857844}, "adj_sorted": [[367, 376, 0], [367, 396, 0], [367, 384, 0]], "type": "T", "n_corners": 2}, "geometry": {"type": "Point", "coordinates": [19.0262963, 47.557973000000004]}}, {"id": "395", "type": "Feature", "properties": {"x": 4998958.802950127, "y": 2757784.27375486, "bearings": {"395_414_0": 23.957562144863118, "395_372_0": -154.40865132691553, "395_375_0": 113.98688411642621}, "angles": {"395_372_0": 91.60446455665829, "395_414_0": 178.36621347177865, "395_375_0": 90.02932197156309}, "adj_sorted": [[395, 372, 0], [395, 414, 0], [395, 375, 0]], "type": "T", "n_corners": 2}, "geometry": {"type": "Point", "coordinates": [19.0282823, 47.56080490000002]}}, {"id": "414", "type": "Feature", "properties": {"x": 4999052.961656633, "y": 2757834.2252377644, "bearings": {"414_395_0": -133.9046772638211, "414_423_0": 15.615591640622515, "414_397_0": 129.5211170550583}, "angles": {"414_395_0": 96.57420568112059, "414_423_0": 149.5202689044436, "414_397_0": 113.9055254144358}, "adj_sorted": [[414, 395, 0], [414, 423, 0], [414, 397, 0]], "type": "Y", "n_corners": 3}, "geometry": {"type": "Point", "coordinates": [19.029603651983482, 47.56114743709888]}}, {"id": "372", "type": "Feature", "properties": {"x": 4998860.466534022, "y": 2757737.1770939683, "bearings": {"372_374_0": -66.72059796556296, "372_395_0": 25.591348673084493, "372_371_0": 113.25949365796428}, "angles": {"372_374_0": 180.01990837647276, "372_395_0": 92.31194663864746, "372_371_0": 87.66814498487979}, "adj_sorted": [[372, 374, 0], [372, 395, 0], [372, 371, 0]], "type": "T", "n_corners": 2}, "geometry": {"type": "Point", "coordinates": [19.026910299999994, 47.560492400000044]}}, {"id": "423", "type": "Feature", "properties": {"x": 4999077.846310564, "y": 2757841.18045818, "bearings": {"423_422_0": -89.57700316139203, "423_414_0": -164.3844083593775, "423_433_0": 90.42299683784653}, "angles": {"423_414_0": 105.192594802776, "423_422_0": 74.80740519798546, "423_433_0": 179.99999999923855}, "adj_sorted": [[423, 414, 0], [423, 422, 0], [423, 433, 0]], "type": "T", "n_corners": 2}, "geometry": {"type": "Point", "coordinates": [19.02994306031683, 47.56118222358285]}}, {"id": "433", "type": "Feature", "properties": {"x": 4999094.92933691, "y": 2758355.68640865, "bearings": {"433_442_0": 79.07651012358525, "433_423_0": -98.28838470939282, "433_366_0": 169.49135049222608}, "angles": {"433_423_0": 92.2202647983811, "433_442_0": 177.36489483297805, "433_366_0": 90.41484036864082}, "adj_sorted": [[433, 423, 0], [433, 442, 0], [433, 366, 0]], "type": "T", "n_corners": 2}, "geometry": {"type": "Point", "coordinates": [19.030976499999998, 47.565754699999985]}}, {"id": "421", "type": "Feature", "properties": {"x": 4999071.281335246, "y": 2757767.552741956, "bearings": {"421_445_0": -89.89567209924381, "421_422_0": 17.701542683632205, "421_374_0": -159.91594021810965}, "angles": {"421_374_0": 182.38251709825815, "421_445_0": 70.02026811886584, "421_422_0": 107.59721478287602}, "adj_sorted": [[421, 374, 0], [421, 445, 0], [421, 422, 0]], "type": "T", "n_corners": 2}, "geometry": {"type": "Point", "coordinates": [19.029740799999995, 47.5605324]}}, {"id": "441", "type": "Feature", "properties": {"x": 4999126.739149517, "y": 2754669.738341269, "bearings": {"441_432_0": -154.4862808011127, "441_464_0": 25.51371919912002, "441_440_0": 115.5137191999949}, "angles": {"441_432_0": 89.9999999988924, "441_464_0": 180.00000000023272, "441_440_0": 90.00000000087488}, "adj_sorted": [[441, 432, 0], [441, 464, 0], [441, 440, 0]], "type": "T", "n_corners": 2}, "geometry": {"type": "Point", "coordinates": [19.02561213067773, 47.53282780049795]}}, {"id": "466", "type": "Feature", "properties": {"x": 4999235.106381494, "y": 2754552.2469440866, "bearings": {"466_432_0": 165.29163349396916, "466_473_0": 54.007456851692716, "466_496_0": -66.4240637449164}, "angles": {"466_496_0": 128.28430276111445, "466_473_0": 120.43152059660912, "466_432_0": 111.28417664227644}, "adj_sorted": [[466, 496, 0], [466, 473, 0], [466, 432, 0]], "type": "Y", "n_corners": 3}, "geometry": {"type": "Point", "coordinates": [19.026857600000003, 47.53166060000005]}}, {"id": "464", "type": "Feature", "properties": {"x": 4999227.7602102645, "y": 2754702.1112749903, "bearings": {"464_441_0": -163.58818885837914, "464_493_0": 26.00616402291926, "464_473_0": -76.73662487515735}, "angles": {"464_441_0": 170.4056471187016, "464_473_0": 86.8515639832218, "464_493_0": 102.74278889807661}, "adj_sorted": [[464, 441, 0], [464, 473, 0], [464, 493, 0]], "type": "T", "n_corners": 2}, "geometry": {"type": "Point", "coordinates": [19.026995700000004, 47.53300600000005]}}, {"id": "440", "type": "Feature", "properties": {"x": 4999123.193516586, "y": 2754701.27380379, "bearings": {"440_449_0": 75.88946607565919, "440_441_0": -102.03628736084693, "440_405_0": 129.2729938288557}, "angles": {"440_441_0": 128.69071881029737, "440_449_0": 177.9257534365061, "440_405_0": 53.38352775319652}, "adj_sorted": [[440, 441, 0], [440, 449, 0], [440, 405, 0]], "type": "Y", "n_corners": 2}, "geometry": {"type": "Point", "coordinates": [19.0256148, 47.533113100000016]}}, {"id": "493", "type": "Feature", "properties": {"x": 4999319.352773801, "y": 2754746.79805108, "bearings": {"493_464_0": -153.97890880721363, "493_513_0": -63.19002811013644, "493_489_0": 108.1518372996897}, "angles": {"493_464_0": 97.8692538930967, "493_513_0": 90.78888069707719, "493_489_0": 171.34186540982614}, "adj_sorted": [[493, 464, 0], [493, 513, 0], [493, 489, 0]], "type": "T", "n_corners": 2}, "geometry": {"type": "Point", "coordinates": [19.02827419999999, 47.53330440000005]}}, {"id": "473", "type": "Feature", "properties": {"x": 4999265.427966618, "y": 2754593.9924498363, "bearings": {"473_466_0": -125.99254314830729, "473_464_0": 135.51941113795945, "473_476_0": -31.142757650306333}, "angles": {"473_466_0": 98.48804571373324, "473_476_0": 94.84978549800095, "473_464_0": 166.66216878826577}, "adj_sorted": [[473, 466, 0], [473, 476, 0], [473, 464, 0]], "type": "T", "n_corners": 2}, "geometry": {"type": "Point", "coordinates": [19.027323099999997, 47.531999900000024]}}, {"id": "437", "type": "Feature", "properties": {"x": 4999113.582814504, "y": 2762635.299588542, "bearings": {"437_525_0": 34.92594163105257, "437_519_0": -20.255746330825076, "437_435_0": 161.0515088743706}, "angles": {"437_519_0": 178.69274479480433, "437_525_0": 55.18168796187764, "437_435_0": 126.12556724331803}, "adj_sorted": [[437, 519, 0], [437, 525, 0], [437, 435, 0]], "type": "Y", "n_corners": 2}, "geometry": {"type": "Point", "coordinates": [19.0379504, 47.603922700000005]}}, {"id": "525", "type": "Feature", "properties": {"x": 4999407.582088895, "y": 2762627.249857483, "bearings": {"525_437_0": 167.02899606760812, "525_519_0": -99.2586216867414, "525_529_0": 80.74137831802447}, "angles": {"525_519_0": 93.71238224565047, "525_529_0": 180.00000000476587, "525_437_0": 86.28761774958365}, "adj_sorted": [[525, 519, 0], [525, 529, 0], [525, 437, 0]], "type": "T", "n_corners": 2}, "geometry": {"type": "Point", "coordinates": [19.041821774046443, 47.60352818669411]}}, {"id": "519", "type": "Feature", "properties": {"x": 4999385.352314235, "y": 2762535.007559607, "bearings": {"519_437_0": 159.74425366917492, "519_525_0": 76.90823524950791, "519_522_0": -22.634992015920187}, "angles": {"519_522_0": 177.6207543149049, "519_525_0": 99.5432272654281, "519_437_0": 82.83601841966701}, "adj_sorted": [[519, 522, 0], [519, 525, 0], [519, 437, 0]], "type": "T", "n_corners": 2}, "geometry": {"type": "Point", "coordinates": [19.041382899999995, 47.602729500000024]}}, {"id": "435", "type": "Feature", "properties": {"x": 4999107.742675841, "y": 2762637.3046386023, "bearings": {"435_437_0": -18.94849112562941, "435_391_0": 161.0681103950041, "435_406_0": 111.15594056347686}, "angles": {"435_437_0": 179.98339847936649, "435_406_0": 130.10443168910626, "435_391_0": 49.91216983152725}, "adj_sorted": [[435, 437, 0], [435, 406, 0], [435, 391, 0]], "type": "Y", "n_corners": 2}, "geometry": {"type": "Point", "coordinates": [19.037876399999988, 47.603947000000026]}}, {"id": "529", "type": "Feature", "properties": {"x": 4999420.842973133, "y": 2762690.733411021, "bearings": {"529_525_0": -102.52045286365205, "529_559_0": 74.79268489676916, "529_499_0": 170.28121500996295}, "angles": {"529_525_0": 87.19833212638503, "529_559_0": 177.31313776042123, "529_499_0": 95.48853011319379}, "adj_sorted": [[529, 525, 0], [529, 559, 0], [529, 499, 0]], "type": "T", "n_corners": 2}, "geometry": {"type": "Point", "coordinates": [19.042096899999997, 47.60408010000004]}}, {"id": "522", "type": "Feature", "properties": {"x": 4999395.978045156, "y": 2762530.576878941, "bearings": {"522_519_0": 157.36500798407982, "522_512_0": -114.67466377438566, "522_579_0": -19.864750569335293}, "angles": {"522_512_0": 87.96032824153451, "522_579_0": 94.80991320505038, "522_519_0": 177.2297585534151}, "adj_sorted": [[522, 512, 0], [522, 579, 0], [522, 519, 0]], "type": "T", "n_corners": 2}, "geometry": {"type": "Point", "coordinates": [19.0415163, 47.6026783]}}, {"id": "559", "type": "Feature", "properties": {"x": 4999488.66037166, "y": 2762732.754248093, "bearings": {"559_529_0": 173.80643935216455, "559_592_0": -6.4313274355359304, "559_499_0": 88.02248048922934}, "angles": {"559_592_0": 179.76223321229952, "559_499_0": 94.45380792476527, "559_529_0": 85.78395886293521}, "adj_sorted": [[559, 592, 0], [559, 499, 0], [559, 529, 0]], "type": "T", "n_corners": 2}, "geometry": {"type": "Point", "coordinates": [19.043058999999996, 47.604380600000006]}}, {"id": "499", "type": "Feature", "properties": {"x": 4999330.111922536, "y": 2762795.4050237965, "bearings": {"499_529_0": -103.2016564268735, "499_559_0": -12.554321211277871, "499_495_0": 98.4674474982736}, "angles": {"499_529_0": 158.3308960748529, "499_559_0": 90.64733521559563, "499_495_0": 111.02176870955147}, "adj_sorted": [[499, 529, 0], [499, 559, 0], [499, 495, 0]], "type": "Y", "n_corners": 3}, "geometry": {"type": "Point", "coordinates": [19.04106299999999, 47.60511370000002]}}, {"id": "598", "type": "Feature", "properties": {"x": 4999570.673287435, "y": 2756510.132741208, "bearings": {"598_549_0": -146.7814763617847, "598_602_0": -35.29008805132755, "598_631_0": 33.987316968507216, "598_585_0": 102.18262817865063}, "angles": {"598_549_0": 111.03589545956464, "598_602_0": 111.49138831045715, "598_631_0": 69.27740501983476, "598_585_0": 68.19531121014342}, "adj_sorted": [[598, 549, 0], [598, 602, 0], [598, 631, 0], [598, 585, 0]], "type": "other", "n_corners": 4}, "geometry": {"type": "Point", "coordinates": [19.034357799999995, 47.54876420000003]}}, {"id": "584", "type": "Feature", "properties": {"x": 4999532.091697983, "y": 2756211.7859532293, "bearings": {"584_574_0": -176.39124162531553, "584_609_0": 49.885896629166375, "584_633_0": -40.99124856373439}, "angles": {"584_574_0": 133.7228617455181, "584_633_0": 135.39999306158114, "584_609_0": 90.87714519290077}, "adj_sorted": [[584, 574, 0], [584, 633, 0], [584, 609, 0]], "type": "Y", "n_corners": 3}, "geometry": {"type": "Point", "coordinates": [19.0333802, 47.546144200000064]}}, {"id": "620", "type": "Feature", "properties": {"x": 4999642.40412433, "y": 2754274.7800863, "bearings": {"620_558_0": 154.42890352238845, "620_709_0": -25.571096472617462, "620_628_0": 64.42890352410292}, "angles": {"620_709_0": 180.0000000049941, "620_628_0": 89.99999999672039, "620_558_0": 89.99999999828553}, "adj_sorted": [[620, 709, 0], [620, 628, 0], [620, 558, 0]], "type": "T", "n_corners": 2}, "geometry": {"type": "Point", "coordinates": [19.031795697188045, 47.52873814630089]}}, {"id": "558", "type": "Feature", "properties": {"x": 4999485.830468678, "y": 2754341.8838277045, "bearings": {"558_620_0": -16.88375048263943, "558_546_0": 104.04815748292556, "558_480_0": 163.19203979711637}, "angles": {"558_620_0": 179.9242097202442, "558_546_0": 120.93190796556499, "558_480_0": 59.143882314190805}, "adj_sorted": [[558, 620, 0], [558, 546, 0], [558, 480, 0]], "type": "Y", "n_corners": 2}, "geometry": {"type": "Point", "coordinates": [19.029835399999993, 47.52950860000001]}}, {"id": "709", "type": "Feature", "properties": {"x": 4999826.090690907, "y": 2754207.6062266435, "bearings": {"709_620_0": 169.51061288826884, "709_774_0": -9.765638693015143, "709_717_0": 73.26256153819115}, "angles": {"709_774_0": 180.723748418716, "709_717_0": 83.0282002312063, "709_620_0": 96.24805135007769}, "adj_sorted": [[709, 774, 0], [709, 717, 0], [709, 620, 0]], "type": "T", "n_corners": 2}, "geometry": {"type": "Point", "coordinates": [19.034113500000004, 47.52793730000004]}}, {"id": "628", "type": "Feature", "properties": {"x": 4999665.607351009, "y": 2754351.328535971, "bearings": {"628_620_0": -99.37425944371572, "628_717_0": 83.64622208172769, "628_589_0": 170.36062718663092}, "angles": {"628_620_0": 90.26511336965336, "628_717_0": 183.02048152544342, "628_589_0": 86.71440510490324}, "adj_sorted": [[628, 620, 0], [628, 717, 0], [628, 589, 0]], "type": "T", "n_corners": 2}, "geometry": {"type": "Point", "coordinates": [19.032221900000003, 47.529395800000025]}}, {"id": "546", "type": "Feature", "properties": {"x": 4999458.921872774, "y": 2754445.092699919, "bearings": {"546_558_0": -74.99682037075472, "546_515_0": 15.566068396285843, "546_515_1": 105.30919037717835}, "angles": {"546_558_0": 179.69398925206693, "546_515_0": 90.56288876704056, "546_515_1": 89.74312198089251}, "adj_sorted": [[546, 558, 0], [546, 515, 0], [546, 515, 1]], "type": "T", "n_corners": 2}, "geometry": {"type": "Point", "coordinates": [19.029642299999995, 47.530459099999995]}}, {"id": "480", "type": "Feature", "properties": {"x": 4999282.793336908, "y": 2754432.090487205, "bearings": {"480_467_0": 158.28314053378324, "480_558_0": -23.44346415548833, "480_479_0": 80.93722837492827}, "angles": {"480_558_0": 178.27339531072843, "480_479_0": 104.3806925304166, "480_467_0": 77.34591215885497}, "adj_sorted": [[480, 558, 0], [480, 479, 0], [480, 467, 0]], "type": "T", "n_corners": 2}, "geometry": {"type": "Point", "coordinates": [19.027298300000005, 47.53053610000001]}}, {"id": "774", "type": "Feature", "properties": {"x": 4999943.334618362, "y": 2754195.83785384, "bearings": {"774_781_0": 91.9510420444056, "774_709_0": 179.46457848149822, "774_816_0": 1.1312932396154753}, "angles": {"774_816_0": 181.66671475811725, "774_781_0": 90.81974880479012, "774_709_0": 87.51353643709263}, "adj_sorted": [[774, 816, 0], [774, 781, 0], [774, 709, 0]], "type": "T", "n_corners": 2}, "geometry": {"type": "Point", "coordinates": [19.035641699999992, 47.52770370000002]}}, {"id": "717", "type": "Feature", "properties": {"x": 4999846.573989361, "y": 2754283.68094192, "bearings": {"717_709_0": -103.91989433802982, "717_628_0": 79.55672429892586, "717_763_0": -15.88733078693275}, "angles": {"717_709_0": 176.52338136304434, "717_763_0": 88.03256355109707, "717_628_0": 95.44405508585861}, "adj_sorted": [[717, 709, 0], [717, 763, 0], [717, 628, 0]], "type": "T", "n_corners": 2}, "geometry": {"type": "Point", "coordinates": [19.034503099999995, 47.528593700000044]}}, {"id": "629", "type": "Feature", "properties": {"x": 4999668.905550769, "y": 2760588.9930214677, "bearings": {"629_641_0": 79.29235336479626, "629_675_0": -17.370102525713364, "629_521_0": -98.04921737521116}, "angles": {"629_521_0": 182.6584292599926, "629_675_0": 80.6791148494978, "629_641_0": 96.66245589050962}, "adj_sorted": [[629, 521, 0], [629, 675, 0], [629, 641, 0]], "type": "T", "n_corners": 2}, "geometry": {"type": "Point", "coordinates": [19.0420658, 47.585053600000016]}}, {"id": "641", "type": "Feature", "properties": {"x": 4999697.971465019, "y": 2760757.2519712127, "bearings": {"641_693_0": -11.941553483999575, "641_629_0": -98.05333545353308, "641_651_0": 85.77700919079716, "641_595_0": 158.51345524410368}, "angles": {"641_629_0": 103.43320930236325, "641_693_0": 86.11178196953351, "641_651_0": 97.71856267479673, "641_595_0": 72.73644605330652}, "adj_sorted": [[641, 629, 0], [641, 693, 0], [641, 651, 0], [641, 595, 0]], "type": "X", "n_corners": 4}, "geometry": {"type": "Point", "coordinates": [19.0427144, 47.58652310000002]}}, {"id": "675", "type": "Feature", "properties": {"x": 4999765.354031941, "y": 2760560.952144942, "bearings": {"675_629_0": 163.89092751975502, "675_724_0": -15.760920679930384, "675_655_0": -108.6778030777981, "675_688_0": 81.57281309359934}, "angles": {"675_655_0": 87.4312694024469, "675_724_0": 92.91688239786772, "675_688_0": 97.33373377352972, "675_629_0": 82.31811442615569}, "adj_sorted": [[675, 655, 0], [675, 724, 0], [675, 688, 0], [675, 629, 0]], "type": "X", "n_corners": 4}, "geometry": {"type": "Point", "coordinates": [19.043295400000005, 47.5846975]}}, {"id": "521", "type": "Feature", "properties": {"x": 4999392.581232363, "y": 2760132.5604745634, "bearings": {"521_629_0": 47.377125931428694, "521_477_0": -135.69679716933615, "521_552_0": -43.74915066963278}, "angles": {"521_477_0": 176.92607689923517, "521_552_0": 91.94764649970337, "521_629_0": 91.12627660106148}, "adj_sorted": [[521, 477, 0], [521, 552, 0], [521, 629, 0]], "type": "T", "n_corners": 2}, "geometry": {"type": "Point", "coordinates": [19.037698799999994, 47.58128400000001]}}, {"id": "651", "type": "Feature", "properties": {"x": 4999731.071026665, "y": 2760880.004062569, "bearings": {"651_641_0": -103.09526926975069, "651_654_0": 72.92697381324328, "651_607_0": 169.8824995466468}, "angles": {"651_641_0": 87.02223118360251, "651_654_0": 176.02224308299395, "651_607_0": 96.95552573340353}, "adj_sorted": [[651, 641, 0], [651, 654, 0], [651, 607, 0]], "type": "T", "n_corners": 2}, "geometry": {"type": "Point", "coordinates": [19.043344699999995, 47.5875821]}}, {"id": "595", "type": "Feature", "properties": {"x": 4999560.014261386, "y": 2760914.477530316, "bearings": {"595_641_0": -51.17311254122765, "595_588_0": 132.48276100894958, "595_608_0": 33.62241167422399}, "angles": {"595_641_0": 176.34412644982277, "595_608_0": 84.79552421545165, "595_588_0": 98.86034933472558}, "adj_sorted": [[595, 641, 0], [595, 608, 0], [595, 588, 0]], "type": "T", "n_corners": 2}, "geometry": {"type": "Point", "coordinates": [19.041139799999993, 47.58807750000002]}}, {"id": "688", "type": "Feature", "properties": {"x": 4999783.530318467, "y": 2760683.638860631, "bearings": {"688_693_0": 84.00747380769995, "688_675_0": -98.42718690640066, "688_637_0": 171.67933151576796, "688_719_0": -8.792278858696967}, "angles": {"688_675_0": 89.89348157783138, "688_719_0": 89.6349080477037, "688_693_0": 92.79975266639693, "688_637_0": 87.671857708068}, "adj_sorted": [[688, 675, 0], [688, 719, 0], [688, 693, 0], [688, 637, 0]], "type": "X", "n_corners": 4}, "geometry": {"type": "Point", "coordinates": [19.043728499999997, 47.58577229999999]}}, {"id": "768", "type": "Feature", "properties": {"x": 4999930.268631718, "y": 2756878.11639077, "bearings": {"768_761_0": -92.1510474530911, "768_770_0": 86.60516297482151, "768_706_0": 179.78188821074266}, "angles": {"768_761_0": 88.06706433616625, "768_770_0": 178.7562104279126, "768_706_0": 93.17672523592115}, "adj_sorted": [[768, 761, 0], [768, 770, 0], [768, 706, 0]], "type": "T", "n_corners": 2}, "geometry": {"type": "Point", "coordinates": [19.0396816, 47.55165340000005]}}, {"id": "761", "type": "Feature", "properties": {"x": 4999922.8157268055, "y": 2756710.010821426, "bearings": {"761_838_0": -0.5398732449639406, "761_768_0": 87.87174006669268, "761_760_0": -91.13329164565873, "761_681_0": -179.73712082498082}, "angles": {"761_681_0": 92.39113910832651, "761_760_0": 88.60382917932209, "761_838_0": 90.59341840069479, "761_768_0": 88.41161331165662}, "adj_sorted": [[761, 681, 0], [761, 760, 0], [761, 838, 0], [761, 768, 0]], "type": "X", "n_corners": 4}, "geometry": {"type": "Point", "coordinates": [19.039319099999997, 47.550161499999994]}}, {"id": "770", "type": "Feature", "properties": {"x": 4999932.08295957, "y": 2756908.5073082875, "bearings": {"770_768_0": -93.41842981740162, "770_771_0": 87.6115279925779, "770_810_0": 2.1531440447392707}, "angles": {"770_768_0": 178.97004219002048, "770_810_0": 95.57157386214088, "770_771_0": 85.45838394783864}, "adj_sorted": [[770, 768, 0], [770, 810, 0], [770, 771, 0]], "type": "T", "n_corners": 2}, "geometry": {"type": "Point", "coordinates": [19.039753300000005, 47.55192260000001]}}, {"id": "706", "type": "Feature", "properties": {"x": 4999821.360920398, "y": 2756801.5761365285, "bearings": {"706_768_0": 38.765850797126625, "706_771_0": 95.97090231857707, "706_681_0": -115.31343958823744}, "angles": {"706_681_0": 148.71565809318548, "706_768_0": 154.07929038536406, "706_771_0": 57.20505152145045}, "adj_sorted": [[706, 681, 0], [706, 768, 0], [706, 771, 0]], "type": "Y", "n_corners": 3}, "geometry": {"type": "Point", "coordinates": [19.038123999999993, 47.55108990000002]}}, {"id": "760", "type": "Feature", "properties": {"x": 4999921.6087170215, "y": 2756649.0562501685, "bearings": {"760_686_0": 179.0433840698784, "760_752_0": -98.31013769290577, "760_761_0": 89.20189520249123}, "angles": {"760_752_0": 82.64647823721583, "760_761_0": 187.512032895397, "760_686_0": 89.84148886738718}, "adj_sorted": [[760, 752, 0], [760, 761, 0], [760, 686, 0]], "type": "T", "n_corners": 2}, "geometry": {"type": "Point", "coordinates": [19.039207400000002, 47.5496189]}}, {"id": "681", "type": "Feature", "properties": {"x": 4999770.752182681, "y": 2756709.030826128, "bearings": {"681_761_0": 3.7995728833923006, "681_706_0": 91.65580335045584, "681_631_0": -166.47077721246507}, "angles": {"681_631_0": 101.87341943707906, "681_761_0": 170.27035009585737, "681_706_0": 87.85623046706354}, "adj_sorted": [[681, 631, 0], [681, 761, 0], [681, 706, 0]], "type": "T", "n_corners": 2}, "geometry": {"type": "Point", "coordinates": [19.037310700000003, 47.55031960000004]}}, {"id": "771", "type": "Feature", "properties": {"x": 4999936.046418387, "y": 2756992.6264891955, "bearings": {"771_778_0": 85.16949184751792, "771_770_0": -90.75823501155232, "771_706_0": -144.98900103846495, "771_833_0": -4.351578675316234}, "angles": {"771_706_0": 129.84150711401713, "771_770_0": 54.23076602691263, "771_833_0": 86.40665633623608, "771_778_0": 89.52107052283415}, "adj_sorted": [[771, 706, 0], [771, 770, 0], [771, 833, 0], [771, 778, 0]], "type": "other", "n_corners": 4}, "geometry": {"type": "Point", "coordinates": [19.03993779418032, 47.55266888112928]}}, {"id": "833", "type": "Feature", "properties": {"x": 5000047.330258151, "y": 2757008.1982284947, "bearings": {"833_771_0": -167.4086205218674, "833_810_0": -71.96867174739428, "833_852_0": 87.26765435575105, "833_889_0": 11.382247289869309}, "angles": {"833_771_0": 105.32372512238157, "833_810_0": 95.43994877447311, "833_889_0": 83.3509190372636, "833_852_0": 75.88540706588174}, "adj_sorted": [[833, 771, 0], [833, 810, 0], [833, 889, 0], [833, 852, 0]], "type": "other", "n_corners": 4}, "geometry": {"type": "Point", "coordinates": [19.041430999999996, 47.55268569999999]}}, {"id": "810", "type": "Feature", "properties": {"x": 5000007.205041823, "y": 2756959.1877855733, "bearings": {"810_770_0": -141.50760398799227, "810_833_0": 40.05785511581492, "810_840_0": -51.83631765787952}, "angles": {"810_770_0": 178.4345408961928, "810_840_0": 89.67128633011275, "810_833_0": 91.89417277369444}, "adj_sorted": [[810, 770, 0], [810, 840, 0], [810, 833, 0]], "type": "T", "n_corners": 2}, "geometry": {"type": "Point", "coordinates": [19.0408244, 47.552292400000034]}}, {"id": "852", "type": "Feature", "properties": {"x": 5000071.952556027, "y": 2757151.4316101503, "bearings": {"852_778_0": 172.95461654758196, "852_833_0": -97.43231491999319, "852_901_0": -8.39524233282392, "852_857_0": 82.66480434786035}, "angles": {"852_833_0": 89.61306853242485, "852_901_0": 89.03707258716926, "852_857_0": 91.06004668068428, "852_778_0": 90.28981219972161}, "adj_sorted": [[852, 833, 0], [852, 901, 0], [852, 857, 0], [852, 778, 0]], "type": "X", "n_corners": 4}, "geometry": {"type": "Point", "coordinates": [19.041981099999994, 47.553936800000066]}}, {"id": "889", "type": "Feature", "properties": {"x": 5000131.860278711, "y": 2757024.7822133135, "bearings": {"889_833_0": -168.9597964715971, "889_901_0": 98.34195567755778, "889_949_0": 11.939507410989934}, "angles": {"889_833_0": 92.69824785084512, "889_949_0": 180.89930388258702, "889_901_0": 86.40244826656784}, "adj_sorted": [[889, 833, 0], [889, 949, 0], [889, 901, 0]], "type": "T", "n_corners": 2}, "geometry": {"type": "Point", "coordinates": [19.042572699999997, 47.55274090000007]}}, {"id": "840", "type": "Feature", "properties": {"x": 5000057.926427272, "y": 2756894.657347976, "bearings": {"840_838_0": -92.59041254997928, "840_810_0": 128.19410530392335, "840_885_0": 81.6279107518327}, "angles": {"840_838_0": 139.21548214609737, "840_885_0": 174.21832330181198, "840_810_0": 46.56619455209065}, "adj_sorted": [[840, 838, 0], [840, 885, 0], [840, 810, 0]], "type": "Y", "n_corners": 2}, "geometry": {"type": "Point", "coordinates": [19.041392399999992, 47.55166090000006]}}, {"id": "849", "type": "Feature", "properties": {"x": 5000068.463417649, "y": 2758032.3649972794, "bearings": {"849_834_0": -97.0204070204587, "849_858_0": 82.28696533682522, "849_875_0": 20.258139605360252, "849_759_0": 171.5538097560263}, "angles": {"849_834_0": 91.425783223515, "849_875_0": 117.27854662581896, "849_858_0": 62.02882573146496, "849_759_0": 89.26684441920109}, "adj_sorted": [[849, 834, 0], [849, 875, 0], [849, 858, 0], [849, 759, 0]], "type": "other", "n_corners": 4}, "geometry": {"type": "Point", "coordinates": [19.04332000000001, 47.561801500000016]}}, {"id": "748", "type": "Feature", "properties": {"x": 4999894.705530128, "y": 2757898.061701301, "bearings": {"748_834_0": -6.934262890791959, "748_759_0": 83.47938222279646, "748_663_0": 173.88372310123265}, "angles": {"748_834_0": 179.1820140079754, "748_759_0": 90.41364511358842, "748_663_0": 90.40434087843619}, "adj_sorted": [[748, 834, 0], [748, 759, 0], [748, 663, 0]], "type": "T", "n_corners": 2}, "geometry": {"type": "Point", "coordinates": [19.040815199999997, 47.56079380000003]}}, {"id": "858", "type": "Feature", "properties": {"x": 5000084.33065477, "y": 2758158.497674886, "bearings": {"858_849_0": -97.03254910676043, "858_869_0": -6.489296977710843, "858_860_0": 83.4630710390181}, "angles": {"858_849_0": 179.50437985422147, "858_869_0": 90.54325212904959, "858_860_0": 89.95236801672894}, "adj_sorted": [[858, 849, 0], [858, 869, 0], [858, 860, 0]], "type": "T", "n_corners": 2}, "geometry": {"type": "Point", "coordinates": [19.043727799999992, 47.56290960000003]}}, {"id": "875", "type": "Feature", "properties": {"x": 5000123.178669977, "y": 2758044.408912038, "bearings": {"875_849_0": -142.6671115735505, "875_918_0": -7.026872566879368, "875_884_0": 83.3491396909747, "875_872_0": -98.29539947084793}, "angles": {"875_849_0": 133.98374873547482, "875_872_0": 44.371712102702574, "875_918_0": 91.26852690396856, "875_884_0": 90.37601225785406}, "adj_sorted": [[875, 849, 0], [875, 872, 0], [875, 918, 0], [875, 884, 0]], "type": "other", "n_corners": 4}, "geometry": {"type": "Point", "coordinates": [19.044061199999998, 47.561848900000015]}}, {"id": "759", "type": "Feature", "properties": {"x": 4999921.38111285, "y": 2758054.5924503193, "bearings": {"759_849_0": -8.258765680528361, "759_748_0": -100.2351593266135, "759_689_0": 171.65610824655715}, "angles": {"759_748_0": 88.10873242682936, "759_849_0": 91.97639364608514, "759_689_0": 179.91487392708552}, "adj_sorted": [[759, 748, 0], [759, 849, 0], [759, 689, 0]], "type": "T", "n_corners": 2}, "geometry": {"type": "Point", "coordinates": [19.041413399999993, 47.562161299999985]}}, {"id": "869", "type": "Feature", "properties": {"x": 5000105.822683144, "y": 2758155.9849988376, "bearings": {"869_858_0": 173.0694393517342, "869_884_0": -6.930560650917173, "869_865_0": -96.6481486021446}, "angles": {"869_865_0": 90.28241204612118, "869_884_0": 89.71758795122743, "869_858_0": 180.00000000265138}, "adj_sorted": [[869, 865, 0], [869, 884, 0], [869, 858, 0]], "type": "T", "n_corners": 2}, "geometry": {"type": "Point", "coordinates": [19.044007556727518, 47.56286358215936]}}, {"id": "789", "type": "Feature", "properties": {"x": 4999981.248272673, "y": 2760384.3746168227, "bearings": {"789_861_0": 7.362970026488255, "789_856_0": -56.739627406383825, "789_772_0": 122.5869209021696}, "angles": {"789_856_0": 180.6734516914466, "789_861_0": 64.10259743287207, "789_772_0": 115.22395087568134}, "adj_sorted": [[789, 856, 0], [789, 861, 0], [789, 772, 0]], "type": "T", "n_corners": 2}, "geometry": {"type": "Point", "coordinates": [19.0458686, 47.58288480000002]}}, {"id": "929", "type": "Feature", "properties": {"x": 5000201.57211949, "y": 2760257.4575007227, "bearings": {"929_861_0": 128.37967739618276, "929_856_0": -169.81443348409752, "929_952_0": 12.008517318844497}, "angles": {"929_856_0": 61.80588911971972, "929_952_0": 181.82295080294202, "929_861_0": 116.37116007733826}, "adj_sorted": [[929, 856, 0], [929, 952, 0], [929, 861, 0]], "type": "T", "n_corners": 2}, "geometry": {"type": "Point", "coordinates": [19.048578300000003, 47.58151030000001]}}, {"id": "884", "type": "Feature", "properties": {"x": 5000128.247338657, "y": 2758153.266164555, "bearings": {"884_875_0": -96.11679756762938, "884_869_0": 173.0981665755069, "884_913_0": -4.406840853451747}, "angles": {"884_875_0": 90.78503585686371, "884_913_0": 91.70995671417762, "884_869_0": 177.50500742895863}, "adj_sorted": [[884, 875, 0], [884, 913, 0], [884, 869, 0]], "type": "T", "n_corners": 2}, "geometry": {"type": "Point", "coordinates": [19.0442993, 47.56281470000007]}}, {"id": "913", "type": "Feature", "properties": {"x": 5000169.289924542, "y": 2758149.014911499, "bearings": {"913_884_0": 173.30312006273786, "913_923_0": -5.499132030189223, "913_910_0": 82.19453272975771}, "angles": {"913_923_0": 181.1977479070729, "913_910_0": 87.69366475994693, "913_884_0": 91.10858733298015}, "adj_sorted": [[913, 923, 0], [913, 910, 0], [913, 884, 0]], "type": "T", "n_corners": 2}, "geometry": {"type": "Point", "coordinates": [19.044834399999996, 47.56273170000002]}}, {"id": "918", "type": "Feature", "properties": {"x": 5000178.504897941, "y": 2758037.5893638884, "bearings": {"918_875_0": 172.97312743312062, "918_930_0": -7.049953704957416, "918_923_0": 83.88062043891715}, "angles": {"918_930_0": 179.97691886192197, "918_923_0": 90.93057414387457, "918_875_0": 89.09250699420348}, "adj_sorted": [[918, 930, 0], [918, 923, 0], [918, 875, 0]], "type": "T", "n_corners": 2}, "geometry": {"type": "Point", "coordinates": [19.044780799999998, 47.56172730000003]}}, {"id": "932", "type": "Feature", "properties": {"x": 5000204.624211718, "y": 2762624.382474837, "bearings": {"932_957_0": -117.54596751319761, "932_943_0": 128.60272225666282, "932_1035_0": 60.88161418505341}, "angles": {"932_957_0": 113.85131023013957, "932_1035_0": 178.427581698251, "932_943_0": 67.72110807160941}, "adj_sorted": [[932, 957, 0], [932, 1035, 0], [932, 943, 0]], "type": "T", "n_corners": 2}, "geometry": {"type": "Point", "coordinates": [19.052346799999995, 47.6026271]}}, {"id": "1013", "type": "Feature", "properties": {"x": 5000288.5131664295, "y": 2762595.311949645, "bearings": {"1013_957_0": -176.1947471808049, "1013_1035_0": 71.68722793482291, "1013_1066_0": -3.8109310762289224}, "angles": {"1013_957_0": 112.11802488437218, "1013_1066_0": 172.383816104576, "1013_1035_0": 75.49815901105184}, "adj_sorted": [[1013, 957, 0], [1013, 1066, 0], [1013, 1035, 0]], "type": "T", "n_corners": 2}, "geometry": {"type": "Point", "coordinates": [19.053409200000004, 47.60227550000007]}}, {"id": "943", "type": "Feature", "properties": {"x": 5000219.368666743, "y": 2762771.218085343, "bearings": {"943_915_0": 165.55075074756425, "943_932_0": -104.78328465313645, "943_1189_0": -12.449977290463032}, "angles": {"943_932_0": 89.66596459929929, "943_1189_0": 92.33330736267342, "943_915_0": 178.0007280380273}, "adj_sorted": [[943, 932, 0], [943, 1189, 0], [943, 915, 0]], "type": "T", "n_corners": 2}, "geometry": {"type": "Point", "coordinates": [19.052773, 47.603921100000015]}}, {"id": "1035", "type": "Feature", "properties": {"x": 5000313.461883125, "y": 2762670.6935288836, "bearings": {"1035_932_0": 163.12840449122857, "1035_1013_0": -108.3127720651771, "1035_1074_0": -17.36900734498679}, "angles": {"1035_1013_0": 88.55882344359435, "1035_1074_0": 90.9437647201903, "1035_932_0": 180.49741183621535}, "adj_sorted": [[1035, 1013, 0], [1035, 1074, 0], [1035, 932, 0]], "type": "T", "n_corners": 2}, "geometry": {"type": "Point", "coordinates": [19.053857599999997, 47.60292070000003]}}, {"id": "903", "type": "Feature", "properties": {"x": 5000157.1022006115, "y": 2762285.0416724253, "bearings": {"903_705_0": 94.18727929921035, "903_983_0": 10.10047450957177, "903_907_0": -87.74643456377082}, "angles": {"903_907_0": 178.06628613701884, "903_983_0": 97.84690907334259, "903_705_0": 84.08680478963858}, "adj_sorted": [[903, 907, 0], [903, 983, 0], [903, 705, 0]], "type": "T", "n_corners": 2}, "geometry": {"type": "Point", "coordinates": [19.051184300000003, 47.5996514]}}, {"id": "983", "type": "Feature", "properties": {"x": 5000254.244063563, "y": 2762224.7037658235, "bearings": {"983_903_0": 99.63615713817862, "983_989_0": 88.31023620441634, "983_1027_0": 81.60292919462741, "983_1024_0": -82.36429594230651, "983_980_0": -90.19430467119027}, "angles": {"983_980_0": 170.1695381906311, "983_1024_0": 7.8300087288837545, "983_1027_0": 163.9672251369339, "983_989_0": 6.707307009788934, "983_903_0": 11.325920933762276}, "adj_sorted": [[983, 980, 0], [983, 1024, 0], [983, 1027, 0], [983, 989, 0], [983, 903, 0]], "type": "other", "n_corners": 4}, "geometry": {"type": "Point", "coordinates": [19.052372444580627, 47.59900624807275]}}, {"id": "907", "type": "Feature", "properties": {"x": 5000165.756474764, "y": 2762112.2644001846, "bearings": {"907_903_0": 93.70439603719493, "907_904_0": -87.49147120524515, "907_980_0": 4.2718184565032455, "907_854_0": -173.9419210418755}, "angles": {"907_854_0": 92.3536829209296, "907_904_0": 86.45044983663036, "907_980_0": 91.76328966174839, "907_903_0": 89.43257758069169}, "adj_sorted": [[907, 854, 0], [907, 904, 0], [907, 980, 0], [907, 903, 0]], "type": "X", "n_corners": 4}, "geometry": {"type": "Point", "coordinates": [19.0510264, 47.59810020000002]}}, {"id": "1024", "type": "Feature", "properties": {"x": 5000300.994103227, "y": 2762165.691386241, "bearings": {"1024_983_0": -167.5858601436772, "1024_1069_0": 4.87723969069923, "1024_1016_0": -82.09072693233945}, "angles": {"1024_983_0": 187.53690016562356, "1024_1016_0": 85.49513321133774, "1024_1069_0": 86.96796662303868}, "adj_sorted": [[1024, 983, 0], [1024, 1016, 0], [1024, 1069, 0]], "type": "T", "n_corners": 2}, "geometry": {"type": "Point", "coordinates": [19.052896999999998, 47.59842830000003]}}, {"id": "980", "type": "Feature", "properties": {"x": 5000253.1630351385, "y": 2762134.673634928, "bearings": {"980_983_0": 85.03357251944098, "980_907_0": -135.81339030209827, "980_991_0": -86.14441142766397}, "angles": {"980_907_0": 139.15303717846075, "980_991_0": 49.6689788744343, "980_983_0": 171.17798394710496}, "adj_sorted": [[980, 907, 0], [980, 991, 0], [980, 983, 0]], "type": "Y", "n_corners": 2}, "geometry": {"type": "Point", "coordinates": [19.052216300000005, 47.59820409999998]}}, {"id": "950", "type": "Feature", "properties": {"x": 5000228.45195029, "y": 2758019.204310317, "bearings": {"950_1028_0": 43.90547259327119, "950_1004_0": -44.08086912402079, "950_930_0": 135.42510039861}, "angles": {"950_1004_0": 180.49403047736922, "950_1028_0": 87.98634171729199, "950_930_0": 91.51962780533881}, "adj_sorted": [[950, 1004, 0], [950, 1028, 0], [950, 930, 0]], "type": "T", "n_corners": 2}, "geometry": {"type": "Point", "coordinates": [19.045411200000004, 47.56150839999997]}}, {"id": "1028", "type": "Feature", "properties": {"x": 5000305.499431057, "y": 2758032.2724745, "bearings": {"1028_950_0": -140.77747439112804, "1028_1007_0": 131.61230421253413, "1028_1033_0": -51.66673951570446, "1028_1055_0": 44.99064570378651}, "angles": {"1028_950_0": 87.6102213963378, "1028_1033_0": 89.11073487542359, "1028_1055_0": 96.65738521949098, "1028_1007_0": 86.62165850874761}, "adj_sorted": [[1028, 950, 0], [1028, 1033, 0], [1028, 1055, 0], [1028, 1007, 0]], "type": "X", "n_corners": 4}, "geometry": {"type": "Point", "coordinates": [19.046448799999997, 47.561540400000055]}}, {"id": "1004", "type": "Feature", "properties": {"x": 5000272.77634661, "y": 2757897.7100968314, "bearings": {"1004_984_0": -97.71595769741674, "1004_950_0": 82.26846616559492, "1004_994_0": 172.18077380304535, "1004_1033_0": -8.735069157023505}, "angles": {"1004_984_0": 90.10326849953788, "1004_1033_0": 88.98088854039324, "1004_950_0": 91.00353532261842, "1004_994_0": 89.91230763745044}, "adj_sorted": [[1004, 984, 0], [1004, 1033, 0], [1004, 950, 0], [1004, 994, 0]], "type": "X", "n_corners": 4}, "geometry": {"type": "Point", "coordinates": [19.045805199999997, 47.56037560000003]}}, {"id": "930", "type": "Feature", "properties": {"x": 5000201.579209647, "y": 2758034.735771682, "bearings": {"930_918_0": 172.9500462950426, "930_950_0": -7.026705649110975, "930_935_0": -95.91089939789649}, "angles": {"930_935_0": 91.13905430706092, "930_950_0": 88.8841937487855, "930_918_0": 179.97675194415356}, "adj_sorted": [[930, 935, 0], [930, 950, 0], [930, 918, 0]], "type": "T", "n_corners": 2}, "geometry": {"type": "Point", "coordinates": [19.045080899999995, 47.56167650000001]}}, {"id": "1007", "type": "Feature", "properties": {"x": 5000277.6308037, "y": 2758087.3750287923, "bearings": {"1007_1028_0": -87.79187958743606, "1007_967_0": 110.91565398879767, "1007_1061_0": 39.898918690046656}, "angles": {"1007_1028_0": 161.29246642376626, "1007_1061_0": 127.69079827748271, "1007_967_0": 71.01673529875102}, "adj_sorted": [[1007, 1028, 0], [1007, 1061, 0], [1007, 967, 0]], "type": "Y", "n_corners": 3}, "geometry": {"type": "Point", "coordinates": [19.0461676, 47.562062699999984]}}, {"id": "1033", "type": "Feature", "properties": {"x": 5000311.817054473, "y": 2757891.7115714764, "bearings": {"1033_1028_0": 82.33814905210359, "1033_1004_0": 171.26493084297653, "1033_1030_0": -98.1555533907795}, "angles": {"1033_1030_0": 90.57951576624396, "1033_1028_0": 180.4937024428831, "1033_1004_0": 88.92678179087294}, "adj_sorted": [[1033, 1030, 0], [1033, 1028, 0], [1033, 1004, 0]], "type": "T", "n_corners": 2}, "geometry": {"type": "Point", "coordinates": [19.0463111, 47.56027920000003]}}, {"id": "935", "type": "Feature", "properties": {"x": 5000206.447042298, "y": 2757884.258146414, "bearings": {"935_930_0": 83.20459020280617, "935_994_0": -7.526659339595135, "935_937_0": 173.4403820981489}, "angles": {"935_994_0": 179.03295856225597, "935_930_0": 90.73124954240132, "935_937_0": 90.23579189534271}, "adj_sorted": [[935, 994, 0], [935, 930, 0], [935, 937, 0]], "type": "T", "n_corners": 2}, "geometry": {"type": "Point", "coordinates": [19.044908500000002, 47.56032840000003]}}, {"id": "994", "type": "Feature", "properties": {"x": 5000262.952055441, "y": 2757899.059215979, "bearings": {"994_1004_0": -7.81922619695465, "994_935_0": -96.95924055130776, "994_933_0": 84.83358692435849}, "angles": {"994_935_0": 178.20717252433377, "994_1004_0": 89.14001435435311, "994_933_0": 92.65281312131313}, "adj_sorted": [[994, 935, 0], [994, 1004, 0], [994, 933, 0]], "type": "T", "n_corners": 2}, "geometry": {"type": "Point", "coordinates": [19.045677641690226, 47.56039842697974]}}, {"id": "937", "type": "Feature", "properties": {"x": 5000211.669214436, "y": 2757775.120659734, "bearings": {"937_984_0": -6.996641863920524, "937_935_0": 81.85532114019067, "937_926_0": -121.6924914670905}, "angles": {"937_926_0": 156.45218739271883, "937_984_0": 114.69584960316998, "937_935_0": 88.8519630041112}, "adj_sorted": [[937, 926, 0], [937, 984, 0], [937, 935, 0]], "type": "Y", "n_corners": 3}, "geometry": {"type": "Point", "coordinates": [19.0448058, 47.55934880000005]}}, {"id": "1069", "type": "Feature", "properties": {"x": 5000368.574916191, "y": 2762171.461169814, "bearings": {"1069_1024_0": -175.1147237927529, "1069_1068_0": 114.34047224046131, "1069_1073_0": 0.035872478869523564, "1069_1080_0": -35.35893454314292}, "angles": {"1069_1024_0": 70.54480396678582, "1069_1080_0": 139.75578924960996, "1069_1073_0": 35.394807022012444, "1069_1068_0": 114.30459976159179}, "adj_sorted": [[1069, 1024, 0], [1069, 1080, 0], [1069, 1073, 0], [1069, 1068, 0]], "type": "other", "n_corners": 4}, "geometry": {"type": "Point", "coordinates": [19.0537988, 47.598405500000034]}}, {"id": "1016", "type": "Feature", "properties": {"x": 5000291.609289813, "y": 2762052.902106709, "bearings": {"1016_1024_0": 32.397261063952776, "1016_992_0": -167.5654700116309, "1016_1036_0": -67.05771460499693}, "angles": {"1016_992_0": 160.0372689244163, "1016_1036_0": 100.50775540663398, "1016_1024_0": 99.45497566894971}, "adj_sorted": [[1016, 992, 0], [1016, 1036, 0], [1016, 1024, 0]], "type": "Y", "n_corners": 3}, "geometry": {"type": "Point", "coordinates": [19.052595299999997, 47.597432200000036]}}, {"id": "967", "type": "Feature", "properties": {"x": 5000242.005692466, "y": 2758130.585406643, "bearings": {"967_1007_0": -43.819691342121345, "967_927_0": 136.07479671712167, "967_1034_0": 40.82623587740231}, "angles": {"967_1007_0": 180.10551194075697, "967_1034_0": 84.64592721952366, "967_927_0": 95.24856083971936}, "adj_sorted": [[967, 1007, 0], [967, 1034, 0], [967, 927, 0]], "type": "T", "n_corners": 2}, "geometry": {"type": "Point", "coordinates": [19.045765299999996, 47.562487400000016]}}, {"id": "1189", "type": "Feature", "properties": {"x": 5000575.67984596, "y": 2762632.107236781, "bearings": {"1189_1153_0": -110.02960657928993, "1189_943_0": 158.47867893369406, "1189_1105_0": 70.91452824702426}, "angles": {"1189_1153_0": 91.491714487016, "1189_1105_0": 180.9441348263142, "1189_943_0": 87.56415068666979}, "adj_sorted": [[1189, 1153, 0], [1189, 1105, 0], [1189, 943, 0]], "type": "T", "n_corners": 2}, "geometry": {"type": "Point", "coordinates": [19.0572608, 47.60228810000003]}}, {"id": "1137", "type": "Feature", "properties": {"x": 5000488.5269819, "y": 2762532.3488548654, "bearings": {"1137_1153_0": -18.573091606434556, "1137_1102_0": 160.55183572739986, "1137_1119_0": 36.488177561336165}, "angles": {"1137_1153_0": 180.87507266616558, "1137_1119_0": 55.06126916777072, "1137_1102_0": 124.0636581660637}, "adj_sorted": [[1137, 1153, 0], [1137, 1119, 0], [1137, 1102, 0]], "type": "Y", "n_corners": 2}, "geometry": {"type": "Point", "coordinates": [19.0559522, 47.60149380000004]}}, {"id": "1090", "type": "Feature", "properties": {"x": 5000416.403853784, "y": 2756647.485554076, "bearings": {"1090_1038_0": -177.51189482942698, "1090_1093_0": -88.21288143040327, "1090_1089_0": 91.78711856888945}, "angles": {"1090_1038_0": 90.70098660168355, "1090_1093_0": 89.2990133990237, "1090_1089_0": 179.99999999929273}, "adj_sorted": [[1090, 1038, 0], [1090, 1093, 0], [1090, 1089, 0]], "type": "T", "n_corners": 2}, "geometry": {"type": "Point", "coordinates": [19.045734847080517, 47.54906174474538]}}, {"id": "1122", "type": "Feature", "properties": {"x": 5000455.402644169, "y": 2756708.783456635, "bearings": {"1122_1089_0": -177.6884775598064, "1122_1111_0": -1.0586818365143618, "1122_1127_0": -86.540590546943}, "angles": {"1122_1089_0": 183.37020427670797, "1122_1127_0": 91.1478870128634, "1122_1111_0": 85.48190871042863}, "adj_sorted": [[1122, 1089, 0], [1122, 1127, 0], [1122, 1111, 0]], "type": "T", "n_corners": 2}, "geometry": {"type": "Point", "coordinates": [19.0463459, 47.54956589999998]}}, {"id": "1097", "type": "Feature", "properties": {"x": 5000422.305818784, "y": 2756322.051108566, "bearings": {"1097_1093_0": 90.71354910006318, "1097_1063_0": -177.85102189577853, "1097_1188_0": -86.1525726035606, "1097_1158_0": 2.1128313878890292}, "angles": {"1097_1063_0": 91.43542900415832, "1097_1188_0": 91.69844929221793, "1097_1158_0": 88.26540399144963, "1097_1093_0": 88.60071771217414}, "adj_sorted": [[1097, 1063, 0], [1097, 1188, 0], [1097, 1158, 0], [1097, 1093, 0]], "type": "X", "n_corners": 4}, "geometry": {"type": "Point", "coordinates": [19.045301099999996, 47.5461513]}}, {"id": "1149", "type": "Feature", "properties": {"x": 5000522.549333711, "y": 2755827.2768731797, "bearings": {"1149_1139_0": -174.09727194625472, "1149_1188_0": 5.902728054940616, "1149_1138_0": 95.9027280538223}, "angles": {"1149_1139_0": 89.99999999992298, "1149_1188_0": 180.00000000119533, "1149_1138_0": 89.99999999888169}, "adj_sorted": [[1149, 1139, 0], [1149, 1188, 0], [1149, 1138, 0]], "type": "T", "n_corners": 2}, "geometry": {"type": "Point", "coordinates": [19.04584611089252, 47.54162617591379]}}, {"id": "1188", "type": "Feature", "properties": {"x": 5000570.510641835, "y": 2755942.3671740238, "bearings": {"1188_1097_0": 98.5670496768065, "1188_1149_0": -81.46378353646175, "1188_1138_0": -169.0776716898764}, "angles": {"1188_1138_0": 92.35527863331708, "1188_1149_0": 87.61388815341466, "1188_1097_0": 180.03083321326824}, "adj_sorted": [[1188, 1138, 0], [1188, 1149, 0], [1188, 1097, 0]], "type": "T", "n_corners": 2}, "geometry": {"type": "Point", "coordinates": [19.046659899999998, 47.54260050000001]}}, {"id": "1138", "type": "Feature", "properties": {"x": 5000494.333243053, "y": 2755930.2133920123, "bearings": {"1138_1149_0": -71.1145010001794, "1138_1188_0": 8.845128061827863, "1138_1104_0": 179.4401246667648}, "angles": {"1138_1149_0": 109.44537433305578, "1138_1188_0": 79.95962906200727, "1138_1104_0": 170.59499660493694}, "adj_sorted": [[1138, 1149, 0], [1138, 1188, 0], [1138, 1104, 0]], "type": "T", "n_corners": 2}, "geometry": {"type": "Point", "coordinates": [19.045635599999997, 47.54257569999999]}}, {"id": "1104", "type": "Feature", "properties": {"x": 5000434.766152062, "y": 2755930.7954803742, "bearings": {"1104_1138_0": -0.559875333235206, "1104_1106_0": -88.83980499112728, "1104_1046_0": 174.4133695032134, "1104_1099_0": 112.98764796933193}, "angles": {"1104_1106_0": 96.74682550565933, "1104_1138_0": 88.27992965789207, "1104_1099_0": 113.54752330256714, "1104_1046_0": 61.42572153388147}, "adj_sorted": [[1104, 1106, 0], [1104, 1138, 0], [1104, 1099, 0], [1104, 1046, 0]], "type": "other", "n_corners": 4}, "geometry": {"type": "Point", "coordinates": [19.044850499999995, 47.54264630000004]}}, {"id": "1310", "type": "Feature", "properties": {"x": 5000821.926969292, "y": 2759074.6410417366, "bearings": {"1310_1296_0": -134.84159494807594, "1310_1316_0": 83.75961920415848, "1310_1335_0": -28.26541069894688}, "angles": {"1310_1296_0": 141.39878584776557, "1310_1335_0": 106.57618424912906, "1310_1316_0": 112.02502990310536}, "adj_sorted": [[1310, 1296, 0], [1310, 1335, 0], [1310, 1316, 0]], "type": "Y", "n_corners": 3}, "geometry": {"type": "Point", "coordinates": [19.054906900000002, 47.570274200000014]}}, {"id": "1316", "type": "Feature", "properties": {"x": 5000836.813498863, "y": 2759181.226038711, "bearings": {"1316_1310_0": -90.27449707312572, "1316_1320_0": 3.963095801039116, "1316_1297_0": 179.42495839693999}, "angles": {"1316_1310_0": 90.30054452993431, "1316_1320_0": 94.23759287416483, "1316_1297_0": 175.46186259590087}, "adj_sorted": [[1316, 1310, 0], [1316, 1320, 0], [1316, 1297, 0]], "type": "T", "n_corners": 2}, "geometry": {"type": "Point", "coordinates": [19.0552713, 47.57120890000001]}}, {"id": "1335", "type": "Feature", "properties": {"x": 5000867.1538082715, "y": 2759050.3241056944, "bearings": {"1335_1310_0": 151.73458930105312, "1335_1382_0": -0.3831428081121169, "1335_1334_0": -90.34817972300094}, "angles": {"1335_1334_0": 117.91723097594593, "1335_1382_0": 89.96503691488883, "1335_1310_0": 152.11773210916525}, "adj_sorted": [[1335, 1334, 0], [1335, 1382, 0], [1335, 1310, 0]], "type": "Y", "n_corners": 3}, "geometry": {"type": "Point", "coordinates": [19.055465699999996, 47.57000750000004]}}, {"id": "1295", "type": "Feature", "properties": {"x": 5000776.933842064, "y": 2758983.903530406, "bearings": {"1295_1296_0": 89.63972455783136, "1295_1334_0": 0.05232191949565163, "1295_1264_0": -147.03582642763868}, "angles": {"1295_1264_0": 123.32444901452996, "1295_1334_0": 147.08814834713434, "1295_1296_0": 89.5874026383357}, "adj_sorted": [[1295, 1264, 0], [1295, 1334, 0], [1295, 1296, 0]], "type": "Y", "n_corners": 3}, "geometry": {"type": "Point", "coordinates": [19.054169999999992, 47.569514000000034]}}, {"id": "1289", "type": "Feature", "properties": {"x": 5000764.656157285, "y": 2758896.512821708, "bearings": {"1289_1341_0": 40.27095952744436, "1289_1270_0": -139.84929332472765, "1289_1317_0": -36.98138580476163}, "angles": {"1289_1270_0": 179.87974714782797, "1289_1317_0": 102.86790751996602, "1289_1341_0": 77.25234533220599}, "adj_sorted": [[1289, 1270, 0], [1289, 1317, 0], [1289, 1341, 0]], "type": "T", "n_corners": 2}, "geometry": {"type": "Point", "coordinates": [19.053870300000003, 47.56874770000004]}}, {"id": "1341", "type": "Feature", "properties": {"x": 5000878.546868602, "y": 2758883.3215162074, "bearings": {"1341_1289_0": 172.34334661081334, "1341_1347_0": 1.2390516385131807, "1341_1336_0": -90.63889246483424}, "angles": {"1341_1336_0": 97.01776092435239, "1341_1347_0": 91.87794410334742, "1341_1289_0": 171.10429497230015}, "adj_sorted": [[1341, 1336, 0], [1341, 1347, 0], [1341, 1289, 0]], "type": "T", "n_corners": 2}, "geometry": {"type": "Point", "coordinates": [19.055353100000012, 47.568504800000014]}}, {"id": "1270", "type": "Feature", "properties": {"x": 5000723.563621778, "y": 2758889.019306654, "bearings": {"1270_1289_0": 39.050472731544744, "1270_1253_0": -140.911936074283, "1270_1264_0": 91.1791426770807}, "angles": {"1270_1253_0": 127.90892124863629, "1270_1289_0": 179.96240880582775, "1270_1264_0": 52.12866994553596}, "adj_sorted": [[1270, 1253, 0], [1270, 1289, 0], [1270, 1264, 0]], "type": "Y", "n_corners": 2}, "geometry": {"type": "Point", "coordinates": [19.053315999999988, 47.56872600000003]}}, {"id": "1317", "type": "Feature", "properties": {"x": 5000836.936511836, "y": 2758795.83584188, "bearings": {"1317_1289_0": 126.0182948927191, "1317_1336_0": 33.043204769494764, "1317_1300_0": -146.97556158227073}, "angles": {"1317_1300_0": 87.0061435250102, "1317_1336_0": 180.0187663517655, "1317_1289_0": 92.97509012322433}, "adj_sorted": [[1317, 1300, 0], [1317, 1336, 0], [1317, 1289, 0]], "type": "T", "n_corners": 2}, "geometry": {"type": "Point", "coordinates": [19.054665999999994, 47.56776990000005]}}, {"id": "1347", "type": "Feature", "properties": {"x": 5000910.1110832095, "y": 2758884.0163633795, "bearings": {"1347_1341_0": -178.73389614012993, "1347_1373_0": -0.524168469462261, "1347_1349_0": 90.51285469868706}, "angles": {"1347_1341_0": 90.75324916118302, "1347_1373_0": 178.20972767066766, "1347_1349_0": 91.03702316814933}, "adj_sorted": [[1347, 1341, 0], [1347, 1373, 0], [1347, 1349, 0]], "type": "T", "n_corners": 2}, "geometry": {"type": "Point", "coordinates": [19.05577089999999, 47.56847630000005]}}, {"id": "1336", "type": "Feature", "properties": {"x": 5000872.716564576, "y": 2758819.104932844, "bearings": {"1336_1341_0": 43.32810101062608, "1336_1317_0": -146.98654151320181, "1336_1339_0": -54.83952302219866}, "angles": {"1336_1317_0": 169.6853574761721, "1336_1339_0": 92.14701849100315, "1336_1341_0": 98.16762403282473}, "adj_sorted": [[1336, 1317, 0], [1336, 1339, 0], [1336, 1341, 0]], "type": "T", "n_corners": 2}, "geometry": {"type": "Point", "coordinates": [19.055174999999995, 47.56793820000005]}}, {"id": "1320", "type": "Feature", "properties": {"x": 5000842.425126133, "y": 2759181.6148099573, "bearings": {"1320_1316_0": -176.03690419896088, "1320_1388_0": -0.43351957722391327, "1320_1325_0": 88.15318126744752}, "angles": {"1320_1316_0": 95.80991453359161, "1320_1388_0": 175.60338462173698, "1320_1325_0": 88.58670084467144}, "adj_sorted": [[1320, 1316, 0], [1320, 1388, 0], [1320, 1325, 0]], "type": "T", "n_corners": 2}, "geometry": {"type": "Point", "coordinates": [19.055345999999993, 47.571206200000034]}}, {"id": "1297", "type": "Feature", "properties": {"x": 5000780.203612993, "y": 2759181.7942155097, "bearings": {"1297_1316_0": -0.5750416030600102, "1297_1255_0": -179.30676706632562, "1297_1275_0": -90.08318594701001}, "angles": {"1297_1255_0": 181.2682745367344, "1297_1275_0": 89.22358111931561, "1297_1316_0": 89.50814434395}, "adj_sorted": [[1297, 1255, 0], [1297, 1275, 0], [1297, 1316, 0]], "type": "T", "n_corners": 2}, "geometry": {"type": "Point", "coordinates": [19.054524799999996, 47.57127620000006]}}, {"id": "1312", "type": "Feature", "properties": {"x": 5000827.1899394905, "y": 2762769.2757022087, "bearings": {"1312_1305_0": -107.38346310270447, "1312_1391_0": -18.36588764927731, "1312_1328_0": 72.19124467882398}, "angles": {"1312_1305_0": 180.42529221847155, "1312_1391_0": 89.01757545342716, "1312_1328_0": 90.55713232810129}, "adj_sorted": [[1312, 1305, 0], [1312, 1391, 0], [1312, 1328, 0]], "type": "T", "n_corners": 2}, "geometry": {"type": "Point", "coordinates": [19.0607997, 47.60323540000002]}}, {"id": "1448", "type": "Feature", "properties": {"x": 5001139.045589834, "y": 2762687.490175919, "bearings": {"1448_1391_0": 161.79824827515657, "1448_1481_0": -17.0172194575421, "1448_1441_0": -106.70026940357434}, "angles": {"1448_1441_0": 91.50148232126912, "1448_1481_0": 89.68304994603224, "1448_1391_0": 178.81546773269866}, "adj_sorted": [[1448, 1441, 0], [1448, 1481, 0], [1448, 1391, 0]], "type": "T", "n_corners": 2}, "geometry": {"type": "Point", "coordinates": [19.064790400000003, 47.60216250000004]}}, {"id": "1328", "type": "Feature", "properties": {"x": 5000855.904554381, "y": 2762859.9636320956, "bearings": {"1328_1312_0": -106.16980675545238, "1328_1477_0": 7.163040415249635, "1328_1226_0": -174.10567223932475}, "angles": {"1328_1226_0": 178.7312873454256, "1328_1312_0": 67.93586548387236, "1328_1477_0": 113.33284717070202}, "adj_sorted": [[1328, 1226, 0], [1328, 1312, 0], [1328, 1477, 0]], "type": "T", "n_corners": 2}, "geometry": {"type": "Point", "coordinates": [19.061322099999995, 47.60401300000003]}}, {"id": "1343", "type": "Feature", "properties": {"x": 5000893.101605056, "y": 2761717.442213511, "bearings": {"1343_1260_0": 152.32531365091802, "1343_1346_0": 45.407057311245616, "1343_1293_0": -134.59294268860796}, "angles": {"1343_1293_0": 73.08174366047399, "1343_1346_0": 179.99999999985357, "1343_1260_0": 106.91825633967241}, "adj_sorted": [[1343, 1293, 0], [1343, 1346, 0], [1343, 1260, 0]], "type": "T", "n_corners": 2}, "geometry": {"type": "Point", "coordinates": [19.0600114532355, 47.593777560890764]}}, {"id": "1346", "type": "Feature", "properties": {"x": 5000907.7685366925, "y": 2761732.4231167436, "bearings": {"1346_1343_0": -133.6651736370643, "1346_1396_0": 47.74510371466602, "1346_1374_0": -43.9905368324271}, "angles": {"1346_1343_0": 178.58972264826969, "1346_1374_0": 89.6746368046372, "1346_1396_0": 91.73564054709311}, "adj_sorted": [[1346, 1343, 0], [1346, 1374, 0], [1346, 1396, 0]], "type": "T", "n_corners": 2}, "geometry": {"type": "Point", "coordinates": [19.06022879999999, 47.59389510000003]}}, {"id": "1293", "type": "Feature", "properties": {"x": 5000770.484972339, "y": 2761593.051665477, "bearings": {"1293_1343_0": 45.411851689053776, "1293_1166_0": -144.09469952678722, "1293_1308_0": -47.20148240487882, "1293_1287_0": 109.03252341040363}, "angles": {"1293_1166_0": 106.87277706280915, "1293_1308_0": 96.8932171219084, "1293_1343_0": 92.6133340939326, "1293_1287_0": 63.62067172134985}, "adj_sorted": [[1293, 1166, 0], [1293, 1308, 0], [1293, 1343, 0], [1293, 1287, 0]], "type": "X", "n_corners": 4}, "geometry": {"type": "Point", "coordinates": [19.058195799999993, 47.59280250000004]}}, {"id": "1166", "type": "Feature", "properties": {"x": 5000548.67218958, "y": 2761432.454714056, "bearings": {"1166_1293_0": 35.90530047321279, "1166_1184_0": -65.79619880696069, "1166_1140_0": -144.02551528762936}, "angles": {"1166_1140_0": 180.06918423915783, "1166_1184_0": 78.22931648066867, "1166_1293_0": 101.70149928017348}, "adj_sorted": [[1166, 1140, 0], [1166, 1184, 0], [1166, 1293, 0]], "type": "T", "n_corners": 2}, "geometry": {"type": "Point", "coordinates": [19.055012999999988, 47.59161340000003]}}, {"id": "1308", "type": "Feature", "properties": {"x": 5000812.535920266, "y": 2761548.9008312533, "bearings": {"1308_1293_0": 134.4274309267647, "1308_1329_0": 43.82316578925858, "1308_1304_0": -96.19160148368415, "1308_1235_0": -140.50429617890526, "1308_1345_0": -24.943195120031433}, "angles": {"1308_1235_0": 85.06827289433, "1308_1304_0": 44.31269469522111, "1308_1345_0": 71.24840636365272, "1308_1329_0": 68.76636090929001, "1308_1293_0": 90.60426513750613}, "adj_sorted": [[1308, 1235, 0], [1308, 1304, 0], [1308, 1345, 0], [1308, 1329, 0], [1308, 1293, 0]], "type": "other", "n_corners": 5}, "geometry": {"type": "Point", "coordinates": [19.058681599999996, 47.5923623]}}, {"id": "1396", "type": "Feature", "properties": {"x": 5000988.794370893, "y": 2761837.4483006466, "bearings": {"1396_1346_0": -102.84465409017497, "1396_1436_0": 1.2532469387806957, "1396_1380_0": -178.74675306252115}, "angles": {"1396_1380_0": 179.99999999869814, "1396_1346_0": 75.90209897234618, "1396_1436_0": 104.09790102895566}, "adj_sorted": [[1396, 1380, 0], [1396, 1346, 0], [1396, 1436, 0]], "type": "T", "n_corners": 2}, "geometry": {"type": "Point", "coordinates": [19.06146464156477, 47.594743089087274]}}, {"id": "1374", "type": "Feature", "properties": {"x": 5000952.343912985, "y": 2761689.391401854, "bearings": {"1374_1346_0": 136.00946316757293, "1374_1397_0": -44.999562353543425, "1374_1427_0": 44.2124461390475, "1374_1329_0": -134.2367337249476}, "angles": {"1374_1329_0": 89.75380310747948, "1374_1397_0": 89.23717137140419, "1374_1427_0": 89.21200849259093, "1374_1346_0": 91.79701702852543}, "adj_sorted": [[1374, 1329, 0], [1374, 1397, 0], [1374, 1427, 0], [1374, 1346, 0]], "type": "X", "n_corners": 4}, "geometry": {"type": "Point", "coordinates": [19.0607497, 47.59346210000004]}}, {"id": "1380", "type": "Feature", "properties": {"x": 5000966.16470105, "y": 2761836.9793096967, "bearings": {"1380_1396_0": 1.0973426918936418, "1380_1315_0": -178.9519737903107, "1380_1379_0": 90.1413456271404}, "angles": {"1380_1315_0": 90.90668058254892, "1380_1396_0": 180.04931648220432, "1380_1379_0": 89.04400293524675}, "adj_sorted": [[1380, 1315, 0], [1380, 1396, 0], [1380, 1379, 0]], "type": "T", "n_corners": 2}, "geometry": {"type": "Point", "coordinates": [19.061164999999992, 47.594763800000045]}}, {"id": "1315", "type": "Feature", "properties": {"x": 5000834.570874179, "y": 2761834.664527615, "bearings": {"1315_1240_0": -178.13860694274183, "1315_1380_0": 0.699736320385786, "1315_1314_0": 91.57144796223237}, "angles": {"1315_1240_0": 90.28994509502581, "1315_1380_0": 178.83834326312763, "1315_1314_0": 90.87171164184659}, "adj_sorted": [[1315, 1240, 0], [1315, 1380, 0], [1315, 1314, 0]], "type": "T", "n_corners": 2}, "geometry": {"type": "Point", "coordinates": [19.0594232, 47.59488789999998]}}, {"id": "1379", "type": "Feature", "properties": {"x": 5000965.464864471, "y": 2762083.014498036, "bearings": {"1379_1380_0": -90.6067739205062, "1379_1314_0": -178.8786582504978, "1379_1429_0": 7.764889394294236}, "angles": {"1379_1314_0": 173.35645235520795, "1379_1380_0": 88.27188432999161, "1379_1429_0": 98.37166331480043}, "adj_sorted": [[1379, 1314, 0], [1379, 1380, 0], [1379, 1429, 0]], "type": "T", "n_corners": 2}, "geometry": {"type": "Point", "coordinates": [19.061543799999995, 47.59695990000005]}}, {"id": "1436", "type": "Feature", "properties": {"x": 5001097.1836445425, "y": 2761839.865122246, "bearings": {"1436_1396_0": -179.4888943352758, "1436_1429_0": 90.13950928599206, "1436_1427_0": -90.14529706293187, "1436_1514_0": 0.5854269973477465}, "angles": {"1436_1396_0": 90.37159637873214, "1436_1427_0": 89.34359727234393, "1436_1514_0": 90.73072406027963, "1436_1429_0": 89.55408228864431}, "adj_sorted": [[1436, 1396, 0], [1436, 1427, 0], [1436, 1514, 0], [1436, 1429, 0]], "type": "X", "n_corners": 4}, "geometry": {"type": "Point", "coordinates": [19.0629001, 47.59464539999998]}}, {"id": "1382", "type": "Feature", "properties": {"x": 5000970.530705738, "y": 2759049.4337558467, "bearings": {"1382_1335_0": 177.97013420189526, "1382_1403_0": -81.84475528195024, "1382_1386_0": 88.7538468780477}, "angles": {"1382_1403_0": 100.18511051615451, "1382_1386_0": 170.59860215999794, "1382_1335_0": 89.21628732384757}, "adj_sorted": [[1382, 1403, 0], [1382, 1386, 0], [1382, 1335, 0]], "type": "T", "n_corners": 2}, "geometry": {"type": "Point", "coordinates": [19.0568291, 47.5698859]}}, {"id": "1403", "type": "Feature", "properties": {"x": 5001014.603723245, "y": 2758991.8815935077, "bearings": {"1403_1382_0": 135.00401919517273, "1403_1407_0": -51.91791289570022, "1403_1421_0": 67.56753892979206, "1403_1435_0": 0.48484227343825675, "1403_1349_0": 179.0037650739042}, "angles": {"1403_1407_0": 129.07832203039558, "1403_1435_0": 52.40275516913847, "1403_1421_0": 67.0826966563538, "1403_1382_0": 67.43648026538067, "1403_1349_0": 43.99974587873146}, "adj_sorted": [[1403, 1407, 0], [1403, 1435, 0], [1403, 1421, 0], [1403, 1382, 0], [1403, 1349, 0]], "type": "other", "n_corners": 5}, "geometry": {"type": "Point", "coordinates": [19.057320299999997, 47.56932390000006]}}, {"id": "1386", "type": "Feature", "properties": {"x": 5000972.035594722, "y": 2759102.146150959, "bearings": {"1386_1382_0": -91.72616030134543, "1386_1419_0": -0.3801927416553778, "1386_1388_0": 88.52304803951556}, "angles": {"1386_1382_0": 179.750791659139, "1386_1419_0": 91.34596755969005, "1386_1388_0": 88.90324078117094}, "adj_sorted": [[1386, 1382, 0], [1386, 1419, 0], [1386, 1388, 0]], "type": "T", "n_corners": 2}, "geometry": {"type": "Point", "coordinates": [19.056931999999996, 47.57035460000003]}}, {"id": "1407", "type": "Feature", "properties": {"x": 5001020.589726068, "y": 2758884.2592608435, "bearings": {"1407_1403_0": 90.0157543104883, "1407_1432_0": 0.5104380418586156, "1407_1406_0": -91.36634952806715, "1407_1373_0": -179.5078956930063}, "angles": {"1407_1373_0": 90.4763499965054, "1407_1406_0": 88.14154616493916, "1407_1432_0": 91.87678756992577, "1407_1403_0": 89.50531626862968}, "adj_sorted": [[1407, 1373, 0], [1407, 1406, 0], [1407, 1432, 0], [1407, 1403, 0]], "type": "X", "n_corners": 4}, "geometry": {"type": "Point", "coordinates": [19.0572298, 47.568357000000034]}}, {"id": "1421", "type": "Feature", "properties": {"x": 5001062.113205699, "y": 2759011.0389655298, "bearings": {"1421_1403_0": -134.60629093054533, "1421_1419_0": 91.01118890242402, "1421_1456_0": 0.02509121824910197}, "angles": {"1421_1403_0": 134.38252016703063, "1421_1456_0": 134.63138214879442, "1421_1419_0": 90.98609768417492}, "adj_sorted": [[1421, 1403, 0], [1421, 1456, 0], [1421, 1419, 0]], "type": "Y", "n_corners": 3}, "geometry": {"type": "Point", "coordinates": [19.05797769999999, 47.569442600000016]}}, {"id": "1435", "type": "Feature", "properties": {"x": 5001096.893711656, "y": 2758933.6152906464, "bearings": {"1435_1403_0": 88.42352186238455, "1435_1432_0": -90.26256159213413, "1435_1476_0": 1.916132080298112}, "angles": {"1435_1432_0": 181.31391654548133, "1435_1476_0": 92.17869367243225, "1435_1403_0": 86.50738978208643}, "adj_sorted": [[1435, 1432, 0], [1435, 1476, 0], [1435, 1403, 0]], "type": "T", "n_corners": 2}, "geometry": {"type": "Point", "coordinates": [19.058314900000003, 47.568713500000044]}}, {"id": "1349", "type": "Feature", "properties": {"x": 5000911.24493533, "y": 2758943.3397816652, "bearings": {"1349_1347_0": -91.35541675224997, "1349_1403_0": 4.7468564223725895, "1349_1334_0": 135.93032183672997}, "angles": {"1349_1347_0": 132.71426141102006, "1349_1403_0": 96.10227317462255, "1349_1334_0": 131.18346541435739}, "adj_sorted": [[1349, 1347, 0], [1349, 1403, 0], [1349, 1334, 0]], "type": "Y", "n_corners": 3}, "geometry": {"type": "Point", "coordinates": [19.055879299999994, 47.5690044]}}, {"id": "1429", "type": "Feature", "properties": {"x": 5001095.75326718, "y": 2762087.850722553, "bearings": {"1429_1379_0": -179.5614513499693, "1429_1436_0": -89.55558728676843, "1429_1546_0": 1.0130578728200246, "1429_1446_0": 86.97445466698382}, "angles": {"1429_1379_0": 93.4640939830469, "1429_1436_0": 90.00586406320087, "1429_1546_0": 90.56864515958846, "1429_1446_0": 85.96139679416379}, "adj_sorted": [[1429, 1379, 0], [1429, 1436, 0], [1429, 1546, 0], [1429, 1446, 0]], "type": "X", "n_corners": 4}, "geometry": {"type": "Point", "coordinates": [19.063272400000002, 47.59685970000002]}}, {"id": "1427", "type": "Feature", "properties": {"x": 5001093.736784197, "y": 2761774.583839221, "bearings": {"1427_1374_0": 176.56821039587902, "1427_1436_0": 86.78667457442778, "1427_1426_0": -94.59810586416982, "1427_1512_0": -5.117366392861568}, "angles": {"1427_1426_0": 88.83368373995114, "1427_1512_0": 89.48073947130825, "1427_1436_0": 91.90404096728935, "1427_1374_0": 89.78153582145124}, "adj_sorted": [[1427, 1426, 0], [1427, 1512, 0], [1427, 1436, 0], [1427, 1374, 0]], "type": "X", "n_corners": 4}, "geometry": {"type": "Point", "coordinates": [19.0627516, 47.594066700000035]}}, {"id": "1514", "type": "Feature", "properties": {"x": 5001276.506712222, "y": 2761842.873064349, "bearings": {"1514_1436_0": -179.1565524082138, "1514_1512_0": -96.43727640876739, "1514_1543_0": 0.39928250335838056}, "angles": {"1514_1436_0": 180.4441650884278, "1514_1512_0": 82.71927599944641, "1514_1543_0": 96.83655891212577}, "adj_sorted": [[1514, 1436, 0], [1514, 1512, 0], [1514, 1543, 0]], "type": "T", "n_corners": 2}, "geometry": {"type": "Point", "coordinates": [19.0652734, 47.59447490000005]}}, {"id": "1419", "type": "Feature", "properties": {"x": 5001060.511678539, "y": 2759101.7749493336, "bearings": {"1419_1386_0": 179.79992593440147, "1419_1421_0": -88.98881109757598, "1419_1461_0": -0.2644984521771403, "1419_1417_0": 88.9496022150038}, "angles": {"1419_1421_0": 91.21126296802254, "1419_1461_0": 88.72431264539884, "1419_1417_0": 89.21410066718093, "1419_1386_0": 90.85032371939768}, "adj_sorted": [[1419, 1421, 0], [1419, 1461, 0], [1419, 1417, 0], [1419, 1386, 0]], "type": "X", "n_corners": 4}, "geometry": {"type": "Point", "coordinates": [19.0580995, 47.57025400000003]}}, {"id": "1388", "type": "Feature", "properties": {"x": 5000972.33601615, "y": 2759180.6318407166, "bearings": {"1388_1320_0": 179.5664804227761, "1388_1386_0": -89.69765321975586, "1388_1417_0": -0.3354726114776044, "1388_1390_0": 88.76132418332088}, "angles": {"1388_1386_0": 90.73586635746801, "1388_1417_0": 89.36218060827827, "1388_1390_0": 89.09679679479848, "1388_1320_0": 90.80515623945521}, "adj_sorted": [[1388, 1386, 0], [1388, 1417, 0], [1388, 1390, 0], [1388, 1320, 0]], "type": "X", "n_corners": 4}, "geometry": {"type": "Point", "coordinates": [19.057059599999995, 47.5710546]}}, {"id": "1461", "type": "Feature", "properties": {"x": 5001148.269517514, "y": 2759103.6411989476, "bearings": {"1461_1464_0": 84.94437328268371, "1461_1469_0": -49.886420407010846, "1461_1419_0": -173.36762039678862}, "angles": {"1461_1419_0": 101.68800632052768, "1461_1469_0": 123.48119998977778, "1461_1464_0": 134.83079368969456}, "adj_sorted": [[1461, 1419, 0], [1461, 1469, 0], [1461, 1464, 0]], "type": "Y", "n_corners": 3}, "geometry": {"type": "Point", "coordinates": [19.059261038791192, 47.57017414223345]}}, {"id": "1417", "type": "Feature", "properties": {"x": 5001053.359873073, "y": 2759180.4967173273, "bearings": {"1417_1464_0": 0.3472807300136895, "1417_1419_0": -86.64055243899293, "1417_1388_0": 179.91947352402278, "1417_1418_0": 89.32243291254746}, "angles": {"1417_1419_0": 93.43997403698427, "1417_1464_0": 86.98783316900662, "1417_1418_0": 88.97515218253376, "1417_1388_0": 90.59704061147532}, "adj_sorted": [[1417, 1419, 0], [1417, 1464, 0], [1417, 1418, 0], [1417, 1388, 0]], "type": "X", "n_corners": 4}, "geometry": {"type": "Point", "coordinates": [19.058129099999995, 47.570964300000036]}}, {"id": "1418", "type": "Feature", "properties": {"x": 5001055.280706293, "y": 2759366.5565066827, "bearings": {"1418_1417_0": -90.50102141185455, "1418_1390_0": -178.8891025174726, "1418_1458_0": 0.23900006430320356}, "angles": {"1418_1390_0": 180.8718974182242, "1418_1417_0": 88.38808110561804, "1418_1458_0": 90.74002147615775}, "adj_sorted": [[1418, 1390, 0], [1418, 1417, 0], [1418, 1458, 0]], "type": "T", "n_corners": 2}, "geometry": {"type": "Point", "coordinates": [19.0584476, 47.572622400000036]}}, {"id": "1432", "type": "Feature", "properties": {"x": 5001096.547171238, "y": 2758859.012644635, "bearings": {"1432_1407_0": 141.7941475678438, "1432_1435_0": 89.75005148011881, "1432_1473_0": -38.13789575248392, "1432_1437_0": -89.2345915088641}, "angles": {"1432_1437_0": 128.9712609232921, "1432_1473_0": 51.09669575638018, "1432_1435_0": 127.88794723260273, "1432_1407_0": 52.04409608772498}, "adj_sorted": [[1432, 1437, 0], [1432, 1473, 0], [1432, 1435, 0], [1432, 1407, 0]], "type": "X", "n_corners": 4}, "geometry": {"type": "Point", "coordinates": [19.0581928, 47.56804820000004]}}, {"id": "1476", "type": "Feature", "properties": {"x": 5001177.557461898, "y": 2758921.8042365764, "bearings": {"1476_1435_0": 142.916746643891, "1476_1473_0": -90.85841231630522, "1476_1471_0": 90.41214232657106, "1476_1486_0": -38.13892178064178}, "angles": {"1476_1473_0": 126.22484103980378, "1476_1486_0": 52.71949053566344, "1476_1471_0": 128.55106410721282, "1476_1435_0": 52.504604317319945}, "adj_sorted": [[1476, 1473, 0], [1476, 1486, 0], [1476, 1471, 0], [1476, 1435, 0]], "type": "X", "n_corners": 4}, "geometry": {"type": "Point", "coordinates": [19.05936119999999, 47.568519400000035]}}, {"id": "1481", "type": "Feature", "properties": {"x": 5001196.962701921, "y": 2762669.6867557536, "bearings": {"1481_1480_0": -89.29207229180228, "1481_1448_0": 162.55433142199206, "1481_1477_0": 91.12937625235514}, "angles": {"1481_1480_0": 108.15359628620564, "1481_1477_0": 180.42144854415744, "1481_1448_0": 71.42495516963692}, "adj_sorted": [[1481, 1480, 0], [1481, 1477, 0], [1481, 1448, 0]], "type": "T", "n_corners": 2}, "geometry": {"type": "Point", "coordinates": [19.065527399999997, 47.60193990000004]}}, {"id": "1441", "type": "Feature", "properties": {"x": 5001115.565721542, "y": 2762609.527529232, "bearings": {"1441_1442_0": -77.99009322218875, "1441_1448_0": 73.24193111344907, "1441_1430_0": 163.90688300924305}, "angles": {"1441_1442_0": 118.10302376856822, "1441_1448_0": 151.23202433563782, "1441_1430_0": 90.66495189579398}, "adj_sorted": [[1441, 1442, 0], [1441, 1448, 0], [1441, 1430, 0]], "type": "Y", "n_corners": 3}, "geometry": {"type": "Point", "coordinates": [19.0643572, 47.60149270000005]}}, {"id": "1456", "type": "Feature", "properties": {"x": 5001146.982163808, "y": 2759011.0761317173, "bearings": {"1456_1469_0": 88.95106312611163, "1456_1421_0": -179.97490878175088, "1456_1471_0": 0.031071582862082267}, "angles": {"1456_1421_0": 91.0740280921375, "1456_1471_0": 180.00598036461295, "1456_1469_0": 88.91999154324955}, "adj_sorted": [[1456, 1421, 0], [1456, 1471, 0], [1456, 1469, 0]], "type": "T", "n_corners": 2}, "geometry": {"type": "Point", "coordinates": [19.0590982, 47.569349600000024]}}, {"id": "1471", "type": "Feature", "properties": {"x": 5001177.028724072, "y": 2759011.0924260113, "bearings": {"1471_1484_0": 0.0479705289949742, "1471_1476_0": -89.83934423216598, "1471_1456_0": -179.96892841713793}, "angles": {"1471_1456_0": 179.9831010538671, "1471_1476_0": 90.12958418497195, "1471_1484_0": 89.88731476116097}, "adj_sorted": [[1471, 1456, 0], [1471, 1476, 0], [1471, 1484, 0]], "type": "T", "n_corners": 2}, "geometry": {"type": "Point", "coordinates": [19.059494899999997, 47.56931670000004]}}, {"id": "1458", "type": "Feature", "properties": {"x": 5001147.8205585275, "y": 2759366.945862112, "bearings": {"1458_1492_0": 0.4348862380938529, "1458_1464_0": -88.89469104923371, "1458_1418_0": -179.71802971844883, "1458_1467_0": 84.20534665069505}, "angles": {"1458_1418_0": 96.07662363085615, "1458_1464_0": 90.82333866921512, "1458_1492_0": 89.32957728732757, "1458_1467_0": 83.7704604126012}, "adj_sorted": [[1458, 1418, 0], [1458, 1464, 0], [1458, 1492, 0], [1458, 1467, 0]], "type": "X", "n_corners": 4}, "geometry": {"type": "Point", "coordinates": [19.059669999999997, 47.57252410000005]}}, {"id": "1473", "type": "Feature", "properties": {"x": 5001177.1931160055, "y": 2758795.6919682687, "bearings": {"1473_1432_0": 141.8621042475161, "1473_1476_0": 90.35725270226808, "1473_1475_0": -89.8327484628679}, "angles": {"1473_1475_0": 128.305147289616, "1473_1476_0": 180.19000116513598, "1473_1432_0": 51.504851545248016}, "adj_sorted": [[1473, 1475, 0], [1473, 1476, 0], [1473, 1432, 0]], "type": "Y", "n_corners": 2}, "geometry": {"type": "Point", "coordinates": [19.059157699999997, 47.56739450000005]}}, {"id": "1486", "type": "Feature", "properties": {"x": 5001207.102923603, "y": 2758898.605207801, "bearings": {"1486_1505_0": -39.53972209492188, "1486_1484_0": 89.63665092132683, "1486_1476_0": 141.8610782193582}, "angles": {"1486_1505_0": 178.59919968571992, "1486_1484_0": 129.1763730162487, "1486_1476_0": 52.22442729803137}, "adj_sorted": [[1486, 1505, 0], [1486, 1484, 0], [1486, 1476, 0]], "type": "Y", "n_corners": 2}, "geometry": {"type": "Point", "coordinates": [19.059714699999997, 47.56827990000006]}}, {"id": "1475", "type": "Feature", "properties": {"x": 5001177.265290426, "y": 2758770.967065806, "bearings": {"1475_1474_0": -90.2322853103641, "1475_1503_0": 0.24034564456470703, "1475_1473_0": 90.16725153713212}, "angles": {"1475_1474_0": 179.60046315250378, "1475_1503_0": 90.47263095492882, "1475_1473_0": 89.9269058925674}, "adj_sorted": [[1475, 1474, 0], [1475, 1503, 0], [1475, 1473, 0]], "type": "T", "n_corners": 2}, "geometry": {"type": "Point", "coordinates": [19.059119699999997, 47.56717380000002]}}, {"id": "1550", "type": "Feature", "properties": {"x": 5001443.899962682, "y": 2763016.157853159, "bearings": {"1550_1570_0": 82.35477861600717, "1550_1544_0": -95.81479290729364, "1550_1569_0": -8.797478354092544}, "angles": {"1550_1544_0": 181.83042847669918, "1550_1569_0": 87.01731455320109, "1550_1570_0": 91.15225697009971}, "adj_sorted": [[1550, 1544, 0], [1550, 1569, 0], [1550, 1570, 0]], "type": "T", "n_corners": 2}, "geometry": {"type": "Point", "coordinates": [19.0693365, 47.60475950000003]}}, {"id": "1570", "type": "Feature", "properties": {"x": 5001751.513980569, "y": 2763229.224241543, "bearings": {"1570_1550_0": 170.42523070793686, "1570_1571_0": 68.61431612766971, "1570_1569_0": -112.25691625473964}, "angles": {"1570_1569_0": 77.31785303732352, "1570_1571_0": 180.87123238240935, "1570_1550_0": 101.81091458026715}, "adj_sorted": [[1570, 1569, 0], [1570, 1571, 0], [1570, 1550, 0]], "type": "T", "n_corners": 2}, "geometry": {"type": "Point", "coordinates": [19.073736899999993, 47.606321799999996]}}, {"id": "1544", "type": "Feature", "properties": {"x": 5001418.10505854, "y": 2762926.711048767, "bearings": {"1544_1550_0": 6.1953799389028505, "1544_1477_0": -173.5643130326868, "1544_1545_0": -102.77571424226167}, "angles": {"1544_1477_0": 180.24030702841034, "1544_1545_0": 70.78859879042514, "1544_1550_0": 108.97109418116452}, "adj_sorted": [[1544, 1477, 0], [1544, 1545, 0], [1544, 1550, 0]], "type": "T", "n_corners": 2}, "geometry": {"type": "Point", "coordinates": [19.068854499999997, 47.60398980000004]}}, {"id": "1569", "type": "Feature", "properties": {"x": 5001649.6049881205, "y": 2762979.2339896136, "bearings": {"1569_1550_0": 153.17740412331773, "1569_1570_0": 67.44965628204832, "1569_1543_0": -110.5460717132531}, "angles": {"1569_1543_0": 96.27652416342914, "1569_1570_0": 177.99572799530142, "1569_1550_0": 85.7277478412694}, "adj_sorted": [[1569, 1543, 0], [1569, 1570, 0], [1569, 1550, 0]], "type": "T", "n_corners": 2}, "geometry": {"type": "Point", "coordinates": [19.0719957, 47.60420350000002]}}, {"id": "42", "type": "Feature", "properties": {"x": 4996825.370299173, "y": 2760017.804386108, "bearings": {"42_35_0": -143.31801496767838, "42_127_0": 36.65500586267772, "42_115_0": -29.787163701761138}, "angles": {"42_35_0": 180.0269791696439, "42_115_0": 113.53085126591725, "42_127_0": 66.44216956443886}, "adj_sorted": [[42, 35, 0], [42, 115, 0], [42, 127, 0]], "type": "T", "n_corners": 2}, "geometry": {"type": "Point", "coordinates": [19.0036163, 47.58307150000006]}}, {"id": "127", "type": "Feature", "properties": {"x": 4997545.329131152, "y": 2759784.102610662, "bearings": {"127_42_0": 156.24357084514773, "127_162_0": -27.452428808543903, "127_115_0": -118.62877960999717, "127_138_0": 60.14789039224543}, "angles": {"127_115_0": 85.1276495448551, "127_162_0": 91.17635080145327, "127_138_0": 87.60031920078933, "127_42_0": 96.0956804529023}, "adj_sorted": [[127, 115, 0], [127, 162, 0], [127, 138, 0], [127, 42, 0]], "type": "X", "n_corners": 4}, "geometry": {"type": "Point", "coordinates": [19.012757800000003, 47.58019860000002]}}, {"id": "115", "type": "Feature", "properties": {"x": 4997469.0851472, "y": 2759649.7396808146, "bearings": {"115_42_0": 152.45528736502536, "115_127_0": 21.191029754521008, "115_154_0": -29.31885201168757, "115_107_0": -157.462916313759}, "angles": {"115_107_0": 50.08179632121562, "115_154_0": 128.14406430207143, "115_127_0": 50.50988176620858, "115_42_0": 131.26425761050436}, "adj_sorted": [[115, 107, 0], [115, 154, 0], [115, 127, 0], [115, 42, 0]], "type": "X", "n_corners": 4}, "geometry": {"type": "Point", "coordinates": [19.011540300000004, 47.57908300000005]}}, {"id": "162", "type": "Feature", "properties": {"x": 4997874.96210626, "y": 2759642.8013230762, "bearings": {"162_127_0": 158.25906863597137, "162_163_0": -15.642337093395907, "162_184_0": 64.57808589026192}, "angles": {"162_163_0": 186.09859427063273, "162_184_0": 80.22042298365783, "162_127_0": 93.68098274570946}, "adj_sorted": [[162, 163, 0], [162, 184, 0], [162, 127, 0]], "type": "T", "n_corners": 2}, "geometry": {"type": "Point", "coordinates": [19.016889100000004, 47.57857690000001]}}, {"id": "138", "type": "Feature", "properties": {"x": 4997624.499104652, "y": 2759916.4279505815, "bearings": {"138_127_0": -121.79057537971329, "138_152_0": 55.241549572456016, "138_173_0": -27.062436855126162, "138_79_0": 150.65408381422304}, "angles": {"138_127_0": 87.55534080606367, "138_173_0": 94.72813852458712, "138_152_0": 82.30398642758217, "138_79_0": 95.41253424176702}, "adj_sorted": [[138, 127, 0], [138, 173, 0], [138, 152, 0], [138, 79, 0]], "type": "X", "n_corners": 4}, "geometry": {"type": "Point", "coordinates": [19.0140108, 47.58129280000006]}}, {"id": "172", "type": "Feature", "properties": {"x": 4997913.508556042, "y": 2755532.0811893875, "bearings": {"172_221_0": -126.35817150686228, "172_47_0": 76.73549804336278, "172_208_0": 26.519359075943168}, "angles": {"172_221_0": 156.90633044977494, "172_208_0": 152.87753058280543, "172_47_0": 50.21613896741961}, "adj_sorted": [[172, 221, 0], [172, 208, 0], [172, 47, 0]], "type": "Y", "n_corners": 3}, "geometry": {"type": "Point", "coordinates": [19.01095529999999, 47.541851400000006]}}, {"id": "238", "type": "Feature", "properties": {"x": 4998271.198164464, "y": 2755118.9508954166, "bearings": {"238_221_0": 171.96206146463285, "238_286_0": -23.982447067233124, "238_280_0": -0.8376123414051987}, "angles": {"238_286_0": 164.05549146813402, "238_280_0": 23.144834725827927, "238_221_0": 172.79967380603804}, "adj_sorted": [[238, 286, 0], [238, 280, 0], [238, 221, 0]], "type": "Y", "n_corners": 2}, "geometry": {"type": "Point", "coordinates": [19.015028099999995, 47.5377733]}}, {"id": "140", "type": "Feature", "properties": {"x": 4997628.669598628, "y": 2758833.863026687, "bearings": {"140_151_0": -27.995461001169815, "140_120_0": 146.95963032779457, "140_121_0": -121.83006432593996}, "angles": {"140_121_0": 91.2103053462655, "140_151_0": 93.83460332477014, "140_120_0": 174.9550913289644}, "adj_sorted": [[140, 121, 0], [140, 151, 0], [140, 120, 0]], "type": "T", "n_corners": 2}, "geometry": {"type": "Point", "coordinates": [19.012368499999997, 47.571627700000015]}}, {"id": "151", "type": "Feature", "properties": {"x": 4997750.442338478, "y": 2758880.4182515033, "bearings": {"151_140_0": -136.95530653059294, "151_168_0": 46.602077008422405, "151_166_0": -47.702288784270706, "151_134_0": 134.94654598135202}, "angles": {"151_140_0": 88.09814748805502, "151_166_0": 89.25301774632223, "151_168_0": 94.30436579269312, "151_134_0": 88.3444689729296}, "adj_sorted": [[151, 140, 0], [151, 166, 0], [151, 168, 0], [151, 134, 0]], "type": "X", "n_corners": 4}, "geometry": {"type": "Point", "coordinates": [19.014049300000003, 47.57190990000001]}}, {"id": "120", "type": "Feature", "properties": {"x": 4997507.59247986, "y": 2758942.9237490017, "bearings": {"120_140_0": -45.84905258755315, "120_111_0": -131.55813589066707, "120_125_0": 50.46760512428953, "120_85_0": 166.93591626242323}, "angles": {"120_111_0": 61.50594784690969, "120_140_0": 85.70908330311391, "120_125_0": 96.31665771184268, "120_85_0": 116.46831113813371}, "adj_sorted": [[120, 111, 0], [120, 140, 0], [120, 125, 0], [120, 85, 0]], "type": "other", "n_corners": 4}, "geometry": {"type": "Point", "coordinates": [19.010940799999993, 47.572733400000004]}}, {"id": "168", "type": "Feature", "properties": {"x": 4997894.369537338, "y": 2759015.3307772875, "bearings": {"168_149_0": 126.34311026066919, "168_151_0": -138.7721278836931, "168_193_0": -53.13545317670281}, "angles": {"168_151_0": 94.88476185563775, "168_193_0": 85.63667470699028, "168_149_0": 179.478563437372}, "adj_sorted": [[168, 151, 0], [168, 193, 0], [168, 149, 0]], "type": "T", "n_corners": 2}, "geometry": {"type": "Point", "coordinates": [19.0161612, 47.57295629999999]}}, {"id": "166", "type": "Feature", "properties": {"x": 4997883.719929468, "y": 2758809.5583061674, "bearings": {"166_151_0": 153.06136071254494, "166_180_0": -22.346459762717807, "166_161_0": -117.07423324416933}, "angles": {"166_161_0": 89.86440604328573, "166_180_0": 94.72777348145152, "166_151_0": 175.40782047526275}, "adj_sorted": [[166, 161, 0], [166, 180, 0], [166, 151, 0]], "type": "T", "n_corners": 2}, "geometry": {"type": "Point", "coordinates": [19.015697900000003, 47.571131700000066]}}, {"id": "134", "type": "Feature", "properties": {"x": 4997590.288091116, "y": 2759039.706865352, "bearings": {"134_149_0": 48.37865809916165, "134_151_0": -43.5328174376472, "134_125_0": -131.11533175204144}, "angles": {"134_125_0": 180.50601014879692, "134_151_0": 87.58251431439425, "134_149_0": 91.91147553680885}, "adj_sorted": [[134, 125, 0], [134, 151, 0], [134, 149, 0]], "type": "T", "n_corners": 2}, "geometry": {"type": "Point", "coordinates": [19.01218439999999, 47.57350660000001]}}, {"id": "152", "type": "Feature", "properties": {"x": 4997750.955623162, "y": 2760033.756512695, "bearings": {"152_138_0": 148.9459799411268, "152_182_0": -30.30618654090988, "152_192_0": 59.49975579142286}, "angles": {"152_182_0": 180.7478335179633, "152_192_0": 89.80594233233273, "152_138_0": 89.44622414970395}, "adj_sorted": [[152, 182, 0], [152, 192, 0], [152, 138, 0]], "type": "T", "n_corners": 2}, "geometry": {"type": "Point", "coordinates": [19.015864799999996, 47.5822014]}}, {"id": "173", "type": "Feature", "properties": {"x": 4997915.257032613, "y": 2759767.740213769, "bearings": {"173_138_0": 151.3036682077328, "173_188_0": 59.947830861736186, "173_169_0": -119.23889659034622}, "angles": {"173_169_0": 89.45743520192099, "173_188_0": 179.1867274520824, "173_138_0": 91.35583734599663}, "adj_sorted": [[173, 169, 0], [173, 188, 0], [173, 138, 0]], "type": "T", "n_corners": 2}, "geometry": {"type": "Point", "coordinates": [19.0176172, 47.57964770000005]}}, {"id": "182", "type": "Feature", "properties": {"x": 4997962.719345018, "y": 2759911.7468280904, "bearings": {"182_152_0": 152.17073074849864, "182_188_0": -44.41178285701183, "182_189_0": 76.91560723545737}, "angles": {"182_188_0": 163.41748639448952, "182_189_0": 121.3273900924692, "182_152_0": 75.25512351304127}, "adj_sorted": [[182, 188, 0], [182, 189, 0], [182, 152, 0]], "type": "Y", "n_corners": 3}, "geometry": {"type": "Point", "coordinates": [19.0184699, 47.580880799999996]}}, {"id": "192", "type": "Feature", "properties": {"x": 4998009.438111542, "y": 2760106.0799039863, "bearings": {"192_152_0": 148.94845941795265, "192_189_0": -103.13952150052135, "192_195_0": 67.76624918517874}, "angles": {"192_189_0": 107.91201908152601, "192_195_0": 170.90577068570008, "192_152_0": 81.18221023277391}, "adj_sorted": [[192, 189, 0], [192, 195, 0], [192, 152, 0]], "type": "T", "n_corners": 2}, "geometry": {"type": "Point", "coordinates": [19.01939179999999, 47.582563800000024]}}, {"id": "189", "type": "Feature", "properties": {"x": 4997987.9259593915, "y": 2760013.9249378247, "bearings": {"189_182_0": -104.4230767881704, "189_192_0": 76.86047849947866, "189_198_0": -21.497501147463186}, "angles": {"189_182_0": 178.71644471235095, "189_198_0": 82.92557564070722, "189_192_0": 98.35797964694184}, "adj_sorted": [[189, 182, 0], [189, 198, 0], [189, 192, 0]], "type": "T", "n_corners": 2}, "geometry": {"type": "Point", "coordinates": [19.0189631, 47.581765]}}, {"id": "195", "type": "Feature", "properties": {"x": 4998025.227539103, "y": 2760169.472432024, "bearings": {"195_192_0": -101.28946193667345, "195_201_0": 145.49204008331594, "195_201_1": 64.04069453703524}, "angles": {"195_192_0": 113.21849798001062, "195_201_1": 165.33015647370868, "195_201_0": 81.4513455462807}, "adj_sorted": [[195, 192, 0], [195, 201, 1], [195, 201, 0]], "type": "T", "n_corners": 2}, "geometry": {"type": "Point", "coordinates": [19.019699799999998, 47.583112200000016]}}, {"id": "250", "type": "Feature", "properties": {"x": 4998338.066704855, "y": 2756081.9956476083, "bearings": {"250_303_0": 10.866543255272815, "250_259_0": -74.7441710380239, "250_248_0": 106.38168974277919}, "angles": {"250_259_0": 178.87413921919693, "250_303_0": 85.61071429329671, "250_248_0": 95.51514648750637}, "adj_sorted": [[250, 259, 0], [250, 303, 0], [250, 248, 0]], "type": "T", "n_corners": 2}, "geometry": {"type": "Point", "coordinates": [19.017419399999994, 47.54629419999999]}}, {"id": "303", "type": "Feature", "properties": {"x": 4998559.290689514, "y": 2755871.2000943655, "bearings": {"303_250_0": 105.5081004035875, "303_310_0": -71.57423283412827, "303_259_0": -175.59739948138667, "303_350_0": 38.85671917597177}, "angles": {"303_259_0": 78.89450011502583, "303_310_0": 104.0231666472584, "303_350_0": 110.43095201010004, "303_250_0": 66.65138122761573}, "adj_sorted": [[303, 259, 0], [303, 310, 0], [303, 350, 0], [303, 250, 0]], "type": "other", "n_corners": 4}, "geometry": {"type": "Point", "coordinates": [19.0200084, 47.54417090000004]}}, {"id": "259", "type": "Feature", "properties": {"x": 4998405.669660137, "y": 2755865.3515189043, "bearings": {"259_250_0": 127.8646229740523, "259_303_0": 9.305400101544347, "259_277_0": -72.09018136224017}, "angles": {"259_277_0": 160.04519566370755, "259_303_0": 81.39558146378452, "259_250_0": 118.55922287250795}, "adj_sorted": [[259, 277, 0], [259, 303, 0], [259, 250, 0]], "type": "Y", "n_corners": 3}, "geometry": {"type": "Point", "coordinates": [19.017972000000004, 47.544286900000046]}}, {"id": "248", "type": "Feature", "properties": {"x": 4998329.396087047, "y": 2756111.4906768505, "bearings": {"248_230_0": 107.12290171924693, "248_250_0": -73.61831025722081, "248_228_0": -162.25704105175626}, "angles": {"248_228_0": 90.62005722899681, "248_250_0": 88.63873079453545, "248_230_0": 180.74121197646775}, "adj_sorted": [[248, 228, 0], [248, 250, 0], [248, 230, 0]], "type": "T", "n_corners": 2}, "geometry": {"type": "Point", "coordinates": [19.017351199999997, 47.54656690000002]}}, {"id": "310", "type": "Feature", "properties": {"x": 4998584.520803443, "y": 2755794.43081183, "bearings": {"310_303_0": 107.07546131683198, "310_312_0": -72.50645078328772, "310_353_0": 13.380921732902168}, "angles": {"310_312_0": 180.4180878998803, "310_353_0": 85.88737251618988, "310_303_0": 93.69453958392981}, "adj_sorted": [[310, 312, 0], [310, 353, 0], [310, 303, 0]], "type": "T", "n_corners": 2}, "geometry": {"type": "Point", "coordinates": [19.02022099999999, 47.543458200000025]}}, {"id": "350", "type": "Feature", "properties": {"x": 4998773.517214005, "y": 2755948.9486322217, "bearings": {"350_303_0": -142.711941397045, "350_353_0": -89.30643486250972, "350_409_0": 64.07456494796388}, "angles": {"350_303_0": 153.2134936549911, "350_353_0": 53.40550653453528, "350_409_0": 153.3809998104736}, "adj_sorted": [[350, 303, 0], [350, 353, 0], [350, 409, 0]], "type": "Y", "n_corners": 3}, "geometry": {"type": "Point", "coordinates": [19.0229573, 47.54463009999999]}}, {"id": "389", "type": "Feature", "properties": {"x": 4998936.701284964, "y": 2754341.1255022297, "bearings": {"389_361_0": -162.11262982569593, "389_424_0": 16.532693655575773, "389_382_0": 106.67188830686092}, "angles": {"389_361_0": 91.21548186744315, "389_424_0": 178.6453234812717, "389_382_0": 90.13919465128515}, "adj_sorted": [[389, 361, 0], [389, 424, 0], [389, 382, 0]], "type": "T", "n_corners": 2}, "geometry": {"type": "Point", "coordinates": [19.022589799999995, 47.530103500000074]}}, {"id": "358", "type": "Feature", "properties": {"x": 4998799.441027832, "y": 2754371.0769584766, "bearings": {"358_361_0": -76.90611271721892, "358_354_0": 102.93144574992162, "358_382_0": 17.828578383681958}, "angles": {"358_361_0": 180.16244153285948, "358_382_0": 94.73469110090087, "358_354_0": 85.10286736623966}, "adj_sorted": [[358, 361, 0], [358, 382, 0], [358, 354, 0]], "type": "T", "n_corners": 2}, "geometry": {"type": "Point", "coordinates": [19.0208259, 47.5305211]}}, {"id": "382", "type": "Feature", "properties": {"x": 4998916.460450296, "y": 2754408.7121795584, "bearings": {"382_389_0": -73.32811169313909, "382_358_0": -162.17142161631804, "382_403_0": 15.044598086153844, "382_380_0": 106.91259917431515}, "angles": {"382_358_0": 90.91597920936681, "382_389_0": 88.84330992317895, "382_403_0": 88.37270977929293, "382_380_0": 91.86800108816131}, "adj_sorted": [[382, 358, 0], [382, 389, 0], [382, 403, 0], [382, 380, 0]], "type": "X", "n_corners": 4}, "geometry": {"type": "Point", "coordinates": [19.0224287, 47.53072880000002]}}, {"id": "512", "type": "Feature", "properties": {"x": 4999368.385780351, "y": 2762468.3242362333, "bearings": {"512_522_0": 67.19288736687459, "512_438_0": -164.77864122246072, "512_505_0": -22.44324777690806, "512_510_0": 157.63753397140937}, "angles": {"512_438_0": 37.58382480612988, "512_505_0": 142.33539344555265, "512_522_0": 89.63613514378264, "512_510_0": 90.44464660453478}, "adj_sorted": [[512, 438, 0], [512, 505, 0], [512, 522, 0], [512, 510, 0]], "type": "other", "n_corners": 4}, "geometry": {"type": "Point", "coordinates": [19.041053799999993, 47.6021531]}}, {"id": "438", "type": "Feature", "properties": {"x": 4999114.7865090845, "y": 2762458.4257927295, "bearings": {"438_512_0": -20.82280438194744, "438_417_0": -104.62925095332211, "438_398_0": 158.55813962983683}, "angles": {"438_417_0": 96.81260941684104, "438_512_0": 83.80644657137468, "438_398_0": 179.38094401178427}, "adj_sorted": [[438, 417, 0], [438, 512, 0], [438, 398, 0]], "type": "T", "n_corners": 2}, "geometry": {"type": "Point", "coordinates": [19.037688, 47.60234310000002]}}, {"id": "505", "type": "Feature", "properties": {"x": 4999351.390018953, "y": 2762349.5258426336, "bearings": {"505_512_0": 68.26317381917161, "505_600_0": -19.048673331330576, "505_447_0": 160.1056745985412}, "angles": {"505_600_0": 180.8456520701282, "505_512_0": 87.31184715050219, "505_447_0": 91.8425007793696}, "adj_sorted": [[505, 600, 0], [505, 512, 0], [505, 447, 0]], "type": "T", "n_corners": 2}, "geometry": {"type": "Point", "coordinates": [19.04064229999999, 47.601111700000004]}}, {"id": "417", "type": "Feature", "properties": {"x": 4999066.429818325, "y": 2762318.032478933, "bearings": {"417_438_0": 70.33227720607267, "417_564_0": -25.403840897470996, "417_401_0": 152.79303901940213}, "angles": {"417_564_0": 181.80312008312688, "417_438_0": 95.73611810354367, "417_401_0": 82.46076181332946}, "adj_sorted": [[417, 564, 0], [417, 438, 0], [417, 401, 0]], "type": "T", "n_corners": 2}, "geometry": {"type": "Point", "coordinates": [19.036828300000007, 47.601143400000005]}}, {"id": "463", "type": "Feature", "properties": {"x": 4999224.424417031, "y": 2760903.9122614586, "bearings": {"463_452_0": -160.56889210353606, "463_484_0": 19.730016269179952, "463_478_0": 72.88637848703345}, "angles": {"463_452_0": 126.54472940943049, "463_484_0": 180.298908372716, "463_478_0": 53.1563622178535}, "adj_sorted": [[463, 452, 0], [463, 484, 0], [463, 478, 0]], "type": "Y", "n_corners": 2}, "geometry": {"type": "Point", "coordinates": [19.036691, 47.58835150000007]}}, {"id": "484", "type": "Feature", "properties": {"x": 4999300.835537566, "y": 2760922.239368825, "bearings": {"484_463_0": -149.355475070632, "484_526_0": 32.895909369908104, "484_507_0": 76.9724310291114}, "angles": {"484_463_0": 133.67209390025658, "484_526_0": 182.2513844405401, "484_507_0": 44.0765216592033}, "adj_sorted": [[484, 463, 0], [484, 526, 0], [484, 507, 0]], "type": "Y", "n_corners": 2}, "geometry": {"type": "Point", "coordinates": [19.037729000000002, 47.58843120000004]}}, {"id": "734", "type": "Feature", "properties": {"x": 4999875.1115187, "y": 2761635.329967626, "bearings": {"734_863_0": 88.73630586392152, "734_775_0": 0.31845549405683027, "734_683_0": 177.6041250324043}, "angles": {"734_775_0": 182.7143304616525, "734_863_0": 88.41785036986468, "734_683_0": 88.8678191684828}, "adj_sorted": [[734, 775, 0], [734, 863, 0], [734, 683, 0]], "type": "T", "n_corners": 2}, "geometry": {"type": "Point", "coordinates": [19.0464361, 47.59416380000003]}}, {"id": "863", "type": "Feature", "properties": {"x": 5000092.961430597, "y": 2761982.8809883418, "bearings": {"863_734_0": -85.35781861703391, "863_904_0": 3.65407381930467, "863_854_0": 95.01256409095117}, "angles": {"863_734_0": 179.62961729201493, "863_904_0": 89.01189243633858, "863_854_0": 91.3584902716465}, "adj_sorted": [[863, 734, 0], [863, 904, 0], [863, 854, 0]], "type": "T", "n_corners": 2}, "geometry": {"type": "Point", "coordinates": [19.049861, 47.597025699999996]}}, {"id": "775", "type": "Feature", "properties": {"x": 4999947.841168871, "y": 2761638.029192295, "bearings": {"775_905_0": 3.6338150383836862, "775_734_0": -177.44530477296323, "775_749_0": -85.756117569831}, "angles": {"775_734_0": 178.9208801886531, "775_749_0": 91.68918720313222, "775_905_0": 89.38993260821469}, "adj_sorted": [[775, 734, 0], [775, 749, 0], [775, 905, 0]], "type": "T", "n_corners": 2}, "geometry": {"type": "Point", "coordinates": [19.047401000000004, 47.59410800000003]}}, {"id": "683", "type": "Feature", "properties": {"x": 4999777.003208046, "y": 2761809.030921842, "bearings": {"683_734_0": -86.54926160539348, "683_682_0": 91.44802809233138, "683_802_0": 3.6322484607713017}, "angles": {"683_734_0": 182.00271030227515, "683_802_0": 90.18151006616479, "683_682_0": 87.81577963156008}, "adj_sorted": [[683, 734, 0], [683, 802, 0], [683, 682, 0]], "type": "T", "n_corners": 2}, "geometry": {"type": "Point", "coordinates": [19.0454137, 47.595821500000014]}}, {"id": "904", "type": "Feature", "properties": {"x": 5000158.321073987, "y": 2761987.231268564, "bearings": {"904_905_0": -86.27807007911287, "904_907_0": 40.48090758732119, "904_863_0": -175.81298197599435}, "angles": {"904_863_0": 143.70611043668447, "904_905_0": 89.53491189688148, "904_907_0": 126.75897766643405}, "adj_sorted": [[904, 863, 0], [904, 905, 0], [904, 907, 0]], "type": "Y", "n_corners": 3}, "geometry": {"type": "Point", "coordinates": [19.0507312, 47.596992700000015]}}, {"id": "854", "type": "Feature", "properties": {"x": 5000081.3645550115, "y": 2762059.050046388, "bearings": {"854_907_0": 94.41956755424991, "854_863_0": -86.34628339027068, "854_802_0": -176.228488344713}, "angles": {"854_802_0": 89.35194410103708, "854_863_0": 89.88220495444233, "854_907_0": 180.7658509445206}, "adj_sorted": [[854, 802, 0], [854, 863, 0], [854, 907, 0]], "type": "T", "n_corners": 2}, "geometry": {"type": "Point", "coordinates": [19.049827800000003, 47.59771810000001]}}, {"id": "816", "type": "Feature", "properties": {"x": 5000011.996377583, "y": 2754198.1477515344, "bearings": {"816_859_0": 2.654807043510769, "816_774_0": -177.4059594574727, "816_822_0": 92.19195180668105}, "angles": {"816_774_0": 90.40208873584623, "816_859_0": 180.06076650098348, "816_822_0": 89.53714476317028}, "adj_sorted": [[816, 774, 0], [816, 859, 0], [816, 822, 0]], "type": "T", "n_corners": 2}, "geometry": {"type": "Point", "coordinates": [19.0365511, 47.52764900000002]}}, {"id": "822", "type": "Feature", "properties": {"x": 5000019.772552443, "y": 2754469.6001887647, "bearings": {"822_781_0": 124.32584997186403, "822_816_0": -89.40270699743746, "822_780_0": 99.35347336206276, "822_848_0": -21.878517653115356}, "angles": {"822_816_0": 146.2714430306985, "822_848_0": 67.52418934432211, "822_780_0": 121.23199101517811, "822_781_0": 24.972376609801273}, "adj_sorted": [[822, 816, 0], [822, 848, 0], [822, 780, 0], [822, 781, 0]], "type": "other", "n_corners": 4}, "geometry": {"type": "Point", "coordinates": [19.037079800000004, 47.53006280000003]}}, {"id": "878", "type": "Feature", "properties": {"x": 5000125.0615299735, "y": 2754278.130684309, "bearings": {"878_864_0": 98.40834507492865, "878_909_0": -2.91491701425114, "878_890_0": -84.4896791974238}, "angles": {"878_890_0": 177.10197572764756, "878_909_0": 81.57476218317265, "878_864_0": 101.32326208917979}, "adj_sorted": [[878, 890, 0], [878, 909, 0], [878, 864, 0]], "type": "T", "n_corners": 2}, "geometry": {"type": "Point", "coordinates": [19.03816820000001, 47.528238699999996]}}, {"id": "909", "type": "Feature", "properties": {"x": 5000166.868890608, "y": 2754276.1436908194, "bearings": {"909_878_0": 176.79518158934303, "909_902_0": -102.49438858859429, "909_911_0": 79.72790445953714}, "angles": {"909_902_0": 80.71042982206268, "909_911_0": 182.22229304813143, "909_878_0": 97.06727712980589}, "adj_sorted": [[909, 902, 0], [909, 911, 0], [909, 878, 0]], "type": "T", "n_corners": 2}, "geometry": {"type": "Point", "coordinates": [19.03871659999999, 47.528175100000055]}}, {"id": "890", "type": "Feature", "properties": {"x": 5000132.541801674, "y": 2754199.160814948, "bearings": {"890_859_0": 178.21085436743027, "890_878_0": 94.58954292760984, "890_902_0": -3.1872003042666845}, "angles": {"890_902_0": 178.60194532830303, "890_878_0": 97.77674323187652, "890_859_0": 83.62131143982043}, "adj_sorted": [[890, 902, 0], [890, 878, 0], [890, 859, 0]], "type": "T", "n_corners": 2}, "geometry": {"type": "Point", "coordinates": [19.038142900000008, 47.52752580000001]}}, {"id": "916", "type": "Feature", "properties": {"x": 5000173.062725988, "y": 2762823.8470778996, "bearings": {"916_915_0": -93.12062350716943, "916_428_0": 84.55991581333232, "916_829_0": 152.81686764370082}, "angles": {"916_915_0": 114.06250884912976, "916_428_0": 177.68053932050174, "916_829_0": 68.2569518303685}, "adj_sorted": [[916, 915, 0], [916, 428, 0], [916, 829, 0]], "type": "T", "n_corners": 2}, "geometry": {"type": "Point", "coordinates": [19.0522442, 47.60444160000001]}}, {"id": "829", "type": "Feature", "properties": {"x": 5000037.138495676, "y": 2762903.6215371145, "bearings": {"829_916_0": -25.05597927961751, "829_799_0": 155.88497517731332, "829_823_0": -108.12888958587715}, "angles": {"829_823_0": 95.98613523680956, "829_916_0": 83.07291030625964, "829_799_0": 180.94095445693083}, "adj_sorted": [[829, 823, 0], [829, 916, 0], [829, 799, 0]], "type": "T", "n_corners": 2}, "geometry": {"type": "Point", "coordinates": [19.050574200000007, 47.6053028]}}, {"id": "901", "type": "Feature", "properties": {"x": 5000155.484090549, "y": 2757139.10383366, "bearings": {"901_852_0": 171.6047576671761, "901_889_0": -96.42574993392293, "901_949_0": -6.133785413131312}, "angles": {"901_889_0": 91.96949239890097, "901_949_0": 90.29196452079162, "901_852_0": 177.7385430803074}, "adj_sorted": [[901, 889, 0], [901, 949, 0], [901, 852, 0]], "type": "T", "n_corners": 2}, "geometry": {"type": "Point", "coordinates": [19.043064199999993, 47.55373510000001]}}, {"id": "949", "type": "Feature", "properties": {"x": 5000226.478966418, "y": 2757130.255307012, "bearings": {"949_889_0": -100.66321342056912, "949_901_0": 172.98355003368107, "949_951_0": 79.30188997607816}, "angles": {"949_889_0": 86.35323654574984, "949_951_0": 179.9651033966473, "949_901_0": 93.68166005760291}, "adj_sorted": [[949, 889, 0], [949, 951, 0], [949, 901, 0]], "type": "T", "n_corners": 2}, "geometry": {"type": "Point", "coordinates": [19.043987299999994, 47.55357819999998]}}, {"id": "951", "type": "Feature", "properties": {"x": 5000230.549533896, "y": 2757151.8020724626, "bearings": {"951_976_0": 82.51251623398161, "951_949_0": -100.69811002392184, "951_986_0": -7.75094865766892}, "angles": {"951_949_0": 176.78937374209653, "951_986_0": 92.94716136625293, "951_976_0": 90.26346489165053}, "adj_sorted": [[951, 949, 0], [951, 986, 0], [951, 976, 0]], "type": "T", "n_corners": 2}, "geometry": {"type": "Point", "coordinates": [19.044074900000002, 47.55376600000003]}}, {"id": "1078", "type": "Feature", "properties": {"x": 5000390.129321582, "y": 2754713.449565761, "bearings": {"1078_969_0": 168.99177129542653, "1078_902_0": -111.0589261859996, "1078_1114_0": 68.7104512273036}, "angles": {"1078_902_0": 79.94930251857386, "1078_1114_0": 179.76937741330318, "1078_969_0": 100.28132006812294}, "adj_sorted": [[1078, 902, 0], [1078, 1114, 0], [1078, 969, 0]], "type": "T", "n_corners": 2}, "geometry": {"type": "Point", "coordinates": [19.0423487, 47.531832399999985]}}, {"id": "902", "type": "Feature", "properties": {"x": 5000155.96616996, "y": 2754198.4547718223, "bearings": {"902_909_0": 85.01484643016703, "902_890_0": 178.28034078176395, "902_1078_0": -4.715864210032157}, "angles": {"902_1078_0": 177.0037950082039, "902_909_0": 89.73071064019918, "902_890_0": 93.26549435159693}, "adj_sorted": [[902, 1078, 0], [902, 909, 0], [902, 890, 0]], "type": "T", "n_corners": 2}, "geometry": {"type": "Point", "coordinates": [19.038450799999993, 47.5274938]}}, {"id": "1114", "type": "Feature", "properties": {"x": 5000446.558279, "y": 2754849.37671733, "bearings": {"1114_1144_0": 56.98756555958209, "1114_1078_0": -113.84857910589282, "1114_1031_0": 160.3250671052465}, "angles": {"1114_1078_0": 85.82635378886067, "1114_1144_0": 170.8361446654749, "1114_1031_0": 103.3375015456644}, "adj_sorted": [[1114, 1078, 0], [1114, 1144, 0], [1114, 1031, 0]], "type": "T", "n_corners": 2}, "geometry": {"type": "Point", "coordinates": [19.043306699999995, 47.532983400000006]}}, {"id": "1106", "type": "Feature", "properties": {"x": 5000436.014483067, "y": 2755811.9023448396, "bearings": {"1106_1056_0": 172.14467426994557, "1106_1110_0": -80.15422352717538, "1106_1104_0": 94.96263708795406, "1106_1135_0": 2.7758903004749502}, "angles": {"1106_1110_0": 107.70110220287904, "1106_1135_0": 82.93011382765033, "1106_1104_0": 92.18674678747911, "1106_1056_0": 77.1820371819915}, "adj_sorted": [[1106, 1110, 0], [1106, 1135, 0], [1106, 1104, 0], [1106, 1056, 0]], "type": "other", "n_corners": 4}, "geometry": {"type": "Point", "coordinates": [19.044680100000004, 47.541584000000036]}}, {"id": "1044", "type": "Feature", "properties": {"x": 5000327.047716635, "y": 2755831.8464663555, "bearings": {"1044_1056_0": -26.438895625274835, "1044_1046_0": 87.32904118645632, "1044_1001_0": 156.87866865345524}, "angles": {"1044_1056_0": 176.68243572126994, "1044_1046_0": 113.76793681173116, "1044_1001_0": 69.54962746699891}, "adj_sorted": [[1044, 1056, 0], [1044, 1046, 0], [1044, 1001, 0]], "type": "T", "n_corners": 2}, "geometry": {"type": "Point", "coordinates": [19.0432736, 47.54188160000003]}}, {"id": "1156", "type": "Feature", "properties": {"x": 5000539.288514529, "y": 2757057.637618812, "bearings": {"1156_1123_0": 142.73833799744258, "1156_1277_0": -95.17864348180173, "1156_1159_0": 84.82652707249261, "1156_1440_0": -31.833745748320368}, "angles": {"1156_1277_0": 122.08301852075567, "1156_1440_0": 63.34489773348136, "1156_1159_0": 116.66027282081298, "1156_1123_0": 57.911810924949975}, "adj_sorted": [[1156, 1277, 0], [1156, 1440, 0], [1156, 1159, 0], [1156, 1123, 0]], "type": "X", "n_corners": 4}, "geometry": {"type": "Point", "coordinates": [19.048001600000006, 47.55258670000004]}}, {"id": "1159", "type": "Feature", "properties": {"x": 5000542.015325374, "y": 2757082.504617078, "bearings": {"1159_1171_0": 81.01011764196981, "1159_1156_0": -97.2819684790424, "1159_1333_0": 3.755364985718304}, "angles": {"1159_1156_0": 181.70791387898777, "1159_1333_0": 101.0373334647607, "1159_1171_0": 77.25475265625151}, "adj_sorted": [[1159, 1156, 0], [1159, 1333, 0], [1159, 1171, 0]], "type": "T", "n_corners": 2}, "geometry": {"type": "Point", "coordinates": [19.048076699999996, 47.5528056]}}, {"id": "1440", "type": "Feature", "properties": {"x": 5001112.066059312, "y": 2756565.1771778185, "bearings": {"1440_1156_0": 166.42495696125732, "1440_1416_0": -106.9094881304585, "1440_1488_0": 67.7364661240672}, "angles": {"1440_1416_0": 86.66555490828421, "1440_1488_0": 174.6459542545257, "1440_1156_0": 98.68849083719012}, "adj_sorted": [[1440, 1416, 0], [1440, 1488, 0], [1440, 1156, 0]], "type": "T", "n_corners": 2}, "geometry": {"type": "Point", "coordinates": [19.054785899999995, 47.547563000000004]}}, {"id": "515", "type": "Feature", "properties": {"x": 4999379.713946301, "y": 2754641.3098718044, "bearings": {"515_546_0": 23.02360783332267, "515_546_1": -57.97162246327619, "515_513_0": 122.0727346940002}, "angles": {"515_546_1": 179.9556428427236, "515_546_0": 80.99523029659886, "515_513_0": 99.04912686067753}, "adj_sorted": [[515, 546, 1], [515, 546, 0], [515, 513, 0]], "type": "T", "n_corners": 2}, "geometry": {"type": "Point", "coordinates": [19.028905099999992, 47.53229690000008]}}, {"id": "513", "type": "Feature", "properties": {"x": 4999369.975545217, "y": 2754656.597990055, "bearings": {"513_493_0": 120.43558159174184, "513_515_0": -57.23571200180107, "513_476_0": -145.8621392086307}, "angles": {"513_476_0": 93.70227919962747, "513_515_0": 88.62642720682965, "513_493_0": 177.6712935935429}, "adj_sorted": [[513, 476, 0], [513, 515, 0], [513, 493, 0]], "type": "T", "n_corners": 2}, "geometry": {"type": "Point", "coordinates": [19.0288006, 47.53244400000003]}}, {"id": "476", "type": "Feature", "properties": {"x": 4999276.787308402, "y": 2754587.128489759, "bearings": {"476_473_0": 148.85724234969368, "476_513_0": 38.22017814105267, "476_527_0": -30.00407368922912}, "angles": {"476_527_0": 181.1386839610772, "476_513_0": 68.22425183028179, "476_473_0": 110.63706420864101}, "adj_sorted": [[476, 527, 0], [476, 513, 0], [476, 473, 0]], "type": "T", "n_corners": 2}, "geometry": {"type": "Point", "coordinates": [19.027462199999988, 47.531926200000036]}}, {"id": "489", "type": "Feature", "properties": {"x": 4999310.541079897, "y": 2754773.6750937863, "bearings": {"489_449_0": 104.38289716688725, "489_493_0": -71.8481627003103, "489_508_0": 13.560759340505662}, "angles": {"489_493_0": 183.76894013280247, "489_508_0": 85.40892204081595, "489_449_0": 90.82213782638158}, "adj_sorted": [[489, 493, 0], [489, 508, 0], [489, 449, 0]], "type": "T", "n_corners": 2}, "geometry": {"type": "Point", "coordinates": [19.0282001, 47.53355390000002]}}, {"id": "508", "type": "Feature", "properties": {"x": 4999364.306990768, "y": 2754786.6434647, "bearings": {"508_489_0": -166.43924065949435, "508_530_0": 17.636029220449476, "508_506_0": 117.0259486050317}, "angles": {"508_489_0": 76.53481073547397, "508_530_0": 184.07526987994382, "508_506_0": 99.38991938458223}, "adj_sorted": [[508, 489, 0], [508, 530, 0], [508, 506, 0]], "type": "T", "n_corners": 2}, "geometry": {"type": "Point", "coordinates": [19.028929799999993, 47.53361070000001]}}, {"id": "443", "type": "Feature", "properties": {"x": 4999143.657739481, "y": 2754990.851974478, "bearings": {"443_449_0": -32.330755333700374, "443_400_0": 144.18567145082972, "443_356_0": 83.44506197898721}, "angles": {"443_449_0": 183.4835732154699, "443_356_0": 115.7758173126876, "443_400_0": 60.740609471842504}, "adj_sorted": [[443, 449, 0], [443, 356, 0], [443, 400, 0]], "type": "T", "n_corners": 2}, "geometry": {"type": "Point", "coordinates": [19.026338900000002, 47.535674800000024]}}, {"id": "400", "type": "Feature", "properties": {"x": 4998996.119911861, "y": 2755063.9555338905, "bearings": {"400_443_0": -44.63865598078847, "400_356_0": 127.6797015631736, "400_379_0": 169.85482620902633}, "angles": {"400_443_0": 145.5065178101852, "400_356_0": 172.31835754396207, "400_379_0": 42.17512464585273}, "adj_sorted": [[400, 443, 0], [400, 356, 0], [400, 379, 0]], "type": "Y", "n_corners": 2}, "geometry": {"type": "Point", "coordinates": [19.02450689999999, 47.536488800000015]}}, {"id": "356", "type": "Feature", "properties": {"x": 4998789.181858449, "y": 2755311.5335317473, "bearings": {"356_443_0": 27.914659473585886, "356_400_0": -55.33822009429826, "356_349_0": 126.3140948059561}, "angles": {"356_400_0": 178.34768509974563, "356_443_0": 83.25287956788415, "356_349_0": 98.39943533237022}, "adj_sorted": [[356, 400, 0], [356, 443, 0], [356, 349, 0]], "type": "T", "n_corners": 2}, "geometry": {"type": "Point", "coordinates": [19.0221646, 47.5389248]}}, {"id": "312", "type": "Feature", "properties": {"x": 4998589.835542982, "y": 2755777.567991755, "bearings": {"312_310_0": 107.49354921671228, "312_314_0": -72.91069202802736, "312_277_0": -166.8909389971284}, "angles": {"312_277_0": 85.61551178615935, "312_314_0": 93.98024696910103, "312_310_0": 180.40424124473964}, "adj_sorted": [[312, 277, 0], [312, 314, 0], [312, 310, 0]], "type": "T", "n_corners": 2}, "geometry": {"type": "Point", "coordinates": [19.020264700000002, 47.54330190000004]}}, {"id": "314", "type": "Feature", "properties": {"x": 4998591.996787989, "y": 2755770.5380874947, "bearings": {"314_312_0": 107.08930797197264, "314_379_0": -115.69874438921765, "314_349_0": -66.93757598549522}, "angles": {"314_379_0": 137.2119476388097, "314_349_0": 48.761168403722436, "314_312_0": 174.02688395746787}, "adj_sorted": [[314, 379, 0], [314, 349, 0], [314, 312, 0]], "type": "Y", "n_corners": 2}, "geometry": {"type": "Point", "coordinates": [19.0202822, 47.54323680000006]}}, {"id": "277", "type": "Feature", "properties": {"x": 4998452.257017624, "y": 2755782.225945136, "bearings": {"277_259_0": 123.82413957226544, "277_312_0": 3.798546875008667, "277_291_0": -56.71682295539994}, "angles": {"277_291_0": 179.45903747233461, "277_312_0": 60.51536983040861, "277_259_0": 120.02559269725677}, "adj_sorted": [[277, 291, 0], [277, 312, 0], [277, 259, 0]], "type": "T", "n_corners": 2}, "geometry": {"type": "Point", "coordinates": [19.018456499999996, 47.543494100000004]}}, {"id": "353", "type": "Feature", "properties": {"x": 4998782.963017812, "y": 2755826.7293773275, "bearings": {"353_429_0": 17.649593051709406, "353_310_0": -166.6268562986139, "353_350_0": 95.11011135059805}, "angles": {"353_310_0": 98.26303235078808, "353_429_0": 184.2764493503233, "353_350_0": 77.46051829888864}, "adj_sorted": [[353, 310, 0], [353, 429, 0], [353, 350, 0]], "type": "T", "n_corners": 2}, "geometry": {"type": "Point", "coordinates": [19.022890300000004, 47.543529099999986]}}, {"id": "379", "type": "Feature", "properties": {"x": 4998904.986530534, "y": 2755071.7628646074, "bearings": {"379_400_0": 4.235517951566652, "379_314_0": 158.91197448432297, "379_334_0": -173.55941979926482}, "angles": {"379_334_0": 27.528605716412244, "379_400_0": 177.79493775083148, "379_314_0": 154.6764565327563}, "adj_sorted": [[379, 334, 0], [379, 400, 0], [379, 314, 0]], "type": "Y", "n_corners": 2}, "geometry": {"type": "Point", "coordinates": [19.02331669999999, 47.53665830000003]}}, {"id": "349", "type": "Feature", "properties": {"x": 4998769.230517597, "y": 2755338.6799919615, "bearings": {"349_356_0": -53.6859051940439, "349_314_0": 124.12990996424236, "349_340_0": -129.6753113792341}, "angles": {"349_340_0": 106.19477865652354, "349_356_0": 75.9894061851902, "349_314_0": 177.81581515828626}, "adj_sorted": [[349, 340, 0], [349, 356, 0], [349, 314, 0]], "type": "T", "n_corners": 2}, "geometry": {"type": "Point", "coordinates": [19.021943899999997, 47.539188900000035]}}, {"id": "409", "type": "Feature", "properties": {"x": 4999032.7551705055, "y": 2755932.195957576, "bearings": {"409_429_0": -17.5166607602994, "409_350_0": 165.27189562116266, "409_408_0": 84.20755015859595}, "angles": {"409_429_0": 177.21144361853794, "409_408_0": 101.72421091889535, "409_350_0": 81.0643454625667}, "adj_sorted": [[409, 429, 0], [409, 408, 0], [409, 350, 0]], "type": "T", "n_corners": 2}, "geometry": {"type": "Point", "coordinates": [19.026351999999996, 47.54419660000003]}}, {"id": "334", "type": "Feature", "properties": {"x": 4998700.224293747, "y": 2755174.4260480725, "bearings": {"334_379_0": -20.125708699490097, "334_298_0": 156.44505298529418, "334_313_0": -128.21621451444105}, "angles": {"334_313_0": 75.33873250026477, "334_379_0": 108.09050581495094, "334_298_0": 176.5707616847843}, "adj_sorted": [[334, 313, 0], [334, 379, 0], [334, 298, 0]], "type": "T", "n_corners": 2}, "geometry": {"type": "Point", "coordinates": [19.020775900000004, 47.537798700000046]}}, {"id": "298", "type": "Feature", "properties": {"x": 4998536.497121983, "y": 2755257.084672112, "bearings": {"298_334_0": -28.853455997635912, "298_293_0": 161.88854940595928, "298_294_0": 68.9813250518023}, "angles": {"298_334_0": 169.2579945964048, "298_294_0": 97.83478104943822, "298_293_0": 92.90722435415698}, "adj_sorted": [[298, 334, 0], [298, 294, 0], [298, 293, 0]], "type": "T", "n_corners": 2}, "geometry": {"type": "Point", "coordinates": [19.018745100000004, 47.53871560000001]}}, {"id": "309", "type": "Feature", "properties": {"x": 4998578.897583025, "y": 2756492.032910069, "bearings": {"309_390_0": -3.316531049491587, "309_255_0": -173.00358008556645, "309_308_0": 83.81119761038312}, "angles": {"309_255_0": 103.1852223040504, "309_390_0": 169.68704903607488, "309_308_0": 87.1277286598747}, "adj_sorted": [[309, 255, 0], [309, 390, 0], [309, 308, 0]], "type": "T", "n_corners": 2}, "geometry": {"type": "Point", "coordinates": [19.021240499999998, 47.549689600000065]}}, {"id": "337", "type": "Feature", "properties": {"x": 4998711.543949959, "y": 2756816.671543278, "bearings": {"337_390_0": -49.18511938849818, "337_321_0": 134.43106351005034, "337_333_0": -132.22241346442559}, "angles": {"337_333_0": 93.3465230255241, "337_390_0": 83.0372940759274, "337_321_0": 183.61618289854852}, "adj_sorted": [[337, 333, 0], [337, 390, 0], [337, 321, 0]], "type": "T", "n_corners": 2}, "geometry": {"type": "Point", "coordinates": [19.0235003, 47.5524413]}}, {"id": "479", "type": "Feature", "properties": {"x": 4999282.331660091, "y": 2754450.3220865703, "bearings": {"479_480_0": -78.59331974265645, "479_490_0": 68.75666551336329, "479_431_0": 154.26025817980204}, "angles": {"479_480_0": 127.1464220775415, "479_490_0": 147.34998525601975, "479_431_0": 85.50359266643875}, "adj_sorted": [[479, 480, 0], [479, 490, 0], [479, 431, 0]], "type": "Y", "n_corners": 3}, "geometry": {"type": "Point", "coordinates": [19.02732079999999, 47.53069930000002]}}, {"id": "911", "type": "Feature", "properties": {"x": 5000168.376984787, "y": 2754283.3442538795, "bearings": {"911_922_0": 81.9354442786345, "911_909_0": -106.6577535294687, "911_948_0": -6.5415194052778345}, "angles": {"911_909_0": 171.4068021918968, "911_948_0": 100.11623412419087, "911_922_0": 88.47696368391235}, "adj_sorted": [[911, 909, 0], [911, 948, 0], [911, 922, 0]], "type": "T", "n_corners": 2}, "geometry": {"type": "Point", "coordinates": [19.038747800000003, 47.52823770000005]}}, {"id": "948", "type": "Feature", "properties": {"x": 5000225.917944356, "y": 2754276.736547276, "bearings": {"948_911_0": 173.45490809679268, "948_968_0": 82.73368282418986, "948_1000_0": -2.6294217538623013}, "angles": {"948_1000_0": 183.91567014934503, "948_968_0": 85.36310457805216, "948_911_0": 90.72122527260282}, "adj_sorted": [[948, 1000, 0], [948, 968, 0], [948, 911, 0]], "type": "T", "n_corners": 2}, "geometry": {"type": "Point", "coordinates": [19.0394965, 47.52811560000005]}}, {"id": "415", "type": "Feature", "properties": {"x": 4999056.441720038, "y": 2756869.5315623153, "bearings": {"415_413_0": -83.14635750543272, "415_454_0": 24.952382026658487, "415_412_0": 96.47046025515478}, "angles": {"415_413_0": 180.38318223941252, "415_454_0": 108.0987395320912, "415_412_0": 71.5180782284963}, "adj_sorted": [[415, 413, 0], [415, 454, 0], [415, 412, 0]], "type": "T", "n_corners": 2}, "geometry": {"type": "Point", "coordinates": [19.0281353, 47.55253510000003]}}, {"id": "454", "type": "Feature", "properties": {"x": 4999186.537804626, "y": 2756931.7482946073, "bearings": {"454_481_0": 24.630262346844503, "454_415_0": -154.38535595811635, "454_444_0": 107.62302281696986}, "angles": {"454_415_0": 97.99162122491379, "454_481_0": 179.01561830496087, "454_444_0": 82.99276047012536}, "adj_sorted": [[454, 415, 0], [454, 481, 0], [454, 444, 0]], "type": "T", "n_corners": 2}, "geometry": {"type": "Point", "coordinates": [19.029949999999992, 47.552947700000026]}}, {"id": "412", "type": "Feature", "properties": {"x": 4999043.040827732, "y": 2757000.8363228273, "bearings": {"412_411_0": 110.77505747450554, "412_415_0": -84.60371788322938, "412_444_0": 28.642297198153756}, "angles": {"412_415_0": 164.62122464226508, "412_444_0": 113.24601508138313, "412_411_0": 82.13276027635179}, "adj_sorted": [[412, 415, 0], [412, 444, 0], [412, 411, 0]], "type": "Y", "n_corners": 3}, "geometry": {"type": "Point", "coordinates": [19.0281645, 47.553721500000016]}}, {"id": "342", "type": "Feature", "properties": {"x": 4998725.4505444355, "y": 2756988.510144457, "bearings": {"342_413_0": -38.795681524695794, "342_325_0": 135.16040535487952, "342_324_0": -146.494652484744}, "angles": {"342_324_0": 78.34494216037649, "342_413_0": 107.6989709600482, "342_325_0": 173.9560868795753}, "adj_sorted": [[342, 324, 0], [342, 413, 0], [342, 325, 0]], "type": "T", "n_corners": 2}, "geometry": {"type": "Point", "coordinates": [19.023953400000003, 47.553959500000005]}}, {"id": "444", "type": "Feature", "properties": {"x": 4999146.620321121, "y": 2757057.4089310514, "bearings": {"444_454_0": -72.37697718303014, "444_412_0": -151.35770280184624, "444_436_0": 108.89360916127578, "444_470_0": 24.983463223936475}, "angles": {"444_412_0": 99.74868803687798, "444_454_0": 78.98072561881611, "444_470_0": 97.3604404069666, "444_436_0": 83.91014593733931}, "adj_sorted": [[444, 412, 0], [444, 454, 0], [444, 470, 0], [444, 436, 0]], "type": "X", "n_corners": 4}, "geometry": {"type": "Point", "coordinates": [19.029620399999988, 47.55411280000002]}}, {"id": "436", "type": "Feature", "properties": {"x": 4999112.5414053975, "y": 2757156.981539131, "bearings": {"436_462_0": 26.15252464343997, "436_411_0": -151.31387971851623, "436_444_0": -71.10639083872424, "436_416_0": 108.09400916544328}, "angles": {"436_411_0": 100.59211111604048, "436_444_0": 80.207488879792, "436_462_0": 97.25891548216421, "436_416_0": 81.94148452200331}, "adj_sorted": [[436, 411, 0], [436, 444, 0], [436, 462, 0], [436, 416, 0]], "type": "X", "n_corners": 4}, "geometry": {"type": "Point", "coordinates": [19.029326899999997, 47.555038700000004]}}, {"id": "271", "type": "Feature", "properties": {"x": 4998434.748281883, "y": 2757028.6960876375, "bearings": {"271_325_0": 20.513294971806513, "271_269_0": 131.08302082609742, "271_289_0": -47.14610545941532}, "angles": {"271_289_0": 181.77087371448727, "271_325_0": 67.65940043122183, "271_269_0": 110.56972585429091}, "adj_sorted": [[271, 289, 0], [271, 325, 0], [271, 269, 0]], "type": "T", "n_corners": 2}, "geometry": {"type": "Point", "coordinates": [19.020179500000005, 47.55463650000004]}}, {"id": "470", "type": "Feature", "properties": {"x": 4999256.107062975, "y": 2757108.2547063837, "bearings": {"470_462_0": 85.07587261987537, "470_481_0": -74.36337167026493, "470_444_0": -157.16440371275232}, "angles": {"470_444_0": 117.75972366737233, "470_481_0": 82.80103204248739, "470_462_0": 159.4392442901403}, "adj_sorted": [[470, 444, 0], [470, 481, 0], [470, 462, 0]], "type": "Y", "n_corners": 3}, "geometry": {"type": "Point", "coordinates": [19.031145300000006, 47.55444650000003]}}, {"id": "416", "type": "Feature", "properties": {"x": 4999058.210710162, "y": 2757323.2653854005, "bearings": {"416_445_0": -6.262269238794206, "416_387_0": 170.04365687377907, "416_436_0": -71.90599083455672, "416_404_0": 112.48805098369044}, "angles": {"416_436_0": 118.05035229166421, "416_445_0": 65.64372159576251, "416_404_0": 118.75032022248465, "416_387_0": 57.55560589008863}, "adj_sorted": [[416, 436, 0], [416, 445, 0], [416, 404, 0], [416, 387, 0]], "type": "X", "n_corners": 4}, "geometry": {"type": "Point", "coordinates": [19.0288708, 47.55658209999999]}}, {"id": "616", "type": "Feature", "properties": {"x": 4999632.285712633, "y": 2756798.693632827, "bearings": {"616_561_0": 100.89798328838738, "616_631_0": -78.82025482995735, "616_576_0": -168.07365240116187}, "angles": {"616_576_0": 91.02836431045074, "616_631_0": 89.25339757120452, "616_561_0": 179.71823811834474}, "adj_sorted": [[616, 576, 0], [616, 631, 0], [616, 561, 0]], "type": "T", "n_corners": 2}, "geometry": {"type": "Point", "coordinates": [19.035624100000003, 47.5512716]}}, {"id": "566", "type": "Feature", "properties": {"x": 4999503.12587611, "y": 2756843.736392796, "bearings": {"566_520_0": -144.82434750409152, "566_561_0": 100.864106428576, "566_576_0": -78.4823073825037}, "angles": {"566_520_0": 114.31154606733247, "566_576_0": 66.34204012158781, "566_561_0": 179.34641381107969}, "adj_sorted": [[566, 520, 0], [566, 576, 0], [566, 561, 0]], "type": "T", "n_corners": 2}, "geometry": {"type": "Point", "coordinates": [19.03399020000001, 47.55181520000006]}}, {"id": "631", "type": "Feature", "properties": {"x": 4999671.969570179, "y": 2756624.280962823, "bearings": {"631_598_0": -127.60847296016466, "631_681_0": 50.01156894528942, "631_616_0": 131.6130677494239, "631_657_0": -14.03949458216888}, "angles": {"631_598_0": 100.77845929041143, "631_657_0": 113.56897837799578, "631_681_0": 64.0510635274583, "631_616_0": 81.60149880413448}, "adj_sorted": [[631, 598, 0], [631, 657, 0], [631, 681, 0], [631, 616, 0]], "type": "other", "n_corners": 4}, "geometry": {"type": "Point", "coordinates": [19.035873899999995, 47.54967170000005]}}, {"id": "576", "type": "Feature", "properties": {"x": 4999518.068869377, "y": 2756774.5695081307, "bearings": {"576_616_0": 11.92634759883813, "576_566_0": 102.23026232773633, "576_585_0": -78.20000354689773}, "angles": {"576_585_0": 179.56973412536593, "576_616_0": 90.12635114573587, "576_566_0": 90.30391472889819}, "adj_sorted": [[576, 585, 0], [576, 616, 0], [576, 566, 0]], "type": "T", "n_corners": 2}, "geometry": {"type": "Point", "coordinates": [19.034078799999993, 47.551181600000014]}}, {"id": "657", "type": "Feature", "properties": {"x": 4999744.793127632, "y": 2756612.9608299956, "bearings": {"657_686_0": -8.141522037139806, "657_631_0": 171.78162972637082, "657_658_0": 89.73284738704649}, "angles": {"657_686_0": 180.07684823648938, "657_658_0": 97.8743694241863, "657_631_0": 82.04878233932433}, "adj_sorted": [[657, 686, 0], [657, 658, 0], [657, 631, 0]], "type": "T", "n_corners": 2}, "geometry": {"type": "Point", "coordinates": [19.036817199999998, 47.54949080000003]}}, {"id": "857", "type": "Feature", "properties": {"x": 5000083.737249731, "y": 2757242.824877739, "bearings": {"857_852_0": -97.3507809772075, "857_853_0": 22.170784107294455, "857_853_1": 81.98142260848712}, "angles": {"857_852_0": 180.66779641430537, "857_853_0": 119.52156508450196, "857_853_1": 59.81063850119267}, "adj_sorted": [[857, 852, 0], [857, 853, 0], [857, 853, 1]], "type": "Y", "n_corners": 2}, "geometry": {"type": "Point", "coordinates": [19.0422803, 47.55473940000004]}}, {"id": "1014", "type": "Feature", "properties": {"x": 5000288.543293295, "y": 2754879.8758046976, "bearings": {"1014_1019_0": 111.94248431958073, "1014_969_0": -111.47129484242545, "1014_1031_0": 55.84592628935293}, "angles": {"1014_969_0": 136.58622083799384, "1014_1031_0": 167.31722113177838, "1014_1019_0": 56.0965580302278}, "adj_sorted": [[1014, 969, 0], [1014, 1031, 0], [1014, 1019, 0]], "type": "Y", "n_corners": 2}, "geometry": {"type": "Point", "coordinates": [19.041269899999996, 47.53342900000001]}}, {"id": "1031", "type": "Feature", "properties": {"x": 5000308.874008496, "y": 2754909.843185592, "bearings": {"1031_1114_0": -27.43049929562596, "1031_1014_0": -124.15407371064707, "1031_1075_0": 54.93998257717905}, "angles": {"1031_1014_0": 180.9059437121739, "1031_1114_0": 96.7235744150211, "1031_1075_0": 82.37048187280502}, "adj_sorted": [[1031, 1014, 0], [1031, 1114, 0], [1031, 1075, 0]], "type": "T", "n_corners": 2}, "geometry": {"type": "Point", "coordinates": [19.041585199999997, 47.53367410000001]}}, {"id": "960", "type": "Feature", "properties": {"x": 5000236.311727853, "y": 2756126.2288790247, "bearings": {"960_966_0": 87.42003009944933, "960_1039_0": -3.1868136146926775, "960_956_0": -92.18209436303442}, "angles": {"960_956_0": 180.39787553751626, "960_1039_0": 88.99528074834174, "960_966_0": 90.60684371414202}, "adj_sorted": [[960, 956, 0], [960, 1039, 0], [960, 966, 0]], "type": "T", "n_corners": 2}, "geometry": {"type": "Point", "coordinates": [19.042538900000004, 47.544608100000055]}}, {"id": "966", "type": "Feature", "properties": {"x": 5000241.559538547, "y": 2756234.4342534984, "bearings": {"966_954_0": 132.68857478685055, "966_960_0": -92.14352702358342, "966_1043_0": -3.559555218547405}, "angles": {"966_960_0": 135.16789818956602, "966_1043_0": 88.58397180503601, "966_954_0": 136.24813000539797}, "adj_sorted": [[966, 960, 0], [966, 1043, 0], [966, 954, 0]], "type": "Y", "n_corners": 3}, "geometry": {"type": "Point", "coordinates": [19.042778200000004, 47.54556790000004]}}, {"id": "1039", "type": "Feature", "properties": {"x": 5000316.936824433, "y": 2756120.3574826163, "bearings": {"1039_960_0": 173.50749624206543, "1039_1043_0": 86.44775104956409, "1039_1023_0": -91.8785221550227}, "angles": {"1039_1023_0": 94.61398160291185, "1039_1043_0": 178.32627320458678, "1039_960_0": 87.05974519250134}, "adj_sorted": [[1039, 1023, 0], [1039, 1043, 0], [1039, 960, 0]], "type": "T", "n_corners": 2}, "geometry": {"type": "Point", "coordinates": [19.043593599999998, 47.54446720000002]}}, {"id": "1043", "type": "Feature", "properties": {"x": 5000326.995544245, "y": 2756229.1326233977, "bearings": {"1043_966_0": 176.44431175234266, "1043_1039_0": -102.14207105753329, "1043_1063_0": 72.29259616953387}, "angles": {"1043_1039_0": 81.41361719012406, "1043_1063_0": 174.43466722706717, "1043_966_0": 104.15171558280879}, "adj_sorted": [[1043, 1039, 0], [1043, 1063, 0], [1043, 966, 0]], "type": "T", "n_corners": 2}, "geometry": {"type": "Point", "coordinates": [19.0438973, 47.545426800000016]}}, {"id": "1063", "type": "Feature", "properties": {"x": 5000353.426196984, "y": 2756319.481604962, "bearings": {"1063_1032_0": 96.6129495689683, "1063_1097_0": 2.150200314330628, "1063_1043_0": -104.30546472921334}, "angles": {"1063_1043_0": 159.08158570181837, "1063_1097_0": 106.45566504354397, "1063_1032_0": 94.46274925463767}, "adj_sorted": [[1063, 1043, 0], [1063, 1097, 0], [1063, 1032, 0]], "type": "Y", "n_corners": 3}, "geometry": {"type": "Point", "coordinates": [19.0443881, 47.54620400000004]}}, {"id": "1314", "type": "Feature", "properties": {"x": 5000829.841126335, "y": 2762080.4487057687, "bearings": {"1314_1230_0": -179.19534194332692, "1314_1315_0": -86.60901204469104, "1314_1379_0": 1.3316308431250083}, "angles": {"1314_1230_0": 179.47302721354808, "1314_1315_0": 92.58632989863588, "1314_1379_0": 87.94064288781605}, "adj_sorted": [[1314, 1230, 0], [1314, 1315, 0], [1314, 1379, 0]], "type": "T", "n_corners": 2}, "geometry": {"type": "Point", "coordinates": [19.059748299999995, 47.59708620000003]}}, {"id": "1193", "type": "Feature", "properties": {"x": 5000592.997296818, "y": 2761829.3567054593, "bearings": {"1193_1240_0": 1.7484970156014081, "1193_1152_0": -177.8506663626177, "1193_1195_0": -89.37959849804281}, "angles": {"1193_1152_0": 180.4008366217809, "1193_1195_0": 88.47106786457488, "1193_1240_0": 91.12809551364421}, "adj_sorted": [[1193, 1152, 0], [1193, 1195, 0], [1193, 1240, 0]], "type": "T", "n_corners": 2}, "geometry": {"type": "Point", "coordinates": [19.056223999999993, 47.59510620000004]}}, {"id": "1142", "type": "Feature", "properties": {"x": 5000508.843940092, "y": 2762104.9923600038, "bearings": {"1142_1230_0": -15.512485813481998, "1142_1134_0": -107.19490732869404, "1142_1180_0": 73.27340171736375}, "angles": {"1142_1134_0": 179.5316909539422, "1142_1230_0": 91.68242151521204, "1142_1180_0": 88.78588753084576}, "adj_sorted": [[1142, 1134, 0], [1142, 1230, 0], [1142, 1180, 0]], "type": "T", "n_corners": 2}, "geometry": {"type": "Point", "coordinates": [19.05554689999999, 47.59765820000004]}}, {"id": "1152", "type": "Feature", "properties": {"x": 5000530.089624884, "y": 2761828.419239169, "bearings": {"1152_1096_0": -179.63156208249703, "1152_1193_0": 0.6898463360693677, "1152_1151_0": 88.35539598980631}, "angles": {"1152_1096_0": 92.01304192769669, "1152_1193_0": 180.3214084185664, "1152_1151_0": 87.66554965373695}, "adj_sorted": [[1152, 1096, 0], [1152, 1193, 0], [1152, 1151, 0]], "type": "T", "n_corners": 2}, "geometry": {"type": "Point", "coordinates": [19.055391599999997, 47.59516700000002]}}, {"id": "1134", "type": "Feature", "properties": {"x": 5000485.581394237, "y": 2762029.2912584175, "bearings": {"1134_1096_0": -108.46045649192499, "1134_1142_0": 72.69041540755545, "1134_1151_0": -6.535834466670062}, "angles": {"1134_1096_0": 178.84912810051958, "1134_1151_0": 101.92462202525492, "1134_1142_0": 79.22624987422552}, "adj_sorted": [[1134, 1096, 0], [1134, 1151, 0], [1134, 1142, 0]], "type": "T", "n_corners": 2}, "geometry": {"type": "Point", "coordinates": [19.055120300000002, 47.59700830000003]}}, {"id": "1151", "type": "Feature", "properties": {"x": 5000528.016013461, "y": 2762024.2652865187, "bearings": {"1151_1152_0": -88.33694254815785, "1151_1134_0": 172.8456486880634, "1151_1150_0": 92.10096053586695}, "angles": {"1151_1152_0": 98.81740876377876, "1151_1150_0": 180.4379030840248, "1151_1134_0": 80.74468815219645}, "adj_sorted": [[1151, 1152, 0], [1151, 1150, 0], [1151, 1134, 0]], "type": "T", "n_corners": 2}, "geometry": {"type": "Point", "coordinates": [19.0556729, 47.59691680000006]}}, {"id": "1165", "type": "Feature", "properties": {"x": 5000548.352961705, "y": 2760778.833511293, "bearings": {"1165_1062_0": 179.7072357013802, "1165_1164_0": -90.52482043638335, "1165_1167_0": 87.59803672470346}, "angles": {"1165_1164_0": 89.76794386223645, "1165_1167_0": 178.1228571610868, "1165_1062_0": 92.10919897667674}, "adj_sorted": [[1165, 1164, 0], [1165, 1167, 0], [1165, 1062, 0]], "type": "T", "n_corners": 2}, "geometry": {"type": "Point", "coordinates": [19.0539789, 47.58578150000007]}}, {"id": "1133", "type": "Feature", "properties": {"x": 5000478.659158369, "y": 2760724.1093878723, "bearings": {"1133_1065_0": -179.440311881762, "1133_1164_0": 0.5529849825332114, "1133_1130_0": -94.89458859519472}, "angles": {"1133_1065_0": 180.00670313570478, "1133_1130_0": 84.54572328656728, "1133_1164_0": 95.44757357772794}, "adj_sorted": [[1133, 1065, 0], [1133, 1130, 0], [1133, 1164, 0]], "type": "T", "n_corners": 2}, "geometry": {"type": "Point", "coordinates": [19.0529723, 47.58536980000005]}}, {"id": "280", "type": "Feature", "properties": {"x": 4998467.023336562, "y": 2755156.31487409, "bearings": {"280_238_0": -120.39221944471288, "280_293_0": 58.755804772609956, "280_266_0": 93.52853538757215}, "angles": {"280_238_0": 146.079245167715, "280_293_0": 179.14802421732284, "280_266_0": 34.77273061496219}, "adj_sorted": [[280, 238, 0], [280, 293, 0], [280, 266, 0]], "type": "Y", "n_corners": 2}, "geometry": {"type": "Point", "coordinates": [19.017670499999998, 47.537892400000054]}}, {"id": "634", "type": "Feature", "properties": {"x": 4999679.488574524, "y": 2756065.137450393, "bearings": {"634_625_0": -174.4241060783117, "634_691_0": -38.849145746693786, "634_633_0": 93.93009578013239}, "angles": {"634_625_0": 91.64579814155593, "634_691_0": 135.57496033161792, "634_633_0": 132.77924152682618}, "adj_sorted": [[634, 625, 0], [634, 691, 0], [634, 633, 0]], "type": "Y", "n_corners": 3}, "geometry": {"type": "Point", "coordinates": [19.035095049504374, 47.54467392532655]}}, {"id": "654", "type": "Feature", "properties": {"x": 4999742.385254267, "y": 2760916.8432357013, "bearings": {"654_721_0": -19.27735112273656, "654_651_0": -107.07302618675674, "654_656_0": 76.90896990471506}, "angles": {"654_651_0": 176.01800390852821, "654_721_0": 87.79567506402017, "654_656_0": 96.18632102745163}, "adj_sorted": [[654, 651, 0], [654, 721, 0], [654, 656, 0]], "type": "T", "n_corners": 2}, "geometry": {"type": "Point", "coordinates": [19.04355209999999, 47.58789840000004]}}, {"id": "588", "type": "Feature", "properties": {"x": 4999545.652811959, "y": 2760930.1597724566, "bearings": {"588_595_0": -47.517238991050434, "588_580_0": 63.73239498058342, "588_555_0": 142.5940048728994}, "angles": {"588_595_0": 169.88875613605018, "588_580_0": 111.24963397163386, "588_555_0": 78.86160989231598}, "adj_sorted": [[588, 595, 0], [588, 580, 0], [588, 555, 0]], "type": "T", "n_corners": 2}, "geometry": {"type": "Point", "coordinates": [19.040974799999994, 47.5882332]}}, {"id": "656", "type": "Feature", "properties": {"x": 4999744.142497148, "y": 2760924.3998959674, "bearings": {"656_654_0": -103.09103009528494, "656_667_0": 76.52664399483756, "656_618_0": 172.66585617837694}, "angles": {"656_654_0": 84.24311372633815, "656_667_0": 179.61767409012248, "656_618_0": 96.13921218353939}, "adj_sorted": [[656, 654, 0], [656, 667, 0], [656, 618, 0]], "type": "T", "n_corners": 2}, "geometry": {"type": "Point", "coordinates": [19.043587200000005, 47.5879639]}}, {"id": "580", "type": "Feature", "properties": {"x": 4999527.957680672, "y": 2760980.1840121043, "bearings": {"580_588_0": -67.18431316993767, "580_677_0": 112.85790709877793, "580_667_0": 4.024142094498721}, "angles": {"580_588_0": 179.9577797312844, "580_667_0": 71.2084552644364, "580_677_0": 108.8337650042792}, "adj_sorted": [[580, 588, 0], [580, 667, 0], [580, 677, 0]], "type": "T", "n_corners": 2}, "geometry": {"type": "Point", "coordinates": [19.0408198, 47.58869900000003]}}, {"id": "555", "type": "Feature", "properties": {"x": 4999479.137889925, "y": 2760979.2780278856, "bearings": {"555_588_0": -35.98153745319431, "555_543_0": 142.62659750895247, "555_563_0": 53.302957711608165}, "angles": {"555_588_0": 181.39186503785322, "555_563_0": 89.28449516480248, "555_543_0": 89.3236397973443}, "adj_sorted": [[555, 588, 0], [555, 563, 0], [555, 543, 0]], "type": "T", "n_corners": 2}, "geometry": {"type": "Point", "coordinates": [19.0401736, 47.588744500000004]}}, {"id": "193", "type": "Feature", "properties": {"x": 4998016.493324868, "y": 2758851.428741117, "bearings": {"193_222_0": -52.14771972369803, "193_168_0": 128.63058741851236, "193_180_0": -135.22695427745626}, "angles": {"193_180_0": 96.14245830403138, "193_222_0": 83.07923455375823, "193_168_0": 180.7783071422104}, "adj_sorted": [[193, 180, 0], [193, 222, 0], [193, 168, 0]], "type": "T", "n_corners": 2}, "geometry": {"type": "Point", "coordinates": [19.017516599999993, 47.57136000000004]}}, {"id": "180", "type": "Feature", "properties": {"x": 4997942.718614672, "y": 2758777.629801651, "bearings": {"180_166_0": 144.6008859044426, "180_193_0": 44.895120485310784, "180_176_0": -47.06687677055491}, "angles": {"180_176_0": 168.3322373250025, "180_193_0": 91.9619972558657, "180_166_0": 99.70576541913182}, "adj_sorted": [[180, 176, 0], [180, 193, 0], [180, 166, 0]], "type": "T", "n_corners": 2}, "geometry": {"type": "Point", "coordinates": [19.016426800000005, 47.570782200000025]}}, {"id": "384", "type": "Feature", "properties": {"x": 4998919.483490946, "y": 2757607.8207180104, "bearings": {"384_374_0": 115.70394206627421, "384_367_0": -153.23967280840395, "384_399_0": 26.33844571564393, "384_396_0": -63.94836817798752}, "angles": {"384_367_0": 91.05638512532187, "384_396_0": 89.29130463041643, "384_399_0": 90.28681389363145, "384_374_0": 89.36549635063028}, "adj_sorted": [[384, 367, 0], [384, 396, 0], [384, 399, 0], [384, 374, 0]], "type": "X", "n_corners": 4}, "geometry": {"type": "Point", "coordinates": [19.027486300000003, 47.55927340000005]}}, {"id": "371", "type": "Feature", "properties": {"x": 4998855.827203849, "y": 2757747.9704960315, "bearings": {"371_372_0": -66.74050634203572, "371_357_0": 113.12284945708048, "371_339_0": -155.51123753040756}, "angles": {"371_339_0": 91.36591301251195, "371_372_0": 88.77073118837184, "371_357_0": 179.8633557991162}, "adj_sorted": [[371, 339, 0], [371, 372, 0], [371, 357, 0]], "type": "T", "n_corners": 2}, "geometry": {"type": "Point", "coordinates": [19.02686599999999, 47.5605938]}}, {"id": "396", "type": "Feature", "properties": {"x": 4998966.8395704115, "y": 2757510.7297542766, "bearings": {"396_367_0": -154.55668818190634, "396_384_0": 114.65937298644565, "396_404_0": -64.02226942236047}, "angles": {"396_367_0": 90.78393883164802, "396_404_0": 90.53441875954587, "396_384_0": 178.6816424088061}, "adj_sorted": [[396, 367, 0], [396, 404, 0], [396, 384, 0]], "type": "T", "n_corners": 2}, "geometry": {"type": "Point", "coordinates": [19.027958999999996, 47.558355100000014]}}, {"id": "1333", "type": "Feature", "properties": {"x": 5000864.338507306, "y": 2757640.726961241, "bearings": {"1333_1159_0": -87.05483469877798, "1333_1367_0": 39.874220682798565, "1333_1306_0": 109.07550222678518}, "angles": {"1333_1159_0": 163.86966307443686, "1333_1367_0": 126.92905538157655, "1333_1306_0": 69.20128154398661}, "adj_sorted": [[1333, 1159, 0], [1333, 1367, 0], [1333, 1306, 0]], "type": "Y", "n_corners": 3}, "geometry": {"type": "Point", "coordinates": [19.0532092, 47.55743260000005]}}, {"id": "1488", "type": "Feature", "properties": {"x": 5001217.852450339, "y": 2756896.4040861484, "bearings": {"1488_1440_0": -108.22579569168913, "1488_1500_0": 74.47122521822517, "1488_1439_0": 167.5170432825288}, "angles": {"1488_1440_0": 84.25716102578207, "1488_1500_0": 182.6970209099143, "1488_1439_0": 93.04581806430362}, "adj_sorted": [[1488, 1440, 0], [1488, 1500, 0], [1488, 1439, 0]], "type": "T", "n_corners": 2}, "geometry": {"type": "Point", "coordinates": [19.05670329999999, 47.55040230000003]}}, {"id": "934", "type": "Feature", "properties": {"x": 5000204.838208063, "y": 2757478.750748409, "bearings": {"934_976_0": -8.471855182802065, "934_942_0": 86.74799014725728, "934_873_0": 157.93800248425518}, "angles": {"934_976_0": 193.59014233294275, "934_942_0": 95.21984533005934, "934_873_0": 71.1900123369979}, "adj_sorted": [[934, 976, 0], [934, 942, 0], [934, 873, 0]], "type": "Y", "n_corners": 2}, "geometry": {"type": "Point", "coordinates": [19.044249599999997, 47.55671170000003]}}, {"id": "926", "type": "Feature", "properties": {"x": 5000194.363910594, "y": 2757747.092770014, "bearings": {"926_897_0": 173.14714301326973, "926_937_0": 58.30750853290951, "926_945_0": -52.658244403967586}, "angles": {"926_945_0": 134.1946125827627, "926_937_0": 110.9657529368771, "926_897_0": 114.83963448036022}, "adj_sorted": [[926, 945, 0], [926, 937, 0], [926, 897, 0]], "type": "Y", "n_corners": 3}, "geometry": {"type": "Point", "coordinates": [19.044533299999998, 47.559117700000066]}}, {"id": "986", "type": "Feature", "properties": {"x": 5000255.025249939, "y": 2757148.4706609445, "bearings": {"986_951_0": 172.2490513423311, "986_1111_0": -8.726894420144292, "986_975_0": -94.75523913142696}, "angles": {"986_975_0": 92.99570952624197, "986_1111_0": 86.02834471128267, "986_951_0": 180.9759457624754}, "adj_sorted": [[986, 975, 0], [986, 1111, 0], [986, 951, 0]], "type": "T", "n_corners": 2}, "geometry": {"type": "Point", "coordinates": [19.044392699999992, 47.55370940000007]}}, {"id": "942", "type": "Feature", "properties": {"x": 5000218.017439628, "y": 2757582.8230933645, "bearings": {"942_934_0": -96.7564722321165, "942_945_0": 84.38567421832383, "942_928_0": 173.73126984122823}, "angles": {"942_934_0": 89.51225792665525, "942_945_0": 181.14214645044032, "942_928_0": 89.3455956229044}, "adj_sorted": [[942, 934, 0], [942, 945, 0], [942, 928, 0]], "type": "T", "n_corners": 2}, "geometry": {"type": "Point", "coordinates": [19.044587199999995, 47.557625899999984]}}, {"id": "873", "type": "Feature", "properties": {"x": 5000120.396699912, "y": 2757496.0193518973, "bearings": {"873_934_0": -7.206941329105417, "873_862_0": -120.1659324952259, "873_894_0": 64.4684857766208}, "angles": {"873_862_0": 175.3655817281533, "873_934_0": 112.95899116612048, "873_894_0": 71.67542710572621}, "adj_sorted": [[873, 862, 0], [873, 934, 0], [873, 894, 0]], "type": "T", "n_corners": 2}, "geometry": {"type": "Point", "coordinates": [19.043162200000005, 47.55695849999999]}}, {"id": "968", "type": "Feature", "properties": {"x": 5000242.450517504, "y": 2754406.398218877, "bearings": {"968_922_0": 170.74451634884662, "968_948_0": -97.26631717581016, "968_1009_0": -8.567793730453612, "968_971_0": 89.3370105868431}, "angles": {"968_948_0": 91.98916647534321, "968_1009_0": 88.69852344535654, "968_971_0": 97.90480431729672, "968_922_0": 81.40750576200351}, "adj_sorted": [[968, 948, 0], [968, 1009, 0], [968, 971, 0], [968, 922, 0]], "type": "X", "n_corners": 4}, "geometry": {"type": "Point", "coordinates": [19.039918199999995, 47.52925450000006]}}, {"id": "803", "type": "Feature", "properties": {"x": 4999998.547870534, "y": 2754852.9912802614, "bearings": {"803_777_0": -173.29567343016632, "803_835_0": 5.8912423524271205, "803_790_0": 99.21152889448703}, "angles": {"803_777_0": 87.49279767534665, "803_835_0": 179.18691578259345, "803_790_0": 93.3202865420599}, "adj_sorted": [[803, 777, 0], [803, 835, 0], [803, 790, 0]], "type": "T", "n_corners": 2}, "geometry": {"type": "Point", "coordinates": [19.0374017, 47.53350730000002]}}, {"id": "1129", "type": "Feature", "properties": {"x": 5000468.802740046, "y": 2755187.533198173, "bearings": {"1129_1141_0": 73.60194785622713, "1129_1021_0": 165.20875504894408, "1129_1075_0": -106.0833102614999}, "angles": {"1129_1075_0": 88.707934689556, "1129_1141_0": 179.68525811772702, "1129_1021_0": 91.60680719271696}, "adj_sorted": [[1129, 1075, 0], [1129, 1141, 0], [1129, 1021, 0]], "type": "T", "n_corners": 2}, "geometry": {"type": "Point", "coordinates": [19.04413149999999, 47.53597650000001]}}, {"id": "1075", "type": "Feature", "properties": {"x": 5000385.5365717, "y": 2755017.8444739897, "bearings": {"1075_1019_0": 170.32355101534748, "1075_1144_0": -18.626434308968342, "1075_1031_0": -125.48043093509735, "1075_1129_0": 59.72275312687354}, "angles": {"1075_1031_0": 64.19601804955516, "1075_1144_0": 106.853996626129, "1075_1129_0": 78.34918743584188, "1075_1019_0": 110.60079788847393}, "adj_sorted": [[1075, 1031, 0], [1075, 1144, 0], [1075, 1129, 0], [1075, 1019, 0]], "type": "X", "n_corners": 4}, "geometry": {"type": "Point", "coordinates": [19.042766299999993, 47.53455370000002]}}, {"id": "1021", "type": "Feature", "properties": {"x": 5000296.227478776, "y": 2755224.7899914016, "bearings": {"1021_947_0": 127.9780457636276, "1021_1019_0": -98.3627551815068, "1021_1129_0": -9.166398506549061}, "angles": {"1021_1019_0": 133.6591990548656, "1021_1129_0": 89.19635667495774, "1021_947_0": 137.14444427017668}, "adj_sorted": [[1021, 1019, 0], [1021, 1129, 0], [1021, 947, 0]], "type": "Y", "n_corners": 3}, "geometry": {"type": "Point", "coordinates": [19.04191309999999, 47.536498400000006]}}, {"id": "293", "type": "Feature", "properties": {"x": 4998514.1914390465, "y": 2755261.37431502, "bearings": {"293_298_0": 11.395663764937925, "293_280_0": -90.10247194243695, "293_266_0": 100.6143002372379}, "angles": {"293_280_0": 169.28322782032515, "293_298_0": 101.49813570737487, "293_266_0": 89.21863647229998}, "adj_sorted": [[293, 280, 0], [293, 298, 0], [293, 266, 0]], "type": "T", "n_corners": 2}, "geometry": {"type": "Point", "coordinates": [19.0184575, 47.538778300000025]}}, {"id": "266", "type": "Feature", "properties": {"x": 4998425.644427622, "y": 2755484.2787096724, "bearings": {"266_280_0": -178.60116330953076, "266_293_0": -91.48942346168435, "266_267_0": 89.43247492460593}, "angles": {"266_280_0": 91.96636176586333, "266_293_0": 87.11173984784641, "266_267_0": 180.92189838629028}, "adj_sorted": [[266, 280, 0], [266, 293, 0], [266, 267, 0]], "type": "T", "n_corners": 2}, "geometry": {"type": "Point", "coordinates": [19.017638399999996, 47.54086440000003]}}, {"id": "790", "type": "Feature", "properties": {"x": 4999981.348015743, "y": 2754959.0511662564, "bearings": {"790_766_0": -163.21340554435483, "790_828_0": 18.173173289683167, "790_803_0": -80.78847110551297, "790_782_0": 100.37369924319381}, "angles": {"790_766_0": 96.41289521245136, "790_803_0": 82.42493443884186, "790_828_0": 98.96164439519613, "790_782_0": 82.20052595351065}, "adj_sorted": [[790, 766, 0], [790, 803, 0], [790, 828, 0], [790, 782, 0]], "type": "X", "n_corners": 4}, "geometry": {"type": "Point", "coordinates": [19.037341299999994, 47.53447260000001]}}, {"id": "782", "type": "Feature", "properties": {"x": 4999966.098330555, "y": 2755042.3555177543, "bearings": {"782_753_0": -162.53678147645343, "782_773_0": 100.32634872058048, "782_825_0": 19.146208020995946, "782_790_0": -79.6263007568062}, "angles": {"782_753_0": 97.13686980296609, "782_790_0": 82.91048071964723, "782_825_0": 98.77250877780214, "782_773_0": 81.18014069958454}, "adj_sorted": [[782, 753, 0], [782, 790, 0], [782, 825, 0], [782, 773, 0]], "type": "X", "n_corners": 4}, "geometry": {"type": "Point", "coordinates": [19.037270899999992, 47.53523270000001]}}, {"id": "747", "type": "Feature", "properties": {"x": 4999894.410575931, "y": 2755082.8842188995, "bearings": {"747_700_0": -163.11438115518249, "747_735_0": 103.65014770173033, "747_753_0": -76.60145515289668}, "angles": {"747_700_0": 93.23547114308718, "747_753_0": 86.51292600228581, "747_735_0": 180.251602854627}, "adj_sorted": [[747, 700, 0], [747, 753, 0], [747, 735, 0]], "type": "T", "n_corners": 2}, "geometry": {"type": "Point", "coordinates": [19.036388699999996, 47.53567300000002]}}, {"id": "1023", "type": "Feature", "properties": {"x": 5000300.386536537, "y": 2755956.2531634485, "bearings": {"1023_1039_0": 69.62928458507336, "1023_1001_0": -111.28893000467383, "1023_1046_0": -6.566850223586596}, "angles": {"1023_1001_0": 179.0817854102528, "1023_1046_0": 104.72207978108723, "1023_1039_0": 76.19613480865996}, "adj_sorted": [[1023, 1001, 0], [1023, 1046, 0], [1023, 1039, 0]], "type": "T", "n_corners": 2}, "geometry": {"type": "Point", "coordinates": [19.04311729999999, 47.543021000000046]}}, {"id": "1001", "type": "Feature", "properties": {"x": 5000271.036369921, "y": 2755857.4212279273, "bearings": {"1001_1044_0": -51.763365636212036, "1001_1023_0": 107.37851394878264, "1001_944_0": 165.35934079426912}, "angles": {"1001_1044_0": 142.87729356951886, "1001_1023_0": 159.14187958499468, "1001_944_0": 57.980826845486476}, "adj_sorted": [[1001, 1044, 0], [1001, 1023, 0], [1001, 944, 0]], "type": "Y", "n_corners": 3}, "geometry": {"type": "Point", "coordinates": [19.042574699999996, 47.542171300000064]}}, {"id": "1046", "type": "Feature", "properties": {"x": 5000332.674358819, "y": 2755952.5264702104, "bearings": {"1046_1104_0": -0.6842352677694039, "1046_1044_0": -92.67116338322978, "1046_1023_0": 173.4057250767969}, "angles": {"1046_1044_0": 93.92311153997332, "1046_1104_0": 91.98692811546037, "1046_1023_0": 174.0899603445663}, "adj_sorted": [[1046, 1044, 0], [1046, 1104, 0], [1046, 1023, 0]], "type": "T", "n_corners": 2}, "geometry": {"type": "Point", "coordinates": [19.0435375, 47.542952300000046]}}, {"id": "1111", "type": "Feature", "properties": {"x": 5000443.73335124, "y": 2756885.0727320053, "bearings": {"1111_1122_0": -51.23411577526468, "1111_986_0": 107.0518346046933, "1111_1101_0": -155.25559781617682}, "angles": {"1111_1101_0": 97.6925675791299, "1111_1122_0": 104.02148204091213, "1111_986_0": 158.28595037995797}, "adj_sorted": [[1111, 1101, 0], [1111, 1122, 0], [1111, 986, 0]], "type": "Y", "n_corners": 3}, "geometry": {"type": "Point", "coordinates": [19.0464691, 47.551151800000035]}}, {"id": "585", "type": "Feature", "properties": {"x": 4999538.74486544, "y": 2756676.007024523, "bearings": {"585_598_0": -79.19581060833002, "585_576_0": 102.30724942152982, "585_601_0": 9.61725512249994}, "angles": {"585_598_0": 178.49693997014015, "585_601_0": 88.81306573082996, "585_576_0": 92.68999429902988}, "adj_sorted": [[585, 598, 0], [585, 601, 0], [585, 576, 0]], "type": "T", "n_corners": 2}, "geometry": {"type": "Point", "coordinates": [19.0341969, 47.55027940000006]}}, {"id": "1405", "type": "Feature", "properties": {"x": 5001017.602831818, "y": 2758728.4173884694, "bearings": {"1405_1399_0": 179.1018289560999, "1405_1431_0": -0.9380207056185087, "1405_1406_0": 89.14636010820693}, "angles": {"1405_1431_0": 179.9601503382816, "1405_1406_0": 90.08438081382545, "1405_1399_0": 89.95546884789296}, "adj_sorted": [[1405, 1431, 0], [1405, 1406, 0], [1405, 1399, 0]], "type": "T", "n_corners": 2}, "geometry": {"type": "Point", "coordinates": [19.0569449, 47.56696970000002]}}, {"id": "1434", "type": "Feature", "properties": {"x": 5001096.82063113, "y": 2758759.4052898786, "bearings": {"1434_1431_0": -91.03541355705659, "1434_1474_0": -1.0802242845603003, "1434_1437_0": 89.46786209840779}, "angles": {"1434_1431_0": 179.4967243445356, "1434_1474_0": 89.95518927249628, "1434_1437_0": 90.5480863829681}, "adj_sorted": [[1434, 1431, 0], [1434, 1474, 0], [1434, 1437, 0]], "type": "T", "n_corners": 2}, "geometry": {"type": "Point", "coordinates": [19.058039500000003, 47.56715910000003]}}, {"id": "1437", "type": "Feature", "properties": {"x": 5001097.2571564205, "y": 2758806.4050198277, "bearings": {"1437_1432_0": 90.7751064744966, "1437_1434_0": -90.53213790159221, "1437_1406_0": -179.74565592222385}, "angles": {"1437_1406_0": 89.47923760327956, "1437_1434_0": 89.21351802063164, "1437_1432_0": 181.30724437608882}, "adj_sorted": [[1437, 1406, 0], [1437, 1434, 0], [1437, 1432, 0]], "type": "T", "n_corners": 2}, "geometry": {"type": "Point", "coordinates": [19.05811930000001, 47.56757800000007]}}, {"id": "1406", "type": "Feature", "properties": {"x": 5001018.716626027, "y": 2758806.061772463, "bearings": {"1406_1407_0": 88.62701829471551, "1406_1405_0": -90.81800738673282, "1406_1437_0": 0.21724559824112552, "1406_1383_0": 179.5633588093908}, "angles": {"1406_1405_0": 89.61863380387638, "1406_1437_0": 91.03525298497394, "1406_1407_0": 88.40977269647439, "1406_1383_0": 90.93634051467528}, "adj_sorted": [[1406, 1405, 0], [1406, 1437, 0], [1406, 1407, 0], [1406, 1383, 0]], "type": "X", "n_corners": 4}, "geometry": {"type": "Point", "coordinates": [19.0570819, 47.5676613]}}, {"id": "1373", "type": "Feature", "properties": {"x": 5000947.874364609, "y": 2758883.670877659, "bearings": {"1373_1347_0": 179.47583153053776, "1373_1407_0": 0.46101240884561356, "1373_1372_0": -90.93548255347356}, "angles": {"1373_1372_0": 89.58868591598866, "1373_1407_0": 91.39649496231918, "1373_1347_0": 179.01481912169214}, "adj_sorted": [[1373, 1372, 0], [1373, 1407, 0], [1373, 1347, 0]], "type": "T", "n_corners": 2}, "geometry": {"type": "Point", "coordinates": [19.056268899999992, 47.56843169999999]}}, {"id": "1372", "type": "Feature", "properties": {"x": 5000947.044376032, "y": 2758832.1512621795, "bearings": {"1372_1373_0": 89.00241622975486, "1372_1383_0": -47.502128323838186, "1372_1364_0": -134.16760300638282}, "angles": {"1372_1364_0": 136.82998076386232, "1372_1383_0": 86.66547468254464, "1372_1373_0": 136.50454455359304}, "adj_sorted": [[1372, 1364, 0], [1372, 1383, 0], [1372, 1373, 0]], "type": "Y", "n_corners": 3}, "geometry": {"type": "Point", "coordinates": [19.056176799999996, 47.56797290000004]}}, {"id": "1383", "type": "Feature", "properties": {"x": 5000970.618888879, "y": 2758806.422277194, "bearings": {"1383_1406_0": -0.44821562124360487, "1383_1372_0": 132.49787167616182, "1383_1371_0": -135.26248339542937}, "angles": {"1383_1371_0": 92.23964492840878, "1383_1406_0": 134.81426777418577, "1383_1372_0": 132.94608729740543}, "adj_sorted": [[1383, 1371, 0], [1383, 1406, 0], [1383, 1372, 0]], "type": "Y", "n_corners": 3}, "geometry": {"type": "Point", "coordinates": [19.056447499999997, 47.567717400000014]}}, {"id": "1364", "type": "Feature", "properties": {"x": 5000922.38682553, "y": 2758806.76664449, "bearings": {"1364_1372_0": 45.83239699361718, "1364_1371_0": -44.10794584696702, "1364_1339_0": -179.91064440448395}, "angles": {"1364_1339_0": 134.25695860189887, "1364_1371_0": 135.80269855751692, "1364_1372_0": 89.94034284058421}, "adj_sorted": [[1364, 1339, 0], [1364, 1371, 0], [1364, 1372, 0]], "type": "Y", "n_corners": 3}, "geometry": {"type": "Point", "coordinates": [19.055811299999995, 47.56777350000004]}}, {"id": "1371", "type": "Feature", "properties": {"x": 5000946.943572894, "y": 2758782.9628961687, "bearings": {"1371_1383_0": 44.73751660457066, "1371_1364_0": 135.89205415303297, "1371_1370_0": -90.34256834193648}, "angles": {"1371_1370_0": 133.76537750503053, "1371_1383_0": 135.08008494650716, "1371_1364_0": 91.15453754846232}, "adj_sorted": [[1371, 1370, 0], [1371, 1383, 0], [1371, 1364, 0]], "type": "Y", "n_corners": 3}, "geometry": {"type": "Point", "coordinates": [19.056098, 47.56753410000005]}}, {"id": "1334", "type": "Feature", "properties": {"x": 5000866.750671699, "y": 2758983.9855502383, "bearings": {"1334_1335_0": 89.65182027699906, "1334_1295_0": -179.94767808050435, "1334_1349_0": -13.85442637052816}, "angles": {"1334_1295_0": 90.40050164249658, "1334_1349_0": 166.0932517099762, "1334_1335_0": 103.50624664752722}, "adj_sorted": [[1334, 1295, 0], [1334, 1349, 0], [1334, 1335, 0]], "type": "T", "n_corners": 2}, "geometry": {"type": "Point", "coordinates": [19.05535589999999, 47.56941600000005]}}, {"id": "1339", "type": "Feature", "properties": {"x": 5000877.764844941, "y": 2758806.6932505956, "bearings": {"1339_1336_0": 102.4788731844547, "1339_1364_0": 0.09798929364527971, "1339_1340_0": -89.52815429552109}, "angles": {"1339_1340_0": 167.9929725200242, "1339_1364_0": 89.62614358916638, "1339_1336_0": 102.38088389080941}, "adj_sorted": [[1339, 1340, 0], [1339, 1364, 0], [1339, 1336, 0]], "type": "T", "n_corners": 2}, "geometry": {"type": "Point", "coordinates": [19.05522210000001, 47.56782190000004]}}, {"id": "1300", "type": "Feature", "properties": {"x": 5000784.627846707, "y": 2758761.8344681724, "bearings": {"1300_1279_0": -146.96592904623182, "1300_1317_0": 33.024438417729286, "1300_1253_0": 122.63987753194566}, "angles": {"1300_1279_0": 90.39419342182254, "1300_1317_0": 179.9903674639611, "1300_1253_0": 89.61543911421637}, "adj_sorted": [[1300, 1279, 0], [1300, 1317, 0], [1300, 1253, 0]], "type": "T", "n_corners": 2}, "geometry": {"type": "Point", "coordinates": [19.053921899999995, 47.567524000000006]}}, {"id": "1340", "type": "Feature", "properties": {"x": 5000878.429417283, "y": 2758730.6354921544, "bearings": {"1340_1319_0": -171.75407057875057, "1340_1339_0": 90.7347484617856, "1340_1370_0": -0.8737908983745225}, "angles": {"1340_1319_0": 97.51118095946384, "1340_1370_0": 170.88027968037605, "1340_1339_0": 91.60853936016012}, "adj_sorted": [[1340, 1319, 0], [1340, 1370, 0], [1340, 1339, 0]], "type": "T", "n_corners": 2}, "geometry": {"type": "Point", "coordinates": [19.055111099999994, 47.567142500000045]}}, {"id": "1229", "type": "Feature", "properties": {"x": 5000670.756562934, "y": 2758855.136867973, "bearings": {"1229_1228_0": 90.24428172193537, "1229_1224_0": -153.60594245466874, "1229_1253_0": 26.247281533712574}, "angles": {"1229_1224_0": 116.14977582339588, "1229_1253_0": 179.8532239883813, "1229_1228_0": 63.99700018822279}, "adj_sorted": [[1229, 1224, 0], [1229, 1253, 0], [1229, 1228, 0]], "type": "T", "n_corners": 2}, "geometry": {"type": "Point", "coordinates": [19.052565499999996, 47.568481700000014]}}, {"id": "1238", "type": "Feature", "properties": {"x": 5000686.334318139, "y": 2758814.8953211964, "bearings": {"1238_1224_0": 143.06532142490363, "1238_1241_0": -62.34609647920562, "1238_1269_0": 52.222828542984686}, "angles": {"1238_1241_0": 154.58858209589076, "1238_1269_0": 114.56892502219031, "1238_1224_0": 90.84249288191894}, "adj_sorted": [[1238, 1241, 0], [1238, 1269, 0], [1238, 1224, 0]], "type": "Y", "n_corners": 3}, "geometry": {"type": "Point", "coordinates": [19.052707800000004, 47.5681055]}}, {"id": "1253", "type": "Feature", "properties": {"x": 5000706.896519643, "y": 2758859.7001254777, "bearings": {"1253_1270_0": 33.6669972755198, "1253_1300_0": -8.215256464992324, "1253_1229_0": -176.90054927000722}, "angles": {"1253_1229_0": 149.43245345447298, "1253_1300_0": 168.68529280501488, "1253_1270_0": 41.88225374051212}, "adj_sorted": [[1253, 1229, 0], [1253, 1300, 0], [1253, 1270, 0]], "type": "Y", "n_corners": 2}, "geometry": {"type": "Point", "coordinates": [19.053049800000004, 47.568482700000054]}}, {"id": "1269", "type": "Feature", "properties": {"x": 5000723.254529974, "y": 2758750.6101949075, "bearings": {"1269_1241_0": 174.45919979487007, "1269_1279_0": -5.547289750798452, "1269_1238_0": 84.88076260637105}, "angles": {"1269_1279_0": 179.99351045433147, "1269_1238_0": 90.4280523571695, "1269_1241_0": 89.57843718849902}, "adj_sorted": [[1269, 1279, 0], [1269, 1238, 0], [1269, 1241, 0]], "type": "T", "n_corners": 2}, "geometry": {"type": "Point", "coordinates": [19.053093999999998, 47.567491300000015]}}, {"id": "1264", "type": "Feature", "properties": {"x": 5000719.575763737, "y": 2758946.781387802, "bearings": {"1264_1228_0": -147.63958401199054, "1264_1295_0": 31.084288800499486, "1264_1270_0": -90.68879120534667}, "angles": {"1264_1228_0": 181.27612718750999, "1264_1270_0": 56.95079280664386, "1264_1295_0": 121.77308000584617}, "adj_sorted": [[1264, 1228, 0], [1264, 1270, 0], [1264, 1295, 0]], "type": "Y", "n_corners": 2}, "geometry": {"type": "Point", "coordinates": [19.053354299999995, 47.56924580000005]}}, {"id": "1325", "type": "Feature", "properties": {"x": 5000846.591159229, "y": 2759310.817225836, "bearings": {"1325_1326_0": 89.02979647166953, "1325_1320_0": -91.84681873255248, "1325_1263_0": 179.15782256881764}, "angles": {"1325_1320_0": 88.9953586986299, "1325_1326_0": 180.876615204222, "1325_1263_0": 90.12802609714811}, "adj_sorted": [[1325, 1320, 0], [1325, 1326, 0], [1325, 1263, 0]], "type": "T", "n_corners": 2}, "geometry": {"type": "Point", "coordinates": [19.055604499999998, 47.57235450000005]}}, {"id": "1390", "type": "Feature", "properties": {"x": 5000976.055332292, "y": 2759365.2878479967, "bearings": {"1390_1326_0": -179.04691514780765, "1390_1388_0": -89.57179061917041, "1390_1418_0": -1.1758939266600523, "1390_1389_0": 91.44486520874787}, "angles": {"1390_1326_0": 89.50821964344448, "1390_1388_0": 89.47512452863724, "1390_1418_0": 88.39589669251036, "1390_1389_0": 92.62075913540792}, "adj_sorted": [[1390, 1326, 0], [1390, 1388, 0], [1390, 1418, 0], [1390, 1389, 0]], "type": "X", "n_corners": 4}, "geometry": {"type": "Point", "coordinates": [19.0573996, 47.5726982]}}, {"id": "1389", "type": "Feature", "properties": {"x": 5000974.268160271, "y": 2759457.323457335, "bearings": {"1389_1387_0": 91.36935595624357, "1389_1390_0": -89.0496135192832, "1389_1467_0": 1.480865635393265}, "angles": {"1389_1390_0": 179.58103052447325, "1389_1467_0": 90.53047915467647, "1389_1387_0": 89.8884903208503}, "adj_sorted": [[1389, 1390, 0], [1389, 1467, 0], [1389, 1387, 0]], "type": "T", "n_corners": 2}, "geometry": {"type": "Point", "coordinates": [19.057520999999998, 47.573521400000054]}}, {"id": "1263", "type": "Feature", "properties": {"x": 5000718.114399663, "y": 2759313.077630896, "bearings": {"1263_1267_0": 86.53282135483178, "1263_1325_0": -1.120132068838045, "1263_1255_0": -93.5850625023869}, "angles": {"1263_1255_0": 179.8821161427813, "1263_1325_0": 92.46493043354886, "1263_1267_0": 87.65295342366983}, "adj_sorted": [[1263, 1255, 0], [1263, 1325, 0], [1263, 1267, 0]], "type": "T", "n_corners": 2}, "geometry": {"type": "Point", "coordinates": [19.053911800000005, 47.57251590000004]}}, {"id": "1467", "type": "Feature", "properties": {"x": 5001150.332236413, "y": 2759459.9375681276, "bearings": {"1467_1458_0": -87.32046202001558, "1467_1389_0": -179.20209808005865, "1467_1459_0": 87.25033999206657}, "angles": {"1467_1389_0": 93.54756192787477, "1467_1458_0": 91.88163606004306, "1467_1459_0": 174.57080201208214}, "adj_sorted": [[1467, 1389, 0], [1467, 1458, 0], [1467, 1459, 0]], "type": "T", "n_corners": 2}, "geometry": {"type": "Point", "coordinates": [19.0598497, 47.57335110000003]}}, {"id": "1459", "type": "Feature", "properties": {"x": 5001148.109191441, "y": 2759545.1283890954, "bearings": {"1459_1387_0": -178.74397847183292, "1459_1467_0": -88.28967284908161, "1459_1457_0": 88.21531972334056, "1459_1524_0": 1.6375286016189479}, "angles": {"1459_1387_0": 93.04070180482654, "1459_1467_0": 90.4543056227513, "1459_1524_0": 89.92720145070057, "1459_1457_0": 86.5777911217216}, "adj_sorted": [[1459, 1387, 0], [1459, 1467, 0], [1459, 1524, 0], [1459, 1457, 0]], "type": "X", "n_corners": 4}, "geometry": {"type": "Point", "coordinates": [19.059954600000005, 47.57411370000005]}}, {"id": "1385", "type": "Feature", "properties": {"x": 5000971.383335996, "y": 2759695.9010285186, "bearings": {"1385_1387_0": -89.28268622566584, "1385_1322_0": -179.21167277502158, "1385_1457_0": 0.15327088416047122, "1385_1381_0": 91.74713191167386}, "angles": {"1385_1322_0": 89.04119531330457, "1385_1387_0": 89.92898654935574, "1385_1457_0": 89.43595710982632, "1385_1381_0": 91.59386102751338}, "adj_sorted": [[1385, 1322, 0], [1385, 1387, 0], [1385, 1457, 0], [1385, 1381, 0]], "type": "X", "n_corners": 4}, "geometry": {"type": "Point", "coordinates": [19.057858799999995, 47.57565340000003]}}, {"id": "1457", "type": "Feature", "properties": {"x": 5001147.434305566, "y": 2759696.4075457286, "bearings": {"1457_1459_0": -89.98457965434974, "1457_1385_0": -179.84422847197573, "1457_1460_0": 89.75518873173839, "1457_1523_0": 0.2585217210851175}, "angles": {"1457_1385_0": 90.4005827962859, "1457_1459_0": 89.85964881762598, "1457_1523_0": 90.24310137543486, "1457_1460_0": 89.49666701065327}, "adj_sorted": [[1457, 1385, 0], [1457, 1459, 0], [1457, 1523, 0], [1457, 1460, 0]], "type": "X", "n_corners": 4}, "geometry": {"type": "Point", "coordinates": [19.060184099999997, 47.5754643]}}, {"id": "1524", "type": "Feature", "properties": {"x": 5001328.85129646, "y": 2759549.9725995413, "bearings": {"1524_1459_0": -179.42643370668063, "1524_1519_0": -93.02497822722856, "1524_1523_0": 84.86452427661636, "1524_1556_0": -3.0914555542313806}, "angles": {"1524_1459_0": 95.709042016703, "1524_1519_0": 86.40145547945207, "1524_1556_0": 89.93352267299719, "1524_1523_0": 87.95597983084775}, "adj_sorted": [[1524, 1459, 0], [1524, 1519, 0], [1524, 1556, 0], [1524, 1523, 0]], "type": "X", "n_corners": 4}, "geometry": {"type": "Point", "coordinates": [19.062348599999993, 47.57395810000003]}}, {"id": "1381", "type": "Feature", "properties": {"x": 5000967.086624157, "y": 2759835.862566863, "bearings": {"1381_1385_0": -88.24114443483666, "1381_1321_0": -176.9242864242838, "1381_1384_0": 87.03996895943855}, "angles": {"1381_1321_0": 96.03574461627767, "1381_1385_0": 88.68314198944714, "1381_1384_0": 175.28111339427522}, "adj_sorted": [[1381, 1321, 0], [1381, 1385, 0], [1381, 1384, 0]], "type": "T", "n_corners": 2}, "geometry": {"type": "Point", "coordinates": [19.058022600000008, 47.57690699999999]}}, {"id": "1460", "type": "Feature", "properties": {"x": 5001148.267406933, "y": 2759810.3627354307, "bearings": {"1460_1457_0": -91.71751731713331, "1460_1526_0": -4.494937883325978, "1460_1465_0": 89.93666303301141}, "angles": {"1460_1457_0": 178.3458196498553, "1460_1526_0": 87.22257943380734, "1460_1465_0": 94.43160091633739}, "adj_sorted": [[1460, 1457, 0], [1460, 1526, 0], [1460, 1465, 0]], "type": "T", "n_corners": 2}, "geometry": {"type": "Point", "coordinates": [19.060374699999997, 47.57648020000006]}}, {"id": "1523", "type": "Feature", "properties": {"x": 5001328.228463434, "y": 2759697.224274914, "bearings": {"1523_1457_0": -179.75279527832808, "1523_1524_0": -86.62261019736472, "1523_1526_0": 85.03552406697746}, "angles": {"1523_1457_0": 95.21168065469448, "1523_1524_0": 93.13018508096336, "1523_1526_0": 171.65813426434218}, "adj_sorted": [[1523, 1457, 0], [1523, 1524, 0], [1523, 1526, 0]], "type": "T", "n_corners": 2}, "geometry": {"type": "Point", "coordinates": [19.062572500000005, 47.57527270000005]}}, {"id": "1259", "type": "Feature", "properties": {"x": 5000713.278159874, "y": 2759693.0687067723, "bearings": {"1259_1322_0": 0.4851620717590259, "1259_1172_0": -179.27571618173397, "1259_1256_0": 90.23135187409424}, "angles": {"1259_1172_0": 90.4929319441718, "1259_1322_0": 179.760878253493, "1259_1256_0": 89.74618980233522}, "adj_sorted": [[1259, 1172, 0], [1259, 1322, 0], [1259, 1256, 0]], "type": "T", "n_corners": 2}, "geometry": {"type": "Point", "coordinates": [19.054446399999993, 47.57591190000006]}}, {"id": "1321", "type": "Feature", "properties": {"x": 5000843.891347262, "y": 2759829.1761617865, "bearings": {"1321_1322_0": -89.71919451184601, "1321_1381_0": 3.1090259343654343, "1321_1254_0": -176.94373987351324, "1321_1324_0": 92.06723383345533}, "angles": {"1321_1254_0": 90.98902629303143, "1321_1322_0": 87.22454536166723, "1321_1381_0": 92.82822044621145, "1321_1324_0": 88.9582078990899}, "adj_sorted": [[1321, 1254, 0], [1321, 1322, 0], [1321, 1381, 0], [1321, 1324, 0]], "type": "X", "n_corners": 4}, "geometry": {"type": "Point", "coordinates": [19.0563854, 47.57698280000001]}}, {"id": "1384", "type": "Feature", "properties": {"x": 5000970.752114453, "y": 2759906.7504200796, "bearings": {"1384_1381_0": -92.96003104056145, "1384_1404_0": -7.338113170152485, "1384_1363_0": 172.70426929316375}, "angles": {"1384_1381_0": 94.33569966627482, "1384_1404_0": 85.62191787040896, "1384_1363_0": 180.04238246331624}, "adj_sorted": [[1384, 1381, 0], [1384, 1404, 0], [1384, 1363, 0]], "type": "T", "n_corners": 2}, "geometry": {"type": "Point", "coordinates": [19.0581827, 47.57753550000004]}}, {"id": "1526", "type": "Feature", "properties": {"x": 5001336.840182589, "y": 2759796.1129831024, "bearings": {"1526_1460_0": 175.00372312881467, "1526_1523_0": -94.97806897423739, "1526_1528_0": 83.68222281007849}, "angles": {"1526_1523_0": 90.01820789694796, "1526_1528_0": 178.66029178431586, "1526_1460_0": 91.32150031873618}, "adj_sorted": [[1526, 1523, 0], [1526, 1528, 0], [1526, 1460, 0]], "type": "T", "n_corners": 2}, "geometry": {"type": "Point", "coordinates": [19.062842099999994, 47.57614560000002]}}, {"id": "1465", "type": "Feature", "properties": {"x": 5001148.383260443, "y": 2759878.1685555954, "bearings": {"1465_1460_0": -90.09943542748196, "1465_1483_0": -9.787249896492964, "1465_1444_0": 169.6363874667705}, "angles": {"1465_1460_0": 100.26417710574754, "1465_1483_0": 80.312185530989, "1465_1444_0": 179.42363736326345}, "adj_sorted": [[1465, 1460, 0], [1465, 1483, 0], [1465, 1444, 0]], "type": "T", "n_corners": 2}, "geometry": {"type": "Point", "coordinates": [19.060483099999995, 47.577085100000026]}}, {"id": "1256", "type": "Feature", "properties": {"x": 5000711.643784849, "y": 2759757.688273593, "bearings": {"1256_1259_0": -88.4285671401602, "1256_1254_0": 92.9892686216158, "1256_1169_0": -178.27190625920414}, "angles": {"1256_1169_0": 88.73882511918004, "1256_1259_0": 89.84333911904395, "1256_1254_0": 181.41783576177602}, "adj_sorted": [[1256, 1169, 0], [1256, 1259, 0], [1256, 1254, 0]], "type": "T", "n_corners": 2}, "geometry": {"type": "Point", "coordinates": [19.054526599999996, 47.57649030000003]}}, {"id": "1254", "type": "Feature", "properties": {"x": 5000708.288614899, "y": 2759821.9389812527, "bearings": {"1254_1321_0": 3.0319976787879592, "1254_1256_0": -87.01073137838421, "1254_1251_0": 91.93596414081811, "1254_1162_0": -176.93083745994798}, "angles": {"1254_1162_0": 91.13319839923389, "1254_1256_0": 89.92010608156377, "1254_1321_0": 90.04272905717217, "1254_1251_0": 88.90396646203016}, "adj_sorted": [[1254, 1162, 0], [1254, 1256, 0], [1254, 1321, 0], [1254, 1251, 0]], "type": "X", "n_corners": 4}, "geometry": {"type": "Point", "coordinates": [19.0545835, 47.57706730000002]}}, {"id": "1324", "type": "Feature", "properties": {"x": 5000846.537002331, "y": 2759922.9684109613, "bearings": {"1324_1321_0": -99.43041361833569, "1324_1363_0": -7.547913598566762, "1324_1311_0": 173.6152265381288}, "angles": {"1324_1321_0": 86.95435984353549, "1324_1363_0": 91.88250001976893, "1324_1311_0": 181.16314013669557}, "adj_sorted": [[1324, 1321, 0], [1324, 1363, 0], [1324, 1311, 0]], "type": "T", "n_corners": 2}, "geometry": {"type": "Point", "coordinates": [19.056568099999993, 47.57781680000005]}}, {"id": "1404", "type": "Feature", "properties": {"x": 5001014.670462432, "y": 2759901.101901972, "bearings": {"1404_1384_0": 172.67429147620675, "1404_1438_0": 78.61738768074005, "1404_1444_0": -9.60402030049911}, "angles": {"1404_1444_0": 177.72168822329414, "1404_1438_0": 88.22140798123917, "1404_1384_0": 94.0569037954667}, "adj_sorted": [[1404, 1444, 0], [1404, 1438, 0], [1404, 1384, 0]], "type": "T", "n_corners": 2}, "geometry": {"type": "Point", "coordinates": [19.058753699999993, 47.5774368]}}, {"id": "1363", "type": "Feature", "properties": {"x": 5000921.255811785, "y": 2759913.067919468, "bearings": {"1363_1384_0": -7.26660280405356, "1363_1324_0": 172.45208640143323, "1363_1402_0": 77.65215529589176}, "angles": {"1363_1384_0": 180.28131079451322, "1363_1402_0": 84.91875809994532, "1363_1324_0": 94.79993110554148}, "adj_sorted": [[1363, 1384, 0], [1363, 1402, 0], [1363, 1324, 0]], "type": "T", "n_corners": 2}, "geometry": {"type": "Point", "coordinates": [19.057539100000003, 47.57764630000001]}}, {"id": "1438", "type": "Feature", "properties": {"x": 5001099.319209737, "y": 2760181.592397973, "bearings": {"1438_1404_0": -107.53600187337742, "1438_1402_0": 162.88517912873294, "1438_1466_0": -17.861569131881517}, "angles": {"1438_1404_0": 89.57881899788964, "1438_1466_0": 89.6744327414959, "1438_1402_0": 180.74674826061445}, "adj_sorted": [[1438, 1404, 0], [1438, 1466, 0], [1438, 1402, 0]], "type": "T", "n_corners": 2}, "geometry": {"type": "Point", "coordinates": [19.060313500000003, 47.57984650000001]}}, {"id": "1444", "type": "Feature", "properties": {"x": 5001127.097032639, "y": 2759882.0782565093, "bearings": {"1444_1465_0": -10.53626952526953, "1444_1404_0": 170.3959796995009, "1444_1485_0": 73.17975118377731}, "angles": {"1444_1465_0": 179.06775077522957, "1444_1485_0": 83.71602070904684, "1444_1404_0": 97.2162285157236}, "adj_sorted": [[1444, 1465, 0], [1444, 1485, 0], [1444, 1404, 0]], "type": "T", "n_corners": 2}, "geometry": {"type": "Point", "coordinates": [19.060208199999995, 47.577143400000026]}}, {"id": "1402", "type": "Feature", "properties": {"x": 5001013.756683558, "y": 2760207.939097382, "bearings": {"1402_1363_0": -107.561406721409, "1402_1438_0": -17.11482087126706, "1402_1365_0": 160.70404979760647, "1402_1412_0": 74.28946353733075}, "angles": {"1402_1363_0": 91.73454348098454, "1402_1438_0": 90.44658585014194, "1402_1412_0": 91.4042844085978, "1402_1365_0": 86.41458626027573}, "adj_sorted": [[1402, 1363, 0], [1402, 1438, 0], [1402, 1412, 0], [1402, 1365, 0]], "type": "X", "n_corners": 4}, "geometry": {"type": "Point", "coordinates": [19.0592252, 47.58017570000006]}}, {"id": "1251", "type": "Feature", "properties": {"x": 5000703.502507956, "y": 2759941.3533444814, "bearings": {"1251_1254_0": -78.18557091787422, "1251_1225_0": 110.68027516337777, "1251_1292_0": -13.003283414632346}, "angles": {"1251_1254_0": 171.134153918748, "1251_1292_0": 65.18228750324187, "1251_1225_0": 123.68355857801012}, "adj_sorted": [[1251, 1254, 0], [1251, 1292, 0], [1251, 1225, 0]], "type": "Y", "n_corners": 2}, "geometry": {"type": "Point", "coordinates": [19.054708399999992, 47.57813810000005]}}, {"id": "1162", "type": "Feature", "properties": {"x": 5000546.855925627, "y": 2759813.283237162, "bearings": {"1162_1094_0": -177.83014206683342, "1162_1254_0": 3.0691625400520226, "1162_1169_0": -87.30852923266649}, "angles": {"1162_1094_0": 179.10069539311456, "1162_1169_0": 90.52161283416693, "1162_1254_0": 90.3776917727185}, "adj_sorted": [[1162, 1094, 0], [1162, 1169, 0], [1162, 1254, 0]], "type": "T", "n_corners": 2}, "geometry": {"type": "Point", "coordinates": [19.052438299999995, 47.57716750000004]}}, {"id": "1311", "type": "Feature", "properties": {"x": 5000826.088583935, "y": 2759925.256566144, "bearings": {"1311_1324_0": -6.384773461871216, "1311_1292_0": 172.3157810911076, "1311_1365_0": 71.64237227742333}, "angles": {"1311_1324_0": 181.29944544702118, "1311_1365_0": 78.02714573929455, "1311_1292_0": 100.67340881368426}, "adj_sorted": [[1311, 1324, 0], [1311, 1365, 0], [1311, 1292, 0]], "type": "T", "n_corners": 2}, "geometry": {"type": "Point", "coordinates": [19.0563017, 47.577859700000026]}}, {"id": "1485", "type": "Feature", "properties": {"x": 5001206.783357199, "y": 2760145.6753827273, "bearings": {"1485_1444_0": -106.8202488162227, "1485_1466_0": 160.98791399942516, "1485_1509_0": -18.28253025514332}, "angles": {"1485_1444_0": 92.19183718435215, "1485_1509_0": 88.53771856107937, "1485_1466_0": 179.27044425456847}, "adj_sorted": [[1485, 1444, 0], [1485, 1509, 0], [1485, 1466, 0]], "type": "T", "n_corners": 2}, "geometry": {"type": "Point", "coordinates": [19.061675899999997, 47.57940779999999]}}, {"id": "1466", "type": "Feature", "properties": {"x": 5001149.364602529, "y": 2760165.459794416, "bearings": {"1466_1438_0": 162.12536289439043, "1466_1485_0": -19.01208600057483, "1466_1463_0": 90.2509436771905}, "angles": {"1466_1485_0": 178.86255110503473, "1466_1463_0": 109.26302967776533, "1466_1438_0": 71.87441921719993}, "adj_sorted": [[1466, 1485, 0], [1466, 1463, 0], [1466, 1438, 0]], "type": "T", "n_corners": 2}, "geometry": {"type": "Point", "coordinates": [19.0609489, 47.57964750000001]}}, {"id": "1365", "type": "Feature", "properties": {"x": 5000927.1765577495, "y": 2760238.252156225, "bearings": {"1365_1402_0": -19.295950202393545, "1365_1311_0": -104.51207672905757, "1365_1359_0": 159.8410075727129}, "angles": {"1365_1311_0": 95.64691569822952, "1365_1402_0": 85.21612652666403, "1365_1359_0": 179.13695777510645}, "adj_sorted": [[1365, 1311, 0], [1365, 1402, 0], [1365, 1359, 0]], "type": "T", "n_corners": 2}, "geometry": {"type": "Point", "coordinates": [19.058129700000002, 47.5805414]}}, {"id": "1412", "type": "Feature", "properties": {"x": 5001032.803545941, "y": 2760437.790491363, "bearings": {"1412_1402_0": -89.34636861184414, "1412_1357_0": 161.9365331523971, "1412_1411_0": 90.28214723878992, "1412_1463_0": -18.257814852306872}, "angles": {"1412_1402_0": 108.71709823575878, "1412_1463_0": 71.08855375953726, "1412_1411_0": 108.53996209109678, "1412_1357_0": 71.65438591360717}, "adj_sorted": [[1412, 1402, 0], [1412, 1463, 0], [1412, 1411, 0], [1412, 1357, 0]], "type": "X", "n_corners": 4}, "geometry": {"type": "Point", "coordinates": [19.059839000000004, 47.58220570000004]}}, {"id": "1519", "type": "Feature", "properties": {"x": 5001318.802183534, "y": 2759385.9619568917, "bearings": {"1519_1520_0": -89.73733459577993, "1519_1524_0": 86.88034323852325, "1519_1547_0": -0.6019085135677971}, "angles": {"1519_1520_0": 183.38232216569682, "1519_1547_0": 89.13542608221213, "1519_1524_0": 87.48225175209105}, "adj_sorted": [[1519, 1520, 0], [1519, 1547, 0], [1519, 1524, 0]], "type": "T", "n_corners": 2}, "geometry": {"type": "Point", "coordinates": [19.061957399999997, 47.57250570000006]}}, {"id": "1547", "type": "Feature", "properties": {"x": 5001432.600159278, "y": 2759388.091738597, "bearings": {"1547_1519_0": -178.70454645184392, "1547_1549_0": 2.028100454693169, "1547_1548_0": -90.32282596385615}, "angles": {"1547_1519_0": 179.2673530934629, "1547_1548_0": 88.38172048798778, "1547_1549_0": 92.35092641854932}, "adj_sorted": [[1547, 1519, 0], [1547, 1548, 0], [1547, 1549, 0]], "type": "T", "n_corners": 2}, "geometry": {"type": "Point", "coordinates": [19.063463199999997, 47.572399500000074]}}, {"id": "1560", "type": "Feature", "properties": {"x": 5001563.634591436, "y": 2759787.4244209495, "bearings": {"1560_1562_0": -88.530914982073, "1560_1528_0": 165.0007610160345, "1560_1558_0": 94.85625314653892}, "angles": {"1560_1562_0": 106.46832400189251, "1560_1558_0": 183.3871681286119, "1560_1528_0": 70.14450786949557}, "adj_sorted": [[1560, 1562, 0], [1560, 1558, 0], [1560, 1528, 0]], "type": "T", "n_corners": 2}, "geometry": {"type": "Point", "coordinates": [19.065822900000004, 47.57581850000001]}}, {"id": "1564", "type": "Feature", "properties": {"x": 5001572.6018340625, "y": 2759048.51161186, "bearings": {"1564_1562_0": 79.57009226978192, "1564_1563_0": -100.35804833228704, "1564_1567_0": -0.5058321118219784, "1564_1559_0": -170.88576808908508}, "angles": {"1564_1559_0": 109.544139641133, "1564_1563_0": 70.52771975679804, "1564_1567_0": 99.85221622046507, "1564_1562_0": 80.0759243816039}, "adj_sorted": [[1564, 1559, 0], [1564, 1563, 0], [1564, 1567, 0], [1564, 1562, 0]], "type": "X", "n_corners": 4}, "geometry": {"type": "Point", "coordinates": [19.06477620000001, 47.56921540000004]}}, {"id": "1529", "type": "Feature", "properties": {"x": 5001347.931941653, "y": 2759899.3422080907, "bearings": {"1529_1528_0": -95.9439669287243, "1529_1553_0": -8.428542096422863, "1529_1535_0": 83.80776441165274}, "angles": {"1529_1528_0": 180.24826865962297, "1529_1553_0": 87.51542483230143, "1529_1535_0": 92.2363065080756}, "adj_sorted": [[1529, 1528, 0], [1529, 1553, 0], [1529, 1535, 0]], "type": "T", "n_corners": 2}, "geometry": {"type": "Point", "coordinates": [19.063151299999994, 47.57705450000004]}}, {"id": "1528", "type": "Feature", "properties": {"x": 5001342.449773451, "y": 2759846.6875655623, "bearings": {"1528_1526_0": -96.33233281947811, "1528_1560_0": -14.999238983965508, "1528_1529_0": 84.0560330712757, "1528_1483_0": 171.04467719764418}, "angles": {"1528_1526_0": 92.6229899828777, "1528_1560_0": 81.3330938355126, "1528_1529_0": 99.05527205524122, "1528_1483_0": 86.98864412636847}, "adj_sorted": [[1528, 1526, 0], [1528, 1560, 0], [1528, 1529, 0], [1528, 1483, 0]], "type": "X", "n_corners": 4}, "geometry": {"type": "Point", "coordinates": [19.0629959, 47.57659070000002]}}, {"id": "1535", "type": "Feature", "properties": {"x": 5001368.965344702, "y": 2760092.703854349, "bearings": {"1535_1529_0": -96.20861372301374, "1535_1515_0": 162.01152296283195, "1535_1537_0": 86.70978187432057}, "angles": {"1535_1529_0": 101.77986331415434, "1535_1537_0": 182.91839559733432, "1535_1515_0": 75.30174108851138}, "adj_sorted": [[1535, 1529, 0], [1535, 1537, 0], [1535, 1515, 0]], "type": "T", "n_corners": 2}, "geometry": {"type": "Point", "coordinates": [19.063733899999995, 47.578756700000035]}}, {"id": "1483", "type": "Feature", "properties": {"x": 5001205.405966637, "y": 2759868.3204583544, "bearings": {"1483_1465_0": 170.200416054874, "1483_1528_0": -8.971017260124068, "1483_1515_0": 73.14721236514572}, "angles": {"1483_1528_0": 180.82856668500193, "1483_1515_0": 82.11822962526979, "1483_1465_0": 97.05320368972829}, "adj_sorted": [[1483, 1528, 0], [1483, 1515, 0], [1483, 1465, 0]], "type": "T", "n_corners": 2}, "geometry": {"type": "Point", "coordinates": [19.061220499999994, 47.576934500000064]}}, {"id": "1558", "type": "Feature", "properties": {"x": 5001560.957360335, "y": 2760246.252965526, "bearings": {"1558_1560_0": -98.46459179246101, "1558_1537_0": -179.38676576684813, "1558_1561_0": 87.53086953575033}, "angles": {"1558_1537_0": 93.08236469740154, "1558_1560_0": 80.92217397438712, "1558_1561_0": 185.99546132821132}, "adj_sorted": [[1558, 1537, 0], [1558, 1560, 0], [1558, 1561, 0]], "type": "T", "n_corners": 2}, "geometry": {"type": "Point", "coordinates": [19.066511199999994, 47.579915499999984]}}, {"id": "1515", "type": "Feature", "properties": {"x": 5001281.9369219495, "y": 2760120.9617538955, "bearings": {"1515_1535_0": -17.98847703716806, "1515_1483_0": -106.8527876348543, "1515_1509_0": 162.01270609546552}, "angles": {"1515_1483_0": 91.13450626968017, "1515_1535_0": 88.86431059768623, "1515_1509_0": 180.00118313263357}, "adj_sorted": [[1515, 1483, 0], [1515, 1535, 0], [1515, 1509, 0]], "type": "T", "n_corners": 2}, "geometry": {"type": "Point", "coordinates": [19.062629300000005, 47.57910460000006]}}, {"id": "1537", "type": "Feature", "properties": {"x": 5001377.679819864, "y": 2760244.290669111, "bearings": {"1537_1535_0": -93.29021812567944, "1537_1558_0": 0.6750272848053632, "1537_1538_0": 88.11833519398397}, "angles": {"1537_1535_0": 178.5914466803366, "1537_1558_0": 93.96524541048481, "1537_1538_0": 87.4433079091786}, "adj_sorted": [[1537, 1535, 0], [1537, 1558, 0], [1537, 1538, 0]], "type": "T", "n_corners": 2}, "geometry": {"type": "Point", "coordinates": [19.064087999999998, 47.580099700000034]}}, {"id": "1561", "type": "Feature", "properties": {"x": 5001564.599229644, "y": 2760743.1829296174, "bearings": {"1561_1558_0": -90.45729529592089, "1561_1539_0": -178.65980338496527, "1561_1568_0": 85.98936025495956}, "angles": {"1561_1539_0": 95.35083636007516, "1561_1558_0": 88.20250808904439, "1561_1568_0": 176.44665555088045}, "adj_sorted": [[1561, 1539, 0], [1561, 1558, 0], [1561, 1568, 0]], "type": "T", "n_corners": 2}, "geometry": {"type": "Point", "coordinates": [19.067343200000003, 47.584345500000026]}}, {"id": "1509", "type": "Feature", "properties": {"x": 5001261.67305447, "y": 2760127.5409157183, "bearings": {"1509_1485_0": 161.7174697448567, "1509_1515_0": -17.98729390453449, "1509_1507_0": 90.32137492923653}, "angles": {"1509_1515_0": 180.29523635060883, "1509_1507_0": 108.30866883377101, "1509_1485_0": 71.39609481562016}, "adj_sorted": [[1509, 1515, 0], [1509, 1507, 0], [1509, 1485, 0]], "type": "T", "n_corners": 2}, "geometry": {"type": "Point", "coordinates": [19.0623721, 47.5791856]}}, {"id": "1538", "type": "Feature", "properties": {"x": 5001381.386638464, "y": 2760336.5905775432, "bearings": {"1538_1537_0": -92.84538349948909, "1538_1541_0": 87.40109208402149, "1538_1507_0": 163.9085422535799}, "angles": {"1538_1537_0": 103.24607424693102, "1538_1541_0": 180.24647558351057, "1538_1507_0": 76.50745016955841}, "adj_sorted": [[1538, 1537, 0], [1538, 1541, 0], [1538, 1507, 0]], "type": "T", "n_corners": 2}, "geometry": {"type": "Point", "coordinates": [19.064282499999994, 47.58091920000007]}}, {"id": "1507", "type": "Feature", "properties": {"x": 5001260.304551484, "y": 2760371.519570879, "bearings": {"1507_1509_0": -89.67862507076349, "1507_1538_0": -16.091457746420115, "1507_1511_0": 88.47267664997626, "1507_1462_0": 161.5132875950892}, "angles": {"1507_1509_0": 108.80808733414733, "1507_1538_0": 73.58716732434337, "1507_1511_0": 104.56413439639638, "1507_1462_0": 73.04061094511293}, "adj_sorted": [[1507, 1509, 0], [1507, 1538, 0], [1507, 1511, 0], [1507, 1462, 0]], "type": "X", "n_corners": 4}, "geometry": {"type": "Point", "coordinates": [19.0627387, 47.58136410000005]}}, {"id": "1541", "type": "Feature", "properties": {"x": 5001388.990539858, "y": 2760504.1119500026, "bearings": {"1541_1538_0": -92.59890791597851, "1541_1511_0": 162.32934338937727, "1541_1542_0": 88.21561975938974}, "angles": {"1541_1538_0": 105.07174869464421, "1541_1542_0": 180.81452767536825, "1541_1511_0": 74.11372362998753}, "adj_sorted": [[1541, 1538, 0], [1541, 1542, 0], [1541, 1511, 0]], "type": "T", "n_corners": 2}, "geometry": {"type": "Point", "coordinates": [19.0646471, 47.582405599999994]}}, {"id": "1511", "type": "Feature", "properties": {"x": 5001261.854193466, "y": 2760544.6146023925, "bearings": {"1511_1507_0": -90.03172632248892, "1511_1541_0": -17.670656610622746, "1511_1508_0": 90.2951464950794, "1511_1454_0": 162.93026968587932}, "angles": {"1511_1507_0": 107.03800399163174, "1511_1541_0": 72.36106971186618, "1511_1508_0": 107.96580310570214, "1511_1454_0": 72.63512319079993}, "adj_sorted": [[1511, 1507, 0], [1511, 1541, 0], [1511, 1508, 0], [1511, 1454, 0]], "type": "X", "n_corners": 4}, "geometry": {"type": "Point", "coordinates": [19.0630321, 47.58290690000004]}}, {"id": "1508", "type": "Feature", "properties": {"x": 5001261.407979712, "y": 2760631.2357859276, "bearings": {"1508_1511_0": -89.70485350492062, "1508_1452_0": 162.72838595623708, "1508_1540_0": -16.823977415152722, "1508_1510_0": 89.81084216441607}, "angles": {"1508_1511_0": 107.56676053884229, "1508_1540_0": 72.8808760897679, "1508_1510_0": 106.6348195795688, "1508_1452_0": 72.917543791821}, "adj_sorted": [[1508, 1511, 0], [1508, 1540, 0], [1508, 1510, 0], [1508, 1452, 0]], "type": "X", "n_corners": 4}, "geometry": {"type": "Point", "coordinates": [19.063162800000004, 47.58368030000004]}}, {"id": "1454", "type": "Feature", "properties": {"x": 5001146.399243058, "y": 2760578.8832361777, "bearings": {"1454_1511_0": -3.927402815261072, "1454_1452_0": 90.88221929457885, "1454_1455_0": -89.34456786119685}, "angles": {"1454_1455_0": 179.7732128442243, "1454_1511_0": 85.41716504593577, "1454_1452_0": 94.80962210983992}, "adj_sorted": [[1454, 1455, 0], [1454, 1511, 0], [1454, 1452, 0]], "type": "T", "n_corners": 2}, "geometry": {"type": "Point", "coordinates": [19.061561500000003, 47.583339699999996]}}, {"id": "1542", "type": "Feature", "properties": {"x": 5001389.5639392845, "y": 2760522.5176373767, "bearings": {"1542_1541_0": -91.78438024061026, "1542_1540_0": 89.72874577724922, "1542_1554_0": 1.0477187180003165}, "angles": {"1542_1541_0": 178.48687398214054, "1542_1554_0": 92.83209895861057, "1542_1540_0": 88.6810270592489}, "adj_sorted": [[1542, 1541, 0], [1542, 1554, 0], [1542, 1540, 0]], "type": "T", "n_corners": 2}, "geometry": {"type": "Point", "coordinates": [19.064683699999996, 47.5825692]}}, {"id": "1540", "type": "Feature", "properties": {"x": 5001388.090930414, "y": 2760592.930093361, "bearings": {"1540_1508_0": 163.1760225848473, "1540_1542_0": -87.32460149874402, "1540_1539_0": 92.28318349105383, "1540_1555_0": 2.1907236448511602}, "angles": {"1540_1542_0": 109.4993759164087, "1540_1555_0": 89.51532514359518, "1540_1539_0": 90.09245984620267, "1540_1508_0": 70.89283909379346}, "adj_sorted": [[1540, 1542, 0], [1540, 1555, 0], [1540, 1539, 0], [1540, 1508, 0]], "type": "other", "n_corners": 4}, "geometry": {"type": "Point", "coordinates": [19.064775299999997, 47.58319910000002]}}, {"id": "1452", "type": "Feature", "properties": {"x": 5001145.070506964, "y": 2760665.171253318, "bearings": {"1452_1508_0": 2.7363797958366822, "1452_1454_0": -89.11778070542117, "1452_1450_0": 92.4644551646308, "1452_1410_0": -178.11005580139766}, "angles": {"1452_1410_0": 89.42548903397153, "1452_1454_0": 88.9922750959765, "1452_1508_0": 91.85416050125785, "1452_1450_0": 89.72807536879412}, "adj_sorted": [[1452, 1410, 0], [1452, 1454, 0], [1452, 1508, 0], [1452, 1450, 0]], "type": "X", "n_corners": 4}, "geometry": {"type": "Point", "coordinates": [19.06168, 47.58411110000004]}}, {"id": "1510", "type": "Feature", "properties": {"x": 5001261.7569558835, "y": 2760736.940046478, "bearings": {"1510_1508_0": -90.18915783558393, "1510_1450_0": -178.06839763254234, "1510_1539_0": 0.9130237204962454, "1510_1501_0": 91.16012759266405}, "angles": {"1510_1450_0": 90.7714747747936, "1510_1508_0": 87.87923979695842, "1510_1539_0": 91.10218155608017, "1510_1501_0": 90.24710387216781}, "adj_sorted": [[1510, 1450, 0], [1510, 1508, 0], [1510, 1539, 0], [1510, 1501, 0]], "type": "X", "n_corners": 4}, "geometry": {"type": "Point", "coordinates": [19.063334100000006, 47.584623099999995]}}, {"id": "1455", "type": "Feature", "properties": {"x": 5001146.952965881, "y": 2760530.48067092, "bearings": {"1455_1454_0": 90.65543213880315, "1455_1411_0": 162.074383379931, "1455_1462_0": -89.36801475131311}, "angles": {"1455_1462_0": 108.55760186875591, "1455_1454_0": 180.02344689011625, "1455_1411_0": 71.41895124112784}, "adj_sorted": [[1455, 1462, 0], [1455, 1454, 0], [1455, 1411, 0]], "type": "T", "n_corners": 2}, "geometry": {"type": "Point", "coordinates": [19.061492499999996, 47.58290720000002]}}, {"id": "1462", "type": "Feature", "properties": {"x": 5001148.290964835, "y": 2760408.96990934, "bearings": {"1462_1507_0": -18.486712404910822, "1462_1455_0": 90.58648623865518, "1462_1463_0": -89.69430244010091}, "angles": {"1462_1463_0": 179.7192113212439, "1462_1507_0": 71.2075900351901, "1462_1455_0": 109.073198643566}, "adj_sorted": [[1462, 1463, 0], [1462, 1507, 0], [1462, 1455, 0]], "type": "T", "n_corners": 2}, "geometry": {"type": "Point", "coordinates": [19.0613186, 47.58182150000002]}}, {"id": "1539", "type": "Feature", "properties": {"x": 5001382.270060611, "y": 2760738.9256835347, "bearings": {"1539_1561_0": 1.273711128059153, "1539_1540_0": -87.71681650894617, "1539_1510_0": -178.60311031050708, "1539_1536_0": 92.07197650964359}, "angles": {"1539_1510_0": 89.32491317984932, "1539_1540_0": 90.88629380156091, "1539_1561_0": 88.99052763700531, "1539_1536_0": 90.79826538158444}, "adj_sorted": [[1539, 1510, 0], [1539, 1540, 0], [1539, 1561, 0], [1539, 1536, 0]], "type": "X", "n_corners": 4}, "geometry": {"type": "Point", "coordinates": [19.064928699999992, 47.58450820000005]}}, {"id": "1497", "type": "Feature", "properties": {"x": 5001250.492692891, "y": 2761195.3373751948, "bearings": {"1497_1532_0": -18.909819241523127, "1497_1470_0": 159.36507570202897, "1497_1490_0": -96.91756541908575}, "angles": {"1497_1490_0": 103.7173588788853, "1497_1532_0": 78.00774617756262, "1497_1470_0": 178.2748949435521}, "adj_sorted": [[1497, 1490, 0], [1497, 1532, 0], [1497, 1470, 0]], "type": "T", "n_corners": 2}, "geometry": {"type": "Point", "coordinates": [19.063908300000005, 47.58872570000002]}}, {"id": "1532", "type": "Feature", "properties": {"x": 5001366.470253642, "y": 2761155.533223379, "bearings": {"1532_1497_0": 160.98325600891104, "1532_1531_0": 92.5126436162386, "1532_1533_0": -89.50881372622048}, "angles": {"1532_1533_0": 109.50793026486849, "1532_1531_0": 182.0214573424591, "1532_1497_0": 68.47061239267244}, "adj_sorted": [[1532, 1533, 0], [1532, 1531, 0], [1532, 1497, 0]], "type": "T", "n_corners": 2}, "geometry": {"type": "Point", "coordinates": [19.065377199999997, 47.58824290000003]}}, {"id": "1470", "type": "Feature", "properties": {"x": 5001163.685148192, "y": 2761228.026588668, "bearings": {"1470_1497_0": -20.634924297971036, "1470_1478_0": 70.57706153479434, "1470_1449_0": -98.46381154780019, "1470_1392_0": 160.26332221695495}, "angles": {"1470_1449_0": 101.27286623524486, "1470_1497_0": 77.82888724982915, "1470_1478_0": 91.21198583276538, "1470_1392_0": 89.68626068216061}, "adj_sorted": [[1470, 1449, 0], [1470, 1497, 0], [1470, 1478, 0], [1470, 1392, 0]], "type": "X", "n_corners": 4}, "geometry": {"type": "Point", "coordinates": [19.062813400000007, 47.58911290000004]}}, {"id": "1490", "type": "Feature", "properties": {"x": 5001231.1731683845, "y": 2761036.098764296, "bearings": {"1490_1497_0": 83.08243458091427, "1490_1501_0": -18.814403674879586, "1490_1449_0": 161.9779725526662}, "angles": {"1490_1501_0": 179.2076237724542, "1490_1497_0": 101.89683825579385, "1490_1449_0": 78.89553797175192}, "adj_sorted": [[1490, 1501, 0], [1490, 1497, 0], [1490, 1449, 0]], "type": "T", "n_corners": 2}, "geometry": {"type": "Point", "coordinates": [19.063402, 47.587326099999984]}}, {"id": "1531", "type": "Feature", "properties": {"x": 5001358.464421776, "y": 2761333.547936535, "bearings": {"1531_1532_0": -86.46442101980736, "1531_1489_0": 179.15153150092175, "1531_1530_0": 92.36227003920902}, "angles": {"1531_1532_0": 94.38404747927086, "1531_1530_0": 178.82669105901638, "1531_1489_0": 86.78926146171273}, "adj_sorted": [[1531, 1532, 0], [1531, 1530, 0], [1531, 1489, 0]], "type": "T", "n_corners": 2}, "geometry": {"type": "Point", "coordinates": [19.0655523, 47.58984010000005]}}, {"id": "1533", "type": "Feature", "properties": {"x": 5001366.593777245, "y": 2761140.5531671694, "bearings": {"1533_1532_0": 90.4498041997536, "1533_1536_0": -87.52108447230395, "1533_1568_0": 0.9175423589183211}, "angles": {"1533_1536_0": 182.02911132794245, "1533_1568_0": 88.43862683122228, "1533_1532_0": 89.53226184083528}, "adj_sorted": [[1533, 1536, 0], [1533, 1568, 0], [1533, 1532, 0]], "type": "T", "n_corners": 2}, "geometry": {"type": "Point", "coordinates": [19.065355199999996, 47.588109100000025]}}, {"id": "1489", "type": "Feature", "properties": {"x": 5001218.717300891, "y": 2761384.4293691483, "bearings": {"1489_1531_0": -21.524017571487096, "1489_1478_0": -109.34717741952986, "1489_1468_0": 158.48666800085783, "1489_1496_0": 69.91793048071018}, "angles": {"1489_1478_0": 92.16615457961234, "1489_1531_0": 87.82315984804276, "1489_1496_0": 91.44194805219728, "1489_1468_0": 88.56873752014765}, "adj_sorted": [[1489, 1478, 0], [1489, 1531, 0], [1489, 1496, 0], [1489, 1468, 0]], "type": "X", "n_corners": 4}, "geometry": {"type": "Point", "coordinates": [19.06378689999999, 47.590447900000065]}}, {"id": "1530", "type": "Feature", "properties": {"x": 5001358.280481527, "y": 2761448.9264429677, "bearings": {"1530_1531_0": -93.49845978323523, "1530_1566_0": 1.4474866915855529, "1530_1543_0": 85.59480954535888}, "angles": {"1530_1531_0": 180.90673067140588, "1530_1566_0": 94.94594647482079, "1530_1543_0": 84.14732285377333}, "adj_sorted": [[1530, 1531, 0], [1530, 1566, 0], [1530, 1543, 0]], "type": "T", "n_corners": 2}, "geometry": {"type": "Point", "coordinates": [19.065731899999996, 47.590869800000036]}}, {"id": "1536", "type": "Feature", "properties": {"x": 5001373.135775483, "y": 2760989.3002970563, "bearings": {"1536_1539_0": -87.91020776742498, "1536_1533_0": 92.47386408162784, "1536_1501_0": 177.3876779583903}, "angles": {"1536_1539_0": 94.70211427418474, "1536_1533_0": 180.38407184905282, "1536_1501_0": 84.91381387676246}, "adj_sorted": [[1536, 1539, 0], [1536, 1533, 0], [1536, 1501, 0]], "type": "T", "n_corners": 2}, "geometry": {"type": "Point", "coordinates": [19.065202999999993, 47.58675230000006]}}, {"id": "1568", "type": "Feature", "properties": {"x": 5001608.518415316, "y": 2761143.8491234644, "bearings": {"1568_1561_0": -92.53548507315217, "1568_1533_0": 178.33008294620052, "1568_1566_0": 87.1240368530119}, "angles": {"1568_1561_0": 89.13443198064732, "1568_1566_0": 179.65952192616408, "1568_1533_0": 91.20604609318862}, "adj_sorted": [[1568, 1561, 0], [1568, 1566, 0], [1568, 1533, 0]], "type": "T", "n_corners": 2}, "geometry": {"type": "Point", "coordinates": [19.068555399999994, 47.587872200000035]}}, {"id": "1478", "type": "Feature", "properties": {"x": 5001191.22480931, "y": 2761306.1298770388, "bearings": {"1478_1470_0": -109.42293846520568, "1478_1489_0": 70.65282258047014, "1478_1369_0": 159.05650530735164}, "angles": {"1478_1470_0": 91.52055622744268, "1478_1489_0": 180.07576104567582, "1478_1369_0": 88.4036827268815}, "adj_sorted": [[1478, 1470, 0], [1478, 1489, 0], [1478, 1369, 0]], "type": "T", "n_corners": 2}, "geometry": {"type": "Point", "coordinates": [19.063300299999998, 47.58977950000005]}}, {"id": "1449", "type": "Feature", "properties": {"x": 5001141.497034216, "y": 2761065.274427197, "bearings": {"1449_1470_0": 88.62634354150592, "1449_1490_0": -18.022027447333834, "1449_1450_0": -89.8593857064401, "1449_1408_0": 160.49252317382545}, "angles": {"1449_1450_0": 109.64809111973446, "1449_1490_0": 71.83735825910625, "1449_1470_0": 106.64837098883976, "1449_1408_0": 71.86617963231953}, "adj_sorted": [[1449, 1450, 0], [1449, 1490, 0], [1449, 1470, 0], [1449, 1408, 0]], "type": "X", "n_corners": 4}, "geometry": {"type": "Point", "coordinates": [19.062263699999995, 47.58768510000004]}}, {"id": "1392", "type": "Feature", "properties": {"x": 5000978.538133395, "y": 2761294.452564273, "bearings": {"1392_1470_0": -19.736677783045042, "1392_1368_0": 157.0807709602479, "1392_1376_0": -96.90814806172858}, "angles": {"1392_1376_0": 106.01108097802353, "1392_1470_0": 77.17147027868354, "1392_1368_0": 176.81744874329294}, "adj_sorted": [[1392, 1376, 0], [1392, 1470, 0], [1392, 1368, 0]], "type": "T", "n_corners": 2}, "geometry": {"type": "Point", "coordinates": [19.060472900000004, 47.589909299999995]}}, {"id": "1501", "type": "Feature", "properties": {"x": 5001256.605094579, "y": 2761027.433895495, "bearings": {"1501_1510_0": -88.9100621678924, "1501_1490_0": 161.1855963251204, "1501_1536_0": -19.59777244960451}, "angles": {"1501_1510_0": 109.90434150698718, "1501_1536_0": 69.3122897182879, "1501_1490_0": 180.78336877472492}, "adj_sorted": [[1501, 1510, 0], [1501, 1536, 0], [1501, 1490, 0]], "type": "T", "n_corners": 2}, "geometry": {"type": "Point", "coordinates": [19.0637242, 47.58722080000004]}}, {"id": "1468", "type": "Feature", "properties": {"x": 5001151.9504279755, "y": 2761410.747487881, "bearings": {"1468_1489_0": -21.513331999142185, "1468_1433_0": 159.25460322685495, "1468_1479_0": 67.51151079795065}, "angles": {"1468_1489_0": 179.23206477400285, "1468_1479_0": 89.02484279709283, "1468_1433_0": 91.7430924289043}, "adj_sorted": [[1468, 1489, 0], [1468, 1479, 0], [1468, 1433, 0]], "type": "T", "n_corners": 2}, "geometry": {"type": "Point", "coordinates": [19.062946600000004, 47.590756200000065]}}, {"id": "1496", "type": "Feature", "properties": {"x": 5001244.733935587, "y": 2761540.3702216707, "bearings": {"1496_1489_0": -94.66242071623043, "1496_1479_0": 175.90553624073223, "1496_1498_0": 84.06878573149055}, "angles": {"1496_1489_0": 89.43204304303731, "1496_1498_0": 178.73120644772098, "1496_1479_0": 91.83675050924168}, "adj_sorted": [[1496, 1489, 0], [1496, 1498, 0], [1496, 1479, 0]], "type": "T", "n_corners": 2}, "geometry": {"type": "Point", "coordinates": [19.064376500000005, 47.591810700000025]}}, {"id": "1566", "type": "Feature", "properties": {"x": 5001601.1950345095, "y": 2761454.8564822203, "bearings": {"1566_1530_0": -178.60038721290505, "1566_1568_0": -82.6774897146593, "1566_1565_0": 95.0778224862051}, "angles": {"1566_1530_0": 86.32179030088986, "1566_1568_0": 95.92289749824575, "1566_1565_0": 177.7553122008644}, "adj_sorted": [[1566, 1530, 0], [1566, 1568, 0], [1566, 1565, 0]], "type": "T", "n_corners": 2}, "geometry": {"type": "Point", "coordinates": [19.068949500000002, 47.59065530000003]}}, {"id": "1543", "type": "Feature", "properties": {"x": 5001392.784860774, "y": 2761843.4880982386, "bearings": {"1543_1514_0": 179.56076110026675, "1543_1569_0": 0.7282445208388838, "1543_1530_0": -90.43583039038545, "1543_1546_0": 90.37431626307578}, "angles": {"1543_1530_0": 90.00340850934782, "1543_1569_0": 91.16407491122433, "1543_1546_0": 89.6460717422369, "1543_1514_0": 89.18644483719096}, "adj_sorted": [[1543, 1530, 0], [1543, 1569, 0], [1543, 1546, 0], [1543, 1514, 0]], "type": "X", "n_corners": 4}, "geometry": {"type": "Point", "coordinates": [19.066810199999992, 47.594352400000034]}}, {"id": "1433", "type": "Feature", "properties": {"x": 5001096.772043657, "y": 2761431.6476383475, "bearings": {"1433_1468_0": -20.745396773145057, "1433_1445_0": 69.00967795774808, "1433_1414_0": 157.77731449556353}, "angles": {"1433_1468_0": 181.47728873129142, "1433_1445_0": 89.75507473089314, "1433_1414_0": 88.76763653781545}, "adj_sorted": [[1433, 1468, 0], [1433, 1445, 0], [1433, 1414, 0]], "type": "T", "n_corners": 2}, "geometry": {"type": "Point", "coordinates": [19.062250799999997, 47.59100340000003]}}, {"id": "1479", "type": "Feature", "properties": {"x": 5001191.32419107, "y": 2761544.374025478, "bearings": {"1479_1468_0": -96.10150219134421, "1479_1496_0": -4.452332243698326, "1479_1445_0": 173.16221217162945}, "angles": {"1479_1468_0": 90.73628563702636, "1479_1496_0": 91.64916994764589, "1479_1445_0": 177.61454441532777}, "adj_sorted": [[1479, 1468, 0], [1479, 1496, 0], [1479, 1445, 0]], "type": "T", "n_corners": 2}, "geometry": {"type": "Point", "coordinates": [19.063677399999996, 47.59190520000002]}}, {"id": "1369", "type": "Feature", "properties": {"x": 5000944.305460219, "y": 2761400.6340455883, "bearings": {"1369_1478_0": -20.94349469264837, "1369_1368_0": -98.7669077908572, "1369_1375_0": 83.47294898219934}, "angles": {"1369_1368_0": 177.76014322694346, "1369_1478_0": 77.82341309820883, "1369_1375_0": 104.41644367484771}, "adj_sorted": [[1369, 1368, 0], [1369, 1478, 0], [1369, 1375, 0]], "type": "T", "n_corners": 2}, "geometry": {"type": "Point", "coordinates": [19.060188199999992, 47.5908944]}}, {"id": "1498", "type": "Feature", "properties": {"x": 5001250.869385021, "y": 2761599.4270577636, "bearings": {"1498_1496_0": -95.93121426850946, "1498_1506_0": 84.48821680409405, "1498_1447_0": 174.08873118084531}, "angles": {"1498_1496_0": 89.9800545506452, "1498_1506_0": 180.41943107260352, "1498_1447_0": 89.60051437675126}, "adj_sorted": [[1498, 1496, 0], [1498, 1506, 0], [1498, 1447, 0]], "type": "T", "n_corners": 2}, "geometry": {"type": "Point", "coordinates": [19.064550699999998, 47.59233090000002]}}, {"id": "1546", "type": "Feature", "properties": {"x": 5001422.015747855, "y": 2762093.588488069, "bearings": {"1546_1429_0": -178.99385618359446, "1546_1543_0": -93.8990126072808, "1546_1545_0": 88.27772989070041}, "angles": {"1546_1429_0": 92.72841392570513, "1546_1543_0": 85.09484357631366, "1546_1545_0": 182.1767424979812}, "adj_sorted": [[1546, 1429, 0], [1546, 1543, 0], [1546, 1545, 0]], "type": "T", "n_corners": 2}, "geometry": {"type": "Point", "coordinates": [19.067591, 47.5965518]}}, {"id": "1545", "type": "Feature", "properties": {"x": 5001419.525146249, "y": 2762341.815515846, "bearings": {"1545_1544_0": 100.09558552564987, "1545_1546_0": -81.32357856158814, "1545_1499_0": -179.76772825257257}, "angles": {"1545_1499_0": 80.13668622177755, "1545_1546_0": 98.44414969098443, "1545_1544_0": 181.41916408723802}, "adj_sorted": [[1545, 1499, 0], [1545, 1546, 0], [1545, 1544, 0]], "type": "T", "n_corners": 2}, "geometry": {"type": "Point", "coordinates": [19.0679499, 47.59876940000001]}}, {"id": "1446", "type": "Feature", "properties": {"x": 5001133.870263132, "y": 2762214.3745573084, "bearings": {"1446_1422_0": 162.67234211872378, "1446_1480_0": 73.74564380380504, "1446_1429_0": -110.27318334960913}, "angles": {"1446_1429_0": 87.0544745316671, "1446_1480_0": 184.01882715341418, "1446_1422_0": 88.92669831491874}, "adj_sorted": [[1446, 1429, 0], [1446, 1480, 0], [1446, 1422, 0]], "type": "T", "n_corners": 2}, "geometry": {"type": "Point", "coordinates": [19.063975499999998, 47.597946700000044]}}, {"id": "1426", "type": "Feature", "properties": {"x": 5001088.036064916, "y": 2761703.701249634, "bearings": {"1426_1427_0": 85.40189413583018, "1426_1397_0": 176.64582408360823, "1426_1453_0": -5.037333741190947, "1426_1423_0": -95.73536202481793}, "angles": {"1426_1423_0": 87.61881389157384, "1426_1453_0": 90.69802828362698, "1426_1427_0": 90.43922787702112, "1426_1397_0": 91.24392994777806}, "adj_sorted": [[1426, 1423, 0], [1426, 1453, 0], [1426, 1427, 0], [1426, 1397, 0]], "type": "X", "n_corners": 4}, "geometry": {"type": "Point", "coordinates": [19.06256449999999, 47.5934405]}}, {"id": "1512", "type": "Feature", "properties": {"x": 5001267.466184004, "y": 2761759.0258249827, "bearings": {"1512_1427_0": 174.88263360713844, "1512_1514_0": 83.86489583877774, "1512_1506_0": -96.46365937260582}, "angles": {"1512_1506_0": 88.65370702025575, "1512_1514_0": 180.32855521138356, "1512_1427_0": 91.0177377683607}, "adj_sorted": [[1512, 1506, 0], [1512, 1514, 0], [1512, 1427, 0]], "type": "T", "n_corners": 2}, "geometry": {"type": "Point", "coordinates": [19.065021699999996, 47.593736699999994]}}, {"id": "1180", "type": "Feature", "properties": {"x": 5000557.065646342, "y": 2762259.473346462, "bearings": {"1180_1209_0": 70.4669393515497, "1180_1142_0": -108.37477446649012, "1180_1190_0": -18.99850065281598}, "angles": {"1180_1142_0": 181.1582861819602, "1180_1190_0": 89.37627381367415, "1180_1209_0": 89.46544000436568}, "adj_sorted": [[1180, 1142, 0], [1180, 1190, 0], [1180, 1209, 0]], "type": "T", "n_corners": 2}, "geometry": {"type": "Point", "coordinates": [19.056427399999997, 47.598983600000054]}}, {"id": "1226", "type": "Feature", "properties": {"x": 5000665.336851558, "y": 2762598.68732828, "bearings": {"1226_1209_0": -107.25976024693547, "1226_1290_0": -16.43268468035259, "1226_1328_0": 75.01162830276928}, "angles": {"1226_1209_0": 177.72861145029526, "1226_1290_0": 90.82707556658288, "1226_1328_0": 91.44431298312188}, "adj_sorted": [[1226, 1209, 0], [1226, 1290, 0], [1226, 1328, 0]], "type": "T", "n_corners": 2}, "geometry": {"type": "Point", "coordinates": [19.0583925, 47.601891300000005]}}, {"id": "1397", "type": "Feature", "properties": {"x": 5000994.936791647, "y": 2761646.7991738673, "bearings": {"1397_1374_0": 135.0004376464566, "1397_1426_0": 45.1131061748082, "1397_1366_0": -129.56338047806048, "1397_1413_0": -39.07692100274966}, "angles": {"1397_1366_0": 95.43618187548293, "1397_1413_0": 90.48645947531082, "1397_1426_0": 84.19002717755785, "1397_1374_0": 89.8873314716484}, "adj_sorted": [[1397, 1366, 0], [1397, 1413, 0], [1397, 1426, 0], [1397, 1374, 0]], "type": "X", "n_corners": 4}, "geometry": {"type": "Point", "coordinates": [19.0612451, 47.593035200000024]}}, {"id": "1329", "type": "Feature", "properties": {"x": 5000858.5177327925, "y": 2761593.0315061496, "bearings": {"1329_1308_0": -136.17683421074142, "1329_1374_0": 45.7632662750524, "1329_1366_0": -21.440905555008705}, "angles": {"1329_1308_0": 178.05989951420617, "1329_1366_0": 114.73592865573272, "1329_1374_0": 67.20417183006111}, "adj_sorted": [[1329, 1308, 0], [1329, 1366, 0], [1329, 1374, 0]], "type": "T", "n_corners": 2}, "geometry": {"type": "Point", "coordinates": [19.0593585, 47.592705500000065]}}, {"id": "1184", "type": "Feature", "properties": {"x": 5000559.836295728, "y": 2761317.310591605, "bearings": {"1184_1117_0": -179.2476862086786, "1184_1166_0": 94.67637083400686, "1184_1183_0": -90.70238991115527, "1184_1235_0": 45.489610715505925}, "angles": {"1184_1117_0": 86.07594295731451, "1184_1183_0": 88.54529629752334, "1184_1235_0": 136.19200062666118, "1184_1166_0": 49.186760118500935}, "adj_sorted": [[1184, 1117, 0], [1184, 1183, 0], [1184, 1235, 0], [1184, 1166, 0]], "type": "other", "n_corners": 4}, "geometry": {"type": "Point", "coordinates": [19.054979000000003, 47.59057369999999]}}, {"id": "1140", "type": "Feature", "properties": {"x": 5000506.2996773105, "y": 2761401.704726527, "bearings": {"1140_1117_0": -144.03175161696376, "1140_1103_0": 131.972227643436, "1140_1166_0": 35.95088682433289}, "angles": {"1140_1117_0": 83.99602073960023, "1140_1166_0": 179.98263844129664, "1140_1103_0": 96.02134081910313}, "adj_sorted": [[1140, 1117, 0], [1140, 1166, 0], [1140, 1103, 0]], "type": "T", "n_corners": 2}, "geometry": {"type": "Point", "coordinates": [19.0544049, 47.591385600000045]}}, {"id": "1304", "type": "Feature", "properties": {"x": 5000789.903545773, "y": 2761340.281474311, "bearings": {"1304_1308_0": 83.80839851631586, "1304_1294_0": -96.509070769397, "1304_1342_0": -9.045082398677764}, "angles": {"1304_1294_0": 179.68253071428714, "1304_1342_0": 87.46398837071924, "1304_1308_0": 92.85348091499363}, "adj_sorted": [[1304, 1294, 0], [1304, 1342, 0], [1304, 1308, 0]], "type": "T", "n_corners": 2}, "geometry": {"type": "Point", "coordinates": [19.0580538, 47.59052570000003]}}, {"id": "1235", "type": "Feature", "properties": {"x": 5000684.304350163, "y": 2761434.429764493, "bearings": {"1235_1308_0": 42.78129605116041, "1235_1184_0": -138.3483685545075, "1235_1227_0": -95.50489351050305}, "angles": {"1235_1184_0": 178.8703353943321, "1235_1227_0": 42.843475044004435, "1235_1308_0": 138.28618956166346}, "adj_sorted": [[1235, 1184, 0], [1235, 1227, 0], [1235, 1308, 0]], "type": "Y", "n_corners": 2}, "geometry": {"type": "Point", "coordinates": [19.05680749999999, 47.591481900000076]}}, {"id": "1345", "type": "Feature", "properties": {"x": 5000903.337329632, "y": 2761506.668986477, "bearings": {"1345_1308_0": 155.05680487996858, "1345_1342_0": -96.99986146379185, "1345_1366_0": 67.36255283097925, "1345_1375_0": -21.606886050588113}, "angles": {"1345_1342_0": 107.94333365623959, "1345_1375_0": 75.39297541320373, "1345_1366_0": 88.96943888156737, "1345_1308_0": 87.69425204898933}, "adj_sorted": [[1345, 1342, 0], [1345, 1375, 0], [1345, 1366, 0], [1345, 1308, 0]], "type": "other", "n_corners": 4}, "geometry": {"type": "Point", "coordinates": [19.059814299999996, 47.59188560000003]}}, {"id": "1183", "type": "Feature", "properties": {"x": 5000559.325517299, "y": 2761275.6471483666, "bearings": {"1183_1184_0": 89.29761008884475, "1183_1182_0": -90.62788858955979, "1183_1227_0": -7.497376692150665}, "angles": {"1183_1182_0": 180.07450132159545, "1183_1227_0": 83.13051189740912, "1183_1184_0": 96.79498678099542}, "adj_sorted": [[1183, 1182, 0], [1183, 1227, 0], [1183, 1184, 0]], "type": "T", "n_corners": 2}, "geometry": {"type": "Point", "coordinates": [19.054906599999992, 47.59020250000004]}}, {"id": "1366", "type": "Feature", "properties": {"x": 5000927.97713458, "y": 2761565.753442533, "bearings": {"1366_1397_0": 50.43661952193951, "1366_1329_0": 158.5590944449913, "1366_1345_0": -112.63744716902076, "1366_1398_0": -20.980981891583202}, "angles": {"1366_1345_0": 88.80345838598794, "1366_1398_0": 91.65646527743756, "1366_1397_0": 71.41760141352272, "1366_1329_0": 108.12247492305178}, "adj_sorted": [[1366, 1345, 0], [1366, 1398, 0], [1366, 1397, 0], [1366, 1329, 0]], "type": "other", "n_corners": 4}, "geometry": {"type": "Point", "coordinates": [19.060232900000003, 47.59238570000005]}}, {"id": "1294", "type": "Feature", "properties": {"x": 5000770.671505726, "y": 2761171.721286148, "bearings": {"1294_1304_0": 83.490929230603, "1294_1288_0": -97.277048430143, "1294_1327_0": -9.763545317013731, "1294_1219_0": 173.53936042459182}, "angles": {"1294_1288_0": 89.18359114526515, "1294_1327_0": 87.51350311312926, "1294_1304_0": 93.25447454761674, "1294_1219_0": 90.04843119398882}, "adj_sorted": [[1294, 1288, 0], [1294, 1327, 0], [1294, 1304, 0], [1294, 1219, 0]], "type": "X", "n_corners": 4}, "geometry": {"type": "Point", "coordinates": [19.0575341, 47.589042800000044]}}, {"id": "1342", "type": "Feature", "properties": {"x": 5000881.124923706, "y": 2761325.7598413914, "bearings": {"1342_1304_0": 170.95491760132225, "1342_1345_0": 83.00013853620817, "1342_1368_0": -9.817530256183886}, "angles": {"1342_1368_0": 179.22755214249386, "1342_1345_0": 92.81766879239206, "1342_1304_0": 87.95477906511408}, "adj_sorted": [[1342, 1368, 0], [1342, 1345, 0], [1342, 1304, 0]], "type": "T", "n_corners": 2}, "geometry": {"type": "Point", "coordinates": [19.0592357, 47.59029580000003]}}, {"id": "1227", "type": "Feature", "properties": {"x": 5000665.626162414, "y": 2761261.657354282, "bearings": {"1227_1235_0": 82.56473638502143, "1227_1183_0": 172.50262330784935, "1227_1219_0": -96.31385861636933}, "angles": {"1227_1219_0": 91.18351807578131, "1227_1235_0": 178.87859500139075, "1227_1183_0": 89.93788692282791}, "adj_sorted": [[1227, 1219, 0], [1227, 1235, 0], [1227, 1183, 0]], "type": "T", "n_corners": 2}, "geometry": {"type": "Point", "coordinates": [19.056288500000004, 47.589960800000036]}}, {"id": "1375", "type": "Feature", "properties": {"x": 5000954.135387493, "y": 2761486.5495500807, "bearings": {"1375_1369_0": -96.52705101780066, "1375_1345_0": 158.39311394941188, "1375_1414_0": -20.25567837810795}, "angles": {"1375_1369_0": 105.07983503278746, "1375_1414_0": 76.27137263969271, "1375_1345_0": 178.64879232751983}, "adj_sorted": [[1375, 1369, 0], [1375, 1414, 0], [1375, 1345, 0]], "type": "T", "n_corners": 2}, "geometry": {"type": "Point", "coordinates": [19.060453500000005, 47.591650199999975]}}, {"id": "1477", "type": "Feature", "properties": {"x": 5001190.41512212, "y": 2762900.949552104, "bearings": {"1477_1328_0": -173.04944686064024, "1477_1481_0": -87.26334886551936, "1477_1544_0": 6.460124915740422}, "angles": {"1477_1328_0": 180.49042822361935, "1477_1481_0": 85.78609799512088, "1477_1544_0": 93.72347378125978}, "adj_sorted": [[1477, 1328, 0], [1477, 1481, 0], [1477, 1544, 0]], "type": "T", "n_corners": 2}, "geometry": {"type": "Point", "coordinates": [19.0658059, 47.604010600000024]}}, {"id": "214", "type": "Feature", "properties": {"x": 4998132.711452539, "y": 2756565.33356658, "bearings": {"214_210_0": 123.58501905339227, "214_218_0": -117.12146675652426, "214_225_0": -49.9659614972505}, "angles": {"214_218_0": 119.29351419008347, "214_225_0": 67.15550525927375, "214_210_0": 173.55098055064278}, "adj_sorted": [[214, 218, 0], [214, 225, 0], [214, 210, 0]], "type": "T", "n_corners": 2}, "geometry": {"type": "Point", "coordinates": [19.0154667, 47.550832200000016]}}, {"id": "225", "type": "Feature", "properties": {"x": 4998216.118693449, "y": 2756498.7130192043, "bearings": {"225_219_0": -69.61507245444281, "225_214_0": 126.7568311401191, "225_244_0": 20.480638818198116}, "angles": {"225_219_0": 163.6280964054381, "225_244_0": 90.09571127264093, "225_214_0": 106.27619232192099}, "adj_sorted": [[225, 219, 0], [225, 244, 0], [225, 214, 0]], "type": "Y", "n_corners": 3}, "geometry": {"type": "Point", "coordinates": [19.016463099999996, 47.550146400000024]}}, {"id": "191", "type": "Feature", "properties": {"x": 4998003.209721135, "y": 2756824.9388847733, "bearings": {"191_194_0": -65.61580685979402, "191_209_0": 27.683814573217482, "191_164_0": 130.39541353338257}, "angles": {"191_194_0": 163.9887796068234, "191_209_0": 93.29962143301151, "191_164_0": 102.71159896016508}, "adj_sorted": [[191, 194, 0], [191, 209, 0], [191, 164, 0]], "type": "Y", "n_corners": 3}, "geometry": {"type": "Point", "coordinates": [19.0141643, 47.553290600000025]}}, {"id": "244", "type": "Feature", "properties": {"x": 4998306.734839962, "y": 2756520.507690966, "bearings": {"244_225_0": -161.51187910028978, "244_209_0": 122.70051540832384, "244_255_0": 20.49306853108911, "244_240_0": -54.1294331057499}, "angles": {"244_225_0": 75.78760549138639, "244_240_0": 107.38244599453988, "244_255_0": 74.622501636839, "244_209_0": 102.20744687723473}, "adj_sorted": [[244, 225, 0], [244, 240, 0], [244, 255, 0], [244, 209, 0]], "type": "X", "n_corners": 4}, "geometry": {"type": "Point", "coordinates": [19.017693199999993, 47.55024170000005]}}, {"id": "209", "type": "Feature", "properties": {"x": 4998116.891241408, "y": 2756856.238378253, "bearings": {"209_191_0": 178.93188243772656, "209_244_0": -57.77814989596612, "209_234_0": -0.8906476106730663, "209_183_0": 127.15226577965954}, "angles": {"209_244_0": 123.28996766630732, "209_234_0": 56.88750228529306, "209_183_0": 128.04291339033261, "209_191_0": 51.77961665806701}, "adj_sorted": [[209, 244, 0], [209, 234, 0], [209, 183, 0], [209, 191, 0]], "type": "X", "n_corners": 4}, "geometry": {"type": "Point", "coordinates": [19.015713799999997, 47.55344550000004]}}, {"id": "164", "type": "Feature", "properties": {"x": 4997877.394515, "y": 2756962.9321209365, "bearings": {"164_147_0": 143.9248750997979, "164_191_0": -38.002967991873255, "164_183_0": 50.20003765273564}, "angles": {"164_191_0": 178.07215690832885, "164_183_0": 88.2030056446089, "164_147_0": 93.72483744706227}, "adj_sorted": [[164, 191, 0], [164, 183, 0], [164, 147, 0]], "type": "T", "n_corners": 2}, "geometry": {"type": "Point", "coordinates": [19.012719899999993, 47.554659700000016]}}, {"id": "234", "type": "Feature", "properties": {"x": 4998246.529736615, "y": 2756853.649817947, "bearings": {"234_209_0": 178.75476213084193, "234_235_0": 0.9586158855699959, "234_253_0": -51.73420762739171}, "angles": {"234_253_0": 129.51103024176638, "234_235_0": 52.69282351296171, "234_209_0": 177.79614624527193}, "adj_sorted": [[234, 253, 0], [234, 235, 0], [234, 209, 0]], "type": "Y", "n_corners": 2}, "geometry": {"type": "Point", "coordinates": [19.017420800000004, 47.55328050000004]}}, {"id": "183", "type": "Feature", "properties": {"x": 4997966.521836643, "y": 2757069.9513119464, "bearings": {"183_209_0": -52.79853334001889, "183_164_0": -129.7877794545772, "183_174_0": 122.08405543021452}, "angles": {"183_164_0": 108.12816511520828, "183_209_0": 76.9892461145583, "183_174_0": 174.8825887702334}, "adj_sorted": [[183, 164, 0], [183, 209, 0], [183, 174, 0]], "type": "T", "n_corners": 2}, "geometry": {"type": "Point", "coordinates": [19.014063999999998, 47.55551719999998]}}, {"id": "235", "type": "Feature", "properties": {"x": 4998265.569618711, "y": 2756853.9684040076, "bearings": {"235_234_0": -179.04138411443, "235_260_0": 1.434381414238861, "235_212_0": 92.00344576325156}, "angles": {"235_234_0": 88.95517012231846, "235_260_0": 180.47576552866886, "235_212_0": 90.5690643490127}, "adj_sorted": [[235, 234, 0], [235, 260, 0], [235, 212, 0]], "type": "T", "n_corners": 2}, "geometry": {"type": "Point", "coordinates": [19.0176726, 47.553262500000066]}}, {"id": "253", "type": "Feature", "properties": {"x": 4998372.707048832, "y": 2756731.844508517, "bearings": {"253_234_0": 162.79214655981605, "253_274_0": -42.50793454568943, "253_285_0": 38.24139512976611}, "angles": {"253_274_0": 154.69991889449452, "253_285_0": 80.74932967545554, "253_234_0": 124.55075143004993}, "adj_sorted": [[253, 274, 0], [253, 285, 0], [253, 234, 0]], "type": "Y", "n_corners": 3}, "geometry": {"type": "Point", "coordinates": [19.018895199999996, 47.55205539999999]}}, {"id": "255", "type": "Feature", "properties": {"x": 4998389.316134538, "y": 2756546.472902748, "bearings": {"255_309_0": -24.798360191889877, "255_244_0": 166.35387369150524, "255_274_0": 71.48643490445714}, "angles": {"255_309_0": 168.84776611660487, "255_274_0": 96.28479509634701, "255_244_0": 94.8674387870481}, "adj_sorted": [[255, 309, 0], [255, 274, 0], [255, 244, 0]], "type": "T", "n_corners": 2}, "geometry": {"type": "Point", "coordinates": [19.018823799999996, 47.55038300000002]}}, {"id": "174", "type": "Feature", "properties": {"x": 4997924.776503809, "y": 2757132.751583235, "bearings": {"174_183_0": -55.254382474622275, "174_185_0": -29.259195381635504, "174_143_0": 151.46785803702383}, "angles": {"174_183_0": 153.2777594883539, "174_185_0": 25.99518709298677, "174_143_0": 180.72705341865932}, "adj_sorted": [[174, 183, 0], [174, 185, 0], [174, 143, 0]], "type": "Y", "n_corners": 2}, "geometry": {"type": "Point", "coordinates": [19.0136114, 47.556123300000074]}}, {"id": "143", "type": "Feature", "properties": {"x": 4997679.754005317, "y": 2757204.7420835732, "bearings": {"143_147_0": -60.967494928151595, "143_174_0": 3.0986251601617556, "143_90_0": 125.61427626910377}, "angles": {"143_147_0": 173.41822880274464, "143_174_0": 64.06612008831335, "143_90_0": 122.51565110894201}, "adj_sorted": [[143, 147, 0], [143, 174, 0], [143, 90, 0]], "type": "T", "n_corners": 2}, "geometry": {"type": "Point", "coordinates": [19.010490000000004, 47.55703380000006]}}, {"id": "308", "type": "Feature", "properties": {"x": 4998575.049259618, "y": 2756643.7389341574, "bearings": {"308_309_0": -60.6690152620755, "308_299_0": 137.12107499937707, "308_322_0": 32.22112264316597}, "angles": {"308_309_0": 162.20990973854742, "308_322_0": 92.89013790524146, "308_299_0": 104.8999523562111}, "adj_sorted": [[308, 309, 0], [308, 322, 0], [308, 299, 0]], "type": "Y", "n_corners": 3}, "geometry": {"type": "Point", "coordinates": [19.021427600000006, 47.551047600000025]}}, {"id": "321", "type": "Feature", "properties": {"x": 4998612.910980364, "y": 2756883.8703831392, "bearings": {"321_337_0": -31.313567093488537, "321_289_0": 141.55506276947705, "321_322_0": -129.5588105869582}, "angles": {"321_322_0": 88.88612664356475, "321_337_0": 98.24524349346967, "321_289_0": 172.86862986296558}, "adj_sorted": [[321, 322, 0], [321, 337, 0], [321, 289, 0]], "type": "T", "n_corners": 2}, "geometry": {"type": "Point", "coordinates": [19.02230389999999, 47.55314900000005]}}, {"id": "333", "type": "Feature", "properties": {"x": 4998682.849406623, "y": 2756708.9996878635, "bearings": {"333_337_0": 31.759073205686256, "333_322_0": -149.53998909012273, "333_341_0": -64.38135115780365}, "angles": {"333_322_0": 178.700937704191, "333_341_0": 85.15863793231908, "333_337_0": 96.1404243634899}, "adj_sorted": [[333, 322, 0], [333, 341, 0], [333, 337, 0]], "type": "T", "n_corners": 2}, "geometry": {"type": "Point", "coordinates": [19.02295269999999, 47.55151190000004]}}, {"id": "1255", "type": "Feature", "properties": {"x": 5000710.298457557, "y": 2759183.908024256, "bearings": {"1255_1297_0": -15.905752564725386, "1255_1263_0": 89.19539080918113, "1255_1237_0": -163.6787527384375}, "angles": {"1255_1237_0": 107.12585645238136, "1255_1297_0": 147.77300017371212, "1255_1263_0": 105.10114337390652}, "adj_sorted": [[1255, 1237, 0], [1255, 1297, 0], [1255, 1263, 0]], "type": "Y", "n_corners": 3}, "geometry": {"type": "Point", "coordinates": [19.0536052, 47.57137190000007]}}, {"id": "1198", "type": "Feature", "properties": {"x": 5000611.880923279, "y": 2759158.674065793, "bearings": {"1198_1206_0": 36.01555811390929, "1198_1186_0": -143.96023170611232, "1198_1239_0": -53.35678590322675}, "angles": {"1198_1186_0": 180.02421017997838, "1198_1239_0": 90.60344580288557, "1198_1206_0": 89.37234401713604}, "adj_sorted": [[1198, 1186, 0], [1198, 1239, 0], [1198, 1206, 0]], "type": "T", "n_corners": 2}, "geometry": {"type": "Point", "coordinates": [19.052266099999994, 47.57125489999999]}}, {"id": "1237", "type": "Feature", "properties": {"x": 5000685.835197366, "y": 2759176.781830693, "bearings": {"1237_1206_0": -163.66006044513472, "1237_1255_0": 16.23175324563662, "1237_1275_0": -75.26786618480226}, "angles": {"1237_1206_0": 180.10818630922867, "1237_1275_0": 88.39219426033246, "1237_1255_0": 91.49961943043888}, "adj_sorted": [[1237, 1206, 0], [1237, 1275, 0], [1237, 1255, 0]], "type": "T", "n_corners": 2}, "geometry": {"type": "Point", "coordinates": [19.053271, 47.57133519999999]}}, {"id": "1214", "type": "Feature", "properties": {"x": 5000646.148827008, "y": 2759984.282068109, "bearings": {"1214_1160_0": 113.20365324763937, "1214_1147_0": -174.91476128806187, "1214_1225_0": -1.622582341980636}, "angles": {"1214_1147_0": 71.88158546429878, "1214_1225_0": 173.29217894608124, "1214_1160_0": 114.82623558962}, "adj_sorted": [[1214, 1147, 0], [1214, 1225, 0], [1214, 1160, 0]], "type": "T", "n_corners": 2}, "geometry": {"type": "Point", "coordinates": [19.0540187, 47.57858420000003]}}, {"id": "1225", "type": "Feature", "properties": {"x": 5000664.4781774655, "y": 2759980.835690956, "bearings": {"1225_1251_0": -37.356964473360804, "1225_1214_0": 158.59293744647306, "1225_1291_0": 71.49986037143448}, "angles": {"1225_1251_0": 164.05009808016615, "1225_1291_0": 108.85682484479528, "1225_1214_0": 87.09307707503858}, "adj_sorted": [[1225, 1251, 0], [1225, 1291, 0], [1225, 1214, 0]], "type": "Y", "n_corners": 3}, "geometry": {"type": "Point", "coordinates": [19.05425529999999, 47.57853330000006]}}, {"id": "1291", "type": "Feature", "properties": {"x": 5000767.984338207, "y": 2760290.180491804, "bearings": {"1291_1225_0": -108.50013962856553, "1291_1272_0": 155.62284273041982, "1291_1338_0": -18.693482113084638}, "angles": {"1291_1225_0": 95.87701764101462, "1291_1338_0": 89.8066575154809, "1291_1272_0": 174.31632484350445}, "adj_sorted": [[1291, 1225, 0], [1291, 1338, 0], [1291, 1272, 0]], "type": "T", "n_corners": 2}, "geometry": {"type": "Point", "coordinates": [19.056109400000004, 47.58117980000003]}}, {"id": "1197", "type": "Feature", "properties": {"x": 5000603.503580955, "y": 2760186.8167373207, "bearings": {"1197_1160_0": -117.59077504706211, "1197_1113_0": 140.95937937775304, "1197_1213_0": 61.36898690570447}, "angles": {"1197_1160_0": 101.44984557518484, "1197_1213_0": 178.95976195276657, "1197_1113_0": 79.59039247204856}, "adj_sorted": [[1197, 1160, 0], [1197, 1213, 0], [1197, 1113, 0]], "type": "T", "n_corners": 2}, "geometry": {"type": "Point", "coordinates": [19.053774600000004, 47.580438300000026]}}, {"id": "1272", "type": "Feature", "properties": {"x": 5000729.853305657, "y": 2760307.4591683387, "bearings": {"1272_1291_0": -24.37715726958017, "1272_1218_0": 154.23211762639647, "1272_1360_0": 0.627349934875632}, "angles": {"1272_1291_0": 181.39072510402335, "1272_1360_0": 25.004507204455802, "1272_1218_0": 153.60476769152083}, "adj_sorted": [[1272, 1291, 0], [1272, 1360, 0], [1272, 1218, 0]], "type": "Y", "n_corners": 2}, "geometry": {"type": "Point", "coordinates": [19.055633099999998, 47.58137590000001]}}, {"id": "1338", "type": "Feature", "properties": {"x": 5000876.232605928, "y": 2760253.614629661, "bearings": {"1338_1291_0": 161.43250616994962, "1338_1292_0": -108.4911211465796, "1338_1359_0": -16.212685459716464}, "angles": {"1338_1292_0": 90.07637268347077, "1338_1359_0": 92.27843568686313, "1338_1291_0": 177.64519162966607}, "adj_sorted": [[1338, 1292, 0], [1338, 1359, 0], [1338, 1291, 0]], "type": "T", "n_corners": 2}, "geometry": {"type": "Point", "coordinates": [19.057481200000005, 47.5807345]}}, {"id": "1292", "type": "Feature", "properties": {"x": 5000768.998145864, "y": 2759932.9594848263, "bearings": {"1292_1251_0": 173.6476429578653, "1292_1311_0": -7.684218908892404, "1292_1338_0": 71.50887885342041}, "angles": {"1292_1311_0": 178.6681381332423, "1292_1338_0": 79.19309776231282, "1292_1251_0": 102.13876410444487}, "adj_sorted": [[1292, 1311, 0], [1292, 1338, 0], [1292, 1251, 0]], "type": "T", "n_corners": 2}, "geometry": {"type": "Point", "coordinates": [19.05556, 47.577991200000035]}}, {"id": "1169", "type": "Feature", "properties": {"x": 5000549.699106617, "y": 2759752.8023905857, "bearings": {"1169_1172_0": -88.20493929042014, "1169_1256_0": 1.7280937407958685, "1169_1162_0": 92.69147076733351}, "angles": {"1169_1172_0": 179.10358994224634, "1169_1256_0": 89.93303303121601, "1169_1162_0": 90.96337702653764}, "adj_sorted": [[1169, 1172, 0], [1169, 1256, 0], [1169, 1162, 0]], "type": "T", "n_corners": 2}, "geometry": {"type": "Point", "coordinates": [19.052380599999996, 47.57662470000003]}}, {"id": "1359", "type": "Feature", "properties": {"x": 5000919.977311671, "y": 2760240.895114428, "bearings": {"1359_1365_0": -20.158992427287107, "1359_1338_0": 163.78731454028355, "1359_1360_0": 86.03639735120282}, "angles": {"1359_1365_0": 176.05369303242935, "1359_1360_0": 106.19538977848993, "1359_1338_0": 77.75091718908072}, "adj_sorted": [[1359, 1365, 0], [1359, 1360, 0], [1359, 1338, 0]], "type": "T", "n_corners": 2}, "geometry": {"type": "Point", "coordinates": [19.058038799999988, 47.58057290000005]}}, {"id": "1213", "type": "Feature", "properties": {"x": 5000643.514073495, "y": 2760316.4229983906, "bearings": {"1213_1113_0": -179.3175823163905, "1213_1197_0": -106.33315676169526, "1213_1218_0": 69.32973832383294}, "angles": {"1213_1113_0": 111.35267935977654, "1213_1197_0": 72.98442555469525, "1213_1218_0": 175.6628950855282}, "adj_sorted": [[1213, 1113, 0], [1213, 1197, 0], [1213, 1218, 0]], "type": "T", "n_corners": 2}, "geometry": {"type": "Point", "coordinates": [19.05450709999999, 47.58155079999998]}}, {"id": "997", "type": "Feature", "properties": {"x": 5000267.960192122, "y": 2760446.868603341, "bearings": {"997_1113_0": -37.33699829375735, "997_1121_0": -0.6093594112723775, "997_995_0": 142.3746864976628}, "angles": {"997_1113_0": 180.28831520857986, "997_1121_0": 36.72763888248497, "997_995_0": 142.98404590893517}, "adj_sorted": [[997, 1113, 0], [997, 1121, 0], [997, 995, 0]], "type": "Y", "n_corners": 2}, "geometry": {"type": "Point", "coordinates": [19.049753199999998, 47.583127500000046]}}, {"id": "1115", "type": "Feature", "properties": {"x": 5000448.730868117, "y": 2760367.001124745, "bearings": {"1115_1113_0": -92.41282330438759, "1115_1223_0": 0.5151665828816984, "1115_1121_0": 86.42735652495666}, "angles": {"1115_1113_0": 181.15982017065573, "1115_1223_0": 92.92798988726929, "1115_1121_0": 85.91218994207496}, "adj_sorted": [[1115, 1113, 0], [1115, 1223, 0], [1115, 1121, 0]], "type": "T", "n_corners": 2}, "geometry": {"type": "Point", "coordinates": [19.052014600000003, 47.58221620000002]}}, {"id": "1218", "type": "Feature", "properties": {"x": 5000653.956643325, "y": 2760344.1018967037, "bearings": {"1218_1272_0": -25.808191615788576, "1218_1213_0": -110.67026167616706, "1218_1220_0": 72.48742489722738}, "angles": {"1218_1213_0": 176.84231342660556, "1218_1272_0": 84.86207006037849, "1218_1220_0": 98.29561651301596}, "adj_sorted": [[1218, 1213, 0], [1218, 1272, 0], [1218, 1220, 0]], "type": "T", "n_corners": 2}, "geometry": {"type": "Point", "coordinates": [19.054688599999995, 47.58178629999998]}}, {"id": "1220", "type": "Feature", "properties": {"x": 5000658.209888283, "y": 2760357.5811500163, "bearings": {"1220_1218_0": -107.51257510277263, "1220_1223_0": 74.45791196218843, "1220_1362_0": 0.18404913555430033}, "angles": {"1220_1218_0": 178.02951293503895, "1220_1362_0": 107.69662423832693, "1220_1223_0": 74.27386282663413}, "adj_sorted": [[1220, 1218, 0], [1220, 1362, 0], [1220, 1223, 0]], "type": "T", "n_corners": 2}, "geometry": {"type": "Point", "coordinates": [19.054765999999997, 47.58190190000005]}}, {"id": "1223", "type": "Feature", "properties": {"x": 5000661.363077531, "y": 2760368.9188357014, "bearings": {"1223_1115_0": -179.43307701889432, "1223_1220_0": -105.54208803781158, "1223_1231_0": 75.26571792464746}, "angles": {"1223_1115_0": 105.30120505645823, "1223_1220_0": 73.89098898108274, "1223_1231_0": 180.80780596245904}, "adj_sorted": [[1223, 1115, 0], [1223, 1220, 0], [1223, 1231, 0]], "type": "T", "n_corners": 2}, "geometry": {"type": "Point", "coordinates": [19.0548255, 47.58199960000002]}}, {"id": "1362", "type": "Feature", "properties": {"x": 5000920.893650341, "y": 2760358.222519673, "bearings": {"1362_1220_0": -179.8611020595815, "1362_1360_0": -90.46254671211994, "1362_1361_0": 90.23748719136611}, "angles": {"1362_1220_0": 89.90141074905239, "1362_1360_0": 89.39855534746155, "1362_1361_0": 180.70003390348606}, "adj_sorted": [[1362, 1220, 0], [1362, 1360, 0], [1362, 1361, 0]], "type": "T", "n_corners": 2}, "geometry": {"type": "Point", "coordinates": [19.058235799999995, 47.581618800000044]}}, {"id": "1360", "type": "Feature", "properties": {"x": 5000920.5006838, "y": 2760309.5467112805, "bearings": {"1360_1272_0": -179.3726500651244, "1360_1359_0": -89.88220737362515, "1360_1362_0": 89.53745328788006}, "angles": {"1360_1272_0": 91.08989664699556, "1360_1359_0": 89.49044269149924, "1360_1362_0": 179.4196606615052}, "adj_sorted": [[1360, 1272, 0], [1360, 1359, 0], [1360, 1362, 0]], "type": "T", "n_corners": 2}, "geometry": {"type": "Point", "coordinates": [19.058153899999997, 47.581184900000046]}}, {"id": "1231", "type": "Feature", "properties": {"x": 5000676.413136986, "y": 2760426.1467245426, "bearings": {"1231_1223_0": -104.73428207535255, "1231_1236_0": 78.89202820919262, "1231_1361_0": 0.36547128237258614, "1231_1121_0": 175.17028847843252}, "angles": {"1231_1223_0": 80.0954294462149, "1231_1361_0": 105.09975335772513, "1231_1236_0": 78.52655692682004, "1231_1121_0": 96.27826026923991}, "adj_sorted": [[1231, 1223, 0], [1231, 1361, 0], [1231, 1236, 0], [1231, 1121, 0]], "type": "X", "n_corners": 4}, "geometry": {"type": "Point", "coordinates": [19.055114400000004, 47.58249370000003]}}, {"id": "1361", "type": "Feature", "properties": {"x": 5000920.605651044, "y": 2760427.70437089, "bearings": {"1361_1362_0": -89.7625128086339, "1361_1231_0": -179.63452871762743, "1361_1357_0": 91.30223574775768}, "angles": {"1361_1231_0": 89.06323553461488, "1361_1362_0": 89.87201590899353, "1361_1357_0": 181.06474855639158}, "adj_sorted": [[1361, 1231, 0], [1361, 1362, 0], [1361, 1357, 0]], "type": "T", "n_corners": 2}, "geometry": {"type": "Point", "coordinates": [19.058341499999997, 47.58223910000006]}}, {"id": "1252", "type": "Feature", "properties": {"x": 5000706.615359135, "y": 2760635.505173449, "bearings": {"1252_1248_0": -96.91114666593317, "1252_1261_0": 84.9311423481454, "1252_1353_0": 0.7254613089127891}, "angles": {"1252_1248_0": 178.15771098592143, "1252_1353_0": 97.63660797484596, "1252_1261_0": 84.20568103923262}, "adj_sorted": [[1252, 1248, 0], [1252, 1353, 0], [1252, 1261, 0]], "type": "T", "n_corners": 2}, "geometry": {"type": "Point", "coordinates": [19.0558431, 47.584328600000056]}}, {"id": "1248", "type": "Feature", "properties": {"x": 5000696.777541422, "y": 2760554.34222328, "bearings": {"1248_1252_0": 83.08885333406684, "1248_1247_0": -97.30928754753005, "1248_1355_0": 0.319436936720584}, "angles": {"1248_1247_0": 179.60185911840313, "1248_1355_0": 97.62872448425063, "1248_1252_0": 82.76941639734626}, "adj_sorted": [[1248, 1247, 0], [1248, 1355, 0], [1248, 1252, 0]], "type": "T", "n_corners": 2}, "geometry": {"type": "Point", "coordinates": [19.055585299999997, 47.58361520000003]}}, {"id": "1261", "type": "Feature", "properties": {"x": 5000714.677827393, "y": 2760726.4013175224, "bearings": {"1261_1252_0": -95.0688576518546, "1261_1268_0": -0.9650497673058169, "1261_1196_0": -179.44188506545473}, "angles": {"1261_1196_0": 181.5231647018511, "1261_1252_0": 84.37302741360013, "1261_1268_0": 94.10380788454879}, "adj_sorted": [[1261, 1196, 0], [1261, 1252, 0], [1261, 1268, 0]], "type": "T", "n_corners": 2}, "geometry": {"type": "Point", "coordinates": [19.056092799999995, 47.58513079999999]}}, {"id": "1353", "type": "Feature", "properties": {"x": 5000916.703462221, "y": 2760638.1179670086, "bearings": {"1353_1252_0": -179.28781473656127, "1353_1351_0": 90.36166642552831, "1353_1354_0": -89.20608801424027}, "angles": {"1353_1252_0": 90.35051883791039, "1353_1354_0": 90.08172672232101, "1353_1351_0": 179.56775443976858}, "adj_sorted": [[1353, 1252, 0], [1353, 1354, 0], [1353, 1351, 0]], "type": "T", "n_corners": 2}, "geometry": {"type": "Point", "coordinates": [19.0586216, 47.584120900000045]}}, {"id": "1247", "type": "Feature", "properties": {"x": 5000693.003404151, "y": 2760524.9183169235, "bearings": {"1247_1248_0": 82.69071245246997, "1247_1246_0": -97.99104474524304, "1247_1192_0": 179.81935454353467}, "angles": {"1247_1246_0": 82.18960071122228, "1247_1248_0": 180.681757197713, "1247_1192_0": 97.1286420910647}, "adj_sorted": [[1247, 1246, 0], [1247, 1248, 0], [1247, 1192, 0]], "type": "T", "n_corners": 2}, "geometry": {"type": "Point", "coordinates": [19.0554891, 47.583356800000004]}}, {"id": "1355", "type": "Feature", "properties": {"x": 5000918.9181462135, "y": 2760555.6715453966, "bearings": {"1355_1248_0": -179.65656126372235, "1355_1354_0": 92.07502893842259, "1355_1358_0": -88.60715458709619}, "angles": {"1355_1248_0": 88.26840979785504, "1355_1358_0": 91.04940667662616, "1355_1354_0": 180.68218352551878}, "adj_sorted": [[1355, 1248, 0], [1355, 1358, 0], [1355, 1354, 0]], "type": "T", "n_corners": 2}, "geometry": {"type": "Point", "coordinates": [19.058520900000005, 47.58338279999998]}}, {"id": "1246", "type": "Feature", "properties": {"x": 5000691.996409519, "y": 2760517.7450428535, "bearings": {"1246_1247_0": 82.00895525475696, "1246_1358_0": 0.2501395696139703, "1246_1236_0": -98.86733262497016}, "angles": {"1246_1236_0": 179.1237121202729, "1246_1358_0": 99.11747219458412, "1246_1247_0": 81.75881568514299}, "adj_sorted": [[1246, 1236, 0], [1246, 1358, 0], [1246, 1247, 0]], "type": "T", "n_corners": 2}, "geometry": {"type": "Point", "coordinates": [19.055464499999996, 47.583293900000044]}}, {"id": "1192", "type": "Feature", "properties": {"x": 5000590.642401184, "y": 2760525.2627749513, "bearings": {"1192_1247_0": -0.19353278946628025, "1192_1125_0": 179.55259825193477, "1192_1196_0": 89.91979237294497}, "angles": {"1192_1247_0": 180.25386895859896, "1192_1196_0": 90.11332516241124, "1192_1125_0": 89.6328058789898}, "adj_sorted": [[1192, 1247, 0], [1192, 1196, 0], [1192, 1125, 0]], "type": "T", "n_corners": 2}, "geometry": {"type": "Point", "coordinates": [19.054137899999997, 47.5834724]}}, {"id": "1354", "type": "Feature", "properties": {"x": 5000917.18189893, "y": 2760603.5919108535, "bearings": {"1354_1353_0": 90.79391198575973, "1354_1355_0": -87.92497106157741, "1354_1411_0": -6.429778109037213}, "angles": {"1354_1355_0": 181.28111695266284, "1354_1411_0": 81.4951929525402, "1354_1353_0": 97.22369009479695}, "adj_sorted": [[1354, 1355, 0], [1354, 1411, 0], [1354, 1353, 0]], "type": "T", "n_corners": 2}, "geometry": {"type": "Point", "coordinates": [19.058573499999994, 47.583812300000034]}}, {"id": "1358", "type": "Feature", "properties": {"x": 5000919.819038216, "y": 2760518.6199525334, "bearings": {"1358_1355_0": 91.39284541290382, "1358_1246_0": -179.7809188127517, "1358_1356_0": -90.47971980244914}, "angles": {"1358_1246_0": 88.82623577434447, "1358_1356_0": 89.30119901030257, "1358_1355_0": 181.87256521535295}, "adj_sorted": [[1358, 1246, 0], [1358, 1356, 0], [1358, 1355, 0]], "type": "T", "n_corners": 2}, "geometry": {"type": "Point", "coordinates": [19.058474400000005, 47.58305119999999]}}, {"id": "1268", "type": "Feature", "properties": {"x": 5000720.838906561, "y": 2760726.2975348285, "bearings": {"1268_1261_0": 179.03495023269417, "1268_1351_0": 0.45219678680927944, "1268_1273_0": 82.38232797425525}, "angles": {"1268_1351_0": 181.4172465541151, "1268_1273_0": 81.93013118744597, "1268_1261_0": 96.65262225843892}, "adj_sorted": [[1268, 1351, 0], [1268, 1273, 0], [1268, 1261, 0]], "type": "T", "n_corners": 2}, "geometry": {"type": "Point", "coordinates": [19.056174000000006, 47.585123100000025]}}, {"id": "1196", "type": "Feature", "properties": {"x": 5000593.783214882, "y": 2760725.223652719, "bearings": {"1196_1261_0": 0.5581149345452888, "1196_1192_0": -92.19440180592215, "1196_1164_0": -179.44312163811816}, "angles": {"1196_1164_0": 179.99876342733654, "1196_1192_0": 87.248719832196, "1196_1261_0": 92.75251674046744}, "adj_sorted": [[1196, 1164, 0], [1196, 1192, 0], [1196, 1261, 0]], "type": "T", "n_corners": 2}, "geometry": {"type": "Point", "coordinates": [19.054494399999996, 47.58525320000001]}}, {"id": "1351", "type": "Feature", "properties": {"x": 5000914.288328661, "y": 2760727.8243318135, "bearings": {"1351_1353_0": -77.3148465607569, "1351_1268_0": -179.54780321319072, "1351_1409_0": 1.248044327753566, "1351_1352_0": 97.58213839549714}, "angles": {"1351_1268_0": 82.87005839131211, "1351_1353_0": 102.23295665243381, "1351_1409_0": 78.56289088851047, "1351_1352_0": 96.33409406774358}, "adj_sorted": [[1351, 1268, 0], [1351, 1353, 0], [1351, 1409, 0], [1351, 1352, 0]], "type": "X", "n_corners": 4}, "geometry": {"type": "Point", "coordinates": [19.058731099999996, 47.584924000000036]}}, {"id": "1236", "type": "Feature", "properties": {"x": 5000685.787301219, "y": 2760477.9460612936, "bearings": {"1236_1231_0": -99.63520441169838, "1236_1246_0": 81.13266737502984, "1236_1356_0": -0.11700919274954179}, "angles": {"1236_1231_0": 179.23212821327178, "1236_1356_0": 99.51819521894885, "1236_1246_0": 81.24967656777937}, "adj_sorted": [[1236, 1231, 0], [1236, 1356, 0], [1236, 1246, 0]], "type": "T", "n_corners": 2}, "geometry": {"type": "Point", "coordinates": [19.0553198, 47.58294560000002]}}, {"id": "1125", "type": "Feature", "properties": {"x": 5000460.509168887, "y": 2760526.278958333, "bearings": {"1125_1192_0": -0.44740174806525984, "1125_1124_0": -96.00589055858188, "1125_1126_0": 84.22556475806282}, "angles": {"1125_1124_0": 179.7685446833553, "1125_1192_0": 95.55848881051662, "1125_1126_0": 84.67296650612808}, "adj_sorted": [[1125, 1124, 0], [1125, 1192, 0], [1125, 1126, 0]], "type": "T", "n_corners": 2}, "geometry": {"type": "Point", "coordinates": [19.052421000000002, 47.58362450000001]}}, {"id": "1411", "type": "Feature", "properties": {"x": 5001032.164242531, "y": 2760567.6131019443, "bearings": {"1411_1412_0": -89.71785276121007, "1411_1455_0": -17.925616620068997, "1411_1354_0": 162.17094664295146, "1411_1410_0": 90.10674404574799}, "angles": {"1411_1412_0": 108.11120059583845, "1411_1455_0": 71.79223614114107, "1411_1410_0": 108.03236066581698, "1411_1354_0": 72.06420259720348}, "adj_sorted": [[1411, 1412, 0], [1411, 1455, 0], [1411, 1410, 0], [1411, 1354, 0]], "type": "X", "n_corners": 4}, "geometry": {"type": "Point", "coordinates": [19.060035199999998, 47.583364800000055]}}, {"id": "1356", "type": "Feature", "properties": {"x": 5000919.4726719735, "y": 2760477.424932746, "bearings": {"1356_1358_0": 89.51143188847672, "1356_1236_0": 179.87176834554003, "1356_1357_0": -88.63991454311993}, "angles": {"1356_1357_0": 91.48831711134005, "1356_1358_0": 178.15134643159666, "1356_1236_0": 90.36033645706331}, "adj_sorted": [[1356, 1357, 0], [1356, 1358, 0], [1356, 1236, 0]], "type": "T", "n_corners": 2}, "geometry": {"type": "Point", "coordinates": [19.058404900000003, 47.58268400000003]}}, {"id": "1409", "type": "Feature", "properties": {"x": 5001030.35845782, "y": 2760730.3530273456, "bearings": {"1409_1351_0": -178.75195567224642, "1409_1450_0": 1.3083778747456807, "1409_1410_0": -88.64422264817249, "1409_1408_0": 90.79890076993746}, "angles": {"1409_1351_0": 90.44914355781611, "1409_1410_0": 90.10773302407394, "1409_1450_0": 89.95260052291817, "1409_1408_0": 89.49052289519177}, "adj_sorted": [[1409, 1351, 0], [1409, 1410, 0], [1409, 1450, 0], [1409, 1408, 0]], "type": "X", "n_corners": 4}, "geometry": {"type": "Point", "coordinates": [19.060267900000003, 47.5848189]}}, {"id": "1352", "type": "Feature", "properties": {"x": 5000915.733658588, "y": 2760827.880025278, "bearings": {"1352_1351_0": -91.53287847564893, "1352_1274_0": 179.18610248151802, "1352_1350_0": 90.90013435138292}, "angles": {"1352_1351_0": 89.28101904283307, "1352_1350_0": 182.43301282703186, "1352_1274_0": 88.2859681301351}, "adj_sorted": [[1352, 1351, 0], [1352, 1350, 0], [1352, 1274, 0]], "type": "T", "n_corners": 2}, "geometry": {"type": "Point", "coordinates": [19.058907899999994, 47.58581520000001]}}, {"id": "1273", "type": "Feature", "properties": {"x": 5000730.186073291, "y": 2760796.013921067, "bearings": {"1273_1268_0": -97.63871046346006, "1273_1167_0": 179.4477163445244, "1273_1274_0": 82.23214469934715}, "angles": {"1273_1268_0": 82.91357319201552, "1273_1274_0": 179.8708551628072, "1273_1167_0": 97.21557164517725}, "adj_sorted": [[1273, 1268, 0], [1273, 1274, 0], [1273, 1167, 0]], "type": "T", "n_corners": 2}, "geometry": {"type": "Point", "coordinates": [19.0564073, 47.585734900000055]}}, {"id": "1167", "type": "Feature", "properties": {"x": 5000549.146826131, "y": 2760797.759042869, "bearings": {"1167_1165_0": -92.40196327529655, "1167_1273_0": -0.5522836554756325, "1167_1170_0": 88.04173112259915}, "angles": {"1167_1165_0": 179.55630560210432, "1167_1273_0": 91.84967961982092, "1167_1170_0": 88.59401477807478}, "adj_sorted": [[1167, 1165, 0], [1167, 1273, 0], [1167, 1170, 0]], "type": "T", "n_corners": 2}, "geometry": {"type": "Point", "coordinates": [19.054019200000003, 47.58594950000006]}}, {"id": "1274", "type": "Feature", "properties": {"x": 5000734.883440866, "y": 2760830.4492100603, "bearings": {"1274_1352_0": -0.813897518481997, "1274_1273_0": -97.76785530065287, "1274_1276_0": 84.9677049569809}, "angles": {"1274_1273_0": 177.26443974236622, "1274_1352_0": 96.95395778217087, "1274_1276_0": 85.78160247546289}, "adj_sorted": [[1274, 1273, 0], [1274, 1352, 0], [1274, 1276, 0]], "type": "T", "n_corners": 2}, "geometry": {"type": "Point", "coordinates": [19.056523600000002, 47.586037000000026]}}, {"id": "1450", "type": "Feature", "properties": {"x": 5001142.155226433, "y": 2760732.9064064976, "bearings": {"1450_1452_0": -87.5355448353692, "1450_1510_0": 1.931602367457653, "1450_1449_0": 90.37337127529013, "1450_1409_0": -178.69162212525433}, "angles": {"1450_1409_0": 90.93500659945556, "1450_1452_0": 91.15607728988513, "1450_1510_0": 89.46714720282685, "1450_1449_0": 88.44176890783247}, "adj_sorted": [[1450, 1409, 0], [1450, 1452, 0], [1450, 1510, 0], [1450, 1449, 0]], "type": "X", "n_corners": 4}, "geometry": {"type": "Point", "coordinates": [19.061748299999998, 47.58471870000004]}}, {"id": "1410", "type": "Feature", "properties": {"x": 5001031.989439834, "y": 2760661.4398361943, "bearings": {"1410_1452_0": 1.8899441986023218, "1410_1411_0": -89.89325595425203, "1410_1409_0": 91.35577735182751}, "angles": {"1410_1411_0": 178.75096669392047, "1410_1452_0": 91.78320015285435, "1410_1409_0": 89.46583315322519}, "adj_sorted": [[1410, 1411, 0], [1410, 1452, 0], [1410, 1409, 0]], "type": "T", "n_corners": 2}, "geometry": {"type": "Point", "coordinates": [19.060180799999998, 47.58420220000004]}}, {"id": "1408", "type": "Feature", "properties": {"x": 5001024.933617664, "y": 2761106.5688170926, "bearings": {"1408_1449_0": -19.50747682617457, "1408_1409_0": -89.00239986309094, "1408_1376_0": 160.70307469625317}, "angles": {"1408_1409_0": 110.29452544065589, "1408_1449_0": 69.49492303691638, "1408_1376_0": 180.21055152242775}, "adj_sorted": [[1408, 1409, 0], [1408, 1449, 0], [1408, 1376, 0]], "type": "T", "n_corners": 2}, "geometry": {"type": "Point", "coordinates": [19.060789399999997, 47.58818180000004]}}, {"id": "1350", "type": "Feature", "properties": {"x": 5000913.397883701, "y": 2760976.545646284, "bearings": {"1350_1352_0": -89.09986564861708, "1350_1318_0": 173.5779197907338, "1350_1348_0": 90.980432948708}, "angles": {"1350_1352_0": 97.32221456064912, "1350_1348_0": 180.08029859732508, "1350_1318_0": 82.5974868420258}, "adj_sorted": [[1350, 1352, 0], [1350, 1348, 0], [1350, 1318, 0]], "type": "T", "n_corners": 2}, "geometry": {"type": "Point", "coordinates": [19.0591114, 47.58714430000002]}}, {"id": "1164", "type": "Feature", "properties": {"x": 5000547.857801114, "y": 2760724.77727299, "bearings": {"1164_1165_0": 89.47517956361666, "1164_1133_0": -179.4470150174668, "1164_1196_0": 0.5568783618818621}, "angles": {"1164_1133_0": 91.07780541891651, "1164_1196_0": 180.00389337934868, "1164_1165_0": 88.9183012017348}, "adj_sorted": [[1164, 1133, 0], [1164, 1196, 0], [1164, 1165, 0]], "type": "T", "n_corners": 2}, "geometry": {"type": "Point", "coordinates": [19.053887199999995, 47.58529970000004]}}, {"id": "1170", "type": "Feature", "properties": {"x": 5000550.334334903, "y": 2760832.4900984997, "bearings": {"1170_1060_0": 179.20423592959668, "1170_1167_0": -91.95826887740085, "1170_1173_0": 88.01291480148289}, "angles": {"1170_1167_0": 88.8374951930025, "1170_1173_0": 179.97118367888373, "1170_1060_0": 91.19132112811378}, "adj_sorted": [[1170, 1167, 0], [1170, 1173, 0], [1170, 1060, 0]], "type": "T", "n_corners": 2}, "geometry": {"type": "Point", "coordinates": [19.0540896, 47.58625810000004]}}, {"id": "1276", "type": "Feature", "properties": {"x": 5000740.458479921, "y": 2760893.7611617628, "bearings": {"1276_1274_0": -95.03229504301912, "1276_1337_0": -6.874268534262402, "1276_1175_0": 173.39747709920002, "1276_1281_0": 85.0533245788705}, "angles": {"1276_1274_0": 91.57022785778088, "1276_1337_0": 88.15802650875672, "1276_1281_0": 91.9275931131329, "1276_1175_0": 88.34415252032952}, "adj_sorted": [[1276, 1274, 0], [1276, 1337, 0], [1276, 1281, 0], [1276, 1175, 0]], "type": "X", "n_corners": 4}, "geometry": {"type": "Point", "coordinates": [19.056697000000003, 47.58659580000001]}}, {"id": "1175", "type": "Feature", "properties": {"x": 5000552.391729907, "y": 2760915.5296192006, "bearings": {"1175_1276_0": -6.60252290079999, "1175_1173_0": -90.18980889503906, "1175_1174_0": 90.05966950806172}, "angles": {"1175_1173_0": 179.7505215968992, "1175_1276_0": 83.58728599423907, "1175_1174_0": 96.6621924088617}, "adj_sorted": [[1175, 1173, 0], [1175, 1276, 0], [1175, 1174, 0]], "type": "T", "n_corners": 2}, "geometry": {"type": "Point", "coordinates": [19.054247599999997, 47.58699680000005]}}, {"id": "1281", "type": "Feature", "properties": {"x": 5000749.31085321, "y": 2760996.0405209563, "bearings": {"1281_1276_0": -94.94667542112951, "1281_1318_0": -7.073888086144961, "1281_1176_0": 173.47301903195446, "1281_1288_0": 82.83225494649697}, "angles": {"1281_1276_0": 91.58030554691601, "1281_1318_0": 87.87278733498455, "1281_1288_0": 89.90614303264194, "1281_1176_0": 90.64076408545749}, "adj_sorted": [[1281, 1276, 0], [1281, 1318, 0], [1281, 1288, 0], [1281, 1176, 0]], "type": "X", "n_corners": 4}, "geometry": {"type": "Point", "coordinates": [19.0569751, 47.58749870000001]}}, {"id": "1173", "type": "Feature", "properties": {"x": 5000552.304781132, "y": 2760889.2833276247, "bearings": {"1173_1170_0": -91.98708519851712, "1173_1175_0": 89.81019110496095, "1173_1058_0": -179.58693130388934}, "angles": {"1173_1058_0": 90.6028775911497, "1173_1170_0": 87.59984610537222, "1173_1175_0": 181.79727630347807}, "adj_sorted": [[1173, 1058, 0], [1173, 1170, 0], [1173, 1175, 0]], "type": "T", "n_corners": 2}, "geometry": {"type": "Point", "coordinates": [19.0542051, 47.58676270000002]}}, {"id": "1174", "type": "Feature", "properties": {"x": 5000552.354188141, "y": 2760951.5779129346, "bearings": {"1174_1175_0": -89.94033049193828, "1174_1057_0": 179.99627105772555, "1174_1176_0": 88.98435580325967}, "angles": {"1174_1175_0": 90.0633984503362, "1174_1176_0": 178.92468629519794, "1174_1057_0": 91.01191525446588}, "adj_sorted": [[1174, 1175, 0], [1174, 1176, 0], [1174, 1057, 0]], "type": "T", "n_corners": 2}, "geometry": {"type": "Point", "coordinates": [19.054303900000004, 47.587318500000066]}}, {"id": "1318", "type": "Feature", "properties": {"x": 5000838.212429148, "y": 2760985.0083864615, "bearings": {"1318_1350_0": -6.422080209266194, "1318_1281_0": 172.92611191385504, "1318_1327_0": 85.86818267043944}, "angles": {"1318_1350_0": 180.65180787687876, "1318_1327_0": 92.29026287970564, "1318_1281_0": 87.0579292434156}, "adj_sorted": [[1318, 1350, 0], [1318, 1327, 0], [1318, 1281, 0]], "type": "T", "n_corners": 2}, "geometry": {"type": "Point", "coordinates": [19.058131799999995, 47.58730250000004]}}, {"id": "1176", "type": "Feature", "properties": {"x": 5000553.539518576, "y": 2761018.4392388607, "bearings": {"1176_1281_0": -6.526980968045537, "1176_1174_0": -91.01564419674034, "1176_1052_0": 179.96732533295827, "1176_1179_0": 88.99855581146485}, "angles": {"1176_1174_0": 89.01703047030139, "1176_1281_0": 84.4886632286948, "1176_1179_0": 95.52553677951039, "1176_1052_0": 90.96876952149341}, "adj_sorted": [[1176, 1174, 0], [1176, 1281, 0], [1176, 1179, 0], [1176, 1052, 0]], "type": "X", "n_corners": 4}, "geometry": {"type": "Point", "coordinates": [19.054424900000004, 47.58791380000002]}}, {"id": "1288", "type": "Feature", "properties": {"x": 5000764.346699819, "y": 2761122.1910364646, "bearings": {"1288_1294_0": 82.72295156985702, "1288_1281_0": -95.87736639978877, "1288_1215_0": 173.8271899742335}, "angles": {"1288_1281_0": 90.29544362597773, "1288_1294_0": 178.6003179696458, "1288_1215_0": 91.10423840437649}, "adj_sorted": [[1288, 1281, 0], [1288, 1294, 0], [1288, 1215, 0]], "type": "T", "n_corners": 2}, "geometry": {"type": "Point", "coordinates": [19.057372499999992, 47.588607800000055]}}, {"id": "1058", "type": "Feature", "properties": {"x": 5000343.171884796, "y": 2760887.7755769626, "bearings": {"1058_1060_0": -88.18154133411836, "1058_1173_0": 0.41306869611064784, "1058_1057_0": 90.21853416817441, "1058_974_0": -179.978306616947}, "angles": {"1058_974_0": 89.80315921487858, "1058_1060_0": 91.79676528282864, "1058_1173_0": 88.594610030229, "1058_1057_0": 89.80546547206377}, "adj_sorted": [[1058, 974, 0], [1058, 1060, 0], [1058, 1173, 0], [1058, 1057, 0]], "type": "X", "n_corners": 4}, "geometry": {"type": "Point", "coordinates": [19.051440799999995, 47.586979100000036]}}, {"id": "1057", "type": "Feature", "properties": {"x": 5000342.928480539, "y": 2760951.5915428456, "bearings": {"1057_1174_0": -0.003728942274454201, "1057_1058_0": -89.7814658318256, "1057_1052_0": 90.88632896511841, "1057_990_0": -179.15132742433255}, "angles": {"1057_990_0": 89.96234361054906, "1057_1058_0": 89.36986159250695, "1057_1174_0": 89.77773688955115, "1057_1052_0": 90.89005790739286}, "adj_sorted": [[1057, 990, 0], [1057, 1058, 0], [1057, 1174, 0], [1057, 1052, 0]], "type": "X", "n_corners": 4}, "geometry": {"type": "Point", "coordinates": [19.051538099999995, 47.58754880000005]}}, {"id": "1327", "type": "Feature", "properties": {"x": 5000850.705532791, "y": 2761157.9494447573, "bearings": {"1327_1294_0": 170.23645468298628, "1327_1318_0": -94.13181732956058, "1327_1348_0": -9.457428948865235, "1327_1330_0": 84.45640712826501}, "angles": {"1327_1318_0": 95.63172798745313, "1327_1348_0": 84.67438838069535, "1327_1330_0": 93.91383607713024, "1327_1294_0": 85.78004755472126}, "adj_sorted": [[1327, 1318, 0], [1327, 1348, 0], [1327, 1330, 0], [1327, 1294, 0]], "type": "X", "n_corners": 4}, "geometry": {"type": "Point", "coordinates": [19.058569399999993, 47.5888319]}}, {"id": "1052", "type": "Feature", "properties": {"x": 5000341.892439784, "y": 2761018.5599370804, "bearings": {"1052_1176_0": -0.032674667041749074, "1052_1057_0": -89.1136710348816, "1052_1054_0": 89.96752833174035}, "angles": {"1052_1057_0": 180.91880063337805, "1052_1176_0": 89.08099636783986, "1052_1054_0": 90.0002029987821}, "adj_sorted": [[1052, 1057, 0], [1052, 1176, 0], [1052, 1054, 0]], "type": "T", "n_corners": 2}, "geometry": {"type": "Point", "coordinates": [19.051629899999995, 47.588147500000055]}}, {"id": "1179", "type": "Feature", "properties": {"x": 5000556.6581342425, "y": 2761196.8469039807, "bearings": {"1179_1176_0": -91.00144418853515, "1179_1219_0": -13.85186744838173, "1179_1054_0": -178.521124310433, "1179_1182_0": 87.6778996467869}, "angles": {"1179_1054_0": 93.80097604278012, "1179_1176_0": 87.51968012189786, "1179_1219_0": 77.14957674015342, "1179_1182_0": 101.52976709516862}, "adj_sorted": [[1179, 1054, 0], [1179, 1176, 0], [1179, 1219, 0], [1179, 1182, 0]], "type": "other", "n_corners": 4}, "geometry": {"type": "Point", "coordinates": [19.054747199999998, 47.58950230000002]}}, {"id": "1215", "type": "Feature", "properties": {"x": 5000650.7656281395, "y": 2761134.4753557057, "bearings": {"1215_1288_0": -6.172810025766519, "1215_1219_0": 82.8052594149515, "1215_1211_0": -97.06206067531849}, "angles": {"1215_1211_0": 180.13267990973003, "1215_1288_0": 90.88925064955197, "1215_1219_0": 88.97806944071802}, "adj_sorted": [[1215, 1211, 0], [1215, 1288, 0], [1215, 1219, 0]], "type": "T", "n_corners": 2}, "geometry": {"type": "Point", "coordinates": [19.055891800000005, 47.58884230000006]}}, {"id": "1348", "type": "Feature", "properties": {"x": 5000910.495857707, "y": 2761146.1213549916, "bearings": {"1348_1350_0": -89.01956705129201, "1348_1327_0": 163.79106975480093, "1348_1368_0": 83.0491872026954, "1348_1376_0": -18.73843723779218}, "angles": {"1348_1350_0": 107.18936319390707, "1348_1376_0": 70.28112981349983, "1348_1368_0": 101.78762444048759, "1348_1327_0": 80.74188255210552}, "adj_sorted": [[1348, 1350, 0], [1348, 1376, 0], [1348, 1368, 0], [1348, 1327, 0]], "type": "X", "n_corners": 4}, "geometry": {"type": "Point", "coordinates": [19.0593404, 47.58866059999999]}}, {"id": "1054", "type": "Feature", "properties": {"x": 5000341.990340807, "y": 2761191.304829092, "bearings": {"1054_1051_0": 91.04319854215963, "1054_1052_0": -90.03247166825966, "1054_1179_0": 1.4788756895669952}, "angles": {"1054_1052_0": 178.92432978958072, "1054_1179_0": 91.51134735782665, "1054_1051_0": 89.56432285259264}, "adj_sorted": [[1054, 1052, 0], [1054, 1179, 0], [1054, 1051, 0]], "type": "T", "n_corners": 2}, "geometry": {"type": "Point", "coordinates": [19.051903300000003, 47.58968879999999]}}, {"id": "1219", "type": "Feature", "properties": {"x": 5000657.14917111, "y": 2761185.043631625, "bearings": {"1219_1294_0": -6.859039644960036, "1219_1227_0": 83.68614138363068, "1219_1179_0": 173.90193136505727, "1219_1215_0": -97.1947405850485}, "angles": {"1219_1215_0": 88.90332804989424, "1219_1294_0": 90.33570094008847, "1219_1227_0": 90.54518102859072, "1219_1179_0": 90.21578998142658}, "adj_sorted": [[1219, 1215, 0], [1219, 1294, 0], [1219, 1227, 0], [1219, 1179, 0]], "type": "X", "n_corners": 4}, "geometry": {"type": "Point", "coordinates": [19.056055799999992, 47.5892865]}}, {"id": "1182", "type": "Feature", "properties": {"x": 5000559.129969981, "y": 2761257.803875383, "bearings": {"1182_1051_0": -179.4492121322725, "1182_1183_0": 89.37211141044021, "1182_1179_0": -92.32210035321312}, "angles": {"1182_1051_0": 91.17867645728728, "1182_1179_0": 87.12711177905938, "1182_1183_0": 181.69421176365333}, "adj_sorted": [[1182, 1051, 0], [1182, 1179, 0], [1182, 1183, 0]], "type": "T", "n_corners": 2}, "geometry": {"type": "Point", "coordinates": [19.054875900000003, 47.590043500000014]}}, {"id": "1368", "type": "Feature", "properties": {"x": 5000931.028352364, "y": 2761314.540274051, "bearings": {"1368_1392_0": -22.919229039752118, "1368_1369_0": 81.2330922091428, "1368_1342_0": 145.58558444540225, "1368_1348_0": -96.9508127973046}, "angles": {"1368_1348_0": 117.46360275729316, "1368_1392_0": 74.03158375755248, "1368_1369_0": 104.1523212488949, "1368_1342_0": 64.35249223625945}, "adj_sorted": [[1368, 1348, 0], [1368, 1392, 0], [1368, 1369, 0], [1368, 1342, 0]], "type": "X", "n_corners": 4}, "geometry": {"type": "Point", "coordinates": [19.059877100000005, 47.59014080000002]}}, {"id": "1376", "type": "Feature", "properties": {"x": 5000957.820465678, "y": 2761130.0674655307, "bearings": {"1376_1392_0": 82.57195952444678, "1376_1408_0": -19.296925303746853, "1376_1348_0": 161.26156276220783}, "angles": {"1376_1408_0": 179.4415119340453, "1376_1392_0": 101.86888482819364, "1376_1348_0": 78.68960323776105}, "adj_sorted": [[1376, 1408, 0], [1376, 1392, 0], [1376, 1348, 0]], "type": "T", "n_corners": 2}, "geometry": {"type": "Point", "coordinates": [19.059940099999995, 47.588465300000045]}}, {"id": "1414", "type": "Feature", "properties": {"x": 5001039.477566718, "y": 2761455.0555484975, "bearings": {"1414_1433_0": -22.22268550443649, "1414_1375_0": 159.74432162189206, "1414_1420_0": 72.8898102957549}, "angles": {"1414_1433_0": 178.03299287367145, "1414_1420_0": 95.1124958001914, "1414_1375_0": 86.85451132613716}, "adj_sorted": [[1414, 1433, 0], [1414, 1420, 0], [1414, 1375, 0]], "type": "T", "n_corners": 2}, "geometry": {"type": "Point", "coordinates": [19.061530999999988, 47.59127530000004]}}, {"id": "1398", "type": "Feature", "properties": {"x": 5000999.674000674, "y": 2761538.258895687, "bearings": {"1398_1366_0": 159.01901810841682, "1398_1413_0": 67.66188891377858, "1398_1420_0": -20.601526916877013}, "angles": {"1398_1420_0": 180.37945497470616, "1398_1413_0": 88.26341583065559, "1398_1366_0": 91.35712919463823}, "adj_sorted": [[1398, 1420, 0], [1398, 1413, 0], [1398, 1366, 0]], "type": "T", "n_corners": 2}, "geometry": {"type": "Point", "coordinates": [19.0611365, 47.5920615]}}, {"id": "1445", "type": "Feature", "properties": {"x": 5001131.701458091, "y": 2761551.5234907186, "bearings": {"1445_1433_0": -97.72483568911407, "1445_1479_0": -6.837787828370535, "1445_1447_0": 83.70128368474417}, "angles": {"1445_1433_0": 178.57388062614177, "1445_1479_0": 90.88704786074354, "1445_1447_0": 90.5390715131147}, "adj_sorted": [[1445, 1433, 0], [1445, 1479, 0], [1445, 1447, 0]], "type": "T", "n_corners": 2}, "geometry": {"type": "Point", "coordinates": [19.062901200000002, 47.592034600000055]}}, {"id": "1506", "type": "Feature", "properties": {"x": 5001259.398737223, "y": 2761687.8172280816, "bearings": {"1506_1498_0": -95.51178319590595, "1506_1512_0": 83.5363406273942, "1506_1453_0": 174.57089985109513}, "angles": {"1506_1498_0": 89.91731695299893, "1506_1512_0": 179.04812382330016, "1506_1453_0": 91.03455922370094}, "adj_sorted": [[1506, 1498, 0], [1506, 1512, 0], [1506, 1453, 0]], "type": "T", "n_corners": 2}, "geometry": {"type": "Point", "coordinates": [19.0648028, 47.59311020000002]}}, {"id": "1447", "type": "Feature", "properties": {"x": 5001137.691548381, "y": 2761609.7776145115, "bearings": {"1447_1498_0": -4.62524197851752, "1447_1445_0": -95.6514636866623, "1447_1453_0": 84.40550633252184, "1447_1423_0": 173.95162481563239}, "angles": {"1447_1445_0": 90.39691149770533, "1447_1498_0": 91.02622170814477, "1447_1453_0": 89.03074831103936, "1447_1423_0": 89.54611848311055}, "adj_sorted": [[1447, 1445, 0], [1447, 1498, 0], [1447, 1453, 0], [1447, 1423, 0]], "type": "X", "n_corners": 4}, "geometry": {"type": "Point", "coordinates": [19.063072199999997, 47.592547800000034]}}, {"id": "1344", "type": "Feature", "properties": {"x": 5000894.1081792265, "y": 2757808.550904728, "bearings": {"1344_1367_0": -51.888829743979706, "1344_1331_0": 135.2491290864965, "1344_1306_0": -120.01023720646455}, "angles": {"1344_1306_0": 104.74063370703894, "1344_1367_0": 68.12140746248485, "1344_1331_0": 187.1379588304762}, "adj_sorted": [[1344, 1306, 0], [1344, 1367, 0], [1344, 1331, 0]], "type": "T", "n_corners": 2}, "geometry": {"type": "Point", "coordinates": [19.053866299999992, 47.55889740000002]}}, {"id": "1367", "type": "Feature", "properties": {"x": 5000929.050968248, "y": 2757764.004602275, "bearings": {"1367_1333_0": -106.23677742120302, "1367_1344_0": 128.1111702560203, "1367_1451_0": 56.02971296687098}, "angles": {"1367_1333_0": 125.65205232277668, "1367_1451_0": 162.266490388074, "1367_1344_0": 72.08145728914931}, "adj_sorted": [[1367, 1333, 0], [1367, 1451, 0], [1367, 1344, 0]], "type": "Y", "n_corners": 3}, "geometry": {"type": "Point", "coordinates": [19.054257400000004, 47.558461500000014]}}, {"id": "1331", "type": "Feature", "properties": {"x": 5000860.342392195, "y": 2757842.0243255827, "bearings": {"1331_1344_0": -44.750870913503505, "1331_1284_0": 129.43481395624227, "1331_1278_0": -141.7519965205889}, "angles": {"1331_1278_0": 88.81318952316883, "1331_1344_0": 97.0011256070854, "1331_1284_0": 174.18568486974578}, "adj_sorted": [[1331, 1278, 0], [1331, 1344, 0], [1331, 1284, 0]], "type": "T", "n_corners": 2}, "geometry": {"type": "Point", "coordinates": [19.053473299999997, 47.55923320000004]}}, {"id": "1306", "type": "Feature", "properties": {"x": 5000808.853206745, "y": 2757663.4455979215, "bearings": {"1306_1333_0": -16.493962666634562, "1306_1344_0": 59.269872858699415, "1306_1278_0": 167.2258333091683}, "angles": {"1306_1333_0": 176.28020402419713, "1306_1344_0": 75.76383552533397, "1306_1278_0": 107.9559604504689}, "adj_sorted": [[1306, 1333, 0], [1306, 1344, 0], [1306, 1278, 0]], "type": "T", "n_corners": 2}, "geometry": {"type": "Point", "coordinates": [19.052512599999993, 47.55769630000004]}}, {"id": "1278", "type": "Feature", "properties": {"x": 5000744.823015307, "y": 2757677.962543735, "bearings": {"1278_1266_0": -105.01754157343682, "1278_1331_0": 74.68752347887686, "1278_1306_0": -12.774166690831708}, "angles": {"1278_1266_0": 180.29493494768633, "1278_1306_0": 92.24337488260511, "1278_1331_0": 87.46169016970856}, "adj_sorted": [[1278, 1266, 0], [1278, 1306, 0], [1278, 1331, 0]], "type": "T", "n_corners": 2}, "geometry": {"type": "Point", "coordinates": [19.0516903, 47.55789620000004]}}, {"id": "689", "type": "Feature", "properties": {"x": 4999786.608341599, "y": 2758074.3591238433, "bearings": {"689_562_0": 170.51893369291312, "689_759_0": -8.343891753442861, "689_669_0": -103.63501583158904}, "angles": {"689_669_0": 85.8460504754978, "689_759_0": 95.29112407814618, "689_562_0": 178.862825446356}, "adj_sorted": [[689, 669, 0], [689, 759, 0], [689, 562, 0]], "type": "T", "n_corners": 2}, "geometry": {"type": "Point", "coordinates": [19.0396654, 47.56248559999999]}}, {"id": "404", "type": "Feature", "properties": {"x": 4999017.73050665, "y": 2757406.284859904, "bearings": {"404_387_0": -155.05764255544386, "404_416_0": -61.59548195078019, "404_396_0": 115.97773057763956}, "angles": {"404_387_0": 88.96462686691655, "404_416_0": 93.46216060466367, "404_396_0": 177.57321252841976}, "adj_sorted": [[404, 387, 0], [404, 416, 0], [404, 396, 0]], "type": "T", "n_corners": 2}, "geometry": {"type": "Point", "coordinates": [19.0284668, 47.557367300000024]}}, {"id": "923", "type": "Feature", "properties": {"x": 5000189.881317612, "y": 2758147.0325006885, "bearings": {"923_913_0": 174.5008679698108, "923_918_0": -95.96353596177423, "923_927_0": 22.188219679146748}, "angles": {"923_918_0": 89.53559606841497, "923_927_0": 118.15175564092098, "923_913_0": 152.31264829066404}, "adj_sorted": [[923, 918, 0], [923, 927, 0], [923, 913, 0]], "type": "Y", "n_corners": 3}, "geometry": {"type": "Point", "coordinates": [19.0451031, 47.5626914]}}, {"id": "927", "type": "Feature", "properties": {"x": 5000195.429638944, "y": 2758149.2953980477, "bearings": {"927_967_0": -4.973430010291182, "927_923_0": -157.81178032085325, "927_941_0": 96.36694706458738}, "angles": {"927_923_0": 105.82127261455938, "927_967_0": 152.83835031056208, "927_941_0": 101.34037707487856}, "adj_sorted": [[927, 923, 0], [927, 967, 0], [927, 941, 0]], "type": "Y", "n_corners": 3}, "geometry": {"type": "Point", "coordinates": [19.045179899999997, 47.56270550000001]}}, {"id": "895", "type": "Feature", "properties": {"x": 5000139.37656135, "y": 2757629.572273972, "bearings": {"895_897_0": 82.88241310416356, "895_894_0": -99.9278079907777, "895_945_0": -7.450621694138968}, "angles": {"895_894_0": 177.18977890505874, "895_945_0": 92.47718629663872, "895_897_0": 90.33303479830253}, "adj_sorted": [[895, 894, 0], [895, 945, 0], [895, 897, 0]], "type": "T", "n_corners": 2}, "geometry": {"type": "Point", "coordinates": [19.0436227, 47.55812940000005]}}, {"id": "831", "type": "Feature", "properties": {"x": 5000045.260889697, "y": 2757425.9357906617, "bearings": {"831_867_0": 82.01847766238257, "831_826_0": -97.10526129366166, "831_862_0": -7.905184356878021}, "angles": {"831_826_0": 180.87626104395576, "831_862_0": 89.20007693678363, "831_867_0": 89.92366201926059}, "adj_sorted": [[831, 826, 0], [831, 862, 0], [831, 867, 0]], "type": "T", "n_corners": 2}, "geometry": {"type": "Point", "coordinates": [19.0420603, 47.5564156]}}, {"id": "850", "type": "Feature", "properties": {"x": 5000070.878940194, "y": 2757315.990731385, "bearings": {"850_826_0": 175.70674912797688, "850_853_0": -56.526379304386545, "850_866_0": 65.3832309357399}, "angles": {"850_853_0": 127.76687156763657, "850_866_0": 121.90961024012645, "850_826_0": 110.32351819223697}, "adj_sorted": [[850, 853, 0], [850, 866, 0], [850, 826, 0]], "type": "Y", "n_corners": 3}, "geometry": {"type": "Point", "coordinates": [19.0422256, 47.55540640000004]}}, {"id": "862", "type": "Feature", "properties": {"x": 5000091.829713367, "y": 2757419.4717749166, "bearings": {"862_873_0": 82.88213016114184, "862_831_0": 172.1073652539513, "862_866_0": -55.579735128102755}, "angles": {"862_866_0": 132.31289961794596, "862_873_0": 138.4618652892446, "862_831_0": 89.22523509280944}, "adj_sorted": [[862, 866, 0], [862, 873, 0], [862, 831, 0]], "type": "Y", "n_corners": 3}, "geometry": {"type": "Point", "coordinates": [19.042664799999997, 47.55630679999999]}}, {"id": "853", "type": "Feature", "properties": {"x": 5000077.772692458, "y": 2757305.5649818033, "bearings": {"853_857_0": 1.901910574758876, "853_857_1": -60.526606328671576, "853_850_0": 123.47362069561346}, "angles": {"853_857_1": 175.99977297571496, "853_857_0": 62.42851690343045, "853_850_0": 121.57171012085459}, "adj_sorted": [[853, 857, 1], [853, 857, 0], [853, 850, 0]], "type": "T", "n_corners": 2}, "geometry": {"type": "Point", "coordinates": [19.042300200000003, 47.55530579999999]}}, {"id": "866", "type": "Feature", "properties": {"x": 5000100.212458059, "y": 2757398.1347428104, "bearings": {"866_850_0": -97.9032609571341, "866_862_0": 81.90856917190352, "866_892_0": -8.332078199853195}, "angles": {"866_850_0": 180.18816987096238, "866_892_0": 89.5711827572809, "866_862_0": 90.24064737175672}, "adj_sorted": [[866, 850, 0], [866, 892, 0], [866, 862, 0]], "type": "T", "n_corners": 2}, "geometry": {"type": "Point", "coordinates": [19.042741899999992, 47.55610720000005]}}, {"id": "868", "type": "Feature", "properties": {"x": 5000105.713964143, "y": 2757612.162145046, "bearings": {"868_867_0": -97.552971756024, "868_894_0": 3.2235839868323612, "868_870_0": 80.86775824464632}, "angles": {"868_867_0": 181.57926999932968, "868_894_0": 100.77655574285636, "868_870_0": 77.64417425781396}, "adj_sorted": [[868, 867, 0], [868, 894, 0], [868, 870, 0]], "type": "T", "n_corners": 2}, "geometry": {"type": "Point", "coordinates": [19.043150999999998, 47.55801100000003]}}, {"id": "894", "type": "Feature", "properties": {"x": 5000136.550024745, "y": 2757613.4232298373, "bearings": {"894_873_0": -94.67231725954527, "894_895_0": 80.0721920092223, "894_868_0": -177.80419593082902}, "angles": {"894_868_0": 102.12361205994864, "894_873_0": 83.13187867128376, "894_895_0": 174.74450926876756}, "adj_sorted": [[894, 868, 0], [894, 873, 0], [894, 895, 0]], "type": "T", "n_corners": 2}, "geometry": {"type": "Point", "coordinates": [19.043559999999996, 47.557988400000035]}}, {"id": "945", "type": "Feature", "properties": {"x": 5000221.494367777, "y": 2757618.24915201, "bearings": {"945_926_0": 86.81005696737556, "945_942_0": -95.5917424440288, "945_895_0": 171.90783332772878}, "angles": {"945_942_0": 92.50042422824242, "945_926_0": 182.40179941140434, "945_895_0": 85.09777636035322}, "adj_sorted": [[945, 942, 0], [945, 926, 0], [945, 895, 0]], "type": "T", "n_corners": 2}, "geometry": {"type": "Point", "coordinates": [19.0446888, 47.55793820000003]}}, {"id": "267", "type": "Feature", "properties": {"x": 4998425.6747675715, "y": 2755487.3416478503, "bearings": {"267_266_0": -90.56752507539407, "267_268_0": 89.76190665861024, "267_290_0": 7.707346263074492}, "angles": {"267_266_0": 179.67056826599568, "267_290_0": 98.27487133846857, "267_268_0": 82.05456039553574}, "adj_sorted": [[267, 266, 0], [267, 290, 0], [267, 268, 0]], "type": "T", "n_corners": 2}, "geometry": {"type": "Point", "coordinates": [19.0176436, 47.54089170000001]}}, {"id": "274", "type": "Feature", "properties": {"x": 4998446.35417231, "y": 2756589.6665842943, "bearings": {"274_253_0": 107.86688421219, "274_255_0": -152.25663363561497, "274_299_0": 22.213894224836658}, "angles": {"274_255_0": 99.87648215219502, "274_299_0": 174.47052786045163, "274_253_0": 85.65298998735335}, "adj_sorted": [[274, 255, 0], [274, 299, 0], [274, 253, 0]], "type": "T", "n_corners": 2}, "geometry": {"type": "Point", "coordinates": [19.019644300000003, 47.55070600000004]}}, {"id": "260", "type": "Feature", "properties": {"x": 4998407.146676635, "y": 2756910.973856494, "bearings": {"260_235_0": -144.5487737232133, "260_263_0": 35.895551661050185, "260_285_0": -62.63527669670117}, "angles": {"260_235_0": 179.55567461573654, "260_285_0": 81.91349702651212, "260_263_0": 98.53082835775135}, "adj_sorted": [[260, 235, 0], [260, 285, 0], [260, 263, 0]], "type": "T", "n_corners": 2}, "geometry": {"type": "Point", "coordinates": [19.019630599999992, 47.55361620000004]}}, {"id": "212", "type": "Feature", "properties": {"x": 4998125.59797305, "y": 2757068.3034975384, "bearings": {"212_235_0": -18.21763734291016, "212_213_0": 36.74342840533274, "212_185_0": -174.53550748459008}, "angles": {"212_185_0": 148.72106411007718, "212_235_0": 156.31787014167992, "212_213_0": 54.9610657482429}, "adj_sorted": [[212, 185, 0], [212, 235, 0], [212, 213, 0]], "type": "Y", "n_corners": 3}, "geometry": {"type": "Point", "coordinates": [19.016161099999994, 47.55532840000007]}}, {"id": "285", "type": "Feature", "properties": {"x": 4998476.96915729, "y": 2756771.3975163815, "bearings": {"285_253_0": -157.30925909643952, "285_260_0": 103.47072360613667, "285_299_0": -68.33817875858706}, "angles": {"285_253_0": 99.2200172974238, "285_299_0": 88.97108033785246, "285_260_0": 171.80890236472374}, "adj_sorted": [[285, 253, 0], [285, 299, 0], [285, 260, 0]], "type": "T", "n_corners": 2}, "geometry": {"type": "Point", "coordinates": [19.020333299999994, 47.55229420000003]}}, {"id": "185", "type": "Feature", "properties": {"x": 4997972.546822117, "y": 2757105.988847517, "bearings": {"185_174_0": 150.7408046183645, "185_212_0": -33.80375369467673, "185_177_0": 129.86754524182268}, "angles": {"185_212_0": 175.45544168695875, "185_177_0": 163.6712989364994, "185_174_0": 20.873259376541824}, "adj_sorted": [[185, 212, 0], [185, 177, 0], [185, 174, 0]], "type": "Y", "n_corners": 2}, "geometry": {"type": "Point", "coordinates": [19.014199999999995, 47.55583220000002]}}, {"id": "263", "type": "Feature", "properties": {"x": 4998410.446633171, "y": 2756913.362236213, "bearings": {"263_260_0": -144.10444833894982, "263_289_0": 38.84563587806122, "263_213_0": 118.79386285761011}, "angles": {"263_260_0": 97.10168880344008, "263_289_0": 182.95008421701104, "263_213_0": 79.94822697954888}, "adj_sorted": [[263, 260, 0], [263, 289, 0], [263, 213, 0]], "type": "T", "n_corners": 2}, "geometry": {"type": "Point", "coordinates": [19.0196779, 47.55363390000004]}}, {"id": "289", "type": "Feature", "properties": {"x": 4998487.729742983, "y": 2756972.6453448567, "bearings": {"289_271_0": 136.82071096423311, "289_321_0": 8.052950612778309, "289_263_0": -159.8113149139344}, "angles": {"289_263_0": 63.3679741218325, "289_321_0": 167.86426552671273, "289_271_0": 128.7677603514548}, "adj_sorted": [[289, 263, 0], [289, 321, 0], [289, 271, 0]], "type": "Y", "n_corners": 2}, "geometry": {"type": "Point", "coordinates": [19.02079090000001, 47.55407830000001]}}, {"id": "213", "type": "Feature", "properties": {"x": 4998132.369317538, "y": 2757073.3586906833, "bearings": {"213_212_0": -143.25657159466726, "213_263_0": -11.901818217523262, "213_215_0": 66.90110274986499}, "angles": {"213_212_0": 149.84232565546773, "213_263_0": 131.354753377144, "213_215_0": 78.80292096738825}, "adj_sorted": [[213, 212, 0], [213, 263, 0], [213, 215, 0]], "type": "Y", "n_corners": 3}, "geometry": {"type": "Point", "coordinates": [19.016258400000005, 47.555366100000036]}}, {"id": "215", "type": "Feature", "properties": {"x": 4998138.259942129, "y": 2757087.1698033405, "bearings": {"215_213_0": -113.09889725013501, "215_233_0": 59.35471121819534, "215_211_0": 95.60502035305248}, "angles": {"215_213_0": 151.2960823968125, "215_233_0": 172.45360846833034, "215_211_0": 36.25030913485714}, "adj_sorted": [[215, 213, 0], [215, 233, 0], [215, 211, 0]], "type": "Y", "n_corners": 2}, "geometry": {"type": "Point", "coordinates": [19.016357800000005, 47.555482900000044]}}, {"id": "322", "type": "Feature", "properties": {"x": 4998619.253604349, "y": 2756671.5986598814, "bearings": {"322_308_0": -147.77887735683404, "322_321_0": 100.48665261212248, "322_333_0": 30.46001090987726}, "angles": {"322_308_0": 111.73447003104349, "322_333_0": 178.2388882667113, "322_321_0": 70.02664170224523}, "adj_sorted": [[322, 308, 0], [322, 333, 0], [322, 321, 0]], "type": "T", "n_corners": 2}, "geometry": {"type": "Point", "coordinates": [19.022054699999995, 47.55124780000004]}}, {"id": "233", "type": "Feature", "properties": {"x": 4998240.902192332, "y": 2757194.014391359, "bearings": {"233_269_0": -33.707213704872146, "233_215_0": -135.40331356405792, "233_229_0": 147.5486317469629}, "angles": {"233_215_0": 77.04805468897916, "233_269_0": 101.69609985918578, "233_229_0": 181.25584545183506}, "adj_sorted": [[233, 215, 0], [233, 269, 0], [233, 229, 0]], "type": "T", "n_corners": 2}, "geometry": {"type": "Point", "coordinates": [19.017880100000006, 47.556324000000004]}}, {"id": "211", "type": "Feature", "properties": {"x": 4998118.47664903, "y": 2757279.402543543, "bearings": {"211_202_0": 140.627915721261, "211_215_0": -156.69435974227972, "211_229_0": -41.05347550740185}, "angles": {"211_215_0": 62.67772453645932, "211_229_0": 115.64088423487786, "211_202_0": 181.68139122866285}, "adj_sorted": [[211, 215, 0], [211, 229, 0], [211, 202, 0]], "type": "T", "n_corners": 2}, "geometry": {"type": "Point", "coordinates": [19.016398000000006, 47.55722]}}, {"id": "229", "type": "Feature", "properties": {"x": 4998227.577071603, "y": 2757202.4875376145, "bearings": {"229_233_0": -32.451368253037096, "229_211_0": 146.67659203353722, "229_241_0": 53.749589810596845}, "angles": {"229_233_0": 180.8720397134257, "229_241_0": 86.20095806363395, "229_211_0": 92.92700222294037}, "adj_sorted": [[229, 233, 0], [229, 241, 0], [229, 211, 0]], "type": "T", "n_corners": 2}, "geometry": {"type": "Point", "coordinates": [19.0177175, 47.55641420000001]}}, {"id": "157", "type": "Feature", "properties": {"x": 4997843.119977599, "y": 2757444.708151391, "bearings": {"157_202_0": -30.359862132244565, "157_179_0": 53.371202529278236, "157_129_0": 146.98578323111454}, "angles": {"157_202_0": 182.6543546366409, "157_179_0": 83.7310646615228, "157_129_0": 93.6145807018363}, "adj_sorted": [[157, 202, 0], [157, 179, 0], [157, 129, 0]], "type": "T", "n_corners": 2}, "geometry": {"type": "Point", "coordinates": [19.013022399999993, 47.55899650000002]}}, {"id": "177", "type": "Feature", "properties": {"x": 4997933.28012915, "y": 2757204.7054766887, "bearings": {"177_202_0": 42.72540502537945, "177_185_0": -74.70691905034424, "177_165_0": 105.3059962485346}, "angles": {"177_185_0": 179.98708470112115, "177_202_0": 117.4323240757237, "177_165_0": 62.580591223155146}, "adj_sorted": [[177, 185, 0], [177, 202, 0], [177, 165, 0]], "type": "T", "n_corners": 2}, "geometry": {"type": "Point", "coordinates": [19.013836399999995, 47.55675610000002]}}, {"id": "179", "type": "Feature", "properties": {"x": 4997942.617129067, "y": 2757536.280534748, "bearings": {"179_157_0": -149.3991541475352, "179_187_0": -58.57791874422769, "179_159_0": 57.48732058050195}, "angles": {"179_157_0": 153.11352527196286, "179_187_0": 90.82123540330751, "179_159_0": 116.06523932472965}, "adj_sorted": [[179, 157, 0], [179, 187, 0], [179, 159, 0]], "type": "Y", "n_corners": 3}, "geometry": {"type": "Point", "coordinates": [19.0144793, 47.5597048]}}, {"id": "129", "type": "Feature", "properties": {"x": 4997556.155819247, "y": 2757655.43197788, "bearings": {"129_157_0": -27.810727130013237, "129_92_0": 151.62376608288704, "129_123_0": -116.25059304333475}, "angles": {"129_123_0": 92.1256408737782, "129_157_0": 88.43986591332151, "129_92_0": 179.4344932129003}, "adj_sorted": [[129, 123, 0], [129, 157, 0], [129, 92, 0]], "type": "T", "n_corners": 2}, "geometry": {"type": "Point", "coordinates": [19.009564499999996, 47.561190900000035]}}, {"id": "92", "type": "Feature", "properties": {"x": 4997290.8450633325, "y": 2757851.294996332, "bearings": {"92_129_0": -28.063640869900755, "92_87_0": 147.09117429217113, "92_102_0": 38.48460799245991}, "angles": {"92_129_0": 184.84518483792812, "92_102_0": 66.54824886236067, "92_87_0": 108.60656629971123}, "adj_sorted": [[92, 129, 0], [92, 102, 0], [92, 87, 0]], "type": "T", "n_corners": 2}, "geometry": {"type": "Point", "coordinates": [19.0063689, 47.56322890000002]}}, {"id": "90", "type": "Feature", "properties": {"x": 4997275.963139582, "y": 2757508.8600161173, "bearings": {"90_143_0": -30.032064223838407, "90_89_0": 144.47162304756404, "90_84_0": -125.18277836039594}, "angles": {"90_84_0": 90.34559859204, "90_143_0": 95.15071413655754, "90_89_0": 174.50368727140244}, "adj_sorted": [[90, 84, 0], [90, 143, 0], [90, 89, 0]], "type": "T", "n_corners": 2}, "geometry": {"type": "Point", "coordinates": [19.005636200000005, 47.56018930000004]}}, {"id": "89", "type": "Feature", "properties": {"x": 4997270.310355489, "y": 2757512.8963334113, "bearings": {"89_90_0": -35.52837695243598, "89_98_0": 49.631564214591705, "89_44_0": 144.51989268477638}, "angles": {"89_90_0": 179.95173036278766, "89_98_0": 85.15994116702768, "89_44_0": 94.88832847018467}, "adj_sorted": [[89, 90, 0], [89, 98, 0], [89, 44, 0]], "type": "T", "n_corners": 2}, "geometry": {"type": "Point", "coordinates": [19.005567899999996, 47.560231500000015]}}, {"id": "84", "type": "Feature", "properties": {"x": 4997233.917324089, "y": 2757449.2266298495, "bearings": {"84_135_0": -45.68518278130197, "84_90_0": 54.84372496204465, "84_81_0": -128.0141686314355}, "angles": {"84_81_0": 177.14210640651987, "84_135_0": 82.32898585013353, "84_90_0": 100.52890774334662}, "adj_sorted": [[84, 81, 0], [84, 135, 0], [84, 90, 0]], "type": "T", "n_corners": 2}, "geometry": {"type": "Point", "coordinates": [19.004987799999995, 47.55970310000005]}}, {"id": "98", "type": "Feature", "properties": {"x": 4997341.673794988, "y": 2757596.8417435074, "bearings": {"98_89_0": -130.36843578540828, "98_101_0": -38.0833604430026, "98_96_0": 142.3762143385662}, "angles": {"98_89_0": 87.25534987602555, "98_101_0": 92.28507534240569, "98_96_0": 180.4595747815688}, "adj_sorted": [[98, 89, 0], [98, 101, 0], [98, 96, 0]], "type": "T", "n_corners": 2}, "geometry": {"type": "Point", "coordinates": [19.006641399999992, 47.56090260000002]}}, {"id": "44", "type": "Feature", "properties": {"x": 4996873.165203915, "y": 2758002.51117819, "bearings": {"44_89_0": -123.03678626706755, "44_70_0": -38.38915951662814, "44_46_0": 56.94141512840456}, "angles": {"44_89_0": 180.02179860452787, "44_70_0": 84.64762675043941, "44_46_0": 95.3305746450327}, "adj_sorted": [[44, 89, 0], [44, 70, 0], [44, 46, 0]], "type": "T", "n_corners": 2}, "geometry": {"type": "Point", "coordinates": [19.001091600000002, 47.56503490000002]}}, {"id": "87", "type": "Feature", "properties": {"x": 4997268.831415681, "y": 2757865.5410742443, "bearings": {"87_92_0": -32.908825707828875, "87_70_0": 140.95558065233516, "87_75_0": -123.3287219469574}, "angles": {"87_75_0": 95.71569740070743, "87_92_0": 90.41989623912852, "87_70_0": 173.86440636016403}, "adj_sorted": [[87, 75, 0], [87, 92, 0], [87, 70, 0]], "type": "T", "n_corners": 2}, "geometry": {"type": "Point", "coordinates": [19.006100599999986, 47.563380100000046]}}, {"id": "70", "type": "Feature", "properties": {"x": 4997122.123121135, "y": 2757937.685441712, "bearings": {"70_44_0": -150.96710214427037, "70_87_0": -46.67486704721886, "70_54_0": 123.0170849826165}, "angles": {"70_44_0": 86.01581287311313, "70_87_0": 104.2922350970515, "70_54_0": 169.69195202983536}, "adj_sorted": [[70, 44, 0], [70, 87, 0], [70, 54, 0]], "type": "T", "n_corners": 2}, "geometry": {"type": "Point", "coordinates": [19.0042768, 47.56418430000004]}}, {"id": "75", "type": "Feature", "properties": {"x": 4997158.665091043, "y": 2757706.1006592577, "bearings": {"75_87_0": 55.20177486567035, "75_73_0": -124.78689729932815, "75_71_0": 145.09674738003602}, "angles": {"75_73_0": 90.11635532063582, "75_87_0": 179.9886721649985, "75_71_0": 89.89497251436566}, "adj_sorted": [[75, 73, 0], [75, 87, 0], [75, 71, 0]], "type": "T", "n_corners": 2}, "geometry": {"type": "Point", "coordinates": [19.0043966, 47.56207770000006]}}, {"id": "102", "type": "Feature", "properties": {"x": 4997357.950820047, "y": 2757888.462065905, "bearings": {"102_92_0": -154.699568189966, "102_122_0": -23.264806010958758, "102_97_0": 85.41148250328682}, "angles": {"102_92_0": 119.88894930674718, "102_122_0": 131.43476217900724, "102_97_0": 108.67628851424558}, "adj_sorted": [[102, 92, 0], [102, 122, 0], [102, 97, 0]], "type": "Y", "n_corners": 3}, "geometry": {"type": "Point", "coordinates": [19.007313, 47.56348720000002]}}, {"id": "97", "type": "Feature", "properties": {"x": 4997340.751335882, "y": 2757997.4829199687, "bearings": {"97_102_0": -81.72299370854677, "97_86_0": -179.60883715948123, "97_108_0": 79.72957177141134}, "angles": {"97_86_0": 100.66159106910743, "97_102_0": 97.88584345093446, "97_108_0": 161.4525654799581}, "adj_sorted": [[97, 86, 0], [97, 102, 0], [97, 108, 0]], "type": "Y", "n_corners": 3}, "geometry": {"type": "Point", "coordinates": [19.007256700000003, 47.56447890000003]}}, {"id": "54", "type": "Feature", "properties": {"x": 4997025.364365546, "y": 2758043.1246712063, "bearings": {"54_70_0": -44.56849392022525, "54_46_0": 140.60928663815636, "54_72_0": 49.37822203704432}, "angles": {"54_70_0": 174.8222194416184, "54_72_0": 93.94671595726956, "54_46_0": 91.23106460111205}, "adj_sorted": [[54, 70, 0], [54, 72, 0], [54, 46, 0]], "type": "T", "n_corners": 2}, "geometry": {"type": "Point", "coordinates": [19.003164499999997, 47.56523100000003]}}, {"id": "86", "type": "Feature", "properties": {"x": 4997246.083642826, "y": 2758118.527035852, "bearings": {"86_97_0": -60.63101297681081, "86_78_0": 136.86030432461854, "86_100_0": 42.561401632064005}, "angles": {"86_97_0": 162.50868269857065, "86_100_0": 103.19241460887481, "86_78_0": 94.29890269255453}, "adj_sorted": [[86, 97, 0], [86, 100, 0], [86, 78, 0]], "type": "Y", "n_corners": 3}, "geometry": {"type": "Point", "coordinates": [19.006196499999998, 47.56566259999999]}}, {"id": "108", "type": "Feature", "properties": {"x": 4997386.658133206, "y": 2758047.2482181895, "bearings": {"108_97_0": -137.13568460367333, "108_132_0": -47.255456449028756, "108_112_0": 42.42074524933184}, "angles": {"108_97_0": 180.44357014699483, "108_132_0": 89.88022815464457, "108_112_0": 89.67620169836059}, "adj_sorted": [[108, 97, 0], [108, 132, 0], [108, 112, 0]], "type": "T", "n_corners": 2}, "geometry": {"type": "Point", "coordinates": [19.00794069999999, 47.56487280000005]}}, {"id": "46", "type": "Feature", "properties": {"x": 4996946.090597847, "y": 2758101.8717983626, "bearings": {"46_44_0": -126.41178279135666, "46_54_0": -35.77007175459481, "46_52_0": 56.29254608272554, "46_37_0": 144.18009499281246}, "angles": {"46_44_0": 89.40812221583087, "46_54_0": 90.64171103676185, "46_52_0": 92.06261783732035, "46_37_0": 87.8875489100869}, "adj_sorted": [[46, 44, 0], [46, 54, 0], [46, 52, 0], [46, 37, 0]], "type": "X", "n_corners": 4}, "geometry": {"type": "Point", "coordinates": [19.0022099, 47.565841900000045]}}, {"id": "72", "type": "Feature", "properties": {"x": 4997132.99372819, "y": 2758168.6014488433, "bearings": {"72_54_0": -130.6217779629557, "72_52_0": -179.4060544494194, "72_78_0": 34.17698347967684}, "angles": {"72_52_0": 146.41696207090376, "72_54_0": 48.78427648646371, "72_78_0": 164.79876144263253}, "adj_sorted": [[72, 52, 0], [72, 54, 0], [72, 78, 0]], "type": "Y", "n_corners": 3}, "geometry": {"type": "Point", "coordinates": [19.0047819, 47.5662331]}}, {"id": "52", "type": "Feature", "properties": {"x": 4997000.029655587, "y": 2758182.7272138405, "bearings": {"52_46_0": -123.70745391727446, "52_72_0": -21.661064996896233, "52_57_0": 60.252626876769156, "52_57_1": 157.54458705147022}, "angles": {"52_46_0": 78.74795903125533, "52_72_0": 102.04638892037823, "52_57_0": 81.91369187366539, "52_57_1": 97.29196017470106}, "adj_sorted": [[52, 46, 0], [52, 72, 0], [52, 57, 0], [52, 57, 1]], "type": "X", "n_corners": 4}, "geometry": {"type": "Point", "coordinates": [19.003048600000003, 47.566504500000015]}}, {"id": "78", "type": "Feature", "properties": {"x": 4997163.361742475, "y": 2758196.0443893126, "bearings": {"78_86_0": -43.13969567538147, "78_72_0": -131.87287906648785, "78_95_0": 56.57559131732462}, "angles": {"78_72_0": 171.5515296161875, "78_86_0": 88.7331833911064, "78_95_0": 99.7152869927061}, "adj_sorted": [[78, 72, 0], [78, 86, 0], [78, 95, 0]], "type": "T", "n_corners": 2}, "geometry": {"type": "Point", "coordinates": [19.0052258, 47.566444799999985]}}, {"id": "57", "type": "Feature", "properties": {"x": 4997050.104828912, "y": 2758270.281839084, "bearings": {"57_52_0": -119.79563325870592, "57_52_1": 149.93080306479803, "57_66_0": 58.002506035222964}, "angles": {"57_52_0": 90.27356367649605, "57_66_0": 177.7981392939289, "57_52_1": 91.92829702957506}, "adj_sorted": [[57, 52, 0], [57, 66, 0], [57, 52, 1]], "type": "T", "n_corners": 2}, "geometry": {"type": "Point", "coordinates": [19.0038468, 47.567231099999994]}}, {"id": "66", "type": "Feature", "properties": {"x": 4997090.048934494, "y": 2758351.407843656, "bearings": {"66_57_0": -111.93432759112254, "66_74_0": 67.8205557162086, "66_74_1": 149.90048979555044}, "angles": {"66_57_0": 98.16518261332703, "66_74_0": 179.75488330733114, "66_74_1": 82.07993407934184}, "adj_sorted": [[66, 57, 0], [66, 74, 0], [66, 74, 1]], "type": "T", "n_corners": 2}, "geometry": {"type": "Point", "coordinates": [19.004501199999993, 47.56791140000003]}}, {"id": "74", "type": "Feature", "properties": {"x": 4997155.159833886, "y": 2758428.199270124, "bearings": {"74_66_0": -123.39954458261145, "74_66_1": 151.53523645866906, "74_91_0": 61.228940163553474}, "angles": {"74_66_0": 85.06521895871947, "74_91_0": 184.62848474616493, "74_66_1": 90.30629629511559}, "adj_sorted": [[74, 66, 0], [74, 91, 0], [74, 66, 1]], "type": "T", "n_corners": 2}, "geometry": {"type": "Point", "coordinates": [19.005481100000004, 47.5685255]}}, {"id": "91", "type": "Feature", "properties": {"x": 4997283.534014903, "y": 2758645.4996790914, "bearings": {"91_74_0": -127.56143653583065, "91_80_0": 149.9046835593558, "91_105_0": 48.936693539099196, "91_103_0": -35.095095578468666}, "angles": {"91_74_0": 82.53387990481355, "91_103_0": 92.46634095736198, "91_105_0": 84.03178911756785, "91_80_0": 100.9679900202566}, "adj_sorted": [[91, 74, 0], [91, 103, 0], [91, 105, 0], [91, 80, 0]], "type": "X", "n_corners": 4}, "geometry": {"type": "Point", "coordinates": [19.007516400000004, 47.57032430000005]}}, {"id": "80", "type": "Feature", "properties": {"x": 4997194.210049535, "y": 2758793.9581250106, "bearings": {"80_91_0": -103.23310286290699, "80_104_0": -13.489396136580877, "80_69_0": 166.90599576898666, "80_76_0": 68.56486903894121}, "angles": {"80_91_0": 89.86090136810634, "80_104_0": 89.74370672632611, "80_76_0": 82.05426517552209, "80_69_0": 98.34112673004545}, "adj_sorted": [[80, 91, 0], [80, 104, 0], [80, 76, 0], [80, 69, 0]], "type": "X", "n_corners": 4}, "geometry": {"type": "Point", "coordinates": [19.006569599999995, 47.57174680000005]}}, {"id": "105", "type": "Feature", "properties": {"x": 4997370.911405211, "y": 2758740.431434967, "bearings": {"105_91_0": -126.25159534777188, "105_104_0": 101.44068373024096, "105_113_0": -2.6635018755764817}, "angles": {"105_91_0": 132.30772092198714, "105_113_0": 123.5880934721954, "105_104_0": 104.10418560581745}, "adj_sorted": [[105, 91, 0], [105, 113, 0], [105, 104, 0]], "type": "Y", "n_corners": 3}, "geometry": {"type": "Point", "coordinates": [19.008818799999993, 47.57107590000006]}}, {"id": "103", "type": "Feature", "properties": {"x": 4997358.633959525, "y": 2758588.9803666337, "bearings": {"103_91_0": 144.95268174117714, "103_110_0": -34.87263284154236, "103_116_0": 45.27831784096161}, "angles": {"103_110_0": 180.1746854172805, "103_116_0": 80.15095068250398, "103_91_0": 99.67436390021552}, "adj_sorted": [[103, 110, 0], [103, 116, 0], [103, 91, 0]], "type": "T", "n_corners": 2}, "geometry": {"type": "Point", "coordinates": [19.008419399999994, 47.56973780000006]}}, {"id": "104", "type": "Feature", "properties": {"x": 4997361.666357996, "y": 2758762.4274028325, "bearings": {"104_80_0": -146.8710549658489, "104_105_0": -59.322277240856494, "104_111_0": 59.05128244744469}, "angles": {"104_80_0": 154.0776625867064, "104_105_0": 87.54877772499242, "104_111_0": 118.37355968830119}, "adj_sorted": [[104, 80, 0], [104, 105, 0], [104, 111, 0]], "type": "Y", "n_corners": 3}, "geometry": {"type": "Point", "coordinates": [19.008731200000003, 47.571282300000014]}}, {"id": "69", "type": "Feature", "properties": {"x": 4997106.517762917, "y": 2758814.355086001, "bearings": {"69_80_0": -13.094004231013345, "69_67_0": 81.09557990312665, "69_63_0": 168.44346187082542}, "angles": {"69_80_0": 178.46253389816124, "69_67_0": 94.18958413413999, "69_63_0": 87.34788196769877}, "adj_sorted": [[69, 80, 0], [69, 67, 0], [69, 63, 0]], "type": "T", "n_corners": 2}, "geometry": {"type": "Point", "coordinates": [19.005443699999994, 47.572024700000064]}}, {"id": "76", "type": "Feature", "properties": {"x": 4997158.958151393, "y": 2758912.533733894, "bearings": {"76_80_0": -44.821784471458926, "76_58_0": 144.0212312376407, "76_67_0": -132.57289558986886, "76_83_0": 47.43518365882893}, "angles": {"76_67_0": 83.40587317249043, "76_80_0": 87.75111111840994, "76_83_0": 92.25696813028786, "76_58_0": 96.58604757881177}, "adj_sorted": [[76, 67, 0], [76, 80, 0], [76, 83, 0], [76, 58, 0]], "type": "X", "n_corners": 4}, "geometry": {"type": "Point", "coordinates": [19.0062899, 47.57284350000005]}}, {"id": "113", "type": "Feature", "properties": {"x": 4997453.6070065405, "y": 2758763.879872361, "bearings": {"113_105_0": 124.68811503172778, "113_118_0": -55.346922985627224, "113_117_0": 36.860289081352875}, "angles": {"113_118_0": 179.964961982645, "113_117_0": 92.2072120669801, "113_105_0": 87.8278259503749}, "adj_sorted": [[113, 118, 0], [113, 117, 0], [113, 105, 0]], "type": "T", "n_corners": 2}, "geometry": {"type": "Point", "coordinates": [19.009947400000005, 47.57119470000003]}}, {"id": "110", "type": "Feature", "properties": {"x": 4997412.255339455, "y": 2758551.6697252523, "bearings": {"110_103_0": 145.24337048792728, "110_95_0": -125.16302853496377, "110_128_0": -32.15338652011724}, "angles": {"110_95_0": 89.59360097710896, "110_128_0": 93.00964201484653, "110_103_0": 177.39675700804452}, "adj_sorted": [[110, 95, 0], [110, 128, 0], [110, 103, 0]], "type": "T", "n_corners": 2}, "geometry": {"type": "Point", "coordinates": [19.009068899999992, 47.5693462]}}, {"id": "111", "type": "Feature", "properties": {"x": 4997431.393209338, "y": 2758849.8969671647, "bearings": {"111_120_0": 50.07331226241965, "111_104_0": -129.48645823056884, "111_94_0": 166.3728460150846}, "angles": {"111_104_0": 64.14069575434655, "111_120_0": 179.5597704929885, "111_94_0": 116.29953375266496}, "adj_sorted": [[111, 104, 0], [111, 120, 0], [111, 94, 0]], "type": "T", "n_corners": 2}, "geometry": {"type": "Point", "coordinates": [19.009788899999993, 47.57198660000008]}}, {"id": "67", "type": "Feature", "properties": {"x": 4997097.256629143, "y": 2758845.3700915845, "bearings": {"67_69_0": -47.90207688722579, "67_76_0": 47.427104410131136, "67_56_0": 152.68430309457634}, "angles": {"67_69_0": 159.4136200181979, "67_76_0": 95.32918129735693, "67_56_0": 105.2571986844452}, "adj_sorted": [[67, 69, 0], [67, 76, 0], [67, 56, 0]], "type": "Y", "n_corners": 3}, "geometry": {"type": "Point", "coordinates": [19.00537, 47.5723116]}}, {"id": "63", "type": "Feature", "properties": {"x": 4997077.868362126, "y": 2758820.2133191447, "bearings": {"63_69_0": -11.556538129174585, "63_56_0": 166.44331618958475, "63_55_0": -131.2872761429265}, "angles": {"63_55_0": 62.269407667488736, "63_69_0": 119.7307380137519, "63_56_0": 177.99985431875933}, "adj_sorted": [[63, 55, 0], [63, 69, 0], [63, 56, 0]], "type": "T", "n_corners": 2}, "geometry": {"type": "Point", "coordinates": [19.0050746, 47.57210830000003]}}, {"id": "58", "type": "Feature", "properties": {"x": 4997052.696428711, "y": 2758941.7498829365, "bearings": {"58_76_0": 8.619580581195228, "58_48_0": -165.20331240561447, "58_85_0": 86.31882718368762}, "angles": {"58_48_0": 108.47786041069793, "58_76_0": 173.8228929868097, "58_85_0": 77.6992466024924}, "adj_sorted": [[58, 48, 0], [58, 76, 0], [58, 85, 0]], "type": "T", "n_corners": 2}, "geometry": {"type": "Point", "coordinates": [19.004932599999993, 47.57322040000002]}}, {"id": "83", "type": "Feature", "properties": {"x": 4997229.616867255, "y": 2758989.4692769027, "bearings": {"83_76_0": -132.56481634117105, "83_85_0": 47.43416891770674, "83_88_0": -57.03604217572234}, "angles": {"83_76_0": 180.00101474112222, "83_88_0": 75.52877416544871, "83_85_0": 104.47021109342909}, "adj_sorted": [[83, 76, 0], [83, 88, 0], [83, 85, 0]], "type": "T", "n_corners": 2}, "geometry": {"type": "Point", "coordinates": [19.007343400000007, 47.573452800000005]}}, {"id": "125", "type": "Feature", "properties": {"x": 4997538.480496241, "y": 2758980.3507746193, "bearings": {"125_82_0": 147.1741383698707, "125_120_0": -129.53239487571048, "125_134_0": 48.88466824795857}, "angles": {"125_120_0": 83.29346675441883, "125_134_0": 178.41706312366904, "125_82_0": 98.28947012191212}, "adj_sorted": [[125, 120, 0], [125, 134, 0], [125, 82, 0]], "type": "T", "n_corners": 2}, "geometry": {"type": "Point", "coordinates": [19.0114073, 47.573033599999995]}}, {"id": "85", "type": "Feature", "properties": {"x": 4997243.168764253, "y": 2759004.2520724665, "bearings": {"85_120_0": -13.056296799810385, "85_58_0": 166.94279445490528, "85_83_0": -132.43779604930563}, "angles": {"85_83_0": 60.619409495789114, "85_120_0": 119.38149924949525, "85_58_0": 179.99909125471567}, "adj_sorted": [[85, 83, 0], [85, 120, 0], [85, 58, 0]], "type": "T", "n_corners": 2}, "geometry": {"type": "Point", "coordinates": [19.0075455, 47.573569899999974]}}, {"id": "95", "type": "Feature", "properties": {"x": 4997326.759350772, "y": 2758325.8258847697, "bearings": {"95_78_0": -157.93256452343923, "95_110_0": 138.76473072475824, "95_99_0": 16.748514074007915}, "angles": {"95_78_0": 63.30270475180254, "95_99_0": 174.68107859744714, "95_110_0": 122.01621665075032}, "adj_sorted": [[95, 78, 0], [95, 99, 0], [95, 110, 0]], "type": "T", "n_corners": 2}, "geometry": {"type": "Point", "coordinates": [19.007586299999993, 47.56742429999999]}}, {"id": "100", "type": "Feature", "properties": {"x": 4997346.673785765, "y": 2758192.014005171, "bearings": {"100_86_0": 165.43368514615506, "100_99_0": 58.18074288964074, "100_106_0": -105.30953307068609}, "angles": {"100_106_0": 89.25678178315889, "100_99_0": 163.4902759603268, "100_86_0": 107.25294225651432}, "adj_sorted": [[100, 106, 0], [100, 99, 0], [100, 86, 0]], "type": "Y", "n_corners": 3}, "geometry": {"type": "Point", "coordinates": [19.007639599999997, 47.56620840000006]}}, {"id": "99", "type": "Feature", "properties": {"x": 4997341.897750038, "y": 2758330.381597645, "bearings": {"99_95_0": -163.2514859259921, "99_100_0": -53.53870286972883, "99_109_0": 16.09795224855185}, "angles": {"99_95_0": 180.65056182545604, "99_100_0": 109.71278305626328, "99_109_0": 69.63665511828069}, "adj_sorted": [[99, 95, 0], [99, 100, 0], [99, 109, 0]], "type": "T", "n_corners": 2}, "geometry": {"type": "Point", "coordinates": [19.007793299999992, 47.567448400000046]}}, {"id": "109", "type": "Feature", "properties": {"x": 4997396.574177376, "y": 2758345.598615627, "bearings": {"109_99_0": -164.27982509854098, "109_114_0": -83.356142519465, "109_119_0": 11.040626612864019}, "angles": {"109_99_0": 184.679548288595, "109_114_0": 80.92368257907599, "109_119_0": 94.39676913232901}, "adj_sorted": [[109, 99, 0], [109, 114, 0], [109, 119, 0]], "type": "T", "n_corners": 2}, "geometry": {"type": "Point", "coordinates": [19.008538999999995, 47.567524400000025]}}, {"id": "128", "type": "Feature", "properties": {"x": 4997548.830950022, "y": 2758531.0049765757, "bearings": {"128_110_0": 174.64757100643172, "128_133_0": -12.686177644783912, "128_146_0": 59.7908459508423}, "angles": {"128_133_0": 172.66625134878436, "128_146_0": 72.4770235956262, "128_110_0": 114.85672505558942}, "adj_sorted": [[128, 133, 0], [128, 146, 0], [128, 110, 0]], "type": "T", "n_corners": 2}, "geometry": {"type": "Point", "coordinates": [19.010839699999995, 47.569012400000055]}}, {"id": "106", "type": "Feature", "properties": {"x": 4997373.56062619, "y": 2758154.183252508, "bearings": {"106_100_0": 134.91261677656217, "106_114_0": 43.41998591679293, "106_112_0": -45.99888701525878}, "angles": {"106_112_0": 179.08849620817904, "106_114_0": 89.41887293205171, "106_100_0": 91.49263085976924}, "adj_sorted": [[106, 112, 0], [106, 114, 0], [106, 100, 0]], "type": "T", "n_corners": 2}, "geometry": {"type": "Point", "coordinates": [19.007935299999996, 47.56584140000001]}}, {"id": "114", "type": "Feature", "properties": {"x": 4997464.158947141, "y": 2758239.9177088114, "bearings": {"114_109_0": 139.5079846417749, "114_106_0": -136.5800140832071, "114_124_0": -39.379997456673664, "114_130_0": 38.47507825510974}, "angles": {"114_106_0": 83.91200127501804, "114_124_0": 97.20001662653343, "114_130_0": 77.8550757117834, "114_109_0": 101.03290638666516}, "adj_sorted": [[114, 106, 0], [114, 124, 0], [114, 130, 0], [114, 109, 0]], "type": "X", "n_corners": 4}, "geometry": {"type": "Point", "coordinates": [19.009265700000004, 47.56650739999998]}}, {"id": "119", "type": "Feature", "properties": {"x": 4997478.872741207, "y": 2758340.2771325465, "bearings": {"119_109_0": 171.41030173003173, "119_130_0": -6.9665424913062095, "119_133_0": 67.71004565643898}, "angles": {"119_130_0": 181.62315577866207, "119_133_0": 74.67658814774519, "119_109_0": 103.70025607359275}, "adj_sorted": [[119, 130, 0], [119, 133, 0], [119, 109, 0]], "type": "T", "n_corners": 2}, "geometry": {"type": "Point", "coordinates": [19.009617199999997, 47.56738690000005]}}, {"id": "133", "type": "Feature", "properties": {"x": 4997589.051019195, "y": 2758519.7653549435, "bearings": {"133_128_0": 161.4263074396594, "133_119_0": -123.53487387179644, "133_146_0": -10.839157522269293}, "angles": {"133_119_0": 75.03881868854415, "133_146_0": 112.69571634952715, "133_128_0": 172.2654649619287}, "adj_sorted": [[133, 119, 0], [133, 146, 0], [133, 128, 0]], "type": "T", "n_corners": 2}, "geometry": {"type": "Point", "coordinates": [19.011353099999997, 47.56886810000003]}}, {"id": "146", "type": "Feature", "properties": {"x": 4997723.370608142, "y": 2758550.6558679454, "bearings": {"146_128_0": 151.38498452987915, "146_133_0": -155.98315900467676, "146_167_0": 17.220493167255405}, "angles": {"146_133_0": 52.631856465444116, "146_167_0": 173.20365217193216, "146_128_0": 134.16449136262375}, "adj_sorted": [[146, 133, 0], [146, 167, 0], [146, 128, 0]], "type": "Y", "n_corners": 2}, "geometry": {"type": "Point", "coordinates": [19.013174900000003, 47.56899680000003]}}, {"id": "112", "type": "Feature", "properties": {"x": 4997434.371340062, "y": 2758090.8480536668, "bearings": {"112_108_0": -137.57925475066818, "112_106_0": 133.63517929607278, "112_124_0": 43.109965154628924}, "angles": {"112_108_0": 88.78556595325904, "112_124_0": 180.6892199052971, "112_106_0": 90.52521414144385}, "adj_sorted": [[112, 108, 0], [112, 124, 0], [112, 106, 0]], "type": "T", "n_corners": 2}, "geometry": {"type": "Point", "coordinates": [19.0086389, 47.56520970000002]}}, {"id": "124", "type": "Feature", "properties": {"x": 4997530.281703709, "y": 2758195.332114981, "bearings": {"124_114_0": 148.13135498451803, "124_112_0": -128.29899155352703, "124_131_0": -10.532645677701442}, "angles": {"124_112_0": 83.56965346195494, "124_131_0": 117.76634587582559, "124_114_0": 158.66400066221948}, "adj_sorted": [[124, 112, 0], [124, 131, 0], [124, 114, 0]], "type": "Y", "n_corners": 3}, "geometry": {"type": "Point", "coordinates": [19.010068799999992, 47.56603719999999]}}, {"id": "130", "type": "Feature", "properties": {"x": 4997569.566239585, "y": 2758329.195125645, "bearings": {"130_114_0": -139.3059825443507, "130_119_0": 173.0334575086938, "130_142_0": -6.707491392380675}, "angles": {"130_114_0": 47.66055994695546, "130_142_0": 132.59849115197005, "130_119_0": 179.7409489010745}, "adj_sorted": [[130, 114, 0], [130, 142, 0], [130, 119, 0]], "type": "Y", "n_corners": 2}, "geometry": {"type": "Point", "coordinates": [19.010797200000006, 47.567188800000025]}}, {"id": "132", "type": "Feature", "properties": {"x": 4997587.217839996, "y": 2758118.1323694983, "bearings": {"132_108_0": -132.49025484767185, "132_131_0": 133.31842733757603, "132_137_0": -45.81666241331063}, "angles": {"132_108_0": 94.1913178147521, "132_137_0": 86.67359243436121, "132_131_0": 179.13508975088666}, "adj_sorted": [[132, 108, 0], [132, 137, 0], [132, 131, 0]], "type": "T", "n_corners": 2}, "geometry": {"type": "Point", "coordinates": [19.010699500000005, 47.56528600000003]}}, {"id": "131", "type": "Feature", "properties": {"x": 4997586.354127208, "y": 2758179.9728852874, "bearings": {"131_124_0": 162.400859484087, "131_132_0": -108.90341326381511, "131_136_0": 60.52112219385394}, "angles": {"131_132_0": 88.69572725209787, "131_136_0": 169.42453545766904, "131_124_0": 101.87973729023305}, "adj_sorted": [[131, 132, 0], [131, 136, 0], [131, 124, 0]], "type": "T", "n_corners": 2}, "geometry": {"type": "Point", "coordinates": [19.010784999999995, 47.565838800000016]}}, {"id": "136", "type": "Feature", "properties": {"x": 4997605.860724263, "y": 2758214.480354722, "bearings": {"136_131_0": -119.47887780614607, "136_141_0": 56.07854339325274, "136_145_0": -43.81013144392467}, "angles": {"136_131_0": 184.44257880060118, "136_145_0": 75.66874636222141, "136_141_0": 99.8886748371774}, "adj_sorted": [[136, 131, 0], [136, 145, 0], [136, 141, 0]], "type": "T", "n_corners": 2}, "geometry": {"type": "Point", "coordinates": [19.011096600000002, 47.56612540000002]}}, {"id": "141", "type": "Feature", "properties": {"x": 4997632.642584942, "y": 2758272.6279263073, "bearings": {"141_136_0": -107.10210417684378, "141_142_0": 72.89004523912125, "141_150_0": -36.88077717001878}, "angles": {"141_136_0": 180.00785058403497, "141_150_0": 70.22132700682499, "141_142_0": 109.77082240914004}, "adj_sorted": [[141, 136, 0], [141, 150, 0], [141, 142, 0]], "type": "T", "n_corners": 2}, "geometry": {"type": "Point", "coordinates": [19.0115413, 47.566615000000006]}}, {"id": "142", "type": "Feature", "properties": {"x": 4997647.243568361, "y": 2758320.0598401106, "bearings": {"142_130_0": 173.29250860761934, "142_141_0": -107.10995476087876, "142_153_0": -5.847843388588853}, "angles": {"142_141_0": 79.5975366315019, "142_153_0": 101.26211137228991, "142_130_0": 179.14035199620818}, "adj_sorted": [[142, 141, 0], [142, 153, 0], [142, 130, 0]], "type": "T", "n_corners": 2}, "geometry": {"type": "Point", "coordinates": [19.011808399999996, 47.56702229999998]}}, {"id": "153", "type": "Feature", "properties": {"x": 4997780.999642199, "y": 2758306.3605419844, "bearings": {"153_158_0": -8.396688577235834, "153_142_0": 174.15215661141116, "153_156_0": 69.61099190293014}, "angles": {"153_158_0": 177.451154811353, "153_156_0": 78.00768048016597, "153_142_0": 104.54116470848102}, "adj_sorted": [[153, 158, 0], [153, 156, 0], [153, 142, 0]], "type": "T", "n_corners": 2}, "geometry": {"type": "Point", "coordinates": [19.013552799999996, 47.56675370000001]}}, {"id": "156", "type": "Feature", "properties": {"x": 4997839.425698432, "y": 2758421.786606576, "bearings": {"156_181_0": -27.089493202185903, "156_153_0": -136.41318841027672, "156_175_0": 44.82629713645683}, "angles": {"156_153_0": 178.76051445326647, "156_181_0": 109.32369520809081, "156_175_0": 71.91579033864274}, "adj_sorted": [[156, 153, 0], [156, 181, 0], [156, 175, 0]], "type": "T", "n_corners": 2}, "geometry": {"type": "Point", "coordinates": [19.014505100000004, 47.567719800000035]}}, {"id": "175", "type": "Feature", "properties": {"x": 4997927.89599086, "y": 2758509.1519637303, "bearings": {"175_237_0": -32.55059234124544, "175_156_0": -135.3934649790462, "175_167_0": 147.91929362893796}, "angles": {"175_156_0": 76.68724139201584, "175_237_0": 102.84287263780075, "175_167_0": 180.4698859701834}, "adj_sorted": [[175, 156, 0], [175, 237, 0], [175, 167, 0]], "type": "T", "n_corners": 2}, "geometry": {"type": "Point", "coordinates": [19.015810100000003, 47.56840259999999]}}, {"id": "167", "type": "Feature", "properties": {"x": 4997893.746219167, "y": 2758530.558053911, "bearings": {"167_146_0": 147.91179196363157, "167_175_0": -32.08070637106206, "167_155_0": -133.46038567276014}, "angles": {"167_155_0": 78.62782236360829, "167_175_0": 101.37967930169808, "167_146_0": 179.99249833469364}, "adj_sorted": [[167, 155, 0], [167, 175, 0], [167, 146, 0]], "type": "T", "n_corners": 2}, "geometry": {"type": "Point", "coordinates": [19.015392799999994, 47.56863100000001]}}, {"id": "176", "type": "Feature", "properties": {"x": 4997928.5130361235, "y": 2758721.3585158717, "bearings": {"176_180_0": 40.730716411037115, "176_161_0": 133.36997106265298, "176_171_0": -141.27482137357683}, "angles": {"176_171_0": 85.3552075637702, "176_180_0": 182.00553778461395, "176_161_0": 92.63925465161586}, "adj_sorted": [[176, 171, 0], [176, 180, 0], [176, 161, 0]], "type": "T", "n_corners": 2}, "geometry": {"type": "Point", "coordinates": [19.01615099999999, 47.57029560000006]}}, {"id": "60", "type": "Feature", "properties": {"x": 4997065.737541533, "y": 2759063.3063256512, "bearings": {"60_65_0": 140.66691594804462, "60_77_0": 49.896448395189395, "60_68_0": -40.07876839943279}, "angles": {"60_68_0": 179.2543156525226, "60_77_0": 89.97521679462218, "60_65_0": 90.77046755285522}, "adj_sorted": [[60, 68, 0], [60, 77, 0], [60, 65, 0]], "type": "T", "n_corners": 2}, "geometry": {"type": "Point", "coordinates": [19.005295200000003, 47.574290900000044]}}, {"id": "65", "type": "Feature", "properties": {"x": 4997082.82035462, "y": 2759206.4476595046, "bearings": {"65_60_0": -129.14870988637787, "65_77_0": -18.866925049805833, "65_29_0": 149.70163506656584}, "angles": {"65_60_0": 81.14965504705629, "65_77_0": 110.28178483657204, "65_29_0": 168.56856011637169}, "adj_sorted": [[65, 60, 0], [65, 77, 0], [65, 29, 0]], "type": "T", "n_corners": 2}, "geometry": {"type": "Point", "coordinates": [19.005744999999994, 47.57554960000004]}}, {"id": "77", "type": "Feature", "properties": {"x": 4997160.205044935, "y": 2759175.4759795815, "bearings": {"77_82_0": -35.32761658764152, "77_60_0": -130.1035516048106, "77_65_0": 149.09780121487583}, "angles": {"77_60_0": 80.79864718031354, "77_82_0": 94.77593501716908, "77_65_0": 184.42541780251736}, "adj_sorted": [[77, 60, 0], [77, 82, 0], [77, 65, 0]], "type": "T", "n_corners": 2}, "geometry": {"type": "Point", "coordinates": [19.0067183, 47.5751886]}}, {"id": "68", "type": "Feature", "properties": {"x": 4997100.4841650175, "y": 2759034.068950828, "bearings": {"68_82_0": 39.135893510062125, "68_60_0": 139.92123160056724, "68_59_0": -139.20843416911092}, "angles": {"68_59_0": 80.87033423032187, "68_82_0": 178.34432767917303, "68_60_0": 100.78533809050512}, "adj_sorted": [[68, 59, 0], [68, 82, 0], [68, 60, 0]], "type": "T", "n_corners": 2}, "geometry": {"type": "Point", "coordinates": [19.00570819999999, 47.57399200000005]}}, {"id": "29", "type": "Feature", "properties": {"x": 4996543.182167518, "y": 2759633.4791769343, "bearings": {"29_65_0": -53.11692004630756, "29_27_0": 133.0151707440325, "29_32_0": 44.411641105111975}, "angles": {"29_65_0": 173.86790920965993, "29_32_0": 97.52856115141954, "29_27_0": 88.60352963892052}, "adj_sorted": [[29, 65, 0], [29, 32, 0], [29, 27, 0]], "type": "T", "n_corners": 2}, "geometry": {"type": "Point", "coordinates": [18.999287799999998, 47.57995020000001]}}, {"id": "27", "type": "Feature", "properties": {"x": 4996533.3015931435, "y": 2759644.0691726217, "bearings": {"27_29_0": -46.9848292559675, "27_24_0": 125.58564740600457, "27_25_0": -153.7527788397725}, "angles": {"27_25_0": 80.6615737542229, "27_29_0": 106.767949583805, "27_24_0": 172.57047666197207}, "adj_sorted": [[27, 25, 0], [27, 29, 0], [27, 24, 0]], "type": "T", "n_corners": 2}, "geometry": {"type": "Point", "coordinates": [18.999173900000002, 47.58005550000001]}}, {"id": "59", "type": "Feature", "properties": {"x": 4997061.904628512, "y": 2759003.367205583, "bearings": {"59_68_0": 38.23754973591019, "59_45_0": -141.641194460333, "59_50_0": 144.39654097720265}, "angles": {"59_45_0": 73.96226456246438, "59_68_0": 179.8787441962432, "59_50_0": 106.15899124129245}, "adj_sorted": [[59, 45, 0], [59, 68, 0], [59, 50, 0]], "type": "T", "n_corners": 2}, "geometry": {"type": "Point", "coordinates": [19.005150699999998, 47.57376020000008]}}, {"id": "45", "type": "Feature", "properties": {"x": 4996885.372440199, "y": 2758861.6952673523, "bearings": {"45_59_0": 39.58700502508182, "45_41_0": -141.5100176708219, "45_48_0": -26.078329258554128, "45_43_0": 135.0978833183665}, "angles": {"45_41_0": 83.39209901081159, "45_48_0": 115.43168841226776, "45_59_0": 65.66533428363596, "45_43_0": 95.51087829328469}, "adj_sorted": [[45, 41, 0], [45, 48, 0], [45, 59, 0], [45, 43, 0]], "type": "other", "n_corners": 4}, "geometry": {"type": "Point", "coordinates": [19.002597899999998, 47.5726889]}}, {"id": "50", "type": "Feature", "properties": {"x": 4996962.864163909, "y": 2759050.7040458936, "bearings": {"50_59_0": -40.22619431926099, "50_43_0": -130.37573238789793, "50_8_0": 139.15003756205644}, "angles": {"50_43_0": 90.47423005004566, "50_59_0": 90.14953806863693, "50_8_0": 179.37623188131744}, "adj_sorted": [[50, 43, 0], [50, 59, 0], [50, 8, 0]], "type": "T", "n_corners": 2}, "geometry": {"type": "Point", "coordinates": [19.003917099999992, 47.574290900000044]}}, {"id": "41", "type": "Feature", "properties": {"x": 4996761.285487006, "y": 2758763.0274657547, "bearings": {"41_45_0": 38.489982329178105, "41_40_0": -143.5509348087672, "41_53_0": -36.75398931482096}, "angles": {"41_40_0": 177.9590828620547, "41_53_0": 106.79694549394625, "41_45_0": 75.24397164399906}, "adj_sorted": [[41, 40, 0], [41, 53, 0], [41, 45, 0]], "type": "T", "n_corners": 2}, "geometry": {"type": "Point", "coordinates": [19.000805000000003, 47.57194399999999]}}, {"id": "48", "type": "Feature", "properties": {"x": 4996956.961125243, "y": 2758848.130318089, "bearings": {"48_58_0": 75.26340257353276, "48_45_0": 167.66773584488902, "48_56_0": -12.722294511861174}, "angles": {"48_56_0": 179.6099696432498, "48_58_0": 87.98569708539394, "48_45_0": 92.40433327135626}, "adj_sorted": [[48, 56, 0], [48, 58, 0], [48, 45, 0]], "type": "T", "n_corners": 2}, "geometry": {"type": "Point", "coordinates": [19.003521899999992, 47.572489600000054]}}, {"id": "43", "type": "Feature", "properties": {"x": 4996836.98116621, "y": 2758902.6650317865, "bearings": {"43_45_0": -38.31874775960787, "43_50_0": 49.62426761210207, "43_38_0": -129.5227554015157, "43_39_0": 139.96171818727527}, "angles": {"43_38_0": 90.51552641120907, "43_45_0": 91.20400764190782, "43_50_0": 87.94301537170993, "43_39_0": 90.3374505751732}, "adj_sorted": [[43, 38, 0], [43, 45, 0], [43, 50, 0], [43, 39, 0]], "type": "X", "n_corners": 4}, "geometry": {"type": "Point", "coordinates": [19.002023099999995, 47.573107400000005]}}, {"id": "8", "type": "Feature", "properties": {"x": 4995940.787643785, "y": 2759645.7858894104, "bearings": {"8_50_0": 64.96367442859307, "8_6_0": -116.87585498526029, "8_22_0": -39.86584874934664}, "angles": {"8_6_0": 178.16047058614663, "8_22_0": 77.01000623591365, "8_50_0": 104.8295231779397}, "adj_sorted": [[8, 6, 0], [8, 22, 0], [8, 50, 0]], "type": "T", "n_corners": 2}, "geometry": {"type": "Point", "coordinates": [18.9913519, 47.58071790000004]}}, {"id": "40", "type": "Feature", "properties": {"x": 4996726.912020887, "y": 2758737.639696499, "bearings": {"40_41_0": 36.449065191232805, "40_38_0": 134.2381515499395, "40_34_0": -140.8409392973424}, "angles": {"40_34_0": 84.92090915271808, "40_41_0": 177.29000448857522, "40_38_0": 97.78908635870668}, "adj_sorted": [[40, 34, 0], [40, 41, 0], [40, 38, 0]], "type": "T", "n_corners": 2}, "geometry": {"type": "Point", "coordinates": [19.000311399999998, 47.57175500000003]}}, {"id": "53", "type": "Feature", "properties": {"x": 4997006.38801486, "y": 2758739.313720409, "bearings": {"53_41_0": 173.56888757333644, "53_49_0": -132.2269105515684, "53_55_0": 48.363945278601676}, "angles": {"53_49_0": 54.20420187509512, "53_55_0": 180.59085583017009, "53_41_0": 125.20494229473476}, "adj_sorted": [[53, 49, 0], [53, 55, 0], [53, 41, 0]], "type": "Y", "n_corners": 2}, "geometry": {"type": "Point", "coordinates": [19.004004099999992, 47.57146449999998]}}, {"id": "56", "type": "Feature", "properties": {"x": 4997047.359988917, "y": 2758827.569661292, "bearings": {"56_67_0": 71.33737379605864, "56_63_0": -13.556683810415258, "56_48_0": 166.75886541646958}, "angles": {"56_63_0": 179.68445077311517, "56_67_0": 84.8940576064739, "56_48_0": 95.42149162041093}, "adj_sorted": [[56, 63, 0], [56, 67, 0], [56, 48, 0]], "type": "T", "n_corners": 2}, "geometry": {"type": "Point", "coordinates": [19.0046833, 47.57220730000004]}}, {"id": "38", "type": "Feature", "properties": {"x": 4996712.795094168, "y": 2758752.1371239536, "bearings": {"38_43_0": 50.47724459848431, "38_40_0": -45.761848450060526, "38_28_0": 140.0708859402222}, "angles": {"38_40_0": 174.16726560971728, "38_43_0": 96.23909304854485, "38_28_0": 89.59364134173791}, "adj_sorted": [[38, 40, 0], [38, 43, 0], [38, 28, 0]], "type": "T", "n_corners": 2}, "geometry": {"type": "Point", "coordinates": [19.000147699999996, 47.571899800000025]}}, {"id": "39", "type": "Feature", "properties": {"x": 4996717.252103105, "y": 2759003.2660415764, "bearings": {"39_43_0": -40.03828181272473, "39_28_0": -149.70178146240553, "39_30_0": 141.25520194280153}, "angles": {"39_28_0": 69.0430165947929, "39_43_0": 109.6634996496808, "39_30_0": 181.29348375552627}, "adj_sorted": [[39, 28, 0], [39, 43, 0], [39, 30, 0]], "type": "T", "n_corners": 2}, "geometry": {"type": "Point", "coordinates": [19.00059969999999, 47.57413600000005]}}, {"id": "6", "type": "Feature", "properties": {"x": 4995851.450707239, "y": 2759469.5090969624, "bearings": {"6_8_0": 63.12414501473972, "6_16_0": -39.58160019964163, "6_4_0": -115.93016273580679}, "angles": {"6_4_0": 180.9456922494535, "6_16_0": 76.34856253616516, "6_8_0": 102.70574521438135}, "adj_sorted": [[6, 4, 0], [6, 16, 0], [6, 8, 0]], "type": "T", "n_corners": 2}, "geometry": {"type": "Point", "coordinates": [18.989896399999996, 47.579242300000004]}}, {"id": "22", "type": "Feature", "properties": {"x": 4996412.27628431, "y": 2759255.0156850317, "bearings": {"22_8_0": 139.11219792255625, "22_30_0": -39.354827363045935, "22_16_0": -148.3151889909464}, "angles": {"22_16_0": 72.57261308649731, "22_30_0": 108.96036162790048, "22_8_0": 178.46702528560218}, "adj_sorted": [[22, 16, 0], [22, 30, 0], [22, 8, 0]], "type": "T", "n_corners": 2}, "geometry": {"type": "Point", "coordinates": [18.9969667, 47.57671580000005]}}, {"id": "34", "type": "Feature", "properties": {"x": 4996665.551725042, "y": 2758687.66842476, "bearings": {"34_40_0": 39.15906070265761, "34_49_0": -46.10061899576582, "34_31_0": -141.57149786176498}, "angles": {"34_31_0": 179.2694414355774, "34_49_0": 95.47087886599917, "34_40_0": 85.25967969842344}, "adj_sorted": [[34, 31, 0], [34, 49, 0], [34, 40, 0]], "type": "T", "n_corners": 2}, "geometry": {"type": "Point", "coordinates": [18.999422999999997, 47.571376100000045]}}, {"id": "49", "type": "Feature", "properties": {"x": 4996960.6250921665, "y": 2758690.8012102717, "bearings": {"49_53_0": 44.15118409865036, "49_34_0": -143.36850137749215, "49_51_0": -64.09944224355246}, "angles": {"49_34_0": 172.4803145238575, "49_51_0": 79.26905913393969, "49_53_0": 108.25062634220282}, "adj_sorted": [[49, 34, 0], [49, 51, 0], [49, 53, 0]], "type": "T", "n_corners": 2}, "geometry": {"type": "Point", "coordinates": [19.003323899999998, 47.57108159999999]}}, {"id": "55", "type": "Feature", "properties": {"x": 4997042.484893594, "y": 2758779.919118789, "bearings": {"55_63_0": 48.71272385707351, "55_53_0": -131.63605472139832, "55_62_0": -48.5035583545198}, "angles": {"55_53_0": 179.65122142152816, "55_62_0": 83.13249636687853, "55_63_0": 97.21628221159331}, "adj_sorted": [[55, 53, 0], [55, 62, 0], [55, 63, 0]], "type": "T", "n_corners": 2}, "geometry": {"type": "Point", "coordinates": [19.0045443, 47.571787400000005]}}, {"id": "28", "type": "Feature", "properties": {"x": 4996537.938395135, "y": 2758898.4910497977, "bearings": {"28_38_0": -39.929114059777795, "28_39_0": 30.298218537594497, "28_21_0": 139.74352611733025, "28_19_0": -144.1964854941393}, "angles": {"28_19_0": 76.05998838853043, "28_38_0": 104.26737143436151, "28_39_0": 70.2273325973723, "28_21_0": 109.44530757973575}, "adj_sorted": [[28, 19, 0], [28, 38, 0], [28, 39, 0], [28, 21, 0]], "type": "X", "n_corners": 4}, "geometry": {"type": "Point", "coordinates": [18.998068, 47.573396899999985]}}, {"id": "30", "type": "Feature", "properties": {"x": 4996571.593122666, "y": 2759121.7838159646, "bearings": {"30_39_0": -39.80428965842951, "30_22_0": 139.4093876480425, "30_21_0": -152.1297211692516}, "angles": {"30_21_0": 68.4608911827059, "30_39_0": 112.3254315108221, "30_22_0": 179.213677306472}, "adj_sorted": [[30, 21, 0], [30, 39, 0], [30, 22, 0]], "type": "T", "n_corners": 2}, "geometry": {"type": "Point", "coordinates": [18.998861899999994, 47.57535280000007]}}, {"id": "21", "type": "Feature", "properties": {"x": 4996389.004196082, "y": 2759024.602047239, "bearings": {"21_28_0": -40.25647388266976, "21_30_0": 28.328826370991017, "21_16_0": 140.79470862685332, "21_13_0": -150.0321305336878}, "angles": {"21_13_0": 69.17316083945889, "21_28_0": 109.77565665101804, "21_30_0": 68.58530025366078, "21_16_0": 112.46588225586231}, "adj_sorted": [[21, 13, 0], [21, 28, 0], [21, 30, 0], [21, 16, 0]], "type": "X", "n_corners": 4}, "geometry": {"type": "Point", "coordinates": [18.9962988, 47.57468499999998]}}, {"id": "19", "type": "Feature", "properties": {"x": 4996374.67653411, "y": 2758780.7276577796, "bearings": {"19_28_0": 35.80351450586072, "19_14_0": 140.6435757068007, "19_31_0": -39.715695880848415, "19_18_0": -130.5807249644847}, "angles": {"19_18_0": 88.77569932871461, "19_31_0": 90.86502908363627, "19_28_0": 75.51921038670913, "19_14_0": 104.84006120093999}, "adj_sorted": [[19, 18, 0], [19, 31, 0], [19, 28, 0], [19, 14, 0]], "type": "X", "n_corners": 4}, "geometry": {"type": "Point", "coordinates": [18.995727999999993, 47.572524300000026]}}, {"id": "16", "type": "Feature", "properties": {"x": 4996238.235186091, "y": 2759147.589438561, "bearings": {"16_6_0": 139.94098173979694, "16_22_0": 31.684811009053593, "16_21_0": -39.20529137314669}, "angles": {"16_21_0": 180.85372688705638, "16_22_0": 70.89010238220028, "16_6_0": 108.25617073074335}, "adj_sorted": [[16, 21, 0], [16, 22, 0], [16, 6, 0]], "type": "T", "n_corners": 2}, "geometry": {"type": "Point", "coordinates": [18.9945004, 47.57594720000006]}}, {"id": "13", "type": "Feature", "properties": {"x": 4996206.407398632, "y": 2758919.3245498333, "bearings": {"13_21_0": 29.963816825923118, "13_4_0": 140.3228487630628, "13_14_0": -41.90767096684389}, "angles": {"13_14_0": 177.7694802700933, "13_21_0": 71.871487792767, "13_4_0": 110.35903193713969}, "adj_sorted": [[13, 14, 0], [13, 21, 0], [13, 4, 0]], "type": "T", "n_corners": 2}, "geometry": {"type": "Point", "coordinates": [18.993722999999996, 47.57394490000003]}}, {"id": "14", "type": "Feature", "properties": {"x": 4996214.076737505, "y": 2758912.441391969, "bearings": {"14_19_0": -39.3564242931993, "14_13_0": 138.09232903315612, "14_10_0": -130.39269727552102}, "angles": {"14_10_0": 91.5149736913229, "14_19_0": 91.03627298232172, "14_13_0": 177.44875332635542}, "adj_sorted": [[14, 10, 0], [14, 19, 0], [14, 13, 0]], "type": "T", "n_corners": 2}, "geometry": {"type": "Point", "coordinates": [18.993813499999995, 47.573875099999995]}}, {"id": "31", "type": "Feature", "properties": {"x": 4996574.511621306, "y": 2758614.7349160286, "bearings": {"31_34_0": 38.88988165046727, "31_19_0": 140.28935763142255, "31_23_0": -141.88933315459605}, "angles": {"31_23_0": 77.82130921398141, "31_34_0": 180.7792148050633, "31_19_0": 101.39947598095529}, "adj_sorted": [[31, 23, 0], [31, 34, 0], [31, 19, 0]], "type": "T", "n_corners": 2}, "geometry": {"type": "Point", "coordinates": [18.998106800000002, 47.5708247]}}, {"id": "18", "type": "Feature", "properties": {"x": 4996252.628677244, "y": 2758629.812713574, "bearings": {"18_19_0": 52.68973050217596, "18_23_0": -39.87858639832457, "18_17_0": 140.55442531412464}, "angles": {"18_23_0": 179.56698828755077, "18_19_0": 92.56831690050053, "18_17_0": 87.86469481194868}, "adj_sorted": [[18, 23, 0], [18, 19, 0], [18, 17, 0]], "type": "T", "n_corners": 2}, "geometry": {"type": "Point", "coordinates": [18.99388039999999, 47.57131080000002]}}, {"id": "4", "type": "Feature", "properties": {"x": 4995762.8505297145, "y": 2759287.2738528103, "bearings": {"4_6_0": 64.0698409470368, "4_13_0": -39.67715123693719, "4_2_0": 139.92873007566976}, "angles": {"4_13_0": 180.39411868739305, "4_6_0": 103.74699218397399, "4_2_0": 75.85888912863297}, "adj_sorted": [[4, 13, 0], [4, 6, 0], [4, 2, 0]], "type": "T", "n_corners": 2}, "geometry": {"type": "Point", "coordinates": [18.9884414, 47.5777127]}}, {"id": "10", "type": "Feature", "properties": {"x": 4996089.277864874, "y": 2758765.7653399026, "bearings": {"10_14_0": 49.607302724479005, "10_9_0": 140.83101818656343, "10_17_0": -39.78099871989604}, "angles": {"10_17_0": 179.38798309354053, "10_14_0": 89.38830144437505, "10_9_0": 91.22371546208441}, "adj_sorted": [[10, 17, 0], [10, 14, 0], [10, 9, 0]], "type": "T", "n_corners": 2}, "geometry": {"type": "Point", "coordinates": [18.9919362, 47.572702400000054]}}, {"id": "23", "type": "Feature", "properties": {"x": 4996418.713458557, "y": 2758491.049716179, "bearings": {"23_31_0": 38.60934621706601, "23_18_0": 140.1214136016754, "23_15_0": -141.49556810424886}, "angles": {"23_15_0": 78.38301829407573, "23_31_0": 180.10491432131488, "23_18_0": 101.5120673846094}, "adj_sorted": [[23, 15, 0], [23, 31, 0], [23, 18, 0]], "type": "T", "n_corners": 2}, "geometry": {"type": "Point", "coordinates": [18.9958562, 47.569891100000035]}}, {"id": "17", "type": "Feature", "properties": {"x": 4996247.1153624635, "y": 2758634.34875056, "bearings": {"17_18_0": -39.445574685875364, "17_10_0": 140.21900128010398, "17_11_0": -128.80909329302986}, "angles": {"17_11_0": 90.97190542686616, "17_18_0": 89.3635186071545, "17_10_0": 179.66457596597934}, "adj_sorted": [[17, 11, 0], [17, 18, 0], [17, 10, 0]], "type": "T", "n_corners": 2}, "geometry": {"type": "Point", "coordinates": [18.9938147, 47.571357300000024]}}, {"id": "107", "type": "Feature", "properties": {"x": 4997375.997863951, "y": 2759491.618946839, "bearings": {"107_35_0": 152.7469444520411, "107_115_0": 60.269942740806954, "107_144_0": -26.83219989831288}, "angles": {"107_144_0": 180.420855649646, "107_115_0": 87.10214263911983, "107_35_0": 92.47700171123415}, "adj_sorted": [[107, 144, 0], [107, 115, 0], [107, 35, 0]], "type": "T", "n_corners": 2}, "geometry": {"type": "Point", "coordinates": [19.0100632, 47.57777380000005]}}, {"id": "144", "type": "Feature", "properties": {"x": 4997689.411931643, "y": 2759298.002008901, "bearings": {"144_186_0": -47.32339943897057, "144_107_0": 134.60096837076534, "144_154_0": 57.84835829479746}, "angles": {"144_186_0": 178.0756321902641, "144_154_0": 105.17175773376803, "144_107_0": 76.75261007596788}, "adj_sorted": [[144, 186, 0], [144, 154, 0], [144, 107, 0]], "type": "T", "n_corners": 2}, "geometry": {"type": "Point", "coordinates": [19.01389819999999, 47.57570310000004]}}, {"id": "15", "type": "Feature", "properties": {"x": 4996232.621540458, "y": 2758343.1237709112, "bearings": {"15_23_0": 38.36304453206696, "15_11_0": 138.53151343942847, "15_12_0": -141.59475989661124}, "angles": {"15_12_0": 79.87372666396027, "15_23_0": 179.9578044286782, "15_11_0": 100.1684689073615}, "adj_sorted": [[15, 12, 0], [15, 23, 0], [15, 11, 0]], "type": "T", "n_corners": 2}, "geometry": {"type": "Point", "coordinates": [18.993167799999995, 47.56877420000002]}}, {"id": "11", "type": "Feature", "properties": {"x": 4996101.624922134, "y": 2758453.4638343216, "bearings": {"11_17_0": 51.18805538379462, "11_15_0": -39.984539060324195, "11_5_0": 140.11372244944909}, "angles": {"11_15_0": 179.9017384902267, "11_17_0": 91.17259444411881, "11_5_0": 88.92566706565447}, "adj_sorted": [[11, 15, 0], [11, 17, 0], [11, 5, 0]], "type": "T", "n_corners": 2}, "geometry": {"type": "Point", "coordinates": [18.991610799999993, 47.569901900000026]}}, {"id": "5", "type": "Feature", "properties": {"x": 4995828.560908036, "y": 2758680.3949429328, "bearings": {"5_11_0": -38.61001367336409, "5_3_0": 140.40431869073916, "5_9_0": 51.16012130367454}, "angles": {"5_11_0": 180.98566763589676, "5_9_0": 89.77013497703862, "5_3_0": 89.24419738706462}, "adj_sorted": [[5, 11, 0], [5, 9, 0], [5, 3, 0]], "type": "T", "n_corners": 2}, "geometry": {"type": "Point", "coordinates": [18.988360200000002, 47.57222510000005]}}, {"id": "336", "type": "Feature", "properties": {"x": 4998711.452134518, "y": 2758999.2731257407, "bearings": {"336_378_0": -10.298069127114779, "336_362_0": 77.45655269941228, "336_315_0": 172.3471473499609}, "angles": {"336_378_0": 177.35478352292432, "336_362_0": 87.75462182652706, "336_315_0": 94.8905946505486}, "adj_sorted": [[336, 378, 0], [336, 362, 0], [336, 315, 0]], "type": "T", "n_corners": 2}, "geometry": {"type": "Point", "coordinates": [19.026924300000005, 47.57191809999998]}}, {"id": "190", "type": "Feature", "properties": {"x": 4997997.7584316395, "y": 2759205.754084723, "bearings": {"190_186_0": -110.55842070852643, "190_196_0": 69.32540742855512, "190_273_0": 14.440932084951449}, "angles": {"190_186_0": 180.11617186291846, "190_273_0": 124.99935279347787, "190_196_0": 54.884475343603675}, "adj_sorted": [[190, 186, 0], [190, 273, 0], [190, 196, 0]], "type": "Y", "n_corners": 2}, "geometry": {"type": "Point", "coordinates": [19.017824999999988, 47.57454240000001]}}, {"id": "315", "type": "Feature", "properties": {"x": 4998594.397092513, "y": 2759243.495386177, "bearings": {"315_336_0": -105.50828389423798, "315_197_0": 164.75631885583383, "315_332_0": 74.5491600098961}, "angles": {"315_336_0": 89.73539724992821, "315_332_0": 180.05744390413406, "315_197_0": 90.20715884593773}, "adj_sorted": [[315, 336, 0], [315, 332, 0], [315, 197, 0]], "type": "T", "n_corners": 2}, "geometry": {"type": "Point", "coordinates": [19.025762199999996, 47.57422570000001]}}, {"id": "196", "type": "Feature", "properties": {"x": 4998040.888663903, "y": 2759322.793507977, "bearings": {"196_190_0": -107.09740463309454, "196_197_0": 71.49693609241145, "196_154_0": 150.44697677798794}, "angles": {"196_190_0": 102.4556185889175, "196_197_0": 178.594340725506, "196_154_0": 78.9500406855765}, "adj_sorted": [[196, 190, 0], [196, 197, 0], [196, 154, 0]], "type": "T", "n_corners": 2}, "geometry": {"type": "Point", "coordinates": [19.018578099999992, 47.57553960000002]}}, {"id": "154", "type": "Feature", "properties": {"x": 4997785.370881175, "y": 2759468.0117817987, "bearings": {"154_115_0": 149.8635975776356, "154_144_0": -118.22099144480879, "154_196_0": -29.660047155707343, "154_163_0": 62.034104899906374}, "angles": {"154_144_0": 91.91541097755561, "154_196_0": 88.56094428910144, "154_163_0": 91.69415205561371, "154_115_0": 87.82949267772923}, "adj_sorted": [[154, 144, 0], [154, 196, 0], [154, 163, 0], [154, 115, 0]], "type": "X", "n_corners": 4}, "geometry": {"type": "Point", "coordinates": [19.015431899999992, 47.57711520000003]}}, {"id": "197", "type": "Feature", "properties": {"x": 4998046.528004746, "y": 2759339.6447264147, "bearings": {"197_315_0": 8.185055094607177, "197_196_0": -108.50306390758855, "197_205_0": 74.40741145003363}, "angles": {"197_196_0": 177.0895246423778, "197_315_0": 116.68811900219573, "197_205_0": 66.22235635542646}, "adj_sorted": [[197, 196, 0], [197, 315, 0], [197, 205, 0]], "type": "T", "n_corners": 2}, "geometry": {"type": "Point", "coordinates": [19.018679000000002, 47.57568380000002]}}, {"id": "332", "type": "Feature", "properties": {"x": 4998678.598769449, "y": 2759535.047567884, "bearings": {"332_315_0": -98.29886626250286, "332_344_0": 84.81612039899683, "332_304_0": 174.45780608778793}, "angles": {"332_315_0": 87.24332764970922, "332_344_0": 183.1149866614997, "332_304_0": 89.6416856887911}, "adj_sorted": [[332, 315, 0], [332, 344, 0], [332, 304, 0]], "type": "T", "n_corners": 2}, "geometry": {"type": "Point", "coordinates": [19.027331799999995, 47.57673509999997]}}, {"id": "205", "type": "Feature", "properties": {"x": 4998096.949525317, "y": 2759517.476743199, "bearings": {"205_197_0": -105.9389660311353, "205_257_0": 10.880788514743754, "205_163_0": 73.57657963485298}, "angles": {"205_197_0": 180.48445433401173, "205_257_0": 116.81975454587905, "205_163_0": 62.69579112010922}, "adj_sorted": [[205, 197, 0], [205, 257, 0], [205, 163, 0]], "type": "T", "n_corners": 2}, "geometry": {"type": "Point", "coordinates": [19.0196238, 47.577215500000015]}}, {"id": "344", "type": "Feature", "properties": {"x": 4998746.137250666, "y": 2759839.124347373, "bearings": {"344_407_0": -17.66696528072596, "344_332_0": -109.93191924223105, "344_338_0": 162.3942629275949}, "angles": {"344_332_0": 87.67381783017407, "344_407_0": 92.26495396150509, "344_338_0": 180.06122820832087}, "adj_sorted": [[344, 332, 0], [344, 407, 0], [344, 338, 0]], "type": "T", "n_corners": 2}, "geometry": {"type": "Point", "coordinates": [19.0287012, 47.57937450000003]}}, {"id": "304", "type": "Feature", "properties": {"x": 4998561.695047889, "y": 2759546.734520065, "bearings": {"304_332_0": -8.124891411453541, "304_311_0": 68.75328787522896, "304_265_0": -112.27803777959151}, "angles": {"304_265_0": 178.96867434517952, "304_332_0": 104.15314636813797, "304_311_0": 76.87817928668251}, "adj_sorted": [[304, 265, 0], [304, 332, 0], [304, 311, 0]], "type": "T", "n_corners": 2}, "geometry": {"type": "Point", "coordinates": [19.025806499999995, 47.576967500000016]}}, {"id": "338", "type": "Feature", "properties": {"x": 4998712.03084658, "y": 2759849.615288584, "bearings": {"338_344_0": -16.808003170476354, "338_330_0": 163.5213305210242, "338_351_0": 61.49578056771789}, "angles": {"338_344_0": 179.67066630849945, "338_351_0": 78.30378373819424, "338_330_0": 102.02554995330631}, "adj_sorted": [[338, 344, 0], [338, 351, 0], [338, 330, 0]], "type": "T", "n_corners": 2}, "geometry": {"type": "Point", "coordinates": [19.0282673, 47.57950550000001]}}, {"id": "419", "type": "Feature", "properties": {"x": 4999067.2698965855, "y": 2759772.208978418, "bearings": {"419_407_0": -129.35115352499994, "419_351_0": 146.43144763253912, "419_456_0": 43.31376356599215}, "angles": {"419_407_0": 84.21739884246097, "419_456_0": 172.6649170909921, "419_351_0": 103.11768406654697}, "adj_sorted": [[419, 407, 0], [419, 456, 0], [419, 351, 0]], "type": "T", "n_corners": 2}, "geometry": {"type": "Point", "coordinates": [19.032836599999992, 47.57842530000002]}}, {"id": "330", "type": "Feature", "properties": {"x": 4998672.7075174535, "y": 2759861.247466983, "bearings": {"330_338_0": -16.4786694789758, "330_297_0": 159.00159742751194, "330_326_0": -108.95766675444139}, "angles": {"330_326_0": 92.04073581804664, "330_338_0": 92.47899727546559, "330_297_0": 175.48026690648774}, "adj_sorted": [[330, 326, 0], [330, 338, 0], [330, 297, 0]], "type": "T", "n_corners": 2}, "geometry": {"type": "Point", "coordinates": [19.027766300000003, 47.57965239999998]}}, {"id": "351", "type": "Feature", "properties": {"x": 4998778.319571604, "y": 2759971.6824943027, "bearings": {"351_338_0": -118.50421943228214, "351_419_0": -33.49718198680709, "351_317_0": 142.162800906655}, "angles": {"351_338_0": 99.33297966106284, "351_419_0": 85.00703744547505, "351_317_0": 175.6599828934621}, "adj_sorted": [[351, 338, 0], [351, 419, 0], [351, 317, 0]], "type": "T", "n_corners": 2}, "geometry": {"type": "Point", "coordinates": [19.029334399999996, 47.58052210000001]}}, {"id": "265", "type": "Feature", "properties": {"x": 4998418.48311512, "y": 2759525.7437879276, "bearings": {"265_304_0": -22.198919952933025, "265_257_0": -112.03100281394308, "265_242_0": 156.75720818218667}, "angles": {"265_257_0": 91.21178900387025, "265_304_0": 89.83208286101005, "265_242_0": 178.95612813511968}, "adj_sorted": [[265, 257, 0], [265, 304, 0], [265, 242, 0]], "type": "T", "n_corners": 2}, "geometry": {"type": "Point", "coordinates": [19.023882500000003, 47.57693710000001]}}, {"id": "456", "type": "Feature", "properties": {"x": 4999190.929590917, "y": 2759875.4122756002, "bearings": {"456_419_0": -146.82045458908829, "456_477_0": 32.26170832467164, "456_451_0": 128.8959805260533}, "angles": {"456_419_0": 84.28356488485838, "456_477_0": 179.08216291375993, "456_451_0": 96.63427220138166}, "adj_sorted": [[456, 419, 0], [456, 477, 0], [456, 451, 0]], "type": "T", "n_corners": 2}, "geometry": {"type": "Point", "coordinates": [19.034631700000002, 47.57921060000002]}}, {"id": "297", "type": "Feature", "properties": {"x": 4998534.010114215, "y": 2759960.479675097, "bearings": {"297_330_0": -38.28183570507605, "297_317_0": 63.18613933812871, "297_275_0": 169.8767947010932}, "angles": {"297_330_0": 151.84136959383076, "297_317_0": 101.46797504320476, "297_275_0": 106.69065536296448}, "adj_sorted": [[297, 330, 0], [297, 317, 0], [297, 275, 0]], "type": "Y", "n_corners": 3}, "geometry": {"type": "Point", "coordinates": [19.026090599999996, 47.58068990000004]}}, {"id": "317", "type": "Feature", "properties": {"x": 4998601.411481582, "y": 2760093.8315344322, "bearings": {"317_351_0": -36.26276166065302, "317_297_0": -116.8138606618713, "317_320_0": 70.5593584683693}, "angles": {"317_297_0": 172.6267808697594, "317_351_0": 80.55109900121829, "317_320_0": 106.82212012902232}, "adj_sorted": [[317, 297, 0], [317, 351, 0], [317, 320, 0]], "type": "T", "n_corners": 2}, "geometry": {"type": "Point", "coordinates": [19.027190100000006, 47.581806000000036]}}, {"id": "257", "type": "Feature", "properties": {"x": 4998394.858240514, "y": 2759467.361145097, "bearings": {"257_205_0": 172.4736169181555, "257_265_0": 67.96899718605694, "257_288_0": -37.964766760983764}, "angles": {"257_288_0": 149.56161632086074, "257_265_0": 105.9337639470407, "257_205_0": 104.50461973209856}, "adj_sorted": [[257, 288, 0], [257, 265, 0], [257, 205, 0]], "type": "Y", "n_corners": 3}, "geometry": {"type": "Point", "coordinates": [19.023478900000004, 47.576442000000036]}}, {"id": "163", "type": "Feature", "properties": {"x": 4997877.077124572, "y": 2759642.2091143406, "bearings": {"163_162_0": 164.3576629066041, "163_154_0": -119.35353936848986, "163_205_0": -18.84811945719534}, "angles": {"163_154_0": 76.28879772490603, "163_205_0": 100.50541991129452, "163_162_0": 183.20578236379944}, "adj_sorted": [[163, 154, 0], [163, 205, 0], [163, 162, 0]], "type": "T", "n_corners": 2}, "geometry": {"type": "Point", "coordinates": [19.0169161, 47.57856930000004]}}, {"id": "242", "type": "Feature", "properties": {"x": 4998286.707221337, "y": 2759586.3637170573, "bearings": {"242_265_0": -39.24378708942312, "242_246_0": 69.55475914075612, "242_188_0": 141.77693229387475}, "angles": {"242_265_0": 178.9792806167021, "242_246_0": 108.79854623017924, "242_188_0": 72.22217315311863}, "adj_sorted": [[242, 265, 0], [242, 246, 0], [242, 188, 0]], "type": "T", "n_corners": 2}, "geometry": {"type": "Point", "coordinates": [19.022237599999997, 47.57762240000006]}}, {"id": "246", "type": "Feature", "properties": {"x": 4998321.998200072, "y": 2759681.029441316, "bearings": {"246_242_0": -110.44524085924388, "246_251_0": 71.20124046310181, "246_261_0": -19.369466158101837}, "angles": {"246_242_0": 178.3535186776543, "246_261_0": 91.07577470114205, "246_251_0": 90.57070662120364}, "adj_sorted": [[246, 242, 0], [246, 261, 0], [246, 251, 0]], "type": "T", "n_corners": 2}, "geometry": {"type": "Point", "coordinates": [19.0228522, 47.578428500000015]}}, {"id": "188", "type": "Feature", "properties": {"x": 4997984.834763693, "y": 2759887.498250323, "bearings": {"188_173_0": -118.06667409227218, "188_182_0": 129.78945399097117, "188_242_0": -47.93982877283279}, "angles": {"188_173_0": 112.14387191675667, "188_242_0": 70.12684531943938, "188_182_0": 177.72928276380395}, "adj_sorted": [[188, 173, 0], [188, 242, 0], [188, 182, 0]], "type": "T", "n_corners": 2}, "geometry": {"type": "Point", "coordinates": [19.01872390000001, 47.580640200000026]}}, {"id": "251", "type": "Feature", "properties": {"x": 4998356.868903855, "y": 2759788.0718061654, "bearings": {"251_246_0": -96.56946275287908, "251_226_0": 156.4220886371287, "251_264_0": 80.39840103726468}, "angles": {"251_246_0": 107.00844860999223, "251_264_0": 176.96786379014375, "251_226_0": 76.02368759986402}, "adj_sorted": [[251, 246, 0], [251, 264, 0], [251, 226, 0]], "type": "T", "n_corners": 2}, "geometry": {"type": "Point", "coordinates": [19.0234807, 47.57934550000001]}}, {"id": "226", "type": "Feature", "properties": {"x": 4998219.009484312, "y": 2759848.573219382, "bearings": {"226_251_0": -24.869943491284307, "226_232_0": 68.01153492388657, "226_217_0": 159.8141434378574}, "angles": {"226_251_0": 175.31591307085827, "226_232_0": 92.88147841517087, "226_217_0": 91.80260851397084}, "adj_sorted": [[226, 251, 0], [226, 232, 0], [226, 217, 0]], "type": "T", "n_corners": 2}, "geometry": {"type": "Point", "coordinates": [19.02175519999999, 47.580036400000026]}}, {"id": "264", "type": "Feature", "properties": {"x": 4998412.972033383, "y": 2759916.4472623537, "bearings": {"264_251_0": -113.99223685898494, "264_275_0": 65.14707005426474, "264_252_0": 168.97835795932423}, "angles": {"264_251_0": 77.02940518169083, "264_275_0": 179.1393069132497, "264_252_0": 103.83128790505948}, "adj_sorted": [[264, 251, 0], [264, 275, 0], [264, 252, 0]], "type": "T", "n_corners": 2}, "geometry": {"type": "Point", "coordinates": [19.024423099999996, 47.5804296]}}, {"id": "198", "type": "Feature", "properties": {"x": 4998049.641131285, "y": 2759989.582660199, "bearings": {"198_189_0": 155.86329840750687, "198_220_0": 63.09783717570143, "198_216_0": -23.998040349519865}, "angles": {"198_216_0": 180.13866124297326, "198_220_0": 87.0958775252213, "198_189_0": 92.76546123180545}, "adj_sorted": [[198, 216, 0], [198, 220, 0], [198, 189, 0]], "type": "T", "n_corners": 2}, "geometry": {"type": "Point", "coordinates": [19.019739899999998, 47.58148019999998]}}, {"id": "220", "type": "Feature", "properties": {"x": 4998185.135094548, "y": 2760341.3688656664, "bearings": {"220_198_0": -102.26933563860149, "220_206_0": 146.81325681750144, "220_243_0": -29.646344729273267}, "angles": {"220_198_0": 110.91740754389707, "220_243_0": 72.62299090932822, "220_206_0": 176.4596015467747}, "adj_sorted": [[220, 198, 0], [220, 243, 0], [220, 206, 0]], "type": "T", "n_corners": 2}, "geometry": {"type": "Point", "coordinates": [19.022081399999987, 47.58447100000003]}}, {"id": "216", "type": "Feature", "properties": {"x": 4998145.0275449585, "y": 2759947.117801732, "bearings": {"216_198_0": 156.00195965048016, "216_243_0": 65.67426179901503, "216_232_0": -25.380215719196663}, "angles": {"216_232_0": 178.61782463032318, "216_243_0": 91.05447751821168, "216_198_0": 90.32769785146513}, "adj_sorted": [[216, 232, 0], [216, 243, 0], [216, 198, 0]], "type": "T", "n_corners": 2}, "geometry": {"type": "Point", "coordinates": [19.02093289999999, 47.58099680000001]}}, {"id": "201", "type": "Feature", "properties": {"x": 4998064.929944619, "y": 2760263.3783132494, "bearings": {"201_195_0": 136.34763199555954, "201_195_1": -100.39965332623521, "201_206_0": 69.90589059115847}, "angles": {"201_195_1": 123.25271467820525, "201_206_0": 170.30554391739366, "201_195_0": 66.44174140440107}, "adj_sorted": [[201, 195, 1], [201, 206, 0], [201, 195, 0]], "type": "Y", "n_corners": 2}, "geometry": {"type": "Point", "coordinates": [19.020371499999992, 47.58390670000004]}}, {"id": "206", "type": "Feature", "properties": {"x": 4998098.00273549, "y": 2760391.7708166935, "bearings": {"206_220_0": -28.980822097802733, "206_201_0": -119.39913770025295, "206_426_0": 153.82501986386742}, "angles": {"206_201_0": 86.77584243587961, "206_220_0": 90.41831560245022, "206_426_0": 182.80584196167015}, "adj_sorted": [[206, 201, 0], [206, 220, 0], [206, 426, 0]], "type": "T", "n_corners": 2}, "geometry": {"type": "Point", "coordinates": [19.0210098, 47.58501620000004]}}, {"id": "243", "type": "Feature", "properties": {"x": 4998288.37816226, "y": 2760290.7494586045, "bearings": {"243_220_0": 153.5684685309246, "243_216_0": -109.70500633718814, "243_254_0": -25.45750460476633}, "angles": {"243_216_0": 96.72652513188723, "243_254_0": 84.24750173242181, "243_220_0": 179.02597313569095}, "adj_sorted": [[243, 216, 0], [243, 254, 0], [243, 220, 0]], "type": "T", "n_corners": 2}, "geometry": {"type": "Point", "coordinates": [19.023365399999992, 47.58390620000008]}}, {"id": "254", "type": "Feature", "properties": {"x": 4998375.733980161, "y": 2760242.7644484797, "bearings": {"254_243_0": 148.49702312657928, "254_282_0": -33.9538214397654, "254_236_0": -111.63393356147823}, "angles": {"254_236_0": 99.8690433119425, "254_282_0": 77.68011212171282, "254_243_0": 182.45084456634467}, "adj_sorted": [[254, 236, 0], [254, 282, 0], [254, 243, 0]], "type": "T", "n_corners": 2}, "geometry": {"type": "Point", "coordinates": [19.024443699999996, 47.58338230000002]}}, {"id": "426", "type": "Feature", "properties": {"x": 4999082.612676105, "y": 2760295.6793012577, "bearings": {"426_206_0": 168.9994535456362, "426_457_0": -4.631210931226652, "426_439_0": -94.11994599514979}, "angles": {"426_439_0": 96.88060045921401, "426_457_0": 89.48873506392314, "426_206_0": 173.63066447686285}, "adj_sorted": [[426, 439, 0], [426, 457, 0], [426, 206, 0]], "type": "T", "n_corners": 2}, "geometry": {"type": "Point", "coordinates": [19.033861900000005, 47.58307960000001]}}, {"id": "232", "type": "Feature", "properties": {"x": 4998240.510024433, "y": 2759901.8197843726, "bearings": {"232_226_0": -111.98846507611343, "232_216_0": 154.61978428080334, "232_236_0": 68.36545831360864}, "angles": {"232_226_0": 93.39175064308324, "232_236_0": 180.35392338972207, "232_216_0": 86.2543259671947}, "adj_sorted": [[232, 226, 0], [232, 236, 0], [232, 216, 0]], "type": "T", "n_corners": 2}, "geometry": {"type": "Point", "coordinates": [19.022122700000004, 47.580488]}}, {"id": "282", "type": "Feature", "properties": {"x": 4998469.601037754, "y": 2760180.8550114697, "bearings": {"282_254_0": 147.720076348663, "282_284_0": -24.608453924856143, "282_292_0": 78.65036412605103}, "angles": {"282_284_0": 187.67146972648084, "282_292_0": 103.25881805090717, "282_254_0": 69.06971222261198}, "adj_sorted": [[282, 284, 0], [282, 292, 0], [282, 254, 0]], "type": "Y", "n_corners": 2}, "geometry": {"type": "Point", "coordinates": [19.025586099999998, 47.58272700000005]}}, {"id": "236", "type": "Feature", "properties": {"x": 4998265.697660264, "y": 2759965.324609189, "bearings": {"236_254_0": 68.36606643852178, "236_232_0": -111.63454168639136, "236_252_0": -21.849802533472545}, "angles": {"236_232_0": 179.99939187508687, "236_252_0": 89.78473915291882, "236_254_0": 90.21586897199433}, "adj_sorted": [[236, 232, 0], [236, 252, 0], [236, 254, 0]], "type": "T", "n_corners": 2}, "geometry": {"type": "Point", "coordinates": [19.022555, 47.58102710000006]}}, {"id": "457", "type": "Feature", "properties": {"x": 4999191.874387007, "y": 2760212.47558346, "bearings": {"457_426_0": 157.32265474193403, "457_460_0": -42.88324708677838, "457_485_0": 36.13099223245556}, "angles": {"457_460_0": 159.7940981712876, "457_485_0": 79.01423931923395, "457_426_0": 121.19166250947848}, "adj_sorted": [[457, 460, 0], [457, 485, 0], [457, 426, 0]], "type": "Y", "n_corners": 3}, "geometry": {"type": "Point", "coordinates": [19.035174, 47.58221730000002]}}, {"id": "439", "type": "Feature", "properties": {"x": 4999120.645464436, "y": 2760194.934100023, "bearings": {"439_426_0": 131.568059002433, "439_460_0": -44.85275275338617, "439_418_0": -122.43714603583953}, "angles": {"439_418_0": 105.99479496172748, "439_460_0": 77.58439328245336, "439_426_0": 176.42081175581916}, "adj_sorted": [[439, 418, 0], [439, 460, 0], [439, 426, 0]], "type": "T", "n_corners": 2}, "geometry": {"type": "Point", "coordinates": [19.034205799999995, 47.58213890000004]}}, {"id": "328", "type": "Feature", "properties": {"x": 4998664.845535805, "y": 2760104.4691531593, "bearings": {"328_320_0": 169.29446045334313, "328_335_0": 79.89729492690486, "328_348_0": -12.484497293661807}, "angles": {"328_348_0": 178.22104225299506, "328_335_0": 92.38179222056667, "328_320_0": 89.39716552643827}, "adj_sorted": [[328, 348, 0], [328, 335, 0], [328, 320, 0]], "type": "T", "n_corners": 2}, "geometry": {"type": "Point", "coordinates": [19.02804449999999, 47.581831400000006]}}, {"id": "320", "type": "Feature", "properties": {"x": 4998608.899168402, "y": 2760115.0459313267, "bearings": {"320_317_0": -109.4406415316307, "320_328_0": -10.705539546656865, "320_305_0": 163.41416395997592}, "angles": {"320_317_0": 87.14519450839339, "320_328_0": 98.73510198497384, "320_305_0": 174.1197035066328}, "adj_sorted": [[320, 317, 0], [320, 328, 0], [320, 305, 0]], "type": "T", "n_corners": 2}, "geometry": {"type": "Point", "coordinates": [19.027322300000005, 47.58198710000002]}}, {"id": "335", "type": "Feature", "properties": {"x": 4998703.983103936, "y": 2760324.1261386652, "bearings": {"335_328_0": -100.10270507309514, "335_318_0": 167.10313436601007, "335_359_0": -12.1612660777774}, "angles": {"335_328_0": 92.7941605608948, "335_359_0": 87.94143899531774, "335_318_0": 179.26440044378748}, "adj_sorted": [[335, 328, 0], [335, 359, 0], [335, 318, 0]], "type": "T", "n_corners": 2}, "geometry": {"type": "Point", "coordinates": [19.028906399999993, 47.5837486]}}, {"id": "348", "type": "Feature", "properties": {"x": 4998761.498085511, "y": 2760073.3651317013, "bearings": {"348_328_0": 152.1641049458903, "348_369_0": -27.500110699013973, "348_359_0": 80.3748518599643}, "angles": {"348_369_0": 180.3357843550957, "348_359_0": 107.87496255897827, "348_328_0": 71.789253085926}, "adj_sorted": [[348, 369, 0], [348, 359, 0], [348, 328, 0]], "type": "T", "n_corners": 2}, "geometry": {"type": "Point", "coordinates": [19.029272000000002, 47.58144790000004]}}, {"id": "305", "type": "Feature", "properties": {"x": 4998564.409872524, "y": 2760131.355954147, "bearings": {"305_320_0": -27.77825189760186, "305_318_0": 63.99239768009683, "305_284_0": 149.11910249169526}, "angles": {"305_320_0": 183.1026456107029, "305_318_0": 91.77064957769869, "305_284_0": 85.12670481159843}, "adj_sorted": [[305, 320, 0], [305, 318, 0], [305, 284, 0]], "type": "T", "n_corners": 2}, "geometry": {"type": "Point", "coordinates": [19.026760399999997, 47.58218140000002]}}, {"id": "318", "type": "Feature", "properties": {"x": 4998604.407656437, "y": 2760346.9262276413, "bearings": {"318_335_0": -12.896865633989918, "318_305_0": -99.97625440832282, "318_292_0": 167.46361105222678}, "angles": {"318_305_0": 92.56013453945042, "318_335_0": 87.0793887743329, "318_292_0": 180.3604766862167}, "adj_sorted": [[318, 305, 0], [318, 335, 0], [318, 292, 0]], "type": "T", "n_corners": 2}, "geometry": {"type": "Point", "coordinates": [19.027627199999994, 47.58406120000002]}}, {"id": "284", "type": "Feature", "properties": {"x": 4998475.871698616, "y": 2760177.9829595312, "bearings": {"284_282_0": 155.39154607514388, "284_305_0": -25.259341326107158, "284_256_0": -115.96146601322958}, "angles": {"284_256_0": 88.64698791162652, "284_305_0": 90.70212468712242, "284_282_0": 180.65088740125103}, "adj_sorted": [[284, 256, 0], [284, 305, 0], [284, 282, 0]], "type": "T", "n_corners": 2}, "geometry": {"type": "Point", "coordinates": [19.02566439999999, 47.58269450000004]}}, {"id": "359", "type": "Feature", "properties": {"x": 4998800.4971143985, "y": 2760303.327357825, "bearings": {"359_335_0": 167.83873392222262, "359_348_0": -99.6251481400357, "359_377_0": -11.926109321169374}, "angles": {"359_348_0": 92.53611793774166, "359_377_0": 87.69903881886633, "359_335_0": 179.764843243392}, "adj_sorted": [[359, 348, 0], [359, 377, 0], [359, 335, 0]], "type": "T", "n_corners": 2}, "geometry": {"type": "Point", "coordinates": [19.030148299999993, 47.583457200000026]}}, {"id": "369", "type": "Feature", "properties": {"x": 4998851.85990195, "y": 2760018.2587751863, "bearings": {"369_348_0": 140.82508680324662, "369_418_0": -42.92507461020876, "369_377_0": 78.94811016423756}, "angles": {"369_418_0": 176.24983858654463, "369_377_0": 121.87318477444632, "369_348_0": 61.87697663900906}, "adj_sorted": [[369, 418, 0], [369, 377, 0], [369, 348, 0]], "type": "T", "n_corners": 2}, "geometry": {"type": "Point", "coordinates": [19.030378700000004, 47.580857100000024]}}, {"id": "275", "type": "Feature", "properties": {"x": 4998446.5284444345, "y": 2759986.169248191, "bearings": {"275_297_0": -17.481016559671488, "275_264_0": -117.22409994652497, "275_256_0": 162.97738179960496}, "angles": {"275_264_0": 79.79851825387004, "275_297_0": 99.74308338685348, "275_256_0": 180.45839835927643}, "adj_sorted": [[275, 264, 0], [275, 297, 0], [275, 256, 0]], "type": "T", "n_corners": 2}, "geometry": {"type": "Point", "coordinates": [19.024975699999995, 47.581015000000065]}}, {"id": "292", "type": "Feature", "properties": {"x": 4998507.270455587, "y": 2760368.525760344, "bearings": {"292_282_0": -101.34963587394898, "292_318_0": -12.536388947773228, "292_270_0": 164.6157498854997}, "angles": {"292_282_0": 94.03461424055132, "292_318_0": 88.81324692617575, "292_270_0": 177.15213883327291}, "adj_sorted": [[292, 282, 0], [292, 318, 0], [292, 270, 0]], "type": "T", "n_corners": 2}, "geometry": {"type": "Point", "coordinates": [19.026378299999998, 47.58436040000006]}}, {"id": "256", "type": "Feature", "properties": {"x": 4998393.781355543, "y": 2760002.318423232, "bearings": {"256_284_0": 66.09618193520494, "256_275_0": -17.02261820039505, "256_252_0": -112.67530263470687}, "angles": {"256_252_0": 181.22851543008818, "256_275_0": 95.65268443431182, "256_284_0": 83.1188001356}, "adj_sorted": [[256, 252, 0], [256, 275, 0], [256, 284, 0]], "type": "T", "n_corners": 2}, "geometry": {"type": "Point", "coordinates": [19.0243045, 47.58121690000002]}}, {"id": "477", "type": "Feature", "properties": {"x": 4999278.135900918, "y": 2759971.6271358025, "bearings": {"477_521_0": 65.03012529352428, "477_456_0": -119.33064077608414, "477_537_0": -25.100565310092787}, "angles": {"477_456_0": 175.63923393039158, "477_537_0": 94.23007546599135, "477_521_0": 90.13069060361707}, "adj_sorted": [[477, 456, 0], [477, 537, 0], [477, 521, 0]], "type": "T", "n_corners": 2}, "geometry": {"type": "Point", "coordinates": [19.035934499999996, 47.57997350000001]}}, {"id": "451", "type": "Feature", "properties": {"x": 4999176.8084955, "y": 2759894.7336028162, "bearings": {"451_456_0": -49.47380138862456, "451_460_0": 74.09711778952116, "451_418_0": 147.31238767110327}, "angles": {"451_456_0": 163.21381094027217, "451_460_0": 123.57091917814572, "451_418_0": 73.2152698815821}, "adj_sorted": [[451, 456, 0], [451, 460, 0], [451, 418, 0]], "type": "Y", "n_corners": 3}, "geometry": {"type": "Point", "coordinates": [19.034475600000004, 47.57939850000004]}}, {"id": "252", "type": "Feature", "properties": {"x": 4998362.048156627, "y": 2759926.365824719, "bearings": {"252_264_0": -11.021642040675761, "252_236_0": 157.98018116274423, "252_256_0": 67.32469736529312}, "angles": {"252_264_0": 190.99817679658, "252_256_0": 78.34633940596888, "252_236_0": 90.65548379745111}, "adj_sorted": [[252, 264, 0], [252, 256, 0], [252, 236, 0]], "type": "T", "n_corners": 2}, "geometry": {"type": "Point", "coordinates": [19.0237662, 47.580573900000005]}}, {"id": "460", "type": "Feature", "properties": {"x": 4999205.528252965, "y": 2760021.2444054987, "bearings": {"460_457_0": 86.74166710680035, "460_439_0": 134.87456347825054, "460_451_0": -102.64690921496451}, "angles": {"460_451_0": 122.47852730678494, "460_457_0": 189.38857632176484, "460_439_0": 48.13289637145019}, "adj_sorted": [[460, 451, 0], [460, 457, 0], [460, 439, 0]], "type": "Y", "n_corners": 2}, "geometry": {"type": "Point", "coordinates": [19.0350537, 47.58049590000003]}}, {"id": "418", "type": "Feature", "properties": {"x": 4999066.8059492335, "y": 2759930.2307475065, "bearings": {"418_439_0": 79.45191964803563, "418_369_0": 167.59048571150146, "418_451_0": -13.570405809324976}, "angles": {"418_451_0": 178.83910847917358, "418_439_0": 93.02232545736061, "418_369_0": 88.13856606346583}, "adj_sorted": [[418, 451, 0], [418, 439, 0], [418, 369, 0]], "type": "T", "n_corners": 2}, "geometry": {"type": "Point", "coordinates": [19.033078799999995, 47.57983590000003]}}, {"id": "537", "type": "Feature", "properties": {"x": 4999439.217895523, "y": 2759894.6747343065, "bearings": {"537_477_0": 173.25943159824521, "537_793_0": 1.196336287078334, "537_554_0": 57.33037245510265}, "angles": {"537_793_0": 187.93690468883312, "537_554_0": 56.134036168024316, "537_477_0": 115.92905914314257}, "adj_sorted": [[537, 793, 0], [537, 554, 0], [537, 477, 0]], "type": "Y", "n_corners": 2}, "geometry": {"type": "Point", "coordinates": [19.037940599999995, 47.57911010000001]}}, {"id": "552", "type": "Feature", "properties": {"x": 4999469.092531772, "y": 2760083.3023352046, "bearings": {"552_521_0": 148.6047498287816, "552_587_0": -29.038110483625033, "552_524_0": -128.09675463910045}, "angles": {"552_524_0": 83.29849553211795, "552_587_0": 99.05864415547542, "552_521_0": 177.64286031240664}, "adj_sorted": [[552, 524, 0], [552, 587, 0], [552, 521, 0]], "type": "T", "n_corners": 2}, "geometry": {"type": "Point", "coordinates": [19.038631699999996, 47.58076050000001]}}, {"id": "793", "type": "Feature", "properties": {"x": 4999984.87110597, "y": 2759941.771912702, "bearings": {"793_537_0": -178.62810414910416, "793_750_0": 122.22726591177643, "793_876_0": -6.079196117181995}, "angles": {"793_537_0": 59.1446299391194, "793_876_0": 172.54890803192217, "793_750_0": 128.30646202895844}, "adj_sorted": [[793, 537, 0], [793, 876, 0], [793, 750, 0]], "type": "Y", "n_corners": 2}, "geometry": {"type": "Point", "coordinates": [19.045219899999992, 47.57893140000005]}}, {"id": "554", "type": "Feature", "properties": {"x": 4999477.264734972, "y": 2759954.00793827, "bearings": {"554_537_0": -122.66962754489737, "554_587_0": 54.720669536764504, "554_524_0": 148.7469378795903}, "angles": {"554_537_0": 88.58343457551234, "554_587_0": 177.39029708166186, "554_524_0": 94.02626834282579}, "adj_sorted": [[554, 537, 0], [554, 587, 0], [554, 524, 0]], "type": "T", "n_corners": 2}, "geometry": {"type": "Point", "coordinates": [19.038536300000004, 47.579597800000045]}}, {"id": "377", "type": "Feature", "properties": {"x": 4998898.313168746, "y": 2760282.667724008, "bearings": {"377_359_0": 168.07389067883062, "377_369_0": -99.93858720257313, "377_393_0": -9.309540409974945}, "angles": {"377_369_0": 91.98752211859625, "377_393_0": 90.62904679259819, "377_359_0": 177.38343108880557}, "adj_sorted": [[377, 369, 0], [377, 393, 0], [377, 359, 0]], "type": "T", "n_corners": 2}, "geometry": {"type": "Point", "coordinates": [19.031407599999998, 47.58316560000004]}}, {"id": "888", "type": "Feature", "properties": {"x": 5000130.36586396, "y": 2758927.3807791416, "bearings": {"888_893_0": -89.42539606232474, "888_978_0": -37.154327823240685, "888_887_0": 90.24432171925646, "888_812_0": 141.7001058767071}, "angles": {"888_893_0": 128.87449806096816, "888_978_0": 52.27106823908405, "888_887_0": 127.39864954249714, "888_812_0": 51.45578415745065}, "adj_sorted": [[888, 893, 0], [888, 978, 0], [888, 887, 0], [888, 812, 0]], "type": "X", "n_corners": 4}, "geometry": {"type": "Point", "coordinates": [19.045544900000003, 47.569720000000025]}}, {"id": "887", "type": "Feature", "properties": {"x": 5000129.946169895, "y": 2759025.8024542155, "bearings": {"887_978_0": 0.1869465929686621, "887_888_0": -89.75567828074355, "887_886_0": 90.54170114339601, "887_811_0": -179.80758404325934}, "angles": {"887_811_0": 89.65071481334462, "887_888_0": 90.05190576251579, "887_978_0": 89.94262487371222, "887_886_0": 90.35475455042734}, "adj_sorted": [[887, 811, 0], [887, 888, 0], [887, 978, 0], [887, 886, 0]], "type": "X", "n_corners": 4}, "geometry": {"type": "Point", "coordinates": [19.045694199999996, 47.5705987]}}, {"id": "812", "type": "Feature", "properties": {"x": 5000008.502409258, "y": 2759023.6223708275, "bearings": {"812_888_0": -38.29989412329289, "812_819_0": -88.36162343821782, "812_811_0": 91.34918351874504}, "angles": {"812_819_0": 180.28919304303713, "812_888_0": 50.06172931492493, "812_811_0": 129.64907764203792}, "adj_sorted": [[812, 819, 0], [812, 888, 0], [812, 811, 0]], "type": "Y", "n_corners": 2}, "geometry": {"type": "Point", "coordinates": [19.0440874, 47.570712600000036]}}, {"id": "819", "type": "Feature", "properties": {"x": 5000014.558905563, "y": 2758811.8779534404, "bearings": {"819_893_0": -3.577597354209016, "819_812_0": 91.6383765617822, "819_1082_0": 178.51900935546942}, "angles": {"819_893_0": 177.90339329032156, "819_812_0": 95.21597391599121, "819_1082_0": 86.88063279368723}, "adj_sorted": [[819, 893, 0], [819, 812, 0], [819, 1082, 0]], "type": "T", "n_corners": 2}, "geometry": {"type": "Point", "coordinates": [19.0438343, 47.568816500000004]}}, {"id": "886", "type": "Feature", "properties": {"x": 5000128.577500034, "y": 2759186.0805861466, "bearings": {"886_887_0": -86.44114742408382, "886_883_0": 89.56914877870958, "886_808_0": 179.155163030062}, "angles": {"886_887_0": 94.40368954585415, "886_883_0": 176.0102962027934, "886_808_0": 89.58601425135242}, "adj_sorted": [[886, 887, 0], [886, 883, 0], [886, 808, 0]], "type": "T", "n_corners": 2}, "geometry": {"type": "Point", "coordinates": [19.045928299999996, 47.57203040000001]}}, {"id": "811", "type": "Feature", "properties": {"x": 5000008.39977003, "y": 2759027.9803454885, "bearings": {"811_887_0": 0.5730067540838119, "811_812_0": -88.65081648125498, "811_808_0": 91.38038145975925}, "angles": {"811_812_0": 179.96880205898577, "811_887_0": 89.22382323533878, "811_808_0": 90.80737470567544}, "adj_sorted": [[811, 812, 0], [811, 887, 0], [811, 808, 0]], "type": "T", "n_corners": 2}, "geometry": {"type": "Point", "coordinates": [19.0440929, 47.57075160000004]}}, {"id": "883", "type": "Feature", "properties": {"x": 5000128.078249175, "y": 2759346.488333593, "bearings": {"883_886_0": -89.06719141850868, "883_882_0": 90.01683320261104, "883_1005_0": 1.391061704596696}, "angles": {"883_886_0": 180.91597537888026, "883_1005_0": 90.45825312310538, "883_882_0": 88.62577149801434}, "adj_sorted": [[883, 886, 0], [883, 1005, 0], [883, 882, 0]], "type": "T", "n_corners": 2}, "geometry": {"type": "Point", "coordinates": [19.0461741, 47.57346230000002]}}, {"id": "808", "type": "Feature", "properties": {"x": 5000004.574023374, "y": 2759186.9134665453, "bearings": {"808_886_0": -0.24323371980124317, "808_811_0": -88.62453722862871, "808_818_0": 92.90924189955359}, "angles": {"808_811_0": 178.4662208718177, "808_886_0": 88.38130350882747, "808_818_0": 93.15247561935483}, "adj_sorted": [[808, 811, 0], [808, 886, 0], [808, 818, 0]], "type": "T", "n_corners": 2}, "geometry": {"type": "Point", "coordinates": [19.044292400000007, 47.57217400000003]}}, {"id": "882", "type": "Feature", "properties": {"x": 5000128.070818312, "y": 2759371.781031489, "bearings": {"882_883_0": -89.98316679738896, "882_879_0": 90.31287253131507, "882_1003_0": 1.1143772552627613}, "angles": {"882_883_0": 179.703960671296, "882_1003_0": 91.09754405265173, "882_879_0": 89.1984952760523}, "adj_sorted": [[882, 883, 0], [882, 1003, 0], [882, 879, 0]], "type": "T", "n_corners": 2}, "geometry": {"type": "Point", "coordinates": [19.0462138, 47.573688000000004]}}, {"id": "818", "type": "Feature", "properties": {"x": 5000014.390719883, "y": 2759347.1557013495, "bearings": {"818_808_0": -95.19863096358868, "818_879_0": 82.62461382686277, "818_844_0": -7.526383966307387}, "angles": {"818_808_0": 182.17675520954856, "818_844_0": 87.67224699728129, "818_879_0": 90.15099779317016}, "adj_sorted": [[818, 808, 0], [818, 844, 0], [818, 879, 0]], "type": "T", "n_corners": 2}, "geometry": {"type": "Point", "coordinates": [19.044674099999998, 47.57359310000001]}}, {"id": "879", "type": "Feature", "properties": {"x": 5000127.17904586, "y": 2759535.0880808416, "bearings": {"879_882_0": -89.68712746868495, "879_818_0": -178.67920021171122, "879_880_0": 89.55440364544927, "879_998_0": 0.8912453115357034}, "angles": {"879_818_0": 91.76639614283954, "879_882_0": 88.99207274302627, "879_998_0": 90.57837278022065, "879_880_0": 88.66315833391357}, "adj_sorted": [[879, 818, 0], [879, 882, 0], [879, 998, 0], [879, 880, 0]], "type": "X", "n_corners": 4}, "geometry": {"type": "Point", "coordinates": [19.04645899999999, 47.575146200000034]}}, {"id": "880", "type": "Feature", "properties": {"x": 5000127.188513969, "y": 2759684.7219408313, "bearings": {"880_879_0": -89.90542418592884, "880_876_0": 90.82069345423913, "880_996_0": 1.782404914803672}, "angles": {"880_879_0": 179.27388235983204, "880_996_0": 91.68782910073251, "880_876_0": 89.03828853943546}, "adj_sorted": [[880, 879, 0], [880, 996, 0], [880, 876, 0]], "type": "T", "n_corners": 2}, "geometry": {"type": "Point", "coordinates": [19.046694599999995, 47.5764814]}}, {"id": "876", "type": "Feature", "properties": {"x": 5000123.738330521, "y": 2759925.130966369, "bearings": {"876_793_0": 171.32347155631288, "876_880_0": -85.90071743386976, "876_791_0": 124.84167228174391, "876_842_0": -6.196895106096406}, "angles": {"876_880_0": 102.77581100981735, "876_842_0": 79.70382232777335, "876_791_0": 131.03856738784032, "876_793_0": 46.48179927456897}, "adj_sorted": [[876, 880, 0], [876, 842, 0], [876, 791, 0], [876, 793, 0]], "type": "other", "n_corners": 4}, "geometry": {"type": "Point", "coordinates": [19.0470274, 47.57863040000001]}}, {"id": "791", "type": "Feature", "properties": {"x": 4999981.869845439, "y": 2760128.936504556, "bearings": {"791_876_0": -55.15832771825609, "791_750_0": -148.83395985099557, "791_842_0": 32.11913312585825, "791_720_0": 124.29697478642632}, "angles": {"791_750_0": 86.86906536257811, "791_876_0": 93.67563213273948, "791_842_0": 87.27746084411433, "791_720_0": 92.17784166056808}, "adj_sorted": [[791, 750, 0], [791, 876, 0], [791, 842, 0], [791, 720, 0]], "type": "X", "n_corners": 4}, "geometry": {"type": "Point", "coordinates": [19.045474800000004, 47.580604800000046]}}, {"id": "842", "type": "Feature", "properties": {"x": 5000060.717757812, "y": 2760178.436168836, "bearings": {"842_876_0": -53.144552982076604, "842_791_0": -147.83348735564388, "842_724_0": 126.48320753597471}, "angles": {"842_791_0": 85.68330510838143, "842_876_0": 94.68893437356728, "842_724_0": 179.62776051805133}, "adj_sorted": [[842, 791, 0], [842, 876, 0], [842, 724, 0]], "type": "T", "n_corners": 2}, "geometry": {"type": "Point", "coordinates": [19.046593899999998, 47.58095990000005]}}, {"id": "1377", "type": "Feature", "properties": {"x": 5000961.327414382, "y": 2758729.3169578733, "bearings": {"1377_1399_0": -0.9139354153631835, "1377_1378_0": -90.68195847104387, "1377_1370_0": 179.08835100780868}, "angles": {"1377_1378_0": 90.22969052114746, "1377_1399_0": 89.76802305568069, "1377_1370_0": 180.00228642317185}, "adj_sorted": [[1377, 1378, 0], [1377, 1399, 0], [1377, 1370, 0]], "type": "T", "n_corners": 2}, "geometry": {"type": "Point", "coordinates": [19.0562034, 47.56703960000003]}}, {"id": "1191", "type": "Feature", "properties": {"x": 5000584.562865341, "y": 2758995.791506582, "bearings": {"1191_1200_0": 1.2371368510334881, "1191_1161_0": 152.86788049461433, "1191_1161_1": -88.97999184065908}, "angles": {"1191_1161_1": 118.1521276647266, "1191_1200_0": 90.21712869169257, "1191_1161_0": 151.63074364358084}, "adj_sorted": [[1191, 1161, 1], [1191, 1200, 0], [1191, 1161, 0]], "type": "Y", "n_corners": 3}, "geometry": {"type": "Point", "coordinates": [19.05164899999999, 47.56983150000001]}}, {"id": "1208", "type": "Feature", "properties": {"x": 5000634.221937684, "y": 2759016.364078349, "bearings": {"1208_1200_0": -124.59864504676273, "1208_1186_0": 137.5305327367647, "1208_1239_0": 55.41257255081858}, "angles": {"1208_1200_0": 97.87082221647256, "1208_1239_0": 180.01121759758132, "1208_1186_0": 82.11796018594613}, "adj_sorted": [[1208, 1200, 0], [1208, 1239, 0], [1208, 1186, 0]], "type": "T", "n_corners": 2}, "geometry": {"type": "Point", "coordinates": [19.052337000000005, 47.569960500000015]}}, {"id": "1154", "type": "Feature", "properties": {"x": 5000535.5343891, "y": 2759056.1318821497, "bearings": {"1154_1143_0": 174.72937530104565, "1154_1161_0": -8.24231477283008, "1154_1186_0": 85.70130562380058}, "angles": {"1154_1161_0": 177.02830992612428, "1154_1186_0": 93.94362039663066, "1154_1143_0": 89.02806967724507}, "adj_sorted": [[1154, 1161, 0], [1154, 1186, 0], [1154, 1143, 0]], "type": "T", "n_corners": 2}, "geometry": {"type": "Point", "coordinates": [19.051096700000002, 47.57042380000004]}}, {"id": "1161", "type": "Feature", "properties": {"x": 5000545.068570859, "y": 2759054.750797289, "bearings": {"1161_1191_0": -5.039687799766031, "1161_1191_1": -88.46210773057803, "1161_1154_0": 171.75768522716993}, "angles": {"1161_1191_1": 99.78020704225207, "1161_1191_0": 83.422419930812, "1161_1154_0": 176.79737302693596}, "adj_sorted": [[1161, 1191, 1], [1161, 1191, 0], [1161, 1154, 0]], "type": "T", "n_corners": 2}, "geometry": {"type": "Point", "coordinates": [19.0512204, 47.57040100000004]}}, {"id": "1186", "type": "Feature", "properties": {"x": 5000561.223865541, "y": 2759125.3933247905, "bearings": {"1186_1198_0": 33.13267957914079, "1186_1208_0": -51.516535825665436, "1186_1154_0": -150.89444003716372}, "angles": {"1186_1154_0": 175.9728803836955, "1186_1208_0": 99.37790421149828, "1186_1198_0": 84.64921540480623}, "adj_sorted": [[1186, 1154, 0], [1186, 1208, 0], [1186, 1198, 0]], "type": "T", "n_corners": 2}, "geometry": {"type": "Point", "coordinates": [19.051544900000003, 47.5710136]}}, {"id": "1239", "type": "Feature", "properties": {"x": 5000686.750424037, "y": 2759056.6336181653, "bearings": {"1239_1198_0": 131.81263019423514, "1239_1208_0": -148.45098999969713, "1239_1275_0": 31.31262330831548}, "angles": {"1239_1208_0": 79.7363798060677, "1239_1275_0": 179.76361330801262, "1239_1198_0": 100.50000688591966}, "adj_sorted": [[1239, 1208, 0], [1239, 1275, 0], [1239, 1198, 0]], "type": "T", "n_corners": 2}, "geometry": {"type": "Point", "coordinates": [19.053093899999997, 47.57026210000002]}}, {"id": "1275", "type": "Feature", "properties": {"x": 5000735.642411435, "y": 2759082.234288642, "bearings": {"1275_1297_0": 47.68515834363681, "1275_1237_0": 146.98770196272022, "1275_1239_0": -132.44987626812588}, "angles": {"1275_1239_0": 80.5624217691539, "1275_1297_0": 180.13503461176268, "1275_1237_0": 99.30254361908342}, "adj_sorted": [[1275, 1239, 0], [1275, 1297, 0], [1275, 1237, 0]], "type": "T", "n_corners": 2}, "geometry": {"type": "Point", "coordinates": [19.05377969999999, 47.57043680000003]}}, {"id": "1370", "type": "Feature", "properties": {"x": 5000946.505463543, "y": 2758729.552813936, "bearings": {"1370_1371_0": 89.60271258618391, "1370_1340_0": 179.0855081865127, "1370_1377_0": -0.9116489921913249}, "angles": {"1370_1377_0": 180.00284282129599, "1370_1371_0": 90.51436157837524, "1370_1340_0": 89.48279560032879}, "adj_sorted": [[1370, 1377, 0], [1370, 1371, 0], [1370, 1340, 0]], "type": "T", "n_corners": 2}, "geometry": {"type": "Point", "coordinates": [19.056008100000003, 47.567058000000046]}}, {"id": "1121", "type": "Feature", "properties": {"x": 5000453.594151171, "y": 2760444.894250848, "bearings": {"1121_997_0": 179.39064058872765, "1121_1115_0": -93.57264347504335, "1121_1231_0": -4.809141240156613, "1121_1124_0": 85.7097683900706}, "angles": {"1121_1115_0": 87.03671593622903, "1121_1231_0": 88.76350223488674, "1121_1124_0": 90.5189096302272, "1121_997_0": 93.68087219865706}, "adj_sorted": [[1121, 1115, 0], [1121, 1231, 0], [1121, 1124, 0], [1121, 997, 0]], "type": "X", "n_corners": 4}, "geometry": {"type": "Point", "coordinates": [19.052201499999995, 47.58290590000004]}}, {"id": "1357", "type": "Feature", "properties": {"x": 5000919.536610833, "y": 2760474.7319117533, "bearings": {"1357_1412_0": -18.063466847602896, "1357_1361_0": -88.69776425224232, "1357_1356_0": 91.36008545688007}, "angles": {"1357_1361_0": 179.9421502908776, "1357_1412_0": 70.63429740463943, "1357_1356_0": 109.42355230448297}, "adj_sorted": [[1357, 1361, 0], [1357, 1412, 0], [1357, 1356, 0]], "type": "T", "n_corners": 2}, "geometry": {"type": "Point", "coordinates": [19.0584015, 47.58265990000002]}}, {"id": "1463", "type": "Feature", "properties": {"x": 5001148.330642841, "y": 2760401.533275945, "bearings": {"1463_1466_0": -89.74905632280951, "1463_1412_0": 177.4104731170295, "1463_1462_0": 90.3056975598991}, "angles": {"1463_1466_0": 92.84047056016095, "1463_1462_0": 180.0547538827086, "1463_1412_0": 87.10477555713041}, "adj_sorted": [[1463, 1466, 0], [1463, 1462, 0], [1463, 1412, 0]], "type": "T", "n_corners": 2}, "geometry": {"type": "Point", "coordinates": [19.061307399999997, 47.581755100000066]}}, {"id": "1124", "type": "Feature", "properties": {"x": 5000457.687664724, "y": 2760499.4606623086, "bearings": {"1124_1125_0": 83.99410944141813, "1124_1121_0": -94.29023160992942, "1124_993_0": 179.98596309706198}, "angles": {"1124_1121_0": 85.72380529300858, "1124_1125_0": 178.28434105134755, "1124_993_0": 95.99185365564385}, "adj_sorted": [[1124, 1121, 0], [1124, 1125, 0], [1124, 993, 0]], "type": "T", "n_corners": 2}, "geometry": {"type": "Point", "coordinates": [19.05234149999999, 47.583388300000074]}}, {"id": "1130", "type": "Feature", "properties": {"x": 5000471.934566407, "y": 2760645.5832713814, "bearings": {"1130_1128_0": -96.00521657805288, "1130_1133_0": 85.1054114048053, "1130_1146_0": 1.5538357495503317}, "angles": {"1130_1128_0": 178.88937201714182, "1130_1146_0": 97.55905232760321, "1130_1133_0": 83.55157565525496}, "adj_sorted": [[1130, 1128, 0], [1130, 1146, 0], [1130, 1133, 0]], "type": "T", "n_corners": 2}, "geometry": {"type": "Point", "coordinates": [19.0527598, 47.58467649999999]}}, {"id": "1126", "type": "Feature", "properties": {"x": 5000462.899622455, "y": 2760549.917437418, "bearings": {"1126_1128_0": 84.90487947312724, "1126_1125_0": -95.77443524193718, "1126_981_0": -179.3730428543009}, "angles": {"1126_981_0": 95.72207767257186, "1126_1125_0": 83.59860761236372, "1126_1128_0": 180.67931471506444}, "adj_sorted": [[1126, 981, 0], [1126, 1125, 0], [1126, 1128, 0]], "type": "T", "n_corners": 2}, "geometry": {"type": "Point", "coordinates": [19.0524898, 47.58383280000005]}}, {"id": "750", "type": "Feature", "properties": {"x": 4999896.984755816, "y": 2760077.5970080695, "bearings": {"750_793_0": -55.15312580218152, "750_791_0": 31.166040149004424, "750_648_0": -172.28974657504494, "750_676_0": 122.90982569448865}, "angles": {"750_648_0": 64.80042773046642, "750_793_0": 117.13662077286342, "750_791_0": 86.31916595118594, "750_676_0": 91.74378554548423}, "adj_sorted": [[750, 648, 0], [750, 793, 0], [750, 791, 0], [750, 676, 0]], "type": "other", "n_corners": 4}, "geometry": {"type": "Point", "coordinates": [19.044273100000005, 47.580239900000024]}}, {"id": "648", "type": "Feature", "properties": {"x": 4999714.618325559, "y": 2760052.9068663395, "bearings": {"648_750_0": 7.710253424955047, "648_664_0": 77.76817837339314, "648_621_0": -175.10190236044747}, "angles": {"648_621_0": 107.12991926615939, "648_750_0": 182.81215578540252, "648_664_0": 70.0579249484381}, "adj_sorted": [[648, 621, 0], [648, 750, 0], [648, 664, 0]], "type": "T", "n_corners": 2}, "geometry": {"type": "Point", "coordinates": [19.0418261, 47.58021980000002]}}, {"id": "676", "type": "Feature", "properties": {"x": 4999767.037083635, "y": 2760278.7494598627, "bearings": {"676_750_0": -57.37170019558182, "676_664_0": -108.63914220466052, "676_713_0": 29.730764182932454, "676_662_0": 93.45071440914502}, "angles": {"676_664_0": 157.91014338619448, "676_750_0": 51.26744200907869, "676_713_0": 87.10246437851427, "676_662_0": 63.71995022621257}, "adj_sorted": [[676, 664, 0], [676, 750, 0], [676, 713, 0], [676, 662, 0]], "type": "other", "n_corners": 4}, "geometry": {"type": "Point", "coordinates": [19.042873599999997, 47.58217750000004]}}, {"id": "664", "type": "Feature", "properties": {"x": 4999757.36722817, "y": 2760250.0808682023, "bearings": {"664_648_0": -102.2372008054679, "664_676_0": 71.36085779533948, "664_639_0": 172.46298810317725}, "angles": {"664_648_0": 85.29981109135485, "664_676_0": 173.59805860080738, "664_639_0": 101.10213030783777}, "adj_sorted": [[664, 648, 0], [664, 676, 0], [664, 639, 0]], "type": "T", "n_corners": 2}, "geometry": {"type": "Point", "coordinates": [19.0427008, 47.58193230000004]}}, {"id": "621", "type": "Feature", "properties": {"x": 4999645.120428491, "y": 2760046.946500488, "bearings": {"621_648_0": 4.908841071579431, "621_639_0": 76.57222542802809, "621_587_0": -172.394809322473}, "angles": {"621_587_0": 111.03296524949889, "621_648_0": 177.30365039405245, "621_639_0": 71.66338435644866}, "adj_sorted": [[621, 587, 0], [621, 648, 0], [621, 639, 0]], "type": "T", "n_corners": 2}, "geometry": {"type": "Point", "coordinates": [19.040898999999992, 47.580242900000016]}}, {"id": "662", "type": "Feature", "properties": {"x": 4999754.30799522, "y": 2760405.1641757996, "bearings": {"662_676_0": -83.37375027281406, "662_724_0": 30.177440805717175, "662_638_0": 170.42195401934285, "662_655_0": 97.83770355679293}, "angles": {"662_676_0": 106.20429570784307, "662_724_0": 113.55119107853125, "662_655_0": 67.66026275107575, "662_638_0": 72.58425046254992}, "adj_sorted": [[662, 676, 0], [662, 724, 0], [662, 655, 0], [662, 638, 0]], "type": "other", "n_corners": 4}, "geometry": {"type": "Point", "coordinates": [19.042904399999998, 47.58331950000002]}}, {"id": "724", "type": "Feature", "properties": {"x": 4999859.401368987, "y": 2760466.5870389016, "bearings": {"724_675_0": 115.99269339242508, "724_842_0": -60.41593400147753, "724_662_0": -149.60898044385092}, "angles": {"724_662_0": 94.398326163724, "724_842_0": 89.1930464423734, "724_675_0": 176.4086273939026}, "adj_sorted": [[724, 662, 0], [724, 842, 0], [724, 675, 0]], "type": "T", "n_corners": 2}, "geometry": {"type": "Point", "coordinates": [19.0443889, 47.58375220000003]}}, {"id": "639", "type": "Feature", "properties": {"x": 4999695.5700086625, "y": 2760258.2572415927, "bearings": {"639_664_0": -7.537011896822742, "639_621_0": -103.42777457197191, "639_614_0": 172.31428735478445}, "angles": {"639_621_0": 84.25793807324362, "639_664_0": 95.89076267514916, "639_614_0": 179.8512992516072}, "adj_sorted": [[639, 621, 0], [639, 664, 0], [639, 614, 0]], "type": "T", "n_corners": 2}, "geometry": {"type": "Point", "coordinates": [19.04189759999999, 47.58207310000003]}}, {"id": "587", "type": "Feature", "properties": {"x": 4999545.421735389, "y": 2760040.92597192, "bearings": {"587_552_0": 150.96188951637498, "587_554_0": -129.68439360831854, "587_621_0": -23.180310296204237, "587_606_0": 58.9815324282642}, "angles": {"587_554_0": 79.35371687530647, "587_621_0": 106.5040833121143, "587_606_0": 82.16184272446844, "587_552_0": 91.98035708811078}, "adj_sorted": [[587, 554, 0], [587, 621, 0], [587, 606, 0], [587, 552, 0]], "type": "X", "n_corners": 4}, "geometry": {"type": "Point", "coordinates": [19.039573000000008, 47.58029860000003]}}, {"id": "638", "type": "Feature", "properties": {"x": 4999695.318758145, "y": 2760416.734034239, "bearings": {"638_662_0": -22.900084570986113, "638_655_0": 81.78227560940154, "638_614_0": -118.62827818144521, "638_626_0": 139.63823371580804}, "angles": {"638_614_0": 101.73348810274672, "638_662_0": 95.7281936104591, "638_655_0": 104.68236018038765, "638_626_0": 57.855958106406504}, "adj_sorted": [[638, 614, 0], [638, 662, 0], [638, 655, 0], [638, 626, 0]], "type": "X", "n_corners": 4}, "geometry": {"type": "Point", "coordinates": [19.042143599999996, 47.58348750000002]}}, {"id": "655", "type": "Feature", "properties": {"x": 4999743.332719963, "y": 2760488.0660595875, "bearings": {"655_675_0": 83.63700346426782, "655_662_0": -83.37413239155627, "655_638_0": -176.57538367439415}, "angles": {"655_638_0": 99.78761286133806, "655_662_0": 93.20125128283787, "655_675_0": 167.01113585582408}, "adj_sorted": [[655, 638, 0], [655, 662, 0], [655, 675, 0]], "type": "T", "n_corners": 2}, "geometry": {"type": "Point", "coordinates": [19.042889899999995, 47.584071300000026]}}, {"id": "614", "type": "Feature", "properties": {"x": 4999624.671742043, "y": 2760267.825061461, "bearings": {"614_639_0": -7.685712645215542, "614_638_0": 77.48617843463589, "614_606_0": -102.5075610885408}, "angles": {"614_606_0": 180.00626047682331, "614_639_0": 94.82184844332525, "614_638_0": 85.17189107985143}, "adj_sorted": [[614, 606, 0], [614, 639, 0], [614, 638, 0]], "type": "T", "n_corners": 2}, "geometry": {"type": "Point", "coordinates": [19.040976399999995, 47.58223630000002]}}, {"id": "606", "type": "Feature", "properties": {"x": 4999607.880462183, "y": 2760192.131765648, "bearings": {"606_587_0": -102.56945462892368, "606_614_0": 77.4924389114592, "606_571_0": 146.2784148217162}, "angles": {"606_587_0": 111.1521305493601, "606_614_0": 180.06189354038287, "606_571_0": 68.78597591025701}, "adj_sorted": [[606, 587, 0], [606, 614, 0], [606, 571, 0]], "type": "T", "n_corners": 2}, "geometry": {"type": "Point", "coordinates": [19.040635599999998, 47.58157930000004]}}, {"id": "524", "type": "Feature", "properties": {"x": 4999403.040770042, "y": 2759999.053573545, "bearings": {"524_552_0": 51.903245360899575, "524_554_0": -31.253062120409712, "524_502_0": 148.88549484388727}, "angles": {"524_554_0": 179.86144303570302, "524_552_0": 83.15630748130928, "524_502_0": 96.9822494829877}, "adj_sorted": [[524, 554, 0], [524, 552, 0], [524, 502, 0]], "type": "T", "n_corners": 2}, "geometry": {"type": "Point", "coordinates": [19.037627, 47.58008120000006]}}, {"id": "749", "type": "Feature", "properties": {"x": 4999896.16043949, "y": 2761503.7185396487, "bearings": {"749_775_0": 41.354011751186626, "749_707_0": -136.63242883879846, "749_786_0": -28.99302152368471, "749_725_0": 126.93784428794207}, "angles": {"749_707_0": 96.42972687325948, "749_786_0": 107.63940731511374, "749_775_0": 70.34703327487134, "749_725_0": 85.58383253675544}, "adj_sorted": [[749, 707, 0], [749, 786, 0], [749, 775, 0], [749, 725, 0]], "type": "other", "n_corners": 4}, "geometry": {"type": "Point", "coordinates": [19.0465069, 47.592966300000036]}}, {"id": "707", "type": "Feature", "properties": {"x": 4999822.4568140935, "y": 2761269.9498091945, "bearings": {"707_749_0": 74.53238250097274, "707_783_0": -15.902705058766154, "707_698_0": -103.31203308726712, "707_659_0": 165.0238664835204}, "angles": {"707_698_0": 91.66410042921245, "707_783_0": 87.40932802850097, "707_749_0": 90.4350875597389, "707_659_0": 90.49148398254766}, "adj_sorted": [[707, 698, 0], [707, 783, 0], [707, 749, 0], [707, 659, 0]], "type": "X", "n_corners": 4}, "geometry": {"type": "Point", "coordinates": [19.0451654, 47.59096130000001]}}, {"id": "786", "type": "Feature", "properties": {"x": 4999975.862998652, "y": 2761472.837409129, "bearings": {"786_836_0": -19.381628415691523, "786_749_0": 160.35357167933415, "786_814_0": 69.4281430727689, "786_751_0": -109.37812988597753}, "angles": {"786_751_0": 90.26829843468829, "786_836_0": 89.996501470286, "786_814_0": 88.80977148846043, "786_749_0": 90.92542860656525}, "adj_sorted": [[786, 751, 0], [786, 836, 0], [786, 814, 0], [786, 749, 0]], "type": "X", "n_corners": 4}, "geometry": {"type": "Point", "coordinates": [19.047511, 47.592603199999964]}}, {"id": "783", "type": "Feature", "properties": {"x": 4999973.408093622, "y": 2761227.5752639784, "bearings": {"783_764_0": -109.57093538136387, "783_836_0": 71.77220891186698, "783_707_0": 164.0578986672419}, "angles": {"783_764_0": 86.37116595139423, "783_836_0": 181.34314429323086, "783_707_0": 92.2856897553749}, "adj_sorted": [[783, 764, 0], [783, 836, 0], [783, 707, 0]], "type": "T", "n_corners": 2}, "geometry": {"type": "Point", "coordinates": [19.047092400000004, 47.59041740000005]}}, {"id": "698", "type": "Feature", "properties": {"x": 4999805.493354715, "y": 2761198.2565834452, "bearings": {"698_707_0": 76.68796691273289, "698_694_0": -104.95121151501392, "698_646_0": 163.2750889375812}, "angles": {"698_694_0": 91.77369954740487, "698_707_0": 181.6391784277468, "698_646_0": 86.5871220248483}, "adj_sorted": [[698, 694, 0], [698, 707, 0], [698, 646, 0]], "type": "T", "n_corners": 2}, "geometry": {"type": "Point", "coordinates": [19.044828499999994, 47.590340200000036]}}, {"id": "659", "type": "Feature", "properties": {"x": 4999746.737446175, "y": 2761292.1115138265, "bearings": {"659_707_0": -16.426158666608192, "659_644_0": 162.872049816196, "659_685_0": 74.96902604653357}, "angles": {"659_707_0": 180.7017915171958, "659_685_0": 91.39518471314176, "659_644_0": 87.90302376966244}, "adj_sorted": [[659, 707, 0], [659, 685, 0], [659, 644, 0]], "type": "T", "n_corners": 2}, "geometry": {"type": "Point", "coordinates": [19.04420019999999, 47.59124220000003]}}, {"id": "682", "type": "Feature", "properties": {"x": 4999776.738306312, "y": 2761819.51035926, "bearings": {"682_683_0": -88.55197190766863, "682_673_0": 92.44890887258958, "682_603_0": -177.07424536955074}, "angles": {"682_603_0": 90.47684575785968, "682_683_0": 88.52227346188211, "682_673_0": 181.00088078025823}, "adj_sorted": [[682, 603, 0], [682, 683, 0], [682, 673, 0]], "type": "T", "n_corners": 2}, "geometry": {"type": "Point", "coordinates": [19.045426699999997, 47.59591530000004]}}, {"id": "802", "type": "Feature", "properties": {"x": 4999996.009766028, "y": 2762054.278357665, "bearings": {"802_683_0": -87.0214675981817, "802_854_0": 2.39651331958173, "802_797_0": 93.21888396331549, "802_769_0": -176.30565767241856}, "angles": {"802_769_0": 90.47545836426593, "802_683_0": 89.28419007423686, "802_854_0": 89.41798091776343, "802_797_0": 90.82237064373376}, "adj_sorted": [[802, 769, 0], [802, 683, 0], [802, 854, 0], [802, 797, 0]], "type": "X", "n_corners": 4}, "geometry": {"type": "Point", "coordinates": [19.0486928, 47.59776930000006]}}, {"id": "694", "type": "Feature", "properties": {"x": 4999791.903112563, "y": 2761147.363803929, "bearings": {"694_764_0": -20.919923347816834, "694_698_0": 75.04878848498609, "694_684_0": -103.69849161020191}, "angles": {"694_684_0": 181.252719904812, "694_764_0": 82.77856826238508, "694_698_0": 95.96871183280292}, "adj_sorted": [[694, 684, 0], [694, 764, 0], [694, 698, 0]], "type": "T", "n_corners": 2}, "geometry": {"type": "Point", "coordinates": [19.044568899999998, 47.589901000000005]}}, {"id": "1420", "type": "Feature", "properties": {"x": 5001061.703971722, "y": 2761514.941475748, "bearings": {"1420_1414_0": -110.44302069100911, "1420_1398_0": 159.39847308312298, "1420_1423_0": 67.63909369904378}, "angles": {"1420_1414_0": 90.15850622586788, "1420_1423_0": 178.08211439005288, "1420_1398_0": 91.7593793840792}, "adj_sorted": [[1420, 1414, 0], [1420, 1423, 0], [1420, 1398, 0]], "type": "T", "n_corners": 2}, "geometry": {"type": "Point", "coordinates": [19.061919000000003, 47.59178520000003]}}, {"id": "1413", "type": "Feature", "properties": {"x": 5001035.313354334, "y": 2761624.992245592, "bearings": {"1413_1397_0": 161.70089936524164, "1413_1398_0": -112.33811108622142, "1413_1423_0": -12.823965963313052}, "angles": {"1413_1398_0": 85.96098954853693, "1413_1423_0": 99.51414512290836, "1413_1397_0": 174.52486532855468}, "adj_sorted": [[1413, 1398, 0], [1413, 1423, 0], [1413, 1397, 0]], "type": "T", "n_corners": 2}, "geometry": {"type": "Point", "coordinates": [19.061743999999997, 47.592796199999995]}}, {"id": "1453", "type": "Feature", "properties": {"x": 5001146.387908586, "y": 2761698.5578097287, "bearings": {"1453_1426_0": 174.96266625880907, "1453_1506_0": -5.429100148904881, "1453_1447_0": -95.59449366747818}, "angles": {"1453_1447_0": 89.44284007371277, "1453_1506_0": 90.1653935185733, "1453_1426_0": 180.39176640771396}, "adj_sorted": [[1453, 1447, 0], [1453, 1506, 0], [1453, 1426, 0]], "type": "T", "n_corners": 2}, "geometry": {"type": "Point", "coordinates": [19.063327099999995, 47.59333040000005]}}, {"id": "1423", "type": "Feature", "properties": {"x": 5001079.228494024, "y": 2761615.9722395767, "bearings": {"1423_1426_0": 84.26338291966734, "1423_1447_0": -6.048375184367615, "1423_1420_0": -95.96867164500186, "1423_1413_0": 170.45154036879316}, "angles": {"1423_1420_0": 93.57978798620496, "1423_1447_0": 89.92029646063425, "1423_1426_0": 90.31175810403495, "1423_1413_0": 86.18815744912582}, "adj_sorted": [[1423, 1420, 0], [1423, 1447, 0], [1423, 1426, 0], [1423, 1413, 0]], "type": "X", "n_corners": 4}, "geometry": {"type": "Point", "coordinates": [19.0623098, 47.592667400000046]}}, {"id": "646", "type": "Feature", "properties": {"x": 4999706.5344187245, "y": 2761222.7253471953, "bearings": {"646_698_0": -13.765287890982666, "646_644_0": 97.7023753709919, "646_652_0": -80.32030922384544}, "angles": {"646_652_0": 181.97731540516264, "646_698_0": 66.55502133286278, "646_644_0": 111.46766326197456}, "adj_sorted": [[646, 652, 0], [646, 698, 0], [646, 644, 0]], "type": "T", "n_corners": 2}, "geometry": {"type": "Point", "coordinates": [19.04356, 47.59066720000001]}}, {"id": "684", "type": "Feature", "properties": {"x": 4999777.135586385, "y": 2761086.7780452482, "bearings": {"684_694_0": 76.30150838979809, "684_677_0": -100.98488880134688, "684_652_0": 174.05589971201812}, "angles": {"684_677_0": 84.95921148663501, "684_694_0": 177.28639719114497, "684_652_0": 97.75439132222003}, "adj_sorted": [[684, 677, 0], [684, 694, 0], [684, 652, 0]], "type": "T", "n_corners": 2}, "geometry": {"type": "Point", "coordinates": [19.044278499999997, 47.589376600000044]}}, {"id": "677", "type": "Feature", "properties": {"x": 4999767.541704547, "y": 2761037.352209379, "bearings": {"677_580_0": 175.0462639006078, "677_684_0": 79.01511119865313, "677_667_0": -101.51935866057124}, "angles": {"677_667_0": 83.43437743882095, "677_684_0": 180.53446985922437, "677_580_0": 96.03115270195468}, "adj_sorted": [[677, 667, 0], [677, 684, 0], [677, 580, 0]], "type": "T", "n_corners": 2}, "geometry": {"type": "Point", "coordinates": [19.044074000000002, 47.5889461]}}, {"id": "652", "type": "Feature", "properties": {"x": 4999732.361769228, "y": 2761084.899512913, "bearings": {"652_646_0": 98.36862202328533, "652_684_0": 4.296908810867922, "652_612_0": -176.7794612869188}, "angles": {"652_612_0": 84.85191668979587, "652_684_0": 181.07637009778674, "652_646_0": 94.07171321241741}, "adj_sorted": [[652, 612, 0], [652, 684, 0], [652, 646, 0]], "type": "T", "n_corners": 2}, "geometry": {"type": "Point", "coordinates": [19.0436842, 47.58940899999999]}}, {"id": "644", "type": "Feature", "properties": {"x": 4999704.2467655195, "y": 2761305.2060471014, "bearings": {"644_659_0": -17.127950183804003, "644_646_0": -89.53237322666385, "644_640_0": 92.40496841268066}, "angles": {"644_646_0": 178.0626583606555, "644_659_0": 72.40442304285985, "644_640_0": 109.53291859648466}, "adj_sorted": [[644, 646, 0], [644, 659, 0], [644, 640, 0]], "type": "T", "n_corners": 2}, "geometry": {"type": "Point", "coordinates": [19.0436596, 47.591405700000024]}}, {"id": "667", "type": "Feature", "properties": {"x": 4999758.946179302, "y": 2760995.1767977583, "bearings": {"667_656_0": -101.64825492758023, "667_580_0": 174.31715237619812, "667_677_0": 78.48064133942876}, "angles": {"667_656_0": 84.03459269622164, "667_677_0": 180.128896267009, "667_580_0": 95.83651103676937}, "adj_sorted": [[667, 656, 0], [667, 677, 0], [667, 580, 0]], "type": "T", "n_corners": 2}, "geometry": {"type": "Point", "coordinates": [19.0438941, 47.588579200000034]}}, {"id": "612", "type": "Feature", "properties": {"x": 4999622.4258594625, "y": 2761078.713608834, "bearings": {"612_652_0": 3.2205387130812078, "612_615_0": 88.1791054385257, "612_563_0": -175.97979314009376}, "angles": {"612_563_0": 95.84110142138053, "612_652_0": 179.20033185317496, "612_615_0": 84.95856672544448}, "adj_sorted": [[612, 563, 0], [612, 652, 0], [612, 615, 0]], "type": "T", "n_corners": 2}, "geometry": {"type": "Point", "coordinates": [19.04222249999999, 47.589474500000044]}}, {"id": "543", "type": "Feature", "properties": {"x": 4999455.190863604, "y": 2760997.569303533, "bearings": {"543_555_0": -37.373402491047536, "543_526_0": 142.28537233964323, "543_541_0": 55.59010444915248}, "angles": {"543_555_0": 180.34122516930924, "543_541_0": 92.9635069402, "543_526_0": 86.69526789049075}, "adj_sorted": [[543, 555, 0], [543, 541, 0], [543, 526, 0]], "type": "T", "n_corners": 2}, "geometry": {"type": "Point", "coordinates": [19.039886100000004, 47.58893400000001]}}, {"id": "563", "type": "Feature", "properties": {"x": 4999496.408486381, "y": 2761069.8569539315, "bearings": {"563_555_0": -98.83628353227246, "563_612_0": 4.020206859906239, "563_573_0": 80.0447838393012}, "angles": {"563_555_0": 181.11893262842634, "563_612_0": 102.8564903921787, "563_573_0": 76.02457697939496}, "adj_sorted": [[563, 555, 0], [563, 612, 0], [563, 573, 0]], "type": "T", "n_corners": 2}, "geometry": {"type": "Point", "coordinates": [19.040544199999996, 47.589533800000005]}}, {"id": "640", "type": "Feature", "properties": {"x": 4999696.96218811, "y": 2761421.801815233, "bearings": {"640_644_0": -68.03741132417026, "640_615_0": 178.11940704221638, "640_593_0": 121.06639169950425}, "angles": {"640_644_0": 113.84318163361337, "640_593_0": 189.10380302367452, "640_615_0": 57.05301534271213}, "adj_sorted": [[640, 644, 0], [640, 593, 0], [640, 615, 0]], "type": "Y", "n_corners": 2}, "geometry": {"type": "Point", "coordinates": [19.043746899999995, 47.59245410000004]}}, {"id": "615", "type": "Feature", "properties": {"x": 4999627.224656201, "y": 2761424.0916004297, "bearings": {"615_612_0": -90.08495966085127, "615_640_0": -1.8805929577836324, "615_594_0": 177.79180469698335}, "angles": {"615_612_0": 92.12323564216535, "615_640_0": 88.20436670306763, "615_594_0": 179.67239765476697}, "adj_sorted": [[615, 612, 0], [615, 640, 0], [615, 594, 0]], "type": "T", "n_corners": 2}, "geometry": {"type": "Point", "coordinates": [19.0428294, 47.59255109999998]}}, {"id": "593", "type": "Feature", "properties": {"x": 4999558.372980437, "y": 2761632.516672765, "bearings": {"593_640_0": -59.73973330021397, "593_570_0": 98.63285884906335, "593_582_0": -157.6787139826382}, "angles": {"593_582_0": 103.68842716829846, "593_640_0": 97.93898068242422, "593_570_0": 158.37259214927732}, "adj_sorted": [[593, 582, 0], [593, 640, 0], [593, 570, 0]], "type": "Y", "n_corners": 3}, "geometry": {"type": "Point", "coordinates": [19.042247999999994, 47.59448650000002]}}, {"id": "594", "type": "Feature", "properties": {"x": 4999558.773016066, "y": 2761388.39260295, "bearings": {"594_615_0": 62.541566264632316, "594_573_0": -111.6724996787796, "594_586_0": 116.31461911273281}, "angles": {"594_573_0": 132.01288120848758, "594_615_0": 174.21406594341192, "594_586_0": 53.7730528481005}, "adj_sorted": [[594, 573, 0], [594, 615, 0], [594, 586, 0]], "type": "Y", "n_corners": 2}, "geometry": {"type": "Point", "coordinates": [19.0418691, 47.59230770000003]}}, {"id": "570", "type": "Feature", "properties": {"x": 4999510.139627757, "y": 2761698.093151819, "bearings": {"570_593_0": -20.685334515428472, "570_568_0": -107.59455038576485, "570_547_0": 159.84790610819982}, "angles": {"570_568_0": 92.55754350603536, "570_593_0": 86.90921587033637, "570_547_0": 180.5332406236283}, "adj_sorted": [[570, 568, 0], [570, 593, 0], [570, 547, 0]], "type": "T", "n_corners": 2}, "geometry": {"type": "Point", "coordinates": [19.041714099999993, 47.595124600000055]}}, {"id": "673", "type": "Feature", "properties": {"x": 4999764.997303409, "y": 2762013.1545693045, "bearings": {"673_682_0": -85.4643482785298, "673_649_0": 167.77780065635739, "673_671_0": 92.9763043063765}, "angles": {"673_682_0": 106.75785106511282, "673_671_0": 178.4406525849063, "673_649_0": 74.80149634998088}, "adj_sorted": [[673, 682, 0], [673, 671, 0], [673, 649, 0]], "type": "T", "n_corners": 2}, "geometry": {"type": "Point", "coordinates": [19.045576500000003, 47.597656100000044]}}, {"id": "603", "type": "Feature", "properties": {"x": 4999587.58812608, "y": 2761790.7874341924, "bearings": {"603_682_0": -4.843348855181012, "603_627_0": 49.21042021486873, "603_565_0": -138.15286076233133}, "angles": {"603_565_0": 172.63671902279992, "603_682_0": 133.30951190715032, "603_627_0": 54.053769070049746}, "adj_sorted": [[603, 565, 0], [603, 682, 0], [603, 627, 0]], "type": "Y", "n_corners": 2}, "geometry": {"type": "Point", "coordinates": [19.042882999999996, 47.59586670000002]}}, {"id": "797", "type": "Feature", "properties": {"x": 4999993.0227951035, "y": 2762107.3901627664, "bearings": {"797_802_0": -86.78111603668451, "797_765_0": 93.44569388015141, "797_837_0": 3.6648962947737704}, "angles": {"797_802_0": 179.77319008316408, "797_837_0": 90.44601233145828, "797_765_0": 89.78079758537764}, "adj_sorted": [[797, 802, 0], [797, 837, 0], [797, 765, 0]], "type": "T", "n_corners": 2}, "geometry": {"type": "Point", "coordinates": [19.048736999999992, 47.598246500000016]}}, {"id": "526", "type": "Feature", "properties": {"x": 4999411.362960185, "y": 2761028.6229937896, "bearings": {"526_484_0": -172.2000890316423, "526_543_0": -20.77216575060337, "526_500_0": 141.2630955588919}, "angles": {"526_484_0": 46.53681540946582, "526_543_0": 151.42792328103894, "526_500_0": 162.03526130949527}, "adj_sorted": [[526, 484, 0], [526, 543, 0], [526, 500, 0]], "type": "Y", "n_corners": 3}, "geometry": {"type": "Point", "coordinates": [19.039356099999996, 47.58925920000006]}}, {"id": "541", "type": "Feature", "properties": {"x": 4999453.268580711, "y": 2761093.038150063, "bearings": {"541_543_0": -86.6233677894086, "541_507_0": -175.69540588466302, "541_539_0": 93.86942108517748}, "angles": {"541_507_0": 90.43517303015949, "541_543_0": 89.07203809525441, "541_539_0": 180.4927888745861}, "adj_sorted": [[541, 507, 0], [541, 543, 0], [541, 539, 0]], "type": "T", "n_corners": 2}, "geometry": {"type": "Point", "coordinates": [19.040010899999995, 47.589788000000034]}}, {"id": "507", "type": "Feature", "properties": {"x": 4999353.455761619, "y": 2761085.525137965, "bearings": {"507_484_0": -95.52641331592243, "507_541_0": 4.304594115336973, "507_503_0": 94.89727643672957}, "angles": {"507_484_0": 169.576310247348, "507_541_0": 99.8310074312594, "507_503_0": 90.5926823213926}, "adj_sorted": [[507, 484, 0], [507, 541, 0], [507, 503, 0]], "type": "T", "n_corners": 2}, "geometry": {"type": "Point", "coordinates": [19.038680799999998, 47.58983050000004]}}, {"id": "539", "type": "Feature", "properties": {"x": 4999448.41387853, "y": 2761164.8139886986, "bearings": {"539_541_0": -86.13057891482254, "539_573_0": 4.717621780001171, "539_538_0": 95.11708547238511, "539_511_0": -175.50504088858887}, "angles": {"539_511_0": 89.377873639026, "539_541_0": 89.37446197376633, "539_573_0": 90.8482006948237, "539_538_0": 90.39946369238395}, "adj_sorted": [[539, 511, 0], [539, 541, 0], [539, 573, 0], [539, 538, 0]], "type": "X", "n_corners": 4}, "geometry": {"type": "Point", "coordinates": [19.040059700000004, 47.59043380000004]}}, {"id": "573", "type": "Feature", "properties": {"x": 4999514.025832767, "y": 2761170.22858967, "bearings": {"573_563_0": -99.9552161606988, "573_594_0": 80.16227524816196, "573_539_0": -175.28237821999883}, "angles": {"573_539_0": 104.5553465318392, "573_563_0": 75.32716205930004, "573_594_0": 180.11749140886076}, "adj_sorted": [[573, 539, 0], [573, 563, 0], [573, 594, 0]], "type": "T", "n_corners": 2}, "geometry": {"type": "Point", "coordinates": [19.04093479999999, 47.590410100000014]}}, {"id": "503", "type": "Feature", "properties": {"x": 4999344.1880576, "y": 2761225.387943566, "bearings": {"503_507_0": -88.18715971738936, "503_538_0": 4.543605604995991, "503_492_0": 95.17213670078955}, "angles": {"503_507_0": 176.64070358182107, "503_538_0": 92.73076532238535, "503_492_0": 90.62853109579356}, "adj_sorted": [[503, 507, 0], [503, 538, 0], [503, 492, 0]], "type": "T", "n_corners": 2}, "geometry": {"type": "Point", "coordinates": [19.038778399999995, 47.5910887]}}, {"id": "538", "type": "Feature", "properties": {"x": 4999442.291468725, "y": 2761233.1839791564, "bearings": {"538_539_0": -84.8829145276149, "538_503_0": -175.45639439500403, "538_528_0": 93.8765623197699}, "angles": {"538_503_0": 90.6670432852261, "538_539_0": 90.57347986738912, "538_528_0": 178.7594768473848}, "adj_sorted": [[538, 503, 0], [538, 539, 0], [538, 528, 0]], "type": "T", "n_corners": 2}, "geometry": {"type": "Point", "coordinates": [19.040086399999993, 47.59105060000004]}}, {"id": "547", "type": "Feature", "properties": {"x": 4999460.721589238, "y": 2761715.6040325915, "bearings": {"547_570_0": -19.428699479937443, "547_523_0": 159.33906119649237, "547_533_0": -107.60632821770467}, "angles": {"547_533_0": 93.05461058580295, "547_570_0": 88.17762873776724, "547_523_0": 178.76776067642982}, "adj_sorted": [[547, 533, 0], [547, 570, 0], [547, 523, 0]], "type": "T", "n_corners": 2}, "geometry": {"type": "Point", "coordinates": [19.041088899999995, 47.595335100000035]}}, {"id": "492", "type": "Feature", "properties": {"x": 4999317.724213641, "y": 2761470.787640064, "bearings": {"492_503_0": -71.23765282149152, "492_528_0": 34.76746122365561, "492_459_0": 110.03700155729139}, "angles": {"492_503_0": 178.7253456212171, "492_528_0": 106.00511404514714, "492_459_0": 75.26954033363577}, "adj_sorted": [[492, 503, 0], [492, 528, 0], [492, 459, 0]], "type": "T", "n_corners": 2}, "geometry": {"type": "Point", "coordinates": [19.0388149, 47.59330750000001]}}, {"id": "528", "type": "Feature", "properties": {"x": 4999416.335276202, "y": 2761539.2410928025, "bearings": {"528_538_0": -62.529103132432475, "528_492_0": -145.2325387763444, "528_468_0": 129.878601733209}, "angles": {"528_492_0": 84.88885949044663, "528_538_0": 82.70343564391192, "528_468_0": 192.40770486564148}, "adj_sorted": [[528, 492, 0], [528, 538, 0], [528, 468, 0]], "type": "T", "n_corners": 2}, "geometry": {"type": "Point", "coordinates": [19.040225100000004, 47.593810100000056]}}, {"id": "468", "type": "Feature", "properties": {"x": 4999241.342836083, "y": 2761752.7687614216, "bearings": {"468_528_0": -58.80973114931287, "468_469_0": 59.288689278322806, "468_448_0": -147.40522085895418}, "angles": {"468_448_0": 153.306089862723, "468_528_0": 88.59548970964131, "468_469_0": 118.09842042763567}, "adj_sorted": [[468, 448, 0], [468, 528, 0], [468, 469, 0]], "type": "Y", "n_corners": 3}, "geometry": {"type": "Point", "coordinates": [19.0382496, 47.595907500000024]}}, {"id": "469", "type": "Feature", "properties": {"x": 4999244.912131894, "y": 2761758.77743834, "bearings": {"469_468_0": -120.71131072167721, "469_482_0": 28.530712106090213, "469_410_0": 166.77751235574814}, "angles": {"469_468_0": 72.51117692257463, "469_482_0": 149.2420228277674, "469_410_0": 138.24680024965792}, "adj_sorted": [[469, 468, 0], [469, 482, 0], [469, 410, 0]], "type": "Y", "n_corners": 3}, "geometry": {"type": "Point", "coordinates": [19.038306200000008, 47.5959572]}}, {"id": "556", "type": "Feature", "properties": {"x": 4999481.746265628, "y": 2762029.739192143, "bearings": {"556_567_0": 73.79327442388116, "556_553_0": -105.37903737945119, "556_636_0": -19.634062516266912}, "angles": {"556_553_0": 180.82768819666765, "556_636_0": 85.74497486318428, "556_567_0": 93.42733694014807}, "adj_sorted": [[556, 553, 0], [556, 636, 0], [556, 567, 0]], "type": "T", "n_corners": 2}, "geometry": {"type": "Point", "coordinates": [19.041860999999994, 47.59811510000003]}}, {"id": "567", "type": "Feature", "properties": {"x": 4999503.776267972, "y": 2762105.529156698, "bearings": {"567_556_0": -106.24347907653792, "567_647_0": -27.60931183194534, "567_564_0": 106.67121458013057}, "angles": {"567_556_0": 147.08530634333152, "567_647_0": 78.63416724459259, "567_564_0": 134.28052641207591}, "adj_sorted": [[567, 556, 0], [567, 647, 0], [567, 564, 0]], "type": "Y", "n_corners": 3}, "geometry": {"type": "Point", "coordinates": [19.042271299999996, 47.59876720000002]}}, {"id": "553", "type": "Feature", "properties": {"x": 4999471.377415907, "y": 2761992.0414542123, "bearings": {"553_556_0": 74.62096262054881, "553_545_0": -105.06265229215543, "553_635_0": -20.061850476082274}, "angles": {"553_545_0": 180.31638508729577, "553_635_0": 85.00080181607316, "553_556_0": 94.68281309663108}, "adj_sorted": [[553, 545, 0], [553, 635, 0], [553, 556, 0]], "type": "T", "n_corners": 2}, "geometry": {"type": "Point", "coordinates": [19.0416647, 47.59779010000003]}}, {"id": "636", "type": "Feature", "properties": {"x": 4999690.887842827, "y": 2761955.1270961957, "bearings": {"636_556_0": 160.3659374837331, "636_647_0": 73.18220407169503, "636_635_0": -105.83202027486348}, "angles": {"636_635_0": 93.80204224140346, "636_647_0": 179.0142243465585, "636_556_0": 87.18373341203807}, "adj_sorted": [[636, 635, 0], [636, 647, 0], [636, 556, 0]], "type": "T", "n_corners": 2}, "geometry": {"type": "Point", "coordinates": [19.044506199999994, 47.59721969999999]}}, {"id": "647", "type": "Feature", "properties": {"x": 4999712.171820529, "y": 2762025.5367339943, "bearings": {"647_567_0": 166.67769917488332, "647_636_0": -106.83238437443303, "647_649_0": -12.5632713126961}, "angles": {"647_636_0": 86.48991645068367, "647_649_0": 94.26911306173693, "647_567_0": 179.2409704875794}, "adj_sorted": [[647, 636, 0], [647, 649, 0], [647, 567, 0]], "type": "T", "n_corners": 2}, "geometry": {"type": "Point", "coordinates": [19.044898200000006, 47.59782460000004]}}, {"id": "564", "type": "Feature", "properties": {"x": 4999496.766480184, "y": 2762127.9544896837, "bearings": {"564_417_0": 108.7552810437997, "564_567_0": -72.0762652690483, "564_581_0": 38.71348555263928}, "angles": {"564_567_0": 179.168453687152, "564_581_0": 110.78975082168759, "564_417_0": 70.04179549116043}, "adj_sorted": [[564, 567, 0], [564, 581, 0], [564, 417, 0]], "type": "T", "n_corners": 2}, "geometry": {"type": "Point", "coordinates": [19.042213999999994, 47.598975000000046]}}, {"id": "649", "type": "Feature", "properties": {"x": 4999718.424442993, "y": 2762024.143315107, "bearings": {"649_673_0": -12.927521478192942, "649_647_0": 167.4367286873039, "649_666_0": 73.35721659544515}, "angles": {"649_673_0": 179.63574983450314, "649_666_0": 86.2847380736381, "649_647_0": 94.07951209185876}, "adj_sorted": [[649, 673, 0], [649, 666, 0], [649, 647, 0]], "type": "T", "n_corners": 2}, "geometry": {"type": "Point", "coordinates": [19.0449786, 47.597805300000054]}}, {"id": "581", "type": "Feature", "properties": {"x": 4999528.060768073, "y": 2762150.957256869, "bearings": {"581_564_0": -145.14210643489838, "581_599_0": 57.70698301125917, "581_617_0": -18.513446804248964}, "angles": {"581_564_0": 157.15091055384244, "581_617_0": 126.62865963064942, "581_599_0": 76.22042981550814}, "adj_sorted": [[581, 564, 0], [581, 617, 0], [581, 599, 0]], "type": "Y", "n_corners": 3}, "geometry": {"type": "Point", "coordinates": [19.042663599999994, 47.59914590000004]}}, {"id": "545", "type": "Feature", "properties": {"x": 4999457.655782761, "y": 2761941.05470137, "bearings": {"545_553_0": 74.93734770784457, "545_531_0": -106.50433590562973, "545_501_0": 160.77179171518603, "545_583_0": -21.189642215784346}, "angles": {"545_531_0": 92.72387237918423, "545_583_0": 85.31469368984538, "545_553_0": 96.12698992362891, "545_501_0": 85.83444400734146}, "adj_sorted": [[545, 531, 0], [545, 583, 0], [545, 553, 0], [545, 501, 0]], "type": "X", "n_corners": 4}, "geometry": {"type": "Point", "coordinates": [19.0414032, 47.59735020000004]}}, {"id": "635", "type": "Feature", "properties": {"x": 4999679.774311861, "y": 2761915.93632178, "bearings": {"635_553_0": 159.93814952391773, "635_636_0": 74.16797972513653, "635_627_0": -107.30718365888508}, "angles": {"635_627_0": 92.75466681719718, "635_636_0": 181.4751633840216, "635_553_0": 85.7701697987812}, "adj_sorted": [[635, 627, 0], [635, 636, 0], [635, 553, 0]], "type": "T", "n_corners": 2}, "geometry": {"type": "Point", "coordinates": [19.044297700000005, 47.596882200000046]}}, {"id": "666", "type": "Feature", "properties": {"x": 4999758.675299358, "y": 2762132.1780655477, "bearings": {"666_649_0": -162.7929081367374, "666_674_0": 86.21154051905029, "666_671_0": -86.81208676193636}, "angles": {"666_649_0": 110.99555134421232, "666_671_0": 75.98082137480104, "666_674_0": 173.02362728098666}, "adj_sorted": [[666, 649, 0], [666, 671, 0], [666, 674, 0]], "type": "T", "n_corners": 2}, "geometry": {"type": "Point", "coordinates": [19.045680400000002, 47.59872510000003]}}, {"id": "401", "type": "Feature", "properties": {"x": 4999012.368964121, "y": 2762346.4288399043, "bearings": {"401_417_0": -29.351044429884897, "401_402_0": 107.65571686290181, "401_386_0": 149.50063077636955}, "angles": {"401_417_0": 181.14832479374556, "401_402_0": 137.0067612927867, "401_386_0": 41.844913913467735}, "adj_sorted": [[401, 417, 0], [401, 402, 0], [401, 386, 0]], "type": "Y", "n_corners": 2}, "geometry": {"type": "Point", "coordinates": [19.0361588, 47.60145610000004]}}, {"id": "599", "type": "Feature", "properties": {"x": 4999572.070981041, "y": 2762262.3331136857, "bearings": {"599_581_0": -110.16778504391594, "599_619_0": -24.795588745421018, "599_600_0": 85.6062549590947}, "angles": {"599_581_0": 164.22595999698936, "599_619_0": 85.37219629849493, "599_600_0": 110.40184370451571}, "adj_sorted": [[599, 581, 0], [599, 619, 0], [599, 600, 0]], "type": "Y", "n_corners": 3}, "geometry": {"type": "Point", "coordinates": [19.043420300000005, 47.600091400000025]}}, {"id": "674", "type": "Feature", "properties": {"x": 4999765.250495605, "y": 2762185.6149192615, "bearings": {"674_666_0": -102.10277303405765, "674_619_0": 162.40934165488798, "674_692_0": 74.62072733127737}, "angles": {"674_666_0": 95.48788531105436, "674_692_0": 176.723500365335, "674_619_0": 87.78861432361062}, "adj_sorted": [[674, 666, 0], [674, 692, 0], [674, 619, 0]], "type": "T", "n_corners": 2}, "geometry": {"type": "Point", "coordinates": [19.045851399999997, 47.59919469999999]}}, {"id": "671", "type": "Feature", "properties": {"x": 4999764.44090812, "y": 2762023.8559018783, "bearings": {"671_673_0": -87.0236956936235, "671_666_0": 92.67040904088122, "671_756_0": 3.5182537559341864}, "angles": {"671_673_0": 180.30589526549528, "671_756_0": 90.54194944955768, "671_666_0": 89.15215528494704}, "adj_sorted": [[671, 673, 0], [671, 756, 0], [671, 666, 0]], "type": "T", "n_corners": 2}, "geometry": {"type": "Point", "coordinates": [19.045585999999993, 47.597752200000016]}}, {"id": "619", "type": "Feature", "properties": {"x": 4999640.030737055, "y": 2762228.827094497, "bearings": {"619_599_0": 153.64745257239085, "619_674_0": -21.13187387691363, "619_630_0": 73.31777836827943}, "angles": {"619_674_0": 185.22067355069552, "619_630_0": 94.44965224519306, "619_599_0": 80.32967420411141}, "adj_sorted": [[619, 674, 0], [619, 630, 0], [619, 599, 0]], "type": "T", "n_corners": 2}, "geometry": {"type": "Point", "coordinates": [19.044265300000006, 47.59971780000004]}}, {"id": "692", "type": "Feature", "properties": {"x": 4999789.072363956, "y": 2762269.0686554373, "bearings": {"692_674_0": -106.42218008857756, "692_699_0": 73.83524694926592, "692_765_0": 0.09519512025326794}, "angles": {"692_674_0": 179.74257296215652, "692_765_0": 106.51737520883083, "692_699_0": 73.74005182901266}, "adj_sorted": [[692, 674, 0], [692, 765, 0], [692, 699, 0]], "type": "T", "n_corners": 2}, "geometry": {"type": "Point", "coordinates": [19.0462975, 47.599913200000046]}}, {"id": "627", "type": "Feature", "properties": {"x": 4999665.4961628625, "y": 2761875.9191085016, "bearings": {"627_603_0": -129.7316695537891, "627_635_0": 58.440830484812885, "627_583_0": 176.26644075787996}, "angles": {"627_603_0": 54.00188968833095, "627_635_0": 188.17250003860198, "627_583_0": 117.82561027306707}, "adj_sorted": [[627, 603, 0], [627, 635, 0], [627, 583, 0]], "type": "Y", "n_corners": 2}, "geometry": {"type": "Point", "coordinates": [19.044046099999996, 47.59654080000005]}}, {"id": "565", "type": "Feature", "properties": {"x": 4999498.884799124, "y": 2761804.2488473207, "bearings": {"565_603_0": -23.07486061954864, "565_583_0": 73.09231072047923, "565_544_0": 157.62057392568067}, "angles": {"565_603_0": 179.30456545477068, "565_583_0": 96.16717134002788, "565_544_0": 84.52826320520144}, "adj_sorted": [[565, 603, 0], [565, 583, 0], [565, 544, 0]], "type": "T", "n_corners": 2}, "geometry": {"type": "Point", "coordinates": [19.0417325, 47.59608420000003]}}, {"id": "523", "type": "Feature", "properties": {"x": 4999397.8979119975, "y": 2761738.885214499, "bearings": {"523_547_0": -20.25790644246648, "523_483_0": 162.76386339118469, "523_531_0": 72.81355630387203}, "angles": {"523_547_0": 176.97823016634882, "523_531_0": 93.07146274633851, "523_483_0": 89.95030708731265}, "adj_sorted": [[523, 547, 0], [523, 531, 0], [523, 483, 0]], "type": "T", "n_corners": 2}, "geometry": {"type": "Point", "coordinates": [19.04029569999999, 47.59561180000001]}}, {"id": "531", "type": "Feature", "properties": {"x": 4999425.686028678, "y": 2761833.1566052055, "bearings": {"531_545_0": 73.49566409437027, "531_523_0": -106.2638837787983, "531_482_0": 156.33432950218904}, "angles": {"531_523_0": 97.40178671901265, "531_545_0": 179.75954787316857, "531_482_0": 82.83866540781877}, "adj_sorted": [[531, 523, 0], [531, 545, 0], [531, 482, 0]], "type": "T", "n_corners": 2}, "geometry": {"type": "Point", "coordinates": [19.0408111, 47.59642250000004]}}, {"id": "482", "type": "Feature", "properties": {"x": 4999300.145652957, "y": 2761892.004573985, "bearings": {"482_469_0": -106.93079292297678, "482_531_0": -61.14557896622878, "482_501_0": 58.825361050962925}, "angles": {"482_469_0": 194.24384602606028, "482_531_0": 45.785213956747995, "482_501_0": 119.97094001719171}, "adj_sorted": [[482, 469, 0], [482, 531, 0], [482, 501, 0]], "type": "Y", "n_corners": 2}, "geometry": {"type": "Point", "coordinates": [19.039245399999995, 47.59708540000005]}}, {"id": "501", "type": "Feature", "properties": {"x": 4999334.233665787, "y": 2761984.102974447, "bearings": {"501_545_0": -19.228208284813995, "501_482_0": -106.26100606859693, "501_497_0": 160.73643031873775}, "angles": {"501_482_0": 93.00256361266531, "501_545_0": 87.03279778378294, "501_497_0": 179.96463860355175}, "adj_sorted": [[501, 482, 0], [501, 545, 0], [501, 497, 0]], "type": "T", "n_corners": 2}, "geometry": {"type": "Point", "coordinates": [19.03984059999999, 47.5978698]}}, {"id": "583", "type": "Feature", "properties": {"x": 4999531.739684556, "y": 2761912.334856128, "bearings": {"583_545_0": 158.81035778421565, "583_627_0": -19.684247148753997, "583_565_0": -106.90768927952078}, "angles": {"583_565_0": 94.28195293626356, "583_627_0": 87.22344213076678, "583_545_0": 178.49460493296965}, "adj_sorted": [[583, 565, 0], [583, 627, 0], [583, 545, 0]], "type": "T", "n_corners": 2}, "geometry": {"type": "Point", "coordinates": [19.04233659999999, 47.59701259999999]}}, {"id": "497", "type": "Feature", "properties": {"x": 4999325.599940912, "y": 2761987.1203004746, "bearings": {"497_501_0": -19.263569681262275, "497_472_0": 162.24103937944392, "497_509_0": 73.66311954616653}, "angles": {"497_501_0": 178.4953909392938, "497_509_0": 92.9266892274288, "497_472_0": 88.57791983327739}, "adj_sorted": [[497, 501, 0], [497, 509, 0], [497, 472, 0]], "type": "T", "n_corners": 2}, "geometry": {"type": "Point", "coordinates": [19.039731299999996, 47.597906200000025]}}, {"id": "472", "type": "Feature", "properties": {"x": 4999263.785073907, "y": 2762006.918053883, "bearings": {"472_497_0": -17.7589606205561, "472_488_0": 73.57829899992397, "472_360_0": 160.49296981240357}, "angles": {"472_497_0": 181.74806956704032, "472_488_0": 91.33725962048007, "472_360_0": 86.9146708124796}, "adj_sorted": [[472, 497, 0], [472, 488, 0], [472, 360, 0]], "type": "T", "n_corners": 2}, "geometry": {"type": "Point", "coordinates": [19.038945899999998, 47.598150700000026]}}, {"id": "509", "type": "Feature", "properties": {"x": 4999365.271197181, "y": 2762122.065741114, "bearings": {"509_497_0": -106.39064817027094, "509_534_0": -17.055877962185058, "509_514_0": 73.74964703270051}, "angles": {"509_497_0": 179.85970479702854, "509_534_0": 89.33477020808587, "509_514_0": 90.80552499488556}, "adj_sorted": [[509, 497, 0], [509, 534, 0], [509, 514, 0]], "type": "T", "n_corners": 2}, "geometry": {"type": "Point", "coordinates": [19.040467700000004, 47.599066799999996]}}, {"id": "488", "type": "Feature", "properties": {"x": 4999307.125101538, "y": 2762153.9691805607, "bearings": {"488_472_0": -106.42170100007601, "488_491_0": 73.57109979491476, "488_498_0": -17.109075441984384}, "angles": {"488_472_0": 180.00719920500921, "488_498_0": 89.31262555809163, "488_491_0": 90.68017523689915}, "adj_sorted": [[488, 472, 0], [488, 498, 0], [488, 491, 0]], "type": "T", "n_corners": 2}, "geometry": {"type": "Point", "coordinates": [19.0397498, 47.599415300000054]}}, {"id": "360", "type": "Feature", "properties": {"x": 4998814.240441364, "y": 2762216.068970087, "bearings": {"360_472_0": -38.1616758813264, "360_370_0": 88.6154347958032, "360_331_0": 156.34497102878942, "360_352_0": -107.68034183183656}, "angles": {"360_352_0": 95.97468713937405, "360_472_0": 69.51866595051015, "360_370_0": 126.7771106771296, "360_331_0": 67.72953623298622}, "adj_sorted": [[360, 352, 0], [360, 472, 0], [360, 370, 0], [360, 331, 0]], "type": "other", "n_corners": 4}, "geometry": {"type": "Point", "coordinates": [19.0333364, 47.60051020000003]}}, {"id": "370", "type": "Feature", "properties": {"x": 4998852.681651424, "y": 2762388.243785954, "bearings": {"370_360_0": -99.00599649391931, "370_386_0": 11.31907860726547, "370_363_0": -161.42097509472734}, "angles": {"370_363_0": 187.25994629800718, "370_360_0": 62.41497860080803, "370_386_0": 110.32507510118478}, "adj_sorted": [[370, 363, 0], [370, 360, 0], [370, 386, 0]], "type": "T", "n_corners": 2}, "geometry": {"type": "Point", "coordinates": [19.034115, 47.602004400000055]}}, {"id": "1066", "type": "Feature", "properties": {"x": 5000359.25739867, "y": 2762578.777680613, "bearings": {"1066_1088_0": -18.575062550175737, "1066_1013_0": 161.604753366912, "1066_1074_0": 70.30639430789375}, "angles": {"1066_1088_0": 179.82018408291225, "1066_1074_0": 88.8814568580695, "1066_1013_0": 91.29835905901825}, "adj_sorted": [[1066, 1088, 0], [1066, 1074, 0], [1066, 1013, 0]], "type": "T", "n_corners": 2}, "geometry": {"type": "Point", "coordinates": [19.05431769999999, 47.60205020000002]}}, {"id": "1102", "type": "Feature", "properties": {"x": 5000429.658377289, "y": 2762553.1354029733, "bearings": {"1102_1088_0": 157.8903213506839, "1102_1137_0": -19.448164272600145, "1102_1119_0": 71.65601678089891}, "angles": {"1102_1137_0": 182.66151437671596, "1102_1119_0": 91.10418105349905, "1102_1088_0": 86.234304569785}, "adj_sorted": [[1102, 1137, 0], [1102, 1119, 0], [1102, 1088, 0]], "type": "T", "n_corners": 2}, "geometry": {"type": "Point", "coordinates": [19.055207299999996, 47.60174400000004]}}, {"id": "702", "type": "Feature", "properties": {"x": 4999811.698261653, "y": 2762349.1478344407, "bearings": {"702_705_0": 73.69222646747238, "702_610_0": 154.9392980271474, "702_699_0": -104.73382940703137}, "angles": {"702_699_0": 100.32687256582125, "702_705_0": 178.42605587450373, "702_610_0": 81.24707155967502}, "adj_sorted": [[702, 699, 0], [702, 705, 0], [702, 610, 0]], "type": "T", "n_corners": 2}, "geometry": {"type": "Point", "coordinates": [19.0467225, 47.60060290000003]}}, {"id": "610", "type": "Feature", "properties": {"x": 4999619.045316172, "y": 2762422.4320917274, "bearings": {"610_702_0": -20.646907336255538, "610_579_0": 158.3222628470813, "610_600_0": -110.86476926554306}, "angles": {"610_600_0": 90.81296788737563, "610_702_0": 90.21786192928752, "610_579_0": 178.96917018333684}, "adj_sorted": [[610, 600, 0], [610, 702, 0], [610, 579, 0]], "type": "T", "n_corners": 2}, "geometry": {"type": "Point", "coordinates": [19.04429289999999, 47.60146840000006]}}, {"id": "579", "type": "Feature", "properties": {"x": 4999524.588627874, "y": 2762472.9396731514, "bearings": {"579_522_0": 137.88958746618667, "579_610_0": -41.70643734969192, "579_591_0": 78.00543688142349}, "angles": {"579_610_0": 180.4039751841214, "579_591_0": 119.71187423111542, "579_522_0": 59.88415058476318}, "adj_sorted": [[579, 610, 0], [579, 591, 0], [579, 522, 0]], "type": "Y", "n_corners": 2}, "geometry": {"type": "Point", "coordinates": [19.043124599999995, 47.60202280000005]}}, {"id": "600", "type": "Feature", "properties": {"x": 4999572.551708619, "y": 2762268.5896553094, "bearings": {"600_505_0": 158.84113305036934, "600_599_0": -94.3937450409053, "600_610_0": 74.46555527641198}, "angles": {"600_599_0": 106.76512190872535, "600_610_0": 168.85930031731726, "600_505_0": 84.37557777395736}, "adj_sorted": [[600, 599, 0], [600, 610, 0], [600, 505, 0]], "type": "T", "n_corners": 2}, "geometry": {"type": "Point", "coordinates": [19.0434365, 47.600146700000046]}}, {"id": "591", "type": "Feature", "properties": {"x": 4999551.377201036, "y": 2762626.0157967103, "bearings": {"591_579_0": -98.13690603063172, "591_596_0": 83.15265432293579, "591_653_0": -8.347482115252806}, "angles": {"591_579_0": 178.7104396464325, "591_653_0": 89.78942391537892, "591_596_0": 91.50013643818859}, "adj_sorted": [[591, 579, 0], [591, 653, 0], [591, 596, 0]], "type": "T", "n_corners": 2}, "geometry": {"type": "Point", "coordinates": [19.043719500000005, 47.603359299999994]}}, {"id": "596", "type": "Feature", "properties": {"x": 4999563.156249076, "y": 2762728.8315576394, "bearings": {"596_591_0": -94.19711471398924, "596_592_0": -169.87444798694708, "596_687_0": 10.640245161094535}, "angles": {"596_592_0": 179.4853068519584, "596_591_0": 75.67733327295784, "596_687_0": 104.83735987508378}, "adj_sorted": [[596, 592, 0], [596, 591, 0], [596, 687, 0]], "type": "T", "n_corners": 2}, "geometry": {"type": "Point", "coordinates": [19.044036999999996, 47.60426380000001]}}, {"id": "653", "type": "Feature", "properties": {"x": 4999739.842826625, "y": 2762582.6527722925, "bearings": {"653_591_0": 164.7953611596994, "653_687_0": 70.34847552656167, "653_722_0": -44.5267162439814}, "angles": {"653_722_0": 150.6779225963192, "653_687_0": 114.87519177054307, "653_591_0": 94.44688563313774}, "adj_sorted": [[653, 722, 0], [653, 687, 0], [653, 591, 0]], "type": "Y", "n_corners": 3}, "geometry": {"type": "Point", "coordinates": [19.046140999999995, 47.602765400000024]}}, {"id": "699", "type": "Feature", "properties": {"x": 4999807.744880122, "y": 2762334.11460839, "bearings": {"699_692_0": -105.96902010867537, "699_702_0": 75.26617059296863, "699_711_0": -11.885848179100579}, "angles": {"699_692_0": 178.764809298356, "699_711_0": 94.08317192957479, "699_702_0": 87.15201877206921}, "adj_sorted": [[699, 692, 0], [699, 711, 0], [699, 702, 0]], "type": "T", "n_corners": 2}, "geometry": {"type": "Point", "coordinates": [19.0466466, 47.60047309999998]}}, {"id": "592", "type": "Feature", "properties": {"x": 4999557.908822143, "y": 2762727.894433917, "bearings": {"592_559_0": -164.7542191824806, "592_596_0": 10.12555201305292, "592_715_0": 86.52282572063305}, "angles": {"592_559_0": 108.72295509688635, "592_596_0": 174.87977119553352, "592_715_0": 76.39727370758013}, "adj_sorted": [[592, 559, 0], [592, 596, 0], [592, 715, 0]], "type": "T", "n_corners": 2}, "geometry": {"type": "Point", "coordinates": [19.043966199999993, 47.60426120000005]}}, {"id": "687", "type": "Feature", "properties": {"x": 4999780.713911591, "y": 2762702.1850022, "bearings": {"687_596_0": 171.80883360792123, "687_653_0": -108.69891325370276, "687_715_0": -8.58187706987509}, "angles": {"687_653_0": 79.49225313837599, "687_715_0": 100.11703618382766, "687_596_0": 180.3907106777963}, "adj_sorted": [[687, 653, 0], [687, 715, 0], [687, 596, 0]], "type": "T", "n_corners": 2}, "geometry": {"type": "Point", "coordinates": [19.046869200000003, 47.60378710000003]}}, {"id": "765", "type": "Feature", "properties": {"x": 4999927.855964544, "y": 2762276.6721034395, "bearings": {"765_797_0": -1.445536234329214, "765_692_0": -175.03741959149878, "765_762_0": 94.74363680568302}, "angles": {"765_692_0": 90.21894360281817, "765_797_0": 173.59188335716956, "765_762_0": 96.18917304001224}, "adj_sorted": [[765, 692, 0], [765, 797, 0], [765, 762, 0]], "type": "T", "n_corners": 2}, "geometry": {"type": "Point", "coordinates": [19.0481428, 47.59982860000001]}}, {"id": "402", "type": "Feature", "properties": {"x": 4999016.194945512, "y": 2762377.1685580295, "bearings": {"402_401_0": -115.30171032747273, "402_420_0": 15.842124566342743, "402_381_0": 96.66939394639388}, "angles": {"402_401_0": 148.02889572613338, "402_420_0": 131.14383489381547, "402_381_0": 80.82726938005113}, "adj_sorted": [[402, 401, 0], [402, 420, 0], [402, 381, 0]], "type": "Y", "n_corners": 3}, "geometry": {"type": "Point", "coordinates": [19.036257699999993, 47.60172620000006]}}, {"id": "386", "type": "Feature", "properties": {"x": 4998929.229387669, "y": 2762396.477018414, "bearings": {"386_401_0": -40.2678795746175, "386_370_0": 171.35405199105443, "386_300_0": 117.47139717138698}, "angles": {"386_401_0": 148.37806843432807, "386_300_0": 157.7392767460045, "386_370_0": 53.88265481966745}, "adj_sorted": [[386, 401, 0], [386, 300, 0], [386, 370, 0]], "type": "Y", "n_corners": 3}, "geometry": {"type": "Point", "coordinates": [19.035139199999993, 47.60199390000001]}}, {"id": "420", "type": "Feature", "properties": {"x": 4999068.372668125, "y": 2762435.773847352, "bearings": {"420_402_0": -118.1904908855217, "420_391_0": 147.06443961385114, "420_425_0": 68.70322810993119}, "angles": {"420_402_0": 94.74506950062715, "420_425_0": 186.8937189954529, "420_391_0": 78.36121150391995}, "adj_sorted": [[420, 402, 0], [420, 425, 0], [420, 391, 0]], "type": "T", "n_corners": 2}, "geometry": {"type": "Point", "coordinates": [19.03703919999999, 47.6021919]}}, {"id": "820", "type": "Feature", "properties": {"x": 5000015.661478159, "y": 2762702.332224896, "bearings": {"820_757_0": -165.87503337366388, "820_915_0": 9.478451927652015, "820_794_0": 114.79391688571906}, "angles": {"820_757_0": 79.33104974061706, "820_915_0": 175.35348530131589, "820_794_0": 105.31546495806704}, "adj_sorted": [[820, 757, 0], [820, 915, 0], [820, 794, 0]], "type": "T", "n_corners": 2}, "geometry": {"type": "Point", "coordinates": [19.049973299999998, 47.60353030000003]}}, {"id": "1074", "type": "Feature", "properties": {"x": 5000383.952995518, "y": 2762647.7740694066, "bearings": {"1074_1035_0": 156.94858912712036, "1074_1066_0": -109.69360569210625, "1074_1119_0": -16.703645187989487}, "angles": {"1074_1066_0": 93.35780518077343, "1074_1119_0": 92.98996050411677, "1074_1035_0": 173.65223431510984}, "adj_sorted": [[1074, 1066, 0], [1074, 1119, 0], [1074, 1035, 0]], "type": "T", "n_corners": 2}, "geometry": {"type": "Point", "coordinates": [19.05475270000001, 47.60263870000006]}}, {"id": "1119", "type": "Feature", "properties": {"x": 5000453.388020228, "y": 2762624.702878615, "bearings": {"1119_1137_0": -19.649811221858457, "1119_1102_0": -108.3439832191011, "1119_1074_0": 161.2505134976128}, "angles": {"1119_1102_0": 90.40550328328612, "1119_1137_0": 88.69417199724265, "1119_1074_0": 180.90032471947126}, "adj_sorted": [[1119, 1102, 0], [1119, 1137, 0], [1119, 1074, 0]], "type": "T", "n_corners": 2}, "geometry": {"type": "Point", "coordinates": [19.0556336, 47.60235650000005]}}, {"id": "794", "type": "Feature", "properties": {"x": 4999985.687726919, "y": 2762731.769206268, "bearings": {"794_820_0": -23.68136302363411, "794_823_0": 74.81702715540584, "794_758_0": 163.1772656591899}, "angles": {"794_820_0": 173.14137131717598, "794_823_0": 98.49839017903994, "794_758_0": 88.36023850378407}, "adj_sorted": [[794, 820, 0], [794, 823, 0], [794, 758, 0]], "type": "T", "n_corners": 2}, "geometry": {"type": "Point", "coordinates": [19.0496237, 47.60382590000004]}}, {"id": "743", "type": "Feature", "properties": {"x": 4999887.738989868, "y": 2762682.3785719504, "bearings": {"743_757_0": -23.122345516919875, "743_715_0": 161.12375032818304, "743_736_0": 75.42327200734766}, "angles": {"743_757_0": 175.7539041548971, "743_736_0": 98.54561752426754, "743_715_0": 85.70047832083537}, "adj_sorted": [[743, 757, 0], [743, 736, 0], [743, 715, 0]], "type": "T", "n_corners": 2}, "geometry": {"type": "Point", "coordinates": [19.048251899999993, 47.603492799999984]}}, {"id": "823", "type": "Feature", "properties": {"x": 5000023.661162075, "y": 2762850.4094757256, "bearings": {"823_829_0": 126.85397210047826, "823_794_0": -107.82234043241229, "823_755_0": 163.9383318765796, "823_851_0": -51.19142132859823}, "angles": {"823_794_0": 88.2393276910081, "823_851_0": 56.63091910381406, "823_829_0": 178.04539342907648, "823_755_0": 37.08435977610135}, "adj_sorted": [[823, 794, 0], [823, 851, 0], [823, 829, 0], [823, 755, 0]], "type": "other", "n_corners": 3}, "geometry": {"type": "Point", "coordinates": [19.050312300000005, 47.604842800000085]}}, {"id": "1068", "type": "Feature", "properties": {"x": 5000366.5870461045, "y": 2762186.726853828, "bearings": {"1068_1069_0": -112.7470416007616, "1068_1071_0": 66.33464948866263, "1068_1064_0": 106.4913962159202}, "angles": {"1068_1069_0": 140.76156218331818, "1068_1071_0": 179.08169108942423, "1068_1064_0": 40.15674672725757}, "adj_sorted": [[1068, 1069, 0], [1068, 1071, 0], [1068, 1064, 0]], "type": "Y", "n_corners": 2}, "geometry": {"type": "Point", "coordinates": [19.053796599999988, 47.598543899999996]}}, {"id": "1080", "type": "Feature", "properties": {"x": 5000394.345895515, "y": 2762153.1744732256, "bearings": {"1080_1069_0": 144.6410654568571, "1080_1076_0": -108.93550130394799, "1080_1081_0": 72.0797032804095}, "angles": {"1080_1076_0": 106.42343323919494, "1080_1081_0": 181.0152045843575, "1080_1069_0": 72.56136217644759}, "adj_sorted": [[1080, 1076, 0], [1080, 1081, 0], [1080, 1069, 0]], "type": "T", "n_corners": 2}, "geometry": {"type": "Point", "coordinates": [19.0541104, 47.598214000000006]}}, {"id": "1081", "type": "Feature", "properties": {"x": 5000398.543190284, "y": 2762166.1538258092, "bearings": {"1081_1080_0": -107.92029671959048, "1081_1085_0": -17.069922910600408, "1081_1084_0": 72.0511950956942}, "angles": {"1081_1080_0": 180.02850818471532, "1081_1085_0": 90.85037380899007, "1081_1084_0": 89.12111800629461}, "adj_sorted": [[1081, 1080, 0], [1081, 1085, 0], [1081, 1084, 0]], "type": "T", "n_corners": 2}, "geometry": {"type": "Point", "coordinates": [19.054186299999994, 47.59832520000004]}}, {"id": "715", "type": "Feature", "properties": {"x": 4999843.820809379, "y": 2762692.6613978227, "bearings": {"715_592_0": 93.0468961656335, "715_687_0": 171.41812293012492, "715_743_0": -10.414883218181023}, "angles": {"715_743_0": 178.16699385169406, "715_592_0": 103.46177938381452, "715_687_0": 78.37122676449142}, "adj_sorted": [[715, 743, 0], [715, 592, 0], [715, 687, 0]], "type": "T", "n_corners": 2}, "geometry": {"type": "Point", "coordinates": [19.0476879, 47.603632800000014]}}, {"id": "391", "type": "Feature", "properties": {"x": 4998943.853918843, "y": 2762516.438308828, "bearings": {"391_435_0": 61.31817814620286, "391_420_0": -32.935560386148886, "391_385_0": -118.93715502790714}, "angles": {"391_385_0": 179.74466682589, "391_420_0": 86.00159464175826, "391_435_0": 94.25373853235175}, "adj_sorted": [[391, 385, 0], [391, 420, 0], [391, 435, 0]], "type": "T", "n_corners": 2}, "geometry": {"type": "Point", "coordinates": [19.035521100000004, 47.60304830000002]}}, {"id": "363", "type": "Feature", "properties": {"x": 4998823.657936602, "y": 2762378.8487534313, "bearings": {"363_370_0": 17.561378296565714, "363_302_0": -169.54233537716226, "363_364_0": 85.41635290539067}, "angles": {"363_302_0": 105.04131171744706, "363_370_0": 187.10371367372798, "363_364_0": 67.85497460882496}, "adj_sorted": [[363, 302, 0], [363, 370, 0], [363, 364, 0]], "type": "T", "n_corners": 2}, "geometry": {"type": "Point", "coordinates": [19.033716800000004, 47.60195240000007]}}, {"id": "3", "type": "Feature", "properties": {"x": 4995707.324210346, "y": 2758780.069223468, "bearings": {"3_5_0": -38.57446948460377, "3_7_0": 50.97067829777692, "3_0_0": 140.40124178149873}, "angles": {"3_5_0": 181.0242887338975, "3_7_0": 89.5451477823807, "3_0_0": 89.43056348372181}, "adj_sorted": [[3, 5, 0], [3, 7, 0], [3, 0, 0]], "type": "T", "n_corners": 2}, "geometry": {"type": "Point", "coordinates": [18.986915199999995, 47.573246900000065]}}, {"id": "9", "type": "Feature", "properties": {"x": 4995973.335172742, "y": 2758860.221419153, "bearings": {"9_10_0": -39.16898181343659, "9_5_0": -128.838976431552, "9_7_0": 140.75163394337022}, "angles": {"9_5_0": 90.40938962507778, "9_10_0": 89.66999461811541, "9_7_0": 179.9206157568068}, "adj_sorted": [[9, 5, 0], [9, 10, 0], [9, 7, 0]], "type": "T", "n_corners": 2}, "geometry": {"type": "Point", "coordinates": [18.990552999999995, 47.57367190000004]}}, {"id": "161", "type": "Feature", "properties": {"x": 4997872.639543183, "y": 2758774.289694774, "bearings": {"161_166_0": 118.3289132326868, "161_176_0": -24.555010822933728, "161_160_0": -115.27489630174635}, "angles": {"161_160_0": 126.39619046556686, "161_176_0": 90.71988547881263, "161_166_0": 142.88392405562053}, "adj_sorted": [[161, 160, 0], [161, 176, 0], [161, 166, 0]], "type": "Y", "n_corners": 3}, "geometry": {"type": "Point", "coordinates": [19.015496300000002, 47.570829100000026]}}, {"id": "7", "type": "Feature", "properties": {"x": 4995852.569073957, "y": 2758959.244128587, "bearings": {"7_3_0": -129.0293217022231, "7_9_0": -39.41956861994765, "7_1_0": 140.78265160692803}, "angles": {"7_3_0": 90.18802669084891, "7_9_0": 89.60975308227543, "7_1_0": 180.20222022687568}, "adj_sorted": [[7, 3, 0], [7, 9, 0], [7, 1, 0]], "type": "T", "n_corners": 2}, "geometry": {"type": "Point", "coordinates": [18.989113199999995, 47.57468740000006]}}, {"id": "1280", "type": "Feature", "properties": {"x": 5000746.85467394, "y": 2758348.748501919, "bearings": {"1280_1249_0": 167.71249365250122, "1280_1257_0": -102.54039511031563, "1280_1286_0": -12.266717453753719}, "angles": {"1280_1257_0": 89.74711123718316, "1280_1286_0": 90.27367765656192, "1280_1249_0": 179.97921110625495}, "adj_sorted": [[1280, 1257, 0], [1280, 1286, 0], [1280, 1249, 0]], "type": "T", "n_corners": 2}, "geometry": {"type": "Point", "coordinates": [19.052772899999997, 47.56387950000006]}}, {"id": "1286", "type": "Feature", "properties": {"x": 5000761.102127362, "y": 2758345.650723254, "bearings": {"1286_1232_0": 78.4548824884989, "1286_1280_0": 167.7332825462463, "1286_1313_0": -12.269706427328188}, "angles": {"1286_1313_0": 179.99701102642553, "1286_1232_0": 90.72458891582708, "1286_1280_0": 89.2784000577474}, "adj_sorted": [[1286, 1313, 0], [1286, 1232, 0], [1286, 1280, 0]], "type": "T", "n_corners": 2}, "geometry": {"type": "Point", "coordinates": [19.0529561, 47.56383619999999]}}, {"id": "62", "type": "Feature", "properties": {"x": 4997075.262268954, "y": 2758692.909395453, "bearings": {"62_55_0": 106.64332837977774, "62_64_0": 24.27564052582342, "62_61_0": -154.6309249114304}, "angles": {"62_61_0": 98.72574670879186, "62_64_0": 178.90656543725385, "62_55_0": 82.36768785395432}, "adj_sorted": [[62, 61, 0], [62, 64, 0], [62, 55, 0]], "type": "T", "n_corners": 2}, "geometry": {"type": "Point", "coordinates": [19.004840799999993, 47.5709751]}}]}