cityname,ksh_kod,jogallas,megye,jaras_kod,jaras,jaras_szekhely,polgi_kod,polgi_szekhely,terulet_ha,nepesseg,lakasok
Aba,17376,város,Fejér,085 0,Székesfehérvári,Székesfehérvár,1,–,8805,4371,1570
Abádszalók,12441,város,Jász-Nagykun-Szolnok,164 0,Kunhegyesi,Kunhegyes,2,[Helyben],13223,3727,2018
Abaliget,12548,község,Baranya,028 0,Pécsi,Pécs,5,Orfű,1609,596,286
Abasár,24554,község,Heves,106 0,Gyöngyösi,Gyöngyös,1,–,2082,2473,1175
Abaújalpár,15662,község,Borsod-Abaúj-Zemplén,057 0,Gönci,Gönc,5,Abaújkér,848,73,54
Abaújkér,26718,község,Borsod-Abaúj-Zemplén,057 0,Gönci,Gönc,2,[Helyben],1727,547,278
Abaújlak,2820,község,Borsod-Abaúj-Zemplén,067 0,Szikszói,Szikszó,5,Selyeb,706,64,75
Abaújszántó,3595,város,Borsod-Abaúj-Zemplén,057 0,Gönci,Gönc,2,[Helyben],4739,2671,1161
Abaújszolnok,26338,község,Borsod-Abaúj-Zemplén,067 0,Szikszói,Szikszó,5,Selyeb,867,227,50
Abaújvár,2273,község,Borsod-Abaúj-Zemplén,057 0,Gönci,Gönc,5,Gönc,735,229,139
Abda,11882,község,Győr-Moson-Sopron,087 0,Győri,Győr,2,[Helyben],1902,3155,1226
Abod,10357,község,Borsod-Abaúj-Zemplén,055 0,Edelényi,Edelény,5,Edelény,3116,136,126
Abony,27872,város,Pest,124 0,Ceglédi,Cegléd,1,–,12797,14603,5963
Ábrahámhegy,4561,község,Veszprém,189 0,Tapolcai,Tapolca,5,Badacsonytomaj,1488,592,392
Ács,4428,város,Komárom-Esztergom,112 0,Komáromi,Komárom,1,–,10385,6920,2791
Acsa,18573,község,Pest,138 0,Váci,Vác,2,[Helyben],2694,1320,476
Acsád,7214,község,Vas,181 0,Szombathelyi,Szombathely,5,Nemesbőd,1434,623,189
Acsalag,33385,község,Győr-Moson-Sopron,086 0,Csornai,Csorna,5,Farád,1042,448,223
Ácsteszér,18139,község,Komárom-Esztergom,111 0,Kisbéri,Kisbér,5,Bakonyszombathely,1771,660,239
Adács,23241,község,Heves,106 0,Gyöngyösi,Gyöngyös,1,–,3794,2507,1192
Ádánd,6080,község,Somogy,146 0,Siófoki,Siófok,2,[Helyben],2952,2049,835
Adásztevel,7302,község,Veszprém,187 0,Pápai,Pápa,2,[Helyben],837,752,320
Adony,8925,város,Fejér,078 0,Dunaújvárosi,Dunaújváros,2,[Helyben],6105,4103,1685
Adorjánháza,31307,község,Veszprém,186 0,Devecseri,Devecser,5,Somlóvásárhely,1143,349,197
Adorjás,6868,község,Baranya,030 0,Sellyei,Sellye,5,Baksa,810,160,59
Ág,25812,község,Baranya,025 0,Hegyháti,Sásd,5,Vásárosdombó,1203,153,67
Ágasegyháza,17686,község,Bács-Kiskun,038 0,Kecskeméti,Kecskemét,1,–,5587,1861,897
Ágfalva,4880,község,Győr-Moson-Sopron,091 0,Soproni,Sopron,1,–,1308,2409,866
Aggtelek,9362,község,Borsod-Abaúj-Zemplén,063 0,Putnoki,Putnok,5,Ragály,4382,443,241
Agyagosszergény,29407,község,Győr-Moson-Sopron,088 0,Kapuvári,Kapuvár,5,Vitnyéd,1988,926,391
Ajak,8776,város,Szabolcs-Szatmár-Bereg,153 0,Kisvárdai,Kisvárda,1,–,2476,3218,1289
Ajka,6673,város,Veszprém,183 1,Ajkai,Ajka,2,[Helyben],9504,26007,12908
Aka,6682,község,Komárom-Esztergom,111 0,Kisbéri,Kisbér,5,Tárkány,1809,250,125
Akasztó,21944,község,Bács-Kiskun,039 0,Kiskőrösi,Kiskőrös,1,–,6488,3113,1533
Alacska,33093,község,Borsod-Abaúj-Zemplén,058 0,Kazincbarcikai,Kazincbarcika,5,Berente,856,599,267
Alap,26824,község,Fejér,084 0,Sárbogárdi,Sárbogárd,2,[Helyben],4829,1840,848
Alattyán,25265,község,Jász-Nagykun-Szolnok,161 0,Jászapáti,Jászapáti,1,–,3429,2060,884
Albertirsa,31653,város,Pest,124 0,Ceglédi,Cegléd,2,[Helyben],7300,13950,5285
Alcsútdoboz,15176,község,Fejér,077 0,Bicskei,Bicske,5,Felcsút,5071,1507,577
Aldebrő,6345,község,Heves,105 0,Füzesabonyi,Füzesabony,5,Kápolna,2178,689,347
Algyő,34245,nagyközség,Csongrád-Csanád,075 0,Szegedi,Szeged,1,–,7577,5364,2093
Alibánfa,2644,község,Zala,197 0,Zalaegerszegi,Zalaegerszeg,5,Pókaszepetk,584,428,171
Almamellék,13329,község,Baranya,033 0,Szigetvári,Szigetvár,5,Szentlászló,4433,373,170
Almásfüzitő,32346,község,Komárom-Esztergom,112 0,Komáromi,Komárom,1,–,818,2016,1119
Almásháza,23384,község,Zala,197 0,Zalaegerszegi,Zalaegerszeg,5,Nagykapornak,498,75,40
Almáskamarás,29595,község,Békés,049 0,Mezőkovácsházai,Mezőkovácsháza,5,Kunágota,1471,643,421
Almáskeresztúr,20376,község,Baranya,033 0,Szigetvári,Szigetvár,5,Mozsgó,1303,85,51
Álmosd,27641,község,Hajdú-Bihar,101 0,Nyíradonyi,Nyíradony,2,[Helyben],3413,1638,675
Alsóberecki,20482,község,Borsod-Abaúj-Zemplén,065 0,Sátoraljaújhelyi,Sátoraljaújhely,5,Mikóháza,686,654,280
Alsóbogát,34184,község,Somogy,143 0,Kaposvári,Kaposvár,5,Somogyjád,1201,219,98
Alsódobsza,19664,község,Borsod-Abaúj-Zemplén,066 0,Szerencsi,Szerencs,5,Megyaszó,1068,294,137
Alsógagy,14429,község,Borsod-Abaúj-Zemplén,056 0,Encsi,Encs,5,Szalaszend,628,86,51
Alsómocsolád,17385,község,Baranya,025 0,Hegyháti,Sásd,5,Mágocs,1300,264,134
Alsónána,29665,község,Tolna,173 0,Szekszárdi,Szekszárd,5,Bátaszék,1314,611,281
Alsónémedi,23199,nagyközség,Pest,129 0,Gyáli,Gyál,1,–,4907,5584,2193
Alsónemesapáti,19512,község,Zala,197 0,Zalaegerszegi,Zalaegerszeg,5,Nagypáli,1451,668,274
Alsónyék,11563,község,Tolna,173 0,Szekszárdi,Szekszárd,5,Bátaszék,3201,646,299
Alsóörs,30526,község,Veszprém,185 0,Balatonfüredi,Balatonfüred,2,[Helyben],3334,1919,1029
Alsópáhok,32081,község,Zala,193 0,Keszthelyi,Keszthely,2,[Helyben],1802,1462,855
Alsópetény,16425,község,Nógrád,119 0,Rétsági,Rétság,5,Nézsa,1968,573,305
Alsórajk,18829,község,Zala,196 0,Nagykanizsai,Nagykanizsa,5,Garabonc,845,318,165
Alsóregmec,23223,község,Borsod-Abaúj-Zemplén,065 0,Sátoraljaújhelyi,Sátoraljaújhely,5,Mikóháza,1540,194,88
Alsószenterzsébet,8767,község,Zala,194 0,Lenti,Lenti,5,Csesztreg,963,53,39
Alsószentiván,25283,község,Fejér,084 0,Sárbogárdi,Sárbogárd,5,Alap,3965,542,281
Alsószentmárton,33279,község,Baranya,031 0,Siklósi,Siklós,5,Siklósnagyfalu,1361,1176,293
Alsószölnök,22549,község,Vas,180 0,Szentgotthárdi,Szentgotthárd,2,[Helyben],1002,332,172
Alsószuha,28839,község,Borsod-Abaúj-Zemplén,063 0,Putnoki,Putnok,5,Ragály,2242,374,165
Alsótelekes,8217,község,Borsod-Abaúj-Zemplén,058 0,Kazincbarcikai,Kazincbarcika,5,Rudabánya,644,113,93
Alsótold,7621,község,Nógrád,118 0,Pásztói,Pásztó,5,Szurdokpüspöki,786,222,114
Alsóújlak,22725,község,Vas,182 0,Vasvári,Vasvár,5,Kám,2102,525,280
Alsóvadász,29814,község,Borsod-Abaúj-Zemplén,067 0,Szikszói,Szikszó,5,Aszaló,2290,1525,443
Alsózsolca,21032,város,Borsod-Abaúj-Zemplén,061 0,Miskolci,Miskolc,1,–,2602,5459,1877
Ambrózfalva,16197,község,Csongrád-Csanád,073 0,Makói,Makó,5,Csanádalberti,1122,415,241
Anarcs,29975,község,Szabolcs-Szatmár-Bereg,153 0,Kisvárdai,Kisvárda,5,Gyulaháza,1706,1841,639
Andocs,28714,község,Somogy,147 0,Tabi,Tab,2,[Helyben],4327,916,457
Andornaktálya,17987,község,Heves,104 0,Egri,Eger,1,–,1675,2569,1056
Andrásfa,12317,község,Vas,182 0,Vasvári,Vasvár,5,Győrvár,823,238,132
Annavölgy,34227,község,Komárom-Esztergom,110 0,Esztergomi,Esztergom,5,Csolnok,483,884,393
Apácatorna,28370,község,Veszprém,186 0,Devecseri,Devecser,5,Tüskevár,729,138,80
Apagy,20303,község,Szabolcs-Szatmár-Bereg,157 0,Nyíregyházi,Nyíregyháza,1,–,3199,2167,854
Apaj,33561,község,Pest,134 0,Ráckevei,Ráckeve,5,Áporka,7104,1093,428
Aparhant,26125,község,Tolna,170 0,Bonyhádi,Bonyhád,2,[Helyben],1797,899,385
Apátfalva,14252,község,Csongrád-Csanád,073 0,Makói,Makó,2,[Helyben],5384,2799,1506
Apátistvánfalva,8873,község,Vas,180 0,Szentgotthárdi,Szentgotthárd,5,Szentgotthárd,1286,372,161
Apátvarasd,27298,község,Baranya,029 0,Pécsváradi,Pécsvárad,5,Pécsvárad,814,113,40
Apc,7241,község,Heves,107 0,Hatvani,Hatvan,1,–,2046,2421,1083
Áporka,10108,község,Pest,134 0,Ráckevei,Ráckeve,2,[Helyben],1747,1262,531
Apostag,21148,község,Bács-Kiskun,043 0,Kunszentmiklósi,Kunszentmiklós,2,[Helyben],3194,2031,979
Aranyosapáti,9353,község,Szabolcs-Szatmár-Bereg,159 0,Vásárosnaményi,Vásárosnamény,2,[Helyben],2112,2032,640
Aranyosgadány,6886,község,Baranya,028 0,Pécsi,Pécs,5,Pellérd,826,307,138
Arka,26198,község,Borsod-Abaúj-Zemplén,057 0,Gönci,Gönc,5,Abaújkér,949,53,72
Arló,14331,nagyközség,Borsod-Abaúj-Zemplén,062 0,Ózdi,Ózd,1,–,4687,3454,1119
Arnót,3771,község,Borsod-Abaúj-Zemplén,061 0,Miskolci,Miskolc,1,–,1754,2254,820
Ároktő,3823,község,Borsod-Abaúj-Zemplén,059 0,Mezőcsáti,Mezőcsát,5,Mezőcsát,4641,1032,452
Árpádhalom,19062,község,Csongrád-Csanád,076 0,Szentesi,Szentes,5,Fábiánsebestyén,4520,370,227
Árpás,32249,község,Győr-Moson-Sopron,092 0,Téti,Tét,5,Gyarmat,1425,284,143
Ártánd,3319,község,Hajdú-Bihar,094 0,Berettyóújfalui,Berettyóújfalu,5,Biharkeresztes,1981,505,234
Ásotthalom,10339,nagyközség,Csongrád-Csanád,074 0,Mórahalmi,Mórahalom,1,–,12254,3665,1900
Ásványráró,26921,község,Győr-Moson-Sopron,089 0,Mosonmagyaróvári,Mosonmagyaróvár,5,Kimle,3911,2170,903
Aszaló,4233,község,Borsod-Abaúj-Zemplén,067 0,Szikszói,Szikszó,2,[Helyben],2536,1834,620
Ászár,23852,község,Komárom-Esztergom,111 0,Kisbéri,Kisbér,2,[Helyben],1868,1395,675
Aszód,16188,város,Pest,122 1,Aszódi,Aszód,1,–,1620,6096,2650
Aszófő,7339,község,Veszprém,185 0,Balatonfüredi,Balatonfüred,5,Tihany,832,485,203
Áta,28583,község,Baranya,028 0,Pécsi,Pécs,5,Pécsudvard,809,159,87
Átány,6503,község,Heves,108 0,Hevesi,Heves,2,[Helyben],5044,1426,517
Atkár,16090,község,Heves,106 0,Gyöngyösi,Gyöngyös,5,Visonta,3376,1750,747
Attala,32735,község,Tolna,171 0,Dombóvári,Dombóvár,5,Dombóvár,2064,707,346
Babarc,5403,község,Baranya,024 0,Bólyi,Bóly,2,[Helyben],1885,659,310
Babarcszőlős,9663,község,Baranya,031 0,Siklósi,Siklós,5,Diósviszló,425,96,60
Babócsa,30474,község,Somogy,140 0,Barcsi,Barcs,5,Csokonyavisonta,3099,1332,685
Bábolna,19363,város,Komárom-Esztergom,112 0,Komáromi,Komárom,2,[Helyben],3354,3424,1389
Bábonymegyer,28316,község,Somogy,147 0,Tabi,Tab,5,Tab,2193,770,339
Babosdöbréte,21263,község,Zala,197 0,Zalaegerszegi,Zalaegerszeg,5,Zalaszentgyörgy,1252,504,241
Babót,15042,község,Győr-Moson-Sopron,088 0,Kapuvári,Kapuvár,5,Szárföld,2167,1068,490
Bácsalmás,10719,város,Bács-Kiskun,034 1,Bácsalmási,Bácsalmás,2,[Helyben],10829,5963,3109
Bácsbokod,10180,nagyközség,Bács-Kiskun,034 0,Bácsalmási,Bácsalmás,1,–,6393,2288,1175
Bácsborsód,27234,község,Bács-Kiskun,034 0,Bácsalmási,Bácsalmás,5,Katymár,7752,1022,419
Bácsszentgyörgy,8697,község,Bács-Kiskun,035 0,Bajai,Baja,5,Gara,1474,125,86
Bácsszőlős,30155,község,Bács-Kiskun,034 0,Bácsalmási,Bácsalmás,5,Bácsalmás,3883,286,209
Badacsonytomaj,22327,város,Veszprém,189 0,Tapolcai,Tapolca,2,[Helyben],3270,2101,1198
Badacsonytördemic,3267,község,Veszprém,189 0,Tapolcai,Tapolca,5,Szigliget,1025,867,503
Bag,9131,nagyközség,Pest,122 0,Aszódi,Aszód,1,–,2355,3712,1340
Bagamér,20011,nagyközség,Hajdú-Bihar,101 0,Nyíradonyi,Nyíradony,1,–,4702,2355,935
Baglad,11059,község,Zala,194 0,Lenti,Lenti,5,Rédics,486,44,38
Bagod,30368,község,Zala,197 0,Zalaegerszegi,Zalaegerszeg,2,[Helyben],1637,1186,472
Bágyogszovát,28769,község,Győr-Moson-Sopron,086 0,Csornai,Csorna,5,Szany,2406,1233,555
Baj,29212,község,Komárom-Esztergom,114 0,Tatai,Tata,1,–,2112,2833,1673
Baja,3522,megyei jogú város,Bács-Kiskun,035 1,Bajai,Baja,1,–,17789,32401,17325
Bajánsenye,17020,község,Vas,177 0,Körmendi,Körmend,5,Őriszentpéter,2185,487,244
Bajna,16744,község,Komárom-Esztergom,110 0,Esztergomi,Esztergom,2,[Helyben],3728,1819,782
Bajót,29355,község,Komárom-Esztergom,110 0,Esztergomi,Esztergom,2,[Helyben],1643,1597,552
Bak,4738,község,Zala,197 0,Zalaegerszegi,Zalaegerszeg,2,[Helyben],2305,1514,579
Bakháza,14395,község,Somogy,145 0,Nagyatádi,Nagyatád,5,Kutas,592,163,80
Bakóca,22275,község,Baranya,025 0,Hegyháti,Sásd,5,Mindszentgodisa,1065,267,134
Bakonszeg,15167,község,Hajdú-Bihar,094 0,Berettyóújfalui,Berettyóújfalu,5,Furta,3503,1073,596
Bakonya,8299,község,Baranya,028 0,Pécsi,Pécs,5,Orfű,1507,365,138
Bakonybánk,24244,község,Komárom-Esztergom,111 0,Kisbéri,Kisbér,5,Réde,1506,374,202
Bakonybél,23746,község,Veszprém,192 0,Zirci,Zirc,2,[Helyben],2436,1090,572
Bakonycsernye,8730,nagyközség,Fejér,082 0,Móri,Mór,2,[Helyben],3813,2971,1215
Bakonygyirót,28936,község,Győr-Moson-Sopron,090 0,Pannonhalmi,Pannonhalma,5,Bakonyszentlászló,685,162,112
Bakonyjákó,29513,község,Veszprém,187 0,Pápai,Pápa,5,Adásztevel,4716,670,281
Bakonykoppány,7287,község,Veszprém,187 0,Pápai,Pápa,5,Ugod,683,184,117
Bakonykúti,23153,község,Fejér,085 0,Székesfehérvári,Székesfehérvár,5,Iszkaszentgyörgy,1245,146,90
Bakonynána,25991,község,Veszprém,192 0,Zirci,Zirc,5,Bakonyszentkirály,1493,913,369
Bakonyoszlop,30410,község,Veszprém,192 0,Zirci,Zirc,5,Bakonyszentkirály,1420,431,208
Bakonypéterd,22062,község,Győr-Moson-Sopron,090 0,Pannonhalmi,Pannonhalma,5,Écs,1002,287,129
Bakonypölöske,6327,község,Veszprém,187 0,Pápai,Pápa,5,Pápakovácsi,1104,393,160
Bakonyság,29902,község,Veszprém,187 0,Pápai,Pápa,5,Ugod,857,48,56
Bakonysárkány,25229,község,Komárom-Esztergom,111 0,Kisbéri,Kisbér,5,Tárkány,1412,966,390
Bakonyszentiván,23922,község,Veszprém,187 0,Pápai,Pápa,5,Pápateszér,914,212,99
Bakonyszentkirály,22813,község,Veszprém,192 0,Zirci,Zirc,2,[Helyben],2790,771,384
Bakonyszentlászló,5944,község,Győr-Moson-Sopron,090 0,Pannonhalmi,Pannonhalma,2,[Helyben],3851,1573,777
Bakonyszombathely,22381,község,Komárom-Esztergom,111 0,Kisbéri,Kisbér,2,[Helyben],3652,1306,602
Bakonyszücs,26417,község,Veszprém,187 0,Pápai,Pápa,5,Ugod,3520,232,149
Bakonytamási,24129,község,Veszprém,187 0,Pápai,Pápa,5,Csót,2049,536,287
Baks,29106,község,Csongrád-Csanád,072 0,Kisteleki,Kistelek,1,–,6192,1903,870
Baksa,3975,község,Baranya,030 0,Sellyei,Sellye,2,[Helyben],1382,793,285
Baktakék,18184,község,Borsod-Abaúj-Zemplén,056 0,Encsi,Encs,5,Szalaszend,1879,793,267
Baktalórántháza,2325,város,Szabolcs-Szatmár-Bereg,148 1,Baktalórántházai,Baktalórántháza,2,[Helyben],3524,3494,1127
Baktüttös,15097,község,Zala,197 0,Zalaegerszegi,Zalaegerszeg,5,Bocfölde,971,323,142
Balajt,22521,község,Borsod-Abaúj-Zemplén,055 0,Edelényi,Edelény,5,Szendrőlád,903,512,143
Balassagyarmat,13657,város,Nógrád,116 1,Balassagyarmati,Balassagyarmat,2,[Helyben],2333,13706,6753
Balástya,23676,község,Csongrád-Csanád,072 0,Kisteleki,Kistelek,1,–,11000,3225,1816
Balaton,11527,község,Heves,103 0,Bélapátfalvai,Bélapátfalva,2,[Helyben],1320,915,439
Balatonakali,25308,község,Veszprém,185 0,Balatonfüredi,Balatonfüred,5,Tihany,3620,684,553
Balatonakarattya,34421,község,Veszprém,184 0,Balatonalmádi,Balatonalmádi,5,Balatonfőkajár,2139,1214,574
Balatonalmádi,5838,város,Veszprém,184 1,Balatonalmádi,Balatonalmádi,2,[Helyben],4988,10066,5097
Balatonberény,27377,község,Somogy,144 0,Marcali,Marcali,5,Balatonkeresztúr,2609,1168,893
Balatonboglár,33853,város,Somogy,142 0,Fonyódi,Fonyód,2,[Helyben],3204,5298,3042
Balatoncsicsó,3072,község,Veszprém,185 0,Balatonfüredi,Balatonfüred,5,Zánka,1318,279,109
Balatonederics,12238,község,Veszprém,189 0,Tapolcai,Tapolca,5,Lesencetomaj,1858,1031,518
Balatonendréd,19460,község,Somogy,146 0,Siófoki,Siófok,5,Kőröshegy,4002,1300,611
Balatonfenyves,20729,község,Somogy,142 0,Fonyódi,Fonyód,1,–,5193,2022,1359
Balatonfőkajár,29461,község,Veszprém,184 0,Balatonalmádi,Balatonalmádi,2,[Helyben],2192,1301,625
Balatonföldvár,7117,város,Somogy,146 0,Siófoki,Siófok,2,[Helyben],1533,2295,1412
Balatonfüred,21175,város,Veszprém,185 1,Balatonfüredi,Balatonfüred,2,[Helyben],4645,12906,7112
Balatonfűzfő,2219,város,Veszprém,184 0,Balatonalmádi,Balatonalmádi,2,[Helyben],925,4448,2158
Balatongyörök,17002,község,Zala,193 0,Keszthelyi,Keszthely,5,Vonyarcvashegy,3759,1297,696
Balatonhenye,3638,község,Veszprém,189 0,Tapolcai,Tapolca,5,Kővágóörs,1173,123,54
Balatonkenese,5148,város,Veszprém,184 0,Balatonalmádi,Balatonalmádi,1,–,4418,2570,1446
Balatonkeresztúr,7375,község,Somogy,144 0,Marcali,Marcali,2,[Helyben],2106,1664,874
Balatonlelle,33862,város,Somogy,142 0,Fonyódi,Fonyód,1,–,4323,4860,3396
Balatonmagyaród,26462,község,Zala,196 0,Nagykanizsai,Nagykanizsa,5,Zalakomár,3153,398,255
Balatonmáriafürdő,14562,község,Somogy,144 0,Marcali,Marcali,5,Balatonkeresztúr,2677,849,481
Balatonőszöd,11916,község,Somogy,146 0,Siófoki,Siófok,5,Balatonszemes,1508,588,590
Balatonrendes,33844,község,Veszprém,189 0,Tapolcai,Tapolca,5,Badacsonytomaj,675,171,104
Balatonszabadi,16601,község,Somogy,146 0,Siófoki,Siófok,1,–,4134,2913,1238
Balatonszárszó,24907,nagyközség,Somogy,146 0,Siófoki,Siófok,2,[Helyben],3012,2005,1068
Balatonszemes,22822,község,Somogy,146 0,Siófoki,Siófok,2,[Helyben],3602,1644,989
Balatonszentgyörgy,21324,község,Somogy,144 0,Marcali,Marcali,2,[Helyben],2368,1444,733
Balatonszepezd,17154,község,Veszprém,185 0,Balatonfüredi,Balatonfüred,5,Zánka,2505,454,262
Balatonszőlős,28501,község,Veszprém,185 0,Balatonfüredi,Balatonfüred,5,Balatonfüred,1282,639,258
Balatonudvari,15565,község,Veszprém,185 0,Balatonfüredi,Balatonfüred,5,Tihany,1879,348,219
Balatonújlak,16470,község,Somogy,144 0,Marcali,Marcali,5,Kéthely,1081,458,262
Balatonvilágos,3559,község,Somogy,146 0,Siófoki,Siófok,5,Siófok,2921,1432,850
Balinka,31103,község,Fejér,082 0,Móri,Mór,5,Bakonycsernye,1862,849,385
Balkány,26958,város,Szabolcs-Szatmár-Bereg,155 0,Nagykállói,Nagykálló,1,–,9001,5737,2368
Ballószög,13408,község,Bács-Kiskun,038 0,Kecskeméti,Kecskemét,1,–,3500,4399,1486
Balmazújváros,2918,város,Hajdú-Bihar,093 1,Balmazújvárosi,Balmazújváros,2,[Helyben],20544,17058,6906
Balogunyom,5102,község,Vas,181 0,Szombathelyi,Szombathely,5,Ják,1212,1072,419
Balotaszállás,25937,község,Bács-Kiskun,041 0,Kiskunhalasi,Kiskunhalas,2,[Helyben],10494,1394,726
Balsa,15963,község,Szabolcs-Szatmár-Bereg,151 0,Ibrányi,Ibrány,5,Tiszabercel,2252,632,401
Bálványos,24457,község,Somogy,146 0,Siófoki,Siófok,5,Balatonföldvár,2369,531,290
Bana,31422,község,Komárom-Esztergom,112 0,Komáromi,Komárom,5,Bábolna,2511,1472,578
Bánd,14173,község,Veszprém,191 0,Veszprémi,Veszprém,5,Márkó,984,708,271
Bánfa,7603,község,Baranya,033 0,Szigetvári,Szigetvár,5,Dencsháza,1206,185,74
Bánhorváti,25159,község,Borsod-Abaúj-Zemplén,058 0,Kazincbarcikai,Kazincbarcika,5,Mályinka,2848,1252,569
Bánk,24341,község,Nógrád,119 0,Rétsági,Rétság,5,Borsosberény,990,749,406
Bánokszentgyörgy,8439,község,Zala,195 0,Letenyei,Letenye,2,[Helyben],3254,541,280
Bánréve,21953,község,Borsod-Abaúj-Zemplén,063 0,Putnoki,Putnok,5,Serényfalva,662,1155,530
Bár,24378,község,Baranya,027 0,Mohácsi,Mohács,5,Dunaszekcső,900,549,265
Barabás,26480,község,Szabolcs-Szatmár-Bereg,159 0,Vásárosnaményi,Vásárosnamény,5,Tiszakerecseny,3818,766,377
Baracs,7047,község,Fejér,078 0,Dunaújvárosi,Dunaújváros,1,–,5518,3446,1452
Baracska,8581,község,Fejér,081 0,Martonvásári,Martonvásár,1,–,3968,3075,1157
Báránd,26693,község,Hajdú-Bihar,102 0,Püspökladányi,Püspökladány,1,–,4257,2245,1135
Baranyahídvég,20464,község,Baranya,030 0,Sellyei,Sellye,5,Baksa,849,158,68
Baranyajenő,24749,község,Baranya,025 0,Hegyháti,Sásd,5,Mindszentgodisa,1555,408,155
Baranyaszentgyörgy,5485,község,Baranya,025 0,Hegyháti,Sásd,5,Mindszentgodisa,727,108,72
Barbacs,6196,község,Győr-Moson-Sopron,086 0,Csornai,Csorna,5,Kóny,1365,751,312
Barcs,32799,város,Somogy,140 1,Barcsi,Barcs,1,–,12290,9454,4509
Bárdudvarnok,3735,község,Somogy,143 0,Kaposvári,Kaposvár,5,Simonfa,4856,1119,529
Barlahida,27447,község,Zala,194 0,Lenti,Lenti,5,Csömödér,610,119,86
Bárna,20048,község,Nógrád,120 0,Salgótarjáni,Salgótarján,5,Mátraszele,1539,888,453
Barnag,15778,község,Veszprém,191 0,Veszprémi,Veszprém,5,Tótvázsony,1201,103,68
Bársonyos,8624,község,Komárom-Esztergom,111 0,Kisbéri,Kisbér,5,Réde,1687,682,306
Basal,15495,község,Baranya,033 0,Szigetvári,Szigetvár,5,Nagypeterd,404,198,79
Baskó,8846,község,Borsod-Abaúj-Zemplén,057 0,Gönci,Gönc,5,Abaújkér,2964,151,103
Báta,11712,község,Tolna,173 0,Szekszárdi,Szekszárd,5,Decs,6616,1366,734
Bátaapáti,28909,község,Tolna,170 0,Bonyhádi,Bonyhád,5,Bonyhád,2044,341,146
Bátaszék,8864,város,Tolna,173 0,Szekszárdi,Szekszárd,2,[Helyben],6357,5809,2516
Baté,32337,község,Somogy,143 0,Kaposvári,Kaposvár,2,[Helyben],1028,765,298
Bátmonostor,3656,község,Bács-Kiskun,035 0,Bajai,Baja,5,Vaskút,3795,1392,699
Bátonyterenye,33534,város,Nógrád,117 1,Bátonyterenyei,Bátonyterenye,1,–,7892,11056,5739
Bátor,24022,község,Heves,104 0,Egri,Eger,5,Egerbakta,2732,369,202
Bátorliget,2990,község,Szabolcs-Szatmár-Bereg,156 0,Nyírbátori,Nyírbátor,5,Nyírcsászári,3330,558,326
Battonya,18102,város,Békés,049 0,Mezőkovácsházai,Mezőkovácsháza,1,–,14571,4797,2882
Bátya,11961,község,Bács-Kiskun,037 0,Kalocsai,Kalocsa,1,–,3386,1787,922
Batyk,24864,község,Zala,198 0,Zalaszentgróti,Zalaszentgrót,5,Türje,808,383,188
Bázakerettye,18698,község,Zala,195 0,Letenyei,Letenye,2,[Helyben],803,709,393
Bazsi,7427,község,Veszprém,188 0,Sümegi,Sümeg,5,Gógánfa,910,410,195
Béb,22901,község,Veszprém,187 0,Pápai,Pápa,5,Ugod,703,249,110
Becsehely,23144,község,Zala,195 0,Letenyei,Letenye,2,[Helyben],3608,1868,755
Becske,12016,község,Nógrád,116 0,Balassagyarmati,Balassagyarmat,5,Galgaguta,1566,469,282
Becskeháza,27049,község,Borsod-Abaúj-Zemplén,055 0,Edelényi,Edelény,5,Bódvaszilas,500,40,29
Becsvölgye,18360,község,Zala,197 0,Zalaegerszegi,Zalaegerszeg,5,Gellénháza,2140,681,322
Bedegkér,20710,község,Somogy,147 0,Tabi,Tab,5,Kapoly,2600,384,183
Bedő,33446,község,Hajdú-Bihar,094 0,Berettyóújfalui,Berettyóújfalu,5,Berekböszörmény,1020,282,133
Bejcgyertyános,10384,község,Vas,179 0,Sárvári,Sárvár,5,Nyőgér,3143,410,256
Békás,27058,község,Veszprém,187 0,Pápai,Pápa,5,Nemesgörzsöny,652,202,90
Bekecs,6929,község,Borsod-Abaúj-Zemplén,066 0,Szerencsi,Szerencs,2,[Helyben],2572,2149,952
Békés,9760,város,Békés,045 1,Békési,Békés,1,–,12723,17282,8247
Békéscsaba,15200,"megyeszékhely, megyei jogú város",Békés,046 1,Békéscsabai,Békéscsaba,1,–,19393,53944,30047
Békéssámson,26189,község,Békés,050 0,Orosházi,Orosháza,1,–,7121,2124,1086
Békésszentandrás,2680,nagyközség,Békés,052 0,Szarvasi,Szarvas,1,–,7745,3275,1834
Bekölce,4400,község,Heves,103 0,Bélapátfalvai,Bélapátfalva,5,Balaton,1377,592,342
Bélapátfalva,33260,város,Heves,103 1,Bélapátfalvai,Bélapátfalva,2,[Helyben],3663,2738,1298
Bélavár,6910,község,Somogy,140 0,Barcsi,Barcs,5,Csokonyavisonta,2278,280,206
Belecska,28662,község,Tolna,174 0,Tamási,Tamási,5,Tolnanémedi,1441,306,147
Beled,10588,város,Győr-Moson-Sopron,088 0,Kapuvári,Kapuvár,2,[Helyben],2647,2394,1105
Beleg,17127,község,Somogy,145 0,Nagyatádi,Nagyatád,5,Segesd,1799,588,224
Belezna,9168,község,Zala,196 0,Nagykanizsai,Nagykanizsa,5,Surd,3093,596,284
Bélmegyer,19390,község,Békés,045 0,Békési,Békés,5,Murony,6305,773,500
Beloiannisz,8466,község,Fejér,078 0,Dunaújvárosi,Dunaújváros,5,Adony,454,987,443
Belsősárd,20950,község,Zala,194 0,Lenti,Lenti,5,Rédics,979,101,43
Belvárdgyula,19008,község,Baranya,024 0,Bólyi,Bóly,5,Szederkény,1723,345,167
Benk,25441,község,Szabolcs-Szatmár-Bereg,160 0,Záhonyi,Záhony,5,Eperjeske,850,401,169
Bénye,25098,község,Pest,130 0,Monori,Monor,5,Gomba,1650,1233,521
Bér,32911,község,Nógrád,118 0,Pásztói,Pásztó,5,Vanyarc,2549,373,203
Bérbaltavár,32124,község,Vas,182 0,Vasvári,Vasvár,5,Győrvár,2567,481,240
Bercel,2389,község,Nógrád,116 0,Balassagyarmati,Balassagyarmat,2,[Helyben],3590,1728,710
Beregdaróc,28246,község,Szabolcs-Szatmár-Bereg,159 0,Vásárosnaményi,Vásárosnamény,5,Beregsurány,2383,823,343
Beregsurány,20677,község,Szabolcs-Szatmár-Bereg,159 0,Vásárosnaményi,Vásárosnamény,2,[Helyben],1601,599,228
Berekböszörmény,18467,község,Hajdú-Bihar,094 0,Berettyóújfalui,Berettyóújfalu,2,[Helyben],4284,1677,723
Berekfürdő,34005,község,Jász-Nagykun-Szolnok,163 0,Karcagi,Karcag,5,Kunmadaras,1857,1039,593
Beremend,31927,nagyközség,Baranya,031 0,Siklósi,Siklós,2,[Helyben],4826,2076,996
Berente,34290,község,Borsod-Abaúj-Zemplén,058 0,Kazincbarcikai,Kazincbarcika,2,[Helyben],922,1017,385
Beret,29674,község,Borsod-Abaúj-Zemplén,056 0,Encsi,Encs,5,Szalaszend,677,323,91
Berettyóújfalu,12788,város,Hajdú-Bihar,094 1,Berettyóújfalui,Berettyóújfalu,1,–,17101,13924,6482
Berhida,33127,város,Veszprém,190 0,Várpalotai,Várpalota,2,[Helyben],4272,5698,2045
Berkenye,9034,község,Nógrád,119 0,Rétsági,Rétság,5,Nógrád,1346,795,311
Berkesd,16461,község,Baranya,028 0,Pécsi,Pécs,5,Bogád,1904,763,296
Berkesz,7472,község,Szabolcs-Szatmár-Bereg,152 0,Kemecsei,Kemecse,5,Nyírtét,1318,795,294
Bernecebaráti,18777,község,Pest,137 0,Szobi,Szob,5,Kemence,3769,791,469
Berzék,26356,község,Borsod-Abaúj-Zemplén,061 0,Miskolci,Miskolc,5,Sajóhídvég,1059,1002,341
Berzence,30119,nagyközség,Somogy,141 0,Csurgói,Csurgó,1,–,5376,2242,955
Besence,30049,község,Baranya,030 0,Sellyei,Sellye,5,Csányoszró,958,101,36
Besenyőd,13639,község,Szabolcs-Szatmár-Bereg,148 0,Baktalórántházai,Baktalórántháza,5,Levelek,945,698,250
Besenyőtelek,27517,község,Heves,105 0,Füzesabonyi,Füzesabony,1,–,4910,2429,1054
Besenyszög,11305,város,Jász-Nagykun-Szolnok,167 0,Szolnoki,Szolnok,2,[Helyben],13808,3095,1389
Besnyő,16346,község,Fejér,078 0,Dunaújvárosi,Dunaújváros,5,Iváncsa,4464,1773,711
Beszterec,21227,község,Szabolcs-Szatmár-Bereg,152 0,Kemecsei,Kemecse,5,Kék,1159,861,332
Bezedek,14119,község,Baranya,027 0,Mohácsi,Mohács,5,Nagynyárád,1136,178,97
Bezenye,29805,község,Győr-Moson-Sopron,089 0,Mosonmagyaróvári,Mosonmagyaróvár,5,Hegyeshalom,3003,1324,578
Bezeréd,12830,község,Zala,197 0,Zalaegerszegi,Zalaegerszeg,5,Nagykapornak,1214,144,141
Bezi,10560,község,Győr-Moson-Sopron,087 0,Győri,Győr,5,Enese,1119,493,200
Biatorbágy,8891,város,Pest,123 0,Budakeszi,Budakeszi,1,–,4412,15444,5851
Bicsérd,13310,község,Baranya,032 0,Szentlőrinci,Szentlőrinc,2,[Helyben],1975,986,375
Bicske,10481,város,Fejér,077 1,Bicskei,Bicske,1,–,7708,11248,4446
Bihardancsháza,25256,község,Hajdú-Bihar,102 0,Püspökladányi,Püspökladány,5,Nagyrábé,831,154,100
Biharkeresztes,19956,város,Hajdú-Bihar,094 0,Berettyóújfalui,Berettyóújfalu,2,[Helyben],4926,3921,1637
Biharnagybajom,24828,község,Hajdú-Bihar,102 0,Püspökladányi,Püspökladány,1,–,6135,2327,1078
Bihartorda,29887,község,Hajdú-Bihar,102 0,Püspökladányi,Püspökladány,5,Tetétlen,2238,836,398
Biharugra,29610,község,Békés,051 0,Sarkadi,Sarkad,5,Okány,5284,709,527
Bikács,11970,község,Tolna,172 0,Paksi,Paks,5,Nagydorog,3467,392,194
Bikal,4899,község,Baranya,026 0,Komlói,Komló,5,Egyházaskozár,1703,621,324
Biri,2945,község,Szabolcs-Szatmár-Bereg,155 0,Nagykállói,Nagykálló,5,Geszteréd,2258,1223,525
Birján,5139,község,Baranya,028 0,Pécsi,Pécs,5,Pécsudvard,907,511,200
Bisse,24925,község,Baranya,031 0,Siklósi,Siklós,5,Diósviszló,1380,223,117
Boba,29203,község,Vas,176 0,Celldömölki,Celldömölk,5,Jánosháza,1095,732,332
Bocfölde,17543,község,Zala,197 0,Zalaegerszegi,Zalaegerszeg,2,[Helyben],868,1132,441
Boconád,22354,község,Heves,108 0,Hevesi,Heves,5,Tarnaméra,2956,1217,626
Bócsa,8305,község,Bács-Kiskun,039 0,Kiskőrösi,Kiskőrös,2,[Helyben],9704,1798,920
Bocska,31291,község,Zala,196 0,Nagykanizsai,Nagykanizsa,5,Hahót,738,277,128
Bocskaikert,34102,község,Hajdú-Bihar,098 0,Hajdúhadházi,Hajdúhadház,1,–,1089,4191,1661
Boda,20899,község,Baranya,032 0,Szentlőrinci,Szentlőrinc,5,Bicsérd,1542,415,169
Bodajk,18254,város,Fejér,082 0,Móri,Mór,1,–,2898,3801,1552
Bodmér,11624,község,Fejér,077 0,Bicskei,Bicske,5,Felcsút,717,235,119
Bodolyabér,33002,község,Baranya,026 0,Komlói,Komló,5,Magyarhertelend,909,197,113
Bodonhely,6220,község,Győr-Moson-Sopron,086 0,Csornai,Csorna,5,Szany,1110,361,183
Bodony,14933,község,Heves,109 0,Pétervásárai,Pétervására,5,Parád,2896,674,449
Bodorfa,4321,község,Veszprém,188 0,Sümegi,Sümeg,5,Sümeg,222,89,49
Bodrog,10506,község,Somogy,143 0,Kaposvári,Kaposvár,5,Juta,1478,364,190
Bodroghalom,23737,község,Borsod-Abaúj-Zemplén,054 0,Cigándi,Cigánd,5,Pácin,2686,1142,492
Bodrogkeresztúr,30784,község,Borsod-Abaúj-Zemplén,069 0,Tokaji,Tokaj,2,[Helyben],2988,824,510
Bodrogkisfalud,33808,község,Borsod-Abaúj-Zemplén,069 0,Tokaji,Tokaj,5,Bodrogkeresztúr,1467,754,419
Bodrogolaszi,14401,község,Borsod-Abaúj-Zemplén,064 0,Sárospataki,Sárospatak,2,[Helyben],2061,802,391
Bódvalenke,27429,község,Borsod-Abaúj-Zemplén,055 0,Edelényi,Edelény,5,Bódvaszilas,663,298,56
Bódvarákó,33303,község,Borsod-Abaúj-Zemplén,055 0,Edelényi,Edelény,5,Perkupa,922,77,79
Bódvaszilas,5926,község,Borsod-Abaúj-Zemplén,055 0,Edelényi,Edelény,2,[Helyben],1922,887,445
Bogács,25195,község,Borsod-Abaúj-Zemplén,060 0,Mezőkövesdi,Mezőkövesd,1,–,2469,1909,1195
Bogád,32151,község,Baranya,028 0,Pécsi,Pécs,2,[Helyben],784,1056,495
Bogádmindszent,21892,község,Baranya,030 0,Sellyei,Sellye,5,Baksa,1158,364,137
Bogdása,10694,község,Baranya,030 0,Sellyei,Sellye,5,Sellye,2099,223,120
Bogyiszló,3425,község,Tolna,175 0,Tolnai,Tolna,1,–,5593,1970,901
Bogyoszló,4367,község,Győr-Moson-Sopron,086 0,Csornai,Csorna,5,Szilsárkány,2622,587,307
Bojt,14137,község,Hajdú-Bihar,094 0,Berettyóújfalui,Berettyóújfalu,5,Biharkeresztes,2688,458,200
Bókaháza,19929,község,Zala,193 0,Keszthelyi,Keszthely,5,Zalaapáti,670,248,138
Bokod,7311,község,Komárom-Esztergom,113 0,Oroszlányi,Oroszlány,1,–,2993,2128,810
Bokor,3841,község,Nógrád,118 0,Pásztói,Pásztó,5,Mátraszőlős,675,83,66
Boldog,3452,község,Heves,107 0,Hatvani,Hatvan,1,–,2674,2833,1159
Boldogasszonyfa,13116,község,Baranya,033 0,Szigetvári,Szigetvár,5,Szentlászló,1722,371,207
Boldogkőújfalu,18944,község,Borsod-Abaúj-Zemplén,057 0,Gönci,Gönc,5,Abaújkér,1098,628,203
Boldogkőváralja,14474,község,Borsod-Abaúj-Zemplén,057 0,Gönci,Gönc,5,Abaújszántó,2199,1004,426
Boldva,8396,község,Borsod-Abaúj-Zemplén,055 0,Edelényi,Edelény,2,[Helyben],2834,2407,796
Bolhás,13994,község,Somogy,145 0,Nagyatádi,Nagyatád,5,Somogyszob,3143,379,183
Bolhó,18120,község,Somogy,140 0,Barcsi,Barcs,5,Csokonyavisonta,2507,636,376
Bóly,33154,város,Baranya,024 1,Bólyi,Bóly,2,[Helyben],2544,3684,1593
Boncodfölde,10782,község,Zala,197 0,Zalaegerszegi,Zalaegerszeg,5,Teskánd,590,388,139
Bonyhád,6497,város,Tolna,170 1,Bonyhádi,Bonyhád,2,[Helyben],7214,11788,5550
Bonyhádvarasd,14818,község,Tolna,170 0,Bonyhádi,Bonyhád,5,Bonyhád,1045,380,159
Bonnya,22673,község,Somogy,147 0,Tabi,Tab,5,Törökkoppány,1462,195,144
Bordány,8192,nagyközség,Csongrád-Csanád,074 0,Mórahalmi,Mórahalom,1,–,3648,3232,1530
Borgáta,3090,község,Vas,176 0,Celldömölki,Celldömölk,5,Jánosháza,621,280,137
Borjád,6725,község,Baranya,024 0,Bólyi,Bóly,5,Bóly,1559,379,155
Borota,19327,község,Bács-Kiskun,036 0,Jánoshalmai,Jánoshalma,2,[Helyben],8180,1089,758
Borsfa,10056,község,Zala,195 0,Letenyei,Letenye,5,Becsehely,1183,659,289
Borsodbóta,30669,község,Borsod-Abaúj-Zemplén,062 0,Ózdi,Ózd,2,[Helyben],813,765,324
Borsodgeszt,16124,község,Borsod-Abaúj-Zemplén,060 0,Mezőkövesdi,Mezőkövesd,5,Bükkábrány,1506,257,164
Borsodivánka,6707,község,Borsod-Abaúj-Zemplén,060 0,Mezőkövesdi,Mezőkövesd,5,Mezőkövesd,1589,648,249
Borsodnádasd,5315,város,Borsod-Abaúj-Zemplén,062 0,Ózdi,Ózd,1,–,2808,2767,1333
Borsodszentgyörgy,30207,község,Borsod-Abaúj-Zemplén,062 0,Ózdi,Ózd,5,Hangony,2152,999,465
Borsodszirák,16799,község,Borsod-Abaúj-Zemplén,055 0,Edelényi,Edelény,2,[Helyben],1101,1187,379
Borsosberény,9894,község,Nógrád,119 0,Rétsági,Rétság,2,[Helyben],2026,851,381
Borszörcsök,4765,község,Veszprém,186 0,Devecseri,Devecser,5,Somlóvásárhely,1180,351,161
Borzavár,30252,község,Veszprém,192 0,Zirci,Zirc,5,Zirc,1300,741,334
Bosta,14368,község,Baranya,028 0,Pécsi,Pécs,5,Szalánta,595,120,50
Botpalád,22239,község,Szabolcs-Szatmár-Bereg,150 0,Fehérgyarmati,Fehérgyarmat,5,Tiszabecs,1650,599,231
Botykapeterd,13365,község,Baranya,033 0,Szigetvári,Szigetvár,5,Nagypeterd,1743,306,131
Bozzai,6390,község,Vas,181 0,Szombathelyi,Szombathely,5,Vép,443,304,119
Bozsok,5023,község,Vas,178 0,Kőszegi,Kőszeg,5,Kőszeg,2091,359,150
Bózsva,31006,község,Borsod-Abaúj-Zemplén,065 0,Sátoraljaújhelyi,Sátoraljaújhely,5,Pálháza,1638,193,113
Bő,5476,község,Vas,179 0,Sárvári,Sárvár,2,[Helyben],1065,681,316
Bőcs,5306,község,Borsod-Abaúj-Zemplén,061 0,Miskolci,Miskolc,1,–,2432,2569,934
Böde,22877,község,Zala,197 0,Zalaegerszegi,Zalaegerszeg,5,Teskánd,917,264,112
Bödeháza,4163,község,Zala,194 0,Lenti,Lenti,5,Rédics,667,52,56
Bögöt,11651,község,Vas,179 0,Sárvári,Sárvár,5,Sárvár,499,363,178
Bögöte,7296,község,Vas,179 0,Sárvári,Sárvár,5,Nyőgér,2074,304,163
Böhönye,26532,község,Somogy,144 0,Marcali,Marcali,2,[Helyben],6417,2073,940
Bököny,11299,község,Szabolcs-Szatmár-Bereg,155 0,Nagykállói,Nagykálló,2,[Helyben],3548,2807,1167
Bölcske,6558,község,Tolna,172 0,Paksi,Paks,2,[Helyben],5878,2568,1240
Bőny,33950,község,Győr-Moson-Sopron,087 0,Győri,Győr,1,–,5042,2258,880
Börcs,6619,község,Győr-Moson-Sopron,087 0,Győri,Győr,5,Abda,1276,1400,513
Börzönce,21139,község,Zala,196 0,Nagykanizsai,Nagykanizsa,5,Hahót,560,44,35
Bősárkány,15501,nagyközség,Győr-Moson-Sopron,086 0,Csornai,Csorna,2,[Helyben],2332,2229,837
Bőszénfa,26277,község,Somogy,143 0,Kaposvári,Kaposvár,5,Simonfa,4295,458,194
Bucsa,13471,község,Békés,053 0,Szeghalmi,Szeghalom,2,[Helyben],5582,1984,928
Bucsu,32984,község,Vas,181 0,Szombathelyi,Szombathely,5,Sé,1654,602,209
Búcsúszentlászló,20613,község,Zala,197 0,Zalaegerszegi,Zalaegerszeg,5,Zalaszentmihály,154,686,276
Bucsuta,7986,község,Zala,195 0,Letenyei,Letenye,5,Bánokszentgyörgy,1618,205,104
Budajenő,3407,község,Pest,123 0,Budakeszi,Budakeszi,2,[Helyben],1242,2678,862
Budakalász,23463,város,Pest,135 0,Szentendrei,Szentendre,1,–,1517,12088,4589
Budakeszi,12052,város,Pest,123 1,Budakeszi,Budakeszi,1,–,3710,15950,6114
Budaörs,23278,város,Pest,123 0,Budakeszi,Budakeszi,1,–,2359,29291,11393
Budapest,13578,főváros ,,,,,1,–,52511,1685209,973656
Budapest 01. ker.,9566,fővárosi kerület,főváros,001 1,Budapest 01. ker.,Budapest 01. ker.,1,–,341,24031,17539
Budapest 02. ker.,3179,fővárosi kerület,főváros,002 1,Budapest 02. ker.,Budapest 02. ker.,1,–,3634,85573,49806
Budapest 03. ker.,18069,fővárosi kerület,főváros,003 1,Budapest 03. ker.,Budapest 03. ker.,1,–,3970,125443,66235
Budapest 04. ker.,5467,fővárosi kerület,főváros,004 1,Budapest 04. ker.,Budapest 04. ker.,1,–,1882,94716,50849
Budapest 05. ker.,13392,fővárosi kerület,főváros,005 1,Budapest 05. ker.,Budapest 05. ker.,1,–,259,23678,20390
Budapest 06. ker.,16586,fővárosi kerület,főváros,006 1,Budapest 06. ker.,Budapest 06. ker.,1,–,238,35355,29375
Budapest 07. ker.,29744,fővárosi kerület,főváros,007 1,Budapest 07. ker.,Budapest 07. ker.,1,–,209,48825,38249
Budapest 08. ker.,25405,fővárosi kerület,főváros,008 1,Budapest 08. ker.,Budapest 08. ker.,1,–,685,71033,48439
Budapest 09. ker.,29586,fővárosi kerület,főváros,009 1,Budapest 09. ker.,Budapest 09. ker.,1,–,1253,58508,45426
Budapest 10. ker.,10700,fővárosi kerület,főváros,010 1,Budapest 10. ker.,Budapest 10. ker.,1,–,3249,74641,41416
Budapest 11. ker.,14216,fővárosi kerület,főváros,011 1,Budapest 11. ker.,Budapest 11. ker.,1,–,3348,149812,86278
Budapest 12. ker.,24697,fővárosi kerület,főváros,012 1,Budapest 12. ker.,Budapest 12. ker.,1,–,2666,55337,36108
Budapest 13. ker.,24299,fővárosi kerület,főváros,013 1,Budapest 13. ker.,Budapest 13. ker.,1,–,1344,121206,85623
Budapest 14. ker.,16337,fővárosi kerület,főváros,014 1,Budapest 14. ker.,Budapest 14. ker.,1,–,1812,118909,75505
Budapest 15. ker.,11314,fővárosi kerület,főváros,015 1,Budapest 15. ker.,Budapest 15. ker.,1,–,2694,75082,38600
Budapest 16. ker.,8208,fővárosi kerület,főváros,016 1,Budapest 16. ker.,Budapest 16. ker.,1,–,3351,72247,33385
Budapest 17. ker.,2112,fővárosi kerület,főváros,017 1,Budapest 17. ker.,Budapest 17. ker.,1,–,5482,84265,34678
Budapest 18. ker.,29285,fővárosi kerület,főváros,018 1,Budapest 18. ker.,Budapest 18. ker.,1,–,3860,99163,45808
Budapest 19. ker.,4011,fővárosi kerület,főváros,019 1,Budapest 19. ker.,Budapest 19. ker.,1,–,938,57459,29219
Budapest 20. ker.,6026,fővárosi kerület,főváros,020 1,Budapest 20. ker.,Budapest 20. ker.,1,–,1219,61128,32596
Budapest 21. ker.,13189,fővárosi kerület,főváros,021 1,Budapest 21. ker.,Budapest 21. ker.,1,–,2575,69502,33887
Budapest 22. ker.,10214,fővárosi kerület,főváros,022 1,Budapest 22. ker.,Budapest 22. ker.,1,–,3425,56810,24908
Budapest 23. ker.,34139,fővárosi kerület,főváros,023 1,Budapest 23. ker.,Budapest 23. ker.,1,–,4077,22486,9337
Bugac,32823,nagyközség,Bács-Kiskun,040 0,Kiskunfélegyházi,Kiskunfélegyháza,2,[Helyben],13111,2626,1420
Bugacpusztaháza,33631,község,Bács-Kiskun,040 0,Kiskunfélegyházi,Kiskunfélegyháza,5,Bugac,4300,254,129
Bugyi,32027,nagyközség,Pest,125 0,Dabasi,Dabas,1,–,11537,5330,2235
Buj,19707,község,Szabolcs-Szatmár-Bereg,151 0,Ibrányi,Ibrány,2,[Helyben],3277,2230,913
Buják,14234,község,Nógrád,118 0,Pásztói,Pásztó,1,–,5304,1892,918
Buzsák,17358,község,Somogy,142 0,Fonyódi,Fonyód,2,[Helyben],5968,1317,692
Bük,2431,város,Vas,178 0,Kőszegi,Kőszeg,2,[Helyben],2086,3822,1818
Bükkábrány,13596,község,Borsod-Abaúj-Zemplén,060 0,Mezőkövesdi,Mezőkövesd,2,[Helyben],1802,1577,688
Bükkaranyos,27890,község,Borsod-Abaúj-Zemplén,061 0,Miskolci,Miskolc,5,Kisgyőr,2620,1505,540
Bükkmogyorósd,19406,község,Borsod-Abaúj-Zemplén,062 0,Ózdi,Ózd,5,Nekézseny,990,122,106
Bükkösd,23162,község,Baranya,032 0,Szentlőrinci,Szentlőrinc,5,Bicsérd,3015,1000,451
Bükkszék,2963,község,Heves,109 0,Pétervásárai,Pétervására,5,Sirok,1530,647,433
Bükkszenterzsébet,10621,község,Heves,109 0,Pétervásárai,Pétervására,5,Istenmezeje,2486,947,457
Bükkszentkereszt,8022,község,Borsod-Abaúj-Zemplén,061 0,Miskolci,Miskolc,2,[Helyben],2697,1151,583
Bükkszentmárton,22099,község,Heves,103 0,Bélapátfalvai,Bélapátfalva,5,Bélapátfalva,826,333,121
Bükkzsérc,32887,község,Borsod-Abaúj-Zemplén,060 0,Mezőkövesdi,Mezőkövesd,5,Cserépfalu,3724,887,508
Bürüs,7533,község,Baranya,033 0,Szigetvári,Szigetvár,5,Kétújfalu,1630,75,37
Büssü,8703,község,Somogy,143 0,Kaposvári,Kaposvár,5,Gölle,1719,330,138
Büttös,23977,község,Borsod-Abaúj-Zemplén,056 0,Encsi,Encs,5,Krasznokvajda,1818,139,97
Cák,8271,község,Vas,178 0,Kőszegi,Kőszeg,5,Lukácsháza,648,296,146
Cakóháza,27085,község,Győr-Moson-Sopron,086 0,Csornai,Csorna,5,Kóny,288,61,31
Cece,13152,nagyközség,Fejér,084 0,Sárbogárdi,Sárbogárd,2,[Helyben],5885,2490,1104
Cégénydányád,9681,község,Szabolcs-Szatmár-Bereg,150 0,Fehérgyarmati,Fehérgyarmat,5,Tunyogmatolcs,1208,600,273
Cegléd,11341,város,Pest,124 1,Ceglédi,Cegléd,2,[Helyben],24490,36125,16340
Ceglédbercel,20640,község,Pest,124 0,Ceglédi,Cegléd,1,–,2815,4248,1704
Celldömölk,27094,város,Vas,176 1,Celldömölki,Celldömölk,2,[Helyben],5239,9600,4693
Cered,3665,község,Nógrád,120 0,Salgótarjáni,Salgótarján,5,Somoskőújfalu,3858,942,548
Chernelházadamonya,9876,község,Vas,179 0,Sárvári,Sárvár,5,Bő,785,207,105
Cibakháza,22938,nagyközség,Jász-Nagykun-Szolnok,165 0,Kunszentmártoni,Kunszentmárton,2,[Helyben],3821,3546,1875
Cigánd,3939,város,Borsod-Abaúj-Zemplén,054 1,Cigándi,Cigánd,2,[Helyben],5676,2780,1073
Cikó,19284,község,Tolna,170 0,Bonyhádi,Bonyhád,5,Kakasd,1986,879,355
Cirák,15954,község,Győr-Moson-Sopron,088 0,Kapuvári,Kapuvár,5,Vitnyéd,1176,516,264
Cún,11086,község,Baranya,031 0,Siklósi,Siklós,5,Kovácshida,1843,184,88
Csabacsűd,31334,nagyközség,Békés,052 0,Szarvasi,Szarvas,2,[Helyben],6685,1595,838
Csabaszabadi,34078,község,Békés,046 0,Békéscsabai,Békéscsaba,5,Újkígyós,3271,268,151
Csabdi,30544,község,Fejér,077 0,Bicskei,Bicske,5,Felcsút,1702,1330,469
Csabrendek,30924,nagyközség,Veszprém,188 0,Sümegi,Sümeg,2,[Helyben],4492,2896,1094
Csáfordjánosfa,10047,község,Győr-Moson-Sopron,091 0,Soproni,Sopron,5,Iván,528,229,102
Csaholc,12928,község,Szabolcs-Szatmár-Bereg,150 0,Fehérgyarmati,Fehérgyarmat,2,[Helyben],1935,495,178
Csajág,16072,község,Veszprém,184 0,Balatonalmádi,Balatonalmádi,5,Balatonfőkajár,2229,761,356
Csákány,3799,község,Somogy,144 0,Marcali,Marcali,5,Somogysámson,1609,314,179
Csákánydoroszló,3911,község,Vas,177 0,Körmendi,Körmend,5,Körmend,2661,1674,617
Csákberény,5360,község,Fejér,082 0,Móri,Mór,5,Csókakő,4137,1121,530
Csákvár,20002,város,Fejér,077 0,Bicskei,Bicske,2,[Helyben],11876,5398,2090
Csanádalberti,2121,község,Csongrád-Csanád,073 0,Makói,Makó,2,[Helyben],1532,402,236
Csanádapáca,20455,község,Békés,050 0,Orosházi,Orosháza,2,[Helyben],5130,2283,1318
Csanádpalota,5379,város,Csongrád-Csanád,073 0,Makói,Makó,2,[Helyben],7797,2466,1537
Csánig,26772,község,Vas,179 0,Sárvári,Sárvár,5,Répcelak,819,370,173
Csány,16841,község,Heves,107 0,Hatvani,Hatvan,1,–,4789,2068,973
Csányoszró,19901,község,Baranya,030 0,Sellyei,Sellye,2,[Helyben],2856,531,252
Csanytelek,22293,község,Csongrád-Csanád,070 0,Csongrádi,Csongrád,1,–,3471,2556,1251
Csapi,6132,község,Zala,196 0,Nagykanizsai,Nagykanizsa,5,Nagyrécse,1011,139,99
Csapod,8563,község,Győr-Moson-Sopron,091 0,Soproni,Sopron,5,Petőháza,2917,600,286
Csárdaszállás,25502,község,Békés,047 0,Gyomaendrődi,Gyomaendrőd,5,Gyomaendrőd,5416,373,217
Csarnóta,30614,község,Baranya,031 0,Siklósi,Siklós,5,Nagyharsány,533,133,55
Csaroda,29416,község,Szabolcs-Szatmár-Bereg,159 0,Vásárosnaményi,Vásárosnamény,2,[Helyben],2468,542,246
Császár,16416,község,Komárom-Esztergom,111 0,Kisbéri,Kisbér,5,Kisbér,6781,1799,735
Császártöltés,10472,község,Bács-Kiskun,039 0,Kiskőrösi,Kiskőrös,1,–,8206,2038,1030
Császló,9715,község,Szabolcs-Szatmár-Bereg,150 0,Fehérgyarmati,Fehérgyarmat,5,Rozsály,1018,314,148
Csátalja,26471,község,Bács-Kiskun,035 0,Bajai,Baja,5,Nagybaracska,3905,1216,653
Csatár,23436,község,Zala,197 0,Zalaegerszegi,Zalaegerszeg,5,Egervár,779,534,209
Csataszög,34175,község,Jász-Nagykun-Szolnok,167 0,Szolnoki,Szolnok,5,Nagykörű,1121,314,127
Csatka,33109,község,Komárom-Esztergom,111 0,Kisbéri,Kisbér,5,Bakonyszombathely,1777,232,177
Csávoly,16373,község,Bács-Kiskun,035 0,Bajai,Baja,5,Felsőszentiván,4742,1570,813
Csebény,21591,község,Baranya,033 0,Szigetvári,Szigetvár,5,Szentlászló,376,69,49
Csécse,30270,község,Nógrád,118 0,Pásztói,Pásztó,5,Ecseg,2173,789,410
Csegöld,26107,község,Szabolcs-Szatmár-Bereg,150 0,Fehérgyarmati,Fehérgyarmat,5,Jánkmajtis,1935,619,261
Csehbánya,20251,község,Veszprém,183 0,Ajkai,Ajka,5,Városlőd,1282,283,132
Csehi,19488,község,Vas,182 0,Vasvári,Vasvár,5,Kám,934,248,143
Csehimindszent,12724,község,Vas,182 0,Vasvári,Vasvár,5,Kám,1543,310,167
Csém,33640,község,Komárom-Esztergom,112 0,Komáromi,Komárom,5,Nagyigmánd,628,408,153
Csemő,5184,község,Pest,124 0,Ceglédi,Cegléd,1,–,7944,4409,1753
Csempeszkopács,23816,község,Vas,181 0,Szombathelyi,Szombathely,5,Vasszécseny,540,305,122
Csengele,32285,község,Csongrád-Csanád,072 0,Kisteleki,Kistelek,2,[Helyben],6066,1737,957
Csenger,30641,város,Szabolcs-Szatmár-Bereg,149 1,Csengeri,Csenger,2,[Helyben],3616,4322,1939
Csengersima,24095,község,Szabolcs-Szatmár-Bereg,149 0,Csengeri,Csenger,5,Csenger,2380,623,302
Csengerújfalu,26851,község,Szabolcs-Szatmár-Bereg,149 0,Csengeri,Csenger,5,Csenger,2561,700,327
Csengőd,12344,község,Bács-Kiskun,039 0,Kiskőrösi,Kiskőrös,1,–,4889,1955,1081
Csénye,9070,község,Vas,179 0,Sárvári,Sárvár,5,Ikervár,1912,662,296
Csenyéte,8493,község,Borsod-Abaúj-Zemplén,056 0,Encsi,Encs,5,Krasznokvajda,997,562,72
Csép,18272,község,Komárom-Esztergom,111 0,Kisbéri,Kisbér,5,Tárkány,2004,332,155
Csépa,13170,község,Jász-Nagykun-Szolnok,165 0,Kunszentmártoni,Kunszentmárton,5,Kunszentmárton,2967,1567,789
Csepreg,12140,város,Vas,178 0,Kőszegi,Kőszeg,2,[Helyben],4954,3128,1255
Csér,30191,község,Győr-Moson-Sopron,091 0,Soproni,Sopron,5,Iván,293,29,27
Cserdi,26082,község,Baranya,032 0,Szentlőrinci,Szentlőrinc,5,Bicsérd,646,371,159
Cserénfa,25681,község,Somogy,143 0,Kaposvári,Kaposvár,5,Baté,1775,215,87
Cserépfalu,6974,község,Borsod-Abaúj-Zemplén,060 0,Mezőkövesdi,Mezőkövesd,2,[Helyben],4465,924,618
Cserépváralja,25575,község,Borsod-Abaúj-Zemplén,060 0,Mezőkövesdi,Mezőkövesd,5,Cserépfalu,1462,323,218
Cserháthaláp,21935,község,Nógrád,116 0,Balassagyarmati,Balassagyarmat,5,Magyarnándor,1047,353,172
Cserhátsurány,22594,község,Nógrád,116 0,Balassagyarmati,Balassagyarmat,2,[Helyben],1880,695,365
Cserhátszentiván,32319,község,Nógrád,118 0,Pásztói,Pásztó,5,Mátraszőlős,1066,119,114
Cserkeszőlő,5795,község,Jász-Nagykun-Szolnok,165 0,Kunszentmártoni,Kunszentmárton,1,–,3070,2098,1559
Cserkút,3896,község,Baranya,028 0,Pécsi,Pécs,5,Orfű,667,634,232
Csernely,28459,község,Borsod-Abaúj-Zemplén,062 0,Ózdi,Ózd,5,Nekézseny,2062,664,383
Cserszegtomaj,7135,község,Zala,193 0,Keszthelyi,Keszthely,1,–,1260,3504,1632
Csertalakos,10649,község,Zala,197 0,Zalaegerszegi,Zalaegerszeg,5,Bak,199,28,25
Csertő,13851,község,Baranya,033 0,Szigetvári,Szigetvár,5,Mozsgó,1425,395,171
Csesznek,24642,község,Veszprém,192 0,Zirci,Zirc,5,Bakonyszentkirály,2421,428,228
Csesztreg,2583,község,Zala,194 0,Lenti,Lenti,2,[Helyben],2300,781,362
Csesztve,20145,község,Nógrád,116 0,Balassagyarmati,Balassagyarmat,5,Szügy,1625,329,179
Csetény,31699,község,Veszprém,192 0,Zirci,Zirc,2,[Helyben],1837,1767,704
Csévharaszt,18476,község,Pest,130 0,Monori,Monor,1,–,4923,2165,772
Csibrák,11998,község,Tolna,171 0,Dombóvári,Dombóvár,5,Kurd,1462,270,126
Csikéria,15699,község,Bács-Kiskun,034 0,Bácsalmási,Bácsalmás,5,Bácsalmás,2584,614,447
Csikóstőttős,30094,község,Tolna,171 0,Dombóvári,Dombóvár,5,Dombóvár,1770,737,354
Csikvánd,13505,község,Győr-Moson-Sopron,092 0,Téti,Tét,5,Gyarmat,1454,484,224
Csincse,34111,község,Borsod-Abaúj-Zemplén,060 0,Mezőkövesdi,Mezőkövesd,5,Mezőnyárád,1134,470,212
Csipkerek,26064,község,Vas,182 0,Vasvári,Vasvár,5,Kám,1313,388,227
Csitár,5050,község,Nógrád,116 0,Balassagyarmati,Balassagyarmat,5,Őrhalom,1685,366,193
Csobád,5333,község,Borsod-Abaúj-Zemplén,056 0,Encsi,Encs,5,Ináncs,1183,683,260
Csobaj,20774,község,Borsod-Abaúj-Zemplén,069 0,Tokaji,Tokaj,5,Tokaj,1961,601,324
Csobánka,6822,község,Pest,135 0,Szentendrei,Szentendre,1,–,2276,3588,1275
Csókakő,21908,község,Fejér,082 0,Móri,Mór,2,[Helyben],1092,1576,643
Csokonyavisonta,5971,község,Somogy,140 0,Barcsi,Barcs,2,[Helyben],8129,1450,690
Csokvaomány,14289,község,Borsod-Abaúj-Zemplén,062 0,Ózdi,Ózd,5,Nekézseny,1500,680,403
Csolnok,18926,község,Komárom-Esztergom,110 0,Esztergomi,Esztergom,2,[Helyben],1871,3098,1284
Csólyospálos,12025,község,Bács-Kiskun,042 0,Kiskunmajsai,Kiskunmajsa,2,[Helyben],6510,1441,897
Csoma,8040,község,Somogy,143 0,Kaposvári,Kaposvár,5,Nagyberki,843,402,178
Csomád,33118,község,Pest,126 0,Dunakeszi,Dunakeszi,5,Fót,1238,1851,707
Csombárd,2477,község,Somogy,143 0,Kaposvári,Kaposvár,5,Juta,899,268,110
Csongrád,5111,város,Csongrád-Csanád,070 1,Csongrádi,Csongrád,1,–,17389,15317,8451
Csonkahegyhát,31149,község,Zala,197 0,Zalaegerszegi,Zalaegerszeg,5,Gellénháza,828,331,146
Csonkamindszent,22576,község,Baranya,032 0,Szentlőrinci,Szentlőrinc,5,Szentlőrinc,553,179,62
Csopak,2185,község,Veszprém,185 0,Balatonfüredi,Balatonfüred,2,[Helyben],2398,2112,1150
Csór,9779,község,Fejér,085 0,Székesfehérvári,Székesfehérvár,1,–,4149,1914,908
Csorna,4039,város,Győr-Moson-Sopron,086 1,Csornai,Csorna,1,–,9195,9572,4413
Csorvás,26709,város,Békés,046 0,Békéscsabai,Békéscsaba,1,–,9018,4313,2328
Csót,32878,község,Veszprém,187 0,Pápai,Pápa,2,[Helyben],2002,903,361
Csöde,27492,község,Zala,197 0,Zalaegerszegi,Zalaegerszeg,5,Zalalövő,1061,71,56
Csögle,32814,község,Veszprém,186 0,Devecseri,Devecser,5,Somlóvásárhely,1691,511,295
Csökmő,12450,nagyközség,Hajdú-Bihar,094 0,Berettyóújfalui,Berettyóújfalu,1,–,6897,1674,837
Csököly,24314,község,Somogy,143 0,Kaposvári,Kaposvár,2,[Helyben],2984,915,388
Csömend,27270,község,Somogy,144 0,Marcali,Marcali,5,Mesztegnyő,866,271,132
Csömödér,29364,község,Zala,194 0,Lenti,Lenti,2,[Helyben],779,572,262
Csömör,22804,nagyközség,Pest,128 0,Gödöllői,Gödöllő,1,–,2271,10194,3678
Csönge,22390,község,Vas,176 0,Celldömölki,Celldömölk,5,Kenyeri,2527,335,191
Csörnyeföld,33978,község,Zala,195 0,Letenyei,Letenye,5,Bázakerettye,2121,349,202
Csörög,34333,község,Pest,138 0,Váci,Vác,1,–,505,2017,760
Csörötnek,4224,község,Vas,180 0,Szentgotthárdi,Szentgotthárd,2,[Helyben],2053,742,325
Csősz,6734,község,Fejér,085 0,Székesfehérvári,Székesfehérvár,5,Tác,1711,969,374
Csővár,26985,község,Pest,138 0,Váci,Vác,5,Acsa,1717,621,250
Csurgó,21315,város,Somogy,141 1,Csurgói,Csurgó,2,[Helyben],5942,4279,2052
Csurgónagymarton,10603,község,Somogy,141 0,Csurgói,Csurgó,5,Csurgó,1482,152,79
Dabas,9247,város,Pest,125 1,Dabasi,Dabas,1,–,16599,17670,7053
Dabronc,17172,község,Veszprém,188 0,Sümegi,Sümeg,5,Gógánfa,2027,378,183
Dabrony,28237,község,Veszprém,186 0,Devecseri,Devecser,5,Tüskevár,1700,365,187
Dad,33163,község,Komárom-Esztergom,113 0,Oroszlányi,Oroszlány,2,[Helyben],2375,952,373
Dág,22910,község,Komárom-Esztergom,110 0,Esztergomi,Esztergom,2,[Helyben],1189,926,408
Dáka,20154,község,Veszprém,187 0,Pápai,Pápa,5,Nyárád,2539,643,166
Dalmand,29230,község,Tolna,171 0,Dombóvári,Dombóvár,2,[Helyben],4877,1142,499
Damak,11350,község,Borsod-Abaúj-Zemplén,055 0,Edelényi,Edelény,5,Edelény,753,226,104
Dámóc,7719,község,Borsod-Abaúj-Zemplén,054 0,Cigándi,Cigánd,5,Ricse,1599,274,167
Dánszentmiklós,31811,község,Pest,124 0,Ceglédi,Cegléd,1,–,3800,2576,1075
Dány,18397,község,Pest,128 0,Gödöllői,Gödöllő,1,–,4301,4529,1604
Daraboshegy,15990,község,Vas,177 0,Körmendi,Körmend,5,Nádasd,459,95,63
Darány,31352,község,Somogy,140 0,Barcsi,Barcs,2,[Helyben],2810,772,329
Darnó,18795,község,Szabolcs-Szatmár-Bereg,150 0,Fehérgyarmati,Fehérgyarmat,5,Jánkmajtis,464,149,63
Darnózseli,21865,község,Győr-Moson-Sopron,089 0,Mosonmagyaróvári,Mosonmagyaróvár,2,[Helyben],1961,1615,626
Daruszentmiklós,34342,község,Fejér,078 0,Dunaújvárosi,Dunaújváros,5,Kisapostag,1912,1044,550
Darvas,14678,község,Hajdú-Bihar,094 0,Berettyóújfalui,Berettyóújfalu,5,Zsáka,4231,447,274
Dávod,10533,község,Bács-Kiskun,035 0,Bajai,Baja,2,[Helyben],6921,1738,1074
Debercsény,7320,község,Nógrád,116 0,Balassagyarmati,Balassagyarmat,5,Magyarnándor,543,84,52
Debrecen,15130,"megyeszékhely, megyei jogú város",Hajdú-Bihar,095 1,Debreceni,Debrecen,1,–,46166,202130,100621
Debréte,31954,község,Borsod-Abaúj-Zemplén,055 0,Edelényi,Edelény,5,Szalonna,962,13,29
Decs,24989,nagyközség,Tolna,173 0,Szekszárdi,Szekszárd,2,[Helyben],9467,3737,1522
Dédestapolcsány,4686,község,Borsod-Abaúj-Zemplén,058 0,Kazincbarcikai,Kazincbarcika,5,Szuhakálló,2943,1235,738
Dég,32753,község,Fejér,079 0,Enyingi,Enying,1,–,4689,1963,877
Dejtár,12511,község,Nógrád,116 0,Balassagyarmati,Balassagyarmat,5,Drégelypalánk,2142,1278,554
Délegyháza,9973,község,Pest,136 0,Szigetszentmiklósi,Szigetszentmiklós,1,–,2560,6082,2295
Demecser,17756,város,Szabolcs-Szatmár-Bereg,152 0,Kemecsei,Kemecse,2,[Helyben],3699,3810,1453
Demjén,8660,község,Heves,104 0,Egri,Eger,5,Kerecsend,2508,997,336
Dencsháza,7773,község,Baranya,033 0,Szigetvári,Szigetvár,2,[Helyben],1398,507,207
Dénesfa,32595,község,Győr-Moson-Sopron,088 0,Kapuvári,Kapuvár,5,Beled,1754,388,172
Derecske,5573,város,Hajdú-Bihar,096 1,Derecskei,Derecske,2,[Helyben],10359,8366,3401
Derekegyház,7834,község,Csongrád-Csanád,076 0,Szentesi,Szentes,2,[Helyben],5378,1352,661
Deszk,24077,község,Csongrád-Csanád,075 0,Szegedi,Szeged,1,–,5205,3990,1517
Detek,10524,község,Borsod-Abaúj-Zemplén,056 0,Encsi,Encs,5,Szalaszend,968,267,124
Detk,9201,község,Heves,106 0,Gyöngyösi,Gyöngyös,5,Visonta,2808,1114,524
Dévaványa,24819,város,Békés,047 0,Gyomaendrődi,Gyomaendrőd,2,[Helyben],21655,6450,3200
Devecser,32276,város,Veszprém,186 1,Devecseri,Devecser,1,–,6410,4137,1768
Dinnyeberki,11952,község,Baranya,032 0,Szentlőrinci,Szentlőrinc,5,Bicsérd,850,87,40
Diósberény,11688,község,Tolna,174 0,Tamási,Tamási,5,Regöly,1775,270,181
Diósd,24013,város,Pest,127 0,Érdi,Érd,1,–,575,11693,4383
Diósjenő,6743,község,Nógrád,119 0,Rétsági,Rétság,1,–,5750,2872,1186
Dióskál,28778,község,Zala,193 0,Keszthelyi,Keszthely,5,Zalaapáti,1963,407,258
Diósviszló,32373,község,Baranya,031 0,Siklósi,Siklós,2,[Helyben],1581,602,249
Doba,10870,község,Veszprém,186 0,Devecseri,Devecser,5,Somlóvásárhely,2122,444,263
Doboz,33190,nagyközség,Békés,046 0,Békéscsabai,Békéscsaba,1,–,5447,3903,1891
Dobri,25885,község,Zala,194 0,Lenti,Lenti,5,Lovászi,789,123,102
Dobronhegy,32708,község,Zala,197 0,Zalaegerszegi,Zalaegerszeg,5,Teskánd,215,167,79
Dóc,30535,község,Csongrád-Csanád,075 0,Szegedi,Szeged,5,Sándorfalva,4943,661,288
Domaháza,25690,község,Borsod-Abaúj-Zemplén,062 0,Ózdi,Ózd,5,Hangony,2882,769,312
Domaszék,13383,község,Csongrád-Csanád,075 0,Szegedi,Szeged,1,–,5215,4753,2149
Dombegyház,24031,nagyközség,Békés,049 0,Mezőkovácsházai,Mezőkovácsháza,1,–,5794,1546,1011
Dombiratos,22132,község,Békés,049 0,Mezőkovácsházai,Mezőkovácsháza,5,Nagykamarás,1830,437,393
Dombóvár,7685,város,Tolna,171 1,Dombóvári,Dombóvár,2,[Helyben],7848,16752,8856
Dombrád,14508,város,Szabolcs-Szatmár-Bereg,153 0,Kisvárdai,Kisvárda,2,[Helyben],5184,3512,1334
Domony,4808,község,Pest,122 0,Aszódi,Aszód,1,–,2180,2209,879
Domoszló,7515,község,Heves,106 0,Gyöngyösi,Gyöngyös,2,[Helyben],4022,1779,960
Dormánd,30261,község,Heves,105 0,Füzesabonyi,Füzesabony,5,Mezőtárkány,2006,891,376
Dorog,10490,város,Komárom-Esztergom,110 0,Esztergomi,Esztergom,1,–,1154,11272,5220
Dorogháza,24439,község,Nógrád,117 0,Bátonyterenyei,Bátonyterenye,5,Mátramindszent,1768,934,564
Dozmat,16151,község,Vas,181 0,Szombathelyi,Szombathely,5,Torony,854,346,125
Döbörhegy,20695,község,Vas,177 0,Körmendi,Körmend,5,Molnaszecsőd,1175,138,108
Döbröce,7782,község,Zala,198 0,Zalaszentgróti,Zalaszentgrót,5,Óhíd,270,92,51
Döbrököz,2565,község,Tolna,171 0,Dombóvári,Dombóvár,2,[Helyben],4313,1820,942
Döbrönte,29470,község,Veszprém,187 0,Pápai,Pápa,5,Pápakovácsi,1079,251,130
Döge,3647,község,Szabolcs-Szatmár-Bereg,153 0,Kisvárdai,Kisvárda,1,–,1654,2016,734
Dömös,6594,község,Komárom-Esztergom,110 0,Esztergomi,Esztergom,5,Pilismarót,2401,1148,480
Dömsöd,29647,nagyközség,Pest,134 0,Ráckevei,Ráckeve,1,–,7242,5948,2651
Dör,21917,község,Győr-Moson-Sopron,086 0,Csornai,Csorna,5,Szilsárkány,1101,642,226
Dörgicse,6363,község,Veszprém,185 0,Balatonfüredi,Balatonfüred,5,Balatonfüred,1911,312,179
Döröske,3036,község,Vas,177 0,Körmendi,Körmend,5,Molnaszecsőd,440,136,87
Dötk,16009,község,Zala,198 0,Zalaszentgróti,Zalaszentgrót,5,Kehidakustány,172,43,24
Dövény,6123,község,Borsod-Abaúj-Zemplén,063 0,Putnoki,Putnok,5,Felsőnyárád,1165,266,118
Drágszél,7524,község,Bács-Kiskun,037 0,Kalocsai,Kalocsa,5,Miske,1259,252,148
Drávacsehi,28617,község,Baranya,031 0,Siklósi,Siklós,5,Kovácshida,740,155,74
Drávacsepely,28121,község,Baranya,031 0,Siklósi,Siklós,5,Kovácshida,660,178,89
Drávafok,17419,község,Baranya,030 0,Sellyei,Sellye,5,Sellye,2390,426,210
Drávagárdony,13611,község,Somogy,140 0,Barcsi,Barcs,5,Darány,627,135,59
Drávaiványi,32391,község,Baranya,030 0,Sellyei,Sellye,5,Sellye,1101,154,82
Drávakeresztúr,9159,község,Baranya,030 0,Sellyei,Sellye,5,Sellye,1297,110,98
Drávapalkonya,22734,község,Baranya,031 0,Siklósi,Siklós,5,Kovácshida,1013,268,107
Drávapiski,12380,község,Baranya,031 0,Siklósi,Siklós,5,Kovácshida,491,99,42
Drávaszabolcs,28608,község,Baranya,031 0,Siklósi,Siklós,5,Kovácshida,1122,663,287
Drávaszerdahely,30030,község,Baranya,031 0,Siklósi,Siklós,5,Kovácshida,624,150,76
Drávasztára,21698,község,Baranya,030 0,Sellyei,Sellye,5,Sellye,1818,348,216
Drávatamási,15884,község,Somogy,140 0,Barcsi,Barcs,5,Darány,845,292,103
Drégelypalánk,8156,község,Nógrád,116 0,Balassagyarmati,Balassagyarmat,2,[Helyben],2218,1322,631
Dubicsány,27669,község,Borsod-Abaúj-Zemplén,063 0,Putnoki,Putnok,5,Putnok,1300,238,115
Dudar,2936,község,Veszprém,192 0,Zirci,Zirc,2,[Helyben],2458,1646,654
Duka,2927,község,Vas,176 0,Celldömölki,Celldömölk,5,Jánosháza,1524,231,156
Dunaalmás,33835,község,Komárom-Esztergom,114 0,Tatai,Tata,5,Tata,1483,1836,738
Dunabogdány,25362,község,Pest,135 0,Szentendrei,Szentendre,1,–,2550,3256,1450
Dunaegyháza,21069,község,Bács-Kiskun,043 0,Kunszentmiklósi,Kunszentmiklós,5,Apostag,1012,1433,723
Dunafalva,12566,község,Bács-Kiskun,035 0,Bajai,Baja,5,Szeremle,5790,800,567
Dunaföldvár,31501,város,Tolna,172 0,Paksi,Paks,1,–,11142,8249,4008
Dunaharaszti,9584,város,Pest,136 0,Szigetszentmiklósi,Szigetszentmiklós,1,–,2917,23700,9196
Dunakeszi,18616,város,Pest,126 1,Dunakeszi,Dunakeszi,1,–,3106,42630,18584
Dunakiliti,27739,község,Győr-Moson-Sopron,089 0,Mosonmagyaróvári,Mosonmagyaróvár,2,[Helyben],3364,2079,882
Dunapataj,7861,nagyközség,Bács-Kiskun,037 0,Kalocsai,Kalocsa,1,–,9047,3015,1635
Dunaremete,2079,község,Győr-Moson-Sopron,089 0,Mosonmagyaróvári,Mosonmagyaróvár,5,Darnózseli,436,255,115
Dunaszeg,21078,község,Győr-Moson-Sopron,087 0,Győri,Győr,2,[Helyben],1726,2324,875
Dunaszekcső,9186,község,Baranya,027 0,Mohácsi,Mohács,2,[Helyben],3675,1723,920
Dunaszentbenedek,11606,község,Bács-Kiskun,037 0,Kalocsai,Kalocsa,5,Géderlak,2324,734,415
Dunaszentgyörgy,9539,község,Tolna,172 0,Paksi,Paks,2,[Helyben],3763,2408,1041
Dunaszentmiklós,24101,község,Komárom-Esztergom,114 0,Tatai,Tata,5,Tata,778,554,264
Dunaszentpál,15875,község,Győr-Moson-Sopron,087 0,Győri,Győr,2,[Helyben],981,739,281
Dunasziget,10454,község,Győr-Moson-Sopron,089 0,Mosonmagyaróvári,Mosonmagyaróvár,5,Rajka,3588,1836,757
Dunatetétlen,14766,község,Bács-Kiskun,037 0,Kalocsai,Kalocsa,5,Harta,4319,501,256
Dunaújváros,3115,megyei jogú város,Fejér,078 1,Dunaújvárosi,Dunaújváros,1,–,5283,41193,23057
Dunavarsány,20534,város,Pest,136 0,Szigetszentmiklósi,Szigetszentmiklós,2,[Helyben],2252,8987,3392
Dunavecse,7612,város,Bács-Kiskun,043 0,Kunszentmiklósi,Kunszentmiklós,1,–,6677,3894,1681
Dusnok,4109,község,Bács-Kiskun,037 0,Kalocsai,Kalocsa,1,–,5747,2591,1234
Dúzs,19202,község,Tolna,174 0,Tamási,Tamási,5,Hőgyész,1127,222,110
Ebergőc,26347,község,Győr-Moson-Sopron,091 0,Soproni,Sopron,5,Sopronkövesd,502,146,83
Ebes,14614,község,Hajdú-Bihar,100 0,Hajdúszoboszlói,Hajdúszoboszló,1,–,7730,4627,1712
Écs,16708,község,Győr-Moson-Sopron,090 0,Pannonhalmi,Pannonhalma,2,[Helyben],1984,2302,864
Ecséd,17181,község,Heves,107 0,Hatvani,Hatvan,1,–,4160,3138,1405
Ecseg,4251,község,Nógrád,118 0,Pásztói,Pásztó,2,[Helyben],2410,1140,511
Ecsegfalva,9432,község,Békés,047 0,Gyomaendrődi,Gyomaendrőd,5,Dévaványa,7899,1008,502
Ecseny,10861,község,Somogy,143 0,Kaposvári,Kaposvár,5,Mernye,1292,204,152
Ecser,24518,nagyközség,Pest,139 0,Vecsési,Vecsés,1,–,1310,4109,1669
Edde,3489,község,Somogy,143 0,Kaposvári,Kaposvár,5,Somogyjád,851,167,83
Edelény,10728,város,Borsod-Abaúj-Zemplén,055 1,Edelényi,Edelény,2,[Helyben],5682,9032,3469
Edve,22442,község,Győr-Moson-Sopron,088 0,Kapuvári,Kapuvár,5,Beled,505,100,72
Eger,20491,"megyeszékhely, megyei jogú város",Heves,104 1,Egri,Eger,1,–,9221,48686,27299
Egerág,28918,község,Baranya,028 0,Pécsi,Pécs,5,Kozármisleny,1301,962,356
Egeralja,33871,község,Veszprém,186 0,Devecseri,Devecser,5,Somlóvásárhely,893,215,112
Egeraracsa,24262,község,Zala,193 0,Keszthelyi,Keszthely,5,Zalaapáti,703,333,167
Egerbakta,12821,község,Heves,104 0,Egri,Eger,2,[Helyben],3237,1404,525
Egerbocs,26019,község,Heves,104 0,Egri,Eger,5,Egercsehi,1595,479,266
Egercsehi,16610,község,Heves,104 0,Egri,Eger,2,[Helyben],1039,1204,636
Egerfarmos,2981,község,Heves,105 0,Füzesabonyi,Füzesabony,5,Szihalom,2380,658,320
Egerlövő,5865,község,Borsod-Abaúj-Zemplén,060 0,Mezőkövesdi,Mezőkövesd,5,Mezőkövesd,1978,507,279
Egerszalók,24758,község,Heves,104 0,Egri,Eger,2,[Helyben],2311,1948,817
Egerszólát,13648,község,Heves,104 0,Egri,Eger,5,Egerszalók,2610,1010,447
Égerszög,13356,község,Borsod-Abaúj-Zemplén,055 0,Edelényi,Edelény,5,Perkupa,1077,51,46
Egervár,33428,község,Zala,197 0,Zalaegerszegi,Zalaegerszeg,2,[Helyben],1028,1054,397
Egervölgy,28796,község,Vas,182 0,Vasvári,Vasvár,5,Kám,886,337,218
Egyed,20288,község,Győr-Moson-Sopron,086 0,Csornai,Csorna,5,Rábapordány,1343,473,229
Egyek,15741,nagyközség,Hajdú-Bihar,093 0,Balmazújvárosi,Balmazújváros,1,–,10475,4772,2174
Egyházasdengeleg,17659,község,Nógrád,118 0,Pásztói,Pásztó,5,Héhalom,1574,388,214
Egyházasfalu,15237,község,Győr-Moson-Sopron,091 0,Soproni,Sopron,5,Iván,2165,853,355
Egyházasgerge,5980,község,Nógrád,120 0,Salgótarjáni,Salgótarján,5,Mihálygerge,1537,655,359
Egyházasharaszti,16498,község,Baranya,031 0,Siklósi,Siklós,5,Nagyharsány,1099,352,123
Egyházashetye,10232,község,Vas,176 0,Celldömölki,Celldömölk,5,Jánosháza,1320,301,178
Egyházashollós,30429,község,Vas,177 0,Körmendi,Körmend,5,Egyházasrádóc,1904,519,261
Egyházaskesző,10445,község,Veszprém,187 0,Pápai,Pápa,5,Csót,2012,448,234
Egyházaskozár,27401,község,Baranya,026 0,Komlói,Komló,2,[Helyben],2431,667,334
Egyházasrádóc,25946,község,Vas,177 0,Körmendi,Körmend,2,[Helyben],2479,1282,529
Elek,32957,város,Békés,048 0,Gyulai,Gyula,2,[Helyben],5491,4231,1992
Ellend,6099,község,Baranya,028 0,Pécsi,Pécs,5,Bogád,799,220,101
Előszállás,20358,nagyközség,Fejér,078 0,Dunaújvárosi,Dunaújváros,1,–,3998,2363,947
Emőd,4677,város,Borsod-Abaúj-Zemplén,061 0,Miskolci,Miskolc,1,–,4937,4712,1916
Encs,33048,város,Borsod-Abaúj-Zemplén,056 1,Encsi,Encs,1,–,2580,6032,2195
Encsencs,32328,község,Szabolcs-Szatmár-Bereg,156 0,Nyírbátori,Nyírbátor,2,[Helyben],3191,1768,652
Endrefalva,25496,község,Nógrád,121 0,Szécsényi,Szécsény,2,[Helyben],1323,1116,443
Endrőc,28273,község,Baranya,033 0,Szigetvári,Szigetvár,5,Kétújfalu,1133,314,132
Enese,15033,község,Győr-Moson-Sopron,087 0,Győri,Győr,2,[Helyben],1989,1873,674
Enying,2802,város,Fejér,079 1,Enyingi,Enying,1,–,8278,6483,2632
Eperjes,22992,község,Csongrád-Csanád,076 0,Szentesi,Szentes,5,Derekegyház,7389,371,310
Eperjeske,18528,község,Szabolcs-Szatmár-Bereg,160 0,Záhonyi,Záhony,2,[Helyben],1355,1017,396
Eplény,33941,község,Veszprém,191 0,Veszprémi,Veszprém,5,Veszprém,828,539,197
Epöl,29638,község,Komárom-Esztergom,110 0,Esztergomi,Esztergom,5,Bajna,1252,610,270
Ercsi,23603,város,Fejér,081 0,Martonvásári,Martonvásár,1,–,6531,7986,3106
Érd,30988,megyei jogú város,Pest,127 1,Érdi,Érd,1,–,6331,71495,26643
Erdőbénye,25326,község,Borsod-Abaúj-Zemplén,069 0,Tokaji,Tokaj,5,Bodrogkeresztúr,4580,915,712
Erdőhorváti,22503,község,Borsod-Abaúj-Zemplén,064 0,Sárospataki,Sárospatak,5,Tolcsva,5011,523,317
Erdőkertes,13480,község,Pest,128 0,Gödöllői,Gödöllő,1,–,575,10026,3537
Erdőkövesd,28556,község,Heves,109 0,Pétervásárai,Pétervására,5,Pétervására,1718,634,300
Erdőkürt,22655,község,Nógrád,118 0,Pásztói,Pásztó,5,Héhalom,2172,450,266
Erdősmárok,25821,község,Baranya,027 0,Mohácsi,Mohács,5,Himesháza,814,83,53
Erdősmecske,18704,község,Baranya,029 0,Pécsváradi,Pécsvárad,5,Erzsébet,2644,309,174
Erdőtarcsa,21795,község,Nógrád,118 0,Pásztói,Pásztó,5,Kálló,1507,519,230
Erdőtelek,24235,község,Heves,108 0,Hevesi,Heves,1,–,4490,3291,1363
Erk,20118,község,Heves,108 0,Hevesi,Heves,5,Tarnaörs,2168,1014,312
Érpatak,10852,község,Szabolcs-Szatmár-Bereg,155 0,Nagykállói,Nagykálló,5,Bököny,3164,1616,636
Érsekcsanád,11864,község,Bács-Kiskun,035 0,Bajai,Baja,1,–,5829,2756,1052
Érsekhalma,33589,község,Bács-Kiskun,035 0,Bajai,Baja,5,Nemesnádudvar,2756,539,258
Érsekvadkert,21582,község,Nógrád,116 0,Balassagyarmati,Balassagyarmat,1,–,5538,3393,1385
Értény,8448,község,Tolna,174 0,Tamási,Tamási,5,Iregszemcse,2995,706,262
Erzsébet,13499,község,Baranya,029 0,Pécsváradi,Pécsvárad,2,[Helyben],975,247,131
Esztár,25469,község,Hajdú-Bihar,096 0,Derecskei,Derecske,2,[Helyben],3171,1234,506
Eszteregnye,6178,község,Zala,196 0,Nagykanizsai,Nagykanizsa,5,Murakeresztúr,2008,630,286
Esztergályhorváti,15769,község,Zala,193 0,Keszthelyi,Keszthely,5,Zalaapáti,1668,439,216
Esztergom,25131,megyei jogú város,Komárom-Esztergom,110 1,Esztergomi,Esztergom,1,–,10011,28521,12440
Ete,6664,község,Komárom-Esztergom,111 0,Kisbéri,Kisbér,5,Tárkány,2062,567,243
Etes,15370,község,Nógrád,120 0,Salgótarjáni,Salgótarján,2,[Helyben],1580,1294,685
Etyek,2316,nagyközség,Fejér,077 0,Bicskei,Bicske,1,–,5327,4510,1701
Fábiánháza,23250,község,Szabolcs-Szatmár-Bereg,154 0,Mátészalkai,Mátészalka,2,[Helyben],2735,1644,754
Fábiánsebestyén,19974,község,Csongrád-Csanád,076 0,Szentesi,Szentes,2,[Helyben],7173,1847,897
Fácánkert,24192,község,Tolna,175 0,Tolnai,Tolna,5,Tolna,1070,652,279
Fadd,18980,nagyközség,Tolna,175 0,Tolnai,Tolna,1,–,6754,4035,1642
Fáj,2741,község,Borsod-Abaúj-Zemplén,056 0,Encsi,Encs,5,Szalaszend,1933,510,86
Fajsz,3230,község,Bács-Kiskun,037 0,Kalocsai,Kalocsa,2,[Helyben],3199,1549,818
Fancsal,12557,község,Borsod-Abaúj-Zemplén,056 0,Encsi,Encs,5,Forró,977,309,153
Farád,33996,község,Győr-Moson-Sopron,086 0,Csornai,Csorna,2,[Helyben],2879,1890,770
Farkasgyepű,10250,község,Veszprém,183 0,Ajkai,Ajka,5,Városlőd,1005,400,172
Farkaslyuk,34272,község,Borsod-Abaúj-Zemplén,062 0,Ózdi,Ózd,5,Nekézseny,502,1890,538
Farmos,9122,község,Pest,131 0,Nagykátai,Nagykáta,1,–,4012,3414,1562
Fazekasboda,17835,község,Baranya,029 0,Pécsváradi,Pécsvárad,5,Erzsébet,702,179,98
Fedémes,12432,község,Heves,109 0,Pétervásárai,Pétervására,5,Tarnalelesz,862,282,170
Fegyvernek,16647,város,Jász-Nagykun-Szolnok,169 0,Törökszentmiklósi,Törökszentmiklós,1,–,7148,6000,2594
Fehérgyarmat,18971,város,Szabolcs-Szatmár-Bereg,150 1,Fehérgyarmati,Fehérgyarmat,1,–,5245,6809,3245
Fehértó,6956,község,Győr-Moson-Sopron,087 0,Győri,Győr,5,Enese,1138,472,224
Fehérvárcsurgó,32203,község,Fejér,082 0,Móri,Mór,1,–,2964,2098,847
Feked,4543,község,Baranya,027 0,Mohácsi,Mohács,5,Palotabozsok,1933,187,119
Feketeerdő,32717,község,Győr-Moson-Sopron,089 0,Mosonmagyaróvári,Mosonmagyaróvár,5,Dunakiliti,674,676,261
Felcsút,29939,község,Fejér,077 0,Bicskei,Bicske,2,[Helyben],2202,2014,725
Feldebrő,20747,község,Heves,104 0,Egri,Eger,5,Verpelét,2652,1023,546
Felgyő,22646,község,Csongrád-Csanád,070 0,Csongrádi,Csongrád,5,Tömörkény,7673,1085,532
Felpéc,33251,község,Győr-Moson-Sopron,092 0,Téti,Tét,5,Gyarmat,2247,973,400
Felsőberecki,8174,község,Borsod-Abaúj-Zemplén,065 0,Sátoraljaújhelyi,Sátoraljaújhely,5,Mikóháza,353,234,117
Felsőcsatár,13587,község,Vas,181 0,Szombathelyi,Szombathely,5,Torony,1790,498,211
Felsődobsza,9742,község,Borsod-Abaúj-Zemplén,057 0,Gönci,Gönc,5,Abaújszántó,1523,833,317
Felsőegerszeg,13286,község,Baranya,025 0,Hegyháti,Sásd,5,Sásd,484,117,67
Felsőgagy,29708,község,Borsod-Abaúj-Zemplén,056 0,Encsi,Encs,5,Krasznokvajda,1447,219,81
Felsőjánosfa,8013,község,Vas,177 0,Körmendi,Körmend,5,Őriszentpéter,306,168,87
Felsőkelecsény,31723,község,Borsod-Abaúj-Zemplén,063 0,Putnoki,Putnok,5,Felsőnyárád,799,355,136
Felsőlajos,33598,község,Bács-Kiskun,038 0,Kecskeméti,Kecskemét,5,Lajosmizse,1141,1003,412
Felsőmarác,29841,község,Vas,177 0,Körmendi,Körmend,5,Ivánc,1744,251,183
Felsőmocsolád,13985,község,Somogy,143 0,Kaposvári,Kaposvár,5,Mernye,1651,311,240
Felsőnána,15820,község,Tolna,170 0,Bonyhádi,Bonyhád,5,Zomba,1890,563,233
Felsőnyárád,32762,község,Borsod-Abaúj-Zemplén,063 0,Putnoki,Putnok,2,[Helyben],1167,869,376
Felsőnyék,17914,község,Tolna,174 0,Tamási,Tamási,5,Magyarkeszi,3202,1008,489
Felsőörs,24369,község,Veszprém,184 0,Balatonalmádi,Balatonalmádi,5,Balatonalmádi,1723,2093,821
Felsőpáhok,11642,község,Zala,193 0,Keszthelyi,Keszthely,5,Zalacsány,727,686,352
Felsőpakony,6035,nagyközség,Pest,129 0,Gyáli,Gyál,1,–,1533,3756,1336
Felsőpetény,24323,község,Nógrád,119 0,Rétsági,Rétság,5,Nőtincs,1450,571,264
Felsőrajk,21476,község,Zala,196 0,Nagykanizsai,Nagykanizsa,5,Garabonc,2054,746,330
Felsőregmec,7588,község,Borsod-Abaúj-Zemplén,065 0,Sátoraljaújhelyi,Sátoraljaújhely,5,Mikóháza,1075,316,82
Felsőszenterzsébet,30890,község,Zala,194 0,Lenti,Lenti,5,Csesztreg,824,15,16
Felsőszentiván,2954,község,Bács-Kiskun,035 0,Bajai,Baja,2,[Helyben],5354,1681,818
Felsőszentmárton,8819,község,Baranya,030 0,Sellyei,Sellye,5,Sellye,1946,715,500
Felsőszölnök,23287,község,Vas,180 0,Szentgotthárdi,Szentgotthárd,5,Alsószölnök,2356,523,305
Felsőtárkány,16328,község,Heves,104 0,Egri,Eger,2,[Helyben],7732,3444,1318
Felsőtelekes,31671,község,Borsod-Abaúj-Zemplén,058 0,Kazincbarcikai,Kazincbarcika,5,Ormosbánya,845,632,284
Felsőtold,33312,község,Nógrád,118 0,Pásztói,Pásztó,5,Mátraszőlős,1083,127,103
Felsővadász,23533,község,Borsod-Abaúj-Zemplén,067 0,Szikszói,Szikszó,5,Homrogd,1864,565,164
Felsőzsolca,2848,város,Borsod-Abaúj-Zemplén,061 0,Miskolci,Miskolc,1,–,1625,6375,2241
Fényeslitke,22415,község,Szabolcs-Szatmár-Bereg,153 0,Kisvárdai,Kisvárda,1,–,2515,2256,834
Fenyőfő,30678,község,Győr-Moson-Sopron,090 0,Pannonhalmi,Pannonhalma,5,Bakonyszentlászló,2965,92,88
Ferencszállás,18999,község,Csongrád-Csanád,075 0,Szegedi,Szeged,5,Kübekháza,579,603,270
Fertőboz,11253,község,Győr-Moson-Sopron,091 0,Soproni,Sopron,5,Nagycenk,1367,304,120
Fertőd,9885,város,Győr-Moson-Sopron,091 0,Soproni,Sopron,1,–,4854,3409,1549
Fertőendréd,9487,község,Győr-Moson-Sopron,091 0,Soproni,Sopron,5,Petőháza,1509,617,256
Fertőhomok,10658,község,Győr-Moson-Sopron,091 0,Soproni,Sopron,5,Hegykő,1261,906,419
Fertőrákos,12414,község,Győr-Moson-Sopron,091 0,Soproni,Sopron,1,–,2190,2473,1079
Fertőszentmiklós,15343,város,Győr-Moson-Sopron,091 0,Soproni,Sopron,1,–,3939,3933,1596
Fertőszéplak,31440,község,Győr-Moson-Sopron,091 0,Soproni,Sopron,2,[Helyben],2178,1425,565
Fiad,31644,község,Somogy,147 0,Tabi,Tab,5,Andocs,1491,104,76
Filkeháza,25238,község,Borsod-Abaúj-Zemplén,065 0,Sátoraljaújhelyi,Sátoraljaújhely,5,Pálháza,441,77,37
Fityeház,19187,község,Zala,196 0,Nagykanizsai,Nagykanizsa,5,Murakeresztúr,650,561,253
Foktő,2149,község,Bács-Kiskun,037 0,Kalocsai,Kalocsa,5,Fajsz,3146,1354,721
Folyás,34014,község,Hajdú-Bihar,099 0,Hajdúnánási,Hajdúnánás,5,Hajdúnánás,5393,259,154
Fonó,22026,község,Somogy,143 0,Kaposvári,Kaposvár,5,Baté,1061,298,146
Fony,17932,község,Borsod-Abaúj-Zemplén,057 0,Gönci,Gönc,5,Telkibánya,4056,318,200
Fonyód,14632,város,Somogy,142 1,Fonyódi,Fonyód,1,–,5355,5055,3058
Forráskút,33020,község,Csongrád-Csanád,074 0,Mórahalmi,Mórahalom,1,–,3667,2009,1019
Forró,30483,község,Borsod-Abaúj-Zemplén,056 0,Encsi,Encs,2,[Helyben],1903,2669,800
Fót,32610,város,Pest,126 0,Dunakeszi,Dunakeszi,2,[Helyben],3740,20823,7786
Földeák,9210,község,Csongrád-Csanád,073 0,Makói,Makó,2,[Helyben],3637,2869,1451
Földes,3258,nagyközség,Hajdú-Bihar,102 0,Püspökladányi,Püspökladány,1,–,6524,3602,1683
Főnyed,22707,község,Somogy,144 0,Marcali,Marcali,5,Balatonszentgyörgy,573,72,52
Fulókércs,22123,község,Borsod-Abaúj-Zemplén,056 0,Encsi,Encs,5,Méra,1860,471,117
Furta,16993,község,Hajdú-Bihar,094 0,Berettyóújfalui,Berettyóújfalu,2,[Helyben],4286,1170,566
Füle,6114,község,Fejér,085 0,Székesfehérvári,Székesfehérvár,5,Jenő,3032,851,405
Fülesd,10791,község,Szabolcs-Szatmár-Bereg,150 0,Fehérgyarmati,Fehérgyarmat,5,Kölcse,1505,383,178
Fülöp,22150,község,Hajdú-Bihar,101 0,Nyíradonyi,Nyíradony,5,Nyírábrány,5595,1573,709
Fülöpháza,31468,község,Bács-Kiskun,038 0,Kecskeméti,Kecskemét,5,Kerekegyháza,4706,857,435
Fülöpjakab,33622,község,Bács-Kiskun,038 0,Kecskeméti,Kecskemét,5,Kunszállás,2316,1173,522
Fülöpszállás,14058,község,Bács-Kiskun,039 0,Kiskőrösi,Kiskőrös,1,–,9132,2255,1150
Fülpösdaróc,14377,község,Szabolcs-Szatmár-Bereg,154 0,Mátészalkai,Mátészalka,5,Győrtelek,425,380,108
Fürged,17950,község,Tolna,174 0,Tamási,Tamási,5,Ozora,2676,622,248
Füzér,17109,község,Borsod-Abaúj-Zemplén,065 0,Sátoraljaújhelyi,Sátoraljaújhely,5,Mikóháza,3749,320,222
Füzérkajata,6460,község,Borsod-Abaúj-Zemplén,065 0,Sátoraljaújhelyi,Sátoraljaújhely,5,Pálháza,1144,123,81
Füzérkomlós,11378,község,Borsod-Abaúj-Zemplén,065 0,Sátoraljaújhelyi,Sátoraljaújhely,5,Pálháza,587,290,121
Füzérradvány,10366,község,Borsod-Abaúj-Zemplén,065 0,Sátoraljaújhelyi,Sátoraljaújhely,5,Mikóháza,981,265,163
Füzesabony,3276,város,Heves,105 1,Füzesabonyi,Füzesabony,1,–,4634,7098,3088
Füzesgyarmat,12256,város,Békés,053 0,Szeghalmi,Szeghalom,1,–,12734,4871,2381
Fűzvölgy,16531,község,Zala,196 0,Nagykanizsai,Nagykanizsa,5,Hahót,314,134,56
Gáborján,18175,község,Hajdú-Bihar,094 0,Berettyóújfalui,Berettyóújfalu,5,Váncsod,2646,832,365
Gáborjánháza,17516,község,Zala,194 0,Lenti,Lenti,5,Rédics,507,69,62
Gacsály,13727,község,Szabolcs-Szatmár-Bereg,150 0,Fehérgyarmati,Fehérgyarmat,5,Rozsály,1982,814,289
Gadács,28264,község,Somogy,143 0,Kaposvári,Kaposvár,5,Igal,386,74,59
Gadány,26222,község,Somogy,144 0,Marcali,Marcali,5,Mesztegnyő,1970,302,149
Gadna,5494,község,Borsod-Abaúj-Zemplén,067 0,Szikszói,Szikszó,5,Homrogd,809,310,61
Gádoros,9511,nagyközség,Békés,050 0,Orosházi,Orosháza,1,–,3813,3254,1699
Gagyapáti,28732,község,Borsod-Abaúj-Zemplén,056 0,Encsi,Encs,5,Krasznokvajda,323,33,16
Gagybátor,28307,község,Borsod-Abaúj-Zemplén,067 0,Szikszói,Szikszó,5,Selyeb,1877,214,73
Gagyvendégi,3744,község,Borsod-Abaúj-Zemplén,067 0,Szikszói,Szikszó,5,Selyeb,1232,202,98
Galambok,12991,község,Zala,196 0,Nagykanizsai,Nagykanizsa,2,[Helyben],2591,1226,587
Galgaguta,25663,község,Nógrád,116 0,Balassagyarmati,Balassagyarmat,2,[Helyben],1589,608,286
Galgagyörk,13295,község,Pest,138 0,Váci,Vác,5,Püspökhatvan,1472,930,342
Galgahévíz,19503,község,Pest,122 0,Aszódi,Aszód,1,–,3118,2542,1014
Galgamácsa,27128,község,Pest,122 0,Aszódi,Aszód,2,[Helyben],4331,1857,746
Gálosfa,6585,község,Somogy,143 0,Kaposvári,Kaposvár,5,Baté,1976,224,107
Galvács,19293,község,Borsod-Abaúj-Zemplén,055 0,Edelényi,Edelény,5,Szendrő,1504,82,70
Gamás,6451,község,Somogy,142 0,Fonyódi,Fonyód,5,Látrány,4292,625,362
Ganna,12742,község,Veszprém,187 0,Pápai,Pápa,5,Pápakovácsi,1547,248,125
Gánt,15750,község,Fejér,077 0,Bicskei,Bicske,5,Csákvár,5815,727,310
Gara,31848,község,Bács-Kiskun,035 0,Bajai,Baja,2,[Helyben],5996,2086,893
Garáb,18494,község,Nógrád,118 0,Pásztói,Pásztó,5,Mátraszőlős,820,40,37
Garabonc,12946,község,Zala,196 0,Nagykanizsai,Nagykanizsa,2,[Helyben],1856,617,292
Garadna,10904,község,Borsod-Abaúj-Zemplén,056 0,Encsi,Encs,5,Novajidrány,975,358,188
Garbolc,4996,község,Szabolcs-Szatmár-Bereg,150 0,Fehérgyarmati,Fehérgyarmat,2,[Helyben],723,124,70
Gárdony,10296,város,Fejér,080 1,Gárdonyi,Gárdony,1,–,6353,13811,6417
Garé,7560,község,Baranya,031 0,Siklósi,Siklós,5,Diósviszló,853,277,110
Gasztony,30906,község,Vas,180 0,Szentgotthárdi,Szentgotthárd,5,Rátót,1427,404,211
Gátér,26383,község,Bács-Kiskun,040 0,Kiskunfélegyházi,Kiskunfélegyháza,5,Petőfiszállás,3089,844,449
Gávavencsellő,5801,nagyközség,Szabolcs-Szatmár-Bereg,151 0,Ibrányi,Ibrány,2,[Helyben],6682,3271,1469
Géberjén,3629,község,Szabolcs-Szatmár-Bereg,154 0,Mátészalkai,Mátészalka,5,Nagyecsed,538,426,198
Gecse,9292,község,Veszprém,187 0,Pápai,Pápa,5,Vaszar,933,394,178
Géderlak,3577,község,Bács-Kiskun,037 0,Kalocsai,Kalocsa,2,[Helyben],1894,864,460
Gégény,5670,község,Szabolcs-Szatmár-Bereg,152 0,Kemecsei,Kemecse,5,Demecser,2344,1748,714
Gelej,23719,község,Borsod-Abaúj-Zemplén,059 0,Mezőcsáti,Mezőcsát,5,Tiszatarján,3211,543,233
Gelénes,4613,község,Szabolcs-Szatmár-Bereg,159 0,Vásárosnaményi,Vásárosnamény,5,Csaroda,2055,496,237
Gellénháza,8068,község,Zala,197 0,Zalaegerszegi,Zalaegerszeg,2,[Helyben],523,1469,643
Gelse,12089,község,Zala,196 0,Nagykanizsai,Nagykanizsa,5,Újudvar,2247,970,439
Gelsesziget,9089,község,Zala,196 0,Nagykanizsai,Nagykanizsa,5,Újudvar,498,259,104
Gemzse,13000,község,Szabolcs-Szatmár-Bereg,159 0,Vásárosnaményi,Vásárosnamény,5,Ilk,1359,799,269
Gencsapáti,24183,község,Vas,181 0,Szombathelyi,Szombathely,1,–,2239,2674,975
Gérce,26152,község,Vas,179 0,Sárvári,Sárvár,2,[Helyben],1830,1074,483
Gerde,12751,község,Baranya,032 0,Szentlőrinci,Szentlőrinc,5,Királyegyháza,1276,470,187
Gerendás,7393,község,Békés,046 0,Békéscsabai,Békéscsaba,5,Kétsoprony,4078,1024,649
Gerényes,13347,község,Baranya,025 0,Hegyháti,Sásd,5,Vásárosdombó,1234,203,95
Geresdlak,2857,község,Baranya,029 0,Pécsváradi,Pécsvárad,5,Erzsébet,2528,735,385
Gerjen,5731,község,Tolna,172 0,Paksi,Paks,5,Dunaszentgyörgy,3628,1159,568
Gersekarát,30942,község,Vas,182 0,Vasvári,Vasvár,5,Kám,1992,619,332
Geszt,17394,község,Békés,051 0,Sarkadi,Sarkad,5,Kötegyán,5139,642,327
Gesztely,15608,község,Borsod-Abaúj-Zemplén,061 0,Miskolci,Miskolc,1,–,2882,2628,935
Geszteréd,28893,község,Szabolcs-Szatmár-Bereg,155 0,Nagykállói,Nagykálló,2,[Helyben],3352,1578,742
Gétye,20039,község,Zala,193 0,Keszthelyi,Keszthely,5,Zalaapáti,666,98,91
Gibárt,20969,község,Borsod-Abaúj-Zemplén,057 0,Gönci,Gönc,5,Abaújkér,533,340,140
Gic,16717,község,Veszprém,187 0,Pápai,Pápa,5,Pápateszér,1968,328,145
Gige,9177,község,Somogy,143 0,Kaposvári,Kaposvár,5,Csököly,1319,392,124
Gilvánfa,18333,község,Baranya,030 0,Sellyei,Sellye,5,Csányoszró,1543,324,118
Girincs,21564,község,Borsod-Abaúj-Zemplén,068 0,Tiszaújvárosi,Tiszaújváros,5,Kesznyéten,1120,894,286
Gógánfa,18193,község,Veszprém,188 0,Sümegi,Sümeg,2,[Helyben],1317,690,313
Golop,13134,község,Borsod-Abaúj-Zemplén,066 0,Szerencsi,Szerencs,5,Tállya,943,568,291
Gomba,9441,község,Pest,130 0,Monori,Monor,2,[Helyben],3973,3192,1244
Gombosszeg,17613,község,Zala,197 0,Zalaegerszegi,Zalaegerszeg,5,Gellénháza,216,66,30
Gór,11156,község,Vas,179 0,Sárvári,Sárvár,5,Bő,1099,340,177
Gordisa,33084,község,Baranya,031 0,Siklósi,Siklós,5,Kovácshida,1088,285,95
Gosztola,13569,község,Zala,194 0,Lenti,Lenti,5,Rédics,698,67,52
Göd,23649,város,Pest,126 0,Dunakeszi,Dunakeszi,1,–,2444,21838,8258
Gödöllő,32559,város,Pest,128 1,Gödöllői,Gödöllő,1,–,6193,32410,13676
Gödre,33233,község,Baranya,025 0,Hegyháti,Sásd,5,Sásd,3993,708,382
Gölle,30571,község,Somogy,143 0,Kaposvári,Kaposvár,2,[Helyben],4469,715,412
Gömörszőlős,9706,község,Borsod-Abaúj-Zemplén,063 0,Putnoki,Putnok,5,Királd,877,69,50
Gönc,15936,város,Borsod-Abaúj-Zemplén,057 1,Gönci,Gönc,2,[Helyben],3727,1928,862
Göncruszka,18643,község,Borsod-Abaúj-Zemplén,057 0,Gönci,Gönc,5,Vilmány,1670,653,314
Gönyű,2060,község,Győr-Moson-Sopron,087 0,Győri,Győr,1,–,2171,3262,1234
Görbeháza,16568,község,Hajdú-Bihar,099 0,Hajdúnánási,Hajdúnánás,1,–,8021,2237,1043
Görcsöny,30438,község,Baranya,028 0,Pécsi,Pécs,5,Regenye,1852,1588,532
Görcsönydoboka,9636,község,Baranya,027 0,Mohácsi,Mohács,5,Somberek,951,324,177
Görgeteg,14599,község,Somogy,145 0,Nagyatádi,Nagyatád,5,Lábod,3350,1007,432
Gősfa,29771,község,Zala,197 0,Zalaegerszegi,Zalaegerszeg,5,Egervár,1045,308,128
Grábóc,26727,község,Tolna,170 0,Bonyhádi,Bonyhád,5,Bonyhád,1373,153,84
Gulács,29443,község,Szabolcs-Szatmár-Bereg,159 0,Vásárosnaményi,Vásárosnamény,5,Tarpa,2335,919,359
Gutorfölde,2097,község,Zala,197 0,Zalaegerszegi,Zalaegerszeg,5,Bak,2485,849,471
Gyál,25627,város,Pest,129 1,Gyáli,Gyál,1,–,2493,24267,8451
Gyalóka,17969,község,Győr-Moson-Sopron,091 0,Soproni,Sopron,5,Sopronhorpács,393,89,48
Gyanógeregye,27030,község,Vas,181 0,Szombathelyi,Szombathely,5,Sorkifalud,707,154,63
Gyarmat,26860,község,Győr-Moson-Sopron,092 0,Téti,Tét,2,[Helyben],2245,1358,584
Gyékényes,30960,község,Somogy,141 0,Csurgói,Csurgó,5,Somogyudvarhely,3376,973,501
Gyenesdiás,23302,nagyközség,Zala,193 0,Keszthelyi,Keszthely,2,[Helyben],1850,3964,2137
Gyepükaján,28671,község,Veszprém,188 0,Sümegi,Sümeg,5,Sümeg,911,334,156
Gyermely,6521,község,Komárom-Esztergom,115 0,Tatabányai,Tatabánya,2,[Helyben],4547,1545,595
Gyód,18315,község,Baranya,028 0,Pécsi,Pécs,5,Keszü,325,788,309
Gyomaendrőd,33455,város,Békés,047 1,Gyomaendrődi,Gyomaendrőd,2,[Helyben],30394,11828,6735
Gyóró,23843,község,Győr-Moson-Sopron,088 0,Kapuvári,Kapuvár,5,Mihályi,1164,364,152
Gyömöre,20400,község,Győr-Moson-Sopron,092 0,Téti,Tét,2,[Helyben],2049,1244,503
Gyömrő,29735,város,Pest,130 0,Monori,Monor,1,–,2651,20355,7409
Gyöngyfa,28404,község,Baranya,032 0,Szentlőrinci,Szentlőrinc,5,Királyegyháza,878,123,52
Gyöngyös,5236,város,Heves,106 1,Gyöngyösi,Gyöngyös,2,[Helyben],5526,27294,14915
Gyöngyösfalu,11943,község,Vas,178 0,Kőszegi,Kőszeg,5,Lukácsháza,965,1080,432
Gyöngyöshalász,17534,község,Heves,106 0,Gyöngyösi,Gyöngyös,1,–,2719,2576,1083
Gyöngyösmellék,22664,község,Baranya,033 0,Szigetvári,Szigetvár,5,Kétújfalu,1002,269,98
Gyöngyösoroszi,13338,község,Heves,106 0,Gyöngyösi,Gyöngyös,5,Gyöngyöstarján,2139,1417,559
Gyöngyöspata,8323,város,Heves,106 0,Gyöngyösi,Gyöngyös,1,–,6075,2204,1041
Gyöngyössolymos,19123,község,Heves,106 0,Gyöngyösi,Gyöngyös,2,[Helyben],6485,2695,1251
Gyöngyöstarján,28088,község,Heves,106 0,Gyöngyösi,Gyöngyös,2,[Helyben],4639,2160,979
Gyönk,30289,város,Tolna,174 0,Tamási,Tamási,2,[Helyben],3812,1602,678
Győr,25584,"megyeszékhely, megyei jogú város",Győr-Moson-Sopron,087 1,Győri,Győr,1,–,17456,129373,64528
Győrasszonyfa,8721,község,Győr-Moson-Sopron,090 0,Pannonhalmi,Pannonhalma,5,Tápszentmiklós,648,506,208
Györe,25539,község,Tolna,170 0,Bonyhádi,Bonyhád,5,Aparhant,1132,562,250
Györgytarló,5069,község,Borsod-Abaúj-Zemplén,064 0,Sárospataki,Sárospatak,5,Kenézlő,3019,463,201
Györköny,12326,község,Tolna,172 0,Paksi,Paks,5,Pusztahencse,3160,989,467
Győrladamér,13198,község,Győr-Moson-Sopron,087 0,Győri,Győr,5,Dunaszentpál,861,1937,660
Győröcske,28945,község,Szabolcs-Szatmár-Bereg,160 0,Záhonyi,Záhony,5,Záhony,211,114,53
Győrság,31316,község,Győr-Moson-Sopron,087 0,Győri,Győr,5,Töltéstava,820,1725,677
Győrsövényház,19309,község,Győr-Moson-Sopron,087 0,Győri,Győr,5,Enese,2420,783,312
Győrszemere,15653,község,Győr-Moson-Sopron,092 0,Téti,Tét,1,–,3310,3617,1362
Győrtelek,10126,község,Szabolcs-Szatmár-Bereg,154 0,Mátészalkai,Mátészalka,2,[Helyben],1477,1584,477
Győrújbarát,7481,község,Győr-Moson-Sopron,087 0,Győri,Győr,1,–,3360,8303,3101
Győrújfalu,31787,község,Győr-Moson-Sopron,087 0,Győri,Győr,1,–,737,2519,1067
Győrvár,9724,község,Vas,182 0,Vasvári,Vasvár,2,[Helyben],1660,601,286
Győrzámoly,15228,község,Győr-Moson-Sopron,087 0,Győri,Győr,1,–,2676,3994,1312
Gyugy,23904,község,Somogy,142 0,Fonyódi,Fonyód,5,Lengyeltóti,1531,304,146
Gyula,5032,város,Békés,048 1,Gyulai,Gyula,1,–,25579,27616,14462
Gyulaháza,7676,község,Szabolcs-Szatmár-Bereg,153 0,Kisvárdai,Kisvárda,2,[Helyben],2207,1708,646
Gyulaj,30359,község,Tolna,171 0,Dombóvári,Dombóvár,5,Kurd,7082,772,316
Gyulakeszi,9520,község,Veszprém,189 0,Tapolcai,Tapolca,5,Tapolca,967,622,254
Gyúró,15918,község,Fejér,081 0,Martonvásári,Martonvásár,5,Vál,2439,1334,517
Gyügye,19558,község,Szabolcs-Szatmár-Bereg,150 0,Fehérgyarmati,Fehérgyarmat,5,Tunyogmatolcs,433,273,130
Gyüre,33774,község,Szabolcs-Szatmár-Bereg,159 0,Vásárosnaményi,Vásárosnamény,5,Aranyosapáti,1587,1178,428
Gyűrűs,12539,község,Zala,197 0,Zalaegerszegi,Zalaegerszeg,5,Pókaszepetk,419,77,52
Hács,18634,község,Somogy,142 0,Fonyódi,Fonyód,5,Lengyeltóti,2128,345,186
Hagyárosbörönd,10931,község,Zala,197 0,Zalaegerszegi,Zalaegerszeg,5,Bagod,1125,274,137
Hahót,10269,község,Zala,196 0,Nagykanizsai,Nagykanizsa,2,[Helyben],3901,904,458
Hajdúbagos,26170,község,Hajdú-Bihar,096 0,Derecskei,Derecske,1,–,3744,1944,830
Hajdúböszörmény,3045,város,Hajdú-Bihar,097 1,Hajdúböszörményi,Hajdúböszörmény,1,–,37074,29304,12523
Hajdúdorog,12803,város,Hajdú-Bihar,097 0,Hajdúböszörményi,Hajdúböszörmény,1,–,10065,8272,3540
Hajdúhadház,10393,város,Hajdú-Bihar,098 1,Hajdúhadházi,Hajdúhadház,1,–,8782,13104,4105
Hajdúnánás,22406,város,Hajdú-Bihar,099 1,Hajdúnánási,Hajdúnánás,2,[Helyben],25961,15986,7015
Hajdúsámson,31097,város,Hajdú-Bihar,095 0,Debreceni,Debrecen,1,–,6947,14220,5129
Hajdúszoboszló,5175,város,Hajdú-Bihar,100 1,Hajdúszoboszlói,Hajdúszoboszló,1,–,23862,23871,11976
Hajdúszovát,17473,község,Hajdú-Bihar,100 0,Hajdúszoboszlói,Hajdúszoboszló,1,–,5800,2918,1080
Hajmás,25830,község,Somogy,143 0,Kaposvári,Kaposvár,5,Baté,1111,208,73
Hajmáskér,15361,község,Veszprém,191 0,Veszprémi,Veszprém,2,[Helyben],3814,2963,1248
Hajós,18759,város,Bács-Kiskun,037 0,Kalocsai,Kalocsa,1,–,8992,2684,1365
Halastó,29452,község,Vas,177 0,Körmendi,Körmend,5,Molnaszecsőd,565,79,63
Halászi,26790,község,Győr-Moson-Sopron,089 0,Mosonmagyaróvári,Mosonmagyaróvár,2,[Helyben],3645,3279,1234
Halásztelek,9690,város,Pest,136 0,Szigetszentmiklósi,Szigetszentmiklós,1,–,864,12084,4605
Halimba,7898,község,Veszprém,183 0,Ajkai,Ajka,5,Nyirád,1262,1143,441
Halmaj,27942,község,Borsod-Abaúj-Zemplén,067 0,Szikszói,Szikszó,2,[Helyben],1259,1712,583
Halmajugra,11411,község,Heves,106 0,Gyöngyösi,Gyöngyös,5,Markaz,2168,1297,431
Halogy,10676,község,Vas,177 0,Körmendi,Körmend,5,Nádasd,705,255,142
Hangács,11226,község,Borsod-Abaúj-Zemplén,055 0,Edelényi,Edelény,5,Borsodszirák,2253,591,238
Hangony,25104,község,Borsod-Abaúj-Zemplén,062 0,Ózdi,Ózd,2,[Helyben],3914,1386,570
Hantos,23427,község,Fejér,084 0,Sárbogárdi,Sárbogárd,5,Nagylók,3696,831,367
Harasztifalu,5713,község,Vas,177 0,Körmendi,Körmend,5,Vasalja,789,180,85
Harc,14164,község,Tolna,173 0,Szekszárdi,Szekszárd,5,Kölesd,1586,763,327
Harka,7649,község,Győr-Moson-Sopron,091 0,Soproni,Sopron,1,–,1100,3159,1044
Harkakötöny,8350,község,Bács-Kiskun,041 0,Kiskunhalasi,Kiskunhalas,5,Kiskunhalas,5270,689,377
Harkány,21528,város,Baranya,031 0,Siklósi,Siklós,1,–,2569,4765,2373
Háromfa,8837,község,Somogy,145 0,Nagyatádi,Nagyatád,5,Lábod,4214,622,312
Háromhuta,12706,község,Borsod-Abaúj-Zemplén,064 0,Sárospataki,Sárospatak,5,Tolcsva,3780,114,93
Harsány,5847,község,Borsod-Abaúj-Zemplén,061 0,Miskolci,Miskolc,1,–,3653,1877,810
Hárskút,25566,község,Veszprém,191 0,Veszprémi,Veszprém,5,Márkó,3446,662,260
Harta,18458,nagyközség,Bács-Kiskun,037 0,Kalocsai,Kalocsa,2,[Helyben],12968,3310,1602
Hásságy,27881,község,Baranya,024 0,Bólyi,Bóly,5,Szederkény,800,257,141
Hatvan,22309,város,Heves,107 1,Hatvani,Hatvan,1,–,6631,19505,9267
Hédervár,12308,község,Győr-Moson-Sopron,089 0,Mosonmagyaróvári,Mosonmagyaróvár,5,Darnózseli,1428,1356,531
Hedrehely,16726,község,Somogy,143 0,Kaposvári,Kaposvár,5,Mike,2551,321,172
Hegyesd,2422,község,Veszprém,189 0,Tapolcai,Tapolca,5,Monostorapáti,1105,145,94
Hegyeshalom,17905,nagyközség,Győr-Moson-Sopron,089 0,Mosonmagyaróvári,Mosonmagyaróvár,2,[Helyben],5266,3663,1745
Hegyfalu,32188,község,Vas,179 0,Sárvári,Sárvár,5,Bő,1189,726,312
Hegyháthodász,14997,község,Vas,177 0,Körmendi,Körmend,5,Nádasd,808,152,103
Hegyhátmaróc,30951,község,Baranya,026 0,Komlói,Komló,5,Egyházaskozár,759,118,84
Hegyhátsál,30216,község,Vas,177 0,Körmendi,Körmend,5,Nádasd,458,134,87
Hegyhátszentjakab,18032,község,Vas,177 0,Körmendi,Körmend,5,Őriszentpéter,947,262,175
Hegyhátszentmárton,21838,község,Vas,177 0,Körmendi,Körmend,5,Ivánc,1274,59,48
Hegyhátszentpéter,8226,község,Vas,182 0,Vasvári,Vasvár,5,Győrvár,684,140,86
Hegykő,18403,község,Győr-Moson-Sopron,091 0,Soproni,Sopron,2,[Helyben],2680,1686,697
Hegymagas,25803,község,Veszprém,189 0,Tapolcai,Tapolca,5,Szigliget,789,294,135
Hegymeg,2468,község,Borsod-Abaúj-Zemplén,055 0,Edelényi,Edelény,5,Borsodszirák,570,100,55
Hegyszentmárton,21023,község,Baranya,030 0,Sellyei,Sellye,5,Baksa,1878,383,162
Héhalom,3993,község,Nógrád,118 0,Pásztói,Pásztó,2,[Helyben],1867,921,402
Hejce,22187,község,Borsod-Abaúj-Zemplén,057 0,Gönci,Gönc,5,Telkibánya,952,219,190
Hejőbába,6655,község,Borsod-Abaúj-Zemplén,068 0,Tiszaújvárosi,Tiszaújváros,2,[Helyben],1872,1899,548
Hejőkeresztúr,4604,község,Borsod-Abaúj-Zemplén,068 0,Tiszaújvárosi,Tiszaújváros,5,Hejőbába,1028,941,409
Hejőkürt,2282,község,Borsod-Abaúj-Zemplén,068 0,Tiszaújvárosi,Tiszaújváros,5,Tiszapalkonya,1490,257,141
Hejőpapi,16780,község,Borsod-Abaúj-Zemplén,059 0,Mezőcsáti,Mezőcsát,5,Mezőcsát,1702,993,391
Hejőszalonta,12159,község,Borsod-Abaúj-Zemplén,068 0,Tiszaújvárosi,Tiszaújváros,5,Nemesbikk,1097,767,237
Helesfa,17190,község,Baranya,032 0,Szentlőrinci,Szentlőrinc,5,Szentlőrinc,987,428,143
Helvécia,4093,nagyközség,Bács-Kiskun,038 0,Kecskeméti,Kecskemét,1,–,5647,5070,1911
Hencida,29391,község,Hajdú-Bihar,094 0,Berettyóújfalui,Berettyóújfalu,2,[Helyben],3478,1108,410
Hencse,9946,község,Somogy,143 0,Kaposvári,Kaposvár,5,Mike,711,300,145
Herceghalom,33552,község,Pest,123 0,Budakeszi,Budakeszi,1,–,734,2807,991
Hercegkút,30137,község,Borsod-Abaúj-Zemplén,064 0,Sárospataki,Sárospatak,5,Bodrogolaszi,782,598,256
Hercegszántó,12937,község,Bács-Kiskun,035 0,Bajai,Baja,5,Dávod,6855,1628,1071
Heréd,20242,község,Heves,107 0,Hatvani,Hatvan,2,[Helyben],1396,1745,797
Héreg,11891,község,Komárom-Esztergom,115 0,Tatabányai,Tatabánya,5,Gyermely,2714,1098,457
Herencsény,5324,község,Nógrád,116 0,Balassagyarmati,Balassagyarmat,5,Cserhátsurány,3318,549,284
Herend,23658,város,Veszprém,191 0,Veszprémi,Veszprém,1,–,1956,3438,1405
Heresznye,24846,község,Somogy,140 0,Barcsi,Barcs,5,Csokonyavisonta,990,257,155
Hermánszeg,12061,község,Szabolcs-Szatmár-Bereg,150 0,Fehérgyarmati,Fehérgyarmat,5,Tunyogmatolcs,520,230,133
Hernád,9849,nagyközség,Pest,125 0,Dabasi,Dabas,1,–,2706,4143,1601
Hernádbűd,15839,község,Borsod-Abaúj-Zemplén,057 0,Gönci,Gönc,5,Abaújkér,591,124,83
Hernádcéce,9399,község,Borsod-Abaúj-Zemplén,057 0,Gönci,Gönc,5,Abaújkér,991,250,125
Hernádkak,24165,község,Borsod-Abaúj-Zemplén,061 0,Miskolci,Miskolc,2,[Helyben],1090,1514,560
Hernádkércs,21829,község,Borsod-Abaúj-Zemplén,067 0,Szikszói,Szikszó,5,Szikszó,741,334,140
Hernádnémeti,31200,nagyközség,Borsod-Abaúj-Zemplén,061 0,Miskolci,Miskolc,1,–,2876,3464,1197
Hernádpetri,24882,község,Borsod-Abaúj-Zemplén,056 0,Encsi,Encs,5,Novajidrány,1708,198,107
Hernádszentandrás,17136,község,Borsod-Abaúj-Zemplén,056 0,Encsi,Encs,5,Ináncs,704,494,143
Hernádszurdok,24970,község,Borsod-Abaúj-Zemplén,057 0,Gönci,Gönc,5,Hidasnémeti,448,212,93
Hernádvécse,19840,község,Borsod-Abaúj-Zemplén,056 0,Encsi,Encs,5,Novajidrány,1694,1064,294
Hernyék,19895,község,Zala,194 0,Lenti,Lenti,5,Csömödér,1031,86,60
Hét,8004,község,Borsod-Abaúj-Zemplén,063 0,Putnoki,Putnok,5,Serényfalva,371,435,206
Hetefejércse,5616,község,Szabolcs-Szatmár-Bereg,159 0,Vásárosnaményi,Vásárosnamény,5,Csaroda,1545,297,110
Hetes,9928,község,Somogy,143 0,Kaposvári,Kaposvár,5,Somogyjád,2663,1024,415
Hetvehely,7126,község,Baranya,032 0,Szentlőrinci,Szentlőrinc,5,Szentlőrinc,2138,437,170
Hetyefő,15088,község,Veszprém,188 0,Sümegi,Sümeg,5,Gógánfa,411,77,49
Heves,14526,város,Heves,108 1,Hevesi,Heves,2,[Helyben],9931,9870,4084
Hevesaranyos,10241,község,Heves,104 0,Egri,Eger,5,Egerbakta,1702,567,257
Hevesvezekény,4084,község,Heves,108 0,Hevesi,Heves,5,Átány,1978,593,289
Hévíz,3814,város,Zala,193 0,Keszthelyi,Keszthely,1,–,830,4500,4305
Hévízgyörk,13949,község,Pest,122 0,Aszódi,Aszód,1,–,2285,3348,1216
Hidas,6798,község,Baranya,029 0,Pécsváradi,Pécsvárad,1,–,1906,1777,798
Hidasnémeti,11697,község,Borsod-Abaúj-Zemplén,057 0,Gönci,Gönc,2,[Helyben],1607,977,450
Hidegkút,20756,község,Veszprém,191 0,Veszprémi,Veszprém,5,Tótvázsony,1358,461,190
Hidegség,23375,község,Győr-Moson-Sopron,091 0,Soproni,Sopron,5,Hegykő,1682,457,183
Hidvégardó,25672,község,Borsod-Abaúj-Zemplén,055 0,Edelényi,Edelény,5,Perkupa,1699,496,288
Himesháza,27933,község,Baranya,027 0,Mohácsi,Mohács,2,[Helyben],1754,919,448
Himod,4020,község,Győr-Moson-Sopron,088 0,Kapuvári,Kapuvár,5,Vitnyéd,2271,623,380
Hirics,3285,község,Baranya,030 0,Sellyei,Sellye,5,Vajszló,1468,232,75
Hobol,33932,község,Baranya,033 0,Szigetvári,Szigetvár,5,Dencsháza,1827,870,347
Hodász,13019,nagyközség,Szabolcs-Szatmár-Bereg,154 0,Mátészalkai,Mátészalka,1,–,2649,3193,1100
Hódmezővásárhely,8314,megyei jogú város,Csongrád-Csanád,071 1,Hódmezővásárhelyi,Hódmezővásárhely,2,[Helyben],48798,41669,20629
Hollád,6211,község,Somogy,144 0,Marcali,Marcali,5,Balatonszentgyörgy,820,236,152
Hollóháza,31167,község,Borsod-Abaúj-Zemplén,065 0,Sátoraljaújhelyi,Sátoraljaújhely,5,Pálháza,236,735,423
Hollókő,33242,község,Nógrád,121 0,Szécsényi,Szécsény,5,Szécsény,518,308,218
Homokbödöge,27818,község,Veszprém,187 0,Pápai,Pápa,5,Adásztevel,1615,594,297
Homokkomárom,24873,község,Zala,196 0,Nagykanizsai,Nagykanizsa,5,Hahót,1670,266,112
Homokmégy,27845,község,Bács-Kiskun,037 0,Kalocsai,Kalocsa,5,Szakmár,7032,1174,700
Homokszentgyörgy,19150,község,Somogy,140 0,Barcsi,Barcs,2,[Helyben],4964,927,477
Homorúd,29966,község,Baranya,027 0,Mohácsi,Mohács,5,Lánycsók,4473,522,373
Homrogd,21236,község,Borsod-Abaúj-Zemplén,067 0,Szikszói,Szikszó,2,[Helyben],1343,899,315
Hont,13204,község,Nógrád,116 0,Balassagyarmati,Balassagyarmat,5,Drégelypalánk,2410,511,306
Horpács,13718,község,Nógrád,119 0,Rétsági,Rétság,5,Nagyoroszi,672,152,96
Hort,4145,nagyközség,Heves,107 0,Hatvani,Hatvan,1,–,4309,3575,1600
Hortobágy,4118,község,Hajdú-Bihar,093 0,Balmazújvárosi,Balmazújváros,5,Balmazújváros,28458,1229,608
Horváthertelend,23074,község,Baranya,033 0,Szigetvári,Szigetvár,5,Szentlászló,536,51,28
Horvátlövő,12733,község,Vas,181 0,Szombathelyi,Szombathely,5,Pornóapáti,616,185,77
Horvátzsidány,16887,község,Vas,178 0,Kőszegi,Kőszeg,2,[Helyben],1217,799,317
Hosszúhetény,30836,község,Baranya,028 0,Pécsi,Pécs,1,–,4527,3341,1282
Hosszúpályi,6266,nagyközség,Hajdú-Bihar,096 0,Derecskei,Derecske,1,–,7918,5473,2031
Hosszúpereszteg,20880,község,Vas,179 0,Sárvári,Sárvár,5,Gérce,3700,610,397
Hosszúvíz,30775,község,Somogy,144 0,Marcali,Marcali,5,Mesztegnyő,710,55,33
Hosszúvölgy,11208,község,Zala,196 0,Nagykanizsai,Nagykanizsa,5,Hahót,360,181,76
Hosztót,7250,község,Veszprém,188 0,Sümegi,Sümeg,5,Csabrendek,727,70,54
Hottó,28325,község,Zala,197 0,Zalaegerszegi,Zalaegerszeg,5,Teskánd,670,332,139
Hőgyész,26055,nagyközség,Tolna,174 0,Tamási,Tamási,2,[Helyben],3715,2501,1103
Hövej,10029,község,Győr-Moson-Sopron,088 0,Kapuvári,Kapuvár,5,Osli,852,335,199
Hugyag,16878,község,Nógrád,116 0,Balassagyarmati,Balassagyarmat,5,Őrhalom,1090,888,326
Hunya,33297,község,Békés,047 0,Gyomaendrődi,Gyomaendrőd,5,Gyomaendrőd,3257,551,383
Hunyadfalva,34050,község,Jász-Nagykun-Szolnok,167 0,Szolnoki,Szolnok,5,Nagykörű,535,163,90
Husztót,31431,község,Baranya,028 0,Pécsi,Pécs,5,Orfű,675,53,45
Ibafa,33066,község,Baranya,033 0,Szigetvári,Szigetvár,5,Szentlászló,2930,179,90
Iborfia,3188,község,Zala,197 0,Zalaegerszegi,Zalaegerszeg,5,Gellénháza,259,13,15
Ibrány,25636,város,Szabolcs-Szatmár-Bereg,151 1,Ibrányi,Ibrány,1,–,6042,6256,2370
Igal,11192,város,Somogy,143 0,Kaposvári,Kaposvár,2,[Helyben],3606,1346,715
Igar,17738,község,Fejér,084 0,Sárbogárdi,Sárbogárd,5,Mezőszilas,4119,737,455
Igrici,25399,község,Borsod-Abaúj-Zemplén,059 0,Mezőcsáti,Mezőcsát,5,Tiszatarján,1947,1071,437
Iharos,19619,község,Somogy,141 0,Csurgói,Csurgó,5,Iharosberény,2268,431,191
Iharosberény,27784,község,Somogy,141 0,Csurgói,Csurgó,2,[Helyben],4966,1147,480
Ikervár,11387,község,Vas,179 0,Sárvári,Sárvár,2,[Helyben],3534,1621,655
Iklad,3300,község,Pest,122 0,Aszódi,Aszód,1,–,1121,1978,692
Iklanberény,29504,község,Vas,178 0,Kőszegi,Kőszeg,5,Bük,296,50,39
Iklódbördőce,13921,község,Zala,194 0,Lenti,Lenti,5,Csömödér,1230,257,140
Ikrény,20604,község,Győr-Moson-Sopron,087 0,Győri,Győr,5,Abda,1558,1839,663
Iliny,26833,község,Nógrád,116 0,Balassagyarmati,Balassagyarmat,5,Őrhalom,646,132,88
Ilk,9654,község,Szabolcs-Szatmár-Bereg,159 0,Vásárosnaményi,Vásárosnamény,2,[Helyben],1456,1109,407
Illocska,31936,község,Baranya,031 0,Siklósi,Siklós,5,Nagyharsány,1510,232,83
Imola,16577,község,Borsod-Abaúj-Zemplén,063 0,Putnoki,Putnok,5,Ragály,1812,77,66
Imrehegy,8095,község,Bács-Kiskun,039 0,Kiskőrösi,Kiskőrös,5,Kecel,7031,586,317
Ináncs,8086,község,Borsod-Abaúj-Zemplén,056 0,Encsi,Encs,2,[Helyben],1094,1143,406
Inárcs,32106,nagyközség,Pest,125 0,Dabasi,Dabas,1,–,2253,4885,1793
Inke,26301,község,Somogy,141 0,Csurgói,Csurgó,5,Iharosberény,5176,1077,438
Ipacsfa,29948,község,Baranya,031 0,Siklósi,Siklós,5,Kovácshida,601,185,85
Ipolydamásd,28097,község,Pest,137 0,Szobi,Szob,5,Márianosztra,1158,397,185
Ipolyszög,1508,község,Nógrád,116 0,Balassagyarmati,Balassagyarmat,5,Balassagyarmat,607,553,220
Ipolytarnóc,3328,község,Nógrád,120 0,Salgótarjáni,Salgótarján,5,Mihálygerge,1366,398,200
Ipolytölgyes,4978,község,Pest,137 0,Szobi,Szob,5,Márianosztra,1370,373,125
Ipolyvece,29319,község,Nógrád,116 0,Balassagyarmati,Balassagyarmat,5,Drégelypalánk,1383,707,352
Iregszemcse,4701,község,Tolna,174 0,Tamási,Tamási,2,[Helyben],5833,2382,1057
Irota,5005,község,Borsod-Abaúj-Zemplén,055 0,Edelényi,Edelény,5,Borsodszirák,1234,76,61
Isaszeg,7807,város,Pest,128 0,Gödöllői,Gödöllő,1,–,5484,11556,4120
Ispánk,7977,község,Vas,177 0,Körmendi,Körmend,5,Őriszentpéter,692,91,67
Istenmezeje,10074,község,Heves,109 0,Pétervásárai,Pétervására,2,[Helyben],3279,1232,696
Istvándi,21333,község,Somogy,140 0,Barcsi,Barcs,5,Darány,3030,492,168
Iszkaszentgyörgy,32018,község,Fejér,085 0,Székesfehérvári,Székesfehérvár,2,[Helyben],2627,2277,889
Iszkáz,28015,község,Veszprém,186 0,Devecseri,Devecser,5,Tüskevár,1573,330,163
Isztimér,2200,község,Fejér,082 0,Móri,Mór,5,Kincsesbánya,5388,897,374
Ivád,13879,község,Heves,109 0,Pétervásárai,Pétervására,5,Pétervására,1194,327,183
Iván,31635,község,Győr-Moson-Sopron,091 0,Soproni,Sopron,2,[Helyben],5474,1169,458
Ivánbattyán,3337,község,Baranya,031 0,Siklósi,Siklós,5,Újpetre,613,97,62
Ivánc,31680,község,Vas,177 0,Körmendi,Körmend,2,[Helyben],1714,596,224
Iváncsa,13462,község,Fejér,078 0,Dunaújvárosi,Dunaújváros,2,[Helyben],2517,2790,1060
Ivándárda,3346,község,Baranya,027 0,Mohácsi,Mohács,5,Nagynyárád,767,181,100
Izmény,27711,község,Tolna,170 0,Bonyhádi,Bonyhád,5,Bonyhád,1373,440,198
Izsák,21999,város,Bács-Kiskun,039 0,Kiskőrösi,Kiskőrös,1,–,11376,5511,2761
Izsófalva,5591,nagyközség,Borsod-Abaúj-Zemplén,058 0,Kazincbarcikai,Kazincbarcika,5,Rudabánya,941,1682,623
Jágónak,9326,község,Tolna,171 0,Dombóvári,Dombóvár,5,Döbrököz,1540,218,141
Ják,13958,község,Vas,181 0,Szombathelyi,Szombathely,2,[Helyben],4495,2548,978
Jakabszállás,17923,község,Bács-Kiskun,038 0,Kecskeméti,Kecskemét,1,–,7086,2666,1286
Jákfa,6406,község,Vas,179 0,Sárvári,Sárvár,5,Rábapaty,2011,457,241
Jákfalva,20233,község,Borsod-Abaúj-Zemplén,063 0,Putnoki,Putnok,5,Felsőnyárád,906,487,141
Jákó,15927,község,Somogy,143 0,Kaposvári,Kaposvár,5,Kaposmérő,1669,578,240
Jánd,17075,község,Szabolcs-Szatmár-Bereg,159 0,Vásárosnaményi,Vásárosnamény,5,Vásárosnamény,1654,715,284
Jánkmajtis,7843,község,Szabolcs-Szatmár-Bereg,150 0,Fehérgyarmati,Fehérgyarmat,2,[Helyben],2503,1647,641
Jánoshalma,9469,város,Bács-Kiskun,036 1,Jánoshalmai,Jánoshalma,1,–,13221,7973,4391
Jánosháza,11679,város,Vas,176 0,Celldömölki,Celldömölk,2,[Helyben],2341,2187,1039
Jánoshida,22859,község,Jász-Nagykun-Szolnok,161 0,Jászapáti,Jászapáti,1,–,3479,2392,1096
Jánossomorja,29221,város,Győr-Moson-Sopron,089 0,Mosonmagyaróvári,Mosonmagyaróvár,2,[Helyben],14893,5863,2328
Járdánháza,26657,község,Borsod-Abaúj-Zemplén,062 0,Ózdi,Ózd,5,Nekézseny,1124,1660,633
Jármi,17589,község,Szabolcs-Szatmár-Bereg,154 0,Mátészalkai,Mátészalka,2,[Helyben],1237,1166,507
Jásd,17437,község,Veszprém,190 0,Várpalotai,Várpalota,5,Öskü,1028,631,338
Jászágó,22929,község,Jász-Nagykun-Szolnok,162 0,Jászberényi,Jászberény,5,Jászfelsőszentgyörgy,3693,677,382
Jászalsószentgyörgy,30711,község,Jász-Nagykun-Szolnok,161 0,Jászapáti,Jászapáti,1,–,4767,3127,1532
Jászapáti,22202,város,Jász-Nagykun-Szolnok,161 1,Jászapáti,Jászapáti,1,–,7816,8107,3625
Jászárokszállás,22105,város,Jász-Nagykun-Szolnok,162 0,Jászberényi,Jászberény,1,–,7717,7429,3783
Jászberény,18209,város,Jász-Nagykun-Szolnok,162 1,Jászberényi,Jászberény,1,–,22135,25323,12680
Jászboldogháza,15811,község,Jász-Nagykun-Szolnok,162 0,Jászberényi,Jászberény,5,Jásztelek,5531,1601,806
Jászdózsa,17978,község,Jász-Nagykun-Szolnok,161 0,Jászapáti,Jászapáti,1,–,4286,2020,1097
Jászfelsőszentgyörgy,23579,község,Jász-Nagykun-Szolnok,162 0,Jászberényi,Jászberény,2,[Helyben],3928,1894,754
Jászfényszaru,23339,város,Jász-Nagykun-Szolnok,162 0,Jászberényi,Jászberény,2,[Helyben],7616,5876,2628
Jászivány,24086,község,Jász-Nagykun-Szolnok,161 0,Jászapáti,Jászapáti,5,Jászszentandrás,3951,370,219
Jászjákóhalma,25186,község,Jász-Nagykun-Szolnok,162 0,Jászberényi,Jászberény,1,–,4504,2733,1314
Jászkarajenő,11004,község,Pest,124 0,Ceglédi,Cegléd,1,–,6515,2473,1380
Jászkisér,22798,város,Jász-Nagykun-Szolnok,161 0,Jászapáti,Jászapáti,1,–,13011,4753,2139
Jászladány,21111,nagyközség,Jász-Nagykun-Szolnok,161 0,Jászapáti,Jászapáti,1,–,9273,5492,2171
Jászszentandrás,13514,község,Jász-Nagykun-Szolnok,161 0,Jászapáti,Jászapáti,2,[Helyben],4433,2560,1518
Jászszentlászló,8378,község,Bács-Kiskun,042 0,Kiskunmajsai,Kiskunmajsa,2,[Helyben],6034,2365,1237
Jásztelek,23135,község,Jász-Nagykun-Szolnok,162 0,Jászberényi,Jászberény,2,[Helyben],4115,1554,661
Jéke,13143,község,Szabolcs-Szatmár-Bereg,153 0,Kisvárdai,Kisvárda,5,Tornyospálca,632,690,263
Jenő,15972,község,Fejér,085 0,Székesfehérvári,Székesfehérvár,2,[Helyben],556,1224,532
Jobaháza,6646,község,Győr-Moson-Sopron,086 0,Csornai,Csorna,5,Rábatamási,806,484,190
Jobbágyi,8712,község,Nógrád,118 0,Pásztói,Pásztó,1,–,1784,1819,820
Jósvafő,15680,község,Borsod-Abaúj-Zemplén,063 0,Putnoki,Putnok,5,Ragály,2155,249,168
Juta,17279,község,Somogy,143 0,Kaposvári,Kaposvár,2,[Helyben],1923,1097,454
Kaba,2307,város,Hajdú-Bihar,102 0,Püspökladányi,Püspökladány,1,–,9504,5144,2332
Kacorlak,22965,község,Zala,196 0,Nagykanizsai,Nagykanizsa,5,Újudvar,760,183,85
Kács,32993,község,Borsod-Abaúj-Zemplén,060 0,Mezőkövesdi,Mezőkövesd,5,Bükkábrány,1669,432,346
Kacsóta,4297,község,Baranya,032 0,Szentlőrinci,Szentlőrinc,5,Szentlőrinc,957,289,108
Kadarkút,26453,város,Somogy,143 0,Kaposvári,Kaposvár,2,[Helyben],3974,2305,937
Kajárpéc,12113,község,Győr-Moson-Sopron,087 0,Győri,Győr,2,[Helyben],3189,1343,585
Kajászó,21342,község,Fejér,081 0,Martonvásári,Martonvásár,5,Vál,2403,1239,491
Kajdacs,14100,község,Tolna,172 0,Paksi,Paks,5,Nagydorog,3773,1015,514
Kakasd,2033,község,Tolna,170 0,Bonyhádi,Bonyhád,2,[Helyben],2078,1489,628
Kákics,6415,község,Baranya,030 0,Sellyei,Sellye,5,Sellye,1489,193,87
Kakucs,32230,község,Pest,125 0,Dabasi,Dabas,1,–,2179,3170,1165
Kál,32179,nagyközség,Heves,105 0,Füzesabonyi,Füzesabony,1,–,3481,3446,1345
Kalaznó,23791,község,Tolna,174 0,Tamási,Tamási,5,Hőgyész,1835,118,101
Káld,29957,község,Vas,179 0,Sárvári,Sárvár,5,Nyőgér,4244,963,468
Kálló,8642,község,Nógrád,118 0,Pásztói,Pásztó,2,[Helyben],3697,1636,515
Kallósd,5537,község,Zala,198 0,Zalaszentgróti,Zalaszentgrót,5,Kehidakustány,541,97,73
Kállósemjén,31404,nagyközség,Szabolcs-Szatmár-Bereg,155 0,Nagykállói,Nagykálló,1,–,5453,3390,1485
Kálmáncsa,6105,község,Somogy,140 0,Barcsi,Barcs,5,Homokszentgyörgy,4885,539,234
Kálmánháza,27225,község,Szabolcs-Szatmár-Bereg,157 0,Nyíregyházi,Nyíregyháza,2,[Helyben],3725,1735,714
Kálócfa,21500,község,Zala,194 0,Lenti,Lenti,5,Zalabaksa,1021,124,88
Kalocsa,6442,város,Bács-Kiskun,037 1,Kalocsai,Kalocsa,1,–,5318,14257,7877
Káloz,16683,község,Fejér,085 0,Székesfehérvári,Székesfehérvár,2,[Helyben],4779,2230,878
Kám,4640,község,Vas,182 0,Vasvári,Vasvár,2,[Helyben],1530,405,203
Kamond,19141,község,Veszprém,186 0,Devecseri,Devecser,5,Tüskevár,2050,434,172
Kamut,4279,község,Békés,045 0,Békési,Békés,5,Köröstarcsa,6048,892,505
Kánó,7764,község,Borsod-Abaúj-Zemplén,063 0,Putnoki,Putnok,5,Ragály,1378,136,84
Kántorjánosi,2671,község,Szabolcs-Szatmár-Bereg,154 0,Mátészalkai,Mátészalka,1,–,4162,1885,819
Kány,25742,község,Borsod-Abaúj-Zemplén,056 0,Encsi,Encs,5,Krasznokvajda,921,62,46
Kánya,5272,község,Somogy,147 0,Tabi,Tab,5,Kapoly,1452,409,213
Kányavár,4473,község,Zala,194 0,Lenti,Lenti,5,Páka,420,131,81
Kapolcs,14553,község,Veszprém,189 0,Tapolcai,Tapolca,5,Monostorapáti,1396,484,211
Kápolna,15307,község,Heves,105 0,Füzesabonyi,Füzesabony,2,[Helyben],2151,1375,555
Kápolnásnyék,21926,község,Fejér,080 0,Gárdonyi,Gárdony,2,[Helyben],4150,4087,1703
Kapoly,33394,község,Somogy,147 0,Tabi,Tab,2,[Helyben],2237,595,334
Kaposfő,9098,község,Somogy,143 0,Kaposvári,Kaposvár,5,Kaposmérő,2726,1448,586
Kaposgyarmat,28811,község,Somogy,143 0,Kaposvári,Kaposvár,5,Baté,1107,76,37
Kaposhomok,25867,község,Somogy,143 0,Kaposvári,Kaposvár,5,Baté,1148,457,163
Kaposkeresztúr,12663,község,Somogy,143 0,Kaposvári,Kaposvár,5,Baté,1980,317,124
Kaposmérő,18227,község,Somogy,143 0,Kaposvári,Kaposvár,2,[Helyben],1398,2316,868
Kapospula,23296,község,Tolna,171 0,Dombóvári,Dombóvár,5,Dalmand,1980,829,360
Kaposújlak,15732,község,Somogy,143 0,Kaposvári,Kaposvár,5,Kaposmérő,893,723,275
Kaposvár,20473,"megyeszékhely, megyei jogú város",Somogy,143 1,Kaposvári,Kaposvár,1,–,11359,58459,30768
Kaposszekcső,18962,község,Tolna,171 0,Dombóvári,Dombóvár,5,Döbrököz,1562,1514,668
Kaposszerdahely,6424,község,Somogy,143 0,Kaposvári,Kaposvár,5,Juta,885,954,371
Káptalanfa,14270,község,Veszprém,188 0,Sümegi,Sümeg,5,Sümeg,3370,729,322
Káptalantóti,5634,község,Veszprém,189 0,Tapolcai,Tapolca,5,Szigliget,1173,483,208
Kapuvár,28334,város,Győr-Moson-Sopron,088 1,Kapuvári,Kapuvár,1,–,9605,9974,4623
Kára,5351,község,Somogy,147 0,Tabi,Tab,5,Törökkoppány,537,54,42
Karácsond,5935,község,Heves,106 0,Gyöngyösi,Gyöngyös,2,[Helyben],3160,2785,1247
Karád,5263,község,Somogy,142 0,Fonyódi,Fonyód,2,[Helyben],5238,1407,815
Karakó,10913,község,Vas,176 0,Celldömölki,Celldömölk,5,Jánosháza,1035,197,101
Karakószörcsök,8749,község,Veszprém,186 0,Devecseri,Devecser,5,Tüskevár,711,288,134
Karancsalja,18625,község,Nógrád,120 0,Salgótarjáni,Salgótarján,2,[Helyben],1254,1392,624
Karancsberény,25548,község,Nógrád,120 0,Salgótarjáni,Salgótarján,5,Karancslapujtő,2314,686,379
Karancskeszi,8855,község,Nógrád,120 0,Salgótarjáni,Salgótarján,5,Karancsalja,3168,1620,798
Karancslapujtő,21041,község,Nógrád,120 0,Salgótarjáni,Salgótarján,2,[Helyben],1935,2453,1034
Karancsság,26897,község,Nógrád,120 0,Salgótarjáni,Salgótarján,5,Ságújfalu,2139,1166,413
Kárász,5999,község,Baranya,026 0,Komlói,Komló,5,Egyházaskozár,802,305,153
Karcag,4923,város,Jász-Nagykun-Szolnok,163 1,Karcagi,Karcag,1,–,36863,18022,8103
Karcsa,21218,község,Borsod-Abaúj-Zemplén,054 0,Cigándi,Cigánd,2,[Helyben],4370,1560,643
Kardos,24794,község,Békés,052 0,Szarvasi,Szarvas,5,Kondoros,4279,503,338
Kardoskút,12177,község,Békés,050 0,Orosházi,Orosháza,5,Csanádapáca,7658,728,404
Karmacs,18041,község,Zala,193 0,Keszthelyi,Keszthely,2,[Helyben],1421,736,356
Károlyháza,34351,község,Győr-Moson-Sopron,089 0,Mosonmagyaróvári,Mosonmagyaróvár,5,Kimle,1124,420,166
Karos,30508,község,Borsod-Abaúj-Zemplén,054 0,Cigándi,Cigánd,5,Pácin,1532,510,205
Kartal,30696,nagyközség,Pest,122 0,Aszódi,Aszód,2,[Helyben],2913,5985,2063
Kásád,17464,község,Baranya,031 0,Siklósi,Siklós,5,Nagyharsány,1329,261,133
Kaskantyú,30605,község,Bács-Kiskun,039 0,Kiskőrösi,Kiskőrös,5,Tabdi,5828,943,489
Kastélyosdombó,8411,község,Somogy,140 0,Barcsi,Barcs,5,Darány,1308,275,93
Kaszaper,22752,község,Békés,049 0,Mezőkovácsházai,Mezőkovácsháza,2,[Helyben],3357,1598,860
Kaszó,34193,község,Somogy,145 0,Nagyatádi,Nagyatád,5,Somogyszob,2248,83,66
Katádfa,6965,község,Baranya,033 0,Szigetvári,Szigetvár,5,Dencsháza,439,128,53
Katafa,26620,község,Vas,177 0,Körmendi,Körmend,5,Nádasd,481,313,162
Kátoly,19132,község,Baranya,029 0,Pécsváradi,Pécsvárad,5,Erzsébet,875,282,140
Katymár,11280,község,Bács-Kiskun,034 0,Bácsalmási,Bácsalmás,2,[Helyben],7109,1478,854
Káva,27827,község,Pest,130 0,Monori,Monor,5,Pánd,1131,621,298
Kávás,32063,község,Zala,197 0,Zalaegerszegi,Zalaegerszeg,5,Zalaszentgyörgy,664,263,100
Kazár,28389,község,Nógrád,120 0,Salgótarjáni,Salgótarján,2,[Helyben],3039,1576,759
Kazincbarcika,6691,város,Borsod-Abaúj-Zemplén,058 1,Kazincbarcikai,Kazincbarcika,1,–,3664,23608,13039
Kázsmárk,13374,község,Borsod-Abaúj-Zemplén,067 0,Szikszói,Szikszó,2,[Helyben],1248,947,284
Kazsok,26888,község,Somogy,143 0,Kaposvári,Kaposvár,5,Igal,1071,306,120
Kecel,19789,város,Bács-Kiskun,039 0,Kiskőrösi,Kiskőrös,2,[Helyben],11448,7826,3825
Kecskéd,4525,község,Komárom-Esztergom,113 0,Oroszlányi,Oroszlány,1,–,1108,2072,756
Kecskemét,26684,"megyeszékhely, megyei jogú város",Bács-Kiskun,038 1,Kecskeméti,Kecskemét,1,–,32257,108651,55648
Kehidakustány,32902,község,Zala,198 0,Zalaszentgróti,Zalaszentgrót,2,[Helyben],1975,1220,661
Kék,28431,község,Szabolcs-Szatmár-Bereg,152 0,Kemecsei,Kemecse,2,[Helyben],2198,1858,643
Kékcse,14359,község,Szabolcs-Szatmár-Bereg,153 0,Kisvárdai,Kisvárda,5,Szabolcsveresmart,1823,1387,479
Kéked,15264,község,Borsod-Abaúj-Zemplén,057 0,Gönci,Gönc,5,Telkibánya,1301,253,136
Kékesd,16805,község,Baranya,029 0,Pécsváradi,Pécsvárad,5,Erzsébet,811,163,89
Kékkút,26037,község,Veszprém,189 0,Tapolcai,Tapolca,5,Kővágóörs,368,52,53
Kelebia,27571,község,Bács-Kiskun,041 0,Kiskunhalasi,Kiskunhalas,1,–,6670,2310,1224
Keléd,32036,község,Vas,176 0,Celldömölki,Celldömölk,5,Jánosháza,872,95,53
Kelemér,12034,község,Borsod-Abaúj-Zemplén,063 0,Putnoki,Putnok,5,Királd,1881,410,177
Kéleshalom,18166,község,Bács-Kiskun,036 0,Jánoshalmai,Jánoshalma,5,Borota,6163,394,287
Kelevíz,17446,község,Somogy,144 0,Marcali,Marcali,5,Mesztegnyő,491,333,123
Kemecse,19992,város,Szabolcs-Szatmár-Bereg,152 1,Kemecsei,Kemecse,2,[Helyben],3894,4611,1595
Kemence,22345,község,Pest,137 0,Szobi,Szob,2,[Helyben],4275,880,539
Kemendollár,25353,község,Zala,197 0,Zalaegerszegi,Zalaegerszeg,5,Pókaszepetk,1607,452,208
Kemeneshőgyész,19734,község,Veszprém,187 0,Pápai,Pápa,5,Nemesgörzsöny,2607,486,244
Kemeneskápolna,16911,község,Vas,176 0,Celldömölki,Celldömölk,5,Jánosháza,497,98,69
Kemenesmagasi,12247,község,Vas,176 0,Celldömölki,Celldömölk,5,Kenyeri,3319,811,426
Kemenesmihályfa,13426,község,Vas,176 0,Celldömölki,Celldömölk,5,Nagysimonyi,1781,460,232
Kemenespálfa,20996,község,Vas,176 0,Celldömölki,Celldömölk,5,Jánosháza,1372,354,159
Kemenessömjén,24484,község,Vas,176 0,Celldömölki,Celldömölk,5,Nagysimonyi,1605,482,228
Kemenesszentmárton,20084,község,Vas,176 0,Celldömölki,Celldömölk,5,Kenyeri,429,202,97
Kemenesszentpéter,12478,község,Veszprém,187 0,Pápai,Pápa,5,Nemesgörzsöny,2134,640,307
Keménfa,6071,község,Zala,197 0,Zalaegerszegi,Zalaegerszeg,5,Zalalövő,1489,76,45
Kémes,10542,község,Baranya,031 0,Siklósi,Siklós,5,Kovácshida,689,433,184
Kemestaródfa,22716,község,Vas,177 0,Körmendi,Körmend,5,Vasalja,635,225,114
Kemse,6789,község,Baranya,030 0,Sellyei,Sellye,5,Csányoszró,896,52,37
Kenderes,17145,város,Jász-Nagykun-Szolnok,163 0,Karcagi,Karcag,1,–,11124,3977,1883
Kenéz,2574,község,Vas,179 0,Sárvári,Sárvár,5,Ikervár,717,247,112
Kenézlő,5458,község,Borsod-Abaúj-Zemplén,064 0,Sárospataki,Sárospatak,2,[Helyben],2296,952,492
Kengyel,7418,község,Jász-Nagykun-Szolnok,169 0,Törökszentmiklósi,Törökszentmiklós,1,–,7914,3186,1377
Kenyeri,9937,község,Vas,176 0,Celldömölki,Celldömölk,2,[Helyben],3396,773,444
Kercaszomor,26596,község,Vas,177 0,Körmendi,Körmend,5,Őriszentpéter,1287,181,126
Kercseliget,14386,község,Somogy,143 0,Kaposvári,Kaposvár,5,Nagyberki,1947,324,150
Kerecsend,28079,község,Heves,104 0,Egri,Eger,2,[Helyben],2458,2198,742
Kerecseny,31529,község,Zala,196 0,Nagykanizsai,Nagykanizsa,5,Garabonc,1283,241,137
Kerekegyháza,22530,város,Bács-Kiskun,038 0,Kecskeméti,Kecskemét,2,[Helyben],8128,6396,2833
Kerekharaszt,34379,község,Heves,107 0,Hatvani,Hatvan,5,Heréd,1436,896,338
Kereki,4598,község,Somogy,146 0,Siófoki,Siófok,5,Balatonföldvár,1443,525,237
Kerékteleki,10995,község,Komárom-Esztergom,111 0,Kisbéri,Kisbér,5,Ászár,2945,627,279
Kerepes,34166,város,Pest,128 0,Gödöllői,Gödöllő,1,–,2425,11175,4216
Keresztéte,17066,község,Borsod-Abaúj-Zemplén,056 0,Encsi,Encs,5,Krasznokvajda,397,21,27
Kerkabarabás,29489,község,Zala,194 0,Lenti,Lenti,5,Zalabaksa,1029,270,134
Kerkafalva,15112,község,Zala,194 0,Lenti,Lenti,5,Csesztreg,1850,122,84
Kerkakutas,22080,község,Zala,194 0,Lenti,Lenti,5,Csesztreg,2007,124,96
Kerkáskápolna,19761,község,Vas,177 0,Körmendi,Körmend,5,Őriszentpéter,920,85,50
Kerkaszentkirály,9575,község,Zala,195 0,Letenyei,Letenye,5,Bázakerettye,810,181,112
Kerkateskánd,32647,község,Zala,194 0,Lenti,Lenti,5,Lovászi,894,182,90
Kérsemjén,32869,község,Szabolcs-Szatmár-Bereg,150 0,Fehérgyarmati,Fehérgyarmat,5,Nábrád,708,296,120
Kerta,25654,község,Veszprém,186 0,Devecseri,Devecser,5,Tüskevár,1546,496,249
Kertészsziget,12618,község,Békés,053 0,Szeghalmi,Szeghalom,5,Bucsa,3911,293,184
Keszeg,31413,község,Nógrád,119 0,Rétsági,Rétság,5,Szendehely,995,717,312
Kesznyéten,29249,község,Borsod-Abaúj-Zemplén,068 0,Tiszaújvárosi,Tiszaújváros,2,[Helyben],3640,1855,631
Keszőhidegkút,17640,község,Tolna,174 0,Tamási,Tamási,5,Regöly,1032,168,116
Keszthely,18421,város,Zala,193 1,Keszthelyi,Keszthely,1,–,7598,17455,10522
Kesztölc,29577,község,Komárom-Esztergom,110 0,Esztergomi,Esztergom,1,–,2200,2634,1074
Keszü,3832,község,Baranya,028 0,Pécsi,Pécs,2,[Helyben],731,1385,491
Kétbodony,11846,község,Nógrád,119 0,Rétsági,Rétság,2,[Helyben],1305,434,239
Kétegyháza,3461,nagyközség,Békés,048 0,Gyulai,Gyula,1,–,5049,3262,1673
Kéthely,11174,község,Somogy,144 0,Marcali,Marcali,2,[Helyben],4947,2180,886
Kétpó,19813,község,Jász-Nagykun-Szolnok,166 0,Mezőtúri,Mezőtúr,5,Mezőtúr,6676,566,290
Kétsoprony,3106,község,Békés,046 0,Békéscsabai,Békéscsaba,2,[Helyben],5124,1204,572
Kétújfalu,8572,község,Baranya,033 0,Szigetvári,Szigetvár,2,[Helyben],1630,635,256
Kétvölgy,19345,község,Vas,180 0,Szentgotthárdi,Szentgotthárd,5,Alsószölnök,628,90,69
Kéty,21731,község,Tolna,170 0,Bonyhádi,Bonyhád,5,Zomba,1651,629,265
Kevermes,31574,nagyközség,Békés,049 0,Mezőkovácsházai,Mezőkovácsháza,2,[Helyben],4334,1571,968
Kilimán,32267,község,Zala,196 0,Nagykanizsai,Nagykanizsa,5,Újudvar,572,213,97
Kimle,14748,község,Győr-Moson-Sopron,089 0,Mosonmagyaróvári,Mosonmagyaróvár,2,[Helyben],3726,2291,922
Kincsesbánya,2343,község,Fejér,082 0,Móri,Mór,2,[Helyben],1087,1451,645
Királd,32090,község,Borsod-Abaúj-Zemplén,063 0,Putnoki,Putnok,2,[Helyben],788,606,412
Királyegyháza,20552,község,Baranya,032 0,Szentlőrinci,Szentlőrinc,2,[Helyben],2288,809,306
Királyhegyes,13666,község,Csongrád-Csanád,073 0,Makói,Makó,5,Csanádpalota,2980,592,329
Királyszentistván,5421,község,Veszprém,184 0,Balatonalmádi,Balatonalmádi,5,Litér,891,449,169
Kisapáti,7931,község,Veszprém,189 0,Tapolcai,Tapolca,5,Szigliget,689,356,179
Kisapostag,12636,község,Fejér,078 0,Dunaújvárosi,Dunaújváros,2,[Helyben],942,1407,619
Kisar,19424,község,Szabolcs-Szatmár-Bereg,150 0,Fehérgyarmati,Fehérgyarmat,2,[Helyben],1543,926,369
Kisasszond,19053,község,Somogy,143 0,Kaposvári,Kaposvár,5,Kadarkút,784,144,76
Kisasszonyfa,18908,község,Baranya,030 0,Sellyei,Sellye,5,Csányoszró,887,181,69
Kisbabot,2413,község,Győr-Moson-Sopron,092 0,Téti,Tét,5,Tét,610,232,110
Kisbágyon,27243,község,Nógrád,118 0,Pásztói,Pásztó,5,Palotás,1024,390,195
Kisbajcs,22886,község,Győr-Moson-Sopron,087 0,Győri,Győr,2,[Helyben],875,921,339
Kisbajom,24387,község,Somogy,145 0,Nagyatádi,Nagyatád,5,Kutas,1367,300,171
Kisbárapáti,24493,község,Somogy,147 0,Tabi,Tab,5,Andocs,2871,314,219
Kisbárkány,26295,község,Nógrád,120 0,Salgótarjáni,Salgótarján,5,Lucfalva,803,133,101
Kisbér,17330,város,Komárom-Esztergom,111 1,Kisbéri,Kisbér,2,[Helyben],5216,5397,2270
Kisberény,30827,község,Somogy,142 0,Fonyódi,Fonyód,5,Buzsák,746,188,75
Kisberzseny,29072,község,Veszprém,186 0,Devecseri,Devecser,5,Tüskevár,529,98,57
Kisbeszterce,5722,község,Baranya,025 0,Hegyháti,Sásd,5,Mindszentgodisa,747,76,39
Kisbodak,7816,község,Győr-Moson-Sopron,089 0,Mosonmagyaróvári,Mosonmagyaróvár,5,Darnózseli,910,368,172
Kisbucsa,21379,község,Zala,197 0,Zalaegerszegi,Zalaegerszeg,5,Nagypáli,879,416,185
Kisbudmér,22868,község,Baranya,024 0,Bólyi,Bóly,5,Bóly,572,91,39
Kiscsécs,17349,község,Borsod-Abaúj-Zemplén,068 0,Tiszaújvárosi,Tiszaújváros,5,Kesznyéten,413,186,50
Kiscsehi,16249,község,Zala,195 0,Letenyei,Letenye,5,Bázakerettye,1143,171,93
Kiscsősz,23700,község,Veszprém,186 0,Devecseri,Devecser,5,Tüskevár,904,115,64
Kisdér,11183,község,Baranya,031 0,Siklósi,Siklós,5,Diósviszló,437,114,52
Kisdobsza,33905,község,Baranya,033 0,Szigetvári,Szigetvár,5,Kétújfalu,995,238,102
Kisdombegyház,18838,község,Békés,049 0,Mezőkovácsházai,Mezőkovácsháza,5,Kevermes,1261,351,257
Kisdorog,17710,község,Tolna,170 0,Bonyhádi,Bonyhád,5,Bonyhád,2000,642,283
Kisecset,33206,község,Nógrád,119 0,Rétsági,Rétság,5,Kétbodony,862,211,152
Kisfalud,33695,község,Győr-Moson-Sopron,088 0,Kapuvári,Kapuvár,5,Mihályi,1510,669,310
Kisfüzes,22460,község,Heves,109 0,Pétervásárai,Pétervására,5,Pétervására,481,112,81
Kisgörbő,9812,község,Zala,198 0,Zalaszentgróti,Zalaszentgrót,5,Óhíd,659,172,97
Kisgyalán,4826,község,Somogy,143 0,Kaposvári,Kaposvár,5,Gölle,941,180,98
Kisgyőr,22840,község,Borsod-Abaúj-Zemplén,061 0,Miskolci,Miskolc,2,[Helyben],7113,1570,643
Kishajmás,6831,község,Baranya,025 0,Hegyháti,Sásd,5,Mindszentgodisa,1176,171,87
Kisharsány,27021,község,Baranya,031 0,Siklósi,Siklós,5,Nagyharsány,1293,444,195
Kishartyán,33400,község,Nógrád,120 0,Salgótarjáni,Salgótarján,5,Ságújfalu,895,496,252
Kisherend,16975,község,Baranya,028 0,Pécsi,Pécs,5,Kozármisleny,692,181,77
Kishódos,8509,község,Szabolcs-Szatmár-Bereg,150 0,Fehérgyarmati,Fehérgyarmat,5,Méhtelek,892,48,33
Kishuta,28875,község,Borsod-Abaúj-Zemplén,065 0,Sátoraljaújhelyi,Sátoraljaújhely,5,Pálháza,519,259,150
Kisigmánd,20923,község,Komárom-Esztergom,112 0,Komáromi,Komárom,5,Mocsa,1314,461,202
Kisjakabfalva,12849,község,Baranya,031 0,Siklósi,Siklós,5,Villány,662,88,70
Kiskassa,19910,község,Baranya,031 0,Siklósi,Siklós,5,Újpetre,1333,210,105
Kiskinizs,3762,község,Borsod-Abaúj-Zemplén,067 0,Szikszói,Szikszó,5,Halmaj,717,349,123
Kiskorpád,13781,község,Somogy,143 0,Kaposvári,Kaposvár,5,Kaposmérő,1695,844,338
Kisköre,18281,város,Heves,108 0,Hevesi,Heves,1,–,6842,2602,1256
Kiskőrös,9344,város,Bács-Kiskun,039 1,Kiskőrösi,Kiskőrös,1,–,10223,13106,6876
Kiskunfélegyháza,20297,város,Bács-Kiskun,040 1,Kiskunfélegyházi,Kiskunfélegyháza,1,–,25630,28382,14672
Kiskunhalas,32434,város,Bács-Kiskun,041 1,Kiskunhalasi,Kiskunhalas,2,[Helyben],22758,25717,12630
Kiskunlacháza,10816,város,Pest,134 0,Ráckevei,Ráckeve,1,–,9405,9441,3769
Kiskunmajsa,24396,város,Bács-Kiskun,042 1,Kiskunmajsai,Kiskunmajsa,1,–,22227,10853,5474
Kiskutas,20312,község,Zala,197 0,Zalaegerszegi,Zalaegerszeg,5,Pókaszepetk,469,190,87
Kisláng,28990,község,Fejér,079 0,Enyingi,Enying,1,–,5306,2394,1007
Kisléta,28477,község,Szabolcs-Szatmár-Bereg,156 0,Nyírbátori,Nyírbátor,5,Nyírbogát,2201,1570,562
Kislippó,21616,község,Baranya,031 0,Siklósi,Siklós,5,Nagyharsány,837,258,116
Kislőd,30173,község,Veszprém,183 0,Ajkai,Ajka,5,Magyarpolány,3818,1118,440
Kismányok,6512,község,Tolna,170 0,Bonyhádi,Bonyhád,5,Nagymányok,543,302,131
Kismarja,15477,község,Hajdú-Bihar,096 0,Derecskei,Derecske,5,Esztár,4717,1088,483
Kismaros,33738,község,Pest,137 0,Szobi,Szob,2,[Helyben],1196,2617,1030
Kisnamény,16036,község,Szabolcs-Szatmár-Bereg,150 0,Fehérgyarmati,Fehérgyarmat,5,Túristvándi,1801,269,136
Kisnána,12502,község,Heves,106 0,Gyöngyösi,Gyöngyös,5,Domoszló,2260,957,519
Kisnémedi,5227,község,Pest,138 0,Váci,Vác,5,Vácduka,1386,664,295
Kisnyárád,33215,község,Baranya,027 0,Mohácsi,Mohács,5,Lánycsók,903,154,99
Kisoroszi,29850,község,Pest,135 0,Szentendrei,Szentendre,5,Tahitótfalu,1094,913,488
Kispalád,29300,község,Szabolcs-Szatmár-Bereg,150 0,Fehérgyarmati,Fehérgyarmat,5,Méhtelek,1674,591,183
Kispáli,16081,község,Zala,197 0,Zalaegerszegi,Zalaegerszeg,5,Nagypáli,451,267,118
Kispirit,4288,község,Veszprém,186 0,Devecseri,Devecser,5,Tüskevár,496,65,59
Kisrákos,11147,község,Vas,177 0,Körmendi,Körmend,5,Ivánc,1106,159,100
Kisrécse,32726,község,Zala,196 0,Nagykanizsai,Nagykanizsa,5,Zalakomár,342,171,89
Kisrozvágy,11448,község,Borsod-Abaúj-Zemplén,054 0,Cigándi,Cigánd,5,Ricse,834,193,77
Kissikátor,14702,község,Borsod-Abaúj-Zemplén,062 0,Ózdi,Ózd,5,Hangony,1038,280,130
Kissomlyó,5953,község,Vas,176 0,Celldömölki,Celldömölk,5,Jánosháza,858,228,142
Kistamási,12353,község,Baranya,033 0,Szigetvári,Szigetvár,5,Nagydobsza,438,111,44
Kistapolca,3151,község,Baranya,031 0,Siklósi,Siklós,5,Beremend,357,206,74
Kistarcsa,34157,város,Pest,128 0,Gödöllői,Gödöllő,1,–,1102,13554,5108
Kistelek,31024,város,Csongrád-Csanád,072 1,Kisteleki,Kistelek,1,–,6919,7037,3393
Kistokaj,12399,község,Borsod-Abaúj-Zemplén,061 0,Miskolci,Miskolc,2,[Helyben],976,2464,859
Kistolmács,20941,község,Zala,195 0,Letenyei,Letenye,5,Letenye,1220,149,82
Kistormás,3869,község,Tolna,173 0,Szekszárdi,Szekszárd,5,Kölesd,1135,250,126
Kistótfalu,10746,község,Baranya,031 0,Siklósi,Siklós,5,Újpetre,1050,297,130
Kisújszállás,25919,város,Jász-Nagykun-Szolnok,163 0,Karcagi,Karcag,1,–,20527,9635,4666
Kisunyom,2501,község,Vas,181 0,Szombathelyi,Szombathely,5,Ják,1000,446,179
Kisvárda,9265,város,Szabolcs-Szatmár-Bereg,153 1,Kisvárdai,Kisvárda,1,–,3590,14616,6986
Kisvarsány,12672,község,Szabolcs-Szatmár-Bereg,159 0,Vásárosnaményi,Vásárosnamény,5,Ilk,1283,973,389
Kisvásárhely,16364,község,Zala,198 0,Zalaszentgróti,Zalaszentgrót,5,Óhíd,435,55,37
Kisvaszar,9548,község,Baranya,025 0,Hegyháti,Sásd,5,Vásárosdombó,2035,291,112
Kisvejke,31185,község,Tolna,170 0,Bonyhádi,Bonyhád,5,Bonyhád,1133,357,140
Kiszombor,26666,nagyközség,Csongrád-Csanád,073 0,Makói,Makó,1,–,6581,3609,1620
Kiszsidány,15486,község,Vas,178 0,Kőszegi,Kőszeg,5,Horvátzsidány,493,83,43
Kisszállás,28158,község,Bács-Kiskun,041 0,Kiskunhalasi,Kiskunhalas,1,–,9205,2141,1144
Kisszékely,27766,község,Tolna,174 0,Tamási,Tamási,5,Tolnanémedi,2830,283,184
Kisszekeres,9751,község,Szabolcs-Szatmár-Bereg,150 0,Fehérgyarmati,Fehérgyarmat,5,Nagyszekeres,1467,507,214
Kisszentmárton,8651,község,Baranya,030 0,Sellyei,Sellye,5,Baksa,1486,201,109
Kissziget,13055,község,Zala,194 0,Lenti,Lenti,5,Csömödér,706,149,88
Kisszőlős,23001,község,Veszprém,186 0,Devecseri,Devecser,5,Somlóvásárhely,649,130,61
Klárafalva,8253,község,Csongrád-Csanád,075 0,Szegedi,Szeged,5,Kübekháza,910,425,203
Kocs,2510,község,Komárom-Esztergom,114 0,Tatai,Tata,1,–,5831,2654,1015
Kocsér,32771,község,Pest,132 0,Nagykőrösi,Nagykőrös,5,Nyársapát,6728,1822,960
Kocsola,22433,község,Tolna,171 0,Dombóvári,Dombóvár,5,Dalmand,3334,1131,476
Kocsord,7445,község,Szabolcs-Szatmár-Bereg,154 0,Mátészalkai,Mátészalka,1,–,2547,2659,1019
Kóka,31361,község,Pest,131 0,Nagykátai,Nagykáta,1,–,4436,4454,1849
Kokad,17455,község,Hajdú-Bihar,096 0,Derecskei,Derecske,5,Létavértes,1610,513,243
Kolontár,30182,község,Veszprém,186 0,Devecseri,Devecser,5,Tüskevár,2172,673,268
Komádi,2167,város,Hajdú-Bihar,094 0,Berettyóújfalui,Berettyóújfalu,2,[Helyben],14465,4819,2437
Komárom,5449,város,Komárom-Esztergom,112 1,Komáromi,Komárom,1,–,6991,19862,8996
Komjáti,10612,község,Borsod-Abaúj-Zemplén,055 0,Edelényi,Edelény,5,Bódvaszilas,1108,195,135
Komló,26408,város,Baranya,026 1,Komlói,Komló,2,[Helyben],4655,21567,11482
Komlódtótfalu,22336,község,Szabolcs-Szatmár-Bereg,149 0,Csengeri,Csenger,5,Csenger,697,109,67
Komlósd,9858,község,Somogy,140 0,Barcsi,Barcs,5,Csokonyavisonta,746,169,93
Komlóska,16559,község,Borsod-Abaúj-Zemplén,064 0,Sárospataki,Sárospatak,5,Bodrogolaszi,2987,217,168
Komoró,27146,község,Szabolcs-Szatmár-Bereg,160 0,Záhonyi,Záhony,5,Tuzsér,1169,1102,458
Kompolt,23995,község,Heves,105 0,Füzesabonyi,Füzesabony,2,[Helyben],2273,1813,741
Kondó,32498,község,Borsod-Abaúj-Zemplén,061 0,Miskolci,Miskolc,5,Varbó,1963,471,213
Kondorfa,13028,község,Vas,180 0,Szentgotthárdi,Szentgotthárd,5,Csörötnek,2161,464,294
Kondoros,10287,város,Békés,052 0,Szarvasi,Szarvas,2,[Helyben],8184,4454,2422
Kóny,11262,község,Győr-Moson-Sopron,086 0,Csornai,Csorna,2,[Helyben],2887,2713,1092
Konyár,25964,község,Hajdú-Bihar,096 0,Derecskei,Derecske,1,–,4170,2064,828
Kópháza,6895,község,Győr-Moson-Sopron,091 0,Soproni,Sopron,1,–,873,2022,761
Koppányszántó,21184,község,Tolna,174 0,Tamási,Tamási,5,Nagykónyi,2255,293,204
Korlát,22956,község,Borsod-Abaúj-Zemplén,057 0,Gönci,Gönc,5,Abaújkér,791,320,136
Koroncó,24633,község,Győr-Moson-Sopron,087 0,Győri,Győr,1,–,2690,2615,928
Kórós,8110,község,Baranya,030 0,Sellyei,Sellye,5,Vajszló,1512,171,78
Kosd,27687,község,Pest,138 0,Váci,Vác,1,–,3409,2493,924
Kóspallag,24679,község,Pest,137 0,Szobi,Szob,5,Kismaros,1277,722,311
Kótaj,23728,község,Szabolcs-Szatmár-Bereg,157 0,Nyíregyházi,Nyíregyháza,1,–,2594,4473,1525
Kovácshida,24226,község,Baranya,031 0,Siklósi,Siklós,2,[Helyben],809,202,96
Kovácsszénája,14517,község,Baranya,028 0,Pécsi,Pécs,5,Orfű,783,65,45
Kovácsvágás,28547,község,Borsod-Abaúj-Zemplén,065 0,Sátoraljaújhelyi,Sátoraljaújhely,5,Mikóháza,2108,589,225
Kozárd,13842,község,Nógrád,118 0,Pásztói,Pásztó,5,Szurdokpüspöki,644,161,127
Kozármisleny,6336,város,Baranya,028 0,Pécsi,Pécs,2,[Helyben],1445,6817,2427
Kozmadombja,13082,község,Zala,194 0,Lenti,Lenti,5,Zalabaksa,763,33,31
Köblény,25247,község,Baranya,026 0,Komlói,Komló,5,Egyházaskozár,804,190,104
Köcsk,4190,község,Vas,176 0,Celldömölki,Celldömölk,5,Jánosháza,1258,238,155
Kökény,3540,község,Baranya,028 0,Pécsi,Pécs,5,Keszü,490,635,250
Kőkút,13745,község,Somogy,143 0,Kaposvári,Kaposvár,5,Mike,2023,522,128
Kölcse,16665,nagyközség,Szabolcs-Szatmár-Bereg,150 0,Fehérgyarmati,Fehérgyarmat,2,[Helyben],2824,1167,530
Kölesd,10463,község,Tolna,173 0,Szekszárdi,Szekszárd,2,[Helyben],3813,1311,592
Kölked,17899,község,Baranya,027 0,Mohácsi,Mohács,5,Nagynyárád,6194,946,374
Kömlő,14535,község,Heves,108 0,Hevesi,Heves,1,–,4922,1891,656
Kömlőd,7630,község,Komárom-Esztergom,113 0,Oroszlányi,Oroszlány,5,Dad,2284,1105,395
Kömörő,23612,község,Szabolcs-Szatmár-Bereg,150 0,Fehérgyarmati,Fehérgyarmat,5,Túristvándi,1637,483,230
Kömpöc,13806,község,Bács-Kiskun,042 0,Kiskunmajsai,Kiskunmajsa,5,Csólyospálos,2998,673,345
Körmend,13532,város,Vas,177 1,Körmendi,Körmend,2,[Helyben],5279,10062,5100
Környe,30553,község,Komárom-Esztergom,115 0,Tatabányai,Tatabánya,1,–,4537,4801,1848
Köröm,26602,község,Borsod-Abaúj-Zemplén,061 0,Miskolci,Miskolc,5,Sajóhídvég,834,1327,329
Kőröshegy,15510,község,Somogy,146 0,Siófoki,Siófok,2,[Helyben],2139,1404,693
Körösladány,11615,város,Békés,053 0,Szeghalmi,Szeghalom,1,–,12379,3970,1890
Körösnagyharsány,10764,község,Békés,051 0,Sarkadi,Sarkad,5,Okány,1991,404,333
Köröstarcsa,12900,község,Békés,045 0,Békési,Békés,2,[Helyben],6280,2144,1180
Kőröstetétlen,32975,község,Pest,124 0,Ceglédi,Cegléd,5,Cegléd,3265,728,329
Körösújfalu,30164,község,Békés,053 0,Szeghalmi,Szeghalom,5,Vésztő,2530,292,262
Körösszakál,31130,község,Hajdú-Bihar,094 0,Berettyóújfalui,Berettyóújfalu,5,Berekböszörmény,1502,651,331
Körösszegapáti,8943,község,Hajdú-Bihar,094 0,Berettyóújfalui,Berettyóújfalu,2,[Helyben],4585,769,474
Kőszárhegy,30650,község,Fejér,085 0,Székesfehérvári,Székesfehérvár,5,Jenő,590,1547,602
Kőszeg,16832,város,Vas,178 1,Kőszegi,Kőszeg,2,[Helyben],5466,11654,5188
Kőszegdoroszló,5740,község,Vas,178 0,Kőszegi,Kőszeg,5,Lukácsháza,965,313,127
Kőszegpaty,26046,község,Vas,178 0,Kőszegi,Kőszeg,5,Lukácsháza,1225,214,83
Kőszegszerdahely,20109,község,Vas,178 0,Kőszegi,Kőszeg,5,Lukácsháza,737,542,224
Kötcse,18148,község,Somogy,146 0,Siófoki,Siófok,5,Balatonszárszó,1954,489,291
Kötegyán,6804,község,Békés,051 0,Sarkadi,Sarkad,2,[Helyben],4295,1149,684
Kőtelek,11235,község,Jász-Nagykun-Szolnok,167 0,Szolnoki,Szolnok,2,[Helyben],4514,1510,812
Kővágóörs,23454,község,Veszprém,189 0,Tapolcai,Tapolca,2,[Helyben],2206,648,418
Kővágószőlős,15538,község,Baranya,028 0,Pécsi,Pécs,5,Pellérd,1825,1360,569
Kővágótöttös,6992,község,Baranya,028 0,Pécsi,Pécs,5,Orfű,1394,311,132
Kövegy,9955,község,Csongrád-Csanád,073 0,Makói,Makó,5,Csanádpalota,971,300,230
Köveskál,25858,község,Veszprém,189 0,Tapolcai,Tapolca,5,Kővágóörs,1445,309,191
Krasznokvajda,19576,község,Borsod-Abaúj-Zemplén,056 0,Encsi,Encs,2,[Helyben],1144,442,201
Kulcs,34209,község,Fejér,078 0,Dunaújvárosi,Dunaújváros,1,–,1673,3613,1530
Kunadacs,5856,község,Bács-Kiskun,043 0,Kunszentmiklósi,Kunszentmiklós,2,[Helyben],8990,1367,708
Kunágota,16045,község,Békés,049 0,Mezőkovácsházai,Mezőkovácsháza,2,[Helyben],6396,2267,1239
Kunbaja,6044,község,Bács-Kiskun,034 0,Bácsalmási,Bácsalmás,2,[Helyben],3372,1308,703
Kunbaracs,7728,község,Bács-Kiskun,038 0,Kecskeméti,Kecskemét,5,Ladánybene,5511,670,384
Kuncsorba,5254,község,Jász-Nagykun-Szolnok,169 0,Törökszentmiklósi,Törökszentmiklós,5,Tiszatenyő,3363,530,287
Kunfehértó,29027,község,Bács-Kiskun,041 0,Kiskunhalasi,Kiskunhalas,1,–,7837,2035,1045
Kunhegyes,22567,város,Jász-Nagykun-Szolnok,164 1,Kunhegyesi,Kunhegyes,1,–,14893,6823,3254
Kunmadaras,23171,nagyközség,Jász-Nagykun-Szolnok,163 0,Karcagi,Karcag,2,[Helyben],15355,4851,1985
Kunpeszér,31918,község,Bács-Kiskun,043 0,Kunszentmiklósi,Kunszentmiklós,5,Kunadacs,7755,796,372
Kunszállás,31893,község,Bács-Kiskun,038 0,Kecskeméti,Kecskemét,2,[Helyben],2085,1732,772
Kunszentmárton,32504,város,Jász-Nagykun-Szolnok,165 1,Kunszentmártoni,Kunszentmárton,2,[Helyben],14365,7052,3970
Kunszentmiklós,28130,város,Bács-Kiskun,043 1,Kunszentmiklósi,Kunszentmiklós,1,–,17211,7987,3586
Kunsziget,31626,község,Győr-Moson-Sopron,087 0,Győri,Győr,5,Dunaszeg,1786,1482,514
Kup,26541,község,Veszprém,187 0,Pápai,Pápa,5,Pápakovácsi,2478,406,176
Kupa,18722,község,Borsod-Abaúj-Zemplén,067 0,Szikszói,Szikszó,5,Homrogd,784,159,79
Kurd,20507,község,Tolna,171 0,Dombóvári,Dombóvár,2,[Helyben],3119,965,466
Kurityán,11819,község,Borsod-Abaúj-Zemplén,058 0,Kazincbarcikai,Kazincbarcika,5,Múcsony,754,1433,602
Kustánszeg,19479,község,Zala,197 0,Zalaegerszegi,Zalaegerszeg,5,Teskánd,1142,454,222
Kutas,28857,község,Somogy,145 0,Nagyatádi,Nagyatád,2,[Helyben],3655,1213,510
Kutasó,19451,község,Nógrád,118 0,Pásztói,Pásztó,5,Mátraszőlős,605,86,69
Kübekháza,14410,község,Csongrád-Csanád,075 0,Szegedi,Szeged,2,[Helyben],2732,1432,580
Külsősárd,32221,község,Zala,194 0,Lenti,Lenti,5,Rédics,152,63,36
Külsővat,16142,község,Veszprém,187 0,Pápai,Pápa,5,Nemesszalók,1931,750,256
Küngös,4066,község,Veszprém,184 0,Balatonalmádi,Balatonalmádi,5,Balatonfőkajár,948,502,181
Lábatlan,15255,város,Komárom-Esztergom,110 0,Esztergomi,Esztergom,1,–,2637,4851,2107
Lábod,28291,község,Somogy,145 0,Nagyatádi,Nagyatád,2,[Helyben],6651,1706,749
Lácacséke,20844,község,Borsod-Abaúj-Zemplén,054 0,Cigándi,Cigánd,5,Cigánd,1625,262,104
Lad,16258,község,Somogy,140 0,Barcsi,Barcs,5,Csokonyavisonta,2235,525,267
Ladánybene,5786,község,Bács-Kiskun,038 0,Kecskeméti,Kecskemét,2,[Helyben],4074,1712,758
Ládbesenyő,26231,község,Borsod-Abaúj-Zemplén,055 0,Edelényi,Edelény,5,Szendrőlád,1040,263,125
Lajoskomárom,7506,nagyközség,Fejér,079 0,Enyingi,Enying,1,–,7567,1879,861
Lajosmizse,17677,város,Bács-Kiskun,038 0,Kecskeméti,Kecskemét,2,[Helyben],16466,11662,4963
Lak,15857,község,Borsod-Abaúj-Zemplén,055 0,Edelényi,Edelény,5,Borsodszirák,1976,641,197
Lakhegy,33792,község,Zala,197 0,Zalaegerszegi,Zalaegerszeg,5,Egervár,860,427,225
Lakitelek,6202,nagyközség,Bács-Kiskun,044 0,Tiszakécskei,Tiszakécske,1,–,5466,4886,2273
Lakócsa,11040,község,Somogy,140 0,Barcsi,Barcs,5,Darány,2532,487,239
Lánycsók,33330,község,Baranya,027 0,Mohácsi,Mohács,2,[Helyben],2540,2181,890
Lápafő,14605,község,Tolna,171 0,Dombóvári,Dombóvár,5,Dombóvár,931,145,84
Lapáncsa,6479,község,Baranya,031 0,Siklósi,Siklós,5,Nagyharsány,436,158,72
Laskod,21290,község,Szabolcs-Szatmár-Bereg,148 0,Baktalórántházai,Baktalórántháza,5,Baktalórántháza,1359,774,380
Lasztonya,3434,község,Zala,195 0,Letenyei,Letenye,5,Bázakerettye,877,47,42
Látrány,14863,község,Somogy,142 0,Fonyódi,Fonyód,2,[Helyben],2231,1295,595
Lázi,4376,község,Győr-Moson-Sopron,090 0,Pannonhalmi,Pannonhalma,5,Écs,1679,515,208
Leányfalu,30809,nagyközség,Pest,135 0,Szentendrei,Szentendre,1,–,1537,4053,1774
Leányvár,25487,község,Komárom-Esztergom,110 0,Esztergomi,Esztergom,5,Piliscsév,725,1761,644
Lébény,33668,város,Győr-Moson-Sopron,089 0,Mosonmagyaróvári,Mosonmagyaróvár,2,[Helyben],8140,3283,1325
Legénd,30395,község,Nógrád,119 0,Rétsági,Rétság,5,Nézsa,1841,429,248
Legyesbénye,11660,község,Borsod-Abaúj-Zemplén,066 0,Szerencsi,Szerencs,5,Bekecs,2031,1366,618
Léh,3531,község,Borsod-Abaúj-Zemplén,067 0,Szikszói,Szikszó,5,Kázsmárk,843,444,156
Lénárddaróc,7038,község,Borsod-Abaúj-Zemplén,062 0,Ózdi,Ózd,5,Nekézseny,516,237,154
Lendvadedes,27483,község,Zala,194 0,Lenti,Lenti,5,Rédics,402,30,29
Lendvajakabfa,11475,község,Zala,194 0,Lenti,Lenti,5,Rédics,620,43,37
Lengyel,24411,község,Tolna,170 0,Bonyhádi,Bonyhád,5,Tevel,2003,456,235
Lengyeltóti,26675,város,Somogy,142 0,Fonyódi,Fonyód,2,[Helyben],3957,2837,1223
Lenti,12575,város,Zala,194 1,Lenti,Lenti,1,–,7379,6820,3954
Lepsény,7269,nagyközség,Fejér,079 0,Enyingi,Enying,1,–,3908,3016,1220
Lesencefalu,17570,község,Veszprém,189 0,Tapolcai,Tapolca,5,Lesencetomaj,718,298,152
Lesenceistvánd,21962,község,Veszprém,189 0,Tapolcai,Tapolca,2,[Helyben],1739,945,385
Lesencetomaj,17871,község,Veszprém,189 0,Tapolcai,Tapolca,2,[Helyben],2408,1034,374
Létavértes,5768,város,Hajdú-Bihar,096 0,Derecskei,Derecske,2,[Helyben],11661,6748,2631
Letenye,12122,város,Zala,195 1,Letenyei,Letenye,2,[Helyben],4174,3677,1564
Letkés,22682,község,Pest,137 0,Szobi,Szob,5,Márianosztra,2456,1034,433
Levél,19239,község,Győr-Moson-Sopron,089 0,Mosonmagyaróvári,Mosonmagyaróvár,5,Hegyeshalom,2492,2563,967
Levelek,30979,nagyközség,Szabolcs-Szatmár-Bereg,148 0,Baktalórántházai,Baktalórántháza,2,[Helyben],2572,2662,950
Libickozma,32355,község,Somogy,144 0,Marcali,Marcali,5,Pusztakovácsi,2297,28,52
Lickóvadamos,3054,község,Zala,197 0,Zalaegerszegi,Zalaegerszeg,5,Gellénháza,669,200,124
Liget,17604,község,Baranya,026 0,Komlói,Komló,5,Magyarhertelend,1207,356,143
Ligetfalva,28200,község,Zala,193 0,Keszthelyi,Keszthely,5,Zalacsány,473,66,39
Lipót,16221,község,Győr-Moson-Sopron,089 0,Mosonmagyaróvári,Mosonmagyaróvár,5,Darnózseli,1609,840,356
Lippó,22974,község,Baranya,027 0,Mohácsi,Mohács,5,Nagynyárád,1453,469,206
Liptód,10038,község,Baranya,024 0,Bólyi,Bóly,5,Babarc,1499,175,127
Lispeszentadorján,10889,község,Zala,195 0,Letenyei,Letenye,5,Bázakerettye,914,234,158
Liszó,25025,község,Zala,196 0,Nagykanizsai,Nagykanizsa,5,Surd,2591,341,171
Litér,4552,község,Veszprém,184 0,Balatonalmádi,Balatonalmádi,2,[Helyben],1283,2192,776
Litka,28219,község,Borsod-Abaúj-Zemplén,056 0,Encsi,Encs,5,Szalaszend,666,31,37
Litke,4871,község,Nógrád,120 0,Salgótarjáni,Salgótarján,5,Mihálygerge,1816,746,329
Lócs,29081,község,Vas,178 0,Kőszegi,Kőszeg,5,Csepreg,513,152,100
Lókút,18856,község,Veszprém,192 0,Zirci,Zirc,5,Zirc,1811,479,226
Lónya,26091,község,Szabolcs-Szatmár-Bereg,159 0,Vásárosnaményi,Vásárosnamény,5,Tiszakerecseny,3548,654,386
Lórév,9140,község,Pest,134 0,Ráckevei,Ráckeve,5,Szigetbecse,988,294,123
Lothárd,31389,község,Baranya,028 0,Pécsi,Pécs,5,Pécsudvard,1046,234,111
Lovas,5564,község,Veszprém,185 0,Balatonfüredi,Balatonfüred,5,Alsóörs,595,544,240
Lovasberény,19114,község,Fejér,085 0,Székesfehérvári,Székesfehérvár,1,–,6062,2768,1199
Lovászhetény,24624,község,Baranya,029 0,Pécsváradi,Pécsvárad,5,Pécsvárad,895,261,113
Lovászi,28167,község,Zala,194 0,Lenti,Lenti,2,[Helyben],967,1095,571
Lovászpatona,5087,község,Veszprém,187 0,Pápai,Pápa,5,Ugod,4990,1116,512
Lőkösháza,21209,község,Békés,048 0,Gyulai,Gyula,5,Elek,5202,1406,786
Lőrinci,30401,város,Heves,107 0,Hatvani,Hatvan,1,–,2353,5365,2304
Lövő,31194,község,Győr-Moson-Sopron,091 0,Soproni,Sopron,2,[Helyben],1747,1364,566
Lövőpetri,7995,község,Szabolcs-Szatmár-Bereg,153 0,Kisvárdai,Kisvárda,5,Pap,926,423,217
Lucfalva,20190,község,Nógrád,120 0,Salgótarjáni,Salgótarján,2,[Helyben],1410,556,214
Ludányhalászi,2778,község,Nógrád,121 0,Szécsényi,Szécsény,2,[Helyben],2113,1410,467
Ludas,15796,község,Heves,106 0,Gyöngyösi,Gyöngyös,5,Karácsond,1079,704,371
Lukácsháza,14021,község,Vas,178 0,Kőszegi,Kőszeg,2,[Helyben],936,1067,411
Lulla,10010,község,Somogy,147 0,Tabi,Tab,5,Tab,1039,206,97
Lúzsok,18865,község,Baranya,030 0,Sellyei,Sellye,5,Vajszló,652,198,70
Mád,3902,község,Borsod-Abaúj-Zemplén,066 0,Szerencsi,Szerencs,1,–,3186,1774,1093
Madaras,23357,község,Bács-Kiskun,034 0,Bácsalmási,Bácsalmás,1,–,4931,2509,1424
Madocsa,29337,község,Tolna,172 0,Paksi,Paks,5,Bölcske,4333,1762,825
Maglóca,26444,község,Győr-Moson-Sopron,086 0,Csornai,Csorna,5,Bősárkány,577,133,63
Maglód,10922,város,Pest,139 0,Vecsési,Vecsés,1,–,2238,12303,4438
Mágocs,6813,város,Baranya,025 0,Hegyháti,Sásd,2,[Helyben],4254,2135,910
Magosliget,29984,község,Szabolcs-Szatmár-Bereg,150 0,Fehérgyarmati,Fehérgyarmat,5,Méhtelek,517,281,87
Magy,16629,község,Szabolcs-Szatmár-Bereg,148 0,Baktalórántházai,Baktalórántháza,5,Ramocsaháza,2070,837,317
Magyaralmás,27678,község,Fejér,082 0,Móri,Mór,2,[Helyben],2242,1666,621
Magyaratád,10427,község,Somogy,143 0,Kaposvári,Kaposvár,2,[Helyben],1882,735,324
Magyarbánhegyes,27906,község,Békés,049 0,Mezőkovácsházai,Mezőkovácsháza,1,–,3656,1757,1045
Magyarbóly,25177,község,Baranya,031 0,Siklósi,Siklós,5,Nagyharsány,1722,895,359
Magyarcsanád,5962,község,Csongrád-Csanád,073 0,Makói,Makó,5,Apátfalva,4802,1229,678
Magyardombegyház,11536,község,Békés,049 0,Mezőkovácsházai,Mezőkovácsháza,5,Kevermes,765,161,153
Magyaregregy,29753,község,Baranya,026 0,Komlói,Komló,5,Egyházaskozár,2681,656,338
Magyaregres,25371,község,Somogy,143 0,Kaposvári,Kaposvár,5,Juta,1440,544,217
Magyarföld,8916,község,Zala,194 0,Lenti,Lenti,5,Csesztreg,889,38,30
Magyargéc,26967,község,Nógrád,121 0,Szécsényi,Szécsény,5,Nógrádmegyer,1235,788,288
Magyargencs,26374,község,Veszprém,187 0,Pápai,Pápa,5,Nemesgörzsöny,3800,464,257
Magyarhertelend,5430,község,Baranya,026 0,Komlói,Komló,2,[Helyben],1616,531,283
Magyarhomorog,3683,község,Hajdú-Bihar,094 0,Berettyóújfalui,Berettyóújfalu,5,Körösszegapáti,3958,717,441
Magyarkeresztúr,13912,község,Győr-Moson-Sopron,086 0,Csornai,Csorna,5,Rábatamási,1673,393,218
Magyarkeszi,6017,község,Tolna,174 0,Tamási,Tamási,2,[Helyben],3816,1022,582
Magyarlak,3221,község,Vas,180 0,Szentgotthárdi,Szentgotthárd,5,Csörötnek,762,739,320
Magyarlukafa,23542,község,Baranya,033 0,Szigetvári,Szigetvár,5,Mozsgó,1297,82,52
Magyarmecske,5412,község,Baranya,030 0,Sellyei,Sellye,5,Csányoszró,1195,304,110
Magyarnádalja,27289,község,Vas,177 0,Körmendi,Körmend,5,Vasalja,385,265,97
Magyarnándor,32407,község,Nógrád,116 0,Balassagyarmati,Balassagyarmat,2,[Helyben],1867,1077,464
Magyarpolány,20437,község,Veszprém,183 0,Ajkai,Ajka,2,[Helyben],2696,1240,526
Magyarsarlós,27067,község,Baranya,028 0,Pécsi,Pécs,5,Nagykozár,803,271,111
Magyarszecsőd,17288,község,Vas,177 0,Körmendi,Körmend,5,Molnaszecsőd,1126,405,190
Magyarszék,22600,község,Baranya,026 0,Komlói,Komló,5,Magyarhertelend,1386,946,388
Magyarszentmiklós,2909,község,Zala,196 0,Nagykanizsai,Nagykanizsa,5,Újudvar,420,247,102
Magyarszerdahely,13064,község,Zala,196 0,Nagykanizsai,Nagykanizsa,5,Hahót,1622,410,173
Magyarszombatfa,25423,község,Vas,177 0,Körmendi,Körmend,5,Őriszentpéter,1594,241,131
Magyartelek,4385,község,Baranya,030 0,Sellyei,Sellye,5,Csányoszró,684,198,67
Majosháza,10755,község,Pest,136 0,Szigetszentmiklósi,Szigetszentmiklós,5,Dunavarsány,1142,1697,714
Majs,27863,község,Baranya,027 0,Mohácsi,Mohács,5,Lánycsók,3206,828,401
Makád,4394,község,Pest,134 0,Ráckevei,Ráckeve,5,Szigetbecse,3177,1206,578
Makkoshotyka,19600,község,Borsod-Abaúj-Zemplén,064 0,Sárospataki,Sárospatak,5,Vajdácska,1041,733,293
Maklár,27696,község,Heves,104 0,Egri,Eger,2,[Helyben],2801,2368,972
Makó,7357,város,Csongrád-Csanád,073 1,Makói,Makó,1,–,22923,21703,11048
Malomsok,3610,község,Veszprém,187 0,Pápai,Pápa,5,Csót,2574,476,247
Mályi,27395,község,Borsod-Abaúj-Zemplén,061 0,Miskolci,Miskolc,1,–,1128,4371,1746
Mályinka,14915,község,Borsod-Abaúj-Zemplén,058 0,Kazincbarcikai,Kazincbarcika,2,[Helyben],2421,451,246
Mánd,2088,község,Szabolcs-Szatmár-Bereg,150 0,Fehérgyarmati,Fehérgyarmat,5,Túristvándi,517,272,100
Mándok,17826,város,Szabolcs-Szatmár-Bereg,160 0,Záhonyi,Záhony,1,–,2891,3648,1442
Mánfa,33923,község,Baranya,026 0,Komlói,Komló,5,Komló,2770,736,321
Mány,23490,község,Fejér,077 0,Bicskei,Bicske,1,–,4472,2392,896
Maráza,29920,község,Baranya,027 0,Mohácsi,Mohács,5,Himesháza,970,168,92
Marcalgergelyi,29294,község,Veszprém,187 0,Pápai,Pápa,5,Nemesszalók,776,356,168
Marcali,18500,város,Somogy,144 1,Marcali,Marcali,2,[Helyben],10440,10373,5214
Marcaltő,22220,község,Veszprém,187 0,Pápai,Pápa,5,Csót,2208,730,335
Márfa,9450,község,Baranya,031 0,Siklósi,Siklós,5,Nagyharsány,409,184,75
Máriahalom,22637,község,Komárom-Esztergom,110 0,Esztergomi,Esztergom,5,Dág,1084,653,284
Máriakálnok,12283,község,Győr-Moson-Sopron,089 0,Mosonmagyaróvári,Mosonmagyaróvár,5,Halászi,1548,2074,784
Máriakéménd,14483,község,Baranya,024 0,Bólyi,Bóly,5,Szederkény,1578,542,220
Márianosztra,4570,község,Pest,137 0,Szobi,Szob,2,[Helyben],2027,925,376
Máriapócs,19655,város,Szabolcs-Szatmár-Bereg,156 0,Nyírbátori,Nyírbátor,2,[Helyben],2208,1826,677
Markaz,16540,község,Heves,106 0,Gyöngyösi,Gyöngyös,2,[Helyben],2561,1736,957
Márkháza,14641,község,Nógrád,120 0,Salgótarjáni,Salgótarján,5,Lucfalva,631,219,109
Márkó,32212,község,Veszprém,191 0,Veszprémi,Veszprém,2,[Helyben],3441,1790,623
Markóc,16443,község,Baranya,030 0,Sellyei,Sellye,5,Sellye,579,62,32
Markotabödöge,6770,község,Győr-Moson-Sopron,086 0,Csornai,Csorna,5,Kóny,1629,503,232
Maróc,2103,község,Zala,195 0,Letenyei,Letenye,5,Bázakerettye,516,54,70
Marócsa,15219,község,Baranya,030 0,Sellyei,Sellye,5,Sellye,1138,73,45
Márok,20659,község,Baranya,031 0,Siklósi,Siklós,5,Nagyharsány,1593,372,183
Márokföld,31981,község,Zala,194 0,Lenti,Lenti,5,Csesztreg,744,66,35
Márokpapi,33224,község,Szabolcs-Szatmár-Bereg,159 0,Vásárosnaményi,Vásárosnamény,5,Tarpa,2118,496,211
Maroslele,10515,község,Csongrád-Csanád,073 0,Makói,Makó,1,–,4656,2079,926
Mártély,25733,község,Csongrád-Csanád,071 0,Hódmezővásárhelyi,Hódmezővásárhely,5,Hódmezővásárhely,3646,1281,575
Martfű,2626,város,Jász-Nagykun-Szolnok,167 0,Szolnoki,Szolnok,1,–,2308,5498,2935
Martonfa,2228,község,Baranya,029 0,Pécsváradi,Pécsvárad,5,Pécsvárad,569,203,91
Martonvásár,4659,város,Fejér,081 1,Martonvásári,Martonvásár,1,–,3125,5944,2157
Martonyi,2024,község,Borsod-Abaúj-Zemplén,055 0,Edelényi,Edelény,5,Szalonna,1757,292,180
Mátészalka,18874,város,Szabolcs-Szatmár-Bereg,154 1,Mátészalkai,Mátészalka,1,–,4140,14848,7162
Mátételke,27809,község,Bács-Kiskun,034 0,Bácsalmási,Bácsalmás,5,Bácsalmás,2795,449,278
Mátraballa,19965,község,Heves,109 0,Pétervásárai,Pétervására,5,Mátraderecske,2636,646,424
Mátraderecske,14872,község,Heves,109 0,Pétervásárai,Pétervására,2,[Helyben],1399,1624,1006
Mátramindszent,20075,község,Nógrád,117 0,Bátonyterenyei,Bátonyterenye,2,[Helyben],1673,684,425
Mátranovák,19372,község,Nógrád,117 0,Bátonyterenyei,Bátonyterenye,5,Mátraterenye,2697,1527,1042
Mátraszele,24332,község,Nógrád,120 0,Salgótarjáni,Salgótarján,2,[Helyben],1697,871,465
Mátraszentimre,29045,község,Heves,106 0,Gyöngyösi,Gyöngyös,5,Gyöngyössolymos,2129,462,326
Mátraszőlős,4330,község,Nógrád,118 0,Pásztói,Pásztó,2,[Helyben],2917,1425,663
Mátraterenye,33525,község,Nógrád,117 0,Bátonyterenyei,Bátonyterenye,2,[Helyben],2813,1591,872
Mátraverebély,30100,község,Nógrád,117 0,Bátonyterenyei,Bátonyterenye,2,[Helyben],1840,1626,811
Mátyásdomb,16948,község,Fejér,079 0,Enyingi,Enying,5,Mezőszentgyörgy,3539,727,279
Matty,15051,község,Baranya,031 0,Siklósi,Siklós,5,Siklós,1690,326,140
Mátyus,20668,község,Szabolcs-Szatmár-Bereg,159 0,Vásárosnaményi,Vásárosnamény,5,Tiszakerecseny,1103,266,130
Máza,33756,község,Baranya,026 0,Komlói,Komló,5,Egyházaskozár,1069,1089,485
Mecseknádasd,13444,község,Baranya,029 0,Pécsváradi,Pécsvárad,2,[Helyben],3608,1449,666
Mecsekpölöske,11402,község,Baranya,026 0,Komlói,Komló,5,Magyarhertelend,731,375,156
Mecsér,27359,község,Győr-Moson-Sopron,089 0,Mosonmagyaróvári,Mosonmagyaróvár,5,Lébény,2110,672,305
Medgyesbodzás,20765,község,Békés,049 0,Mezőkovácsházai,Mezőkovácsháza,5,Nagykamarás,3167,805,533
Medgyesegyháza,30128,város,Békés,049 0,Mezőkovácsházai,Mezőkovácsháza,1,–,6429,3122,1806
Medina,30562,község,Tolna,173 0,Szekszárdi,Szekszárd,5,Kölesd,2224,668,327
Megyaszó,21768,község,Borsod-Abaúj-Zemplén,066 0,Szerencsi,Szerencs,2,[Helyben],5342,2498,828
Megyehíd,30872,község,Vas,179 0,Sárvári,Sárvár,5,Ikervár,599,299,122
Megyer,4987,község,Veszprém,188 0,Sümegi,Sümeg,5,Gógánfa,426,25,25
Meggyeskovácsi,25760,község,Vas,179 0,Sárvári,Sárvár,5,Nyőgér,2464,723,340
Méhkerék,23931,község,Békés,051 0,Sarkadi,Sarkad,1,–,2585,1870,843
Méhtelek,29799,község,Szabolcs-Szatmár-Bereg,150 0,Fehérgyarmati,Fehérgyarmat,5,Garbolc,863,640,274
Mekényes,30492,község,Baranya,025 0,Hegyháti,Sásd,5,Mágocs,1777,240,137
Mélykút,16018,város,Bács-Kiskun,036 0,Jánoshalmai,Jánoshalma,1,–,12347,4594,2678
Mencshely,27137,község,Veszprém,191 0,Veszprémi,Veszprém,5,Nagyvázsony,1261,295,137
Mende,3692,község,Pest,131 0,Nagykátai,Nagykáta,1,–,2715,4250,1523
Méra,25618,község,Borsod-Abaúj-Zemplén,056 0,Encsi,Encs,2,[Helyben],1512,1396,562
Merenye,7737,község,Baranya,033 0,Szigetvári,Szigetvár,5,Nagydobsza,1447,243,122
Mérges,20385,község,Győr-Moson-Sopron,092 0,Téti,Tét,5,Tét,651,96,53
Mérk,7463,nagyközség,Szabolcs-Szatmár-Bereg,154 0,Mátészalkai,Mátészalka,2,[Helyben],2508,1911,785
Mernye,23630,község,Somogy,143 0,Kaposvári,Kaposvár,2,[Helyben],2593,1315,544
Mersevát,14809,község,Vas,176 0,Celldömölki,Celldömölk,5,Celldömölk,1054,568,236
Mesterháza,31875,község,Vas,179 0,Sárvári,Sárvár,5,Bő,419,152,78
Mesteri,15723,község,Vas,176 0,Celldömölki,Celldömölk,5,Celldömölk,1169,260,150
Mesterszállás,30234,község,Jász-Nagykun-Szolnok,166 0,Mezőtúri,Mezőtúr,5,Mezőtúr,4292,635,373
Meszes,11758,község,Borsod-Abaúj-Zemplén,055 0,Edelényi,Edelény,5,Szalonna,1140,151,117
Meszlen,32832,község,Vas,181 0,Szombathelyi,Szombathely,5,Nemesbőd,1202,195,96
Mesztegnyő,16106,község,Somogy,144 0,Marcali,Marcali,2,[Helyben],4471,1248,556
Mezőberény,19628,város,Békés,045 0,Békési,Békés,1,–,11853,9301,4456
Mezőcsát,13833,város,Borsod-Abaúj-Zemplén,059 1,Mezőcsáti,Mezőcsát,2,[Helyben],10309,5578,2400
Mezőcsokonya,30854,község,Somogy,143 0,Kaposvári,Kaposvár,5,Somogysárd,3078,1150,444
Meződ,3470,község,Baranya,025 0,Hegyháti,Sásd,5,Sásd,1041,114,67
Mezőfalva,17552,nagyközség,Fejér,078 0,Dunaújvárosi,Dunaújváros,1,–,8042,4447,1845
Mezőgyán,4206,község,Békés,051 0,Sarkadi,Sarkad,5,Kötegyán,5987,807,468
Mezőhegyes,11873,város,Békés,049 0,Mezőkovácsházai,Mezőkovácsháza,1,–,15544,4173,2833
Mezőhék,26286,község,Jász-Nagykun-Szolnok,166 0,Mezőtúri,Mezőtúr,5,Mezőtúr,8982,302,168
Mezőkeresztes,11323,város,Borsod-Abaúj-Zemplén,060 0,Mezőkövesdi,Mezőkövesd,1,–,7426,3459,1615
Mezőkomárom,5689,község,Fejér,079 0,Enyingi,Enying,5,Mezőszentgyörgy,2905,830,401
Mezőkovácsháza,30322,város,Békés,049 1,Mezőkovácsházai,Mezőkovácsháza,1,–,6259,5251,2870
Mezőkövesd,19433,város,Borsod-Abaúj-Zemplén,060 1,Mezőkövesdi,Mezőkövesd,2,[Helyben],10049,15413,7645
Mezőladány,32656,község,Szabolcs-Szatmár-Bereg,153 0,Kisvárdai,Kisvárda,2,[Helyben],1407,902,338
Mezőlak,23560,község,Veszprém,187 0,Pápai,Pápa,5,Nemesgörzsöny,2157,901,391
Mezőnagymihály,18379,község,Borsod-Abaúj-Zemplén,060 0,Mezőkövesdi,Mezőkövesd,5,Szentistván,6186,913,490
Mezőnyárád,11749,község,Borsod-Abaúj-Zemplén,060 0,Mezőkövesdi,Mezőkövesd,2,[Helyben],1406,1503,689
Mezőörs,12812,község,Győr-Moson-Sopron,087 0,Győri,Győr,5,Pér,4848,957,351
Mezőpeterd,31033,község,Hajdú-Bihar,094 0,Berettyóújfalui,Berettyóújfalu,5,Körösszegapáti,1823,540,262
Mezősas,18847,község,Hajdú-Bihar,094 0,Berettyóújfalui,Berettyóújfalu,5,Körösszegapáti,2639,598,290
Mezőszemere,25089,község,Heves,105 0,Füzesabonyi,Füzesabony,5,Szihalom,2148,1026,576
Mezőszentgyörgy,6576,község,Fejér,079 0,Enyingi,Enying,2,[Helyben],2712,1234,448
Mezőszilas,29036,község,Fejér,084 0,Sárbogárdi,Sárbogárd,2,[Helyben],6497,2004,810
Mezőtárkány,31662,község,Heves,105 0,Füzesabonyi,Füzesabony,2,[Helyben],4061,1483,656
Mezőtúr,4260,város,Jász-Nagykun-Szolnok,166 1,Mezőtúri,Mezőtúr,2,[Helyben],28972,15257,7736
Mezőzombor,3443,község,Borsod-Abaúj-Zemplén,066 0,Szerencsi,Szerencs,1,–,3879,2202,838
Miháld,27526,község,Zala,196 0,Nagykanizsai,Nagykanizsa,5,Nagyrécse,2164,668,347
Mihályfa,2130,község,Zala,198 0,Zalaszentgróti,Zalaszentgrót,5,Óhíd,1207,339,176
Mihálygerge,13222,község,Nógrád,120 0,Salgótarjáni,Salgótarján,2,[Helyben],1106,490,282
Mihályháza,4668,község,Veszprém,187 0,Pápai,Pápa,5,Nemesszalók,2152,671,309
Mihályi,21980,község,Győr-Moson-Sopron,088 0,Kapuvári,Kapuvár,2,[Helyben],1628,1041,461
Mike,20905,község,Somogy,143 0,Kaposvári,Kaposvár,2,[Helyben],3241,561,243
Mikebuda,24466,község,Pest,124 0,Ceglédi,Cegléd,5,Albertirsa,4217,685,313
Mikekarácsonyfa,22141,község,Zala,194 0,Lenti,Lenti,5,Csömödér,850,318,138
Mikepércs,24217,község,Hajdú-Bihar,096 0,Derecskei,Derecske,1,–,3693,5362,1883
Miklósi,33376,község,Somogy,147 0,Tabi,Tab,5,Törökkoppány,1047,174,123
Mikófalva,31282,község,Heves,103 0,Bélapátfalvai,Bélapátfalva,5,Balaton,1441,625,314
Mikóháza,24253,község,Borsod-Abaúj-Zemplén,065 0,Sátoraljaújhelyi,Sátoraljaújhely,2,[Helyben],1691,487,240
Mikosszéplak,30599,község,Vas,182 0,Vasvári,Vasvár,5,Kám,1866,298,150
Milejszeg,2662,község,Zala,197 0,Zalaegerszegi,Zalaegerszeg,5,Gellénháza,908,300,144
Milota,31750,község,Szabolcs-Szatmár-Bereg,150 0,Fehérgyarmati,Fehérgyarmat,5,Tiszakóród,1539,865,313
Mindszent,21555,város,Csongrád-Csanád,071 0,Hódmezővásárhelyi,Hódmezővásárhely,1,–,5935,6209,3153
Mindszentgodisa,16285,község,Baranya,025 0,Hegyháti,Sásd,2,[Helyben],2297,681,343
Mindszentkálla,4534,község,Veszprém,189 0,Tapolcai,Tapolca,5,Kővágóörs,1084,250,141
Misefa,4756,község,Zala,197 0,Zalaegerszegi,Zalaegerszeg,5,Nagykapornak,651,256,122
Miske,30632,község,Bács-Kiskun,037 0,Kalocsai,Kalocsa,2,[Helyben],4227,1509,696
Miskolc,30456,"megyeszékhely, megyei jogú város",Borsod-Abaúj-Zemplén,061 1,Miskolci,Miskolc,1,–,23667,141440,79234
Miszla,2811,község,Tolna,174 0,Tamási,Tamási,5,Gyönk,3472,252,174
Mocsa,26930,község,Komárom-Esztergom,112 0,Komáromi,Komárom,2,[Helyben],6719,2106,827
Mogyoród,17783,nagyközség,Pest,128 0,Gödöllői,Gödöllő,1,–,3449,8436,3348
Mogyorósbánya,28255,község,Komárom-Esztergom,110 0,Esztergomi,Esztergom,5,Nyergesújfalu,732,866,333
Mogyoróska,10968,község,Borsod-Abaúj-Zemplén,057 0,Gönci,Gönc,5,Telkibánya,1917,77,113
Moha,25715,község,Fejér,085 0,Székesfehérvári,Székesfehérvár,5,Sárkeresztes,988,566,260
Mohács,23959,város,Baranya,027 1,Mohácsi,Mohács,1,–,11223,17054,8531
Mohora,27915,község,Nógrád,116 0,Balassagyarmati,Balassagyarmat,5,Cserhátsurány,1595,889,367
Molnári,21014,község,Zala,195 0,Letenyei,Letenye,5,Semjénháza,1286,597,263
Molnaszecsőd,3294,község,Vas,177 0,Körmendi,Körmend,2,[Helyben],1169,416,183
Molvány,29522,község,Baranya,033 0,Szigetvári,Szigetvár,5,Nagydobsza,1376,152,82
Monaj,9016,község,Borsod-Abaúj-Zemplén,067 0,Szikszói,Szikszó,5,Homrogd,1153,256,99
Monok,7825,község,Borsod-Abaúj-Zemplén,066 0,Szerencsi,Szerencs,5,Rátka,4196,1430,766
Monor,10551,város,Pest,130 1,Monori,Monor,1,–,4679,19355,7097
Monorierdő,34397,község,Pest,130 0,Monori,Monor,1,–,1507,5107,1943
Mónosbél,31565,község,Heves,103 0,Bélapátfalvai,Bélapátfalva,5,Bélapátfalva,1378,395,143
Monostorapáti,24040,község,Veszprém,189 0,Tapolcai,Tapolca,2,[Helyben],2554,1061,486
Monostorpályi,25894,község,Hajdú-Bihar,096 0,Derecskei,Derecske,1,–,4444,2130,941
Monoszló,22512,község,Veszprém,185 0,Balatonfüredi,Balatonfüred,5,Zánka,746,96,64
Monyoród,16027,község,Baranya,024 0,Bólyi,Bóly,5,Szederkény,712,171,93
Mór,18485,város,Fejér,082 1,Móri,Mór,1,–,10861,13256,5762
Mórágy,20701,község,Tolna,170 0,Bonyhádi,Bonyhád,5,Bonyhád,1761,622,296
Mórahalom,4349,város,Csongrád-Csanád,074 1,Mórahalmi,Mórahalom,1,–,8315,6432,2868
Móricgát,34096,község,Bács-Kiskun,042 0,Kiskunmajsai,Kiskunmajsa,5,Jászszentlászló,3289,397,289
Mórichida,2556,község,Győr-Moson-Sopron,092 0,Téti,Tét,5,Gyarmat,3230,803,351
Mosdós,31343,község,Somogy,143 0,Kaposvári,Kaposvár,5,Baté,1695,827,324
Mosonmagyaróvár,4783,város,Győr-Moson-Sopron,089 1,Mosonmagyaróvári,Mosonmagyaróvár,1,–,8378,33743,16665
Mosonszentmiklós,33677,község,Győr-Moson-Sopron,087 0,Győri,Győr,1,–,3071,2662,1026
Mosonszolnok,28149,község,Győr-Moson-Sopron,089 0,Mosonmagyaróvári,Mosonmagyaróvár,2,[Helyben],4390,1866,655
Mosonudvar,34412,község,Győr-Moson-Sopron,089 0,Mosonmagyaróvári,Mosonmagyaróvár,5,Mosonszolnok,157,381,157
Mozsgó,29540,község,Baranya,033 0,Szigetvári,Szigetvár,2,[Helyben],2176,862,337
Mőcsény,33349,község,Tolna,170 0,Bonyhádi,Bonyhád,5,Bonyhád,1214,340,143
Mucsfa,13620,község,Tolna,170 0,Bonyhádi,Bonyhád,5,Aparhant,1275,284,148
Mucsi,7029,község,Tolna,174 0,Tamási,Tamási,5,Hőgyész,2476,417,199
Múcsony,21546,nagyközség,Borsod-Abaúj-Zemplén,058 0,Kazincbarcikai,Kazincbarcika,2,[Helyben],1755,2631,1185
Muhi,2158,község,Borsod-Abaúj-Zemplén,068 0,Tiszaújvárosi,Tiszaújváros,5,Kesznyéten,962,478,206
Murakeresztúr,25210,község,Zala,196 0,Nagykanizsai,Nagykanizsa,2,[Helyben],1172,1521,686
Murarátka,7968,község,Zala,195 0,Letenyei,Letenye,5,Letenye,1204,227,128
Muraszemenye,33987,község,Zala,195 0,Letenyei,Letenye,5,Bázakerettye,1615,486,271
Murga,18917,község,Tolna,170 0,Bonyhádi,Bonyhád,5,Zomba,659,44,49
Murony,11989,község,Békés,045 0,Békési,Békés,2,[Helyben],3568,1079,546
Nábrád,19211,község,Szabolcs-Szatmár-Bereg,150 0,Fehérgyarmati,Fehérgyarmat,2,[Helyben],1763,845,366
Nadap,27599,község,Fejér,080 0,Gárdonyi,Gárdony,5,Kápolnásnyék,693,810,326
Nádasd,6716,község,Vas,177 0,Körmendi,Körmend,2,[Helyben],3560,1316,595
Nádasdladány,13903,község,Fejér,085 0,Székesfehérvári,Székesfehérvár,5,Úrhida,2635,1646,625
Nádudvar,28103,város,Hajdú-Bihar,100 0,Hajdúszoboszlói,Hajdúszoboszló,1,–,22591,7935,3622
Nágocs,15909,község,Somogy,147 0,Tabi,Tab,5,Andocs,2226,577,263
Nagyacsád,23551,község,Veszprém,187 0,Pápai,Pápa,5,Nemesgörzsöny,1395,597,251
Nagyalásony,27979,község,Veszprém,186 0,Devecseri,Devecser,5,Tüskevár,1401,482,203
Nagyar,4710,község,Szabolcs-Szatmár-Bereg,150 0,Fehérgyarmati,Fehérgyarmat,5,Szatmárcseke,1599,594,278
Nagyatád,17941,város,Somogy,145 1,Nagyatádi,Nagyatád,1,–,7060,9218,4868
Nagybajcs,2361,község,Győr-Moson-Sopron,087 0,Győri,Győr,5,Kisbajcs,774,1232,471
Nagybajom,21652,város,Somogy,143 0,Kaposvári,Kaposvár,2,[Helyben],10806,3140,1128
Nagybakónak,12760,község,Zala,196 0,Nagykanizsai,Nagykanizsa,5,Nagyrécse,1794,373,213
Nagybánhegyes,26028,község,Békés,049 0,Mezőkovácsházai,Mezőkovácsháza,5,Kaszaper,4224,1014,778
Nagybaracska,25955,község,Bács-Kiskun,035 0,Bajai,Baja,2,[Helyben],3795,1954,1008
Nagybarca,29188,község,Borsod-Abaúj-Zemplén,058 0,Kazincbarcikai,Kazincbarcika,5,Mályinka,1439,881,354
Nagybárkány,16391,község,Nógrád,120 0,Salgótarjáni,Salgótarján,5,Lucfalva,884,631,242
Nagyberény,29063,község,Somogy,146 0,Siófoki,Siófok,5,Ádánd,2314,1264,594
Nagyberki,21449,község,Somogy,143 0,Kaposvári,Kaposvár,2,[Helyben],2174,1282,506
Nagybörzsöny,14775,község,Pest,137 0,Szobi,Szob,5,Kemence,5065,570,359
Nagybudmér,3984,község,Baranya,024 0,Bólyi,Bóly,5,Bóly,1022,149,78
Nagycenk,2495,nagyközség,Győr-Moson-Sopron,091 0,Soproni,Sopron,2,[Helyben],1945,2871,1086
Nagycsány,18111,község,Baranya,030 0,Sellyei,Sellye,5,Csányoszró,565,124,43
Nagycsécs,5582,község,Borsod-Abaúj-Zemplén,068 0,Tiszaújvárosi,Tiszaújváros,5,Sajóörös,983,731,283
Nagycsepely,20598,község,Somogy,146 0,Siófoki,Siófok,5,Balatonszárszó,1980,365,185
Nagycserkesz,22743,község,Szabolcs-Szatmár-Bereg,157 0,Nyíregyházi,Nyíregyháza,5,Kálmánháza,4147,1516,642
Nagydém,10001,község,Veszprém,187 0,Pápai,Pápa,5,Csót,1332,319,167
Nagydobos,21485,község,Szabolcs-Szatmár-Bereg,154 0,Mátészalkai,Mátészalka,1,–,2693,2072,739
Nagydobsza,33899,község,Baranya,033 0,Szigetvári,Szigetvár,2,[Helyben],1323,556,227
Nagydorog,18388,nagyközség,Tolna,172 0,Paksi,Paks,2,[Helyben],4144,2414,1066
Nagyecsed,6488,város,Szabolcs-Szatmár-Bereg,154 0,Mátészalkai,Mátészalka,2,[Helyben],4385,5987,2291
Nagyér,20914,község,Csongrád-Csanád,073 0,Makói,Makó,5,Csanádalberti,1229,446,239
Nagyesztergár,23180,község,Veszprém,192 0,Zirci,Zirc,5,Dudar,1829,1105,403
Nagyfüged,26879,község,Heves,106 0,Gyöngyösi,Gyöngyös,5,Vámosgyörk,2751,1779,693
Nagygeresd,9283,község,Vas,179 0,Sárvári,Sárvár,5,Uraiújfalu,940,260,144
Nagygörbő,5218,község,Zala,198 0,Zalaszentgróti,Zalaszentgrót,5,Óhíd,745,196,99
Nagygyimót,8262,község,Veszprém,187 0,Pápai,Pápa,5,Csót,2344,497,251
Nagyhajmás,12858,község,Baranya,025 0,Hegyháti,Sásd,5,Mágocs,1801,262,131
Nagyhalász,27155,város,Szabolcs-Szatmár-Bereg,151 0,Ibrányi,Ibrány,1,–,4430,5270,1949
Nagyharsány,2653,község,Baranya,031 0,Siklósi,Siklós,2,[Helyben],2601,1325,516
Nagyhegyes,9478,község,Hajdú-Bihar,100 0,Hajdúszoboszlói,Hajdúszoboszló,1,–,13277,2874,1114
Nagyhódos,26976,község,Szabolcs-Szatmár-Bereg,150 0,Fehérgyarmati,Fehérgyarmat,5,Méhtelek,764,108,84
Nagyhuta,15468,község,Borsod-Abaúj-Zemplén,065 0,Sátoraljaújhelyi,Sátoraljaújhely,5,Pálháza,3506,71,36
Nagyigmánd,22372,nagyközség,Komárom-Esztergom,112 0,Komáromi,Komárom,2,[Helyben],5135,2666,1159
Nagyiván,21689,község,Jász-Nagykun-Szolnok,168 0,Tiszafüredi,Tiszafüred,5,Tiszaigar,4316,994,493
Nagykálló,24785,város,Szabolcs-Szatmár-Bereg,155 1,Nagykállói,Nagykálló,1,–,6853,9016,3634
Nagykamarás,4242,község,Békés,049 0,Mezőkovácsházai,Mezőkovácsháza,2,[Helyben],4310,1051,779
Nagykanizsa,30933,megyei jogú város,Zala,196 1,Nagykanizsai,Nagykanizsa,1,–,14840,42042,23492
Nagykapornak,20589,község,Zala,197 0,Zalaegerszegi,Zalaegerszeg,2,[Helyben],2441,863,373
Nagykarácsony,7001,község,Fejér,078 0,Dunaújvárosi,Dunaújváros,5,Kisapostag,3046,1266,592
Nagykáta,13435,város,Pest,131 1,Nagykátai,Nagykáta,1,–,8161,11874,4941
Nagykereki,8907,község,Hajdú-Bihar,094 0,Berettyóújfalui,Berettyóújfalu,5,Biharkeresztes,3727,1086,470
Nagykeresztúr,34281,község,Nógrád,120 0,Salgótarjáni,Salgótarján,5,Lucfalva,820,227,102
Nagykinizs,26505,község,Borsod-Abaúj-Zemplén,067 0,Szikszói,Szikszó,5,Szikszó,658,288,122
Nagykónyi,27182,község,Tolna,174 0,Tamási,Tamási,2,[Helyben],4788,952,496
Nagykorpád,32805,község,Somogy,145 0,Nagyatádi,Nagyatád,5,Lábod,3342,481,219
Nagykovácsi,9991,nagyközség,Pest,123 0,Budakeszi,Budakeszi,1,–,2767,8757,3104
Nagykozár,10940,község,Baranya,028 0,Pécsi,Pécs,2,[Helyben],1146,2011,710
Nagykökényes,24943,község,Heves,107 0,Hatvani,Hatvan,5,Heréd,1728,545,262
Nagykölked,32920,község,Vas,177 0,Körmendi,Körmend,5,Vasalja,978,180,70
Nagykőrös,19716,város,Pest,132 1,Nagykőrösi,Nagykőrös,1,–,22794,22940,10740
Nagykörű,15574,község,Jász-Nagykun-Szolnok,167 0,Szolnoki,Szolnok,2,[Helyben],4281,1524,920
Nagykutas,22178,község,Zala,197 0,Zalaegerszegi,Zalaegerszeg,5,Bagod,845,442,182
Nagylak,12779,község,Csongrád-Csanád,073 0,Makói,Makó,5,Apátfalva,469,354,297
Nagylengyel,4455,község,Zala,197 0,Zalaegerszegi,Zalaegerszeg,5,Gellénháza,1024,500,207
Nagylóc,21102,község,Nógrád,121 0,Szécsényi,Szécsény,5,Rimóc,3912,1398,683
Nagylók,32364,község,Fejér,084 0,Sárbogárdi,Sárbogárd,2,[Helyben],3244,984,458
Nagylózs,32939,község,Győr-Moson-Sopron,091 0,Soproni,Sopron,5,Sopronkövesd,1925,918,326
Nagymágocs,17233,nagyközség,Csongrád-Csanád,076 0,Szentesi,Szentes,1,–,7509,2661,1234
Nagymányok,14030,város,Tolna,170 0,Bonyhádi,Bonyhád,2,[Helyben],1068,2117,915
Nagymaros,31732,város,Pest,137 0,Szobi,Szob,1,–,3437,5011,2304
Nagymizdó,15060,község,Vas,177 0,Körmendi,Körmend,5,Molnaszecsőd,676,111,69
Nagynyárád,14650,község,Baranya,027 0,Mohácsi,Mohács,2,[Helyben],2434,607,315
Nagyoroszi,23986,község,Nógrád,119 0,Rétsági,Rétság,2,[Helyben],4003,1856,840
Nagypáli,28468,község,Zala,197 0,Zalaegerszegi,Zalaegerszeg,2,[Helyben],632,566,212
Nagypall,19877,község,Baranya,029 0,Pécsváradi,Pécsvárad,5,Erzsébet,713,339,149
Nagypeterd,27164,község,Baranya,033 0,Szigetvári,Szigetvár,2,[Helyben],1163,639,249
Nagypirit,21403,község,Veszprém,186 0,Devecseri,Devecser,5,Tüskevár,1016,214,153
Nagyrábé,6309,nagyközség,Hajdú-Bihar,102 0,Püspökladányi,Püspökladány,2,[Helyben],8542,1857,925
Nagyrada,16513,község,Zala,196 0,Nagykanizsai,Nagykanizsa,5,Garabonc,1285,435,202
Nagyrákos,29869,község,Vas,177 0,Körmendi,Körmend,5,Őriszentpéter,1611,254,140
Nagyrécse,14979,község,Zala,196 0,Nagykanizsai,Nagykanizsa,2,[Helyben],2699,1105,436
Nagyréde,31486,nagyközség,Heves,106 0,Gyöngyösi,Gyöngyös,1,–,3434,3069,1261
Nagyrév,6318,község,Jász-Nagykun-Szolnok,165 0,Kunszentmártoni,Kunszentmárton,5,Tiszakürt,2979,590,378
Nagyrozvágy,33181,község,Borsod-Abaúj-Zemplén,054 0,Cigándi,Cigánd,5,Ricse,2681,578,274
Nagysáp,27076,község,Komárom-Esztergom,110 0,Esztergomi,Esztergom,5,Bajót,2478,1425,491
Nagysimonyi,26143,község,Vas,176 0,Celldömölki,Celldömölk,2,[Helyben],1567,916,420
Nagyszakácsi,25520,község,Somogy,144 0,Marcali,Marcali,2,[Helyben],2137,450,266
Nagyszékely,6761,község,Tolna,174 0,Tamási,Tamási,5,Tolnanémedi,3671,382,229
Nagyszekeres,27988,község,Szabolcs-Szatmár-Bereg,150 0,Fehérgyarmati,Fehérgyarmat,2,[Helyben],1051,443,200
Nagyszénás,8244,nagyközség,Békés,050 0,Orosházi,Orosháza,1,–,9556,4242,2280
Nagyszentjános,33543,község,Győr-Moson-Sopron,087 0,Győri,Győr,2,[Helyben],3033,2042,741
Nagyszokoly,13709,község,Tolna,174 0,Tamási,Tamási,5,Nagykónyi,2799,871,413
Nagytálya,27605,község,Heves,104 0,Egri,Eger,5,Maklár,1319,898,356
Nagytarcsa,23409,község,Pest,128 0,Gödöllői,Gödöllő,1,–,1214,6704,2466
Nagytevel,25201,község,Veszprém,187 0,Pápai,Pápa,5,Ugod,1441,533,220
Nagytilaj,24837,község,Vas,182 0,Vasvári,Vasvár,5,Győrvár,1566,159,132
Nagytótfalu,28927,község,Baranya,031 0,Siklósi,Siklós,5,Nagyharsány,1117,315,129
Nagytőke,29179,község,Csongrád-Csanád,076 0,Szentesi,Szentes,5,Szentes,5468,345,222
Nagyút,10418,község,Heves,105 0,Füzesabonyi,Füzesabony,5,Kompolt,1894,666,338
Nagyvarsány,33783,község,Szabolcs-Szatmár-Bereg,159 0,Vásárosnaményi,Vásárosnamény,5,Aranyosapáti,1255,1259,541
Nagyváty,14191,község,Baranya,033 0,Szigetvári,Szigetvár,5,Nagypeterd,1267,290,130
Nagyvázsony,19196,község,Veszprém,191 0,Veszprémi,Veszprém,2,[Helyben],7629,1691,681
Nagyvejke,16452,község,Tolna,170 0,Bonyhádi,Bonyhád,5,Aparhant,777,149,93
Nagyveleg,23588,község,Fejér,082 0,Móri,Mór,5,Bakonycsernye,1317,664,275
Nagyvenyim,26134,nagyközség,Fejér,078 0,Dunaújvárosi,Dunaújváros,1,–,4368,4294,1595
Nagyvisnyó,28282,község,Heves,103 0,Bélapátfalvai,Bélapátfalva,5,Szilvásvárad,4302,800,496
Nak,2796,község,Tolna,171 0,Dombóvári,Dombóvár,5,Dalmand,2778,469,271
Napkor,8420,nagyközség,Szabolcs-Szatmár-Bereg,157 0,Nyíregyházi,Nyíregyháza,1,–,3735,3548,1342
Nárai,17367,község,Vas,181 0,Szombathelyi,Szombathely,5,Ják,1599,1513,537
Narda,2042,község,Vas,181 0,Szombathelyi,Szombathely,5,Sé,1035,500,200
Naszály,20163,község,Komárom-Esztergom,114 0,Tatai,Tata,1,–,3022,2344,901
Négyes,24156,község,Borsod-Abaúj-Zemplén,060 0,Mezőkövesdi,Mezőkövesd,5,Mezőkövesd,1732,249,219
Nekézseny,28033,község,Borsod-Abaúj-Zemplén,062 0,Ózdi,Ózd,2,[Helyben],1410,582,330
Nemesapáti,6169,község,Zala,197 0,Zalaegerszegi,Zalaegerszeg,5,Nagypáli,1037,477,218
Nemesbikk,5245,község,Borsod-Abaúj-Zemplén,068 0,Tiszaújvárosi,Tiszaújváros,2,[Helyben],2410,918,371
Nemesborzova,27119,község,Szabolcs-Szatmár-Bereg,150 0,Fehérgyarmati,Fehérgyarmat,5,Nagyszekeres,220,102,41
Nemesbőd,24509,község,Vas,181 0,Szombathelyi,Szombathely,2,[Helyben],914,654,253
Nemesbük,32948,község,Zala,193 0,Keszthelyi,Keszthely,5,Zalacsány,998,720,425
Nemescsó,23320,község,Vas,178 0,Kőszegi,Kőszeg,5,Lukácsháza,738,311,124
Nemesdéd,7913,község,Somogy,144 0,Marcali,Marcali,5,Nagyszakácsi,2661,836,313
Nemesgörzsöny,5652,község,Veszprém,187 0,Pápai,Pápa,2,[Helyben],1925,618,297
Nemesgulács,2787,község,Veszprém,189 0,Tapolcai,Tapolca,5,Szigliget,835,941,382
Nemeshany,5555,község,Veszprém,188 0,Sümegi,Sümeg,5,Sümeg,1049,322,160
Nemeshetés,7658,község,Zala,197 0,Zalaegerszegi,Zalaegerszeg,5,Nagypáli,661,273,196
Nemeske,18236,község,Baranya,033 0,Szigetvári,Szigetvár,5,Nagydobsza,1057,204,109
Nemeskér,29328,község,Győr-Moson-Sopron,091 0,Soproni,Sopron,5,Lövő,642,198,98
Nemeskeresztúr,3674,község,Vas,176 0,Celldömölki,Celldömölk,5,Jánosháza,1217,271,157
Nemeskisfalud,25511,község,Somogy,144 0,Marcali,Marcali,5,Böhönye,282,147,42
Nemeskocs,2839,község,Vas,176 0,Celldömölki,Celldömölk,5,Celldömölk,793,310,145
Nemeskolta,24059,község,Vas,181 0,Szombathelyi,Szombathely,5,Sorkifalud,734,363,139
Nemesládony,26240,község,Vas,179 0,Sárvári,Sárvár,5,Uraiújfalu,567,166,95
Nemesmedves,31556,község,Vas,180 0,Szentgotthárdi,Szentgotthárd,5,Rátót,474,18,15
Nemesnádudvar,32540,község,Bács-Kiskun,035 0,Bajai,Baja,2,[Helyben],5878,1646,731
Nemesnép,32665,község,Zala,194 0,Lenti,Lenti,5,Csesztreg,972,111,72
Nemespátró,19859,község,Zala,196 0,Nagykanizsai,Nagykanizsa,5,Surd,1225,233,149
Nemesrádó,18023,község,Zala,197 0,Zalaegerszegi,Zalaegerszeg,5,Nagykapornak,1402,305,174
Nemesrempehollós,9672,község,Vas,177 0,Körmendi,Körmend,5,Egyházasrádóc,1205,258,148
Nemessándorháza,25609,község,Zala,197 0,Zalaegerszegi,Zalaegerszeg,5,Zalaszentmihály,1115,305,160
Nemesvámos,2194,község,Veszprém,191 0,Veszprémi,Veszprém,2,[Helyben],4078,3003,1034
Nemesvid,17561,község,Somogy,144 0,Marcali,Marcali,5,Somogysámson,1838,607,345
Nemesvita,28422,község,Veszprém,189 0,Tapolcai,Tapolca,5,Lesencetomaj,925,341,193
Nemesszalók,21759,község,Veszprém,187 0,Pápai,Pápa,2,[Helyben],2055,740,360
Nemesszentandrás,8059,község,Zala,197 0,Zalaegerszegi,Zalaegerszeg,5,Zalaszentmihály,546,232,126
Németbánya,10409,község,Veszprém,187 0,Pápai,Pápa,5,Adásztevel,1219,115,83
Németfalu,25414,község,Zala,197 0,Zalaegerszegi,Zalaegerszeg,5,Teskánd,867,202,71
Németkér,15006,község,Tolna,172 0,Paksi,Paks,5,Dunaszentgyörgy,6497,1499,758
Nemti,27580,község,Nógrád,117 0,Bátonyterenyei,Bátonyterenye,5,Mátraverebély,1106,649,428
Neszmély,33826,község,Komárom-Esztergom,114 0,Tatai,Tata,5,Tata,2772,1386,584
Nézsa,9797,község,Nógrád,119 0,Rétsági,Rétság,2,[Helyben],1867,1177,494
Nick,10843,község,Vas,179 0,Sárvári,Sárvár,5,Répcelak,1140,559,288
Nikla,10959,község,Somogy,144 0,Marcali,Marcali,5,Mesztegnyő,2335,702,318
Nógrád,4358,község,Nógrád,119 0,Rétsági,Rétság,2,[Helyben],2954,1661,736
Nógrádkövesd,32300,község,Nógrád,116 0,Balassagyarmati,Balassagyarmat,5,Galgaguta,899,637,293
Nógrádmarcal,29832,község,Nógrád,116 0,Balassagyarmati,Balassagyarmat,5,Szügy,1993,417,198
Nógrádmegyer,12131,község,Nógrád,121 0,Szécsényi,Szécsény,2,[Helyben],2277,1549,575
Nógrádsáp,8387,község,Nógrád,119 0,Rétsági,Rétság,5,Kétbodony,1547,905,377
Nógrádsipek,19497,község,Nógrád,121 0,Szécsényi,Szécsény,5,Varsány,2012,592,303
Nógrádszakál,27340,község,Nógrád,121 0,Szécsényi,Szécsény,5,Ludányhalászi,1872,550,249
Nóráp,26523,község,Veszprém,187 0,Pápai,Pápa,5,Pápakovácsi,758,181,98
Noszlop,14757,község,Veszprém,186 0,Devecseri,Devecser,5,Somlóvásárhely,3405,947,414
Noszvaj,18810,község,Heves,104 0,Egri,Eger,5,Felsőtárkány,1884,1845,797
Nova,3355,község,Zala,194 0,Lenti,Lenti,5,Páka,3929,727,351
Novaj,29276,község,Heves,104 0,Egri,Eger,5,Ostoros,1852,1282,566
Novajidrány,27191,község,Borsod-Abaúj-Zemplén,056 0,Encsi,Encs,2,[Helyben],1431,1297,436
Nőtincs,29425,község,Nógrád,119 0,Rétsági,Rétság,2,[Helyben],2047,1174,531
Nyalka,19752,község,Győr-Moson-Sopron,090 0,Pannonhalmi,Pannonhalma,5,Pázmándfalu,1286,508,202
Nyárád,29009,község,Veszprém,187 0,Pápai,Pápa,2,[Helyben],1979,889,350
Nyáregyháza,23038,nagyközség,Pest,130 0,Monori,Monor,1,–,3201,3840,1503
Nyárlőrinc,23056,község,Bács-Kiskun,038 0,Kecskeméti,Kecskemét,1,–,6636,2257,1015
Nyársapát,20066,község,Pest,132 0,Nagykőrösi,Nagykőrös,2,[Helyben],5403,2051,870
Nyékládháza,12885,város,Borsod-Abaúj-Zemplén,061 0,Miskolci,Miskolc,1,–,2467,5009,2014
Nyergesújfalu,15352,város,Komárom-Esztergom,110 0,Esztergomi,Esztergom,2,[Helyben],3964,7206,3315
Nyésta,4419,község,Borsod-Abaúj-Zemplén,067 0,Szikszói,Szikszó,5,Homrogd,689,57,28
Nyim,3203,község,Somogy,146 0,Siófoki,Siófok,5,Ságvár,976,316,148
Nyírábrány,32294,nagyközség,Hajdú-Bihar,101 0,Nyíradonyi,Nyíradony,2,[Helyben],5559,3559,1470
Nyíracsád,14003,község,Hajdú-Bihar,101 0,Nyíradonyi,Nyíradony,1,–,7493,3624,1436
Nyirád,24004,község,Veszprém,183 0,Ajkai,Ajka,2,[Helyben],6135,1732,763
Nyíradony,6187,város,Hajdú-Bihar,101 1,Nyíradonyi,Nyíradony,1,–,9657,7175,2634
Nyírbátor,14845,város,Szabolcs-Szatmár-Bereg,156 1,Nyírbátori,Nyírbátor,1,–,6674,11137,4833
Nyírbéltek,15802,nagyközség,Szabolcs-Szatmár-Bereg,156 0,Nyírbátori,Nyírbátor,1,–,6216,2673,1099
Nyírbogát,31158,város,Szabolcs-Szatmár-Bereg,156 0,Nyírbátori,Nyírbátor,2,[Helyben],5536,2968,1232
Nyírbogdány,28802,község,Szabolcs-Szatmár-Bereg,152 0,Kemecsei,Kemecse,1,–,3503,2714,1022
Nyírcsaholy,7904,község,Szabolcs-Szatmár-Bereg,154 0,Mátészalkai,Mátészalka,1,–,3434,2078,829
Nyírcsászári,25973,község,Szabolcs-Szatmár-Bereg,156 0,Nyírbátori,Nyírbátor,2,[Helyben],1324,1024,411
Nyírderzs,5041,község,Szabolcs-Szatmár-Bereg,156 0,Nyírbátori,Nyírbátor,5,Nyírbogát,1702,499,255
Nyíregyháza,17206,"megyeszékhely, megyei jogú város",Szabolcs-Szatmár-Bereg,157 1,Nyíregyházi,Nyíregyháza,1,–,27454,114873,54384
Nyírgelse,28440,község,Szabolcs-Szatmár-Bereg,156 0,Nyírbátori,Nyírbátor,5,Encsencs,2762,979,476
Nyírgyulaj,9238,község,Szabolcs-Szatmár-Bereg,156 0,Nyírbátori,Nyírbátor,1,–,3575,1820,764
Nyíri,26435,község,Borsod-Abaúj-Zemplén,065 0,Sátoraljaújhelyi,Sátoraljaújhely,5,Pálháza,1647,411,182
Nyíribrony,14696,község,Szabolcs-Szatmár-Bereg,148 0,Baktalórántházai,Baktalórántháza,5,Ramocsaháza,2009,1066,419
Nyírjákó,31477,község,Szabolcs-Szatmár-Bereg,148 0,Baktalórántházai,Baktalórántháza,5,Baktalórántháza,1034,809,359
Nyírkarász,18290,község,Szabolcs-Szatmár-Bereg,153 0,Kisvárdai,Kisvárda,1,–,4143,2124,836
Nyírkáta,32452,község,Szabolcs-Szatmár-Bereg,154 0,Mátészalkai,Mátészalka,1,–,3863,1868,636
Nyírkércs,25928,község,Szabolcs-Szatmár-Bereg,148 0,Baktalórántházai,Baktalórántháza,5,Ramocsaháza,1428,684,301
Nyírlövő,11095,község,Szabolcs-Szatmár-Bereg,153 0,Kisvárdai,Kisvárda,5,Pap,791,637,245
Nyírlugos,11271,város,Szabolcs-Szatmár-Bereg,156 0,Nyírbátori,Nyírbátor,1,–,5839,2425,1190
Nyírmada,12274,város,Szabolcs-Szatmár-Bereg,159 0,Vásárosnaményi,Vásárosnamény,1,–,3880,4631,1544
Nyírmártonfalva,32382,község,Hajdú-Bihar,101 0,Nyíradonyi,Nyíradony,1,–,5748,1842,787
Nyírmeggyes,23269,község,Szabolcs-Szatmár-Bereg,154 0,Mátészalkai,Mátészalka,1,–,2879,2453,1029
Nyírmihálydi,26365,község,Szabolcs-Szatmár-Bereg,156 0,Nyírbátori,Nyírbátor,1,–,2549,2188,642
Nyírparasznya,10807,község,Szabolcs-Szatmár-Bereg,154 0,Mátészalkai,Mátészalka,5,Őr,1476,807,308
Nyírpazony,33145,nagyközség,Szabolcs-Szatmár-Bereg,157 0,Nyíregyházi,Nyíregyháza,1,–,1505,3752,1406
Nyírpilis,3878,község,Szabolcs-Szatmár-Bereg,156 0,Nyírbátori,Nyírbátor,5,Nyírcsászári,1634,939,174
Nyírtass,28060,község,Szabolcs-Szatmár-Bereg,153 0,Kisvárdai,Kisvárda,1,–,3795,1777,772
Nyírtelek,13550,város,Szabolcs-Szatmár-Bereg,157 0,Nyíregyházi,Nyíregyháza,1,–,6792,6468,2542
Nyírtét,9256,község,Szabolcs-Szatmár-Bereg,152 0,Kemecsei,Kemecse,2,[Helyben],1718,932,361
Nyírtura,12098,község,Szabolcs-Szatmár-Bereg,157 0,Nyíregyházi,Nyíregyháza,2,[Helyben],2148,1803,716
Nyírvasvári,16522,község,Szabolcs-Szatmár-Bereg,156 0,Nyírbátori,Nyírbátor,1,–,2842,1877,731
Nyomár,4215,község,Borsod-Abaúj-Zemplén,055 0,Edelényi,Edelény,5,Borsodszirák,1046,256,131
Nyőgér,22318,község,Vas,179 0,Sárvári,Sárvár,2,[Helyben],1073,335,169
Nyugotszenterzsébet,26329,község,Baranya,033 0,Szigetvári,Szigetvár,5,Nagypeterd,923,213,81
Nyúl,12955,község,Győr-Moson-Sopron,087 0,Győri,Győr,1,–,2514,4693,1804
Óbánya,12645,község,Baranya,029 0,Pécsváradi,Pécsvárad,5,Mecseknádasd,749,83,70
Óbarok,34306,község,Fejér,077 0,Bicskei,Bicske,5,Felcsút,1926,901,376
Óbudavár,23913,község,Veszprém,185 0,Balatonfüredi,Balatonfüred,5,Zánka,323,49,23
Ócsa,4075,város,Pest,129 0,Gyáli,Gyál,1,–,8166,9950,3628
Ócsárd,3780,község,Baranya,028 0,Pécsi,Pécs,5,Regenye,1266,352,145
Ófalu,19646,község,Baranya,029 0,Pécsváradi,Pécsvárad,5,Mecseknádasd,985,328,156
Ófehértó,22284,község,Szabolcs-Szatmár-Bereg,148 0,Baktalórántházai,Baktalórántháza,1,–,4317,2384,965
Óföldeák,7755,község,Csongrád-Csanád,073 0,Makói,Makó,5,Földeák,3509,479,186
Óhíd,27775,község,Zala,198 0,Zalaszentgróti,Zalaszentgrót,2,[Helyben],1248,481,241
Okány,19257,község,Békés,051 0,Sarkadi,Sarkad,2,[Helyben],7062,2106,1140
Okorág,20686,község,Baranya,030 0,Sellyei,Sellye,5,Sellye,1185,139,66
Okorvölgy,8341,község,Baranya,032 0,Szentlőrinci,Szentlőrinc,5,Szentlőrinc,311,85,34
Olasz,18555,község,Baranya,024 0,Bólyi,Bóly,5,Szederkény,1029,559,249
Olaszfa,19743,község,Vas,182 0,Vasvári,Vasvár,5,Győrvár,1654,408,243
Olaszfalu,26514,község,Veszprém,192 0,Zirci,Zirc,5,Bakonybél,4280,1016,407
Olaszliszka,31778,község,Borsod-Abaúj-Zemplén,064 0,Sárospataki,Sárospatak,5,Bodrogolaszi,3949,1496,684
Olcsva,11129,község,Szabolcs-Szatmár-Bereg,159 0,Vásárosnaményi,Vásárosnamény,5,Vásárosnamény,996,681,254
Olcsvaapáti,10834,község,Szabolcs-Szatmár-Bereg,150 0,Fehérgyarmati,Fehérgyarmat,5,Nábrád,1102,249,152
Old,21704,község,Baranya,031 0,Siklósi,Siklós,5,Nagyharsány,1407,316,127
Ólmod,22044,község,Vas,178 0,Kőszegi,Kőszeg,5,Horvátzsidány,366,105,57
Oltárc,25478,község,Zala,195 0,Letenyei,Letenye,5,Bánokszentgyörgy,2953,226,120
Onga,22558,város,Borsod-Abaúj-Zemplén,061 0,Miskolci,Miskolc,1,–,3149,4689,1583
Ónod,22628,község,Borsod-Abaúj-Zemplén,061 0,Miskolci,Miskolc,1,–,1774,2222,795
Ópályi,27924,község,Szabolcs-Szatmár-Bereg,154 0,Mátészalkai,Mátészalka,1,–,2672,2955,913
Ópusztaszer,12797,község,Csongrád-Csanád,072 0,Kisteleki,Kistelek,1,–,5950,1946,868
Orbányosfa,20835,község,Zala,197 0,Zalaegerszegi,Zalaegerszeg,5,Nagykapornak,567,99,58
Orci,24536,község,Somogy,143 0,Kaposvári,Kaposvár,5,Magyaratád,997,514,197
Ordacsehi,16823,község,Somogy,142 0,Fonyódi,Fonyód,5,Balatonboglár,2256,773,420
Ordas,16276,község,Bács-Kiskun,037 0,Kalocsai,Kalocsa,5,Géderlak,1631,437,252
Orfalu,17093,község,Vas,180 0,Szentgotthárdi,Szentgotthárd,5,Alsószölnök,694,70,37
Orfű,11730,község,Baranya,028 0,Pécsi,Pécs,2,[Helyben],3215,1109,637
Orgovány,16939,nagyközség,Bács-Kiskun,038 0,Kecskeméti,Kecskemét,1,–,9916,3261,1600
Ormándlak,22497,község,Zala,197 0,Zalaegerszegi,Zalaegerszeg,5,Gellénháza,575,105,62
Ormosbánya,34069,község,Borsod-Abaúj-Zemplén,058 0,Kazincbarcikai,Kazincbarcika,2,[Helyben],754,1463,638
Orosháza,23065,város,Békés,050 1,Orosházi,Orosháza,1,–,20222,24859,14151
Oroszi,16595,község,Veszprém,186 0,Devecseri,Devecser,5,Somlóvásárhely,474,138,80
Oroszlány,30766,város,Komárom-Esztergom,113 1,Oroszlányi,Oroszlány,2,[Helyben],7586,17510,8221
Oroszló,4482,község,Baranya,026 0,Komlói,Komló,5,Magyarhertelend,612,274,112
Orosztony,25052,község,Zala,196 0,Nagykanizsai,Nagykanizsa,5,Garabonc,1845,349,215
Ortaháza,4950,község,Zala,194 0,Lenti,Lenti,5,Páka,703,74,52
Osli,15121,község,Győr-Moson-Sopron,088 0,Kapuvári,Kapuvár,2,[Helyben],1880,863,391
Ostffyasszonyfa,32629,község,Vas,176 0,Celldömölki,Celldömölk,5,Celldömölk,3431,732,373
Ostoros,27216,község,Heves,104 0,Egri,Eger,2,[Helyben],2351,2909,1133
Oszkó,7667,község,Vas,182 0,Vasvári,Vasvár,5,Győrvár,2031,605,296
Oszlár,2866,község,Borsod-Abaúj-Zemplén,068 0,Tiszaújvárosi,Tiszaújváros,5,Tiszapalkonya,571,296,180
Osztopán,19770,község,Somogy,143 0,Kaposvári,Kaposvár,5,Somogyjád,2283,751,333
Ózd,14492,város,Borsod-Abaúj-Zemplén,062 1,Ózdi,Ózd,1,–,9226,30056,14252
Ózdfalu,18661,község,Baranya,030 0,Sellyei,Sellye,5,Baksa,800,140,60
Ozmánbük,18953,község,Zala,197 0,Zalaegerszegi,Zalaegerszeg,5,Bagod,669,184,91
Ozora,5661,község,Tolna,174 0,Tamási,Tamási,2,[Helyben],5956,1496,718
Öcs,28112,község,Veszprém,183 0,Ajkai,Ajka,5,Ajka,1370,210,88
Őcsény,8961,község,Tolna,173 0,Szekszárdi,Szekszárd,2,[Helyben],7260,2149,917
Öcsöd,28006,nagyközség,Jász-Nagykun-Szolnok,165 0,Kunszentmártoni,Kunszentmárton,1,–,10366,3019,1615
Ököritófülpös,31769,nagyközség,Szabolcs-Szatmár-Bereg,154 0,Mátészalkai,Mátészalka,2,[Helyben],3342,1698,612
Ölbő,12043,község,Vas,179 0,Sárvári,Sárvár,5,Rábapaty,2353,676,302
Ömböly,26550,község,Szabolcs-Szatmár-Bereg,156 0,Nyírbátori,Nyírbátor,5,Piricse,3036,335,188
Őr,9025,község,Szabolcs-Szatmár-Bereg,154 0,Mátészalkai,Mátészalka,2,[Helyben],1778,1408,536
Őrbottyán,8545,város,Pest,138 0,Váci,Vác,1,–,2725,8341,3051
Öregcsertő,8679,község,Bács-Kiskun,037 0,Kalocsai,Kalocsa,5,Szakmár,4306,690,383
Öreglak,7056,község,Somogy,142 0,Fonyódi,Fonyód,2,[Helyben],2072,1479,548
Őrhalom,3249,község,Nógrád,116 0,Balassagyarmati,Balassagyarmat,2,[Helyben],1746,1028,396
Őrimagyarósd,13453,község,Vas,177 0,Körmendi,Körmend,5,Őriszentpéter,1229,214,127
Őriszentpéter,10630,város,Vas,177 0,Körmendi,Körmend,2,[Helyben],3356,1007,514
Örkény,5281,város,Pest,125 0,Dabasi,Dabas,1,–,3644,4896,1729
Örményes,29382,község,Jász-Nagykun-Szolnok,169 0,Törökszentmiklósi,Törökszentmiklós,5,Tiszatenyő,3413,924,461
Örménykút,27438,község,Békés,052 0,Szarvasi,Szarvas,5,Csabacsűd,5456,256,199
Őrtilos,14012,község,Somogy,141 0,Csurgói,Csurgó,5,Zákány,2112,417,302
Örvényes,10092,község,Veszprém,185 0,Balatonfüredi,Balatonfüred,5,Tihany,446,169,109
Ősagárd,19318,község,Nógrád,119 0,Rétsági,Rétság,5,Nőtincs,1092,309,161
Ősi,24068,község,Veszprém,190 0,Várpalotai,Várpalota,1,–,3586,1994,765
Öskü,25450,község,Veszprém,190 0,Várpalotai,Várpalota,2,[Helyben],4830,2143,861
Öttevény,2635,község,Győr-Moson-Sopron,087 0,Győri,Győr,1,–,2366,2908,1112
Öttömös,31079,község,Csongrád-Csanád,074 0,Mórahalmi,Mórahalom,5,Ruzsa,3091,593,381
Ötvöskónyi,32115,község,Somogy,145 0,Nagyatádi,Nagyatád,5,Segesd,2771,796,301
Pácin,15893,község,Borsod-Abaúj-Zemplén,054 0,Cigándi,Cigánd,2,[Helyben],3393,1393,600
Pacsa,31741,város,Zala,197 0,Zalaegerszegi,Zalaegerszeg,2,[Helyben],2271,1453,671
Pácsony,7162,község,Vas,182 0,Vasvári,Vasvár,5,Győrvár,1001,283,130
Padár,24776,község,Zala,197 0,Zalaegerszegi,Zalaegerszeg,5,Nagykapornak,1069,113,77
Páhi,18670,község,Bács-Kiskun,039 0,Kiskőrösi,Kiskőrös,2,[Helyben],3896,1141,643
Páka,29160,község,Zala,194 0,Lenti,Lenti,2,[Helyben],2318,941,527
Pakod,24271,község,Zala,198 0,Zalaszentgróti,Zalaszentgrót,5,Kehidakustány,1255,832,382
Pákozd,25751,nagyközség,Fejér,080 0,Gárdonyi,Gárdony,1,–,4330,3793,1468
Paks,4862,város,Tolna,172 1,Paksi,Paks,1,–,15408,17873,8586
Palé,23764,község,Baranya,025 0,Hegyháti,Sásd,5,Sásd,215,80,36
Pálfa,9371,község,Tolna,172 0,Paksi,Paks,5,Nagydorog,3474,1398,645
Pálfiszeg,14720,község,Zala,197 0,Zalaegerszegi,Zalaegerszeg,5,Gellénháza,559,145,65
Pálháza,12362,város,Borsod-Abaúj-Zemplén,065 0,Sátoraljaújhelyi,Sátoraljaújhely,2,[Helyben],675,940,414
Páli,19637,község,Győr-Moson-Sopron,086 0,Csornai,Csorna,5,Szil,1955,407,210
Palkonya,7153,község,Baranya,031 0,Siklósi,Siklós,5,Újpetre,1000,230,119
Pálmajor,34041,község,Somogy,143 0,Kaposvári,Kaposvár,5,Nagybajom,624,360,86
Pálmonostora,2705,község,Bács-Kiskun,040 0,Kiskunfélegyházi,Kiskunfélegyháza,5,Petőfiszállás,5328,1611,945
Pálosvörösmart,34324,község,Heves,106 0,Gyöngyösi,Gyöngyös,5,Gyöngyös,584,590,284
Palotabozsok,10135,község,Baranya,027 0,Mohácsi,Mohács,2,[Helyben],2019,752,401
Palotás,5883,község,Nógrád,118 0,Pásztói,Pásztó,2,[Helyben],1707,1524,767
Paloznak,17011,község,Veszprém,185 0,Balatonfüredi,Balatonfüred,5,Csopak,880,558,258
Pamlény,12371,község,Borsod-Abaúj-Zemplén,067 0,Szikszói,Szikszó,5,Selyeb,1240,58,41
Pamuk,26392,község,Somogy,142 0,Fonyódi,Fonyód,5,Somogyvár,1196,249,119
Pánd,22248,község,Pest,130 0,Monori,Monor,2,[Helyben],2221,1853,712
Pankasz,23108,község,Vas,177 0,Körmendi,Körmend,5,Ivánc,927,370,183
Pannonhalma,24305,város,Győr-Moson-Sopron,090 1,Pannonhalmi,Pannonhalma,1,–,2957,3892,1369
Pányok,24730,község,Borsod-Abaúj-Zemplén,057 0,Gönci,Gönc,5,Telkibánya,846,90,77
Panyola,29559,község,Szabolcs-Szatmár-Bereg,150 0,Fehérgyarmati,Fehérgyarmat,5,Nábrád,1220,466,279
Pap,27748,község,Szabolcs-Szatmár-Bereg,153 0,Kisvárdai,Kisvárda,2,[Helyben],1715,1659,645
Pápa,31945,város,Veszprém,187 1,Pápai,Pápa,1,–,9135,28240,14205
Pápadereske,19868,község,Veszprém,187 0,Pápai,Pápa,5,Nyárád,575,293,111
Pápakovácsi,11855,község,Veszprém,187 0,Pápai,Pápa,2,[Helyben],1392,534,187
Pápasalamon,21607,község,Veszprém,187 0,Pápai,Pápa,5,Nyárád,1395,345,158
Pápateszér,31255,község,Veszprém,187 0,Pápai,Pápa,2,[Helyben],3074,1202,485
Papkeszi,7348,község,Veszprém,184 0,Balatonalmádi,Balatonalmádi,5,Balatonfűzfő,2239,1384,549
Pápoc,14067,község,Vas,176 0,Celldömölki,Celldömölk,5,Kenyeri,3132,296,290
Papos,32577,község,Szabolcs-Szatmár-Bereg,154 0,Mátészalkai,Mátészalka,5,Jármi,1067,791,311
Páprád,7010,község,Baranya,030 0,Sellyei,Sellye,5,Vajszló,1211,139,77
Parád,7436,nagyközség,Heves,109 0,Pétervásárai,Pétervására,2,[Helyben],3720,1758,1105
Parádsasvár,20215,község,Heves,109 0,Pétervásárai,Pétervására,5,Recsk,1694,322,253
Parasznya,26745,község,Borsod-Abaúj-Zemplén,061 0,Miskolci,Miskolc,2,[Helyben],1676,1095,435
Pári,9618,község,Tolna,174 0,Tamási,Tamási,5,Regöly,1305,573,270
Paszab,31972,község,Szabolcs-Szatmár-Bereg,151 0,Ibrányi,Ibrány,5,Gávavencsellő,1297,1171,399
Pásztó,7409,város,Nógrád,118 1,Pásztói,Pásztó,1,–,7260,8379,4170
Pásztori,23481,község,Győr-Moson-Sopron,086 0,Csornai,Csorna,5,Rábapordány,852,379,113
Pat,29656,község,Zala,196 0,Nagykanizsai,Nagykanizsa,5,Galambok,833,201,131
Patak,7199,község,Nógrád,116 0,Balassagyarmati,Balassagyarmat,5,Drégelypalánk,1615,860,404
Patalom,6141,község,Somogy,143 0,Kaposvári,Kaposvár,5,Magyaratád,668,294,93
Patapoklosi,17792,község,Baranya,033 0,Szigetvári,Szigetvár,5,Nagypeterd,1265,262,114
Patca,12168,község,Somogy,143 0,Kaposvári,Kaposvár,5,Simonfa,496,54,37
Pátka,28848,község,Fejér,085 0,Székesfehérvári,Székesfehérvár,5,Zámoly,4038,1855,755
Patosfa,15592,község,Somogy,140 0,Barcsi,Barcs,5,Csokonyavisonta,1507,248,133
Pátroha,12186,község,Szabolcs-Szatmár-Bereg,153 0,Kisvárdai,Kisvárda,1,–,3923,2742,985
Patvarc,33880,község,Nógrád,116 0,Balassagyarmati,Balassagyarmat,5,Balassagyarmat,784,734,283
Páty,15024,község,Pest,123 0,Budakeszi,Budakeszi,1,–,3932,8765,2983
Pátyod,23685,község,Szabolcs-Szatmár-Bereg,149 0,Csengeri,Csenger,5,Porcsalma,910,564,286
Pázmánd,21786,község,Fejér,080 0,Gárdonyi,Gárdony,1,–,2715,2278,898
Pázmándfalu,12715,község,Győr-Moson-Sopron,090 0,Pannonhalmi,Pannonhalma,2,[Helyben],1939,1156,449
Pécel,4057,város,Pest,128 0,Gödöllői,Gödöllő,1,–,4363,17368,6020
Pecöl,14988,község,Vas,179 0,Sárvári,Sárvár,5,Ikervár,1731,743,306
Pécs,19415,"megyeszékhely, megyei jogú város",Baranya,028 1,Pécsi,Pécs,1,–,16278,139412,74470
Pécsbagota,21519,község,Baranya,032 0,Szentlőrinci,Szentlőrinc,5,Királyegyháza,607,107,44
Pécsdevecser,15389,község,Baranya,031 0,Siklósi,Siklós,5,Újpetre,474,87,49
Pécsely,22451,község,Veszprém,185 0,Balatonfüredi,Balatonfüred,5,Balatonfüred,2000,567,293
Pécsudvard,21096,község,Baranya,028 0,Pécsi,Pécs,2,[Helyben],843,747,293
Pécsvárad,10825,város,Baranya,029 1,Pécsváradi,Pécsvárad,2,[Helyben],3603,3795,1628
Pellérd,16115,község,Baranya,028 0,Pécsi,Pécs,2,[Helyben],2093,2336,868
Pély,19567,község,Heves,108 0,Hevesi,Heves,2,[Helyben],9030,1280,627
Penc,18689,község,Pest,138 0,Váci,Vác,2,[Helyben],2134,1568,565
Penészlek,17084,község,Szabolcs-Szatmár-Bereg,156 0,Nyírbátori,Nyírbátor,5,Encsencs,3693,942,417
Pénzesgyőr,15547,község,Veszprém,192 0,Zirci,Zirc,5,Bakonybél,1765,320,142
Penyige,32692,község,Szabolcs-Szatmár-Bereg,150 0,Fehérgyarmati,Fehérgyarmat,5,Kisar,1889,687,285
Pér,15529,község,Győr-Moson-Sopron,087 0,Győri,Győr,2,[Helyben],3149,2834,1096
Perbál,28185,község,Pest,123 0,Budakeszi,Budakeszi,1,–,2565,2146,732
Pere,24420,község,Borsod-Abaúj-Zemplén,057 0,Gönci,Gönc,5,Abaújkér,953,331,161
Perecse,32683,község,Borsod-Abaúj-Zemplén,056 0,Encsi,Encs,5,Krasznokvajda,1254,16,30
Pereked,12867,község,Baranya,028 0,Pécsi,Pécs,5,Bogád,674,154,72
Perenye,13684,község,Vas,181 0,Szombathelyi,Szombathely,5,Sé,1622,621,235
Peresznye,8882,község,Vas,178 0,Kőszegi,Kőszeg,5,Horvátzsidány,1073,475,189
Pereszteg,23773,község,Győr-Moson-Sopron,091 0,Soproni,Sopron,5,Nagycenk,2251,1465,544
Perkáta,19354,nagyközség,Fejér,078 0,Dunaújvárosi,Dunaújváros,1,–,7452,3865,1533
Perkupa,33419,község,Borsod-Abaúj-Zemplén,055 0,Edelényi,Edelény,2,[Helyben],1939,786,360
Perőcsény,4181,község,Pest,137 0,Szobi,Szob,5,Kemence,4137,362,229
Peterd,32425,község,Baranya,031 0,Siklósi,Siklós,5,Újpetre,1060,207,90
Péterhida,29197,község,Somogy,140 0,Barcsi,Barcs,5,Csokonyavisonta,1162,131,93
Péteri,21847,község,Pest,130 0,Monori,Monor,1,–,1189,2666,984
Pétervására,12070,város,Heves,109 1,Pétervásárai,Pétervására,2,[Helyben],3387,2064,896
Pétfürdő,34254,nagyközség,Veszprém,190 0,Várpalotai,Várpalota,1,–,1732,4206,1955
Pethőhenye,5704,község,Zala,197 0,Zalaegerszegi,Zalaegerszeg,5,Egervár,887,445,190
Petneháza,17224,község,Szabolcs-Szatmár-Bereg,148 0,Baktalórántházai,Baktalórántháza,2,[Helyben],2420,1463,667
Petőfibánya,33686,község,Heves,107 0,Hatvani,Hatvan,1,–,1111,2374,1373
Petőfiszállás,15431,község,Bács-Kiskun,040 0,Kiskunfélegyházi,Kiskunfélegyháza,2,[Helyben],6779,1462,769
Petőháza,22831,község,Győr-Moson-Sopron,091 0,Soproni,Sopron,2,[Helyben],264,1083,469
Petőmihályfa,11572,község,Vas,182 0,Vasvári,Vasvár,5,Győrvár,995,201,114
Petrikeresztúr,19178,község,Zala,197 0,Zalaegerszegi,Zalaegerszeg,5,Gellénháza,877,334,164
Petrivente,30757,község,Zala,195 0,Letenyei,Letenye,5,Semjénháza,765,302,131
Pettend,29762,község,Baranya,033 0,Szigetvári,Szigetvár,5,Nagydobsza,598,160,49
Piliny,11590,község,Nógrád,121 0,Szécsényi,Szécsény,5,Ludányhalászi,1604,589,273
Pilis,9821,város,Pest,130 0,Monori,Monor,1,–,4735,11904,4783
Pilisborosjenő,29601,község,Pest,133 0,Pilisvörösvári,Pilisvörösvár,1,–,927,4431,1624
Piliscsaba,7144,város,Pest,133 0,Pilisvörösvári,Pilisvörösvár,1,–,2557,8533,3083
Piliscsév,21874,község,Komárom-Esztergom,110 0,Esztergomi,Esztergom,2,[Helyben],2491,2519,996
Pilisjászfalu,34148,község,Pest,133 0,Pilisvörösvári,Pilisvörösvár,5,Tinnye,697,2183,774
Pilismarót,14669,község,Komárom-Esztergom,110 0,Esztergomi,Esztergom,2,[Helyben],4457,2166,845
Pilisvörösvár,14340,város,Pest,133 1,Pilisvörösvári,Pilisvörösvár,1,–,2430,14547,5322
Pilisszántó,5290,község,Pest,133 0,Pilisvörösvári,Pilisvörösvár,1,–,1596,2686,1526
Pilisszentiván,11396,község,Pest,133 0,Pilisvörösvári,Pilisvörösvár,1,–,812,4283,1637
Pilisszentkereszt,18731,község,Pest,135 0,Szentendrei,Szentendre,1,–,1721,2167,861
Pilisszentlászló,8457,község,Pest,135 0,Szentendrei,Szentendre,5,Szentendre,1775,1269,460
Pincehely,19585,nagyközség,Tolna,174 0,Tamási,Tamási,1,–,5008,1973,1018
Pinkamindszent,6248,község,Vas,177 0,Körmendi,Körmend,5,Vasalja,1101,175,109
Pinnye,14687,község,Győr-Moson-Sopron,091 0,Soproni,Sopron,5,Sopronkövesd,864,321,153
Piricse,3391,község,Szabolcs-Szatmár-Bereg,156 0,Nyírbátori,Nyírbátor,2,[Helyben],3699,1931,580
Pirtó,15398,község,Bács-Kiskun,041 0,Kiskunhalasi,Kiskunhalas,5,Kiskunhalas,3450,786,414
Piskó,23506,község,Baranya,030 0,Sellyei,Sellye,5,Vajszló,1155,214,80
Pitvaros,6284,község,Csongrád-Csanád,073 0,Makói,Makó,5,Csanádalberti,1314,1173,646
Pócsa,22266,község,Baranya,024 0,Bólyi,Bóly,5,Bóly,805,151,65
Pocsaj,11837,nagyközség,Hajdú-Bihar,096 0,Derecskei,Derecske,1,–,4955,2507,972
Pócsmegyer,4905,község,Pest,135 0,Szentendrei,Szentendre,1,–,1308,2849,1406
Pócspetri,11244,község,Szabolcs-Szatmár-Bereg,156 0,Nyírbátori,Nyírbátor,5,Máriapócs,2636,1448,640
Pogány,17242,község,Baranya,028 0,Pécsi,Pécs,5,Szalánta,1155,1362,475
Pogányszentpéter,27553,község,Somogy,141 0,Csurgói,Csurgó,5,Iharosberény,1315,470,184
Pókaszepetk,21050,község,Zala,197 0,Zalaegerszegi,Zalaegerszeg,2,[Helyben],1869,883,360
Polány,13790,község,Somogy,143 0,Kaposvári,Kaposvár,5,Mernye,1287,229,140
Polgár,23117,város,Hajdú-Bihar,099 0,Hajdúnánási,Hajdúnánás,1,–,9745,7806,3422
Polgárdi,17525,város,Fejér,085 0,Székesfehérvári,Székesfehérvár,1,–,7216,6621,2432
Pomáz,6372,város,Pest,135 0,Szentendrei,Szentendre,1,–,4903,18243,7281
Porcsalma,17215,nagyközség,Szabolcs-Szatmár-Bereg,149 0,Csengeri,Csenger,2,[Helyben],3110,2636,993
Pornóapáti,20367,község,Vas,181 0,Szombathelyi,Szombathely,2,[Helyben],1514,377,145
Poroszló,22196,község,Heves,105 0,Füzesabonyi,Füzesabony,2,[Helyben],10904,2596,1447
Porpác,29896,község,Vas,179 0,Sárvári,Sárvár,5,Sárvár,620,164,77
Porrog,11828,község,Somogy,141 0,Csurgói,Csurgó,5,Csurgó,1402,185,123
Porrogszentkirály,13930,község,Somogy,141 0,Csurgói,Csurgó,5,Csurgó,1365,256,144
Porrogszentpál,28510,község,Somogy,141 0,Csurgói,Csurgó,5,Csurgó,354,69,43
Pórszombat,16850,község,Zala,194 0,Lenti,Lenti,5,Zalabaksa,1552,238,131
Porva,23515,község,Veszprém,192 0,Zirci,Zirc,5,Bakonybél,2813,479,195
Pósfa,15671,község,Vas,179 0,Sárvári,Sárvár,5,Bő,535,254,111
Potony,28361,község,Somogy,140 0,Barcsi,Barcs,5,Darány,1590,197,115
Potyond,27304,község,Győr-Moson-Sopron,086 0,Csornai,Csorna,5,Szilsárkány,284,90,49
Pölöske,9867,község,Zala,197 0,Zalaegerszegi,Zalaegerszeg,5,Zalaszentmihály,4523,748,313
Pölöskefő,31112,község,Zala,196 0,Nagykanizsai,Nagykanizsa,5,Hahót,1232,365,161
Pörböly,33570,község,Tolna,173 0,Szekszárdi,Szekszárd,5,Őcsény,1111,497,234
Pördefölde,32513,község,Zala,194 0,Lenti,Lenti,5,Páka,1912,60,40
Pötréte,24660,község,Zala,196 0,Nagykanizsai,Nagykanizsa,5,Garabonc,1412,280,151
Prügy,21272,község,Borsod-Abaúj-Zemplén,066 0,Szerencsi,Szerencs,2,[Helyben],3139,2384,807
Pula,11420,község,Veszprém,191 0,Veszprémi,Veszprém,5,Nagyvázsony,1464,161,99
Pusztaapáti,16920,község,Zala,194 0,Lenti,Lenti,5,Zalabaksa,1059,21,15
Pusztaberki,17862,község,Nógrád,119 0,Rétsági,Rétság,5,Nagyoroszi,685,188,115
Pusztacsalád,31370,község,Győr-Moson-Sopron,091 0,Soproni,Sopron,5,Iván,2406,274,134
Pusztacsó,10311,község,Vas,178 0,Kőszegi,Kőszeg,5,Lukácsháza,726,164,62
Pusztadobos,13860,község,Szabolcs-Szatmár-Bereg,159 0,Vásárosnaményi,Vásárosnamény,5,Ilk,1669,1321,511
Pusztaederics,27465,község,Zala,197 0,Zalaegerszegi,Zalaegerszeg,5,Bocfölde,955,160,93
Pusztafalu,17048,község,Borsod-Abaúj-Zemplén,065 0,Sátoraljaújhelyi,Sátoraljaújhely,5,Pálháza,700,176,105
Pusztaföldvár,5397,község,Békés,050 0,Orosházi,Orosháza,5,Csanádapáca,5713,1412,823
Pusztahencse,19938,község,Tolna,172 0,Paksi,Paks,2,[Helyben],3171,881,365
Pusztakovácsi,19026,község,Somogy,144 0,Marcali,Marcali,2,[Helyben],4338,797,337
Pusztamagyaród,6530,község,Zala,195 0,Letenyei,Letenye,5,Bánokszentgyörgy,1602,521,250
Pusztamérges,6354,község,Csongrád-Csanád,074 0,Mórahalmi,Mórahalom,5,Ruzsa,2439,985,594
Pusztamiske,28972,község,Veszprém,186 0,Devecseri,Devecser,5,Tüskevár,1781,379,143
Pusztamonostor,15246,község,Jász-Nagykun-Szolnok,162 0,Jászberényi,Jászberény,5,Jászfényszaru,2462,1576,732
Pusztaottlaka,19594,község,Békés,049 0,Mezőkovácsházai,Mezőkovácsháza,5,Kunágota,1887,322,209
Pusztaradvány,15413,község,Borsod-Abaúj-Zemplén,056 0,Encsi,Encs,5,Novajidrány,714,216,70
Pusztaszabolcs,29018,város,Fejér,078 0,Dunaújvárosi,Dunaújváros,1,–,5167,5802,2300
Pusztaszemes,23311,község,Somogy,146 0,Siófoki,Siófok,5,Balatonföldvár,1039,372,198
Pusztaszentlászló,26639,község,Zala,197 0,Zalaegerszegi,Zalaegerszeg,5,Bak,1034,517,272
Pusztaszer,28592,község,Csongrád-Csanád,072 0,Kisteleki,Kistelek,5,Csengele,4893,1268,765
Pusztavacs,23083,község,Pest,125 0,Dabasi,Dabas,5,Újlengyel,7907,1277,553
Pusztavám,17774,község,Fejér,082 0,Móri,Mór,1,–,3469,2430,990
Pusztazámor,15583,község,Pest,127 0,Érdi,Érd,5,Sóskút,927,1231,472
Putnok,27410,város,Borsod-Abaúj-Zemplén,063 1,Putnoki,Putnok,2,[Helyben],3472,6213,2414
Püski,12964,község,Győr-Moson-Sopron,089 0,Mosonmagyaróvári,Mosonmagyaróvár,5,Halászi,839,648,265
Püspökhatvan,21388,község,Pest,138 0,Váci,Vác,2,[Helyben],2472,1349,506
Püspökladány,10162,város,Hajdú-Bihar,102 1,Püspökladányi,Püspökladány,2,[Helyben],18694,12999,5820
Püspökmolnári,7278,község,Vas,182 0,Vasvári,Vasvár,5,Győrvár,1510,859,391
Püspökszilágy,4303,község,Pest,138 0,Váci,Vác,5,Penc,2530,738,311
Rábacsanak,4792,község,Győr-Moson-Sopron,086 0,Csornai,Csorna,5,Szany,1386,502,255
Rábacsécsény,33701,község,Győr-Moson-Sopron,092 0,Téti,Tét,5,Tét,1568,626,244
Rábagyarmat,26736,község,Vas,180 0,Szentgotthárdi,Szentgotthárd,5,Rátót,1679,711,298
Rábahídvég,3197,község,Vas,182 0,Vasvári,Vasvár,5,Kám,2241,945,387
Rábakecöl,14793,község,Győr-Moson-Sopron,088 0,Kapuvári,Kapuvár,5,Beled,2303,677,346
Rábapatona,25335,község,Győr-Moson-Sopron,087 0,Győri,Győr,1,–,3971,2985,1081
Rábapaty,26073,község,Vas,179 0,Sárvári,Sárvár,2,[Helyben],2141,1730,697
Rábapordány,24721,község,Győr-Moson-Sopron,086 0,Csornai,Csorna,2,[Helyben],2190,922,449
Rábasebes,20136,község,Győr-Moson-Sopron,086 0,Csornai,Csorna,5,Szil,539,82,85
Rábaszentandrás,15273,község,Győr-Moson-Sopron,086 0,Csornai,Csorna,5,Szany,1160,455,204
Rábaszentmihály,33710,község,Győr-Moson-Sopron,092 0,Téti,Tét,5,Tét,1097,478,199
Rábaszentmiklós,17297,község,Győr-Moson-Sopron,092 0,Téti,Tét,5,Gyarmat,501,143,67
Rábatamási,15422,község,Győr-Moson-Sopron,086 0,Csornai,Csorna,2,[Helyben],2177,976,441
Rábatöttös,17996,község,Vas,181 0,Szombathelyi,Szombathely,5,Vasszécseny,648,207,110
Rábcakapi,3753,község,Győr-Moson-Sopron,086 0,Csornai,Csorna,5,Kóny,785,174,89
Rácalmás,9900,város,Fejér,078 0,Dunaújvárosi,Dunaújváros,1,–,4064,4928,1893
Ráckeresztúr,2015,község,Fejér,081 0,Martonvásári,Martonvásár,1,–,3530,3552,1361
Ráckeve,17260,város,Pest,134 1,Ráckevei,Ráckeve,1,–,6409,11086,4688
Rád,2370,község,Pest,138 0,Váci,Vác,2,[Helyben],1774,2008,716
Rádfalva,11518,község,Baranya,031 0,Siklósi,Siklós,5,Diósviszló,1288,191,86
Rádóckölked,7551,község,Vas,177 0,Körmendi,Körmend,5,Vasalja,1895,305,119
Radostyán,21193,község,Borsod-Abaúj-Zemplén,061 0,Miskolci,Miskolc,5,Parasznya,810,521,221
Ragály,6053,község,Borsod-Abaúj-Zemplén,063 0,Putnoki,Putnok,2,[Helyben],1554,535,235
Rajka,26587,község,Győr-Moson-Sopron,089 0,Mosonmagyaróvári,Mosonmagyaróvár,2,[Helyben],5260,5459,2711
Rakaca,29717,község,Borsod-Abaúj-Zemplén,055 0,Edelényi,Edelény,5,Szalonna,1900,844,266
Rakacaszend,16133,község,Borsod-Abaúj-Zemplén,055 0,Edelényi,Edelény,5,Szalonna,1571,224,157
Rakamaz,14739,város,Szabolcs-Szatmár-Bereg,157 0,Nyíregyházi,Nyíregyháza,2,[Helyben],4265,4222,1821
Rákóczibánya,34360,község,Nógrád,120 0,Salgótarjáni,Salgótarján,5,Kazár,457,472,301
Rákóczifalva,14207,város,Jász-Nagykun-Szolnok,167 0,Szolnoki,Szolnok,1,–,3594,4952,2235
Rákócziújfalu,12423,község,Jász-Nagykun-Szolnok,167 0,Szolnoki,Szolnok,1,–,1961,1779,730
Ráksi,30863,község,Somogy,143 0,Kaposvári,Kaposvár,5,Igal,1517,426,185
Ramocsa,14298,község,Zala,194 0,Lenti,Lenti,5,Csesztreg,273,29,23
Ramocsaháza,31857,község,Szabolcs-Szatmár-Bereg,148 0,Baktalórántházai,Baktalórántháza,2,[Helyben],1812,1300,523
Rápolt,9061,község,Szabolcs-Szatmár-Bereg,154 0,Mátészalkai,Mátészalka,5,Ököritófülpös,321,143,83
Raposka,3948,község,Veszprém,189 0,Tapolcai,Tapolca,5,Tapolca,490,242,106
Rásonysápberencs,31909,község,Borsod-Abaúj-Zemplén,067 0,Szikszói,Szikszó,5,Kázsmárk,912,518,187
Rátka,12469,község,Borsod-Abaúj-Zemplén,066 0,Szerencsi,Szerencs,2,[Helyben],1178,892,418
Rátót,23861,község,Vas,180 0,Szentgotthárdi,Szentgotthárd,2,[Helyben],727,236,102
Ravazd,21801,község,Győr-Moson-Sopron,090 0,Pannonhalmi,Pannonhalma,5,Écs,2855,1240,487
Recsk,9609,nagyközség,Heves,109 0,Pétervásárai,Pétervására,2,[Helyben],4537,2449,1284
Réde,30012,község,Komárom-Esztergom,111 0,Kisbéri,Kisbér,2,[Helyben],4587,1177,551
Rédics,31592,község,Zala,194 0,Lenti,Lenti,2,[Helyben],2533,869,372
Regéc,8402,község,Borsod-Abaúj-Zemplén,057 0,Gönci,Gönc,5,Telkibánya,2721,61,72
Regenye,25292,község,Baranya,028 0,Pécsi,Pécs,2,[Helyben],615,174,66
Regöly,15459,község,Tolna,174 0,Tamási,Tamási,2,[Helyben],6267,975,521
Rém,26310,község,Bács-Kiskun,036 0,Jánoshalmai,Jánoshalma,5,Borota,3993,1156,552
Remeteszőlős,34315,község,Pest,123 0,Budakeszi,Budakeszi,5,Budajenő,289,1067,464
Répáshuta,31884,község,Borsod-Abaúj-Zemplén,061 0,Miskolci,Miskolc,5,Bükkszentkereszt,1679,438,192
Répcelak,30881,város,Vas,179 0,Sárvári,Sárvár,2,[Helyben],1382,2371,1129
Répceszemere,14438,község,Győr-Moson-Sopron,088 0,Kapuvári,Kapuvár,5,Beled,942,241,138
Répceszentgyörgy,28626,község,Vas,179 0,Sárvári,Sárvár,5,Bő,575,128,75
Répcevis,7746,község,Győr-Moson-Sopron,091 0,Soproni,Sopron,5,Sopronhorpács,608,330,145
Resznek,17118,község,Zala,194 0,Lenti,Lenti,5,Rédics,1842,233,154
Rétalap,33969,község,Győr-Moson-Sopron,087 0,Győri,Győr,5,Nagyszentjános,1320,505,216
Rétközberencs,21573,község,Szabolcs-Szatmár-Bereg,153 0,Kisvárdai,Kisvárda,5,Szabolcsveresmart,1580,1062,355
Rétság,23825,város,Nógrád,119 1,Rétsági,Rétság,1,–,1987,2645,1167
Révfülöp,5625,nagyközség,Veszprém,189 0,Tapolcai,Tapolca,5,Kővágóörs,1036,1225,734
Révleányvár,9317,község,Borsod-Abaúj-Zemplén,054 0,Cigándi,Cigánd,5,Cigánd,1650,363,261
Rezi,23898,község,Zala,193 0,Keszthelyi,Keszthely,5,Karmacs,2977,1345,556
Ricse,19220,nagyközség,Borsod-Abaúj-Zemplén,054 0,Cigándi,Cigánd,2,[Helyben],2475,1604,584
Rigács,25849,község,Veszprém,188 0,Sümegi,Sümeg,5,Gógánfa,617,199,93
Rigyác,24138,község,Zala,196 0,Nagykanizsai,Nagykanizsa,5,Murakeresztúr,1536,372,150
Rimóc,28884,község,Nógrád,121 0,Szécsényi,Szécsény,2,[Helyben],2925,1523,675
Rinyabesenyő,5078,község,Somogy,145 0,Nagyatádi,Nagyatád,5,Lábod,2863,178,70
Rinyakovácsi,32674,község,Somogy,143 0,Kaposvári,Kaposvár,5,Csököly,1109,182,66
Rinyaszentkirály,26754,község,Somogy,145 0,Nagyatádi,Nagyatád,5,Lábod,3056,360,152
Rinyaújlak,20622,község,Somogy,140 0,Barcsi,Barcs,5,Csokonyavisonta,2426,289,145
Rinyaújnép,20321,község,Somogy,140 0,Barcsi,Barcs,5,Csokonyavisonta,828,49,41
Rohod,24581,község,Szabolcs-Szatmár-Bereg,148 0,Baktalórántházai,Baktalórántháza,5,Petneháza,1956,1140,440
Románd,17507,község,Győr-Moson-Sopron,090 0,Pannonhalmi,Pannonhalma,5,Tápszentmiklós,985,296,149
Romhány,12195,község,Nógrád,119 0,Rétsági,Rétság,1,–,2547,2119,925
Romonya,24855,község,Baranya,028 0,Pécsi,Pécs,5,Bogád,707,547,198
Rózsafa,4516,község,Baranya,033 0,Szigetvári,Szigetvár,5,Nagypeterd,1664,307,140
Rozsály,17428,község,Szabolcs-Szatmár-Bereg,150 0,Fehérgyarmati,Fehérgyarmat,2,[Helyben],1486,582,253
Rózsaszentmárton,27650,község,Heves,107 0,Hatvani,Hatvan,2,[Helyben],1631,1826,885
Röjtökmuzsaj,11068,község,Győr-Moson-Sopron,091 0,Soproni,Sopron,5,Sopronkövesd,1586,464,208
Rönök,26806,község,Vas,180 0,Szentgotthárdi,Szentgotthárd,5,Rátót,1722,326,159
Röszke,13161,község,Csongrád-Csanád,075 0,Szegedi,Szeged,1,–,3663,3386,1411
Rudabánya,23029,város,Borsod-Abaúj-Zemplén,058 0,Kazincbarcikai,Kazincbarcika,2,[Helyben],1646,2256,1104
Rudolftelep,34120,község,Borsod-Abaúj-Zemplén,058 0,Kazincbarcikai,Kazincbarcika,5,Berente,439,672,301
Rum,10597,község,Vas,181 0,Szombathelyi,Szombathely,5,Vasszécseny,1685,1204,490
Ruzsa,3966,község,Csongrád-Csanád,074 0,Mórahalmi,Mórahalom,2,[Helyben],8468,2349,1275
Ságújfalu,12520,község,Nógrád,120 0,Salgótarjáni,Salgótarján,2,[Helyben],1203,908,374
Ságvár,14942,község,Somogy,146 0,Siófoki,Siófok,2,[Helyben],3844,1966,754
Sajóbábony,3504,város,Borsod-Abaúj-Zemplén,061 0,Miskolci,Miskolc,1,–,1343,2509,1082
Sajóecseg,27331,község,Borsod-Abaúj-Zemplén,061 0,Miskolci,Miskolc,5,Sajókeresztúr,794,984,429
Sajógalgóc,10171,község,Borsod-Abaúj-Zemplén,058 0,Kazincbarcikai,Kazincbarcika,5,Szuhakálló,1006,294,135
Sajóhídvég,3081,község,Borsod-Abaúj-Zemplén,061 0,Miskolci,Miskolc,2,[Helyben],1344,1026,314
Sajóivánka,3212,község,Borsod-Abaúj-Zemplén,058 0,Kazincbarcikai,Kazincbarcika,5,Szuhakálló,1023,613,240
Sajókápolna,21670,község,Borsod-Abaúj-Zemplén,061 0,Miskolci,Miskolc,5,Parasznya,1051,365,152
Sajókaza,14313,község,Borsod-Abaúj-Zemplén,058 0,Kazincbarcikai,Kazincbarcika,1,–,3072,2955,955
Sajókeresztúr,26949,község,Borsod-Abaúj-Zemplén,061 0,Miskolci,Miskolc,2,[Helyben],1640,1511,575
Sajólád,27173,község,Borsod-Abaúj-Zemplén,061 0,Miskolci,Miskolc,1,–,1268,2850,967
Sajólászlófalva,22479,község,Borsod-Abaúj-Zemplén,061 0,Miskolci,Miskolc,5,Varbó,662,437,148
Sajómercse,15945,község,Borsod-Abaúj-Zemplén,063 0,Putnoki,Putnok,5,Királd,1118,181,125
Sajónémeti,11332,község,Borsod-Abaúj-Zemplén,063 0,Putnoki,Putnok,5,Királd,739,416,212
Sajóörös,8129,község,Borsod-Abaúj-Zemplén,068 0,Tiszaújvárosi,Tiszaújváros,2,[Helyben],844,1506,582
Sajópálfala,18537,község,Borsod-Abaúj-Zemplén,061 0,Miskolci,Miskolc,5,Sajóvámos,711,714,290
Sajópetri,16638,község,Borsod-Abaúj-Zemplén,061 0,Miskolci,Miskolc,5,Kistokaj,928,1439,481
Sajópüspöki,23782,község,Borsod-Abaúj-Zemplén,063 0,Putnoki,Putnok,5,Királd,945,448,196
Sajósenye,8970,község,Borsod-Abaúj-Zemplén,061 0,Miskolci,Miskolc,5,Sajókeresztúr,847,403,144
Sajószentpéter,16054,város,Borsod-Abaúj-Zemplén,058 0,Kazincbarcikai,Kazincbarcika,1,–,3485,11185,4445
Sajószöged,30340,község,Borsod-Abaúj-Zemplén,068 0,Tiszaújvárosi,Tiszaújváros,1,–,1362,2349,1009
Sajóvámos,20738,község,Borsod-Abaúj-Zemplén,061 0,Miskolci,Miskolc,2,[Helyben],3122,1996,785
Sajóvelezd,27757,község,Borsod-Abaúj-Zemplén,063 0,Putnoki,Putnok,5,Serényfalva,2302,671,297
Sajtoskál,10579,község,Vas,179 0,Sárvári,Sárvár,5,Bő,941,366,167
Salföld,30793,község,Veszprém,189 0,Tapolcai,Tapolca,5,Kővágóörs,518,74,46
Salgótarján,25788,"megyeszékhely, megyei jogú város",Nógrád,120 1,Salgótarjáni,Salgótarján,1,–,9300,30416,18041
Salköveskút,18883,község,Vas,181 0,Szombathelyi,Szombathely,5,Söpte,1320,445,196
Salomvár,27720,község,Zala,197 0,Zalaegerszegi,Zalaegerszeg,5,Teskánd,1611,560,243
Sály,4729,község,Borsod-Abaúj-Zemplén,060 0,Mezőkövesdi,Mezőkövesd,5,Tibolddaróc,2557,1496,648
Sámod,18050,község,Baranya,030 0,Sellyei,Sellye,5,Baksa,620,192,78
Sámsonháza,24572,község,Nógrád,120 0,Salgótarjáni,Salgótarján,5,Lucfalva,1271,222,151
Sand,15556,község,Zala,196 0,Nagykanizsai,Nagykanizsa,5,Galambok,748,345,193
Sándorfalva,31705,város,Csongrád-Csanád,075 0,Szegedi,Szeged,2,[Helyben],5577,8196,3511
Sántos,31121,község,Somogy,143 0,Kaposvári,Kaposvár,5,Simonfa,1138,452,188
Sáp,26116,község,Hajdú-Bihar,102 0,Püspökladányi,Püspökladány,5,Tetétlen,1922,796,350
Sáránd,25007,község,Hajdú-Bihar,096 0,Derecskei,Derecske,1,–,2268,2125,850
Sárazsadány,20516,község,Borsod-Abaúj-Zemplén,064 0,Sárospataki,Sárospatak,5,Bodrogolaszi,1531,239,179
Sárbogárd,23694,város,Fejér,084 1,Sárbogárdi,Sárbogárd,1,–,18933,11396,5007
Sáregres,2723,község,Fejér,084 0,Sárbogárdi,Sárbogárd,5,Mezőszilas,2616,665,332
Sárfimizdó,9788,község,Vas,182 0,Vasvári,Vasvár,5,Kám,746,86,58
Sárhida,8101,község,Zala,197 0,Zalaegerszegi,Zalaegerszeg,5,Bocfölde,509,692,261
Sárisáp,26903,község,Komárom-Esztergom,110 0,Esztergomi,Esztergom,1,–,1422,2773,1111
Sarkad,28565,város,Békés,051 1,Sarkadi,Sarkad,1,–,12557,8988,4293
Sarkadkeresztúr,25168,község,Békés,051 0,Sarkadi,Sarkad,5,Zsadány,3530,1310,761
Sárkeresztes,31802,község,Fejér,085 0,Székesfehérvári,Székesfehérvár,2,[Helyben],2327,1497,590
Sárkeresztúr,25344,község,Fejér,084 0,Sárbogárdi,Sárbogárd,1,–,4675,2488,716
Sárkeszi,2699,község,Fejér,085 0,Székesfehérvári,Székesfehérvár,5,Úrhida,1479,518,213
Sármellék,14906,község,Zala,193 0,Keszthelyi,Keszthely,2,[Helyben],3537,1757,785
Sárok,20862,község,Baranya,027 0,Mohácsi,Mohács,5,Nagynyárád,462,91,59
Sárosd,25140,nagyközség,Fejér,085 0,Székesfehérvári,Székesfehérvár,1,–,4812,3084,1152
Sárospatak,27474,város,Borsod-Abaúj-Zemplén,064 1,Sárospataki,Sárospatak,1,–,13909,10423,5291
Sárpilis,4747,község,Tolna,173 0,Szekszárdi,Szekszárd,5,Bátaszék,2170,560,209
Sárrétudvari,23940,nagyközség,Hajdú-Bihar,102 0,Püspökladányi,Püspökladány,1,–,5442,2621,1195
Sarród,30021,község,Győr-Moson-Sopron,091 0,Soproni,Sopron,5,Fertőszéplak,4006,1062,494
Sárszentágota,31538,község,Fejér,084 0,Sárbogárdi,Sárbogárd,5,Alap,4550,1291,509
Sárszentlőrinc,20817,község,Tolna,172 0,Paksi,Paks,5,Nagydorog,4669,938,475
Sárszentmihály,11776,község,Fejér,085 0,Székesfehérvári,Székesfehérvár,1,–,3740,3004,1172
Sarud,7180,község,Heves,105 0,Füzesabonyi,Füzesabony,5,Poroszló,5162,949,599
Sárvár,21306,város,Vas,179 1,Sárvári,Sárvár,2,[Helyben],6465,13919,7036
Sásd,32160,város,Baranya,025 1,Hegyháti,Sásd,2,[Helyben],1488,2784,1350
Sáska,13772,község,Veszprém,189 0,Tapolcai,Tapolca,5,Monostorapáti,3746,240,129
Sáta,2875,község,Borsod-Abaúj-Zemplén,062 0,Ózdi,Ózd,5,Borsodbóta,1646,1013,478
Sátoraljaújhely,5120,város,Borsod-Abaúj-Zemplén,065 1,Sátoraljaújhelyi,Sátoraljaújhely,1,–,7345,12653,6548
Sátorhely,33482,község,Baranya,027 0,Mohácsi,Mohács,5,Nagynyárád,1760,582,244
Sávoly,2051,község,Somogy,144 0,Marcali,Marcali,5,Marcali,2684,423,223
Sé,10278,község,Vas,181 0,Szombathelyi,Szombathely,2,[Helyben],603,1314,506
Segesd,27368,község,Somogy,145 0,Nagyatádi,Nagyatád,2,[Helyben],7309,2181,860
Selyeb,25380,község,Borsod-Abaúj-Zemplén,067 0,Szikszói,Szikszó,2,[Helyben],1664,570,163
Sellye,28741,város,Baranya,030 1,Sellyei,Sellye,2,[Helyben],2518,2288,1105
Semjén,23755,község,Borsod-Abaúj-Zemplén,054 0,Cigándi,Cigánd,5,Ricse,784,503,163
Semjénháza,30997,község,Zala,195 0,Letenyei,Letenye,2,[Helyben],470,519,217
Sénye,14085,község,Zala,198 0,Zalaszentgróti,Zalaszentgrót,5,Óhíd,304,67,35
Sényő,4491,község,Szabolcs-Szatmár-Bereg,157 0,Nyíregyházi,Nyíregyháza,5,Nyírtura,1830,1430,510
Seregélyes,20206,nagyközség,Fejér,085 0,Székesfehérvári,Székesfehérvár,1,–,7819,4299,1690
Serényfalva,32531,község,Borsod-Abaúj-Zemplén,063 0,Putnoki,Putnok,2,[Helyben],1964,906,364
Sérsekszőlős,32133,község,Somogy,147 0,Tabi,Tab,5,Tab,665,132,61
Sikátor,8606,község,Győr-Moson-Sopron,090 0,Pannonhalmi,Pannonhalma,5,Tápszentmiklós,1373,330,144
Siklós,5519,város,Baranya,031 1,Siklósi,Siklós,2,[Helyben],5092,8603,4092
Siklósbodony,23205,község,Baranya,031 0,Siklósi,Siklós,5,Diósviszló,433,146,46
Siklósnagyfalu,8800,község,Baranya,031 0,Siklósi,Siklós,2,[Helyben],909,378,118
Sima,23418,község,Borsod-Abaúj-Zemplén,057 0,Gönci,Gönc,5,Abaújszántó,488,27,28
Simaság,26763,község,Vas,179 0,Sárvári,Sárvár,5,Uraiújfalu,1013,508,237
Simonfa,32780,község,Somogy,143 0,Kaposvári,Kaposvár,2,[Helyben],1100,367,146
Simontornya,20783,város,Tolna,174 0,Tamási,Tamási,1,–,3383,3557,1844
Sióagárd,25645,község,Tolna,173 0,Szekszárdi,Szekszárd,5,Őcsény,2440,1202,539
Siófok,17631,város,Somogy,146 1,Siófoki,Siófok,2,[Helyben],12466,23806,16160
Siójut,23092,község,Somogy,146 0,Siófoki,Siófok,5,Siófok,1073,617,265
Sirok,8527,község,Heves,109 0,Pétervásárai,Pétervására,2,[Helyben],6339,1632,963
Sitke,30748,község,Vas,179 0,Sárvári,Sárvár,5,Sárvár,2720,685,329
Sobor,24208,község,Győr-Moson-Sopron,086 0,Csornai,Csorna,5,Rábapordány,1670,280,143
Sokorópátka,12627,község,Győr-Moson-Sopron,087 0,Győri,Győr,5,Kajárpéc,1685,1113,485
Solt,29115,város,Bács-Kiskun,037 0,Kalocsai,Kalocsa,2,[Helyben],13267,5817,2913
Soltszentimre,18218,község,Bács-Kiskun,039 0,Kiskőrösi,Kiskőrös,5,Páhi,4449,1298,638
Soltvadkert,19983,város,Bács-Kiskun,039 0,Kiskőrösi,Kiskőrös,1,–,10886,6865,3391
Sóly,3601,község,Veszprém,191 0,Veszprémi,Veszprém,5,Hajmáskér,1028,556,202
Solymár,7384,nagyközség,Pest,133 0,Pilisvörösvári,Pilisvörösvár,1,–,1786,10927,4071
Som,4127,község,Somogy,146 0,Siófoki,Siófok,5,Ságvár,2335,662,265
Somberek,23472,község,Baranya,027 0,Mohácsi,Mohács,2,[Helyben],3142,1289,518
Somlójenő,5157,község,Veszprém,186 0,Devecseri,Devecser,5,Somlóvásárhely,815,283,138
Somlószőlős,25779,község,Veszprém,186 0,Devecseri,Devecser,5,Somlóvásárhely,1945,613,298
Somlóvásárhely,26569,község,Veszprém,186 0,Devecseri,Devecser,2,[Helyben],2320,984,455
Somlóvecse,14243,község,Veszprém,186 0,Devecseri,Devecser,5,Tüskevár,493,77,53
Somodor,13824,község,Somogy,143 0,Kaposvári,Kaposvár,5,Kaposmérő,1991,349,165
Somogyacsa,30580,község,Somogy,147 0,Tabi,Tab,5,Törökkoppány,2446,148,163
Somogyapáti,23807,község,Baranya,033 0,Szigetvári,Szigetvár,5,Nagypeterd,1070,470,198
Somogyaracs,5500,község,Somogy,140 0,Barcsi,Barcs,5,Csokonyavisonta,770,178,64
Somogyaszaló,31219,község,Somogy,143 0,Kaposvári,Kaposvár,5,Kaposmérő,2212,725,286
Somogybabod,32470,község,Somogy,142 0,Fonyódi,Fonyód,5,Látrány,1058,467,220
Somogybükkösd,25043,község,Somogy,141 0,Csurgói,Csurgó,5,Csurgó,1180,81,68
Somogycsicsó,11484,község,Somogy,141 0,Csurgói,Csurgó,5,Csurgó,1238,116,75
Somogydöröcske,15981,község,Somogy,147 0,Tabi,Tab,5,Törökkoppány,1083,134,92
Somogyegres,20057,község,Somogy,147 0,Tabi,Tab,5,Kapoly,1081,160,128
Somogyfajsz,18078,község,Somogy,143 0,Kaposvári,Kaposvár,5,Somogysárd,1826,492,215
Somogygeszti,20330,község,Somogy,143 0,Kaposvári,Kaposvár,5,Mernye,2171,399,192
Somogyhárságy,29142,község,Baranya,033 0,Szigetvári,Szigetvár,5,Mozsgó,3097,340,211
Somogyhatvan,25070,község,Baranya,033 0,Szigetvári,Szigetvár,5,Nagypeterd,1352,304,124
Somogyjád,28963,község,Somogy,143 0,Kaposvári,Kaposvár,2,[Helyben],2506,1430,562
Somogymeggyes,12876,község,Somogy,147 0,Tabi,Tab,5,Kapoly,1565,433,229
Somogysámson,15626,község,Somogy,144 0,Marcali,Marcali,2,[Helyben],2177,688,276
Somogysárd,28723,község,Somogy,143 0,Kaposvári,Kaposvár,2,[Helyben],3636,1175,489
Somogysimonyi,27535,község,Somogy,144 0,Marcali,Marcali,5,Somogysámson,1582,83,53
Somogyszentpál,6600,község,Somogy,144 0,Marcali,Marcali,5,Pusztakovácsi,2896,774,361
Somogyszil,3416,község,Somogy,143 0,Kaposvári,Kaposvár,5,Igal,3846,656,331
Somogyszob,18546,község,Somogy,145 0,Nagyatádi,Nagyatád,2,[Helyben],4008,1372,625
Somogytúr,32601,község,Somogy,142 0,Fonyódi,Fonyód,5,Karád,3530,441,205
Somogyudvarhely,4853,község,Somogy,141 0,Csurgói,Csurgó,2,[Helyben],4042,914,435
Somogyvámos,21856,község,Somogy,142 0,Fonyódi,Fonyód,5,Öreglak,2502,706,331
Somogyvár,19442,község,Somogy,142 0,Fonyódi,Fonyód,2,[Helyben],5299,1653,718
Somogyviszló,21281,község,Baranya,033 0,Szigetvári,Szigetvár,5,Nagypeterd,1263,213,111
Somogyzsitfa,4835,község,Somogy,144 0,Marcali,Marcali,5,Somogysámson,2722,534,297
Somoskőújfalu,1526,község,Nógrád,120 0,Salgótarjáni,Salgótarján,2,[Helyben],1017,2040,1067
Sonkád,23889,község,Szabolcs-Szatmár-Bereg,150 0,Fehérgyarmati,Fehérgyarmat,5,Kölcse,1981,608,236
Soponya,33321,nagyközség,Fejér,085 0,Székesfehérvári,Székesfehérvár,5,Káloz,4996,1780,673
Sopron,8518,megyei jogú város,Győr-Moson-Sopron,091 1,Soproni,Sopron,1,–,16904,60820,29825
Sopronhorpács,29090,község,Győr-Moson-Sopron,091 0,Soproni,Sopron,2,[Helyben],2069,877,319
Sopronkövesd,25724,község,Győr-Moson-Sopron,091 0,Soproni,Sopron,2,[Helyben],2680,1468,571
Sopronnémeti,2617,község,Győr-Moson-Sopron,086 0,Csornai,Csorna,5,Farád,710,286,117
Sorkifalud,7171,község,Vas,181 0,Szombathelyi,Szombathely,2,[Helyben],1737,628,262
Sorkikápolna,27960,község,Vas,181 0,Szombathelyi,Szombathely,5,Sorkifalud,886,227,96
Sormás,6567,község,Zala,196 0,Nagykanizsai,Nagykanizsa,5,Újudvar,1637,736,319
Sorokpolány,29692,község,Vas,181 0,Szombathelyi,Szombathely,5,Sorkifalud,1329,751,288
Sóshartyán,14881,község,Nógrád,120 0,Salgótarjáni,Salgótarján,5,Etes,1214,896,300
Sóskút,6840,község,Pest,127 0,Érdi,Érd,2,[Helyben],2489,3760,1468
Sóstófalva,13268,község,Borsod-Abaúj-Zemplén,061 0,Miskolci,Miskolc,5,Hernádkak,728,233,100
Sósvertike,31714,község,Baranya,030 0,Sellyei,Sellye,5,Sellye,660,145,69
Sótony,22983,község,Vas,179 0,Sárvári,Sárvár,5,Nyőgér,1493,588,284
Söjtör,19080,község,Zala,197 0,Zalaegerszegi,Zalaegerszeg,2,[Helyben],3617,1429,613
Söpte,24800,község,Vas,181 0,Szombathelyi,Szombathely,2,[Helyben],1278,784,280
Söréd,2893,község,Fejér,082 0,Móri,Mór,5,Magyaralmás,625,558,222
Sukoró,14951,község,Fejér,080 0,Gárdonyi,Gárdony,2,[Helyben],1627,2170,1038
Sumony,2547,község,Baranya,032 0,Szentlőrinci,Szentlőrinc,5,Királyegyháza,2021,396,154
Súr,31990,község,Komárom-Esztergom,111 0,Kisbéri,Kisbér,5,Bakonyszombathely,3737,1224,500
Surd,2404,község,Zala,196 0,Nagykanizsai,Nagykanizsa,2,[Helyben],2194,529,236
Sükösd,21245,nagyközség,Bács-Kiskun,035 0,Bajai,Baja,1,–,9418,3334,1514
Sülysáp,21713,város,Pest,131 0,Nagykátai,Nagykáta,1,–,4719,8525,3157
Sümeg,25593,város,Veszprém,188 1,Sümegi,Sümeg,2,[Helyben],6413,5669,2648
Sümegcsehi,21397,község,Zala,198 0,Zalaszentgróti,Zalaszentgrót,5,Óhíd,1743,519,262
Sümegprága,5388,község,Veszprém,188 0,Sümegi,Sümeg,5,Gógánfa,578,567,250
Süttő,8688,község,Komárom-Esztergom,110 0,Esztergomi,Esztergom,1,–,3446,2005,807
Szabadbattyán,28705,nagyközség,Fejér,085 0,Székesfehérvári,Székesfehérvár,1,–,3366,4779,1785
Szabadegyháza,13259,község,Fejér,080 0,Gárdonyi,Gárdony,1,–,4164,1975,800
Szabadhídvég,18740,község,Fejér,079 0,Enyingi,Enying,5,Mezőszentgyörgy,4410,803,363
Szabadi,14854,község,Somogy,143 0,Kaposvári,Kaposvár,5,Nagyberki,823,246,121
Szabadkígyós,31325,község,Békés,046 0,Békéscsabai,Békéscsaba,1,–,4556,2283,1086
Szabadszállás,25061,város,Bács-Kiskun,043 0,Kunszentmiklósi,Kunszentmiklós,1,–,16462,5853,3009
Szabadszentkirály,15079,község,Baranya,032 0,Szentlőrinci,Szentlőrinc,5,Királyegyháza,1269,716,287
Szabás,28574,község,Somogy,145 0,Nagyatádi,Nagyatád,5,Kutas,1811,556,182
Szabolcs,19169,község,Szabolcs-Szatmár-Bereg,157 0,Nyíregyházi,Nyíregyháza,5,Rakamaz,588,318,186
Szabolcsbáka,22053,község,Szabolcs-Szatmár-Bereg,153 0,Kisvárdai,Kisvárda,5,Gyulaháza,1984,1096,433
Szabolcsveresmart,3586,község,Szabolcs-Szatmár-Bereg,153 0,Kisvárdai,Kisvárda,2,[Helyben],2295,1382,545
Szada,21458,nagyközség,Pest,128 0,Gödöllői,Gödöllő,1,–,1671,6631,2242
Szágy,27508,község,Baranya,025 0,Hegyháti,Sásd,5,Mindszentgodisa,940,114,61
Szajk,8475,község,Baranya,024 0,Bólyi,Bóly,5,Bóly,1136,747,317
Szajla,16063,község,Heves,109 0,Pétervásárai,Pétervására,5,Sirok,870,580,327
Szajol,5874,község,Jász-Nagykun-Szolnok,167 0,Szolnoki,Szolnok,1,–,3697,3679,1581
Szakácsi,32258,község,Borsod-Abaúj-Zemplén,055 0,Edelényi,Edelény,5,Szendrőlád,863,215,59
Szakadát,15316,község,Tolna,174 0,Tamási,Tamási,5,Gyönk,1070,197,146
Szakáld,3805,község,Borsod-Abaúj-Zemplén,068 0,Tiszaújvárosi,Tiszaújváros,5,Nemesbikk,1140,434,223
Szakály,4464,község,Tolna,174 0,Tamási,Tamási,5,Hőgyész,4102,1164,595
Szakcs,10083,község,Tolna,171 0,Dombóvári,Dombóvár,5,Dombóvár,5579,696,441
Szakmár,19530,község,Bács-Kiskun,037 0,Kalocsai,Kalocsa,2,[Helyben],7464,1069,591
Szaknyér,16504,község,Vas,177 0,Körmendi,Körmend,5,Ivánc,293,43,44
Szakoly,4774,község,Szabolcs-Szatmár-Bereg,155 0,Nagykállói,Nagykálló,1,–,4145,2549,980
Szakony,11369,község,Győr-Moson-Sopron,091 0,Soproni,Sopron,5,Sopronhorpács,1350,438,218
Szakonyfalu,20932,község,Vas,180 0,Szentgotthárdi,Szentgotthárd,5,Alsószölnök,1119,310,138
Szákszend,33516,község,Komárom-Esztergom,113 0,Oroszlányi,Oroszlány,5,Oroszlány,3593,1461,628
Szalafő,10223,község,Vas,177 0,Körmendi,Körmend,5,Őriszentpéter,2737,211,154
Szalánta,22257,község,Baranya,028 0,Pécsi,Pécs,2,[Helyben],1708,1190,421
Szalapa,20543,község,Zala,198 0,Zalaszentgróti,Zalaszentgrót,5,Óhíd,452,155,93
Szalaszend,31015,község,Borsod-Abaúj-Zemplén,056 0,Encsi,Encs,2,[Helyben],1822,1027,366
Szalatnak,9007,község,Baranya,026 0,Komlói,Komló,5,Egyházaskozár,1028,293,169
Szálka,14711,község,Tolna,173 0,Szekszárdi,Szekszárd,5,Szekszárd,1708,581,258
Szalkszentmárton,19947,község,Bács-Kiskun,043 0,Kunszentmiklósi,Kunszentmiklós,1,–,8208,2825,1314
Szalmatercs,19798,község,Nógrád,121 0,Szécsényi,Szécsény,5,Endrefalva,758,457,187
Szalonna,16753,község,Borsod-Abaúj-Zemplén,055 0,Edelényi,Edelény,2,[Helyben],2008,965,404
Szamosangyalos,18005,község,Szabolcs-Szatmár-Bereg,149 0,Csengeri,Csenger,5,Csenger,804,489,187
Szamosbecs,22017,község,Szabolcs-Szatmár-Bereg,149 0,Csengeri,Csenger,5,Csenger,671,316,166
Szamoskér,16300,község,Szabolcs-Szatmár-Bereg,154 0,Mátészalkai,Mátészalka,5,Szamosszeg,971,385,183
Szamossályi,10436,község,Szabolcs-Szatmár-Bereg,150 0,Fehérgyarmati,Fehérgyarmat,5,Nagyszekeres,1158,596,316
Szamostatárfalva,30085,község,Szabolcs-Szatmár-Bereg,149 0,Csengeri,Csenger,5,Csenger,450,293,124
Szamosújlak,31273,község,Szabolcs-Szatmár-Bereg,150 0,Fehérgyarmati,Fehérgyarmat,5,Tunyogmatolcs,527,344,188
Szamosszeg,13046,község,Szabolcs-Szatmár-Bereg,154 0,Mátészalkai,Mátészalka,2,[Helyben],3530,1653,725
Szanda,13754,község,Nógrád,116 0,Balassagyarmati,Balassagyarmat,5,Magyarnándor,2148,506,409
Szank,11794,község,Bács-Kiskun,042 0,Kiskunmajsai,Kiskunmajsa,1,–,7483,2160,1130
Szántód,34236,község,Somogy,146 0,Siófoki,Siófok,5,Balatonföldvár,791,594,828
Szany,8536,nagyközség,Győr-Moson-Sopron,086 0,Csornai,Csorna,2,[Helyben],3415,2010,974
Szápár,16489,község,Veszprém,192 0,Zirci,Zirc,5,Csetény,709,479,192
Szaporca,34032,község,Baranya,031 0,Siklósi,Siklós,5,Kovácshida,965,192,97
Szár,19549,község,Fejér,077 0,Bicskei,Bicske,2,[Helyben],2263,1718,620
Szárász,7366,község,Baranya,026 0,Komlói,Komló,5,Egyházaskozár,598,34,31
Szárazd,18263,község,Tolna,174 0,Tamási,Tamási,5,Gyönk,779,201,121
Szárföld,15714,község,Győr-Moson-Sopron,088 0,Kapuvári,Kapuvár,2,[Helyben],1711,1035,432
Szárliget,33491,község,Komárom-Esztergom,115 0,Tatabányai,Tatabánya,1,–,1456,2378,894
Szarvas,23870,város,Békés,052 1,Szarvasi,Szarvas,1,–,16157,14310,7750
Szarvasgede,10199,község,Nógrád,118 0,Pásztói,Pásztó,5,Palotás,999,396,207
Szarvaskend,17729,község,Vas,177 0,Körmendi,Körmend,5,Molnaszecsőd,1034,213,120
Szarvaskő,3382,község,Heves,104 0,Egri,Eger,5,Egerbakta,1259,311,198
Szászberek,5777,község,Jász-Nagykun-Szolnok,167 0,Szolnoki,Szolnok,5,Besenyszög,3922,888,414
Szászfa,8147,község,Borsod-Abaúj-Zemplén,067 0,Szikszói,Szikszó,5,Selyeb,1213,95,82
Szászvár,33765,nagyközség,Baranya,026 0,Komlói,Komló,2,[Helyben],2117,2145,1033
Szatmárcseke,31237,község,Szabolcs-Szatmár-Bereg,150 0,Fehérgyarmati,Fehérgyarmat,2,[Helyben],3630,1472,584
Szátok,15325,község,Nógrád,119 0,Rétsági,Rétság,5,Kétbodony,895,568,167
Szatta,2440,község,Vas,177 0,Körmendi,Körmend,5,Őriszentpéter,601,62,45
Szatymaz,12007,község,Csongrád-Csanád,075 0,Szegedi,Szeged,1,–,5372,4957,2526
Szava,31060,község,Baranya,031 0,Siklósi,Siklós,5,Nagyharsány,1264,331,128
Százhalombatta,17312,város,Pest,127 0,Érdi,Érd,1,–,2806,18115,7841
Szebény,3018,község,Baranya,027 0,Mohácsi,Mohács,5,Palotabozsok,1437,288,163
Szécsénke,23047,község,Nógrád,116 0,Balassagyarmati,Balassagyarmat,5,Galgaguta,978,191,127
Szécsény,6628,város,Nógrád,121 1,Szécsényi,Szécsény,2,[Helyben],4567,5138,2476
Szécsényfelfalu,33011,község,Nógrád,121 0,Szécsényi,Szécsény,5,Endrefalva,822,393,219
Szécsisziget,11554,község,Zala,194 0,Lenti,Lenti,5,Lovászi,620,188,105
Szederkény,5607,község,Baranya,024 0,Bólyi,Bóly,2,[Helyben],1433,1650,682
Szedres,16814,község,Tolna,173 0,Szekszárdi,Szekszárd,1,–,4631,1934,783
Szeged,33367,"megyeszékhely, megyei jogú város",Csongrád-Csanád,075 1,Szegedi,Szeged,1,–,28100,157282,88894
Szegerdő,18607,község,Somogy,144 0,Marcali,Marcali,5,Balatonszentgyörgy,546,207,93
Szeghalom,21883,város,Békés,053 1,Szeghalmi,Szeghalom,1,–,21713,7788,3887
Szegi,33817,község,Borsod-Abaúj-Zemplén,069 0,Tokaji,Tokaj,5,Bodrogkeresztúr,905,310,146
Szegilong,31510,község,Borsod-Abaúj-Zemplén,069 0,Tokaji,Tokaj,5,Bodrogkeresztúr,694,198,120
Szegvár,32489,nagyközség,Csongrád-Csanád,076 0,Szentesi,Szentes,1,–,8622,3939,2095
Székely,31088,község,Szabolcs-Szatmár-Bereg,152 0,Kemecsei,Kemecse,5,Nyírtét,1607,1005,346
Székelyszabar,16771,község,Baranya,027 0,Mohácsi,Mohács,5,Himesháza,1548,515,239
Székesfehérvár,14827,"megyeszékhely, megyei jogú város",Fejér,085 1,Székesfehérvári,Székesfehérvár,1,–,17089,95241,48799
Székkutas,12265,község,Csongrád-Csanád,071 0,Hódmezővásárhelyi,Hódmezővásárhely,1,–,12561,1868,942
Szekszárd,22761,"megyeszékhely, megyei jogú város",Tolna,173 1,Szekszárdi,Szekszárd,2,[Helyben],9628,29337,15984
Szeleste,33172,község,Vas,179 0,Sárvári,Sárvár,5,Bő,2075,634,279
Szelevény,20428,község,Jász-Nagykun-Szolnok,165 0,Kunszentmártoni,Kunszentmárton,5,Tiszasas,4539,909,593
Szellő,16984,község,Baranya,029 0,Pécsváradi,Pécsvárad,5,Erzsébet,596,118,68
Szemely,9308,község,Baranya,028 0,Pécsi,Pécs,5,Pécsudvard,947,453,192
Szemenye,27997,község,Vas,182 0,Vasvári,Vasvár,5,Kám,1180,318,188
Szemere,9830,község,Borsod-Abaúj-Zemplén,056 0,Encsi,Encs,5,Szalaszend,2630,402,140
Szendehely,4507,község,Nógrád,119 0,Rétsági,Rétság,2,[Helyben],1004,1621,671
Szendrő,8077,város,Borsod-Abaúj-Zemplén,055 0,Edelényi,Edelény,2,[Helyben],5356,3921,1385
Szendrőlád,27456,község,Borsod-Abaúj-Zemplén,055 0,Edelényi,Edelény,2,[Helyben],1770,2275,434
Szenna,15103,község,Somogy,143 0,Kaposvári,Kaposvár,5,Simonfa,2698,752,284
Szenta,11509,község,Somogy,141 0,Csurgói,Csurgó,5,Csurgó,6447,320,153
Szentantalfa,3568,község,Veszprém,185 0,Balatonfüredi,Balatonfüred,5,Zánka,663,520,181
Szentbalázs,25706,község,Somogy,143 0,Kaposvári,Kaposvár,5,Baté,1214,329,113
Szentbékkálla,7092,község,Veszprém,189 0,Tapolcai,Tapolca,5,Kővágóörs,1070,183,123
Szentborbás,32841,község,Somogy,140 0,Barcsi,Barcs,5,Darány,747,103,63
Szentdénes,32009,község,Baranya,032 0,Szentlőrinci,Szentlőrinc,5,Királyegyháza,1215,303,134
Szentdomonkos,13231,község,Heves,109 0,Pétervásárai,Pétervására,5,Tarnalelesz,1840,464,208
Szente,9043,község,Nógrád,119 0,Rétsági,Rétság,5,Kétbodony,753,285,161
Szentegát,33613,község,Baranya,033 0,Szigetvári,Szigetvár,5,Dencsháza,2778,320,148
Szentendre,15440,város,Pest,135 1,Szentendrei,Szentendre,2,[Helyben],4382,28483,11688
Szentes,14456,város,Csongrád-Csanád,076 1,Szentesi,Szentes,2,[Helyben],35325,24482,12505
Szentgál,7922,község,Veszprém,191 0,Veszprémi,Veszprém,1,–,9502,2616,1006
Szentgáloskér,12973,község,Somogy,143 0,Kaposvári,Kaposvár,5,Gölle,2725,466,236
Szentgotthárd,31583,város,Vas,180 1,Szentgotthárdi,Szentgotthárd,2,[Helyben],6773,8064,3520
Szentgyörgyvár,23126,község,Zala,193 0,Keszthelyi,Keszthely,5,Sármellék,1165,371,180
Szentgyörgyvölgy,18652,község,Zala,194 0,Lenti,Lenti,5,Csesztreg,2958,360,211
Szentimrefalva,10065,község,Veszprém,188 0,Sümegi,Sümeg,5,Csabrendek,1087,169,95
Szentistván,22169,nagyközség,Borsod-Abaúj-Zemplén,060 0,Mezőkövesdi,Mezőkövesd,2,[Helyben],5107,2355,1112
Szentistvánbaksa,8484,község,Borsod-Abaúj-Zemplén,067 0,Szikszói,Szikszó,5,Szikszó,656,233,129
Szentjakabfa,11545,község,Veszprém,185 0,Balatonfüredi,Balatonfüred,5,Zánka,576,110,51
Szentkatalin,9803,község,Baranya,032 0,Szentlőrinci,Szentlőrinc,5,Szentlőrinc,1331,97,66
Szentkirály,21120,község,Bács-Kiskun,044 0,Tiszakécskei,Tiszakécske,2,[Helyben],10189,1877,918
Szentkirályszabadja,16267,község,Veszprém,191 0,Veszprémi,Veszprém,1,–,2238,2022,729
Szentkozmadombja,3124,község,Zala,197 0,Zalaegerszegi,Zalaegerszeg,5,Bak,508,82,66
Szentlászló,16355,község,Baranya,033 0,Szigetvári,Szigetvár,2,[Helyben],1406,730,285
Szentliszló,8615,község,Zala,195 0,Letenyei,Letenye,5,Bánokszentgyörgy,689,259,130
Szentlőrinc,15866,város,Baranya,032 1,Szentlőrinci,Szentlőrinc,2,[Helyben],2781,5899,2548
Szentlőrinckáta,7542,község,Pest,131 0,Nagykátai,Nagykáta,5,Szentmártonkáta,2015,1875,834
Szentmargitfalva,14225,község,Zala,195 0,Letenyei,Letenye,5,Bázakerettye,312,78,65
Szentmártonkáta,28653,nagyközség,Pest,131 0,Nagykátai,Nagykáta,2,[Helyben],5218,4947,2001
Szentpéterfa,21254,község,Vas,181 0,Szombathelyi,Szombathely,5,Pornóapáti,3124,950,385
Szentpéterfölde,30067,község,Zala,197 0,Zalaegerszegi,Zalaegerszeg,5,Bak,1199,107,79
Szentpéterszeg,19099,község,Hajdú-Bihar,094 0,Berettyóújfalui,Berettyóújfalu,5,Hencida,2551,967,471
Szentpéterúr,11165,község,Zala,197 0,Zalaegerszegi,Zalaegerszeg,5,Nagypáli,1596,926,408
Szenyér,30146,község,Somogy,144 0,Marcali,Marcali,5,Böhönye,2019,284,135
Szepetnek,7700,község,Zala,196 0,Nagykanizsai,Nagykanizsa,5,Újudvar,3039,1435,547
Szerecseny,3887,község,Győr-Moson-Sopron,092 0,Téti,Tét,5,Gyömöre,1238,834,367
Szeremle,28820,község,Bács-Kiskun,035 0,Bajai,Baja,2,[Helyben],3406,1225,610
Szerencs,30739,város,Borsod-Abaúj-Zemplén,066 1,Szerencsi,Szerencs,1,–,3668,8300,3777
Szerep,33437,község,Hajdú-Bihar,102 0,Püspökladányi,Püspökladány,5,Püspökladány,5604,1437,504
Szergény,27793,község,Vas,176 0,Celldömölki,Celldömölk,5,Kenyeri,1561,252,164
Szigetbecse,26259,község,Pest,134 0,Ráckevei,Ráckeve,2,[Helyben],1712,1429,634
Szigetcsép,7870,község,Pest,134 0,Ráckevei,Ráckeve,1,–,1820,2821,1110
Szigethalom,13277,város,Pest,136 0,Szigetszentmiklósi,Szigetszentmiklós,1,–,912,18382,6680
Szigetmonostor,26213,község,Pest,135 0,Szentendrei,Szentendre,1,–,2351,2991,1503
Szigetszentmárton,15185,község,Pest,134 0,Ráckevei,Ráckeve,1,–,1073,2659,1315
Szigetszentmiklós,28954,város,Pest,136 1,Szigetszentmiklósi,Szigetszentmiklós,1,–,4565,40132,16694
Szigetújfalu,22114,község,Pest,134 0,Ráckevei,Ráckeve,1,–,1083,2139,931
Szigetvár,26578,város,Baranya,033 1,Szigetvári,Szigetvár,1,–,3952,9383,4919
Szigliget,24891,község,Veszprém,189 0,Tapolcai,Tapolca,2,[Helyben],3426,849,412
Szihalom,11013,község,Heves,105 0,Füzesabonyi,Füzesabony,2,[Helyben],3417,2016,984
Szijártóháza,26161,község,Zala,194 0,Lenti,Lenti,5,Rédics,378,50,27
Szikszó,21351,város,Borsod-Abaúj-Zemplén,067 1,Szikszói,Szikszó,2,[Helyben],3623,5415,2116
Szil,19266,község,Győr-Moson-Sopron,086 0,Csornai,Csorna,2,[Helyben],3103,1295,601
Szilágy,19831,község,Baranya,028 0,Pécsi,Pécs,5,Bogád,1155,277,134
Szilaspogony,7959,község,Nógrád,120 0,Salgótarjáni,Salgótarján,5,Somoskőújfalu,1440,320,167
Szilsárkány,3364,község,Győr-Moson-Sopron,086 0,Csornai,Csorna,2,[Helyben],1670,675,318
Szilvágy,17853,község,Zala,194 0,Lenti,Lenti,5,Zalabaksa,2427,187,93
Szilvás,24712,község,Baranya,028 0,Pécsi,Pécs,5,Szalánta,604,130,57
Szilvásvárad,5643,község,Heves,103 0,Bélapátfalvai,Bélapátfalva,2,[Helyben],3782,1379,751
Szilvásszentmárton,32461,község,Somogy,143 0,Kaposvári,Kaposvár,5,Simonfa,708,172,64
Szin,20871,község,Borsod-Abaúj-Zemplén,055 0,Edelényi,Edelény,5,Bódvaszilas,1810,753,241
Szinpetri,11493,község,Borsod-Abaúj-Zemplén,055 0,Edelényi,Edelény,5,Bódvaszilas,971,189,99
Szirák,21634,község,Nógrád,118 0,Pásztói,Pásztó,5,Vanyarc,1909,1093,427
Szirmabesenyő,9496,nagyközség,Borsod-Abaúj-Zemplén,061 0,Miskolci,Miskolc,1,–,1575,4331,1663
Szob,24916,város,Pest,137 1,Szobi,Szob,1,–,1797,2488,1101
Szokolya,6947,község,Pest,137 0,Szobi,Szob,5,Kismaros,5905,1919,790
Szólád,15194,község,Somogy,146 0,Siófoki,Siófok,5,Balatonföldvár,1998,516,297
Szolnok,27854,"megyeszékhely, megyei jogú város",Jász-Nagykun-Szolnok,167 1,Szolnoki,Szolnok,1,–,18724,65564,36006
Szombathely,3009,"megyeszékhely, megyei jogú város",Vas,181 1,Szombathelyi,Szombathely,1,–,9870,76918,36687
Szomód,22619,község,Komárom-Esztergom,114 0,Tatai,Tata,1,–,2834,2347,902
Szomolya,18892,község,Borsod-Abaúj-Zemplén,060 0,Mezőkövesdi,Mezőkövesd,2,[Helyben],2269,1469,706
Szomor,21421,község,Komárom-Esztergom,115 0,Tatabányai,Tatabánya,5,Gyermely,1319,1092,407
Szorgalmatos,34388,község,Szabolcs-Szatmár-Bereg,158 0,Tiszavasvári,Tiszavasvári,5,Tiszalök,844,719,333
Szorosad,5193,község,Somogy,147 0,Tabi,Tab,5,Törökkoppány,648,92,54
Szőc,16692,község,Veszprém,183 0,Ajkai,Ajka,5,Nyirád,754,457,119
Szőce,19521,község,Vas,177 0,Körmendi,Körmend,5,Nádasd,1871,333,219
Sződ,12690,község,Pest,138 0,Váci,Vác,1,–,1354,3473,1122
Sződliget,28866,nagyközség,Pest,138 0,Váci,Vác,2,[Helyben],731,4915,1715
Szögliget,16179,község,Borsod-Abaúj-Zemplén,055 0,Edelényi,Edelény,5,Perkupa,3474,516,391
Szőke,22211,község,Baranya,028 0,Pécsi,Pécs,5,Regenye,648,120,52
Szőkéd,7694,község,Baranya,028 0,Pécsi,Pécs,5,Pécsudvard,958,351,139
Szőkedencs,5810,község,Somogy,144 0,Marcali,Marcali,5,Balatonszentgyörgy,1869,280,189
Szőlősardó,7889,község,Borsod-Abaúj-Zemplén,055 0,Edelényi,Edelény,5,Perkupa,1066,101,87
Szőlősgyörök,11101,község,Somogy,142 0,Fonyódi,Fonyód,5,Buzsák,1863,1205,607
Szörény,5528,község,Baranya,033 0,Szigetvári,Szigetvár,5,Kétújfalu,441,80,33
Szúcs,13523,község,Heves,104 0,Egri,Eger,5,Egercsehi,849,346,164
Szuha,28194,község,Nógrád,117 0,Bátonyterenyei,Bátonyterenye,5,Mátramindszent,1756,550,374
Szuhafő,3160,község,Borsod-Abaúj-Zemplén,063 0,Putnoki,Putnok,5,Ragály,1605,98,81
Szuhakálló,11110,község,Borsod-Abaúj-Zemplén,058 0,Kazincbarcikai,Kazincbarcika,2,[Helyben],696,927,378
Szuhogy,24606,község,Borsod-Abaúj-Zemplén,055 0,Edelényi,Edelény,5,Szendrő,1700,986,435
Szulimán,15404,község,Baranya,033 0,Szigetvári,Szigetvár,5,Mozsgó,1049,222,108
Szulok,10986,község,Somogy,140 0,Barcsi,Barcs,5,Homokszentgyörgy,2791,558,291
Szurdokpüspöki,19044,község,Nógrád,118 0,Pásztói,Pásztó,2,[Helyben],2670,1792,893
Szűcsi,9982,község,Heves,107 0,Hatvani,Hatvan,5,Rózsaszentmárton,1738,1409,653
Szügy,18786,község,Nógrád,116 0,Balassagyarmati,Balassagyarmat,2,[Helyben],1950,1391,518
Szűr,11217,község,Baranya,027 0,Mohácsi,Mohács,5,Himesháza,784,237,122
Tab,8590,város,Somogy,147 1,Tabi,Tab,2,[Helyben],2586,3971,1906
Tabajd,14465,község,Fejér,077 0,Bicskei,Bicske,5,Felcsút,2657,973,367
Tabdi,25432,község,Bács-Kiskun,039 0,Kiskőrösi,Kiskőrös,2,[Helyben],2139,997,542
Táborfalva,8332,nagyközség,Pest,125 0,Dabasi,Dabas,1,–,4205,3324,1506
Tác,29267,község,Fejér,085 0,Székesfehérvári,Székesfehérvár,2,[Helyben],4569,1690,619
Tagyon,17039,község,Veszprém,185 0,Balatonfüredi,Balatonfüred,5,Zánka,276,123,40
Tahitótfalu,31963,község,Pest,135 0,Szentendrei,Szentendre,2,[Helyben],3917,6358,2446
Takácsi,13125,község,Veszprém,187 0,Pápai,Pápa,5,Vaszar,1913,808,355
Tákos,29911,község,Szabolcs-Szatmár-Bereg,159 0,Vásárosnaményi,Vásárosnamény,5,Csaroda,1082,330,138
Taksony,30720,nagyközség,Pest,136 0,Szigetszentmiklósi,Szigetszentmiklós,1,–,2085,6815,2554
Taktabáj,3708,község,Borsod-Abaúj-Zemplén,069 0,Tokaji,Tokaj,5,Bodrogkeresztúr,1682,570,203
Taktaharkány,18245,nagyközség,Borsod-Abaúj-Zemplén,066 0,Szerencsi,Szerencs,1,–,3913,3447,1284
Taktakenéz,28787,község,Borsod-Abaúj-Zemplén,066 0,Szerencsi,Szerencs,5,Prügy,1974,1064,368
Taktaszada,3133,község,Borsod-Abaúj-Zemplén,066 0,Szerencsi,Szerencs,1,–,2574,1739,634
Taliándörögd,17321,község,Veszprém,189 0,Tapolcai,Tapolca,5,Monostorapáti,2807,745,315
Tállya,12210,község,Borsod-Abaúj-Zemplén,066 0,Szerencsi,Szerencs,2,[Helyben],3796,1540,940
Tamási,24563,város,Tolna,174 1,Tamási,Tamási,1,–,11195,7408,3825
Tanakajd,16212,község,Vas,181 0,Szombathelyi,Szombathely,5,Vasszécseny,1182,787,280
Táp,14261,község,Győr-Moson-Sopron,090 0,Pannonhalmi,Pannonhalma,5,Pázmándfalu,1988,721,299
Tápióbicske,15015,község,Pest,131 0,Nagykátai,Nagykáta,1,–,4848,3655,1505
Tápiógyörgye,17303,község,Pest,131 0,Nagykátai,Nagykáta,1,–,5331,3590,1492
Tápióság,9405,község,Pest,131 0,Nagykátai,Nagykáta,1,–,3354,2674,1148
Tápiószecső,31796,nagyközség,Pest,131 0,Nagykátai,Nagykáta,1,–,3838,6119,2404
Tápiószele,14146,város,Pest,131 0,Nagykátai,Nagykáta,1,–,3699,5835,2364
Tápiószentmárton,14571,nagyközség,Pest,131 0,Nagykátai,Nagykáta,1,–,10291,5717,2516
Tápiószőlős,2769,község,Pest,124 0,Ceglédi,Cegléd,1,–,3181,2870,1334
Táplánszentkereszt,32045,község,Vas,181 0,Szombathelyi,Szombathely,1,–,2008,2583,889
Tapolca,29434,város,Veszprém,189 1,Tapolcai,Tapolca,2,[Helyben],6345,13829,6889
Tapsony,24615,község,Somogy,144 0,Marcali,Marcali,5,Mesztegnyő,3161,577,375
Tápszentmiklós,21971,község,Győr-Moson-Sopron,090 0,Pannonhalmi,Pannonhalma,2,[Helyben],2075,889,343
Tar,32896,község,Nógrád,118 0,Pásztói,Pásztó,5,Szurdokpüspöki,2734,1727,834
Tarany,16735,község,Somogy,145 0,Nagyatádi,Nagyatád,5,Kutas,5468,1104,454
Tarcal,21740,község,Borsod-Abaúj-Zemplén,069 0,Tokaji,Tokaj,2,[Helyben],5372,2569,1261
Tard,8165,község,Borsod-Abaúj-Zemplén,060 0,Mezőkövesdi,Mezőkövesd,5,Szomolya,4047,1008,561
Tardona,14784,község,Borsod-Abaúj-Zemplén,058 0,Kazincbarcikai,Kazincbarcika,5,Mályinka,1230,971,426
Tardos,30225,község,Komárom-Esztergom,114 0,Tatai,Tata,2,[Helyben],2332,1574,705
Tarhos,33075,község,Békés,045 0,Békési,Békés,5,Murony,5745,734,355
Tarján,18935,község,Komárom-Esztergom,115 0,Tatabányai,Tatabánya,1,–,4307,2771,1079
Tarjánpuszta,33914,község,Győr-Moson-Sopron,090 0,Pannonhalmi,Pannonhalma,5,Écs,844,428,158
Tárkány,20987,község,Komárom-Esztergom,111 0,Kisbéri,Kisbér,2,[Helyben],6494,1420,608
Tarnabod,32966,község,Heves,108 0,Hevesi,Heves,5,Tarnazsadány,1033,718,176
Tarnalelesz,13240,község,Heves,109 0,Pétervásárai,Pétervására,2,[Helyben],3713,1498,621
Tarnaméra,23348,község,Heves,108 0,Hevesi,Heves,2,[Helyben],2826,1475,723
Tarnaörs,14128,község,Heves,108 0,Hevesi,Heves,2,[Helyben],3028,1828,706
Tarnaszentmária,9052,község,Heves,104 0,Egri,Eger,5,Verpelét,1100,213,180
Tarnaszentmiklós,16160,község,Heves,108 0,Hevesi,Heves,5,Pély,3500,738,392
Tarnazsadány,17163,község,Heves,108 0,Hevesi,Heves,2,[Helyben],2519,1205,443
Tárnok,4154,nagyközség,Pest,127 0,Érdi,Érd,1,–,2361,10548,3810
Tárnokréti,4172,község,Győr-Moson-Sopron,086 0,Csornai,Csorna,5,Bősárkány,954,166,104
Tarpa,4312,nagyközség,Szabolcs-Szatmár-Bereg,159 0,Vásárosnaményi,Vásárosnamény,2,[Helyben],4973,2184,881
Tarrós,15635,község,Baranya,025 0,Hegyháti,Sásd,5,Vásárosdombó,529,92,52
Táska,13693,község,Somogy,144 0,Marcali,Marcali,5,Pusztakovácsi,2598,332,192
Tass,20525,község,Bács-Kiskun,043 0,Kunszentmiklósi,Kunszentmiklós,1,–,7473,2836,1323
Taszár,4932,község,Somogy,143 0,Kaposvári,Kaposvár,1,–,1729,1718,822
Tát,8758,város,Komárom-Esztergom,110 0,Esztergomi,Esztergom,1,–,1206,5116,2066
Tata,20127,város,Komárom-Esztergom,114 1,Tatai,Tata,2,[Helyben],7814,23663,10793
Tatabánya,18157,"megyeszékhely, megyei jogú város",Komárom-Esztergom,115 1,Tatabányai,Tatabánya,1,–,9142,64785,31550
Tataháza,14544,község,Bács-Kiskun,034 0,Bácsalmási,Bácsalmás,5,Kunbaja,2610,1054,639
Tatárszentgyörgy,27386,község,Pest,125 0,Dabasi,Dabas,1,–,5506,1855,670
Tázlár,24998,község,Bács-Kiskun,039 0,Kiskőrösi,Kiskőrös,5,Bócsa,7338,1655,821
Téglás,23214,város,Hajdú-Bihar,098 0,Hajdúhadházi,Hajdúhadház,1,–,3833,6304,2401
Tekenye,24703,község,Zala,198 0,Zalaszentgróti,Zalaszentgrót,5,Zalaszentgrót,696,408,249
Tékes,27702,község,Baranya,025 0,Hegyháti,Sásd,5,Vásárosdombó,1256,188,102
Teklafalu,32072,község,Baranya,033 0,Szigetvári,Szigetvár,5,Kétújfalu,1676,316,126
Telekes,29568,község,Vas,182 0,Vasvári,Vasvár,5,Kám,1081,424,192
Telekgerendás,12681,község,Békés,046 0,Békéscsabai,Békéscsaba,5,Újkígyós,7237,1395,662
Teleki,23968,község,Somogy,146 0,Siófoki,Siófok,5,Balatonföldvár,805,187,107
Telki,8280,község,Pest,123 0,Budakeszi,Budakeszi,1,–,1047,4466,1542
Telkibánya,13763,község,Borsod-Abaúj-Zemplén,057 0,Gönci,Gönc,2,[Helyben],4682,557,374
Tengelic,6901,község,Tolna,172 0,Paksi,Paks,1,–,7093,2007,980
Tengeri,13675,község,Baranya,030 0,Sellyei,Sellye,5,Baksa,446,60,30
Tengőd,32416,község,Somogy,147 0,Tabi,Tab,5,Kapoly,3021,378,259
Tenk,14076,község,Heves,108 0,Hevesi,Heves,5,Heves,1234,1080,464
Tényő,11457,község,Győr-Moson-Sopron,087 0,Győri,Győr,5,Kajárpéc,2638,1781,738
Tépe,31042,község,Hajdú-Bihar,096 0,Derecskei,Derecske,5,Derecske,2322,1002,407
Terem,33358,község,Szabolcs-Szatmár-Bereg,156 0,Nyírbátori,Nyírbátor,5,Nyírcsászári,4950,568,280
Terény,4844,község,Nógrád,116 0,Balassagyarmati,Balassagyarmat,5,Bercel,2435,343,245
Tereske,24174,község,Nógrád,119 0,Rétsági,Rétság,5,Kétbodony,1703,667,307
Teresztenye,28635,község,Borsod-Abaúj-Zemplén,055 0,Edelényi,Edelény,5,Perkupa,869,22,30
Terpes,12229,község,Heves,109 0,Pétervásárai,Pétervására,5,Sirok,220,205,98
Tés,20570,község,Veszprém,190 0,Várpalotai,Várpalota,5,Öskü,4903,796,425
Tésa,19248,község,Pest,137 0,Szobi,Szob,5,Kemence,437,87,44
Tésenfa,32744,község,Baranya,031 0,Siklósi,Siklós,5,Kovácshida,840,145,81
Téseny,20978,község,Baranya,030 0,Sellyei,Sellye,5,Baksa,1208,297,103
Teskánd,8828,község,Zala,197 0,Zalaegerszegi,Zalaegerszeg,2,[Helyben],485,1254,489
Tét,19035,város,Győr-Moson-Sopron,092 1,Téti,Tét,2,[Helyben],5636,4205,1669
Tetétlen,19691,község,Hajdú-Bihar,102 0,Püspökladányi,Püspökladány,2,[Helyben],3211,1231,504
Tevel,31459,község,Tolna,170 0,Bonyhádi,Bonyhád,2,[Helyben],2527,1202,560
Tibolddaróc,30447,község,Borsod-Abaúj-Zemplén,060 0,Mezőkövesdi,Mezőkövesd,2,[Helyben],3032,1179,652
Tiborszállás,8952,község,Szabolcs-Szatmár-Bereg,154 0,Mátészalkai,Mátészalka,5,Mérk,2552,848,360
Tihany,30465,község,Veszprém,185 0,Balatonfüredi,Balatonfüred,2,[Helyben],2733,1330,840
Tikos,17844,község,Somogy,144 0,Marcali,Marcali,5,Balatonszentgyörgy,335,135,50
Tilaj,27951,község,Zala,197 0,Zalaegerszegi,Zalaegerszeg,5,Nagykapornak,816,190,106
Timár,24475,község,Szabolcs-Szatmár-Bereg,157 0,Nyíregyházi,Nyíregyháza,5,Tiszanagyfalu,2182,1160,479
Tinnye,7108,község,Pest,133 0,Pilisvörösvári,Pilisvörösvár,2,[Helyben],1614,1950,761
Tiszaadony,9423,község,Szabolcs-Szatmár-Bereg,159 0,Vásárosnaményi,Vásárosnamény,5,Tiszakerecseny,1563,570,243
Tiszaalpár,24545,nagyközség,Bács-Kiskun,044 0,Tiszakécskei,Tiszakécske,1,–,9113,4767,2235
Tiszabábolna,2291,község,Borsod-Abaúj-Zemplén,060 0,Mezőkövesdi,Mezőkövesd,5,Mezőkövesd,3269,259,278
Tiszabecs,17817,nagyközség,Szabolcs-Szatmár-Bereg,150 0,Fehérgyarmati,Fehérgyarmat,2,[Helyben],1714,1055,419
Tiszabercel,3850,község,Szabolcs-Szatmár-Bereg,151 0,Ibrányi,Ibrány,2,[Helyben],3138,1731,720
Tiszabezdéd,20172,község,Szabolcs-Szatmár-Bereg,160 0,Záhonyi,Záhony,2,[Helyben],1864,1672,651
Tiszabő,10773,község,Jász-Nagykun-Szolnok,164 0,Kunhegyesi,Kunhegyes,1,–,3504,2239,432
Tiszabura,22770,község,Jász-Nagykun-Szolnok,164 0,Kunhegyesi,Kunhegyes,1,–,4520,3078,848
Tiszacsécse,24448,község,Szabolcs-Szatmár-Bereg,150 0,Fehérgyarmati,Fehérgyarmat,5,Tiszakóród,480,210,109
Tiszacsege,15644,város,Hajdú-Bihar,093 0,Balmazújvárosi,Balmazújváros,2,[Helyben],13640,4237,2134
Tiszacsermely,29133,község,Borsod-Abaúj-Zemplén,054 0,Cigándi,Cigánd,5,Karcsa,2028,412,180
Tiszadada,6433,község,Szabolcs-Szatmár-Bereg,158 0,Tiszavasvári,Tiszavasvári,1,–,4877,2024,901
Tiszaderzs,16230,község,Jász-Nagykun-Szolnok,168 0,Tiszafüredi,Tiszafüred,5,Tiszaigar,2719,991,627
Tiszadob,12593,nagyközség,Szabolcs-Szatmár-Bereg,158 0,Tiszavasvári,Tiszavasvári,1,–,8259,2502,1131
Tiszadorogma,3717,község,Borsod-Abaúj-Zemplén,059 0,Mezőcsáti,Mezőcsát,5,Tiszatarján,4664,333,249
Tiszaeszlár,9113,község,Szabolcs-Szatmár-Bereg,158 0,Tiszavasvári,Tiszavasvári,1,–,5454,2343,924
Tiszaföldvár,13815,város,Jász-Nagykun-Szolnok,165 0,Kunszentmártoni,Kunszentmárton,1,–,8034,9778,4618
Tiszafüred,29726,város,Jász-Nagykun-Szolnok,168 1,Tiszafüredi,Tiszafüred,2,[Helyben],16219,10628,5268
Tiszagyenda,30304,község,Jász-Nagykun-Szolnok,164 0,Kunhegyesi,Kunhegyes,5,Tiszaroff,3693,916,511
Tiszagyulaháza,30845,község,Hajdú-Bihar,099 0,Hajdúnánási,Hajdúnánás,5,Hajdúnánás,2078,659,348
Tiszaigar,28699,község,Jász-Nagykun-Szolnok,168 0,Tiszafüredi,Tiszafüred,2,[Helyben],3404,694,381
Tiszainoka,20446,község,Jász-Nagykun-Szolnok,165 0,Kunszentmártoni,Kunszentmárton,5,Cibakháza,1792,397,199
Tiszajenő,29346,község,Jász-Nagykun-Szolnok,167 0,Szolnoki,Szolnok,2,[Helyben],2819,1450,821
Tiszakanyár,8554,község,Szabolcs-Szatmár-Bereg,153 0,Kisvárdai,Kisvárda,5,Dombrád,1551,1467,520
Tiszakarád,13976,község,Borsod-Abaúj-Zemplén,054 0,Cigándi,Cigánd,1,–,4756,2128,867
Tiszakécske,30623,város,Bács-Kiskun,044 1,Tiszakécskei,Tiszakécske,1,–,13327,11654,5595
Tiszakerecseny,4446,község,Szabolcs-Szatmár-Bereg,159 0,Vásárosnaményi,Vásárosnamény,2,[Helyben],2386,801,374
Tiszakeszi,13888,község,Borsod-Abaúj-Zemplén,059 0,Mezőcsáti,Mezőcsát,1,–,4618,2433,1030
Tiszakóród,8794,község,Szabolcs-Szatmár-Bereg,150 0,Fehérgyarmati,Fehérgyarmat,2,[Helyben],1669,710,297
Tiszakürt,30386,község,Jász-Nagykun-Szolnok,165 0,Kunszentmártoni,Kunszentmárton,2,[Helyben],2837,1241,689
Tiszaladány,19381,község,Borsod-Abaúj-Zemplén,069 0,Tokaji,Tokaj,5,Tokaj,2219,592,313
Tiszalök,23524,város,Szabolcs-Szatmár-Bereg,158 0,Tiszavasvári,Tiszavasvári,2,[Helyben],5866,5335,2215
Tiszalúc,28398,nagyközség,Borsod-Abaúj-Zemplén,066 0,Szerencsi,Szerencs,1,–,4488,4676,1797
Tiszamogyorós,11907,község,Szabolcs-Szatmár-Bereg,160 0,Záhonyi,Záhony,5,Eperjeske,1025,595,249
Tiszanagyfalu,27252,község,Szabolcs-Szatmár-Bereg,157 0,Nyíregyházi,Nyíregyháza,2,[Helyben],2705,1685,671
Tiszanána,7083,község,Heves,108 0,Hevesi,Heves,1,–,6814,2298,995
Tiszaörs,15787,község,Jász-Nagykun-Szolnok,168 0,Tiszafüredi,Tiszafüred,5,Tiszaszentimre,3710,1240,686
Tiszapalkonya,8633,község,Borsod-Abaúj-Zemplén,068 0,Tiszaújvárosi,Tiszaújváros,2,[Helyben],1349,1415,618
Tiszapüspöki,3373,község,Jász-Nagykun-Szolnok,169 0,Törökszentmiklósi,Törökszentmiklós,1,–,3745,1988,845
Tiszarád,10205,község,Szabolcs-Szatmár-Bereg,152 0,Kemecsei,Kemecse,5,Kék,923,536,173
Tiszaroff,20181,község,Jász-Nagykun-Szolnok,164 0,Kunhegyesi,Kunhegyes,2,[Helyben],5249,1522,863
Tiszasas,21494,község,Jász-Nagykun-Szolnok,165 0,Kunszentmártoni,Kunszentmárton,2,[Helyben],2879,973,566
Tiszasüly,17695,község,Jász-Nagykun-Szolnok,167 0,Szolnoki,Szolnok,5,Kőtelek,9177,1332,747
Tiszaszalka,13541,község,Szabolcs-Szatmár-Bereg,159 0,Vásárosnaményi,Vásárosnamény,5,Csaroda,1496,810,348
Tiszaszentimre,22789,község,Jász-Nagykun-Szolnok,168 0,Tiszafüredi,Tiszafüred,2,[Helyben],6561,1847,979
Tiszaszentmárton,27544,község,Szabolcs-Szatmár-Bereg,160 0,Záhonyi,Záhony,5,Tiszabezdéd,1446,1059,404
Tiszasziget,16966,község,Csongrád-Csanád,075 0,Szegedi,Szeged,5,Kübekháza,2688,1675,659
Tiszaszőlős,7852,község,Jász-Nagykun-Szolnok,168 0,Tiszafüredi,Tiszafüred,5,Tiszafüred,4779,1174,685
Tiszatardos,30298,község,Borsod-Abaúj-Zemplén,069 0,Tokaji,Tokaj,5,Tarcal,893,244,164
Tiszatarján,30377,község,Borsod-Abaúj-Zemplén,059 0,Mezőcsáti,Mezőcsát,2,[Helyben],4039,1353,482
Tiszatelek,14447,község,Szabolcs-Szatmár-Bereg,151 0,Ibrányi,Ibrány,5,Buj,3378,1234,520
Tiszatenyő,9627,község,Jász-Nagykun-Szolnok,169 0,Törökszentmiklósi,Törökszentmiklós,2,[Helyben],2355,1488,655
Tiszaug,14094,község,Bács-Kiskun,044 0,Tiszakécskei,Tiszakécske,5,Szentkirály,2504,901,416
Tiszaújváros,28352,város,Borsod-Abaúj-Zemplén,068 1,Tiszaújvárosi,Tiszaújváros,1,–,4604,14060,7493
Tiszavalk,10977,község,Borsod-Abaúj-Zemplén,060 0,Mezőkövesdi,Mezőkövesd,5,Mezőkövesd,1154,287,179
Tiszavárkony,31866,község,Jász-Nagykun-Szolnok,167 0,Szolnoki,Szolnok,5,Tiszajenő,3562,1467,723
Tiszavasvári,7597,város,Szabolcs-Szatmár-Bereg,158 1,Tiszavasvári,Tiszavasvári,1,–,12855,12238,4501
Tiszavid,33747,község,Szabolcs-Szatmár-Bereg,159 0,Vásárosnaményi,Vásárosnamény,5,Csaroda,1075,499,185
Tisztaberek,27261,község,Szabolcs-Szatmár-Bereg,150 0,Fehérgyarmati,Fehérgyarmat,5,Rozsály,1823,580,228
Tivadar,20260,község,Szabolcs-Szatmár-Bereg,150 0,Fehérgyarmati,Fehérgyarmat,5,Kisar,480,171,86
Tóalmás,21467,község,Pest,131 0,Nagykátai,Nagykáta,1,–,3940,4066,1640
Tófalu,9964,község,Heves,105 0,Füzesabonyi,Füzesabony,5,Kápolna,1448,532,264
Tófej,5342,község,Zala,197 0,Zalaegerszegi,Zalaegerszeg,5,Bocfölde,1532,647,286
Tófű,4048,község,Baranya,026 0,Komlói,Komló,5,Egyházaskozár,434,95,58
Tokaj,18306,város,Borsod-Abaúj-Zemplén,069 1,Tokaji,Tokaj,2,[Helyben],2820,3649,1699
Tokod,14155,nagyközség,Komárom-Esztergom,110 0,Esztergomi,Esztergom,1,–,1491,4255,1641
Tokodaltáró,34023,község,Komárom-Esztergom,110 0,Esztergomi,Esztergom,1,–,527,2994,1050
Tokorcs,9229,község,Vas,176 0,Celldömölki,Celldömölk,5,Nagysimonyi,640,366,171
Tolcsva,28051,község,Borsod-Abaúj-Zemplén,064 0,Sárospataki,Sárospatak,2,[Helyben],1648,1463,741
Told,25876,község,Hajdú-Bihar,094 0,Berettyóújfalui,Berettyóújfalu,5,Biharkeresztes,1491,286,99
Tolmács,6381,község,Nógrád,119 0,Rétsági,Rétság,5,Borsosberény,1214,702,343
Tolna,25274,város,Tolna,175 1,Tolnai,Tolna,2,[Helyben],7107,10518,4577
Tolnanémedi,11031,község,Tolna,174 0,Tamási,Tamási,2,[Helyben],2195,918,506
Tomajmonostora,9557,község,Jász-Nagykun-Szolnok,164 0,Kunhegyesi,Kunhegyes,5,Abádszalók,1376,690,346
Tomor,14890,község,Borsod-Abaúj-Zemplén,055 0,Edelényi,Edelény,5,Borsodszirák,1289,219,106
Tompa,28486,város,Bács-Kiskun,041 0,Kiskunhalasi,Kiskunhalas,1,–,8157,3823,1943
Tompaládony,12335,község,Vas,179 0,Sárvári,Sárvár,5,Bő,944,325,171
Tordas,21005,község,Fejér,081 0,Martonvásári,Martonvásár,1,–,1676,2324,769
Tormafölde,4969,község,Zala,194 0,Lenti,Lenti,5,Lovászi,1886,327,180
Tormás,22424,község,Baranya,025 0,Hegyháti,Sásd,5,Mindszentgodisa,2470,228,125
Tormásliget,34087,község,Vas,178 0,Kőszegi,Kőszeg,5,Csepreg,753,312,128
Tornabarakony,16902,község,Borsod-Abaúj-Zemplén,055 0,Edelényi,Edelény,5,Perkupa,819,24,39
Tornakápolna,10375,község,Borsod-Abaúj-Zemplén,055 0,Edelényi,Edelény,5,Bódvaszilas,402,24,35
Tornanádaska,18801,község,Borsod-Abaúj-Zemplén,055 0,Edelényi,Edelény,5,Bódvaszilas,783,807,124
Tornaszentandrás,27836,község,Borsod-Abaúj-Zemplén,055 0,Edelényi,Edelény,5,Bódvaszilas,1565,157,131
Tornaszentjakab,30517,község,Borsod-Abaúj-Zemplén,055 0,Edelényi,Edelény,5,Bódvaszilas,2822,208,126
Tornyiszentmiklós,32638,község,Zala,194 0,Lenti,Lenti,5,Lovászi,1856,455,302
Tornyosnémeti,29054,község,Borsod-Abaúj-Zemplén,057 0,Gönci,Gönc,5,Hidasnémeti,1406,513,258
Tornyospálca,16957,község,Szabolcs-Szatmár-Bereg,153 0,Kisvárdai,Kisvárda,2,[Helyben],4361,2221,944
Torony,29878,község,Vas,181 0,Szombathelyi,Szombathely,2,[Helyben],1283,1924,728
Torvaj,10153,község,Somogy,147 0,Tabi,Tab,5,Tab,1142,207,144
Tószeg,7490,község,Jász-Nagykun-Szolnok,167 0,Szolnoki,Szolnok,1,–,5917,4218,1819
Tótkomlós,16434,város,Békés,050 0,Orosházi,Orosháza,1,–,12505,5146,2855
Tótszentgyörgy,26994,község,Baranya,033 0,Szigetvári,Szigetvár,5,Nagydobsza,750,127,67
Tótszentmárton,16382,község,Zala,195 0,Letenyei,Letenye,5,Tótszerdahely,1017,675,312
Tótszerdahely,25113,község,Zala,195 0,Letenyei,Letenye,2,[Helyben],1229,1044,422
Tótújfalu,16407,község,Somogy,140 0,Barcsi,Barcs,5,Darány,1327,190,143
Tótvázsony,2714,község,Veszprém,191 0,Veszprémi,Veszprém,2,[Helyben],4251,1392,485
Tök,24527,község,Pest,123 0,Budakeszi,Budakeszi,5,Budajenő,2474,1591,489
Tököl,29823,város,Pest,136 0,Szigetszentmiklósi,Szigetszentmiklós,1,–,3849,11253,4210
Töltéstava,16674,község,Győr-Moson-Sopron,087 0,Győri,Győr,2,[Helyben],2317,2554,787
Tömörd,5166,község,Vas,178 0,Kőszegi,Kőszeg,5,Csepreg,1536,276,112
Tömörkény,25900,község,Csongrád-Csanád,070 0,Csongrádi,Csongrád,2,[Helyben],5391,1595,868
Törökbálint,6859,város,Pest,127 0,Érdi,Érd,1,–,2941,14948,5406
Törökkoppány,20093,község,Somogy,147 0,Tabi,Tab,2,[Helyben],2580,443,223
Törökszentmiklós,27313,város,Jász-Nagykun-Szolnok,169 1,Törökszentmiklósi,Törökszentmiklós,1,–,18516,18963,8980
Törtel,22008,község,Pest,124 0,Ceglédi,Cegléd,1,–,8416,4212,1816
Töttös,4136,község,Baranya,024 0,Bólyi,Bóly,5,Bóly,2299,540,244
Trizs,4914,község,Borsod-Abaúj-Zemplén,063 0,Putnoki,Putnok,5,Ragály,1025,158,103
Tunyogmatolcs,13213,község,Szabolcs-Szatmár-Bereg,150 0,Fehérgyarmati,Fehérgyarmat,2,[Helyben],2629,2295,924
Tura,9593,város,Pest,122 0,Aszódi,Aszód,1,–,5592,7701,3005
Túristvándi,13602,község,Szabolcs-Szatmár-Bereg,150 0,Fehérgyarmati,Fehérgyarmat,2,[Helyben],1522,643,249
Túrkeve,28228,város,Jász-Nagykun-Szolnok,166 0,Mezőtúri,Mezőtúr,1,–,23652,7663,3933
Túrony,18582,község,Baranya,031 0,Siklósi,Siklós,5,Nagyharsány,940,262,101
Túrricse,8998,község,Szabolcs-Szatmár-Bereg,150 0,Fehérgyarmati,Fehérgyarmat,5,Csaholc,1299,546,221
Tuzsér,9919,nagyközség,Szabolcs-Szatmár-Bereg,160 0,Záhonyi,Záhony,2,[Helyben],1552,3194,1007
Türje,12609,község,Zala,198 0,Zalaszentgróti,Zalaszentgrót,2,[Helyben],3823,1541,693
Tüskevár,4631,község,Veszprém,186 0,Devecseri,Devecser,2,[Helyben],1700,526,268
Tyukod,31398,nagyközség,Szabolcs-Szatmár-Bereg,149 0,Csengeri,Csenger,2,[Helyben],6218,1799,875
Udvar,4437,község,Baranya,027 0,Mohácsi,Mohács,5,Lánycsók,440,118,66
Udvari,21360,község,Tolna,174 0,Tamási,Tamási,5,Gyönk,1944,248,137
Ugod,24767,község,Veszprém,187 0,Pápai,Pápa,2,[Helyben],6278,1250,577
Újbarok,17482,község,Fejér,077 0,Bicskei,Bicske,5,Szár,149,485,201
Újcsanálos,12487,község,Borsod-Abaúj-Zemplén,061 0,Miskolci,Miskolc,5,Hernádkak,1220,715,314
Újdombrád,33659,község,Szabolcs-Szatmár-Bereg,153 0,Kisvárdai,Kisvárda,5,Dombrád,1078,605,211
Újfehértó,26611,város,Szabolcs-Szatmár-Bereg,157 0,Nyíregyházi,Nyíregyháza,1,–,14092,12129,4788
Újhartyán,6293,város,Pest,125 0,Dabasi,Dabas,1,–,2245,2914,1158
Újiráz,23393,község,Hajdú-Bihar,094 0,Berettyóújfalui,Berettyóújfalu,5,Komádi,1546,451,257
Újireg,20561,község,Tolna,174 0,Tamási,Tamási,5,Iregszemcse,1090,233,133
Újkenéz,10117,község,Szabolcs-Szatmár-Bereg,153 0,Kisvárdai,Kisvárda,5,Mezőladány,969,910,352
Újkér,19673,község,Győr-Moson-Sopron,091 0,Soproni,Sopron,5,Iván,3237,938,426
Újkígyós,2352,város,Békés,046 0,Békéscsabai,Békéscsaba,2,[Helyben],5492,4697,2207
Újlengyel,19682,község,Pest,125 0,Dabasi,Dabas,2,[Helyben],2625,1821,725
Újléta,20419,község,Hajdú-Bihar,101 0,Nyíradonyi,Nyíradony,5,Álmosd,3042,1006,415
Újlőrincfalva,27623,község,Heves,105 0,Füzesabonyi,Füzesabony,5,Poroszló,4808,189,126
Újpetre,6062,község,Baranya,031 0,Siklósi,Siklós,2,[Helyben],1671,973,381
Újrónafő,31839,község,Győr-Moson-Sopron,089 0,Mosonmagyaróvári,Mosonmagyaróvár,5,Jánossomorja,4864,836,328
Újsolt,8785,község,Bács-Kiskun,037 0,Kalocsai,Kalocsa,5,Solt,3298,159,117
Újszalonta,24350,község,Békés,051 0,Sarkadi,Sarkad,5,Kötegyán,2083,71,71
Újszász,15291,város,Jász-Nagykun-Szolnok,167 0,Szolnoki,Szolnok,1,–,5820,5858,2505
Újszentiván,14924,község,Csongrád-Csanád,075 0,Szegedi,Szeged,1,–,1549,1969,735
Újszentmargita,32568,község,Hajdú-Bihar,093 0,Balmazújvárosi,Balmazújváros,5,Tiszacsege,9622,1295,593
Újszilvás,17808,község,Pest,124 0,Ceglédi,Cegléd,1,–,3898,2635,1156
Újtelek,33604,község,Bács-Kiskun,037 0,Kalocsai,Kalocsa,5,Szakmár,956,342,253
Újtikos,11925,község,Hajdú-Bihar,099 0,Hajdúnánási,Hajdúnánás,5,Hajdúnánás,3529,737,387
Újudvar,32197,község,Zala,196 0,Nagykanizsai,Nagykanizsa,2,[Helyben],1631,891,370
Újvárfalva,7205,község,Somogy,143 0,Kaposvári,Kaposvár,5,Somogysárd,1222,227,127
Ukk,23010,község,Veszprém,188 0,Sümegi,Sümeg,5,Gógánfa,1387,278,151
Und,20792,község,Győr-Moson-Sopron,091 0,Soproni,Sopron,5,Sopronhorpács,679,331,166
Úny,27632,község,Komárom-Esztergom,110 0,Esztergomi,Esztergom,5,Dág,1158,711,323
Uppony,18351,község,Borsod-Abaúj-Zemplén,062 0,Ózdi,Ózd,5,Borsodbóta,1281,260,210
Ura,28981,község,Szabolcs-Szatmár-Bereg,149 0,Csengeri,Csenger,5,Tyukod,3234,496,263
Uraiújfalu,21537,község,Vas,179 0,Sárvári,Sárvár,2,[Helyben],1908,822,390
Úrhida,17622,község,Fejér,085 0,Székesfehérvári,Székesfehérvár,2,[Helyben],725,2710,980
Úri,28644,község,Pest,131 0,Nagykátai,Nagykáta,1,–,2219,2530,987
Úrkút,20853,község,Veszprém,183 0,Ajkai,Ajka,1,–,2013,1854,764
Uszka,31820,község,Szabolcs-Szatmár-Bereg,150 0,Fehérgyarmati,Fehérgyarmat,5,Tiszabecs,735,502,116
Uszód,16294,község,Bács-Kiskun,037 0,Kalocsai,Kalocsa,5,Géderlak,2446,816,466
Uzsa,34218,község,Veszprém,189 0,Tapolcai,Tapolca,5,Lesenceistvánd,1149,298,151
Üllés,21412,nagyközség,Csongrád-Csanád,074 0,Mórahalmi,Mórahalom,1,–,4993,3100,1480
Üllő,12894,város,Pest,139 0,Vecsési,Vecsés,1,–,4810,12693,4704
Üröm,11934,község,Pest,133 0,Pilisvörösvári,Pilisvörösvár,1,–,666,8347,3137
Vác,24934,város,Pest,138 1,Váci,Vác,1,–,6160,33871,15985
Vácduka,5917,község,Pest,138 0,Váci,Vác,2,[Helyben],840,1831,591
Vácegres,30331,község,Pest,122 0,Aszódi,Aszód,5,Galgamácsa,1367,887,304
Váchartyán,19886,község,Pest,138 0,Váci,Vác,5,Rád,1211,1747,678
Váckisújfalu,5698,község,Pest,138 0,Váci,Vác,5,Püspökhatvan,1070,476,173
Vácrátót,17668,község,Pest,138 0,Váci,Vác,5,Sződliget,1809,2625,940
Vácszentlászló,9104,község,Pest,128 0,Gödöllői,Gödöllő,1,–,2987,2190,802
Vadna,7223,község,Borsod-Abaúj-Zemplén,058 0,Kazincbarcikai,Kazincbarcika,5,Szuhakálló,787,614,267
Vadosfa,6239,község,Győr-Moson-Sopron,088 0,Kapuvári,Kapuvár,5,Mihályi,419,89,45
Vág,2237,község,Győr-Moson-Sopron,086 0,Csornai,Csorna,5,Szil,1406,485,291
Vágáshuta,29151,község,Borsod-Abaúj-Zemplén,065 0,Sátoraljaújhelyi,Sátoraljaújhely,5,Mikóháza,205,96,114
Vaja,18591,város,Szabolcs-Szatmár-Bereg,154 0,Mátészalkai,Mátészalka,1,–,2861,3368,1177
Vajdácska,30003,község,Borsod-Abaúj-Zemplén,064 0,Sárospataki,Sárospatak,2,[Helyben],2277,1161,461
Vajszló,28538,nagyközség,Baranya,030 0,Sellyei,Sellye,2,[Helyben],1771,1568,698
Vajta,2459,község,Fejér,084 0,Sárbogárdi,Sárbogárd,5,Cece,2343,774,388
Vál,5829,község,Fejér,081 0,Martonvásári,Martonvásár,2,[Helyben],4048,2660,992
Valkó,17598,nagyközség,Pest,128 0,Gödöllői,Gödöllő,1,–,3759,2564,872
Valkonya,26268,község,Zala,195 0,Letenyei,Letenye,5,Becsehely,755,59,41
Vállaj,6938,község,Szabolcs-Szatmár-Bereg,154 0,Mátészalkai,Mátészalka,5,Fábiánháza,2227,904,440
Vállus,10685,község,Zala,193 0,Keszthelyi,Keszthely,5,Gyenesdiás,2180,97,65
Vámosatya,27322,község,Szabolcs-Szatmár-Bereg,159 0,Vásárosnaményi,Vásárosnamény,5,Csaroda,2412,527,239
Vámoscsalád,31051,község,Vas,179 0,Sárvári,Sárvár,5,Uraiújfalu,1178,273,154
Vámosgyörk,14580,község,Heves,106 0,Gyöngyösi,Gyöngyös,2,[Helyben],2182,1857,775
Vámosmikola,10737,község,Pest,137 0,Szobi,Szob,5,Kemence,2527,1493,659
Vámosoroszi,8934,község,Szabolcs-Szatmár-Bereg,150 0,Fehérgyarmati,Fehérgyarmat,5,Csaholc,1315,438,175
Vámospércs,8989,város,Hajdú-Bihar,101 0,Nyíradonyi,Nyíradony,1,–,5819,5086,2063
Vámosújfalu,15149,község,Borsod-Abaúj-Zemplén,064 0,Sárospataki,Sárospatak,5,Tolcsva,1064,680,323
Vámosszabadi,12405,község,Győr-Moson-Sopron,087 0,Győri,Győr,1,–,2237,3093,1377
Váncsod,16762,község,Hajdú-Bihar,094 0,Berettyóújfalui,Berettyóújfalu,2,[Helyben],3443,993,517
Vanyarc,30915,község,Nógrád,118 0,Pásztói,Pásztó,2,[Helyben],3223,1105,499
Vanyola,21777,község,Veszprém,187 0,Pápai,Pápa,5,Pápateszér,1951,495,254
Várad,8138,község,Baranya,033 0,Szigetvári,Szigetvár,5,Kétújfalu,793,158,43
Váralja,32850,község,Tolna,170 0,Bonyhádi,Bonyhád,5,Bonyhád,2113,748,359
Varászló,9274,község,Somogy,144 0,Marcali,Marcali,5,Nagyszakácsi,1276,124,93
Váraszó,27012,község,Heves,109 0,Pétervásárai,Pétervására,5,Pétervására,2705,498,227
Várbalog,18412,község,Győr-Moson-Sopron,089 0,Mosonmagyaróvári,Mosonmagyaróvár,5,Jánossomorja,2270,425,258
Varbó,21810,község,Borsod-Abaúj-Zemplén,061 0,Miskolci,Miskolc,2,[Helyben],2588,1013,419
Varbóc,10144,község,Borsod-Abaúj-Zemplén,055 0,Edelényi,Edelény,5,Perkupa,1010,50,59
Várda,26781,község,Somogy,143 0,Kaposvári,Kaposvár,5,Juta,1036,395,184
Várdomb,9414,község,Tolna,173 0,Szekszárdi,Szekszárd,5,Őcsény,956,1051,441
Várfölde,2529,község,Zala,195 0,Letenyei,Letenye,5,Bánokszentgyörgy,1487,172,98
Varga,28529,község,Baranya,025 0,Hegyháti,Sásd,5,Sásd,836,87,50
Várgesztes,17251,község,Komárom-Esztergom,115 0,Tatabányai,Tatabánya,5,Vértessomló,1204,641,264
Várkesző,26204,község,Veszprém,187 0,Pápai,Pápa,5,Csót,641,144,110
Várong,29124,község,Tolna,171 0,Dombóvári,Dombóvár,5,Dombóvár,663,108,87
Városföld,10667,község,Bács-Kiskun,038 0,Kecskeméti,Kecskemét,1,–,6165,2136,852
Városlőd,7065,község,Veszprém,183 0,Ajkai,Ajka,2,[Helyben],2227,1222,532
Várpalota,11439,város,Veszprém,190 1,Várpalotai,Várpalota,1,–,7726,19265,8886
Varsád,6637,község,Tolna,174 0,Tamási,Tamási,5,Gyönk,2156,339,174
Varsány,29498,község,Nógrád,121 0,Szécsényi,Szécsény,2,[Helyben],2558,1480,630
Várvölgy,14182,község,Zala,193 0,Keszthelyi,Keszthely,5,Zalaszántó,2504,920,457
Vasad,22585,község,Pest,130 0,Monori,Monor,1,–,3341,1975,802
Vasalja,2884,község,Vas,177 0,Körmendi,Körmend,2,[Helyben],1124,284,150
Vásárosbéc,24952,község,Baranya,033 0,Szigetvári,Szigetvár,5,Mozsgó,2401,171,91
Vásárosdombó,2264,község,Baranya,025 0,Hegyháti,Sásd,2,[Helyben],1174,989,380
Vásárosfalu,17880,község,Győr-Moson-Sopron,088 0,Kapuvári,Kapuvár,5,Beled,420,154,70
Vásárosmiske,9195,község,Vas,179 0,Sárvári,Sárvár,5,Gérce,1342,344,189
Vásárosnamény,18324,város,Szabolcs-Szatmár-Bereg,159 1,Vásárosnaményi,Vásárosnamény,2,[Helyben],6568,7711,3425
Vasasszonyfa,20394,község,Vas,181 0,Szombathelyi,Szombathely,5,Söpte,1065,441,164
Vasboldogasszony,10302,község,Zala,197 0,Zalaegerszegi,Zalaegerszeg,5,Nagypáli,1175,528,203
Vasegerszeg,15334,község,Vas,179 0,Sárvári,Sárvár,5,Uraiújfalu,1272,337,143
Vashosszúfalu,20349,község,Vas,179 0,Sárvári,Sárvár,5,Gérce,1392,349,200
Vaskeresztes,30702,község,Vas,181 0,Szombathelyi,Szombathely,5,Pornóapáti,912,323,148
Vaskút,28343,nagyközség,Bács-Kiskun,035 0,Bajai,Baja,2,[Helyben],7149,3058,1370
Vasmegyer,27100,község,Szabolcs-Szatmár-Bereg,152 0,Kemecsei,Kemecse,5,Kemecse,2274,1669,555
Vaspör,14322,község,Zala,197 0,Zalaegerszegi,Zalaegerszeg,5,Bagod,1345,340,204
Vassurány,25982,község,Vas,181 0,Szombathelyi,Szombathely,5,Söpte,1009,693,270
Vasvár,4695,város,Vas,182 1,Vasvári,Vasvár,1,–,5510,3881,1918
Vaszar,26648,község,Veszprém,187 0,Pápai,Pápa,2,[Helyben],3369,1504,652
Vászoly,16656,község,Veszprém,185 0,Balatonfüredi,Balatonfüred,5,Balatonfüred,854,290,130
Vasszécseny,29373,község,Vas,181 0,Szombathelyi,Szombathely,2,[Helyben],1795,1278,493
Vasszentmihály,11633,község,Vas,180 0,Szentgotthárdi,Szentgotthárd,5,Rátót,641,341,167
Vasszilvágy,12104,község,Vas,181 0,Szombathelyi,Szombathely,5,Söpte,1180,371,166
Vát,2246,község,Vas,181 0,Szombathelyi,Szombathely,5,Nemesbőd,2327,634,254
Vatta,30076,község,Borsod-Abaúj-Zemplén,060 0,Mezőkövesdi,Mezőkövesd,5,Bükkábrány,2334,823,364
Vázsnok,7074,község,Baranya,025 0,Hegyháti,Sásd,5,Sásd,475,121,65
Vécs,5759,község,Heves,106 0,Gyöngyösi,Gyöngyös,5,Domoszló,2566,551,371
Vecsés,26815,város,Pest,139 1,Vecsési,Vecsés,1,–,3617,21379,8474
Végegyháza,31228,község,Békés,049 0,Mezőkovácsházai,Mezőkovácsháza,5,Kaszaper,2894,1113,694
Vejti,18519,község,Baranya,030 0,Sellyei,Sellye,5,Vajszló,976,151,80
Vékény,24402,község,Baranya,026 0,Komlói,Komló,5,Szászvár,936,134,62
Vekerd,11138,község,Hajdú-Bihar,094 0,Berettyóújfalui,Berettyóújfalu,5,Furta,741,105,93
Velem,26000,község,Vas,178 0,Kőszegi,Kőszeg,5,Kőszeg,861,392,211
Velemér,18430,község,Vas,177 0,Körmendi,Körmend,5,Őriszentpéter,955,71,57
Velence,25016,város,Fejér,080 0,Gárdonyi,Gárdony,1,–,3337,7906,3691
Velény,22071,község,Baranya,032 0,Szentlőrinci,Szentlőrinc,5,Királyegyháza,709,149,63
Véménd,20279,község,Baranya,027 0,Mohácsi,Mohács,5,Palotabozsok,3181,1144,572
Vének,5014,község,Győr-Moson-Sopron,087 0,Győri,Győr,5,Kisbajcs,716,192,91
Vép,26426,város,Vas,181 0,Szombathelyi,Szombathely,2,[Helyben],3289,3210,1208
Vereb,3498,község,Fejér,080 0,Gárdonyi,Gárdony,5,Kápolnásnyék,2232,829,321
Veresegyház,18342,város,Pest,128 0,Gödöllői,Gödöllő,1,–,2868,21129,7903
Verőce,33729,község,Pest,137 0,Szobi,Szob,1,–,2033,4146,1675
Verpelét,24147,város,Heves,104 0,Egri,Eger,2,[Helyben],5318,3653,1552
Verseg,22488,község,Pest,122 0,Aszódi,Aszód,5,Kartal,2957,1248,516
Versend,19725,község,Baranya,024 0,Bólyi,Bóly,5,Babarc,1413,877,294
Vértesacsa,2750,község,Fejér,077 0,Bicskei,Bicske,5,Felcsút,3619,1773,712
Vértesboglár,13897,község,Fejér,077 0,Bicskei,Bicske,5,Csákvár,2321,904,366
Vérteskethely,32586,község,Komárom-Esztergom,111 0,Kisbéri,Kisbér,5,Tárkány,1746,552,244
Vértessomló,15282,község,Komárom-Esztergom,115 0,Tatabányai,Tatabánya,2,[Helyben],2230,1412,588
Vértestolna,29629,község,Komárom-Esztergom,114 0,Tatai,Tata,5,Tardos,1695,583,269
Vértesszőlős,31264,község,Komárom-Esztergom,115 0,Tatabányai,Tatabánya,1,–,1712,3632,1434
Vése,8183,község,Somogy,144 0,Marcali,Marcali,5,Nagyszakácsi,4292,648,316
Veszkény,4589,község,Győr-Moson-Sopron,088 0,Kapuvári,Kapuvár,5,Osli,1035,1008,423
Veszprém,11767,"megyeszékhely, megyei jogú város",Veszprém,191 1,Veszprémi,Veszprém,2,[Helyben],12692,55118,27698
Veszprémfajsz,21430,község,Veszprém,191 0,Veszprémi,Veszprém,5,Nemesvámos,1174,251,94
Veszprémgalsa,19336,község,Veszprém,188 0,Sümegi,Sümeg,5,Csabrendek,871,264,136
Veszprémvarsány,22691,község,Győr-Moson-Sopron,090 0,Pannonhalmi,Pannonhalma,5,Écs,2118,976,419
Vésztő,29531,város,Békés,053 0,Szeghalmi,Szeghalom,2,[Helyben],12570,5992,2866
Vezseny,21157,község,Jász-Nagykun-Szolnok,167 0,Szolnoki,Szolnok,5,Tiszajenő,2517,578,341
Vid,9502,község,Veszprém,186 0,Devecseri,Devecser,5,Tüskevár,317,97,63
Vigántpetend,9733,község,Veszprém,189 0,Tapolcai,Tapolca,5,Monostorapáti,1117,221,109
Villány,28024,város,Baranya,031 0,Siklósi,Siklós,2,[Helyben],2202,1989,960
Villánykövesd,5209,község,Baranya,031 0,Siklósi,Siklós,5,Villány,749,205,116
Vilmány,11581,község,Borsod-Abaúj-Zemplén,057 0,Gönci,Gönc,2,[Helyben],1251,1389,398
Vilonya,15705,község,Veszprém,190 0,Várpalotai,Várpalota,5,Berhida,1350,664,254
Vilyvitány,12982,község,Borsod-Abaúj-Zemplén,065 0,Sátoraljaújhelyi,Sátoraljaújhely,5,Mikóháza,1312,279,162
Vinár,24651,község,Veszprém,187 0,Pápai,Pápa,5,Nemesszalók,459,196,90
Vindornyafok,32142,község,Zala,193 0,Keszthelyi,Keszthely,5,Karmacs,350,117,68
Vindornyalak,6549,község,Zala,193 0,Keszthelyi,Keszthely,5,Zalaszántó,451,89,53
Vindornyaszőlős,11800,község,Zala,193 0,Keszthelyi,Keszthely,5,Karmacs,1055,333,168
Visegrád,28413,város,Pest,135 0,Szentendrei,Szentendre,1,–,3327,1775,772
Visnye,19017,község,Somogy,143 0,Kaposvári,Kaposvár,5,Mike,2438,223,107
Visonta,31246,község,Heves,106 0,Gyöngyösi,Gyöngyös,2,[Helyben],2529,1179,514
Viss,5096,község,Borsod-Abaúj-Zemplén,064 0,Sárospataki,Sárospatak,5,Kenézlő,1391,463,279
Visz,6877,község,Somogy,142 0,Fonyódi,Fonyód,5,Látrány,602,158,97
Viszák,7940,község,Vas,177 0,Körmendi,Körmend,5,Ivánc,1013,255,111
Viszló,3957,község,Borsod-Abaúj-Zemplén,055 0,Edelényi,Edelény,5,Szalonna,1110,60,61
Visznek,3513,község,Heves,106 0,Gyöngyösi,Gyöngyös,5,Vámosgyörk,2273,1095,528
Vitnyéd,25797,község,Győr-Moson-Sopron,088 0,Kapuvári,Kapuvár,2,[Helyben],3225,1461,559
Vízvár,29780,község,Somogy,140 0,Barcsi,Barcs,5,Csokonyavisonta,3224,419,322
Vizslás,10320,község,Nógrád,120 0,Salgótarjáni,Salgótarján,5,Mátraszele,1012,1163,538
Vizsoly,21087,község,Borsod-Abaúj-Zemplén,057 0,Gönci,Gönc,5,Abaújkér,1840,878,309
Vokány,5892,község,Baranya,031 0,Siklósi,Siklós,5,Újpetre,1709,763,341
Vonyarcvashegy,12919,nagyközség,Zala,193 0,Keszthelyi,Keszthely,2,[Helyben],1429,2471,1549
Vöckönd,8369,község,Zala,197 0,Zalaegerszegi,Zalaegerszeg,5,Pókaszepetk,279,103,45
Völcsej,16319,község,Győr-Moson-Sopron,091 0,Soproni,Sopron,5,Lövő,932,393,174
Vönöck,3142,község,Vas,176 0,Celldömölki,Celldömölk,5,Kenyeri,1760,636,334
Vöröstó,11703,község,Veszprém,191 0,Veszprémi,Veszprém,5,Tótvázsony,619,120,43
Vörs,9645,község,Somogy,144 0,Marcali,Marcali,5,Balatonszentgyörgy,2265,452,273
Zabar,21661,község,Nógrád,120 0,Salgótarjáni,Salgótarján,5,Somoskőújfalu,1817,460,220
Zádor,17747,község,Baranya,033 0,Szigetvári,Szigetvár,5,Kétújfalu,1522,282,132
Zádorfalva,3063,község,Borsod-Abaúj-Zemplén,063 0,Putnoki,Putnok,5,Királd,1375,440,162
Zagyvarékas,14836,község,Jász-Nagykun-Szolnok,167 0,Szolnoki,Szolnok,1,–,3171,3554,1450
Zagyvaszántó,21722,község,Heves,107 0,Hatvani,Hatvan,5,Rózsaszentmárton,952,1831,782
Záhony,16203,város,Szabolcs-Szatmár-Bereg,160 1,Záhonyi,Záhony,2,[Helyben],694,3650,1830
Zajk,24590,község,Zala,195 0,Letenyei,Letenye,5,Letenye,1239,196,98
Zajta,6275,község,Szabolcs-Szatmár-Bereg,150 0,Fehérgyarmati,Fehérgyarmat,5,Rozsály,918,352,148
Zákány,14623,község,Somogy,141 0,Csurgói,Csurgó,2,[Helyben],869,1064,561
Zákányfalu,34403,község,Somogy,141 0,Csurgói,Csurgó,5,Zákány,709,375,234
Zákányszék,5546,község,Csongrád-Csanád,074 0,Mórahalmi,Mórahalom,1,–,6609,2653,1393
Zala,11466,község,Somogy,147 0,Tabi,Tab,5,Tab,924,233,124
Zalaapáti,17400,község,Zala,193 0,Keszthelyi,Keszthely,2,[Helyben],2342,1649,603
Zalabaksa,7579,község,Zala,194 0,Lenti,Lenti,2,[Helyben],1611,596,266
Zalabér,24280,község,Zala,198 0,Zalaszentgróti,Zalaszentgrót,5,Kehidakustány,1278,671,337
Zalaboldogfa,28495,község,Zala,197 0,Zalaegerszegi,Zalaegerszeg,5,Zalaszentgyörgy,1147,368,150
Zalacsány,4002,község,Zala,193 0,Keszthelyi,Keszthely,2,[Helyben],1607,1026,519
Zalacséb,2486,község,Zala,197 0,Zalaegerszegi,Zalaegerszeg,5,Zalaszentgyörgy,963,455,198
Zalaegerszeg,32054,"megyeszékhely, megyei jogú város",Zala,197 1,Zalaegerszegi,Zalaegerszeg,1,–,10246,53960,27954
Zalaerdőd,29993,község,Veszprém,188 0,Sümegi,Sümeg,5,Gógánfa,1768,243,165
Zalagyömörő,27207,község,Veszprém,188 0,Sümegi,Sümeg,5,Gógánfa,1111,410,190
Zalahaláp,12654,község,Veszprém,189 0,Tapolcai,Tapolca,5,Lesenceistvánd,2414,1168,494
Zalaháshágy,23834,község,Zala,197 0,Zalaegerszegi,Zalaegerszeg,5,Zalaszentgyörgy,1213,352,163
Zalaigrice,16896,község,Zala,197 0,Zalaegerszegi,Zalaegerszeg,5,Pacsa,773,88,63
Zalaistvánd,12496,község,Zala,197 0,Zalaegerszegi,Zalaegerszeg,5,Pókaszepetk,1080,338,158
Zalakaros,11785,város,Zala,196 0,Nagykanizsai,Nagykanizsa,2,[Helyben],1717,2375,1226
Zalakomár,10348,nagyközség,Zala,196 0,Nagykanizsai,Nagykanizsa,2,[Helyben],5488,2805,1046
Zalaköveskút,18768,község,Zala,193 0,Keszthelyi,Keszthely,5,Zalacsány,227,38,28
Zalalövő,30313,város,Zala,197 0,Zalaegerszegi,Zalaegerszeg,2,[Helyben],5264,2698,1236
Zalameggyes,33039,község,Veszprém,188 0,Sümegi,Sümeg,5,Gógánfa,256,62,38
Zalamerenye,31617,község,Zala,196 0,Nagykanizsai,Nagykanizsa,5,Zalakaros,1399,196,140
Zalasárszeg,2972,község,Zala,196 0,Nagykanizsai,Nagykanizsa,5,Zalakomár,304,132,66
Zalaszabar,22947,község,Zala,196 0,Nagykanizsai,Nagykanizsa,5,Garabonc,1695,491,263
Zalaszántó,33288,község,Zala,193 0,Keszthelyi,Keszthely,2,[Helyben],3773,920,539
Zalaszegvár,23597,község,Veszprém,188 0,Sümegi,Sümeg,5,Csabrendek,684,138,71
Zalaszentbalázs,18564,község,Zala,196 0,Nagykanizsai,Nagykanizsa,5,Hahót,2099,808,346
Zalaszentgrót,32522,város,Zala,198 1,Zalaszentgróti,Zalaszentgrót,2,[Helyben],7465,5665,2899
Zalaszentgyörgy,33136,község,Zala,197 0,Zalaegerszegi,Zalaegerszeg,2,[Helyben],983,403,153
Zalaszentiván,2608,község,Zala,197 0,Zalaegerszegi,Zalaegerszeg,5,Pókaszepetk,1310,1015,414
Zalaszentjakab,18096,község,Zala,196 0,Nagykanizsai,Nagykanizsa,5,Galambok,701,291,150
Zalaszentlászló,7232,község,Zala,198 0,Zalaszentgróti,Zalaszentgrót,5,Türje,1966,737,377
Zalaszentlőrinc,13301,község,Zala,197 0,Zalaegerszegi,Zalaegerszeg,5,Pókaszepetk,489,256,124
Zalaszentmárton,13091,község,Zala,193 0,Keszthelyi,Keszthely,5,Zalaapáti,498,62,53
Zalaszentmihály,18449,község,Zala,197 0,Zalaegerszegi,Zalaegerszeg,2,[Helyben],2084,936,457
Zalaszombatfa,27562,község,Zala,194 0,Lenti,Lenti,5,Rédics,589,36,39
Zaláta,25122,község,Baranya,030 0,Sellyei,Sellye,5,Csányoszró,2183,195,131
Zalatárnok,29683,község,Zala,197 0,Zalaegerszegi,Zalaegerszeg,5,Söjtör,2595,612,339
Zalaújlak,9380,község,Zala,196 0,Nagykanizsai,Nagykanizsa,5,Nagyrécse,965,102,86
Zalavár,13736,község,Zala,193 0,Keszthelyi,Keszthely,5,Alsópáhok,3106,841,409
Zalavég,17057,község,Zala,198 0,Zalaszentgróti,Zalaszentgrót,5,Zalaszentgrót,1211,322,200
Zalkod,15617,község,Borsod-Abaúj-Zemplén,064 0,Sárospataki,Sárospatak,5,Kenézlő,1020,178,134
Zamárdi,6008,város,Somogy,146 0,Siófoki,Siófok,1,–,4515,2708,2146
Zámoly,30243,község,Fejér,085 0,Székesfehérvári,Székesfehérvár,2,[Helyben],4850,2235,850
Zánka,20826,község,Veszprém,185 0,Balatonfüredi,Balatonfüred,2,[Helyben],1956,980,529
Zaránk,23445,község,Heves,108 0,Hevesi,Heves,5,Tarnaméra,1453,452,293
Závod,14304,község,Tolna,170 0,Bonyhádi,Bonyhád,5,Tevel,1291,258,141
Zebecke,3726,község,Zala,194 0,Lenti,Lenti,5,Csömödér,445,62,45
Zebegény,14960,község,Pest,137 0,Szobi,Szob,5,Márianosztra,963,1307,592
Zemplénagárd,31608,község,Borsod-Abaúj-Zemplén,054 0,Cigándi,Cigánd,5,Ricse,2909,541,345
Zengővárkony,15848,község,Baranya,029 0,Pécsváradi,Pécsvárad,5,Pécsvárad,1671,413,171
Zichyújfalu,34263,község,Fejér,080 0,Gárdonyi,Gárdony,5,Sukoró,1082,822,280
Zics,33057,község,Somogy,147 0,Tabi,Tab,5,Tab,1501,337,156
Ziliz,19275,község,Borsod-Abaúj-Zemplén,055 0,Edelényi,Edelény,5,Boldva,926,359,129
Zimány,27614,község,Somogy,143 0,Kaposvári,Kaposvár,5,Magyaratád,1297,525,185
Zirc,26499,város,Veszprém,192 1,Zirci,Zirc,2,[Helyben],3740,6371,2788
Zók,12201,község,Baranya,032 0,Szentlőrinci,Szentlőrinc,5,Bicsérd,893,242,114
Zomba,21625,község,Tolna,170 0,Bonyhádi,Bonyhád,2,[Helyben],5729,1790,822
Zubogy,19105,község,Borsod-Abaúj-Zemplén,063 0,Putnoki,Putnok,5,Ragály,1143,442,222
Zsadány,6257,község,Békés,051 0,Sarkadi,Sarkad,2,[Helyben],6584,1485,705
Zsáka,4817,nagyközség,Hajdú-Bihar,094 0,Berettyóújfalui,Berettyóújfalu,2,[Helyben],7879,1388,681
Zsámbék,25034,város,Pest,123 0,Budakeszi,Budakeszi,1,–,3366,5866,1962
Zsámbok,22035,község,Pest,128 0,Gödöllői,Gödöllő,1,–,2335,2362,995
Zsana,15158,község,Bács-Kiskun,041 0,Kiskunhalasi,Kiskunhalas,5,Balotaszállás,8794,647,405
Zsarolyán,28750,község,Szabolcs-Szatmár-Bereg,150 0,Fehérgyarmati,Fehérgyarmat,5,Nagyszekeres,639,346,153
Zsebeháza,16869,község,Győr-Moson-Sopron,086 0,Csornai,Csorna,5,Szil,465,126,65
Zsédeny,21643,község,Vas,179 0,Sárvári,Sárvár,5,Rábapaty,643,217,101
Zselickisfalud,26842,község,Somogy,143 0,Kaposvári,Kaposvár,5,Simonfa,2608,198,112
Zselickislak,24110,község,Somogy,143 0,Kaposvári,Kaposvár,5,Simonfa,1039,453,182
Zselicszentpál,17491,község,Somogy,143 0,Kaposvári,Kaposvár,5,Simonfa,1035,438,164
Zsennye,12292,község,Vas,181 0,Szombathelyi,Szombathely,5,Vasszécseny,502,106,56
Zsira,4622,község,Győr-Moson-Sopron,091 0,Soproni,Sopron,5,Sopronhorpács,1467,813,316
Zsombó,17765,nagyközség,Csongrád-Csanád,074 0,Mórahalmi,Mórahalom,1,–,2689,3417,1468
Zsujta,11022,község,Borsod-Abaúj-Zemplén,057 0,Gönci,Gönc,5,Hidasnémeti,673,243,91
Zsurk,13037,község,Szabolcs-Szatmár-Bereg,160 0,Záhonyi,Záhony,5,Záhony,1519,578,280
Összesen,,,,,,,,,9302522,9539502,4615584
