Százhalombatta 993 980 1224 1392 1751 1665 1717 1782 1717 2134 7993 5406 15330 16420 17830
Diósd 787 862 857 808 896 986 1047 1083 1160 1510 2200 2174 3462 5696 8484
Tárnok 1745 2038 2211 2284 2435 2482 2648 3719 3670 4163 4980 5001 5676 7519 8545
Érd 3027 3188 3343 3480 3953 3990 5632 14523 16444 23047 31059 30453 42988 55955 61415
Pusztazámor 450 487 584 532 579 622 675 618 582 695 697 699 709 958 1133
Sóskút 1850 2163 2317 2380 2651 2630 2565 2517 2208 2526 2610 2650 2371 2807 2961
Biatorbágy 2974 3296 3885 3940 4620 4847 5587 6049 5830 6637 7287 7270 7091 8203 11775
Törökbálint 1980 2204 2518 2917 3676 3837 4607 5295 5007 6892 8686 8126 8938 10978 12210
Budaörs 3449 4376 5281 6104 7395 7957 9006 9814 7639 11666 14160 13385 18946 23893 26129
Budakeszi 2909 3350 3635 4215 5030 4856 5800 6979 6090 9169 10227 9764 11219 12563 13033
Herceghalom 136 153 188 255 320 362 292 234 226 527 732 735 1148 1344 2051
Páty 2254 2317 2375 2514 2636 2538 2620 2729 2631 2986 3421 3417 4052 5240 6624
Telki 172 213 258 301 279 305 285 306 300 302 341 334 624 1865 3525
Bugyi 2393 2292 2724 3188 3269 3336 3435 4078 4220 4705 5412 5356 4974 5092 5004
Alsónémedi 2597 2782 2992 3537 3555 3683 3804 4554 4300 4546 4941 4911 4566 4749 4940
Ócsa 2450 2692 3247 3657 4296 5069 6016 6153 6227 7351 8519 8154 7902 8636 8859
Mogyoród 1222 1357 1544 1785 1973 2149 2389 2557 2626 2980 3227 3225 3292 4687 6046
Fót 2176 2307 2818 3530 4084 4437 5737 7303 7534 8542 10892 10914 12692 16092 18089
Dunakeszi 1204 1394 1529 2837 4811 6133 8415 11232 11029 14275 19334 18022 25607 28977 38653
Göd 402 536 902 1109 2195 2837 4882 7059 7834 10081 12055 11916 12386 15157 16828
Zsámbék 3486 3788 4174 3998 4215 4323 4437 4525 2606 2826 3122 3019 3569 4392 5036
Tök 1468 1499 1531 1311 1276 1379 1299 1291 1262 1349 1353 1391 1188 1330 1317
Perbál 1353 1433 1595 1778 1815 1909 2023 2066 1403 1656 1719 1693 1903 1984 2005
Tinnye 1248 1193 1215 1234 1192 1265 1289 1227 1094 1210 1217 1226 1132 1290 1573
Pilisjászfalu 30 29 29 30 66 70 107 227 282 501 627 626 718 986 1561
Piliscsaba 1309 1344 1501 1968 2447 3189 3202 3998 4789 4005 4109 4125 4260 5886 7577
Pilisszántó 1266 1239 1384 1565 1717 1688 1883 1799 1408 1783 1819 1838 1875 2126 2743
Üröm 700 838 1000 1167 1328 1363 1616 1927 1570 2232 3242 3052 3405 4459 6904
Pilisvörösvár 2533 2668 3048 3659 5584 6069 7815 8392 8123 9627 10217 10252 11103 12421 13401
Pilisszentiván 628 648 808 1222 2277 2173 2810 2286 2496 2974 3240 3232 3430 3967 4143
Solymár 1428 1489 1820 2337 2916 2911 3427 3793 3145 3617 4014 3942 5885 8855 9652
Nagykovácsi 1386 1502 1803 2012 2226 2240 2527 2758 1887 2374 2637 2582 3174 4736 6499
Szigetmonostor 1111 1124 1182 1273 1262 1194 1358 1458 1373 1535 1382 1385 1214 1561 2281
Budakalász 1700 1771 1686 2060 2546 2561 3085 3668 3543 4696 6644 6126 7366 9439 10044
Pomáz 3247 3292 3397 3830 4354 4815 5083 5725 5445 7679 9170 8735 12168 13923 15981
Szentendre 4683 4229 4260 4822 5673 5877 7210 9651 9283 10466 12859 12303 18609 21952 24267
Tahitótfalu 2403 2374 2250 2277 2246 2312 2353 2467 2434 2898 3077 3089 3422 4461 5265
Kisoroszi 881 912 1002 1070 1095 1028 1053 1055 970 1095 998 977 578 742 959
Pócsmegyer 694 603 693 778 769 725 758 778 748 824 783 772 667 1082 1819
Leányfalu 427 370 426 478 502 580 601 757 904 1356 1445 1370 1405 2368 3333
Dunabogdány 2466 2628 2802 3231 3351 3028 3095 2951 2636 2883 2897 2931 2707 2907 3017
Visegrád 1244 1331 1250 1508 1506 1594 1720 1670 1683 2112 1932 1738 1615 1673 1697
Pilisszentlászló 494 560 591 700 795 747 981 1122 805 926 952 960 795 964 1111
Pilisszentkereszt 880 846 952 1049 1150 1174 1339 1450 1295 1820 2157 1687 1896 2119 2230
Csobánka 1436 1460 1667 1692 1820 1679 1924 2013 1304 1622 1877 1830 1827 2800 3061
Szigetszentmiklós 2376 2472 2707 3196 3707 4322 4660 5284 5865 10420 13521 13048 19300 23093 33035
Halásztelek 67 56 68 95 208 250 168 114 1401 2206 4418 3869 5805 6900 8752
Tököl 1845 1565 1897 2637 3264 3339 4219 5503 3941 4660 5757 5740 6154 8656 9734
Szigethalom 51 43 52 73 136 429 991 1105 1747 2826 6016 5744 9031 11930 16546
Szigetcsép 949 977 1030 1215 1619 1664 1576 1623 1624 1939 2403 2233 2071 2315 2263
Szigetújfalu 1097 1173 1347 1566 1781 1778 1636 1630 1425 1830 2018 2048 2045 2051 2016
Szigetszentmárton 624 658 666 825 1048 1053 1031 1069 1049 1430 1575 1543 1509 1824 2125
Ráckeve 5672 5463 5861 6498 6881 6551 6565 6701 6893 7456 7534 7552 8071 8665 9881
Szigetbecse 636 719 785 809 956 981 1044 1045 1129 1204 1248 1238 1310 1319 1358
Lórév 620 585 619 656 692 632 506 450 448 406 400 397 322 303 291
Makád 1497 1592 1641 1595 1538 1473 1486 1429 1539 1494 1391 1403 1261 1261 1249
Dunaharaszti 1748 1803 2075 2367 3861 5921 8040 10018 10133 12474 15788 15514 14987 16411 19755
Taksony 1650 1817 2139 2668 2916 3047 3438 5092 3908 4178 4752 4776 5158 5816 6010
Dunavarsány 176 193 228 284 611 1032 1932 1006 2691 3372 4500 4354 4963 5649 7151
Délegyháza 235 254 287 330 395 477 493 591 1084 1307 1518 1524 1753 2402 3268
Majosháza 469 478 465 621 745 780 750 766 765 858 940 908 982 1201 1476
Áporka 889 863 862 917 975 988 1051 1119 1150 1084 1128 1108 995 1140 1134
Kiskunlacháza 5285 5600 6084 6766 7580 7552 7562 7962 7869 8106 8275 8299 7953 8561 8879
Dömsöd 4369 4350 4582 4761 4915 5096 5533 5482 5877 5585 5527 5578 5448 5621 5783
Apaj 207 133 143 146 386 501 477 431 658 947 1018 1037 1151 1279 1262
Sellye 1558 1566 1652 1840 2097 2023 2164 2058 2240 2499 2804 2801 3293 3220 2849
Helesfa 588 594 639 640 590 574 654 605 552 564 515 529 567 550 518
Szava 573 607 610 545 538 464 546 514 596 577 479 502 377 357 354
Pócsa 360 372 412 395 413 426 371 381 419 336 305 311 192 188 183
Nagybudmér 510 490 571 526 549 508 450 490 509 370 353 354 271 258 196
Gerényes 690 696 713 728 701 685 643 604 538 479 421 418 292 267 241
Sátorhely 588 448 620 668 742 834 859 813 377 943 800 801 687 715 657
Drávacsehi 426 413 359 387 354 329 402 423 339 327 288 291 234 254 233
Gödre 1363 1475 1567 1671 1919 1917 2076 2077 1967 1763 1708 1740 1123 1002 947
Királyegyháza 1313 1264 1357 1380 1347 1190 1254 1195 1289 1303 1209 1201 1012 1039 993
Zádor 790 774 714 751 603 588 657 643 685 597 548 539 423 395 327
Drávapalkonya 687 644 625 716 640 507 497 519 460 437 444 442 327 277 286
Okorág 520 711 665 685 669 540 511 522 568 508 409 413 227 188 172
Botykapeterd 827 845 921 885 834 707 659 732 701 590 552 548 363 402 337
Adorjás 311 318 309 306 306 329 327 329 304 260 244 246 180 184 207
Bánfa 559 537 495 567 472 421 401 499 489 441 330 331 225 217 195
Sásd 862 872 1138 1243 1718 1951 2096 2154 2251 2640 2841 2888 3877 3629 3267
Gerde 813 786 726 674 674 649 683 697 706 692 745 742 527 560 592
Basal 208 210 231 245 221 191 180 207 245 256 236 233 212 197 185
Bár 720 676 799 701 769 740 721 750 827 796 821 810 726 634 601
Almamellék 1212 1291 1210 1404 1234 1153 1171 1138 1241 998 917 927 574 497 433
Kistamási 429 381 453 289 274 215 194 218 220 188 166 169 142 149 126
Áta 371 367 463 492 567 482 437 441 520 498 382 383 239 232 202
Mecseknádasd 2470 2717 2819 2484 2620 2524 2642 2480 2587 2423 2217 2216 1912 1713 1547
Bükkösd 1471 1424 1596 1629 1819 1505 1871 1844 1692 1874 1835 1906 1317 1291 1138
Peterd 601 548 615 601 584 552 512 500 449 398 323 331 229 207 198
Besence 332 364 343 339 345 267 252 242 250 229 180 182 162 148 124
Husztót 220 168 210 241 206 222 245 183 192 196 151 152 115 68 66
Pécsdevecser 286 288 313 283 313 291 259 245 366 262 192 193 151 115 110
Székelyszabar 687 738 962 920 1064 1088 1106 1193 977 1054 955 981 768 661 609
Szentdénes 793 816 827 823 775 677 674 560 603 487 449 449 361 354 317
Lovászhetény 604 618 700 605 656 646 674 592 470 575 490 496 333 328 269
Pécsudvard 530 521 600 674 686 661 693 709 689 713 713 706 539 619 744
Szászvár 1719 1628 2185 2279 2335 2412 2194 2309 2483 2954 3110 3124 2966 2701 2462
Drávaszerdahely 409 350 357 334 312 327 319 288 283 270 282 285 230 218 198
Homorúd 872 886 1033 1140 1291 1562 1660 1674 1809 1491 1430 1438 903 751 653
Babarc 1236 1321 1507 1367 1470 1438 1509 1435 1334 1197 1101 1120 914 803 781
Pellérd 1177 1184 1314 1379 1218 1131 1136 1084 1061 1134 1355 1337 1692 1903 2264
Pettend 277 277 279 263 284 301 325 325 325 258 258 256 157 166 155
Kistótfalu 369 340 378 358 371 381 380 378 502 510 504 511 374 338 311
Kékesd 470 517 589 554 522 551 531 476 499 416 343 337 226 217 167
Kórós 683 726 716 717 677 614 604 516 535 484 294 303 244 241 243
Szederkény 971 1078 1293 1220 1368 1475 1595 1671 1785 1674 1656 1659 1827 1881 1859
Palotabozsok 1595 1578 1699 1744 1867 1810 1857 1746 1858 1745 1632 1666 1289 1095 951
Palé 171 197 198 189 206 211 208 190 204 170 175 174 124 119 101
Csonkamindszent 338 329 345 315 267 240 233 257 265 241 255 260 200 168 172
Siklósbodony 270 273 273 279 272 237 241 214 231 207 164 160 132 139 145
Himesháza 1458 1455 1637 1691 1603 1629 1706 1610 1652 1708 1439 1456 1329 1264 1091
Siklós 5000 5038 5676 5667 6521 6233 6566 6768 6841 6792 8061 7923 10833 10389 9690
Somogyhárságy 1404 1440 1364 1379 1439 1350 1519 1503 1380 1143 958 974 622 549 445
Martonfa 397 398 369 361 352 345 351 325 325 304 255 255 215 201 206
Magyartelek 466 429 427 412 394 339 345 298 353 318 253 260 227 241 222
Merenye 570 590 609 573 540 556 502 495 602 586 531 515 373 337 283
Regenye 392 346 390 390 362 312 307 270 278 249 235 239 168 177 153
Lapáncsa 485 446 500 441 479 438 448 441 434 335 274 284 237 222 205
Márfa 270 215 255 247 231 237 283 291 263 241 242 239 200 244 207
Kishajmás 650 572 688 675 690 587 596 574 541 494 456 468 269 216 213
Boda 737 673 694 664 689 623 660 605 615 610 570 577 419 415 425
Csányoszró 1224 1151 1170 1198 1149 1006 943 1003 1157 986 948 948 784 762 726
Olasz 792 786 931 950 1016 941 965 897 781 827 702 707 654 623 622
Szulimán 617 619 674 762 784 690 749 712 672 579 469 480 336 285 241
Máza 734 712 819 836 896 1032 1006 945 1097 1503 1659 1636 1534 1423 1268
Feked 696 666 802 812 901 818 832 774 837 786 619 634 346 259 201
Markóc 266 324 246 250 229 203 195 185 179 181 138 130 89 67 71
Nagypeterd 558 619 631 616 589 508 526 504 513 561 557 549 626 683 653
Mánfa 804 885 1040 1095 1013 1012 1121 1017 1105 1152 1167 1167 816 932 845
Nemeske 326 351 375 612 552 501 473 474 517 496 524 521 296 292 248
Pogány 732 743 871 937 968 917 950 969 803 741 697 708 670 1031 1183
Egyházasharaszti 560 494 448 457 470 443 498 554 620 540 463 469 373 334 315
Magyarsarlós 592 517 654 619 660 608 612 572 534 455 388 392 276 344 297
Bakonya 618 565 585 546 571 548 552 594 598 553 504 496 373 398 364
Kisbeszterce 264 257 279 267 248 233 267 247 225 227 170 175 122 93 91
Kisjakabfalva 338 345 414 403 467 451 475 438 452 370 327 337 209 167 142
Cserdi 304 302 306 335 346 369 478 494 487 558 565 570 303 353 396
Kémes 454 463 454 470 421 434 444 521 577 538 493 509 551 561 498
Bóly 2607 2600 3045 2958 3310 3034 3107 3097 3128 3254 3300 3216 3621 3919 3820
Vejti 475 535 523 491 439 416 450 414 425 376 366 369 248 207 169
Garé 516 532 495 496 457 430 447 453 489 457 379 374 330 343 304
Apátvarasd 378 389 407 372 398 361 375 389 470 356 303 306 157 134 134
Vajszló 1187 1216 1205 1254 1373 1393 1604 1732 1731 1806 1794 1786 2049 2020 1890
Tékes 542 573 692 652 642 600 619 670 460 469 417 424 287 270 265
Bogád 699 730 717 679 648 612 605 598 588 569 608 614 556 712 1057
Kákics 508 516 547 550 612 606 539 517 510 472 308 315 284 235 221
Keszü 611 614 647 612 656 564 527 534 527 515 536 536 485 767 1225
Bodolyabér 471 453 499 497 491 404 421 453 487 467 492 500 334 315 241
Kisharsány 645 645 607 577 517 524 562 638 719 845 734 747 545 584 557
Kétújfalu 1232 1219 1275 1250 1090 1002 1033 1014 1088 883 796 806 714 733 734
Drávaszabolcs 510 459 473 447 642 530 695 763 535 580 702 649 726 764 694
Szebény 1121 1072 1254 1255 1377 1238 1221 1158 1102 965 824 823 521 512 392
Pereked 459 447 441 422 399 356 376 348 334 294 262 262 200 188 167
Kisnyárád 505 464 638 586 621 666 661 596 665 458 339 348 279 238 199
Vázsnok 283 296 333 276 282 274 278 275 267 241 208 204 168 161 132
Sárok 439 490 469 520 491 371 278 303 296 249 201 199 180 168 129
Bakóca 658 670 707 731 755 707 756 704 658 734 693 732 532 343 302
Szabadszentkirály 838 801 760 851 849 827 976 870 889 855 822 831 761 811 801
Alsószentmárton 874 791 856 928 972 882 1083 1202 1178 1191 1141 1145 905 1096 1181
Vásárosbéc 697 765 779 820 724 658 740 824 679 524 381 394 246 236 185
Görcsönydoboka 721 720 875 829 1016 943 899 902 852 813 610 621 511 451 388
Csebény 389 283 329 332 454 455 465 452 358 327 215 226 140 103 93
Komló 1433 1355 1448 2151 2759 3314 3732 5112 5812 23588 27033 26913 29520 27135 24687
Szigetvár 5382 5701 5811 6340 6935 6226 6808 7106 7499 8251 9556 9653 11538 11398 10845
Bosta 297 327 320 327 305 282 286 248 276 224 156 161 142 146 143
Rádfalva 618 617 609 654 578 529 588 556 556 487 352 358 233 235 214
Óbánya 357 377 390 358 380 376 357 401 403 347 258 264 177 157 141
Zók 596 537 516 475 448 403 418 398 418 367 330 323 276 284 300
Páprád 345 298 308 324 351 370 365 339 336 341 328 335 232 205 172
Nagyváty 490 463 504 477 478 451 511 505 540 555 484 496 357 359 342
Kemse 352 378 375 353 400 298 368 341 330 208 189 183 102 68 59
Kozármisleny 766 785 947 995 941 866 858 886 894 1185 1625 1600 2972 4058 5925
Márok 700 676 796 848 951 983 955 1069 972 908 838 850 588 549 450
Magyaregregy 1090 1090 1265 1277 1333 1220 1264 1292 1219 1194 1142 1147 1003 866 788
Lothárd 551 552 633 654 627 532 492 472 488 436 301 307 218 262 245
Aranyosgadány 613 630 623 608 600 568 542 575 626 515 437 452 294 365 359
Dinnyeberki 416 372 388 454 401 356 396 346 347 341 266 267 162 112 86
Kátoly 713 672 704 712 808 754 791 741 678 593 544 550 423 353 327
Drávacsepely 456 439 437 457 414 374 416 393 405 351 350 358 253 239 216
Ág 553 527 570 519 597 486 489 501 405 368 343 358 213 197 192
Téseny 646 631 658 673 636 548 532 564 603 478 520 522 350 326 322
Harkány 1189 1194 1176 1194 1288 1241 1357 1426 1622 2152 3280 2719 3254 3271 4055
Illocska 668 637 642 579 591 529 538 532 583 415 374 386 274 269 253
Somogyviszló 515 476 481 569 490 438 495 458 516 433 411 416 304 266 266
Berkesd 1258 1214 1340 1288 1264 1207 1227 1263 1256 1169 1029 1034 862 842 866
Gilvánfa 351 371 378 349 375 376 416 456 541 577 606 601 320 379 430
Szentegát 0 191 619 617 611 591 537 609 757 765 691 701 487 461 385
Ócsárd 577 564 597 607 546 525 551 653 633 657 526 520 396 427 422
Drávasztára 786 831 903 982 1001 976 1043 1055 1008 939 916 926 562 505 439
Nagynyárád 975 1252 1282 1186 1251 1236 1242 1251 1797 1321 1140 1144 1012 885 774
Szágy 300 417 419 420 384 350 427 392 378 365 279 278 210 198 141
Sumony 769 749 810 911 959 807 744 738 741 906 805 798 503 492 457
Vékény 297 291 316 309 281 275 289 276 268 262 248 252 195 153 140
Kovácshida 364 416 382 392 385 325 419 438 442 364 326 325 280 302 282
Mozsgó 845 819 924 1122 1309 1426 1405 1315 1466 1264 1205 1229 1020 1154 1008
Tésenfa 367 364 393 402 383 365 427 395 424 402 336 343 237 224 205
Szajk 710 803 889 819 916 837 885 859 940 959 896 899 806 805 859
Nagydobsza 766 773 724 698 681 658 698 742 900 906 799 810 684 707 668
Szalánta 933 972 1127 1222 1193 1054 1116 1140 1119 1087 1023 1022 1060 1148 1218
Magyarbóly 1164 1116 1375 1446 1497 1321 1593 1451 1509 1412 1298 1338 1181 1130 999
Hosszúhetény 2571 2621 2688 2699 2886 2655 2947 3101 3299 3522 3587 3607 3107 3377 3417
Gordisa 493 479 455 423 515 508 596 704 615 556 453 459 296 298 252
Ófalu 599 694 820 707 800 886 901 889 945 792 597 635 452 384 328
Szentkatalin 483 380 495 477 562 484 543 461 485 370 329 332 187 137 102
Bisse 487 533 622 605 580 480 555 535 522 458 370 384 276 246 247
Cserkút 406 362 385 382 381 391 417 423 308 378 642 661 278 405 569
Palkonya 423 391 472 511 532 521 547 563 586 544 492 494 353 313 305
Kölked 706 808 843 975 1071 976 1244 1415 1710 1867 1602 1621 1204 1141 1030
Almáskeresztúr 395 425 449 583 551 574 558 489 506 392 302 310 127 100 80
Majs 1870 1821 1921 1910 1951 1915 1885 1854 1905 1754 1566 1594 1234 1125 1007
Zaláta 943 935 947 977 972 886 854 857 846 778 529 533 338 315 262
Várad 163 289 306 323 302 254 269 277 322 220 206 206 148 133 113
Egerág 844 781 826 873 888 823 873 816 891 863 822 819 918 1014 1011
Ipacsfa 466 437 405 376 378 324 327 344 327 342 312 309 248 218 210
Mágocs 3436 3620 3711 3620 3625 3616 3833 3703 3463 3434 3209 3233 2782 2762 2450
Romonya 535 494 527 482 450 422 451 448 442 436 445 453 385 422 456
Egyházaskozár 1361 1416 1447 1266 1305 1243 1219 1159 1143 1153 1022 1043 967 933 839
Ózdfalu 518 529 539 530 503 481 394 352 350 337 313 316 164 174 183
Kásád 746 666 717 752 757 647 686 701 654 674 563 563 413 387 307
Szörény 276 271 279 252 221 203 191 164 169 160 149 147 122 81 64
Kisbudmér 313 326 351 370 375 364 365 337 358 200 209 217 125 134 113
Kisszentmárton 439 491 475 461 442 396 380 402 502 516 469 481 305 305 272
Fazekasboda 331 337 420 415 509 481 478 470 454 454 393 397 242 215 227
Varga 442 417 503 471 476 465 445 387 383 390 352 361 132 140 103
Drávafok 1124 1035 1020 920 813 798 789 738 813 747 701 697 580 525 537
Udvar 223 267 314 340 408 365 419 426 455 299 272 271 233 199 151
Lippó 978 1037 1067 1006 1074 909 852 877 1006 830 735 746 672 596 515
Gyöngyfa 437 397 368 403 412 334 352 306 307 253 195 197 118 138 143
Somogyhatvan 603 613 570 610 704 644 714 665 788 660 550 564 413 417 370
Vokány 1065 1103 1295 1385 1685 1685 1707 1669 1548 1455 1342 1349 1020 957 882
Rózsafa 957 933 927 912 880 774 740 779 822 726 628 629 409 406 373
Sámod 350 337 316 301 302 290 283 293 291 320 334 325 256 227 189
Máriakéménd 917 987 1212 1093 1260 1204 1201 1248 911 841 776 777 576 548 478
Katádfa 323 344 373 371 400 326 306 314 327 263 233 241 181 164 184
Gyód 306 325 391 449 528 528 575 591 565 557 465 479 407 570 658
Bogádmindszent 501 462 503 487 454 420 625 670 730 730 561 550 441 436 433
Beremend 1824 1754 2004 2127 2532 2456 2535 3062 3014 3281 3430 3418 2995 2912 2634
Hidas 2572 2597 2813 2461 2480 2358 2406 2332 1978 2799 2718 2731 2464 2332 2209
Bicsérd 1257 1188 1215 1178 1155 1058 1087 1171 1120 1156 1041 1041 826 966 1031
Lúzsok 393 350 341 338 329 310 289 242 259 235 255 250 231 212 250
Belvárdgyula 916 898 975 930 964 900 813 796 723 709 649 661 483 424 438
Szentlászló 1030 1024 1070 1145 1104 1059 1118 1112 1155 1105 968 972 890 894 848
Nyugotszenterzsébet 369 378 389 441 440 415 430 423 446 363 326 331 220 224 254
Molvány 429 457 494 434 378 433 446 441 467 459 411 427 297 219 197
Geresdlak 1412 1478 1661 1647 1780 1754 1775 1819 1826 1618 1336 1351 1078 971 853
Kisherend 400 360 406 415 396 369 398 385 347 339 274 269 209 207 191
Liget 517 554 609 616 706 591 691 645 594 686 584 592 474 469 402
Matty 707 657 628 597 581 575 675 674 722 580 478 510 409 382 342
Hetvehely 808 810 946 911 1020 1055 1019 978 756 798 806 813 548 533 473
Újpetre 1096 1173 1241 1236 1317 1278 1298 1225 1381 1206 1229 1225 1066 1173 1064
Hásságy 488 498 561 548 579 594 614 630 611 616 497 501 355 296 275
Kovácsszénája 303 285 290 277 271 224 224 221 216 193 196 201 122 69 73
Mekényes 1133 1105 1244 1224 1230 1191 1135 1038 892 753 641 657 379 330 288
Lánycsók 1954 1988 2232 2171 2405 2332 2264 2354 2297 2298 2357 2398 2639 2774 2532
Kisdobsza 437 393 379 386 377 352 370 352 446 431 367 365 315 275 241
Nagypall 541 558 594 566 621 595 623 596 615 589 559 563 480 441 415
Old 528 488 490 436 405 445 695 732 823 732 602 606 394 390 355
Köblény 504 442 516 498 527 523 556 510 446 438 399 398 318 294 232
Nagykozár 761 809 931 982 1023 1010 1003 1060 917 916 821 822 930 1320 1943
Bogdása 993 930 1000 999 895 778 716 648 687 579 555 561 341 350 291
Versend 1205 1283 1421 1350 1463 1384 1271 1303 1149 1167 1140 1172 821 915 939
Tengeri 251 249 232 232 248 191 190 189 176 162 158 160 79 65 65
Nagytótfalu 563 534 527 478 497 486 474 492 557 455 407 407 383 370 399
Teklafalu 597 723 822 806 821 743 745 707 678 508 440 438 412 374 330
Borjád 897 912 913 925 916 829 754 742 827 657 574 590 456 458 410
Túrony 446 380 369 389 346 321 313 356 355 346 329 330 277 250 271
Szilágy 717 705 742 704 720 655 670 637 650 513 451 456 319 326 274
Monyoród 513 530 602 578 678 576 565 577 484 395 313 316 241 195 160
Kiskassa 779 785 822 794 851 826 759 732 738 591 553 563 352 298 252
Tarrós 324 304 318 294 263 262 275 255 216 215 197 196 153 119 129
Sósvertike 481 454 451 430 458 393 384 375 360 343 286 295 232 220 187
Töttös 1117 1208 1286 1260 1236 1196 1119 1116 1208 1022 892 904 711 644 605
Tormás 798 834 909 878 846 815 723 662 629 673 578 577 417 364 316
Kacsóta 499 501 512 485 426 433 509 439 446 418 385 396 289 288 266
Kisdér 310 318 326 312 280 223 235 233 280 225 198 201 138 139 126
Boldogasszonyfa 988 1081 1119 1162 1119 1115 1346 1331 1342 1113 841 845 603 554 437
Pécsvárad 2753 2848 3046 2773 2797 2665 2781 2759 3107 3462 3759 3747 3977 4046 3959
Tótszentgyörgy 439 374 421 402 389 362 374 377 399 352 314 314 222 193 173
Szilvás 310 304 332 334 309 270 343 290 300 235 188 190 168 171 164
Mindszentgodisa 1419 1458 1553 1498 1618 1490 1501 1464 1355 1379 1426 1430 1010 1022 874
Pécsbagota 182 184 176 167 172 175 165 170 182 154 132 134 88 106 97
Nagycsány 321 299 311 309 251 257 252 239 247 222 199 202 158 162 159
Drávakeresztúr 636 704 789 837 782 798 782 789 780 677 451 463 174 163 116
Ibafa 1087 1054 1204 1175 1112 1124 1088 1061 1073 758 444 434 242 262 231
Cún 517 517 456 462 467 476 600 550 576 653 513 517 265 258 258
Magyarhertelend 914 920 949 994 864 785 791 774 686 853 827 831 666 679 671
Kistapolca 150 138 151 169 181 110 126 179 193 177 175 181 219 218 197
Bürüs 302 345 420 422 390 328 314 297 295 225 166 163 127 101 81
Szalatnak 653 660 764 824 840 863 944 894 823 756 693 722 565 432 346
Ellend 538 519 555 578 504 476 507 487 492 411 346 337 253 233 206
Szárász 331 339 326 317 294 303 320 285 247 246 197 196 113 96 41
Liptód 856 798 943 866 1029 976 837 869 919 789 668 688 315 241 201
Alsómocsolád 759 761 774 750 812 788 814 724 748 717 606 613 409 328 336
Nagyhajmás 1073 1092 1161 1160 1136 1162 1115 1028 790 699 644 657 447 432 376
Villánykövesd 412 426 498 462 553 522 560 490 576 479 504 502 408 343 275
Maráza 595 554 679 738 731 711 667 622 607 445 406 409 238 220 187
Ivándárda 565 557 532 792 738 612 605 581 604 440 370 391 309 276 234
Drávapiski 283 287 264 260 246 209 215 198 190 165 141 145 119 94 109
Csarnóta 315 271 291 290 274 263 261 236 246 232 182 179 146 159 143
Hegyhátmaróc 471 380 456 468 501 490 532 476 432 431 369 372 249 212 160
Vásárosdombó 922 940 960 837 977 990 1011 961 874 1061 1233 1260 1210 1171 1150
Marócsa 311 333 381 429 399 362 345 341 309 290 245 249 147 120 98
Bezedek 647 644 660 627 650 589 576 599 624 472 417 427 339 292 249
Baksa 706 653 772 683 788 753 722 772 814 719 635 624 734 757 793
Magyarszék 1048 1027 1075 1143 1168 1183 1157 1151 1206 1324 1312 1315 1087 1148 1106
Siklósnagyfalu 678 633 592 497 457 437 476 501 561 430 459 467 395 417 442
Hegyszentmárton 876 818 826 832 783 684 728 872 896 696 599 601 487 479 416
Somogyapáti 618 637 660 686 761 718 910 838 1057 922 722 736 601 581 484
Erzsébet 711 698 712 723 694 625 617 643 648 541 457 459 346 349 286
Baranyahídvég 479 434 414 501 388 414 369 375 274 307 289 288 203 234 191
Dencsháza 716 765 881 841 842 718 801 847 937 947 860 863 650 632 617
Drávaiványi 648 643 622 601 487 455 442 387 374 334 308 311 244 250 212
Baranyaszentgyörgy 419 517 573 504 463 447 487 483 511 467 382 377 230 211 137
Velény 321 288 310 333 319 318 289 284 271 226 184 188 175 178 152
Mohács 10684 10905 12678 13929 14870 13344 14695 15442 16088 18015 19717 19692 20784 19100 17978
Magyarlukafa 395 380 373 362 402 405 391 366 402 274 200 199 119 116 88
Horváthertelend 298 273 282 273 275 251 261 254 231 168 159 158 110 104 77
Magyarmecske 566 597 616 570 564 526 533 492 556 461 379 372 322 331 332
Nagyharsány 1456 1304 1243 1195 1401 1484 1695 1629 1692 1729 1864 1858 1806 1742 1526
Patapoklosi 685 661 692 866 808 724 746 753 754 650 516 529 414 407 390
Kökény 560 519 595 637 649 601 629 615 576 532 453 463 437 548 633
Kislippó 346 358 419 418 482 401 477 439 384 545 498 492 347 298 292
Mecsekpölöske 340 340 390 415 447 390 423 404 417 457 491 496 434 443 403
Diósviszló 686 673 727 701 718 754 874 894 942 866 836 850 754 706 727
Oroszló 419 408 463 441 464 437 442 423 385 459 417 411 352 329 313
Hirics 644 699 685 669 702 563 554 555 475 510 378 380 263 238 241
Pécs 29839 37186 43869 54789 61360 59846 75358 89464 89470 116042 146843 143124 163790 153335 144586
Véménd 2045 1989 2204 2251 2384 2377 2376 2475 2564 2376 2285 2314 1938 1714 1494
Hobol 847 846 895 889 896 854 883 856 991 988 856 868 984 1051 1022
Szaporca 558 505 520 523 455 462 503 556 520 496 463 457 292 266 246
Piskó 572 540 550 547 467 411 423 466 502 475 393 396 286 299 255
Gyöngyösmellék 607 622 664 641 656 615 590 624 646 609 487 496 330 330 316
Szemely 462 419 570 609 544 519 524 546 493 515 508 505 378 433 438
Villány 2086 2117 2539 2837 2982 2766 2670 2507 2790 2769 2764 2800 2887 2727 2531
Kárász 507 533 599 529 516 492 506 485 481 533 523 536 424 394 343
Bikal 1210 1145 1082 1050 1049 1032 1101 1035 881 1000 1024 1015 989 908 785
Somberek 2182 2082 2240 2134 2102 1892 1864 1912 1899 2015 1996 2025 1912 1710 1504
Birján 497 524 632 600 625 579 499 479 489 483 433 436 345 437 533
Görcsöny 963 964 1068 950 916 882 1050 977 958 1235 1372 1380 1664 1637 1571
Ivánbattyán 328 338 482 434 407 439 438 401 385 326 301 303 188 169 131
Kisasszonyfa 426 439 522 487 416 400 414 416 446 365 338 346 205 236 198
Pitvaros 2257 2351 2645 2925 2936 3091 2978 2843 2162 2071 1903 1958 1710 1612 1533
Üllés 1335 1468 1698 2069 2413 2535 2902 3257 3414 3329 3358 3379 3270 3188 3115
Balástya 3858 4002 4648 5595 5634 5936 6023 6102 6369 5722 5238 5320 3689 3617 3454
Zákányszék 2232 2316 2690 3237 3225 3235 3454 3571 3468 3393 3293 3304 2740 2799 2738
Csengele 1192 1237 1436 1730 2204 2516 3114 3096 3680 3643 3154 3214 2297 2047 1929
Forráskút 951 1045 1209 1473 1762 2062 2028 2253 2483 2441 2425 2450 2211 2292 2302
Mártély 1142 1216 1307 1409 1458 1380 1318 1554 1813 1582 1476 1471 1209 1334 1312
Makó 26900 29135 31654 32707 33249 36265 35143 34873 33068 30852 30075 30149 27766 25607 23708
Ásotthalom 3139 3256 3782 4553 5988 5739 7300 7482 8062 6542 5942 6133 4036 4139 3896
Kübekháza 1705 1701 1927 1699 1817 1821 1984 2007 1913 1809 1677 1693 1476 1538 1487
Csanádalberti 836 886 1028 1233 1370 1377 1460 1510 999 933 742 774 566 478 453
Szegvár 5611 5952 6810 7249 7369 7872 7979 7962 7580 6970 6395 6471 5347 5042 4725
Magyarcsanád 2645 2897 3088 3025 3105 2981 2672 2593 2723 2489 2210 2249 1731 1627 1492
Nagymágocs 1902 2579 2831 2983 3011 3098 4025 4101 5180 4895 4473 4563 3770 3522 3211
Derekegyház 1095 1027 1316 1357 1260 1206 1311 1708 2322 2409 2281 2309 1997 1847 1677
Tiszasziget 1118 1051 1275 1363 1495 1529 1654 1642 1640 1582 1588 1590 1537 1707 1722
Klárafalva 331 333 430 554 570 583 599 597 646 569 579 592 527 488 507
Székkutas 3688 3924 4218 4549 4697 4430 4332 5024 5008 4574 3886 3807 2772 2646 2307
Kistelek 4447 4967 6387 7002 7478 7770 8690 8916 9039 8925 8544 8685 7870 7405 7161
Deszk 2403 2316 2729 2925 2944 2377 2761 2823 2861 2890 2878 2756 2751 3241 3515
Tömörkény 0 0 2803 3175 3398 3751 3748 3763 3890 3663 3219 3265 2293 1970 1790
Újszentiván 753 734 922 1028 1052 1050 1219 1212 1228 1200 1292 1313 1360 1572 1711
Szatymaz 2554 2650 3077 3702 4178 3888 3907 3643 3897 3944 4079 4099 3488 4249 4575
Eperjes 758 831 1016 1383 1501 1682 1915 2373 2397 2122 1529 1521 863 686 590
Mórahalom 3156 3273 3802 4577 5051 5389 6163 6134 6732 6142 5859 5906 5623 5452 5718
Röszke 2251 2335 2712 3265 3933 4006 4364 4274 4227 4186 3742 3778 3022 3176 3043
Ferencszállás 406 397 422 396 404 600 688 722 847 781 762 771 717 658 640
Dóc 286 435 590 671 895 933 1026 1127 1293 1320 1090 1099 831 823 759
Szentes 26866 28092 29973 30032 30344 30877 31516 32768 32769 33465 34148 33741 32823 30997 28444
Maroslele 455 970 1430 1748 2172 2451 2772 2924 3077 2719 2387 2445 2255 2196 2172
Ambrózfalva 861 866 1006 1041 1042 1063 1025 1008 743 698 636 640 578 542 526
Baks 824 929 1378 1585 1747 2117 2191 2322 2791 2754 2695 2705 2478 2372 2091
Öttömös 453 495 570 1109 1588 1609 1954 1974 1448 1383 1138 1194 874 818 745
Csongrád 15919 16361 19068 20814 23297 23778 23857 23468 23026 22800 21979 22299 20122 18512 17376
Csanádpalota 4052 4483 5271 5584 5811 5928 5718 5939 5620 5264 4642 4785 3652 3322 3049
Árpádhalom 778 1003 1111 1212 1317 1227 1521 1532 1709 1659 1158 1174 716 615 541
Domaszék 3952 4098 4760 5540 5601 5488 5630 5504 4338 3955 3574 3603 3154 4137 4724
Nagylak 0 0 0 0 355 416 784 1097 937 880 979 961 746 606 497
Kövegy 605 609 798 755 837 934 901 930 860 831 725 745 498 471 396
Kiszombor 3712 3707 3994 4108 4107 4329 5008 5177 5534 5102 4788 4865 4354 4193 4014
Fábiánsebestyén 954 1067 1219 1363 1551 1759 1810 2129 2996 2843 2535 2571 2512 2324 2147
Sándorfalva 0 3374 3828 4201 4947 5697 5583 5825 6106 5815 5921 5970 6973 7805 7924
Mindszent 9814 10859 9203 9667 10057 10069 9946 9630 9546 9179 8730 8934 7912 7399 7090
Zsombó 1041 1144 1324 1613 1930 2133 2019 2126 2209 2114 2010 2042 2235 3244 3410
Szeged 56901 59143 68924 82803 96063 100175 108448 110740 104867 117515 140235 133585 163350 156443 154294
Bordány 1463 1609 1862 2268 2713 2874 2988 3138 3035 2908 2791 2847 2812 3135 3206
Apátfalva 4000 4274 5158 5318 5642 5741 5581 5773 5584 5281 4865 4945 3803 3339 3103
Királyhegyes 877 1070 1284 1373 1437 1278 1336 1304 1436 1310 1126 1150 816 743 680
Óföldeák 368 464 549 586 682 897 1056 1219 931 933 758 765 565 507 459
Ópusztaszer 2019 2224 3214 3692 3196 3281 4054 2192 2632 2684 2520 2617 2184 2279 2240
Pusztamérges 0 0 0 184 2021 1840 2122 2150 2198 1945 1694 1764 1300 1243 1189
Pusztaszer 746 833 1144 1257 1354 1795 1954 2175 2470 2368 2217 2273 1811 1634 1521
Földeák 2574 3250 3846 4101 4425 4673 4488 4388 4522 4275 3855 3845 3546 3348 3195
Ruzsa 1428 1482 1721 2069 2652 2691 3631 3806 4469 4103 3662 3730 2833 2820 2520
Csanytelek 2220 1992 2545 2964 3616 4086 4194 4463 4490 4319 3983 4069 3246 3018 2878
Nagyér 669 779 966 1036 1011 1038 946 926 908 806 781 778 660 628 538
Dombegyház 2253 2877 3546 3406 3592 4544 4283 4205 4419 3932 3357 3428 2645 2490 2177
Sarkadkeresztúr 1622 1434 1695 1750 2210 2361 2497 2788 3052 3024 2637 2690 2040 1903 1669
Csorvás 2265 3148 4249 4967 5686 6147 6869 7269 7799 7622 6826 6930 6300 5826 5176
Dévaványa 9730 9751 11636 12242 12714 12411 13606 14172 13196 12704 11208 11562 9488 9210 8276
Kötegyán 2380 2351 2728 2881 2951 2830 2679 2764 2622 2493 2189 2244 1754 1638 1523
Pusztaottlaka 997 962 1113 1167 1223 1456 1492 1566 1453 1498 1098 1132 541 444 390
Telekgerendás 1481 1607 1682 1830 2181 2146 2084 2360 2117 2621 2128 2057 1620 1685 1530
Végegyháza 671 837 1214 1735 2017 2013 2266 2434 2734 2680 2483 2534 1881 1625 1536
Orosháza 17382 22042 25387 26812 28104 30112 31171 31778 31429 32033 33471 33004 34954 32278 29330
Nagykamarás 1125 1147 1328 1621 2521 2690 3569 3569 3139 3251 2756 2881 1936 1736 1492
Békés 18294 18610 20360 20680 20649 21544 22042 22245 21961 21665 21032 21310 22338 21617 20393
Szabadkígyós 786 781 903 958 933 967 942 1042 1419 1988 2224 2236 2807 2835 2724
Füzesgyarmat 4286 4837 5850 6734 7045 6082 7259 8163 8398 7807 7097 7268 6770 6747 6114
Köröstarcsa 4080 4220 4719 4771 4961 5129 4947 4691 4692 4251 3566 3617 3011 2879 2744
Biharugra 1937 1700 2022 2275 2224 2116 2112 2139 2218 2185 2058 2105 1501 1156 990
Kétegyháza 3354 3324 3766 4361 4379 4681 4939 4520 4839 4914 4728 4834 4517 4296 3858
Gádoros 2418 3032 3523 4155 4374 4953 5050 5431 5533 5394 5196 5353 4502 4116 3820
Csárdaszállás 942 978 1085 1106 1100 1175 1244 1302 1343 1241 841 866 643 539 456
Szeghalom 7166 7444 8842 9201 9607 9318 10180 10605 10909 10287 9736 9864 10729 10454 9704
Sarkad 7301 7517 8152 8663 9461 10751 12233 12469 12677 12332 11937 12122 11049 10993 10325
Újszalonta 0 0 0 0 348 420 487 530 584 551 327 335 166 135 112
Gyula 21054 20213 22676 25451 27439 28097 28964 29290 27764 28759 30677 29564 33718 32000 30727
Kevermes 2848 3066 3438 3566 3578 4379 5098 5263 4782 4250 3673 3751 2831 2489 2139
Békésszentandrás 5220 5297 5722 6042 6105 6062 6328 6607 6291 5807 5167 5250 4357 4162 3830
Magyardombegyház 310 393 475 594 519 711 717 737 844 760 650 680 318 296 236
Körösladány 6021 6042 6868 6884 7391 7746 7997 8003 8269 7302 6565 6664 5678 5267 4807
Méhkerék 1574 1394 1521 1670 1937 1924 2263 2287 2242 2460 2498 2528 2396 2379 2189
Csabaszabadi 0 0 342 375 1041 1026 683 761 926 1187 935 946 468 393 351
Csanádapáca 2344 3171 3630 3644 3813 4576 4648 4629 4542 4311 3928 3993 3102 2932 2713
Békéscsaba 27624 29490 30979 33976 38143 42014 47412 50325 44053 51798 57504 57592 66162 66473 60726
Kondoros 0 1975 2420 3504 4867 5705 6742 7024 7639 7462 7319 7433 6633 5970 5386
Battonya 8642 9195 12018 12872 13011 13737 12718 13297 12666 11668 9324 9611 7425 6968 6252
Almáskamarás 1579 1468 1794 1988 2116 2404 2482 2465 2333 2035 1788 1879 1272 1013 979
Nagybánhegyes 897 1823 2676 3141 3019 3153 3734 3743 2570 2487 2125 2168 1910 1598 1365
Elek 3861 4722 5583 6393 5645 5915 6390 6757 6670 6325 6032 6178 5590 5475 4907
Nagyszénás 1624 2272 2752 3396 4563 5173 6513 7046 7920 7439 7124 7231 6299 5781 5284
Kétsoprony 1292 1510 1614 1812 2022 2064 2090 2265 2237 2179 1854 1847 1572 1586 1452
Körösújfalu 169 207 252 299 485 445 667 849 1573 1420 1048 1137 753 766 542
Szarvas 20899 20953 22712 23997 21822 20785 21042 20583 18569 18940 19521 19448 19065 17965 17230
Magyarbánhegyes 1209 1673 2209 2590 3658 3906 3982 3864 4059 3808 3435 3532 2716 2701 2461
Békéssámson 1986 2426 3272 3912 4597 4342 4270 4344 4723 3997 3421 3445 2754 2687 2532
Kardoskút 2073 2202 2325 2554 2611 2556 2511 2400 2465 2065 1440 1447 960 1010 925
Tótkomlós 8087 8820 10298 10725 11318 11402 12108 12156 10448 9813 8948 9075 7316 6789 6261
Dombiratos 1159 1234 1242 1403 1363 1532 1669 1673 1628 1563 1363 1397 957 763 599
Kardos 822 824 893 944 2155 2358 2401 2199 2011 1880 1473 1480 957 827 687
Bucsa 1133 1279 1547 1781 2135 2927 3397 3579 3571 3781 3234 3405 2810 2664 2445
Kisdombegyház 208 265 327 314 331 397 622 1028 1265 1106 907 945 652 619 505
Medgyesbodzás 0 0 0 2541 2413 2264 2521 2621 2371 2296 1911 1967 1461 1272 1184
Pusztaföldvár 1663 1992 2794 3244 3216 3483 3446 3395 3488 3243 2663 2669 2180 2004 1878
Kamut 543 552 604 613 1553 1663 1706 1739 2154 2109 1988 2021 1355 1202 1102
Körösnagyharsány 1359 1249 1372 1411 1411 1426 1443 1415 1477 1418 1194 1247 849 703 638
Kaszaper 874 1661 2439 2829 2554 2385 2860 2623 2870 2867 2698 2742 2289 2183 2056
Geszt 1492 1246 1466 1483 1545 1541 1463 1508 1479 1486 1306 1394 991 902 823
Bélmegyer 1453 1478 1617 1642 1950 2079 2132 2194 2781 2546 2055 2106 1329 1198 1041
Okány 2712 2487 2943 3385 4085 4340 5161 5129 5069 4953 4222 4347 3237 3051 2765
Kunágota 2253 3619 4787 5609 5509 5958 6687 6203 6380 5547 4622 4776 3422 3060 2939
Medgyesegyháza 3263 4018 4485 3854 5045 5514 5924 6017 6166 5669 5309 5359 4676 4193 3863
Murony 983 1000 1094 1112 1119 1188 1219 1274 1560 1632 1683 1684 1483 1466 1300
Kertészsziget 455 497 599 672 889 994 914 1106 1661 1163 1004 991 566 479 398
Zsadány 1961 2115 2380 2566 2693 2481 3248 3479 3714 3516 2892 3064 1993 1850 1783
Újkígyós 3082 3068 3537 3755 3860 4336 5165 5506 5872 5516 5471 5517 5845 5788 5398
Gerendás 491 1251 1410 1697 1798 2099 2324 2575 2510 2488 2225 2253 1766 1601 1368
Tarhos 1331 1353 1481 1503 1601 1706 1750 1800 2165 2265 1704 1727 941 923 827
Hunya 945 1016 1181 1285 1347 1589 1675 1789 1776 1762 1577 1625 981 852 713
Ecsegfalva 385 386 461 485 682 861 945 697 1958 2223 2003 2056 1620 1508 1358
Doboz 2663 3319 3416 4109 4763 4689 5081 5342 5781 5598 5123 5217 4765 4594 4336
Örménykút 725 727 788 832 1902 2081 2118 2241 2134 1778 1401 1378 674 541 409
Szárliget 0 0 0 0 0 0 41 589 253 860 1240 1232 1820 2147 2310
Kerékteleki 932 964 964 988 1141 1225 1120 1076 1260 1337 1016 1031 749 718 723
Piliscsév 1072 1152 1293 1416 1682 1697 1926 2234 1923 2247 2433 2458 2325 2310 2310
Környe 1518 1661 1648 1772 2000 2445 2285 2819 3173 3954 4231 4184 4150 4362 4462
Kocs 2966 3079 2921 2987 2834 2850 2971 3071 3152 3214 2963 2986 2730 2668 2571
Csép 587 581 579 571 535 640 698 631 695 643 566 584 442 383 355
Csém 241 271 258 259 324 338 348 376 180 439 590 592 496 469 427
Tokod 1395 1443 1864 2404 2005 2441 2877 3764 4099 4307 4890 4912 4477 4388 4209
Oroszlány 1563 1678 1679 1663 1644 1527 1473 1742 3740 13085 18249 18143 20768 20107 18510
Sárisáp 1077 1210 861 1610 1921 1973 2061 2509 2147 2956 3134 3126 2821 2929 2821
Szákszend 1722 1928 1749 1823 1876 1932 1839 2035 2087 2048 1909 1944 1703 1578 1532
Tárkány 1818 2169 2345 2801 2706 2780 2748 2626 2800 2657 2327 2373 1726 1581 1579
Mogyorósbánya 718 631 651 650 623 583 692 707 772 878 907 931 840 896 866
Pilismarót 1611 1667 1857 1990 2031 1928 1768 1842 1712 1821 1818 1825 1740 1953 1956
Baj 756 835 840 890 973 991 1112 1183 1573 1696 1769 1783 2046 2722 2692
Héreg 1482 1419 1626 1522 1352 1337 1358 1307 1258 1437 1322 1305 1051 1042 1019
Tatabánya 3214 3397 3785 9657 22927 28210 33146 37955 40221 52079 65274 64151 75217 71758 66475
Annavölgy 0 0 469 985 909 913 1000 1322 1261 1226 1301 1292 966 1000 977
Kecskéd 888 930 924 901 925 999 1048 1134 1290 1485 1644 1656 1770 1925 1992
Bana 892 1538 1689 2063 1935 1414 1888 1903 1635 1677 1606 1585 1735 1723 1655
Epöl 609 663 697 721 626 719 687 653 694 711 789 782 670 641 652
Szomor 741 826 874 866 868 921 893 885 494 664 743 710 931 1090 1117
Vérteskethely 819 880 892 921 863 845 867 825 891 898 756 786 625 623 588
Neszmély 1282 1276 1321 1357 1302 1295 1397 1392 1573 1728 1653 1659 1500 1437 1395
Kisbér 2963 3608 4164 4606 4861 4897 4949 4881 4896 5364 5301 5275 6026 5969 5627
Lábatlan 1718 1788 2329 2751 3535 2917 3085 3008 3475 4711 5410 5133 5727 5397 5108
Komárom 3677 3915 4361 5836 6892 8985 11018 12266 12681 14465 16468 16531 19362 19537 18984
Vértestolna 495 509 544 561 574 634 587 608 677 631 607 614 540 541 502
Bársonyos 1092 1027 1111 1155 1243 1133 1072 1027 1154 1104 986 1027 855 850 795
Nagysáp 1406 1561 1591 1621 1588 1535 1462 1482 1486 1727 1757 1813 1486 1525 1529
Esztergom 14763 15231 16059 18206 18220 18283 17543 22537 20363 23459 27367 26575 28730 28357 28255
Szomód 1246 1381 1406 1506 1465 1502 1549 1557 1640 1772 1721 1745 1868 2024 2080
Úny 510 539 516 540 546 565 577 629 605 683 746 756 642 615 682
Császár 2308 2384 2347 2400 2373 2325 2430 2511 2623 2670 2479 2521 2033 1932 1852
Ácsteszér 1048 1054 1029 1000 1073 1044 1007 1031 1003 1099 1004 1055 818 767 715
Bakonybánk 760 717 704 591 644 685 758 735 759 857 770 803 590 526 462
Tata 10336 10776 11678 12712 12069 12155 12664 12974 13927 18205 21144 20660 24814 23591 22754
Dunaalmás 904 1091 1211 1134 1019 982 1063 1158 1295 1567 1565 1545 1403 1533 1454
Leányvár 620 675 763 911 957 987 1317 1543 1364 1515 1631 1651 1571 1691 1720
Nagyigmánd 2022 2288 2407 2463 2527 2732 2710 2778 2989 3271 3386 3396 3275 3181 3043
Vértessomló 854 868 932 880 840 1102 889 954 1022 1272 1275 1277 1303 1312 1363
Tokodaltáró 0 0 0 720 690 838 2228 2745 3110 3212 3195 3215 2909 3081 2928
Ács 4048 4567 4618 4968 5638 5981 6342 6733 7467 8507 8423 8392 7291 7197 6947
Dunaszentmiklós 394 431 482 565 577 592 641 607 714 678 582 588 435 413 431
Ete 1152 1237 1200 1219 1202 1141 1253 1206 1135 1089 995 1004 701 626 624
Bábolna 603 976 1069 1302 1455 2109 1494 1557 1651 2158 2434 2314 3362 3956 3548
Aka 820 874 941 970 843 813 782 762 614 514 451 456 334 283 260
Nyergesújfalu 1603 1981 2468 2290 2736 2536 2536 2719 3961 4840 6656 6338 7854 7805 7604
Súr 1478 1527 1666 1690 1774 1799 1842 1786 1896 2051 1850 1917 1379 1391 1294
Bakonyszombathely 1852 1869 1832 1886 1773 1692 1791 1782 1804 1865 1832 1880 1634 1585 1459
Csatka 676 702 738 751 730 853 918 890 807 787 662 689 364 323 269
Bokod 1796 1776 1828 1785 1734 1770 1642 1732 1751 2506 2393 2397 2294 2275 2136
Várgesztes 339 333 341 373 377 366 363 379 378 474 574 488 510 493 572
Bajna 2010 2217 2348 2359 2099 2123 2188 2007 1913 2142 2291 2251 2133 2037 1963
Réde 1446 1526 1636 1654 1677 1625 1832 1804 1757 1838 1768 1842 1630 1636 1489
Csolnok 1103 1217 1309 1599 1983 2282 2955 3845 3657 4223 4166 4206 3439 3435 3295
Kesztölc 1175 1351 1573 1964 1977 2178 2265 2664 2268 2413 2465 2479 2342 2570 2592
Dad 1087 1233 1146 1152 1229 1317 1100 1051 1086 1178 1092 1116 1040 1093 1049
Dömös 1124 1177 1260 1443 1521 1350 1064 1108 1123 1230 1216 1177 1017 1111 1192
Tarján 1965 2061 2160 2109 2083 2178 2175 2305 2749 2860 2823 2780 2664 2813 2559
Dorog 1161 1163 1363 1966 1949 3943 5863 8182 8855 9994 10754 10452 12820 12623 11933
Naszály 1133 1160 1334 1387 1443 1537 1608 1622 1884 2176 2305 2300 2256 2249 2391
Máriahalom 514 647 631 638 725 750 803 860 591 657 660 653 576 690 648
Gyermely 1321 1420 1513 1597 1598 1623 1535 1414 1377 1344 1246 1242 1169 1300 1405
Kisigmánd 378 399 385 386 357 385 393 357 549 615 640 622 533 529 527
Mocsa 2615 2948 2799 2813 2657 2921 2929 2947 2881 2967 2860 2877 2404 2306 2204
Bakonysárkány 860 915 967 974 1001 973 1044 1106 1242 1322 1361 1401 1016 1004 1010
Dág 602 661 711 752 859 895 950 1237 1130 1229 1270 1265 1040 993 943
Ászár 1196 1217 1342 1524 1536 1528 1457 1556 1659 1840 1818 1858 1707 1653 1749
Bajót 1090 1200 1240 1248 1430 1313 1342 1423 1509 1659 1750 1802 1480 1507 1613
Tát 861 820 937 1082 1198 1253 1491 1598 1984 4477 5623 5669 5372 5494 5390
Tardos 1267 1296 1496 1715 1692 1786 1898 1903 1386 1614 1683 1714 1631 1668 1635
Magyarpolány 1355 1335 1491 1491 1554 1550 1612 1703 1460 1425 1384 1404 1269 1208 1213
Örvényes 218 219 228 226 235 230 215 211 227 199 188 201 172 143 160
Szentgál 3096 3298 3424 3943 3554 3360 3496 3716 3534 3274 3097 3117 2563 2816 2837
Dudar 1245 1211 1268 1261 1186 1174 1251 1324 1597 2082 2019 2084 1774 1725 1719
Küngös 367 372 380 362 317 346 457 467 444 628 621 627 551 562 542
Veszprémfajsz 262 292 309 265 289 281 261 321 291 279 272 277 232 259 257
Borszörcsök 887 877 984 1014 901 854 894 935 838 710 648 670 483 434 402
Lovas 365 357 347 286 304 302 313 394 373 387 406 399 339 385 416
Kisberzseny 372 339 365 379 397 387 350 322 339 302 253 263 146 120 107
Vaszar 1737 1886 1946 1957 2126 2153 2229 2189 2244 2261 2111 2156 1775 1675 1592
Salföld 434 448 547 617 367 360 352 327 333 272 243 255 93 65 66
Csesznek 979 937 884 847 890 880 834 882 917 879 866 852 626 566 576
Csögle 1175 1315 1374 1334 1320 1355 1264 1235 1241 1095 1014 1027 824 748 688
Veszprém 14279 14726 14807 16223 16864 17513 19991 24025 20682 28222 39100 36496 62995 59848 56624
Veszprémgalsa 643 645 709 675 690 681 639 656 659 574 556 570 350 289 268
Márkó 892 883 852 808 793 745 774 801 615 687 733 735 1004 1111 1240
Pusztamiske 522 522 537 639 573 657 681 642 615 715 622 640 459 495 435
Adorjánháza 627 704 805 821 804 827 883 866 770 719 776 782 541 482 402
Béb 438 516 527 518 472 475 505 491 533 413 345 353 242 259 259
Vid 263 268 314 333 345 333 332 330 333 288 231 241 151 125 139
Nagypirit 615 676 760 791 794 791 725 710 718 669 613 629 412 340 276
Doba 973 1046 1193 1205 1063 1003 914 935 911 1275 1227 984 624 592 489
Lesencefalu 662 739 849 874 924 862 878 836 793 715 622 633 372 338 319
Barnag 588 586 555 561 504 460 467 504 410 397 333 346 179 109 138
Bakonyjákó 1783 1840 1971 1938 1976 1893 1874 1948 1404 1090 1021 1049 760 696 677
Mihályháza 887 1004 1083 1185 1178 1303 1292 1173 1192 1207 1124 1160 897 846 794
Ugod 1737 1944 2033 2103 2009 1858 1986 2083 2090 1978 1913 1942 1653 1606 1434
Eplény 232 227 227 212 227 190 215 257 274 453 449 450 410 474 545
Alsóörs 520 523 522 500 551 560 642 725 804 945 965 964 1107 1261 1654
Csetény 1047 1034 1025 1147 1157 1170 1314 1437 1560 1828 1990 2041 2000 2128 1937
Papkeszi 650 678 702 737 789 761 826 1212 1133 1447 1648 1651 1567 1641 1568
Öskü 1289 1421 1457 1328 1377 1473 1723 1984 1869 2139 2294 2299 2252 2310 2254
Sümeg 4491 5029 5462 5517 5814 5431 5600 5674 5499 6110 6429 6288 7034 6964 6437
Káptalantóti 1006 822 910 988 1028 1095 1128 1106 1051 1014 867 888 527 430 465
Takácsi 1416 1469 1440 1444 1476 1413 1441 1455 1532 1493 1353 1377 1022 959 909
Bakonytamási 1140 1223 1216 1212 1210 1181 1313 1310 1308 1330 1153 1160 873 730 692
Csót 1157 1217 1326 1480 1445 3895 1415 1473 1515 1521 1374 1428 1177 1131 1024
Nyirád 1601 1604 1805 1732 1741 1708 1637 1786 1767 2146 2394 2381 1898 1926 1997
Köveskál 1024 962 1098 1017 1086 1006 946 915 800 757 643 656 477 449 373
Balatonederics 952 998 1177 1175 1221 1210 1264 1197 1274 1288 1292 1324 1216 1116 1065
Egeralja 351 406 487 517 493 485 470 480 595 557 430 430 316 279 235
Nagyesztergár 807 804 859 822 898 955 990 1109 1197 1461 1489 1499 1255 1219 1216
Malomsok 1384 1528 1614 1598 1482 1554 1425 1437 1411 1288 980 1011 703 593 535
Szentantalfa 667 604 678 613 538 554 586 535 533 464 384 401 354 397 432
Uzsa 126 124 144 144 144 128 112 96 92 484 613 614 411 396 338
Pápa 16667 17161 16808 20119 22944 22022 24076 26303 24291 27927 30251 30253 33643 33023 31465
Gyulakeszi 871 958 1081 1205 1125 1022 988 949 935 959 852 882 655 740 701
Monostorapáti 1268 1206 1417 1464 1445 1432 1381 1412 1389 1349 1317 1328 1135 1157 1184
Apácatorna 447 401 473 461 468 479 433 429 389 365 335 347 234 192 179
Királyszentistván 258 270 264 233 220 212 330 497 360 350 413 411 322 395 475
Lovászpatona 1939 2204 2295 2363 2420 2391 2375 2298 2418 2316 1980 1999 1430 1367 1244
Zánka 462 460 471 432 515 519 601 701 711 711 762 745 865 931 885
Bakonyszentiván 519 554 543 546 560 628 579 569 538 491 419 433 322 258 218
Nagygyimót 893 1063 1073 1125 1197 1268 1222 1155 1099 1053 930 935 722 637 573
Balatonhenye 679 587 688 674 643 626 617 553 580 502 392 420 222 148 125
Halimba 583 569 583 564 642 631 628 624 694 1174 1251 1214 1076 1178 1158
Zirc 2444 2350 2622 2811 3166 3130 3168 3561 3668 5427 5980 5935 7437 7467 7085
Gógánfa 801 885 929 923 1001 1045 981 973 1097 1145 1054 1061 865 840 853
Sümegprága 605 620 657 679 672 672 718 724 733 778 824 840 712 687 633
Hegyesd 310 297 352 386 380 400 371 355 345 334 300 312 185 168 175
Békás 365 354 386 407 372 387 414 385 394 400 409 399 256 234 210
Bakonynána 851 955 1003 926 984 923 971 971 1201 1198 1245 1268 1030 1017 1050
Noszlop 1800 1749 1892 1786 1756 1790 1654 1561 1567 1432 1299 1334 1153 1124 1043
Pécsely 826 858 826 780 803 776 749 788 857 720 701 730 594 548 548
Rigács 464 517 559 523 551 549 545 505 506 452 383 404 243 193 192
Ajka 4904 5866 6712 6791 7285 7071 7995 9065 11843 20628 25505 24450 34479 32317 29431
Bakonypölöske 485 603 676 695 726 715 773 773 539 686 668 639 474 435 399
Hegymagas 461 448 491 596 628 607 627 632 619 551 471 499 307 273 293
Vanyola 1227 1317 1373 1507 1497 1443 1335 1266 1435 1202 995 1038 708 624 587
Vászoly 615 581 539 474 468 483 475 437 419 330 313 324 222 177 246
Nagyalásony 887 915 924 963 932 921 931 860 862 828 686 701 566 523 484
Öcs 920 804 742 777 612 604 608 569 530 509 452 455 275 227 200
Megyer 164 176 188 172 172 163 135 131 120 114 81 88 60 45 33
Tihany 734 842 893 890 806 848 1036 1027 1172 1310 1390 1379 1284 1391 1425
Kerta 753 809 850 841 870 934 919 858 955 883 863 891 793 762 649
Balatonrendes 141 171 214 167 194 177 254 117 214 172 212 212 154 122 139
Bakonykoppány 453 479 448 465 422 430 453 477 421 419 358 374 273 249 198
Ábrahámhegy 133 132 153 208 507 527 556 679 631 825 665 701 560 481 527
Döbrönte 418 447 500 474 502 488 499 549 395 318 285 297 256 277 253
Nóráp 487 526 535 559 464 513 487 485 444 341 306 323 251 243 218
Badacsonytördemic 704 709 888 941 1212 1420 1477 1639 1433 1472 1372 1418 966 890 917
Zalahaláp 622 691 687 703 775 900 1360 1456 1364 1202 1165 1188 936 1096 1277
Vöröstó 332 368 397 342 300 291 300 318 298 240 211 217 113 106 88
Pápadereske 507 531 467 449 467 454 408 442 401 361 332 329 283 273 283
Taliándörögd 1139 1169 1254 1195 1202 1187 1233 1194 1196 1117 991 1011 799 738 700
Pápateszér 1319 1251 1580 1633 1714 1897 1938 1950 2044 1881 1649 1689 1301 1311 1213
Káptalanfa 945 1074 1215 1183 1171 1117 1187 1159 1180 1164 1113 1133 910 905 861
Nemesszalók 962 1013 1030 1090 1143 1219 1224 1208 1122 1111 1063 1064 1008 1039 962
Mencshely 815 747 835 723 635 634 599 553 561 493 433 443 303 241 250
Tótvázsony 1690 1877 2019 1772 1623 1599 1544 1687 1579 1524 1372 1381 1153 1184 1278
Kamond 868 894 973 980 967 1013 906 801 785 818 825 793 559 457 418
Tés 1671 1636 1588 1498 1551 1420 1583 1472 1470 1544 1433 1458 1115 981 868
Pula 487 489 530 507 496 470 493 465 416 380 327 326 218 237 206
Balatonszepezd 318 341 414 347 428 396 512 648 740 689 585 615 498 331 391
Dabronc 755 843 903 995 1009 1130 1128 1073 1072 989 891 908 552 519 469
Kékkút 285 310 355 344 327 316 264 260 254 227 190 191 88 61 90
Zalameggyes 156 180 175 188 194 187 186 162 178 147 132 141 70 56 53
Oroszi 558 510 517 547 514 525 456 544 445 436 391 401 197 160 139
Szápár 546 478 465 486 657 532 523 505 492 675 677 689 570 552 501
Szentjakabfa 240 228 267 251 260 254 251 216 199 194 171 181 144 132 117
Szentimrefalva 468 493 553 592 617 567 551 533 510 449 383 392 285 223 224
Olaszfalu 1430 1395 1394 1305 1329 1209 1314 1432 1503 1420 1323 1338 1153 1130 1134
Lókút 1129 1162 1245 1143 1148 1114 1211 1393 1063 1008 1024 1025 582 508 433
Nemesvita 1161 1113 1192 1130 1092 1075 1141 1053 961 866 792 812 437 387 348
Somlóvásárhely 1827 1791 1920 1894 1833 1773 1646 1544 1563 1564 1419 1451 1152 1153 1181
Berhida 2527 2434 2395 2471 2753 2762 3310 3910 4062 5165 5781 5625 5378 5859 5956
Balatonakali 309 303 296 264 296 331 353 317 337 407 421 441 609 667 693
Tüskevár 1028 1084 1243 1213 1193 1177 1031 1061 1057 957 884 878 689 583 580
Vigántpetend 570 605 685 632 563 567 592 520 447 421 359 369 252 219 220
Hajmáskér 929 880 887 854 959 2369 2244 4711 1545 1669 1584 1592 1318 2850 2963
Gic 346 317 342 412 388 469 460 418 505 512 534 530 383 510 388
Kemenesszentpéter 1016 1007 935 998 986 987 1122 1194 1141 1215 1078 1120 892 823 679
Sáska 619 627 713 668 623 693 679 637 622 514 491 493 325 292 297
Marcalgergelyi 397 444 401 439 421 484 467 473 467 678 649 669 543 472 403
Kapolcs 1226 1103 1222 1099 1076 935 937 912 930 827 753 765 455 462 380
Gecse 814 856 831 810 815 767 777 801 826 852 827 843 544 502 415
Bánd 665 724 749 756 649 665 646 705 643 593 613 628 573 649 683
Bakonyszücs 764 818 817 769 781 737 847 871 902 689 599 627 421 375 335
Nagydém 955 903 910 931 965 850 813 914 948 839 699 720 454 421 378
Borzavár 923 861 883 1000 1013 963 1145 1272 1190 1201 1198 1203 869 814 748
Badacsonytomaj 1155 1166 1560 1653 2288 2202 2656 2719 2977 3084 2933 2992 2608 2314 2341
Nemesgörzsöny 938 926 978 954 913 935 1008 929 906 979 899 920 813 804 735
Balatonalmádi 857 954 1109 1298 1528 1718 2552 4035 4537 5751 6660 6617 7988 7735 8722
Balatoncsicsó 549 530 587 533 464 453 452 450 456 409 345 357 186 175 219
Jásd 1083 1144 1141 1041 969 1027 1053 1082 1054 1111 1147 1159 937 860 769
Ganna 808 894 843 861 884 889 864 876 608 456 433 446 406 297 291
Bakonyoszlop 920 908 1028 969 1032 992 981 1056 953 879 824 827 565 555 457
Csehbánya 249 268 293 348 395 378 438 412 405 367 420 436 310 292 281
Ukk 536 565 639 685 708 730 758 732 718 705 586 599 405 382 350
Hárskút 445 468 491 522 634 754 710 821 627 727 661 678 611 623 689
Bodorfa 290 328 367 377 326 317 298 289 279 247 242 250 162 147 113
Úrkút 709 728 853 868 1092 1060 1369 1914 2239 2822 2931 2919 2287 2240 2121
Vinár 224 221 208 272 182 170 196 187 228 242 243 243 227 262 237
Hidegkút 665 742 717 686 677 639 702 716 653 557 503 521 378 401 434
Paloznak 269 263 311 323 320 324 303 339 367 389 380 399 327 357 461
Herend 846 874 916 901 1218 1181 1246 1530 1503 2103 2397 2392 3119 3367 3482
Kispirit 269 312 343 319 329 313 328 287 284 259 217 226 130 115 83
Nagyacsád 537 516 542 638 709 777 861 882 929 909 922 951 729 720 646
Devecser 3381 3685 4339 4545 4562 4233 4305 4427 4466 5741 5482 5533 5453 5161 4676
Monoszló 520 468 535 457 485 424 436 428 371 314 294 295 169 152 125
Csopak 683 540 614 656 710 683 798 1012 1076 1380 1468 1470 1447 1506 1875
Szentkirályszabadja 1502 1562 1336 1342 1479 1326 1490 1717 1357 1409 1587 1586 1681 2013 2015
Lesencetomaj 1152 1107 1154 1282 1265 1223 1209 1596 1148 1408 1378 1399 1147 1175 1181
Dáka 851 913 875 867 942 963 835 860 883 890 731 763 602 625 663
Porva 913 816 834 845 837 755 902 892 830 780 770 779 492 502 453
Zalaszegvár 343 406 460 488 492 525 489 403 403 379 327 334 188 150 151
Csabrendek 3171 3201 3378 3433 3297 3111 3406 3315 3419 3305 3045 3137 3070 3123 3107
Németbánya 365 403 451 456 455 521 419 428 249 249 199 209 108 86 98
Magyargencs 1534 1451 1564 1500 1447 1460 1471 1399 1362 1256 1104 1141 781 650 525
Balatonkenese 1697 1786 1657 1567 1758 1805 2409 3224 2951 3974 4122 4019 3635 3417 3378
Várpalota 6295 6088 5882 6177 6374 5952 6468 9052 9836 18151 20824 19921 22076 21597 20471
Gyepükaján 547 563 631 639 705 679 803 777 718 650 571 582 428 374 359
Mindszentkálla 833 766 813 887 917 976 912 889 824 767 674 702 386 356 265
Kup 837 984 1017 984 943 896 864 835 799 718 559 578 474 463 469
Iszkáz 1047 1049 1140 1150 1177 1228 1042 1044 1053 897 772 806 557 433 361
Balatonfüred 2257 2393 2409 2421 3015 3346 4037 4788 5335 7561 9736 8193 12992 12724 13067
Karakószörcsök 680 673 713 697 725 711 569 489 518 502 422 433 347 350 301
Szentbékkálla 764 669 723 759 800 774 729 702 674 509 441 465 271 225 207
Nagyvázsony 2375 2656 2625 2511 2337 2132 2131 2128 2077 1919 1788 1816 1840 1845 1774
Pápakovácsi 678 773 837 837 848 831 700 684 717 614 634 639 618 612 589
Hosztót 376 331 369 396 351 391 373 360 305 302 247 258 130 99 73
Kisapáti 353 458 492 542 654 718 756 754 713 662 583 601 391 357 324
Balatonudvari 264 278 344 245 284 310 283 290 251 327 329 339 319 319 354
Litér 463 474 452 474 447 484 633 1002 1520 1621 1842 1816 1837 2027 2130
Bazsi 664 664 709 844 860 931 956 932 949 854 771 794 523 484 410
Adásztevel 1614 1523 1538 1422 1362 1377 1238 1211 1213 1025 993 1021 893 889 864
Tagyon 191 174 213 204 208 188 194 169 191 158 132 134 110 96 91
Csajág 1278 1273 1209 1042 1054 1047 973 1111 1034 1186 1180 1179 903 888 896
Bakonybél 1414 1321 1320 1482 1287 1302 1408 1496 1721 1806 1699 1735 1631 1519 1309
Bakonyszentkirály 1041 1103 1073 1065 1104 1073 1185 1161 1196 1235 1111 1134 963 968 936
Kolontár 654 567 767 691 723 808 841 769 845 980 911 923 776 821 743
Nemesgulács 649 610 688 688 920 1006 1178 1049 1104 1174 1157 1182 1104 1065 948
Nemeshany 725 757 807 743 676 695 682 678 673 638 574 575 413 433 428
Révfülöp 147 148 168 165 276 489 693 804 1025 1313 1216 1237 1275 1115 1181
Bakonyság 411 460 398 405 407 404 461 462 478 442 326 334 130 101 68
Pápasalamon 702 689 826 916 1137 1167 1131 1232 1240 1017 788 810 430 393 365
Dörgicse 885 864 917 848 744 765 723 717 758 616 570 586 315 266 272
Dabrony 652 733 768 774 779 735 741 793 879 846 719 735 493 443 396
Nagytevel 790 866 940 871 920 952 935 909 827 705 688 696 573 524 532
Vilonya 540 521 486 479 455 458 489 663 613 639 719 719 609 632 661
Raposka 255 241 260 298 360 359 368 388 382 390 314 325 210 241 244
Szigliget 804 836 903 1023 1032 1019 1171 1132 1222 1277 1397 1384 1133 969 880
Lesenceistvánd 915 897 1042 1043 1154 1119 1120 1074 1093 1138 1085 1117 974 962 998
Nemesvámos 1566 1609 1559 1435 1479 1480 1554 1571 1529 1627 1719 1697 2218 2602 2637
Somlóvecse 484 436 501 495 505 490 433 406 384 312 245 259 140 102 97
Tapolca 5073 5869 6950 7069 7940 8294 8925 8745 8335 9720 12274 12400 18857 17994 16491
Óbudavár 205 172 191 191 168 114 123 107 108 94 97 104 67 57 55
Sóly 494 522 462 476 459 423 430 468 413 458 461 457 302 394 458
Homokbödöge 1206 1165 1209 1195 1212 1200 1154 1134 1089 1040 938 963 807 749 743
Nagyrákos 456 499 501 513 533 567 630 637 657 553 520 529 357 330 294
Hercegszántó 3743 3510 3688 3716 3872 3680 3983 4179 4324 3895 3408 3485 2580 2384 2130
Hajós 3597 3515 3867 3870 3963 4317 4730 4848 5529 4751 4224 4340 3834 3594 3172
Helvécia 781 739 833 982 1745 1899 2314 2628 2993 3963 3500 3569 3040 3917 4367
Szentkirály 2229 2387 2624 3074 3143 3162 3389 3454 3629 3405 2874 2911 2007 2021 1905
Bácsalmás 7837 7653 8091 8888 8960 8635 9830 10378 10623 9514 9025 9099 8114 7751 6982
Kunszállás 927 1039 1254 1417 1866 1954 2105 2589 2411 2365 2250 2316 1670 1710 1694
Kelebia 0 0 0 0 0 1610 3138 3447 4192 3804 3460 3576 3022 3019 2692
Kunpeszér 138 296 382 406 490 382 389 568 920 890 730 720 705 717 686
Szakmár 1931 1882 1943 2120 2092 2396 2671 2661 2786 2747 2284 2317 1592 1461 1244
Vaskút 4660 5101 5258 5039 5196 4594 4907 4705 5086 4395 4291 4330 3894 3631 3514
Bátmonostor 2056 2385 2656 2719 2677 2449 2629 2583 2456 2217 2066 2084 1774 1753 1583
Jászszentlászló 847 1345 2195 2285 2748 2901 3086 3174 3407 3216 2965 3037 2838 2670 2504
Szalkszentmárton 3217 3455 3483 3520 3545 3736 3828 3919 3927 3652 3417 3474 2949 3039 2927
Ágasegyháza 276 495 687 749 1301 1484 1783 2014 2123 2346 2328 2357 1998 1927 1913
Kunszentmiklós 5963 6929 7309 8178 8787 8675 8434 8241 8261 8233 7976 7998 8731 9053 8558
Tataháza 1504 1693 1764 1814 1675 1703 1862 1926 2012 2021 1876 1895 1624 1501 1312
Mátételke 691 726 791 806 758 768 772 893 1080 1129 1093 1115 749 653 504
Sükösd 3513 3590 3884 3922 4219 4130 3951 4163 4578 4577 4507 4537 4191 4099 3779
Csikéria 508 534 1207 1340 1511 1805 1975 2050 2053 1738 1458 1515 1071 988 934
Akasztó 2186 2397 2467 2878 3362 3688 4224 4033 4443 4436 4203 4431 3803 3594 3505
Kaskantyú 316 300 331 645 1046 1057 1263 1420 1528 1686 1585 1594 1081 1131 1018
Csávoly 2719 3133 3113 2846 3007 2869 3104 3253 3368 3007 2580 2589 2135 2075 1936
Nagybaracska 2830 2821 3297 3677 3632 3343 3515 3507 3486 3468 3271 3303 2741 2519 2321
Lakitelek 1588 1527 1817 2137 2509 2772 3699 3943 4565 4739 4503 4562 4494 4466 4551
Újsolt 522 521 596 594 713 802 867 991 915 791 592 603 198 191 161
Ladánybene 150 300 328 1338 1785 2056 2257 2409 2285 2095 1729 1776 1605 1700 1608
Dunaszentbenedek 1486 1582 1681 1552 1509 1456 1412 1480 1465 1357 1334 1348 1091 977 893
Harkakötöny 236 278 365 620 755 794 913 1009 1252 1313 1095 1100 1020 1031 921
Harta 3269 3248 3761 4067 4196 4254 4684 4913 5805 6015 4728 4788 4188 3989 3556
Géderlak 1441 1470 1670 1650 1493 1569 1580 1501 1631 1593 1405 1428 1210 1094 1092
Újtelek 612 597 616 672 690 661 728 722 751 819 851 859 604 520 382
Homokmégy 2189 2246 2736 2656 2879 2858 3062 3043 3172 3001 2586 2643 1748 1607 1438
Jakabszállás 0 0 1071 1126 1704 1999 2208 2471 2872 2963 2903 2978 2688 2624 2633
Imrehegy 289 328 385 435 1059 1426 1546 2090 2058 2092 1606 1630 830 859 737
Balotaszállás 674 622 1078 1897 2361 2642 3068 3238 3603 3326 2684 2723 1809 1666 1523
Borota 117 73 547 722 2724 3244 3751 4049 4444 3808 2806 2867 1808 1596 1468
Érsekhalma 232 226 360 360 517 392 474 484 554 833 889 878 708 726 646
Drágszél 591 545 544 554 506 501 539 546 564 567 528 541 389 395 350
Páhi 657 505 475 1474 1839 2005 2189 2450 2472 2267 2021 2071 1506 1308 1211
Kömpöc 510 661 795 908 1049 1095 1295 1309 1335 1359 1213 1249 892 827 727
Miske 2588 2516 2774 2663 2823 2732 2761 2813 2808 2526 2390 2400 2010 1937 1842
Madaras 4763 5026 5733 6010 5464 5283 5928 6477 5845 5177 4519 4609 3454 3337 3063
Rém 244 523 802 1104 1367 1539 1618 1820 1947 1900 1686 1749 1496 1448 1342
Városföld 1348 1403 1521 1765 1928 2113 2187 2487 2486 2216 2194 2202 2265 2282 2173
Izsák 3222 3454 4285 5549 7138 7216 7417 7988 8270 8609 7686 7829 6644 6092 5848
Szabadszállás 5176 6295 6070 6947 7823 8014 8338 8752 8886 8799 8223 8322 6960 6642 6460
Kunadacs 315 676 872 928 1120 874 890 1297 2102 2378 1972 2043 1687 1763 1539
Tabdi 89 129 237 363 785 936 1211 1368 1635 1563 1450 1452 1242 1203 1122
Jánoshalma 7671 8386 8863 9116 11583 12036 13107 14052 14042 13204 12534 12786 10588 9813 9174
Érsekcsanád 1941 1985 2023 1856 1947 2094 2116 2226 2278 2301 2289 2297 2663 2847 2858
Dunafalva 939 982 1080 1124 844 925 1793 1124 1422 2212 1855 1872 1320 1065 935
Dunaegyháza 2239 2271 2230 2099 2186 2167 2056 1883 1800 1831 1886 1924 1528 1460 1472
Tiszakécske 6143 7303 9785 10660 11514 12190 13149 13460 13590 13207 12378 12617 11986 11773 11526
Orgovány 529 911 1344 1952 3020 3333 3704 4096 4329 4416 4320 4411 3719 3520 3372
Kecel 4548 5020 5948 6641 7987 8449 9489 10449 11132 10585 10493 10614 9364 9228 8832
Fülöpjakab 742 830 1003 1133 1358 1369 1511 1649 1678 1632 1279 1302 1098 1143 1136
Bócsa 676 769 932 1246 2398 2192 2853 3153 3163 2941 2645 2675 1971 1850 1809
Solt 5127 5124 5852 5837 6252 6631 6496 6814 7295 7182 6912 6935 7324 7153 6693
Kunfehértó 246 138 351 745 1000 1198 1279 1457 1678 2366 2588 2665 2356 2357 2166
Ordas 1022 952 860 868 849 812 908 895 945 811 711 730 600 512 456
Tiszaalpár 3292 3641 4650 5190 5329 6102 7174 7236 7427 6828 5972 6181 5256 5042 4971
Csólyospálos 1621 1845 2226 2524 2598 2759 2819 2983 3123 2805 2619 2647 1965 1908 1685
Baja 21248 22397 23024 23681 24588 22522 27736 32084 27936 30263 34689 33931 38042 37153 35688
Mélykút 6239 7218 7833 8017 7759 7425 7787 7896 8443 8168 7640 7756 6396 5886 5481
Kunbaja 2703 2442 2586 2544 2769 2558 3056 2920 3465 2326 2248 2301 2081 1797 1652
Tázlár 334 392 515 876 2268 2447 3103 3147 3408 2994 2466 2559 1924 2039 1779
Gara 3878 4051 4066 3898 4087 3628 4124 3941 4534 3905 3542 3408 2643 2695 2353
Soltszentimre 214 296 575 783 1073 1351 1391 1558 1680 1746 1656 1703 1404 1401 1344
Kiskunmajsa 7161 9153 10869 12341 14365 14473 15069 15608 15668 15339 14439 14416 12374 11996 11365
Tass 2566 2617 2820 2983 2753 3048 3302 3011 3165 3052 3037 3051 2744 2932 2994
Kiskunfélegyháza 19677 20208 24475 27290 28594 30528 31754 31812 31470 33126 34073 34298 34298 32036 29769
Pirtó 450 500 550 600 700 945 999 989 1161 1010 964 975 981 1037 980
Uszód 2130 2121 2264 2355 2230 1962 1976 1945 1968 1852 1608 1662 1294 1150 1105
Fülöpháza 1219 1262 1553 1718 1799 1954 2058 2193 1763 1669 1463 1474 940 936 855
Ballószög 771 812 918 1100 1315 1430 1626 1940 2115 2289 1965 1981 1984 2665 3260
Kéleshalom 219 239 253 260 1093 1364 1689 1833 2080 1844 1489 1491 634 559 446
Lajosmizse 2797 4454 6371 7530 8956 9899 11276 11030 11442 12393 12137 12355 11090 11011 11023
Bugac 1200 1153 1392 1636 1896 2682 3527 4447 5072 4973 4547 4689 3358 3108 2759
Bácsbokod 3524 3585 4131 4244 4077 3916 4440 4262 4752 4050 3744 3747 3277 3101 2789
Dusnok 2892 2997 3382 3443 3372 3172 3348 3456 3757 3831 3885 3909 3618 3428 3118
Tompa 0 0 1936 5144 6670 5083 5739 5936 6577 6055 5365 5525 4916 4821 4464
Katymár 5070 4547 4991 5088 5456 4622 4818 4992 4799 3856 3488 3531 2601 2376 2135
Kunbaracs 301 365 459 504 575 740 1249 1500 1704 1453 1096 1137 680 684 633
Kalocsa 9504 9116 10788 11398 11769 12369 11930 12389 11577 13663 16117 15569 18166 18181 17008
Pálmonostora 3173 3043 2438 2736 3142 3373 4124 4114 4092 3745 3030 3151 2208 2073 1876
Bácsszentgyörgy 409 408 477 532 510 524 514 532 566 513 421 428 271 197 171
Zsana 675 776 943 1130 1106 1624 1816 1897 2177 2098 1613 1670 953 877 826
Apostag 2354 2486 2292 2220 2585 2666 2687 2680 2857 2783 2531 2593 2228 2138 2103
Csátalja 1482 1774 2042 2199 2420 2418 2677 2758 2914 2405 2156 2206 1872 1704 1502
Gátér 0 0 666 750 643 996 1214 1275 1548 1548 1428 1477 1179 1067 981
Kisszállás 1760 1788 1794 1783 1780 2067 2278 2667 4570 4710 4009 4102 3188 2919 2587
Bugacpusztaháza 171 164 195 229 297 345 381 360 480 534 427 446 406 363 265
Fülöpszállás 2597 2688 3308 3659 4158 4208 4391 4290 4845 4456 3830 3917 2756 2507 2301
Kiskunhalas 9850 11560 12631 13751 16547 17758 19789 23714 22547 23899 26668 26573 29431 29379 28491
Császártöltés 1876 1933 2464 2649 2859 3166 3391 3670 4671 4316 3720 3767 3203 2756 2467
Dunapataj 5806 5863 5846 5627 5822 5996 5905 6092 6368 5589 4852 5061 3923 3649 3330
Bátya 3343 3170 3389 3469 3627 3579 3536 3472 3483 3320 3024 3054 2449 2321 2184
Dávod 3395 3261 3697 3497 3644 3635 4068 4177 4048 3722 3247 3304 2685 2304 2069
Tiszaug 714 746 919 946 1012 1005 1269 1340 1454 1448 1327 1369 989 924 952
Dunatetétlen 596 592 687 744 820 824 797 962 875 906 811 830 699 658 577
Bácsborsód 772 1071 1131 1140 1424 1429 1845 1875 2211 2038 1776 1774 1365 1309 1214
Szank 767 900 1245 2047 2501 2488 2907 3185 3842 3045 2989 3000 2746 2552 2504
Szeremle 2192 2272 2225 2082 2031 1684 1846 1882 2073 1894 1773 1788 1663 1611 1467
Dunavecse 4433 4713 4382 4384 4757 4815 4743 4377 4763 4908 4521 4589 4129 4244 3932
Kerekegyháza 1898 2395 2969 3604 4450 4836 5262 6020 6312 6168 5876 5949 5861 6050 6244
Móricgát 229 394 545 896 1329 1334 1369 1475 1034 1374 1166 1187 771 606 471
Kecskemét 32830 35122 38439 46059 52270 55153 58169 63256 61730 71226 82545 81166 100464 103312 107407
Nemesnádudvar 2000 2106 2373 2725 2770 2639 2831 3026 3462 3147 2585 2619 2247 2096 1950
Fajsz 3461 3695 3754 3665 3469 3258 3045 2934 2925 2886 2641 2678 2182 1954 1757
Soltvadkert 3687 3929 5435 6510 7734 8107 8470 8843 8923 8381 8046 8168 7754 7728 7493
Egyházashollós 841 910 1056 1075 1076 1128 1068 1017 1013 844 837 847 657 585 565
Kenéz 356 371 384 408 491 494 502 486 486 475 446 447 294 297 270
Bögöte 525 598 669 730 712 726 716 678 668 668 604 612 419 323 290
Répceszentgyörgy 327 384 381 359 376 437 394 421 452 403 367 370 198 132 116
Pinkamindszent 693 728 791 829 783 706 699 640 652 489 403 427 206 161 162
Kemestaródfa 429 453 468 497 558 568 570 537 573 456 403 411 271 240 234
Csörötnek 653 736 871 986 1040 1042 1190 1288 1244 1187 1200 1214 1026 972 947
Döröske 250 261 373 386 422 401 436 436 416 350 268 279 151 114 83
Oszkó 995 1082 1103 1258 1410 1437 1456 1331 1402 1277 1088 1140 724 703 693
Magyarnádalja 166 154 193 184 216 214 255 229 256 289 277 278 188 192 221
Vasegerszeg 692 701 741 685 702 689 651 608 655 599 534 541 410 406 380
Sótony 569 676 798 848 944 1065 1038 1001 1082 1080 1006 1026 759 748 667
Vásárosmiske 631 684 694 708 709 781 800 759 738 743 650 663 446 381 349
Mikosszéplak 720 787 886 943 1008 1027 1035 984 964 897 719 743 435 360 349
Csepreg 3006 3630 3529 3733 3728 3838 3789 3718 3939 3928 3549 3614 3452 3412 3282
Simaság 507 577 623 673 673 650 752 696 779 942 934 852 704 677 584
Zsédeny 337 375 353 337 338 373 389 383 396 399 370 378 266 223 182
Vámoscsalád 631 666 681 762 717 779 768 670 670 624 553 566 469 414 308
Bérbaltavár 1023 1405 1485 1593 1506 1574 1599 1385 1393 1237 989 1045 714 593 573
Kondorfa 743 885 1063 1211 1284 1392 1552 1638 1572 1473 1243 1285 769 691 526
Ivánc 632 805 861 869 972 878 1051 1068 1003 1057 1027 1071 778 737 713
Szarvaskend 483 592 641 668 647 679 652 680 679 590 484 500 309 259 221
Gór 508 614 619 567 603 584 556 492 501 441 396 403 263 256 290
Porpác 412 381 406 425 477 508 396 362 399 415 372 375 201 151 146
Rátót 221 182 210 295 363 320 302 315 342 318 306 316 295 265 244
Velemér 408 430 419 446 438 428 393 372 337 281 232 224 113 107 70
Csénye 711 777 899 942 1091 1098 1119 922 958 976 871 873 576 613 710
Kisrákos 358 398 445 454 454 459 493 493 487 446 402 411 302 251 217
Rábagyarmat 862 923 997 1058 1105 1107 1213 1233 1221 1163 1172 1200 971 928 822
Olaszfa 675 790 1061 1130 1138 1280 1276 1257 1257 1087 928 962 617 526 411
Pecöl 775 747 945 1005 1106 1177 1247 1168 1214 1219 1085 1108 918 834 823
Hegyhátszentmárton 264 259 266 297 327 303 302 280 299 228 170 172 88 68 59
Szakonyfalu 464 460 630 680 558 579 579 642 655 526 525 529 414 371 364
Meggyeskovácsi 1219 1258 1450 1581 1452 1574 1547 1586 1532 1505 1355 1396 850 758 707
Hegyhátszentpéter 307 328 351 406 434 402 475 479 472 428 356 376 233 199 156
Halogy 488 372 507 618 714 770 799 777 652 640 581 594 384 319 280
Csehi 585 597 643 720 737 739 748 750 768 655 540 555 370 321 276
Daraboshegy 0 125 154 197 275 280 345 355 330 297 246 252 138 111 97
Uraiújfalu 1121 1059 1027 1172 1240 1280 1207 1153 1233 1199 1189 1199 1062 969 904
Rábahídvég 1393 1347 1479 1345 1433 1535 1689 1580 1588 1563 1472 1498 1131 1074 1014
Apátistvánfalva 830 766 833 898 753 777 779 779 794 662 615 629 465 416 379
Nádasd 1132 1181 1403 1467 1795 1715 1773 1848 1741 1595 1528 1545 1331 1378 1389
Kerkáskápolna 277 327 324 328 362 336 366 387 357 250 204 210 128 111 78
Hegyhátsál 234 284 336 311 327 342 374 345 342 291 289 295 217 180 159
Magyarszombatfa 596 684 759 697 724 695 704 663 678 574 513 541 391 306 259
Káld 1415 1504 1596 1637 1748 1714 1740 1646 1700 1714 1644 1654 1275 1224 1131
Egyházasrádóc 1050 1200 1337 1434 1458 1489 1617 1632 1676 1577 1561 1598 1347 1387 1358
Vasszentmihály 397 469 597 607 720 714 739 753 733 622 549 548 412 371 345
Pácsony 454 529 588 575 544 540 602 499 534 507 481 492 380 327 291
Bajánsenye 781 798 939 1044 1157 1103 1095 1098 1140 946 868 887 705 596 524
Répcelak 972 1059 1025 1109 1195 1231 1460 1373 1463 1563 1997 1944 2952 2886 2726
Vasvár 2725 3199 3684 4446 4700 4808 5124 5121 5061 4821 4706 4786 4929 4745 4486
Ispánk 209 245 237 243 236 244 241 233 249 201 158 165 93 120 105
Nick 495 665 660 775 837 867 879 819 805 777 769 790 635 581 523
Döbörhegy 379 442 502 569 545 599 632 650 653 549 456 476 229 205 150
Csehimindszent 560 750 798 881 915 941 841 809 832 795 651 691 480 438 370
Sárfimizdó 159 188 197 234 249 274 331 368 350 332 260 267 156 124 90
Alsószölnök 573 681 726 723 687 711 713 726 717 567 569 582 474 442 367
Csánig 474 518 495 508 502 517 562 532 576 554 516 525 475 446 363
Kám 581 563 720 742 833 810 863 866 806 759 691 702 482 504 403
Viszák 380 433 481 501 535 543 612 570 528 484 457 459 361 315 266
Egervölgy 533 607 625 733 842 969 999 979 1001 963 815 856 497 412 363
Pankasz 373 408 470 521 539 582 643 658 723 666 696 703 588 506 478
Kétvölgy 345 398 423 431 399 400 390 385 369 322 286 303 166 141 110
Nemesrempehollós 646 602 689 681 714 726 732 694 706 664 534 549 344 301 294
Chernelházadamonya 399 434 411 475 465 477 449 407 423 393 354 362 254 218 201
Sitke 1063 1220 1342 1390 1328 1775 1432 1321 1378 1298 1168 1188 750 679 677
Tömörd 654 671 731 723 718 630 606 523 480 469 444 456 297 284 266
Hegyháthodász 270 290 356 452 403 424 470 483 463 460 382 386 230 189 173
Rádóckölked 539 604 582 589 634 602 583 543 592 525 442 456 304 281 273
Hegyhátszentjakab 383 438 485 557 599 577 689 600 619 580 509 520 373 305 287
Jákfa 1048 1022 1126 1147 1190 1314 1284 1168 1212 984 845 879 633 571 508
Szentgotthárd 4384 4945 5660 6869 7547 7648 8119 8512 8109 7794 8187 8255 8983 9076 8629
Csipkerek 696 705 769 924 1016 1138 1202 1215 1199 1092 975 1006 561 437 347
Katafa 251 271 346 418 465 528 587 599 545 529 486 490 380 384 364
Magyarlak 564 592 664 718 777 787 877 951 899 872 918 922 851 853 777
Orfalu 292 311 340 364 288 281 259 263 253 189 146 150 79 56 68
Alsóújlak 654 709 812 908 974 1162 1208 1260 1193 1126 1029 1057 738 655 650
Bögöt 259 345 359 387 391 409 412 458 527 569 528 532 422 388 402
Bejcgyertyános 721 769 850 921 1009 1048 1142 1050 1024 983 882 911 620 533 454
Nagymizdó 320 311 384 423 442 412 414 431 438 389 322 325 190 149 126
Vasalja 537 555 552 668 720 648 658 600 595 570 532 540 378 340 321
Szeleste 692 725 834 765 826 1046 998 943 1035 1052 961 978 757 672 671
Lócs 496 499 523 554 508 522 521 467 478 384 300 322 163 132 120
Hegyfalu 775 838 960 958 948 1066 998 905 990 1292 1108 951 686 699 772
Rábapaty 1493 1664 1850 1892 2061 2113 1971 1903 1992 1939 1908 1915 1659 1791 1665
Sajtoskál 427 519 516 547 546 568 526 519 568 608 558 566 415 448 381
Szemenye 525 555 632 686 791 876 923 941 909 835 721 732 403 373 320
Nagykölked 356 406 412 434 447 407 404 348 348 322 222 236 134 151 168
Hosszúpereszteg 1670 1708 1839 1839 1846 1872 1929 1880 1962 1735 1380 1413 1059 820 686
Megyehíd 310 349 362 409 459 448 477 455 494 449 417 419 339 319 326
Telekes 392 432 542 625 709 820 836 977 999 987 870 890 572 596 569
Nemesládony 532 623 536 487 526 560 517 461 471 421 319 331 198 135 140
Harasztifalu 414 446 481 436 467 392 405 374 357 348 307 315 189 183 158
Szaknyér 154 145 169 202 210 217 216 181 186 160 140 140 83 71 56
Rönök 1483 1649 1949 1820 1694 1517 1474 1527 1205 733 652 695 481 491 424
Mesterháza 266 300 318 294 299 321 325 314 369 352 292 296 195 168 145
Andrásfa 441 482 615 635 720 741 733 741 728 721 607 647 356 285 277
Bük 2709 3030 2791 2848 2965 2804 2552 2447 2648 2683 2563 2605 2936 3122 3310
Ikervár 1390 1470 1633 1791 1981 2253 2294 2230 2345 2203 2083 2161 1780 1870 1786
Körmend 5429 6070 6835 7977 8901 9349 8949 8654 8501 8719 9942 9956 12294 12646 11852
Gersekarát 687 778 955 1115 1250 1447 1489 1534 1563 1490 1180 1229 869 805 695
Tompaládony 855 932 867 883 881 829 814 716 771 676 585 604 421 342 301
Nagygeresd 676 623 696 684 698 720 701 669 702 650 576 582 376 322 275
Csákánydoroszló 1225 1356 1586 1677 2194 1914 1959 1974 1965 1949 1818 1849 1808 1802 1802
Püspökmolnári 925 1163 1281 1315 1185 1292 1290 1249 1316 1281 1220 1238 949 971 928
Nagytilaj 459 572 699 678 755 867 921 854 910 783 581 602 277 184 137
Tormásliget 267 322 314 332 375 354 346 292 312 420 530 528 391 366 315
Nemesmedves 289 296 340 332 365 404 365 367 196 59 50 50 16 23 19
Gasztony 648 695 801 735 818 905 875 834 894 795 749 763 568 499 443
Halastó 174 196 259 282 321 378 449 494 494 410 286 312 171 139 99
Gérce 1730 1739 1867 2038 2117 2170 2077 2002 1981 1932 1685 1721 1245 1192 1122
Iklanberény 174 150 152 155 166 170 171 130 134 125 101 103 38 41 36
Pósfa 309 348 351 325 319 402 415 433 447 415 392 388 289 295 267
Kercaszomor 530 536 534 596 553 616 621 655 723 633 504 538 298 259 211
Sárvár 5184 5960 6626 7886 10223 11232 10662 12923 11337 12435 12754 12809 16208 15846 15155
Vashosszúfalu 650 780 822 882 893 1035 966 905 963 934 865 887 557 459 362
Ólmod 206 242 272 298 270 309 284 248 297 239 163 187 82 89 100
Peresznye 572 576 636 697 744 816 777 773 841 826 823 840 613 618 640
Nemescsó 320 364 361 389 421 462 423 391 412 444 429 431 335 312 298
Bozsok 690 682 692 738 706 721 761 686 717 556 478 486 406 382 338
Velem 334 381 373 399 392 421 430 406 490 406 353 375 299 331 326
Pusztacsó 248 277 318 281 263 300 300 271 275 240 202 202 157 166 151
Cák 211 275 291 278 313 278 315 347 355 295 267 272 231 247 290
Lukácsháza 648 649 711 739 789 836 773 874 880 914 979 991 967 999 1086
Horvátzsidány 764 907 918 958 1051 1111 1126 1204 1163 1049 963 992 862 869 826
Gyöngyösfalu 682 713 774 792 787 782 922 1067 985 1046 1018 1014 920 1098 1127
Salköveskút 574 623 643 690 673 701 722 709 733 696 588 589 453 421 472
Bozzai 408 392 429 479 453 461 427 448 452 472 364 368 308 331 314
Sorkifalud 842 889 923 950 1052 1082 1066 938 1055 1011 933 910 733 671 663
Vát 687 650 766 920 919 934 776 789 851 872 783 795 699 703 701
Perenye 698 824 818 902 846 912 854 945 849 800 713 716 640 631 693
Vasszilvágy 557 558 551 604 558 666 691 660 673 662 571 585 406 384 404
Rábatöttös 524 496 493 556 509 599 537 504 550 488 422 438 286 258 205
Pornóapáti 655 691 667 687 696 700 672 632 789 551 520 527 394 397 372
Torony 709 876 998 1136 1223 1258 1476 1676 1725 1768 1759 1785 1611 1597 1928
Szentpéterfa 1149 1276 1378 1426 1481 1601 1549 1536 1695 1415 1216 1244 1119 1086 1016
Ják 1709 1668 2073 2182 2236 2331 2376 2533 2692 2723 2486 2525 2188 2321 2609
Gyanógeregye 359 359 407 400 372 386 327 369 367 345 293 304 168 156 149
Meszlen 776 730 687 736 684 691 672 638 601 545 422 416 268 237 217
Szombathely 12934 17055 20405 29959 37289 42275 46379 50935 47589 54758 64485 63456 84508 79753 76322
Narda 610 683 692 710 682 696 728 695 746 680 651 657 570 518 481
Nemeskolta 488 523 554 622 646 701 614 672 666 618 513 517 405 378 365
Gencsapáti 1165 1263 1373 1490 1546 1595 1779 1912 1952 2198 2000 2013 2254 2644 2688
Acsád 636 718 726 802 860 805 762 727 747 794 811 821 707 745 684
Vaskeresztes 775 766 712 719 700 710 723 657 718 547 486 496 383 346 325
Zsennye 289 294 319 301 261 314 286 248 237 255 203 193 119 104 98
Sorkikápolna 349 366 489 498 559 588 573 570 613 509 397 401 306 272 266
Balogunyom 672 691 731 729 776 794 828 792 925 1015 1059 1061 1067 1172 1187
Nárai 719 774 867 922 932 973 1055 1034 1104 1175 1093 1114 1096 1074 1249
Tanakajd 627 662 688 701 731 783 799 742 815 789 726 731 643 727 725
Kisunyom 418 444 457 561 484 582 551 524 610 611 530 535 415 395 433
Vép 1489 1825 2045 2147 2439 2500 2915 2866 3081 3327 3528 3523 3480 3579 3354
Söpte 510 566 661 702 762 849 874 816 787 876 767 775 749 822 787
Vassurány 444 477 561 588 640 681 722 732 775 814 833 842 819 884 848
Sorokpolány 713 748 758 838 928 965 1017 1066 1070 981 947 961 794 821 830
Vasasszonyfa 556 575 651 678 722 732 731 669 701 616 562 569 424 407 369
Rum 636 789 923 1124 1315 1360 1430 1295 1407 1412 1308 1335 1119 1227 1090
Vasszécseny 1090 1054 1235 1293 1369 1410 1431 1417 1422 1428 1341 1357 1197 1391 1429
Dozmat 307 319 307 329 339 317 329 324 337 289 252 258 176 195 221
Bucsu 548 610 575 621 640 665 725 772 921 798 705 717 602 619 572
Táplánszentkereszt 924 1111 1141 1305 1398 1479 1480 1561 1763 2153 2232 2253 2208 2381 2638
Sé 324 340 362 353 415 390 479 451 461 491 505 509 741 1120 1334
Kemenesmagasi 1541 1624 1627 1709 1833 1861 1677 1637 1642 1539 1397 1403 1086 1025 892
Vönöck 1116 1150 1145 1168 1223 1326 1312 1211 1213 1281 1117 1143 922 845 788
Kemenespálfa 656 726 765 687 712 668 677 631 697 658 641 646 467 490 427
Kemenesmihályfa 1046 985 1029 1070 1078 1000 927 882 925 911 851 864 659 590 508
Szergény 788 802 853 872 845 893 831 822 857 766 626 649 453 416 341
Keléd 246 241 311 340 297 345 400 430 442 358 303 299 141 95 87
Boba 766 885 982 963 936 1078 954 904 924 969 943 949 819 837 879
Kenyeri 1180 1254 1296 1459 1392 1606 1542 1507 1562 1510 1440 1499 1186 1022 941
Pápoc 1501 1514 1675 1779 1728 1870 1774 1608 1623 1490 1143 1213 613 422 300
Karakó 440 541 547 554 520 557 537 496 513 428 339 349 252 239 195
Jánosháza 2854 3255 3457 3810 4256 4264 4224 4227 3848 3468 3274 3348 3022 2908 2587
Kissomlyó 661 661 692 686 666 623 617 606 639 625 522 541 298 240 214
Borgáta 455 388 391 382 411 432 448 428 420 367 344 348 187 166 128
Tokorcs 511 442 444 463 440 478 464 463 465 438 399 406 294 278 342
Egyházashetye 681 727 746 712 619 668 681 701 722 724 704 736 502 455 344
Nemeskocs 458 495 571 588 559 556 561 522 486 487 465 469 353 386 325
Nagysimonyi 1601 1727 1781 1661 1709 1840 1708 1560 1554 1583 1404 1421 1100 1016 1025
Köcsk 787 722 717 712 661 663 646 641 678 797 605 626 384 312 264
Kemeneskápolna 277 294 282 298 293 300 349 319 307 289 246 249 134 123 96
Ostffyasszonyfa 1682 1744 1709 1913 1815 1907 1900 1831 1783 1600 1312 1349 940 867 829
Mersevát 615 579 536 642 695 678 722 713 696 682 614 634 572 596 623
Csönge 1076 1162 1140 1148 1145 1181 1139 1094 1103 1009 835 886 565 457 399
Nemeskeresztúr 707 750 809 860 868 867 793 730 760 736 638 664 426 332 294
Mesteri 621 675 708 682 663 701 768 648 658 720 631 515 331 301 241
Kemenesszentmárton 333 322 328 294 313 320 282 244 279 300 300 307 244 235 197
Celldömölk 3734 4562 5060 6306 7798 9340 10391 9970 10285 10403 11108 11218 12534 12014 11398
Kemenessömjén 729 704 737 776 735 822 843 808 818 815 776 801 649 647 622
Duka 708 732 755 816 834 807 750 763 771 699 608 606 360 312 237
Jászladány 6321 7060 8149 8957 9265 9442 10088 10098 9377 8841 7823 8204 6307 6156 5747
Hunyadfalva 0 0 0 245 266 340 474 442 484 158 344 367 240 223 203
Szolnok 16115 17472 21119 25827 29288 33060 39248 42756 37520 48822 61698 59956 78387 75712 72040
Rákóczifalva 366 1383 2460 3216 3013 3513 3669 3484 4258 4743 5241 5285 5529 5631 5517
Kengyel 882 1380 1138 2708 2828 2138 3571 5019 5391 5161 4730 4821 4200 4409 3780
Szajol 989 1075 1241 1371 2243 2420 2809 2955 3064 3502 3975 4039 4012 4056 3888
Tiszapüspöki 1491 1631 1885 1802 2091 2194 2387 2415 2655 2564 2354 2386 2128 2108 2216
Hidasnémeti 569 573 626 624 680 787 948 890 1032 1192 1201 1234 1212 1249 1190
Arka 398 364 332 323 293 281 352 319 315 297 261 290 145 128 75
Zsujta 511 527 498 499 479 529 492 437 469 450 389 413 251 207 182
Baskó 606 611 620 587 563 622 634 653 698 627 539 562 331 254 185
Regéc 363 237 337 338 297 327 336 353 354 378 305 328 141 106 98
Hejce 969 993 854 736 755 863 776 702 725 745 632 670 367 298 251
Hernádszurdok 312 333 348 358 352 389 390 412 404 415 397 400 261 239 190
Abaújvár 737 838 761 796 763 783 751 724 768 726 640 662 375 340 229
Vizsoly 1160 1249 1285 1194 1103 1083 1211 1281 1349 1450 1327 1380 1092 971 925
Göncruszka 1257 1180 1170 1199 1254 1164 1335 1389 1416 1381 1283 1305 832 734 686
Hernádcéce 566 564 544 543 531 524 495 518 557 557 525 536 278 247 211
Mogyoróska 294 271 269 307 291 307 331 342 350 316 289 291 104 77 84
Sima 155 172 188 198 187 199 193 177 171 136 92 108 33 21 30
Gönc 3922 3386 3130 2904 2819 3307 3244 3306 3252 3086 2875 2994 2474 2429 2218
Abaújszántó 4589 4499 4360 4603 4940 5059 4969 4908 4567 4586 4209 4332 3461 3504 3255
Korlát 682 722 707 640 608 637 623 629 620 562 470 478 362 350 315
Telkibánya 1457 1185 1419 1467 1285 1224 1389 1333 1336 1370 1191 1175 779 686 631
Pányok 404 425 416 402 420 434 438 439 469 445 345 372 190 113 73
Tornyosnémeti 722 830 784 868 825 878 944 904 975 994 898 918 695 624 466
Kéked 575 558 528 518 520 492 515 613 661 668 562 571 324 262 220
Fony 1136 1101 907 886 820 848 951 982 956 887 771 821 442 428 365
Vilmány 1143 1096 1028 1035 1021 1071 1295 1365 1314 1475 1477 1545 1326 1407 1564
Kerkakutas 509 590 625 666 689 652 681 626 590 501 392 407 224 161 144
Csöde 141 184 185 191 216 234 262 248 248 247 195 201 105 88 76
Keménfa 145 131 168 196 198 224 254 286 272 267 247 255 138 118 92
Bödeháza 308 347 438 403 420 422 435 430 374 349 277 285 124 82 57
Szijártóháza 136 156 192 183 190 193 192 190 176 166 127 130 70 52 23
Gáborjánháza 244 388 438 456 466 465 478 501 495 385 309 313 153 81 66
Resznek 699 787 920 890 873 846 799 754 763 652 563 574 416 364 292
Magyarföld 100 140 151 159 156 149 160 146 140 121 82 87 54 45 44
Nemesnép 455 481 529 542 569 553 499 563 570 458 367 383 177 146 126
Baglad 192 217 261 281 290 269 271 253 260 198 169 172 110 65 59
Kerkafalva 612 630 754 694 688 687 691 521 487 410 310 331 184 140 109
Ramocsa 87 99 122 134 149 150 152 143 150 131 110 112 43 39 35
Szentgyörgyvölgy 1113 1160 1200 1280 1206 1147 1217 1207 1263 1046 913 924 567 500 428
Márokföld 281 272 293 288 290 250 230 203 208 173 144 150 88 57 45
Alsószenterzsébet 300 334 362 384 351 324 329 278 257 230 199 201 123 89 71
Lendvadedes 128 127 143 166 168 182 209 230 231 217 133 137 62 37 33
Gosztola 135 140 144 147 157 193 215 214 236 193 125 132 20 19 44
Lenti 2498 2743 3366 3784 4149 4694 5408 5658 5831 6279 6859 7003 9031 8761 8112
Rédics 942 979 1208 1470 1583 1463 1429 1416 1564 1390 1214 1252 1051 1024 992
Zalaszombatfa 193 232 258 240 259 259 246 217 223 184 168 177 90 60 47
Ortaháza 194 216 341 311 353 387 406 382 352 327 269 262 181 154 122
Csömödér 405 418 504 616 679 742 851 867 881 839 841 864 745 715 660
Pördefölde 158 186 216 245 374 350 334 406 343 354 283 292 107 69 57
Várfölde 331 393 405 444 531 492 521 510 520 491 415 416 264 229 192
Kerkateskánd 449 427 444 431 453 442 465 466 484 453 373 382 217 173 172
Kissziget 346 382 451 503 509 490 551 525 507 448 404 419 286 203 200
Lasztonya 293 340 370 415 413 399 465 401 424 363 309 326 147 94 94
Kustánszeg 487 516 656 835 852 819 1019 1100 1079 933 870 889 634 584 495
Csonkahegyhát 196 225 298 355 415 423 488 550 512 527 413 431 322 337 338
Kozmadombja 179 180 200 265 265 275 283 241 248 189 147 155 80 55 51
Kálócfa 308 308 374 427 459 457 464 483 470 466 391 407 242 202 173
Salomvár 625 694 791 806 911 956 1063 1181 1336 1195 1058 1063 609 573 615
Böde 234 283 362 471 554 548 657 688 677 609 488 498 365 298 296
Pórszombat 362 454 578 690 694 665 686 667 665 670 614 626 445 382 308
Pusztaapáti 34 38 43 44 90 179 244 260 251 261 156 162 65 47 34
Szilvágy 357 355 448 478 492 568 550 568 532 469 432 442 292 247 189
Németfalu 83 103 112 156 240 261 321 383 375 382 380 407 250 217 188
Tószeg 2704 2738 3221 3658 3555 3739 4258 4385 4434 4184 4298 4297 4578 4720 4539
Kétpó 1587 1673 1842 2223 2263 2142 1991 2160 2299 2369 1726 1738 899 836 748
Törökszentmiklós 11136 13644 16506 17611 20206 22470 23512 22435 22396 23629 24305 24590 24682 23118 21467
Zagyvarékas 3145 3135 3901 4392 5053 5173 5414 4854 4786 4389 3798 3917 3718 3745 3615
Tiszavárkony 2311 2036 2312 2349 2268 1970 2233 2131 2089 2087 1943 1959 1718 1753 1572
Csataszög 0 0 200 238 238 167 166 289 326 390 409 421 336 328 321
Pácin 1271 1212 1339 1579 1827 1819 2169 2387 2598 2493 2101 2234 1744 1539 1493
Zemplénagárd 1823 1277 1434 1643 1617 1651 1898 1958 2046 2028 1818 1889 1092 1023 878
Karos 507 514 593 579 625 673 735 820 883 940 789 844 530 494 510
Lácacséke 868 997 1107 1260 1263 1283 1371 1484 1430 1272 1003 1084 618 433 365
Alsóberecki 451 439 552 542 590 596 742 772 854 813 813 822 806 832 785
Tiszakarád 956 1036 1500 1633 2201 2187 3013 3528 3574 3616 3400 3550 2828 2639 2625
Semjén 520 425 463 650 709 712 754 777 818 851 736 778 498 498 471
Nagyrozvágy 899 755 966 1192 1195 1122 1401 1418 1481 1435 1301 1343 921 786 689
Kisrozvágy 468 441 419 450 577 550 525 550 571 484 395 418 274 224 170
Karcsa 855 966 1313 1653 2055 2068 2342 2435 2571 2635 2394 2506 2128 2076 1945
Cigánd 2802 2602 3183 3631 3894 3840 4715 5104 5203 5218 4764 5020 3758 3369 3254
Dámóc 890 951 968 929 1021 1065 1050 1015 1041 1011 892 936 557 464 392
Révleányvár 989 832 778 788 823 891 1156 1289 1403 1518 1434 1516 831 662 510
Bodroghalom 668 841 984 1025 1318 1329 1766 2050 2232 2165 1965 2038 1531 1470 1445
Ricse 1184 1245 1490 1761 1955 2026 2677 3441 3107 3128 2992 3078 2114 1927 1829
Gibárt 407 361 418 407 426 446 494 524 586 535 536 538 447 398 380
Keresztéte 179 160 151 167 144 142 174 169 166 162 133 141 50 31 56
Fancsal 598 511 470 454 495 565 557 557 536 531 488 499 399 389 324
Csobád 613 584 610 606 692 725 730 760 810 905 991 997 718 727 708
Baktakék 1019 877 926 961 1009 1008 1048 1095 1077 1046 964 967 772 796 728
Abaújkér 1092 1061 1074 1040 1036 990 1082 1001 972 1034 923 953 715 639 699
Viszló 375 398 325 289 349 338 395 416 385 333 264 263 137 95 75
Kány 362 285 254 228 265 259 264 276 297 307 254 265 123 90 55
Hidvégardó 806 694 808 872 844 885 870 965 1023 1141 1166 1206 831 749 629
Galvács 496 472 467 408 518 470 423 389 373 364 335 345 160 108 96
Bódvaszilas 1006 827 847 883 916 876 980 1035 1092 1165 1280 1304 1351 1355 1174
Égerszög 420 393 412 381 354 290 303 315 289 273 243 231 119 90 54
Hernádszentandrás 528 527 533 501 519 545 579 502 565 503 515 525 394 405 434
Csenyéte 439 416 417 472 521 570 589 605 577 582 563 571 277 391 474
Ziliz 532 535 509 510 520 489 487 505 481 473 484 490 439 447 362
Perkupa 1061 958 926 1016 954 1022 963 989 968 1176 1153 1188 945 992 877
Abod 836 781 732 666 1039 1043 898 789 855 837 800 813 370 282 215
Garadna 555 605 599 651 673 726 651 620 712 780 771 778 492 515 410
Szinpetri 450 367 394 384 364 382 359 394 408 384 338 346 290 251 264
Méra 1205 1194 1051 1199 1283 1375 1508 1463 1670 1750 1665 1693 1697 1811 1835
Krasznokvajda 481 353 431 484 602 604 727 749 808 762 658 684 512 531 504
Szalonna 987 884 881 1027 907 935 923 888 868 979 1031 1030 1069 1116 1079
Beret 463 471 395 367 377 463 443 450 435 449 413 424 283 262 277
Tornaszentandrás 520 357 395 458 488 421 487 511 535 583 570 584 382 299 225
Perecse 308 278 281 258 244 246 260 279 271 257 185 195 62 30 35
Szemere 533 455 457 516 502 695 778 887 936 913 809 848 429 401 376
Balajt 567 563 570 584 594 563 586 574 610 567 650 654 455 400 465
Hangács 1082 1165 1029 1198 1134 965 1193 1189 1126 1107 962 987 761 697 614
Teresztenye 273 210 217 222 169 199 181 168 148 125 125 125 45 25 30
Debréte 222 238 222 210 216 194 208 211 220 151 113 126 46 32 23
Szászfa 583 515 524 576 608 616 627 605 528 440 348 334 234 175 144
Damak 564 539 478 497 477 521 473 490 441 416 412 414 284 274 258
Hernádpetri 446 395 398 386 406 436 415 409 416 456 387 406 253 278 242
Hegymeg 298 324 316 332 326 327 321 303 279 289 226 232 152 134 125
Boldva 1248 1451 1464 1507 1582 1563 1616 1495 1717 2202 2340 2351 2364 2476 2403
Detek 595 590 558 631 645 607 681 645 643 649 566 586 355 305 288
Szin 763 608 677 728 710 797 909 951 992 1052 1018 1056 746 752 818
Varbóc 280 273 293 284 285 293 307 293 292 284 259 263 93 71 54
Nyomár 481 518 488 490 505 500 472 461 488 463 405 411 352 339 342
Rakaca 726 684 677 726 801 750 815 964 971 1070 1151 1183 840 915 845
Tornabarakony 298 272 261 254 266 240 272 273 269 237 200 217 57 27 19
Edelény 3647 3647 2970 3189 3387 3906 4182 4599 4908 7660 9559 9421 11208 11270 10298
Bódvarákó 414 323 331 342 337 332 310 343 377 349 359 374 206 142 93
Rakacaszend 702 626 626 642 601 628 671 757 683 746 704 721 469 420 390
Tornanádaska 284 256 263 366 328 363 420 356 456 490 514 499 513 614 696
Büttös 295 331 317 378 426 498 533 538 501 510 556 581 328 260 200
Ináncs 810 891 883 855 907 872 978 1061 1051 1198 1269 1286 1193 1242 1276
Pamlény 402 398 429 384 379 413 426 448 416 329 253 264 101 58 50
Tomor 509 489 515 549 533 507 577 593 638 548 454 455 289 283 234
Gagyapáti 146 110 119 111 123 134 147 136 136 113 82 81 21 15 24
Tornakápolna 177 153 160 169 141 149 166 159 133 133 117 117 23 12 22
Fulókércs 444 429 414 455 500 540 469 496 528 553 539 550 372 380 388
Szögliget 1361 1237 1179 1170 1255 1410 1453 1439 1203 1222 1209 1228 1054 855 647
Komjáti 601 529 490 512 534 549 544 523 519 557 561 571 435 381 246
Bódvalenke 339 262 254 279 311 301 318 315 336 300 288 305 207 199 206
Szalaszend 883 817 712 768 804 883 945 910 1047 1161 1237 1260 1090 1146 1096
Becskeháza 261 249 253 238 228 211 217 198 214 203 165 170 86 55 41
Fáj 441 369 392 392 413 461 479 510 524 521 423 436 245 290 381
Lak 912 764 777 779 785 787 786 780 797 742 761 751 592 611 673
Abaújalpár 267 211 221 237 265 242 259 247 278 310 286 303 148 104 81
Martonyi 596 578 593 610 613 672 698 698 684 697 773 755 526 542 471
Litka 304 313 228 223 168 223 250 248 260 272 222 228 94 75 46
Aggtelek 567 483 490 557 555 611 648 713 693 697 884 707 627 672 635
Novajidrány 1004 990 971 1022 1260 1114 1171 1381 1400 1500 1537 1564 1457 1513 1466
Tiszacsermely 426 462 669 729 656 683 726 1166 1367 1323 1230 1297 683 653 628
Alsógagy 373 344 375 369 353 318 365 368 356 341 282 288 137 105 107
Pusztaradvány 205 162 168 206 256 267 305 305 324 342 342 358 249 201 266
Meszes 414 446 522 482 471 366 398 401 411 433 468 472 296 223 200
Tornaszentjakab 531 628 607 650 629 589 703 706 706 590 546 570 342 273 229
Szakácsi 424 343 376 405 376 372 400 353 336 343 266 274 142 140 160
Borsodszirák 640 663 607 658 725 739 786 811 791 852 944 936 1155 1216 1219
Irota 415 365 350 341 338 372 430 391 370 352 305 319 193 117 81
Szuhogy 626 707 777 912 954 940 1041 1106 1203 1346 1433 1439 1259 1300 1258
Hernádvécse 1148 1097 1062 1126 1117 1163 1170 1117 1176 1123 1107 1128 839 916 1057
Encs 1712 1924 1800 1990 2194 2315 2868 3021 2999 3337 4022 4007 6323 6666 6659
Pere 681 726 524 672 841 771 845 869 887 863 835 860 481 418 345
Forró 1393 1383 1280 1304 1281 1344 1462 1508 1575 1754 1969 1983 2300 2451 2617
Cibakháza 3100 3376 4244 4548 4977 5639 5560 5392 5731 5590 5273 5382 4555 4614 4464
Mesterszállás 183 957 1528 1585 1741 1610 1620 1719 1685 1590 1347 1355 927 851 816
Öcsöd 5825 6524 7225 7388 7181 6934 7317 7487 7405 6494 5633 5720 4418 3893 3533
Tiszakürt 1741 2004 2513 2800 2949 3307 3581 3685 3088 2790 2335 2458 1785 1629 1548
Tiszainoka 932 973 975 976 1026 996 1040 985 932 862 701 694 502 440 433
Szelevény 1133 1627 2036 2418 2153 2017 2501 2446 2474 2172 1851 1908 1364 1232 1237
Vezseny 927 1708 1605 1420 1350 1066 1282 1225 1266 1214 1009 1033 798 643 678
Csépa 2652 2529 2971 3239 3525 3406 3570 3284 3413 3237 2866 2950 2172 1948 1771
Nagyrév 1291 1438 1548 1537 1537 1568 1646 1702 1807 1728 1465 1506 935 835 692
Kunszentmárton 9870 10166 10269 11388 11664 11827 11653 12210 11525 11666 11103 11206 10840 9996 9040
Törtel 2479 2908 3569 3993 4330 4859 5304 5299 5613 5598 5127 5174 4705 4505 4406
Abony 10232 11186 12012 13529 14729 16185 15781 15299 15585 16278 15624 15892 15181 15644 15008
Nyársapát 1181 1341 1593 1653 2375 2242 2165 2200 2569 2325 1984 1992 1595 1760 1937
Kocsér 1281 2146 2980 3546 3724 3998 4262 4070 4065 3662 3176 3231 2308 1993 1914
Mikebuda 974 1052 1200 1217 1187 1321 1365 1414 1679 1393 1010 1036 710 771 685
Molnári 617 618 703 756 753 860 985 1044 1026 1096 1036 1093 913 805 718
Semjénháza 475 473 587 670 712 772 931 979 1017 998 920 985 796 710 616
Tótszerdahely 1240 1361 1531 1523 1567 1521 1736 1749 1705 1665 1625 1691 1414 1345 1155
Tótszentmárton 879 907 973 1028 1128 1072 1199 1266 1264 1245 1188 1253 1098 958 886
Murakeresztúr 1144 1230 1402 1454 1663 1893 2195 2235 2175 2373 2315 2383 2165 2010 1820
Fityeház 714 793 802 826 820 928 1034 1030 1076 1019 982 1036 806 742 681
Szepetnek 2033 2240 2393 2468 2401 2151 2280 2054 2160 2047 1870 1896 1669 1845 1646
Becsehely 1690 1759 2129 2294 2431 2530 2822 2790 2787 2875 2634 2727 2421 2324 2185
Petrivente 463 457 507 565 631 639 720 657 673 683 603 647 482 417 385
Rigyác 672 787 739 721 675 692 696 648 649 621 592 623 486 516 390
Páka 1235 1274 1327 1500 1604 1714 1702 1685 1725 1674 1605 1648 1488 1342 1205
Kacorlak 460 492 528 500 486 470 531 522 506 482 396 410 280 241 215
Sormás 988 1086 1077 1055 1061 995 980 941 1008 996 832 842 915 937 904
Pusztamagyaród 846 1012 1152 1250 1220 1254 1289 1187 1293 1184 1071 1110 779 667 617
Liszó 763 784 896 961 948 882 826 819 838 714 602 612 475 458 391
Zajk 394 335 355 428 478 508 553 631 655 575 485 532 365 266 244
Letenye 2534 3090 3304 3627 3956 4085 4434 4348 4463 4507 4395 4477 4854 4630 4301
Maróc 209 221 274 320 329 336 407 420 406 391 332 354 174 133 83
Magyarszentmiklós 410 391 392 418 446 441 463 430 480 438 392 392 334 300 273
Zalaszentbalázs 1134 1205 1326 1565 1453 1498 1486 1548 1535 1451 1357 1381 977 942 857
Szentpéterfölde 242 255 300 412 445 420 542 616 562 511 460 471 245 169 142
Hosszúvölgy 362 382 423 423 383 430 410 411 416 354 305 309 220 167 171
Oltárc 695 693 887 916 998 996 1013 1000 977 882 696 727 364 314 284
Bucsuta 462 422 552 587 622 591 667 675 664 586 478 487 324 273 218
Murarátka 275 311 332 434 678 718 775 788 769 681 574 599 331 299 259
Nagykanizsa 18298 21753 24166 27980 30651 34169 35195 35299 33158 38961 42992 43042 55809 52541 49425
Szentliszló 378 435 485 548 597 629 623 585 666 593 515 534 383 373 290
Homokkomárom 310 314 343 332 353 383 418 376 429 404 371 380 218 247 215
Börzönce 215 243 295 331 310 312 332 313 294 246 165 189 93 87 59
Kányavár 376 319 381 370 411 383 465 471 443 475 399 413 231 168 124
Szentmargitfalva 228 273 302 334 423 429 507 591 635 453 368 398 155 117 92
Kistolmács 289 271 287 307 365 392 444 474 497 487 439 457 230 172 184
Bázakerettye 216 234 284 381 400 394 388 911 1170 1454 1383 1415 1171 1022 860
Borsfa 333 368 471 701 741 830 1032 1194 1195 1099 1003 1050 834 791 765
Lispeszentadorján 424 521 562 666 676 715 782 1000 935 899 722 759 443 337 309
Bánokszentgyörgy 849 871 1081 1307 1409 1322 1371 1466 1343 1293 1131 1142 795 745 653
Valkonya 187 192 254 273 290 314 313 324 304 265 228 225 87 73 60
Bodmér 385 331 322 309 295 302 296 303 299 296 287 293 275 262 238
Zámoly 2442 2382 2249 2213 1965 2093 2200 2501 2074 2139 2203 2231 1974 2224 2247
Csákvár 4894 4969 4848 4795 4455 4433 4435 5084 4553 5135 5238 4880 4901 5255 5162
Gánt 1369 1359 1290 1293 1162 1216 1493 1946 1135 1215 1198 1218 833 867 849
Vértesboglár 1115 1152 1177 1183 1185 1295 1333 1288 1125 1088 1061 1076 960 954 886
Csákberény 1833 1830 1746 1727 1785 1713 1645 1710 1540 1570 1499 1516 1272 1241 1224
Bánk 514 489 526 550 580 638 695 711 661 656 709 696 724 687 685
Tereske 863 847 1054 994 867 1056 1078 971 1114 1165 1047 1063 800 723 744
Tolmács 840 782 795 985 967 1045 1014 981 1040 1157 1096 1111 814 761 748
Rétság 823 822 844 911 1001 1085 1049 1974 1175 1586 1591 1579 2925 3023 2851
Újlengyel 519 560 703 900 1243 1496 1510 1610 1638 1646 1714 1731 1627 1682 1685
Dánszentmiklós 466 473 462 1503 1576 1958 1951 2071 2472 2599 2616 2585 2559 2714 2867
Nyáregyháza 1236 1220 1658 2141 2459 2745 2584 2538 2885 3148 3268 3335 3231 3573 3746
Albertirsa 5639 6092 6949 7045 8933 9939 10530 10211 10624 11383 11252 11354 10727 11212 12025
Bénye 901 958 1009 1111 1094 1070 1263 1118 1198 1374 1356 1365 1100 1172 1170
Pilis 3500 3900 4219 4610 5762 6185 7215 7384 7597 8458 9055 9017 9082 10609 11442
Káva 574 577 734 756 782 728 728 719 682 712 667 678 614 677 688
Ceglédbercel 2085 2408 2726 2975 3456 3738 4093 4099 4138 4743 4849 4879 4728 4593 4391
Pánd 1636 1635 1721 1756 1895 2100 2072 2035 2206 2098 1971 1985 1717 1925 1994
Újszász 2671 3023 3535 4045 4260 4388 5460 5468 5807 6715 7098 7005 6668 6745 6420
Újszilvás 1349 1522 1828 2182 2840 3234 3299 3400 3539 3292 3074 3176 2790 2592 2676
Tápiószele 1804 2141 2795 3275 3980 4766 4740 4940 5236 5564 5575 5633 5532 5852 6078
Farmos 1328 1368 1585 1957 2369 2828 3184 3526 3946 4084 3828 3888 3496 3652 3593
Szászberek 970 869 1115 1211 1121 1014 1240 1134 1377 1175 1062 1063 969 949 1012
Cegléd 21278 23822 26384 28831 32401 35231 35507 36165 35237 37906 38040 38212 37291 37299 36240
Jászboldogháza 1143 1213 1420 1564 1732 1233 1751 2234 2242 2142 2050 2084 1978 1851 1752
Jánoshida 2736 2799 3339 3735 4040 4055 4359 4355 4307 4100 3484 3656 2783 2729 2570
Alattyán 2175 2084 2035 2100 2385 2448 2525 2530 2674 2467 2283 2343 2062 2062 2128
Jásztelek 2291 2390 2660 2956 3108 3037 3081 2917 2738 2587 2018 2087 1736 1790 1655
Jászjákóhalma 3037 3209 3650 4052 4385 4484 4376 4386 4277 4012 3570 3653 3143 3149 3020
Nagykáta 5045 5093 6028 7560 8910 9975 11005 10764 11271 11913 11922 11879 12401 12581 12696
Jászszentandrás 1465 2269 3316 4065 4558 5127 5151 5199 5337 5032 4300 4400 3189 2708 2560
Hevesvezekény 676 707 761 795 817 892 912 964 1021 1057 907 957 813 743 680
Jászivány 746 788 840 878 1135 1092 1132 1190 1131 1163 889 904 491 439 395
Jászapáti 8485 8964 9561 9995 10267 11221 11258 10960 10976 10864 10424 10592 9945 9645 9065
Tarnaszentmiklós 1195 1100 1171 1618 1771 1695 2014 1865 1850 1686 1366 1420 1148 1042 947
Jászkisér 5039 5771 5973 6692 6652 6750 7070 7258 7585 7280 6816 6995 6169 5932 5781
Pély 2138 2402 2859 3048 3322 3343 3314 3127 3313 2926 2327 2376 1742 1611 1452
Zaránk 878 942 1054 1172 1243 1365 1379 1225 1264 1210 946 1008 572 488 439
Heves 5706 6702 7275 8081 9190 10118 10308 10786 10926 11696 11159 11418 11869 11468 11146
Tarnaméra 1297 1201 1495 1802 1967 2151 2248 2289 2289 2189 1902 1912 1749 1765 1713
Átány 2783 2603 2829 2933 2814 2812 3094 3011 2934 2610 2364 2458 1768 1588 1537
Erk 1061 1127 1156 1328 1568 1704 1784 1656 1619 1478 1225 1284 856 850 938
Tenk 241 265 274 307 737 797 678 645 744 962 1076 1110 1145 1260 1228
Tiszanána 3895 4111 4356 4755 4864 4847 4986 4905 4796 4294 3662 3783 2915 2696 2625
Tiszabura 2010 1848 2409 2506 2593 2524 2658 2831 2797 2959 2871 2947 2769 2773 3012
Abádszalók 4917 5399 6553 6827 7103 7336 7463 7620 7985 7257 6386 6555 5417 4833 4476
Kunhegyes 7272 7461 8465 9504 9832 10979 10896 10767 11104 10989 10116 10414 9226 8734 8096
Tiszaderzs 1235 1447 1466 1715 1809 1867 2000 2183 2372 2372 2056 2139 1509 1376 1209
Sarud 2345 2501 2804 3122 3176 3191 3424 3384 3267 2806 2201 2258 1501 1352 1238
Kisköre 2109 2022 2570 2713 3171 3351 3680 3849 3861 3870 3802 3710 3409 3163 3074
Tiszaigar 1309 1565 1756 1726 1481 1610 1635 1641 1659 1570 1314 1364 1047 943 874
Tomajmonostora 549 643 651 762 771 946 1045 1125 1255 1287 1147 1198 939 751 741
Tiszaörs 1691 1841 2060 2137 2268 2414 2408 2454 2629 2482 1953 2023 1671 1540 1426
Tiszagyenda 730 784 989 1069 1491 1466 1968 1697 1880 2029 1649 1762 1307 1129 1032
Tiszaszentimre 2765 2853 3122 3348 3691 3744 3581 3839 3949 3853 3272 3363 2677 2468 2280
Poroszló 4612 4243 5012 4852 5129 5116 5187 5126 5100 4776 4170 4316 3370 3174 3058
Tiszasüly 2157 1986 2722 2893 2763 2585 3154 3268 3490 3428 3021 3006 2129 1800 1554
Tiszaroff 2740 2942 3712 4011 3503 3068 2871 3421 3617 3276 2911 2995 2356 2011 1685
Kenderes 4428 5092 5244 5461 5663 5850 6394 6434 6753 6380 5890 5942 5500 5479 4835
Örményes 689 706 915 1001 1008 779 1453 891 1472 1540 1401 1430 1307 1203 1106
Kuncsorba 435 460 1200 1306 1241 1286 1364 1422 1731 1384 1173 1175 899 757 675
Fegyvernek 3184 3643 4721 5162 5430 4973 5760 6826 7033 7835 7331 7571 7449 7077 6810
Besenyszög 2470 2213 2838 3084 3680 3658 4329 4574 4712 4472 4181 4253 3576 3522 3439
Kisújszállás 10376 11083 12527 13224 13538 13766 14532 14461 13925 13756 13470 13668 13263 12744 11739
Túrkeve 11207 12286 13353 14074 13492 13270 13961 14384 13903 13098 11640 11914 11018 10148 9296
Karcag 14486 15825 18197 20896 22996 22569 24248 25422 24938 25223 23960 24169 23200 22549 21052
Tápiószentmárton 2797 3069 3924 3715 3941 4613 5289 5953 6724 6608 5931 6034 5173 5242 5412
Tápióbicske 2653 2779 2970 3354 3818 4184 4226 3993 4141 3805 3362 3465 2981 3296 3454
Gomba 2047 2312 2340 2390 2630 2851 2828 2697 2885 2754 2594 2601 2487 2700 2925
Tápióság 1358 1308 1446 1821 2289 2317 2596 2525 2647 2806 2673 2718 2389 2665 2704
Úri 1879 1805 1930 2131 2179 2361 2535 2412 2464 2659 2664 2689 2517 2593 2572
Kunmadaras 7076 7350 7673 7618 7584 7645 7862 8231 8487 8453 7343 7726 6134 5989 5722
Nagyiván 1901 1853 2090 2162 2159 2278 2359 2277 2353 2258 1749 1857 1354 1271 1240
Szakony 1089 1227 1159 1142 1109 1110 1121 1047 1080 1004 878 885 617 534 413
Répcevis 757 820 786 734 762 784 848 808 771 681 597 606 423 399 369
Gyalóka 285 322 360 340 312 351 317 295 313 295 219 244 107 76 68
Négyes 568 602 745 836 782 769 846 877 931 813 688 704 398 326 280
Tiszabábolna 625 651 810 907 981 1052 1331 1381 1369 1294 1071 1173 683 497 404
Tiszadorogma 1065 984 1176 1168 1226 1179 1268 1361 1223 1224 989 1009 589 522 399
Tiszavalk 583 537 596 621 672 615 658 600 675 619 531 552 427 370 314
Szentistván 2568 2647 3052 3506 3586 3772 4095 4003 3633 3695 3506 3614 3032 2761 2580
Tiszafüred 7165 7459 8675 9364 9721 10198 10840 11472 11484 12438 12259 12427 13455 12533 11777
Pusztamonostor 1246 1146 1353 1389 1480 1664 1704 1705 1981 1935 1887 1958 1852 1686 1629
Jászágó 1438 1572 1672 1803 1982 1686 1754 2090 1932 1807 1423 1436 892 734 721
Jászfényszaru 4582 4376 4783 5677 6806 7311 7797 8017 7753 7542 6869 7020 5991 5812 5724
Csány 3040 3307 3692 3796 4438 4432 4505 3986 3691 3701 3275 3315 2375 2293 2177
Tarnaörs 1602 1605 1829 1959 2184 2210 2476 2615 2684 2631 2179 2297 1864 1869 1852
Jászárokszállás 8187 8953 9517 10264 11286 11930 12226 12218 11626 11131 10139 10523 9188 8371 8045
Jászberény 19090 20294 22911 25227 27943 30738 28350 28838 27528 30324 29794 29950 30021 28001 26921
Visznek 1273 1376 1723 1782 2142 2324 2488 2202 2038 1934 1653 1766 1406 1267 1161
Jászalsószentgyörgy 5013 4128 4326 4654 4867 4884 5196 5343 5006 4967 4481 4566 4098 3847 3641
Tatárszentgyörgy 1023 1174 1464 1635 1679 1955 2285 2434 2649 2420 2173 2178 1721 1826 1903
Tápiógyörgye 3161 3363 3618 4435 4469 4619 4816 4555 4656 4623 4083 4168 3438 3650 3582
Csévharaszt 349 345 469 605 639 686 1170 1024 966 1124 1287 1289 1483 1829 1905
Vasad 368 560 650 1014 1421 1659 1772 1747 1756 1812 1611 1643 1453 1585 1857
Újhartyán 881 984 1192 1526 1665 1684 2109 1947 2001 2376 2675 2672 2708 2773 2660
Dabas 6100 6392 6978 7878 8809 9522 10095 10599 11137 12032 12969 13090 14981 15711 16200
Hernád 488 543 663 848 1396 1953 1978 2250 2719 2563 2466 2493 3022 3561 4173
Kakucs 740 953 1121 1203 1355 1434 1678 2055 2221 2482 2674 2683 2430 2626 2734
Pusztavacs 1725 1938 1904 2104 1980 2104 2013 1788 1570 1775 1796 1791 1551 1529 1378
Örkény 1218 1274 1601 2685 3563 3590 4166 4589 4228 4707 4739 4795 4592 4865 4780
Inárcs 406 523 615 660 880 1471 1705 1753 1985 2579 2931 2976 3415 4009 4405
Zalabaksa 769 928 1208 1330 1308 1384 1356 1311 1366 1213 1079 1128 812 705 728
Kerkabarabás 421 427 565 568 650 652 695 684 658 600 490 499 383 307 283
Gellénháza 332 345 481 609 659 727 855 830 746 1582 1700 1627 1758 1750 1632
Nova 811 955 1268 1562 1568 1630 1823 1798 1861 1596 1329 1344 1014 891 835
Barlahida 308 325 393 476 519 504 515 521 509 454 337 353 199 166 161
Gombosszeg 62 83 127 157 186 178 191 192 185 151 128 129 34 41 41
Pálfiszeg 203 196 259 333 317 337 369 369 353 329 273 287 231 212 160
Lickóvadamos 200 203 258 363 371 425 537 568 581 571 498 512 303 243 200
Iborfia 77 55 105 130 127 145 156 173 161 154 114 123 33 20 10
Ormándlak 105 78 143 213 229 273 278 294 288 332 262 270 122 123 126
Zalatárnok 858 985 1219 1301 1344 1347 1410 1475 1474 1383 1166 1195 847 777 694
Petrikeresztúr 372 368 480 614 716 723 753 807 806 767 702 729 455 438 350
Nagylengyel 451 460 547 595 641 684 708 700 646 659 589 604 422 460 540
Becsvölgye 426 426 683 874 1184 1303 1493 1655 1506 1381 1305 1346 991 884 846
Szentkozmadombja 223 278 378 419 384 347 468 422 465 407 302 320 136 124 66
Mikekarácsonyfa 512 492 635 724 855 866 946 917 900 755 590 629 310 282 287
Pusztaszentlászló 398 481 577 663 716 668 786 773 1086 1007 860 869 735 697 628
Baktüttös 341 418 503 590 578 544 610 567 537 532 520 524 397 359 335
Csertalakos 129 126 167 182 186 180 185 183 179 172 135 144 65 48 25
Tófej 445 630 703 802 724 876 859 773 864 915 903 912 788 726 723
Pusztaederics 199 246 306 323 356 433 484 537 547 468 410 423 263 215 178
Söjtör 1562 1812 2092 2307 2242 2182 2352 2316 2530 2584 2238 2289 1741 1662 1528
Zebecke 248 269 291 301 367 364 361 344 319 285 245 250 137 97 66
Gutorfölde 882 995 1211 1318 1429 1661 1699 1844 1947 2012 1793 1831 1452 1277 1075
Zalacséb 309 349 415 447 458 491 524 564 592 579 545 556 553 585 559
Vaspör 405 411 447 620 778 819 953 1005 1008 857 763 804 502 422 400
Ozmánbük 212 240 271 303 347 342 398 430 442 422 350 363 243 237 186
Boncodfölde 271 268 317 292 342 370 351 344 340 329 300 305 206 214 324
Hagyárosbörönd 299 346 404 454 469 528 603 542 523 531 515 513 346 320 311
Zalaszentgyörgy 312 367 389 468 512 528 523 516 500 501 462 478 358 407 400
Zalaboldogfa 474 450 532 623 561 592 663 671 603 582 498 497 377 357 367
Zalaháshágy 452 449 515 526 573 617 713 739 740 728 659 685 517 429 375
Kiskutas 202 210 254 284 299 299 316 326 307 282 248 251 185 219 191
Bagod 706 772 910 1006 1025 1060 1138 1160 1241 1244 1203 1206 1265 1335 1312
Nagykutas 351 438 500 581 642 618 708 676 680 682 600 613 449 457 447
Egervár 572 654 734 801 875 1052 1110 1145 1159 1208 972 972 1020 1071 1048
Alibánfa 338 368 436 392 378 378 435 446 441 444 502 502 478 495 432
Kispáli 163 189 197 240 296 320 313 348 339 336 297 305 259 229 288
Zalaegerszeg 9784 10736 12794 15207 16727 19606 19906 20472 21668 30230 40171 38890 61368 60651 58398
Vasboldogasszony 590 630 711 759 702 778 814 764 809 846 859 873 676 659 620
Lakhegy 297 339 381 416 453 546 575 593 601 666 735 766 591 492 442
Nagypáli 248 277 272 337 315 391 409 394 391 413 356 364 292 318 458
Zalaszentiván 619 632 749 876 887 910 841 858 958 995 1001 1017 979 1073 1094
Teskánd 146 225 274 299 353 353 343 369 399 419 436 436 781 978 1124
Hottó 343 349 450 472 494 510 527 547 550 516 478 482 349 344 344
Dobronhegy 74 68 109 99 131 132 149 146 164 178 169 176 152 173 143
Sárhida 304 407 430 528 567 577 676 729 749 814 828 835 769 789 799
Babosdöbréte 479 532 551 660 766 863 899 981 985 1005 833 856 530 496 468
Bocfölde 589 578 706 764 792 814 895 919 895 901 921 926 965 1058 1144
Nemeshetés 676 740 886 965 1013 1048 1083 1102 1064 942 770 796 407 332 251
Búcsúszentlászló 528 467 652 575 582 591 736 734 762 895 823 840 873 898 812
Csatár 482 465 616 589 596 609 647 678 655 672 654 658 514 555 550
Kisbucsa 170 294 390 430 505 487 565 646 646 677 625 633 485 465 446
Nemesszentandrás 464 597 664 658 647 634 644 637 666 583 512 524 298 261 275
Kisrécse 276 306 360 343 343 372 399 409 411 376 329 338 202 165 189
Zalaújlak 410 416 497 551 548 478 460 471 421 387 338 354 176 132 122
Magyarszerdahely 820 896 923 892 845 871 943 883 817 823 747 759 567 546 543
Gelsesziget 348 370 373 452 396 376 362 389 398 379 357 365 287 276 280
Újudvar 687 787 782 913 933 1044 1175 1286 1225 1253 1077 1088 963 993 996
Bocska 323 371 361 553 617 602 674 656 621 576 542 570 390 373 330
Nagybakónak 884 1046 1181 1342 1360 1351 1426 1391 1272 1114 938 954 567 496 419
Gelse 1257 1470 1668 1668 1647 1745 1743 1684 1774 1737 1608 1639 1337 1228 1148
Kerecseny 577 617 707 794 825 941 961 957 984 867 675 704 381 292 239
Zalaszabar 1169 1274 1345 1328 1370 1313 1361 1331 1327 1240 972 1016 729 647 570
Alsórajk 418 553 689 662 653 653 664 655 663 739 685 695 492 442 362
Orosztony 846 862 1050 1035 1287 1353 1360 1304 1384 1147 938 992 602 483 466
Zalamerenye 694 671 750 768 858 721 724 689 666 625 522 555 311 209 167
Kilimán 279 349 363 330 388 435 400 439 423 486 451 460 308 280 246
Szentpéterúr 1453 1498 1594 1707 1832 1860 1907 1937 1958 1800 1596 1659 1083 1029 1033
Alsópáhok 1002 1112 1244 1347 1344 1311 1418 1373 1322 1325 1239 1242 1196 1330 1355
Nemesrádó 767 807 937 980 1093 1149 1152 1070 1054 920 744 792 406 332 308
Pacsa 1448 1568 1778 1996 2159 2214 2458 2406 2376 2353 1984 2026 2019 1901 1751
Esztergályhorváti 604 649 737 823 846 900 922 955 1035 962 836 856 581 475 440
Zalaigrice 330 319 345 379 365 384 413 440 356 332 295 308 184 136 119
Egeraracsa 643 673 723 891 924 914 998 962 932 783 647 667 411 370 329
Dióskál 670 870 1114 1237 1368 1449 1553 1502 1454 1311 990 1063 593 539 482
Gétye 456 501 492 508 507 547 589 620 606 529 402 419 184 119 102
Pölöske 867 1060 1188 1248 1219 1312 1431 1419 1526 1481 1338 1325 967 895 863
Hahót 1662 1768 2055 2234 2228 2362 2428 2550 2536 2523 2047 2135 1462 1256 1110
Zalaszentmárton 155 202 252 277 268 280 305 306 330 314 245 253 101 82 73
Zalaszentmihály 804 1092 1010 1231 1324 1431 1554 1595 1640 1621 1488 1507 1245 1058 1000
Pötréte 583 606 714 803 827 837 801 776 800 742 647 661 414 337 263
Bókaháza 479 510 576 596 627 629 673 641 665 570 535 555 432 351 277
Szentgyörgyvár 555 601 700 706 721 765 789 809 792 676 590 610 364 332 308
Zalacsány 607 641 858 1067 1154 1147 1225 1195 1187 1269 1128 1191 931 948 980
Ligetfalva 234 193 310 210 227 216 226 236 243 214 140 141 80 59 54
Alsónemesapáti 710 983 873 971 1047 1024 1094 1013 1011 980 892 921 766 787 722
Tilaj 397 294 437 545 617 610 673 681 699 594 523 554 290 201 184
Nemesbük 809 826 963 1061 1116 1080 1184 1065 1089 945 823 848 547 595 701
Misefa 275 259 316 352 395 372 322 326 367 327 257 261 268 316 276
Nagykapornak 1186 1187 1366 1359 1370 1445 1416 1338 1367 1365 1163 1183 1039 994 907
Nemessándorháza 620 653 805 894 883 909 911 902 873 773 697 715 423 324 309
Kemendollár 783 791 813 880 746 805 818 874 912 743 721 746 648 568 510
Zalaistvánd 704 673 745 802 810 810 796 786 775 718 670 679 473 433 359
Almásháza 137 143 178 218 218 195 233 217 215 207 138 151 73 57 61
Dötk 136 151 166 183 170 172 163 153 160 129 121 123 42 25 27
Pakod 864 955 1114 1185 1298 1321 1346 1311 1286 1395 1344 1365 1063 985 941
Sénye 201 198 243 260 229 224 229 229 212 201 153 157 46 41 38
Orbányosfa 214 222 244 258 266 241 333 316 303 261 220 227 154 145 122
Nemesapáti 758 588 873 959 974 964 882 915 867 867 734 761 525 518 514
Zalaszentgrót 6918 6996 7685 8120 8461 8456 8748 8444 8419 8754 8131 8363 7867 7487 6846
Pókaszepetk 962 893 1118 1171 1217 1305 1344 1310 1344 1156 1055 1080 1021 1022 951
Zalaszentlászló 1126 1329 1480 1534 1563 1619 1712 1674 1658 1577 1364 1399 945 842 841
Bezeréd 560 551 670 759 860 900 1011 949 985 862 629 636 276 214 151
Kallósd 278 308 362 447 444 474 454 455 432 373 304 321 179 114 87
Padár 361 367 354 418 389 407 445 424 458 397 301 321 189 145 117
Kehidakustány 1113 1093 1373 1476 1418 1441 1536 1538 1471 1520 1531 1506 1116 1105 1188
Zalavég 712 737 822 958 1009 1189 1141 1065 1073 1036 969 976 602 466 378
Mihályfa 920 871 890 878 796 731 756 700 680 663 551 584 497 417 365
Szalapa 305 311 360 358 372 436 490 425 400 446 406 419 248 245 213
Türje 1611 1685 1959 2344 2493 2549 2505 2358 2360 2587 2281 2310 1996 1888 1678
Óhíd 842 887 938 968 1029 1021 929 899 885 835 766 795 646 649 633
Sümegcsehi 671 760 766 833 818 802 900 876 876 848 819 848 653 638 643
Batyk 828 831 908 935 980 1008 997 864 822 722 729 714 508 427 387
Döbröce 208 226 233 244 252 262 250 212 202 179 165 176 93 93 71
Kisvásárhely 210 222 243 248 248 269 294 247 228 183 152 153 109 65 58
Zalabér 1135 1088 1238 1250 1343 1384 1307 1380 1297 1287 1112 1132 829 753 726
Csörnyeföld 603 595 661 739 863 891 996 986 971 950 802 870 531 499 436
Muraszemenye 946 1035 1166 1247 1347 1367 1505 1574 1530 1431 1175 1235 764 670 651
Tormafölde 706 708 769 762 870 921 944 1008 1131 1048 884 920 501 442 352
Kerkaszentkirály 338 491 556 637 706 759 712 707 674 578 528 532 364 283 248
Dobri 506 584 663 699 827 849 841 790 729 704 529 538 287 225 182
Tornyiszentmiklós 872 941 1051 1158 1210 1137 1221 1309 1355 1227 1154 1168 762 708 634
Kiscsehi 429 345 394 454 494 470 501 586 544 524 454 471 285 209 169
Szécsisziget 270 288 305 365 309 261 380 426 443 418 407 408 296 275 227
Lovászi 708 745 870 1003 1061 1004 1093 1321 1900 2278 1954 1990 1476 1379 1284
Vöckönd 213 206 227 225 220 188 218 216 223 222 203 201 120 101 92
Miháld 1058 1086 1199 1337 1403 1402 1438 1466 1485 1480 1280 1339 974 925 815
Zalasárszeg 206 173 147 160 170 162 164 151 183 150 147 150 77 103 126
Galambok 1839 1791 2018 2003 1906 1786 1868 1785 1705 1578 1407 1427 1237 1255 1248
Csapi 417 384 397 489 485 410 461 420 401 352 303 316 188 179 164
Nagyrécse 1047 972 1044 1408 1411 1458 1493 1484 1494 1311 1080 1098 994 1077 1078
Zalaszentjakab 394 450 484 486 485 558 556 566 557 528 483 491 391 358 336
Sand 790 866 911 955 918 902 921 889 901 837 755 776 551 503 406
Pat 439 481 497 576 631 598 635 615 557 494 422 431 314 254 221
Rezi 1148 1179 1357 1497 1556 1519 1585 1573 1554 1429 1266 1306 1030 1112 1163
Hévíz 523 555 591 618 711 830 1091 1317 1598 3066 3652 2689 4242 4347 4823
Vindornyalak 265 277 361 345 337 329 318 317 315 235 173 185 130 99 88
Várvölgy 1681 1677 1847 1829 1998 2058 2236 2225 2081 2034 1721 1792 1159 1120 1071
Cserszegtomaj 1161 1221 1473 1540 1519 1633 1578 1594 1576 1481 1328 1371 1523 1901 2796
Zalaköveskút 0 0 0 0 0 0 0 156 134 115 106 113 49 29 23
Vindornyafok 280 305 325 397 408 387 388 362 351 296 264 275 145 139 124
Keszthely 5784 6365 7367 8571 9781 10652 11070 12429 12394 15127 17413 16770 22196 21540 20126
Gyenesdiás 948 1005 1163 1350 1272 1313 1330 1305 1415 1517 1477 1492 2129 2723 3472
Vonyarcvashegy 847 890 913 950 985 977 892 907 878 1015 1054 1050 1703 1868 2240
Karmacs 1084 1036 1124 1175 1153 1167 1310 1349 1275 1201 1054 1083 876 860 829
Balatongyörök 612 688 737 768 770 694 733 802 829 852 771 789 676 809 1113
Vállus 372 366 383 449 379 368 381 337 351 295 276 273 164 149 134
Zalavár 1245 1283 1352 1437 1506 1390 1480 1641 1634 1574 1392 1390 1126 949 925
Sármellék 1564 1813 2028 2164 2047 1925 2232 2342 2350 2811 2138 2193 1778 1864 1865
Zalaapáti 1145 1328 1475 1693 1797 1983 2196 2081 2203 2353 2065 2103 1832 1740 1645
Hernyék 228 253 276 365 407 367 422 422 432 384 299 308 160 116 109
Drégelypalánk 1426 1147 1357 1492 1625 1776 1984 1906 1992 2036 1946 2033 1712 1683 1545
Bernecebaráti 1328 1347 1479 1561 1718 1793 1852 1818 1945 1942 1660 1696 1096 954 939
Tésa 180 198 180 233 282 324 323 329 419 388 284 310 143 108 86
Hont 740 665 746 803 860 940 1025 976 1112 1118 1006 1071 682 597 477
Kemence 1172 1228 1198 1432 1601 1627 1827 1813 2037 2015 1785 1841 1285 1159 1041
Vámosmikola 1217 1332 1452 1700 1863 2043 2162 1974 1967 1992 1811 1821 1663 1692 1632
Ipolytölgyes 436 433 474 532 510 588 567 562 587 509 445 447 299 310 317
Pázmánd 1664 1606 1662 1726 1820 2097 2241 2240 2216 2236 2255 2289 2083 2001 2044
Seregélyes 3747 3422 3872 3934 4309 4275 4561 4266 4175 4682 4815 4833 4392 4517 4493
Sárkeresztes 1089 1233 1218 1211 1156 1064 1068 1070 904 981 985 995 1182 1533 1546
Fehérvárcsurgó 1738 1838 1830 1872 1848 1831 1755 1724 1737 2125 2359 2325 1829 1882 1970
Pákozd 1739 1752 1860 1933 2037 1837 1986 2148 1865 2180 2204 2204 2351 2673 3058
Úrhida 1073 1149 1215 1299 1348 1224 1243 1202 1244 1205 1150 1151 1153 1591 2379
Pátka 2156 2134 2107 2242 2136 2129 2248 2176 2028 2007 1933 1927 1609 1686 1668
Bakonykúti 557 526 527 396 369 372 346 313 369 342 256 261 124 119 123
Nádasdladány 1015 1277 1348 1348 1337 1557 1660 1648 1741 1874 1866 1872 1715 1859 1791
Magyaralmás 984 1092 1060 1068 979 1185 1193 1244 1255 1367 1386 1400 1457 1543 1566
Lovasberény 3790 3933 3600 3504 3484 3320 3140 3249 3102 3124 2973 2986 2601 2752 2680
Kincsesbánya 431 433 425 384 466 547 524 513 769 1133 1579 1523 1626 1574 1502
Csór 1723 1669 1637 1541 1523 1593 1424 1468 1435 1602 1635 1645 1438 1656 1759
Vereb 1061 1165 1119 889 818 906 917 1072 977 1075 958 990 787 768 796
Sárkeszi 670 721 653 591 571 572 575 555 565 555 592 598 488 543 603
Iszkaszentgyörgy 1257 1281 1214 1203 1146 1223 1202 1130 1468 1467 1518 1518 1417 1737 1959
Sukoró 915 893 950 932 965 932 890 923 907 901 867 874 684 832 1238
Moha 615 606 630 587 547 564 566 511 429 499 484 491 329 405 554
Székesfehérvár 23279 26559 28539 33196 37710 40352 41890 49103 42260 56978 74221 71191 107798 103070 96320
Zichyújfalu 355 324 367 373 350 498 528 498 468 885 992 982 929 973 939
Szabadbattyán 1749 1822 1980 2025 2069 2247 2365 2449 2534 3019 3251 3255 3930 4519 4532
Nadap 634 640 666 684 617 628 702 699 365 459 422 441 425 434 542
Balatonboglár 956 1217 1434 1498 2035 2390 2785 3570 3189 3822 4745 4717 6228 5886 5929
Balatonújlak 878 837 947 1005 1002 940 949 908 871 807 774 787 718 651 479
Somogyfajsz 770 734 861 866 915 947 983 958 962 869 702 715 491 517 567
Magyaratád 984 991 1033 1082 1156 1242 1227 1247 1428 1415 1343 1355 1105 1013 851
Somogyaszaló 1006 1116 1068 993 982 892 860 802 972 976 797 814 719 814 770
Somogysárd 1297 1317 1820 1784 2015 1950 2078 2106 2071 2043 1680 1711 1533 1383 1303
Bolhás 1009 1150 1210 1290 1072 1099 1115 1139 1165 1015 835 830 591 486 442
Nagyberény 1363 1449 1388 1476 1621 1724 1810 1869 1801 1866 1733 1780 1512 1463 1348
Somogybabod 492 482 561 487 580 544 639 678 819 803 688 719 622 540 506
Andocs 1597 1643 1847 1921 1929 1875 1963 1962 2107 2155 1819 1886 1274 1205 1110
Tapsony 1524 1684 1793 1943 1956 1956 1892 1780 1814 1580 1335 1366 1044 905 796
Táska 893 895 1069 1088 1095 964 1034 1006 937 957 803 811 574 515 436
Bálványos 1386 1426 1488 1388 1319 1273 1277 1309 1320 1180 977 974 679 560 588
Simonfa 649 679 707 731 705 621 658 643 623 529 486 490 404 394 359
Somogybükkösd 400 427 449 478 439 481 509 518 543 452 350 375 159 114 95
Mernye 1307 1477 1491 1422 1493 1492 1505 1506 1560 1539 1417 1454 1642 1584 1461
Visnye 546 693 712 721 1141 1198 1343 1268 1274 1110 729 755 254 230 264
Balatonföldvár 110 124 123 135 175 295 293 499 829 1061 1520 1432 2115 2113 2296
Berzence 2686 2980 3594 3665 3827 4093 4127 4185 4085 3651 3406 3427 2911 2838 2704
Rinyaszentkirály 1123 1122 1183 1213 1188 1305 1102 1193 1108 840 655 671 482 433 424
Kisberény 257 347 377 384 369 332 396 409 415 344 297 302 199 219 173
Beleg 558 652 725 669 694 693 801 816 885 931 829 837 617 661 666
Törökkoppány 1221 1372 1390 1383 1361 1314 1324 1263 1128 979 793 813 550 483 430
Kánya 964 1078 954 942 1015 1071 1055 938 886 784 676 682 523 486 443
Kaposkeresztúr 1098 1067 990 977 1107 1031 957 940 917 920 743 760 425 376 335
Som 1044 1075 1056 977 1000 963 949 927 950 953 940 934 660 709 692
Nágocs 1210 1254 1139 1091 1050 1103 1025 1142 1254 1139 1011 1064 712 732 652
Baté 614 652 632 673 663 632 693 668 704 839 782 789 819 843 859
Gige 791 817 794 818 746 719 734 714 684 604 518 528 323 362 381
Bolhó 1581 1715 1786 1819 1828 2002 2138 1991 1780 1569 1263 1322 865 853 819
Csokonyavisonta 2717 2812 2863 3040 3026 2977 2997 3069 2918 2848 2713 2770 1834 1771 1618
Zselickisfalud 869 854 802 844 773 643 685 650 570 515 396 403 315 286 265
Nemesvid 1555 1670 1724 1672 1861 1855 1945 1831 1861 1556 1268 1288 991 884 801
Balatonszentgyörgy 846 910 1098 1346 1371 1346 1363 1390 1411 1369 1416 1414 1692 1656 1647
Nemeskisfalud 349 304 334 301 320 292 281 285 295 235 195 203 100 60 132
Somogyacsa 1185 1210 1270 1248 1310 1298 1265 1145 1130 977 728 773 366 247 177
Kisgyalán 447 455 474 462 458 453 446 439 450 444 385 387 301 255 212
Iharosberény 1752 1835 1923 1878 1934 1811 1839 1913 1884 1746 1587 1637 1454 1381 1335
Patosfa 559 673 677 691 700 714 704 770 799 671 526 544 374 314 255
Drávagárdony 309 355 361 406 381 324 310 332 325 286 219 232 180 163 145
Visz 285 359 366 342 300 301 345 318 342 465 398 405 264 221 208
Hollád 583 673 774 825 797 836 824 796 821 720 620 630 399 331 257
Nikla 1127 1168 1245 1181 1438 1371 1423 1464 1363 1205 1055 1085 862 747 783
Ráksi 596 715 705 737 797 755 800 792 777 661 565 569 491 510 469
Alsóbogát 327 266 302 303 319 330 345 339 396 558 499 498 338 288 270
Csombárd 375 391 403 374 432 467 425 395 457 458 411 412 327 314 271
Kaszó 168 183 216 234 396 420 435 434 413 396 332 327 176 144 112
Karád 2986 3205 3350 3232 3470 3363 3484 3486 3517 3141 2754 2776 2012 1792 1610
Fiad 373 386 462 397 439 466 397 430 494 458 334 339 225 185 168
Lábod 1988 2077 2286 2477 2532 2307 2405 2248 2253 2333 2205 2220 2341 2227 2037
Somogyegres 577 592 559 548 518 510 582 595 588 612 509 509 310 238 205
Gálosfa 818 861 755 772 774 797 778 757 851 730 623 630 355 304 256
Ságvár 1491 1489 1540 1551 1608 1599 1596 1664 1763 1557 1532 1570 1663 1764 1820
Porrog 673 696 693 717 672 670 656 629 600 526 493 506 293 247 237
Polány 748 766 908 929 935 851 953 889 920 768 604 610 354 230 241
Kadarkút 1844 1799 1808 2003 2168 2365 2744 2782 2932 2960 2664 2673 2834 2727 2625
Balatonszárszó 849 881 890 870 1040 1039 1449 1954 1707 1836 1823 1894 1980 2000 2010
Bélavár 640 652 766 753 900 818 838 882 889 795 737 769 574 473 399
Pogányszentpéter 596 578 709 785 733 750 706 743 772 724 640 647 521 517 502
Szenna 1039 986 1185 1170 1145 911 953 854 807 816 774 782 667 723 733
Bábonymegyer 1422 1330 1353 1363 1448 1550 1523 1511 1522 1414 1265 1286 945 939 868
Kisbajom 957 964 1034 916 899 831 891 893 891 773 628 643 487 442 427
Nagyberki 1441 1438 1379 1577 1466 1396 1474 1446 1554 1416 1433 1421 1535 1562 1487
Taszár 780 801 811 759 788 763 811 921 794 1546 2234 2241 2093 2086 1993
Péterhida 536 626 619 604 596 600 523 556 565 540 454 437 220 199 148
Szulok 1761 1860 1909 1774 1696 1681 1797 1666 2034 1609 1244 1244 828 741 679
Kaposújlak 474 515 521 540 559 539 520 521 574 632 688 703 688 659 712
Tab 2303 2271 2474 2469 3176 3236 3681 4251 3960 4265 3922 3970 5125 5033 4642
Balatonkeresztúr 680 751 832 996 924 867 1084 1219 1249 1349 1533 1561 1631 1568 1661
Gadány 604 751 813 900 920 937 941 897 872 807 604 609 391 358 355
Szorosad 410 410 394 386 401 393 378 340 372 283 202 203 151 122 109
Somogyszil 2601 2763 2672 2700 2577 2297 2168 2078 1974 1657 1410 1441 924 847 753
Istvándi 1336 1297 1327 1361 1189 1014 1012 1171 1249 1049 913 930 674 648 653
Fonyód 417 481 737 940 1142 1380 1617 2097 2612 3262 3957 3918 5022 5019 4994
Tótújfalu 638 614 605 654 638 629 617 635 603 568 496 502 325 276 210
Somogytúr 701 686 797 691 912 842 959 995 975 820 672 685 430 425 441
Somogyszentpál 1735 1706 1807 1751 1693 1556 1702 1676 1557 1472 1269 1289 966 818 851
Zselicszentpál 477 512 583 600 567 574 566 510 468 443 387 389 397 408 401
Somogygeszti 760 840 996 984 1093 1041 1104 1208 1191 1124 948 943 600 561 493
Juta 809 959 945 983 981 889 949 966 987 961 920 938 1043 1183 1224
Ötvöskónyi 983 1124 1108 1137 1192 1192 1291 1256 1319 1335 1321 1278 931 922 955
Balatonszabadi 2219 2136 2071 2157 2392 2303 2385 2451 2704 2438 2439 2481 2693 2896 2988
Buzsák 1934 2036 2271 2195 2295 2476 2553 2549 2565 2597 2474 2544 1839 1506 1376
Szabás 974 903 945 984 897 909 886 909 853 863 817 791 589 625 585
Öreglak 1079 1246 1295 1367 1385 1584 1626 1657 1813 1867 1968 1974 1732 1740 1532
Cserénfa 369 436 497 559 560 475 453 458 419 407 363 365 281 248 219
Nyim 452 489 459 450 476 530 519 527 503 415 365 374 307 310 289
Kára 251 289 294 269 292 302 303 284 283 228 150 157 90 67 54
Porrogszentkirály 791 828 823 819 813 756 777 737 716 658 570 588 405 370 316
Somogyjád 1088 1191 1197 1213 1244 1174 1304 1351 1685 1756 1779 1829 1645 1620 1663
Rinyakovácsi 415 429 447 353 407 419 400 362 349 356 290 305 169 176 149
Heresznye 546 528 693 726 715 810 763 741 748 655 532 563 356 303 274
Patca 245 205 213 228 220 195 205 171 175 141 116 118 60 71 53
Lulla 279 292 323 318 477 569 404 654 638 566 415 420 268 245 185
Böhönye 2092 2141 2210 2613 2880 3092 3203 3388 3612 3809 3215 3252 2638 2509 2370
Szabadi 491 550 555 591 589 530 571 570 554 552 468 475 367 334 282
Siójut 366 398 377 400 406 501 465 486 441 428 442 445 430 541 608
Zimány 522 579 570 656 632 617 642 725 746 684 662 668 581 640 630
Háromfa 1693 1654 1784 1746 1957 1807 1667 1680 1633 1619 1293 1306 926 862 834
Lad 1170 1212 1076 1141 1242 1153 1167 1100 1216 1143 1017 1024 789 680 599
Kapoly 1030 1038 1082 970 1020 1048 1136 1151 1225 1305 1050 1086 867 780 689
Drávatamási 651 627 606 597 670 508 501 508 498 460 457 478 420 390 398
Kéthely 2496 2635 2921 3202 3362 3351 3295 3375 3311 3611 3117 3123 2564 2474 2384
Kazsok 573 630 674 561 541 565 547 527 590 530 467 482 368 362 351
Szentgáloskér 873 1039 1065 1007 1136 1122 1099 1074 1172 1135 855 870 657 608 571
Lakócsa 1155 1165 1179 1079 1169 1025 1117 1013 1086 1008 824 855 648 586 588
Ádánd 1695 1630 1638 1548 1608 1765 1984 2027 2029 2054 2119 2176 2127 2254 2170
Gamás 1713 2063 2078 2025 2021 1946 2027 2112 2208 1898 1512 1535 960 895 840
Somogyzsitfa 986 1085 1239 1164 1192 1138 1156 1152 1220 1248 1083 1151 767 664 614
Szólád 975 992 959 1107 1129 1029 1034 1026 1119 1113 989 1005 728 602 526
Kaposgyarmat 215 221 216 217 275 225 244 220 222 222 151 153 132 124 93
Kötcse 1526 1605 1477 1524 1611 1394 1161 1192 1305 1155 970 980 633 541 496
Zákány 592 714 783 842 1367 1954 1907 1886 1979 1501 1440 1490 1402 1332 1194
Görgeteg 1008 1017 1033 1076 1519 1589 1855 1849 1909 1803 1730 1726 1260 1216 1142
Kutas 1395 1266 1289 1343 1462 1449 1524 1609 1719 1886 1732 1742 1628 1604 1475
Pamuk 410 455 552 548 553 527 549 539 598 604 490 509 319 281 251
Bedegkér 1340 1412 1507 1380 1504 1437 1326 1510 1479 1225 1035 1039 648 548 457
Sántos 590 664 708 723 692 604 614 509 527 576 598 602 609 593 559
Bodrog 439 460 430 429 563 710 775 787 820 866 664 680 450 503 423
Kisasszond 415 400 466 395 472 400 385 349 395 350 265 262 174 164 173
Teleki 500 473 513 473 467 495 464 475 489 411 423 412 260 203 201
Babócsa 1754 2251 2443 2627 2852 2945 2855 2891 2511 2449 2207 2315 1925 1891 1676
Bakháza 15 83 114 67 206 389 438 456 501 412 305 326 238 254 181
Kaposszerdahely 288 319 238 425 587 646 662 682 666 652 696 700 847 973 1022
Zala 620 655 609 582 655 590 615 549 572 496 434 438 315 288 260
Pusztaszemes 280 383 395 466 471 488 545 604 674 648 534 547 412 420 361
Nemesdéd 1228 1402 1447 1381 1505 1561 1758 1797 1614 1452 1202 1251 870 757 754
Sávoly 953 1068 1122 1056 1073 1063 1006 1068 1135 1093 878 900 704 564 536
Szenyér 855 942 1001 1020 1046 1008 1060 964 974 967 795 805 390 325 340
Gölle 1997 2207 2290 2363 2374 2368 2216 2080 2206 2187 1864 1910 1372 1189 1030
Szenta 912 1026 1111 1165 1172 1007 1052 963 912 915 811 825 525 465 426
Kálmáncsa 1229 1266 1191 1415 1410 1415 1504 1507 1622 1442 1202 1231 761 708 675
Jákó 521 473 639 648 798 873 872 848 813 829 772 783 741 714 663
Zics 748 753 906 867 1013 951 938 888 968 871 694 706 467 443 370
Potony 489 612 700 760 781 743 661 699 739 650 537 543 343 307 224
Balatonendréd 1507 1666 1655 1542 1654 1721 1693 1751 1689 1656 1456 1500 1366 1389 1391
Ordacsehi 1215 1102 1102 1157 1115 1083 1150 1151 1169 1178 1104 1103 873 823 823
Tikos 232 271 277 288 303 304 323 304 303 258 198 198 159 132 123
Libickozma 568 614 656 751 900 905 1055 1039 1023 815 517 518 85 48 36
Balatonszemes 567 642 711 717 841 838 1011 1216 1488 1737 1778 1859 1717 1749 1982
Patalom 201 180 193 226 304 313 299 339 399 360 304 305 360 378 342
Ecseny 1035 1025 963 1057 1005 1010 1075 1050 1150 957 771 788 410 316 218
Hetes 1029 1142 1189 1116 1070 997 1046 1083 1194 1162 1068 1078 1030 1141 1172
Nagyatád 4049 4496 4981 5353 5784 5894 6617 7063 6934 8856 10375 10426 13179 12090 11272
Kisbárapáti 983 1097 1180 1151 1155 1143 1183 1197 1254 1121 866 892 590 576 432
Nagyszakácsi 1350 1436 1739 1822 1928 1859 1903 1813 1778 1371 1036 1086 636 525 432
Kereki 582 589 559 509 470 503 565 593 640 636 605 608 571 562 552
Hajmás 501 529 494 440 429 419 396 344 352 322 318 322 265 262 241
Gyékényes 2052 2203 2205 2239 2427 2487 2584 2205 2168 2005 1807 1851 1355 1058 1054
Várda 396 465 498 465 517 494 615 644 680 684 634 648 549 553 464
Hedrehely 1248 1261 1258 1302 1161 1141 1227 1196 1225 1006 872 859 617 548 433
Csurgó 4195 4418 4881 5137 5773 5754 5956 5883 5897 5390 5449 5521 5845 5723 5307
Inke 1735 1886 2168 2462 2437 2366 2351 2243 2269 1978 1719 1753 1354 1340 1246
Hács 756 817 942 949 1073 1091 1125 1147 1244 1099 884 886 545 415 399
Kaposhomok 421 453 477 509 539 540 524 479 524 445 452 458 310 416 484
Csoma 545 562 573 553 538 598 617 614 651 646 641 649 549 501 442
Barcs 3339 4938 7054 8496 9658 9043 9459 10088 8993 8670 9143 9203 12252 11998 11340
Komlósd 495 481 478 461 438 530 398 448 422 367 346 348 239 210 173
Somogysimonyi 328 300 290 286 272 278 250 266 262 230 190 195 117 83 73
Vörs 1086 1040 1026 1078 1005 980 921 898 932 887 800 819 569 498 440
Kelevíz 320 322 352 406 431 431 473 474 470 444 376 383 335 345 332
Gadács 368 399 429 480 433 431 448 459 455 315 261 270 160 132 100
Iharos 1017 1064 1183 1152 1119 972 1049 932 976 880 826 841 640 519 507
Darány 1698 1477 1443 1449 1439 1344 1437 1577 1404 1330 1199 1212 1080 1031 970
Nagybajom 4294 4260 4642 5064 5011 4828 5198 5069 4894 4402 3882 3938 3454 3525 3375
Szentborbás 291 311 458 412 436 384 385 340 360 297 260 265 159 136 123
Balatonlelle 1308 1229 1250 1331 1601 1724 2274 2741 3157 3694 4419 4241 4919 4901 5405
Miklósi 613 679 765 730 793 755 828 813 834 693 518 541 319 259 224
Somogysámson 1236 1272 1370 1408 1366 1271 1256 1168 1281 1331 1230 1263 910 819 783
Pusztakovácsi 1331 1223 1286 1264 1408 1527 1633 1580 1794 1707 1413 1452 955 890 903
Igal 1931 2190 2076 2152 2089 2169 2214 2375 2467 2040 1813 1812 1440 1305 1230
Magyaregres 589 677 700 826 780 771 790 719 779 739 671 667 559 592 642
Somogyszob 1341 1554 1587 1756 1733 1725 1850 1882 2015 2257 2142 2157 1879 1785 1644
Siófok 3897 4367 4533 4643 5216 5671 7158 8556 10009 13189 17315 16246 22173 22386 25446
Lengyeltóti 1955 2336 2461 2571 2739 2599 2611 2764 3091 3407 3403 3344 3415 3366 3159
Somogyvár 1846 2180 2230 2461 2610 2741 2440 2442 2830 2760 2498 2513 1841 1935 1789
Kaposvár 10210 13493 16640 22845 28955 34314 37339 37710 37945 47945 58553 57263 70354 65600 64201
Porrogszentpál 212 195 271 242 231 233 246 243 226 175 179 189 118 104 89
Osztopán 936 967 1075 1294 1345 1291 1286 1293 1435 1456 1245 1268 920 877 844
Mike 1116 1314 1279 1300 1263 1404 1677 1536 1856 1499 1182 1169 745 694 661
Somogyudvarhely 1562 1646 1735 1885 2047 2056 2196 2231 2185 2011 1782 1828 1370 1198 1084
Rinyaújnép 402 433 294 324 323 309 349 321 325 258 194 204 83 70 51
Bárdudvarnok 1960 1877 1957 2172 2464 2534 2642 2410 2528 2546 2071 2065 1211 1200 1141
Vése 1480 1662 1762 1925 2087 1956 1854 1766 1864 1722 1378 1385 965 972 786
Mosdós 1071 1076 1050 1142 1117 1009 918 996 879 976 1196 910 846 1097 983
Fonó 558 653 681 674 629 659 783 673 706 672 624 639 426 369 279
Tarany 2021 2339 2250 2349 2327 2281 2112 2138 2139 1874 1694 1721 1357 1283 1227
Rinyaújlak 458 507 509 561 638 578 542 622 678 632 601 617 423 344 276
Kiskorpád 464 493 594 728 799 971 980 952 1057 1091 1072 1079 902 956 901
Somogymeggyes 294 310 285 294 202 345 716 807 992 1030 842 872 654 615 513
Nagycsepely 991 952 949 964 833 876 847 894 864 809 682 703 527 425 365
Csákány 809 851 861 758 781 794 866 853 887 750 651 666 418 304 257
Balatonberény 1078 1081 1249 1341 1419 1394 1405 1361 1400 1457 1364 1424 1220 1210 1156
Hosszúvíz 163 168 178 242 227 282 325 343 317 287 190 192 61 68 45
Somogydöröcske 1093 1213 1182 981 842 772 818 748 752 547 372 410 235 185 149
Büssü 1095 1072 1074 975 951 995 944 832 837 751 649 658 527 481 412
Somodor 714 818 794 908 980 1090 1047 1132 1126 1008 725 745 471 445 414
Balatonfenyves 99 104 120 174 244 349 413 690 820 2367 2387 2376 2011 1843 2024
Látrány 1300 1285 1280 1251 1281 1287 1498 1488 1512 1466 1418 1455 1362 1436 1367
Marcali 6094 6509 6733 7359 7968 7927 8363 8461 8225 9630 9894 9850 13070 12700 11840
Csömend 300 362 370 419 431 408 455 476 492 494 433 436 367 345 311
Zselickislak 523 553 602 631 665 631 617 572 497 500 411 420 314 357 323
Zákányfalu 253 304 333 369 321 224 338 351 345 759 752 767 662 626 573
Edde 440 359 407 387 359 335 396 449 481 457 393 405 250 242 193
Hencse 463 475 517 517 566 628 620 666 621 700 572 576 465 417 339
Segesd 2764 3029 3257 3281 3535 3596 3643 3473 3609 4050 3433 3485 2778 2674 2616
Zamárdi 790 868 821 847 905 999 1323 1800 2259 2324 2526 2609 2100 2228 2579
Gyugy 759 766 748 732 718 728 757 692 742 669 571 580 301 278 261
Nagykorpád 1247 1240 1247 1505 1416 1363 1251 1232 1192 1059 914 925 670 629 632
Somogyvámos 1115 1137 1242 1250 1286 1426 1381 1343 1343 1233 970 1003 739 820 800
Szentbalázs 380 427 421 469 452 407 439 422 417 451 416 424 325 350 333
Csurgónagymarton 545 530 576 573 565 545 548 518 467 417 352 358 212 223 160
Újvárfalva 388 416 510 454 639 629 730 731 749 685 645 665 381 398 312
Csököly 2004 1993 1878 1786 1721 1615 1729 1664 1627 1581 1445 1458 1168 1114 1097
Vízvár 1204 1294 1471 1531 1539 1480 1520 1500 1481 1269 1126 1134 812 708 589
Somogyaracs 424 411 450 453 428 426 460 447 456 434 372 380 233 247 210
Szilvásszentmárton 355 333 356 402 365 339 340 318 292 249 249 249 194 228 211
Torvaj 575 577 688 699 852 861 1061 747 773 646 571 570 359 325 263
Varászló 476 463 499 459 479 541 448 482 498 443 400 414 221 183 141
Kercseliget 1161 1154 1271 1341 1467 1391 1358 1333 1181 1030 845 873 515 463 433
Szántód 138 155 146 143 171 193 72 240 259 542 508 518 498 526 621
Bonnya 863 910 913 881 935 929 983 1057 931 731 617 621 359 334 273
Orci 439 445 434 452 470 435 483 454 505 493 491 499 503 514 572
Somogycsicsó 447 438 540 689 756 777 729 728 765 511 467 472 238 227 177
Homokszentgyörgy 1033 1217 1305 1464 1482 1613 1673 1718 1824 1945 1621 1616 1313 1274 1157
Pálmajor 15 15 16 18 23 142 214 398 442 570 520 516 310 309 363
Kastélyosdombó 524 475 571 654 601 559 638 595 580 539 440 430 349 321 221
Nagyveleg 771 916 987 986 1011 948 887 888 930 1012 945 949 650 709 667
Pusztavám 1693 1915 2130 2283 2350 2442 2521 2584 2646 3046 3036 3039 2338 2517 2536
Mór 8292 8755 9309 10206 10654 10522 10032 10123 9997 11479 12066 12032 15030 14826 14221
Isztimér 1677 1752 1718 1592 1482 1344 1321 1297 1512 1352 1215 1167 922 987 994
Bodajk 2019 2195 2022 1982 1955 1907 2139 2374 2570 4068 4182 4178 3883 4058 4111
Söréd 463 437 486 448 404 386 429 433 394 481 472 477 392 434 508
Balinka 532 592 630 620 578 503 727 813 914 1630 1494 1507 1006 949 944
Bakonycsernye 2169 2223 2321 2249 2109 2343 2852 3126 3223 3780 3799 3904 3227 3228 3137
Etyek 2468 2952 3239 3469 3729 3858 4004 4033 3105 3473 3495 3484 3172 3505 4102
Felcsút 1046 1133 1207 1196 1312 1442 1513 1625 1325 1640 1616 1625 1554 1680 1791
Tabajd 1564 1641 1529 1501 1446 1410 1372 1445 1341 1159 1181 1159 975 938 945
Újbarok 440 466 539 478 489 471 539 556 403 449 400 398 353 346 426
Vértesacsa 2020 2334 2572 2398 2491 2749 2700 2720 2525 2161 2042 2094 1667 1749 1789
Óbarok 433 473 528 540 466 507 595 562 799 961 1044 1034 707 789 775
Gyúró 1324 1471 1501 1351 1338 1206 1213 1196 1299 1254 1208 1214 1078 1205 1227
Alcsútdoboz 2155 2246 2347 2331 2261 2326 2204 2022 2102 2044 1954 1966 1427 1539 1417
Kápolnásnyék 1519 1665 1761 2028 2120 2311 2562 2632 2587 2763 3003 2965 2968 3181 3550
Martonvásár 1940 2111 2095 2453 2578 2807 3154 3032 3126 3836 4073 4045 4304 5120 5562
Baracska 2046 1764 1917 1955 1997 2122 2100 2048 2138 2481 2794 2802 2502 2729 2710
Ráckeresztúr 1465 1498 1630 1846 2142 2207 2591 2586 2659 2880 2851 2861 2769 3181 3272
Kajászó 1430 1375 1351 1273 1228 1200 1248 1245 1200 1184 1109 1120 929 998 1037
Vál 2551 2873 3017 2800 3100 3226 2898 2778 2828 2696 2488 2463 2089 2325 2451
Tordas 1004 1089 1242 1450 1433 1360 1484 1205 1293 1501 1375 1360 1363 1727 1964
Nagybörzsöny 1621 1658 1762 1762 1907 1873 1842 1739 1762 1679 1348 1403 919 885 804
Zebegény 588 704 685 680 791 929 891 881 1089 1341 1231 1214 1105 1194 1276
Letkés 826 834 992 960 898 972 1056 989 1072 1076 1144 1141 1117 1209 1155
Ipolydamásd 468 496 564 649 604 688 680 737 718 697 659 633 398 379 356
Szob 1456 1633 2038 1909 1969 2040 3486 2150 2322 2546 2841 2840 2743 2965 2806
Kóspallag 428 368 508 607 643 782 886 1014 982 1022 1063 1025 760 791 755
Márianosztra 888 1172 1494 1548 1468 1767 1476 1554 1392 1193 1372 1380 925 925 867
Becske 1026 781 947 937 943 1006 1037 1084 1139 1021 954 1002 747 645 592
Kétbodony 529 483 489 539 531 635 672 642 664 710 664 668 578 538 465
Pusztaberki 204 180 202 177 240 294 282 234 266 270 220 224 132 122 128
Szanda 703 768 812 916 941 981 1229 1322 1471 1451 1389 1426 896 737 664
Szente 358 313 332 385 424 460 491 484 570 598 545 584 440 376 355
Magyarnándor 796 654 745 803 842 872 902 1004 1103 1216 1195 1209 1352 1263 1181
Horpács 337 262 265 260 297 359 368 402 368 355 368 391 220 191 171
Debercsény 148 108 102 115 155 167 183 190 200 222 249 254 153 102 79
Szécsénke 423 344 362 333 355 452 404 415 441 458 425 437 324 276 205
Romhány 1674 1639 1749 1822 1962 2003 2095 2196 2278 2267 2265 2302 2375 2419 2172
Mohora 887 747 797 875 753 941 1198 1273 1193 1249 1275 1298 1021 988 952
Kisecset 231 180 207 233 259 360 466 488 467 501 442 468 289 220 171
Csesztve 618 548 637 731 773 771 791 824 865 848 716 721 429 333 322
Cserhátsurány 755 684 698 890 1045 1044 1071 1150 1219 1163 1256 1264 1001 994 877
Iliny 300 178 186 214 264 248 261 283 308 352 327 344 222 198 163
Cserháthaláp 543 483 455 501 478 512 530 501 560 598 552 568 483 419 377
Terény 795 684 775 830 843 1003 951 963 958 912 819 862 566 432 383
Bokor 290 260 250 270 286 297 304 310 279 288 275 281 159 143 129
Érsekvadkert 2394 2242 2470 2742 3137 3236 3502 3722 3912 4084 3931 4084 3830 3906 3733
Szátok 516 453 478 428 521 550 506 500 553 636 639 665 492 523 591
Nógrádmarcal 720 723 693 768 819 909 904 919 958 944 875 888 598 556 548
Herencsény 1015 869 1076 1057 1114 1151 1111 1227 1239 1298 1154 1194 841 735 635
Ipolyvece 687 676 725 852 943 895 1020 1019 1100 1098 1058 1106 886 884 844
Varsány 1066 924 1027 983 1092 1142 1344 1492 1610 1747 1862 1901 1851 1792 1691
Hugyag 1004 812 953 1012 1108 1110 1362 1444 1340 1274 1272 1245 986 911 925
Csitár 688 583 608 822 840 861 900 885 884 975 910 799 543 470 424
Dejtár 1451 1503 1633 1834 1757 1992 1960 1884 2067 2037 1873 1942 1603 1531 1447
Patvarc 473 409 547 536 592 638 614 615 646 649 631 637 634 660 744
Ipolyszög 253 204 309 279 332 421 520 571 596 643 643 663 500 693 694
Patak 1195 1203 1238 1362 1472 1484 1554 1515 1656 1640 1452 1517 1139 1039 961
Szügy 918 776 860 864 902 987 1099 1181 1127 1277 1269 1307 1401 1476 1443
Balassagyarmat 6307 6654 7517 8395 10800 11367 11551 11687 10831 12437 13873 13233 17731 17241 15845
Csécse 1005 893 1121 1143 1209 1461 1320 1395 1465 1385 1212 1239 1107 1005 959
Nógrádsipek 572 531 592 560 651 655 691 817 907 1052 1101 1128 888 769 734
Nógrádmegyer 1352 1165 1230 1249 1289 1335 1503 1556 1625 1965 1990 2004 1821 1774 1767
Márkháza 274 228 280 272 303 316 330 346 292 312 310 320 291 264 254
Karancsság 874 804 935 987 1041 995 1039 1054 1048 1076 1316 1323 1172 1172 1230
Sóshartyán 620 625 652 696 734 723 761 783 797 865 928 914 886 926 950
Buják 1903 1646 1875 2147 2282 2255 2368 2487 2600 2818 2683 2762 2540 2485 2291
Bercel 1712 1642 1721 1822 2060 2228 2190 2277 2356 2438 2455 2528 2198 2127 1982
Garáb 174 172 166 212 206 245 257 248 221 209 222 220 108 81 55
Nagylóc 1161 1221 1408 1551 1847 1840 2292 2305 2638 2779 2653 2700 1945 1775 1623
Szalmatercs 406 340 372 408 450 501 539 534 529 559 543 550 525 505 472
Rimóc 1175 1056 1227 1324 1472 1498 1671 1813 1960 2060 2155 2203 1965 1932 1891
Kozárd 502 474 490 498 463 480 444 463 443 462 389 398 267 194 180
Etes 600 619 851 1520 2611 2658 2912 2917 2548 2221 2057 2053 1606 1451 1404
Ludányhalászi 1332 1308 1433 1481 1624 1694 1683 1758 1871 2026 1901 1942 1593 1633 1544
Ságújfalu 964 792 881 981 1005 1017 1136 1214 1307 1439 1233 1249 1069 1009 1078
Bér 917 799 866 893 944 983 988 996 1001 921 819 837 550 453 371
Endrefalva 868 832 952 1076 1121 1210 1337 1353 1414 1501 1499 1516 1235 1207 1270
Kishartyán 417 396 471 539 603 574 640 656 626 643 680 684 683 628 576
Nagybárkány 460 462 530 528 572 563 575 619 659 689 726 727 686 702 677
Nagykeresztúr 190 195 245 259 228 230 256 235 383 287 244 241 279 300 264
Ecseg 1779 1660 1776 1744 1648 1781 1760 1842 1834 1749 1597 1628 1436 1293 1193
Alsótold 288 218 236 262 300 403 369 344 363 342 291 280 273 294 237
Magyargéc 690 605 638 704 722 642 751 721 813 954 910 932 882 865 922
Piliny 689 619 749 716 816 793 893 907 846 895 812 824 695 654 647
Lucfalva 548 505 564 587 653 734 809 921 596 703 709 715 675 621 654
Kisbágyon 463 444 447 427 423 498 559 513 595 696 681 690 520 485 420
Kisbárkány 192 187 202 203 283 329 385 423 411 387 353 362 264 255 227
Kutasó 242 181 226 273 248 267 271 336 340 309 261 275 140 119 100
Sámsonháza 697 604 664 651 675 689 721 673 598 536 440 452 366 311 268
Galgaguta 679 568 625 659 705 860 981 1020 997 952 928 937 808 768 657
Karancsalja 503 531 910 1347 1338 1412 1573 1598 1673 1598 1641 1657 1617 1632 1592
Jobbágyi 1243 985 1251 1375 1569 1729 1577 1547 1597 2211 2347 2357 2298 2338 2219
Cserhátszentiván 694 608 602 554 643 594 610 663 616 533 407 431 224 167 142
Szarvasgede 491 424 481 530 590 715 761 681 690 693 650 667 533 456 409
Szirák 1360 1422 1514 1614 1625 1597 1586 1381 1591 1536 1435 1461 1288 1212 1207
Szécsény 4370 3790 4296 4615 5083 5222 4758 4734 4884 5210 5690 5761 6879 6719 6153
Szécsényfelfalu 531 449 473 505 585 593 694 744 679 736 712 713 542 510 438
Ipolytarnóc 813 752 810 822 826 869 929 802 911 849 800 821 568 535 466
Mihálygerge 487 420 524 560 560 633 743 754 858 852 865 863 802 712 632
Egyházasgerge 704 736 768 863 950 1012 944 995 1057 1033 1007 1010 908 840 776
Nógrádszakál 835 786 844 1031 1063 1050 1085 1087 1107 1112 1157 1189 684 627 639
Litke 951 824 842 900 911 959 973 945 1109 1092 1111 1120 962 904 907
Karancsberény 607 433 476 573 606 646 803 925 933 1133 1140 1138 1058 1008 917
Karancskeszi 1302 1045 1106 1097 1305 1523 1779 2003 2183 2228 2302 2314 2131 1979 1943
Rákóczibánya 127 163 180 214 191 332 640 606 559 965 982 995 783 696 667
Salgótarján 5955 10738 15585 22166 21711 23160 26147 30172 30048 35046 40584 39868 46364 42565 37980
Kazár 902 981 1335 1688 1900 1692 2205 2220 2320 2506 2468 2489 2217 2084 1906
Mátranovák 915 874 1024 1248 1967 2842 2770 2798 2926 3058 2918 2946 2405 2067 1840
Mátraterenye 1280 1130 1798 1938 2195 2341 2677 2655 2768 2907 2826 2860 2225 2050 1939
Cered 711 726 767 1147 1239 1435 1630 1447 1798 1760 1725 1753 1433 1282 1170
Zabar 461 364 512 501 594 668 770 767 854 929 911 914 645 547 515
Vizslás 646 562 673 759 864 921 1008 1084 1146 1345 1399 1402 1454 1405 1431
Szilaspogony 415 431 547 557 737 721 743 774 723 728 703 717 450 387 324
Bárna 567 546 629 653 784 930 999 1123 1229 1288 1267 1300 1208 1172 1120
Mátraverebély 1100 965 1058 1163 1260 1348 1579 1700 1944 2541 3009 3070 2399 2229 1986
Nemti 420 535 592 705 800 852 945 1065 1100 1189 1161 1182 950 833 765
Mátraszele 300 314 492 706 1006 961 1044 1194 1203 1284 1279 1297 1051 1046 992
Tar 1321 1205 1256 1389 1705 1900 2156 2203 2287 2466 2607 2654 2332 2058 1926
Nagykökényes 789 823 846 829 797 865 935 906 896 869 834 844 684 627 631
Vanyarc 1378 1237 1286 1263 1361 1410 1485 1552 1615 1716 1687 1743 1519 1458 1337
Zagyvaszántó 834 744 950 1073 1255 1307 1620 1584 1684 2009 2039 2070 2064 2144 1990
Heréd 1320 1208 1520 1811 1897 2002 2185 2112 2232 2307 2246 2298 2154 2056 2012
Kálló 1758 1777 1947 2131 2306 2346 2325 2444 2312 2214 1784 1786 1400 1440 1501
Verseg 1232 1326 1499 1601 1560 1832 1703 1675 1702 1689 1549 1571 1461 1419 1403
Egyházasdengeleg 641 610 689 689 681 692 842 870 879 839 799 824 619 536 486
Héhalom 845 894 1044 1130 1259 1341 1372 1342 1371 1639 1505 1553 1137 1052 1003
Palotás 931 788 961 1059 1359 1458 1760 1792 2010 2002 1919 1956 1799 1743 1676
Keszeg 488 521 557 614 630 679 726 814 780 845 869 878 712 717 668
Nógrádsáp 942 794 879 889 891 936 1010 968 1080 1132 1043 1096 996 918 927
Alsópetény 733 740 774 809 873 928 899 900 944 934 982 984 764 761 679
Nézsa 690 606 688 782 922 962 1072 1115 1189 1275 1324 1348 1251 1181 1118
Nógrádkövesd 451 364 413 458 461 474 572 503 489 791 837 853 794 716 726
Legénd 745 673 654 767 759 831 900 1002 953 1028 961 981 665 586 471
Csabdi 983 1100 1194 1149 1228 1297 1280 1220 1173 1073 962 971 1058 1183 1179
Galgagyörk 778 687 767 762 862 924 1084 1021 924 1057 1115 1120 1035 1055 1062
Püspökhatvan 1224 1199 1210 1361 1337 1369 1502 1528 1561 1590 1679 1676 1612 1586 1485
Váckisújfalu 463 415 431 405 487 516 557 488 481 485 472 482 459 447 440
Acsa 1061 1041 1114 1128 1168 1156 1280 1279 1373 1563 1570 1575 1493 1494 1454
Galgamácsa 1388 1452 1572 1682 1826 1886 1880 1748 1796 1879 1923 1936 1688 1975 1878
Csörög 68 51 78 115 217 199 234 353 285 512 568 560 946 1457 1857
Rád 847 894 960 1073 1133 1125 1298 1338 1316 1468 1469 1481 1504 1611 1877
Püspökszilágy 799 819 881 1002 1084 1132 1103 1095 1062 1131 1085 1080 803 723 747
Vácduka 527 552 490 667 647 734 709 720 826 870 985 901 794 987 1316
Penc 1132 1161 981 1118 1224 1232 1407 1442 1356 1327 1368 1374 1313 1393 1477
Kosd 1610 1685 1626 1825 2018 2014 2209 2007 2092 2137 2281 2278 2121 2239 2412
Dány 1915 1999 2170 2531 2896 3057 3462 3552 3772 4066 4117 4147 4054 4228 4343
Vácszentlászló 1232 1350 1431 1573 1805 1751 1719 1675 1742 1878 1904 1913 1848 1966 2057
Valkó 1618 1711 1884 2181 2517 2631 2677 2706 2655 2592 2491 2523 2134 2404 2394
Zsámbok 1786 1894 2114 2208 2410 2517 2705 2716 2796 2837 2737 2794 2240 2375 2435
Kóka 2857 3219 3465 4001 4436 4394 4868 4661 4638 5100 4804 4859 3974 4173 4391
Mány 2413 2577 2587 2703 2452 2569 2524 2625 2114 2409 2412 2428 2014 2275 2379
Bicske 4352 4821 5666 6014 6373 6808 7309 7905 7552 8788 9635 9687 10469 11019 11088
Mende 998 1182 1353 1605 1988 2119 2606 2880 3255 3577 3737 3751 3676 4131 4101
Tóalmás 1966 1955 2112 2435 2941 3027 3389 3403 3534 3641 3596 3499 2994 3183 3277
Szentmártonkáta 2438 2480 2955 3205 3382 3764 3933 4096 4398 4681 4486 4537 4099 4619 4953
Sülysáp 2459 2427 2927 3519 4380 4954 5537 5730 5991 6603 6988 7034 6639 7615 8031
Péteri 1012 1040 1061 1239 1493 1597 1876 1717 1547 1676 1751 1780 1650 1876 2201
Maglód 1267 1449 1601 2049 3172 3658 4903 5109 4843 5406 6371 6421 7773 9670 11392
Pécel 2206 2176 2752 3854 5524 6083 7061 7372 7499 8624 9744 9507 10571 12513 14596
Vecsés 2831 2674 3271 4119 7403 9400 11976 14075 13805 15500 19193 18958 18134 18505 19426
Ecser 786 801 1015 1125 1455 1539 1847 2056 1945 2110 2633 2514 3076 3237 3540
Gyál 307 329 353 418 669 777 1217 3515 4104 6112 14011 13087 16586 20965 22211
Szada 1004 1034 1154 1296 1420 1542 1702 1793 1908 2061 2185 2216 2202 3144 4529
Kerepes 789 822 816 905 1329 1654 2440 2738 2846 3476 4700 4634 6634 8217 9639
Isaszeg 1836 2090 2341 3206 4120 4590 5641 6495 6517 7454 8667 8681 8907 10250 10964
Nagytarcsa 638 720 842 896 988 1043 1160 1279 1237 1424 1836 1845 2444 2758 3697
Csömör 1307 1445 1756 2121 2718 2872 3574 3952 3634 4263 5030 4930 5283 7178 8596
Kistarcsa 715 822 907 1075 2123 3258 4045 4515 4765 5592 7359 7181 8776 9113 11460
Kisnémedi 708 724 734 760 826 940 994 922 958 966 961 967 709 659 679
Csomád 624 692 746 822 874 857 885 875 769 785 810 799 721 826 1456
Vácrátót 728 760 894 1019 1107 1170 1358 1300 1391 1560 1577 1592 1549 1691 1821
Váchartyán 719 788 794 904 883 1107 1205 1214 1338 1456 1557 1562 1491 1688 1739
Vácegres 697 699 713 768 926 1041 1085 1108 817 851 961 968 767 823 844
Veresegyház 1245 1390 1554 1716 1969 2651 3590 4231 4525 4586 5371 5397 6120 10171 15475
Domony 1139 1124 1187 1135 1201 1249 1388 1507 1575 1884 1991 2010 1840 1959 2143
Iklad 765 847 948 1036 1109 1209 1255 1399 1429 1700 1872 1882 2072 2143 2075
Hévízgyörk 1284 1286 1700 1895 2024 2174 2556 2633 2779 2925 3075 3087 2856 2964 3030
Bag 1526 1673 2130 2132 2352 2605 3458 3168 3384 3972 4119 4163 3869 3953 3791
Galgahévíz 1549 1570 1749 1900 2206 2335 2414 2570 2666 2869 2918 2953 2546 2535 2515
Abaújlak 316 297 281 299 334 378 381 365 363 365 324 338 136 105 104
Abaújszolnok 410 380 354 337 398 417 438 405 380 370 322 318 159 153 196
Gagybátor 714 603 621 643 674 702 734 745 707 617 518 529 310 282 203
Selyeb 871 897 792 766 847 777 895 904 857 846 781 804 536 488 466
Kupa 402 435 404 403 485 446 363 455 429 396 381 380 205 185 180
Gadna 402 382 368 328 329 325 328 331 334 354 372 381 239 260 287
Nyésta 262 257 231 214 218 227 221 226 213 198 158 163 85 72 57
Gagyvendégi 361 327 333 353 367 380 402 412 478 445 499 509 299 241 226
Alsóvadász 1570 1473 1506 1745 1715 1692 1758 1704 1662 1679 1682 1710 1477 1545 1580
Léh 257 290 240 248 287 283 337 398 375 497 545 545 489 529 417
Monaj 312 279 351 379 440 410 507 536 528 440 379 381 240 298 239
Homrogd 699 731 709 807 897 898 1008 925 919 1086 1027 1041 1005 1007 944
Rásonysápberencs 747 767 698 633 632 591 686 713 694 730 677 689 614 565 605
Szokolya 1503 1477 1664 1777 1842 1923 1964 1916 1983 2031 2078 1907 1749 1725 1736
Nógrád 1391 1484 1507 1553 1712 1702 1738 1811 1898 2048 2006 1997 1644 1576 1487
Berkenye 371 415 429 482 527 536 588 595 686 699 641 638 604 587 629
Ivád 316 266 293 338 383 428 537 564 604 668 658 674 511 458 385
Dorogháza 957 708 845 851 1023 1230 1345 1378 1504 1679 1664 1692 1432 1311 1182
Mátraballa 978 852 970 1014 1118 1208 1268 1291 1186 1265 1228 1245 1028 903 823
Bodony 1556 1467 1598 1783 1684 1872 1931 1900 1472 1437 1224 1270 1009 873 807
Mátramindszent 537 487 601 678 746 839 923 1043 1095 1193 1257 1290 1080 971 893
Nagyoroszi 1902 1848 2001 2114 2258 2252 2279 2199 2154 2124 2055 2083 2100 2320 2202
Borsosberény 719 681 785 777 790 889 1021 1039 1133 1274 1221 1262 1010 1061 1000
Parád 1459 1396 1733 1897 1931 2040 2122 2327 2138 3004 3150 2618 2434 2310 2155
Kartal 1636 1645 1603 1810 2397 2686 3088 3576 3803 4348 4889 4911 5376 5732 5672
Aba 2997 3004 3313 3533 4099 4046 4067 4199 4303 4369 4271 4305 3997 4471 4544
Sárkeresztúr 2484 2502 2642 2872 2860 2874 2840 2870 2690 2614 2489 2528 2198 2421 2509
Kisláng 747 816 891 920 3014 3610 3697 3889 3938 3633 3267 3335 2482 2636 2612
Tác 1542 1627 1759 1718 1841 1811 1846 1763 1771 1686 1630 1635 1418 1486 1681
Sárszentágota 733 884 923 1116 1218 1299 1580 1652 1570 1739 1679 1695 1388 1382 1381
Káloz 2840 2867 3031 3077 2910 3047 3195 3077 3235 3116 2899 2944 2633 2559 2396
Soponya 2281 2400 2296 2504 2321 2394 2431 2320 2256 2361 2439 2463 1941 1941 1883
Nagykarácsony 476 623 967 1074 946 911 1019 1073 1815 1864 1944 1979 1516 1549 1394
Tolnanémedi 1396 1448 1545 1715 2215 2161 2284 2478 2323 2135 1771 1865 1406 1282 1107
Mátyásdomb 450 621 693 784 954 1009 961 846 1172 1267 1383 1254 868 812 801
Dég 1451 2004 2237 2528 2455 2588 2959 2927 3234 3174 3058 3132 2437 2398 2283
Kisszékely 1378 1391 1506 1525 1519 1436 1460 1420 1458 1192 941 975 531 452 326
Sárbogárd 7358 7905 9165 10527 11686 12052 12473 13104 13152 12865 13145 13206 13601 13544 12758
Alap 2011 2131 2370 2744 2802 3124 3159 3152 3315 3023 2652 2748 2273 2165 2059
Pincehely 3106 3097 3386 3333 3695 3702 3663 3958 4009 3690 3425 3415 2802 2669 2374
Györköny 2240 2328 2475 2749 2724 2380 2516 2453 2505 1940 1578 1620 1161 996 1002
Bikács 1300 1390 1364 1532 1421 1331 1385 1493 1469 1113 829 857 538 488 445
Igar 1210 1267 1471 1786 1930 1873 2075 2301 2557 2401 2047 2077 1377 1111 1016
Nagyszékely 2503 2613 2517 2383 2220 1940 1998 1845 1832 1287 980 1045 565 490 421
Simontornya 2629 2823 3048 3175 3391 3215 3843 4755 4669 4702 4892 4911 4899 4730 4210
Vajta 1094 1157 1140 1320 1284 1448 1619 1399 1392 1272 1158 1167 1034 993 874
Cece 2461 2452 2656 2841 3137 3306 3436 3376 3444 3288 3153 3214 2978 2843 2705
Ozora 4279 4601 4850 4947 5091 5098 4590 4672 4678 3843 3102 3229 2107 1872 1737
Pálfa 2159 2187 2205 2185 2173 2256 2182 2338 2520 2569 2609 2615 1790 1867 1646
Alsószentiván 703 743 807 816 845 826 869 1066 1192 1132 1048 1058 789 703 655
Sáregres 1093 1090 1147 1237 1353 1352 1427 1459 1415 1359 1249 1277 907 861 759
Tetétlen 2071 2052 2187 2148 2259 2109 2232 2169 2274 2204 1912 1990 1597 1512 1406
Földes 4560 4547 4814 5137 5539 5439 5669 5776 5889 5415 5293 5437 4884 4457 4217
Nádudvar 8219 7757 8255 9487 9910 9989 10517 10923 10952 10395 9447 9788 9345 9212 9192
Kaba 5745 6073 6364 6483 6806 6815 7076 7103 7130 6962 6654 6730 6597 6490 6113
Hajdúszovát 3000 3259 3366 3463 3633 3749 4133 4086 4069 3876 3521 3561 3066 3165 3170
Hajdúszoboszló 12269 13038 14728 15451 16093 17722 17022 17651 18541 19591 22003 21444 23934 23354 23844
Szerep 1372 1830 2159 2030 2487 2334 2473 2445 2500 2596 2319 2400 1581 1653 1548
Nagyhegyes 947 1051 1171 1606 1972 1854 1912 2517 3597 3542 2832 2851 2467 2686 2788
Püspökladány 7839 8390 9824 10888 12585 13246 14287 15204 15496 15761 15730 16057 16813 16251 15345
Sárrétudvari 3304 3395 3744 3992 4471 4193 4759 4805 4812 4626 4110 4378 3455 3135 3089
Báránd 3664 3578 3829 3881 4022 4123 4110 3798 3885 3690 3550 3658 3070 2832 2776
Biharnagybajom 3519 3430 3980 4196 4314 4212 4650 4725 5142 4762 4093 4358 3232 3009 2996
Sáp 1077 1112 1175 1282 1329 1293 1407 1533 1532 1388 1189 1225 1036 1076 1053
Ebes 1012 1055 1140 1253 1564 1537 1663 2034 2644 3326 3493 3488 4127 4488 4542
Bihardancsháza 575 511 485 503 503 542 521 478 497 456 414 417 269 220 187
Bihartorda 1481 1510 1692 1745 1739 1621 1585 1551 1620 1539 1379 1402 1114 1039 1002
Balmazújváros 8479 8821 9182 10344 11377 12148 13741 14937 15315 17287 17371 17682 18333 18187 17792
Bocskaikert 245 258 277 547 152 249 429 392 398 501 620 644 1122 2396 3114
Hajdúböszörmény 19625 19474 21709 25599 28684 29363 29801 31408 31452 33685 31439 32007 30900 31656 31685
Téglás 1679 1824 2178 2329 2433 2530 2794 3180 3438 4389 5233 5346 5914 6242 6497
Madocsa 2227 2191 2235 2108 2187 2327 2325 2473 2539 2393 2313 2366 2169 2040 1964
Bölcske 4577 4364 4476 4391 4589 4326 4168 4040 4170 4060 3902 3984 3076 3030 2873
Daruszentmiklós 584 696 852 974 1331 1495 1489 1344 1931 1834 1721 1749 1276 1298 1320
Dunaföldvár 12382 12720 12364 12117 12087 11733 11340 11480 11216 11230 10318 10520 9071 9258 8903
Németkér 1903 2014 2175 2397 2485 2561 2802 3097 2878 2720 2419 2467 2064 1982 1777
Komádi 4116 4592 6168 7260 8119 8298 9067 9767 9764 9986 8765 9109 7111 6363 5923
Körösszakál 744 666 808 842 886 1076 1198 1280 1504 1470 1288 1355 956 951 886
Magyarhomorog 1123 1261 1494 1587 1508 1474 1587 1728 1787 1699 1409 1444 1135 989 1008
Újiráz 0 0 0 0 0 920 1301 1402 1219 1322 1134 1172 781 665 586
Darvas 1012 1133 1169 1286 1305 1268 1462 1347 1394 1389 1113 1123 714 691 583
Csesztreg 937 1103 1198 1251 1385 1451 1390 1368 1319 1227 1124 1134 1023 893 898
Kisfüzes 250 152 202 235 263 300 334 333 306 316 268 273 202 173 138
Terpes 317 290 298 420 400 425 359 391 351 348 306 314 262 229 211
Járdánháza 609 562 694 939 1280 1311 1626 1767 1828 1905 2020 2033 1914 2010 1918
Balaton 642 590 770 914 1003 1099 1332 1561 1689 1574 1589 1609 1394 1263 1119
Balatonöszöd 512 521 549 543 598 621 648 653 700 664 601 606 522 586 509
Hevesaranyos 709 550 651 718 895 873 987 983 926 962 918 920 762 735 663
Egerbocs 783 701 778 816 878 940 1000 999 1021 1048 981 993 701 650 605
Istenmezeje 987 717 905 1041 1178 1343 1487 1611 1755 2132 2286 2323 2107 1879 1696
Szúcs 227 218 266 307 759 894 789 513 567 563 596 602 448 447 422
Szentdomonkos 577 516 522 560 616 605 644 643 618 691 628 638 610 586 465
Tarnalelesz 1309 1317 1415 1524 1684 1806 1962 2052 2015 2234 2239 2273 1962 1895 1858
Bükkmogyorósd 297 219 266 315 321 380 328 320 314 381 348 354 263 204 127
Bükkszenterzsébet 928 838 958 1087 1203 1286 1432 1547 1495 1567 1522 1556 1370 1230 1168
Fedémes 324 257 321 354 377 449 507 529 495 640 647 643 511 415 325
Pétervására 1582 1561 1720 1935 1987 2040 2363 2349 2309 2721 2680 2663 2491 2486 2328
Bükkszék 730 661 795 910 908 930 1028 1205 1002 1189 1274 1184 989 864 770
Bekölce 557 550 647 829 836 839 932 1076 1208 1158 1112 1141 947 820 657
Borsodnádasd 1686 1461 1758 2127 2196 2279 2777 3269 3511 4285 4680 4680 4105 3700 3324
Váraszó 607 507 554 649 730 759 876 927 792 873 841 840 702 615 491
Egercsehi 389 418 490 535 886 1013 1436 1551 1506 2045 2159 2185 1607 1638 1413
Zalaszántó 1782 1943 2077 2340 2370 2220 2416 2459 2317 2009 1665 1732 1093 1030 982
Recsk 1745 1704 2144 2425 2382 2695 2636 2799 2824 3499 3475 3496 3333 3094 2850
Szajla 777 635 715 809 772 838 863 879 840 909 889 900 727 673 602
Sirok 1491 1343 1687 1900 1944 2017 2270 2325 2024 2476 2756 2765 2474 2100 1978
Mátraderecske 1159 1091 1413 1555 1588 1775 2119 2300 2270 2587 2593 2663 2545 2321 2035
Verpelét 3309 2872 3082 2860 3283 3930 4127 4193 4257 4563 4622 4657 4031 4034 3882
Tarnaszentmária 509 437 447 492 471 564 547 597 621 655 584 603 414 294 229
Kisnána 1386 1011 1149 1306 1412 1362 1530 1623 1379 1474 1478 1504 1293 1133 1074
Vécs 1283 1429 1184 1230 1374 1564 1600 1576 1522 1502 1345 1368 883 737 649
Markaz 1157 1103 1239 1439 1665 1756 1881 1902 2003 1929 1827 1922 1890 1950 1850
Abasár 2125 1941 2168 2411 2690 2729 2966 3002 3199 2913 2859 2897 2568 2586 2552
Visonta 1067 1037 1025 1174 1348 1486 1423 1398 1466 1509 1654 1342 1328 1062 1194
Pálosvörösmart 381 348 389 433 429 408 435 506 454 976 958 963 729 671 650
Domoszló 1951 1742 1985 2150 2391 2586 2620 2655 2827 2789 2631 2678 2264 2179 2053
Gyöngyösoroszi 836 846 871 948 1097 1147 1280 1326 1313 1607 1712 1728 1575 1615 1572
Mátraszentimre 603 674 768 905 1075 1200 1447 1720 581 1418 1710 752 584 544 472
Parádsasvár 254 243 302 330 417 319 305 401 443 645 643 503 614 526 466
Szuha 624 602 714 807 911 1062 1233 1325 1026 1088 1086 1107 904 771 619
Bátonyterenye 3869 4039 4290 4558 5094 6142 7637 8366 8854 13745 14096 14244 15025 14502 13169
Gyöngyöspata 2448 2260 2556 2663 2726 2875 3077 3359 3452 3575 3328 3401 2814 2781 2674
Gyöngyöstarján 1830 1816 1977 2157 2485 2640 2604 2738 2780 2878 2688 2721 2415 2537 2512
Szurdokpüspöki 1418 1295 1491 1602 2059 2170 2293 2290 2327 2513 2417 2457 2221 2032 1933
Pásztó 5451 5766 6294 6664 7410 7544 8004 8499 8359 9977 9780 9828 10460 10319 9790
Gyöngyössolymos 1678 1730 2040 2150 2362 2515 2747 3334 3234 3123 2969 3051 3203 3212 2988
Karácsond 2003 1983 2454 2969 3427 3633 3828 3337 3669 3778 3609 3688 3137 3219 3133
Adács 2256 2165 2620 3056 3627 3783 4058 3585 3908 3854 3692 3762 2971 2963 2800
Halmajugra 1040 966 1073 1047 1274 1382 1385 1295 1344 1452 1440 1451 1284 1278 1301
Nagyréde 1769 1745 2009 2104 2446 2594 2748 2890 3053 3249 3199 3286 3490 3392 3224
Atkár 1376 1424 1568 1587 1755 2078 2225 2147 2202 2141 1884 1893 1734 1732 1759
Ludas 682 739 869 903 950 1080 1121 1116 1177 1187 1063 1072 850 856 825
Vámosgyörk 1501 1460 1829 2016 2207 2249 2278 1972 2245 2346 2281 2333 2209 2091 1963
Nagyfüged 1498 1420 1850 2118 2251 2632 2843 2612 2719 2654 2366 2381 1860 1861 1711
Gyöngyös 16622 16843 16950 17301 19422 19647 21213 24053 21969 28573 33117 30306 36404 32975 30728
Gyöngyöshalász 1341 1305 1568 1608 1789 2098 2053 2241 2391 2507 2474 2499 2702 2623 2590
Ecséd 2211 2211 2621 2967 3460 3871 4307 4350 4259 4552 4425 4457 3660 3544 3289
Apc 1293 1346 1767 2071 2287 2445 2946 2978 3152 3575 3470 3545 2900 2790 2640
Hort 2522 2631 2993 3727 4104 4370 4685 4452 4531 4766 4483 4533 3975 3888 3807
Rózsaszentmárton 997 930 1135 1279 1394 1678 2073 2219 2443 2906 2751 2800 2209 2103 2009
Imola 420 306 371 398 347 327 330 319 313 273 236 238 142 128 91
Ragály 626 569 586 648 639 634 683 765 771 878 943 924 775 714 697
Kánó 331 270 343 358 318 329 295 326 324 319 299 305 260 224 171
Alsószuha 796 624 572 746 663 649 665 662 672 656 628 639 530 531 463
Rudabánya 714 650 1423 2301 2445 2130 2142 2458 2677 3591 3941 4034 3279 3055 2741
Trizs 341 233 301 353 333 345 329 360 373 373 388 383 341 303 230
Dövény 424 501 506 445 439 407 412 431 431 442 449 436 334 326 294
Ormosbánya 68 64 87 100 224 789 1023 1145 1256 2529 2327 2347 1926 1823 1675
Zádorfalva 770 741 714 759 708 790 762 699 736 697 712 704 523 553 462
Jákfalva 298 344 242 270 270 305 292 294 361 375 422 420 474 493 560
Zubogy 453 450 487 562 607 652 694 729 696 803 812 818 678 606 579
Tófalu 1497 1258 1253 941 913 1144 1137 1004 937 926 856 870 676 652 588
Nagyút 415 406 453 477 408 426 373 682 1064 1197 1194 1207 901 747 746
Tarnabod 835 784 876 1026 977 1083 1135 1179 1179 1145 950 996 680 696 768
Tarnazsadány 1348 1355 1526 1573 1722 1852 2027 2178 2161 2136 2062 2120 1487 1363 1201
Kompolt 1767 1719 1749 1661 1633 1628 1613 1548 1580 1635 1678 1726 2113 2178 2087
Kápolna 1799 1860 1815 1714 1771 1837 1838 1767 1940 1899 1789 1802 1520 1618 1567
Boconád 1225 1354 1519 1704 1762 2017 2178 2137 2190 2036 1751 1809 1453 1367 1357
Detk 1221 1071 1484 1647 1754 1791 1795 1860 1823 1690 1470 1505 1272 1246 1193
Kál 2742 2682 2995 3151 3314 3696 4016 4067 4191 4471 4394 4461 3575 3673 3681
Szihalom 2464 2175 2163 2413 2668 2976 3128 2886 2928 2801 2694 2770 2232 2116 1968
Borsodivánka 830 793 823 903 1013 1037 1148 1097 1146 1093 987 1003 800 780 750
Maklár 2312 2453 2308 2290 2391 2529 2559 2405 2485 2392 2159 2166 2287 2384 2446
Andornaktálya 1535 1404 1549 1643 1874 2040 2259 2350 2150 2661 2601 2656 2552 2712 2808
Nagytálya 862 892 903 898 926 1014 1013 972 976 941 876 873 882 869 894
Novaj 1036 872 962 1071 1214 1342 1619 1671 1590 1621 1526 1554 1382 1434 1410
Dormánd 922 887 892 1002 1065 1095 1169 1419 1318 1269 1140 1164 1017 1003 1083
Füzesabony 3475 3821 4116 4719 5396 5841 6416 6157 6430 7150 6965 7064 8020 8350 8037
Kerecsend 1822 1626 1618 1652 1832 1952 1888 1846 1920 1931 1858 1866 1912 2185 2311
Egerfarmos 936 799 877 985 1130 1111 1276 1191 1247 1184 1102 1027 738 701 718
Demjén 841 766 737 789 817 900 888 944 1007 998 850 853 716 685 620
Szomolya 1411 1352 1531 1698 1867 1968 2204 2353 2161 2302 2224 2318 1844 1833 1644
Egerszalók 1375 1310 1338 1374 1522 1600 1732 1735 1711 1609 1461 1483 1717 2009 1895
Egerbakta 1067 1007 1143 1166 1307 1267 1384 1491 1405 1429 1539 1554 1530 1532 1477
Eger 20510 22007 23964 27668 30124 30915 32919 34982 31844 38610 45236 43618 59194 55051 52788
Egerszólát 1182 1012 1067 1118 1152 1408 1495 1538 1516 1427 1273 1288 1115 1124 1074
Bátor 676 515 624 674 767 821 859 836 750 736 637 648 477 441 368
Noszvaj 1478 1381 1444 1483 1576 1613 1749 1811 1758 2019 2054 1935 1747 1691 1853
Nagyvisnyó 1012 924 975 1066 1169 1190 1320 1385 1427 1573 1517 1481 1266 1157 1014
Mónosbél 332 307 310 236 284 300 377 395 396 544 521 531 437 420 374
Bélapátfalva 1346 1268 1399 1466 1852 1894 2172 2248 2412 2800 2786 2829 3384 3538 3187
Csernely 946 921 1033 1227 1305 1275 1425 1474 1451 1496 1439 1459 1140 1014 801
Bükkszentmárton 396 351 389 419 421 428 475 450 445 454 469 468 415 381 318
Lénárddaróc 379 278 318 386 415 453 397 503 508 506 534 541 466 403 287
Szilvásvárad 1303 1061 1085 1079 1255 1315 1469 1438 1635 1965 1990 1905 1935 1933 1817
Mikófalva 950 820 919 1022 1135 1044 1090 1107 1127 1155 1114 1143 874 840 774
Boldog 1496 1593 1980 1972 2415 2494 2787 2893 3107 3311 3318 3377 3156 3174 3055
Tiszacsege 3166 2973 3805 4189 4786 4701 5600 6386 6662 7002 6263 6499 5481 5110 4894
Hortobágy 1090 1138 1189 1352 1251 1283 1406 1653 2458 1508 1791 1704 1690 1763 1579
Nemesbikk 1088 1010 1016 1087 1145 1130 1162 1152 1188 1166 1016 1028 933 1065 1005
Oszlár 431 380 428 459 505 459 503 543 546 532 525 532 434 430 397
Tiszapalkonya 1464 1451 1575 1788 1699 1645 1726 1656 1728 1881 1863 1860 1549 1586 1474
Tiszakeszi 1963 1775 2085 2410 2543 2418 2782 2923 3051 3016 3000 3126 2887 2783 2689
Tiszatarján 1272 1172 1437 1561 1546 1460 1543 1575 1730 1670 1580 1622 1402 1515 1424
Gelej 1473 1414 1359 1376 1328 1374 1347 1317 1204 1107 932 970 745 724 628
Igrici 1274 1124 1083 1264 1143 1172 1250 1292 1418 1481 1379 1401 1248 1314 1298
Bükkábrány 1030 994 1127 1127 1259 1346 1555 1605 1672 1890 1872 1904 1871 1806 1689
Csincse 0 0 0 67 52 51 207 166 196 453 597 607 623 651 613
Szakáld 336 344 461 499 475 492 573 531 558 637 672 692 580 558 493
Cserépváralja 694 642 618 739 813 821 973 985 940 985 893 945 679 592 425
Vatta 867 858 958 1048 1245 1278 1383 1372 1336 1191 1147 1145 1002 959 956
Tibolddaróc 1677 1642 1821 1745 2023 2076 2360 2273 2190 2444 2119 2222 1763 1601 1467
Tard 1756 1729 1826 1878 1999 2088 2139 2131 2126 2108 2024 2086 1692 1519 1379
Hatvan 4027 4888 6994 9860 12457 14435 15454 16096 16536 19873 21401 21230 23696 22128 20720
Kerekharaszt 464 499 564 603 705 705 690 585 713 622 583 598 844 788 973
Bükkzsérc 1172 1090 1156 1238 1260 1334 1479 1743 1639 1538 1429 1517 1336 1140 997
Cserépfalu 1995 1996 2029 2003 2108 2068 2077 2204 2051 1826 1631 1763 1299 1136 1064
Kács 596 595 605 656 727 790 897 970 1038 961 1039 1084 780 668 506
Borsodgeszt 935 870 866 798 749 795 824 780 797 648 580 589 389 306 268
Bogács 1335 1403 1562 1729 1995 2044 2278 2403 2206 2363 2190 2292 2081 2097 2037
Bükkszentkereszt 476 629 689 858 1011 1091 1341 1685 1154 1436 1453 1384 1407 1304 1245
Sály 1661 1504 1691 1755 1935 2083 2043 2230 2293 2383 2464 2515 2121 1977 1937
Répáshuta 361 435 441 376 443 467 555 618 507 588 623 630 596 576 483
Velence 1558 1681 1926 1892 1796 1993 2029 2267 2450 3260 3463 3492 3471 4492 5312
Ercsi 4429 4495 4535 4954 5501 6798 6013 6089 6456 7799 8453 8208 7803 8446 8263
Pusztaszabolcs 979 1083 1125 1360 1530 2029 2675 2748 3816 5286 5794 5868 5988 6258 6250
Gárdony 1548 2030 2313 2237 2090 2156 2714 3607 3665 5142 5392 5435 6761 8114 9395
Beloiannisz 48 49 49 54 60 74 65 66 70 1625 1583 1600 1166 1185 1093
Iváncsa 852 1157 1795 1787 1725 1875 2118 2344 2499 2505 2697 2701 2529 2804 2840
Szabadegyháza 819 803 1045 1059 1111 1321 1634 2148 2616 2253 2299 2276 2047 2234 2194
Perkáta 3731 4012 4287 4578 4677 4759 4686 4948 5283 5055 4636 4762 3780 4124 3987
Nagylók 650 762 788 865 932 873 1190 1190 1714 1724 1593 1625 1231 1151 1115
Hantos 589 692 715 784 876 794 758 788 1453 1256 1243 1264 1105 1008 997
Adony 4058 4510 4689 4841 4681 4560 4260 3959 4096 4211 3796 3782 3533 3769 3712
Nagyvenyim 823 941 913 1119 1187 1249 1364 1407 2014 2524 2706 2723 3451 4122 4088
Sárosd 1569 1585 1894 2129 2179 2396 2704 2876 2885 3240 3343 3367 3260 3433 3363
Baracs 547 498 630 706 1182 1993 1962 2286 2970 3338 3119 3206 2727 3254 3498
Dunaújváros 3563 3549 3637 3826 3958 4197 3905 3981 3949 30976 44721 42373 58887 53036 46508
Rácalmás 2942 2986 3149 3493 3675 3540 3266 3347 3290 3907 3825 3821 3017 3942 4388
Kisapostag 286 360 472 545 630 702 724 742 706 867 931 922 948 1239 1395
Kulcs 381 388 450 499 533 630 657 782 1004 1185 1225 1259 1108 1796 2610
Kissikátor 246 249 307 289 412 418 417 426 461 499 512 522 404 385 336
Borsodszentgyörgy 813 658 760 895 999 1044 1193 1319 1370 1426 1550 1566 1521 1422 1251
Arló 1285 1157 1378 1581 1741 1855 2311 2787 3093 3639 4069 4111 4096 4182 3920
Múcsony 1260 1171 1325 1329 1405 1477 1966 2189 2514 2977 3213 3215 3498 3564 3211
Berente 633 543 636 729 719 651 961 1127 1238 1011 1726 1737 1027 1093 1183
Szuhakálló 422 416 448 507 511 693 684 1068 1108 1426 1562 1604 1108 1089 1027
Rudolftelep 0 0 0 0 529 894 739 1022 1160 1757 1767 1774 847 820 758
Izsófalva 872 811 1107 1265 1257 1398 1524 2272 2501 2182 2722 2656 1955 1935 1854
Kurityán 329 319 442 472 436 540 894 1078 1294 1814 1850 1826 1713 1854 1678
Sajóivánka 309 314 383 434 415 408 536 505 502 573 590 602 485 625 636
Sajóvelezd 965 945 845 1004 976 1000 1067 1062 1136 1073 946 958 938 915 854
Putnok 2879 3069 3128 3471 3863 4221 4653 4560 5175 6562 7103 7116 7671 7658 7016
Dubicsány 355 291 311 335 422 413 411 367 423 361 395 370 313 346 296
Vadna 539 602 521 513 606 652 627 655 613 660 635 652 566 634 658
Sajókaza 1485 1660 1932 2342 2367 2810 2825 2745 2910 3493 3488 3517 3221 3443 3224
Serényfalva 728 750 783 791 867 898 1010 942 1075 1196 1253 1243 1109 1053 1059
Kelemér 545 548 600 601 585 693 798 699 800 695 696 694 544 547 523
Sajógalgóc 387 383 390 342 386 451 410 385 400 399 398 405 332 379 366
Hét 342 357 320 354 370 359 357 480 590 645 783 788 619 579 513
Bánréve 323 342 495 564 707 874 1098 1095 1491 1498 1527 1560 1497 1504 1409
Sajópüspöki 549 557 575 604 634 647 639 627 693 710 665 677 584 600 508
Sáta 788 759 841 1009 1108 1154 1413 1537 1742 1653 1746 1784 1510 1419 1206
Sajónémeti 589 601 609 681 695 666 793 769 857 870 913 920 695 608 517
Királd 154 142 129 964 880 946 868 977 1078 1552 1577 1576 1035 970 940
Nekézseny 526 497 560 606 779 844 934 1005 1045 1164 1161 1197 1013 955 824
Borsodbóta 508 509 560 642 705 699 803 1024 1124 1222 1221 1212 1001 970 962
Sajómercse 452 453 475 534 535 539 567 515 521 560 535 536 320 275 227
Uppony 514 490 486 570 608 575 675 694 668 700 688 692 508 424 322
Farkaslyuk 0 0 0 9 6 71 559 966 1123 1960 2038 2049 2144 2038 1899
Domaháza 876 808 845 881 974 1032 1076 1118 1182 1286 1247 1259 1115 1032 876
Hangony 1333 1301 1379 1451 1529 1494 1707 1648 1777 1955 1912 1919 1816 1860 1669
Ózd 5809 5952 8017 11926 15891 15939 20690 25437 29184 38550 43161 43589 43654 39552 36044
Sajóbábony 751 698 732 782 723 814 853 863 867 2697 3190 2752 3318 3160 2919
Tardona 544 564 645 725 805 893 958 986 1047 1172 1329 1340 1199 1196 1099
Sajószentpéter 3141 3230 3377 4281 5079 5140 5842 7321 7455 11224 13992 14011 13763 13342 12364
Sajóecseg 567 559 596 663 609 649 678 714 689 943 1142 1147 1132 1094 1089
Kondó 466 423 464 496 437 503 472 710 701 809 719 726 641 665 641
Parasznya 632 626 763 867 896 806 859 1005 1069 1356 1446 1450 1262 1299 1232
Nagybarca 471 607 647 682 680 690 658 842 987 1098 1126 1135 1041 978 956
Kazincbarcika 1805 1540 1514 2408 2537 2830 2812 3329 3846 14208 24229 23391 35937 32962 28965
Sajólászlófalva 383 357 355 385 363 377 451 509 525 508 523 523 490 483 434
Sajókeresztúr 731 751 799 729 748 764 864 832 818 1285 1375 1332 1501 1570 1553
Sajókápolna 486 457 448 442 491 479 513 536 529 563 549 559 512 457 391
Radostyán 585 544 518 609 574 541 585 709 738 667 668 667 654 667 634
Alacska 569 614 589 707 776 755 933 921 887 970 971 985 922 907 824
Bánhorváti 1548 1460 1399 1467 1491 1602 1747 1448 1613 1758 1832 1845 1780 1625 1474
Varbó 680 654 680 853 866 951 1005 1139 1216 1286 1365 1360 1201 1203 1157
Dédestapolcsány 1656 1315 1340 1438 1572 1670 1724 1722 1772 1864 1863 1889 1789 1710 1612
Mályinka 626 650 623 667 722 715 736 772 812 854 807 809 718 607 497
Csér 300 246 246 223 203 217 191 190 185 164 132 139 68 40 31
Gyóró 660 724 765 672 740 789 734 650 672 699 576 607 468 424 389
Cirák 863 850 827 869 884 891 908 847 935 948 840 874 714 663 573
Répceszemere 789 772 744 810 785 791 873 828 760 685 522 543 381 348 306
Csáfordjánosfa 400 423 434 425 394 420 398 406 382 401 437 451 326 274 200
Pusztacsalád 415 526 591 568 631 696 701 655 630 562 490 517 355 306 262
Iván 1551 1545 1534 1716 1784 1925 1974 1852 1964 1994 1793 1849 1436 1396 1324
Dénesfa 509 648 655 649 689 767 718 639 706 822 740 627 478 511 385
Nemeskér 617 632 672 650 615 629 616 562 581 495 395 398 287 239 221
Újkér 1462 1688 1674 1808 1735 1880 2135 1900 1835 1696 1501 1542 1190 1117 1006
Folyás 287 336 726 820 769 672 802 895 779 766 632 675 397 431 392
Polgár 4427 5197 5694 6435 7379 7906 8840 9697 8806 8587 8797 8916 8571 8454 8153
Újszentmargita 784 922 1068 1208 1105 997 1339 1768 1786 2302 2319 2343 1838 1654 1546
Hajdúnánás 13190 13948 14448 15874 16668 16965 17848 18617 18041 18145 17906 18260 19003 18377 17398
Görbeháza 1072 1258 1458 1647 1750 1536 1947 2302 2924 3018 2897 2965 2839 2703 2534
Tiszagyulaháza 0 0 349 330 693 743 1028 1151 1273 1279 1158 1195 942 864 765
Újtikos 330 388 450 508 485 423 553 658 1155 1123 1153 1169 995 951 950
Tiszadada 2398 2460 2473 2689 2701 2808 3107 3334 3500 3577 3265 3355 2687 2490 2377
Tiszatardos 379 356 423 531 572 593 706 701 658 633 558 582 346 279 259
Taktakenéz 592 641 845 999 974 901 1210 1277 1327 1430 1345 1366 1173 1205 1310
Tiszadob 3009 3225 3160 3439 3518 3298 3915 4279 4861 4631 4074 4309 3215 3271 2986
Pusztafalu 523 444 499 504 472 495 525 542 549 500 442 477 325 276 218
Filkeháza 201 177 164 149 150 168 156 169 168 162 147 156 121 124 122
Hollóháza 601 562 635 696 688 641 738 711 760 1003 1011 993 1250 1114 917
Háromhuta 715 662 714 813 854 835 873 934 364 481 530 412 234 166 139
Kishuta 148 120 161 206 230 273 345 386 397 473 488 510 424 373 307
Füzérkomlós 313 319 292 293 282 288 313 351 350 370 371 381 440 431 361
Füzérkajata 398 345 340 375 366 370 414 417 409 452 403 423 226 163 122
Nyíri 700 609 544 606 569 518 579 654 608 669 633 674 536 457 429
Bózsva 464 409 408 340 386 389 371 426 478 454 386 402 270 234 194
Füzér 771 709 761 719 719 653 670 773 792 839 928 888 688 619 437
Kovácsvágás 964 810 821 789 787 740 825 846 850 881 839 860 634 630 677
Makkoshotyka 441 281 462 469 476 579 746 874 984 1114 1155 1228 998 995 936
Nagyhuta 212 178 175 207 175 200 244 299 268 297 289 294 135 84 82
Pálháza 598 557 514 592 553 526 669 715 735 765 803 819 1195 1199 1142
Vágáshuta 263 207 207 249 293 315 403 434 283 343 343 371 139 84 85
Mikóháza 668 504 529 599 589 666 646 646 711 669 591 596 571 583 598
Füzérradvány 950 806 822 871 781 760 753 770 827 925 800 702 450 390 344
Alsóregmec 521 449 461 497 481 463 514 416 412 387 401 410 262 234 212
Vilyvitány 1032 884 796 823 839 814 834 878 855 777 586 629 389 316 265
Rátka 845 734 798 949 1021 1063 1115 1189 1162 1337 1325 1355 1147 1142 998
Szegilong 293 217 328 378 370 407 428 440 490 453 442 449 316 255 229
Hercegkút 785 783 851 899 934 999 1103 1123 1076 1106 1054 1076 866 734 681
Sárazsadány 633 548 624 772 787 731 800 797 816 762 634 658 370 287 257
Bodrogolaszi 754 711 796 1124 1175 1205 1323 1455 1540 1587 1318 1367 947 969 958
Vámosújfalu 648 579 579 604 727 726 795 874 964 872 908 912 965 942 844
Komlóska 723 526 613 626 697 715 819 964 739 849 773 822 502 369 282
Tállya 3997 3668 3497 3603 3650 3927 3736 3564 3521 3654 3333 3446 2572 2289 2069
Tolcsva 3120 2748 2813 3094 3033 2939 2896 2757 2613 2726 2445 2539 2175 2074 1977
Viss 698 679 771 1072 1051 1083 1236 1328 1433 1487 1293 1372 894 761 738
Sárospatak 7770 6737 7639 9267 10459 11372 12253 14143 13644 14083 14061 14367 15219 14138 12942
Szerencs 2406 2932 4898 5904 6772 6546 7493 8467 7813 8577 9347 9398 10705 10283 9402
Szegi 206 172 261 447 428 479 500 515 511 540 527 542 348 322 315
Bodrogkisfalud 816 517 844 796 872 936 1154 1160 1224 1306 1276 1291 1088 1013 971
Prügy 964 1008 1162 1560 1751 1654 1921 1920 2038 2293 2327 2381 2533 2615 2600
Bodrogkeresztúr 1535 1256 1386 1896 2092 2174 2279 2248 1901 2054 1986 2043 1572 1346 1209
Tokaj 5012 4479 4815 5110 5105 5073 5844 5903 5074 5031 4845 4858 4693 4524 4195
Tarcal 2920 2937 3359 3794 3808 3839 4063 4004 3929 4077 4070 4135 3530 3403 3060
Monok 2812 2694 2772 2856 2977 2977 2985 2901 2938 2862 2685 2726 2013 1847 1806
Mád 3779 3471 3480 3680 3750 3622 3524 3528 3469 3680 3894 3919 2973 2798 2432
Sátoraljaújhely 11579 12621 14581 18545 21576 22936 20577 20303 17116 18241 18919 18885 19176 17948 15713
Megyaszó 2495 2063 2786 3081 3039 2968 2994 3098 3136 3163 3113 3079 2648 3075 2828
Taktabáj 545 606 688 829 918 932 993 952 1009 999 870 889 630 601 619
Gesztely 1707 1706 1683 1814 1885 1933 2091 2035 2075 2322 2410 2431 2713 2930 2809
Taktaharkány 1594 1490 1448 1942 2271 2236 2895 3154 3341 4126 4138 4221 4131 4143 3804
Sóstófalva 294 191 298 288 271 317 363 341 375 390 339 345 247 274 255
Tiszalúc 1942 2002 2257 2577 2758 2785 3470 3618 3848 4554 4984 5028 5247 5653 5475
Csobaj 729 720 862 1036 1120 1057 1308 1195 1317 1352 1140 1176 870 853 764
Alsódobsza 539 506 576 636 603 633 618 655 559 597 535 552 427 418 327
Legyesbénye 1306 1257 1312 1550 1746 1571 1945 2105 1973 1947 1832 1858 1715 1693 1625
Bekecs 1038 837 1186 1746 1853 1723 1915 1990 2059 2084 2062 2095 2247 2597 2647
Szentistvánbaksa 687 626 583 549 584 529 571 610 579 545 525 532 360 307 278
Taktaszada 993 1037 1216 1532 1694 1669 1756 1889 1981 2314 2281 2313 2161 2103 2010
Újcsanálos 773 821 827 865 870 904 984 969 1027 918 845 847 762 895 889
Tiszaladány 923 994 1142 1353 1477 1330 1503 1478 1448 1415 1090 1121 845 735 706
Kismaros 432 426 456 566 626 634 657 679 829 1058 1301 1223 1616 1800 1997
Vác 12894 13199 14450 16720 18857 19287 20904 22076 21287 24682 28847 28134 33747 32875 32304
Nagymaros 3329 3539 3508 4175 4681 5033 4699 4470 4664 5165 5041 5060 4253 4393 4684
Ikrény 432 491 530 622 684 708 586 520 532 914 956 972 1453 1565 1772
Töltéstava 513 574 561 609 736 792 880 932 1011 1222 1372 1399 1529 1808 2155
Vének 308 330 349 460 274 291 241 194 220 238 213 215 154 161 175
Kisbajcs 436 469 484 521 481 447 447 484 510 500 520 519 664 770 853
Abda 837 928 1131 1198 1287 1456 1526 1724 1850 2310 2404 2437 2797 2942 3077
Pér 1888 2037 2030 2211 2336 2645 2879 2796 2873 2907 2823 2830 2408 2400 2347
Nagyszentjános 265 298 330 356 395 490 489 556 590 1005 1415 1388 1890 1884 1832
Nyalka 782 809 820 803 760 805 786 800 824 730 636 648 455 427 461
Táp 1324 1368 1280 1296 1332 1355 1322 1303 1301 1213 1061 1067 791 726 750
Pázmándfalu 1555 1628 1598 1493 1514 1671 1630 1565 1500 1402 1318 1316 947 916 972
Tarjánpuszta 159 180 172 168 221 276 217 242 284 312 370 371 397 380 393
Rétalap 510 535 467 568 614 641 716 819 807 782 752 771 507 535 567
Lázi 984 1054 1134 1210 1210 1142 1095 1115 1132 1021 885 911 630 659 601
Veszprémvarsány 1104 1100 1129 1155 1398 1417 1345 1307 1348 1253 1087 1113 1013 1079 1067
Tápszentmiklós 975 1029 1088 1081 1185 1277 1275 1256 1257 1174 1059 1092 947 979 981
Sikátor 735 798 802 777 821 770 738 744 806 758 625 640 371 341 328
Sokorópátka 934 1064 1045 1097 1204 1197 1334 1293 1461 1461 1394 1386 1121 1052 1090
Bakonypéterd 589 647 617 562 545 518 508 522 597 583 494 512 279 271 277
Écs 2172 2114 2128 2047 1998 1928 2040 2076 2155 2206 1980 2003 1580 1756 1835
Románd 545 527 506 538 566 541 544 545 678 606 565 573 378 331 316
Bakonygyirót 524 501 547 557 561 533 532 567 582 507 435 436 249 185 148
Pannonhalma 2932 2986 3059 3073 3068 3286 3142 3125 3278 3529 3731 3782 3432 3624 3380
Ravazd 1296 1462 1394 1365 1412 1381 1440 1553 1612 1593 1419 1438 1156 1191 1207
Bakonyszentlászló 1385 1283 1375 1446 1416 1535 1584 1648 1808 2013 2076 2093 2092 2064 1907
Árpás 680 562 659 777 757 690 739 673 566 595 507 530 370 281 270
Rábacsécsény 644 695 760 696 759 699 747 802 843 842 759 769 575 607 607
Szerecseny 846 974 1032 1040 1116 1138 1220 1251 1302 1303 1254 1258 1031 955 801
Kisbabot 345 319 337 406 394 377 413 431 411 391 381 380 272 242 223
Sobor 709 674 685 802 778 796 778 825 782 715 604 629 373 335 278
Gyömöre 1075 1130 1034 1143 1421 1230 1290 1399 1485 1676 1741 1753 1469 1369 1279
Csikvánd 831 889 922 937 980 1006 1000 943 957 904 803 814 605 537 465
Rábaszentmihály 607 507 573 613 607 649 691 641 650 674 659 668 560 530 501
Tét 3050 3238 3265 3668 4111 4232 4617 4358 4517 4861 4441 4370 4180 4072 3970
Mórichida 997 1186 1389 1465 1484 1470 1494 1444 1456 1325 1145 1178 926 882 837
Bodonhely 637 637 632 655 631 636 623 593 595 515 482 500 375 339 293
Koroncó 1185 1317 1413 1576 1587 1615 1687 1629 1731 1774 1720 1747 1781 1900 2041
Gyarmat 1397 1688 1759 1653 1674 1715 1820 1627 1646 1703 1663 1685 1433 1347 1305
Kajárpéc 2190 2318 2330 2325 2200 2162 2091 2010 1998 1987 1829 1862 1458 1404 1301
Felpéc 1714 1692 1797 1680 1532 1444 1380 1295 1331 1238 1068 1078 816 823 863
Mérges 286 241 262 241 296 274 243 233 217 227 179 178 100 80 85
Ónod 1939 1884 1942 2092 2122 2261 2387 2369 2386 2474 2353 2383 2273 2474 2412
Sajóörös 524 567 622 689 640 727 715 609 654 654 680 699 825 1162 1320
Sajóhídvég 841 843 778 862 839 881 889 993 952 930 1011 1037 1046 1095 1084
Girincs 602 704 743 832 917 930 943 995 909 918 1015 910 660 832 840
Sajószöged 721 720 808 975 973 972 1042 1033 1032 1134 1210 1206 1991 2371 2217
Nyékládháza 969 959 1018 1236 1407 1620 2138 2209 2369 3105 3660 3704 4547 5009 4992
Kiscsécs 204 196 193 192 227 250 249 278 297 265 227 231 149 214 223
Muhi 201 167 299 309 447 521 568 351 379 467 482 479 572 556 520
Tiszaújváros 1327 1382 1229 1361 1367 1254 1291 1363 1349 3074 9865 8458 18969 17641 17274
Kesznyéten 1154 1206 1326 1342 1470 1424 1573 1773 1799 1874 1882 1956 1776 1832 1845
Nagycsécs 792 641 603 686 734 755 834 824 772 858 992 1003 957 910 832
Mályi 655 552 562 621 743 836 1053 1117 1138 1690 2094 2068 3455 4227 4131
Köröm 682 680 690 736 803 818 834 1008 902 973 1047 1059 1071 1248 1403
Kistokaj 661 608 648 682 704 721 856 887 839 1044 1174 1166 1530 1895 2091
Sajópetri 858 859 987 1028 1169 1143 1157 1131 1206 1169 1204 1215 1323 1498 1492
Sajólád 1116 1077 1174 1263 1346 1395 1635 1840 1982 2326 2489 2508 2677 2979 3005
Bükkaranyos 1017 968 1084 1118 1161 1266 1302 1448 1366 1251 1249 1258 1136 1395 1473
Alsózsolca 1013 1158 1393 1546 1932 2030 2504 2899 3093 3819 5045 4953 5649 6061 5811
Harsány 1728 1869 1802 1832 1829 1955 1972 2002 1988 1993 1969 1963 1951 2111 2088
Berzék 590 571 529 606 597 694 764 943 894 1042 935 960 916 1038 1071
Miskolc 31061 34086 42970 61767 76804 85761 94539 115397 109841 144741 173189 169262 196464 179507 162713
Onga 1302 1278 1393 1764 2051 2126 2308 2454 2515 3070 3421 3425 4041 4782 4899
Arnót 735 765 943 1022 1016 1141 955 940 894 962 1145 1153 2134 2582 2616
Sajópálfala 590 536 568 654 605 625 676 664 605 626 650 656 786 801 774
Sajóvámos 1531 1554 1498 1693 1759 1881 1807 1909 1856 1944 2073 2099 2172 2277 2209
Kázsmárk 700 675 699 639 663 667 743 803 830 913 916 920 917 1019 1005
Kiskinizs 578 520 554 509 496 552 536 542 544 552 506 504 391 362 345
Szikszó 3796 3586 3893 3966 4678 4861 5303 5570 5589 6120 6419 6407 6243 6146 5699
Sajósenye 242 251 222 240 272 246 239 240 278 316 363 340 394 437 437
Halmaj 504 506 467 540 634 716 911 989 1050 1302 1549 1544 1756 1915 1817
Aszaló 1688 1598 1571 1641 1644 1679 1829 1893 1814 1959 2193 2222 1869 2053 1866
Hernádkércs 541 560 536 598 606 594 680 651 619 646 579 592 355 355 343
Nagykinizs 439 379 424 476 498 502 544 489 490 512 549 544 415 351 352
Golop 605 592 593 700 765 827 923 966 1010 1062 1008 1043 780 689 590
Esztár 1713 1610 1745 1785 1775 1992 2160 2263 2397 2203 1857 1913 1467 1421 1375
Kismarja 1961 1933 2209 2417 2476 2569 2546 2564 2780 2546 1952 2020 1377 1411 1372
Tépe 1120 1029 1147 1186 1142 1099 1232 1280 1317 1408 1416 1465 1231 1180 1132
Sáránd 1437 1532 1567 1675 1680 1750 1915 2050 2099 2159 2103 2148 2142 2338 2315
Gáborján 1478 1439 1621 1636 1715 1714 1782 1842 1831 1641 1371 1442 959 945 914
Hencida 2107 1974 2237 2251 2396 2285 2357 2676 2700 2499 2034 2054 1305 1322 1290
Derecske 7334 7630 8272 8767 9287 9843 9985 10399 9479 9980 9579 9742 9360 9176 9003
Szentpéterszeg 1535 1575 1710 1793 1806 1800 1942 2071 1957 1886 1566 1632 1279 1276 1184
Mikepércs 1727 1844 1878 2170 2321 2316 2561 2696 2874 2917 2987 3024 3080 3438 4415
Konyár 2464 2501 2747 2720 2752 2905 3094 3346 3404 3375 2954 2994 2206 2332 2209
Hajdúbagos 1537 1556 1637 1736 1977 2167 2325 2472 2406 2620 2353 2420 1953 1972 2004
Hosszúpályi 2514 2625 3130 3628 3804 4061 4679 5094 5293 5547 5446 5552 5020 5508 5896
Monostorpályi 1623 1656 1899 2010 2151 2126 2363 2648 2808 3029 2768 2809 2188 2217 2205
Létavértes 7468 7373 7960 8508 8998 8994 9831 9269 9782 10114 9106 9310 7069 7128 7237
Pocsaj 2604 2443 2829 2882 2988 3036 3289 3248 3527 3628 3446 3532 2782 2759 2725
Újléta 618 553 871 989 987 1318 1320 2278 2217 2070 1566 1601 1007 1084 1111
Váncsod 1700 1601 1768 1874 1937 1894 2064 2245 2252 2061 1727 1788 1403 1379 1258
Ártánd 842 710 774 869 864 882 761 757 857 783 747 766 602 568 502
Nagykereki 1778 1544 1721 1951 2022 2184 2247 2224 2437 2384 1981 2059 1408 1387 1318
Körösszegapáti 1721 1517 1637 1637 2144 1957 2134 2252 2209 2070 1678 1744 1248 1050 1007
Furta 1957 1762 2077 1985 2233 2082 2185 2358 2317 2077 1767 1847 1376 1238 1210
Berekböszörmény 3265 3031 3233 3340 3313 2954 3188 3168 3180 2906 2738 2850 2078 1889 1905
Biharkeresztes 2863 2676 2950 3194 3560 3669 4271 4007 4453 4844 4788 4871 4498 4303 4058
Bojt 1276 1100 1227 1277 1274 1215 1296 1363 1327 1312 1141 1190 802 595 567
Told 597 568 613 592 643 631 690 642 775 645 577 608 400 357 316
Nagyrábé 2101 2369 2435 2818 3362 3208 3334 3575 3814 3707 3324 3435 2801 2457 2264
Bakonszeg 1528 1538 1617 1617 1686 1645 1902 2131 2109 1965 1611 1678 1351 1283 1259
Zsáka 2376 2650 2784 3076 3276 3459 3386 3449 3463 3124 2551 2589 1911 1769 1718
Vekerd 469 433 467 514 489 503 515 501 541 449 384 397 237 166 126
Berettyóújfalu 6735 7214 8262 9250 10120 10670 12866 13847 13725 13202 13999 13749 16399 15886 15305
Nyírmártonfalva 832 893 1505 1526 1930 1738 2481 2628 3034 3307 2976 3053 2148 2186 2095
Hajdúsámson 4311 4058 4400 4925 5381 5859 6574 7322 7252 7784 7492 7601 7915 10638 13046
Vámospércs 2999 2552 2973 3218 3869 4780 4783 5244 5422 5620 5213 5356 5153 5456 5416
Debrecen 45132 50320 56246 73878 90764 101543 116013 124148 115399 134930 162280 159120 205089 198905 196858
Tiszavasvári 7523 7677 8718 9601 10317 10458 11012 11444 11320 11586 12339 12448 13320 13459 13253
Nyírtelek 2214 2674 2542 3389 3331 3455 4114 4745 5304 7235 7032 7112 6716 7156 6941
Kótaj 2623 2269 2059 2433 2638 2823 3524 3759 3769 3783 4073 4126 4249 4499 4546
Szorgalmatos 0 0 42 45 60 74 282 552 743 788 953 970 896 916 1021
Tiszalök 3436 3758 3954 4477 5002 4977 5302 5633 5828 6125 6230 6334 6151 6173 5606
Tiszaeszlár 2147 2175 2691 3260 3392 3441 3802 3754 3811 3785 3436 3552 2785 2792 2680
Nyírtét 783 610 747 798 814 924 1146 1111 1211 1367 1386 1408 1151 1140 1117
Nyíregyháza 21038 22625 26607 33204 39273 44850 53527 61493 56334 65607 79815 78995 112659 113281 115889
Nagycserkesz 1565 1720 1931 2293 2267 2281 2803 3282 2963 2505 2329 2371 1810 1880 1869
Nyírbogdány 1454 1389 1666 1878 2155 2115 2388 2519 2765 3045 3117 3240 2930 3006 2965
Napkor 1808 1575 2003 2441 2685 3027 3377 3584 3745 3882 3722 3823 3539 3725 3770
Nyírpazony 1140 1022 1037 1269 1531 1623 2057 2291 2502 2237 2352 2362 2653 3145 3458
Tiszanagyfalu 1051 1269 1441 1703 1816 1718 2034 2213 2343 2504 2393 2433 2047 1976 1916
Nyírtura 1105 814 973 1138 1209 1216 1404 1433 1463 1620 1569 1586 1650 1760 1848
Nagykálló 6026 4916 5699 6973 7815 8117 9361 9862 9634 9872 9639 9497 9861 10205 9707
Pócspetri 1479 1315 1348 1669 1743 1851 2091 2200 2197 2408 2388 2475 1995 1904 1719
Bököny 2198 2019 2148 2389 2644 2612 3150 3441 3674 4109 4148 4284 3613 3390 3328
Magy 375 338 332 388 633 634 705 859 960 1213 1247 1283 1041 962 995
Nyírmihálydi 1359 1138 1202 1344 1548 1614 1901 1749 1786 1937 1982 2060 1885 2016 2193
Kisléta 1608 1284 1411 1655 1647 1724 1872 1899 1987 2026 1939 1928 1650 1934 1786
Újfehértó 6522 6394 7219 8545 9676 10968 12648 14267 14908 14914 14412 14821 13269 13559 13244
Biri 719 740 798 986 1101 1101 1306 1448 1664 1788 1652 1690 1489 1407 1450
Apagy 1533 1257 1382 1491 1815 1770 2202 2390 2508 2794 2667 2756 2384 2364 2304
Geszteréd 1395 1145 1259 1492 1650 1800 2153 2308 2766 2980 2843 2943 2182 1864 1821
Érpatak 1504 1208 1386 1766 1773 1856 2506 2674 2836 2957 2684 2792 1948 1770 1724
Ófehértó 1439 1308 1445 1840 2021 2246 2597 2927 3231 3596 3396 3537 2753 2745 2661
Balkány 3977 3769 4399 5351 5765 5908 6826 7387 7699 8224 7667 7937 6844 6906 6682
Nyírgelse 1196 1063 1076 1327 1593 1583 1678 1913 1851 1776 1685 1691 1244 1175 1185
Kállósemjén 1894 2038 2166 2705 2927 2903 3977 4654 4950 5384 5205 5441 4305 4105 3742
Máriapócs 1603 1544 1532 1848 2006 2001 2204 2473 2627 2647 2652 2788 2267 2203 2179
Kálmánháza 1099 1124 1267 1500 1644 1728 1869 2045 2146 2568 2387 2429 2078 2141 1988
Szakoly 1309 1350 1549 1824 2242 2124 2513 3063 2959 3339 3189 3336 3043 2973 2917
Levelek 999 1033 1263 1432 1578 1570 1759 2098 2075 2249 2270 2337 2722 2945 2985
Penészlek 1413 1123 1332 1385 1506 1593 2019 2387 2696 2649 2375 2539 1405 1181 945
Encsencs 1188 1074 1245 1396 1561 1516 1906 2130 2246 2285 2277 2346 2168 2074 2081
Nyíracsád 2706 1986 2474 2622 3513 3530 4154 4573 4786 4983 4905 5029 4245 4071 4025
Nyírbéltek 2005 1435 2143 2445 2529 2584 2896 3126 3266 3538 3359 3521 3119 3141 3090
Nyírábrány 1840 1684 2010 2387 2802 2454 3557 4003 4514 4557 4553 4698 3855 4002 3939
Nyírlugos 2221 1830 2030 2518 2643 2933 3350 3569 3841 4185 4167 4245 3268 3081 2997
Nyíradony 3101 3027 3251 3566 4270 4530 5425 6019 6722 7325 7146 7354 7334 7862 7884
Fülöp 698 639 763 906 1268 1874 1962 2322 2821 2967 2849 2965 2001 1918 1886
Székely 803 816 873 1040 1024 962 1151 1280 1249 1310 1239 1272 1095 1091 1107
Tunyogmatolcs 2199 1939 2179 2311 2604 2495 2693 2932 2853 3085 3048 3160 2740 2664 2540
Szamoskér 627 667 838 1004 1037 866 879 922 908 850 706 726 503 468 429
Piricse 1246 1192 1357 1410 1594 1727 2054 2019 2183 2145 1992 2071 1867 1850 1846
Nábrád 772 762 805 895 920 943 953 1039 1060 1172 1151 1160 1075 998 952
Terem 476 472 589 665 810 866 998 1014 1326 1482 1265 1305 812 706 648
Nyírderzs 630 607 618 697 742 748 850 893 906 890 912 935 722 682 656
Nyírgyulaj 1856 1729 1841 2108 2179 2264 2653 2755 3022 2780 2546 2664 2225 2128 2076
Laskod 621 566 748 836 846 814 1029 1101 1281 1487 1502 1548 1193 1090 1045
Nyíribrony 866 759 843 1054 1141 1008 1359 1448 1483 1565 1444 1472 1193 1139 1110
Nyírparasznya 761 634 634 731 852 840 947 1010 1048 1058 1041 1091 908 971 1015
Ramocsaháza 970 853 988 1153 1192 1282 1373 1585 1678 1776 1715 1774 1555 1549 1592
Mátészalka 3741 3791 4589 5405 5935 6519 9125 10036 11055 11226 12413 12502 19350 18757 17353
Nyírcsászári 563 424 613 625 684 781 958 1057 1090 1203 1187 1214 1225 1254 1236
Vállaj 1007 1003 1257 1410 1654 1614 1853 1820 1847 1895 1673 1720 1126 1097 1025
Jármi 733 690 682 700 704 735 811 878 932 1035 1051 1080 1269 1385 1350
Kántorjánosi 1671 1454 1794 2312 2192 2327 2720 2775 2995 3016 2864 3011 2410 2269 2208
Nyírcsaholy 1613 1370 1725 1901 2004 2127 2542 2601 2702 2736 2751 2841 2443 2276 2321
Nyírbátor 4598 4271 4927 5789 7433 8473 10036 10941 10629 10621 11022 11220 14074 13452 12683
Nyírpilis 890 751 852 962 1076 1058 1216 1189 1204 1145 1023 1098 684 692 831
Nyírjákó 847 644 657 779 909 991 1028 1110 1086 1176 1153 1198 1027 953 868
Vaja 1589 1350 1785 2359 2487 2589 2930 3067 3377 3718 3618 3775 3634 3820 3784
Bátorliget 373 340 400 514 784 1026 1136 1609 1796 1699 1410 1449 873 806 692
Rohod 1026 794 823 961 1089 1195 1312 1389 1470 1583 1546 1619 1379 1337 1255
Szamosszeg 2191 1913 2213 2625 2800 2649 2845 3140 3142 3004 2790 2872 2278 2126 1996
Papos 609 522 474 538 620 644 736 740 821 770 746 769 766 862 849
Mérk 1453 1355 1554 1948 2117 2265 2733 3087 3330 3506 3211 3439 2575 2366 2266
Kérsemjén 339 417 505 515 501 476 455 457 482 480 435 449 396 333 308
Nagydobos 1446 1601 1514 1713 2008 2020 2251 2446 2620 2534 2510 2676 2238 2364 2201
Nagyecsed 2312 2517 3133 3851 4665 5203 6628 7534 7715 8348 8225 8529 7635 7046 6756
Fábiánháza 1839 1687 1880 1957 2094 2184 2349 2593 2987 3024 2658 2833 2242 1984 1819
Hodász 1485 1147 1410 1662 1780 1837 2516 2674 2713 3149 3356 3460 3432 3548 3482
Nyírmeggyes 1700 1344 1387 1755 2004 1935 2205 2427 2413 2467 2654 2695 2776 2820 2765
Baktalórántháza 1529 1523 1462 1831 2062 2381 2682 2959 3154 3356 3736 3720 3671 3768 3744
Nyírbogát 2590 2353 2818 3243 3193 3151 3471 3599 3732 4080 3918 4093 3484 3372 3234
Pusztadobos 900 818 757 1051 1118 1162 1307 1432 1519 1593 1553 1623 1408 1353 1482
Tiborszállás 166 154 177 222 651 659 796 845 1104 1409 1442 1479 1191 1133 1038
Kisar 829 853 905 981 1018 947 1113 1154 1254 1307 1256 1340 1160 1113 1101
Kocsord 1441 1549 1767 2046 2281 2290 2458 2842 3010 3184 3357 3251 3121 3066 2964
Nyírkáta 1818 1584 1745 1836 1991 1926 2078 2347 2509 2366 2227 2261 1806 1774 1887
Ópályi 1667 1424 1683 1888 2057 2099 2310 2507 2632 2673 2787 2873 3004 3068 3061
Nyírvasvári 1287 980 1161 1425 1519 1513 1905 2229 2353 2268 2220 2301 1984 2013 1979
Nyírkércs 393 319 447 508 546 658 854 804 899 966 990 1035 939 854 835
Ömböly 0 0 0 338 387 555 425 546 809 1060 879 921 525 488 440
Kokad 1072 1056 999 1009 918 916 986 1073 1130 1159 1097 1109 765 725 726
Bagamér 2248 2133 2509 2979 3176 3327 3509 3951 3944 3815 3435 3605 2643 2478 2615
Álmosd 2020 1783 1839 2046 2136 2239 2323 2425 2703 2614 2282 2362 1817 1727 1708
Tisztaberek 546 472 634 627 634 626 683 740 829 918 965 972 761 656 725
Komlódtótfalu 0 0 0 0 0 0 0 800 924 1013 1108 1101 102 99 115
Sonkád 646 673 699 639 697 677 659 716 835 988 806 842 726 690 733
Jánkmajtis 1312 1255 1470 1808 1760 1620 1662 1794 1931 1999 1918 1979 1782 1746 1711
Tiszacsécse 283 279 291 307 302 329 371 397 427 445 415 429 319 292 246
Csengersima 948 798 1031 1166 1164 1150 1228 1270 1362 1433 1351 1404 782 732 748
Kispalád 1001 860 970 902 849 813 818 785 831 826 769 767 564 544 573
Fehérgyarmat 3353 3254 3612 4220 4627 4375 5227 5779 5779 6024 6688 6494 9044 8870 8085
Császló 506 466 500 571 549 553 615 629 678 716 630 641 419 395 356
Tiszabecs 1235 1259 1219 1266 1463 1399 1539 1499 1536 1316 1227 1289 1052 1091 1116
Géberjén 497 401 454 511 572 585 603 686 760 807 769 780 591 580 518
Darnó 229 204 209 218 220 196 246 266 249 266 253 273 136 157 177
Kishódos 373 321 353 384 356 331 407 407 430 403 376 381 90 86 82
Csegöld 855 777 926 958 989 966 1101 1187 1223 1159 1053 1096 739 711 664
Gyügye 340 304 361 388 368 394 438 497 498 487 487 497 354 273 247
Rozsály 541 530 573 645 650 685 694 745 912 883 852 883 778 806 851
Porcsalma 1395 1469 1625 2010 2142 2204 2649 3087 2931 2982 3043 3081 2951 2861 2760
Penyige 534 595 678 750 758 725 866 816 858 930 865 896 766 811 765
Tiszakóród 1015 963 1029 1119 1182 1170 1195 1255 1288 1309 1176 1223 890 835 784
Fülpösdaróc 342 262 301 347 283 355 365 366 439 506 526 533 405 328 319
Hermánszeg 388 282 350 393 411 420 449 509 517 515 497 521 344 289 266
Túristvándi 505 525 599 704 696 687 825 840 927 1041 953 985 737 791 744
Mánd 371 307 291 324 359 265 386 386 378 385 363 372 284 282 266
Szatmárcseke 1679 1607 1824 2003 1785 1768 1801 1893 2126 2165 1997 2094 1697 1591 1567
Jánd 793 814 860 979 1003 929 1172 1227 1040 1094 1153 1164 1103 1066 823
Nagyszekeres 440 413 457 516 620 475 503 562 575 632 616 636 594 556 570
Szamossályi 812 808 757 1245 853 872 1055 1105 1179 1270 1291 1324 985 777 756
Szamosújlak 331 294 291 350 369 404 531 507 534 617 644 643 522 441 390
Olcsva 791 717 768 890 1008 947 1011 908 919 907 864 895 761 767 670
Szamosbecs 454 411 439 455 402 414 438 452 435 479 506 500 415 383 361
Vámosoroszi 579 528 561 683 622 594 626 620 640 684 668 678 579 571 525
Panyola 1315 1211 1387 1597 1540 1401 1477 1497 1554 1413 1234 1287 826 715 638
Cégénydányád 822 760 827 951 956 907 958 1017 1041 913 950 1002 752 746 692
Nemesborzova 197 165 112 146 133 112 140 126 119 156 165 170 107 103 89
Tarpa 2870 2551 3040 3441 3590 3692 4001 4202 4091 3966 3436 3675 2774 2455 2202
Ököritófülpös 1689 1541 1804 2097 2172 2093 2461 2550 2574 2498 2319 2449 2099 2099 1877
Botpalád 853 830 1017 950 948 914 955 939 983 1064 963 1007 616 608 652
Kisnamény 883 746 834 918 883 861 738 698 753 679 598 632 424 363 312
Csaholc 588 496 575 605 589 597 582 667 698 835 639 659 526 533 571
Garbolc 333 292 331 356 366 345 335 298 381 393 357 368 165 130 154
Hetefejércse 749 664 718 818 813 702 746 723 650 646 621 634 414 323 301
Gulács 1047 1077 1203 1443 1373 1367 1464 1542 1429 1600 1487 1586 1143 1014 922
Tivadar 279 249 284 354 321 286 364 383 372 379 365 376 249 243 197
Nagyhódos 461 438 460 460 429 435 394 441 494 490 483 496 172 148 119
Szamosangyalos 570 529 620 620 592 512 596 558 597 614 706 741 615 604 538
Zajta 589 463 567 681 608 611 670 661 705 749 657 674 436 463 402
Méhtelek 515 469 533 573 551 592 547 573 572 544 455 477 862 782 756
Magosliget 315 269 340 344 369 302 276 272 360 322 300 302 238 249 289
Olcsvaapáti 804 748 756 849 830 828 882 923 887 902 799 816 440 340 293
Uszka 398 385 413 416 461 423 347 368 371 368 316 330 221 310 415
Kölcse 1014 1018 1259 1203 1173 1130 1230 1256 1464 1665 1644 1671 1565 1445 1389
Rápolt 329 312 338 322 298 347 347 349 364 387 335 371 200 161 151
Szamostatárfalva 294 270 297 364 289 276 338 386 430 455 490 501 364 349 306
Nagyar 738 792 828 996 889 875 955 1004 1080 1063 911 962 796 738 723
Fülesd 718 644 682 817 719 669 640 690 633 640 626 648 503 484 447
Kisszekeres 403 482 512 565 595 630 597 624 698 690 672 686 643 592 595
Milota 788 702 796 984 1008 949 1030 1042 1027 1142 1128 1146 1007 911 971
Túrricse 478 513 596 627 663 601 669 733 783 863 863 890 703 709 685
Zsarolyán 380 366 384 354 369 423 460 485 502 532 519 527 423 468 419
Pátyod 571 580 583 731 698 684 779 856 967 1025 939 992 681 656 656
Gacsály 834 882 1002 1092 1020 1031 1139 1104 1156 1191 1157 1171 903 856 920
Nyírmada 2042 1840 1914 2281 2796 3175 3790 4331 4488 4826 4744 4877 4710 4802 4939
Petneháza 951 826 1085 1208 1301 1365 1639 1819 2082 2217 2173 2280 1989 1988 1874
Nyírkarász 1609 1776 2023 2228 2229 2309 2471 2744 3076 3173 3095 3233 2576 2516 2404
Gemzse 712 659 724 739 806 855 754 856 891 901 887 932 827 842 872
Szabolcsbáka 936 887 1033 1243 1278 1256 1486 1570 1615 1613 1505 1572 1302 1289 1243
Anarcs 874 987 1183 1407 1523 1612 1850 2153 2155 2102 1943 2052 1849 2010 1957
Gyulaháza 1334 1141 1225 1432 1452 1635 1788 1973 2043 2113 2250 2288 2096 2072 2045
Györgytarló 386 336 386 470 615 668 716 780 893 1325 1116 1149 606 618 610
Ibrány 2778 2847 3341 3892 4658 4831 6028 7043 7173 7193 7037 7314 6688 6940 7034
Balsa 1378 1305 1343 1539 1643 1618 1658 1737 1842 1725 1519 1577 1082 970 867
Kék 945 825 1011 1290 1482 1528 1886 1995 2245 2495 2405 2470 2080 2053 2044
Nagyhalász 2127 2194 2973 3614 4341 4365 5092 6071 6251 6650 6437 6604 6096 5948 5833
Timár 1133 1000 1167 1463 1549 1660 1890 2006 1986 1903 1828 1868 1549 1447 1406
Újdombrád 0 0 0 385 435 342 638 666 797 939 878 906 728 718 763
Paszab 658 904 991 1158 1230 1245 1443 1438 1361 1382 1376 1392 1269 1307 1287
Zalkod 392 360 402 496 586 704 789 868 946 964 814 837 454 307 234
Szabolcs 628 651 634 670 548 591 697 681 794 771 739 766 503 412 378
Buj 2300 2237 2514 3051 3151 3281 3453 3490 3702 3659 3349 3450 2659 2518 2376
Rakamaz 2914 3117 3473 4083 4203 4321 5327 5497 5200 5381 5407 5455 5470 5248 4786
Olaszliszka 2368 1886 2280 2576 2682 2744 2924 2993 2829 2732 2445 2525 2056 1867 1788
Tiszatelek 512 529 717 871 1233 1336 1573 1838 2051 2382 2095 2172 1549 1510 1483
Vasmegyer 747 847 1098 1276 1350 1393 1757 1866 2084 1907 1689 1752 1582 1633 1717
Tiszarád 359 335 460 603 672 724 794 837 887 833 687 713 544 529 614
Tiszabercel 1792 1806 1850 2080 2298 2229 2559 2790 2713 2615 2385 2450 2138 2047 1949
Beszterec 352 367 567 773 977 1023 1383 1494 1598 1559 1508 1560 1118 1144 1126
Kemecse 2202 2404 2601 2918 3353 3706 4317 4465 4388 4681 4583 4669 4630 4962 4930
Fényeslitke 1862 1803 1948 2247 2237 2310 2400 2398 2473 2552 2549 2605 2506 2478 2536
Döge 1239 1397 1518 1770 1725 1867 1966 2056 2207 2311 2270 2343 2040 2256 2256
Tiszakanyár 716 734 971 1139 1212 1204 1458 1700 1722 1802 1775 1852 1644 1709 1681
Dombrád 2445 2829 3913 4161 4603 4955 5434 6032 6045 5931 5453 5702 4457 4277 4321
Gégény 716 624 1004 1201 1441 1548 2023 2265 2392 2416 2257 2321 2045 2093 2011
Berkesz 654 485 708 744 847 850 879 952 1054 1321 1334 1436 980 965 839
Rétközberencs 560 524 783 954 1065 1046 1334 1451 1456 1507 1412 1488 1111 1191 1104
Szabolcsveresmart 1193 1183 1260 1407 1378 1372 1776 1948 2081 2147 1959 2053 1734 1783 1735
Demecser 1409 1456 2054 2375 2927 3289 3802 4451 4786 4823 4668 4776 4451 4549 4373
Pátroha 1616 1612 2149 2307 2593 2735 3151 3180 3535 3706 3678 3818 3022 2966 3060
Kékcse 703 745 844 969 1241 1316 1388 1566 1623 1668 1696 1748 1683 1703 1609
Kisvárda 4703 5006 6458 8257 10019 11435 14133 14782 13055 13282 13725 13913 18357 18153 17267
Komoró 663 630 707 893 886 846 979 1082 1187 1433 1600 1629 1487 1471 1351
Ajak 1572 1295 1506 1876 2239 2360 2690 3044 3314 3963 4225 4378 4437 4142 3949
Nyírtass 1966 1634 2110 2592 2591 2510 2770 2836 2908 2939 2766 2852 2333 2272 2102
Pap 794 891 827 1025 1042 1167 1313 1459 1618 1813 1868 1927 1904 1863 1912
Aranyosapáti 1460 1416 1516 1842 1737 1880 2142 2360 2353 2377 2365 2428 2076 2123 2068
Tuzsér 993 1060 1120 1306 1540 1525 1707 2019 2116 2428 3027 2936 3192 3406 3482
Gyüre 904 904 774 908 913 983 1093 1107 1171 1260 1276 1298 1316 1310 1258
Mándok 2020 2354 2534 2923 3106 3367 4146 5188 4683 4828 5093 5166 4773 4656 4441
Jéke 559 479 562 642 563 536 614 673 720 784 783 802 745 742 745
Újkenéz 529 514 579 770 850 917 993 1114 1224 1147 1152 1190 1081 1073 1081
Tornyospálca 1670 1433 1691 1949 1988 2315 2529 3023 3044 3119 3172 3250 2946 2815 2731
Záhony 881 972 1174 1023 1045 1171 1267 1383 1858 2117 3049 3088 5040 4932 4353
Eperjeske 845 776 845 940 1031 1163 1217 1260 1353 1395 1452 1483 1325 1272 1274
Zsurk 968 906 896 959 1027 884 919 1090 962 1038 948 996 835 799 751
Tiszaszalka 842 894 1213 1286 1182 1096 1192 1227 1114 1142 1210 1205 1073 986 921
Mátyus 304 303 474 592 653 660 620 681 650 635 571 606 426 370 265
Tiszavid 504 545 556 621 620 572 546 561 523 602 539 551 476 498 520
Tiszaszentmárton 814 773 866 891 1001 1070 1077 1167 1176 1301 1395 1419 1310 1298 1214
Kisvarsány 973 813 855 986 1034 920 1102 1219 1201 1154 1099 1139 1066 1026 1079
Vásárosnamény 3577 3550 4316 4901 5398 5511 6797 7197 6899 7251 8058 7951 9289 9183 8652
Tákos 472 460 642 826 866 728 715 727 658 684 618 648 494 462 342
Ilk 814 872 839 937 1012 944 1180 1239 1268 1309 1163 1229 1174 1193 1274
Tiszamogyorós 700 655 704 760 791 797 873 917 966 991 977 1005 851 775 741
Beregsurány 622 685 727 842 885 869 888 924 913 919 828 882 616 587 576
Nagyvarsány 774 723 855 1049 1077 1166 1459 1648 1622 1692 1670 1712 1561 1558 1542
Gelénes 685 646 766 859 818 793 805 878 840 851 862 926 677 622 587
Barabás 1114 1006 1164 1385 1503 1452 1551 1566 1604 1707 1426 1478 1005 849 811
Márokpapi 1015 915 979 986 1082 1003 997 1020 929 904 782 829 563 488 457
Tiszabezdéd 1323 1338 1371 1315 1326 1482 1489 1789 1937 2116 2210 2275 1933 2060 1987
Vámosatya 769 713 955 1059 1114 993 1107 1163 1123 1164 993 1034 747 633 583
Tiszaadony 569 680 854 1027 1045 857 920 939 925 951 889 925 770 753 677
Benk 376 390 447 499 514 507 500 654 679 696 710 726 553 513 447
Csaroda 828 727 879 1001 1045 1040 1102 1013 1003 1002 903 914 724 652 558
Tiszakerecseny 924 1051 1241 1359 1408 1462 1526 1703 1630 1641 1533 1609 1149 1004 1002
Beregdaróc 946 850 886 1045 1081 1033 1218 1334 1348 1401 1339 1418 953 902 851
Lónya 1546 1513 1912 1939 2118 1923 2019 2161 2020 1901 1621 1712 1117 845 774
Csenger 3482 3378 3690 3988 4173 4236 4941 4349 4471 4835 4792 4852 5560 5302 5026
Tyukod 1035 947 1099 1599 2535 2542 3270 3537 3858 3817 3332 3417 2567 2214 2106
Ura 316 210 283 527 799 714 1055 1145 1402 1291 1104 1161 810 772 663
Csengerújfalu 803 649 795 1057 1152 1193 1430 1533 1761 1839 1553 1607 930 921 840
Enying 3963 3996 4040 4194 4743 4850 5757 6004 6737 7621 7518 7578 7419 7188 7008
Lajoskomárom 2420 2559 2738 2749 2968 3091 3139 3160 3715 3533 3066 3068 2595 2435 2392
Lepsény 1858 1859 1844 1948 2055 2070 2226 2540 2524 2765 3052 3017 2990 3240 3147
Szabadhídvég 2003 2087 1995 2141 2145 2131 2198 2253 2246 2030 1821 1843 1086 981 869
Balatonvilágos 242 229 223 216 348 322 284 300 573 1008 1444 1160 1217 1161 1320
Füle 1224 1175 1080 1084 1295 1199 1163 1307 1205 1139 1101 1109 910 873 881
Polgárdi 3335 3514 3561 3664 4005 4071 4393 4654 4685 5518 5767 5805 5854 6313 6831
Völcsej 1007 997 1043 1013 959 946 981 818 732 727 641 646 453 434 359
Pinnye 658 662 644 617 629 618 560 535 546 509 485 510 362 351 334
Nagylózs 1291 1365 1369 1309 1226 1303 1315 1266 1217 1176 1113 1130 956 920 1000
Sopronkövesd 1178 1216 1364 1333 1354 1460 1721 1649 1680 1652 1556 1603 1287 1260 1162
Nagycenk 1773 1921 1855 1754 1740 2004 2126 1886 1826 1882 1772 1785 1676 1842 1846
Zsira 855 959 966 973 1095 1126 1028 1060 1146 1210 1028 1070 874 841 803
Egyházasfalu 1146 1218 1321 1445 1476 1547 1524 1352 1400 1299 1197 1223 965 935 891
Und 935 775 723 741 658 781 719 689 767 665 548 565 422 368 329
Pereszteg 1310 1402 1520 1437 1368 1498 1544 1583 1512 1594 1486 1516 1349 1434 1423
Röjtökmuzsaj 864 906 913 827 793 885 922 824 879 778 666 673 522 484 423
Sopronhorpács 756 837 879 890 902 887 904 822 885 1077 1020 1042 866 882 840
Csapod 976 1136 1163 1248 1364 1442 1529 1461 1338 1171 1015 1044 636 586 541
Rábaszentandrás 768 799 818 807 791 768 749 692 797 787 712 735 617 552 509
Egyed 1003 846 982 1042 1093 1096 1112 1088 889 900 802 847 691 611 555
Bágyogszovát 1546 1536 1618 1865 1822 1900 1933 1968 2018 1964 1814 1874 1496 1384 1343
Rábapordány 1108 1193 1322 1367 1470 1586 1655 1637 1715 1603 1525 1547 1255 1173 1087
Rábacsanak 1091 1011 1101 1207 1270 1347 1303 1334 1319 1122 927 995 653 598 494
Szany 2754 2852 3119 3216 3252 3241 3409 3385 3361 3309 3123 3238 2634 2401 2213
Bogyoszló 1324 1411 1441 1556 1499 1479 1446 1401 1206 1058 939 976 772 687 639
Zsebeháza 347 350 322 358 348 384 345 347 319 299 269 278 178 158 133
Edve 460 438 412 414 384 440 420 408 369 334 290 297 184 156 123
Maglóca 333 304 305 356 329 327 321 369 354 284 262 267 125 104 89
Rábatamási 1409 1465 1501 1510 1533 1508 1448 1381 1303 1295 1199 1225 1121 1018 1010
Dör 991 975 935 1011 913 917 922 909 893 870 766 783 606 580 644
Rábasebes 369 327 320 359 367 379 376 360 381 350 298 313 175 117 83
Rábcakapi 347 367 422 414 411 424 423 426 423 381 340 352 206 174 172
Cakóháza 224 185 190 243 228 214 227 208 187 163 140 145 90 67 57
Fehértó 638 661 715 773 777 826 861 797 772 678 654 676 555 503 482
Potyond 456 424 392 339 305 342 310 261 246 218 190 196 128 110 99
Pásztori 377 403 428 472 419 461 498 472 539 560 516 544 439 408 374
Szilsárkány 1475 1526 1484 1368 1339 1363 1340 1330 1292 1131 990 1009 787 741 720
Vadosfa 363 408 361 326 321 335 302 217 240 225 172 179 106 88 78
Vásárosfalu 324 305 272 282 263 278 270 259 251 257 216 217 158 154 170
Vág 1064 1133 1344 1363 1215 1196 1281 1231 1240 1147 1036 1078 674 587 527
Markotabödöge 804 800 910 959 1016 1208 1210 1206 1176 1069 952 966 602 508 476
Bezi 851 840 845 808 809 807 830 749 779 814 677 683 469 439 520
Farád 1799 1892 1933 1942 1918 1974 1913 1882 1911 2076 2050 2081 1950 2000 1994
Acsalag 640 659 718 736 759 793 813 936 901 935 825 872 586 515 480
Kóny 1434 1603 1742 1867 1857 2062 2332 2221 2314 2699 2747 2764 2606 2647 2685
Csorna 4853 5549 6090 7313 7679 8322 8498 8957 8951 9192 9508 9484 10905 10756 10421
Magyarkeresztúr 972 1087 1027 1069 1056 1093 1102 1124 1052 980 820 852 596 515 440
Barbacs 734 803 875 962 1010 1083 1109 1049 1020 1008 963 981 772 769 739
Jobaháza 897 961 822 811 737 796 703 706 666 612 593 598 582 584 565
Páli 1280 1359 1279 1332 1248 1208 1237 1176 1158 1015 837 893 481 422 383
Sopronnémeti 664 626 627 688 680 660 644 621 648 579 469 501 315 291 274
Osli 974 1025 1148 1231 1229 1301 1356 1400 1472 1410 1360 1389 1101 972 923
Szil 2695 2798 2837 3105 3117 3261 3197 3042 2977 2542 2073 2165 1539 1461 1399
Szárföld 1426 1441 1464 1591 1468 1446 1386 1283 1251 1233 1179 1215 1002 881 904
Mihályi 1574 1491 1417 1398 1310 1412 1452 1464 1564 1599 1425 1473 1286 1201 1113
Vitnyéd 1334 1565 1498 1620 1681 1736 1869 1952 1825 1733 1776 1648 1325 1309 1333
Himod 1269 1326 1435 1618 1761 1744 1792 1914 1868 1693 1288 1433 868 763 650
Beled 2689 2726 2924 3172 3121 3287 3446 3381 3194 3166 3046 3146 3100 3046 2797
Babót 1803 1997 1870 1800 1672 1758 1754 1608 1555 1516 1397 1440 1285 1228 1133
Agyagosszergény 1264 1268 1282 1304 1271 1269 1392 1445 1539 1440 1319 1369 932 940 923
Rábakecöl 1118 1157 1170 1178 1108 1312 1277 1291 1504 1514 1299 1347 976 883 746
Hövej 560 633 644 664 638 617 670 649 620 604 517 545 354 322 302
Kisfalud 1597 1619 1690 1587 1520 1605 1462 1312 1377 1158 1069 1109 925 867 782
Kapuvár 5951 6946 7605 8165 8230 8662 9536 10173 10335 10918 10570 10585 11507 10758 10538
Veszkény 1084 1100 1085 1225 1243 1263 1233 1220 1221 1251 1124 1146 978 910 980
Kópháza 1302 1501 1735 1849 1855 1795 1811 1909 1813 1757 1787 1804 1814 1902 2050
Harka 961 1066 1126 1191 1062 1075 1092 1023 786 816 837 839 1000 1540 1779
Hidegség 480 518 540 554 521 534 589 569 553 518 441 454 313 308 347
Sopron 23102 25513 29788 36790 38114 39525 40906 47569 36506 41981 45824 44304 53751 53132 55594
Ágfalva 1348 1437 1613 1816 1922 2006 2081 2067 1566 1456 1519 1520 1517 2037 2079
Jánossomorja 5200 5632 5460 5989 6094 6316 7203 7380 6324 5889 5806 5903 6028 6116 5940
Mosonszolnok 2052 2370 2265 2246 2521 2440 2860 2813 1752 1734 1729 1747 1567 1587 1677
Várbalog 432 492 467 510 645 806 840 1060 1484 1099 928 960 546 517 378
Dunaremete 367 364 403 365 388 381 387 390 348 321 312 317 253 240 248
Kimle 1705 1628 1715 1760 1763 1764 1858 1828 1973 2117 2138 2158 2233 2349 2319
Károlyháza 152 163 165 173 214 229 234 239 270 613 513 509 556 524 538
Máriakálnok 738 822 723 744 856 872 922 1029 1129 1141 1256 1265 1276 1476 1717
Kisbodak 496 507 566 537 502 500 532 568 520 508 472 482 386 389 364
Halászi 1749 1987 2071 1980 2194 2180 2302 2456 2423 2565 2646 2669 2774 2941 3045
Püski 554 557 543 610 586 615 714 762 739 748 736 742 686 667 639
Mosonmagyaróvár 8382 8761 8558 9386 11279 13176 14710 16831 16546 20909 24209 24095 30088 29465 30722
Dunakiliti 1019 1002 1005 1241 1469 1524 1573 1707 1866 1725 1690 1715 1700 1792 1793
Rajka 2621 2733 2575 2646 2682 2781 2932 3064 2936 2491 2448 2461 2656 2640 2206
Bezenye 1308 1304 1245 1298 1367 1440 1381 1426 1432 1533 1511 1488 1635 1654 1347
Dunasziget 606 608 957 1059 1222 1354 1495 1585 1691 1766 1731 1780 1549 1473 1480
Hegyeshalom 1921 2221 2173 2184 2338 2389 3000 3210 2944 3372 3539 3514 3761 3592 3435
Levél 1360 1430 1479 1495 1556 1601 1707 1670 1465 1354 1318 1336 1519 1719 1732
Lébény 2512 2767 2872 2905 3076 3114 3233 3403 3312 3588 3457 3501 3264 3184 3154
Tárnokréti 443 393 412 464 527 539 559 577 512 450 442 441 267 224 198
Mecsér 940 983 981 940 1025 1141 1156 1143 1213 1204 1068 1100 726 626 598
Mosonszentmiklós 1794 1842 1940 2190 2228 2297 2427 2460 2482 2740 2733 2759 2574 2540 2387
Börcs 668 658 644 646 697 723 832 900 1012 1098 1072 1088 959 1009 1259
Enese 539 557 591 636 702 758 793 959 950 1080 1242 1249 1678 1780 1768
Rábapatona 1192 1357 1464 1608 1750 1737 2031 2169 2371 2559 2609 2611 2615 2497 2428
Hédervár 941 984 928 937 1065 1139 1136 1119 1272 1284 1225 1223 1114 1126 1182
Dunaszeg 697 810 884 909 980 1089 1220 1258 1242 1395 1417 1425 1507 1669 1959
Dunaszentpál 537 536 552 575 511 557 635 623 622 657 623 639 549 590 708
Öttevény 1376 1610 1511 1413 1489 1702 1982 2018 2148 2396 2536 2528 2629 2814 2947
Lipót 810 826 930 906 840 882 813 779 700 704 660 686 718 679 673
Kunsziget 847 941 1006 1003 1025 1070 1112 1151 1184 1228 1237 1239 1117 1208 1216
Darnózseli 1114 1335 1204 1214 1245 1353 1357 1400 1424 1480 1497 1523 1631 1604 1582
Nagybajcs 739 792 847 834 799 797 814 862 974 1047 999 1008 847 892 943
Ásványráró 2498 2570 2684 2774 2603 2543 2505 2510 2455 2518 2281 2323 2034 1963 1886
Vámosszabadi 856 902 922 925 852 901 974 935 919 903 841 853 891 1072 1562
Paks 11720 12596 13486 13828 14587 14135 14090 14087 13763 13795 13939 14051 19753 21178 19510
Dunaszentgyörgy 2242 2290 2321 2505 2907 2803 2944 2884 3073 3072 2851 2895 2770 2690 2631
Gerjen 1616 1715 1698 1578 1682 1820 1797 1708 1777 1887 1720 1728 1401 1353 1230
Kajdacs 1352 1543 1680 1836 2089 2033 2180 2131 2305 2138 1914 1978 1448 1384 1296
Pusztahencse 820 864 911 1000 1248 1413 1270 1455 1567 1511 1324 1349 1094 1084 1014
Tengelic 1449 1585 2110 2729 3536 3749 3742 3423 3888 4064 3701 3785 2731 2547 2384
Fácánkert 439 455 597 560 657 720 760 892 900 1061 985 991 810 786 692
Fadd 5159 4955 5377 5024 5370 5237 5033 5177 5275 5248 4805 4916 4462 4437 4308
Bogyiszló 2183 2358 2633 2413 2682 2616 2801 2930 2929 2893 2808 2823 2513 2414 2283
Szedres 1047 1239 1450 1491 1786 1701 1817 2271 2555 2839 2695 2722 2510 2534 2312
Tolna 9095 9466 9833 10514 11182 10361 10433 10655 11146 11316 11610 11729 12333 12294 11396
Varsád 1436 1528 1455 1472 1373 1232 1191 1102 1085 980 777 803 517 421 374
Kölesd 1803 1922 1999 2014 2392 2300 2344 2557 2509 2512 2285 2363 1676 1657 1501
Kistormás 1077 1213 1198 1150 1014 941 969 925 897 603 587 608 406 360 352
Medina 1191 1220 1421 1565 1665 1606 1657 1523 1580 1434 1275 1290 925 899 831
Harc 628 695 917 938 1022 962 942 870 965 881 808 816 699 912 939
Decs 2375 2678 3202 3243 3688 4312 4789 5120 5502 5180 4540 4591 4166 4309 4047
Bátaszék 6540 7190 8253 7603 8138 7563 7417 7231 7614 7378 7274 7369 7127 7046 6526
Szálka 1090 1064 1167 1085 1095 1088 1375 1313 686 596 582 583 560 602 590
Bátaapáti 1327 1425 1506 1230 1211 1112 1103 1021 719 530 563 588 465 438 421
Kakasd 1482 1620 1877 1783 1792 1718 2098 2123 1755 1988 1917 1865 1762 1817 1663
Sárpilis 572 635 696 756 825 884 894 877 918 856 789 778 630 684 678
Mórágy 1765 1919 2061 1901 2192 2087 2029 1898 1145 1059 1122 1136 891 830 807
Sióagárd 1947 2009 2166 2191 2165 1975 1986 1878 1830 1683 1606 1609 1465 1442 1288
Báta 3364 3460 3982 4080 4212 3717 3689 3674 3690 3244 3036 3075 2200 1977 1804
Szekszárd 12001 12954 15532 15412 16648 15388 15930 16814 16354 19433 24338 23237 35638 35800 33485
Alsónána 1404 1428 1534 1432 1522 1460 1442 1379 1026 914 984 1004 827 794 737
Pörböly 46 53 64 66 71 84 114 110 548 641 676 684 644 611 566
Alsónyék 952 1092 1326 1252 1472 1368 1576 1881 1460 1453 1354 1357 869 803 771
Várdomb 768 869 979 811 920 920 780 1031 1039 1261 1192 1180 1121 1253 1161
Cikó 1415 1501 1744 1678 1784 1671 1754 1767 1348 1447 1321 1330 1125 1029 890
Grábóc 655 647 679 649 681 633 641 704 577 496 501 513 331 211 177
Mucsfa 813 842 962 939 910 790 799 772 720 846 771 789 500 430 397
Györe 854 812 855 832 944 801 807 774 783 837 843 856 797 804 676
Kéty 1219 1219 1178 1078 1083 1047 1036 1113 986 999 862 875 791 785 736
Murga 707 753 726 726 686 674 663 638 494 396 308 313 142 94 75
Nagyvejke 487 500 537 578 592 590 620 576 538 494 382 399 255 203 165
Aparhant 1294 1296 1251 1240 1199 1211 1297 1283 1290 1344 1229 1247 1280 1174 1056
Kismányok 485 541 678 587 601 620 624 608 740 664 564 572 407 401 350
Bonyhádvarasd 696 738 717 672 686 702 712 719 736 692 621 623 536 510 455
Nagymányok 1015 1055 1180 1344 1407 1476 1958 2082 2430 2971 3057 3138 2725 2595 2374
Izmény 943 971 1001 958 951 953 890 800 945 988 846 838 593 542 498
Závod 862 849 869 874 870 823 879 866 793 783 614 640 376 353 293
Kalaznó 975 1008 1033 1014 903 882 883 823 799 720 584 600 299 210 171
Váralja 1401 1559 1691 1677 1538 1565 1563 1649 1743 1608 1522 1526 1145 1055 877
Zomba 2892 3132 3354 3413 3790 3932 3620 3054 3313 3256 2892 2908 2412 2376 2203
Kisvejke 702 723 767 728 771 713 736 703 665 617 547 560 450 464 409
Kisdorog 1054 1109 1168 1112 1186 1147 1262 1454 1403 1391 1227 1251 945 919 808
Bonyhád 7893 8095 8490 7846 8741 8718 8751 10077 9372 11282 12506 12507 15594 14762 13618
Tevel 2525 2443 2458 2341 2358 2310 2423 2516 2094 2145 1919 1947 1686 1696 1474
Attala 1142 1203 1282 1314 1300 1268 1290 1334 1356 1314 1179 1201 960 874 826
Jágónak 823 921 1016 1023 1020 949 885 893 714 610 506 501 330 295 238
Kapospula 737 916 985 1004 928 918 945 982 1101 1146 1061 1069 996 1054 915
Dalmand 650 920 1135 1388 1284 1433 1439 1503 1731 1967 2030 2073 1594 1490 1347
Dombóvár 3397 4778 5885 7480 10402 12471 13953 13134 14097 15811 17150 17289 21484 20819 19193
Nak 1132 1360 1548 1652 1632 1529 1572 1507 1520 1230 1031 1027 736 692 611
Pári 1063 1181 1235 1316 1347 1319 1369 1397 1183 1272 1106 1135 972 714 685
Újireg 187 208 222 220 403 378 227 640 720 550 511 520 402 351 293
Értény 1663 1844 1860 1798 1817 1727 1641 1741 1623 1349 1097 1105 771 817 844
Várong 421 514 519 475 441 430 466 446 467 418 341 352 255 221 160
Koppányszántó 1400 1505 1607 1564 1586 1527 1407 1281 1197 1069 848 871 544 429 349
Nagykónyi 2078 2376 2440 2446 2428 2432 2298 2620 2744 2245 2036 2085 1433 1299 1198
Kocsola 1958 2141 2256 2282 2348 2295 2310 2312 2596 2147 2004 2060 1513 1443 1348
Szakcs 3401 3344 3443 3324 3194 2957 2860 3061 2930 2500 1834 1897 1234 1047 930
Tamási 6457 7586 8398 9140 9274 9422 8900 7222 8075 7689 7602 7699 9426 9177 8464
Iregszemcse 3380 3727 3929 3830 3975 3941 4069 4003 4136 3977 3570 3576 3030 2933 2768
Nagyszokoly 2225 2291 2129 1913 2058 2026 2005 2061 2146 1770 1551 1574 1130 1013 907
Fürged 483 562 712 773 905 820 1117 716 860 1060 1010 1035 749 704 739
Magyarkeszi 1638 1734 1820 1861 1924 2068 2239 2504 2745 2489 2124 2192 1516 1469 1335
Udvari 1353 1393 1406 1351 1215 1127 1113 1164 1014 903 741 711 520 424 362
Belecska 595 665 702 685 757 793 779 807 767 641 577 592 386 355 398
Diósberény 1010 1021 1109 1126 1152 1117 1248 1263 1101 919 777 795 534 412 341
Nagydorog 2199 2358 2459 2662 2884 3233 3296 3208 3559 3250 3064 3082 2972 2854 2718
Gyönk 3271 3303 3371 3198 3291 3090 3156 3074 2934 2684 2507 2497 2288 2218 1977
Szárazd 680 736 755 846 824 822 831 758 658 572 467 497 319 275 241
Szakadát 902 896 1050 1129 1115 1031 1129 1159 976 786 645 650 426 338 241
Miszla 1618 1512 1501 1343 1495 1393 1335 1405 1440 1206 971 1018 480 354 304
Regöly 1977 2247 2499 2451 2454 2301 2321 2701 2841 2416 2069 2079 1483 1383 1222
Mucsi 1931 1914 2068 2072 2192 2147 2320 2299 1352 943 923 968 571 555 475
Lengyel 774 767 858 899 891 993 876 870 881 917 874 862 781 680 546
Gyulaj 2771 2953 3063 2791 2787 2767 2756 2758 2858 2269 1670 1740 1113 1083 1068
Döbrököz 3164 3486 3721 3939 4163 4114 4202 4374 4238 3824 3421 3435 2407 2245 2073
Dúzs 452 481 512 550 622 652 659 608 425 464 405 410 293 303 266
Csibrák 917 971 998 1039 909 914 955 889 716 609 584 596 432 432 314
Kurd 1594 1631 1706 1739 1735 1780 1706 1908 1645 1688 1574 1611 1447 1385 1270
Szakály 1735 1769 1850 1819 1776 1845 1760 2163 2222 2185 2019 2038 1603 1712 1444
Nyárád 1278 1336 1374 1357 1442 1490 1451 1407 1461 1370 1189 1224 994 950 949
Nyúl 2875 2974 3135 3243 3301 3311 3438 3487 3426 3629 3634 3693 3516 3778 4115
Hajdúdorog 8206 8016 8710 9899 10455 11222 11490 11765 11722 11018 10118 10599 9815 9391 9027
Zalakaros 812 893 949 975 981 946 842 848 852 804 675 674 1112 1391 1979
Garabonc 1114 1216 1301 1285 1258 1199 1263 1257 1136 1125 967 994 849 823 728
Nagyrada 695 793 829 893 998 903 876 922 956 886 846 845 638 563 468
Balatonmagyaród 1083 1067 1197 1219 1208 1258 1182 1198 1222 1179 964 1020 697 540 450
Zalakomár 3417 3837 4111 4011 3988 3709 3729 3829 3875 4083 3697 3736 3211 3145 3041
Abaliget 670 706 777 744 727 767 767 720 616 685 645 649 632 662 636
Kisvaszar 655 593 610 728 560 634 671 632 552 537 549 545 367 338 333
Okorvölgy 154 146 145 144 192 191 242 243 179 236 182 180 129 95 88
Surd 917 1042 1059 1043 1022 1067 1040 977 1005 917 799 802 741 695 629
Nemespátró 773 694 827 845 828 772 820 783 827 706 624 642 416 345 302
Belezna 1310 1355 1395 1500 1522 1516 1600 1685 1666 1472 1323 1386 996 857 769
Eszteregnye 1091 1195 1259 1330 1413 1294 1413 1339 1307 1163 1023 1048 828 751 715
Bak 732 939 1066 1243 1337 1341 1501 1556 1756 1865 1830 1859 1882 1785 1628
Milejszeg 407 435 554 691 726 750 739 796 740 699 597 602 434 429 319
Kávás 211 288 332 411 476 452 487 448 435 410 395 396 275 244 245
Szatta 203 212 209 225 236 221 227 227 210 193 167 169 97 91 84
Csempeszkopács 254 261 284 333 313 308 304 323 361 358 346 358 287 310 316
Kiszsidány 335 357 316 312 303 296 237 244 241 229 187 191 125 102 87
Sarród 788 716 977 1125 1242 1478 1565 1527 1662 1748 1582 1638 1166 1019 1015
Rábaszentmiklós 221 204 200 205 225 234 216 227 267 249 214 220 187 149 138
Sárszentmihály 1298 1577 1596 1477 1726 1791 1692 1609 1685 2060 2297 2294 2526 2831 3018
Szár 1301 1267 1424 1457 1418 1797 1749 1627 2174 1896 1735 1756 1713 1716 1646
Szendehely 676 536 634 765 830 951 1038 1114 1306 1277 1332 1337 1419 1474 1523
Aszód 2553 2401 2551 3285 3989 4406 4164 5714 4072 5361 6218 5908 5502 5873 5998
Tura 3512 3818 4378 4767 5585 5922 6781 7053 7371 8173 8235 8284 7871 8017 7888
Jászdózsa 3037 3349 3578 4121 4537 4314 4621 4509 4252 4038 3373 3508 2451 2244 2264
Táborfalva 394 412 517 868 1138 1906 2335 2398 2748 2878 3120 3158 2881 3281 3409
Monor 4997 5709 6441 8074 10605 11450 11971 12084 12472 13694 15504 15465 16349 17061 17458
Tiszasas 1521 1488 1679 1736 1674 1682 1877 1876 1868 1810 1617 1668 1397 1240 1112
Tiszaföldvár 4970 6092 6831 7121 7681 8498 10257 10661 12042 12486 12560 12765 11909 11873 11323
Rákócziújfalu 40 162 292 384 1083 738 1682 1987 1680 1699 1637 1664 1901 2046 2059
Egyek 3827 4203 4975 5559 6163 6451 7875 8021 8630 8678 7956 8307 6372 5742 5341
Hajdúhadház 6372 6727 7216 7871 9157 9587 10309 11073 11788 12612 13006 13244 12228 12747 12945
Vajdácska 1029 972 1202 1286 1423 1423 1715 1937 2033 1903 1779 1858 1276 1403 1396
Hernádnémeti 1766 1879 2029 2191 2298 2487 2728 2812 2964 3156 3222 3234 3459 3765 3675
Hernádkak 732 1147 699 806 740 807 804 729 725 772 776 793 1109 1468 1779
Alsótelekes 302 264 287 317 291 319 379 372 359 390 374 388 211 172 170
Csokvaomány 913 863 955 1202 1247 1235 1436 1468 1450 1923 1753 1788 1147 1039 928
Ostoros 1197 1130 1313 1555 1706 1780 1925 1969 1827 1844 1783 1804 1919 2453 2699
Lendvajakabfa 339 319 360 341 363 326 295 273 272 225 156 168 66 32 27
Mosonudvar 0 0 0 0 161 154 149 107 193 279 231 208 448 468 435
Tekenye 769 839 907 945 1049 1059 1172 1160 1133 1081 992 1012 652 550 440
